{"id": "fb60c508-e833-42b0-9ce4-188ffbb18acc", "timestamp": "2026-03-11T10:33:03.550068Z", "type": "Cross-Correlation", "inputs": {"indicators": ["patient_intake", "essential_drug_stock", "bed_occupancy", "staff_availability", "threat_score"], "max_lag": 8}, "results": {"patient_intake::essential_drug_stock": [0.07803201573840465, 0.06612780729087947, 0.05247119792636961, 0.042788136900730814, 0.027842107548179895, 0.0147471428119195, 0.005884696222252248, -0.0020366508991899305, -0.008832171055896629, -0.019960384598174643, -0.028684510492706455, -0.0375070131085586, -0.039782705873974374, -0.03785738720106964, -0.030381118062430254, -0.028498998342024916, -0.028540833767443895], "patient_intake::bed_occupancy": [0.040113223088837066, 0.04055723105537939, 0.010242202278226272, 0.0187291531264873, 0.03717236812589331, 0.036674340024997615, 0.048552517830440324, 0.019265026024634885, 0.017900072076725976, 0.017653577530523875, 0.0014141567975142876, -0.02118400520928308, -0.04387552866670721, -0.047878012451123914, -0.0487340597486466, -0.046049501105357535, -0.06118580436728983], "patient_intake::staff_availability": [-0.04251884722965388, -0.03568305121421819, -0.022414698617019273, -0.02056470818602559, -0.013297867792460354, -0.011397646692549758, -0.010337761912686339, -0.008070919429088165, -0.017493298146123763, -0.030653693814139595, -0.03377089941514938, -0.03009044965364687, -0.02403058623010902, -0.028439036762601066, -0.030069973274300298, -0.021513148055278233, -0.01729587461411133], "patient_intake::threat_score": [0.1251774291052314, 0.1363823471869822, 0.1399826895427119, 0.17186086894997182, 0.20467780202514407, 0.22117850578987225, 0.2525507127542755, 0.2824339374472469, 0.3105035898428395, 0.32521342247977597, 0.31344433222752943, 0.29876828483459555, 0.2765576617307579, 0.2677266535534483, 0.23434685901218894, 0.22025049183795484, 0.2069312914688136], "essential_drug_stock::bed_occupancy": [-0.040324028647300975, -0.03411431554329933, -0.04274538270895366, -0.03388522766068295, -0.030310038261573545, -0.022668725332996045, 0.01619079141361901, 0.02251364314381517, 0.061035068472777856, 0.06769193342044673, 0.04152023841957609, 0.07115196354356706, 0.051833154909585295, 0.03901963159917341, 0.02727232772940617, 0.034680525744949044, 0.037985223906889846], "essential_drug_stock::staff_availability": [0.030461321064004586, 0.040544797491480176, 0.04789730741364916, 0.04591560164561503, 0.03710386662360029, 0.06676713174230117, 0.05082235994555441, 0.05545782141562911, 0.061824544251816715, 0.04104776140694903, 0.047194982607021034, 0.04076476369222778, 0.04787347384609016, 0.049201946589460914, 0.05871741602255561, 0.0462754224860191, 0.02170561705747921], "essential_drug_stock::threat_score": [-0.3983061661898194, -0.42826861739704175, -0.4736465486989348, -0.5151688187946544, -0.5497168781469614, -0.5986146678940893, -0.6263000041430375, -0.6648753153978727, -0.6944707484211611, -0.6606842214135005, -0.6286108915929189, -0.5706914374993619, -0.5299760009664822, -0.49464363748841356, -0.4579845297824525, -0.4015051552547473, -0.35108075758519014], "bed_occupancy::staff_availability": [0.03266940339505034, -0.05130020410181955, -0.07919648306397929, -0.014833586020972886, 0.0651172896250865, 0.012239880585490092, -0.03843768949844542, 0.06282736283782306, 0.029928548353953595, -0.029023080149342677, -0.0613226746967506, -0.023190579271752988, -0.02467718031256998, -0.0160360247089472, 0.040858455427064864, 0.029024679458763247, 0.0515873105782304], "bed_occupancy::threat_score": [-0.03810884907907658, -0.08486210196440945, -0.02800110927910438, -0.039865222286113736, -0.06624240004832622, -0.050279013513664254, -0.07511770419023603, -0.056944141851040006, 0.1789135605066089, -0.040457391977467644, -0.011122339626315928, 0.0750831421762997, 0.0183948140905619, 0.041747945431742886, -0.00021314666133682487, 0.03400397811261987, 0.02712450325645549], "staff_availability::threat_score": [-0.04512082133196737, -0.043820228850270246, -0.05470012619874821, -0.01964942135622014, -0.04024633719359143, -0.07745721651450645, -0.0156888857566741, -0.020873360597064825, -0.17605111763459033, -0.030477242443068545, -0.04146778779666004, -0.022694946123433517, 0.051041415787752974, -0.05014660391717796, -0.06256544262154215, -0.03609176471689066, -0.03571163336914273]}}