label,cutoff,h,target,pred_yr,method,actual,ae
ETH-fed(KEN+TZA+UGA),1999,1,gdp_growth,2000,persistence,6.07321748125295,0.9110716587018297
ETH-fed(KEN+TZA+UGA),1999,1,gdp_growth,2000,arima,6.07321748125295,3.9284662111630957
ETH-fed(KEN+TZA+UGA),1999,1,gdp_growth,2000,chronos,6.07321748125295,3.062838643667501
ETH-fed(KEN+TZA+UGA),1999,1,gdp_growth,2000,xgb_blind,6.07321748125295,3.855143636343282
ETH-fed(KEN+TZA+UGA),1999,1,gdp_growth,2000,xgb_lag,6.07321748125295,3.9284662111630957
ETH-fed(KEN+TZA+UGA),1999,1,gdp_growth,2000,xgb_typed,6.07321748125295,3.9284662111630957
ETH-fed(KEN+TZA+UGA),1999,1,gdp_growth,2000,lgbm_blind,6.07321748125295,3.4160578349008177
ETH-fed(KEN+TZA+UGA),1999,1,gdp_growth,2000,lgbm_lag,6.07321748125295,3.9284662111630957
ETH-fed(KEN+TZA+UGA),1999,1,gdp_growth,2000,lgbm_typed,6.07321748125295,3.9284662111630957
ETH-fed(KEN+TZA+UGA),1999,1,gdp_growth,2000,tft,6.07321748125295,3.9284662111630957
ETH-fed(KEN+TZA+UGA),1999,1,gdp_growth,2000,tgcn,6.07321748125295,
ETH-fed(KEN+TZA+UGA),1999,1,gdp_growth,2000,persistence_scarcity,6.07321748125295,0.9110716587018297
ETH-fed(KEN+TZA+UGA),1999,1,gdp_growth,2000,chronos_scarcity,6.07321748125295,3.062838643667501
ETH-fed(KEN+TZA+UGA),1999,1,gdp_growth,2000,gnn_scarcity,6.07321748125295,3.0946043430540975
ETH-fed(KEN+TZA+UGA),1999,3,gdp_growth,2002,persistence,1.51472570667433,3.6474201158767903
ETH-fed(KEN+TZA+UGA),1999,3,gdp_growth,2002,arima,1.51472570667433,1.3165137794259865
ETH-fed(KEN+TZA+UGA),1999,3,gdp_growth,2002,chronos,1.51472570667433,1.9496001981718614
ETH-fed(KEN+TZA+UGA),1999,3,gdp_growth,2002,xgb_blind,1.51472570667433,5.494143464468248
ETH-fed(KEN+TZA+UGA),1999,3,gdp_growth,2002,xgb_lag,1.51472570667433,1.3165137794259865
ETH-fed(KEN+TZA+UGA),1999,3,gdp_growth,2002,xgb_typed,1.51472570667433,1.3165137794259865
ETH-fed(KEN+TZA+UGA),1999,3,gdp_growth,2002,lgbm_blind,1.51472570667433,4.1601881765348985
ETH-fed(KEN+TZA+UGA),1999,3,gdp_growth,2002,lgbm_lag,1.51472570667433,1.3165137794259865
ETH-fed(KEN+TZA+UGA),1999,3,gdp_growth,2002,lgbm_typed,1.51472570667433,1.3165137794259865
ETH-fed(KEN+TZA+UGA),1999,3,gdp_growth,2002,tft,1.51472570667433,1.3165137794259865
ETH-fed(KEN+TZA+UGA),1999,3,gdp_growth,2002,tgcn,1.51472570667433,
ETH-fed(KEN+TZA+UGA),1999,3,gdp_growth,2002,persistence_scarcity,1.51472570667433,3.6474201158767903
ETH-fed(KEN+TZA+UGA),1999,3,gdp_growth,2002,chronos_scarcity,1.51472570667433,1.9496001981718614
ETH-fed(KEN+TZA+UGA),1999,3,gdp_growth,2002,gnn_scarcity,1.51472570667433,2.332587697408922
ETH-fed(KEN+TZA+UGA),1999,5,gdp_growth,2004,persistence,13.5726031401471,8.41045731759598
ETH-fed(KEN+TZA+UGA),1999,5,gdp_growth,2004,arima,13.5726031401471,10.657252412049328
ETH-fed(KEN+TZA+UGA),1999,5,gdp_growth,2004,chronos,13.5726031401471,10.394979629786382
ETH-fed(KEN+TZA+UGA),1999,5,gdp_growth,2004,xgb_blind,13.5726031401471,8.686539564402471
ETH-fed(KEN+TZA+UGA),1999,5,gdp_growth,2004,xgb_lag,13.5726031401471,10.657252412049328
ETH-fed(KEN+TZA+UGA),1999,5,gdp_growth,2004,xgb_typed,13.5726031401471,10.657252412049328
ETH-fed(KEN+TZA+UGA),1999,5,gdp_growth,2004,lgbm_blind,13.5726031401471,8.894283352167974
ETH-fed(KEN+TZA+UGA),1999,5,gdp_growth,2004,lgbm_lag,13.5726031401471,10.657252412049328
ETH-fed(KEN+TZA+UGA),1999,5,gdp_growth,2004,lgbm_typed,13.5726031401471,10.657252412049328
ETH-fed(KEN+TZA+UGA),1999,5,gdp_growth,2004,tft,13.5726031401471,10.657252412049328
ETH-fed(KEN+TZA+UGA),1999,5,gdp_growth,2004,tgcn,13.5726031401471,
ETH-fed(KEN+TZA+UGA),1999,5,gdp_growth,2004,persistence_scarcity,13.5726031401471,8.41045731759598
ETH-fed(KEN+TZA+UGA),1999,5,gdp_growth,2004,chronos_scarcity,13.5726031401471,10.394979629786382
ETH-fed(KEN+TZA+UGA),1999,5,gdp_growth,2004,gnn_scarcity,13.5726031401471,8.45802966144837
ETH-fed(KEN+TZA+UGA),1999,1,inflation_cpi,2000,persistence,0.662458109266481,7.278990532106769
ETH-fed(KEN+TZA+UGA),1999,1,inflation_cpi,2000,arima,0.662458109266481,2.9397328689111255
ETH-fed(KEN+TZA+UGA),1999,1,inflation_cpi,2000,chronos,0.662458109266481,1.7730167633226304
ETH-fed(KEN+TZA+UGA),1999,1,inflation_cpi,2000,xgb_blind,0.662458109266481,8.03947765886096
ETH-fed(KEN+TZA+UGA),1999,1,inflation_cpi,2000,xgb_lag,0.662458109266481,2.9397328689111255
ETH-fed(KEN+TZA+UGA),1999,1,inflation_cpi,2000,xgb_typed,0.662458109266481,2.9397328689111255
ETH-fed(KEN+TZA+UGA),1999,1,inflation_cpi,2000,lgbm_blind,0.662458109266481,7.1326939522489035
ETH-fed(KEN+TZA+UGA),1999,1,inflation_cpi,2000,lgbm_lag,0.662458109266481,2.9397328689111255
ETH-fed(KEN+TZA+UGA),1999,1,inflation_cpi,2000,lgbm_typed,0.662458109266481,2.9397328689111255
ETH-fed(KEN+TZA+UGA),1999,1,inflation_cpi,2000,tft,0.662458109266481,2.9397328689111255
ETH-fed(KEN+TZA+UGA),1999,1,inflation_cpi,2000,tgcn,0.662458109266481,
ETH-fed(KEN+TZA+UGA),1999,1,inflation_cpi,2000,persistence_scarcity,0.662458109266481,7.278990532106769
ETH-fed(KEN+TZA+UGA),1999,1,inflation_cpi,2000,chronos_scarcity,0.662458109266481,1.7730167633226304
ETH-fed(KEN+TZA+UGA),1999,1,inflation_cpi,2000,gnn_scarcity,0.662458109266481,7.354096723192015
ETH-fed(KEN+TZA+UGA),1999,3,inflation_cpi,2002,persistence,0.6750891021708,7.26635953920245
ETH-fed(KEN+TZA+UGA),1999,3,inflation_cpi,2002,arima,0.6750891021708,3.9537380387814918
ETH-fed(KEN+TZA+UGA),1999,3,inflation_cpi,2002,chronos,0.6750891021708,0.9823860116979134
ETH-fed(KEN+TZA+UGA),1999,3,inflation_cpi,2002,xgb_blind,0.6750891021708,2.154373902895118
ETH-fed(KEN+TZA+UGA),1999,3,inflation_cpi,2002,xgb_lag,0.6750891021708,3.9537380387814918
ETH-fed(KEN+TZA+UGA),1999,3,inflation_cpi,2002,xgb_typed,0.6750891021708,3.9537380387814918
ETH-fed(KEN+TZA+UGA),1999,3,inflation_cpi,2002,lgbm_blind,0.6750891021708,2.7401002747283743
ETH-fed(KEN+TZA+UGA),1999,3,inflation_cpi,2002,lgbm_lag,0.6750891021708,3.9537380387814918
ETH-fed(KEN+TZA+UGA),1999,3,inflation_cpi,2002,lgbm_typed,0.6750891021708,3.9537380387814918
ETH-fed(KEN+TZA+UGA),1999,3,inflation_cpi,2002,tft,0.6750891021708,3.9537380387814918
ETH-fed(KEN+TZA+UGA),1999,3,inflation_cpi,2002,tgcn,0.6750891021708,
ETH-fed(KEN+TZA+UGA),1999,3,inflation_cpi,2002,persistence_scarcity,0.6750891021708,7.26635953920245
ETH-fed(KEN+TZA+UGA),1999,3,inflation_cpi,2002,chronos_scarcity,0.6750891021708,0.9823860116979134
ETH-fed(KEN+TZA+UGA),1999,3,inflation_cpi,2002,gnn_scarcity,0.6750891021708,8.68286110840049
ETH-fed(KEN+TZA+UGA),1999,5,inflation_cpi,2004,persistence,3.32737047894847,4.61407816242478
ETH-fed(KEN+TZA+UGA),1999,5,inflation_cpi,2004,arima,3.32737047894847,1.6907548751800312
ETH-fed(KEN+TZA+UGA),1999,5,inflation_cpi,2004,chronos,3.32737047894847,1.1286795876826008
ETH-fed(KEN+TZA+UGA),1999,5,inflation_cpi,2004,xgb_blind,3.32737047894847,6.498181507745866
ETH-fed(KEN+TZA+UGA),1999,5,inflation_cpi,2004,xgb_lag,3.32737047894847,1.6907548751800312
ETH-fed(KEN+TZA+UGA),1999,5,inflation_cpi,2004,xgb_typed,3.32737047894847,1.6907548751800312
ETH-fed(KEN+TZA+UGA),1999,5,inflation_cpi,2004,lgbm_blind,3.32737047894847,0.7734937332476339
ETH-fed(KEN+TZA+UGA),1999,5,inflation_cpi,2004,lgbm_lag,3.32737047894847,1.6907548751800312
ETH-fed(KEN+TZA+UGA),1999,5,inflation_cpi,2004,lgbm_typed,3.32737047894847,1.6907548751800312
ETH-fed(KEN+TZA+UGA),1999,5,inflation_cpi,2004,tft,3.32737047894847,1.6907548751800312
ETH-fed(KEN+TZA+UGA),1999,5,inflation_cpi,2004,tgcn,3.32737047894847,
ETH-fed(KEN+TZA+UGA),1999,5,inflation_cpi,2004,persistence_scarcity,3.32737047894847,4.61407816242478
ETH-fed(KEN+TZA+UGA),1999,5,inflation_cpi,2004,chronos_scarcity,3.32737047894847,1.1286795876826008
ETH-fed(KEN+TZA+UGA),1999,5,inflation_cpi,2004,gnn_scarcity,3.32737047894847,7.987408802667741
ETH-fed(KEN+TZA+UGA),1999,1,unemployment,2000,persistence,3.499,0.21499999999999986
ETH-fed(KEN+TZA+UGA),1999,1,unemployment,2000,arima,3.499,0.34364649987780105
ETH-fed(KEN+TZA+UGA),1999,1,unemployment,2000,chronos,3.499,0.3101449737548827
ETH-fed(KEN+TZA+UGA),1999,1,unemployment,2000,xgb_blind,3.499,0.1514496078491212
ETH-fed(KEN+TZA+UGA),1999,1,unemployment,2000,xgb_lag,3.499,0.34364649987780105
ETH-fed(KEN+TZA+UGA),1999,1,unemployment,2000,xgb_typed,3.499,0.34364649987780105
ETH-fed(KEN+TZA+UGA),1999,1,unemployment,2000,lgbm_blind,3.499,0.21011112170749247
ETH-fed(KEN+TZA+UGA),1999,1,unemployment,2000,lgbm_lag,3.499,0.34364649987780105
ETH-fed(KEN+TZA+UGA),1999,1,unemployment,2000,lgbm_typed,3.499,0.34364649987780105
ETH-fed(KEN+TZA+UGA),1999,1,unemployment,2000,tft,3.499,0.34364649987780105
ETH-fed(KEN+TZA+UGA),1999,1,unemployment,2000,tgcn,3.499,
ETH-fed(KEN+TZA+UGA),1999,1,unemployment,2000,persistence_scarcity,3.499,0.21499999999999986
ETH-fed(KEN+TZA+UGA),1999,1,unemployment,2000,chronos_scarcity,3.499,0.3101449737548827
ETH-fed(KEN+TZA+UGA),1999,1,unemployment,2000,gnn_scarcity,3.499,0.20176427268981945
ETH-fed(KEN+TZA+UGA),1999,3,unemployment,2002,persistence,3.054,0.6600000000000001
ETH-fed(KEN+TZA+UGA),1999,3,unemployment,2002,arima,3.054,0.8988939043156794
ETH-fed(KEN+TZA+UGA),1999,3,unemployment,2002,chronos,3.054,0.7430900535583498
ETH-fed(KEN+TZA+UGA),1999,3,unemployment,2002,xgb_blind,3.054,0.35086049652099627
ETH-fed(KEN+TZA+UGA),1999,3,unemployment,2002,xgb_lag,3.054,0.8988939043156794
ETH-fed(KEN+TZA+UGA),1999,3,unemployment,2002,xgb_typed,3.054,0.8988939043156794
ETH-fed(KEN+TZA+UGA),1999,3,unemployment,2002,lgbm_blind,3.054,0.2174285850524904
ETH-fed(KEN+TZA+UGA),1999,3,unemployment,2002,lgbm_lag,3.054,0.8988939043156794
ETH-fed(KEN+TZA+UGA),1999,3,unemployment,2002,lgbm_typed,3.054,0.8988939043156794
ETH-fed(KEN+TZA+UGA),1999,3,unemployment,2002,tft,3.054,0.8988939043156794
ETH-fed(KEN+TZA+UGA),1999,3,unemployment,2002,tgcn,3.054,
ETH-fed(KEN+TZA+UGA),1999,3,unemployment,2002,persistence_scarcity,3.054,0.6600000000000001
ETH-fed(KEN+TZA+UGA),1999,3,unemployment,2002,chronos_scarcity,3.054,0.7430900535583498
ETH-fed(KEN+TZA+UGA),1999,3,unemployment,2002,gnn_scarcity,3.054,0.2676397762298586
ETH-fed(KEN+TZA+UGA),1999,5,unemployment,2004,persistence,2.776,0.9380000000000002
ETH-fed(KEN+TZA+UGA),1999,5,unemployment,2004,arima,2.776,1.2105026636687937
ETH-fed(KEN+TZA+UGA),1999,5,unemployment,2004,chronos,2.776,0.9608178367614748
ETH-fed(KEN+TZA+UGA),1999,5,unemployment,2004,xgb_blind,2.776,0.8174488773345949
ETH-fed(KEN+TZA+UGA),1999,5,unemployment,2004,xgb_lag,2.776,1.2105026636687937
ETH-fed(KEN+TZA+UGA),1999,5,unemployment,2004,xgb_typed,2.776,1.2105026636687937
ETH-fed(KEN+TZA+UGA),1999,5,unemployment,2004,lgbm_blind,2.776,0.5336000194549562
ETH-fed(KEN+TZA+UGA),1999,5,unemployment,2004,lgbm_lag,2.776,1.2105026636687937
ETH-fed(KEN+TZA+UGA),1999,5,unemployment,2004,lgbm_typed,2.776,1.2105026636687937
ETH-fed(KEN+TZA+UGA),1999,5,unemployment,2004,tft,2.776,1.2105026636687937
ETH-fed(KEN+TZA+UGA),1999,5,unemployment,2004,tgcn,2.776,
ETH-fed(KEN+TZA+UGA),1999,5,unemployment,2004,persistence_scarcity,2.776,0.9380000000000002
ETH-fed(KEN+TZA+UGA),1999,5,unemployment,2004,chronos_scarcity,2.776,0.9608178367614748
ETH-fed(KEN+TZA+UGA),1999,5,unemployment,2004,gnn_scarcity,2.776,0.581240676879883
ETH-fed(KEN+TZA+UGA),1999,1,exports_gdp,2000,persistence,16.6868531997337,0.0
ETH-fed(KEN+TZA+UGA),1999,1,exports_gdp,2000,arima,16.6868531997337,0.0
ETH-fed(KEN+TZA+UGA),1999,1,exports_gdp,2000,chronos,16.6868531997337,0.04893282009502897
ETH-fed(KEN+TZA+UGA),1999,1,exports_gdp,2000,xgb_blind,16.6868531997337,2.090797757148266e-07
ETH-fed(KEN+TZA+UGA),1999,1,exports_gdp,2000,xgb_lag,16.6868531997337,0.0
ETH-fed(KEN+TZA+UGA),1999,1,exports_gdp,2000,xgb_typed,16.6868531997337,0.0
ETH-fed(KEN+TZA+UGA),1999,1,exports_gdp,2000,lgbm_blind,16.6868531997337,2.090797757148266e-07
ETH-fed(KEN+TZA+UGA),1999,1,exports_gdp,2000,lgbm_lag,16.6868531997337,0.0
ETH-fed(KEN+TZA+UGA),1999,1,exports_gdp,2000,lgbm_typed,16.6868531997337,0.0
ETH-fed(KEN+TZA+UGA),1999,1,exports_gdp,2000,tft,16.6868531997337,0.0
ETH-fed(KEN+TZA+UGA),1999,1,exports_gdp,2000,tgcn,16.6868531997337,
ETH-fed(KEN+TZA+UGA),1999,1,exports_gdp,2000,persistence_scarcity,16.6868531997337,0.0
ETH-fed(KEN+TZA+UGA),1999,1,exports_gdp,2000,chronos_scarcity,16.6868531997337,0.04893282009502897
ETH-fed(KEN+TZA+UGA),1999,1,exports_gdp,2000,gnn_scarcity,16.6868531997337,2.1164284085273266e-06
ETH-fed(KEN+TZA+UGA),1999,3,exports_gdp,2002,persistence,16.6868531997337,0.0
ETH-fed(KEN+TZA+UGA),1999,3,exports_gdp,2002,arima,16.6868531997337,0.0
ETH-fed(KEN+TZA+UGA),1999,3,exports_gdp,2002,chronos,16.6868531997337,0.04893282009502897
ETH-fed(KEN+TZA+UGA),1999,3,exports_gdp,2002,xgb_blind,16.6868531997337,2.090797757148266e-07
ETH-fed(KEN+TZA+UGA),1999,3,exports_gdp,2002,xgb_lag,16.6868531997337,0.0
ETH-fed(KEN+TZA+UGA),1999,3,exports_gdp,2002,xgb_typed,16.6868531997337,0.0
ETH-fed(KEN+TZA+UGA),1999,3,exports_gdp,2002,lgbm_blind,16.6868531997337,2.090797757148266e-07
ETH-fed(KEN+TZA+UGA),1999,3,exports_gdp,2002,lgbm_lag,16.6868531997337,0.0
ETH-fed(KEN+TZA+UGA),1999,3,exports_gdp,2002,lgbm_typed,16.6868531997337,0.0
ETH-fed(KEN+TZA+UGA),1999,3,exports_gdp,2002,tft,16.6868531997337,0.0
ETH-fed(KEN+TZA+UGA),1999,3,exports_gdp,2002,tgcn,16.6868531997337,
ETH-fed(KEN+TZA+UGA),1999,3,exports_gdp,2002,persistence_scarcity,16.6868531997337,0.0
ETH-fed(KEN+TZA+UGA),1999,3,exports_gdp,2002,chronos_scarcity,16.6868531997337,0.04893282009502897
ETH-fed(KEN+TZA+UGA),1999,3,exports_gdp,2002,gnn_scarcity,16.6868531997337,2.1164284085273266e-06
ETH-fed(KEN+TZA+UGA),1999,5,exports_gdp,2004,persistence,16.6868531997337,0.0
ETH-fed(KEN+TZA+UGA),1999,5,exports_gdp,2004,arima,16.6868531997337,0.0
ETH-fed(KEN+TZA+UGA),1999,5,exports_gdp,2004,chronos,16.6868531997337,0.04893282009502897
ETH-fed(KEN+TZA+UGA),1999,5,exports_gdp,2004,xgb_blind,16.6868531997337,2.090797757148266e-07
ETH-fed(KEN+TZA+UGA),1999,5,exports_gdp,2004,xgb_lag,16.6868531997337,0.0
ETH-fed(KEN+TZA+UGA),1999,5,exports_gdp,2004,xgb_typed,16.6868531997337,0.0
ETH-fed(KEN+TZA+UGA),1999,5,exports_gdp,2004,lgbm_blind,16.6868531997337,2.090797757148266e-07
ETH-fed(KEN+TZA+UGA),1999,5,exports_gdp,2004,lgbm_lag,16.6868531997337,0.0
ETH-fed(KEN+TZA+UGA),1999,5,exports_gdp,2004,lgbm_typed,16.6868531997337,0.0
ETH-fed(KEN+TZA+UGA),1999,5,exports_gdp,2004,tft,16.6868531997337,0.0
ETH-fed(KEN+TZA+UGA),1999,5,exports_gdp,2004,tgcn,16.6868531997337,
ETH-fed(KEN+TZA+UGA),1999,5,exports_gdp,2004,persistence_scarcity,16.6868531997337,0.0
ETH-fed(KEN+TZA+UGA),1999,5,exports_gdp,2004,chronos_scarcity,16.6868531997337,0.04893282009502897
ETH-fed(KEN+TZA+UGA),1999,5,exports_gdp,2004,gnn_scarcity,16.6868531997337,2.1164284085273266e-06
ETH-fed(KEN+TZA+UGA),1999,1,imports_gdp,2000,persistence,31.5460822119553,0.0
ETH-fed(KEN+TZA+UGA),1999,1,imports_gdp,2000,arima,31.5460822119553,0.0
ETH-fed(KEN+TZA+UGA),1999,1,imports_gdp,2000,chronos,31.5460822119553,0.09251089237522336
ETH-fed(KEN+TZA+UGA),1999,1,imports_gdp,2000,xgb_blind,31.5460822119553,6.689865514886151e-07
ETH-fed(KEN+TZA+UGA),1999,1,imports_gdp,2000,xgb_lag,31.5460822119553,0.0
ETH-fed(KEN+TZA+UGA),1999,1,imports_gdp,2000,xgb_typed,31.5460822119553,0.0
ETH-fed(KEN+TZA+UGA),1999,1,imports_gdp,2000,lgbm_blind,31.5460822119553,6.689865514886151e-07
ETH-fed(KEN+TZA+UGA),1999,1,imports_gdp,2000,lgbm_lag,31.5460822119553,0.0
ETH-fed(KEN+TZA+UGA),1999,1,imports_gdp,2000,lgbm_typed,31.5460822119553,0.0
ETH-fed(KEN+TZA+UGA),1999,1,imports_gdp,2000,tft,31.5460822119553,0.0
ETH-fed(KEN+TZA+UGA),1999,1,imports_gdp,2000,tgcn,31.5460822119553,
ETH-fed(KEN+TZA+UGA),1999,1,imports_gdp,2000,persistence_scarcity,31.5460822119553,0.0
ETH-fed(KEN+TZA+UGA),1999,1,imports_gdp,2000,chronos_scarcity,31.5460822119553,0.09251089237522336
ETH-fed(KEN+TZA+UGA),1999,1,imports_gdp,2000,gnn_scarcity,31.5460822119553,6.689865514886151e-07
ETH-fed(KEN+TZA+UGA),1999,3,imports_gdp,2002,persistence,31.5460822119553,0.0
ETH-fed(KEN+TZA+UGA),1999,3,imports_gdp,2002,arima,31.5460822119553,0.0
ETH-fed(KEN+TZA+UGA),1999,3,imports_gdp,2002,chronos,31.5460822119553,0.09251089237522336
ETH-fed(KEN+TZA+UGA),1999,3,imports_gdp,2002,xgb_blind,31.5460822119553,6.689865514886151e-07
ETH-fed(KEN+TZA+UGA),1999,3,imports_gdp,2002,xgb_lag,31.5460822119553,0.0
ETH-fed(KEN+TZA+UGA),1999,3,imports_gdp,2002,xgb_typed,31.5460822119553,0.0
ETH-fed(KEN+TZA+UGA),1999,3,imports_gdp,2002,lgbm_blind,31.5460822119553,6.689865514886151e-07
ETH-fed(KEN+TZA+UGA),1999,3,imports_gdp,2002,lgbm_lag,31.5460822119553,0.0
ETH-fed(KEN+TZA+UGA),1999,3,imports_gdp,2002,lgbm_typed,31.5460822119553,0.0
ETH-fed(KEN+TZA+UGA),1999,3,imports_gdp,2002,tft,31.5460822119553,0.0
ETH-fed(KEN+TZA+UGA),1999,3,imports_gdp,2002,tgcn,31.5460822119553,
ETH-fed(KEN+TZA+UGA),1999,3,imports_gdp,2002,persistence_scarcity,31.5460822119553,0.0
ETH-fed(KEN+TZA+UGA),1999,3,imports_gdp,2002,chronos_scarcity,31.5460822119553,0.09251089237522336
ETH-fed(KEN+TZA+UGA),1999,3,imports_gdp,2002,gnn_scarcity,31.5460822119553,6.689865514886151e-07
ETH-fed(KEN+TZA+UGA),1999,5,imports_gdp,2004,persistence,31.5460822119553,0.0
ETH-fed(KEN+TZA+UGA),1999,5,imports_gdp,2004,arima,31.5460822119553,0.0
ETH-fed(KEN+TZA+UGA),1999,5,imports_gdp,2004,chronos,31.5460822119553,0.09251089237522336
ETH-fed(KEN+TZA+UGA),1999,5,imports_gdp,2004,xgb_blind,31.5460822119553,6.689865514886151e-07
ETH-fed(KEN+TZA+UGA),1999,5,imports_gdp,2004,xgb_lag,31.5460822119553,0.0
ETH-fed(KEN+TZA+UGA),1999,5,imports_gdp,2004,xgb_typed,31.5460822119553,0.0
ETH-fed(KEN+TZA+UGA),1999,5,imports_gdp,2004,lgbm_blind,31.5460822119553,6.689865514886151e-07
ETH-fed(KEN+TZA+UGA),1999,5,imports_gdp,2004,lgbm_lag,31.5460822119553,0.0
ETH-fed(KEN+TZA+UGA),1999,5,imports_gdp,2004,lgbm_typed,31.5460822119553,0.0
ETH-fed(KEN+TZA+UGA),1999,5,imports_gdp,2004,tft,31.5460822119553,0.0
ETH-fed(KEN+TZA+UGA),1999,5,imports_gdp,2004,tgcn,31.5460822119553,
ETH-fed(KEN+TZA+UGA),1999,5,imports_gdp,2004,persistence_scarcity,31.5460822119553,0.0
ETH-fed(KEN+TZA+UGA),1999,5,imports_gdp,2004,chronos_scarcity,31.5460822119553,0.09251089237522336
ETH-fed(KEN+TZA+UGA),1999,5,imports_gdp,2004,gnn_scarcity,31.5460822119553,6.689865514886151e-07
ETH-fed(KEN+TZA+UGA),1999,1,current_account,2000,persistence,0.163268897783397,6.057426219928447
ETH-fed(KEN+TZA+UGA),1999,1,current_account,2000,arima,0.163268897783397,6.16844437965935
ETH-fed(KEN+TZA+UGA),1999,1,current_account,2000,chronos,0.163268897783397,4.261078689348339
ETH-fed(KEN+TZA+UGA),1999,1,current_account,2000,xgb_blind,0.163268897783397,3.610783670198558
ETH-fed(KEN+TZA+UGA),1999,1,current_account,2000,xgb_lag,0.163268897783397,6.16844437965935
ETH-fed(KEN+TZA+UGA),1999,1,current_account,2000,xgb_typed,0.163268897783397,6.16844437965935
ETH-fed(KEN+TZA+UGA),1999,1,current_account,2000,lgbm_blind,0.163268897783397,1.0796069077501413
ETH-fed(KEN+TZA+UGA),1999,1,current_account,2000,lgbm_lag,0.163268897783397,6.16844437965935
ETH-fed(KEN+TZA+UGA),1999,1,current_account,2000,lgbm_typed,0.163268897783397,6.16844437965935
ETH-fed(KEN+TZA+UGA),1999,1,current_account,2000,tft,0.163268897783397,6.16844437965935
ETH-fed(KEN+TZA+UGA),1999,1,current_account,2000,tgcn,0.163268897783397,
ETH-fed(KEN+TZA+UGA),1999,1,current_account,2000,persistence_scarcity,0.163268897783397,6.057426219928447
ETH-fed(KEN+TZA+UGA),1999,1,current_account,2000,chronos_scarcity,0.163268897783397,4.261078689348339
ETH-fed(KEN+TZA+UGA),1999,1,current_account,2000,gnn_scarcity,0.163268897783397,1.1197188236829025
ETH-fed(KEN+TZA+UGA),1999,3,current_account,2002,persistence,-1.74046524518375,4.1536920769613
ETH-fed(KEN+TZA+UGA),1999,3,current_account,2002,arima,-1.74046524518375,4.27222987161427
ETH-fed(KEN+TZA+UGA),1999,3,current_account,2002,chronos,-1.74046524518375,0.6179632758462865
ETH-fed(KEN+TZA+UGA),1999,3,current_account,2002,xgb_blind,-1.74046524518375,0.020036258760647074
ETH-fed(KEN+TZA+UGA),1999,3,current_account,2002,xgb_lag,-1.74046524518375,4.27222987161427
ETH-fed(KEN+TZA+UGA),1999,3,current_account,2002,xgb_typed,-1.74046524518375,4.27222987161427
ETH-fed(KEN+TZA+UGA),1999,3,current_account,2002,lgbm_blind,-1.74046524518375,0.614923937087273
ETH-fed(KEN+TZA+UGA),1999,3,current_account,2002,lgbm_lag,-1.74046524518375,4.27222987161427
ETH-fed(KEN+TZA+UGA),1999,3,current_account,2002,lgbm_typed,-1.74046524518375,4.27222987161427
ETH-fed(KEN+TZA+UGA),1999,3,current_account,2002,tft,-1.74046524518375,4.27222987161427
ETH-fed(KEN+TZA+UGA),1999,3,current_account,2002,tgcn,-1.74046524518375,
ETH-fed(KEN+TZA+UGA),1999,3,current_account,2002,persistence_scarcity,-1.74046524518375,4.1536920769613
ETH-fed(KEN+TZA+UGA),1999,3,current_account,2002,chronos_scarcity,-1.74046524518375,0.6179632758462865
ETH-fed(KEN+TZA+UGA),1999,3,current_account,2002,gnn_scarcity,-1.74046524518375,1.07033368104343
ETH-fed(KEN+TZA+UGA),1999,5,current_account,2004,persistence,-6.59189372254429,0.6977364003992399
ETH-fed(KEN+TZA+UGA),1999,5,current_account,2004,arima,-6.59189372254429,0.5791681140551468
ETH-fed(KEN+TZA+UGA),1999,5,current_account,2004,chronos,-6.59189372254429,6.159121324549295
ETH-fed(KEN+TZA+UGA),1999,5,current_account,2004,xgb_blind,-6.59189372254429,1.4938288230997099
ETH-fed(KEN+TZA+UGA),1999,5,current_account,2004,xgb_lag,-6.59189372254429,0.5791681140551468
ETH-fed(KEN+TZA+UGA),1999,5,current_account,2004,xgb_typed,-6.59189372254429,0.5791681140551468
ETH-fed(KEN+TZA+UGA),1999,5,current_account,2004,lgbm_blind,-6.59189372254429,4.7733684260946285
ETH-fed(KEN+TZA+UGA),1999,5,current_account,2004,lgbm_lag,-6.59189372254429,0.5791681140551468
ETH-fed(KEN+TZA+UGA),1999,5,current_account,2004,lgbm_typed,-6.59189372254429,0.5791681140551468
ETH-fed(KEN+TZA+UGA),1999,5,current_account,2004,tft,-6.59189372254429,0.5791681140551468
ETH-fed(KEN+TZA+UGA),1999,5,current_account,2004,tgcn,-6.59189372254429,
ETH-fed(KEN+TZA+UGA),1999,5,current_account,2004,persistence_scarcity,-6.59189372254429,0.6977364003992399
ETH-fed(KEN+TZA+UGA),1999,5,current_account,2004,chronos_scarcity,-6.59189372254429,6.159121324549295
ETH-fed(KEN+TZA+UGA),1999,5,current_account,2004,gnn_scarcity,-6.59189372254429,6.339443494806863
ETH-fed(KEN+TZA+UGA),1999,1,real_interest_rate,2000,persistence,3.83114861098858,4.346038733205161
ETH-fed(KEN+TZA+UGA),1999,1,real_interest_rate,2000,arima,3.83114861098858,5.365735511371836
ETH-fed(KEN+TZA+UGA),1999,1,real_interest_rate,2000,chronos,3.83114861098858,4.120004190525092
ETH-fed(KEN+TZA+UGA),1999,1,real_interest_rate,2000,xgb_blind,3.83114861098858,5.271703256687202
ETH-fed(KEN+TZA+UGA),1999,1,real_interest_rate,2000,xgb_lag,3.83114861098858,5.365735511371836
ETH-fed(KEN+TZA+UGA),1999,1,real_interest_rate,2000,xgb_typed,3.83114861098858,5.365735511371836
ETH-fed(KEN+TZA+UGA),1999,1,real_interest_rate,2000,lgbm_blind,3.83114861098858,0.5010201138132255
ETH-fed(KEN+TZA+UGA),1999,1,real_interest_rate,2000,lgbm_lag,3.83114861098858,5.365735511371836
ETH-fed(KEN+TZA+UGA),1999,1,real_interest_rate,2000,lgbm_typed,3.83114861098858,5.365735511371836
ETH-fed(KEN+TZA+UGA),1999,1,real_interest_rate,2000,tft,3.83114861098858,5.365735511371836
ETH-fed(KEN+TZA+UGA),1999,1,real_interest_rate,2000,tgcn,3.83114861098858,
ETH-fed(KEN+TZA+UGA),1999,1,real_interest_rate,2000,persistence_scarcity,3.83114861098858,4.346038733205161
ETH-fed(KEN+TZA+UGA),1999,1,real_interest_rate,2000,chronos_scarcity,3.83114861098858,4.120004190525092
ETH-fed(KEN+TZA+UGA),1999,1,real_interest_rate,2000,gnn_scarcity,3.83114861098858,0.6805596485939396
ETH-fed(KEN+TZA+UGA),1999,3,real_interest_rate,2002,persistence,12.7439479028674,4.566760558673661
ETH-fed(KEN+TZA+UGA),1999,3,real_interest_rate,2002,arima,12.7439479028674,3.7936706061760734
ETH-fed(KEN+TZA+UGA),1999,3,real_interest_rate,2002,chronos,12.7439479028674,4.73660270328244
ETH-fed(KEN+TZA+UGA),1999,3,real_interest_rate,2002,xgb_blind,12.7439479028674,11.321558991620147
ETH-fed(KEN+TZA+UGA),1999,3,real_interest_rate,2002,xgb_lag,12.7439479028674,3.7936706061760734
ETH-fed(KEN+TZA+UGA),1999,3,real_interest_rate,2002,xgb_typed,12.7439479028674,3.7936706061760734
ETH-fed(KEN+TZA+UGA),1999,3,real_interest_rate,2002,lgbm_blind,12.7439479028674,4.6730155997112295
ETH-fed(KEN+TZA+UGA),1999,3,real_interest_rate,2002,lgbm_lag,12.7439479028674,3.7936706061760734
ETH-fed(KEN+TZA+UGA),1999,3,real_interest_rate,2002,lgbm_typed,12.7439479028674,3.7936706061760734
ETH-fed(KEN+TZA+UGA),1999,3,real_interest_rate,2002,tft,12.7439479028674,3.7936706061760734
ETH-fed(KEN+TZA+UGA),1999,3,real_interest_rate,2002,tgcn,12.7439479028674,
ETH-fed(KEN+TZA+UGA),1999,3,real_interest_rate,2002,persistence_scarcity,12.7439479028674,4.566760558673661
ETH-fed(KEN+TZA+UGA),1999,3,real_interest_rate,2002,chronos_scarcity,12.7439479028674,4.73660270328244
ETH-fed(KEN+TZA+UGA),1999,3,real_interest_rate,2002,gnn_scarcity,12.7439479028674,7.269597927281463
ETH-fed(KEN+TZA+UGA),1999,5,real_interest_rate,2004,persistence,2.97237710473646,5.20481023945728
ETH-fed(KEN+TZA+UGA),1999,5,real_interest_rate,2004,arima,2.97237710473646,5.936509156588936
ETH-fed(KEN+TZA+UGA),1999,5,real_interest_rate,2004,chronos,2.97237710473646,4.079703049682485
ETH-fed(KEN+TZA+UGA),1999,5,real_interest_rate,2004,xgb_blind,2.97237710473646,3.2034880686033835
ETH-fed(KEN+TZA+UGA),1999,5,real_interest_rate,2004,xgb_lag,2.97237710473646,5.936509156588936
ETH-fed(KEN+TZA+UGA),1999,5,real_interest_rate,2004,xgb_typed,2.97237710473646,5.936509156588936
ETH-fed(KEN+TZA+UGA),1999,5,real_interest_rate,2004,lgbm_blind,2.97237710473646,6.001493315719473
ETH-fed(KEN+TZA+UGA),1999,5,real_interest_rate,2004,lgbm_lag,2.97237710473646,5.936509156588936
ETH-fed(KEN+TZA+UGA),1999,5,real_interest_rate,2004,lgbm_typed,2.97237710473646,5.936509156588936
ETH-fed(KEN+TZA+UGA),1999,5,real_interest_rate,2004,tft,2.97237710473646,5.936509156588936
ETH-fed(KEN+TZA+UGA),1999,5,real_interest_rate,2004,tgcn,2.97237710473646,
ETH-fed(KEN+TZA+UGA),1999,5,real_interest_rate,2004,persistence_scarcity,2.97237710473646,5.20481023945728
ETH-fed(KEN+TZA+UGA),1999,5,real_interest_rate,2004,chronos_scarcity,2.97237710473646,4.079703049682485
ETH-fed(KEN+TZA+UGA),1999,5,real_interest_rate,2004,gnn_scarcity,2.97237710473646,3.906275944732534
ETH-fed(KEN+TZA+UGA),1999,1,broad_money,2000,persistence,34.5854779120504,0.06494190650469989
ETH-fed(KEN+TZA+UGA),1999,1,broad_money,2000,arima,34.5854779120504,0.7733007105817435
ETH-fed(KEN+TZA+UGA),1999,1,broad_money,2000,chronos,34.5854779120504,0.06846038140663069
ETH-fed(KEN+TZA+UGA),1999,1,broad_money,2000,xgb_blind,34.5854779120504,4.780090415102158
ETH-fed(KEN+TZA+UGA),1999,1,broad_money,2000,xgb_lag,34.5854779120504,0.7733007105817435
ETH-fed(KEN+TZA+UGA),1999,1,broad_money,2000,xgb_typed,34.5854779120504,0.7733007105817435
ETH-fed(KEN+TZA+UGA),1999,1,broad_money,2000,lgbm_blind,34.5854779120504,4.107881417163789
ETH-fed(KEN+TZA+UGA),1999,1,broad_money,2000,lgbm_lag,34.5854779120504,0.7733007105817435
ETH-fed(KEN+TZA+UGA),1999,1,broad_money,2000,lgbm_typed,34.5854779120504,0.7733007105817435
ETH-fed(KEN+TZA+UGA),1999,1,broad_money,2000,tft,34.5854779120504,0.7733007105817435
ETH-fed(KEN+TZA+UGA),1999,1,broad_money,2000,tgcn,34.5854779120504,
ETH-fed(KEN+TZA+UGA),1999,1,broad_money,2000,persistence_scarcity,34.5854779120504,0.06494190650469989
ETH-fed(KEN+TZA+UGA),1999,1,broad_money,2000,chronos_scarcity,34.5854779120504,0.06846038140663069
ETH-fed(KEN+TZA+UGA),1999,1,broad_money,2000,gnn_scarcity,34.5854779120504,4.270864569765244
ETH-fed(KEN+TZA+UGA),1999,3,broad_money,2002,persistence,44.036796941287,9.3863771227319
ETH-fed(KEN+TZA+UGA),1999,3,broad_money,2002,arima,44.036796941287,10.01775876393345
ETH-fed(KEN+TZA+UGA),1999,3,broad_money,2002,chronos,44.036796941287,10.49000967932411
ETH-fed(KEN+TZA+UGA),1999,3,broad_money,2002,xgb_blind,44.036796941287,15.940531148440321
ETH-fed(KEN+TZA+UGA),1999,3,broad_money,2002,xgb_lag,44.036796941287,10.01775876393345
ETH-fed(KEN+TZA+UGA),1999,3,broad_money,2002,xgb_typed,44.036796941287,10.01775876393345
ETH-fed(KEN+TZA+UGA),1999,3,broad_money,2002,lgbm_blind,44.036796941287,13.53994897114191
ETH-fed(KEN+TZA+UGA),1999,3,broad_money,2002,lgbm_lag,44.036796941287,10.01775876393345
ETH-fed(KEN+TZA+UGA),1999,3,broad_money,2002,lgbm_typed,44.036796941287,10.01775876393345
ETH-fed(KEN+TZA+UGA),1999,3,broad_money,2002,tft,44.036796941287,10.01775876393345
ETH-fed(KEN+TZA+UGA),1999,3,broad_money,2002,tgcn,44.036796941287,
ETH-fed(KEN+TZA+UGA),1999,3,broad_money,2002,persistence_scarcity,44.036796941287,9.3863771227319
ETH-fed(KEN+TZA+UGA),1999,3,broad_money,2002,chronos_scarcity,44.036796941287,10.49000967932411
ETH-fed(KEN+TZA+UGA),1999,3,broad_money,2002,gnn_scarcity,44.036796941287,13.414398564822157
ETH-fed(KEN+TZA+UGA),1999,5,broad_money,2004,persistence,45.3530821708908,10.7026623523357
ETH-fed(KEN+TZA+UGA),1999,5,broad_money,2004,arima,45.3530821708908,11.293402027781148
ETH-fed(KEN+TZA+UGA),1999,5,broad_money,2004,chronos,45.3530821708908,12.359879961418144
ETH-fed(KEN+TZA+UGA),1999,5,broad_money,2004,xgb_blind,45.3530821708908,11.580110063957207
ETH-fed(KEN+TZA+UGA),1999,5,broad_money,2004,xgb_lag,45.3530821708908,11.293402027781148
ETH-fed(KEN+TZA+UGA),1999,5,broad_money,2004,xgb_typed,45.3530821708908,11.293402027781148
ETH-fed(KEN+TZA+UGA),1999,5,broad_money,2004,lgbm_blind,45.3530821708908,14.286233797477713
ETH-fed(KEN+TZA+UGA),1999,5,broad_money,2004,lgbm_lag,45.3530821708908,11.293402027781148
ETH-fed(KEN+TZA+UGA),1999,5,broad_money,2004,lgbm_typed,45.3530821708908,11.293402027781148
ETH-fed(KEN+TZA+UGA),1999,5,broad_money,2004,tft,45.3530821708908,11.293402027781148
ETH-fed(KEN+TZA+UGA),1999,5,broad_money,2004,tgcn,45.3530821708908,
ETH-fed(KEN+TZA+UGA),1999,5,broad_money,2004,persistence_scarcity,45.3530821708908,10.7026623523357
ETH-fed(KEN+TZA+UGA),1999,5,broad_money,2004,chronos_scarcity,45.3530821708908,12.359879961418144
ETH-fed(KEN+TZA+UGA),1999,5,broad_money,2004,gnn_scarcity,45.3530821708908,14.281690111564629
ETH-fed(KEN+TZA+UGA),1999,1,private_credit,2000,persistence,17.6238640309735,1.2958678639507006
ETH-fed(KEN+TZA+UGA),1999,1,private_credit,2000,arima,17.6238640309735,4.05297549371037
ETH-fed(KEN+TZA+UGA),1999,1,private_credit,2000,chronos,17.6238640309735,2.432570600374156
ETH-fed(KEN+TZA+UGA),1999,1,private_credit,2000,xgb_blind,17.6238640309735,7.116988039152211
ETH-fed(KEN+TZA+UGA),1999,1,private_credit,2000,xgb_lag,17.6238640309735,4.05297549371037
ETH-fed(KEN+TZA+UGA),1999,1,private_credit,2000,xgb_typed,17.6238640309735,4.05297549371037
ETH-fed(KEN+TZA+UGA),1999,1,private_credit,2000,lgbm_blind,17.6238640309735,8.766480263209727
ETH-fed(KEN+TZA+UGA),1999,1,private_credit,2000,lgbm_lag,17.6238640309735,4.05297549371037
ETH-fed(KEN+TZA+UGA),1999,1,private_credit,2000,lgbm_typed,17.6238640309735,4.05297549371037
ETH-fed(KEN+TZA+UGA),1999,1,private_credit,2000,tft,17.6238640309735,4.05297549371037
ETH-fed(KEN+TZA+UGA),1999,1,private_credit,2000,tgcn,17.6238640309735,
ETH-fed(KEN+TZA+UGA),1999,1,private_credit,2000,persistence_scarcity,17.6238640309735,1.2958678639507006
ETH-fed(KEN+TZA+UGA),1999,1,private_credit,2000,chronos_scarcity,17.6238640309735,2.432570600374156
ETH-fed(KEN+TZA+UGA),1999,1,private_credit,2000,gnn_scarcity,17.6238640309735,9.216398096220082
ETH-fed(KEN+TZA+UGA),1999,3,private_credit,2002,persistence,17.978117689976,0.9416142049482019
ETH-fed(KEN+TZA+UGA),1999,3,private_credit,2002,arima,17.978117689976,8.212873086391443
ETH-fed(KEN+TZA+UGA),1999,3,private_credit,2002,chronos,17.978117689976,1.9591152812154071
ETH-fed(KEN+TZA+UGA),1999,3,private_credit,2002,xgb_blind,17.978117689976,6.744809851536058
ETH-fed(KEN+TZA+UGA),1999,3,private_credit,2002,xgb_lag,17.978117689976,8.212873086391443
ETH-fed(KEN+TZA+UGA),1999,3,private_credit,2002,xgb_typed,17.978117689976,8.212873086391443
ETH-fed(KEN+TZA+UGA),1999,3,private_credit,2002,lgbm_blind,17.978117689976,7.091488925959711
ETH-fed(KEN+TZA+UGA),1999,3,private_credit,2002,lgbm_lag,17.978117689976,8.212873086391443
ETH-fed(KEN+TZA+UGA),1999,3,private_credit,2002,lgbm_typed,17.978117689976,8.212873086391443
ETH-fed(KEN+TZA+UGA),1999,3,private_credit,2002,tft,17.978117689976,8.212873086391443
ETH-fed(KEN+TZA+UGA),1999,3,private_credit,2002,tgcn,17.978117689976,
ETH-fed(KEN+TZA+UGA),1999,3,private_credit,2002,persistence_scarcity,17.978117689976,0.9416142049482019
ETH-fed(KEN+TZA+UGA),1999,3,private_credit,2002,chronos_scarcity,17.978117689976,1.9591152812154071
ETH-fed(KEN+TZA+UGA),1999,3,private_credit,2002,gnn_scarcity,17.978117689976,8.803916678318284
ETH-fed(KEN+TZA+UGA),1999,5,private_credit,2004,persistence,16.5291865259117,2.3905453690125
ETH-fed(KEN+TZA+UGA),1999,5,private_credit,2004,arima,16.5291865259117,13.108338573186685
ETH-fed(KEN+TZA+UGA),1999,5,private_credit,2004,chronos,16.5291865259117,0.845111569791424
ETH-fed(KEN+TZA+UGA),1999,5,private_credit,2004,xgb_blind,16.5291865259117,5.147362986177814
ETH-fed(KEN+TZA+UGA),1999,5,private_credit,2004,xgb_lag,16.5291865259117,13.108338573186685
ETH-fed(KEN+TZA+UGA),1999,5,private_credit,2004,xgb_typed,16.5291865259117,13.108338573186685
ETH-fed(KEN+TZA+UGA),1999,5,private_credit,2004,lgbm_blind,16.5291865259117,2.9543111711448553
ETH-fed(KEN+TZA+UGA),1999,5,private_credit,2004,lgbm_lag,16.5291865259117,13.108338573186685
ETH-fed(KEN+TZA+UGA),1999,5,private_credit,2004,lgbm_typed,16.5291865259117,13.108338573186685
ETH-fed(KEN+TZA+UGA),1999,5,private_credit,2004,tft,16.5291865259117,13.108338573186685
ETH-fed(KEN+TZA+UGA),1999,5,private_credit,2004,tgcn,16.5291865259117,
ETH-fed(KEN+TZA+UGA),1999,5,private_credit,2004,persistence_scarcity,16.5291865259117,2.3905453690125
ETH-fed(KEN+TZA+UGA),1999,5,private_credit,2004,chronos_scarcity,16.5291865259117,0.845111569791424
ETH-fed(KEN+TZA+UGA),1999,5,private_credit,2004,gnn_scarcity,16.5291865259117,6.236471453279865
ETH-fed(KEN+TZA+UGA),1999,1,govt_consumption,2000,persistence,10.3182460672537,0.0
ETH-fed(KEN+TZA+UGA),1999,1,govt_consumption,2000,arima,10.3182460672537,0.0
ETH-fed(KEN+TZA+UGA),1999,1,govt_consumption,2000,chronos,10.3182460672537,0.030259311882606
ETH-fed(KEN+TZA+UGA),1999,1,govt_consumption,2000,xgb_blind,10.3182460672537,1.7949735209299433e-07
ETH-fed(KEN+TZA+UGA),1999,1,govt_consumption,2000,xgb_lag,10.3182460672537,0.0
ETH-fed(KEN+TZA+UGA),1999,1,govt_consumption,2000,xgb_typed,10.3182460672537,0.0
ETH-fed(KEN+TZA+UGA),1999,1,govt_consumption,2000,lgbm_blind,10.3182460672537,1.7949735209299433e-07
ETH-fed(KEN+TZA+UGA),1999,1,govt_consumption,2000,lgbm_lag,10.3182460672537,0.0
ETH-fed(KEN+TZA+UGA),1999,1,govt_consumption,2000,lgbm_typed,10.3182460672537,0.0
ETH-fed(KEN+TZA+UGA),1999,1,govt_consumption,2000,tft,10.3182460672537,0.0
ETH-fed(KEN+TZA+UGA),1999,1,govt_consumption,2000,tgcn,10.3182460672537,
ETH-fed(KEN+TZA+UGA),1999,1,govt_consumption,2000,persistence_scarcity,10.3182460672537,0.0
ETH-fed(KEN+TZA+UGA),1999,1,govt_consumption,2000,chronos_scarcity,10.3182460672537,0.030259311882606
ETH-fed(KEN+TZA+UGA),1999,1,govt_consumption,2000,gnn_scarcity,10.3182460672537,1.7949735209299433e-07
ETH-fed(KEN+TZA+UGA),1999,3,govt_consumption,2002,persistence,10.3182460672537,0.0
ETH-fed(KEN+TZA+UGA),1999,3,govt_consumption,2002,arima,10.3182460672537,0.0
ETH-fed(KEN+TZA+UGA),1999,3,govt_consumption,2002,chronos,10.3182460672537,0.030259311882606
ETH-fed(KEN+TZA+UGA),1999,3,govt_consumption,2002,xgb_blind,10.3182460672537,1.7949735209299433e-07
ETH-fed(KEN+TZA+UGA),1999,3,govt_consumption,2002,xgb_lag,10.3182460672537,0.0
ETH-fed(KEN+TZA+UGA),1999,3,govt_consumption,2002,xgb_typed,10.3182460672537,0.0
ETH-fed(KEN+TZA+UGA),1999,3,govt_consumption,2002,lgbm_blind,10.3182460672537,1.7949735209299433e-07
ETH-fed(KEN+TZA+UGA),1999,3,govt_consumption,2002,lgbm_lag,10.3182460672537,0.0
ETH-fed(KEN+TZA+UGA),1999,3,govt_consumption,2002,lgbm_typed,10.3182460672537,0.0
ETH-fed(KEN+TZA+UGA),1999,3,govt_consumption,2002,tft,10.3182460672537,0.0
ETH-fed(KEN+TZA+UGA),1999,3,govt_consumption,2002,tgcn,10.3182460672537,
ETH-fed(KEN+TZA+UGA),1999,3,govt_consumption,2002,persistence_scarcity,10.3182460672537,0.0
ETH-fed(KEN+TZA+UGA),1999,3,govt_consumption,2002,chronos_scarcity,10.3182460672537,0.030259311882606
ETH-fed(KEN+TZA+UGA),1999,3,govt_consumption,2002,gnn_scarcity,10.3182460672537,1.7949735209299433e-07
ETH-fed(KEN+TZA+UGA),1999,5,govt_consumption,2004,persistence,10.3182460672537,0.0
ETH-fed(KEN+TZA+UGA),1999,5,govt_consumption,2004,arima,10.3182460672537,0.0
ETH-fed(KEN+TZA+UGA),1999,5,govt_consumption,2004,chronos,10.3182460672537,0.030259311882606
ETH-fed(KEN+TZA+UGA),1999,5,govt_consumption,2004,xgb_blind,10.3182460672537,1.7949735209299433e-07
ETH-fed(KEN+TZA+UGA),1999,5,govt_consumption,2004,xgb_lag,10.3182460672537,0.0
ETH-fed(KEN+TZA+UGA),1999,5,govt_consumption,2004,xgb_typed,10.3182460672537,0.0
ETH-fed(KEN+TZA+UGA),1999,5,govt_consumption,2004,lgbm_blind,10.3182460672537,1.7949735209299433e-07
ETH-fed(KEN+TZA+UGA),1999,5,govt_consumption,2004,lgbm_lag,10.3182460672537,0.0
ETH-fed(KEN+TZA+UGA),1999,5,govt_consumption,2004,lgbm_typed,10.3182460672537,0.0
ETH-fed(KEN+TZA+UGA),1999,5,govt_consumption,2004,tft,10.3182460672537,0.0
ETH-fed(KEN+TZA+UGA),1999,5,govt_consumption,2004,tgcn,10.3182460672537,
ETH-fed(KEN+TZA+UGA),1999,5,govt_consumption,2004,persistence_scarcity,10.3182460672537,0.0
ETH-fed(KEN+TZA+UGA),1999,5,govt_consumption,2004,chronos_scarcity,10.3182460672537,0.030259311882606
ETH-fed(KEN+TZA+UGA),1999,5,govt_consumption,2004,gnn_scarcity,10.3182460672537,1.7949735209299433e-07
ETH-fed(KEN+TZA+UGA),2000,1,gdp_growth,2001,persistence,8.30130632267965,2.2280888414267004
ETH-fed(KEN+TZA+UGA),2000,1,gdp_growth,2001,arima,8.30130632267965,2.517208103038368
ETH-fed(KEN+TZA+UGA),2000,1,gdp_growth,2001,chronos,8.30130632267965,4.858458593950402
ETH-fed(KEN+TZA+UGA),2000,1,gdp_growth,2001,xgb_blind,8.30130632267965,3.4884172235585567
ETH-fed(KEN+TZA+UGA),2000,1,gdp_growth,2001,xgb_lag,8.30130632267965,2.517208103038368
ETH-fed(KEN+TZA+UGA),2000,1,gdp_growth,2001,xgb_typed,8.30130632267965,2.517208103038368
ETH-fed(KEN+TZA+UGA),2000,1,gdp_growth,2001,lgbm_blind,8.30130632267965,5.302540901765954
ETH-fed(KEN+TZA+UGA),2000,1,gdp_growth,2001,lgbm_lag,8.30130632267965,2.517208103038368
ETH-fed(KEN+TZA+UGA),2000,1,gdp_growth,2001,lgbm_typed,8.30130632267965,2.517208103038368
ETH-fed(KEN+TZA+UGA),2000,1,gdp_growth,2001,tft,8.30130632267965,0.27358873234761916
ETH-fed(KEN+TZA+UGA),2000,1,gdp_growth,2001,tgcn,8.30130632267965,
ETH-fed(KEN+TZA+UGA),2000,1,gdp_growth,2001,persistence_scarcity,8.30130632267965,2.2280888414267004
ETH-fed(KEN+TZA+UGA),2000,1,gdp_growth,2001,chronos_scarcity,8.30130632267965,4.858458593950402
ETH-fed(KEN+TZA+UGA),2000,1,gdp_growth,2001,gnn_scarcity,8.30130632267965,1.8509770189381953
ETH-fed(KEN+TZA+UGA),2000,3,gdp_growth,2003,persistence,-2.16135972256865,8.2345772038216
ETH-fed(KEN+TZA+UGA),2000,3,gdp_growth,2003,arima,-2.16135972256865,8.008091361901574
ETH-fed(KEN+TZA+UGA),2000,3,gdp_growth,2003,chronos,-2.16135972256865,5.580461914493698
ETH-fed(KEN+TZA+UGA),2000,3,gdp_growth,2003,xgb_blind,-2.16135972256865,8.232559139682907
ETH-fed(KEN+TZA+UGA),2000,3,gdp_growth,2003,xgb_lag,-2.16135972256865,8.008091361901574
ETH-fed(KEN+TZA+UGA),2000,3,gdp_growth,2003,xgb_typed,-2.16135972256865,8.008091361901574
ETH-fed(KEN+TZA+UGA),2000,3,gdp_growth,2003,lgbm_blind,-2.16135972256865,7.886061544372696
ETH-fed(KEN+TZA+UGA),2000,3,gdp_growth,2003,lgbm_lag,-2.16135972256865,8.008091361901574
ETH-fed(KEN+TZA+UGA),2000,3,gdp_growth,2003,lgbm_typed,-2.16135972256865,8.008091361901574
ETH-fed(KEN+TZA+UGA),2000,3,gdp_growth,2003,tft,-2.16135972256865,12.990271503879685
ETH-fed(KEN+TZA+UGA),2000,3,gdp_growth,2003,tgcn,-2.16135972256865,
ETH-fed(KEN+TZA+UGA),2000,3,gdp_growth,2003,persistence_scarcity,-2.16135972256865,8.2345772038216
ETH-fed(KEN+TZA+UGA),2000,3,gdp_growth,2003,chronos_scarcity,-2.16135972256865,5.580461914493698
ETH-fed(KEN+TZA+UGA),2000,3,gdp_growth,2003,gnn_scarcity,-2.16135972256865,6.243332798435349
ETH-fed(KEN+TZA+UGA),2000,5,gdp_growth,2005,persistence,11.8187659491625,5.7455484679095505
ETH-fed(KEN+TZA+UGA),2000,5,gdp_growth,2005,arima,11.8187659491625,5.965726841154123
ETH-fed(KEN+TZA+UGA),2000,5,gdp_growth,2005,chronos,11.8187659491625,8.399660657795923
ETH-fed(KEN+TZA+UGA),2000,5,gdp_growth,2005,xgb_blind,11.8187659491625,9.218455861958521
ETH-fed(KEN+TZA+UGA),2000,5,gdp_growth,2005,xgb_lag,11.8187659491625,5.965726841154123
ETH-fed(KEN+TZA+UGA),2000,5,gdp_growth,2005,xgb_typed,11.8187659491625,5.965726841154123
ETH-fed(KEN+TZA+UGA),2000,5,gdp_growth,2005,lgbm_blind,11.8187659491625,6.907963227185267
ETH-fed(KEN+TZA+UGA),2000,5,gdp_growth,2005,lgbm_lag,11.8187659491625,5.965726841154123
ETH-fed(KEN+TZA+UGA),2000,5,gdp_growth,2005,lgbm_typed,11.8187659491625,5.965726841154123
ETH-fed(KEN+TZA+UGA),2000,5,gdp_growth,2005,tft,11.8187659491625,1.6049229393873041
ETH-fed(KEN+TZA+UGA),2000,5,gdp_growth,2005,tgcn,11.8187659491625,
ETH-fed(KEN+TZA+UGA),2000,5,gdp_growth,2005,persistence_scarcity,11.8187659491625,5.7455484679095505
ETH-fed(KEN+TZA+UGA),2000,5,gdp_growth,2005,chronos_scarcity,11.8187659491625,8.399660657795923
ETH-fed(KEN+TZA+UGA),2000,5,gdp_growth,2005,gnn_scarcity,11.8187659491625,6.948108028325098
ETH-fed(KEN+TZA+UGA),2000,1,inflation_cpi,2001,persistence,-8.23784453391136,8.900302643177842
ETH-fed(KEN+TZA+UGA),2000,1,inflation_cpi,2001,arima,-8.23784453391136,13.534135843896422
ETH-fed(KEN+TZA+UGA),2000,1,inflation_cpi,2001,chronos,-8.23784453391136,9.10505474328102
ETH-fed(KEN+TZA+UGA),2000,1,inflation_cpi,2001,xgb_blind,-8.23784453391136,7.638173348894728
ETH-fed(KEN+TZA+UGA),2000,1,inflation_cpi,2001,xgb_lag,-8.23784453391136,13.534135843896422
ETH-fed(KEN+TZA+UGA),2000,1,inflation_cpi,2001,xgb_typed,-8.23784453391136,13.534135843896422
ETH-fed(KEN+TZA+UGA),2000,1,inflation_cpi,2001,lgbm_blind,-8.23784453391136,15.319727201452864
ETH-fed(KEN+TZA+UGA),2000,1,inflation_cpi,2001,lgbm_lag,-8.23784453391136,13.534135843896422
ETH-fed(KEN+TZA+UGA),2000,1,inflation_cpi,2001,lgbm_typed,-8.23784453391136,13.534135843896422
ETH-fed(KEN+TZA+UGA),2000,1,inflation_cpi,2001,tft,-8.23784453391136,9.792831726065291
ETH-fed(KEN+TZA+UGA),2000,1,inflation_cpi,2001,tgcn,-8.23784453391136,
ETH-fed(KEN+TZA+UGA),2000,1,inflation_cpi,2001,persistence_scarcity,-8.23784453391136,8.900302643177842
ETH-fed(KEN+TZA+UGA),2000,1,inflation_cpi,2001,chronos_scarcity,-8.23784453391136,9.10505474328102
ETH-fed(KEN+TZA+UGA),2000,1,inflation_cpi,2001,gnn_scarcity,-8.23784453391136,20.55222327231468
ETH-fed(KEN+TZA+UGA),2000,3,inflation_cpi,2003,persistence,13.6740452028271,13.01158709356062
ETH-fed(KEN+TZA+UGA),2000,3,inflation_cpi,2003,arima,13.6740452028271,9.449742064468401
ETH-fed(KEN+TZA+UGA),2000,3,inflation_cpi,2003,chronos,13.6740452028271,12.651978848075514
ETH-fed(KEN+TZA+UGA),2000,3,inflation_cpi,2003,xgb_blind,13.6740452028271,13.224676368331556
ETH-fed(KEN+TZA+UGA),2000,3,inflation_cpi,2003,xgb_lag,13.6740452028271,9.449742064468401
ETH-fed(KEN+TZA+UGA),2000,3,inflation_cpi,2003,xgb_typed,13.6740452028271,9.449742064468401
ETH-fed(KEN+TZA+UGA),2000,3,inflation_cpi,2003,lgbm_blind,13.6740452028271,10.60294723281825
ETH-fed(KEN+TZA+UGA),2000,3,inflation_cpi,2003,lgbm_lag,13.6740452028271,9.449742064468401
ETH-fed(KEN+TZA+UGA),2000,3,inflation_cpi,2003,lgbm_typed,13.6740452028271,9.449742064468401
ETH-fed(KEN+TZA+UGA),2000,3,inflation_cpi,2003,tft,13.6740452028271,11.639948723411207
ETH-fed(KEN+TZA+UGA),2000,3,inflation_cpi,2003,tgcn,13.6740452028271,
ETH-fed(KEN+TZA+UGA),2000,3,inflation_cpi,2003,persistence_scarcity,13.6740452028271,13.01158709356062
ETH-fed(KEN+TZA+UGA),2000,3,inflation_cpi,2003,chronos_scarcity,13.6740452028271,12.651978848075514
ETH-fed(KEN+TZA+UGA),2000,3,inflation_cpi,2003,gnn_scarcity,13.6740452028271,5.043971655463819
ETH-fed(KEN+TZA+UGA),2000,5,inflation_cpi,2005,persistence,9.96997123512891,9.307513125862428
ETH-fed(KEN+TZA+UGA),2000,5,inflation_cpi,2005,arima,9.96997123512891,6.180106769461088
ETH-fed(KEN+TZA+UGA),2000,5,inflation_cpi,2005,chronos,9.96997123512891,8.76207488331464
ETH-fed(KEN+TZA+UGA),2000,5,inflation_cpi,2005,xgb_blind,9.96997123512891,2.3049183443513215
ETH-fed(KEN+TZA+UGA),2000,5,inflation_cpi,2005,xgb_lag,9.96997123512891,6.180106769461088
ETH-fed(KEN+TZA+UGA),2000,5,inflation_cpi,2005,xgb_typed,9.96997123512891,6.180106769461088
ETH-fed(KEN+TZA+UGA),2000,5,inflation_cpi,2005,lgbm_blind,9.96997123512891,7.731330926748782
ETH-fed(KEN+TZA+UGA),2000,5,inflation_cpi,2005,lgbm_lag,9.96997123512891,6.180106769461088
ETH-fed(KEN+TZA+UGA),2000,5,inflation_cpi,2005,lgbm_typed,9.96997123512891,6.180106769461088
ETH-fed(KEN+TZA+UGA),2000,5,inflation_cpi,2005,tft,9.96997123512891,7.885918195578128
ETH-fed(KEN+TZA+UGA),2000,5,inflation_cpi,2005,tgcn,9.96997123512891,
ETH-fed(KEN+TZA+UGA),2000,5,inflation_cpi,2005,persistence_scarcity,9.96997123512891,9.307513125862428
ETH-fed(KEN+TZA+UGA),2000,5,inflation_cpi,2005,chronos_scarcity,9.96997123512891,8.76207488331464
ETH-fed(KEN+TZA+UGA),2000,5,inflation_cpi,2005,gnn_scarcity,9.96997123512891,0.11298995766308906
ETH-fed(KEN+TZA+UGA),2000,1,unemployment,2001,persistence,3.16,0.33899999999999997
ETH-fed(KEN+TZA+UGA),2000,1,unemployment,2001,arima,3.16,0.29102640773131094
ETH-fed(KEN+TZA+UGA),2000,1,unemployment,2001,chronos,3.16,0.3439620399475096
ETH-fed(KEN+TZA+UGA),2000,1,unemployment,2001,xgb_blind,3.16,0.38420328140258775
ETH-fed(KEN+TZA+UGA),2000,1,unemployment,2001,xgb_lag,3.16,0.29102640773131094
ETH-fed(KEN+TZA+UGA),2000,1,unemployment,2001,xgb_typed,3.16,0.29102640773131094
ETH-fed(KEN+TZA+UGA),2000,1,unemployment,2001,lgbm_blind,3.16,0.14989999771118168
ETH-fed(KEN+TZA+UGA),2000,1,unemployment,2001,lgbm_lag,3.16,0.29102640773131094
ETH-fed(KEN+TZA+UGA),2000,1,unemployment,2001,lgbm_typed,3.16,0.29102640773131094
ETH-fed(KEN+TZA+UGA),2000,1,unemployment,2001,tft,3.16,0.3547349834442137
ETH-fed(KEN+TZA+UGA),2000,1,unemployment,2001,tgcn,3.16,
ETH-fed(KEN+TZA+UGA),2000,1,unemployment,2001,persistence_scarcity,3.16,0.33899999999999997
ETH-fed(KEN+TZA+UGA),2000,1,unemployment,2001,chronos_scarcity,3.16,0.3439620399475096
ETH-fed(KEN+TZA+UGA),2000,1,unemployment,2001,gnn_scarcity,3.16,0.24911197662353501
ETH-fed(KEN+TZA+UGA),2000,3,unemployment,2003,persistence,3.008,0.4910000000000001
ETH-fed(KEN+TZA+UGA),2000,3,unemployment,2003,arima,3.008,0.4299333917329613
ETH-fed(KEN+TZA+UGA),2000,3,unemployment,2003,chronos,3.008,0.5808338088989258
ETH-fed(KEN+TZA+UGA),2000,3,unemployment,2003,xgb_blind,3.008,0.5347854061126709
ETH-fed(KEN+TZA+UGA),2000,3,unemployment,2003,xgb_lag,3.008,0.4299333917329613
ETH-fed(KEN+TZA+UGA),2000,3,unemployment,2003,xgb_typed,3.008,0.4299333917329613
ETH-fed(KEN+TZA+UGA),2000,3,unemployment,2003,lgbm_blind,3.008,0.29187502098083495
ETH-fed(KEN+TZA+UGA),2000,3,unemployment,2003,lgbm_lag,3.008,0.4299333917329613
ETH-fed(KEN+TZA+UGA),2000,3,unemployment,2003,lgbm_typed,3.008,0.4299333917329613
ETH-fed(KEN+TZA+UGA),2000,3,unemployment,2003,tft,3.008,0.514470474243164
ETH-fed(KEN+TZA+UGA),2000,3,unemployment,2003,tgcn,3.008,
ETH-fed(KEN+TZA+UGA),2000,3,unemployment,2003,persistence_scarcity,3.008,0.4910000000000001
ETH-fed(KEN+TZA+UGA),2000,3,unemployment,2003,chronos_scarcity,3.008,0.5808338088989258
ETH-fed(KEN+TZA+UGA),2000,3,unemployment,2003,gnn_scarcity,3.008,0.33191646766662597
ETH-fed(KEN+TZA+UGA),2000,5,unemployment,2005,persistence,2.497,1.0020000000000002
ETH-fed(KEN+TZA+UGA),2000,5,unemployment,2005,arima,2.497,0.9402815123314818
ETH-fed(KEN+TZA+UGA),2000,5,unemployment,2005,chronos,2.497,1.0433361320495607
ETH-fed(KEN+TZA+UGA),2000,5,unemployment,2005,xgb_blind,2.497,1.127241352081299
ETH-fed(KEN+TZA+UGA),2000,5,unemployment,2005,xgb_lag,2.497,0.9402815123314818
ETH-fed(KEN+TZA+UGA),2000,5,unemployment,2005,xgb_typed,2.497,0.9402815123314818
ETH-fed(KEN+TZA+UGA),2000,5,unemployment,2005,lgbm_blind,2.497,0.844166694959005
ETH-fed(KEN+TZA+UGA),2000,5,unemployment,2005,lgbm_lag,2.497,0.9402815123314818
ETH-fed(KEN+TZA+UGA),2000,5,unemployment,2005,lgbm_typed,2.497,0.9402815123314818
ETH-fed(KEN+TZA+UGA),2000,5,unemployment,2005,tft,2.497,1.0351531295776368
ETH-fed(KEN+TZA+UGA),2000,5,unemployment,2005,tgcn,2.497,
ETH-fed(KEN+TZA+UGA),2000,5,unemployment,2005,persistence_scarcity,2.497,1.0020000000000002
ETH-fed(KEN+TZA+UGA),2000,5,unemployment,2005,chronos_scarcity,2.497,1.0433361320495607
ETH-fed(KEN+TZA+UGA),2000,5,unemployment,2005,gnn_scarcity,2.497,0.8659591464996339
ETH-fed(KEN+TZA+UGA),2000,1,exports_gdp,2001,persistence,16.6868531997337,0.0
ETH-fed(KEN+TZA+UGA),2000,1,exports_gdp,2001,arima,16.6868531997337,0.0
ETH-fed(KEN+TZA+UGA),2000,1,exports_gdp,2001,chronos,16.6868531997337,0.04893282009502897
ETH-fed(KEN+TZA+UGA),2000,1,exports_gdp,2001,xgb_blind,16.6868531997337,2.090797757148266e-07
ETH-fed(KEN+TZA+UGA),2000,1,exports_gdp,2001,xgb_lag,16.6868531997337,0.0
ETH-fed(KEN+TZA+UGA),2000,1,exports_gdp,2001,xgb_typed,16.6868531997337,0.0
ETH-fed(KEN+TZA+UGA),2000,1,exports_gdp,2001,lgbm_blind,16.6868531997337,2.090797757148266e-07
ETH-fed(KEN+TZA+UGA),2000,1,exports_gdp,2001,lgbm_lag,16.6868531997337,0.0
ETH-fed(KEN+TZA+UGA),2000,1,exports_gdp,2001,lgbm_typed,16.6868531997337,0.0
ETH-fed(KEN+TZA+UGA),2000,1,exports_gdp,2001,tft,16.6868531997337,0.09393861843487272
ETH-fed(KEN+TZA+UGA),2000,1,exports_gdp,2001,tgcn,16.6868531997337,
ETH-fed(KEN+TZA+UGA),2000,1,exports_gdp,2001,persistence_scarcity,16.6868531997337,0.0
ETH-fed(KEN+TZA+UGA),2000,1,exports_gdp,2001,chronos_scarcity,16.6868531997337,0.04893282009502897
ETH-fed(KEN+TZA+UGA),2000,1,exports_gdp,2001,gnn_scarcity,16.6868531997337,4.023777041339827e-06
ETH-fed(KEN+TZA+UGA),2000,3,exports_gdp,2003,persistence,16.6868531997337,0.0
ETH-fed(KEN+TZA+UGA),2000,3,exports_gdp,2003,arima,16.6868531997337,0.0
ETH-fed(KEN+TZA+UGA),2000,3,exports_gdp,2003,chronos,16.6868531997337,0.04893282009502897
ETH-fed(KEN+TZA+UGA),2000,3,exports_gdp,2003,xgb_blind,16.6868531997337,2.090797757148266e-07
ETH-fed(KEN+TZA+UGA),2000,3,exports_gdp,2003,xgb_lag,16.6868531997337,0.0
ETH-fed(KEN+TZA+UGA),2000,3,exports_gdp,2003,xgb_typed,16.6868531997337,0.0
ETH-fed(KEN+TZA+UGA),2000,3,exports_gdp,2003,lgbm_blind,16.6868531997337,2.090797757148266e-07
ETH-fed(KEN+TZA+UGA),2000,3,exports_gdp,2003,lgbm_lag,16.6868531997337,0.0
ETH-fed(KEN+TZA+UGA),2000,3,exports_gdp,2003,lgbm_typed,16.6868531997337,0.0
ETH-fed(KEN+TZA+UGA),2000,3,exports_gdp,2003,tft,16.6868531997337,0.09824541164776335
ETH-fed(KEN+TZA+UGA),2000,3,exports_gdp,2003,tgcn,16.6868531997337,
ETH-fed(KEN+TZA+UGA),2000,3,exports_gdp,2003,persistence_scarcity,16.6868531997337,0.0
ETH-fed(KEN+TZA+UGA),2000,3,exports_gdp,2003,chronos_scarcity,16.6868531997337,0.04893282009502897
ETH-fed(KEN+TZA+UGA),2000,3,exports_gdp,2003,gnn_scarcity,16.6868531997337,2.1164284085273266e-06
ETH-fed(KEN+TZA+UGA),2000,5,exports_gdp,2005,persistence,16.6868531997337,0.0
ETH-fed(KEN+TZA+UGA),2000,5,exports_gdp,2005,arima,16.6868531997337,0.0
ETH-fed(KEN+TZA+UGA),2000,5,exports_gdp,2005,chronos,16.6868531997337,0.04893282009502897
ETH-fed(KEN+TZA+UGA),2000,5,exports_gdp,2005,xgb_blind,16.6868531997337,2.090797757148266e-07
ETH-fed(KEN+TZA+UGA),2000,5,exports_gdp,2005,xgb_lag,16.6868531997337,0.0
ETH-fed(KEN+TZA+UGA),2000,5,exports_gdp,2005,xgb_typed,16.6868531997337,0.0
ETH-fed(KEN+TZA+UGA),2000,5,exports_gdp,2005,lgbm_blind,16.6868531997337,2.090797757148266e-07
ETH-fed(KEN+TZA+UGA),2000,5,exports_gdp,2005,lgbm_lag,16.6868531997337,0.0
ETH-fed(KEN+TZA+UGA),2000,5,exports_gdp,2005,lgbm_typed,16.6868531997337,0.0
ETH-fed(KEN+TZA+UGA),2000,5,exports_gdp,2005,tft,16.6868531997337,0.08615091396709929
ETH-fed(KEN+TZA+UGA),2000,5,exports_gdp,2005,tgcn,16.6868531997337,
ETH-fed(KEN+TZA+UGA),2000,5,exports_gdp,2005,persistence_scarcity,16.6868531997337,0.0
ETH-fed(KEN+TZA+UGA),2000,5,exports_gdp,2005,chronos_scarcity,16.6868531997337,0.04893282009502897
ETH-fed(KEN+TZA+UGA),2000,5,exports_gdp,2005,gnn_scarcity,16.6868531997337,2.1164284085273266e-06
ETH-fed(KEN+TZA+UGA),2000,1,imports_gdp,2001,persistence,31.5460822119553,0.0
ETH-fed(KEN+TZA+UGA),2000,1,imports_gdp,2001,arima,31.5460822119553,0.0
ETH-fed(KEN+TZA+UGA),2000,1,imports_gdp,2001,chronos,31.5460822119553,0.09251089237522336
ETH-fed(KEN+TZA+UGA),2000,1,imports_gdp,2001,xgb_blind,31.5460822119553,6.689865514886151e-07
ETH-fed(KEN+TZA+UGA),2000,1,imports_gdp,2001,xgb_lag,31.5460822119553,0.0
ETH-fed(KEN+TZA+UGA),2000,1,imports_gdp,2001,xgb_typed,31.5460822119553,0.0
ETH-fed(KEN+TZA+UGA),2000,1,imports_gdp,2001,lgbm_blind,31.5460822119553,6.689865514886151e-07
ETH-fed(KEN+TZA+UGA),2000,1,imports_gdp,2001,lgbm_lag,31.5460822119553,0.0
ETH-fed(KEN+TZA+UGA),2000,1,imports_gdp,2001,lgbm_typed,31.5460822119553,0.0
ETH-fed(KEN+TZA+UGA),2000,1,imports_gdp,2001,tft,31.5460822119553,0.09393949650119993
ETH-fed(KEN+TZA+UGA),2000,1,imports_gdp,2001,tgcn,31.5460822119553,
ETH-fed(KEN+TZA+UGA),2000,1,imports_gdp,2001,persistence_scarcity,31.5460822119553,0.0
ETH-fed(KEN+TZA+UGA),2000,1,imports_gdp,2001,chronos_scarcity,31.5460822119553,0.09251089237522336
ETH-fed(KEN+TZA+UGA),2000,1,imports_gdp,2001,gnn_scarcity,31.5460822119553,6.689865514886151e-07
ETH-fed(KEN+TZA+UGA),2000,3,imports_gdp,2003,persistence,31.5460822119553,0.0
ETH-fed(KEN+TZA+UGA),2000,3,imports_gdp,2003,arima,31.5460822119553,0.0
ETH-fed(KEN+TZA+UGA),2000,3,imports_gdp,2003,chronos,31.5460822119553,0.09251089237522336
ETH-fed(KEN+TZA+UGA),2000,3,imports_gdp,2003,xgb_blind,31.5460822119553,6.689865514886151e-07
ETH-fed(KEN+TZA+UGA),2000,3,imports_gdp,2003,xgb_lag,31.5460822119553,0.0
ETH-fed(KEN+TZA+UGA),2000,3,imports_gdp,2003,xgb_typed,31.5460822119553,0.0
ETH-fed(KEN+TZA+UGA),2000,3,imports_gdp,2003,lgbm_blind,31.5460822119553,6.689865514886151e-07
ETH-fed(KEN+TZA+UGA),2000,3,imports_gdp,2003,lgbm_lag,31.5460822119553,0.0
ETH-fed(KEN+TZA+UGA),2000,3,imports_gdp,2003,lgbm_typed,31.5460822119553,0.0
ETH-fed(KEN+TZA+UGA),2000,3,imports_gdp,2003,tft,31.5460822119553,0.09824628971409055
ETH-fed(KEN+TZA+UGA),2000,3,imports_gdp,2003,tgcn,31.5460822119553,
ETH-fed(KEN+TZA+UGA),2000,3,imports_gdp,2003,persistence_scarcity,31.5460822119553,0.0
ETH-fed(KEN+TZA+UGA),2000,3,imports_gdp,2003,chronos_scarcity,31.5460822119553,0.09251089237522336
ETH-fed(KEN+TZA+UGA),2000,3,imports_gdp,2003,gnn_scarcity,31.5460822119553,6.689865514886151e-07
ETH-fed(KEN+TZA+UGA),2000,5,imports_gdp,2005,persistence,31.5460822119553,0.0
ETH-fed(KEN+TZA+UGA),2000,5,imports_gdp,2005,arima,31.5460822119553,0.0
ETH-fed(KEN+TZA+UGA),2000,5,imports_gdp,2005,chronos,31.5460822119553,0.09251089237522336
ETH-fed(KEN+TZA+UGA),2000,5,imports_gdp,2005,xgb_blind,31.5460822119553,6.689865514886151e-07
ETH-fed(KEN+TZA+UGA),2000,5,imports_gdp,2005,xgb_lag,31.5460822119553,0.0
ETH-fed(KEN+TZA+UGA),2000,5,imports_gdp,2005,xgb_typed,31.5460822119553,0.0
ETH-fed(KEN+TZA+UGA),2000,5,imports_gdp,2005,lgbm_blind,31.5460822119553,6.689865514886151e-07
ETH-fed(KEN+TZA+UGA),2000,5,imports_gdp,2005,lgbm_lag,31.5460822119553,0.0
ETH-fed(KEN+TZA+UGA),2000,5,imports_gdp,2005,lgbm_typed,31.5460822119553,0.0
ETH-fed(KEN+TZA+UGA),2000,5,imports_gdp,2005,tft,31.5460822119553,0.08615179203342649
ETH-fed(KEN+TZA+UGA),2000,5,imports_gdp,2005,tgcn,31.5460822119553,
ETH-fed(KEN+TZA+UGA),2000,5,imports_gdp,2005,persistence_scarcity,31.5460822119553,0.0
ETH-fed(KEN+TZA+UGA),2000,5,imports_gdp,2005,chronos_scarcity,31.5460822119553,0.09251089237522336
ETH-fed(KEN+TZA+UGA),2000,5,imports_gdp,2005,gnn_scarcity,31.5460822119553,6.689865514886151e-07
ETH-fed(KEN+TZA+UGA),2000,1,current_account,2001,persistence,-4.53620596538169,4.699474863165087
ETH-fed(KEN+TZA+UGA),2000,1,current_account,2001,arima,-4.53620596538169,3.299980931113769
ETH-fed(KEN+TZA+UGA),2000,1,current_account,2001,chronos,-4.53620596538169,4.716056573492118
ETH-fed(KEN+TZA+UGA),2000,1,current_account,2001,xgb_blind,-4.53620596538169,0.8004800857125005
ETH-fed(KEN+TZA+UGA),2000,1,current_account,2001,xgb_lag,-4.53620596538169,3.299980931113769
ETH-fed(KEN+TZA+UGA),2000,1,current_account,2001,xgb_typed,-4.53620596538169,3.299980931113769
ETH-fed(KEN+TZA+UGA),2000,1,current_account,2001,lgbm_blind,-4.53620596538169,3.727828645807334
ETH-fed(KEN+TZA+UGA),2000,1,current_account,2001,lgbm_lag,-4.53620596538169,3.299980931113769
ETH-fed(KEN+TZA+UGA),2000,1,current_account,2001,lgbm_typed,-4.53620596538169,3.299980931113769
ETH-fed(KEN+TZA+UGA),2000,1,current_account,2001,tft,-4.53620596538169,5.32817431102378
ETH-fed(KEN+TZA+UGA),2000,1,current_account,2001,tgcn,-4.53620596538169,
ETH-fed(KEN+TZA+UGA),2000,1,current_account,2001,persistence_scarcity,-4.53620596538169,4.699474863165087
ETH-fed(KEN+TZA+UGA),2000,1,current_account,2001,chronos_scarcity,-4.53620596538169,4.716056573492118
ETH-fed(KEN+TZA+UGA),2000,1,current_account,2001,gnn_scarcity,-4.53620596538169,4.735340017181464
ETH-fed(KEN+TZA+UGA),2000,3,current_account,2003,persistence,-1.58150719828577,1.744776096069167
ETH-fed(KEN+TZA+UGA),2000,3,current_account,2003,arima,-1.58150719828577,0.5939152637056667
ETH-fed(KEN+TZA+UGA),2000,3,current_account,2003,chronos,-1.58150719828577,1.8109716547247883
ETH-fed(KEN+TZA+UGA),2000,3,current_account,2003,xgb_blind,-1.58150719828577,1.0910871105673794
ETH-fed(KEN+TZA+UGA),2000,3,current_account,2003,xgb_lag,-1.58150719828577,0.5939152637056667
ETH-fed(KEN+TZA+UGA),2000,3,current_account,2003,xgb_typed,-1.58150719828577,0.5939152637056667
ETH-fed(KEN+TZA+UGA),2000,3,current_account,2003,lgbm_blind,-1.58150719828577,0.6170671654459949
ETH-fed(KEN+TZA+UGA),2000,3,current_account,2003,lgbm_lag,-1.58150719828577,0.5939152637056667
ETH-fed(KEN+TZA+UGA),2000,3,current_account,2003,lgbm_typed,-1.58150719828577,0.5939152637056667
ETH-fed(KEN+TZA+UGA),2000,3,current_account,2003,tft,-1.58150719828577,4.601613037061405
ETH-fed(KEN+TZA+UGA),2000,3,current_account,2003,tgcn,-1.58150719828577,
ETH-fed(KEN+TZA+UGA),2000,3,current_account,2003,persistence_scarcity,-1.58150719828577,1.744776096069167
ETH-fed(KEN+TZA+UGA),2000,3,current_account,2003,chronos_scarcity,-1.58150719828577,1.8109716547247883
ETH-fed(KEN+TZA+UGA),2000,3,current_account,2003,gnn_scarcity,-1.58150719828577,0.9985065383431431
ETH-fed(KEN+TZA+UGA),2000,5,current_account,2005,persistence,-12.6419842587598,12.805253156543197
ETH-fed(KEN+TZA+UGA),2000,5,current_account,2005,arima,-12.6419842587598,11.667663967999266
ETH-fed(KEN+TZA+UGA),2000,5,current_account,2005,chronos,-12.6419842587598,12.8590452419408
ETH-fed(KEN+TZA+UGA),2000,5,current_account,2005,xgb_blind,-12.6419842587598,11.685729180444065
ETH-fed(KEN+TZA+UGA),2000,5,current_account,2005,xgb_lag,-12.6419842587598,11.667663967999266
ETH-fed(KEN+TZA+UGA),2000,5,current_account,2005,xgb_typed,-12.6419842587598,11.667663967999266
ETH-fed(KEN+TZA+UGA),2000,5,current_account,2005,lgbm_blind,-12.6419842587598,11.153757994044605
ETH-fed(KEN+TZA+UGA),2000,5,current_account,2005,lgbm_lag,-12.6419842587598,11.667663967999266
ETH-fed(KEN+TZA+UGA),2000,5,current_account,2005,lgbm_typed,-12.6419842587598,11.667663967999266
ETH-fed(KEN+TZA+UGA),2000,5,current_account,2005,tft,-12.6419842587598,18.84411934481937
ETH-fed(KEN+TZA+UGA),2000,5,current_account,2005,tgcn,-12.6419842587598,
ETH-fed(KEN+TZA+UGA),2000,5,current_account,2005,persistence_scarcity,-12.6419842587598,12.805253156543197
ETH-fed(KEN+TZA+UGA),2000,5,current_account,2005,chronos_scarcity,-12.6419842587598,12.8590452419408
ETH-fed(KEN+TZA+UGA),2000,5,current_account,2005,gnn_scarcity,-12.6419842587598,12.319441829789463
ETH-fed(KEN+TZA+UGA),2000,1,real_interest_rate,2001,persistence,17.6354832066922,13.80433459570362
ETH-fed(KEN+TZA+UGA),2000,1,real_interest_rate,2001,arima,17.6354832066922,12.128651460174707
ETH-fed(KEN+TZA+UGA),2000,1,real_interest_rate,2001,chronos,17.6354832066922,14.04180759328888
ETH-fed(KEN+TZA+UGA),2000,1,real_interest_rate,2001,xgb_blind,17.6354832066922,9.098371924343567
ETH-fed(KEN+TZA+UGA),2000,1,real_interest_rate,2001,xgb_lag,17.6354832066922,12.128651460174707
ETH-fed(KEN+TZA+UGA),2000,1,real_interest_rate,2001,xgb_typed,17.6354832066922,12.128651460174707
ETH-fed(KEN+TZA+UGA),2000,1,real_interest_rate,2001,lgbm_blind,17.6354832066922,13.35341649192856
ETH-fed(KEN+TZA+UGA),2000,1,real_interest_rate,2001,lgbm_lag,17.6354832066922,12.128651460174707
ETH-fed(KEN+TZA+UGA),2000,1,real_interest_rate,2001,lgbm_typed,17.6354832066922,12.128651460174707
ETH-fed(KEN+TZA+UGA),2000,1,real_interest_rate,2001,tft,17.6354832066922,12.181623877468567
ETH-fed(KEN+TZA+UGA),2000,1,real_interest_rate,2001,tgcn,17.6354832066922,
ETH-fed(KEN+TZA+UGA),2000,1,real_interest_rate,2001,persistence_scarcity,17.6354832066922,13.80433459570362
ETH-fed(KEN+TZA+UGA),2000,1,real_interest_rate,2001,chronos_scarcity,17.6354832066922,14.04180759328888
ETH-fed(KEN+TZA+UGA),2000,1,real_interest_rate,2001,gnn_scarcity,17.6354832066922,9.691135825100403
ETH-fed(KEN+TZA+UGA),2000,3,real_interest_rate,2003,persistence,-5.11490798514707,8.94605659613565
ETH-fed(KEN+TZA+UGA),2000,3,real_interest_rate,2003,arima,-5.11490798514707,10.224762397884437
ETH-fed(KEN+TZA+UGA),2000,3,real_interest_rate,2003,chronos,-5.11490798514707,9.110862021859717
ETH-fed(KEN+TZA+UGA),2000,3,real_interest_rate,2003,xgb_blind,-5.11490798514707,11.521991973336768
ETH-fed(KEN+TZA+UGA),2000,3,real_interest_rate,2003,xgb_lag,-5.11490798514707,10.224762397884437
ETH-fed(KEN+TZA+UGA),2000,3,real_interest_rate,2003,xgb_typed,-5.11490798514707,10.224762397884437
ETH-fed(KEN+TZA+UGA),2000,3,real_interest_rate,2003,lgbm_blind,-5.11490798514707,12.655867328461241
ETH-fed(KEN+TZA+UGA),2000,3,real_interest_rate,2003,lgbm_lag,-5.11490798514707,10.224762397884437
ETH-fed(KEN+TZA+UGA),2000,3,real_interest_rate,2003,lgbm_typed,-5.11490798514707,10.224762397884437
ETH-fed(KEN+TZA+UGA),2000,3,real_interest_rate,2003,tft,-5.11490798514707,14.086028819497656
ETH-fed(KEN+TZA+UGA),2000,3,real_interest_rate,2003,tgcn,-5.11490798514707,
ETH-fed(KEN+TZA+UGA),2000,3,real_interest_rate,2003,persistence_scarcity,-5.11490798514707,8.94605659613565
ETH-fed(KEN+TZA+UGA),2000,3,real_interest_rate,2003,chronos_scarcity,-5.11490798514707,9.110862021859717
ETH-fed(KEN+TZA+UGA),2000,3,real_interest_rate,2003,gnn_scarcity,-5.11490798514707,10.4626414827667
ETH-fed(KEN+TZA+UGA),2000,5,real_interest_rate,2005,persistence,-2.61706349192245,6.44821210291103
ETH-fed(KEN+TZA+UGA),2000,5,real_interest_rate,2005,arima,-2.61706349192245,7.667902916666341
ETH-fed(KEN+TZA+UGA),2000,5,real_interest_rate,2005,chronos,-2.61706349192245,6.39846989451034
ETH-fed(KEN+TZA+UGA),2000,5,real_interest_rate,2005,xgb_blind,-2.61706349192245,7.164162605386805
ETH-fed(KEN+TZA+UGA),2000,5,real_interest_rate,2005,xgb_lag,-2.61706349192245,7.667902916666341
ETH-fed(KEN+TZA+UGA),2000,5,real_interest_rate,2005,xgb_typed,-2.61706349192245,7.667902916666341
ETH-fed(KEN+TZA+UGA),2000,5,real_interest_rate,2005,lgbm_blind,-2.61706349192245,10.733813613039088
ETH-fed(KEN+TZA+UGA),2000,5,real_interest_rate,2005,lgbm_lag,-2.61706349192245,7.667902916666341
ETH-fed(KEN+TZA+UGA),2000,5,real_interest_rate,2005,lgbm_typed,-2.61706349192245,7.667902916666341
ETH-fed(KEN+TZA+UGA),2000,5,real_interest_rate,2005,tft,-2.61706349192245,16.613378494363857
ETH-fed(KEN+TZA+UGA),2000,5,real_interest_rate,2005,tgcn,-2.61706349192245,
ETH-fed(KEN+TZA+UGA),2000,5,real_interest_rate,2005,persistence_scarcity,-2.61706349192245,6.44821210291103
ETH-fed(KEN+TZA+UGA),2000,5,real_interest_rate,2005,chronos_scarcity,-2.61706349192245,6.39846989451034
ETH-fed(KEN+TZA+UGA),2000,5,real_interest_rate,2005,gnn_scarcity,-2.61706349192245,8.829493969064783
ETH-fed(KEN+TZA+UGA),2000,1,broad_money,2001,persistence,37.1632706542002,2.5777927421497964
ETH-fed(KEN+TZA+UGA),2000,1,broad_money,2001,arima,37.1632706542002,2.5497823273641558
ETH-fed(KEN+TZA+UGA),2000,1,broad_money,2001,chronos,37.1632706542002,1.1548287291513688
ETH-fed(KEN+TZA+UGA),2000,1,broad_money,2001,xgb_blind,37.1632706542002,3.3170754332529313
ETH-fed(KEN+TZA+UGA),2000,1,broad_money,2001,xgb_lag,37.1632706542002,2.5497823273641558
ETH-fed(KEN+TZA+UGA),2000,1,broad_money,2001,xgb_typed,37.1632706542002,2.5497823273641558
ETH-fed(KEN+TZA+UGA),2000,1,broad_money,2001,lgbm_blind,37.1632706542002,6.274885835169435
ETH-fed(KEN+TZA+UGA),2000,1,broad_money,2001,lgbm_lag,37.1632706542002,2.5497823273641558
ETH-fed(KEN+TZA+UGA),2000,1,broad_money,2001,lgbm_typed,37.1632706542002,2.5497823273641558
ETH-fed(KEN+TZA+UGA),2000,1,broad_money,2001,tft,37.1632706542002,1.9132363219248063
ETH-fed(KEN+TZA+UGA),2000,1,broad_money,2001,tgcn,37.1632706542002,
ETH-fed(KEN+TZA+UGA),2000,1,broad_money,2001,persistence_scarcity,37.1632706542002,2.5777927421497964
ETH-fed(KEN+TZA+UGA),2000,1,broad_money,2001,chronos_scarcity,37.1632706542002,1.1548287291513688
ETH-fed(KEN+TZA+UGA),2000,1,broad_money,2001,gnn_scarcity,37.1632706542002,5.179782571314455
ETH-fed(KEN+TZA+UGA),2000,3,broad_money,2003,persistence,44.8778804423559,10.292402530305502
ETH-fed(KEN+TZA+UGA),2000,3,broad_money,2003,arima,44.8778804423559,10.271262576250479
ETH-fed(KEN+TZA+UGA),2000,3,broad_money,2003,chronos,44.8778804423559,11.449489939426215
ETH-fed(KEN+TZA+UGA),2000,3,broad_money,2003,xgb_blind,44.8778804423559,10.749554026340277
ETH-fed(KEN+TZA+UGA),2000,3,broad_money,2003,xgb_lag,44.8778804423559,10.271262576250479
ETH-fed(KEN+TZA+UGA),2000,3,broad_money,2003,xgb_typed,44.8778804423559,10.271262576250479
ETH-fed(KEN+TZA+UGA),2000,3,broad_money,2003,lgbm_blind,44.8778804423559,13.869953501437934
ETH-fed(KEN+TZA+UGA),2000,3,broad_money,2003,lgbm_lag,44.8778804423559,10.271262576250479
ETH-fed(KEN+TZA+UGA),2000,3,broad_money,2003,lgbm_typed,44.8778804423559,10.271262576250479
ETH-fed(KEN+TZA+UGA),2000,3,broad_money,2003,tft,44.8778804423559,8.236221659396918
ETH-fed(KEN+TZA+UGA),2000,3,broad_money,2003,tgcn,44.8778804423559,
ETH-fed(KEN+TZA+UGA),2000,3,broad_money,2003,persistence_scarcity,44.8778804423559,10.292402530305502
ETH-fed(KEN+TZA+UGA),2000,3,broad_money,2003,chronos_scarcity,44.8778804423559,11.449489939426215
ETH-fed(KEN+TZA+UGA),2000,3,broad_money,2003,gnn_scarcity,44.8778804423559,13.835871088718207
ETH-fed(KEN+TZA+UGA),2000,5,broad_money,2005,persistence,43.777021964339,9.191544052288599
ETH-fed(KEN+TZA+UGA),2000,5,broad_money,2005,arima,43.777021964339,9.171682227777055
ETH-fed(KEN+TZA+UGA),2000,5,broad_money,2005,chronos,43.777021964339,10.572966178206187
ETH-fed(KEN+TZA+UGA),2000,5,broad_money,2005,xgb_blind,43.777021964339,9.771456321028452
ETH-fed(KEN+TZA+UGA),2000,5,broad_money,2005,xgb_lag,43.777021964339,9.171682227777055
ETH-fed(KEN+TZA+UGA),2000,5,broad_money,2005,xgb_typed,43.777021964339,9.171682227777055
ETH-fed(KEN+TZA+UGA),2000,5,broad_money,2005,lgbm_blind,43.777021964339,12.123735030440074
ETH-fed(KEN+TZA+UGA),2000,5,broad_money,2005,lgbm_lag,43.777021964339,9.171682227777055
ETH-fed(KEN+TZA+UGA),2000,5,broad_money,2005,lgbm_typed,43.777021964339,9.171682227777055
ETH-fed(KEN+TZA+UGA),2000,5,broad_money,2005,tft,43.777021964339,5.634752829817515
ETH-fed(KEN+TZA+UGA),2000,5,broad_money,2005,tgcn,43.777021964339,
ETH-fed(KEN+TZA+UGA),2000,5,broad_money,2005,persistence_scarcity,43.777021964339,9.191544052288599
ETH-fed(KEN+TZA+UGA),2000,5,broad_money,2005,chronos_scarcity,43.777021964339,10.572966178206187
ETH-fed(KEN+TZA+UGA),2000,5,broad_money,2005,gnn_scarcity,43.777021964339,12.421490271834116
ETH-fed(KEN+TZA+UGA),2000,1,private_credit,2001,persistence,17.778546785567,0.15468275459349812
ETH-fed(KEN+TZA+UGA),2000,1,private_credit,2001,arima,17.778546785567,0.9807041068845415
ETH-fed(KEN+TZA+UGA),2000,1,private_credit,2001,chronos,17.778546785567,0.7684187643267641
ETH-fed(KEN+TZA+UGA),2000,1,private_credit,2001,xgb_blind,17.778546785567,0.29429676606874366
ETH-fed(KEN+TZA+UGA),2000,1,private_credit,2001,xgb_lag,17.778546785567,0.9807041068845415
ETH-fed(KEN+TZA+UGA),2000,1,private_credit,2001,xgb_typed,17.778546785567,0.9807041068845415
ETH-fed(KEN+TZA+UGA),2000,1,private_credit,2001,lgbm_blind,17.778546785567,8.044515072558118
ETH-fed(KEN+TZA+UGA),2000,1,private_credit,2001,lgbm_lag,17.778546785567,0.9807041068845415
ETH-fed(KEN+TZA+UGA),2000,1,private_credit,2001,lgbm_typed,17.778546785567,0.9807041068845415
ETH-fed(KEN+TZA+UGA),2000,1,private_credit,2001,tft,17.778546785567,0.6288209207318296
ETH-fed(KEN+TZA+UGA),2000,1,private_credit,2001,tgcn,17.778546785567,
ETH-fed(KEN+TZA+UGA),2000,1,private_credit,2001,persistence_scarcity,17.778546785567,0.15468275459349812
ETH-fed(KEN+TZA+UGA),2000,1,private_credit,2001,chronos_scarcity,17.778546785567,0.7684187643267641
ETH-fed(KEN+TZA+UGA),2000,1,private_credit,2001,gnn_scarcity,17.778546785567,5.437676882002545
ETH-fed(KEN+TZA+UGA),2000,3,private_credit,2003,persistence,17.5006234628474,0.12324056812609996
ETH-fed(KEN+TZA+UGA),2000,3,private_credit,2003,arima,17.5006234628474,1.564932731066861
ETH-fed(KEN+TZA+UGA),2000,3,private_credit,2003,chronos,17.5006234628474,3.0288293344294317
ETH-fed(KEN+TZA+UGA),2000,3,private_credit,2003,xgb_blind,17.5006234628474,3.843208072832752
ETH-fed(KEN+TZA+UGA),2000,3,private_credit,2003,xgb_lag,17.5006234628474,1.564932731066861
ETH-fed(KEN+TZA+UGA),2000,3,private_credit,2003,xgb_typed,17.5006234628474,1.564932731066861
ETH-fed(KEN+TZA+UGA),2000,3,private_credit,2003,lgbm_blind,17.5006234628474,5.771840391806293
ETH-fed(KEN+TZA+UGA),2000,3,private_credit,2003,lgbm_lag,17.5006234628474,1.564932731066861
ETH-fed(KEN+TZA+UGA),2000,3,private_credit,2003,lgbm_typed,17.5006234628474,1.564932731066861
ETH-fed(KEN+TZA+UGA),2000,3,private_credit,2003,tft,17.5006234628474,1.5948832052434199
ETH-fed(KEN+TZA+UGA),2000,3,private_credit,2003,tgcn,17.5006234628474,
ETH-fed(KEN+TZA+UGA),2000,3,private_credit,2003,persistence_scarcity,17.5006234628474,0.12324056812609996
ETH-fed(KEN+TZA+UGA),2000,3,private_credit,2003,chronos_scarcity,17.5006234628474,3.0288293344294317
ETH-fed(KEN+TZA+UGA),2000,3,private_credit,2003,gnn_scarcity,17.5006234628474,7.440633533648182
ETH-fed(KEN+TZA+UGA),2000,5,private_credit,2005,persistence,18.8657892604975,1.241925229524
ETH-fed(KEN+TZA+UGA),2000,5,private_credit,2005,arima,18.8657892604975,3.280402387116929
ETH-fed(KEN+TZA+UGA),2000,5,private_credit,2005,chronos,18.8657892604975,8.217977370849063
ETH-fed(KEN+TZA+UGA),2000,5,private_credit,2005,xgb_blind,18.8657892604975,7.729197349181582
ETH-fed(KEN+TZA+UGA),2000,5,private_credit,2005,xgb_lag,18.8657892604975,3.280402387116929
ETH-fed(KEN+TZA+UGA),2000,5,private_credit,2005,xgb_typed,18.8657892604975,3.280402387116929
ETH-fed(KEN+TZA+UGA),2000,5,private_credit,2005,lgbm_blind,18.8657892604975,4.616082594822656
ETH-fed(KEN+TZA+UGA),2000,5,private_credit,2005,lgbm_lag,18.8657892604975,3.280402387116929
ETH-fed(KEN+TZA+UGA),2000,5,private_credit,2005,lgbm_typed,18.8657892604975,3.280402387116929
ETH-fed(KEN+TZA+UGA),2000,5,private_credit,2005,tft,18.8657892604975,1.4113484958501559
ETH-fed(KEN+TZA+UGA),2000,5,private_credit,2005,tgcn,18.8657892604975,
ETH-fed(KEN+TZA+UGA),2000,5,private_credit,2005,persistence_scarcity,18.8657892604975,1.241925229524
ETH-fed(KEN+TZA+UGA),2000,5,private_credit,2005,chronos_scarcity,18.8657892604975,8.217977370849063
ETH-fed(KEN+TZA+UGA),2000,5,private_credit,2005,gnn_scarcity,18.8657892604975,8.046244468322207
ETH-fed(KEN+TZA+UGA),2000,1,govt_consumption,2001,persistence,10.3182460672537,0.0
ETH-fed(KEN+TZA+UGA),2000,1,govt_consumption,2001,arima,10.3182460672537,0.0
ETH-fed(KEN+TZA+UGA),2000,1,govt_consumption,2001,chronos,10.3182460672537,0.030259311882606
ETH-fed(KEN+TZA+UGA),2000,1,govt_consumption,2001,xgb_blind,10.3182460672537,1.7949735209299433e-07
ETH-fed(KEN+TZA+UGA),2000,1,govt_consumption,2001,xgb_lag,10.3182460672537,0.0
ETH-fed(KEN+TZA+UGA),2000,1,govt_consumption,2001,xgb_typed,10.3182460672537,0.0
ETH-fed(KEN+TZA+UGA),2000,1,govt_consumption,2001,lgbm_blind,10.3182460672537,1.7949735209299433e-07
ETH-fed(KEN+TZA+UGA),2000,1,govt_consumption,2001,lgbm_lag,10.3182460672537,0.0
ETH-fed(KEN+TZA+UGA),2000,1,govt_consumption,2001,lgbm_typed,10.3182460672537,0.0
ETH-fed(KEN+TZA+UGA),2000,1,govt_consumption,2001,tft,10.3182460672537,0.09393900701200053
ETH-fed(KEN+TZA+UGA),2000,1,govt_consumption,2001,tgcn,10.3182460672537,
ETH-fed(KEN+TZA+UGA),2000,1,govt_consumption,2001,persistence_scarcity,10.3182460672537,0.0
ETH-fed(KEN+TZA+UGA),2000,1,govt_consumption,2001,chronos_scarcity,10.3182460672537,0.030259311882606
ETH-fed(KEN+TZA+UGA),2000,1,govt_consumption,2001,gnn_scarcity,10.3182460672537,1.7949735209299433e-07
ETH-fed(KEN+TZA+UGA),2000,3,govt_consumption,2003,persistence,10.3182460672537,0.0
ETH-fed(KEN+TZA+UGA),2000,3,govt_consumption,2003,arima,10.3182460672537,0.0
ETH-fed(KEN+TZA+UGA),2000,3,govt_consumption,2003,chronos,10.3182460672537,0.030259311882606
ETH-fed(KEN+TZA+UGA),2000,3,govt_consumption,2003,xgb_blind,10.3182460672537,1.7949735209299433e-07
ETH-fed(KEN+TZA+UGA),2000,3,govt_consumption,2003,xgb_lag,10.3182460672537,0.0
ETH-fed(KEN+TZA+UGA),2000,3,govt_consumption,2003,xgb_typed,10.3182460672537,0.0
ETH-fed(KEN+TZA+UGA),2000,3,govt_consumption,2003,lgbm_blind,10.3182460672537,1.7949735209299433e-07
ETH-fed(KEN+TZA+UGA),2000,3,govt_consumption,2003,lgbm_lag,10.3182460672537,0.0
ETH-fed(KEN+TZA+UGA),2000,3,govt_consumption,2003,lgbm_typed,10.3182460672537,0.0
ETH-fed(KEN+TZA+UGA),2000,3,govt_consumption,2003,tft,10.3182460672537,0.09824484655057475
ETH-fed(KEN+TZA+UGA),2000,3,govt_consumption,2003,tgcn,10.3182460672537,
ETH-fed(KEN+TZA+UGA),2000,3,govt_consumption,2003,persistence_scarcity,10.3182460672537,0.0
ETH-fed(KEN+TZA+UGA),2000,3,govt_consumption,2003,chronos_scarcity,10.3182460672537,0.030259311882606
ETH-fed(KEN+TZA+UGA),2000,3,govt_consumption,2003,gnn_scarcity,10.3182460672537,1.7949735209299433e-07
ETH-fed(KEN+TZA+UGA),2000,5,govt_consumption,2005,persistence,10.3182460672537,0.0
ETH-fed(KEN+TZA+UGA),2000,5,govt_consumption,2005,arima,10.3182460672537,0.0
ETH-fed(KEN+TZA+UGA),2000,5,govt_consumption,2005,chronos,10.3182460672537,0.030259311882606
ETH-fed(KEN+TZA+UGA),2000,5,govt_consumption,2005,xgb_blind,10.3182460672537,1.7949735209299433e-07
ETH-fed(KEN+TZA+UGA),2000,5,govt_consumption,2005,xgb_lag,10.3182460672537,0.0
ETH-fed(KEN+TZA+UGA),2000,5,govt_consumption,2005,xgb_typed,10.3182460672537,0.0
ETH-fed(KEN+TZA+UGA),2000,5,govt_consumption,2005,lgbm_blind,10.3182460672537,1.7949735209299433e-07
ETH-fed(KEN+TZA+UGA),2000,5,govt_consumption,2005,lgbm_lag,10.3182460672537,0.0
ETH-fed(KEN+TZA+UGA),2000,5,govt_consumption,2005,lgbm_typed,10.3182460672537,0.0
ETH-fed(KEN+TZA+UGA),2000,5,govt_consumption,2005,tft,10.3182460672537,0.08615130254422709
ETH-fed(KEN+TZA+UGA),2000,5,govt_consumption,2005,tgcn,10.3182460672537,
ETH-fed(KEN+TZA+UGA),2000,5,govt_consumption,2005,persistence_scarcity,10.3182460672537,0.0
ETH-fed(KEN+TZA+UGA),2000,5,govt_consumption,2005,chronos_scarcity,10.3182460672537,0.030259311882606
ETH-fed(KEN+TZA+UGA),2000,5,govt_consumption,2005,gnn_scarcity,10.3182460672537,1.7949735209299433e-07
ETH-fed(KEN+TZA+UGA),2001,1,gdp_growth,2002,persistence,1.51472570667433,6.78658061600532
ETH-fed(KEN+TZA+UGA),2001,1,gdp_growth,2002,arima,1.51472570667433,6.079157663515828
ETH-fed(KEN+TZA+UGA),2001,1,gdp_growth,2002,chronos,1.51472570667433,3.8557853483183457
ETH-fed(KEN+TZA+UGA),2001,1,gdp_growth,2002,xgb_blind,1.51472570667433,2.6456694387419297
ETH-fed(KEN+TZA+UGA),2001,1,gdp_growth,2002,xgb_lag,1.51472570667433,6.079157663515828
ETH-fed(KEN+TZA+UGA),2001,1,gdp_growth,2002,xgb_typed,1.51472570667433,6.079157663515828
ETH-fed(KEN+TZA+UGA),2001,1,gdp_growth,2002,lgbm_blind,1.51472570667433,1.9660889236606973
ETH-fed(KEN+TZA+UGA),2001,1,gdp_growth,2002,lgbm_lag,1.51472570667433,6.079157663515828
ETH-fed(KEN+TZA+UGA),2001,1,gdp_growth,2002,lgbm_typed,1.51472570667433,6.079157663515828
ETH-fed(KEN+TZA+UGA),2001,1,gdp_growth,2002,tft,1.51472570667433,8.997098901174791
ETH-fed(KEN+TZA+UGA),2001,1,gdp_growth,2002,tgcn,1.51472570667433,
ETH-fed(KEN+TZA+UGA),2001,1,gdp_growth,2002,persistence_scarcity,1.51472570667433,6.78658061600532
ETH-fed(KEN+TZA+UGA),2001,1,gdp_growth,2002,chronos_scarcity,1.51472570667433,3.8557853483183457
ETH-fed(KEN+TZA+UGA),2001,1,gdp_growth,2002,gnn_scarcity,1.51472570667433,4.247670152090318
ETH-fed(KEN+TZA+UGA),2001,3,gdp_growth,2004,persistence,13.5726031401471,5.27129681746745
ETH-fed(KEN+TZA+UGA),2001,3,gdp_growth,2004,arima,13.5726031401471,5.825425087620257
ETH-fed(KEN+TZA+UGA),2001,3,gdp_growth,2004,chronos,13.5726031401471,9.490039739878545
ETH-fed(KEN+TZA+UGA),2001,3,gdp_growth,2004,xgb_blind,13.5726031401471,4.848993215830694
ETH-fed(KEN+TZA+UGA),2001,3,gdp_growth,2004,xgb_lag,13.5726031401471,5.825425087620257
ETH-fed(KEN+TZA+UGA),2001,3,gdp_growth,2004,xgb_typed,13.5726031401471,5.825425087620257
ETH-fed(KEN+TZA+UGA),2001,3,gdp_growth,2004,lgbm_blind,13.5726031401471,7.561611884704798
ETH-fed(KEN+TZA+UGA),2001,3,gdp_growth,2004,lgbm_lag,13.5726031401471,5.825425087620257
ETH-fed(KEN+TZA+UGA),2001,3,gdp_growth,2004,lgbm_typed,13.5726031401471,5.825425087620257
ETH-fed(KEN+TZA+UGA),2001,3,gdp_growth,2004,tft,13.5726031401471,0.8717631438092095
ETH-fed(KEN+TZA+UGA),2001,3,gdp_growth,2004,tgcn,13.5726031401471,
ETH-fed(KEN+TZA+UGA),2001,3,gdp_growth,2004,persistence_scarcity,13.5726031401471,5.27129681746745
ETH-fed(KEN+TZA+UGA),2001,3,gdp_growth,2004,chronos_scarcity,13.5726031401471,9.490039739878545
ETH-fed(KEN+TZA+UGA),2001,3,gdp_growth,2004,gnn_scarcity,13.5726031401471,9.37516776111878
ETH-fed(KEN+TZA+UGA),2001,5,gdp_growth,2006,persistence,10.8347270679373,2.533420745257649
ETH-fed(KEN+TZA+UGA),2001,5,gdp_growth,2006,arima,10.8347270679373,3.0720957460212617
ETH-fed(KEN+TZA+UGA),2001,5,gdp_growth,2006,chronos,10.8347270679373,6.2661450099844185
ETH-fed(KEN+TZA+UGA),2001,5,gdp_growth,2006,xgb_blind,10.8347270679373,6.1452295970815864
ETH-fed(KEN+TZA+UGA),2001,5,gdp_growth,2006,xgb_lag,10.8347270679373,3.0720957460212617
ETH-fed(KEN+TZA+UGA),2001,5,gdp_growth,2006,xgb_typed,10.8347270679373,3.0720957460212617
ETH-fed(KEN+TZA+UGA),2001,5,gdp_growth,2006,lgbm_blind,10.8347270679373,5.43956663130705
ETH-fed(KEN+TZA+UGA),2001,5,gdp_growth,2006,lgbm_lag,10.8347270679373,3.0720957460212617
ETH-fed(KEN+TZA+UGA),2001,5,gdp_growth,2006,lgbm_typed,10.8347270679373,3.0720957460212617
ETH-fed(KEN+TZA+UGA),2001,5,gdp_growth,2006,tft,10.8347270679373,2.5244123745065483
ETH-fed(KEN+TZA+UGA),2001,5,gdp_growth,2006,tgcn,10.8347270679373,
ETH-fed(KEN+TZA+UGA),2001,5,gdp_growth,2006,persistence_scarcity,10.8347270679373,2.533420745257649
ETH-fed(KEN+TZA+UGA),2001,5,gdp_growth,2006,chronos_scarcity,10.8347270679373,6.2661450099844185
ETH-fed(KEN+TZA+UGA),2001,5,gdp_growth,2006,gnn_scarcity,10.8347270679373,6.116869707097456
ETH-fed(KEN+TZA+UGA),2001,1,inflation_cpi,2002,persistence,0.6750891021708,8.91293363608216
ETH-fed(KEN+TZA+UGA),2001,1,inflation_cpi,2002,arima,0.6750891021708,3.7529284935442333
ETH-fed(KEN+TZA+UGA),2001,1,inflation_cpi,2002,chronos,0.6750891021708,0.21148024120125652
ETH-fed(KEN+TZA+UGA),2001,1,inflation_cpi,2002,xgb_blind,0.6750891021708,0.46483663835320355
ETH-fed(KEN+TZA+UGA),2001,1,inflation_cpi,2002,xgb_lag,0.6750891021708,3.7529284935442333
ETH-fed(KEN+TZA+UGA),2001,1,inflation_cpi,2002,xgb_typed,0.6750891021708,3.7529284935442333
ETH-fed(KEN+TZA+UGA),2001,1,inflation_cpi,2002,lgbm_blind,0.6750891021708,5.014091098579378
ETH-fed(KEN+TZA+UGA),2001,1,inflation_cpi,2002,lgbm_lag,0.6750891021708,3.7529284935442333
ETH-fed(KEN+TZA+UGA),2001,1,inflation_cpi,2002,lgbm_typed,0.6750891021708,3.7529284935442333
ETH-fed(KEN+TZA+UGA),2001,1,inflation_cpi,2002,tft,0.6750891021708,0.21249504008087994
ETH-fed(KEN+TZA+UGA),2001,1,inflation_cpi,2002,tgcn,0.6750891021708,
ETH-fed(KEN+TZA+UGA),2001,1,inflation_cpi,2002,persistence_scarcity,0.6750891021708,8.91293363608216
ETH-fed(KEN+TZA+UGA),2001,1,inflation_cpi,2002,chronos_scarcity,0.6750891021708,0.21148024120125652
ETH-fed(KEN+TZA+UGA),2001,1,inflation_cpi,2002,gnn_scarcity,0.6750891021708,8.823033113100196
ETH-fed(KEN+TZA+UGA),2001,3,inflation_cpi,2004,persistence,3.32737047894847,11.56521501285983
ETH-fed(KEN+TZA+UGA),2001,3,inflation_cpi,2004,arima,3.32737047894847,7.662388143757964
ETH-fed(KEN+TZA+UGA),2001,3,inflation_cpi,2004,chronos,3.32737047894847,2.4001568101252277
ETH-fed(KEN+TZA+UGA),2001,3,inflation_cpi,2004,xgb_blind,3.32737047894847,8.457400157293197
ETH-fed(KEN+TZA+UGA),2001,3,inflation_cpi,2004,xgb_lag,3.32737047894847,7.662388143757964
ETH-fed(KEN+TZA+UGA),2001,3,inflation_cpi,2004,xgb_typed,3.32737047894847,7.662388143757964
ETH-fed(KEN+TZA+UGA),2001,3,inflation_cpi,2004,lgbm_blind,3.32737047894847,1.5128216686253906
ETH-fed(KEN+TZA+UGA),2001,3,inflation_cpi,2004,lgbm_lag,3.32737047894847,7.662388143757964
ETH-fed(KEN+TZA+UGA),2001,3,inflation_cpi,2004,lgbm_typed,3.32737047894847,7.662388143757964
ETH-fed(KEN+TZA+UGA),2001,3,inflation_cpi,2004,tft,3.32737047894847,2.185761167844649
ETH-fed(KEN+TZA+UGA),2001,3,inflation_cpi,2004,tgcn,3.32737047894847,
ETH-fed(KEN+TZA+UGA),2001,3,inflation_cpi,2004,persistence_scarcity,3.32737047894847,11.56521501285983
ETH-fed(KEN+TZA+UGA),2001,3,inflation_cpi,2004,chronos_scarcity,3.32737047894847,2.4001568101252277
ETH-fed(KEN+TZA+UGA),2001,3,inflation_cpi,2004,gnn_scarcity,3.32737047894847,3.5983583189641277
ETH-fed(KEN+TZA+UGA),2001,5,inflation_cpi,2006,persistence,12.2994763114824,20.537320845393758
ETH-fed(KEN+TZA+UGA),2001,5,inflation_cpi,2006,arima,12.2994763114824,17.057053200773172
ETH-fed(KEN+TZA+UGA),2001,5,inflation_cpi,2006,chronos,12.2994763114824,11.125001714505165
ETH-fed(KEN+TZA+UGA),2001,5,inflation_cpi,2006,xgb_blind,12.2994763114824,11.887918368853539
ETH-fed(KEN+TZA+UGA),2001,5,inflation_cpi,2006,xgb_lag,12.2994763114824,17.057053200773172
ETH-fed(KEN+TZA+UGA),2001,5,inflation_cpi,2006,xgb_typed,12.2994763114824,17.057053200773172
ETH-fed(KEN+TZA+UGA),2001,5,inflation_cpi,2006,lgbm_blind,12.2994763114824,11.557476685322731
ETH-fed(KEN+TZA+UGA),2001,5,inflation_cpi,2006,lgbm_lag,12.2994763114824,17.057053200773172
ETH-fed(KEN+TZA+UGA),2001,5,inflation_cpi,2006,lgbm_typed,12.2994763114824,17.057053200773172
ETH-fed(KEN+TZA+UGA),2001,5,inflation_cpi,2006,tft,12.2994763114824,10.784958050526589
ETH-fed(KEN+TZA+UGA),2001,5,inflation_cpi,2006,tgcn,12.2994763114824,
ETH-fed(KEN+TZA+UGA),2001,5,inflation_cpi,2006,persistence_scarcity,12.2994763114824,20.537320845393758
ETH-fed(KEN+TZA+UGA),2001,5,inflation_cpi,2006,chronos_scarcity,12.2994763114824,11.125001714505165
ETH-fed(KEN+TZA+UGA),2001,5,inflation_cpi,2006,gnn_scarcity,12.2994763114824,4.518307373799294
ETH-fed(KEN+TZA+UGA),2001,1,unemployment,2002,persistence,3.054,0.10600000000000032
ETH-fed(KEN+TZA+UGA),2001,1,unemployment,2002,arima,3.054,0.03770915084046811
ETH-fed(KEN+TZA+UGA),2001,1,unemployment,2002,chronos,3.054,0.1349519691467287
ETH-fed(KEN+TZA+UGA),2001,1,unemployment,2002,xgb_blind,3.054,0.3249992332458498
ETH-fed(KEN+TZA+UGA),2001,1,unemployment,2002,xgb_lag,3.054,0.03770915084046811
ETH-fed(KEN+TZA+UGA),2001,1,unemployment,2002,xgb_typed,3.054,0.03770915084046811
ETH-fed(KEN+TZA+UGA),2001,1,unemployment,2002,lgbm_blind,3.054,0.24227273299477314
ETH-fed(KEN+TZA+UGA),2001,1,unemployment,2002,lgbm_lag,3.054,0.03770915084046811
ETH-fed(KEN+TZA+UGA),2001,1,unemployment,2002,lgbm_typed,3.054,0.03770915084046811
ETH-fed(KEN+TZA+UGA),2001,1,unemployment,2002,tft,3.054,0.41311516380310076
ETH-fed(KEN+TZA+UGA),2001,1,unemployment,2002,tgcn,3.054,
ETH-fed(KEN+TZA+UGA),2001,1,unemployment,2002,persistence_scarcity,3.054,0.10600000000000032
ETH-fed(KEN+TZA+UGA),2001,1,unemployment,2002,chronos_scarcity,3.054,0.1349519691467287
ETH-fed(KEN+TZA+UGA),2001,1,unemployment,2002,gnn_scarcity,3.054,0.3095737895965578
ETH-fed(KEN+TZA+UGA),2001,3,unemployment,2004,persistence,2.776,0.38400000000000034
ETH-fed(KEN+TZA+UGA),2001,3,unemployment,2004,arima,2.776,0.15354374578312813
ETH-fed(KEN+TZA+UGA),2001,3,unemployment,2004,chronos,2.776,0.3887915840148928
ETH-fed(KEN+TZA+UGA),2001,3,unemployment,2004,xgb_blind,2.776,0.7926066150665285
ETH-fed(KEN+TZA+UGA),2001,3,unemployment,2004,xgb_lag,2.776,0.15354374578312813
ETH-fed(KEN+TZA+UGA),2001,3,unemployment,2004,xgb_typed,2.776,0.15354374578312813
ETH-fed(KEN+TZA+UGA),2001,3,unemployment,2004,lgbm_blind,2.776,0.5083333615197079
ETH-fed(KEN+TZA+UGA),2001,3,unemployment,2004,lgbm_lag,2.776,0.15354374578312813
ETH-fed(KEN+TZA+UGA),2001,3,unemployment,2004,lgbm_typed,2.776,0.15354374578312813
ETH-fed(KEN+TZA+UGA),2001,3,unemployment,2004,tft,2.776,0.7494955291748049
ETH-fed(KEN+TZA+UGA),2001,3,unemployment,2004,tgcn,2.776,
ETH-fed(KEN+TZA+UGA),2001,3,unemployment,2004,persistence_scarcity,2.776,0.38400000000000034
ETH-fed(KEN+TZA+UGA),2001,3,unemployment,2004,chronos_scarcity,2.776,0.3887915840148928
ETH-fed(KEN+TZA+UGA),2001,3,unemployment,2004,gnn_scarcity,2.776,0.5419664611816408
ETH-fed(KEN+TZA+UGA),2001,5,unemployment,2006,persistence,2.337,0.823
ETH-fed(KEN+TZA+UGA),2001,5,unemployment,2006,arima,2.337,0.5769545241346585
ETH-fed(KEN+TZA+UGA),2001,5,unemployment,2006,chronos,2.337,0.8036345367431639
ETH-fed(KEN+TZA+UGA),2001,5,unemployment,2006,xgb_blind,2.337,1.0648902778625486
ETH-fed(KEN+TZA+UGA),2001,5,unemployment,2006,xgb_lag,2.337,0.5769545241346585
ETH-fed(KEN+TZA+UGA),2001,5,unemployment,2006,xgb_typed,2.337,0.5769545241346585
ETH-fed(KEN+TZA+UGA),2001,5,unemployment,2006,lgbm_blind,2.337,0.9782857507978164
ETH-fed(KEN+TZA+UGA),2001,5,unemployment,2006,lgbm_lag,2.337,0.5769545241346585
ETH-fed(KEN+TZA+UGA),2001,5,unemployment,2006,lgbm_typed,2.337,0.5769545241346585
ETH-fed(KEN+TZA+UGA),2001,5,unemployment,2006,tft,2.337,1.2130500202178953
ETH-fed(KEN+TZA+UGA),2001,5,unemployment,2006,tgcn,2.337,
ETH-fed(KEN+TZA+UGA),2001,5,unemployment,2006,persistence_scarcity,2.337,0.823
ETH-fed(KEN+TZA+UGA),2001,5,unemployment,2006,chronos_scarcity,2.337,0.8036345367431639
ETH-fed(KEN+TZA+UGA),2001,5,unemployment,2006,gnn_scarcity,2.337,0.9961329822540281
ETH-fed(KEN+TZA+UGA),2001,1,exports_gdp,2002,persistence,16.6868531997337,0.0
ETH-fed(KEN+TZA+UGA),2001,1,exports_gdp,2002,arima,16.6868531997337,0.0
ETH-fed(KEN+TZA+UGA),2001,1,exports_gdp,2002,chronos,16.6868531997337,0.04893282009502897
ETH-fed(KEN+TZA+UGA),2001,1,exports_gdp,2002,xgb_blind,16.6868531997337,2.090797757148266e-07
ETH-fed(KEN+TZA+UGA),2001,1,exports_gdp,2002,xgb_lag,16.6868531997337,0.0
ETH-fed(KEN+TZA+UGA),2001,1,exports_gdp,2002,xgb_typed,16.6868531997337,0.0
ETH-fed(KEN+TZA+UGA),2001,1,exports_gdp,2002,lgbm_blind,16.6868531997337,2.090797757148266e-07
ETH-fed(KEN+TZA+UGA),2001,1,exports_gdp,2002,lgbm_lag,16.6868531997337,0.0
ETH-fed(KEN+TZA+UGA),2001,1,exports_gdp,2002,lgbm_typed,16.6868531997337,0.0
ETH-fed(KEN+TZA+UGA),2001,1,exports_gdp,2002,tft,16.6868531997337,0.06525209499737272
ETH-fed(KEN+TZA+UGA),2001,1,exports_gdp,2002,tgcn,16.6868531997337,
ETH-fed(KEN+TZA+UGA),2001,1,exports_gdp,2002,persistence_scarcity,16.6868531997337,0.0
ETH-fed(KEN+TZA+UGA),2001,1,exports_gdp,2002,chronos_scarcity,16.6868531997337,0.04893282009502897
ETH-fed(KEN+TZA+UGA),2001,1,exports_gdp,2002,gnn_scarcity,16.6868531997337,2.1164284085273266e-06
ETH-fed(KEN+TZA+UGA),2001,3,exports_gdp,2004,persistence,16.6868531997337,0.0
ETH-fed(KEN+TZA+UGA),2001,3,exports_gdp,2004,arima,16.6868531997337,0.0
ETH-fed(KEN+TZA+UGA),2001,3,exports_gdp,2004,chronos,16.6868531997337,0.04893282009502897
ETH-fed(KEN+TZA+UGA),2001,3,exports_gdp,2004,xgb_blind,16.6868531997337,2.090797757148266e-07
ETH-fed(KEN+TZA+UGA),2001,3,exports_gdp,2004,xgb_lag,16.6868531997337,0.0
ETH-fed(KEN+TZA+UGA),2001,3,exports_gdp,2004,xgb_typed,16.6868531997337,0.0
ETH-fed(KEN+TZA+UGA),2001,3,exports_gdp,2004,lgbm_blind,16.6868531997337,2.090797757148266e-07
ETH-fed(KEN+TZA+UGA),2001,3,exports_gdp,2004,lgbm_lag,16.6868531997337,0.0
ETH-fed(KEN+TZA+UGA),2001,3,exports_gdp,2004,lgbm_typed,16.6868531997337,0.0
ETH-fed(KEN+TZA+UGA),2001,3,exports_gdp,2004,tft,16.6868531997337,0.07594278408428679
ETH-fed(KEN+TZA+UGA),2001,3,exports_gdp,2004,tgcn,16.6868531997337,
ETH-fed(KEN+TZA+UGA),2001,3,exports_gdp,2004,persistence_scarcity,16.6868531997337,0.0
ETH-fed(KEN+TZA+UGA),2001,3,exports_gdp,2004,chronos_scarcity,16.6868531997337,0.04893282009502897
ETH-fed(KEN+TZA+UGA),2001,3,exports_gdp,2004,gnn_scarcity,16.6868531997337,2.1164284085273266e-06
ETH-fed(KEN+TZA+UGA),2001,5,exports_gdp,2006,persistence,16.6868531997337,0.0
ETH-fed(KEN+TZA+UGA),2001,5,exports_gdp,2006,arima,16.6868531997337,0.0
ETH-fed(KEN+TZA+UGA),2001,5,exports_gdp,2006,chronos,16.6868531997337,0.04893282009502897
ETH-fed(KEN+TZA+UGA),2001,5,exports_gdp,2006,xgb_blind,16.6868531997337,2.090797757148266e-07
ETH-fed(KEN+TZA+UGA),2001,5,exports_gdp,2006,xgb_lag,16.6868531997337,0.0
ETH-fed(KEN+TZA+UGA),2001,5,exports_gdp,2006,xgb_typed,16.6868531997337,0.0
ETH-fed(KEN+TZA+UGA),2001,5,exports_gdp,2006,lgbm_blind,16.6868531997337,2.090797757148266e-07
ETH-fed(KEN+TZA+UGA),2001,5,exports_gdp,2006,lgbm_lag,16.6868531997337,0.0
ETH-fed(KEN+TZA+UGA),2001,5,exports_gdp,2006,lgbm_typed,16.6868531997337,0.0
ETH-fed(KEN+TZA+UGA),2001,5,exports_gdp,2006,tft,16.6868531997337,0.06998613430401335
ETH-fed(KEN+TZA+UGA),2001,5,exports_gdp,2006,tgcn,16.6868531997337,
ETH-fed(KEN+TZA+UGA),2001,5,exports_gdp,2006,persistence_scarcity,16.6868531997337,0.0
ETH-fed(KEN+TZA+UGA),2001,5,exports_gdp,2006,chronos_scarcity,16.6868531997337,0.04893282009502897
ETH-fed(KEN+TZA+UGA),2001,5,exports_gdp,2006,gnn_scarcity,16.6868531997337,2.1164284085273266e-06
ETH-fed(KEN+TZA+UGA),2001,1,imports_gdp,2002,persistence,31.5460822119553,0.0
ETH-fed(KEN+TZA+UGA),2001,1,imports_gdp,2002,arima,31.5460822119553,0.0
ETH-fed(KEN+TZA+UGA),2001,1,imports_gdp,2002,chronos,31.5460822119553,0.09251089237522336
ETH-fed(KEN+TZA+UGA),2001,1,imports_gdp,2002,xgb_blind,31.5460822119553,6.689865514886151e-07
ETH-fed(KEN+TZA+UGA),2001,1,imports_gdp,2002,xgb_lag,31.5460822119553,0.0
ETH-fed(KEN+TZA+UGA),2001,1,imports_gdp,2002,xgb_typed,31.5460822119553,0.0
ETH-fed(KEN+TZA+UGA),2001,1,imports_gdp,2002,lgbm_blind,31.5460822119553,6.689865514886151e-07
ETH-fed(KEN+TZA+UGA),2001,1,imports_gdp,2002,lgbm_lag,31.5460822119553,0.0
ETH-fed(KEN+TZA+UGA),2001,1,imports_gdp,2002,lgbm_typed,31.5460822119553,0.0
ETH-fed(KEN+TZA+UGA),2001,1,imports_gdp,2002,tft,31.5460822119553,0.06525297306369993
ETH-fed(KEN+TZA+UGA),2001,1,imports_gdp,2002,tgcn,31.5460822119553,
ETH-fed(KEN+TZA+UGA),2001,1,imports_gdp,2002,persistence_scarcity,31.5460822119553,0.0
ETH-fed(KEN+TZA+UGA),2001,1,imports_gdp,2002,chronos_scarcity,31.5460822119553,0.09251089237522336
ETH-fed(KEN+TZA+UGA),2001,1,imports_gdp,2002,gnn_scarcity,31.5460822119553,6.689865514886151e-07
ETH-fed(KEN+TZA+UGA),2001,3,imports_gdp,2004,persistence,31.5460822119553,0.0
ETH-fed(KEN+TZA+UGA),2001,3,imports_gdp,2004,arima,31.5460822119553,0.0
ETH-fed(KEN+TZA+UGA),2001,3,imports_gdp,2004,chronos,31.5460822119553,0.09251089237522336
ETH-fed(KEN+TZA+UGA),2001,3,imports_gdp,2004,xgb_blind,31.5460822119553,6.689865514886151e-07
ETH-fed(KEN+TZA+UGA),2001,3,imports_gdp,2004,xgb_lag,31.5460822119553,0.0
ETH-fed(KEN+TZA+UGA),2001,3,imports_gdp,2004,xgb_typed,31.5460822119553,0.0
ETH-fed(KEN+TZA+UGA),2001,3,imports_gdp,2004,lgbm_blind,31.5460822119553,6.689865514886151e-07
ETH-fed(KEN+TZA+UGA),2001,3,imports_gdp,2004,lgbm_lag,31.5460822119553,0.0
ETH-fed(KEN+TZA+UGA),2001,3,imports_gdp,2004,lgbm_typed,31.5460822119553,0.0
ETH-fed(KEN+TZA+UGA),2001,3,imports_gdp,2004,tft,31.5460822119553,0.07594366215061399
ETH-fed(KEN+TZA+UGA),2001,3,imports_gdp,2004,tgcn,31.5460822119553,
ETH-fed(KEN+TZA+UGA),2001,3,imports_gdp,2004,persistence_scarcity,31.5460822119553,0.0
ETH-fed(KEN+TZA+UGA),2001,3,imports_gdp,2004,chronos_scarcity,31.5460822119553,0.09251089237522336
ETH-fed(KEN+TZA+UGA),2001,3,imports_gdp,2004,gnn_scarcity,31.5460822119553,6.689865514886151e-07
ETH-fed(KEN+TZA+UGA),2001,5,imports_gdp,2006,persistence,31.5460822119553,0.0
ETH-fed(KEN+TZA+UGA),2001,5,imports_gdp,2006,arima,31.5460822119553,0.0
ETH-fed(KEN+TZA+UGA),2001,5,imports_gdp,2006,chronos,31.5460822119553,0.09251089237522336
ETH-fed(KEN+TZA+UGA),2001,5,imports_gdp,2006,xgb_blind,31.5460822119553,6.689865514886151e-07
ETH-fed(KEN+TZA+UGA),2001,5,imports_gdp,2006,xgb_lag,31.5460822119553,0.0
ETH-fed(KEN+TZA+UGA),2001,5,imports_gdp,2006,xgb_typed,31.5460822119553,0.0
ETH-fed(KEN+TZA+UGA),2001,5,imports_gdp,2006,lgbm_blind,31.5460822119553,6.689865514886151e-07
ETH-fed(KEN+TZA+UGA),2001,5,imports_gdp,2006,lgbm_lag,31.5460822119553,0.0
ETH-fed(KEN+TZA+UGA),2001,5,imports_gdp,2006,lgbm_typed,31.5460822119553,0.0
ETH-fed(KEN+TZA+UGA),2001,5,imports_gdp,2006,tft,31.5460822119553,0.06998701237034055
ETH-fed(KEN+TZA+UGA),2001,5,imports_gdp,2006,tgcn,31.5460822119553,
ETH-fed(KEN+TZA+UGA),2001,5,imports_gdp,2006,persistence_scarcity,31.5460822119553,0.0
ETH-fed(KEN+TZA+UGA),2001,5,imports_gdp,2006,chronos_scarcity,31.5460822119553,0.09251089237522336
ETH-fed(KEN+TZA+UGA),2001,5,imports_gdp,2006,gnn_scarcity,31.5460822119553,6.689865514886151e-07
ETH-fed(KEN+TZA+UGA),2001,1,current_account,2002,persistence,-1.74046524518375,2.79574072019794
ETH-fed(KEN+TZA+UGA),2001,1,current_account,2002,arima,-1.74046524518375,0.4867825144032454
ETH-fed(KEN+TZA+UGA),2001,1,current_account,2002,chronos,-1.74046524518375,0.7505786036813695
ETH-fed(KEN+TZA+UGA),2001,1,current_account,2002,xgb_blind,-1.74046524518375,1.7778002405798
ETH-fed(KEN+TZA+UGA),2001,1,current_account,2002,xgb_lag,-1.74046524518375,0.4867825144032454
ETH-fed(KEN+TZA+UGA),2001,1,current_account,2002,xgb_typed,-1.74046524518375,0.4867825144032454
ETH-fed(KEN+TZA+UGA),2001,1,current_account,2002,lgbm_blind,-1.74046524518375,0.5931944302447711
ETH-fed(KEN+TZA+UGA),2001,1,current_account,2002,lgbm_lag,-1.74046524518375,0.4867825144032454
ETH-fed(KEN+TZA+UGA),2001,1,current_account,2002,lgbm_typed,-1.74046524518375,0.4867825144032454
ETH-fed(KEN+TZA+UGA),2001,1,current_account,2002,tft,-1.74046524518375,1.9135512495672267
ETH-fed(KEN+TZA+UGA),2001,1,current_account,2002,tgcn,-1.74046524518375,
ETH-fed(KEN+TZA+UGA),2001,1,current_account,2002,persistence_scarcity,-1.74046524518375,2.79574072019794
ETH-fed(KEN+TZA+UGA),2001,1,current_account,2002,chronos_scarcity,-1.74046524518375,0.7505786036813695
ETH-fed(KEN+TZA+UGA),2001,1,current_account,2002,gnn_scarcity,-1.74046524518375,1.3255061125123937
ETH-fed(KEN+TZA+UGA),2001,3,current_account,2004,persistence,-6.59189372254429,2.0556877571626
ETH-fed(KEN+TZA+UGA),2001,3,current_account,2004,arima,-6.59189372254429,3.7875802697820733
ETH-fed(KEN+TZA+UGA),2001,3,current_account,2004,chronos,-6.59189372254429,6.43633932364998
ETH-fed(KEN+TZA+UGA),2001,3,current_account,2004,xgb_blind,-6.59189372254429,1.2188039322000517
ETH-fed(KEN+TZA+UGA),2001,3,current_account,2004,xgb_lag,-6.59189372254429,3.7875802697820733
ETH-fed(KEN+TZA+UGA),2001,3,current_account,2004,xgb_typed,-6.59189372254429,3.7875802697820733
ETH-fed(KEN+TZA+UGA),2001,3,current_account,2004,lgbm_blind,-6.59189372254429,5.230590830177245
ETH-fed(KEN+TZA+UGA),2001,3,current_account,2004,lgbm_lag,-6.59189372254429,3.7875802697820733
ETH-fed(KEN+TZA+UGA),2001,3,current_account,2004,lgbm_typed,-6.59189372254429,3.7875802697820733
ETH-fed(KEN+TZA+UGA),2001,3,current_account,2004,tft,-6.59189372254429,2.9671080608469023
ETH-fed(KEN+TZA+UGA),2001,3,current_account,2004,tgcn,-6.59189372254429,
ETH-fed(KEN+TZA+UGA),2001,3,current_account,2004,persistence_scarcity,-6.59189372254429,2.0556877571626
ETH-fed(KEN+TZA+UGA),2001,3,current_account,2004,chronos_scarcity,-6.59189372254429,6.43633932364998
ETH-fed(KEN+TZA+UGA),2001,3,current_account,2004,gnn_scarcity,-6.59189372254429,5.620970775614358
ETH-fed(KEN+TZA+UGA),2001,5,current_account,2006,persistence,-11.6871605564419,7.150954591060209
ETH-fed(KEN+TZA+UGA),2001,5,current_account,2006,arima,-11.6871605564419,8.743544659075047
ETH-fed(KEN+TZA+UGA),2001,5,current_account,2006,chronos,-11.6871605564419,11.5174658496443
ETH-fed(KEN+TZA+UGA),2001,5,current_account,2006,xgb_blind,-11.6871605564419,8.263497178680058
ETH-fed(KEN+TZA+UGA),2001,5,current_account,2006,xgb_lag,-11.6871605564419,8.743544659075047
ETH-fed(KEN+TZA+UGA),2001,5,current_account,2006,xgb_typed,-11.6871605564419,8.743544659075047
ETH-fed(KEN+TZA+UGA),2001,5,current_account,2006,lgbm_blind,-11.6871605564419,9.763508648316703
ETH-fed(KEN+TZA+UGA),2001,5,current_account,2006,lgbm_lag,-11.6871605564419,8.743544659075047
ETH-fed(KEN+TZA+UGA),2001,5,current_account,2006,lgbm_typed,-11.6871605564419,8.743544659075047
ETH-fed(KEN+TZA+UGA),2001,5,current_account,2006,tft,-11.6871605564419,8.074796741134282
ETH-fed(KEN+TZA+UGA),2001,5,current_account,2006,tgcn,-11.6871605564419,
ETH-fed(KEN+TZA+UGA),2001,5,current_account,2006,persistence_scarcity,-11.6871605564419,7.150954591060209
ETH-fed(KEN+TZA+UGA),2001,5,current_account,2006,chronos_scarcity,-11.6871605564419,11.5174658496443
ETH-fed(KEN+TZA+UGA),2001,5,current_account,2006,gnn_scarcity,-11.6871605564419,10.901121442443486
ETH-fed(KEN+TZA+UGA),2001,1,real_interest_rate,2002,persistence,12.7439479028674,4.891535303824799
ETH-fed(KEN+TZA+UGA),2001,1,real_interest_rate,2002,arima,12.7439479028674,1.6888707733059967
ETH-fed(KEN+TZA+UGA),2001,1,real_interest_rate,2002,chronos,12.7439479028674,3.5728892480822445
ETH-fed(KEN+TZA+UGA),2001,1,real_interest_rate,2002,xgb_blind,12.7439479028674,2.274941524317658
ETH-fed(KEN+TZA+UGA),2001,1,real_interest_rate,2002,xgb_lag,12.7439479028674,1.6888707733059967
ETH-fed(KEN+TZA+UGA),2001,1,real_interest_rate,2002,xgb_typed,12.7439479028674,1.6888707733059967
ETH-fed(KEN+TZA+UGA),2001,1,real_interest_rate,2002,lgbm_blind,12.7439479028674,7.247934272347187
ETH-fed(KEN+TZA+UGA),2001,1,real_interest_rate,2002,lgbm_lag,12.7439479028674,1.6888707733059967
ETH-fed(KEN+TZA+UGA),2001,1,real_interest_rate,2002,lgbm_typed,12.7439479028674,1.6888707733059967
ETH-fed(KEN+TZA+UGA),2001,1,real_interest_rate,2002,tft,12.7439479028674,8.065361102869904
ETH-fed(KEN+TZA+UGA),2001,1,real_interest_rate,2002,tgcn,12.7439479028674,
ETH-fed(KEN+TZA+UGA),2001,1,real_interest_rate,2002,persistence_scarcity,12.7439479028674,4.891535303824799
ETH-fed(KEN+TZA+UGA),2001,1,real_interest_rate,2002,chronos_scarcity,12.7439479028674,3.5728892480822445
ETH-fed(KEN+TZA+UGA),2001,1,real_interest_rate,2002,gnn_scarcity,12.7439479028674,4.650956073948944
ETH-fed(KEN+TZA+UGA),2001,3,real_interest_rate,2004,persistence,2.97237710473646,14.66310610195574
ETH-fed(KEN+TZA+UGA),2001,3,real_interest_rate,2004,arima,2.97237710473646,9.724226436305472
ETH-fed(KEN+TZA+UGA),2001,3,real_interest_rate,2004,chronos,2.97237710473646,4.820026593231069
ETH-fed(KEN+TZA+UGA),2001,3,real_interest_rate,2004,xgb_blind,2.97237710473646,5.896819787048208
ETH-fed(KEN+TZA+UGA),2001,3,real_interest_rate,2004,xgb_lag,2.97237710473646,9.724226436305472
ETH-fed(KEN+TZA+UGA),2001,3,real_interest_rate,2004,xgb_typed,2.97237710473646,9.724226436305472
ETH-fed(KEN+TZA+UGA),2001,3,real_interest_rate,2004,lgbm_blind,2.97237710473646,5.690195954663463
ETH-fed(KEN+TZA+UGA),2001,3,real_interest_rate,2004,lgbm_lag,2.97237710473646,9.724226436305472
ETH-fed(KEN+TZA+UGA),2001,3,real_interest_rate,2004,lgbm_typed,2.97237710473646,9.724226436305472
ETH-fed(KEN+TZA+UGA),2001,3,real_interest_rate,2004,tft,2.97237710473646,23.92399092199694
ETH-fed(KEN+TZA+UGA),2001,3,real_interest_rate,2004,tgcn,2.97237710473646,
ETH-fed(KEN+TZA+UGA),2001,3,real_interest_rate,2004,persistence_scarcity,2.97237710473646,14.66310610195574
ETH-fed(KEN+TZA+UGA),2001,3,real_interest_rate,2004,chronos_scarcity,2.97237710473646,4.820026593231069
ETH-fed(KEN+TZA+UGA),2001,3,real_interest_rate,2004,gnn_scarcity,2.97237710473646,3.22833557608019
ETH-fed(KEN+TZA+UGA),2001,5,real_interest_rate,2006,persistence,-4.08090892794825,21.71639213464045
ETH-fed(KEN+TZA+UGA),2001,5,real_interest_rate,2006,arima,-4.08090892794825,17.150524044708334
ETH-fed(KEN+TZA+UGA),2001,5,real_interest_rate,2006,chronos,-4.08090892794825,10.644509468109383
ETH-fed(KEN+TZA+UGA),2001,5,real_interest_rate,2006,xgb_blind,-4.08090892794825,10.258287582428231
ETH-fed(KEN+TZA+UGA),2001,5,real_interest_rate,2006,xgb_lag,-4.08090892794825,17.150524044708334
ETH-fed(KEN+TZA+UGA),2001,5,real_interest_rate,2006,xgb_typed,-4.08090892794825,17.150524044708334
ETH-fed(KEN+TZA+UGA),2001,5,real_interest_rate,2006,lgbm_blind,-4.08090892794825,13.557478001489073
ETH-fed(KEN+TZA+UGA),2001,5,real_interest_rate,2006,lgbm_lag,-4.08090892794825,17.150524044708334
ETH-fed(KEN+TZA+UGA),2001,5,real_interest_rate,2006,lgbm_typed,-4.08090892794825,17.150524044708334
ETH-fed(KEN+TZA+UGA),2001,5,real_interest_rate,2006,tft,-4.08090892794825,33.93050495150782
ETH-fed(KEN+TZA+UGA),2001,5,real_interest_rate,2006,tgcn,-4.08090892794825,
ETH-fed(KEN+TZA+UGA),2001,5,real_interest_rate,2006,persistence_scarcity,-4.08090892794825,21.71639213464045
ETH-fed(KEN+TZA+UGA),2001,5,real_interest_rate,2006,chronos_scarcity,-4.08090892794825,10.644509468109383
ETH-fed(KEN+TZA+UGA),2001,5,real_interest_rate,2006,gnn_scarcity,-4.08090892794825,10.910892162353768
ETH-fed(KEN+TZA+UGA),2001,1,broad_money,2002,persistence,44.036796941287,6.873526287086804
ETH-fed(KEN+TZA+UGA),2001,1,broad_money,2002,arima,44.036796941287,7.989957396142039
ETH-fed(KEN+TZA+UGA),2001,1,broad_money,2002,chronos,44.036796941287,5.786407842165907
ETH-fed(KEN+TZA+UGA),2001,1,broad_money,2002,xgb_blind,44.036796941287,9.583897008425673
ETH-fed(KEN+TZA+UGA),2001,1,broad_money,2002,xgb_lag,44.036796941287,7.989957396142039
ETH-fed(KEN+TZA+UGA),2001,1,broad_money,2002,xgb_typed,44.036796941287,7.989957396142039
ETH-fed(KEN+TZA+UGA),2001,1,broad_money,2002,lgbm_blind,44.036796941287,12.57796810189824
ETH-fed(KEN+TZA+UGA),2001,1,broad_money,2002,lgbm_lag,44.036796941287,7.989957396142039
ETH-fed(KEN+TZA+UGA),2001,1,broad_money,2002,lgbm_typed,44.036796941287,7.989957396142039
ETH-fed(KEN+TZA+UGA),2001,1,broad_money,2002,tft,44.036796941287,8.871498479372939
ETH-fed(KEN+TZA+UGA),2001,1,broad_money,2002,tgcn,44.036796941287,
ETH-fed(KEN+TZA+UGA),2001,1,broad_money,2002,persistence_scarcity,44.036796941287,6.873526287086804
ETH-fed(KEN+TZA+UGA),2001,1,broad_money,2002,chronos_scarcity,44.036796941287,5.786407842165907
ETH-fed(KEN+TZA+UGA),2001,1,broad_money,2002,gnn_scarcity,44.036796941287,11.774635686404189
ETH-fed(KEN+TZA+UGA),2001,3,broad_money,2004,persistence,45.3530821708908,8.189811516690604
ETH-fed(KEN+TZA+UGA),2001,3,broad_money,2004,arima,45.3530821708908,9.032132191971229
ETH-fed(KEN+TZA+UGA),2001,3,broad_money,2004,chronos,45.3530821708908,8.130322924064629
ETH-fed(KEN+TZA+UGA),2001,3,broad_money,2004,xgb_blind,45.3530821708908,12.468617906974785
ETH-fed(KEN+TZA+UGA),2001,3,broad_money,2004,xgb_lag,45.3530821708908,9.032132191971229
ETH-fed(KEN+TZA+UGA),2001,3,broad_money,2004,xgb_typed,45.3530821708908,9.032132191971229
ETH-fed(KEN+TZA+UGA),2001,3,broad_money,2004,lgbm_blind,45.3530821708908,13.661228329744969
ETH-fed(KEN+TZA+UGA),2001,3,broad_money,2004,lgbm_lag,45.3530821708908,9.032132191971229
ETH-fed(KEN+TZA+UGA),2001,3,broad_money,2004,lgbm_typed,45.3530821708908,9.032132191971229
ETH-fed(KEN+TZA+UGA),2001,3,broad_money,2004,tft,45.3530821708908,10.193727007316582
ETH-fed(KEN+TZA+UGA),2001,3,broad_money,2004,tgcn,45.3530821708908,
ETH-fed(KEN+TZA+UGA),2001,3,broad_money,2004,persistence_scarcity,45.3530821708908,8.189811516690604
ETH-fed(KEN+TZA+UGA),2001,3,broad_money,2004,chronos_scarcity,45.3530821708908,8.130322924064629
ETH-fed(KEN+TZA+UGA),2001,3,broad_money,2004,gnn_scarcity,45.3530821708908,13.834393968986504
ETH-fed(KEN+TZA+UGA),2001,5,broad_money,2006,persistence,42.4864001741599,5.3231295199597
ETH-fed(KEN+TZA+UGA),2001,5,broad_money,2006,arima,42.4864001741599,6.114034769925652
ETH-fed(KEN+TZA+UGA),2001,5,broad_money,2006,chronos,42.4864001741599,5.720347928066147
ETH-fed(KEN+TZA+UGA),2001,5,broad_money,2006,xgb_blind,42.4864001741599,6.806979702968491
ETH-fed(KEN+TZA+UGA),2001,5,broad_money,2006,xgb_lag,42.4864001741599,6.114034769925652
ETH-fed(KEN+TZA+UGA),2001,5,broad_money,2006,xgb_typed,42.4864001741599,6.114034769925652
ETH-fed(KEN+TZA+UGA),2001,5,broad_money,2006,lgbm_blind,42.4864001741599,10.045972938965285
ETH-fed(KEN+TZA+UGA),2001,5,broad_money,2006,lgbm_lag,42.4864001741599,6.114034769925652
ETH-fed(KEN+TZA+UGA),2001,5,broad_money,2006,lgbm_typed,42.4864001741599,6.114034769925652
ETH-fed(KEN+TZA+UGA),2001,5,broad_money,2006,tft,42.4864001741599,7.328143643398178
ETH-fed(KEN+TZA+UGA),2001,5,broad_money,2006,tgcn,42.4864001741599,
ETH-fed(KEN+TZA+UGA),2001,5,broad_money,2006,persistence_scarcity,42.4864001741599,5.3231295199597
ETH-fed(KEN+TZA+UGA),2001,5,broad_money,2006,chronos_scarcity,42.4864001741599,5.720347928066147
ETH-fed(KEN+TZA+UGA),2001,5,broad_money,2006,gnn_scarcity,42.4864001741599,10.72047190572728
ETH-fed(KEN+TZA+UGA),2001,1,private_credit,2002,persistence,17.978117689976,0.1995709044090006
ETH-fed(KEN+TZA+UGA),2001,1,private_credit,2002,arima,17.978117689976,0.10395397677421414
ETH-fed(KEN+TZA+UGA),2001,1,private_credit,2002,chronos,17.978117689976,0.5456912373392804
ETH-fed(KEN+TZA+UGA),2001,1,private_credit,2002,xgb_blind,17.978117689976,3.4461009358256085
ETH-fed(KEN+TZA+UGA),2001,1,private_credit,2002,xgb_lag,17.978117689976,0.10395397677421414
ETH-fed(KEN+TZA+UGA),2001,1,private_credit,2002,xgb_typed,17.978117689976,0.10395397677421414
ETH-fed(KEN+TZA+UGA),2001,1,private_credit,2002,lgbm_blind,17.978117689976,7.5127663793327155
ETH-fed(KEN+TZA+UGA),2001,1,private_credit,2002,lgbm_lag,17.978117689976,0.10395397677421414
ETH-fed(KEN+TZA+UGA),2001,1,private_credit,2002,lgbm_typed,17.978117689976,0.10395397677421414
ETH-fed(KEN+TZA+UGA),2001,1,private_credit,2002,tft,17.978117689976,0.13130639542033506
ETH-fed(KEN+TZA+UGA),2001,1,private_credit,2002,tgcn,17.978117689976,
ETH-fed(KEN+TZA+UGA),2001,1,private_credit,2002,persistence_scarcity,17.978117689976,0.1995709044090006
ETH-fed(KEN+TZA+UGA),2001,1,private_credit,2002,chronos_scarcity,17.978117689976,0.5456912373392804
ETH-fed(KEN+TZA+UGA),2001,1,private_credit,2002,gnn_scarcity,17.978117689976,5.889059767612718
ETH-fed(KEN+TZA+UGA),2001,3,private_credit,2004,persistence,16.5291865259117,1.2493602596552975
ETH-fed(KEN+TZA+UGA),2001,3,private_credit,2004,arima,16.5291865259117,1.440618619972124
ETH-fed(KEN+TZA+UGA),2001,3,private_credit,2004,chronos,16.5291865259117,0.8792145639366034
ETH-fed(KEN+TZA+UGA),2001,3,private_credit,2004,xgb_blind,16.5291865259117,2.639054974942791
ETH-fed(KEN+TZA+UGA),2001,3,private_credit,2004,xgb_lag,16.5291865259117,1.440618619972124
ETH-fed(KEN+TZA+UGA),2001,3,private_credit,2004,xgb_typed,16.5291865259117,1.440618619972124
ETH-fed(KEN+TZA+UGA),2001,3,private_credit,2004,lgbm_blind,16.5291865259117,4.1282074308765715
ETH-fed(KEN+TZA+UGA),2001,3,private_credit,2004,lgbm_lag,16.5291865259117,1.440618619972124
ETH-fed(KEN+TZA+UGA),2001,3,private_credit,2004,lgbm_typed,16.5291865259117,1.440618619972124
ETH-fed(KEN+TZA+UGA),2001,3,private_credit,2004,tft,16.5291865259117,1.3576924413734552
ETH-fed(KEN+TZA+UGA),2001,3,private_credit,2004,tgcn,16.5291865259117,
ETH-fed(KEN+TZA+UGA),2001,3,private_credit,2004,persistence_scarcity,16.5291865259117,1.2493602596552975
ETH-fed(KEN+TZA+UGA),2001,3,private_credit,2004,chronos_scarcity,16.5291865259117,0.8792145639366034
ETH-fed(KEN+TZA+UGA),2001,3,private_credit,2004,gnn_scarcity,16.5291865259117,6.018124857515705
ETH-fed(KEN+TZA+UGA),2001,5,private_credit,2006,persistence,20.4493250657558,2.6707782801888023
ETH-fed(KEN+TZA+UGA),2001,5,private_credit,2006,arima,20.4493250657558,2.4429745932297706
ETH-fed(KEN+TZA+UGA),2001,5,private_credit,2006,chronos,20.4493250657558,7.7938818742274805
ETH-fed(KEN+TZA+UGA),2001,5,private_credit,2006,xgb_blind,20.4493250657558,3.514621238851504
ETH-fed(KEN+TZA+UGA),2001,5,private_credit,2006,xgb_lag,20.4493250657558,2.4429745932297706
ETH-fed(KEN+TZA+UGA),2001,5,private_credit,2006,xgb_typed,20.4493250657558,2.4429745932297706
ETH-fed(KEN+TZA+UGA),2001,5,private_credit,2006,lgbm_blind,20.4493250657558,5.695498311322032
ETH-fed(KEN+TZA+UGA),2001,5,private_credit,2006,lgbm_lag,20.4493250657558,2.4429745932297706
ETH-fed(KEN+TZA+UGA),2001,5,private_credit,2006,lgbm_typed,20.4493250657558,2.4429745932297706
ETH-fed(KEN+TZA+UGA),2001,5,private_credit,2006,tft,20.4493250657558,2.5203852464198633
ETH-fed(KEN+TZA+UGA),2001,5,private_credit,2006,tgcn,20.4493250657558,
ETH-fed(KEN+TZA+UGA),2001,5,private_credit,2006,persistence_scarcity,20.4493250657558,2.6707782801888023
ETH-fed(KEN+TZA+UGA),2001,5,private_credit,2006,chronos_scarcity,20.4493250657558,7.7938818742274805
ETH-fed(KEN+TZA+UGA),2001,5,private_credit,2006,gnn_scarcity,20.4493250657558,9.413506012105898
ETH-fed(KEN+TZA+UGA),2001,1,govt_consumption,2002,persistence,10.3182460672537,0.0
ETH-fed(KEN+TZA+UGA),2001,1,govt_consumption,2002,arima,10.3182460672537,0.0
ETH-fed(KEN+TZA+UGA),2001,1,govt_consumption,2002,chronos,10.3182460672537,0.030259311882606
ETH-fed(KEN+TZA+UGA),2001,1,govt_consumption,2002,xgb_blind,10.3182460672537,1.7949735209299433e-07
ETH-fed(KEN+TZA+UGA),2001,1,govt_consumption,2002,xgb_lag,10.3182460672537,0.0
ETH-fed(KEN+TZA+UGA),2001,1,govt_consumption,2002,xgb_typed,10.3182460672537,0.0
ETH-fed(KEN+TZA+UGA),2001,1,govt_consumption,2002,lgbm_blind,10.3182460672537,1.7949735209299433e-07
ETH-fed(KEN+TZA+UGA),2001,1,govt_consumption,2002,lgbm_lag,10.3182460672537,0.0
ETH-fed(KEN+TZA+UGA),2001,1,govt_consumption,2002,lgbm_typed,10.3182460672537,0.0
ETH-fed(KEN+TZA+UGA),2001,1,govt_consumption,2002,tft,10.3182460672537,0.06525343724881694
ETH-fed(KEN+TZA+UGA),2001,1,govt_consumption,2002,tgcn,10.3182460672537,
ETH-fed(KEN+TZA+UGA),2001,1,govt_consumption,2002,persistence_scarcity,10.3182460672537,0.0
ETH-fed(KEN+TZA+UGA),2001,1,govt_consumption,2002,chronos_scarcity,10.3182460672537,0.030259311882606
ETH-fed(KEN+TZA+UGA),2001,1,govt_consumption,2002,gnn_scarcity,10.3182460672537,1.7949735209299433e-07
ETH-fed(KEN+TZA+UGA),2001,3,govt_consumption,2004,persistence,10.3182460672537,0.0
ETH-fed(KEN+TZA+UGA),2001,3,govt_consumption,2004,arima,10.3182460672537,0.0
ETH-fed(KEN+TZA+UGA),2001,3,govt_consumption,2004,chronos,10.3182460672537,0.030259311882606
ETH-fed(KEN+TZA+UGA),2001,3,govt_consumption,2004,xgb_blind,10.3182460672537,1.7949735209299433e-07
ETH-fed(KEN+TZA+UGA),2001,3,govt_consumption,2004,xgb_lag,10.3182460672537,0.0
ETH-fed(KEN+TZA+UGA),2001,3,govt_consumption,2004,xgb_typed,10.3182460672537,0.0
ETH-fed(KEN+TZA+UGA),2001,3,govt_consumption,2004,lgbm_blind,10.3182460672537,1.7949735209299433e-07
ETH-fed(KEN+TZA+UGA),2001,3,govt_consumption,2004,lgbm_lag,10.3182460672537,0.0
ETH-fed(KEN+TZA+UGA),2001,3,govt_consumption,2004,lgbm_typed,10.3182460672537,0.0
ETH-fed(KEN+TZA+UGA),2001,3,govt_consumption,2004,tft,10.3182460672537,0.075944126335731
ETH-fed(KEN+TZA+UGA),2001,3,govt_consumption,2004,tgcn,10.3182460672537,
ETH-fed(KEN+TZA+UGA),2001,3,govt_consumption,2004,persistence_scarcity,10.3182460672537,0.0
ETH-fed(KEN+TZA+UGA),2001,3,govt_consumption,2004,chronos_scarcity,10.3182460672537,0.030259311882606
ETH-fed(KEN+TZA+UGA),2001,3,govt_consumption,2004,gnn_scarcity,10.3182460672537,1.7949735209299433e-07
ETH-fed(KEN+TZA+UGA),2001,5,govt_consumption,2006,persistence,10.3182460672537,0.0
ETH-fed(KEN+TZA+UGA),2001,5,govt_consumption,2006,arima,10.3182460672537,0.0
ETH-fed(KEN+TZA+UGA),2001,5,govt_consumption,2006,chronos,10.3182460672537,0.030259311882606
ETH-fed(KEN+TZA+UGA),2001,5,govt_consumption,2006,xgb_blind,10.3182460672537,1.7949735209299433e-07
ETH-fed(KEN+TZA+UGA),2001,5,govt_consumption,2006,xgb_lag,10.3182460672537,0.0
ETH-fed(KEN+TZA+UGA),2001,5,govt_consumption,2006,xgb_typed,10.3182460672537,0.0
ETH-fed(KEN+TZA+UGA),2001,5,govt_consumption,2006,lgbm_blind,10.3182460672537,1.7949735209299433e-07
ETH-fed(KEN+TZA+UGA),2001,5,govt_consumption,2006,lgbm_lag,10.3182460672537,0.0
ETH-fed(KEN+TZA+UGA),2001,5,govt_consumption,2006,lgbm_typed,10.3182460672537,0.0
ETH-fed(KEN+TZA+UGA),2001,5,govt_consumption,2006,tft,10.3182460672537,0.06998652288114116
ETH-fed(KEN+TZA+UGA),2001,5,govt_consumption,2006,tgcn,10.3182460672537,
ETH-fed(KEN+TZA+UGA),2001,5,govt_consumption,2006,persistence_scarcity,10.3182460672537,0.0
ETH-fed(KEN+TZA+UGA),2001,5,govt_consumption,2006,chronos_scarcity,10.3182460672537,0.030259311882606
ETH-fed(KEN+TZA+UGA),2001,5,govt_consumption,2006,gnn_scarcity,10.3182460672537,1.7949735209299433e-07
ETH-fed(KEN+TZA+UGA),2002,1,gdp_growth,2003,persistence,-2.16135972256865,3.67608542924298
ETH-fed(KEN+TZA+UGA),2002,1,gdp_growth,2003,arima,-2.16135972256865,5.937603876614065
ETH-fed(KEN+TZA+UGA),2002,1,gdp_growth,2003,chronos,-2.16135972256865,5.407304937793869
ETH-fed(KEN+TZA+UGA),2002,1,gdp_growth,2003,xgb_blind,-2.16135972256865,5.7369591545602265
ETH-fed(KEN+TZA+UGA),2002,1,gdp_growth,2003,xgb_lag,-2.16135972256865,5.937603876614065
ETH-fed(KEN+TZA+UGA),2002,1,gdp_growth,2003,xgb_typed,-2.16135972256865,5.937603876614065
ETH-fed(KEN+TZA+UGA),2002,1,gdp_growth,2003,lgbm_blind,-2.16135972256865,5.478333607469061
ETH-fed(KEN+TZA+UGA),2002,1,gdp_growth,2003,lgbm_lag,-2.16135972256865,5.937603876614065
ETH-fed(KEN+TZA+UGA),2002,1,gdp_growth,2003,lgbm_typed,-2.16135972256865,5.937603876614065
ETH-fed(KEN+TZA+UGA),2002,1,gdp_growth,2003,tft,-2.16135972256865,5.89235108609404
ETH-fed(KEN+TZA+UGA),2002,1,gdp_growth,2003,tgcn,-2.16135972256865,
ETH-fed(KEN+TZA+UGA),2002,1,gdp_growth,2003,persistence_scarcity,-2.16135972256865,3.67608542924298
ETH-fed(KEN+TZA+UGA),2002,1,gdp_growth,2003,chronos_scarcity,-2.16135972256865,5.407304937793869
ETH-fed(KEN+TZA+UGA),2002,1,gdp_growth,2003,gnn_scarcity,-2.16135972256865,6.127010281040329
ETH-fed(KEN+TZA+UGA),2002,3,gdp_growth,2005,persistence,11.8187659491625,10.30404024248817
ETH-fed(KEN+TZA+UGA),2002,3,gdp_growth,2005,arima,11.8187659491625,8.545006439950967
ETH-fed(KEN+TZA+UGA),2002,3,gdp_growth,2005,chronos,11.8187659491625,8.389950822743433
ETH-fed(KEN+TZA+UGA),2002,3,gdp_growth,2005,xgb_blind,11.8187659491625,7.490332912358301
ETH-fed(KEN+TZA+UGA),2002,3,gdp_growth,2005,xgb_lag,11.8187659491625,8.545006439950967
ETH-fed(KEN+TZA+UGA),2002,3,gdp_growth,2005,xgb_typed,11.8187659491625,8.545006439950967
ETH-fed(KEN+TZA+UGA),2002,3,gdp_growth,2005,lgbm_blind,11.8187659491625,6.257401250752467
ETH-fed(KEN+TZA+UGA),2002,3,gdp_growth,2005,lgbm_lag,11.8187659491625,8.545006439950967
ETH-fed(KEN+TZA+UGA),2002,3,gdp_growth,2005,lgbm_typed,11.8187659491625,8.545006439950967
ETH-fed(KEN+TZA+UGA),2002,3,gdp_growth,2005,tft,11.8187659491625,6.838549922856348
ETH-fed(KEN+TZA+UGA),2002,3,gdp_growth,2005,tgcn,11.8187659491625,
ETH-fed(KEN+TZA+UGA),2002,3,gdp_growth,2005,persistence_scarcity,11.8187659491625,10.30404024248817
ETH-fed(KEN+TZA+UGA),2002,3,gdp_growth,2005,chronos_scarcity,11.8187659491625,8.389950822743433
ETH-fed(KEN+TZA+UGA),2002,3,gdp_growth,2005,gnn_scarcity,11.8187659491625,8.112556051167505
ETH-fed(KEN+TZA+UGA),2002,5,gdp_growth,2007,persistence,11.4561670019891,9.94144129531477
ETH-fed(KEN+TZA+UGA),2002,5,gdp_growth,2007,arima,11.4561670019891,8.238205802034837
ETH-fed(KEN+TZA+UGA),2002,5,gdp_growth,2007,chronos,11.4561670019891,7.341586370732996
ETH-fed(KEN+TZA+UGA),2002,5,gdp_growth,2007,xgb_blind,11.4561670019891,9.773390670087549
ETH-fed(KEN+TZA+UGA),2002,5,gdp_growth,2007,xgb_lag,11.4561670019891,8.238205802034837
ETH-fed(KEN+TZA+UGA),2002,5,gdp_growth,2007,xgb_typed,11.4561670019891,8.238205802034837
ETH-fed(KEN+TZA+UGA),2002,5,gdp_growth,2007,lgbm_blind,11.4561670019891,6.546060909297678
ETH-fed(KEN+TZA+UGA),2002,5,gdp_growth,2007,lgbm_lag,11.4561670019891,8.238205802034837
ETH-fed(KEN+TZA+UGA),2002,5,gdp_growth,2007,lgbm_typed,11.4561670019891,8.238205802034837
ETH-fed(KEN+TZA+UGA),2002,5,gdp_growth,2007,tft,11.4561670019891,5.569987077977869
ETH-fed(KEN+TZA+UGA),2002,5,gdp_growth,2007,tgcn,11.4561670019891,
ETH-fed(KEN+TZA+UGA),2002,5,gdp_growth,2007,persistence_scarcity,11.4561670019891,9.94144129531477
ETH-fed(KEN+TZA+UGA),2002,5,gdp_growth,2007,chronos_scarcity,11.4561670019891,7.341586370732996
ETH-fed(KEN+TZA+UGA),2002,5,gdp_growth,2007,gnn_scarcity,11.4561670019891,7.206100721624109
ETH-fed(KEN+TZA+UGA),2002,1,inflation_cpi,2003,persistence,13.6740452028271,12.9989561006563
ETH-fed(KEN+TZA+UGA),2002,1,inflation_cpi,2003,arima,13.6740452028271,18.384303338934252
ETH-fed(KEN+TZA+UGA),2002,1,inflation_cpi,2003,chronos,13.6740452028271,12.898603079414015
ETH-fed(KEN+TZA+UGA),2002,1,inflation_cpi,2003,xgb_blind,13.6740452028271,10.636382935142164
ETH-fed(KEN+TZA+UGA),2002,1,inflation_cpi,2003,xgb_lag,13.6740452028271,18.384303338934252
ETH-fed(KEN+TZA+UGA),2002,1,inflation_cpi,2003,xgb_typed,13.6740452028271,18.384303338934252
ETH-fed(KEN+TZA+UGA),2002,1,inflation_cpi,2003,lgbm_blind,13.6740452028271,8.4027059254007
ETH-fed(KEN+TZA+UGA),2002,1,inflation_cpi,2003,lgbm_lag,13.6740452028271,18.384303338934252
ETH-fed(KEN+TZA+UGA),2002,1,inflation_cpi,2003,lgbm_typed,13.6740452028271,18.384303338934252
ETH-fed(KEN+TZA+UGA),2002,1,inflation_cpi,2003,tft,13.6740452028271,12.998575208282118
ETH-fed(KEN+TZA+UGA),2002,1,inflation_cpi,2003,tgcn,13.6740452028271,
ETH-fed(KEN+TZA+UGA),2002,1,inflation_cpi,2003,persistence_scarcity,13.6740452028271,12.9989561006563
ETH-fed(KEN+TZA+UGA),2002,1,inflation_cpi,2003,chronos_scarcity,13.6740452028271,12.898603079414015
ETH-fed(KEN+TZA+UGA),2002,1,inflation_cpi,2003,gnn_scarcity,13.6740452028271,7.265411493873243
ETH-fed(KEN+TZA+UGA),2002,3,inflation_cpi,2005,persistence,9.96997123512891,9.29488213295811
ETH-fed(KEN+TZA+UGA),2002,3,inflation_cpi,2005,arima,9.96997123512891,13.392383957096934
ETH-fed(KEN+TZA+UGA),2002,3,inflation_cpi,2005,chronos,9.96997123512891,9.050930912825137
ETH-fed(KEN+TZA+UGA),2002,3,inflation_cpi,2005,xgb_blind,9.96997123512891,11.335748370024234
ETH-fed(KEN+TZA+UGA),2002,3,inflation_cpi,2005,xgb_lag,9.96997123512891,13.392383957096934
ETH-fed(KEN+TZA+UGA),2002,3,inflation_cpi,2005,xgb_typed,9.96997123512891,13.392383957096934
ETH-fed(KEN+TZA+UGA),2002,3,inflation_cpi,2005,lgbm_blind,9.96997123512891,8.269368393751652
ETH-fed(KEN+TZA+UGA),2002,3,inflation_cpi,2005,lgbm_lag,9.96997123512891,13.392383957096934
ETH-fed(KEN+TZA+UGA),2002,3,inflation_cpi,2005,lgbm_typed,9.96997123512891,13.392383957096934
ETH-fed(KEN+TZA+UGA),2002,3,inflation_cpi,2005,tft,9.96997123512891,9.294262285563022
ETH-fed(KEN+TZA+UGA),2002,3,inflation_cpi,2005,tgcn,9.96997123512891,
ETH-fed(KEN+TZA+UGA),2002,3,inflation_cpi,2005,persistence_scarcity,9.96997123512891,9.29488213295811
ETH-fed(KEN+TZA+UGA),2002,3,inflation_cpi,2005,chronos_scarcity,9.96997123512891,9.050930912825137
ETH-fed(KEN+TZA+UGA),2002,3,inflation_cpi,2005,gnn_scarcity,9.96997123512891,3.9898520067658723
ETH-fed(KEN+TZA+UGA),2002,5,inflation_cpi,2007,persistence,17.2404008340897,16.5653117319189
ETH-fed(KEN+TZA+UGA),2002,5,inflation_cpi,2007,arima,17.2404008340897,20.19264907992992
ETH-fed(KEN+TZA+UGA),2002,5,inflation_cpi,2007,chronos,17.2404008340897,16.09160034180302
ETH-fed(KEN+TZA+UGA),2002,5,inflation_cpi,2007,xgb_blind,17.2404008340897,13.965362114912455
ETH-fed(KEN+TZA+UGA),2002,5,inflation_cpi,2007,xgb_lag,17.2404008340897,20.19264907992992
ETH-fed(KEN+TZA+UGA),2002,5,inflation_cpi,2007,xgb_typed,17.2404008340897,20.19264907992992
ETH-fed(KEN+TZA+UGA),2002,5,inflation_cpi,2007,lgbm_blind,17.2404008340897,16.506765021091883
ETH-fed(KEN+TZA+UGA),2002,5,inflation_cpi,2007,lgbm_lag,17.2404008340897,20.19264907992992
ETH-fed(KEN+TZA+UGA),2002,5,inflation_cpi,2007,lgbm_typed,17.2404008340897,20.19264907992992
ETH-fed(KEN+TZA+UGA),2002,5,inflation_cpi,2007,tft,17.2404008340897,16.564426047808116
ETH-fed(KEN+TZA+UGA),2002,5,inflation_cpi,2007,tgcn,17.2404008340897,
ETH-fed(KEN+TZA+UGA),2002,5,inflation_cpi,2007,persistence_scarcity,17.2404008340897,16.5653117319189
ETH-fed(KEN+TZA+UGA),2002,5,inflation_cpi,2007,chronos_scarcity,17.2404008340897,16.09160034180302
ETH-fed(KEN+TZA+UGA),2002,5,inflation_cpi,2007,gnn_scarcity,17.2404008340897,10.36200193882603
ETH-fed(KEN+TZA+UGA),2002,1,unemployment,2003,persistence,3.008,0.04599999999999982
ETH-fed(KEN+TZA+UGA),2002,1,unemployment,2003,arima,3.008,0.0039509367747458946
ETH-fed(KEN+TZA+UGA),2002,1,unemployment,2003,chronos,3.008,0.017177684783935554
ETH-fed(KEN+TZA+UGA),2002,1,unemployment,2003,xgb_blind,3.008,0.27902640533447265
ETH-fed(KEN+TZA+UGA),2002,1,unemployment,2003,xgb_lag,3.008,0.0039509367747458946
ETH-fed(KEN+TZA+UGA),2002,1,unemployment,2003,xgb_typed,3.008,0.0039509367747458946
ETH-fed(KEN+TZA+UGA),2002,1,unemployment,2003,lgbm_blind,3.008,0.2680833303133645
ETH-fed(KEN+TZA+UGA),2002,1,unemployment,2003,lgbm_lag,3.008,0.0039509367747458946
ETH-fed(KEN+TZA+UGA),2002,1,unemployment,2003,lgbm_typed,3.008,0.0039509367747458946
ETH-fed(KEN+TZA+UGA),2002,1,unemployment,2003,tft,3.008,0.38954819869995116
ETH-fed(KEN+TZA+UGA),2002,1,unemployment,2003,tgcn,3.008,
ETH-fed(KEN+TZA+UGA),2002,1,unemployment,2003,persistence_scarcity,3.008,0.04599999999999982
ETH-fed(KEN+TZA+UGA),2002,1,unemployment,2003,chronos_scarcity,3.008,0.017177684783935554
ETH-fed(KEN+TZA+UGA),2002,1,unemployment,2003,gnn_scarcity,3.008,0.29004182052612304
ETH-fed(KEN+TZA+UGA),2002,3,unemployment,2005,persistence,2.497,0.5569999999999999
ETH-fed(KEN+TZA+UGA),2002,3,unemployment,2005,arima,2.497,0.4916535836122127
ETH-fed(KEN+TZA+UGA),2002,3,unemployment,2005,chronos,2.497,0.5779025344848634
ETH-fed(KEN+TZA+UGA),2002,3,unemployment,2005,xgb_blind,2.497,0.8557331352233888
ETH-fed(KEN+TZA+UGA),2002,3,unemployment,2005,xgb_lag,2.497,0.4916535836122127
ETH-fed(KEN+TZA+UGA),2002,3,unemployment,2005,xgb_typed,2.497,0.4916535836122127
ETH-fed(KEN+TZA+UGA),2002,3,unemployment,2005,lgbm_blind,2.497,0.7643000154495239
ETH-fed(KEN+TZA+UGA),2002,3,unemployment,2005,lgbm_lag,2.497,0.4916535836122127
ETH-fed(KEN+TZA+UGA),2002,3,unemployment,2005,lgbm_typed,2.497,0.4916535836122127
ETH-fed(KEN+TZA+UGA),2002,3,unemployment,2005,tft,2.497,1.0600964813232423
ETH-fed(KEN+TZA+UGA),2002,3,unemployment,2005,tgcn,2.497,
ETH-fed(KEN+TZA+UGA),2002,3,unemployment,2005,persistence_scarcity,2.497,0.5569999999999999
ETH-fed(KEN+TZA+UGA),2002,3,unemployment,2005,chronos_scarcity,2.497,0.5779025344848634
ETH-fed(KEN+TZA+UGA),2002,3,unemployment,2005,gnn_scarcity,2.497,0.7930619506835939
ETH-fed(KEN+TZA+UGA),2002,5,unemployment,2007,persistence,2.337,0.7169999999999996
ETH-fed(KEN+TZA+UGA),2002,5,unemployment,2007,arima,2.337,0.6479874566367654
ETH-fed(KEN+TZA+UGA),2002,5,unemployment,2007,chronos,2.337,0.7859476928710936
ETH-fed(KEN+TZA+UGA),2002,5,unemployment,2007,xgb_blind,2.337,1.0083910350799559
ETH-fed(KEN+TZA+UGA),2002,5,unemployment,2007,xgb_lag,2.337,0.6479874566367654
ETH-fed(KEN+TZA+UGA),2002,5,unemployment,2007,xgb_typed,2.337,0.6479874566367654
ETH-fed(KEN+TZA+UGA),2002,5,unemployment,2007,lgbm_blind,2.337,0.9456250195503233
ETH-fed(KEN+TZA+UGA),2002,5,unemployment,2007,lgbm_lag,2.337,0.6479874566367654
ETH-fed(KEN+TZA+UGA),2002,5,unemployment,2007,lgbm_typed,2.337,0.6479874566367654
ETH-fed(KEN+TZA+UGA),2002,5,unemployment,2007,tft,2.337,1.2525516872406004
ETH-fed(KEN+TZA+UGA),2002,5,unemployment,2007,tgcn,2.337,
ETH-fed(KEN+TZA+UGA),2002,5,unemployment,2007,persistence_scarcity,2.337,0.7169999999999996
ETH-fed(KEN+TZA+UGA),2002,5,unemployment,2007,chronos_scarcity,2.337,0.7859476928710936
ETH-fed(KEN+TZA+UGA),2002,5,unemployment,2007,gnn_scarcity,2.337,0.9697898750305174
ETH-fed(KEN+TZA+UGA),2002,1,exports_gdp,2003,persistence,16.6868531997337,0.0
ETH-fed(KEN+TZA+UGA),2002,1,exports_gdp,2003,arima,16.6868531997337,0.0
ETH-fed(KEN+TZA+UGA),2002,1,exports_gdp,2003,chronos,16.6868531997337,0.04893282009502897
ETH-fed(KEN+TZA+UGA),2002,1,exports_gdp,2003,xgb_blind,16.6868531997337,2.090797757148266e-07
ETH-fed(KEN+TZA+UGA),2002,1,exports_gdp,2003,xgb_lag,16.6868531997337,0.0
ETH-fed(KEN+TZA+UGA),2002,1,exports_gdp,2003,xgb_typed,16.6868531997337,0.0
ETH-fed(KEN+TZA+UGA),2002,1,exports_gdp,2003,lgbm_blind,16.6868531997337,2.090797757148266e-07
ETH-fed(KEN+TZA+UGA),2002,1,exports_gdp,2003,lgbm_lag,16.6868531997337,0.0
ETH-fed(KEN+TZA+UGA),2002,1,exports_gdp,2003,lgbm_typed,16.6868531997337,0.0
ETH-fed(KEN+TZA+UGA),2002,1,exports_gdp,2003,tft,16.6868531997337,0.029945164455380535
ETH-fed(KEN+TZA+UGA),2002,1,exports_gdp,2003,tgcn,16.6868531997337,
ETH-fed(KEN+TZA+UGA),2002,1,exports_gdp,2003,persistence_scarcity,16.6868531997337,0.0
ETH-fed(KEN+TZA+UGA),2002,1,exports_gdp,2003,chronos_scarcity,16.6868531997337,0.04893282009502897
ETH-fed(KEN+TZA+UGA),2002,1,exports_gdp,2003,gnn_scarcity,16.6868531997337,2.1164284085273266e-06
ETH-fed(KEN+TZA+UGA),2002,3,exports_gdp,2005,persistence,16.6868531997337,0.0
ETH-fed(KEN+TZA+UGA),2002,3,exports_gdp,2005,arima,16.6868531997337,0.0
ETH-fed(KEN+TZA+UGA),2002,3,exports_gdp,2005,chronos,16.6868531997337,0.04893282009502897
ETH-fed(KEN+TZA+UGA),2002,3,exports_gdp,2005,xgb_blind,16.6868531997337,2.090797757148266e-07
ETH-fed(KEN+TZA+UGA),2002,3,exports_gdp,2005,xgb_lag,16.6868531997337,0.0
ETH-fed(KEN+TZA+UGA),2002,3,exports_gdp,2005,xgb_typed,16.6868531997337,0.0
ETH-fed(KEN+TZA+UGA),2002,3,exports_gdp,2005,lgbm_blind,16.6868531997337,2.090797757148266e-07
ETH-fed(KEN+TZA+UGA),2002,3,exports_gdp,2005,lgbm_lag,16.6868531997337,0.0
ETH-fed(KEN+TZA+UGA),2002,3,exports_gdp,2005,lgbm_typed,16.6868531997337,0.0
ETH-fed(KEN+TZA+UGA),2002,3,exports_gdp,2005,tft,16.6868531997337,0.02864435268780241
ETH-fed(KEN+TZA+UGA),2002,3,exports_gdp,2005,tgcn,16.6868531997337,
ETH-fed(KEN+TZA+UGA),2002,3,exports_gdp,2005,persistence_scarcity,16.6868531997337,0.0
ETH-fed(KEN+TZA+UGA),2002,3,exports_gdp,2005,chronos_scarcity,16.6868531997337,0.04893282009502897
ETH-fed(KEN+TZA+UGA),2002,3,exports_gdp,2005,gnn_scarcity,16.6868531997337,2.1164284085273266e-06
ETH-fed(KEN+TZA+UGA),2002,5,exports_gdp,2007,persistence,16.6868531997337,0.0
ETH-fed(KEN+TZA+UGA),2002,5,exports_gdp,2007,arima,16.6868531997337,0.0
ETH-fed(KEN+TZA+UGA),2002,5,exports_gdp,2007,chronos,16.6868531997337,0.04893282009502897
ETH-fed(KEN+TZA+UGA),2002,5,exports_gdp,2007,xgb_blind,16.6868531997337,2.090797757148266e-07
ETH-fed(KEN+TZA+UGA),2002,5,exports_gdp,2007,xgb_lag,16.6868531997337,0.0
ETH-fed(KEN+TZA+UGA),2002,5,exports_gdp,2007,xgb_typed,16.6868531997337,0.0
ETH-fed(KEN+TZA+UGA),2002,5,exports_gdp,2007,lgbm_blind,16.6868531997337,2.090797757148266e-07
ETH-fed(KEN+TZA+UGA),2002,5,exports_gdp,2007,lgbm_lag,16.6868531997337,0.0
ETH-fed(KEN+TZA+UGA),2002,5,exports_gdp,2007,lgbm_typed,16.6868531997337,0.0
ETH-fed(KEN+TZA+UGA),2002,5,exports_gdp,2007,tft,16.6868531997337,0.021219044460263348
ETH-fed(KEN+TZA+UGA),2002,5,exports_gdp,2007,tgcn,16.6868531997337,
ETH-fed(KEN+TZA+UGA),2002,5,exports_gdp,2007,persistence_scarcity,16.6868531997337,0.0
ETH-fed(KEN+TZA+UGA),2002,5,exports_gdp,2007,chronos_scarcity,16.6868531997337,0.04893282009502897
ETH-fed(KEN+TZA+UGA),2002,5,exports_gdp,2007,gnn_scarcity,16.6868531997337,2.1164284085273266e-06
ETH-fed(KEN+TZA+UGA),2002,1,imports_gdp,2003,persistence,31.5460822119553,0.0
ETH-fed(KEN+TZA+UGA),2002,1,imports_gdp,2003,arima,31.5460822119553,0.0
ETH-fed(KEN+TZA+UGA),2002,1,imports_gdp,2003,chronos,31.5460822119553,0.09251089237522336
ETH-fed(KEN+TZA+UGA),2002,1,imports_gdp,2003,xgb_blind,31.5460822119553,6.689865514886151e-07
ETH-fed(KEN+TZA+UGA),2002,1,imports_gdp,2003,xgb_lag,31.5460822119553,0.0
ETH-fed(KEN+TZA+UGA),2002,1,imports_gdp,2003,xgb_typed,31.5460822119553,0.0
ETH-fed(KEN+TZA+UGA),2002,1,imports_gdp,2003,lgbm_blind,31.5460822119553,6.689865514886151e-07
ETH-fed(KEN+TZA+UGA),2002,1,imports_gdp,2003,lgbm_lag,31.5460822119553,0.0
ETH-fed(KEN+TZA+UGA),2002,1,imports_gdp,2003,lgbm_typed,31.5460822119553,0.0
ETH-fed(KEN+TZA+UGA),2002,1,imports_gdp,2003,tft,31.5460822119553,0.02994604252170774
ETH-fed(KEN+TZA+UGA),2002,1,imports_gdp,2003,tgcn,31.5460822119553,
ETH-fed(KEN+TZA+UGA),2002,1,imports_gdp,2003,persistence_scarcity,31.5460822119553,0.0
ETH-fed(KEN+TZA+UGA),2002,1,imports_gdp,2003,chronos_scarcity,31.5460822119553,0.09251089237522336
ETH-fed(KEN+TZA+UGA),2002,1,imports_gdp,2003,gnn_scarcity,31.5460822119553,6.689865514886151e-07
ETH-fed(KEN+TZA+UGA),2002,3,imports_gdp,2005,persistence,31.5460822119553,0.0
ETH-fed(KEN+TZA+UGA),2002,3,imports_gdp,2005,arima,31.5460822119553,0.0
ETH-fed(KEN+TZA+UGA),2002,3,imports_gdp,2005,chronos,31.5460822119553,0.09251089237522336
ETH-fed(KEN+TZA+UGA),2002,3,imports_gdp,2005,xgb_blind,31.5460822119553,6.689865514886151e-07
ETH-fed(KEN+TZA+UGA),2002,3,imports_gdp,2005,xgb_lag,31.5460822119553,0.0
ETH-fed(KEN+TZA+UGA),2002,3,imports_gdp,2005,xgb_typed,31.5460822119553,0.0
ETH-fed(KEN+TZA+UGA),2002,3,imports_gdp,2005,lgbm_blind,31.5460822119553,6.689865514886151e-07
ETH-fed(KEN+TZA+UGA),2002,3,imports_gdp,2005,lgbm_lag,31.5460822119553,0.0
ETH-fed(KEN+TZA+UGA),2002,3,imports_gdp,2005,lgbm_typed,31.5460822119553,0.0
ETH-fed(KEN+TZA+UGA),2002,3,imports_gdp,2005,tft,31.5460822119553,0.028645230754129614
ETH-fed(KEN+TZA+UGA),2002,3,imports_gdp,2005,tgcn,31.5460822119553,
ETH-fed(KEN+TZA+UGA),2002,3,imports_gdp,2005,persistence_scarcity,31.5460822119553,0.0
ETH-fed(KEN+TZA+UGA),2002,3,imports_gdp,2005,chronos_scarcity,31.5460822119553,0.09251089237522336
ETH-fed(KEN+TZA+UGA),2002,3,imports_gdp,2005,gnn_scarcity,31.5460822119553,6.689865514886151e-07
ETH-fed(KEN+TZA+UGA),2002,5,imports_gdp,2007,persistence,31.5460822119553,0.0
ETH-fed(KEN+TZA+UGA),2002,5,imports_gdp,2007,arima,31.5460822119553,0.0
ETH-fed(KEN+TZA+UGA),2002,5,imports_gdp,2007,chronos,31.5460822119553,0.09251089237522336
ETH-fed(KEN+TZA+UGA),2002,5,imports_gdp,2007,xgb_blind,31.5460822119553,6.689865514886151e-07
ETH-fed(KEN+TZA+UGA),2002,5,imports_gdp,2007,xgb_lag,31.5460822119553,0.0
ETH-fed(KEN+TZA+UGA),2002,5,imports_gdp,2007,xgb_typed,31.5460822119553,0.0
ETH-fed(KEN+TZA+UGA),2002,5,imports_gdp,2007,lgbm_blind,31.5460822119553,6.689865514886151e-07
ETH-fed(KEN+TZA+UGA),2002,5,imports_gdp,2007,lgbm_lag,31.5460822119553,0.0
ETH-fed(KEN+TZA+UGA),2002,5,imports_gdp,2007,lgbm_typed,31.5460822119553,0.0
ETH-fed(KEN+TZA+UGA),2002,5,imports_gdp,2007,tft,31.5460822119553,0.02121992252659055
ETH-fed(KEN+TZA+UGA),2002,5,imports_gdp,2007,tgcn,31.5460822119553,
ETH-fed(KEN+TZA+UGA),2002,5,imports_gdp,2007,persistence_scarcity,31.5460822119553,0.0
ETH-fed(KEN+TZA+UGA),2002,5,imports_gdp,2007,chronos_scarcity,31.5460822119553,0.09251089237522336
ETH-fed(KEN+TZA+UGA),2002,5,imports_gdp,2007,gnn_scarcity,31.5460822119553,6.689865514886151e-07
ETH-fed(KEN+TZA+UGA),2002,1,current_account,2003,persistence,-1.58150719828577,0.15895804689797988
ETH-fed(KEN+TZA+UGA),2002,1,current_account,2003,arima,-1.58150719828577,1.6051924320282593
ETH-fed(KEN+TZA+UGA),2002,1,current_account,2003,chronos,-1.58150719828577,1.0481771749970432
ETH-fed(KEN+TZA+UGA),2002,1,current_account,2003,xgb_blind,-1.58150719828577,2.9313473778250696
ETH-fed(KEN+TZA+UGA),2002,1,current_account,2003,xgb_lag,-1.58150719828577,1.6051924320282593
ETH-fed(KEN+TZA+UGA),2002,1,current_account,2003,xgb_typed,-1.58150719828577,1.6051924320282593
ETH-fed(KEN+TZA+UGA),2002,1,current_account,2003,lgbm_blind,-1.58150719828577,0.3848035109755512
ETH-fed(KEN+TZA+UGA),2002,1,current_account,2003,lgbm_lag,-1.58150719828577,1.6051924320282593
ETH-fed(KEN+TZA+UGA),2002,1,current_account,2003,lgbm_typed,-1.58150719828577,1.6051924320282593
ETH-fed(KEN+TZA+UGA),2002,1,current_account,2003,tft,-1.58150719828577,0.7551946563241001
ETH-fed(KEN+TZA+UGA),2002,1,current_account,2003,tgcn,-1.58150719828577,
ETH-fed(KEN+TZA+UGA),2002,1,current_account,2003,persistence_scarcity,-1.58150719828577,0.15895804689797988
ETH-fed(KEN+TZA+UGA),2002,1,current_account,2003,chronos_scarcity,-1.58150719828577,1.0481771749970432
ETH-fed(KEN+TZA+UGA),2002,1,current_account,2003,gnn_scarcity,-1.58150719828577,0.5419889611718174
ETH-fed(KEN+TZA+UGA),2002,3,current_account,2005,persistence,-12.6419842587598,10.901519013576051
ETH-fed(KEN+TZA+UGA),2002,3,current_account,2005,arima,-12.6419842587598,9.816410422215693
ETH-fed(KEN+TZA+UGA),2002,3,current_account,2005,chronos,-12.6419842587598,12.480581571329418
ETH-fed(KEN+TZA+UGA),2002,3,current_account,2005,xgb_blind,-12.6419842587598,8.189958845246617
ETH-fed(KEN+TZA+UGA),2002,3,current_account,2005,xgb_lag,-12.6419842587598,9.816410422215693
ETH-fed(KEN+TZA+UGA),2002,3,current_account,2005,xgb_typed,-12.6419842587598,9.816410422215693
ETH-fed(KEN+TZA+UGA),2002,3,current_account,2005,lgbm_blind,-12.6419842587598,11.242765127290074
ETH-fed(KEN+TZA+UGA),2002,3,current_account,2005,lgbm_lag,-12.6419842587598,9.816410422215693
ETH-fed(KEN+TZA+UGA),2002,3,current_account,2005,lgbm_typed,-12.6419842587598,9.816410422215693
ETH-fed(KEN+TZA+UGA),2002,3,current_account,2005,tft,-12.6419842587598,14.026589189637486
ETH-fed(KEN+TZA+UGA),2002,3,current_account,2005,tgcn,-12.6419842587598,
ETH-fed(KEN+TZA+UGA),2002,3,current_account,2005,persistence_scarcity,-12.6419842587598,10.901519013576051
ETH-fed(KEN+TZA+UGA),2002,3,current_account,2005,chronos_scarcity,-12.6419842587598,12.480581571329418
ETH-fed(KEN+TZA+UGA),2002,3,current_account,2005,gnn_scarcity,-12.6419842587598,11.510435377229038
ETH-fed(KEN+TZA+UGA),2002,5,current_account,2007,persistence,-4.20144598076542,2.4609807355816695
ETH-fed(KEN+TZA+UGA),2002,5,current_account,2007,arima,-4.20144598076542,1.4725088442775718
ETH-fed(KEN+TZA+UGA),2002,5,current_account,2007,chronos,-4.20144598076542,4.026008321740227
ETH-fed(KEN+TZA+UGA),2002,5,current_account,2007,xgb_blind,-4.20144598076542,1.6474510867377097
ETH-fed(KEN+TZA+UGA),2002,5,current_account,2007,xgb_lag,-4.20144598076542,1.4725088442775718
ETH-fed(KEN+TZA+UGA),2002,5,current_account,2007,xgb_typed,-4.20144598076542,1.4725088442775718
ETH-fed(KEN+TZA+UGA),2002,5,current_account,2007,lgbm_blind,-4.20144598076542,2.3006924007316405
ETH-fed(KEN+TZA+UGA),2002,5,current_account,2007,lgbm_lag,-4.20144598076542,1.4725088442775718
ETH-fed(KEN+TZA+UGA),2002,5,current_account,2007,lgbm_typed,-4.20144598076542,1.4725088442775718
ETH-fed(KEN+TZA+UGA),2002,5,current_account,2007,tft,-4.20144598076542,7.754497452475625
ETH-fed(KEN+TZA+UGA),2002,5,current_account,2007,tgcn,-4.20144598076542,
ETH-fed(KEN+TZA+UGA),2002,5,current_account,2007,persistence_scarcity,-4.20144598076542,2.4609807355816695
ETH-fed(KEN+TZA+UGA),2002,5,current_account,2007,chronos_scarcity,-4.20144598076542,4.026008321740227
ETH-fed(KEN+TZA+UGA),2002,5,current_account,2007,gnn_scarcity,-4.20144598076542,3.262817784049111
ETH-fed(KEN+TZA+UGA),2002,1,real_interest_rate,2003,persistence,-5.11490798514707,17.85885588801447
ETH-fed(KEN+TZA+UGA),2002,1,real_interest_rate,2003,arima,-5.11490798514707,20.054499424800106
ETH-fed(KEN+TZA+UGA),2002,1,real_interest_rate,2003,chronos,-5.11490798514707,15.49284053367002
ETH-fed(KEN+TZA+UGA),2002,1,real_interest_rate,2003,xgb_blind,-5.11490798514707,12.302661185678076
ETH-fed(KEN+TZA+UGA),2002,1,real_interest_rate,2003,xgb_lag,-5.11490798514707,20.054499424800106
ETH-fed(KEN+TZA+UGA),2002,1,real_interest_rate,2003,xgb_typed,-5.11490798514707,20.054499424800106
ETH-fed(KEN+TZA+UGA),2002,1,real_interest_rate,2003,lgbm_blind,-5.11490798514707,11.21491614502294
ETH-fed(KEN+TZA+UGA),2002,1,real_interest_rate,2003,lgbm_lag,-5.11490798514707,20.054499424800106
ETH-fed(KEN+TZA+UGA),2002,1,real_interest_rate,2003,lgbm_typed,-5.11490798514707,20.054499424800106
ETH-fed(KEN+TZA+UGA),2002,1,real_interest_rate,2003,tft,-5.11490798514707,19.049144511636328
ETH-fed(KEN+TZA+UGA),2002,1,real_interest_rate,2003,tgcn,-5.11490798514707,
ETH-fed(KEN+TZA+UGA),2002,1,real_interest_rate,2003,persistence_scarcity,-5.11490798514707,17.85885588801447
ETH-fed(KEN+TZA+UGA),2002,1,real_interest_rate,2003,chronos_scarcity,-5.11490798514707,15.49284053367002
ETH-fed(KEN+TZA+UGA),2002,1,real_interest_rate,2003,gnn_scarcity,-5.11490798514707,11.813393836434912
ETH-fed(KEN+TZA+UGA),2002,3,real_interest_rate,2005,persistence,-2.61706349192245,15.36101139478985
ETH-fed(KEN+TZA+UGA),2002,3,real_interest_rate,2005,arima,-2.61706349192245,17.013484981715273
ETH-fed(KEN+TZA+UGA),2002,3,real_interest_rate,2005,chronos,-2.61706349192245,12.088488548379969
ETH-fed(KEN+TZA+UGA),2002,3,real_interest_rate,2005,xgb_blind,-2.61706349192245,15.923244445901942
ETH-fed(KEN+TZA+UGA),2002,3,real_interest_rate,2005,xgb_lag,-2.61706349192245,17.013484981715273
ETH-fed(KEN+TZA+UGA),2002,3,real_interest_rate,2005,xgb_typed,-2.61706349192245,17.013484981715273
ETH-fed(KEN+TZA+UGA),2002,3,real_interest_rate,2005,lgbm_blind,-2.61706349192245,11.687774043661188
ETH-fed(KEN+TZA+UGA),2002,3,real_interest_rate,2005,lgbm_lag,-2.61706349192245,17.013484981715273
ETH-fed(KEN+TZA+UGA),2002,3,real_interest_rate,2005,lgbm_typed,-2.61706349192245,17.013484981715273
ETH-fed(KEN+TZA+UGA),2002,3,real_interest_rate,2005,tft,-2.61706349192245,17.409810989481045
ETH-fed(KEN+TZA+UGA),2002,3,real_interest_rate,2005,tgcn,-2.61706349192245,
ETH-fed(KEN+TZA+UGA),2002,3,real_interest_rate,2005,persistence_scarcity,-2.61706349192245,15.36101139478985
ETH-fed(KEN+TZA+UGA),2002,3,real_interest_rate,2005,chronos_scarcity,-2.61706349192245,12.088488548379969
ETH-fed(KEN+TZA+UGA),2002,3,real_interest_rate,2005,gnn_scarcity,-2.61706349192245,8.992430656534266
ETH-fed(KEN+TZA+UGA),2002,5,real_interest_rate,2007,persistence,-8.29255368104718,21.03650158391458
ETH-fed(KEN+TZA+UGA),2002,5,real_interest_rate,2007,arima,-8.29255368104718,22.57953695153227
ETH-fed(KEN+TZA+UGA),2002,5,real_interest_rate,2007,chronos,-8.29255368104718,16.294813889177064
ETH-fed(KEN+TZA+UGA),2002,5,real_interest_rate,2007,xgb_blind,-8.29255368104718,21.778197067888
ETH-fed(KEN+TZA+UGA),2002,5,real_interest_rate,2007,xgb_lag,-8.29255368104718,22.57953695153227
ETH-fed(KEN+TZA+UGA),2002,5,real_interest_rate,2007,xgb_typed,-8.29255368104718,22.57953695153227
ETH-fed(KEN+TZA+UGA),2002,5,real_interest_rate,2007,lgbm_blind,-8.29255368104718,18.177545118243913
ETH-fed(KEN+TZA+UGA),2002,5,real_interest_rate,2007,lgbm_lag,-8.29255368104718,22.57953695153227
ETH-fed(KEN+TZA+UGA),2002,5,real_interest_rate,2007,lgbm_typed,-8.29255368104718,22.57953695153227
ETH-fed(KEN+TZA+UGA),2002,5,real_interest_rate,2007,tft,-8.29255368104718,23.972901123674134
ETH-fed(KEN+TZA+UGA),2002,5,real_interest_rate,2007,tgcn,-8.29255368104718,
ETH-fed(KEN+TZA+UGA),2002,5,real_interest_rate,2007,persistence_scarcity,-8.29255368104718,21.03650158391458
ETH-fed(KEN+TZA+UGA),2002,5,real_interest_rate,2007,chronos_scarcity,-8.29255368104718,16.294813889177064
ETH-fed(KEN+TZA+UGA),2002,5,real_interest_rate,2007,gnn_scarcity,-8.29255368104718,15.345263260514953
ETH-fed(KEN+TZA+UGA),2002,1,broad_money,2003,persistence,44.8778804423559,0.8410835010689013
ETH-fed(KEN+TZA+UGA),2002,1,broad_money,2003,arima,44.8778804423559,2.2833075086352608
ETH-fed(KEN+TZA+UGA),2002,1,broad_money,2003,chronos,44.8778804423559,2.81811176559809
ETH-fed(KEN+TZA+UGA),2002,1,broad_money,2003,xgb_blind,44.8778804423559,10.395920145725043
ETH-fed(KEN+TZA+UGA),2002,1,broad_money,2003,xgb_lag,44.8778804423559,2.2833075086352608
ETH-fed(KEN+TZA+UGA),2002,1,broad_money,2003,xgb_typed,44.8778804423559,2.2833075086352608
ETH-fed(KEN+TZA+UGA),2002,1,broad_money,2003,lgbm_blind,44.8778804423559,12.370887625430854
ETH-fed(KEN+TZA+UGA),2002,1,broad_money,2003,lgbm_lag,44.8778804423559,2.2833075086352608
ETH-fed(KEN+TZA+UGA),2002,1,broad_money,2003,lgbm_typed,44.8778804423559,2.2833075086352608
ETH-fed(KEN+TZA+UGA),2002,1,broad_money,2003,tft,44.8778804423559,9.64071689865473
ETH-fed(KEN+TZA+UGA),2002,1,broad_money,2003,tgcn,44.8778804423559,
ETH-fed(KEN+TZA+UGA),2002,1,broad_money,2003,persistence_scarcity,44.8778804423559,0.8410835010689013
ETH-fed(KEN+TZA+UGA),2002,1,broad_money,2003,chronos_scarcity,44.8778804423559,2.81811176559809
ETH-fed(KEN+TZA+UGA),2002,1,broad_money,2003,gnn_scarcity,44.8778804423559,12.23955951950434
ETH-fed(KEN+TZA+UGA),2002,3,broad_money,2005,persistence,43.777021964339,0.2597749769480018
ETH-fed(KEN+TZA+UGA),2002,3,broad_money,2005,arima,43.777021964339,0.9433321593117441
ETH-fed(KEN+TZA+UGA),2002,3,broad_money,2005,chronos,43.777021964339,0.8925462563311868
ETH-fed(KEN+TZA+UGA),2002,3,broad_money,2005,xgb_blind,43.777021964339,11.390047629622202
ETH-fed(KEN+TZA+UGA),2002,3,broad_money,2005,xgb_lag,43.777021964339,0.9433321593117441
ETH-fed(KEN+TZA+UGA),2002,3,broad_money,2005,xgb_typed,43.777021964339,0.9433321593117441
ETH-fed(KEN+TZA+UGA),2002,3,broad_money,2005,lgbm_blind,43.777021964339,10.850673850325329
ETH-fed(KEN+TZA+UGA),2002,3,broad_money,2005,lgbm_lag,43.777021964339,0.9433321593117441
ETH-fed(KEN+TZA+UGA),2002,3,broad_money,2005,lgbm_typed,43.777021964339,0.9433321593117441
ETH-fed(KEN+TZA+UGA),2002,3,broad_money,2005,tft,43.777021964339,8.543615897444468
ETH-fed(KEN+TZA+UGA),2002,3,broad_money,2005,tgcn,43.777021964339,
ETH-fed(KEN+TZA+UGA),2002,3,broad_money,2005,persistence_scarcity,43.777021964339,0.2597749769480018
ETH-fed(KEN+TZA+UGA),2002,3,broad_money,2005,chronos_scarcity,43.777021964339,0.8925462563311868
ETH-fed(KEN+TZA+UGA),2002,3,broad_money,2005,gnn_scarcity,43.777021964339,11.325041373518687
ETH-fed(KEN+TZA+UGA),2002,5,broad_money,2007,persistence,39.7427532885857,4.294043652701298
ETH-fed(KEN+TZA+UGA),2002,5,broad_money,2007,arima,39.7427532885857,3.101463803490013
ETH-fed(KEN+TZA+UGA),2002,5,broad_money,2007,chronos,39.7427532885857,1.610129096668203
ETH-fed(KEN+TZA+UGA),2002,5,broad_money,2007,xgb_blind,39.7427532885857,1.0592028881721092
ETH-fed(KEN+TZA+UGA),2002,5,broad_money,2007,xgb_lag,39.7427532885857,3.101463803490013
ETH-fed(KEN+TZA+UGA),2002,5,broad_money,2007,xgb_typed,39.7427532885857,3.101463803490013
ETH-fed(KEN+TZA+UGA),2002,5,broad_money,2007,lgbm_blind,39.7427532885857,5.852779886562388
ETH-fed(KEN+TZA+UGA),2002,5,broad_money,2007,lgbm_lag,39.7427532885857,3.101463803490013
ETH-fed(KEN+TZA+UGA),2002,5,broad_money,2007,lgbm_typed,39.7427532885857,3.101463803490013
ETH-fed(KEN+TZA+UGA),2002,5,broad_money,2007,tft,39.7427532885857,4.5098545764275
ETH-fed(KEN+TZA+UGA),2002,5,broad_money,2007,tgcn,39.7427532885857,
ETH-fed(KEN+TZA+UGA),2002,5,broad_money,2007,persistence_scarcity,39.7427532885857,4.294043652701298
ETH-fed(KEN+TZA+UGA),2002,5,broad_money,2007,chronos_scarcity,39.7427532885857,1.610129096668203
ETH-fed(KEN+TZA+UGA),2002,5,broad_money,2007,gnn_scarcity,39.7427532885857,6.900155327159922
ETH-fed(KEN+TZA+UGA),2002,1,private_credit,2003,persistence,17.5006234628474,0.4774942271285987
ETH-fed(KEN+TZA+UGA),2002,1,private_credit,2003,arima,17.5006234628474,0.6016367352521641
ETH-fed(KEN+TZA+UGA),2002,1,private_credit,2003,chronos,17.5006234628474,0.2722857015813105
ETH-fed(KEN+TZA+UGA),2002,1,private_credit,2003,xgb_blind,17.5006234628474,1.9690816385065801
ETH-fed(KEN+TZA+UGA),2002,1,private_credit,2003,xgb_lag,17.5006234628474,0.6016367352521641
ETH-fed(KEN+TZA+UGA),2002,1,private_credit,2003,xgb_typed,17.5006234628474,0.6016367352521641
ETH-fed(KEN+TZA+UGA),2002,1,private_credit,2003,lgbm_blind,17.5006234628474,6.40920834566308
ETH-fed(KEN+TZA+UGA),2002,1,private_credit,2003,lgbm_lag,17.5006234628474,0.6016367352521641
ETH-fed(KEN+TZA+UGA),2002,1,private_credit,2003,lgbm_typed,17.5006234628474,0.6016367352521641
ETH-fed(KEN+TZA+UGA),2002,1,private_credit,2003,tft,17.5006234628474,0.49850869352466987
ETH-fed(KEN+TZA+UGA),2002,1,private_credit,2003,tgcn,17.5006234628474,
ETH-fed(KEN+TZA+UGA),2002,1,private_credit,2003,persistence_scarcity,17.5006234628474,0.4774942271285987
ETH-fed(KEN+TZA+UGA),2002,1,private_credit,2003,chronos_scarcity,17.5006234628474,0.2722857015813105
ETH-fed(KEN+TZA+UGA),2002,1,private_credit,2003,gnn_scarcity,17.5006234628474,6.402905224016834
ETH-fed(KEN+TZA+UGA),2002,3,private_credit,2005,persistence,18.8657892604975,0.8876715705215013
ETH-fed(KEN+TZA+UGA),2002,3,private_credit,2005,arima,18.8657892604975,0.638270542952533
ETH-fed(KEN+TZA+UGA),2002,3,private_credit,2005,chronos,18.8657892604975,2.2321718593744535
ETH-fed(KEN+TZA+UGA),2002,3,private_credit,2005,xgb_blind,18.8657892604975,2.314300384154727
ETH-fed(KEN+TZA+UGA),2002,3,private_credit,2005,xgb_lag,18.8657892604975,0.638270542952533
ETH-fed(KEN+TZA+UGA),2002,3,private_credit,2005,xgb_typed,18.8657892604975,0.638270542952533
ETH-fed(KEN+TZA+UGA),2002,3,private_credit,2005,lgbm_blind,18.8657892604975,5.90709637605231
ETH-fed(KEN+TZA+UGA),2002,3,private_credit,2005,lgbm_lag,18.8657892604975,0.638270542952533
ETH-fed(KEN+TZA+UGA),2002,3,private_credit,2005,lgbm_typed,18.8657892604975,0.638270542952533
ETH-fed(KEN+TZA+UGA),2002,3,private_credit,2005,tft,18.8657892604975,0.8071115871576566
ETH-fed(KEN+TZA+UGA),2002,3,private_credit,2005,tgcn,18.8657892604975,
ETH-fed(KEN+TZA+UGA),2002,3,private_credit,2005,persistence_scarcity,18.8657892604975,0.8876715705215013
ETH-fed(KEN+TZA+UGA),2002,3,private_credit,2005,chronos_scarcity,18.8657892604975,2.2321718593744535
ETH-fed(KEN+TZA+UGA),2002,3,private_credit,2005,gnn_scarcity,18.8657892604975,8.04383930169623
ETH-fed(KEN+TZA+UGA),2002,5,private_credit,2007,persistence,18.5250760306452,0.5469583406691996
ETH-fed(KEN+TZA+UGA),2002,5,private_credit,2007,arima,18.5250760306452,0.24908945206566457
ETH-fed(KEN+TZA+UGA),2002,5,private_credit,2007,chronos,18.5250760306452,5.803016780767269
ETH-fed(KEN+TZA+UGA),2002,5,private_credit,2007,xgb_blind,18.5250760306452,4.089632152471371
ETH-fed(KEN+TZA+UGA),2002,5,private_credit,2007,xgb_lag,18.5250760306452,0.24908945206566457
ETH-fed(KEN+TZA+UGA),2002,5,private_credit,2007,xgb_typed,18.5250760306452,0.24908945206566457
ETH-fed(KEN+TZA+UGA),2002,5,private_credit,2007,lgbm_blind,18.5250760306452,3.368212996873684
ETH-fed(KEN+TZA+UGA),2002,5,private_credit,2007,lgbm_lag,18.5250760306452,0.24908945206566457
ETH-fed(KEN+TZA+UGA),2002,5,private_credit,2007,lgbm_typed,18.5250760306452,0.24908945206566457
ETH-fed(KEN+TZA+UGA),2002,5,private_credit,2007,tft,18.5250760306452,0.3838292349909018
ETH-fed(KEN+TZA+UGA),2002,5,private_credit,2007,tgcn,18.5250760306452,
ETH-fed(KEN+TZA+UGA),2002,5,private_credit,2007,persistence_scarcity,18.5250760306452,0.5469583406691996
ETH-fed(KEN+TZA+UGA),2002,5,private_credit,2007,chronos_scarcity,18.5250760306452,5.803016780767269
ETH-fed(KEN+TZA+UGA),2002,5,private_credit,2007,gnn_scarcity,18.5250760306452,7.125041126165218
ETH-fed(KEN+TZA+UGA),2002,1,govt_consumption,2003,persistence,10.3182460672537,0.0
ETH-fed(KEN+TZA+UGA),2002,1,govt_consumption,2003,arima,10.3182460672537,0.0
ETH-fed(KEN+TZA+UGA),2002,1,govt_consumption,2003,chronos,10.3182460672537,0.030259311882606
ETH-fed(KEN+TZA+UGA),2002,1,govt_consumption,2003,xgb_blind,10.3182460672537,1.7949735209299433e-07
ETH-fed(KEN+TZA+UGA),2002,1,govt_consumption,2003,xgb_lag,10.3182460672537,0.0
ETH-fed(KEN+TZA+UGA),2002,1,govt_consumption,2003,xgb_typed,10.3182460672537,0.0
ETH-fed(KEN+TZA+UGA),2002,1,govt_consumption,2003,lgbm_blind,10.3182460672537,1.7949735209299433e-07
ETH-fed(KEN+TZA+UGA),2002,1,govt_consumption,2003,lgbm_lag,10.3182460672537,0.0
ETH-fed(KEN+TZA+UGA),2002,1,govt_consumption,2003,lgbm_typed,10.3182460672537,0.0
ETH-fed(KEN+TZA+UGA),2002,1,govt_consumption,2003,tft,10.3182460672537,0.02994650670682475
ETH-fed(KEN+TZA+UGA),2002,1,govt_consumption,2003,tgcn,10.3182460672537,
ETH-fed(KEN+TZA+UGA),2002,1,govt_consumption,2003,persistence_scarcity,10.3182460672537,0.0
ETH-fed(KEN+TZA+UGA),2002,1,govt_consumption,2003,chronos_scarcity,10.3182460672537,0.030259311882606
ETH-fed(KEN+TZA+UGA),2002,1,govt_consumption,2003,gnn_scarcity,10.3182460672537,1.7949735209299433e-07
ETH-fed(KEN+TZA+UGA),2002,3,govt_consumption,2005,persistence,10.3182460672537,0.0
ETH-fed(KEN+TZA+UGA),2002,3,govt_consumption,2005,arima,10.3182460672537,0.0
ETH-fed(KEN+TZA+UGA),2002,3,govt_consumption,2005,chronos,10.3182460672537,0.030259311882606
ETH-fed(KEN+TZA+UGA),2002,3,govt_consumption,2005,xgb_blind,10.3182460672537,1.7949735209299433e-07
ETH-fed(KEN+TZA+UGA),2002,3,govt_consumption,2005,xgb_lag,10.3182460672537,0.0
ETH-fed(KEN+TZA+UGA),2002,3,govt_consumption,2005,xgb_typed,10.3182460672537,0.0
ETH-fed(KEN+TZA+UGA),2002,3,govt_consumption,2005,lgbm_blind,10.3182460672537,1.7949735209299433e-07
ETH-fed(KEN+TZA+UGA),2002,3,govt_consumption,2005,lgbm_lag,10.3182460672537,0.0
ETH-fed(KEN+TZA+UGA),2002,3,govt_consumption,2005,lgbm_typed,10.3182460672537,0.0
ETH-fed(KEN+TZA+UGA),2002,3,govt_consumption,2005,tft,10.3182460672537,0.028644741264930218
ETH-fed(KEN+TZA+UGA),2002,3,govt_consumption,2005,tgcn,10.3182460672537,
ETH-fed(KEN+TZA+UGA),2002,3,govt_consumption,2005,persistence_scarcity,10.3182460672537,0.0
ETH-fed(KEN+TZA+UGA),2002,3,govt_consumption,2005,chronos_scarcity,10.3182460672537,0.030259311882606
ETH-fed(KEN+TZA+UGA),2002,3,govt_consumption,2005,gnn_scarcity,10.3182460672537,1.7949735209299433e-07
ETH-fed(KEN+TZA+UGA),2002,5,govt_consumption,2007,persistence,10.3182460672537,0.0
ETH-fed(KEN+TZA+UGA),2002,5,govt_consumption,2007,arima,10.3182460672537,0.0
ETH-fed(KEN+TZA+UGA),2002,5,govt_consumption,2007,chronos,10.3182460672537,0.030259311882606
ETH-fed(KEN+TZA+UGA),2002,5,govt_consumption,2007,xgb_blind,10.3182460672537,1.7949735209299433e-07
ETH-fed(KEN+TZA+UGA),2002,5,govt_consumption,2007,xgb_lag,10.3182460672537,0.0
ETH-fed(KEN+TZA+UGA),2002,5,govt_consumption,2007,xgb_typed,10.3182460672537,0.0
ETH-fed(KEN+TZA+UGA),2002,5,govt_consumption,2007,lgbm_blind,10.3182460672537,1.7949735209299433e-07
ETH-fed(KEN+TZA+UGA),2002,5,govt_consumption,2007,lgbm_lag,10.3182460672537,0.0
ETH-fed(KEN+TZA+UGA),2002,5,govt_consumption,2007,lgbm_typed,10.3182460672537,0.0
ETH-fed(KEN+TZA+UGA),2002,5,govt_consumption,2007,tft,10.3182460672537,0.021219433037391155
ETH-fed(KEN+TZA+UGA),2002,5,govt_consumption,2007,tgcn,10.3182460672537,
ETH-fed(KEN+TZA+UGA),2002,5,govt_consumption,2007,persistence_scarcity,10.3182460672537,0.0
ETH-fed(KEN+TZA+UGA),2002,5,govt_consumption,2007,chronos_scarcity,10.3182460672537,0.030259311882606
ETH-fed(KEN+TZA+UGA),2002,5,govt_consumption,2007,gnn_scarcity,10.3182460672537,1.7949735209299433e-07
ETH-fed(KEN+TZA+UGA),2003,1,gdp_growth,2004,persistence,13.5726031401471,15.73396286271575
ETH-fed(KEN+TZA+UGA),2003,1,gdp_growth,2004,arima,13.5726031401471,14.656851404505206
ETH-fed(KEN+TZA+UGA),2003,1,gdp_growth,2004,chronos,13.5726031401471,11.436994228632818
ETH-fed(KEN+TZA+UGA),2003,1,gdp_growth,2004,xgb_blind,13.5726031401471,11.321807775767217
ETH-fed(KEN+TZA+UGA),2003,1,gdp_growth,2004,xgb_lag,13.5726031401471,14.656851404505206
ETH-fed(KEN+TZA+UGA),2003,1,gdp_growth,2004,xgb_typed,13.5726031401471,14.656851404505206
ETH-fed(KEN+TZA+UGA),2003,1,gdp_growth,2004,lgbm_blind,13.5726031401471,10.67703953769959
ETH-fed(KEN+TZA+UGA),2003,1,gdp_growth,2004,lgbm_lag,13.5726031401471,14.656851404505206
ETH-fed(KEN+TZA+UGA),2003,1,gdp_growth,2004,lgbm_typed,13.5726031401471,14.656851404505206
ETH-fed(KEN+TZA+UGA),2003,1,gdp_growth,2004,tft,13.5726031401471,15.74104157474793
ETH-fed(KEN+TZA+UGA),2003,1,gdp_growth,2004,tgcn,13.5726031401471,
ETH-fed(KEN+TZA+UGA),2003,1,gdp_growth,2004,persistence_scarcity,13.5726031401471,15.73396286271575
ETH-fed(KEN+TZA+UGA),2003,1,gdp_growth,2004,chronos_scarcity,13.5726031401471,11.436994228632818
ETH-fed(KEN+TZA+UGA),2003,1,gdp_growth,2004,gnn_scarcity,13.5726031401471,10.708271417887579
ETH-fed(KEN+TZA+UGA),2003,3,gdp_growth,2006,persistence,10.8347270679373,12.996086790505949
ETH-fed(KEN+TZA+UGA),2003,3,gdp_growth,2006,arima,10.8347270679373,12.142102283271965
ETH-fed(KEN+TZA+UGA),2003,3,gdp_growth,2006,chronos,10.8347270679373,9.352875013341352
ETH-fed(KEN+TZA+UGA),2003,3,gdp_growth,2006,xgb_blind,10.8347270679373,11.944464344968244
ETH-fed(KEN+TZA+UGA),2003,3,gdp_growth,2006,xgb_lag,10.8347270679373,12.142102283271965
ETH-fed(KEN+TZA+UGA),2003,3,gdp_growth,2006,xgb_typed,10.8347270679373,12.142102283271965
ETH-fed(KEN+TZA+UGA),2003,3,gdp_growth,2006,lgbm_blind,10.8347270679373,5.975428231836114
ETH-fed(KEN+TZA+UGA),2003,3,gdp_growth,2006,lgbm_lag,10.8347270679373,12.142102283271965
ETH-fed(KEN+TZA+UGA),2003,3,gdp_growth,2006,lgbm_typed,10.8347270679373,12.142102283271965
ETH-fed(KEN+TZA+UGA),2003,3,gdp_growth,2006,tft,10.8347270679373,9.765434403409406
ETH-fed(KEN+TZA+UGA),2003,3,gdp_growth,2006,tgcn,10.8347270679373,
ETH-fed(KEN+TZA+UGA),2003,3,gdp_growth,2006,persistence_scarcity,10.8347270679373,12.996086790505949
ETH-fed(KEN+TZA+UGA),2003,3,gdp_growth,2006,chronos_scarcity,10.8347270679373,9.352875013341352
ETH-fed(KEN+TZA+UGA),2003,3,gdp_growth,2006,gnn_scarcity,10.8347270679373,7.80581738470976
ETH-fed(KEN+TZA+UGA),2003,5,gdp_growth,2008,persistence,10.7885216870332,12.949881409601849
ETH-fed(KEN+TZA+UGA),2003,5,gdp_growth,2008,arima,10.7885216870332,12.11505278342208
ETH-fed(KEN+TZA+UGA),2003,5,gdp_growth,2008,chronos,10.7885216870332,8.5221642651582
ETH-fed(KEN+TZA+UGA),2003,5,gdp_growth,2008,xgb_blind,10.7885216870332,8.633336225988888
ETH-fed(KEN+TZA+UGA),2003,5,gdp_growth,2008,xgb_lag,10.7885216870332,12.11505278342208
ETH-fed(KEN+TZA+UGA),2003,5,gdp_growth,2008,xgb_typed,10.7885216870332,12.11505278342208
ETH-fed(KEN+TZA+UGA),2003,5,gdp_growth,2008,lgbm_blind,10.7885216870332,6.664134025417192
ETH-fed(KEN+TZA+UGA),2003,5,gdp_growth,2008,lgbm_lag,10.7885216870332,12.11505278342208
ETH-fed(KEN+TZA+UGA),2003,5,gdp_growth,2008,lgbm_typed,10.7885216870332,12.11505278342208
ETH-fed(KEN+TZA+UGA),2003,5,gdp_growth,2008,tft,10.7885216870332,9.011640230658077
ETH-fed(KEN+TZA+UGA),2003,5,gdp_growth,2008,tgcn,10.7885216870332,
ETH-fed(KEN+TZA+UGA),2003,5,gdp_growth,2008,persistence_scarcity,10.7885216870332,12.949881409601849
ETH-fed(KEN+TZA+UGA),2003,5,gdp_growth,2008,chronos_scarcity,10.7885216870332,8.5221642651582
ETH-fed(KEN+TZA+UGA),2003,5,gdp_growth,2008,gnn_scarcity,10.7885216870332,7.485925594809078
ETH-fed(KEN+TZA+UGA),2003,1,inflation_cpi,2004,persistence,3.32737047894847,10.34667472387863
ETH-fed(KEN+TZA+UGA),2003,1,inflation_cpi,2004,arima,3.32737047894847,3.7357857998703135
ETH-fed(KEN+TZA+UGA),2003,1,inflation_cpi,2004,chronos,3.32737047894847,2.419898941358443
ETH-fed(KEN+TZA+UGA),2003,1,inflation_cpi,2004,xgb_blind,3.32737047894847,5.688213513055924
ETH-fed(KEN+TZA+UGA),2003,1,inflation_cpi,2004,xgb_lag,3.32737047894847,3.7357857998703135
ETH-fed(KEN+TZA+UGA),2003,1,inflation_cpi,2004,xgb_typed,3.32737047894847,3.7357857998703135
ETH-fed(KEN+TZA+UGA),2003,1,inflation_cpi,2004,lgbm_blind,3.32737047894847,2.5903308204254505
ETH-fed(KEN+TZA+UGA),2003,1,inflation_cpi,2004,lgbm_lag,3.32737047894847,3.7357857998703135
ETH-fed(KEN+TZA+UGA),2003,1,inflation_cpi,2004,lgbm_typed,3.32737047894847,3.7357857998703135
ETH-fed(KEN+TZA+UGA),2003,1,inflation_cpi,2004,tft,3.32737047894847,2.551755859693404
ETH-fed(KEN+TZA+UGA),2003,1,inflation_cpi,2004,tgcn,3.32737047894847,
ETH-fed(KEN+TZA+UGA),2003,1,inflation_cpi,2004,persistence_scarcity,3.32737047894847,10.34667472387863
ETH-fed(KEN+TZA+UGA),2003,1,inflation_cpi,2004,chronos_scarcity,3.32737047894847,2.419898941358443
ETH-fed(KEN+TZA+UGA),2003,1,inflation_cpi,2004,gnn_scarcity,3.32737047894847,2.5041333891545574
ETH-fed(KEN+TZA+UGA),2003,3,inflation_cpi,2006,persistence,12.2994763114824,1.3745688913447012
ETH-fed(KEN+TZA+UGA),2003,3,inflation_cpi,2006,arima,12.2994763114824,3.5840834233403367
ETH-fed(KEN+TZA+UGA),2003,3,inflation_cpi,2006,chronos,12.2994763114824,11.331510887421578
ETH-fed(KEN+TZA+UGA),2003,3,inflation_cpi,2006,xgb_blind,12.2994763114824,10.72318761137864
ETH-fed(KEN+TZA+UGA),2003,3,inflation_cpi,2006,xgb_lag,12.2994763114824,3.5840834233403367
ETH-fed(KEN+TZA+UGA),2003,3,inflation_cpi,2006,xgb_typed,12.2994763114824,3.5840834233403367
ETH-fed(KEN+TZA+UGA),2003,3,inflation_cpi,2006,lgbm_blind,12.2994763114824,9.510378677253605
ETH-fed(KEN+TZA+UGA),2003,3,inflation_cpi,2006,lgbm_lag,12.2994763114824,3.5840834233403367
ETH-fed(KEN+TZA+UGA),2003,3,inflation_cpi,2006,lgbm_typed,12.2994763114824,3.5840834233403367
ETH-fed(KEN+TZA+UGA),2003,3,inflation_cpi,2006,tft,12.2994763114824,11.52408020285508
ETH-fed(KEN+TZA+UGA),2003,3,inflation_cpi,2006,tgcn,12.2994763114824,
ETH-fed(KEN+TZA+UGA),2003,3,inflation_cpi,2006,persistence_scarcity,12.2994763114824,1.3745688913447012
ETH-fed(KEN+TZA+UGA),2003,3,inflation_cpi,2006,chronos_scarcity,12.2994763114824,11.331510887421578
ETH-fed(KEN+TZA+UGA),2003,3,inflation_cpi,2006,gnn_scarcity,12.2994763114824,6.196959183491677
ETH-fed(KEN+TZA+UGA),2003,5,inflation_cpi,2008,persistence,44.3566858766951,30.682640673868
ETH-fed(KEN+TZA+UGA),2003,5,inflation_cpi,2008,arima,44.3566858766951,35.21395155057202
ETH-fed(KEN+TZA+UGA),2003,5,inflation_cpi,2008,chronos,44.3566858766951,43.14672911152024
ETH-fed(KEN+TZA+UGA),2003,5,inflation_cpi,2008,xgb_blind,44.3566858766951,34.85814690574784
ETH-fed(KEN+TZA+UGA),2003,5,inflation_cpi,2008,xgb_lag,44.3566858766951,35.21395155057202
ETH-fed(KEN+TZA+UGA),2003,5,inflation_cpi,2008,xgb_typed,44.3566858766951,35.21395155057202
ETH-fed(KEN+TZA+UGA),2003,5,inflation_cpi,2008,lgbm_blind,44.3566858766951,42.18522675816992
ETH-fed(KEN+TZA+UGA),2003,5,inflation_cpi,2008,lgbm_lag,44.3566858766951,35.21395155057202
ETH-fed(KEN+TZA+UGA),2003,5,inflation_cpi,2008,lgbm_typed,44.3566858766951,35.21395155057202
ETH-fed(KEN+TZA+UGA),2003,5,inflation_cpi,2008,tft,44.3566858766951,43.58156061157364
ETH-fed(KEN+TZA+UGA),2003,5,inflation_cpi,2008,tgcn,44.3566858766951,
ETH-fed(KEN+TZA+UGA),2003,5,inflation_cpi,2008,persistence_scarcity,44.3566858766951,30.682640673868
ETH-fed(KEN+TZA+UGA),2003,5,inflation_cpi,2008,chronos_scarcity,44.3566858766951,43.14672911152024
ETH-fed(KEN+TZA+UGA),2003,5,inflation_cpi,2008,gnn_scarcity,44.3566858766951,37.803484201280064
ETH-fed(KEN+TZA+UGA),2003,1,unemployment,2004,persistence,2.776,0.2320000000000002
ETH-fed(KEN+TZA+UGA),2003,1,unemployment,2004,arima,2.776,0.21360318334994188
ETH-fed(KEN+TZA+UGA),2003,1,unemployment,2004,chronos,2.776,0.2092442741394045
ETH-fed(KEN+TZA+UGA),2003,1,unemployment,2004,xgb_blind,2.776,0.4631669750213625
ETH-fed(KEN+TZA+UGA),2003,1,unemployment,2004,xgb_lag,2.776,0.21360318334994188
ETH-fed(KEN+TZA+UGA),2003,1,unemployment,2004,xgb_typed,2.776,0.21360318334994188
ETH-fed(KEN+TZA+UGA),2003,1,unemployment,2004,lgbm_blind,2.776,0.47946152775104256
ETH-fed(KEN+TZA+UGA),2003,1,unemployment,2004,lgbm_lag,2.776,0.21360318334994188
ETH-fed(KEN+TZA+UGA),2003,1,unemployment,2004,lgbm_typed,2.776,0.21360318334994188
ETH-fed(KEN+TZA+UGA),2003,1,unemployment,2004,tft,2.776,0.44141819381713887
ETH-fed(KEN+TZA+UGA),2003,1,unemployment,2004,tgcn,2.776,
ETH-fed(KEN+TZA+UGA),2003,1,unemployment,2004,persistence_scarcity,2.776,0.2320000000000002
ETH-fed(KEN+TZA+UGA),2003,1,unemployment,2004,chronos_scarcity,2.776,0.2092442741394045
ETH-fed(KEN+TZA+UGA),2003,1,unemployment,2004,gnn_scarcity,2.776,0.48088815116882344
ETH-fed(KEN+TZA+UGA),2003,3,unemployment,2006,persistence,2.337,0.6709999999999998
ETH-fed(KEN+TZA+UGA),2003,3,unemployment,2006,arima,2.337,0.6423032575532259
ETH-fed(KEN+TZA+UGA),2003,3,unemployment,2006,chronos,2.337,0.7676555042266844
ETH-fed(KEN+TZA+UGA),2003,3,unemployment,2006,xgb_blind,2.337,0.7293938522338865
ETH-fed(KEN+TZA+UGA),2003,3,unemployment,2006,xgb_lag,2.337,0.6423032575532259
ETH-fed(KEN+TZA+UGA),2003,3,unemployment,2006,xgb_typed,2.337,0.6423032575532259
ETH-fed(KEN+TZA+UGA),2003,3,unemployment,2006,lgbm_blind,2.337,0.9012727319544012
ETH-fed(KEN+TZA+UGA),2003,3,unemployment,2006,lgbm_lag,2.337,0.6423032575532259
ETH-fed(KEN+TZA+UGA),2003,3,unemployment,2006,lgbm_typed,2.337,0.6423032575532259
ETH-fed(KEN+TZA+UGA),2003,3,unemployment,2006,tft,2.337,0.9189428215026854
ETH-fed(KEN+TZA+UGA),2003,3,unemployment,2006,tgcn,2.337,
ETH-fed(KEN+TZA+UGA),2003,3,unemployment,2006,persistence_scarcity,2.337,0.6709999999999998
ETH-fed(KEN+TZA+UGA),2003,3,unemployment,2006,chronos_scarcity,2.337,0.7676555042266844
ETH-fed(KEN+TZA+UGA),2003,3,unemployment,2006,gnn_scarcity,2.337,0.9251452808380125
ETH-fed(KEN+TZA+UGA),2003,5,unemployment,2008,persistence,2.326,0.6819999999999999
ETH-fed(KEN+TZA+UGA),2003,5,unemployment,2008,arima,2.326,0.6516558396071757
ETH-fed(KEN+TZA+UGA),2003,5,unemployment,2008,chronos,2.326,0.7786555042266845
ETH-fed(KEN+TZA+UGA),2003,5,unemployment,2008,xgb_blind,2.326,0.8608393421173095
ETH-fed(KEN+TZA+UGA),2003,5,unemployment,2008,xgb_lag,2.326,0.6516558396071757
ETH-fed(KEN+TZA+UGA),2003,5,unemployment,2008,xgb_typed,2.326,0.6516558396071757
ETH-fed(KEN+TZA+UGA),2003,5,unemployment,2008,lgbm_blind,2.326,0.9261111170450844
ETH-fed(KEN+TZA+UGA),2003,5,unemployment,2008,lgbm_lag,2.326,0.6516558396071757
ETH-fed(KEN+TZA+UGA),2003,5,unemployment,2008,lgbm_typed,2.326,0.6516558396071757
ETH-fed(KEN+TZA+UGA),2003,5,unemployment,2008,tft,2.326,0.9377453079223632
ETH-fed(KEN+TZA+UGA),2003,5,unemployment,2008,tgcn,2.326,
ETH-fed(KEN+TZA+UGA),2003,5,unemployment,2008,persistence_scarcity,2.326,0.6819999999999999
ETH-fed(KEN+TZA+UGA),2003,5,unemployment,2008,chronos_scarcity,2.326,0.7786555042266845
ETH-fed(KEN+TZA+UGA),2003,5,unemployment,2008,gnn_scarcity,2.326,0.9448878517150878
ETH-fed(KEN+TZA+UGA),2003,1,exports_gdp,2004,persistence,16.6868531997337,0.0
ETH-fed(KEN+TZA+UGA),2003,1,exports_gdp,2004,arima,16.6868531997337,0.0
ETH-fed(KEN+TZA+UGA),2003,1,exports_gdp,2004,chronos,16.6868531997337,0.04893282009502897
ETH-fed(KEN+TZA+UGA),2003,1,exports_gdp,2004,xgb_blind,16.6868531997337,2.090797757148266e-07
ETH-fed(KEN+TZA+UGA),2003,1,exports_gdp,2004,xgb_lag,16.6868531997337,0.0
ETH-fed(KEN+TZA+UGA),2003,1,exports_gdp,2004,xgb_typed,16.6868531997337,0.0
ETH-fed(KEN+TZA+UGA),2003,1,exports_gdp,2004,lgbm_blind,16.6868531997337,2.090797757148266e-07
ETH-fed(KEN+TZA+UGA),2003,1,exports_gdp,2004,lgbm_lag,16.6868531997337,0.0
ETH-fed(KEN+TZA+UGA),2003,1,exports_gdp,2004,lgbm_typed,16.6868531997337,0.0
ETH-fed(KEN+TZA+UGA),2003,1,exports_gdp,2004,tft,16.6868531997337,0.0035722549094820977
ETH-fed(KEN+TZA+UGA),2003,1,exports_gdp,2004,tgcn,16.6868531997337,
ETH-fed(KEN+TZA+UGA),2003,1,exports_gdp,2004,persistence_scarcity,16.6868531997337,0.0
ETH-fed(KEN+TZA+UGA),2003,1,exports_gdp,2004,chronos_scarcity,16.6868531997337,0.04893282009502897
ETH-fed(KEN+TZA+UGA),2003,1,exports_gdp,2004,gnn_scarcity,16.6868531997337,2.1164284085273266e-06
ETH-fed(KEN+TZA+UGA),2003,3,exports_gdp,2006,persistence,16.6868531997337,0.0
ETH-fed(KEN+TZA+UGA),2003,3,exports_gdp,2006,arima,16.6868531997337,0.0
ETH-fed(KEN+TZA+UGA),2003,3,exports_gdp,2006,chronos,16.6868531997337,0.04893282009502897
ETH-fed(KEN+TZA+UGA),2003,3,exports_gdp,2006,xgb_blind,16.6868531997337,2.090797757148266e-07
ETH-fed(KEN+TZA+UGA),2003,3,exports_gdp,2006,xgb_lag,16.6868531997337,0.0
ETH-fed(KEN+TZA+UGA),2003,3,exports_gdp,2006,xgb_typed,16.6868531997337,0.0
ETH-fed(KEN+TZA+UGA),2003,3,exports_gdp,2006,lgbm_blind,16.6868531997337,2.090797757148266e-07
ETH-fed(KEN+TZA+UGA),2003,3,exports_gdp,2006,lgbm_lag,16.6868531997337,0.0
ETH-fed(KEN+TZA+UGA),2003,3,exports_gdp,2006,lgbm_typed,16.6868531997337,0.0
ETH-fed(KEN+TZA+UGA),2003,3,exports_gdp,2006,tft,16.6868531997337,0.00207117153545866
ETH-fed(KEN+TZA+UGA),2003,3,exports_gdp,2006,tgcn,16.6868531997337,
ETH-fed(KEN+TZA+UGA),2003,3,exports_gdp,2006,persistence_scarcity,16.6868531997337,0.0
ETH-fed(KEN+TZA+UGA),2003,3,exports_gdp,2006,chronos_scarcity,16.6868531997337,0.04893282009502897
ETH-fed(KEN+TZA+UGA),2003,3,exports_gdp,2006,gnn_scarcity,16.6868531997337,2.1164284085273266e-06
ETH-fed(KEN+TZA+UGA),2003,5,exports_gdp,2008,persistence,16.6868531997337,0.0
ETH-fed(KEN+TZA+UGA),2003,5,exports_gdp,2008,arima,16.6868531997337,0.0
ETH-fed(KEN+TZA+UGA),2003,5,exports_gdp,2008,chronos,16.6868531997337,0.04893282009502897
ETH-fed(KEN+TZA+UGA),2003,5,exports_gdp,2008,xgb_blind,16.6868531997337,2.090797757148266e-07
ETH-fed(KEN+TZA+UGA),2003,5,exports_gdp,2008,xgb_lag,16.6868531997337,0.0
ETH-fed(KEN+TZA+UGA),2003,5,exports_gdp,2008,xgb_typed,16.6868531997337,0.0
ETH-fed(KEN+TZA+UGA),2003,5,exports_gdp,2008,lgbm_blind,16.6868531997337,2.090797757148266e-07
ETH-fed(KEN+TZA+UGA),2003,5,exports_gdp,2008,lgbm_lag,16.6868531997337,0.0
ETH-fed(KEN+TZA+UGA),2003,5,exports_gdp,2008,lgbm_typed,16.6868531997337,0.0
ETH-fed(KEN+TZA+UGA),2003,5,exports_gdp,2008,tft,16.6868531997337,0.006468028293642902
ETH-fed(KEN+TZA+UGA),2003,5,exports_gdp,2008,tgcn,16.6868531997337,
ETH-fed(KEN+TZA+UGA),2003,5,exports_gdp,2008,persistence_scarcity,16.6868531997337,0.0
ETH-fed(KEN+TZA+UGA),2003,5,exports_gdp,2008,chronos_scarcity,16.6868531997337,0.04893282009502897
ETH-fed(KEN+TZA+UGA),2003,5,exports_gdp,2008,gnn_scarcity,16.6868531997337,2.1164284085273266e-06
ETH-fed(KEN+TZA+UGA),2003,1,imports_gdp,2004,persistence,31.5460822119553,0.0
ETH-fed(KEN+TZA+UGA),2003,1,imports_gdp,2004,arima,31.5460822119553,0.0
ETH-fed(KEN+TZA+UGA),2003,1,imports_gdp,2004,chronos,31.5460822119553,0.09251089237522336
ETH-fed(KEN+TZA+UGA),2003,1,imports_gdp,2004,xgb_blind,31.5460822119553,6.689865514886151e-07
ETH-fed(KEN+TZA+UGA),2003,1,imports_gdp,2004,xgb_lag,31.5460822119553,0.0
ETH-fed(KEN+TZA+UGA),2003,1,imports_gdp,2004,xgb_typed,31.5460822119553,0.0
ETH-fed(KEN+TZA+UGA),2003,1,imports_gdp,2004,lgbm_blind,31.5460822119553,6.689865514886151e-07
ETH-fed(KEN+TZA+UGA),2003,1,imports_gdp,2004,lgbm_lag,31.5460822119553,0.0
ETH-fed(KEN+TZA+UGA),2003,1,imports_gdp,2004,lgbm_typed,31.5460822119553,0.0
ETH-fed(KEN+TZA+UGA),2003,1,imports_gdp,2004,tft,31.5460822119553,0.003573132975809301
ETH-fed(KEN+TZA+UGA),2003,1,imports_gdp,2004,tgcn,31.5460822119553,
ETH-fed(KEN+TZA+UGA),2003,1,imports_gdp,2004,persistence_scarcity,31.5460822119553,0.0
ETH-fed(KEN+TZA+UGA),2003,1,imports_gdp,2004,chronos_scarcity,31.5460822119553,0.09251089237522336
ETH-fed(KEN+TZA+UGA),2003,1,imports_gdp,2004,gnn_scarcity,31.5460822119553,6.689865514886151e-07
ETH-fed(KEN+TZA+UGA),2003,3,imports_gdp,2006,persistence,31.5460822119553,0.0
ETH-fed(KEN+TZA+UGA),2003,3,imports_gdp,2006,arima,31.5460822119553,0.0
ETH-fed(KEN+TZA+UGA),2003,3,imports_gdp,2006,chronos,31.5460822119553,0.09251089237522336
ETH-fed(KEN+TZA+UGA),2003,3,imports_gdp,2006,xgb_blind,31.5460822119553,6.689865514886151e-07
ETH-fed(KEN+TZA+UGA),2003,3,imports_gdp,2006,xgb_lag,31.5460822119553,0.0
ETH-fed(KEN+TZA+UGA),2003,3,imports_gdp,2006,xgb_typed,31.5460822119553,0.0
ETH-fed(KEN+TZA+UGA),2003,3,imports_gdp,2006,lgbm_blind,31.5460822119553,6.689865514886151e-07
ETH-fed(KEN+TZA+UGA),2003,3,imports_gdp,2006,lgbm_lag,31.5460822119553,0.0
ETH-fed(KEN+TZA+UGA),2003,3,imports_gdp,2006,lgbm_typed,31.5460822119553,0.0
ETH-fed(KEN+TZA+UGA),2003,3,imports_gdp,2006,tft,31.5460822119553,0.0020720496017858636
ETH-fed(KEN+TZA+UGA),2003,3,imports_gdp,2006,tgcn,31.5460822119553,
ETH-fed(KEN+TZA+UGA),2003,3,imports_gdp,2006,persistence_scarcity,31.5460822119553,0.0
ETH-fed(KEN+TZA+UGA),2003,3,imports_gdp,2006,chronos_scarcity,31.5460822119553,0.09251089237522336
ETH-fed(KEN+TZA+UGA),2003,3,imports_gdp,2006,gnn_scarcity,31.5460822119553,6.689865514886151e-07
ETH-fed(KEN+TZA+UGA),2003,5,imports_gdp,2008,persistence,31.5460822119553,0.0
ETH-fed(KEN+TZA+UGA),2003,5,imports_gdp,2008,arima,31.5460822119553,0.0
ETH-fed(KEN+TZA+UGA),2003,5,imports_gdp,2008,chronos,31.5460822119553,0.09251089237522336
ETH-fed(KEN+TZA+UGA),2003,5,imports_gdp,2008,xgb_blind,31.5460822119553,6.689865514886151e-07
ETH-fed(KEN+TZA+UGA),2003,5,imports_gdp,2008,xgb_lag,31.5460822119553,0.0
ETH-fed(KEN+TZA+UGA),2003,5,imports_gdp,2008,xgb_typed,31.5460822119553,0.0
ETH-fed(KEN+TZA+UGA),2003,5,imports_gdp,2008,lgbm_blind,31.5460822119553,6.689865514886151e-07
ETH-fed(KEN+TZA+UGA),2003,5,imports_gdp,2008,lgbm_lag,31.5460822119553,0.0
ETH-fed(KEN+TZA+UGA),2003,5,imports_gdp,2008,lgbm_typed,31.5460822119553,0.0
ETH-fed(KEN+TZA+UGA),2003,5,imports_gdp,2008,tft,31.5460822119553,0.006467150227315699
ETH-fed(KEN+TZA+UGA),2003,5,imports_gdp,2008,tgcn,31.5460822119553,
ETH-fed(KEN+TZA+UGA),2003,5,imports_gdp,2008,persistence_scarcity,31.5460822119553,0.0
ETH-fed(KEN+TZA+UGA),2003,5,imports_gdp,2008,chronos_scarcity,31.5460822119553,0.09251089237522336
ETH-fed(KEN+TZA+UGA),2003,5,imports_gdp,2008,gnn_scarcity,31.5460822119553,6.689865514886151e-07
ETH-fed(KEN+TZA+UGA),2003,1,current_account,2004,persistence,-6.59189372254429,5.01038652425852
ETH-fed(KEN+TZA+UGA),2003,1,current_account,2004,arima,-6.59189372254429,4.934370274588061
ETH-fed(KEN+TZA+UGA),2003,1,current_account,2004,chronos,-6.59189372254429,6.051326860914804
ETH-fed(KEN+TZA+UGA),2003,1,current_account,2004,xgb_blind,-6.59189372254429,6.59776376491306
ETH-fed(KEN+TZA+UGA),2003,1,current_account,2004,xgb_lag,-6.59189372254429,4.934370274588061
ETH-fed(KEN+TZA+UGA),2003,1,current_account,2004,xgb_typed,-6.59189372254429,4.934370274588061
ETH-fed(KEN+TZA+UGA),2003,1,current_account,2004,lgbm_blind,-6.59189372254429,5.365589764568462
ETH-fed(KEN+TZA+UGA),2003,1,current_account,2004,lgbm_lag,-6.59189372254429,4.934370274588061
ETH-fed(KEN+TZA+UGA),2003,1,current_account,2004,lgbm_typed,-6.59189372254429,4.934370274588061
ETH-fed(KEN+TZA+UGA),2003,1,current_account,2004,tft,-6.59189372254429,4.997855712900735
ETH-fed(KEN+TZA+UGA),2003,1,current_account,2004,tgcn,-6.59189372254429,
ETH-fed(KEN+TZA+UGA),2003,1,current_account,2004,persistence_scarcity,-6.59189372254429,5.01038652425852
ETH-fed(KEN+TZA+UGA),2003,1,current_account,2004,chronos_scarcity,-6.59189372254429,6.051326860914804
ETH-fed(KEN+TZA+UGA),2003,1,current_account,2004,gnn_scarcity,-6.59189372254429,5.278404762278177
ETH-fed(KEN+TZA+UGA),2003,3,current_account,2006,persistence,-11.6871605564419,10.105653358156129
ETH-fed(KEN+TZA+UGA),2003,3,current_account,2006,arima,-11.6871605564419,10.048605097290112
ETH-fed(KEN+TZA+UGA),2003,3,current_account,2006,chronos,-11.6871605564419,11.375295167094823
ETH-fed(KEN+TZA+UGA),2003,3,current_account,2006,xgb_blind,-11.6871605564419,8.828571384078618
ETH-fed(KEN+TZA+UGA),2003,3,current_account,2006,xgb_lag,-11.6871605564419,10.048605097290112
ETH-fed(KEN+TZA+UGA),2003,3,current_account,2006,xgb_typed,-11.6871605564419,10.048605097290112
ETH-fed(KEN+TZA+UGA),2003,3,current_account,2006,lgbm_blind,-11.6871605564419,10.271369781836409
ETH-fed(KEN+TZA+UGA),2003,3,current_account,2006,lgbm_lag,-11.6871605564419,10.048605097290112
ETH-fed(KEN+TZA+UGA),2003,3,current_account,2006,lgbm_typed,-11.6871605564419,10.048605097290112
ETH-fed(KEN+TZA+UGA),2003,3,current_account,2006,tft,-11.6871605564419,10.098824803954717
ETH-fed(KEN+TZA+UGA),2003,3,current_account,2006,tgcn,-11.6871605564419,
ETH-fed(KEN+TZA+UGA),2003,3,current_account,2006,persistence_scarcity,-11.6871605564419,10.105653358156129
ETH-fed(KEN+TZA+UGA),2003,3,current_account,2006,chronos_scarcity,-11.6871605564419,11.375295167094823
ETH-fed(KEN+TZA+UGA),2003,3,current_account,2006,gnn_scarcity,-11.6871605564419,10.430622284537908
ETH-fed(KEN+TZA+UGA),2003,5,current_account,2008,persistence,-6.67139557726763,5.089888378981859
ETH-fed(KEN+TZA+UGA),2003,5,current_account,2008,arima,-6.67139557726763,5.037177914152484
ETH-fed(KEN+TZA+UGA),2003,5,current_account,2008,chronos,-6.67139557726763,6.456554807499868
ETH-fed(KEN+TZA+UGA),2003,5,current_account,2008,xgb_blind,-6.67139557726763,7.340016700104696
ETH-fed(KEN+TZA+UGA),2003,5,current_account,2008,xgb_lag,-6.67139557726763,5.037177914152484
ETH-fed(KEN+TZA+UGA),2003,5,current_account,2008,xgb_typed,-6.67139557726763,5.037177914152484
ETH-fed(KEN+TZA+UGA),2003,5,current_account,2008,lgbm_blind,-6.67139557726763,4.806113816575033
ETH-fed(KEN+TZA+UGA),2003,5,current_account,2008,lgbm_lag,-6.67139557726763,5.037177914152484
ETH-fed(KEN+TZA+UGA),2003,5,current_account,2008,lgbm_typed,-6.67139557726763,5.037177914152484
ETH-fed(KEN+TZA+UGA),2003,5,current_account,2008,tft,-6.67139557726763,5.090228713826162
ETH-fed(KEN+TZA+UGA),2003,5,current_account,2008,tgcn,-6.67139557726763,
ETH-fed(KEN+TZA+UGA),2003,5,current_account,2008,persistence_scarcity,-6.67139557726763,5.089888378981859
ETH-fed(KEN+TZA+UGA),2003,5,current_account,2008,chronos_scarcity,-6.67139557726763,6.456554807499868
ETH-fed(KEN+TZA+UGA),2003,5,current_account,2008,gnn_scarcity,-6.67139557726763,5.5095640791215725
ETH-fed(KEN+TZA+UGA),2003,1,real_interest_rate,2004,persistence,2.97237710473646,8.08728508988353
ETH-fed(KEN+TZA+UGA),2003,1,real_interest_rate,2004,arima,2.97237710473646,2.671023147614525
ETH-fed(KEN+TZA+UGA),2003,1,real_interest_rate,2004,chronos,2.97237710473646,2.4561652374040017
ETH-fed(KEN+TZA+UGA),2003,1,real_interest_rate,2004,xgb_blind,2.97237710473646,4.905125899292124
ETH-fed(KEN+TZA+UGA),2003,1,real_interest_rate,2004,xgb_lag,2.97237710473646,2.671023147614525
ETH-fed(KEN+TZA+UGA),2003,1,real_interest_rate,2004,xgb_typed,2.97237710473646,2.671023147614525
ETH-fed(KEN+TZA+UGA),2003,1,real_interest_rate,2004,lgbm_blind,2.97237710473646,2.2649451798886666
ETH-fed(KEN+TZA+UGA),2003,1,real_interest_rate,2004,lgbm_lag,2.97237710473646,2.671023147614525
ETH-fed(KEN+TZA+UGA),2003,1,real_interest_rate,2004,lgbm_typed,2.97237710473646,2.671023147614525
ETH-fed(KEN+TZA+UGA),2003,1,real_interest_rate,2004,tft,2.97237710473646,8.361509127594125
ETH-fed(KEN+TZA+UGA),2003,1,real_interest_rate,2004,tgcn,2.97237710473646,
ETH-fed(KEN+TZA+UGA),2003,1,real_interest_rate,2004,persistence_scarcity,2.97237710473646,8.08728508988353
ETH-fed(KEN+TZA+UGA),2003,1,real_interest_rate,2004,chronos_scarcity,2.97237710473646,2.4561652374040017
ETH-fed(KEN+TZA+UGA),2003,1,real_interest_rate,2004,gnn_scarcity,2.97237710473646,2.0547878313292136
ETH-fed(KEN+TZA+UGA),2003,3,real_interest_rate,2006,persistence,-4.08090892794825,1.0339990571988205
ETH-fed(KEN+TZA+UGA),2003,3,real_interest_rate,2006,arima,-4.08090892794825,3.2377966554652526
ETH-fed(KEN+TZA+UGA),2003,3,real_interest_rate,2006,chronos,-4.08090892794825,7.906938943893684
ETH-fed(KEN+TZA+UGA),2003,3,real_interest_rate,2006,xgb_blind,-4.08090892794825,7.010041389496101
ETH-fed(KEN+TZA+UGA),2003,3,real_interest_rate,2006,xgb_lag,-4.08090892794825,3.2377966554652526
ETH-fed(KEN+TZA+UGA),2003,3,real_interest_rate,2006,xgb_typed,-4.08090892794825,3.2377966554652526
ETH-fed(KEN+TZA+UGA),2003,3,real_interest_rate,2006,lgbm_blind,-4.08090892794825,11.862017773312214
ETH-fed(KEN+TZA+UGA),2003,3,real_interest_rate,2006,lgbm_lag,-4.08090892794825,3.2377966554652526
ETH-fed(KEN+TZA+UGA),2003,3,real_interest_rate,2006,lgbm_typed,-4.08090892794825,3.2377966554652526
ETH-fed(KEN+TZA+UGA),2003,3,real_interest_rate,2006,tft,-4.08090892794825,5.97273078921534
ETH-fed(KEN+TZA+UGA),2003,3,real_interest_rate,2006,tgcn,-4.08090892794825,
ETH-fed(KEN+TZA+UGA),2003,3,real_interest_rate,2006,persistence_scarcity,-4.08090892794825,1.0339990571988205
ETH-fed(KEN+TZA+UGA),2003,3,real_interest_rate,2006,chronos_scarcity,-4.08090892794825,7.906938943893684
ETH-fed(KEN+TZA+UGA),2003,3,real_interest_rate,2006,gnn_scarcity,-4.08090892794825,9.321104679138436
ETH-fed(KEN+TZA+UGA),2003,5,real_interest_rate,2008,persistence,-17.1217762401546,12.006868255007529
ETH-fed(KEN+TZA+UGA),2003,5,real_interest_rate,2008,arima,-17.1217762401546,16.173396291460566
ETH-fed(KEN+TZA+UGA),2003,5,real_interest_rate,2008,chronos,-17.1217762401546,20.826341288372372
ETH-fed(KEN+TZA+UGA),2003,5,real_interest_rate,2008,xgb_blind,-17.1217762401546,15.809916870876645
ETH-fed(KEN+TZA+UGA),2003,5,real_interest_rate,2008,xgb_lag,-17.1217762401546,16.173396291460566
ETH-fed(KEN+TZA+UGA),2003,5,real_interest_rate,2008,xgb_typed,-17.1217762401546,16.173396291460566
ETH-fed(KEN+TZA+UGA),2003,5,real_interest_rate,2008,lgbm_blind,-17.1217762401546,25.340112160064606
ETH-fed(KEN+TZA+UGA),2003,5,real_interest_rate,2008,lgbm_lag,-17.1217762401546,16.173396291460566
ETH-fed(KEN+TZA+UGA),2003,5,real_interest_rate,2008,lgbm_typed,-17.1217762401546,16.173396291460566
ETH-fed(KEN+TZA+UGA),2003,5,real_interest_rate,2008,tft,-17.1217762401546,20.686504261776303
ETH-fed(KEN+TZA+UGA),2003,5,real_interest_rate,2008,tgcn,-17.1217762401546,
ETH-fed(KEN+TZA+UGA),2003,5,real_interest_rate,2008,persistence_scarcity,-17.1217762401546,12.006868255007529
ETH-fed(KEN+TZA+UGA),2003,5,real_interest_rate,2008,chronos_scarcity,-17.1217762401546,20.826341288372372
ETH-fed(KEN+TZA+UGA),2003,5,real_interest_rate,2008,gnn_scarcity,-17.1217762401546,22.716233866497372
ETH-fed(KEN+TZA+UGA),2003,1,broad_money,2004,persistence,45.3530821708908,0.4752017285348984
ETH-fed(KEN+TZA+UGA),2003,1,broad_money,2004,arima,45.3530821708908,0.5620138402546502
ETH-fed(KEN+TZA+UGA),2003,1,broad_money,2004,chronos,45.3530821708908,2.1026167778243945
ETH-fed(KEN+TZA+UGA),2003,1,broad_money,2004,xgb_blind,45.3530821708908,7.194364061759941
ETH-fed(KEN+TZA+UGA),2003,1,broad_money,2004,xgb_lag,45.3530821708908,0.5620138402546502
ETH-fed(KEN+TZA+UGA),2003,1,broad_money,2004,xgb_typed,45.3530821708908,0.5620138402546502
ETH-fed(KEN+TZA+UGA),2003,1,broad_money,2004,lgbm_blind,45.3530821708908,11.89448264015725
ETH-fed(KEN+TZA+UGA),2003,1,broad_money,2004,lgbm_lag,45.3530821708908,0.5620138402546502
ETH-fed(KEN+TZA+UGA),2003,1,broad_money,2004,lgbm_typed,45.3530821708908,0.5620138402546502
ETH-fed(KEN+TZA+UGA),2003,1,broad_money,2004,tft,45.3530821708908,1.0131745429763868
ETH-fed(KEN+TZA+UGA),2003,1,broad_money,2004,tgcn,45.3530821708908,
ETH-fed(KEN+TZA+UGA),2003,1,broad_money,2004,persistence_scarcity,45.3530821708908,0.4752017285348984
ETH-fed(KEN+TZA+UGA),2003,1,broad_money,2004,chronos_scarcity,45.3530821708908,2.1026167778243945
ETH-fed(KEN+TZA+UGA),2003,1,broad_money,2004,gnn_scarcity,45.3530821708908,12.320153704093926
ETH-fed(KEN+TZA+UGA),2003,3,broad_money,2006,persistence,42.4864001741599,2.3914802681960055
ETH-fed(KEN+TZA+UGA),2003,3,broad_money,2006,arima,42.4864001741599,2.312703603611311
ETH-fed(KEN+TZA+UGA),2003,3,broad_money,2006,chronos,42.4864001741599,1.7332615384865875
ETH-fed(KEN+TZA+UGA),2003,3,broad_money,2006,xgb_blind,42.4864001741599,10.66171603109349
ETH-fed(KEN+TZA+UGA),2003,3,broad_money,2006,xgb_lag,42.4864001741599,2.312703603611311
ETH-fed(KEN+TZA+UGA),2003,3,broad_money,2006,xgb_typed,42.4864001741599,2.312703603611311
ETH-fed(KEN+TZA+UGA),2003,3,broad_money,2006,lgbm_blind,42.4864001741599,8.473549152653327
ETH-fed(KEN+TZA+UGA),2003,3,broad_money,2006,lgbm_lag,42.4864001741599,2.312703603611311
ETH-fed(KEN+TZA+UGA),2003,3,broad_money,2006,lgbm_typed,42.4864001741599,2.312703603611311
ETH-fed(KEN+TZA+UGA),2003,3,broad_money,2006,tft,42.4864001741599,9.835487795810806
ETH-fed(KEN+TZA+UGA),2003,3,broad_money,2006,tgcn,42.4864001741599,
ETH-fed(KEN+TZA+UGA),2003,3,broad_money,2006,persistence_scarcity,42.4864001741599,2.3914802681960055
ETH-fed(KEN+TZA+UGA),2003,3,broad_money,2006,chronos_scarcity,42.4864001741599,1.7332615384865875
ETH-fed(KEN+TZA+UGA),2003,3,broad_money,2006,gnn_scarcity,42.4864001741599,9.309745358486069
ETH-fed(KEN+TZA+UGA),2003,5,broad_money,2008,persistence,33.9671207502096,10.9107596921463
ETH-fed(KEN+TZA+UGA),2003,5,broad_money,2008,arima,33.9671207502096,10.832068631246926
ETH-fed(KEN+TZA+UGA),2003,5,broad_money,2008,chronos,33.9671207502096,8.19298972342321
ETH-fed(KEN+TZA+UGA),2003,5,broad_money,2008,xgb_blind,33.9671207502096,4.533722297886101
ETH-fed(KEN+TZA+UGA),2003,5,broad_money,2008,xgb_lag,33.9671207502096,10.832068631246926
ETH-fed(KEN+TZA+UGA),2003,5,broad_money,2008,xgb_typed,33.9671207502096,10.832068631246926
ETH-fed(KEN+TZA+UGA),2003,5,broad_money,2008,lgbm_blind,33.9671207502096,1.1437311734150697
ETH-fed(KEN+TZA+UGA),2003,5,broad_money,2008,lgbm_lag,33.9671207502096,10.832068631246926
ETH-fed(KEN+TZA+UGA),2003,5,broad_money,2008,lgbm_typed,33.9671207502096,10.832068631246926
ETH-fed(KEN+TZA+UGA),2003,5,broad_money,2008,tft,33.9671207502096,22.29339255545446
ETH-fed(KEN+TZA+UGA),2003,5,broad_money,2008,tgcn,33.9671207502096,
ETH-fed(KEN+TZA+UGA),2003,5,broad_money,2008,persistence_scarcity,33.9671207502096,10.9107596921463
ETH-fed(KEN+TZA+UGA),2003,5,broad_money,2008,chronos_scarcity,33.9671207502096,8.19298972342321
ETH-fed(KEN+TZA+UGA),2003,5,broad_money,2008,gnn_scarcity,33.9671207502096,0.5514560773580399
ETH-fed(KEN+TZA+UGA),2003,1,private_credit,2004,persistence,16.5291865259117,0.9714369369356994
ETH-fed(KEN+TZA+UGA),2003,1,private_credit,2004,arima,16.5291865259117,0.6741759436746619
ETH-fed(KEN+TZA+UGA),2003,1,private_credit,2004,chronos,16.5291865259117,0.19233540591658382
ETH-fed(KEN+TZA+UGA),2003,1,private_credit,2004,xgb_blind,16.5291865259117,2.2144053369468573
ETH-fed(KEN+TZA+UGA),2003,1,private_credit,2004,xgb_lag,16.5291865259117,0.6741759436746619
ETH-fed(KEN+TZA+UGA),2003,1,private_credit,2004,xgb_typed,16.5291865259117,0.6741759436746619
ETH-fed(KEN+TZA+UGA),2003,1,private_credit,2004,lgbm_blind,16.5291865259117,4.9447553636644095
ETH-fed(KEN+TZA+UGA),2003,1,private_credit,2004,lgbm_lag,16.5291865259117,0.6741759436746619
ETH-fed(KEN+TZA+UGA),2003,1,private_credit,2004,lgbm_typed,16.5291865259117,0.6741759436746619
ETH-fed(KEN+TZA+UGA),2003,1,private_credit,2004,tft,16.5291865259117,1.1072861761146662
ETH-fed(KEN+TZA+UGA),2003,1,private_credit,2004,tgcn,16.5291865259117,
ETH-fed(KEN+TZA+UGA),2003,1,private_credit,2004,persistence_scarcity,16.5291865259117,0.9714369369356994
ETH-fed(KEN+TZA+UGA),2003,1,private_credit,2004,chronos_scarcity,16.5291865259117,0.19233540591658382
ETH-fed(KEN+TZA+UGA),2003,1,private_credit,2004,gnn_scarcity,16.5291865259117,5.6798270135825994
ETH-fed(KEN+TZA+UGA),2003,3,private_credit,2006,persistence,20.4493250657558,2.9487016029084003
ETH-fed(KEN+TZA+UGA),2003,3,private_credit,2006,arima,20.4493250657558,3.5462271796428517
ETH-fed(KEN+TZA+UGA),2003,3,private_credit,2006,chronos,20.4493250657558,7.260305862569766
ETH-fed(KEN+TZA+UGA),2003,3,private_credit,2006,xgb_blind,20.4493250657558,6.222489814901309
ETH-fed(KEN+TZA+UGA),2003,3,private_credit,2006,xgb_lag,20.4493250657558,3.5462271796428517
ETH-fed(KEN+TZA+UGA),2003,3,private_credit,2006,xgb_typed,20.4493250657558,3.5462271796428517
ETH-fed(KEN+TZA+UGA),2003,3,private_credit,2006,lgbm_blind,20.4493250657558,7.077729379623543
ETH-fed(KEN+TZA+UGA),2003,3,private_credit,2006,lgbm_lag,20.4493250657558,3.5462271796428517
ETH-fed(KEN+TZA+UGA),2003,3,private_credit,2006,lgbm_typed,20.4493250657558,3.5462271796428517
ETH-fed(KEN+TZA+UGA),2003,3,private_credit,2006,tft,20.4493250657558,2.657474022054629
ETH-fed(KEN+TZA+UGA),2003,3,private_credit,2006,tgcn,20.4493250657558,
ETH-fed(KEN+TZA+UGA),2003,3,private_credit,2006,persistence_scarcity,20.4493250657558,2.9487016029084003
ETH-fed(KEN+TZA+UGA),2003,3,private_credit,2006,chronos_scarcity,20.4493250657558,7.260305862569766
ETH-fed(KEN+TZA+UGA),2003,3,private_credit,2006,gnn_scarcity,20.4493250657558,9.422752838277773
ETH-fed(KEN+TZA+UGA),2003,5,private_credit,2008,persistence,17.7101483486321,0.20952488578469897
ETH-fed(KEN+TZA+UGA),2003,5,private_credit,2008,arima,17.7101483486321,0.9234211789928253
ETH-fed(KEN+TZA+UGA),2003,5,private_credit,2008,chronos,17.7101483486321,9.103415026488545
ETH-fed(KEN+TZA+UGA),2003,5,private_credit,2008,xgb_blind,17.7101483486321,2.0304303310539744
ETH-fed(KEN+TZA+UGA),2003,5,private_credit,2008,xgb_lag,17.7101483486321,0.9234211789928253
ETH-fed(KEN+TZA+UGA),2003,5,private_credit,2008,xgb_typed,17.7101483486321,0.9234211789928253
ETH-fed(KEN+TZA+UGA),2003,5,private_credit,2008,lgbm_blind,17.7101483486321,2.292867462723761
ETH-fed(KEN+TZA+UGA),2003,5,private_credit,2008,lgbm_lag,17.7101483486321,0.9234211789928253
ETH-fed(KEN+TZA+UGA),2003,5,private_credit,2008,lgbm_typed,17.7101483486321,0.9234211789928253
ETH-fed(KEN+TZA+UGA),2003,5,private_credit,2008,tft,17.7101483486321,0.11056087988352559
ETH-fed(KEN+TZA+UGA),2003,5,private_credit,2008,tgcn,17.7101483486321,
ETH-fed(KEN+TZA+UGA),2003,5,private_credit,2008,persistence_scarcity,17.7101483486321,0.20952488578469897
ETH-fed(KEN+TZA+UGA),2003,5,private_credit,2008,chronos_scarcity,17.7101483486321,9.103415026488545
ETH-fed(KEN+TZA+UGA),2003,5,private_credit,2008,gnn_scarcity,17.7101483486321,6.388877405944111
ETH-fed(KEN+TZA+UGA),2003,1,govt_consumption,2004,persistence,10.3182460672537,0.0
ETH-fed(KEN+TZA+UGA),2003,1,govt_consumption,2004,arima,10.3182460672537,0.0
ETH-fed(KEN+TZA+UGA),2003,1,govt_consumption,2004,chronos,10.3182460672537,0.030259311882606
ETH-fed(KEN+TZA+UGA),2003,1,govt_consumption,2004,xgb_blind,10.3182460672537,1.7949735209299433e-07
ETH-fed(KEN+TZA+UGA),2003,1,govt_consumption,2004,xgb_lag,10.3182460672537,0.0
ETH-fed(KEN+TZA+UGA),2003,1,govt_consumption,2004,xgb_typed,10.3182460672537,0.0
ETH-fed(KEN+TZA+UGA),2003,1,govt_consumption,2004,lgbm_blind,10.3182460672537,1.7949735209299433e-07
ETH-fed(KEN+TZA+UGA),2003,1,govt_consumption,2004,lgbm_lag,10.3182460672537,0.0
ETH-fed(KEN+TZA+UGA),2003,1,govt_consumption,2004,lgbm_typed,10.3182460672537,0.0
ETH-fed(KEN+TZA+UGA),2003,1,govt_consumption,2004,tft,10.3182460672537,0.0035716898122934992
ETH-fed(KEN+TZA+UGA),2003,1,govt_consumption,2004,tgcn,10.3182460672537,
ETH-fed(KEN+TZA+UGA),2003,1,govt_consumption,2004,persistence_scarcity,10.3182460672537,0.0
ETH-fed(KEN+TZA+UGA),2003,1,govt_consumption,2004,chronos_scarcity,10.3182460672537,0.030259311882606
ETH-fed(KEN+TZA+UGA),2003,1,govt_consumption,2004,gnn_scarcity,10.3182460672537,1.7949735209299433e-07
ETH-fed(KEN+TZA+UGA),2003,3,govt_consumption,2006,persistence,10.3182460672537,0.0
ETH-fed(KEN+TZA+UGA),2003,3,govt_consumption,2006,arima,10.3182460672537,0.0
ETH-fed(KEN+TZA+UGA),2003,3,govt_consumption,2006,chronos,10.3182460672537,0.030259311882606
ETH-fed(KEN+TZA+UGA),2003,3,govt_consumption,2006,xgb_blind,10.3182460672537,1.7949735209299433e-07
ETH-fed(KEN+TZA+UGA),2003,3,govt_consumption,2006,xgb_lag,10.3182460672537,0.0
ETH-fed(KEN+TZA+UGA),2003,3,govt_consumption,2006,xgb_typed,10.3182460672537,0.0
ETH-fed(KEN+TZA+UGA),2003,3,govt_consumption,2006,lgbm_blind,10.3182460672537,1.7949735209299433e-07
ETH-fed(KEN+TZA+UGA),2003,3,govt_consumption,2006,lgbm_lag,10.3182460672537,0.0
ETH-fed(KEN+TZA+UGA),2003,3,govt_consumption,2006,lgbm_typed,10.3182460672537,0.0
ETH-fed(KEN+TZA+UGA),2003,3,govt_consumption,2006,tft,10.3182460672537,0.002071560112586468
ETH-fed(KEN+TZA+UGA),2003,3,govt_consumption,2006,tgcn,10.3182460672537,
ETH-fed(KEN+TZA+UGA),2003,3,govt_consumption,2006,persistence_scarcity,10.3182460672537,0.0
ETH-fed(KEN+TZA+UGA),2003,3,govt_consumption,2006,chronos_scarcity,10.3182460672537,0.030259311882606
ETH-fed(KEN+TZA+UGA),2003,3,govt_consumption,2006,gnn_scarcity,10.3182460672537,1.7949735209299433e-07
ETH-fed(KEN+TZA+UGA),2003,5,govt_consumption,2008,persistence,10.3182460672537,0.0
ETH-fed(KEN+TZA+UGA),2003,5,govt_consumption,2008,arima,10.3182460672537,0.0
ETH-fed(KEN+TZA+UGA),2003,5,govt_consumption,2008,chronos,10.3182460672537,0.030259311882606
ETH-fed(KEN+TZA+UGA),2003,5,govt_consumption,2008,xgb_blind,10.3182460672537,1.7949735209299433e-07
ETH-fed(KEN+TZA+UGA),2003,5,govt_consumption,2008,xgb_lag,10.3182460672537,0.0
ETH-fed(KEN+TZA+UGA),2003,5,govt_consumption,2008,xgb_typed,10.3182460672537,0.0
ETH-fed(KEN+TZA+UGA),2003,5,govt_consumption,2008,lgbm_blind,10.3182460672537,1.7949735209299433e-07
ETH-fed(KEN+TZA+UGA),2003,5,govt_consumption,2008,lgbm_lag,10.3182460672537,0.0
ETH-fed(KEN+TZA+UGA),2003,5,govt_consumption,2008,lgbm_typed,10.3182460672537,0.0
ETH-fed(KEN+TZA+UGA),2003,5,govt_consumption,2008,tft,10.3182460672537,0.006468593390831501
ETH-fed(KEN+TZA+UGA),2003,5,govt_consumption,2008,tgcn,10.3182460672537,
ETH-fed(KEN+TZA+UGA),2003,5,govt_consumption,2008,persistence_scarcity,10.3182460672537,0.0
ETH-fed(KEN+TZA+UGA),2003,5,govt_consumption,2008,chronos_scarcity,10.3182460672537,0.030259311882606
ETH-fed(KEN+TZA+UGA),2003,5,govt_consumption,2008,gnn_scarcity,10.3182460672537,1.7949735209299433e-07
ETH-fed(KEN+TZA+UGA),2004,1,gdp_growth,2005,persistence,11.8187659491625,1.7538371909845996
ETH-fed(KEN+TZA+UGA),2004,1,gdp_growth,2005,arima,11.8187659491625,3.6507331289005833
ETH-fed(KEN+TZA+UGA),2004,1,gdp_growth,2005,chronos,11.8187659491625,8.341334651860254
ETH-fed(KEN+TZA+UGA),2004,1,gdp_growth,2005,xgb_blind,11.8187659491625,6.36379940405752
ETH-fed(KEN+TZA+UGA),2004,1,gdp_growth,2005,xgb_lag,11.8187659491625,3.6507331289005833
ETH-fed(KEN+TZA+UGA),2004,1,gdp_growth,2005,xgb_typed,11.8187659491625,3.6507331289005833
ETH-fed(KEN+TZA+UGA),2004,1,gdp_growth,2005,lgbm_blind,11.8187659491625,8.16055665933924
ETH-fed(KEN+TZA+UGA),2004,1,gdp_growth,2005,lgbm_lag,11.8187659491625,3.6507331289005833
ETH-fed(KEN+TZA+UGA),2004,1,gdp_growth,2005,lgbm_typed,11.8187659491625,3.6507331289005833
ETH-fed(KEN+TZA+UGA),2004,1,gdp_growth,2005,tft,11.8187659491625,3.2095524559888666
ETH-fed(KEN+TZA+UGA),2004,1,gdp_growth,2005,tgcn,11.8187659491625,
ETH-fed(KEN+TZA+UGA),2004,1,gdp_growth,2005,persistence_scarcity,11.8187659491625,1.7538371909845996
ETH-fed(KEN+TZA+UGA),2004,1,gdp_growth,2005,chronos_scarcity,11.8187659491625,8.341334651860254
ETH-fed(KEN+TZA+UGA),2004,1,gdp_growth,2005,gnn_scarcity,11.8187659491625,8.882266830357569
ETH-fed(KEN+TZA+UGA),2004,3,gdp_growth,2007,persistence,11.4561670019891,2.116436138158001
ETH-fed(KEN+TZA+UGA),2004,3,gdp_growth,2007,arima,11.4561670019891,2.069366626660697
ETH-fed(KEN+TZA+UGA),2004,3,gdp_growth,2007,chronos,11.4561670019891,8.191640873220178
ETH-fed(KEN+TZA+UGA),2004,3,gdp_growth,2007,xgb_blind,11.4561670019891,3.4932930662896364
ETH-fed(KEN+TZA+UGA),2004,3,gdp_growth,2007,xgb_lag,11.4561670019891,2.069366626660697
ETH-fed(KEN+TZA+UGA),2004,3,gdp_growth,2007,xgb_typed,11.4561670019891,2.069366626660697
ETH-fed(KEN+TZA+UGA),2004,3,gdp_growth,2007,lgbm_blind,11.4561670019891,5.870759466754012
ETH-fed(KEN+TZA+UGA),2004,3,gdp_growth,2007,lgbm_lag,11.4561670019891,2.069366626660697
ETH-fed(KEN+TZA+UGA),2004,3,gdp_growth,2007,lgbm_typed,11.4561670019891,2.069366626660697
ETH-fed(KEN+TZA+UGA),2004,3,gdp_growth,2007,tft,11.4561670019891,12.663873891565588
ETH-fed(KEN+TZA+UGA),2004,3,gdp_growth,2007,tgcn,11.4561670019891,
ETH-fed(KEN+TZA+UGA),2004,3,gdp_growth,2007,persistence_scarcity,11.4561670019891,2.116436138158001
ETH-fed(KEN+TZA+UGA),2004,3,gdp_growth,2007,chronos_scarcity,11.4561670019891,8.191640873220178
ETH-fed(KEN+TZA+UGA),2004,3,gdp_growth,2007,gnn_scarcity,11.4561670019891,8.338685293462488
ETH-fed(KEN+TZA+UGA),2004,5,gdp_growth,2009,persistence,8.8025531990487,4.770049941098399
ETH-fed(KEN+TZA+UGA),2004,5,gdp_growth,2009,arima,8.8025531990487,0.7280498584919979
ETH-fed(KEN+TZA+UGA),2004,5,gdp_growth,2009,chronos,8.8025531990487,5.727277777906123
ETH-fed(KEN+TZA+UGA),2004,5,gdp_growth,2009,xgb_blind,8.8025531990487,9.751361451860133
ETH-fed(KEN+TZA+UGA),2004,5,gdp_growth,2009,xgb_lag,8.8025531990487,0.7280498584919979
ETH-fed(KEN+TZA+UGA),2004,5,gdp_growth,2009,xgb_typed,8.8025531990487,0.7280498584919979
ETH-fed(KEN+TZA+UGA),2004,5,gdp_growth,2009,lgbm_blind,8.8025531990487,3.733343981023493
ETH-fed(KEN+TZA+UGA),2004,5,gdp_growth,2009,lgbm_lag,8.8025531990487,0.7280498584919979
ETH-fed(KEN+TZA+UGA),2004,5,gdp_growth,2009,lgbm_typed,8.8025531990487,0.7280498584919979
ETH-fed(KEN+TZA+UGA),2004,5,gdp_growth,2009,tft,8.8025531990487,22.325536705736454
ETH-fed(KEN+TZA+UGA),2004,5,gdp_growth,2009,tgcn,8.8025531990487,
ETH-fed(KEN+TZA+UGA),2004,5,gdp_growth,2009,persistence_scarcity,8.8025531990487,4.770049941098399
ETH-fed(KEN+TZA+UGA),2004,5,gdp_growth,2009,chronos_scarcity,8.8025531990487,5.727277777906123
ETH-fed(KEN+TZA+UGA),2004,5,gdp_growth,2009,gnn_scarcity,8.8025531990487,5.702878020520869
ETH-fed(KEN+TZA+UGA),2004,1,inflation_cpi,2005,persistence,9.96997123512891,6.642600756180439
ETH-fed(KEN+TZA+UGA),2004,1,inflation_cpi,2005,arima,9.96997123512891,1.0841101693578565
ETH-fed(KEN+TZA+UGA),2004,1,inflation_cpi,2005,chronos,9.96997123512891,8.924334581228763
ETH-fed(KEN+TZA+UGA),2004,1,inflation_cpi,2005,xgb_blind,9.96997123512891,7.931831176611453
ETH-fed(KEN+TZA+UGA),2004,1,inflation_cpi,2005,xgb_lag,9.96997123512891,1.0841101693578565
ETH-fed(KEN+TZA+UGA),2004,1,inflation_cpi,2005,xgb_typed,9.96997123512891,1.0841101693578565
ETH-fed(KEN+TZA+UGA),2004,1,inflation_cpi,2005,lgbm_blind,9.96997123512891,4.23729357105333
ETH-fed(KEN+TZA+UGA),2004,1,inflation_cpi,2005,lgbm_lag,9.96997123512891,1.0841101693578565
ETH-fed(KEN+TZA+UGA),2004,1,inflation_cpi,2005,lgbm_typed,9.96997123512891,1.0841101693578565
ETH-fed(KEN+TZA+UGA),2004,1,inflation_cpi,2005,tft,9.96997123512891,6.144461210104495
ETH-fed(KEN+TZA+UGA),2004,1,inflation_cpi,2005,tgcn,9.96997123512891,
ETH-fed(KEN+TZA+UGA),2004,1,inflation_cpi,2005,persistence_scarcity,9.96997123512891,6.642600756180439
ETH-fed(KEN+TZA+UGA),2004,1,inflation_cpi,2005,chronos_scarcity,9.96997123512891,8.924334581228763
ETH-fed(KEN+TZA+UGA),2004,1,inflation_cpi,2005,gnn_scarcity,9.96997123512891,5.272492940756351
ETH-fed(KEN+TZA+UGA),2004,3,inflation_cpi,2007,persistence,17.2404008340897,13.913030355141231
ETH-fed(KEN+TZA+UGA),2004,3,inflation_cpi,2007,arima,17.2404008340897,9.736460080806154
ETH-fed(KEN+TZA+UGA),2004,3,inflation_cpi,2007,chronos,17.2404008340897,15.323400301939433
ETH-fed(KEN+TZA+UGA),2004,3,inflation_cpi,2007,xgb_blind,17.2404008340897,17.249086706048434
ETH-fed(KEN+TZA+UGA),2004,3,inflation_cpi,2007,xgb_lag,17.2404008340897,9.736460080806154
ETH-fed(KEN+TZA+UGA),2004,3,inflation_cpi,2007,xgb_typed,17.2404008340897,9.736460080806154
ETH-fed(KEN+TZA+UGA),2004,3,inflation_cpi,2007,lgbm_blind,17.2404008340897,14.406447135613545
ETH-fed(KEN+TZA+UGA),2004,3,inflation_cpi,2007,lgbm_lag,17.2404008340897,9.736460080806154
ETH-fed(KEN+TZA+UGA),2004,3,inflation_cpi,2007,lgbm_typed,17.2404008340897,9.736460080806154
ETH-fed(KEN+TZA+UGA),2004,3,inflation_cpi,2007,tft,17.2404008340897,13.263175768858378
ETH-fed(KEN+TZA+UGA),2004,3,inflation_cpi,2007,tgcn,17.2404008340897,
ETH-fed(KEN+TZA+UGA),2004,3,inflation_cpi,2007,persistence_scarcity,17.2404008340897,13.913030355141231
ETH-fed(KEN+TZA+UGA),2004,3,inflation_cpi,2007,chronos_scarcity,17.2404008340897,15.323400301939433
ETH-fed(KEN+TZA+UGA),2004,3,inflation_cpi,2007,gnn_scarcity,17.2404008340897,12.269492192274516
ETH-fed(KEN+TZA+UGA),2004,5,inflation_cpi,2009,persistence,8.48364404530282,5.156273566354349
ETH-fed(KEN+TZA+UGA),2004,5,inflation_cpi,2009,arima,8.48364404530282,1.3785400316689138
ETH-fed(KEN+TZA+UGA),2004,5,inflation_cpi,2009,chronos,8.48364404530282,7.1185053953623285
ETH-fed(KEN+TZA+UGA),2004,5,inflation_cpi,2009,xgb_blind,8.48364404530282,5.060972488830041
ETH-fed(KEN+TZA+UGA),2004,5,inflation_cpi,2009,xgb_lag,8.48364404530282,1.3785400316689138
ETH-fed(KEN+TZA+UGA),2004,5,inflation_cpi,2009,xgb_typed,8.48364404530282,1.3785400316689138
ETH-fed(KEN+TZA+UGA),2004,5,inflation_cpi,2009,lgbm_blind,8.48364404530282,6.196593798110436
ETH-fed(KEN+TZA+UGA),2004,5,inflation_cpi,2009,lgbm_lag,8.48364404530282,1.3785400316689138
ETH-fed(KEN+TZA+UGA),2004,5,inflation_cpi,2009,lgbm_typed,8.48364404530282,1.3785400316689138
ETH-fed(KEN+TZA+UGA),2004,5,inflation_cpi,2009,tft,8.48364404530282,4.021987474868249
ETH-fed(KEN+TZA+UGA),2004,5,inflation_cpi,2009,tgcn,8.48364404530282,
ETH-fed(KEN+TZA+UGA),2004,5,inflation_cpi,2009,persistence_scarcity,8.48364404530282,5.156273566354349
ETH-fed(KEN+TZA+UGA),2004,5,inflation_cpi,2009,chronos_scarcity,8.48364404530282,7.1185053953623285
ETH-fed(KEN+TZA+UGA),2004,5,inflation_cpi,2009,gnn_scarcity,8.48364404530282,3.5396376022791376
ETH-fed(KEN+TZA+UGA),2004,1,unemployment,2005,persistence,2.497,0.2789999999999999
ETH-fed(KEN+TZA+UGA),2004,1,unemployment,2005,arima,2.497,0.18138268429984672
ETH-fed(KEN+TZA+UGA),2004,1,unemployment,2005,chronos,2.497,0.29330251502990734
ETH-fed(KEN+TZA+UGA),2004,1,unemployment,2005,xgb_blind,2.497,0.5825114040374757
ETH-fed(KEN+TZA+UGA),2004,1,unemployment,2005,xgb_lag,2.497,0.18138268429984672
ETH-fed(KEN+TZA+UGA),2004,1,unemployment,2005,xgb_typed,2.497,0.18138268429984672
ETH-fed(KEN+TZA+UGA),2004,1,unemployment,2005,lgbm_blind,2.497,0.7242142774036955
ETH-fed(KEN+TZA+UGA),2004,1,unemployment,2005,lgbm_lag,2.497,0.18138268429984672
ETH-fed(KEN+TZA+UGA),2004,1,unemployment,2005,lgbm_typed,2.497,0.18138268429984672
ETH-fed(KEN+TZA+UGA),2004,1,unemployment,2005,tft,2.497,0.4224965362548829
ETH-fed(KEN+TZA+UGA),2004,1,unemployment,2005,tgcn,2.497,
ETH-fed(KEN+TZA+UGA),2004,1,unemployment,2005,persistence_scarcity,2.497,0.2789999999999999
ETH-fed(KEN+TZA+UGA),2004,1,unemployment,2005,chronos_scarcity,2.497,0.29330251502990734
ETH-fed(KEN+TZA+UGA),2004,1,unemployment,2005,gnn_scarcity,2.497,0.7057096748352052
ETH-fed(KEN+TZA+UGA),2004,3,unemployment,2007,persistence,2.337,0.4389999999999996
ETH-fed(KEN+TZA+UGA),2004,3,unemployment,2007,arima,2.337,0.2830263812623004
ETH-fed(KEN+TZA+UGA),2004,3,unemployment,2007,chronos,2.337,0.4533008460998533
ETH-fed(KEN+TZA+UGA),2004,3,unemployment,2007,xgb_blind,2.337,0.8127006416320799
ETH-fed(KEN+TZA+UGA),2004,3,unemployment,2007,xgb_lag,2.337,0.2830263812623004
ETH-fed(KEN+TZA+UGA),2004,3,unemployment,2007,xgb_typed,2.337,0.2830263812623004
ETH-fed(KEN+TZA+UGA),2004,3,unemployment,2007,lgbm_blind,2.337,0.8627500061988829
ETH-fed(KEN+TZA+UGA),2004,3,unemployment,2007,lgbm_lag,2.337,0.2830263812623004
ETH-fed(KEN+TZA+UGA),2004,3,unemployment,2007,lgbm_typed,2.337,0.2830263812623004
ETH-fed(KEN+TZA+UGA),2004,3,unemployment,2007,tft,2.337,0.6133047466278074
ETH-fed(KEN+TZA+UGA),2004,3,unemployment,2007,tgcn,2.337,
ETH-fed(KEN+TZA+UGA),2004,3,unemployment,2007,persistence_scarcity,2.337,0.4389999999999996
ETH-fed(KEN+TZA+UGA),2004,3,unemployment,2007,chronos_scarcity,2.337,0.4533008460998533
ETH-fed(KEN+TZA+UGA),2004,3,unemployment,2007,gnn_scarcity,2.337,0.871935499191284
ETH-fed(KEN+TZA+UGA),2004,5,unemployment,2009,persistence,2.326,0.44999999999999973
ETH-fed(KEN+TZA+UGA),2004,5,unemployment,2009,arima,2.326,0.2836948302727045
ETH-fed(KEN+TZA+UGA),2004,5,unemployment,2009,chronos,2.326,0.5352422943115234
ETH-fed(KEN+TZA+UGA),2004,5,unemployment,2009,xgb_blind,2.326,0.7747108688354492
ETH-fed(KEN+TZA+UGA),2004,5,unemployment,2009,xgb_lag,2.326,0.2836948302727045
ETH-fed(KEN+TZA+UGA),2004,5,unemployment,2009,xgb_typed,2.326,0.2836948302727045
ETH-fed(KEN+TZA+UGA),2004,5,unemployment,2009,lgbm_blind,2.326,0.8785000076293943
ETH-fed(KEN+TZA+UGA),2004,5,unemployment,2009,lgbm_lag,2.326,0.2836948302727045
ETH-fed(KEN+TZA+UGA),2004,5,unemployment,2009,lgbm_typed,2.326,0.2836948302727045
ETH-fed(KEN+TZA+UGA),2004,5,unemployment,2009,tft,2.326,0.6298804035186767
ETH-fed(KEN+TZA+UGA),2004,5,unemployment,2009,tgcn,2.326,
ETH-fed(KEN+TZA+UGA),2004,5,unemployment,2009,persistence_scarcity,2.326,0.44999999999999973
ETH-fed(KEN+TZA+UGA),2004,5,unemployment,2009,chronos_scarcity,2.326,0.5352422943115234
ETH-fed(KEN+TZA+UGA),2004,5,unemployment,2009,gnn_scarcity,2.326,0.8823230018615722
ETH-fed(KEN+TZA+UGA),2004,1,exports_gdp,2005,persistence,16.6868531997337,0.0
ETH-fed(KEN+TZA+UGA),2004,1,exports_gdp,2005,arima,16.6868531997337,0.0
ETH-fed(KEN+TZA+UGA),2004,1,exports_gdp,2005,chronos,16.6868531997337,0.04893282009502897
ETH-fed(KEN+TZA+UGA),2004,1,exports_gdp,2005,xgb_blind,16.6868531997337,2.090797757148266e-07
ETH-fed(KEN+TZA+UGA),2004,1,exports_gdp,2005,xgb_lag,16.6868531997337,0.0
ETH-fed(KEN+TZA+UGA),2004,1,exports_gdp,2005,xgb_typed,16.6868531997337,0.0
ETH-fed(KEN+TZA+UGA),2004,1,exports_gdp,2005,lgbm_blind,16.6868531997337,2.090797757148266e-07
ETH-fed(KEN+TZA+UGA),2004,1,exports_gdp,2005,lgbm_lag,16.6868531997337,0.0
ETH-fed(KEN+TZA+UGA),2004,1,exports_gdp,2005,lgbm_typed,16.6868531997337,0.0
ETH-fed(KEN+TZA+UGA),2004,1,exports_gdp,2005,tft,16.6868531997337,0.047104090915713215
ETH-fed(KEN+TZA+UGA),2004,1,exports_gdp,2005,tgcn,16.6868531997337,
ETH-fed(KEN+TZA+UGA),2004,1,exports_gdp,2005,persistence_scarcity,16.6868531997337,0.0
ETH-fed(KEN+TZA+UGA),2004,1,exports_gdp,2005,chronos_scarcity,16.6868531997337,0.04893282009502897
ETH-fed(KEN+TZA+UGA),2004,1,exports_gdp,2005,gnn_scarcity,16.6868531997337,2.1164284085273266e-06
ETH-fed(KEN+TZA+UGA),2004,3,exports_gdp,2007,persistence,16.6868531997337,0.0
ETH-fed(KEN+TZA+UGA),2004,3,exports_gdp,2007,arima,16.6868531997337,0.0
ETH-fed(KEN+TZA+UGA),2004,3,exports_gdp,2007,chronos,16.6868531997337,0.04893282009502897
ETH-fed(KEN+TZA+UGA),2004,3,exports_gdp,2007,xgb_blind,16.6868531997337,2.090797757148266e-07
ETH-fed(KEN+TZA+UGA),2004,3,exports_gdp,2007,xgb_lag,16.6868531997337,0.0
ETH-fed(KEN+TZA+UGA),2004,3,exports_gdp,2007,xgb_typed,16.6868531997337,0.0
ETH-fed(KEN+TZA+UGA),2004,3,exports_gdp,2007,lgbm_blind,16.6868531997337,2.090797757148266e-07
ETH-fed(KEN+TZA+UGA),2004,3,exports_gdp,2007,lgbm_lag,16.6868531997337,0.0
ETH-fed(KEN+TZA+UGA),2004,3,exports_gdp,2007,lgbm_typed,16.6868531997337,0.0
ETH-fed(KEN+TZA+UGA),2004,3,exports_gdp,2007,tft,16.6868531997337,0.05934736178973665
ETH-fed(KEN+TZA+UGA),2004,3,exports_gdp,2007,tgcn,16.6868531997337,
ETH-fed(KEN+TZA+UGA),2004,3,exports_gdp,2007,persistence_scarcity,16.6868531997337,0.0
ETH-fed(KEN+TZA+UGA),2004,3,exports_gdp,2007,chronos_scarcity,16.6868531997337,0.04893282009502897
ETH-fed(KEN+TZA+UGA),2004,3,exports_gdp,2007,gnn_scarcity,16.6868531997337,2.1164284085273266e-06
ETH-fed(KEN+TZA+UGA),2004,5,exports_gdp,2009,persistence,16.6868531997337,0.0
ETH-fed(KEN+TZA+UGA),2004,5,exports_gdp,2009,arima,16.6868531997337,0.0
ETH-fed(KEN+TZA+UGA),2004,5,exports_gdp,2009,chronos,16.6868531997337,0.04893282009502897
ETH-fed(KEN+TZA+UGA),2004,5,exports_gdp,2009,xgb_blind,16.6868531997337,2.090797757148266e-07
ETH-fed(KEN+TZA+UGA),2004,5,exports_gdp,2009,xgb_lag,16.6868531997337,0.0
ETH-fed(KEN+TZA+UGA),2004,5,exports_gdp,2009,xgb_typed,16.6868531997337,0.0
ETH-fed(KEN+TZA+UGA),2004,5,exports_gdp,2009,lgbm_blind,16.6868531997337,2.090797757148266e-07
ETH-fed(KEN+TZA+UGA),2004,5,exports_gdp,2009,lgbm_lag,16.6868531997337,0.0
ETH-fed(KEN+TZA+UGA),2004,5,exports_gdp,2009,lgbm_typed,16.6868531997337,0.0
ETH-fed(KEN+TZA+UGA),2004,5,exports_gdp,2009,tft,16.6868531997337,0.07333394931415071
ETH-fed(KEN+TZA+UGA),2004,5,exports_gdp,2009,tgcn,16.6868531997337,
ETH-fed(KEN+TZA+UGA),2004,5,exports_gdp,2009,persistence_scarcity,16.6868531997337,0.0
ETH-fed(KEN+TZA+UGA),2004,5,exports_gdp,2009,chronos_scarcity,16.6868531997337,0.04893282009502897
ETH-fed(KEN+TZA+UGA),2004,5,exports_gdp,2009,gnn_scarcity,16.6868531997337,2.1164284085273266e-06
ETH-fed(KEN+TZA+UGA),2004,1,imports_gdp,2005,persistence,31.5460822119553,0.0
ETH-fed(KEN+TZA+UGA),2004,1,imports_gdp,2005,arima,31.5460822119553,0.0
ETH-fed(KEN+TZA+UGA),2004,1,imports_gdp,2005,chronos,31.5460822119553,0.09251089237522336
ETH-fed(KEN+TZA+UGA),2004,1,imports_gdp,2005,xgb_blind,31.5460822119553,6.689865514886151e-07
ETH-fed(KEN+TZA+UGA),2004,1,imports_gdp,2005,xgb_lag,31.5460822119553,0.0
ETH-fed(KEN+TZA+UGA),2004,1,imports_gdp,2005,xgb_typed,31.5460822119553,0.0
ETH-fed(KEN+TZA+UGA),2004,1,imports_gdp,2005,lgbm_blind,31.5460822119553,6.689865514886151e-07
ETH-fed(KEN+TZA+UGA),2004,1,imports_gdp,2005,lgbm_lag,31.5460822119553,0.0
ETH-fed(KEN+TZA+UGA),2004,1,imports_gdp,2005,lgbm_typed,31.5460822119553,0.0
ETH-fed(KEN+TZA+UGA),2004,1,imports_gdp,2005,tft,31.5460822119553,0.04710321284938601
ETH-fed(KEN+TZA+UGA),2004,1,imports_gdp,2005,tgcn,31.5460822119553,
ETH-fed(KEN+TZA+UGA),2004,1,imports_gdp,2005,persistence_scarcity,31.5460822119553,0.0
ETH-fed(KEN+TZA+UGA),2004,1,imports_gdp,2005,chronos_scarcity,31.5460822119553,0.09251089237522336
ETH-fed(KEN+TZA+UGA),2004,1,imports_gdp,2005,gnn_scarcity,31.5460822119553,6.689865514886151e-07
ETH-fed(KEN+TZA+UGA),2004,3,imports_gdp,2007,persistence,31.5460822119553,0.0
ETH-fed(KEN+TZA+UGA),2004,3,imports_gdp,2007,arima,31.5460822119553,0.0
ETH-fed(KEN+TZA+UGA),2004,3,imports_gdp,2007,chronos,31.5460822119553,0.09251089237522336
ETH-fed(KEN+TZA+UGA),2004,3,imports_gdp,2007,xgb_blind,31.5460822119553,6.689865514886151e-07
ETH-fed(KEN+TZA+UGA),2004,3,imports_gdp,2007,xgb_lag,31.5460822119553,0.0
ETH-fed(KEN+TZA+UGA),2004,3,imports_gdp,2007,xgb_typed,31.5460822119553,0.0
ETH-fed(KEN+TZA+UGA),2004,3,imports_gdp,2007,lgbm_blind,31.5460822119553,6.689865514886151e-07
ETH-fed(KEN+TZA+UGA),2004,3,imports_gdp,2007,lgbm_lag,31.5460822119553,0.0
ETH-fed(KEN+TZA+UGA),2004,3,imports_gdp,2007,lgbm_typed,31.5460822119553,0.0
ETH-fed(KEN+TZA+UGA),2004,3,imports_gdp,2007,tft,31.5460822119553,0.05934648372340945
ETH-fed(KEN+TZA+UGA),2004,3,imports_gdp,2007,tgcn,31.5460822119553,
ETH-fed(KEN+TZA+UGA),2004,3,imports_gdp,2007,persistence_scarcity,31.5460822119553,0.0
ETH-fed(KEN+TZA+UGA),2004,3,imports_gdp,2007,chronos_scarcity,31.5460822119553,0.09251089237522336
ETH-fed(KEN+TZA+UGA),2004,3,imports_gdp,2007,gnn_scarcity,31.5460822119553,6.689865514886151e-07
ETH-fed(KEN+TZA+UGA),2004,5,imports_gdp,2009,persistence,31.5460822119553,0.0
ETH-fed(KEN+TZA+UGA),2004,5,imports_gdp,2009,arima,31.5460822119553,0.0
ETH-fed(KEN+TZA+UGA),2004,5,imports_gdp,2009,chronos,31.5460822119553,0.09251089237522336
ETH-fed(KEN+TZA+UGA),2004,5,imports_gdp,2009,xgb_blind,31.5460822119553,6.689865514886151e-07
ETH-fed(KEN+TZA+UGA),2004,5,imports_gdp,2009,xgb_lag,31.5460822119553,0.0
ETH-fed(KEN+TZA+UGA),2004,5,imports_gdp,2009,xgb_typed,31.5460822119553,0.0
ETH-fed(KEN+TZA+UGA),2004,5,imports_gdp,2009,lgbm_blind,31.5460822119553,6.689865514886151e-07
ETH-fed(KEN+TZA+UGA),2004,5,imports_gdp,2009,lgbm_lag,31.5460822119553,0.0
ETH-fed(KEN+TZA+UGA),2004,5,imports_gdp,2009,lgbm_typed,31.5460822119553,0.0
ETH-fed(KEN+TZA+UGA),2004,5,imports_gdp,2009,tft,31.5460822119553,0.07333307124782351
ETH-fed(KEN+TZA+UGA),2004,5,imports_gdp,2009,tgcn,31.5460822119553,
ETH-fed(KEN+TZA+UGA),2004,5,imports_gdp,2009,persistence_scarcity,31.5460822119553,0.0
ETH-fed(KEN+TZA+UGA),2004,5,imports_gdp,2009,chronos_scarcity,31.5460822119553,0.09251089237522336
ETH-fed(KEN+TZA+UGA),2004,5,imports_gdp,2009,gnn_scarcity,31.5460822119553,6.689865514886151e-07
ETH-fed(KEN+TZA+UGA),2004,1,current_account,2005,persistence,-12.6419842587598,6.05009053621551
ETH-fed(KEN+TZA+UGA),2004,1,current_account,2005,arima,-12.6419842587598,8.445221198910563
ETH-fed(KEN+TZA+UGA),2004,1,current_account,2005,chronos,-12.6419842587598,10.79183891879398
ETH-fed(KEN+TZA+UGA),2004,1,current_account,2005,xgb_blind,-12.6419842587598,7.819255148042027
ETH-fed(KEN+TZA+UGA),2004,1,current_account,2005,xgb_lag,-12.6419842587598,8.445221198910563
ETH-fed(KEN+TZA+UGA),2004,1,current_account,2005,xgb_typed,-12.6419842587598,8.445221198910563
ETH-fed(KEN+TZA+UGA),2004,1,current_account,2005,lgbm_blind,-12.6419842587598,11.032423892572023
ETH-fed(KEN+TZA+UGA),2004,1,current_account,2005,lgbm_lag,-12.6419842587598,8.445221198910563
ETH-fed(KEN+TZA+UGA),2004,1,current_account,2005,lgbm_typed,-12.6419842587598,8.445221198910563
ETH-fed(KEN+TZA+UGA),2004,1,current_account,2005,tft,-12.6419842587598,6.693362985719029
ETH-fed(KEN+TZA+UGA),2004,1,current_account,2005,tgcn,-12.6419842587598,
ETH-fed(KEN+TZA+UGA),2004,1,current_account,2005,persistence_scarcity,-12.6419842587598,6.05009053621551
ETH-fed(KEN+TZA+UGA),2004,1,current_account,2005,chronos_scarcity,-12.6419842587598,10.79183891879398
ETH-fed(KEN+TZA+UGA),2004,1,current_account,2005,gnn_scarcity,-12.6419842587598,10.736079012025181
ETH-fed(KEN+TZA+UGA),2004,3,current_account,2007,persistence,-4.20144598076542,2.3904477417788703
ETH-fed(KEN+TZA+UGA),2004,3,current_account,2007,arima,-4.20144598076542,0.5929439884275309
ETH-fed(KEN+TZA+UGA),2004,3,current_account,2007,chronos,-4.20144598076542,3.5712649662276084
ETH-fed(KEN+TZA+UGA),2004,3,current_account,2007,xgb_blind,-4.20144598076542,0.03951637337406222
ETH-fed(KEN+TZA+UGA),2004,3,current_account,2007,xgb_lag,-4.20144598076542,0.5929439884275309
ETH-fed(KEN+TZA+UGA),2004,3,current_account,2007,xgb_typed,-4.20144598076542,0.5929439884275309
ETH-fed(KEN+TZA+UGA),2004,3,current_account,2007,lgbm_blind,-4.20144598076542,2.3543132979651267
ETH-fed(KEN+TZA+UGA),2004,3,current_account,2007,lgbm_lag,-4.20144598076542,0.5929439884275309
ETH-fed(KEN+TZA+UGA),2004,3,current_account,2007,lgbm_typed,-4.20144598076542,0.5929439884275309
ETH-fed(KEN+TZA+UGA),2004,3,current_account,2007,tft,-4.20144598076542,0.6734586518029397
ETH-fed(KEN+TZA+UGA),2004,3,current_account,2007,tgcn,-4.20144598076542,
ETH-fed(KEN+TZA+UGA),2004,3,current_account,2007,persistence_scarcity,-4.20144598076542,2.3904477417788703
ETH-fed(KEN+TZA+UGA),2004,3,current_account,2007,chronos_scarcity,-4.20144598076542,3.5712649662276084
ETH-fed(KEN+TZA+UGA),2004,3,current_account,2007,gnn_scarcity,-4.20144598076542,2.3632339675207907
ETH-fed(KEN+TZA+UGA),2004,5,current_account,2009,persistence,-6.75348362103612,0.16158989849183047
ETH-fed(KEN+TZA+UGA),2004,5,current_account,2009,arima,-6.75348362103612,1.8225265464899678
ETH-fed(KEN+TZA+UGA),2004,5,current_account,2009,chronos,-6.75348362103612,6.341442314540454
ETH-fed(KEN+TZA+UGA),2004,5,current_account,2009,xgb_blind,-6.75348362103612,1.7145784772983275
ETH-fed(KEN+TZA+UGA),2004,5,current_account,2009,xgb_lag,-6.75348362103612,1.8225265464899678
ETH-fed(KEN+TZA+UGA),2004,5,current_account,2009,xgb_typed,-6.75348362103612,1.8225265464899678
ETH-fed(KEN+TZA+UGA),2004,5,current_account,2009,lgbm_blind,-6.75348362103612,4.415540669118473
ETH-fed(KEN+TZA+UGA),2004,5,current_account,2009,lgbm_lag,-6.75348362103612,1.8225265464899678
ETH-fed(KEN+TZA+UGA),2004,5,current_account,2009,lgbm_typed,-6.75348362103612,1.8225265464899678
ETH-fed(KEN+TZA+UGA),2004,5,current_account,2009,tft,-6.75348362103612,2.052183953677722
ETH-fed(KEN+TZA+UGA),2004,5,current_account,2009,tgcn,-6.75348362103612,
ETH-fed(KEN+TZA+UGA),2004,5,current_account,2009,persistence_scarcity,-6.75348362103612,0.16158989849183047
ETH-fed(KEN+TZA+UGA),2004,5,current_account,2009,chronos_scarcity,-6.75348362103612,6.341442314540454
ETH-fed(KEN+TZA+UGA),2004,5,current_account,2009,gnn_scarcity,-6.75348362103612,4.908611384784289
ETH-fed(KEN+TZA+UGA),2004,1,real_interest_rate,2005,persistence,-2.61706349192245,5.5894405966589105
ETH-fed(KEN+TZA+UGA),2004,1,real_interest_rate,2005,arima,-2.61706349192245,2.762158567887978
ETH-fed(KEN+TZA+UGA),2004,1,real_interest_rate,2005,chronos,-2.61706349192245,6.366749971490931
ETH-fed(KEN+TZA+UGA),2004,1,real_interest_rate,2005,xgb_blind,-2.61706349192245,12.585014312845301
ETH-fed(KEN+TZA+UGA),2004,1,real_interest_rate,2005,xgb_lag,-2.61706349192245,2.762158567887978
ETH-fed(KEN+TZA+UGA),2004,1,real_interest_rate,2005,xgb_typed,-2.61706349192245,2.762158567887978
ETH-fed(KEN+TZA+UGA),2004,1,real_interest_rate,2005,lgbm_blind,-2.61706349192245,7.692603974920344
ETH-fed(KEN+TZA+UGA),2004,1,real_interest_rate,2005,lgbm_lag,-2.61706349192245,2.762158567887978
ETH-fed(KEN+TZA+UGA),2004,1,real_interest_rate,2005,lgbm_typed,-2.61706349192245,2.762158567887978
ETH-fed(KEN+TZA+UGA),2004,1,real_interest_rate,2005,tft,-2.61706349192245,13.58511254129989
ETH-fed(KEN+TZA+UGA),2004,1,real_interest_rate,2005,tgcn,-2.61706349192245,
ETH-fed(KEN+TZA+UGA),2004,1,real_interest_rate,2005,persistence_scarcity,-2.61706349192245,5.5894405966589105
ETH-fed(KEN+TZA+UGA),2004,1,real_interest_rate,2005,chronos_scarcity,-2.61706349192245,6.366749971490931
ETH-fed(KEN+TZA+UGA),2004,1,real_interest_rate,2005,gnn_scarcity,-2.61706349192245,6.746924369913172
ETH-fed(KEN+TZA+UGA),2004,3,real_interest_rate,2007,persistence,-8.29255368104718,11.26493078578364
ETH-fed(KEN+TZA+UGA),2004,3,real_interest_rate,2007,arima,-8.29255368104718,9.080512239040837
ETH-fed(KEN+TZA+UGA),2004,3,real_interest_rate,2007,chronos,-8.29255368104718,12.071309345872619
ETH-fed(KEN+TZA+UGA),2004,3,real_interest_rate,2007,xgb_blind,-8.29255368104718,12.723633545549133
ETH-fed(KEN+TZA+UGA),2004,3,real_interest_rate,2007,xgb_lag,-8.29255368104718,9.080512239040837
ETH-fed(KEN+TZA+UGA),2004,3,real_interest_rate,2007,xgb_typed,-8.29255368104718,9.080512239040837
ETH-fed(KEN+TZA+UGA),2004,3,real_interest_rate,2007,lgbm_blind,-8.29255368104718,15.672934877784469
ETH-fed(KEN+TZA+UGA),2004,3,real_interest_rate,2007,lgbm_lag,-8.29255368104718,9.080512239040837
ETH-fed(KEN+TZA+UGA),2004,3,real_interest_rate,2007,lgbm_typed,-8.29255368104718,9.080512239040837
ETH-fed(KEN+TZA+UGA),2004,3,real_interest_rate,2007,tft,-8.29255368104718,15.459609764726379
ETH-fed(KEN+TZA+UGA),2004,3,real_interest_rate,2007,tgcn,-8.29255368104718,
ETH-fed(KEN+TZA+UGA),2004,3,real_interest_rate,2007,persistence_scarcity,-8.29255368104718,11.26493078578364
ETH-fed(KEN+TZA+UGA),2004,3,real_interest_rate,2007,chronos_scarcity,-8.29255368104718,12.071309345872619
ETH-fed(KEN+TZA+UGA),2004,3,real_interest_rate,2007,gnn_scarcity,-8.29255368104718,12.637383240373351
ETH-fed(KEN+TZA+UGA),2004,5,real_interest_rate,2009,persistence,-17.1217762401546,20.09415334489106
ETH-fed(KEN+TZA+UGA),2004,5,real_interest_rate,2009,arima,-17.1217762401546,17.9883038506229
ETH-fed(KEN+TZA+UGA),2004,5,real_interest_rate,2009,chronos,-17.1217762401546,20.726124184414243
ETH-fed(KEN+TZA+UGA),2004,5,real_interest_rate,2009,xgb_blind,-17.1217762401546,20.572934048458432
ETH-fed(KEN+TZA+UGA),2004,5,real_interest_rate,2009,xgb_lag,-17.1217762401546,17.9883038506229
ETH-fed(KEN+TZA+UGA),2004,5,real_interest_rate,2009,xgb_typed,-17.1217762401546,17.9883038506229
ETH-fed(KEN+TZA+UGA),2004,5,real_interest_rate,2009,lgbm_blind,-17.1217762401546,24.815516274257995
ETH-fed(KEN+TZA+UGA),2004,5,real_interest_rate,2009,lgbm_lag,-17.1217762401546,17.9883038506229
ETH-fed(KEN+TZA+UGA),2004,5,real_interest_rate,2009,lgbm_typed,-17.1217762401546,17.9883038506229
ETH-fed(KEN+TZA+UGA),2004,5,real_interest_rate,2009,tft,-17.1217762401546,23.286590712353085
ETH-fed(KEN+TZA+UGA),2004,5,real_interest_rate,2009,tgcn,-17.1217762401546,
ETH-fed(KEN+TZA+UGA),2004,5,real_interest_rate,2009,persistence_scarcity,-17.1217762401546,20.09415334489106
ETH-fed(KEN+TZA+UGA),2004,5,real_interest_rate,2009,chronos_scarcity,-17.1217762401546,20.726124184414243
ETH-fed(KEN+TZA+UGA),2004,5,real_interest_rate,2009,gnn_scarcity,-17.1217762401546,21.445455210491513
ETH-fed(KEN+TZA+UGA),2004,1,broad_money,2005,persistence,43.777021964339,1.5760602065518015
ETH-fed(KEN+TZA+UGA),2004,1,broad_money,2005,arima,43.777021964339,1.52831023569113
ETH-fed(KEN+TZA+UGA),2004,1,broad_money,2005,chronos,43.777021964339,0.7951444785320945
ETH-fed(KEN+TZA+UGA),2004,1,broad_money,2005,xgb_blind,43.777021964339,0.31152860328795384
ETH-fed(KEN+TZA+UGA),2004,1,broad_money,2005,xgb_lag,43.777021964339,1.52831023569113
ETH-fed(KEN+TZA+UGA),2004,1,broad_money,2005,xgb_typed,43.777021964339,1.52831023569113
ETH-fed(KEN+TZA+UGA),2004,1,broad_money,2005,lgbm_blind,43.777021964339,9.46881663226415
ETH-fed(KEN+TZA+UGA),2004,1,broad_money,2005,lgbm_lag,43.777021964339,1.52831023569113
ETH-fed(KEN+TZA+UGA),2004,1,broad_money,2005,lgbm_typed,43.777021964339,1.52831023569113
ETH-fed(KEN+TZA+UGA),2004,1,broad_money,2005,tft,43.777021964339,2.7787870566570945
ETH-fed(KEN+TZA+UGA),2004,1,broad_money,2005,tgcn,43.777021964339,
ETH-fed(KEN+TZA+UGA),2004,1,broad_money,2005,persistence_scarcity,43.777021964339,1.5760602065518015
ETH-fed(KEN+TZA+UGA),2004,1,broad_money,2005,chronos_scarcity,43.777021964339,0.7951444785320945
ETH-fed(KEN+TZA+UGA),2004,1,broad_money,2005,gnn_scarcity,43.777021964339,10.516501029280406
ETH-fed(KEN+TZA+UGA),2004,3,broad_money,2007,persistence,39.7427532885857,5.610328882305097
ETH-fed(KEN+TZA+UGA),2004,3,broad_money,2007,arima,39.7427532885857,5.566894870396716
ETH-fed(KEN+TZA+UGA),2004,3,broad_money,2007,chronos,39.7427532885857,5.0777232433967185
ETH-fed(KEN+TZA+UGA),2004,3,broad_money,2007,xgb_blind,39.7427532885857,3.0864804004021096
ETH-fed(KEN+TZA+UGA),2004,3,broad_money,2007,xgb_lag,39.7427532885857,5.566894870396716
ETH-fed(KEN+TZA+UGA),2004,3,broad_money,2007,xgb_typed,39.7427532885857,5.566894870396716
ETH-fed(KEN+TZA+UGA),2004,3,broad_money,2007,lgbm_blind,39.7427532885857,4.784883123078707
ETH-fed(KEN+TZA+UGA),2004,3,broad_money,2007,lgbm_lag,39.7427532885857,5.566894870396716
ETH-fed(KEN+TZA+UGA),2004,3,broad_money,2007,lgbm_typed,39.7427532885857,5.566894870396716
ETH-fed(KEN+TZA+UGA),2004,3,broad_money,2007,tft,39.7427532885857,8.15222809569164
ETH-fed(KEN+TZA+UGA),2004,3,broad_money,2007,tgcn,39.7427532885857,
ETH-fed(KEN+TZA+UGA),2004,3,broad_money,2007,persistence_scarcity,39.7427532885857,5.610328882305097
ETH-fed(KEN+TZA+UGA),2004,3,broad_money,2007,chronos_scarcity,39.7427532885857,5.0777232433967185
ETH-fed(KEN+TZA+UGA),2004,3,broad_money,2007,gnn_scarcity,39.7427532885857,6.315034172374766
ETH-fed(KEN+TZA+UGA),2004,5,broad_money,2009,persistence,33.9671207502096,11.385961420681198
ETH-fed(KEN+TZA+UGA),2004,5,broad_money,2009,arima,33.9671207502096,11.342570986793831
ETH-fed(KEN+TZA+UGA),2004,5,broad_money,2009,chronos,33.9671207502096,8.991020576694694
ETH-fed(KEN+TZA+UGA),2004,5,broad_money,2009,xgb_blind,33.9671207502096,9.142322914341179
ETH-fed(KEN+TZA+UGA),2004,5,broad_money,2009,xgb_lag,33.9671207502096,11.342570986793831
ETH-fed(KEN+TZA+UGA),2004,5,broad_money,2009,xgb_typed,33.9671207502096,11.342570986793831
ETH-fed(KEN+TZA+UGA),2004,5,broad_money,2009,lgbm_blind,33.9671207502096,2.1679540560037793
ETH-fed(KEN+TZA+UGA),2004,5,broad_money,2009,lgbm_lag,33.9671207502096,11.342570986793831
ETH-fed(KEN+TZA+UGA),2004,5,broad_money,2009,lgbm_typed,33.9671207502096,11.342570986793831
ETH-fed(KEN+TZA+UGA),2004,5,broad_money,2009,tft,33.9671207502096,15.198112861850944
ETH-fed(KEN+TZA+UGA),2004,5,broad_money,2009,tgcn,33.9671207502096,
ETH-fed(KEN+TZA+UGA),2004,5,broad_money,2009,persistence_scarcity,33.9671207502096,11.385961420681198
ETH-fed(KEN+TZA+UGA),2004,5,broad_money,2009,chronos_scarcity,33.9671207502096,8.991020576694694
ETH-fed(KEN+TZA+UGA),2004,5,broad_money,2009,gnn_scarcity,33.9671207502096,0.5558506086080399
ETH-fed(KEN+TZA+UGA),2004,1,private_credit,2005,persistence,18.8657892604975,2.3366027345857994
ETH-fed(KEN+TZA+UGA),2004,1,private_credit,2005,arima,18.8657892604975,2.949015786919823
ETH-fed(KEN+TZA+UGA),2004,1,private_credit,2005,chronos,18.8657892604975,3.2400101085809965
ETH-fed(KEN+TZA+UGA),2004,1,private_credit,2005,xgb_blind,18.8657892604975,3.553879584899356
ETH-fed(KEN+TZA+UGA),2004,1,private_credit,2005,xgb_lag,18.8657892604975,2.949015786919823
ETH-fed(KEN+TZA+UGA),2004,1,private_credit,2005,xgb_typed,18.8657892604975,2.949015786919823
ETH-fed(KEN+TZA+UGA),2004,1,private_credit,2005,lgbm_blind,18.8657892604975,6.928161306355067
ETH-fed(KEN+TZA+UGA),2004,1,private_credit,2005,lgbm_lag,18.8657892604975,2.949015786919823
ETH-fed(KEN+TZA+UGA),2004,1,private_credit,2005,lgbm_typed,18.8657892604975,2.949015786919823
ETH-fed(KEN+TZA+UGA),2004,1,private_credit,2005,tft,18.8657892604975,1.8550032039789457
ETH-fed(KEN+TZA+UGA),2004,1,private_credit,2005,tgcn,18.8657892604975,
ETH-fed(KEN+TZA+UGA),2004,1,private_credit,2005,persistence_scarcity,18.8657892604975,2.3366027345857994
ETH-fed(KEN+TZA+UGA),2004,1,private_credit,2005,chronos_scarcity,18.8657892604975,3.2400101085809965
ETH-fed(KEN+TZA+UGA),2004,1,private_credit,2005,gnn_scarcity,18.8657892604975,8.283822860351016
ETH-fed(KEN+TZA+UGA),2004,3,private_credit,2007,persistence,18.5250760306452,1.9958895047334977
ETH-fed(KEN+TZA+UGA),2004,3,private_credit,2007,arima,18.5250760306452,3.237770615381887
ETH-fed(KEN+TZA+UGA),2004,3,private_credit,2007,chronos,18.5250760306452,5.661638378057308
ETH-fed(KEN+TZA+UGA),2004,3,private_credit,2007,xgb_blind,18.5250760306452,2.3899995078180503
ETH-fed(KEN+TZA+UGA),2004,3,private_credit,2007,xgb_lag,18.5250760306452,3.237770615381887
ETH-fed(KEN+TZA+UGA),2004,3,private_credit,2007,xgb_typed,18.5250760306452,3.237770615381887
ETH-fed(KEN+TZA+UGA),2004,3,private_credit,2007,lgbm_blind,18.5250760306452,4.890347797625688
ETH-fed(KEN+TZA+UGA),2004,3,private_credit,2007,lgbm_lag,18.5250760306452,3.237770615381887
ETH-fed(KEN+TZA+UGA),2004,3,private_credit,2007,lgbm_typed,18.5250760306452,3.237770615381887
ETH-fed(KEN+TZA+UGA),2004,3,private_credit,2007,tft,18.5250760306452,1.3301144827936362
ETH-fed(KEN+TZA+UGA),2004,3,private_credit,2007,tgcn,18.5250760306452,
ETH-fed(KEN+TZA+UGA),2004,3,private_credit,2007,persistence_scarcity,18.5250760306452,1.9958895047334977
ETH-fed(KEN+TZA+UGA),2004,3,private_credit,2007,chronos_scarcity,18.5250760306452,5.661638378057308
ETH-fed(KEN+TZA+UGA),2004,3,private_credit,2007,gnn_scarcity,18.5250760306452,7.760562061223812
ETH-fed(KEN+TZA+UGA),2004,5,private_credit,2009,persistence,17.7101483486321,1.1809618227203984
ETH-fed(KEN+TZA+UGA),2004,5,private_credit,2009,arima,17.7101483486321,2.6730118503258478
ETH-fed(KEN+TZA+UGA),2004,5,private_credit,2009,chronos,17.7101483486321,9.423124804320576
ETH-fed(KEN+TZA+UGA),2004,5,private_credit,2009,xgb_blind,17.7101483486321,0.45830775720143535
ETH-fed(KEN+TZA+UGA),2004,5,private_credit,2009,xgb_lag,17.7101483486321,2.6730118503258478
ETH-fed(KEN+TZA+UGA),2004,5,private_credit,2009,xgb_typed,17.7101483486321,2.6730118503258478
ETH-fed(KEN+TZA+UGA),2004,5,private_credit,2009,lgbm_blind,17.7101483486321,2.1816769264366656
ETH-fed(KEN+TZA+UGA),2004,5,private_credit,2009,lgbm_lag,17.7101483486321,2.6730118503258478
ETH-fed(KEN+TZA+UGA),2004,5,private_credit,2009,lgbm_typed,17.7101483486321,2.6730118503258478
ETH-fed(KEN+TZA+UGA),2004,5,private_credit,2009,tft,17.7101483486321,0.49285365563893535
ETH-fed(KEN+TZA+UGA),2004,5,private_credit,2009,tgcn,17.7101483486321,
ETH-fed(KEN+TZA+UGA),2004,5,private_credit,2009,persistence_scarcity,17.7101483486321,1.1809618227203984
ETH-fed(KEN+TZA+UGA),2004,5,private_credit,2009,chronos_scarcity,17.7101483486321,9.423124804320576
ETH-fed(KEN+TZA+UGA),2004,5,private_credit,2009,gnn_scarcity,17.7101483486321,6.963594927611592
ETH-fed(KEN+TZA+UGA),2004,1,govt_consumption,2005,persistence,10.3182460672537,0.0
ETH-fed(KEN+TZA+UGA),2004,1,govt_consumption,2005,arima,10.3182460672537,0.0
ETH-fed(KEN+TZA+UGA),2004,1,govt_consumption,2005,chronos,10.3182460672537,0.030258358208289593
ETH-fed(KEN+TZA+UGA),2004,1,govt_consumption,2005,xgb_blind,10.3182460672537,1.7949735209299433e-07
ETH-fed(KEN+TZA+UGA),2004,1,govt_consumption,2005,xgb_lag,10.3182460672537,0.0
ETH-fed(KEN+TZA+UGA),2004,1,govt_consumption,2005,xgb_typed,10.3182460672537,0.0
ETH-fed(KEN+TZA+UGA),2004,1,govt_consumption,2005,lgbm_blind,10.3182460672537,1.7949735209299433e-07
ETH-fed(KEN+TZA+UGA),2004,1,govt_consumption,2005,lgbm_lag,10.3182460672537,0.0
ETH-fed(KEN+TZA+UGA),2004,1,govt_consumption,2005,lgbm_typed,10.3182460672537,0.0
ETH-fed(KEN+TZA+UGA),2004,1,govt_consumption,2005,tft,10.3182460672537,0.04710370233858541
ETH-fed(KEN+TZA+UGA),2004,1,govt_consumption,2005,tgcn,10.3182460672537,
ETH-fed(KEN+TZA+UGA),2004,1,govt_consumption,2005,persistence_scarcity,10.3182460672537,0.0
ETH-fed(KEN+TZA+UGA),2004,1,govt_consumption,2005,chronos_scarcity,10.3182460672537,0.030258358208289593
ETH-fed(KEN+TZA+UGA),2004,1,govt_consumption,2005,gnn_scarcity,10.3182460672537,7.741769643132557e-07
ETH-fed(KEN+TZA+UGA),2004,3,govt_consumption,2007,persistence,10.3182460672537,0.0
ETH-fed(KEN+TZA+UGA),2004,3,govt_consumption,2007,arima,10.3182460672537,0.0
ETH-fed(KEN+TZA+UGA),2004,3,govt_consumption,2007,chronos,10.3182460672537,0.030258358208289593
ETH-fed(KEN+TZA+UGA),2004,3,govt_consumption,2007,xgb_blind,10.3182460672537,1.7949735209299433e-07
ETH-fed(KEN+TZA+UGA),2004,3,govt_consumption,2007,xgb_lag,10.3182460672537,0.0
ETH-fed(KEN+TZA+UGA),2004,3,govt_consumption,2007,xgb_typed,10.3182460672537,0.0
ETH-fed(KEN+TZA+UGA),2004,3,govt_consumption,2007,lgbm_blind,10.3182460672537,1.7949735209299433e-07
ETH-fed(KEN+TZA+UGA),2004,3,govt_consumption,2007,lgbm_lag,10.3182460672537,0.0
ETH-fed(KEN+TZA+UGA),2004,3,govt_consumption,2007,lgbm_typed,10.3182460672537,0.0
ETH-fed(KEN+TZA+UGA),2004,3,govt_consumption,2007,tft,10.3182460672537,0.05934601953829244
ETH-fed(KEN+TZA+UGA),2004,3,govt_consumption,2007,tgcn,10.3182460672537,
ETH-fed(KEN+TZA+UGA),2004,3,govt_consumption,2007,persistence_scarcity,10.3182460672537,0.0
ETH-fed(KEN+TZA+UGA),2004,3,govt_consumption,2007,chronos_scarcity,10.3182460672537,0.030258358208289593
ETH-fed(KEN+TZA+UGA),2004,3,govt_consumption,2007,gnn_scarcity,10.3182460672537,7.741769643132557e-07
ETH-fed(KEN+TZA+UGA),2004,5,govt_consumption,2009,persistence,10.3182460672537,0.0
ETH-fed(KEN+TZA+UGA),2004,5,govt_consumption,2009,arima,10.3182460672537,0.0
ETH-fed(KEN+TZA+UGA),2004,5,govt_consumption,2009,chronos,10.3182460672537,0.030258358208289593
ETH-fed(KEN+TZA+UGA),2004,5,govt_consumption,2009,xgb_blind,10.3182460672537,1.7949735209299433e-07
ETH-fed(KEN+TZA+UGA),2004,5,govt_consumption,2009,xgb_lag,10.3182460672537,0.0
ETH-fed(KEN+TZA+UGA),2004,5,govt_consumption,2009,xgb_typed,10.3182460672537,0.0
ETH-fed(KEN+TZA+UGA),2004,5,govt_consumption,2009,lgbm_blind,10.3182460672537,1.7949735209299433e-07
ETH-fed(KEN+TZA+UGA),2004,5,govt_consumption,2009,lgbm_lag,10.3182460672537,0.0
ETH-fed(KEN+TZA+UGA),2004,5,govt_consumption,2009,lgbm_typed,10.3182460672537,0.0
ETH-fed(KEN+TZA+UGA),2004,5,govt_consumption,2009,tft,10.3182460672537,0.07333356073702291
ETH-fed(KEN+TZA+UGA),2004,5,govt_consumption,2009,tgcn,10.3182460672537,
ETH-fed(KEN+TZA+UGA),2004,5,govt_consumption,2009,persistence_scarcity,10.3182460672537,0.0
ETH-fed(KEN+TZA+UGA),2004,5,govt_consumption,2009,chronos_scarcity,10.3182460672537,0.030258358208289593
ETH-fed(KEN+TZA+UGA),2004,5,govt_consumption,2009,gnn_scarcity,10.3182460672537,7.741769643132557e-07
ETH-fed(KEN+TZA+UGA),2005,1,gdp_growth,2006,persistence,10.8347270679373,0.9840388812252012
ETH-fed(KEN+TZA+UGA),2005,1,gdp_growth,2006,arima,10.8347270679373,1.5080463501847845
ETH-fed(KEN+TZA+UGA),2005,1,gdp_growth,2006,chronos,10.8347270679373,6.803319711675092
ETH-fed(KEN+TZA+UGA),2005,1,gdp_growth,2006,xgb_blind,10.8347270679373,1.6789310169119087
ETH-fed(KEN+TZA+UGA),2005,1,gdp_growth,2006,xgb_lag,10.8347270679373,1.5080463501847845
ETH-fed(KEN+TZA+UGA),2005,1,gdp_growth,2006,xgb_typed,10.8347270679373,1.5080463501847845
ETH-fed(KEN+TZA+UGA),2005,1,gdp_growth,2006,lgbm_blind,10.8347270679373,6.632480688085004
ETH-fed(KEN+TZA+UGA),2005,1,gdp_growth,2006,lgbm_lag,10.8347270679373,1.5080463501847845
ETH-fed(KEN+TZA+UGA),2005,1,gdp_growth,2006,lgbm_typed,10.8347270679373,1.5080463501847845
ETH-fed(KEN+TZA+UGA),2005,1,gdp_growth,2006,tft,10.8347270679373,5.121144514093951
ETH-fed(KEN+TZA+UGA),2005,1,gdp_growth,2006,tgcn,10.8347270679373,
ETH-fed(KEN+TZA+UGA),2005,1,gdp_growth,2006,persistence_scarcity,10.8347270679373,0.9840388812252012
ETH-fed(KEN+TZA+UGA),2005,1,gdp_growth,2006,chronos_scarcity,10.8347270679373,6.803319711675092
ETH-fed(KEN+TZA+UGA),2005,1,gdp_growth,2006,gnn_scarcity,10.8347270679373,7.472978134145185
ETH-fed(KEN+TZA+UGA),2005,3,gdp_growth,2008,persistence,10.7885216870332,1.030244262129301
ETH-fed(KEN+TZA+UGA),2005,3,gdp_growth,2008,arima,10.7885216870332,1.4444671399852993
ETH-fed(KEN+TZA+UGA),2005,3,gdp_growth,2008,chronos,10.7885216870332,6.707340637686276
ETH-fed(KEN+TZA+UGA),2005,3,gdp_growth,2008,xgb_blind,10.7885216870332,6.407131592276119
ETH-fed(KEN+TZA+UGA),2005,3,gdp_growth,2008,xgb_lag,10.7885216870332,1.4444671399852993
ETH-fed(KEN+TZA+UGA),2005,3,gdp_growth,2008,xgb_typed,10.7885216870332,1.4444671399852993
ETH-fed(KEN+TZA+UGA),2005,3,gdp_growth,2008,lgbm_blind,10.7885216870332,4.72362506679629
ETH-fed(KEN+TZA+UGA),2005,3,gdp_growth,2008,lgbm_lag,10.7885216870332,1.4444671399852993
ETH-fed(KEN+TZA+UGA),2005,3,gdp_growth,2008,lgbm_typed,10.7885216870332,1.4444671399852993
ETH-fed(KEN+TZA+UGA),2005,3,gdp_growth,2008,tft,10.7885216870332,15.856391032693363
ETH-fed(KEN+TZA+UGA),2005,3,gdp_growth,2008,tgcn,10.7885216870332,
ETH-fed(KEN+TZA+UGA),2005,3,gdp_growth,2008,persistence_scarcity,10.7885216870332,1.030244262129301
ETH-fed(KEN+TZA+UGA),2005,3,gdp_growth,2008,chronos_scarcity,10.7885216870332,6.707340637686276
ETH-fed(KEN+TZA+UGA),2005,3,gdp_growth,2008,gnn_scarcity,10.7885216870332,7.257783333303951
ETH-fed(KEN+TZA+UGA),2005,5,gdp_growth,2010,persistence,12.5505383347633,0.7317723856007987
ETH-fed(KEN+TZA+UGA),2005,5,gdp_growth,2010,arima,12.5505383347633,0.32734977214557937
ETH-fed(KEN+TZA+UGA),2005,5,gdp_growth,2010,chronos,12.5505383347633,8.469360623276483
ETH-fed(KEN+TZA+UGA),2005,5,gdp_growth,2010,xgb_blind,12.5505383347633,9.760322127259027
ETH-fed(KEN+TZA+UGA),2005,5,gdp_growth,2010,xgb_lag,12.5505383347633,0.32734977214557937
ETH-fed(KEN+TZA+UGA),2005,5,gdp_growth,2010,xgb_typed,12.5505383347633,0.32734977214557937
ETH-fed(KEN+TZA+UGA),2005,5,gdp_growth,2010,lgbm_blind,12.5505383347633,6.867733078353221
ETH-fed(KEN+TZA+UGA),2005,5,gdp_growth,2010,lgbm_lag,12.5505383347633,0.32734977214557937
ETH-fed(KEN+TZA+UGA),2005,5,gdp_growth,2010,lgbm_typed,12.5505383347633,0.32734977214557937
ETH-fed(KEN+TZA+UGA),2005,5,gdp_growth,2010,tft,12.5505383347633,19.90274306782459
ETH-fed(KEN+TZA+UGA),2005,5,gdp_growth,2010,tgcn,12.5505383347633,
ETH-fed(KEN+TZA+UGA),2005,5,gdp_growth,2010,persistence_scarcity,12.5505383347633,0.7317723856007987
ETH-fed(KEN+TZA+UGA),2005,5,gdp_growth,2010,chronos_scarcity,12.5505383347633,8.469360623276483
ETH-fed(KEN+TZA+UGA),2005,5,gdp_growth,2010,gnn_scarcity,12.5505383347633,9.27789667598034
ETH-fed(KEN+TZA+UGA),2005,1,inflation_cpi,2006,persistence,12.2994763114824,2.32950507635349
ETH-fed(KEN+TZA+UGA),2005,1,inflation_cpi,2006,arima,12.2994763114824,5.958234538033453
ETH-fed(KEN+TZA+UGA),2005,1,inflation_cpi,2006,chronos,12.2994763114824,9.37755887297532
ETH-fed(KEN+TZA+UGA),2005,1,inflation_cpi,2006,xgb_blind,12.2994763114824,7.0144216277970965
ETH-fed(KEN+TZA+UGA),2005,1,inflation_cpi,2006,xgb_lag,12.2994763114824,5.958234538033453
ETH-fed(KEN+TZA+UGA),2005,1,inflation_cpi,2006,xgb_typed,12.2994763114824,5.958234538033453
ETH-fed(KEN+TZA+UGA),2005,1,inflation_cpi,2006,lgbm_blind,12.2994763114824,6.284312381225238
ETH-fed(KEN+TZA+UGA),2005,1,inflation_cpi,2006,lgbm_lag,12.2994763114824,5.958234538033453
ETH-fed(KEN+TZA+UGA),2005,1,inflation_cpi,2006,lgbm_typed,12.2994763114824,5.958234538033453
ETH-fed(KEN+TZA+UGA),2005,1,inflation_cpi,2006,tft,12.2994763114824,1.6969744422807391
ETH-fed(KEN+TZA+UGA),2005,1,inflation_cpi,2006,tgcn,12.2994763114824,
ETH-fed(KEN+TZA+UGA),2005,1,inflation_cpi,2006,persistence_scarcity,12.2994763114824,2.32950507635349
ETH-fed(KEN+TZA+UGA),2005,1,inflation_cpi,2006,chronos_scarcity,12.2994763114824,9.37755887297532
ETH-fed(KEN+TZA+UGA),2005,1,inflation_cpi,2006,gnn_scarcity,12.2994763114824,7.424163506306618
ETH-fed(KEN+TZA+UGA),2005,3,inflation_cpi,2008,persistence,44.3566858766951,34.38671464156619
ETH-fed(KEN+TZA+UGA),2005,3,inflation_cpi,2008,arima,44.3566858766951,37.116034371335346
ETH-fed(KEN+TZA+UGA),2005,3,inflation_cpi,2008,chronos,44.3566858766951,41.080596923676914
ETH-fed(KEN+TZA+UGA),2005,3,inflation_cpi,2008,xgb_blind,44.3566858766951,41.229416370240635
ETH-fed(KEN+TZA+UGA),2005,3,inflation_cpi,2008,xgb_lag,44.3566858766951,37.116034371335346
ETH-fed(KEN+TZA+UGA),2005,3,inflation_cpi,2008,xgb_typed,44.3566858766951,37.116034371335346
ETH-fed(KEN+TZA+UGA),2005,3,inflation_cpi,2008,lgbm_blind,44.3566858766951,40.973807719886395
ETH-fed(KEN+TZA+UGA),2005,3,inflation_cpi,2008,lgbm_lag,44.3566858766951,37.116034371335346
ETH-fed(KEN+TZA+UGA),2005,3,inflation_cpi,2008,lgbm_typed,44.3566858766951,37.116034371335346
ETH-fed(KEN+TZA+UGA),2005,3,inflation_cpi,2008,tft,44.3566858766951,29.291454553452915
ETH-fed(KEN+TZA+UGA),2005,3,inflation_cpi,2008,tgcn,44.3566858766951,
ETH-fed(KEN+TZA+UGA),2005,3,inflation_cpi,2008,persistence_scarcity,44.3566858766951,34.38671464156619
ETH-fed(KEN+TZA+UGA),2005,3,inflation_cpi,2008,chronos_scarcity,44.3566858766951,41.080596923676914
ETH-fed(KEN+TZA+UGA),2005,3,inflation_cpi,2008,gnn_scarcity,44.3566858766951,39.236122369615025
ETH-fed(KEN+TZA+UGA),2005,5,inflation_cpi,2010,persistence,8.14926402965082,1.8207072054780902
ETH-fed(KEN+TZA+UGA),2005,5,inflation_cpi,2010,arima,8.14926402965082,0.6402076102086385
ETH-fed(KEN+TZA+UGA),2005,5,inflation_cpi,2010,chronos,8.14926402965082,4.755118064074647
ETH-fed(KEN+TZA+UGA),2005,5,inflation_cpi,2010,xgb_blind,8.14926402965082,1.6362740317870497
ETH-fed(KEN+TZA+UGA),2005,5,inflation_cpi,2010,xgb_lag,8.14926402965082,0.6402076102086385
ETH-fed(KEN+TZA+UGA),2005,5,inflation_cpi,2010,xgb_typed,8.14926402965082,0.6402076102086385
ETH-fed(KEN+TZA+UGA),2005,5,inflation_cpi,2010,lgbm_blind,8.14926402965082,5.163766381585079
ETH-fed(KEN+TZA+UGA),2005,5,inflation_cpi,2010,lgbm_lag,8.14926402965082,0.6402076102086385
ETH-fed(KEN+TZA+UGA),2005,5,inflation_cpi,2010,lgbm_typed,8.14926402965082,0.6402076102086385
ETH-fed(KEN+TZA+UGA),2005,5,inflation_cpi,2010,tft,8.14926402965082,12.605361290783751
ETH-fed(KEN+TZA+UGA),2005,5,inflation_cpi,2010,tgcn,8.14926402965082,
ETH-fed(KEN+TZA+UGA),2005,5,inflation_cpi,2010,persistence_scarcity,8.14926402965082,1.8207072054780902
ETH-fed(KEN+TZA+UGA),2005,5,inflation_cpi,2010,chronos_scarcity,8.14926402965082,4.755118064074647
ETH-fed(KEN+TZA+UGA),2005,5,inflation_cpi,2010,gnn_scarcity,8.14926402965082,3.403270415454042
ETH-fed(KEN+TZA+UGA),2005,1,unemployment,2006,persistence,2.337,0.1599999999999997
ETH-fed(KEN+TZA+UGA),2005,1,unemployment,2006,arima,2.337,0.01914660469054974
ETH-fed(KEN+TZA+UGA),2005,1,unemployment,2006,chronos,2.337,0.01759899902343731
ETH-fed(KEN+TZA+UGA),2005,1,unemployment,2006,xgb_blind,2.337,0.40145529556274395
ETH-fed(KEN+TZA+UGA),2005,1,unemployment,2006,xgb_lag,2.337,0.01914660469054974
ETH-fed(KEN+TZA+UGA),2005,1,unemployment,2006,xgb_typed,2.337,0.01914660469054974
ETH-fed(KEN+TZA+UGA),2005,1,unemployment,2006,lgbm_blind,2.337,0.8359333241780598
ETH-fed(KEN+TZA+UGA),2005,1,unemployment,2006,lgbm_lag,2.337,0.01914660469054974
ETH-fed(KEN+TZA+UGA),2005,1,unemployment,2006,lgbm_typed,2.337,0.01914660469054974
ETH-fed(KEN+TZA+UGA),2005,1,unemployment,2006,tft,2.337,0.42443431663513165
ETH-fed(KEN+TZA+UGA),2005,1,unemployment,2006,tgcn,2.337,
ETH-fed(KEN+TZA+UGA),2005,1,unemployment,2006,persistence_scarcity,2.337,0.1599999999999997
ETH-fed(KEN+TZA+UGA),2005,1,unemployment,2006,chronos_scarcity,2.337,0.01759899902343731
ETH-fed(KEN+TZA+UGA),2005,1,unemployment,2006,gnn_scarcity,2.337,0.8114179496765135
ETH-fed(KEN+TZA+UGA),2005,3,unemployment,2008,persistence,2.326,0.17099999999999982
ETH-fed(KEN+TZA+UGA),2005,3,unemployment,2008,arima,2.326,0.07686328184081592
ETH-fed(KEN+TZA+UGA),2005,3,unemployment,2008,chronos,2.326,0.016943191528320245
ETH-fed(KEN+TZA+UGA),2005,3,unemployment,2008,xgb_blind,2.326,0.620084976196289
ETH-fed(KEN+TZA+UGA),2005,3,unemployment,2008,xgb_lag,2.326,0.07686328184081592
ETH-fed(KEN+TZA+UGA),2005,3,unemployment,2008,xgb_typed,2.326,0.07686328184081592
ETH-fed(KEN+TZA+UGA),2005,3,unemployment,2008,lgbm_blind,2.326,0.8196923118004431
ETH-fed(KEN+TZA+UGA),2005,3,unemployment,2008,lgbm_lag,2.326,0.07686328184081592
ETH-fed(KEN+TZA+UGA),2005,3,unemployment,2008,lgbm_typed,2.326,0.07686328184081592
ETH-fed(KEN+TZA+UGA),2005,3,unemployment,2008,tft,2.326,0.5165314426422118
ETH-fed(KEN+TZA+UGA),2005,3,unemployment,2008,tgcn,2.326,
ETH-fed(KEN+TZA+UGA),2005,3,unemployment,2008,persistence_scarcity,2.326,0.17099999999999982
ETH-fed(KEN+TZA+UGA),2005,3,unemployment,2008,chronos_scarcity,2.326,0.016943191528320245
ETH-fed(KEN+TZA+UGA),2005,3,unemployment,2008,gnn_scarcity,2.326,0.829522346496582
ETH-fed(KEN+TZA+UGA),2005,5,unemployment,2010,persistence,2.295,0.20199999999999996
ETH-fed(KEN+TZA+UGA),2005,5,unemployment,2010,arima,2.295,0.07313736356407041
ETH-fed(KEN+TZA+UGA),2005,5,unemployment,2010,chronos,2.295,0.19947607994079597
ETH-fed(KEN+TZA+UGA),2005,5,unemployment,2010,xgb_blind,2.295,0.35214956283569343
ETH-fed(KEN+TZA+UGA),2005,5,unemployment,2010,xgb_lag,2.295,0.07313736356407041
ETH-fed(KEN+TZA+UGA),2005,5,unemployment,2010,xgb_typed,2.295,0.07313736356407041
ETH-fed(KEN+TZA+UGA),2005,5,unemployment,2010,lgbm_blind,2.295,0.8451818232102828
ETH-fed(KEN+TZA+UGA),2005,5,unemployment,2010,lgbm_lag,2.295,0.07313736356407041
ETH-fed(KEN+TZA+UGA),2005,5,unemployment,2010,lgbm_typed,2.295,0.07313736356407041
ETH-fed(KEN+TZA+UGA),2005,5,unemployment,2010,tft,2.295,0.5278521347045899
ETH-fed(KEN+TZA+UGA),2005,5,unemployment,2010,tgcn,2.295,
ETH-fed(KEN+TZA+UGA),2005,5,unemployment,2010,persistence_scarcity,2.295,0.20199999999999996
ETH-fed(KEN+TZA+UGA),2005,5,unemployment,2010,chronos_scarcity,2.295,0.19947607994079597
ETH-fed(KEN+TZA+UGA),2005,5,unemployment,2010,gnn_scarcity,2.295,0.8496716785430909
ETH-fed(KEN+TZA+UGA),2005,1,exports_gdp,2006,persistence,16.6868531997337,0.0
ETH-fed(KEN+TZA+UGA),2005,1,exports_gdp,2006,arima,16.6868531997337,0.0
ETH-fed(KEN+TZA+UGA),2005,1,exports_gdp,2006,chronos,16.6868531997337,0.048934727443661785
ETH-fed(KEN+TZA+UGA),2005,1,exports_gdp,2006,xgb_blind,16.6868531997337,2.090797757148266e-07
ETH-fed(KEN+TZA+UGA),2005,1,exports_gdp,2006,xgb_lag,16.6868531997337,0.0
ETH-fed(KEN+TZA+UGA),2005,1,exports_gdp,2006,xgb_typed,16.6868531997337,0.0
ETH-fed(KEN+TZA+UGA),2005,1,exports_gdp,2006,lgbm_blind,16.6868531997337,2.090797757148266e-07
ETH-fed(KEN+TZA+UGA),2005,1,exports_gdp,2006,lgbm_lag,16.6868531997337,0.0
ETH-fed(KEN+TZA+UGA),2005,1,exports_gdp,2006,lgbm_typed,16.6868531997337,0.0
ETH-fed(KEN+TZA+UGA),2005,1,exports_gdp,2006,tft,16.6868531997337,0.01359155727764616
ETH-fed(KEN+TZA+UGA),2005,1,exports_gdp,2006,tgcn,16.6868531997337,
ETH-fed(KEN+TZA+UGA),2005,1,exports_gdp,2006,persistence_scarcity,16.6868531997337,0.0
ETH-fed(KEN+TZA+UGA),2005,1,exports_gdp,2006,chronos_scarcity,16.6868531997337,0.048934727443661785
ETH-fed(KEN+TZA+UGA),2005,1,exports_gdp,2006,gnn_scarcity,16.6868531997337,2.1164284085273266e-06
ETH-fed(KEN+TZA+UGA),2005,3,exports_gdp,2008,persistence,16.6868531997337,0.0
ETH-fed(KEN+TZA+UGA),2005,3,exports_gdp,2008,arima,16.6868531997337,0.0
ETH-fed(KEN+TZA+UGA),2005,3,exports_gdp,2008,chronos,16.6868531997337,0.048934727443661785
ETH-fed(KEN+TZA+UGA),2005,3,exports_gdp,2008,xgb_blind,16.6868531997337,2.090797757148266e-07
ETH-fed(KEN+TZA+UGA),2005,3,exports_gdp,2008,xgb_lag,16.6868531997337,0.0
ETH-fed(KEN+TZA+UGA),2005,3,exports_gdp,2008,xgb_typed,16.6868531997337,0.0
ETH-fed(KEN+TZA+UGA),2005,3,exports_gdp,2008,lgbm_blind,16.6868531997337,2.090797757148266e-07
ETH-fed(KEN+TZA+UGA),2005,3,exports_gdp,2008,lgbm_lag,16.6868531997337,0.0
ETH-fed(KEN+TZA+UGA),2005,3,exports_gdp,2008,lgbm_typed,16.6868531997337,0.0
ETH-fed(KEN+TZA+UGA),2005,3,exports_gdp,2008,tft,16.6868531997337,0.009145527614560223
ETH-fed(KEN+TZA+UGA),2005,3,exports_gdp,2008,tgcn,16.6868531997337,
ETH-fed(KEN+TZA+UGA),2005,3,exports_gdp,2008,persistence_scarcity,16.6868531997337,0.0
ETH-fed(KEN+TZA+UGA),2005,3,exports_gdp,2008,chronos_scarcity,16.6868531997337,0.048934727443661785
ETH-fed(KEN+TZA+UGA),2005,3,exports_gdp,2008,gnn_scarcity,16.6868531997337,2.1164284085273266e-06
ETH-fed(KEN+TZA+UGA),2005,5,exports_gdp,2010,persistence,16.6868531997337,0.0
ETH-fed(KEN+TZA+UGA),2005,5,exports_gdp,2010,arima,16.6868531997337,0.0
ETH-fed(KEN+TZA+UGA),2005,5,exports_gdp,2010,chronos,16.6868531997337,0.048934727443661785
ETH-fed(KEN+TZA+UGA),2005,5,exports_gdp,2010,xgb_blind,16.6868531997337,2.090797757148266e-07
ETH-fed(KEN+TZA+UGA),2005,5,exports_gdp,2010,xgb_lag,16.6868531997337,0.0
ETH-fed(KEN+TZA+UGA),2005,5,exports_gdp,2010,xgb_typed,16.6868531997337,0.0
ETH-fed(KEN+TZA+UGA),2005,5,exports_gdp,2010,lgbm_blind,16.6868531997337,2.090797757148266e-07
ETH-fed(KEN+TZA+UGA),2005,5,exports_gdp,2010,lgbm_lag,16.6868531997337,0.0
ETH-fed(KEN+TZA+UGA),2005,5,exports_gdp,2010,lgbm_typed,16.6868531997337,0.0
ETH-fed(KEN+TZA+UGA),2005,5,exports_gdp,2010,tft,16.6868531997337,0.0012948806419039727
ETH-fed(KEN+TZA+UGA),2005,5,exports_gdp,2010,tgcn,16.6868531997337,
ETH-fed(KEN+TZA+UGA),2005,5,exports_gdp,2010,persistence_scarcity,16.6868531997337,0.0
ETH-fed(KEN+TZA+UGA),2005,5,exports_gdp,2010,chronos_scarcity,16.6868531997337,0.048934727443661785
ETH-fed(KEN+TZA+UGA),2005,5,exports_gdp,2010,gnn_scarcity,16.6868531997337,2.1164284085273266e-06
ETH-fed(KEN+TZA+UGA),2005,1,imports_gdp,2006,persistence,31.5460822119553,0.0
ETH-fed(KEN+TZA+UGA),2005,1,imports_gdp,2006,arima,31.5460822119553,0.0
ETH-fed(KEN+TZA+UGA),2005,1,imports_gdp,2006,chronos,31.5460822119553,0.09251089237522336
ETH-fed(KEN+TZA+UGA),2005,1,imports_gdp,2006,xgb_blind,31.5460822119553,6.689865514886151e-07
ETH-fed(KEN+TZA+UGA),2005,1,imports_gdp,2006,xgb_lag,31.5460822119553,0.0
ETH-fed(KEN+TZA+UGA),2005,1,imports_gdp,2006,xgb_typed,31.5460822119553,0.0
ETH-fed(KEN+TZA+UGA),2005,1,imports_gdp,2006,lgbm_blind,31.5460822119553,6.689865514886151e-07
ETH-fed(KEN+TZA+UGA),2005,1,imports_gdp,2006,lgbm_lag,31.5460822119553,0.0
ETH-fed(KEN+TZA+UGA),2005,1,imports_gdp,2006,lgbm_typed,31.5460822119553,0.0
ETH-fed(KEN+TZA+UGA),2005,1,imports_gdp,2006,tft,31.5460822119553,0.013592435343973364
ETH-fed(KEN+TZA+UGA),2005,1,imports_gdp,2006,tgcn,31.5460822119553,
ETH-fed(KEN+TZA+UGA),2005,1,imports_gdp,2006,persistence_scarcity,31.5460822119553,0.0
ETH-fed(KEN+TZA+UGA),2005,1,imports_gdp,2006,chronos_scarcity,31.5460822119553,0.09251089237522336
ETH-fed(KEN+TZA+UGA),2005,1,imports_gdp,2006,gnn_scarcity,31.5460822119553,6.689865514886151e-07
ETH-fed(KEN+TZA+UGA),2005,3,imports_gdp,2008,persistence,31.5460822119553,0.0
ETH-fed(KEN+TZA+UGA),2005,3,imports_gdp,2008,arima,31.5460822119553,0.0
ETH-fed(KEN+TZA+UGA),2005,3,imports_gdp,2008,chronos,31.5460822119553,0.09251089237522336
ETH-fed(KEN+TZA+UGA),2005,3,imports_gdp,2008,xgb_blind,31.5460822119553,6.689865514886151e-07
ETH-fed(KEN+TZA+UGA),2005,3,imports_gdp,2008,xgb_lag,31.5460822119553,0.0
ETH-fed(KEN+TZA+UGA),2005,3,imports_gdp,2008,xgb_typed,31.5460822119553,0.0
ETH-fed(KEN+TZA+UGA),2005,3,imports_gdp,2008,lgbm_blind,31.5460822119553,6.689865514886151e-07
ETH-fed(KEN+TZA+UGA),2005,3,imports_gdp,2008,lgbm_lag,31.5460822119553,0.0
ETH-fed(KEN+TZA+UGA),2005,3,imports_gdp,2008,lgbm_typed,31.5460822119553,0.0
ETH-fed(KEN+TZA+UGA),2005,3,imports_gdp,2008,tft,31.5460822119553,0.009146405680887426
ETH-fed(KEN+TZA+UGA),2005,3,imports_gdp,2008,tgcn,31.5460822119553,
ETH-fed(KEN+TZA+UGA),2005,3,imports_gdp,2008,persistence_scarcity,31.5460822119553,0.0
ETH-fed(KEN+TZA+UGA),2005,3,imports_gdp,2008,chronos_scarcity,31.5460822119553,0.09251089237522336
ETH-fed(KEN+TZA+UGA),2005,3,imports_gdp,2008,gnn_scarcity,31.5460822119553,6.689865514886151e-07
ETH-fed(KEN+TZA+UGA),2005,5,imports_gdp,2010,persistence,31.5460822119553,0.0
ETH-fed(KEN+TZA+UGA),2005,5,imports_gdp,2010,arima,31.5460822119553,0.0
ETH-fed(KEN+TZA+UGA),2005,5,imports_gdp,2010,chronos,31.5460822119553,0.09251089237522336
ETH-fed(KEN+TZA+UGA),2005,5,imports_gdp,2010,xgb_blind,31.5460822119553,6.689865514886151e-07
ETH-fed(KEN+TZA+UGA),2005,5,imports_gdp,2010,xgb_lag,31.5460822119553,0.0
ETH-fed(KEN+TZA+UGA),2005,5,imports_gdp,2010,xgb_typed,31.5460822119553,0.0
ETH-fed(KEN+TZA+UGA),2005,5,imports_gdp,2010,lgbm_blind,31.5460822119553,6.689865514886151e-07
ETH-fed(KEN+TZA+UGA),2005,5,imports_gdp,2010,lgbm_lag,31.5460822119553,0.0
ETH-fed(KEN+TZA+UGA),2005,5,imports_gdp,2010,lgbm_typed,31.5460822119553,0.0
ETH-fed(KEN+TZA+UGA),2005,5,imports_gdp,2010,tft,31.5460822119553,0.0012957587082311761
ETH-fed(KEN+TZA+UGA),2005,5,imports_gdp,2010,tgcn,31.5460822119553,
ETH-fed(KEN+TZA+UGA),2005,5,imports_gdp,2010,persistence_scarcity,31.5460822119553,0.0
ETH-fed(KEN+TZA+UGA),2005,5,imports_gdp,2010,chronos_scarcity,31.5460822119553,0.09251089237522336
ETH-fed(KEN+TZA+UGA),2005,5,imports_gdp,2010,gnn_scarcity,31.5460822119553,6.689865514886151e-07
ETH-fed(KEN+TZA+UGA),2005,1,current_account,2006,persistence,-11.6871605564419,0.9548237023179009
ETH-fed(KEN+TZA+UGA),2005,1,current_account,2006,arima,-11.6871605564419,0.02972399787528346
ETH-fed(KEN+TZA+UGA),2005,1,current_account,2006,chronos,-11.6871605564419,0.22181326640283672
ETH-fed(KEN+TZA+UGA),2005,1,current_account,2006,xgb_blind,-11.6871605564419,3.2412548710170945
ETH-fed(KEN+TZA+UGA),2005,1,current_account,2006,xgb_lag,-11.6871605564419,0.02972399787528346
ETH-fed(KEN+TZA+UGA),2005,1,current_account,2006,xgb_typed,-11.6871605564419,0.02972399787528346
ETH-fed(KEN+TZA+UGA),2005,1,current_account,2006,lgbm_blind,-11.6871605564419,9.342105282273248
ETH-fed(KEN+TZA+UGA),2005,1,current_account,2006,lgbm_lag,-11.6871605564419,0.02972399787528346
ETH-fed(KEN+TZA+UGA),2005,1,current_account,2006,lgbm_typed,-11.6871605564419,0.02972399787528346
ETH-fed(KEN+TZA+UGA),2005,1,current_account,2006,tft,-11.6871605564419,2.3220625568691453
ETH-fed(KEN+TZA+UGA),2005,1,current_account,2006,tgcn,-11.6871605564419,
ETH-fed(KEN+TZA+UGA),2005,1,current_account,2006,persistence_scarcity,-11.6871605564419,0.9548237023179009
ETH-fed(KEN+TZA+UGA),2005,1,current_account,2006,chronos_scarcity,-11.6871605564419,0.22181326640283672
ETH-fed(KEN+TZA+UGA),2005,1,current_account,2006,gnn_scarcity,-11.6871605564419,8.942787711745854
ETH-fed(KEN+TZA+UGA),2005,3,current_account,2008,persistence,-6.67139557726763,5.9705886814921705
ETH-fed(KEN+TZA+UGA),2005,3,current_account,2008,arima,-6.67139557726763,5.165313698991673
ETH-fed(KEN+TZA+UGA),2005,3,current_account,2008,chronos,-6.67139557726763,2.4517300499238797
ETH-fed(KEN+TZA+UGA),2005,3,current_account,2008,xgb_blind,-6.67139557726763,1.5225184334077664
ETH-fed(KEN+TZA+UGA),2005,3,current_account,2008,xgb_lag,-6.67139557726763,5.165313698991673
ETH-fed(KEN+TZA+UGA),2005,3,current_account,2008,xgb_typed,-6.67139557726763,5.165313698991673
ETH-fed(KEN+TZA+UGA),2005,3,current_account,2008,lgbm_blind,-6.67139557726763,3.9938897173057533
ETH-fed(KEN+TZA+UGA),2005,3,current_account,2008,lgbm_lag,-6.67139557726763,5.165313698991673
ETH-fed(KEN+TZA+UGA),2005,3,current_account,2008,lgbm_typed,-6.67139557726763,5.165313698991673
ETH-fed(KEN+TZA+UGA),2005,3,current_account,2008,tft,-6.67139557726763,0.3890211211881809
ETH-fed(KEN+TZA+UGA),2005,3,current_account,2008,tgcn,-6.67139557726763,
ETH-fed(KEN+TZA+UGA),2005,3,current_account,2008,persistence_scarcity,-6.67139557726763,5.9705886814921705
ETH-fed(KEN+TZA+UGA),2005,3,current_account,2008,chronos_scarcity,-6.67139557726763,2.4517300499238797
ETH-fed(KEN+TZA+UGA),2005,3,current_account,2008,gnn_scarcity,-6.67139557726763,4.017078198269827
ETH-fed(KEN+TZA+UGA),2005,5,current_account,2010,persistence,-2.1222608717343,10.5197233870255
ETH-fed(KEN+TZA+UGA),2005,5,current_account,2010,arima,-2.1222608717343,9.717249963485752
ETH-fed(KEN+TZA+UGA),2005,5,current_account,2010,chronos,-2.1222608717343,0.12236935218779132
ETH-fed(KEN+TZA+UGA),2005,5,current_account,2010,xgb_blind,-2.1222608717343,5.956424888763747
ETH-fed(KEN+TZA+UGA),2005,5,current_account,2010,xgb_lag,-2.1222608717343,9.717249963485752
ETH-fed(KEN+TZA+UGA),2005,5,current_account,2010,xgb_typed,-2.1222608717343,9.717249963485752
ETH-fed(KEN+TZA+UGA),2005,5,current_account,2010,lgbm_blind,-2.1222608717343,1.1524130832727328
ETH-fed(KEN+TZA+UGA),2005,5,current_account,2010,lgbm_lag,-2.1222608717343,9.717249963485752
ETH-fed(KEN+TZA+UGA),2005,5,current_account,2010,lgbm_typed,-2.1222608717343,9.717249963485752
ETH-fed(KEN+TZA+UGA),2005,5,current_account,2010,tft,-2.1222608717343,4.846542534027419
ETH-fed(KEN+TZA+UGA),2005,5,current_account,2010,tgcn,-2.1222608717343,
ETH-fed(KEN+TZA+UGA),2005,5,current_account,2010,persistence_scarcity,-2.1222608717343,10.5197233870255
ETH-fed(KEN+TZA+UGA),2005,5,current_account,2010,chronos_scarcity,-2.1222608717343,0.12236935218779132
ETH-fed(KEN+TZA+UGA),2005,5,current_account,2010,gnn_scarcity,-2.1222608717343,0.669597801361403
ETH-fed(KEN+TZA+UGA),2005,1,real_interest_rate,2006,persistence,-4.08090892794825,1.4638454360258
ETH-fed(KEN+TZA+UGA),2005,1,real_interest_rate,2006,arima,-4.08090892794825,3.536935223258109
ETH-fed(KEN+TZA+UGA),2005,1,real_interest_rate,2006,chronos,-4.08090892794825,5.8076209163973465
ETH-fed(KEN+TZA+UGA),2005,1,real_interest_rate,2006,xgb_blind,-4.08090892794825,4.177315544218792
ETH-fed(KEN+TZA+UGA),2005,1,real_interest_rate,2006,xgb_lag,-4.08090892794825,3.536935223258109
ETH-fed(KEN+TZA+UGA),2005,1,real_interest_rate,2006,xgb_typed,-4.08090892794825,3.536935223258109
ETH-fed(KEN+TZA+UGA),2005,1,real_interest_rate,2006,lgbm_blind,-4.08090892794825,8.643609143923694
ETH-fed(KEN+TZA+UGA),2005,1,real_interest_rate,2006,lgbm_lag,-4.08090892794825,3.536935223258109
ETH-fed(KEN+TZA+UGA),2005,1,real_interest_rate,2006,lgbm_typed,-4.08090892794825,3.536935223258109
ETH-fed(KEN+TZA+UGA),2005,1,real_interest_rate,2006,tft,-4.08090892794825,6.051634464294685
ETH-fed(KEN+TZA+UGA),2005,1,real_interest_rate,2006,tgcn,-4.08090892794825,
ETH-fed(KEN+TZA+UGA),2005,1,real_interest_rate,2006,persistence_scarcity,-4.08090892794825,1.4638454360258
ETH-fed(KEN+TZA+UGA),2005,1,real_interest_rate,2006,chronos_scarcity,-4.08090892794825,5.8076209163973465
ETH-fed(KEN+TZA+UGA),2005,1,real_interest_rate,2006,gnn_scarcity,-4.08090892794825,7.650739345581306
ETH-fed(KEN+TZA+UGA),2005,3,real_interest_rate,2008,persistence,-17.1217762401546,14.50471274823215
ETH-fed(KEN+TZA+UGA),2005,3,real_interest_rate,2008,arima,-17.1217762401546,16.094085112482617
ETH-fed(KEN+TZA+UGA),2005,3,real_interest_rate,2008,chronos,-17.1217762401546,19.099141853138303
ETH-fed(KEN+TZA+UGA),2005,3,real_interest_rate,2008,xgb_blind,-17.1217762401546,22.596811907574033
ETH-fed(KEN+TZA+UGA),2005,3,real_interest_rate,2008,xgb_lag,-17.1217762401546,16.094085112482617
ETH-fed(KEN+TZA+UGA),2005,3,real_interest_rate,2008,xgb_typed,-17.1217762401546,16.094085112482617
ETH-fed(KEN+TZA+UGA),2005,3,real_interest_rate,2008,lgbm_blind,-17.1217762401546,23.733123227732186
ETH-fed(KEN+TZA+UGA),2005,3,real_interest_rate,2008,lgbm_lag,-17.1217762401546,16.094085112482617
ETH-fed(KEN+TZA+UGA),2005,3,real_interest_rate,2008,lgbm_typed,-17.1217762401546,16.094085112482617
ETH-fed(KEN+TZA+UGA),2005,3,real_interest_rate,2008,tft,-17.1217762401546,18.142919676586484
ETH-fed(KEN+TZA+UGA),2005,3,real_interest_rate,2008,tgcn,-17.1217762401546,
ETH-fed(KEN+TZA+UGA),2005,3,real_interest_rate,2008,persistence_scarcity,-17.1217762401546,14.50471274823215
ETH-fed(KEN+TZA+UGA),2005,3,real_interest_rate,2008,chronos_scarcity,-17.1217762401546,19.099141853138303
ETH-fed(KEN+TZA+UGA),2005,3,real_interest_rate,2008,gnn_scarcity,-17.1217762401546,20.888731138988827
ETH-fed(KEN+TZA+UGA),2005,5,real_interest_rate,2010,persistence,-17.1217762401546,14.50471274823215
ETH-fed(KEN+TZA+UGA),2005,5,real_interest_rate,2010,arima,-17.1217762401546,16.027543814990644
ETH-fed(KEN+TZA+UGA),2005,5,real_interest_rate,2010,chronos,-17.1217762401546,19.572596924587582
ETH-fed(KEN+TZA+UGA),2005,5,real_interest_rate,2010,xgb_blind,-17.1217762401546,20.31309165267596
ETH-fed(KEN+TZA+UGA),2005,5,real_interest_rate,2010,xgb_lag,-17.1217762401546,16.027543814990644
ETH-fed(KEN+TZA+UGA),2005,5,real_interest_rate,2010,xgb_typed,-17.1217762401546,16.027543814990644
ETH-fed(KEN+TZA+UGA),2005,5,real_interest_rate,2010,lgbm_blind,-17.1217762401546,23.878170496399605
ETH-fed(KEN+TZA+UGA),2005,5,real_interest_rate,2010,lgbm_lag,-17.1217762401546,16.027543814990644
ETH-fed(KEN+TZA+UGA),2005,5,real_interest_rate,2010,lgbm_typed,-17.1217762401546,16.027543814990644
ETH-fed(KEN+TZA+UGA),2005,5,real_interest_rate,2010,tft,-17.1217762401546,17.545555012508725
ETH-fed(KEN+TZA+UGA),2005,5,real_interest_rate,2010,tgcn,-17.1217762401546,
ETH-fed(KEN+TZA+UGA),2005,5,real_interest_rate,2010,persistence_scarcity,-17.1217762401546,14.50471274823215
ETH-fed(KEN+TZA+UGA),2005,5,real_interest_rate,2010,chronos_scarcity,-17.1217762401546,19.572596924587582
ETH-fed(KEN+TZA+UGA),2005,5,real_interest_rate,2010,gnn_scarcity,-17.1217762401546,20.587664263531064
ETH-fed(KEN+TZA+UGA),2005,1,broad_money,2006,persistence,42.4864001741599,1.2906217901791024
ETH-fed(KEN+TZA+UGA),2005,1,broad_money,2006,arima,42.4864001741599,1.4574126411656394
ETH-fed(KEN+TZA+UGA),2005,1,broad_money,2006,chronos,42.4864001741599,0.7513889798928375
ETH-fed(KEN+TZA+UGA),2005,1,broad_money,2006,xgb_blind,42.4864001741599,2.336681796054947
ETH-fed(KEN+TZA+UGA),2005,1,broad_money,2006,xgb_lag,42.4864001741599,1.4574126411656394
ETH-fed(KEN+TZA+UGA),2005,1,broad_money,2006,xgb_typed,42.4864001741599,1.4574126411656394
ETH-fed(KEN+TZA+UGA),2005,1,broad_money,2006,lgbm_blind,42.4864001741599,7.546940309861391
ETH-fed(KEN+TZA+UGA),2005,1,broad_money,2006,lgbm_lag,42.4864001741599,1.4574126411656394
ETH-fed(KEN+TZA+UGA),2005,1,broad_money,2006,lgbm_typed,42.4864001741599,1.4574126411656394
ETH-fed(KEN+TZA+UGA),2005,1,broad_money,2006,tft,42.4864001741599,2.0723957547951812
ETH-fed(KEN+TZA+UGA),2005,1,broad_money,2006,tgcn,42.4864001741599,
ETH-fed(KEN+TZA+UGA),2005,1,broad_money,2006,persistence_scarcity,42.4864001741599,1.2906217901791024
ETH-fed(KEN+TZA+UGA),2005,1,broad_money,2006,chronos_scarcity,42.4864001741599,0.7513889798928375
ETH-fed(KEN+TZA+UGA),2005,1,broad_money,2006,gnn_scarcity,42.4864001741599,8.709510373134506
ETH-fed(KEN+TZA+UGA),2005,3,broad_money,2008,persistence,33.9671207502096,9.809901214129397
ETH-fed(KEN+TZA+UGA),2005,3,broad_money,2008,arima,33.9671207502096,9.960908945434298
ETH-fed(KEN+TZA+UGA),2005,3,broad_money,2008,chronos,33.9671207502096,8.764961616733757
ETH-fed(KEN+TZA+UGA),2005,3,broad_money,2008,xgb_blind,33.9671207502096,10.064155952671257
ETH-fed(KEN+TZA+UGA),2005,3,broad_money,2008,xgb_lag,33.9671207502096,9.960908945434298
ETH-fed(KEN+TZA+UGA),2005,3,broad_money,2008,xgb_typed,33.9671207502096,9.960908945434298
ETH-fed(KEN+TZA+UGA),2005,3,broad_money,2008,lgbm_blind,33.9671207502096,1.669145811445297
ETH-fed(KEN+TZA+UGA),2005,3,broad_money,2008,lgbm_lag,33.9671207502096,9.960908945434298
ETH-fed(KEN+TZA+UGA),2005,3,broad_money,2008,lgbm_typed,33.9671207502096,9.960908945434298
ETH-fed(KEN+TZA+UGA),2005,3,broad_money,2008,tft,33.9671207502096,10.73009909842321
ETH-fed(KEN+TZA+UGA),2005,3,broad_money,2008,tgcn,33.9671207502096,
ETH-fed(KEN+TZA+UGA),2005,3,broad_money,2008,persistence_scarcity,33.9671207502096,9.809901214129397
ETH-fed(KEN+TZA+UGA),2005,3,broad_money,2008,chronos_scarcity,33.9671207502096,8.764961616733757
ETH-fed(KEN+TZA+UGA),2005,3,broad_money,2008,gnn_scarcity,33.9671207502096,0.029388053676399295
ETH-fed(KEN+TZA+UGA),2005,5,broad_money,2010,persistence,33.9671207502096,9.809901214129397
ETH-fed(KEN+TZA+UGA),2005,5,broad_money,2010,arima,33.9671207502096,9.960732182301044
ETH-fed(KEN+TZA+UGA),2005,5,broad_money,2010,chronos,33.9671207502096,8.259243385532585
ETH-fed(KEN+TZA+UGA),2005,5,broad_money,2010,xgb_blind,33.9671207502096,8.128002540806023
ETH-fed(KEN+TZA+UGA),2005,5,broad_money,2010,xgb_lag,33.9671207502096,9.960732182301044
ETH-fed(KEN+TZA+UGA),2005,5,broad_money,2010,xgb_typed,33.9671207502096,9.960732182301044
ETH-fed(KEN+TZA+UGA),2005,5,broad_money,2010,lgbm_blind,33.9671207502096,2.8626766477507104
ETH-fed(KEN+TZA+UGA),2005,5,broad_money,2010,lgbm_lag,33.9671207502096,9.960732182301044
ETH-fed(KEN+TZA+UGA),2005,5,broad_money,2010,lgbm_typed,33.9671207502096,9.960732182301044
ETH-fed(KEN+TZA+UGA),2005,5,broad_money,2010,tft,33.9671207502096,10.750130073765007
ETH-fed(KEN+TZA+UGA),2005,5,broad_money,2010,tgcn,33.9671207502096,
ETH-fed(KEN+TZA+UGA),2005,5,broad_money,2010,persistence_scarcity,33.9671207502096,9.809901214129397
ETH-fed(KEN+TZA+UGA),2005,5,broad_money,2010,chronos_scarcity,33.9671207502096,8.259243385532585
ETH-fed(KEN+TZA+UGA),2005,5,broad_money,2010,gnn_scarcity,33.9671207502096,0.2750431134908524
ETH-fed(KEN+TZA+UGA),2005,1,private_credit,2006,persistence,20.4493250657558,1.5835358052583004
ETH-fed(KEN+TZA+UGA),2005,1,private_credit,2006,arima,20.4493250657558,0.24472137391304116
ETH-fed(KEN+TZA+UGA),2005,1,private_credit,2006,chronos,20.4493250657558,2.829814415121035
ETH-fed(KEN+TZA+UGA),2005,1,private_credit,2006,xgb_blind,20.4493250657558,2.961255531454043
ETH-fed(KEN+TZA+UGA),2005,1,private_credit,2006,xgb_lag,20.4493250657558,0.24472137391304116
ETH-fed(KEN+TZA+UGA),2005,1,private_credit,2006,xgb_typed,20.4493250657558,0.24472137391304116
ETH-fed(KEN+TZA+UGA),2005,1,private_credit,2006,lgbm_blind,20.4493250657558,8.04981968099272
ETH-fed(KEN+TZA+UGA),2005,1,private_credit,2006,lgbm_lag,20.4493250657558,0.24472137391304116
ETH-fed(KEN+TZA+UGA),2005,1,private_credit,2006,lgbm_typed,20.4493250657558,0.24472137391304116
ETH-fed(KEN+TZA+UGA),2005,1,private_credit,2006,tft,20.4493250657558,1.5676970292567773
ETH-fed(KEN+TZA+UGA),2005,1,private_credit,2006,tgcn,20.4493250657558,
ETH-fed(KEN+TZA+UGA),2005,1,private_credit,2006,persistence_scarcity,20.4493250657558,1.5835358052583004
ETH-fed(KEN+TZA+UGA),2005,1,private_credit,2006,chronos_scarcity,20.4493250657558,2.829814415121035
ETH-fed(KEN+TZA+UGA),2005,1,private_credit,2006,gnn_scarcity,20.4493250657558,9.47545097365375
ETH-fed(KEN+TZA+UGA),2005,3,private_credit,2008,persistence,17.7101483486321,1.155640911865401
ETH-fed(KEN+TZA+UGA),2005,3,private_credit,2008,arima,17.7101483486321,3.7010951492443667
ETH-fed(KEN+TZA+UGA),2005,3,private_credit,2008,chronos,17.7101483486321,1.5087933681633494
ETH-fed(KEN+TZA+UGA),2005,3,private_credit,2008,xgb_blind,17.7101483486321,1.7664084575798533
ETH-fed(KEN+TZA+UGA),2005,3,private_credit,2008,xgb_lag,17.7101483486321,3.7010951492443667
ETH-fed(KEN+TZA+UGA),2005,3,private_credit,2008,xgb_typed,17.7101483486321,3.7010951492443667
ETH-fed(KEN+TZA+UGA),2005,3,private_credit,2008,lgbm_blind,17.7101483486321,3.673030794040848
ETH-fed(KEN+TZA+UGA),2005,3,private_credit,2008,lgbm_lag,17.7101483486321,3.7010951492443667
ETH-fed(KEN+TZA+UGA),2005,3,private_credit,2008,lgbm_typed,17.7101483486321,3.7010951492443667
ETH-fed(KEN+TZA+UGA),2005,3,private_credit,2008,tft,17.7101483486321,1.9903426029059865
ETH-fed(KEN+TZA+UGA),2005,3,private_credit,2008,tgcn,17.7101483486321,
ETH-fed(KEN+TZA+UGA),2005,3,private_credit,2008,persistence_scarcity,17.7101483486321,1.155640911865401
ETH-fed(KEN+TZA+UGA),2005,3,private_credit,2008,chronos_scarcity,17.7101483486321,1.5087933681633494
ETH-fed(KEN+TZA+UGA),2005,3,private_credit,2008,gnn_scarcity,17.7101483486321,6.56699420434499
ETH-fed(KEN+TZA+UGA),2005,5,private_credit,2010,persistence,17.7101483486321,1.155640911865401
ETH-fed(KEN+TZA+UGA),2005,5,private_credit,2010,arima,17.7101483486321,4.097235112620805
ETH-fed(KEN+TZA+UGA),2005,5,private_credit,2010,chronos,17.7101483486321,4.731869234862568
ETH-fed(KEN+TZA+UGA),2005,5,private_credit,2010,xgb_blind,17.7101483486321,0.5806508205559275
ETH-fed(KEN+TZA+UGA),2005,5,private_credit,2010,xgb_lag,17.7101483486321,4.097235112620805
ETH-fed(KEN+TZA+UGA),2005,5,private_credit,2010,xgb_typed,17.7101483486321,4.097235112620805
ETH-fed(KEN+TZA+UGA),2005,5,private_credit,2010,lgbm_blind,17.7101483486321,1.8782843817769628
ETH-fed(KEN+TZA+UGA),2005,5,private_credit,2010,lgbm_lag,17.7101483486321,4.097235112620805
ETH-fed(KEN+TZA+UGA),2005,5,private_credit,2010,lgbm_typed,17.7101483486321,4.097235112620805
ETH-fed(KEN+TZA+UGA),2005,5,private_credit,2010,tft,17.7101483486321,3.1065955020759084
ETH-fed(KEN+TZA+UGA),2005,5,private_credit,2010,tgcn,17.7101483486321,
ETH-fed(KEN+TZA+UGA),2005,5,private_credit,2010,persistence_scarcity,17.7101483486321,1.155640911865401
ETH-fed(KEN+TZA+UGA),2005,5,private_credit,2010,chronos_scarcity,17.7101483486321,4.731869234862568
ETH-fed(KEN+TZA+UGA),2005,5,private_credit,2010,gnn_scarcity,17.7101483486321,6.825535311522724
ETH-fed(KEN+TZA+UGA),2005,1,govt_consumption,2006,persistence,10.3182460672537,0.0
ETH-fed(KEN+TZA+UGA),2005,1,govt_consumption,2006,arima,10.3182460672537,0.0
ETH-fed(KEN+TZA+UGA),2005,1,govt_consumption,2006,chronos,10.3182460672537,0.030259311882606
ETH-fed(KEN+TZA+UGA),2005,1,govt_consumption,2006,xgb_blind,10.3182460672537,1.7949735209299433e-07
ETH-fed(KEN+TZA+UGA),2005,1,govt_consumption,2006,xgb_lag,10.3182460672537,0.0
ETH-fed(KEN+TZA+UGA),2005,1,govt_consumption,2006,xgb_typed,10.3182460672537,0.0
ETH-fed(KEN+TZA+UGA),2005,1,govt_consumption,2006,lgbm_blind,10.3182460672537,1.7949735209299433e-07
ETH-fed(KEN+TZA+UGA),2005,1,govt_consumption,2006,lgbm_lag,10.3182460672537,0.0
ETH-fed(KEN+TZA+UGA),2005,1,govt_consumption,2006,lgbm_typed,10.3182460672537,0.0
ETH-fed(KEN+TZA+UGA),2005,1,govt_consumption,2006,tft,10.3182460672537,0.013591945854773968
ETH-fed(KEN+TZA+UGA),2005,1,govt_consumption,2006,tgcn,10.3182460672537,
ETH-fed(KEN+TZA+UGA),2005,1,govt_consumption,2006,persistence_scarcity,10.3182460672537,0.0
ETH-fed(KEN+TZA+UGA),2005,1,govt_consumption,2006,chronos_scarcity,10.3182460672537,0.030259311882606
ETH-fed(KEN+TZA+UGA),2005,1,govt_consumption,2006,gnn_scarcity,10.3182460672537,7.741769643132557e-07
ETH-fed(KEN+TZA+UGA),2005,3,govt_consumption,2008,persistence,10.3182460672537,0.0
ETH-fed(KEN+TZA+UGA),2005,3,govt_consumption,2008,arima,10.3182460672537,0.0
ETH-fed(KEN+TZA+UGA),2005,3,govt_consumption,2008,chronos,10.3182460672537,0.030259311882606
ETH-fed(KEN+TZA+UGA),2005,3,govt_consumption,2008,xgb_blind,10.3182460672537,1.7949735209299433e-07
ETH-fed(KEN+TZA+UGA),2005,3,govt_consumption,2008,xgb_lag,10.3182460672537,0.0
ETH-fed(KEN+TZA+UGA),2005,3,govt_consumption,2008,xgb_typed,10.3182460672537,0.0
ETH-fed(KEN+TZA+UGA),2005,3,govt_consumption,2008,lgbm_blind,10.3182460672537,1.7949735209299433e-07
ETH-fed(KEN+TZA+UGA),2005,3,govt_consumption,2008,lgbm_lag,10.3182460672537,0.0
ETH-fed(KEN+TZA+UGA),2005,3,govt_consumption,2008,lgbm_typed,10.3182460672537,0.0
ETH-fed(KEN+TZA+UGA),2005,3,govt_consumption,2008,tft,10.3182460672537,0.009144962517371624
ETH-fed(KEN+TZA+UGA),2005,3,govt_consumption,2008,tgcn,10.3182460672537,
ETH-fed(KEN+TZA+UGA),2005,3,govt_consumption,2008,persistence_scarcity,10.3182460672537,0.0
ETH-fed(KEN+TZA+UGA),2005,3,govt_consumption,2008,chronos_scarcity,10.3182460672537,0.030259311882606
ETH-fed(KEN+TZA+UGA),2005,3,govt_consumption,2008,gnn_scarcity,10.3182460672537,7.741769643132557e-07
ETH-fed(KEN+TZA+UGA),2005,5,govt_consumption,2010,persistence,10.3182460672537,0.0
ETH-fed(KEN+TZA+UGA),2005,5,govt_consumption,2010,arima,10.3182460672537,0.0
ETH-fed(KEN+TZA+UGA),2005,5,govt_consumption,2010,chronos,10.3182460672537,0.030259311882606
ETH-fed(KEN+TZA+UGA),2005,5,govt_consumption,2010,xgb_blind,10.3182460672537,1.7949735209299433e-07
ETH-fed(KEN+TZA+UGA),2005,5,govt_consumption,2010,xgb_lag,10.3182460672537,0.0
ETH-fed(KEN+TZA+UGA),2005,5,govt_consumption,2010,xgb_typed,10.3182460672537,0.0
ETH-fed(KEN+TZA+UGA),2005,5,govt_consumption,2010,lgbm_blind,10.3182460672537,1.7949735209299433e-07
ETH-fed(KEN+TZA+UGA),2005,5,govt_consumption,2010,lgbm_lag,10.3182460672537,0.0
ETH-fed(KEN+TZA+UGA),2005,5,govt_consumption,2010,lgbm_typed,10.3182460672537,0.0
ETH-fed(KEN+TZA+UGA),2005,5,govt_consumption,2010,tft,10.3182460672537,0.0012943155447153742
ETH-fed(KEN+TZA+UGA),2005,5,govt_consumption,2010,tgcn,10.3182460672537,
ETH-fed(KEN+TZA+UGA),2005,5,govt_consumption,2010,persistence_scarcity,10.3182460672537,0.0
ETH-fed(KEN+TZA+UGA),2005,5,govt_consumption,2010,chronos_scarcity,10.3182460672537,0.030259311882606
ETH-fed(KEN+TZA+UGA),2005,5,govt_consumption,2010,gnn_scarcity,10.3182460672537,7.741769643132557e-07
ETH-fed(KEN+TZA+UGA),2006,1,gdp_growth,2007,persistence,11.4561670019891,0.6214399340518
ETH-fed(KEN+TZA+UGA),2006,1,gdp_growth,2007,arima,11.4561670019891,0.328356161424745
ETH-fed(KEN+TZA+UGA),2006,1,gdp_growth,2007,chronos,11.4561670019891,2.801589746740076
ETH-fed(KEN+TZA+UGA),2006,1,gdp_growth,2007,xgb_blind,11.4561670019891,0.44753243472835713
ETH-fed(KEN+TZA+UGA),2006,1,gdp_growth,2007,xgb_lag,11.4561670019891,0.328356161424745
ETH-fed(KEN+TZA+UGA),2006,1,gdp_growth,2007,xgb_typed,11.4561670019891,0.328356161424745
ETH-fed(KEN+TZA+UGA),2006,1,gdp_growth,2007,lgbm_blind,11.4561670019891,6.839390565421793
ETH-fed(KEN+TZA+UGA),2006,1,gdp_growth,2007,lgbm_lag,11.4561670019891,0.328356161424745
ETH-fed(KEN+TZA+UGA),2006,1,gdp_growth,2007,lgbm_typed,11.4561670019891,0.328356161424745
ETH-fed(KEN+TZA+UGA),2006,1,gdp_growth,2007,tft,11.4561670019891,0.1739204123284548
ETH-fed(KEN+TZA+UGA),2006,1,gdp_growth,2007,tgcn,11.4561670019891,
ETH-fed(KEN+TZA+UGA),2006,1,gdp_growth,2007,persistence_scarcity,11.4561670019891,0.6214399340518
ETH-fed(KEN+TZA+UGA),2006,1,gdp_growth,2007,chronos_scarcity,11.4561670019891,2.801589746740076
ETH-fed(KEN+TZA+UGA),2006,1,gdp_growth,2007,gnn_scarcity,11.4561670019891,7.791190166738245
ETH-fed(KEN+TZA+UGA),2006,3,gdp_growth,2009,persistence,8.8025531990487,2.0321738688885986
ETH-fed(KEN+TZA+UGA),2006,3,gdp_growth,2009,arima,8.8025531990487,2.2639649261861887
ETH-fed(KEN+TZA+UGA),2006,3,gdp_growth,2009,chronos,8.8025531990487,0.5858535988289741
ETH-fed(KEN+TZA+UGA),2006,3,gdp_growth,2009,xgb_blind,8.8025531990487,2.1315297858756157
ETH-fed(KEN+TZA+UGA),2006,3,gdp_growth,2009,xgb_lag,8.8025531990487,2.2639649261861887
ETH-fed(KEN+TZA+UGA),2006,3,gdp_growth,2009,xgb_typed,8.8025531990487,2.2639649261861887
ETH-fed(KEN+TZA+UGA),2006,3,gdp_growth,2009,lgbm_blind,8.8025531990487,2.3969543883078215
ETH-fed(KEN+TZA+UGA),2006,3,gdp_growth,2009,lgbm_lag,8.8025531990487,2.2639649261861887
ETH-fed(KEN+TZA+UGA),2006,3,gdp_growth,2009,lgbm_typed,8.8025531990487,2.2639649261861887
ETH-fed(KEN+TZA+UGA),2006,3,gdp_growth,2009,tft,8.8025531990487,2.3742255942862602
ETH-fed(KEN+TZA+UGA),2006,3,gdp_growth,2009,tgcn,8.8025531990487,
ETH-fed(KEN+TZA+UGA),2006,3,gdp_growth,2009,persistence_scarcity,8.8025531990487,2.0321738688885986
ETH-fed(KEN+TZA+UGA),2006,3,gdp_growth,2009,chronos_scarcity,8.8025531990487,0.5858535988289741
ETH-fed(KEN+TZA+UGA),2006,3,gdp_growth,2009,gnn_scarcity,8.8025531990487,5.023611567731562
ETH-fed(KEN+TZA+UGA),2006,5,gdp_growth,2011,persistence,11.1782962297008,0.34356916176350083
ETH-fed(KEN+TZA+UGA),2006,5,gdp_growth,2011,arima,11.1782962297008,0.11721521160313308
ETH-fed(KEN+TZA+UGA),2006,5,gdp_growth,2011,chronos,11.1782962297008,3.966147086481806
ETH-fed(KEN+TZA+UGA),2006,5,gdp_growth,2011,xgb_blind,11.1782962297008,0.6640187715098822
ETH-fed(KEN+TZA+UGA),2006,5,gdp_growth,2011,xgb_lag,11.1782962297008,0.11721521160313308
ETH-fed(KEN+TZA+UGA),2006,5,gdp_growth,2011,xgb_typed,11.1782962297008,0.11721521160313308
ETH-fed(KEN+TZA+UGA),2006,5,gdp_growth,2011,lgbm_blind,11.1782962297008,5.066164137383855
ETH-fed(KEN+TZA+UGA),2006,5,gdp_growth,2011,lgbm_lag,11.1782962297008,0.11721521160313308
ETH-fed(KEN+TZA+UGA),2006,5,gdp_growth,2011,lgbm_typed,11.1782962297008,0.11721521160313308
ETH-fed(KEN+TZA+UGA),2006,5,gdp_growth,2011,tft,11.1782962297008,0.04487242446398376
ETH-fed(KEN+TZA+UGA),2006,5,gdp_growth,2011,tgcn,11.1782962297008,
ETH-fed(KEN+TZA+UGA),2006,5,gdp_growth,2011,persistence_scarcity,11.1782962297008,0.34356916176350083
ETH-fed(KEN+TZA+UGA),2006,5,gdp_growth,2011,chronos_scarcity,11.1782962297008,3.966147086481806
ETH-fed(KEN+TZA+UGA),2006,5,gdp_growth,2011,gnn_scarcity,11.1782962297008,7.597004554133173
ETH-fed(KEN+TZA+UGA),2006,1,inflation_cpi,2007,persistence,17.2404008340897,4.940924522607302
ETH-fed(KEN+TZA+UGA),2006,1,inflation_cpi,2007,arima,17.2404008340897,6.174657904520032
ETH-fed(KEN+TZA+UGA),2006,1,inflation_cpi,2007,chronos,17.2404008340897,9.541534466749614
ETH-fed(KEN+TZA+UGA),2006,1,inflation_cpi,2007,xgb_blind,17.2404008340897,7.250239892012065
ETH-fed(KEN+TZA+UGA),2006,1,inflation_cpi,2007,xgb_lag,17.2404008340897,6.174657904520032
ETH-fed(KEN+TZA+UGA),2006,1,inflation_cpi,2007,xgb_typed,17.2404008340897,6.174657904520032
ETH-fed(KEN+TZA+UGA),2006,1,inflation_cpi,2007,lgbm_blind,17.2404008340897,10.832467360502665
ETH-fed(KEN+TZA+UGA),2006,1,inflation_cpi,2007,lgbm_lag,17.2404008340897,6.174657904520032
ETH-fed(KEN+TZA+UGA),2006,1,inflation_cpi,2007,lgbm_typed,17.2404008340897,6.174657904520032
ETH-fed(KEN+TZA+UGA),2006,1,inflation_cpi,2007,tft,17.2404008340897,4.440216584211772
ETH-fed(KEN+TZA+UGA),2006,1,inflation_cpi,2007,tgcn,17.2404008340897,
ETH-fed(KEN+TZA+UGA),2006,1,inflation_cpi,2007,persistence_scarcity,17.2404008340897,4.940924522607302
ETH-fed(KEN+TZA+UGA),2006,1,inflation_cpi,2007,chronos_scarcity,17.2404008340897,9.541534466749614
ETH-fed(KEN+TZA+UGA),2006,1,inflation_cpi,2007,gnn_scarcity,17.2404008340897,12.10650591374058
ETH-fed(KEN+TZA+UGA),2006,3,inflation_cpi,2009,persistence,8.48364404530282,3.81583226617958
ETH-fed(KEN+TZA+UGA),2006,3,inflation_cpi,2009,arima,8.48364404530282,2.8894504197298208
ETH-fed(KEN+TZA+UGA),2006,3,inflation_cpi,2009,chronos,8.48364404530282,3.1583395370935907
ETH-fed(KEN+TZA+UGA),2006,3,inflation_cpi,2009,xgb_blind,8.48364404530282,4.159004248092126
ETH-fed(KEN+TZA+UGA),2006,3,inflation_cpi,2009,xgb_lag,8.48364404530282,2.8894504197298208
ETH-fed(KEN+TZA+UGA),2006,3,inflation_cpi,2009,xgb_typed,8.48364404530282,2.8894504197298208
ETH-fed(KEN+TZA+UGA),2006,3,inflation_cpi,2009,lgbm_blind,8.48364404530282,4.463865998013652
ETH-fed(KEN+TZA+UGA),2006,3,inflation_cpi,2009,lgbm_lag,8.48364404530282,2.8894504197298208
ETH-fed(KEN+TZA+UGA),2006,3,inflation_cpi,2009,lgbm_typed,8.48364404530282,2.8894504197298208
ETH-fed(KEN+TZA+UGA),2006,3,inflation_cpi,2009,tft,8.48364404530282,4.231761418869544
ETH-fed(KEN+TZA+UGA),2006,3,inflation_cpi,2009,tgcn,8.48364404530282,
ETH-fed(KEN+TZA+UGA),2006,3,inflation_cpi,2009,persistence_scarcity,8.48364404530282,3.81583226617958
ETH-fed(KEN+TZA+UGA),2006,3,inflation_cpi,2009,chronos_scarcity,8.48364404530282,3.1583395370935907
ETH-fed(KEN+TZA+UGA),2006,3,inflation_cpi,2009,gnn_scarcity,8.48364404530282,3.187033689925622
ETH-fed(KEN+TZA+UGA),2006,5,inflation_cpi,2011,persistence,33.2499598823344,20.950483570852
ETH-fed(KEN+TZA+UGA),2006,5,inflation_cpi,2011,arima,33.2499598823344,21.790656796627673
ETH-fed(KEN+TZA+UGA),2006,5,inflation_cpi,2011,chronos,33.2499598823344,27.40733855588787
ETH-fed(KEN+TZA+UGA),2006,5,inflation_cpi,2011,xgb_blind,33.2499598823344,24.740373548105886
ETH-fed(KEN+TZA+UGA),2006,5,inflation_cpi,2011,xgb_lag,33.2499598823344,21.790656796627673
ETH-fed(KEN+TZA+UGA),2006,5,inflation_cpi,2011,xgb_typed,33.2499598823344,21.790656796627673
ETH-fed(KEN+TZA+UGA),2006,5,inflation_cpi,2011,lgbm_blind,33.2499598823344,29.48829731964621
ETH-fed(KEN+TZA+UGA),2006,5,inflation_cpi,2011,lgbm_lag,33.2499598823344,21.790656796627673
ETH-fed(KEN+TZA+UGA),2006,5,inflation_cpi,2011,lgbm_typed,33.2499598823344,21.790656796627673
ETH-fed(KEN+TZA+UGA),2006,5,inflation_cpi,2011,tft,33.2499598823344,20.46232312543743
ETH-fed(KEN+TZA+UGA),2006,5,inflation_cpi,2011,tgcn,33.2499598823344,
ETH-fed(KEN+TZA+UGA),2006,5,inflation_cpi,2011,persistence_scarcity,33.2499598823344,20.950483570852
ETH-fed(KEN+TZA+UGA),2006,5,inflation_cpi,2011,chronos_scarcity,33.2499598823344,27.40733855588787
ETH-fed(KEN+TZA+UGA),2006,5,inflation_cpi,2011,gnn_scarcity,33.2499598823344,28.23554795606487
ETH-fed(KEN+TZA+UGA),2006,1,unemployment,2007,persistence,2.337,0.0
ETH-fed(KEN+TZA+UGA),2006,1,unemployment,2007,arima,2.337,0.08254853089909453
ETH-fed(KEN+TZA+UGA),2006,1,unemployment,2007,chronos,2.337,0.042062150955200384
ETH-fed(KEN+TZA+UGA),2006,1,unemployment,2007,xgb_blind,2.337,0.13258112716674786
ETH-fed(KEN+TZA+UGA),2006,1,unemployment,2007,xgb_lag,2.337,0.08254853089909453
ETH-fed(KEN+TZA+UGA),2006,1,unemployment,2007,xgb_typed,2.337,0.08254853089909453
ETH-fed(KEN+TZA+UGA),2006,1,unemployment,2007,lgbm_blind,2.337,0.7836874847412107
ETH-fed(KEN+TZA+UGA),2006,1,unemployment,2007,lgbm_lag,2.337,0.08254853089909453
ETH-fed(KEN+TZA+UGA),2006,1,unemployment,2007,lgbm_typed,2.337,0.08254853089909453
ETH-fed(KEN+TZA+UGA),2006,1,unemployment,2007,tft,2.337,0.20447601127624493
ETH-fed(KEN+TZA+UGA),2006,1,unemployment,2007,tgcn,2.337,
ETH-fed(KEN+TZA+UGA),2006,1,unemployment,2007,persistence_scarcity,2.337,0.0
ETH-fed(KEN+TZA+UGA),2006,1,unemployment,2007,chronos_scarcity,2.337,0.042062150955200384
ETH-fed(KEN+TZA+UGA),2006,1,unemployment,2007,gnn_scarcity,2.337,0.7509101753234861
ETH-fed(KEN+TZA+UGA),2006,3,unemployment,2009,persistence,2.326,0.01100000000000012
ETH-fed(KEN+TZA+UGA),2006,3,unemployment,2009,arima,2.326,0.13611059109088863
ETH-fed(KEN+TZA+UGA),2006,3,unemployment,2009,chronos,2.326,0.019588256835937568
ETH-fed(KEN+TZA+UGA),2006,3,unemployment,2009,xgb_blind,2.326,0.28595707321166985
ETH-fed(KEN+TZA+UGA),2006,3,unemployment,2009,xgb_lag,2.326,0.13611059109088863
ETH-fed(KEN+TZA+UGA),2006,3,unemployment,2009,xgb_typed,2.326,0.13611059109088863
ETH-fed(KEN+TZA+UGA),2006,3,unemployment,2009,lgbm_blind,2.326,0.7619285676138743
ETH-fed(KEN+TZA+UGA),2006,3,unemployment,2009,lgbm_lag,2.326,0.13611059109088863
ETH-fed(KEN+TZA+UGA),2006,3,unemployment,2009,lgbm_typed,2.326,0.13611059109088863
ETH-fed(KEN+TZA+UGA),2006,3,unemployment,2009,tft,2.326,0.27173564338684075
ETH-fed(KEN+TZA+UGA),2006,3,unemployment,2009,tgcn,2.326,
ETH-fed(KEN+TZA+UGA),2006,3,unemployment,2009,persistence_scarcity,2.326,0.01100000000000012
ETH-fed(KEN+TZA+UGA),2006,3,unemployment,2009,chronos_scarcity,2.326,0.019588256835937568
ETH-fed(KEN+TZA+UGA),2006,3,unemployment,2009,gnn_scarcity,2.326,0.7676565399169921
ETH-fed(KEN+TZA+UGA),2006,5,unemployment,2011,persistence,2.27,0.06700000000000017
ETH-fed(KEN+TZA+UGA),2006,5,unemployment,2011,arima,2.27,0.09729585129740315
ETH-fed(KEN+TZA+UGA),2006,5,unemployment,2011,chronos,2.27,0.16263244628906248
ETH-fed(KEN+TZA+UGA),2006,5,unemployment,2011,xgb_blind,2.27,0.24441311836242674
ETH-fed(KEN+TZA+UGA),2006,5,unemployment,2011,xgb_lag,2.27,0.09729585129740315
ETH-fed(KEN+TZA+UGA),2006,5,unemployment,2011,xgb_typed,2.27,0.09729585129740315
ETH-fed(KEN+TZA+UGA),2006,5,unemployment,2011,lgbm_blind,2.27,0.8032499957084656
ETH-fed(KEN+TZA+UGA),2006,5,unemployment,2011,lgbm_lag,2.27,0.09729585129740315
ETH-fed(KEN+TZA+UGA),2006,5,unemployment,2011,lgbm_typed,2.27,0.09729585129740315
ETH-fed(KEN+TZA+UGA),2006,5,unemployment,2011,tft,2.27,0.3321468639373779
ETH-fed(KEN+TZA+UGA),2006,5,unemployment,2011,tgcn,2.27,
ETH-fed(KEN+TZA+UGA),2006,5,unemployment,2011,persistence_scarcity,2.27,0.06700000000000017
ETH-fed(KEN+TZA+UGA),2006,5,unemployment,2011,chronos_scarcity,2.27,0.16263244628906248
ETH-fed(KEN+TZA+UGA),2006,5,unemployment,2011,gnn_scarcity,2.27,0.8136906433105469
ETH-fed(KEN+TZA+UGA),2006,1,exports_gdp,2007,persistence,16.6868531997337,0.0
ETH-fed(KEN+TZA+UGA),2006,1,exports_gdp,2007,arima,16.6868531997337,0.0
ETH-fed(KEN+TZA+UGA),2006,1,exports_gdp,2007,chronos,16.6868531997337,0.0489366347922946
ETH-fed(KEN+TZA+UGA),2006,1,exports_gdp,2007,xgb_blind,16.6868531997337,2.090797757148266e-07
ETH-fed(KEN+TZA+UGA),2006,1,exports_gdp,2007,xgb_lag,16.6868531997337,0.0
ETH-fed(KEN+TZA+UGA),2006,1,exports_gdp,2007,xgb_typed,16.6868531997337,0.0
ETH-fed(KEN+TZA+UGA),2006,1,exports_gdp,2007,lgbm_blind,16.6868531997337,2.090797757148266e-07
ETH-fed(KEN+TZA+UGA),2006,1,exports_gdp,2007,lgbm_lag,16.6868531997337,0.0
ETH-fed(KEN+TZA+UGA),2006,1,exports_gdp,2007,lgbm_typed,16.6868531997337,0.0
ETH-fed(KEN+TZA+UGA),2006,1,exports_gdp,2007,tft,16.6868531997337,0.15422460483172884
ETH-fed(KEN+TZA+UGA),2006,1,exports_gdp,2007,tgcn,16.6868531997337,
ETH-fed(KEN+TZA+UGA),2006,1,exports_gdp,2007,persistence_scarcity,16.6868531997337,0.0
ETH-fed(KEN+TZA+UGA),2006,1,exports_gdp,2007,chronos_scarcity,16.6868531997337,0.0489366347922946
ETH-fed(KEN+TZA+UGA),2006,1,exports_gdp,2007,gnn_scarcity,16.6868531997337,2.1164284085273266e-06
ETH-fed(KEN+TZA+UGA),2006,3,exports_gdp,2009,persistence,16.6868531997337,0.0
ETH-fed(KEN+TZA+UGA),2006,3,exports_gdp,2009,arima,16.6868531997337,0.0
ETH-fed(KEN+TZA+UGA),2006,3,exports_gdp,2009,chronos,16.6868531997337,0.0489366347922946
ETH-fed(KEN+TZA+UGA),2006,3,exports_gdp,2009,xgb_blind,16.6868531997337,2.090797757148266e-07
ETH-fed(KEN+TZA+UGA),2006,3,exports_gdp,2009,xgb_lag,16.6868531997337,0.0
ETH-fed(KEN+TZA+UGA),2006,3,exports_gdp,2009,xgb_typed,16.6868531997337,0.0
ETH-fed(KEN+TZA+UGA),2006,3,exports_gdp,2009,lgbm_blind,16.6868531997337,2.090797757148266e-07
ETH-fed(KEN+TZA+UGA),2006,3,exports_gdp,2009,lgbm_lag,16.6868531997337,0.0
ETH-fed(KEN+TZA+UGA),2006,3,exports_gdp,2009,lgbm_typed,16.6868531997337,0.0
ETH-fed(KEN+TZA+UGA),2006,3,exports_gdp,2009,tft,16.6868531997337,0.1611921493873929
ETH-fed(KEN+TZA+UGA),2006,3,exports_gdp,2009,tgcn,16.6868531997337,
ETH-fed(KEN+TZA+UGA),2006,3,exports_gdp,2009,persistence_scarcity,16.6868531997337,0.0
ETH-fed(KEN+TZA+UGA),2006,3,exports_gdp,2009,chronos_scarcity,16.6868531997337,0.0489366347922946
ETH-fed(KEN+TZA+UGA),2006,3,exports_gdp,2009,gnn_scarcity,16.6868531997337,2.1164284085273266e-06
ETH-fed(KEN+TZA+UGA),2006,5,exports_gdp,2011,persistence,16.6868531997337,0.0
ETH-fed(KEN+TZA+UGA),2006,5,exports_gdp,2011,arima,16.6868531997337,0.0
ETH-fed(KEN+TZA+UGA),2006,5,exports_gdp,2011,chronos,16.6868531997337,0.0489366347922946
ETH-fed(KEN+TZA+UGA),2006,5,exports_gdp,2011,xgb_blind,16.6868531997337,2.090797757148266e-07
ETH-fed(KEN+TZA+UGA),2006,5,exports_gdp,2011,xgb_lag,16.6868531997337,0.0
ETH-fed(KEN+TZA+UGA),2006,5,exports_gdp,2011,xgb_typed,16.6868531997337,0.0
ETH-fed(KEN+TZA+UGA),2006,5,exports_gdp,2011,lgbm_blind,16.6868531997337,2.090797757148266e-07
ETH-fed(KEN+TZA+UGA),2006,5,exports_gdp,2011,lgbm_lag,16.6868531997337,0.0
ETH-fed(KEN+TZA+UGA),2006,5,exports_gdp,2011,lgbm_typed,16.6868531997337,0.0
ETH-fed(KEN+TZA+UGA),2006,5,exports_gdp,2011,tft,16.6868531997337,0.16554471896747103
ETH-fed(KEN+TZA+UGA),2006,5,exports_gdp,2011,tgcn,16.6868531997337,
ETH-fed(KEN+TZA+UGA),2006,5,exports_gdp,2011,persistence_scarcity,16.6868531997337,0.0
ETH-fed(KEN+TZA+UGA),2006,5,exports_gdp,2011,chronos_scarcity,16.6868531997337,0.0489366347922946
ETH-fed(KEN+TZA+UGA),2006,5,exports_gdp,2011,gnn_scarcity,16.6868531997337,2.1164284085273266e-06
ETH-fed(KEN+TZA+UGA),2006,1,imports_gdp,2007,persistence,31.5460822119553,0.0
ETH-fed(KEN+TZA+UGA),2006,1,imports_gdp,2007,arima,31.5460822119553,0.0
ETH-fed(KEN+TZA+UGA),2006,1,imports_gdp,2007,chronos,31.5460822119553,0.09251089237522336
ETH-fed(KEN+TZA+UGA),2006,1,imports_gdp,2007,xgb_blind,31.5460822119553,6.689865514886151e-07
ETH-fed(KEN+TZA+UGA),2006,1,imports_gdp,2007,xgb_lag,31.5460822119553,0.0
ETH-fed(KEN+TZA+UGA),2006,1,imports_gdp,2007,xgb_typed,31.5460822119553,0.0
ETH-fed(KEN+TZA+UGA),2006,1,imports_gdp,2007,lgbm_blind,31.5460822119553,6.689865514886151e-07
ETH-fed(KEN+TZA+UGA),2006,1,imports_gdp,2007,lgbm_lag,31.5460822119553,0.0
ETH-fed(KEN+TZA+UGA),2006,1,imports_gdp,2007,lgbm_typed,31.5460822119553,0.0
ETH-fed(KEN+TZA+UGA),2006,1,imports_gdp,2007,tft,31.5460822119553,0.15422372676540164
ETH-fed(KEN+TZA+UGA),2006,1,imports_gdp,2007,tgcn,31.5460822119553,
ETH-fed(KEN+TZA+UGA),2006,1,imports_gdp,2007,persistence_scarcity,31.5460822119553,0.0
ETH-fed(KEN+TZA+UGA),2006,1,imports_gdp,2007,chronos_scarcity,31.5460822119553,0.09251089237522336
ETH-fed(KEN+TZA+UGA),2006,1,imports_gdp,2007,gnn_scarcity,31.5460822119553,6.689865514886151e-07
ETH-fed(KEN+TZA+UGA),2006,3,imports_gdp,2009,persistence,31.5460822119553,0.0
ETH-fed(KEN+TZA+UGA),2006,3,imports_gdp,2009,arima,31.5460822119553,0.0
ETH-fed(KEN+TZA+UGA),2006,3,imports_gdp,2009,chronos,31.5460822119553,0.09251089237522336
ETH-fed(KEN+TZA+UGA),2006,3,imports_gdp,2009,xgb_blind,31.5460822119553,6.689865514886151e-07
ETH-fed(KEN+TZA+UGA),2006,3,imports_gdp,2009,xgb_lag,31.5460822119553,0.0
ETH-fed(KEN+TZA+UGA),2006,3,imports_gdp,2009,xgb_typed,31.5460822119553,0.0
ETH-fed(KEN+TZA+UGA),2006,3,imports_gdp,2009,lgbm_blind,31.5460822119553,6.689865514886151e-07
ETH-fed(KEN+TZA+UGA),2006,3,imports_gdp,2009,lgbm_lag,31.5460822119553,0.0
ETH-fed(KEN+TZA+UGA),2006,3,imports_gdp,2009,lgbm_typed,31.5460822119553,0.0
ETH-fed(KEN+TZA+UGA),2006,3,imports_gdp,2009,tft,31.5460822119553,0.1611912713210657
ETH-fed(KEN+TZA+UGA),2006,3,imports_gdp,2009,tgcn,31.5460822119553,
ETH-fed(KEN+TZA+UGA),2006,3,imports_gdp,2009,persistence_scarcity,31.5460822119553,0.0
ETH-fed(KEN+TZA+UGA),2006,3,imports_gdp,2009,chronos_scarcity,31.5460822119553,0.09251089237522336
ETH-fed(KEN+TZA+UGA),2006,3,imports_gdp,2009,gnn_scarcity,31.5460822119553,6.689865514886151e-07
ETH-fed(KEN+TZA+UGA),2006,5,imports_gdp,2011,persistence,31.5460822119553,0.0
ETH-fed(KEN+TZA+UGA),2006,5,imports_gdp,2011,arima,31.5460822119553,0.0
ETH-fed(KEN+TZA+UGA),2006,5,imports_gdp,2011,chronos,31.5460822119553,0.09251089237522336
ETH-fed(KEN+TZA+UGA),2006,5,imports_gdp,2011,xgb_blind,31.5460822119553,6.689865514886151e-07
ETH-fed(KEN+TZA+UGA),2006,5,imports_gdp,2011,xgb_lag,31.5460822119553,0.0
ETH-fed(KEN+TZA+UGA),2006,5,imports_gdp,2011,xgb_typed,31.5460822119553,0.0
ETH-fed(KEN+TZA+UGA),2006,5,imports_gdp,2011,lgbm_blind,31.5460822119553,6.689865514886151e-07
ETH-fed(KEN+TZA+UGA),2006,5,imports_gdp,2011,lgbm_lag,31.5460822119553,0.0
ETH-fed(KEN+TZA+UGA),2006,5,imports_gdp,2011,lgbm_typed,31.5460822119553,0.0
ETH-fed(KEN+TZA+UGA),2006,5,imports_gdp,2011,tft,31.5460822119553,0.16554384090114382
ETH-fed(KEN+TZA+UGA),2006,5,imports_gdp,2011,tgcn,31.5460822119553,
ETH-fed(KEN+TZA+UGA),2006,5,imports_gdp,2011,persistence_scarcity,31.5460822119553,0.0
ETH-fed(KEN+TZA+UGA),2006,5,imports_gdp,2011,chronos_scarcity,31.5460822119553,0.09251089237522336
ETH-fed(KEN+TZA+UGA),2006,5,imports_gdp,2011,gnn_scarcity,31.5460822119553,6.689865514886151e-07
ETH-fed(KEN+TZA+UGA),2006,1,current_account,2007,persistence,-4.20144598076542,7.48571457567648
ETH-fed(KEN+TZA+UGA),2006,1,current_account,2007,arima,-4.20144598076542,7.63333503911844
ETH-fed(KEN+TZA+UGA),2006,1,current_account,2007,chronos,-4.20144598076542,4.188670710823936
ETH-fed(KEN+TZA+UGA),2006,1,current_account,2007,xgb_blind,-4.20144598076542,6.787478045723838
ETH-fed(KEN+TZA+UGA),2006,1,current_account,2007,xgb_lag,-4.20144598076542,7.63333503911844
ETH-fed(KEN+TZA+UGA),2006,1,current_account,2007,xgb_typed,-4.20144598076542,7.63333503911844
ETH-fed(KEN+TZA+UGA),2006,1,current_account,2007,lgbm_blind,-4.20144598076542,1.27250913048585
ETH-fed(KEN+TZA+UGA),2006,1,current_account,2007,lgbm_lag,-4.20144598076542,7.63333503911844
ETH-fed(KEN+TZA+UGA),2006,1,current_account,2007,lgbm_typed,-4.20144598076542,7.63333503911844
ETH-fed(KEN+TZA+UGA),2006,1,current_account,2007,tft,-4.20144598076542,6.994102076790733
ETH-fed(KEN+TZA+UGA),2006,1,current_account,2007,tgcn,-4.20144598076542,
ETH-fed(KEN+TZA+UGA),2006,1,current_account,2007,persistence_scarcity,-4.20144598076542,7.48571457567648
ETH-fed(KEN+TZA+UGA),2006,1,current_account,2007,chronos_scarcity,-4.20144598076542,4.188670710823936
ETH-fed(KEN+TZA+UGA),2006,1,current_account,2007,gnn_scarcity,-4.20144598076542,0.7912513453741843
ETH-fed(KEN+TZA+UGA),2006,3,current_account,2009,persistence,-6.75348362103612,4.933676935405779
ETH-fed(KEN+TZA+UGA),2006,3,current_account,2009,arima,-6.75348362103612,5.062003071518061
ETH-fed(KEN+TZA+UGA),2006,3,current_account,2009,chronos,-6.75348362103612,2.1871813215366087
ETH-fed(KEN+TZA+UGA),2006,3,current_account,2009,xgb_blind,-6.75348362103612,1.0279823861965456
ETH-fed(KEN+TZA+UGA),2006,3,current_account,2009,xgb_lag,-6.75348362103612,5.062003071518061
ETH-fed(KEN+TZA+UGA),2006,3,current_account,2009,xgb_typed,-6.75348362103612,5.062003071518061
ETH-fed(KEN+TZA+UGA),2006,3,current_account,2009,lgbm_blind,-6.75348362103612,3.432431001646995
ETH-fed(KEN+TZA+UGA),2006,3,current_account,2009,lgbm_lag,-6.75348362103612,5.062003071518061
ETH-fed(KEN+TZA+UGA),2006,3,current_account,2009,lgbm_typed,-6.75348362103612,5.062003071518061
ETH-fed(KEN+TZA+UGA),2006,3,current_account,2009,tft,-6.75348362103612,4.495340498531751
ETH-fed(KEN+TZA+UGA),2006,3,current_account,2009,tgcn,-6.75348362103612,
ETH-fed(KEN+TZA+UGA),2006,3,current_account,2009,persistence_scarcity,-6.75348362103612,4.933676935405779
ETH-fed(KEN+TZA+UGA),2006,3,current_account,2009,chronos_scarcity,-6.75348362103612,2.1871813215366087
ETH-fed(KEN+TZA+UGA),2006,3,current_account,2009,gnn_scarcity,-6.75348362103612,3.413119641696521
ETH-fed(KEN+TZA+UGA),2006,5,current_account,2011,persistence,-3.30367964138338,8.38348091505852
ETH-fed(KEN+TZA+UGA),2006,5,current_account,2011,arima,-3.30367964138338,8.511345864880688
ETH-fed(KEN+TZA+UGA),2006,5,current_account,2011,chronos,-3.30367964138338,0.14810531963655382
ETH-fed(KEN+TZA+UGA),2006,5,current_account,2011,xgb_blind,-3.30367964138338,7.29666215549162
ETH-fed(KEN+TZA+UGA),2006,5,current_account,2011,xgb_lag,-3.30367964138338,8.511345864880688
ETH-fed(KEN+TZA+UGA),2006,5,current_account,2011,xgb_typed,-3.30367964138338,8.511345864880688
ETH-fed(KEN+TZA+UGA),2006,5,current_account,2011,lgbm_blind,-3.30367964138338,0.6720348583683466
ETH-fed(KEN+TZA+UGA),2006,5,current_account,2011,lgbm_lag,-3.30367964138338,8.511345864880688
ETH-fed(KEN+TZA+UGA),2006,5,current_account,2011,lgbm_typed,-3.30367964138338,8.511345864880688
ETH-fed(KEN+TZA+UGA),2006,5,current_account,2011,tft,-3.30367964138338,7.971791092259198
ETH-fed(KEN+TZA+UGA),2006,5,current_account,2011,tgcn,-3.30367964138338,
ETH-fed(KEN+TZA+UGA),2006,5,current_account,2011,persistence_scarcity,-3.30367964138338,8.38348091505852
ETH-fed(KEN+TZA+UGA),2006,5,current_account,2011,chronos_scarcity,-3.30367964138338,0.14810531963655382
ETH-fed(KEN+TZA+UGA),2006,5,current_account,2011,gnn_scarcity,-3.30367964138338,0.1577923930709657
ETH-fed(KEN+TZA+UGA),2006,1,real_interest_rate,2007,persistence,-8.29255368104718,4.21164475309893
ETH-fed(KEN+TZA+UGA),2006,1,real_interest_rate,2007,arima,-8.29255368104718,4.73170371657562
ETH-fed(KEN+TZA+UGA),2006,1,real_interest_rate,2007,chronos,-8.29255368104718,9.99934579721234
ETH-fed(KEN+TZA+UGA),2006,1,real_interest_rate,2007,xgb_blind,-8.29255368104718,5.264974373491027
ETH-fed(KEN+TZA+UGA),2006,1,real_interest_rate,2007,xgb_lag,-8.29255368104718,4.73170371657562
ETH-fed(KEN+TZA+UGA),2006,1,real_interest_rate,2007,xgb_typed,-8.29255368104718,4.73170371657562
ETH-fed(KEN+TZA+UGA),2006,1,real_interest_rate,2007,lgbm_blind,-8.29255368104718,12.315028335066058
ETH-fed(KEN+TZA+UGA),2006,1,real_interest_rate,2007,lgbm_lag,-8.29255368104718,4.73170371657562
ETH-fed(KEN+TZA+UGA),2006,1,real_interest_rate,2007,lgbm_typed,-8.29255368104718,4.73170371657562
ETH-fed(KEN+TZA+UGA),2006,1,real_interest_rate,2007,tft,-8.29255368104718,4.735926645906188
ETH-fed(KEN+TZA+UGA),2006,1,real_interest_rate,2007,tgcn,-8.29255368104718,
ETH-fed(KEN+TZA+UGA),2006,1,real_interest_rate,2007,persistence_scarcity,-8.29255368104718,4.21164475309893
ETH-fed(KEN+TZA+UGA),2006,1,real_interest_rate,2007,chronos_scarcity,-8.29255368104718,9.99934579721234
ETH-fed(KEN+TZA+UGA),2006,1,real_interest_rate,2007,gnn_scarcity,-8.29255368104718,11.248368281038024
ETH-fed(KEN+TZA+UGA),2006,3,real_interest_rate,2009,persistence,-17.1217762401546,13.040867312206348
ETH-fed(KEN+TZA+UGA),2006,3,real_interest_rate,2009,arima,-17.1217762401546,13.441805236258558
ETH-fed(KEN+TZA+UGA),2006,3,real_interest_rate,2009,chronos,-17.1217762401546,19.397496836468076
ETH-fed(KEN+TZA+UGA),2006,3,real_interest_rate,2009,xgb_blind,-17.1217762401546,20.685293810650204
ETH-fed(KEN+TZA+UGA),2006,3,real_interest_rate,2009,xgb_lag,-17.1217762401546,13.441805236258558
ETH-fed(KEN+TZA+UGA),2006,3,real_interest_rate,2009,xgb_typed,-17.1217762401546,13.441805236258558
ETH-fed(KEN+TZA+UGA),2006,3,real_interest_rate,2009,lgbm_blind,-17.1217762401546,22.969390673238813
ETH-fed(KEN+TZA+UGA),2006,3,real_interest_rate,2009,lgbm_lag,-17.1217762401546,13.441805236258558
ETH-fed(KEN+TZA+UGA),2006,3,real_interest_rate,2009,lgbm_typed,-17.1217762401546,13.441805236258558
ETH-fed(KEN+TZA+UGA),2006,3,real_interest_rate,2009,tft,-17.1217762401546,13.487237828060483
ETH-fed(KEN+TZA+UGA),2006,3,real_interest_rate,2009,tgcn,-17.1217762401546,
ETH-fed(KEN+TZA+UGA),2006,3,real_interest_rate,2009,persistence_scarcity,-17.1217762401546,13.040867312206348
ETH-fed(KEN+TZA+UGA),2006,3,real_interest_rate,2009,chronos_scarcity,-17.1217762401546,19.397496836468076
ETH-fed(KEN+TZA+UGA),2006,3,real_interest_rate,2009,gnn_scarcity,-17.1217762401546,20.211195605083798
ETH-fed(KEN+TZA+UGA),2006,5,real_interest_rate,2011,persistence,-17.1217762401546,13.040867312206348
ETH-fed(KEN+TZA+UGA),2006,5,real_interest_rate,2011,arima,-17.1217762401546,13.426770244291315
ETH-fed(KEN+TZA+UGA),2006,5,real_interest_rate,2011,chronos,-17.1217762401546,19.316222803875302
ETH-fed(KEN+TZA+UGA),2006,5,real_interest_rate,2011,xgb_blind,-17.1217762401546,19.094229715153073
ETH-fed(KEN+TZA+UGA),2006,5,real_interest_rate,2011,xgb_lag,-17.1217762401546,13.426770244291315
ETH-fed(KEN+TZA+UGA),2006,5,real_interest_rate,2011,xgb_typed,-17.1217762401546,13.426770244291315
ETH-fed(KEN+TZA+UGA),2006,5,real_interest_rate,2011,lgbm_blind,-17.1217762401546,22.975061910435056
ETH-fed(KEN+TZA+UGA),2006,5,real_interest_rate,2011,lgbm_lag,-17.1217762401546,13.426770244291315
ETH-fed(KEN+TZA+UGA),2006,5,real_interest_rate,2011,lgbm_typed,-17.1217762401546,13.426770244291315
ETH-fed(KEN+TZA+UGA),2006,5,real_interest_rate,2011,tft,-17.1217762401546,13.447461979671811
ETH-fed(KEN+TZA+UGA),2006,5,real_interest_rate,2011,tgcn,-17.1217762401546,
ETH-fed(KEN+TZA+UGA),2006,5,real_interest_rate,2011,persistence_scarcity,-17.1217762401546,13.040867312206348
ETH-fed(KEN+TZA+UGA),2006,5,real_interest_rate,2011,chronos_scarcity,-17.1217762401546,19.316222803875302
ETH-fed(KEN+TZA+UGA),2006,5,real_interest_rate,2011,gnn_scarcity,-17.1217762401546,19.97948421744952
ETH-fed(KEN+TZA+UGA),2006,1,broad_money,2007,persistence,39.7427532885857,2.7436468855741936
ETH-fed(KEN+TZA+UGA),2006,1,broad_money,2007,arima,39.7427532885857,2.860515369809292
ETH-fed(KEN+TZA+UGA),2006,1,broad_money,2007,chronos,39.7427532885857,2.5469729687385154
ETH-fed(KEN+TZA+UGA),2006,1,broad_money,2007,xgb_blind,39.7427532885857,3.795931556385
ETH-fed(KEN+TZA+UGA),2006,1,broad_money,2007,xgb_lag,39.7427532885857,2.860515369809292
ETH-fed(KEN+TZA+UGA),2006,1,broad_money,2007,xgb_typed,39.7427532885857,2.860515369809292
ETH-fed(KEN+TZA+UGA),2006,1,broad_money,2007,lgbm_blind,39.7427532885857,4.331609628040354
ETH-fed(KEN+TZA+UGA),2006,1,broad_money,2007,lgbm_lag,39.7427532885857,2.860515369809292
ETH-fed(KEN+TZA+UGA),2006,1,broad_money,2007,lgbm_typed,39.7427532885857,2.860515369809292
ETH-fed(KEN+TZA+UGA),2006,1,broad_money,2007,tft,39.7427532885857,3.3615786816291404
ETH-fed(KEN+TZA+UGA),2006,1,broad_money,2007,tgcn,39.7427532885857,
ETH-fed(KEN+TZA+UGA),2006,1,broad_money,2007,persistence_scarcity,39.7427532885857,2.7436468855741936
ETH-fed(KEN+TZA+UGA),2006,1,broad_money,2007,chronos_scarcity,39.7427532885857,2.5469729687385154
ETH-fed(KEN+TZA+UGA),2006,1,broad_money,2007,gnn_scarcity,39.7427532885857,5.5957081530876565
ETH-fed(KEN+TZA+UGA),2006,3,broad_money,2009,persistence,33.9671207502096,8.519279423950294
ETH-fed(KEN+TZA+UGA),2006,3,broad_money,2009,arima,33.9671207502096,8.626523508178948
ETH-fed(KEN+TZA+UGA),2006,3,broad_money,2009,chronos,33.9671207502096,7.425556556919304
ETH-fed(KEN+TZA+UGA),2006,3,broad_money,2009,xgb_blind,33.9671207502096,10.774448768833366
ETH-fed(KEN+TZA+UGA),2006,3,broad_money,2009,xgb_lag,33.9671207502096,8.626523508178948
ETH-fed(KEN+TZA+UGA),2006,3,broad_money,2009,xgb_typed,33.9671207502096,8.626523508178948
ETH-fed(KEN+TZA+UGA),2006,3,broad_money,2009,lgbm_blind,33.9671207502096,2.158441100201948
ETH-fed(KEN+TZA+UGA),2006,3,broad_money,2009,lgbm_lag,33.9671207502096,8.626523508178948
ETH-fed(KEN+TZA+UGA),2006,3,broad_money,2009,lgbm_typed,33.9671207502096,8.626523508178948
ETH-fed(KEN+TZA+UGA),2006,3,broad_money,2009,tft,33.9671207502096,9.587185280063835
ETH-fed(KEN+TZA+UGA),2006,3,broad_money,2009,tgcn,33.9671207502096,
ETH-fed(KEN+TZA+UGA),2006,3,broad_money,2009,persistence_scarcity,33.9671207502096,8.519279423950294
ETH-fed(KEN+TZA+UGA),2006,3,broad_money,2009,chronos_scarcity,33.9671207502096,7.425556556919304
ETH-fed(KEN+TZA+UGA),2006,3,broad_money,2009,gnn_scarcity,33.9671207502096,0.29007376883336633
ETH-fed(KEN+TZA+UGA),2006,5,broad_money,2011,persistence,33.9671207502096,8.519279423950294
ETH-fed(KEN+TZA+UGA),2006,5,broad_money,2011,arima,33.9671207502096,8.62644459119101
ETH-fed(KEN+TZA+UGA),2006,5,broad_money,2011,chronos,33.9671207502096,4.990688698032585
ETH-fed(KEN+TZA+UGA),2006,5,broad_money,2011,xgb_blind,33.9671207502096,8.311077491977898
ETH-fed(KEN+TZA+UGA),2006,5,broad_money,2011,xgb_lag,33.9671207502096,8.62644459119101
ETH-fed(KEN+TZA+UGA),2006,5,broad_money,2011,xgb_typed,33.9671207502096,8.62644459119101
ETH-fed(KEN+TZA+UGA),2006,5,broad_money,2011,lgbm_blind,33.9671207502096,3.334060248274689
ETH-fed(KEN+TZA+UGA),2006,5,broad_money,2011,lgbm_lag,33.9671207502096,8.62644459119101
ETH-fed(KEN+TZA+UGA),2006,5,broad_money,2011,lgbm_typed,33.9671207502096,8.62644459119101
ETH-fed(KEN+TZA+UGA),2006,5,broad_money,2011,tft,33.9671207502096,9.632179634311882
ETH-fed(KEN+TZA+UGA),2006,5,broad_money,2011,tgcn,33.9671207502096,
ETH-fed(KEN+TZA+UGA),2006,5,broad_money,2011,persistence_scarcity,33.9671207502096,8.519279423950294
ETH-fed(KEN+TZA+UGA),2006,5,broad_money,2011,chronos_scarcity,33.9671207502096,4.990688698032585
ETH-fed(KEN+TZA+UGA),2006,5,broad_money,2011,gnn_scarcity,33.9671207502096,0.09903754446813195
ETH-fed(KEN+TZA+UGA),2006,1,private_credit,2007,persistence,18.5250760306452,1.924249035110602
ETH-fed(KEN+TZA+UGA),2006,1,private_credit,2007,arima,18.5250760306452,2.8494216350726873
ETH-fed(KEN+TZA+UGA),2006,1,private_credit,2007,chronos,18.5250760306452,2.467521549310856
ETH-fed(KEN+TZA+UGA),2006,1,private_credit,2007,xgb_blind,18.5250760306452,0.044347644891910676
ETH-fed(KEN+TZA+UGA),2006,1,private_credit,2007,xgb_lag,18.5250760306452,2.8494216350726873
ETH-fed(KEN+TZA+UGA),2006,1,private_credit,2007,xgb_typed,18.5250760306452,2.8494216350726873
ETH-fed(KEN+TZA+UGA),2006,1,private_credit,2007,lgbm_blind,18.5250760306452,5.622456884834595
ETH-fed(KEN+TZA+UGA),2006,1,private_credit,2007,lgbm_lag,18.5250760306452,2.8494216350726873
ETH-fed(KEN+TZA+UGA),2006,1,private_credit,2007,lgbm_typed,18.5250760306452,2.8494216350726873
ETH-fed(KEN+TZA+UGA),2006,1,private_credit,2007,tft,18.5250760306452,4.2240160714055826
ETH-fed(KEN+TZA+UGA),2006,1,private_credit,2007,tgcn,18.5250760306452,
ETH-fed(KEN+TZA+UGA),2006,1,private_credit,2007,persistence_scarcity,18.5250760306452,1.924249035110602
ETH-fed(KEN+TZA+UGA),2006,1,private_credit,2007,chronos_scarcity,18.5250760306452,2.467521549310856
ETH-fed(KEN+TZA+UGA),2006,1,private_credit,2007,gnn_scarcity,18.5250760306452,7.146132587346859
ETH-fed(KEN+TZA+UGA),2006,3,private_credit,2009,persistence,17.7101483486321,2.7391767171237014
ETH-fed(KEN+TZA+UGA),2006,3,private_credit,2009,arima,17.7101483486321,4.520676901519451
ETH-fed(KEN+TZA+UGA),2006,3,private_credit,2009,chronos,17.7101483486321,2.1161875583503225
ETH-fed(KEN+TZA+UGA),2006,3,private_credit,2009,xgb_blind,17.7101483486321,0.7215333126213572
ETH-fed(KEN+TZA+UGA),2006,3,private_credit,2009,xgb_lag,17.7101483486321,4.520676901519451
ETH-fed(KEN+TZA+UGA),2006,3,private_credit,2009,xgb_typed,17.7101483486321,4.520676901519451
ETH-fed(KEN+TZA+UGA),2006,3,private_credit,2009,lgbm_blind,17.7101483486321,3.2150159364028337
ETH-fed(KEN+TZA+UGA),2006,3,private_credit,2009,lgbm_lag,17.7101483486321,4.520676901519451
ETH-fed(KEN+TZA+UGA),2006,3,private_credit,2009,lgbm_typed,17.7101483486321,4.520676901519451
ETH-fed(KEN+TZA+UGA),2006,3,private_credit,2009,tft,17.7101483486321,7.606257901367901
ETH-fed(KEN+TZA+UGA),2006,3,private_credit,2009,tgcn,17.7101483486321,
ETH-fed(KEN+TZA+UGA),2006,3,private_credit,2009,persistence_scarcity,17.7101483486321,2.7391767171237014
ETH-fed(KEN+TZA+UGA),2006,3,private_credit,2009,chronos_scarcity,17.7101483486321,2.1161875583503225
ETH-fed(KEN+TZA+UGA),2006,3,private_credit,2009,gnn_scarcity,17.7101483486321,6.2149138591911814
ETH-fed(KEN+TZA+UGA),2006,5,private_credit,2011,persistence,17.7101483486321,2.7391767171237014
ETH-fed(KEN+TZA+UGA),2006,5,private_credit,2011,arima,17.7101483486321,4.812977485491693
ETH-fed(KEN+TZA+UGA),2006,5,private_credit,2011,chronos,17.7101483486321,0.18738697546458027
ETH-fed(KEN+TZA+UGA),2006,5,private_credit,2011,xgb_blind,17.7101483486321,0.12428234594797871
ETH-fed(KEN+TZA+UGA),2006,5,private_credit,2011,xgb_lag,17.7101483486321,4.812977485491693
ETH-fed(KEN+TZA+UGA),2006,5,private_credit,2011,xgb_typed,17.7101483486321,4.812977485491693
ETH-fed(KEN+TZA+UGA),2006,5,private_credit,2011,lgbm_blind,17.7101483486321,1.493495915554604
ETH-fed(KEN+TZA+UGA),2006,5,private_credit,2011,lgbm_lag,17.7101483486321,4.812977485491693
ETH-fed(KEN+TZA+UGA),2006,5,private_credit,2011,lgbm_typed,17.7101483486321,4.812977485491693
ETH-fed(KEN+TZA+UGA),2006,5,private_credit,2011,tft,17.7101483486321,8.531329617676494
ETH-fed(KEN+TZA+UGA),2006,5,private_credit,2011,tgcn,17.7101483486321,
ETH-fed(KEN+TZA+UGA),2006,5,private_credit,2011,persistence_scarcity,17.7101483486321,2.7391767171237014
ETH-fed(KEN+TZA+UGA),2006,5,private_credit,2011,chronos_scarcity,17.7101483486321,0.18738697546458027
ETH-fed(KEN+TZA+UGA),2006,5,private_credit,2011,gnn_scarcity,17.7101483486321,6.416598810973408
ETH-fed(KEN+TZA+UGA),2006,1,govt_consumption,2007,persistence,10.3182460672537,0.0
ETH-fed(KEN+TZA+UGA),2006,1,govt_consumption,2007,arima,10.3182460672537,0.0
ETH-fed(KEN+TZA+UGA),2006,1,govt_consumption,2007,chronos,10.3182460672537,0.030260265556922405
ETH-fed(KEN+TZA+UGA),2006,1,govt_consumption,2007,xgb_blind,10.3182460672537,1.7949735209299433e-07
ETH-fed(KEN+TZA+UGA),2006,1,govt_consumption,2007,xgb_lag,10.3182460672537,0.0
ETH-fed(KEN+TZA+UGA),2006,1,govt_consumption,2007,xgb_typed,10.3182460672537,0.0
ETH-fed(KEN+TZA+UGA),2006,1,govt_consumption,2007,lgbm_blind,10.3182460672537,1.7949735209299433e-07
ETH-fed(KEN+TZA+UGA),2006,1,govt_consumption,2007,lgbm_lag,10.3182460672537,0.0
ETH-fed(KEN+TZA+UGA),2006,1,govt_consumption,2007,lgbm_typed,10.3182460672537,0.0
ETH-fed(KEN+TZA+UGA),2006,1,govt_consumption,2007,tft,10.3182460672537,0.15422421625460103
ETH-fed(KEN+TZA+UGA),2006,1,govt_consumption,2007,tgcn,10.3182460672537,
ETH-fed(KEN+TZA+UGA),2006,1,govt_consumption,2007,persistence_scarcity,10.3182460672537,0.0
ETH-fed(KEN+TZA+UGA),2006,1,govt_consumption,2007,chronos_scarcity,10.3182460672537,0.030260265556922405
ETH-fed(KEN+TZA+UGA),2006,1,govt_consumption,2007,gnn_scarcity,10.3182460672537,7.741769643132557e-07
ETH-fed(KEN+TZA+UGA),2006,3,govt_consumption,2009,persistence,10.3182460672537,0.0
ETH-fed(KEN+TZA+UGA),2006,3,govt_consumption,2009,arima,10.3182460672537,0.0
ETH-fed(KEN+TZA+UGA),2006,3,govt_consumption,2009,chronos,10.3182460672537,0.030260265556922405
ETH-fed(KEN+TZA+UGA),2006,3,govt_consumption,2009,xgb_blind,10.3182460672537,1.7949735209299433e-07
ETH-fed(KEN+TZA+UGA),2006,3,govt_consumption,2009,xgb_lag,10.3182460672537,0.0
ETH-fed(KEN+TZA+UGA),2006,3,govt_consumption,2009,xgb_typed,10.3182460672537,0.0
ETH-fed(KEN+TZA+UGA),2006,3,govt_consumption,2009,lgbm_blind,10.3182460672537,1.7949735209299433e-07
ETH-fed(KEN+TZA+UGA),2006,3,govt_consumption,2009,lgbm_lag,10.3182460672537,0.0
ETH-fed(KEN+TZA+UGA),2006,3,govt_consumption,2009,lgbm_typed,10.3182460672537,0.0
ETH-fed(KEN+TZA+UGA),2006,3,govt_consumption,2009,tft,10.3182460672537,0.1611917608102651
ETH-fed(KEN+TZA+UGA),2006,3,govt_consumption,2009,tgcn,10.3182460672537,
ETH-fed(KEN+TZA+UGA),2006,3,govt_consumption,2009,persistence_scarcity,10.3182460672537,0.0
ETH-fed(KEN+TZA+UGA),2006,3,govt_consumption,2009,chronos_scarcity,10.3182460672537,0.030260265556922405
ETH-fed(KEN+TZA+UGA),2006,3,govt_consumption,2009,gnn_scarcity,10.3182460672537,7.741769643132557e-07
ETH-fed(KEN+TZA+UGA),2006,5,govt_consumption,2011,persistence,10.3182460672537,0.0
ETH-fed(KEN+TZA+UGA),2006,5,govt_consumption,2011,arima,10.3182460672537,0.0
ETH-fed(KEN+TZA+UGA),2006,5,govt_consumption,2011,chronos,10.3182460672537,0.030260265556922405
ETH-fed(KEN+TZA+UGA),2006,5,govt_consumption,2011,xgb_blind,10.3182460672537,1.7949735209299433e-07
ETH-fed(KEN+TZA+UGA),2006,5,govt_consumption,2011,xgb_lag,10.3182460672537,0.0
ETH-fed(KEN+TZA+UGA),2006,5,govt_consumption,2011,xgb_typed,10.3182460672537,0.0
ETH-fed(KEN+TZA+UGA),2006,5,govt_consumption,2011,lgbm_blind,10.3182460672537,1.7949735209299433e-07
ETH-fed(KEN+TZA+UGA),2006,5,govt_consumption,2011,lgbm_lag,10.3182460672537,0.0
ETH-fed(KEN+TZA+UGA),2006,5,govt_consumption,2011,lgbm_typed,10.3182460672537,0.0
ETH-fed(KEN+TZA+UGA),2006,5,govt_consumption,2011,tft,10.3182460672537,0.16554433039034322
ETH-fed(KEN+TZA+UGA),2006,5,govt_consumption,2011,tgcn,10.3182460672537,
ETH-fed(KEN+TZA+UGA),2006,5,govt_consumption,2011,persistence_scarcity,10.3182460672537,0.0
ETH-fed(KEN+TZA+UGA),2006,5,govt_consumption,2011,chronos_scarcity,10.3182460672537,0.030260265556922405
ETH-fed(KEN+TZA+UGA),2006,5,govt_consumption,2011,gnn_scarcity,10.3182460672537,7.741769643132557e-07
ETH-fed(KEN+TZA+UGA),2007,1,gdp_growth,2008,persistence,10.7885216870332,0.6676453149558998
ETH-fed(KEN+TZA+UGA),2007,1,gdp_growth,2008,arima,10.7885216870332,0.4817120115273976
ETH-fed(KEN+TZA+UGA),2007,1,gdp_growth,2008,chronos,10.7885216870332,0.33790866518261353
ETH-fed(KEN+TZA+UGA),2007,1,gdp_growth,2008,xgb_blind,10.7885216870332,0.5760689578032263
ETH-fed(KEN+TZA+UGA),2007,1,gdp_growth,2008,xgb_lag,10.7885216870332,0.4817120115273976
ETH-fed(KEN+TZA+UGA),2007,1,gdp_growth,2008,xgb_typed,10.7885216870332,0.4817120115273976
ETH-fed(KEN+TZA+UGA),2007,1,gdp_growth,2008,lgbm_blind,10.7885216870332,5.769428145495185
ETH-fed(KEN+TZA+UGA),2007,1,gdp_growth,2008,lgbm_lag,10.7885216870332,0.4817120115273976
ETH-fed(KEN+TZA+UGA),2007,1,gdp_growth,2008,lgbm_typed,10.7885216870332,0.4817120115273976
ETH-fed(KEN+TZA+UGA),2007,1,gdp_growth,2008,tft,10.7885216870332,0.7530613741850622
ETH-fed(KEN+TZA+UGA),2007,1,gdp_growth,2008,tgcn,10.7885216870332,
ETH-fed(KEN+TZA+UGA),2007,1,gdp_growth,2008,persistence_scarcity,10.7885216870332,0.6676453149558998
ETH-fed(KEN+TZA+UGA),2007,1,gdp_growth,2008,chronos_scarcity,10.7885216870332,0.33790866518261353
ETH-fed(KEN+TZA+UGA),2007,1,gdp_growth,2008,gnn_scarcity,10.7885216870332,6.804408232214474
ETH-fed(KEN+TZA+UGA),2007,3,gdp_growth,2010,persistence,12.5505383347633,1.0943713327742
ETH-fed(KEN+TZA+UGA),2007,3,gdp_growth,2010,arima,12.5505383347633,1.2413184433595426
ETH-fed(KEN+TZA+UGA),2007,3,gdp_growth,2010,chronos,12.5505383347633,2.1799023484351743
ETH-fed(KEN+TZA+UGA),2007,3,gdp_growth,2010,xgb_blind,12.5505383347633,1.5020058488013852
ETH-fed(KEN+TZA+UGA),2007,3,gdp_growth,2010,xgb_lag,12.5505383347633,1.2413184433595426
ETH-fed(KEN+TZA+UGA),2007,3,gdp_growth,2010,xgb_typed,12.5505383347633,1.2413184433595426
ETH-fed(KEN+TZA+UGA),2007,3,gdp_growth,2010,lgbm_blind,12.5505383347633,5.808234963333856
ETH-fed(KEN+TZA+UGA),2007,3,gdp_growth,2010,lgbm_lag,12.5505383347633,1.2413184433595426
ETH-fed(KEN+TZA+UGA),2007,3,gdp_growth,2010,lgbm_typed,12.5505383347633,1.2413184433595426
ETH-fed(KEN+TZA+UGA),2007,3,gdp_growth,2010,tft,12.5505383347633,1.0448420380714047
ETH-fed(KEN+TZA+UGA),2007,3,gdp_growth,2010,tgcn,12.5505383347633,
ETH-fed(KEN+TZA+UGA),2007,3,gdp_growth,2010,persistence_scarcity,12.5505383347633,1.0943713327742
ETH-fed(KEN+TZA+UGA),2007,3,gdp_growth,2010,chronos_scarcity,12.5505383347633,2.1799023484351743
ETH-fed(KEN+TZA+UGA),2007,3,gdp_growth,2010,gnn_scarcity,12.5505383347633,8.481086048996698
ETH-fed(KEN+TZA+UGA),2007,5,gdp_growth,2012,persistence,8.64781163513926,2.80835536684984
ETH-fed(KEN+TZA+UGA),2007,5,gdp_growth,2012,arima,8.64781163513926,2.664898267955545
ETH-fed(KEN+TZA+UGA),2007,5,gdp_growth,2012,chronos,8.64781163513926,1.2429487866136704
ETH-fed(KEN+TZA+UGA),2007,5,gdp_growth,2012,xgb_blind,8.64781163513926,2.178621546623436
ETH-fed(KEN+TZA+UGA),2007,5,gdp_growth,2012,xgb_lag,8.64781163513926,2.664898267955545
ETH-fed(KEN+TZA+UGA),2007,5,gdp_growth,2012,xgb_typed,8.64781163513926,2.664898267955545
ETH-fed(KEN+TZA+UGA),2007,5,gdp_growth,2012,lgbm_blind,8.64781163513926,2.1245999175336685
ETH-fed(KEN+TZA+UGA),2007,5,gdp_growth,2012,lgbm_lag,8.64781163513926,2.664898267955545
ETH-fed(KEN+TZA+UGA),2007,5,gdp_growth,2012,lgbm_typed,8.64781163513926,2.664898267955545
ETH-fed(KEN+TZA+UGA),2007,5,gdp_growth,2012,tft,8.64781163513926,2.8496668499681626
ETH-fed(KEN+TZA+UGA),2007,5,gdp_growth,2012,tgcn,8.64781163513926,
ETH-fed(KEN+TZA+UGA),2007,5,gdp_growth,2012,persistence_scarcity,8.64781163513926,2.80835536684984
ETH-fed(KEN+TZA+UGA),2007,5,gdp_growth,2012,chronos_scarcity,8.64781163513926,1.2429487866136704
ETH-fed(KEN+TZA+UGA),2007,5,gdp_growth,2012,gnn_scarcity,8.64781163513926,4.61844037354258
ETH-fed(KEN+TZA+UGA),2007,1,inflation_cpi,2008,persistence,44.3566858766951,27.1162850426054
ETH-fed(KEN+TZA+UGA),2007,1,inflation_cpi,2008,arima,44.3566858766951,29.70817652457648
ETH-fed(KEN+TZA+UGA),2007,1,inflation_cpi,2008,chronos,44.3566858766951,32.23041462883133
ETH-fed(KEN+TZA+UGA),2007,1,inflation_cpi,2008,xgb_blind,44.3566858766951,28.246736764756626
ETH-fed(KEN+TZA+UGA),2007,1,inflation_cpi,2008,xgb_lag,44.3566858766951,29.70817652457648
ETH-fed(KEN+TZA+UGA),2007,1,inflation_cpi,2008,xgb_typed,44.3566858766951,29.70817652457648
ETH-fed(KEN+TZA+UGA),2007,1,inflation_cpi,2008,lgbm_blind,44.3566858766951,37.311548471299595
ETH-fed(KEN+TZA+UGA),2007,1,inflation_cpi,2008,lgbm_lag,44.3566858766951,29.70817652457648
ETH-fed(KEN+TZA+UGA),2007,1,inflation_cpi,2008,lgbm_typed,44.3566858766951,29.70817652457648
ETH-fed(KEN+TZA+UGA),2007,1,inflation_cpi,2008,tft,44.3566858766951,24.690901040879673
ETH-fed(KEN+TZA+UGA),2007,1,inflation_cpi,2008,tgcn,44.3566858766951,
ETH-fed(KEN+TZA+UGA),2007,1,inflation_cpi,2008,persistence_scarcity,44.3566858766951,27.1162850426054
ETH-fed(KEN+TZA+UGA),2007,1,inflation_cpi,2008,chronos_scarcity,44.3566858766951,32.23041462883133
ETH-fed(KEN+TZA+UGA),2007,1,inflation_cpi,2008,gnn_scarcity,44.3566858766951,38.72010397895951
ETH-fed(KEN+TZA+UGA),2007,3,inflation_cpi,2010,persistence,8.14926402965082,9.091136804438882
ETH-fed(KEN+TZA+UGA),2007,3,inflation_cpi,2010,arima,8.14926402965082,7.1456527156030685
ETH-fed(KEN+TZA+UGA),2007,3,inflation_cpi,2010,chronos,8.14926402965082,3.3964951713989855
ETH-fed(KEN+TZA+UGA),2007,3,inflation_cpi,2010,xgb_blind,8.14926402965082,5.6639512260864855
ETH-fed(KEN+TZA+UGA),2007,3,inflation_cpi,2010,xgb_lag,8.14926402965082,7.1456527156030685
ETH-fed(KEN+TZA+UGA),2007,3,inflation_cpi,2010,xgb_typed,8.14926402965082,7.1456527156030685
ETH-fed(KEN+TZA+UGA),2007,3,inflation_cpi,2010,lgbm_blind,8.14926402965082,3.2481111645588596
ETH-fed(KEN+TZA+UGA),2007,3,inflation_cpi,2010,lgbm_lag,8.14926402965082,7.1456527156030685
ETH-fed(KEN+TZA+UGA),2007,3,inflation_cpi,2010,lgbm_typed,8.14926402965082,7.1456527156030685
ETH-fed(KEN+TZA+UGA),2007,3,inflation_cpi,2010,tft,8.14926402965082,19.210088082165587
ETH-fed(KEN+TZA+UGA),2007,3,inflation_cpi,2010,tgcn,8.14926402965082,
ETH-fed(KEN+TZA+UGA),2007,3,inflation_cpi,2010,persistence_scarcity,8.14926402965082,9.091136804438882
ETH-fed(KEN+TZA+UGA),2007,3,inflation_cpi,2010,chronos_scarcity,8.14926402965082,3.3964951713989855
ETH-fed(KEN+TZA+UGA),2007,3,inflation_cpi,2010,gnn_scarcity,8.14926402965082,2.3901283065368055
ETH-fed(KEN+TZA+UGA),2007,5,inflation_cpi,2012,persistence,23.600417677317,6.360016843227299
ETH-fed(KEN+TZA+UGA),2007,5,inflation_cpi,2012,arima,23.600417677317,8.127622413254898
ETH-fed(KEN+TZA+UGA),2007,5,inflation_cpi,2012,chronos,23.600417677317,12.828675810251571
ETH-fed(KEN+TZA+UGA),2007,5,inflation_cpi,2012,xgb_blind,23.600417677317,13.923410002146102
ETH-fed(KEN+TZA+UGA),2007,5,inflation_cpi,2012,xgb_lag,23.600417677317,8.127622413254898
ETH-fed(KEN+TZA+UGA),2007,5,inflation_cpi,2012,xgb_typed,23.600417677317,8.127622413254898
ETH-fed(KEN+TZA+UGA),2007,5,inflation_cpi,2012,lgbm_blind,23.600417677317,18.801929133733204
ETH-fed(KEN+TZA+UGA),2007,5,inflation_cpi,2012,lgbm_lag,23.600417677317,8.127622413254898
ETH-fed(KEN+TZA+UGA),2007,5,inflation_cpi,2012,lgbm_typed,23.600417677317,8.127622413254898
ETH-fed(KEN+TZA+UGA),2007,5,inflation_cpi,2012,tft,23.600417677317,8.025581773366593
ETH-fed(KEN+TZA+UGA),2007,5,inflation_cpi,2012,tgcn,23.600417677317,
ETH-fed(KEN+TZA+UGA),2007,5,inflation_cpi,2012,persistence_scarcity,23.600417677317,6.360016843227299
ETH-fed(KEN+TZA+UGA),2007,5,inflation_cpi,2012,chronos_scarcity,23.600417677317,12.828675810251571
ETH-fed(KEN+TZA+UGA),2007,5,inflation_cpi,2012,gnn_scarcity,23.600417677317,17.898841444406845
ETH-fed(KEN+TZA+UGA),2007,1,unemployment,2008,persistence,2.326,0.01100000000000012
ETH-fed(KEN+TZA+UGA),2007,1,unemployment,2008,arima,2.326,0.01100000000000012
ETH-fed(KEN+TZA+UGA),2007,1,unemployment,2008,chronos,2.326,0.04074814414978034
ETH-fed(KEN+TZA+UGA),2007,1,unemployment,2008,xgb_blind,2.326,0.17314360046386712
ETH-fed(KEN+TZA+UGA),2007,1,unemployment,2008,xgb_lag,2.326,0.01100000000000012
ETH-fed(KEN+TZA+UGA),2007,1,unemployment,2008,xgb_typed,2.326,0.01100000000000012
ETH-fed(KEN+TZA+UGA),2007,1,unemployment,2008,lgbm_blind,2.326,0.7485882146498737
ETH-fed(KEN+TZA+UGA),2007,1,unemployment,2008,lgbm_lag,2.326,0.01100000000000012
ETH-fed(KEN+TZA+UGA),2007,1,unemployment,2008,lgbm_typed,2.326,0.01100000000000012
ETH-fed(KEN+TZA+UGA),2007,1,unemployment,2008,tft,2.326,0.03508851432800286
ETH-fed(KEN+TZA+UGA),2007,1,unemployment,2008,tgcn,2.326,
ETH-fed(KEN+TZA+UGA),2007,1,unemployment,2008,persistence_scarcity,2.326,0.01100000000000012
ETH-fed(KEN+TZA+UGA),2007,1,unemployment,2008,chronos_scarcity,2.326,0.04074814414978034
ETH-fed(KEN+TZA+UGA),2007,1,unemployment,2008,gnn_scarcity,2.326,0.7094304313659667
ETH-fed(KEN+TZA+UGA),2007,3,unemployment,2010,persistence,2.295,0.04200000000000026
ETH-fed(KEN+TZA+UGA),2007,3,unemployment,2010,arima,2.295,0.04200000000000026
ETH-fed(KEN+TZA+UGA),2007,3,unemployment,2010,chronos,2.295,0.11469705581665046
ETH-fed(KEN+TZA+UGA),2007,3,unemployment,2010,xgb_blind,2.295,0.07949693679809577
ETH-fed(KEN+TZA+UGA),2007,3,unemployment,2010,xgb_lag,2.295,0.04200000000000026
ETH-fed(KEN+TZA+UGA),2007,3,unemployment,2010,xgb_typed,2.295,0.04200000000000026
ETH-fed(KEN+TZA+UGA),2007,3,unemployment,2010,lgbm_blind,2.295,0.7428666559855146
ETH-fed(KEN+TZA+UGA),2007,3,unemployment,2010,lgbm_lag,2.295,0.04200000000000026
ETH-fed(KEN+TZA+UGA),2007,3,unemployment,2010,lgbm_typed,2.295,0.04200000000000026
ETH-fed(KEN+TZA+UGA),2007,3,unemployment,2010,tft,2.295,0.05530364990234382
ETH-fed(KEN+TZA+UGA),2007,3,unemployment,2010,tgcn,2.295,
ETH-fed(KEN+TZA+UGA),2007,3,unemployment,2010,persistence_scarcity,2.295,0.04200000000000026
ETH-fed(KEN+TZA+UGA),2007,3,unemployment,2010,chronos_scarcity,2.295,0.11469705581665046
ETH-fed(KEN+TZA+UGA),2007,3,unemployment,2010,gnn_scarcity,2.295,0.7452061939239503
ETH-fed(KEN+TZA+UGA),2007,5,unemployment,2012,persistence,2.252,0.08500000000000041
ETH-fed(KEN+TZA+UGA),2007,5,unemployment,2012,arima,2.252,0.08500000000000041
ETH-fed(KEN+TZA+UGA),2007,5,unemployment,2012,chronos,2.252,0.41789803314209006
ETH-fed(KEN+TZA+UGA),2007,5,unemployment,2012,xgb_blind,2.252,0.5637491683959963
ETH-fed(KEN+TZA+UGA),2007,5,unemployment,2012,xgb_lag,2.252,0.08500000000000041
ETH-fed(KEN+TZA+UGA),2007,5,unemployment,2012,xgb_typed,2.252,0.08500000000000041
ETH-fed(KEN+TZA+UGA),2007,5,unemployment,2012,lgbm_blind,2.252,0.7646153724376976
ETH-fed(KEN+TZA+UGA),2007,5,unemployment,2012,lgbm_lag,2.252,0.08500000000000041
ETH-fed(KEN+TZA+UGA),2007,5,unemployment,2012,lgbm_typed,2.252,0.08500000000000041
ETH-fed(KEN+TZA+UGA),2007,5,unemployment,2012,tft,2.252,0.09643659400939963
ETH-fed(KEN+TZA+UGA),2007,5,unemployment,2012,tgcn,2.252,
ETH-fed(KEN+TZA+UGA),2007,5,unemployment,2012,persistence_scarcity,2.252,0.08500000000000041
ETH-fed(KEN+TZA+UGA),2007,5,unemployment,2012,chronos_scarcity,2.252,0.41789803314209006
ETH-fed(KEN+TZA+UGA),2007,5,unemployment,2012,gnn_scarcity,2.252,0.7859631519317629
ETH-fed(KEN+TZA+UGA),2007,1,exports_gdp,2008,persistence,16.6868531997337,0.0
ETH-fed(KEN+TZA+UGA),2007,1,exports_gdp,2008,arima,16.6868531997337,0.0
ETH-fed(KEN+TZA+UGA),2007,1,exports_gdp,2008,chronos,16.6868531997337,0.048934727443661785
ETH-fed(KEN+TZA+UGA),2007,1,exports_gdp,2008,xgb_blind,16.6868531997337,2.090797757148266e-07
ETH-fed(KEN+TZA+UGA),2007,1,exports_gdp,2008,xgb_lag,16.6868531997337,0.0
ETH-fed(KEN+TZA+UGA),2007,1,exports_gdp,2008,xgb_typed,16.6868531997337,0.0
ETH-fed(KEN+TZA+UGA),2007,1,exports_gdp,2008,lgbm_blind,16.6868531997337,2.090797757148266e-07
ETH-fed(KEN+TZA+UGA),2007,1,exports_gdp,2008,lgbm_lag,16.6868531997337,0.0
ETH-fed(KEN+TZA+UGA),2007,1,exports_gdp,2008,lgbm_typed,16.6868531997337,0.0
ETH-fed(KEN+TZA+UGA),2007,1,exports_gdp,2008,tft,16.6868531997337,0.053131312595400715
ETH-fed(KEN+TZA+UGA),2007,1,exports_gdp,2008,tgcn,16.6868531997337,
ETH-fed(KEN+TZA+UGA),2007,1,exports_gdp,2008,persistence_scarcity,16.6868531997337,0.0
ETH-fed(KEN+TZA+UGA),2007,1,exports_gdp,2008,chronos_scarcity,16.6868531997337,0.048934727443661785
ETH-fed(KEN+TZA+UGA),2007,1,exports_gdp,2008,gnn_scarcity,16.6868531997337,2.1164284085273266e-06
ETH-fed(KEN+TZA+UGA),2007,3,exports_gdp,2010,persistence,16.6868531997337,0.0
ETH-fed(KEN+TZA+UGA),2007,3,exports_gdp,2010,arima,16.6868531997337,0.0
ETH-fed(KEN+TZA+UGA),2007,3,exports_gdp,2010,chronos,16.6868531997337,0.048934727443661785
ETH-fed(KEN+TZA+UGA),2007,3,exports_gdp,2010,xgb_blind,16.6868531997337,2.090797757148266e-07
ETH-fed(KEN+TZA+UGA),2007,3,exports_gdp,2010,xgb_lag,16.6868531997337,0.0
ETH-fed(KEN+TZA+UGA),2007,3,exports_gdp,2010,xgb_typed,16.6868531997337,0.0
ETH-fed(KEN+TZA+UGA),2007,3,exports_gdp,2010,lgbm_blind,16.6868531997337,2.090797757148266e-07
ETH-fed(KEN+TZA+UGA),2007,3,exports_gdp,2010,lgbm_lag,16.6868531997337,0.0
ETH-fed(KEN+TZA+UGA),2007,3,exports_gdp,2010,lgbm_typed,16.6868531997337,0.0
ETH-fed(KEN+TZA+UGA),2007,3,exports_gdp,2010,tft,16.6868531997337,0.048774928318056965
ETH-fed(KEN+TZA+UGA),2007,3,exports_gdp,2010,tgcn,16.6868531997337,
ETH-fed(KEN+TZA+UGA),2007,3,exports_gdp,2010,persistence_scarcity,16.6868531997337,0.0
ETH-fed(KEN+TZA+UGA),2007,3,exports_gdp,2010,chronos_scarcity,16.6868531997337,0.048934727443661785
ETH-fed(KEN+TZA+UGA),2007,3,exports_gdp,2010,gnn_scarcity,16.6868531997337,2.1164284085273266e-06
ETH-fed(KEN+TZA+UGA),2007,5,exports_gdp,2012,persistence,13.7672981990263,2.919555000707401
ETH-fed(KEN+TZA+UGA),2007,5,exports_gdp,2012,arima,13.7672981990263,2.919555000707401
ETH-fed(KEN+TZA+UGA),2007,5,exports_gdp,2012,chronos,13.7672981990263,2.8706202732637394
ETH-fed(KEN+TZA+UGA),2007,5,exports_gdp,2012,xgb_blind,13.7672981990263,2.919555209787177
ETH-fed(KEN+TZA+UGA),2007,5,exports_gdp,2012,xgb_lag,13.7672981990263,2.919555000707401
ETH-fed(KEN+TZA+UGA),2007,5,exports_gdp,2012,xgb_typed,13.7672981990263,2.919555000707401
ETH-fed(KEN+TZA+UGA),2007,5,exports_gdp,2012,lgbm_blind,13.7672981990263,2.919555209787177
ETH-fed(KEN+TZA+UGA),2007,5,exports_gdp,2012,lgbm_lag,13.7672981990263,2.919555000707401
ETH-fed(KEN+TZA+UGA),2007,5,exports_gdp,2012,lgbm_typed,13.7672981990263,2.919555000707401
ETH-fed(KEN+TZA+UGA),2007,5,exports_gdp,2012,tft,13.7672981990263,2.972531818063544
ETH-fed(KEN+TZA+UGA),2007,5,exports_gdp,2012,tgcn,13.7672981990263,
ETH-fed(KEN+TZA+UGA),2007,5,exports_gdp,2012,persistence_scarcity,13.7672981990263,2.919555000707401
ETH-fed(KEN+TZA+UGA),2007,5,exports_gdp,2012,chronos_scarcity,13.7672981990263,2.8706202732637394
ETH-fed(KEN+TZA+UGA),2007,5,exports_gdp,2012,gnn_scarcity,13.7672981990263,2.9195571171358097
ETH-fed(KEN+TZA+UGA),2007,1,imports_gdp,2008,persistence,31.5460822119553,0.0
ETH-fed(KEN+TZA+UGA),2007,1,imports_gdp,2008,arima,31.5460822119553,0.0
ETH-fed(KEN+TZA+UGA),2007,1,imports_gdp,2008,chronos,31.5460822119553,0.09251089237522336
ETH-fed(KEN+TZA+UGA),2007,1,imports_gdp,2008,xgb_blind,31.5460822119553,6.689865514886151e-07
ETH-fed(KEN+TZA+UGA),2007,1,imports_gdp,2008,xgb_lag,31.5460822119553,0.0
ETH-fed(KEN+TZA+UGA),2007,1,imports_gdp,2008,xgb_typed,31.5460822119553,0.0
ETH-fed(KEN+TZA+UGA),2007,1,imports_gdp,2008,lgbm_blind,31.5460822119553,6.689865514886151e-07
ETH-fed(KEN+TZA+UGA),2007,1,imports_gdp,2008,lgbm_lag,31.5460822119553,0.0
ETH-fed(KEN+TZA+UGA),2007,1,imports_gdp,2008,lgbm_typed,31.5460822119553,0.0
ETH-fed(KEN+TZA+UGA),2007,1,imports_gdp,2008,tft,31.5460822119553,0.05313043452907351
ETH-fed(KEN+TZA+UGA),2007,1,imports_gdp,2008,tgcn,31.5460822119553,
ETH-fed(KEN+TZA+UGA),2007,1,imports_gdp,2008,persistence_scarcity,31.5460822119553,0.0
ETH-fed(KEN+TZA+UGA),2007,1,imports_gdp,2008,chronos_scarcity,31.5460822119553,0.09251089237522336
ETH-fed(KEN+TZA+UGA),2007,1,imports_gdp,2008,gnn_scarcity,31.5460822119553,6.689865514886151e-07
ETH-fed(KEN+TZA+UGA),2007,3,imports_gdp,2010,persistence,31.5460822119553,0.0
ETH-fed(KEN+TZA+UGA),2007,3,imports_gdp,2010,arima,31.5460822119553,0.0
ETH-fed(KEN+TZA+UGA),2007,3,imports_gdp,2010,chronos,31.5460822119553,0.09251089237522336
ETH-fed(KEN+TZA+UGA),2007,3,imports_gdp,2010,xgb_blind,31.5460822119553,6.689865514886151e-07
ETH-fed(KEN+TZA+UGA),2007,3,imports_gdp,2010,xgb_lag,31.5460822119553,0.0
ETH-fed(KEN+TZA+UGA),2007,3,imports_gdp,2010,xgb_typed,31.5460822119553,0.0
ETH-fed(KEN+TZA+UGA),2007,3,imports_gdp,2010,lgbm_blind,31.5460822119553,6.689865514886151e-07
ETH-fed(KEN+TZA+UGA),2007,3,imports_gdp,2010,lgbm_lag,31.5460822119553,0.0
ETH-fed(KEN+TZA+UGA),2007,3,imports_gdp,2010,lgbm_typed,31.5460822119553,0.0
ETH-fed(KEN+TZA+UGA),2007,3,imports_gdp,2010,tft,31.5460822119553,0.04877405025172976
ETH-fed(KEN+TZA+UGA),2007,3,imports_gdp,2010,tgcn,31.5460822119553,
ETH-fed(KEN+TZA+UGA),2007,3,imports_gdp,2010,persistence_scarcity,31.5460822119553,0.0
ETH-fed(KEN+TZA+UGA),2007,3,imports_gdp,2010,chronos_scarcity,31.5460822119553,0.09251089237522336
ETH-fed(KEN+TZA+UGA),2007,3,imports_gdp,2010,gnn_scarcity,31.5460822119553,6.689865514886151e-07
ETH-fed(KEN+TZA+UGA),2007,5,imports_gdp,2012,persistence,31.630605984481,0.08452377252569931
ETH-fed(KEN+TZA+UGA),2007,5,imports_gdp,2012,arima,31.630605984481,0.08452377252569931
ETH-fed(KEN+TZA+UGA),2007,5,imports_gdp,2012,chronos,31.630605984481,0.17703466490092268
ETH-fed(KEN+TZA+UGA),2007,5,imports_gdp,2012,xgb_blind,31.630605984481,0.0845244415122508
ETH-fed(KEN+TZA+UGA),2007,5,imports_gdp,2012,xgb_lag,31.630605984481,0.08452377252569931
ETH-fed(KEN+TZA+UGA),2007,5,imports_gdp,2012,xgb_typed,31.630605984481,0.08452377252569931
ETH-fed(KEN+TZA+UGA),2007,5,imports_gdp,2012,lgbm_blind,31.630605984481,0.0845244415122508
ETH-fed(KEN+TZA+UGA),2007,5,imports_gdp,2012,lgbm_lag,31.630605984481,0.08452377252569931
ETH-fed(KEN+TZA+UGA),2007,5,imports_gdp,2012,lgbm_typed,31.630605984481,0.08452377252569931
ETH-fed(KEN+TZA+UGA),2007,5,imports_gdp,2012,tft,31.630605984481,0.031547833235883616
ETH-fed(KEN+TZA+UGA),2007,5,imports_gdp,2012,tgcn,31.630605984481,
ETH-fed(KEN+TZA+UGA),2007,5,imports_gdp,2012,persistence_scarcity,31.630605984481,0.08452377252569931
ETH-fed(KEN+TZA+UGA),2007,5,imports_gdp,2012,chronos_scarcity,31.630605984481,0.17703466490092268
ETH-fed(KEN+TZA+UGA),2007,5,imports_gdp,2012,gnn_scarcity,31.630605984481,0.0845244415122508
ETH-fed(KEN+TZA+UGA),2007,1,current_account,2008,persistence,-6.67139557726763,2.46994959650221
ETH-fed(KEN+TZA+UGA),2007,1,current_account,2008,arima,-6.67139557726763,1.6482843056925356
ETH-fed(KEN+TZA+UGA),2007,1,current_account,2008,chronos,-6.67139557726763,4.200436867550833
ETH-fed(KEN+TZA+UGA),2007,1,current_account,2008,xgb_blind,-6.67139557726763,2.221727169827444
ETH-fed(KEN+TZA+UGA),2007,1,current_account,2008,xgb_lag,-6.67139557726763,1.6482843056925356
ETH-fed(KEN+TZA+UGA),2007,1,current_account,2008,xgb_typed,-6.67139557726763,1.6482843056925356
ETH-fed(KEN+TZA+UGA),2007,1,current_account,2008,lgbm_blind,-6.67139557726763,3.6676052442770954
ETH-fed(KEN+TZA+UGA),2007,1,current_account,2008,lgbm_lag,-6.67139557726763,1.6482843056925356
ETH-fed(KEN+TZA+UGA),2007,1,current_account,2008,lgbm_typed,-6.67139557726763,1.6482843056925356
ETH-fed(KEN+TZA+UGA),2007,1,current_account,2008,tft,-6.67139557726763,3.2303040397920437
ETH-fed(KEN+TZA+UGA),2007,1,current_account,2008,tgcn,-6.67139557726763,
ETH-fed(KEN+TZA+UGA),2007,1,current_account,2008,persistence_scarcity,-6.67139557726763,2.46994959650221
ETH-fed(KEN+TZA+UGA),2007,1,current_account,2008,chronos_scarcity,-6.67139557726763,4.200436867550833
ETH-fed(KEN+TZA+UGA),2007,1,current_account,2008,gnn_scarcity,-6.67139557726763,3.1619186771669217
ETH-fed(KEN+TZA+UGA),2007,3,current_account,2010,persistence,-2.1222608717343,2.0791851090311195
ETH-fed(KEN+TZA+UGA),2007,3,current_account,2010,arima,-2.1222608717343,2.8205603816948375
ETH-fed(KEN+TZA+UGA),2007,3,current_account,2010,chronos,-2.1222608717343,0.6045661600491194
ETH-fed(KEN+TZA+UGA),2007,3,current_account,2010,xgb_blind,-2.1222608717343,3.8984004823306413
ETH-fed(KEN+TZA+UGA),2007,3,current_account,2010,xgb_lag,-2.1222608717343,2.8205603816948375
ETH-fed(KEN+TZA+UGA),2007,3,current_account,2010,xgb_typed,-2.1222608717343,2.8205603816948375
ETH-fed(KEN+TZA+UGA),2007,3,current_account,2010,lgbm_blind,-2.1222608717343,1.2574846434532811
ETH-fed(KEN+TZA+UGA),2007,3,current_account,2010,lgbm_lag,-2.1222608717343,2.8205603816948375
ETH-fed(KEN+TZA+UGA),2007,3,current_account,2010,lgbm_typed,-2.1222608717343,2.8205603816948375
ETH-fed(KEN+TZA+UGA),2007,3,current_account,2010,tft,-2.1222608717343,0.30917757431062176
ETH-fed(KEN+TZA+UGA),2007,3,current_account,2010,tgcn,-2.1222608717343,
ETH-fed(KEN+TZA+UGA),2007,3,current_account,2010,persistence_scarcity,-2.1222608717343,2.0791851090311195
ETH-fed(KEN+TZA+UGA),2007,3,current_account,2010,chronos_scarcity,-2.1222608717343,0.6045661600491194
ETH-fed(KEN+TZA+UGA),2007,3,current_account,2010,gnn_scarcity,-2.1222608717343,1.3362747994998307
ETH-fed(KEN+TZA+UGA),2007,5,current_account,2012,persistence,-7.1067486808021,2.90530270003668
ETH-fed(KEN+TZA+UGA),2007,5,current_account,2012,arima,-7.1067486808021,2.1648947802148015
ETH-fed(KEN+TZA+UGA),2007,5,current_account,2012,chronos,-7.1067486808021,5.589053969116919
ETH-fed(KEN+TZA+UGA),2007,5,current_account,2012,xgb_blind,-7.1067486808021,2.949874778060205
ETH-fed(KEN+TZA+UGA),2007,5,current_account,2012,xgb_lag,-7.1067486808021,2.1648947802148015
ETH-fed(KEN+TZA+UGA),2007,5,current_account,2012,xgb_typed,-7.1067486808021,2.1648947802148015
ETH-fed(KEN+TZA+UGA),2007,5,current_account,2012,lgbm_blind,-7.1067486808021,3.11367021515697
ETH-fed(KEN+TZA+UGA),2007,5,current_account,2012,lgbm_lag,-7.1067486808021,2.1648947802148015
ETH-fed(KEN+TZA+UGA),2007,5,current_account,2012,lgbm_typed,-7.1067486808021,2.1648947802148015
ETH-fed(KEN+TZA+UGA),2007,5,current_account,2012,tft,-7.1067486808021,4.667906861038916
ETH-fed(KEN+TZA+UGA),2007,5,current_account,2012,tgcn,-7.1067486808021,
ETH-fed(KEN+TZA+UGA),2007,5,current_account,2012,persistence_scarcity,-7.1067486808021,2.90530270003668
ETH-fed(KEN+TZA+UGA),2007,5,current_account,2012,chronos_scarcity,-7.1067486808021,5.589053969116919
ETH-fed(KEN+TZA+UGA),2007,5,current_account,2012,gnn_scarcity,-7.1067486808021,3.624287705155127
ETH-fed(KEN+TZA+UGA),2007,1,real_interest_rate,2008,persistence,-17.1217762401546,8.82922255910742
ETH-fed(KEN+TZA+UGA),2007,1,real_interest_rate,2008,arima,-17.1217762401546,10.304328752518447
ETH-fed(KEN+TZA+UGA),2007,1,real_interest_rate,2008,chronos,-17.1217762401546,16.65808968453059
ETH-fed(KEN+TZA+UGA),2007,1,real_interest_rate,2008,xgb_blind,-17.1217762401546,12.292555468365048
ETH-fed(KEN+TZA+UGA),2007,1,real_interest_rate,2008,xgb_lag,-17.1217762401546,10.304328752518447
ETH-fed(KEN+TZA+UGA),2007,1,real_interest_rate,2008,xgb_typed,-17.1217762401546,10.304328752518447
ETH-fed(KEN+TZA+UGA),2007,1,real_interest_rate,2008,lgbm_blind,-17.1217762401546,20.41983744972105
ETH-fed(KEN+TZA+UGA),2007,1,real_interest_rate,2008,lgbm_lag,-17.1217762401546,10.304328752518447
ETH-fed(KEN+TZA+UGA),2007,1,real_interest_rate,2008,lgbm_typed,-17.1217762401546,10.304328752518447
ETH-fed(KEN+TZA+UGA),2007,1,real_interest_rate,2008,tft,-17.1217762401546,11.03326429633746
ETH-fed(KEN+TZA+UGA),2007,1,real_interest_rate,2008,tgcn,-17.1217762401546,
ETH-fed(KEN+TZA+UGA),2007,1,real_interest_rate,2008,persistence_scarcity,-17.1217762401546,8.82922255910742
ETH-fed(KEN+TZA+UGA),2007,1,real_interest_rate,2008,chronos_scarcity,-17.1217762401546,16.65808968453059
ETH-fed(KEN+TZA+UGA),2007,1,real_interest_rate,2008,gnn_scarcity,-17.1217762401546,19.282501595302914
ETH-fed(KEN+TZA+UGA),2007,3,real_interest_rate,2010,persistence,-17.1217762401546,8.82922255910742
ETH-fed(KEN+TZA+UGA),2007,3,real_interest_rate,2010,arima,-17.1217762401546,9.968633900555169
ETH-fed(KEN+TZA+UGA),2007,3,real_interest_rate,2010,chronos,-17.1217762401546,18.321901576801633
ETH-fed(KEN+TZA+UGA),2007,3,real_interest_rate,2010,xgb_blind,-17.1217762401546,15.515733139797543
ETH-fed(KEN+TZA+UGA),2007,3,real_interest_rate,2010,xgb_lag,-17.1217762401546,9.968633900555169
ETH-fed(KEN+TZA+UGA),2007,3,real_interest_rate,2010,xgb_typed,-17.1217762401546,9.968633900555169
ETH-fed(KEN+TZA+UGA),2007,3,real_interest_rate,2010,lgbm_blind,-17.1217762401546,22.026712784255043
ETH-fed(KEN+TZA+UGA),2007,3,real_interest_rate,2010,lgbm_lag,-17.1217762401546,9.968633900555169
ETH-fed(KEN+TZA+UGA),2007,3,real_interest_rate,2010,lgbm_typed,-17.1217762401546,9.968633900555169
ETH-fed(KEN+TZA+UGA),2007,3,real_interest_rate,2010,tft,-17.1217762401546,11.899902956768369
ETH-fed(KEN+TZA+UGA),2007,3,real_interest_rate,2010,tgcn,-17.1217762401546,
ETH-fed(KEN+TZA+UGA),2007,3,real_interest_rate,2010,persistence_scarcity,-17.1217762401546,8.82922255910742
ETH-fed(KEN+TZA+UGA),2007,3,real_interest_rate,2010,chronos_scarcity,-17.1217762401546,18.321901576801633
ETH-fed(KEN+TZA+UGA),2007,3,real_interest_rate,2010,gnn_scarcity,-17.1217762401546,19.386014359279965
ETH-fed(KEN+TZA+UGA),2007,5,real_interest_rate,2012,persistence,-17.1217762401546,8.82922255910742
ETH-fed(KEN+TZA+UGA),2007,5,real_interest_rate,2012,arima,-17.1217762401546,9.927453763247875
ETH-fed(KEN+TZA+UGA),2007,5,real_interest_rate,2012,chronos,-17.1217762401546,18.158251660152768
ETH-fed(KEN+TZA+UGA),2007,5,real_interest_rate,2012,xgb_blind,-17.1217762401546,18.451157467647885
ETH-fed(KEN+TZA+UGA),2007,5,real_interest_rate,2012,xgb_lag,-17.1217762401546,9.927453763247875
ETH-fed(KEN+TZA+UGA),2007,5,real_interest_rate,2012,xgb_typed,-17.1217762401546,9.927453763247875
ETH-fed(KEN+TZA+UGA),2007,5,real_interest_rate,2012,lgbm_blind,-17.1217762401546,21.886920404900224
ETH-fed(KEN+TZA+UGA),2007,5,real_interest_rate,2012,lgbm_lag,-17.1217762401546,9.927453763247875
ETH-fed(KEN+TZA+UGA),2007,5,real_interest_rate,2012,lgbm_typed,-17.1217762401546,9.927453763247875
ETH-fed(KEN+TZA+UGA),2007,5,real_interest_rate,2012,tft,-17.1217762401546,12.01279129295001
ETH-fed(KEN+TZA+UGA),2007,5,real_interest_rate,2012,tgcn,-17.1217762401546,
ETH-fed(KEN+TZA+UGA),2007,5,real_interest_rate,2012,persistence_scarcity,-17.1217762401546,8.82922255910742
ETH-fed(KEN+TZA+UGA),2007,5,real_interest_rate,2012,chronos_scarcity,-17.1217762401546,18.158251660152768
ETH-fed(KEN+TZA+UGA),2007,5,real_interest_rate,2012,gnn_scarcity,-17.1217762401546,19.33739771155963
ETH-fed(KEN+TZA+UGA),2007,1,broad_money,2008,persistence,33.9671207502096,5.775632538376101
ETH-fed(KEN+TZA+UGA),2007,1,broad_money,2008,arima,33.9671207502096,5.956100290316236
ETH-fed(KEN+TZA+UGA),2007,1,broad_money,2008,chronos,33.9671207502096,3.9955867693216476
ETH-fed(KEN+TZA+UGA),2007,1,broad_money,2008,xgb_blind,33.9671207502096,5.841373817661491
ETH-fed(KEN+TZA+UGA),2007,1,broad_money,2008,xgb_lag,33.9671207502096,5.956100290316236
ETH-fed(KEN+TZA+UGA),2007,1,broad_money,2008,xgb_typed,33.9671207502096,5.956100290316236
ETH-fed(KEN+TZA+UGA),2007,1,broad_money,2008,lgbm_blind,33.9671207502096,1.698823405315153
ETH-fed(KEN+TZA+UGA),2007,1,broad_money,2008,lgbm_lag,33.9671207502096,5.956100290316236
ETH-fed(KEN+TZA+UGA),2007,1,broad_money,2008,lgbm_typed,33.9671207502096,5.956100290316236
ETH-fed(KEN+TZA+UGA),2007,1,broad_money,2008,tft,33.9671207502096,6.806721107700554
ETH-fed(KEN+TZA+UGA),2007,1,broad_money,2008,tgcn,33.9671207502096,
ETH-fed(KEN+TZA+UGA),2007,1,broad_money,2008,persistence_scarcity,33.9671207502096,5.775632538376101
ETH-fed(KEN+TZA+UGA),2007,1,broad_money,2008,chronos_scarcity,33.9671207502096,3.9955867693216476
ETH-fed(KEN+TZA+UGA),2007,1,broad_money,2008,gnn_scarcity,33.9671207502096,0.3931392595560226
ETH-fed(KEN+TZA+UGA),2007,3,broad_money,2010,persistence,33.9671207502096,5.775632538376101
ETH-fed(KEN+TZA+UGA),2007,3,broad_money,2010,arima,33.9671207502096,5.945010540614369
ETH-fed(KEN+TZA+UGA),2007,3,broad_money,2010,chronos,33.9671207502096,1.0257076189310226
ETH-fed(KEN+TZA+UGA),2007,3,broad_money,2010,xgb_blind,33.9671207502096,8.716862098911491
ETH-fed(KEN+TZA+UGA),2007,3,broad_money,2010,xgb_lag,33.9671207502096,5.945010540614369
ETH-fed(KEN+TZA+UGA),2007,3,broad_money,2010,xgb_typed,33.9671207502096,5.945010540614369
ETH-fed(KEN+TZA+UGA),2007,3,broad_money,2010,lgbm_blind,33.9671207502096,2.3995871151875363
ETH-fed(KEN+TZA+UGA),2007,3,broad_money,2010,lgbm_lag,33.9671207502096,5.945010540614369
ETH-fed(KEN+TZA+UGA),2007,3,broad_money,2010,lgbm_typed,33.9671207502096,5.945010540614369
ETH-fed(KEN+TZA+UGA),2007,3,broad_money,2010,tft,33.9671207502096,7.536243812778679
ETH-fed(KEN+TZA+UGA),2007,3,broad_money,2010,tgcn,33.9671207502096,
ETH-fed(KEN+TZA+UGA),2007,3,broad_money,2010,persistence_scarcity,33.9671207502096,5.775632538376101
ETH-fed(KEN+TZA+UGA),2007,3,broad_money,2010,chronos_scarcity,33.9671207502096,1.0257076189310226
ETH-fed(KEN+TZA+UGA),2007,3,broad_money,2010,gnn_scarcity,33.9671207502096,0.4744724199564132
ETH-fed(KEN+TZA+UGA),2007,5,broad_money,2012,persistence,33.9671207502096,5.775632538376101
ETH-fed(KEN+TZA+UGA),2007,5,broad_money,2012,arima,33.9671207502096,5.944962560140894
ETH-fed(KEN+TZA+UGA),2007,5,broad_money,2012,chronos,33.9671207502096,1.685935600063118
ETH-fed(KEN+TZA+UGA),2007,5,broad_money,2012,xgb_blind,33.9671207502096,6.903969185093132
ETH-fed(KEN+TZA+UGA),2007,5,broad_money,2012,xgb_lag,33.9671207502096,5.944962560140894
ETH-fed(KEN+TZA+UGA),2007,5,broad_money,2012,xgb_typed,33.9671207502096,5.944962560140894
ETH-fed(KEN+TZA+UGA),2007,5,broad_money,2012,lgbm_blind,33.9671207502096,3.5218734080216905
ETH-fed(KEN+TZA+UGA),2007,5,broad_money,2012,lgbm_lag,33.9671207502096,5.944962560140894
ETH-fed(KEN+TZA+UGA),2007,5,broad_money,2012,lgbm_typed,33.9671207502096,5.944962560140894
ETH-fed(KEN+TZA+UGA),2007,5,broad_money,2012,tft,33.9671207502096,7.612526313999382
ETH-fed(KEN+TZA+UGA),2007,5,broad_money,2012,tgcn,33.9671207502096,
ETH-fed(KEN+TZA+UGA),2007,5,broad_money,2012,persistence_scarcity,33.9671207502096,5.775632538376101
ETH-fed(KEN+TZA+UGA),2007,5,broad_money,2012,chronos_scarcity,33.9671207502096,1.685935600063118
ETH-fed(KEN+TZA+UGA),2007,5,broad_money,2012,gnn_scarcity,33.9671207502096,0.43627204153844445
ETH-fed(KEN+TZA+UGA),2007,1,private_credit,2008,persistence,17.7101483486321,0.8149276820130993
ETH-fed(KEN+TZA+UGA),2007,1,private_credit,2008,arima,17.7101483486321,0.16651463236401653
ETH-fed(KEN+TZA+UGA),2007,1,private_credit,2008,chronos,17.7101483486321,0.3166546962883494
ETH-fed(KEN+TZA+UGA),2007,1,private_credit,2008,xgb_blind,17.7101483486321,0.06012295263743184
ETH-fed(KEN+TZA+UGA),2007,1,private_credit,2008,xgb_lag,17.7101483486321,0.16651463236401653
ETH-fed(KEN+TZA+UGA),2007,1,private_credit,2008,xgb_typed,17.7101483486321,0.16651463236401653
ETH-fed(KEN+TZA+UGA),2007,1,private_credit,2008,lgbm_blind,17.7101483486321,4.476796451841203
ETH-fed(KEN+TZA+UGA),2007,1,private_credit,2008,lgbm_lag,17.7101483486321,0.16651463236401653
ETH-fed(KEN+TZA+UGA),2007,1,private_credit,2008,lgbm_typed,17.7101483486321,0.16651463236401653
ETH-fed(KEN+TZA+UGA),2007,1,private_credit,2008,tft,17.7101483486321,0.8942217685554006
ETH-fed(KEN+TZA+UGA),2007,1,private_credit,2008,tgcn,17.7101483486321,
ETH-fed(KEN+TZA+UGA),2007,1,private_credit,2008,persistence_scarcity,17.7101483486321,0.8149276820130993
ETH-fed(KEN+TZA+UGA),2007,1,private_credit,2008,chronos_scarcity,17.7101483486321,0.3166546962883494
ETH-fed(KEN+TZA+UGA),2007,1,private_credit,2008,gnn_scarcity,17.7101483486321,6.0446400783684275
ETH-fed(KEN+TZA+UGA),2007,3,private_credit,2010,persistence,17.7101483486321,0.8149276820130993
ETH-fed(KEN+TZA+UGA),2007,3,private_credit,2010,arima,17.7101483486321,0.9224009468483771
ETH-fed(KEN+TZA+UGA),2007,3,private_credit,2010,chronos,17.7101483486321,3.3155322216179393
ETH-fed(KEN+TZA+UGA),2007,3,private_credit,2010,xgb_blind,17.7101483486321,0.013479723754169726
ETH-fed(KEN+TZA+UGA),2007,3,private_credit,2010,xgb_lag,17.7101483486321,0.9224009468483771
ETH-fed(KEN+TZA+UGA),2007,3,private_credit,2010,xgb_typed,17.7101483486321,0.9224009468483771
ETH-fed(KEN+TZA+UGA),2007,3,private_credit,2010,lgbm_blind,17.7101483486321,2.9463530363864123
ETH-fed(KEN+TZA+UGA),2007,3,private_credit,2010,lgbm_lag,17.7101483486321,0.9224009468483771
ETH-fed(KEN+TZA+UGA),2007,3,private_credit,2010,lgbm_typed,17.7101483486321,0.9224009468483771
ETH-fed(KEN+TZA+UGA),2007,3,private_credit,2010,tft,17.7101483486321,0.8613486148688771
ETH-fed(KEN+TZA+UGA),2007,3,private_credit,2010,tgcn,17.7101483486321,
ETH-fed(KEN+TZA+UGA),2007,3,private_credit,2010,persistence_scarcity,17.7101483486321,0.8149276820130993
ETH-fed(KEN+TZA+UGA),2007,3,private_credit,2010,chronos_scarcity,17.7101483486321,3.3155322216179393
ETH-fed(KEN+TZA+UGA),2007,3,private_credit,2010,gnn_scarcity,17.7101483486321,5.958084597411396
ETH-fed(KEN+TZA+UGA),2007,5,private_credit,2012,persistence,17.7101483486321,0.8149276820130993
ETH-fed(KEN+TZA+UGA),2007,5,private_credit,2012,arima,17.7101483486321,1.1190371520411588
ETH-fed(KEN+TZA+UGA),2007,5,private_credit,2012,chronos,17.7101483486321,7.283276095214131
ETH-fed(KEN+TZA+UGA),2007,5,private_credit,2012,xgb_blind,17.7101483486321,0.32461880224680684
ETH-fed(KEN+TZA+UGA),2007,5,private_credit,2012,xgb_lag,17.7101483486321,1.1190371520411588
ETH-fed(KEN+TZA+UGA),2007,5,private_credit,2012,xgb_typed,17.7101483486321,1.1190371520411588
ETH-fed(KEN+TZA+UGA),2007,5,private_credit,2012,lgbm_blind,17.7101483486321,1.31592487867783
ETH-fed(KEN+TZA+UGA),2007,5,private_credit,2012,lgbm_lag,17.7101483486321,1.1190371520411588
ETH-fed(KEN+TZA+UGA),2007,5,private_credit,2012,lgbm_typed,17.7101483486321,1.1190371520411588
ETH-fed(KEN+TZA+UGA),2007,5,private_credit,2012,tft,17.7101483486321,0.853364453491924
ETH-fed(KEN+TZA+UGA),2007,5,private_credit,2012,tgcn,17.7101483486321,
ETH-fed(KEN+TZA+UGA),2007,5,private_credit,2012,persistence_scarcity,17.7101483486321,0.8149276820130993
ETH-fed(KEN+TZA+UGA),2007,5,private_credit,2012,chronos_scarcity,17.7101483486321,7.283276095214131
ETH-fed(KEN+TZA+UGA),2007,5,private_credit,2012,gnn_scarcity,17.7101483486321,5.9987368724968455
ETH-fed(KEN+TZA+UGA),2007,1,govt_consumption,2008,persistence,10.3182460672537,0.0
ETH-fed(KEN+TZA+UGA),2007,1,govt_consumption,2008,arima,10.3182460672537,0.0
ETH-fed(KEN+TZA+UGA),2007,1,govt_consumption,2008,chronos,10.3182460672537,0.030259311882606
ETH-fed(KEN+TZA+UGA),2007,1,govt_consumption,2008,xgb_blind,10.3182460672537,1.7949735209299433e-07
ETH-fed(KEN+TZA+UGA),2007,1,govt_consumption,2008,xgb_lag,10.3182460672537,0.0
ETH-fed(KEN+TZA+UGA),2007,1,govt_consumption,2008,xgb_typed,10.3182460672537,0.0
ETH-fed(KEN+TZA+UGA),2007,1,govt_consumption,2008,lgbm_blind,10.3182460672537,1.7949735209299433e-07
ETH-fed(KEN+TZA+UGA),2007,1,govt_consumption,2008,lgbm_lag,10.3182460672537,0.0
ETH-fed(KEN+TZA+UGA),2007,1,govt_consumption,2008,lgbm_typed,10.3182460672537,0.0
ETH-fed(KEN+TZA+UGA),2007,1,govt_consumption,2008,tft,10.3182460672537,0.05313092401827291
ETH-fed(KEN+TZA+UGA),2007,1,govt_consumption,2008,tgcn,10.3182460672537,
ETH-fed(KEN+TZA+UGA),2007,1,govt_consumption,2008,persistence_scarcity,10.3182460672537,0.0
ETH-fed(KEN+TZA+UGA),2007,1,govt_consumption,2008,chronos_scarcity,10.3182460672537,0.030259311882606
ETH-fed(KEN+TZA+UGA),2007,1,govt_consumption,2008,gnn_scarcity,10.3182460672537,1.7278512807195057e-06
ETH-fed(KEN+TZA+UGA),2007,3,govt_consumption,2010,persistence,10.3182460672537,0.0
ETH-fed(KEN+TZA+UGA),2007,3,govt_consumption,2010,arima,10.3182460672537,0.0
ETH-fed(KEN+TZA+UGA),2007,3,govt_consumption,2010,chronos,10.3182460672537,0.030259311882606
ETH-fed(KEN+TZA+UGA),2007,3,govt_consumption,2010,xgb_blind,10.3182460672537,1.7949735209299433e-07
ETH-fed(KEN+TZA+UGA),2007,3,govt_consumption,2010,xgb_lag,10.3182460672537,0.0
ETH-fed(KEN+TZA+UGA),2007,3,govt_consumption,2010,xgb_typed,10.3182460672537,0.0
ETH-fed(KEN+TZA+UGA),2007,3,govt_consumption,2010,lgbm_blind,10.3182460672537,1.7949735209299433e-07
ETH-fed(KEN+TZA+UGA),2007,3,govt_consumption,2010,lgbm_lag,10.3182460672537,0.0
ETH-fed(KEN+TZA+UGA),2007,3,govt_consumption,2010,lgbm_typed,10.3182460672537,0.0
ETH-fed(KEN+TZA+UGA),2007,3,govt_consumption,2010,tft,10.3182460672537,0.04877453974092916
ETH-fed(KEN+TZA+UGA),2007,3,govt_consumption,2010,tgcn,10.3182460672537,
ETH-fed(KEN+TZA+UGA),2007,3,govt_consumption,2010,persistence_scarcity,10.3182460672537,0.0
ETH-fed(KEN+TZA+UGA),2007,3,govt_consumption,2010,chronos_scarcity,10.3182460672537,0.030259311882606
ETH-fed(KEN+TZA+UGA),2007,3,govt_consumption,2010,gnn_scarcity,10.3182460672537,1.7278512807195057e-06
ETH-fed(KEN+TZA+UGA),2007,5,govt_consumption,2012,persistence,8.30218871752089,2.01605734973281
ETH-fed(KEN+TZA+UGA),2007,5,govt_consumption,2012,arima,8.30218871752089,2.01605734973281
ETH-fed(KEN+TZA+UGA),2007,5,govt_consumption,2012,chronos,8.30218871752089,1.9857980378502038
ETH-fed(KEN+TZA+UGA),2007,5,govt_consumption,2012,xgb_blind,8.30218871752089,2.0160571702354577
ETH-fed(KEN+TZA+UGA),2007,5,govt_consumption,2012,xgb_lag,8.30218871752089,2.01605734973281
ETH-fed(KEN+TZA+UGA),2007,5,govt_consumption,2012,xgb_typed,8.30218871752089,2.01605734973281
ETH-fed(KEN+TZA+UGA),2007,5,govt_consumption,2012,lgbm_blind,8.30218871752089,2.0160571702354577
ETH-fed(KEN+TZA+UGA),2007,5,govt_consumption,2012,lgbm_lag,8.30218871752089,2.01605734973281
ETH-fed(KEN+TZA+UGA),2007,5,govt_consumption,2012,lgbm_typed,8.30218871752089,2.01605734973281
ETH-fed(KEN+TZA+UGA),2007,5,govt_consumption,2012,tft,8.30218871752089,2.0690328248375085
ETH-fed(KEN+TZA+UGA),2007,5,govt_consumption,2012,tgcn,8.30218871752089,
ETH-fed(KEN+TZA+UGA),2007,5,govt_consumption,2012,persistence_scarcity,8.30218871752089,2.01605734973281
ETH-fed(KEN+TZA+UGA),2007,5,govt_consumption,2012,chronos_scarcity,8.30218871752089,1.9857980378502038
ETH-fed(KEN+TZA+UGA),2007,5,govt_consumption,2012,gnn_scarcity,8.30218871752089,2.0160590775840905
ETH-fed(KEN+TZA+UGA),2008,1,gdp_growth,2009,persistence,8.8025531990487,1.9859684879844988
ETH-fed(KEN+TZA+UGA),2008,1,gdp_growth,2009,arima,8.8025531990487,2.1865452457931642
ETH-fed(KEN+TZA+UGA),2008,1,gdp_growth,2009,chronos,8.8025531990487,1.777263619188604
ETH-fed(KEN+TZA+UGA),2008,1,gdp_growth,2009,xgb_blind,8.8025531990487,2.3408756034415337
ETH-fed(KEN+TZA+UGA),2008,1,gdp_growth,2009,xgb_lag,8.8025531990487,2.1865452457931642
ETH-fed(KEN+TZA+UGA),2008,1,gdp_growth,2009,xgb_typed,8.8025531990487,2.1865452457931642
ETH-fed(KEN+TZA+UGA),2008,1,gdp_growth,2009,lgbm_blind,8.8025531990487,3.462935867225988
ETH-fed(KEN+TZA+UGA),2008,1,gdp_growth,2009,lgbm_lag,8.8025531990487,2.1865452457931642
ETH-fed(KEN+TZA+UGA),2008,1,gdp_growth,2009,lgbm_typed,8.8025531990487,2.1865452457931642
ETH-fed(KEN+TZA+UGA),2008,1,gdp_growth,2009,tft,8.8025531990487,1.9822511451285454
ETH-fed(KEN+TZA+UGA),2008,1,gdp_growth,2009,tgcn,8.8025531990487,
ETH-fed(KEN+TZA+UGA),2008,1,gdp_growth,2009,persistence_scarcity,8.8025531990487,1.9859684879844988
ETH-fed(KEN+TZA+UGA),2008,1,gdp_growth,2009,chronos_scarcity,8.8025531990487,1.777263619188604
ETH-fed(KEN+TZA+UGA),2008,1,gdp_growth,2009,gnn_scarcity,8.8025531990487,4.507682345624628
ETH-fed(KEN+TZA+UGA),2008,3,gdp_growth,2011,persistence,11.1782962297008,0.3897745426676007
ETH-fed(KEN+TZA+UGA),2008,3,gdp_growth,2011,arima,11.1782962297008,0.23135289555603755
ETH-fed(KEN+TZA+UGA),2008,3,gdp_growth,2011,chronos,11.1782962297008,0.5711423371837103
ETH-fed(KEN+TZA+UGA),2008,3,gdp_growth,2011,xgb_blind,11.1782962297008,0.2640207792713678
ETH-fed(KEN+TZA+UGA),2008,3,gdp_growth,2011,xgb_lag,11.1782962297008,0.23135289555603755
ETH-fed(KEN+TZA+UGA),2008,3,gdp_growth,2011,xgb_typed,11.1782962297008,0.23135289555603755
ETH-fed(KEN+TZA+UGA),2008,3,gdp_growth,2011,lgbm_blind,11.1782962297008,4.183104208569285
ETH-fed(KEN+TZA+UGA),2008,3,gdp_growth,2011,lgbm_lag,11.1782962297008,0.23135289555603755
ETH-fed(KEN+TZA+UGA),2008,3,gdp_growth,2011,lgbm_typed,11.1782962297008,0.23135289555603755
ETH-fed(KEN+TZA+UGA),2008,3,gdp_growth,2011,tft,11.1782962297008,0.37536062942003845
ETH-fed(KEN+TZA+UGA),2008,3,gdp_growth,2011,tgcn,11.1782962297008,
ETH-fed(KEN+TZA+UGA),2008,3,gdp_growth,2011,persistence_scarcity,11.1782962297008,0.3897745426676007
ETH-fed(KEN+TZA+UGA),2008,3,gdp_growth,2011,chronos_scarcity,11.1782962297008,0.5711423371837103
ETH-fed(KEN+TZA+UGA),2008,3,gdp_growth,2011,gnn_scarcity,11.1782962297008,6.824306151728388
ETH-fed(KEN+TZA+UGA),2008,5,gdp_growth,2013,persistence,10.5822700502552,0.20625163677799918
ETH-fed(KEN+TZA+UGA),2008,5,gdp_growth,2013,arima,10.5822700502552,0.36086858898837093
ETH-fed(KEN+TZA+UGA),2008,5,gdp_growth,2013,chronos,10.5822700502552,0.7132410051502198
ETH-fed(KEN+TZA+UGA),2008,5,gdp_growth,2013,xgb_blind,10.5822700502552,0.035980606285473726
ETH-fed(KEN+TZA+UGA),2008,5,gdp_growth,2013,xgb_lag,10.5822700502552,0.36086858898837093
ETH-fed(KEN+TZA+UGA),2008,5,gdp_growth,2013,xgb_typed,10.5822700502552,0.36086858898837093
ETH-fed(KEN+TZA+UGA),2008,5,gdp_growth,2013,lgbm_blind,10.5822700502552,3.754393329145538
ETH-fed(KEN+TZA+UGA),2008,5,gdp_growth,2013,lgbm_lag,10.5822700502552,0.36086858898837093
ETH-fed(KEN+TZA+UGA),2008,5,gdp_growth,2013,lgbm_typed,10.5822700502552,0.36086858898837093
ETH-fed(KEN+TZA+UGA),2008,5,gdp_growth,2013,tft,10.5822700502552,0.22471294382438955
ETH-fed(KEN+TZA+UGA),2008,5,gdp_growth,2013,tgcn,10.5822700502552,
ETH-fed(KEN+TZA+UGA),2008,5,gdp_growth,2013,persistence_scarcity,10.5822700502552,0.20625163677799918
ETH-fed(KEN+TZA+UGA),2008,5,gdp_growth,2013,chronos_scarcity,10.5822700502552,0.7132410051502198
ETH-fed(KEN+TZA+UGA),2008,5,gdp_growth,2013,gnn_scarcity,10.5822700502552,6.236502075401685
ETH-fed(KEN+TZA+UGA),2008,1,inflation_cpi,2009,persistence,8.48364404530282,35.873041831392285
ETH-fed(KEN+TZA+UGA),2008,1,inflation_cpi,2009,arima,8.48364404530282,23.901520268074833
ETH-fed(KEN+TZA+UGA),2008,1,inflation_cpi,2009,chronos,8.48364404530282,4.0319122901463995
ETH-fed(KEN+TZA+UGA),2008,1,inflation_cpi,2009,xgb_blind,8.48364404530282,26.031065427353433
ETH-fed(KEN+TZA+UGA),2008,1,inflation_cpi,2009,xgb_lag,8.48364404530282,23.901520268074833
ETH-fed(KEN+TZA+UGA),2008,1,inflation_cpi,2009,xgb_typed,8.48364404530282,23.901520268074833
ETH-fed(KEN+TZA+UGA),2008,1,inflation_cpi,2009,lgbm_blind,8.48364404530282,0.634357150816701
ETH-fed(KEN+TZA+UGA),2008,1,inflation_cpi,2009,lgbm_lag,8.48364404530282,23.901520268074833
ETH-fed(KEN+TZA+UGA),2008,1,inflation_cpi,2009,lgbm_typed,8.48364404530282,23.901520268074833
ETH-fed(KEN+TZA+UGA),2008,1,inflation_cpi,2009,tft,8.48364404530282,26.57755895762687
ETH-fed(KEN+TZA+UGA),2008,1,inflation_cpi,2009,tgcn,8.48364404530282,
ETH-fed(KEN+TZA+UGA),2008,1,inflation_cpi,2009,persistence_scarcity,8.48364404530282,35.873041831392285
ETH-fed(KEN+TZA+UGA),2008,1,inflation_cpi,2009,chronos_scarcity,8.48364404530282,4.0319122901463995
ETH-fed(KEN+TZA+UGA),2008,1,inflation_cpi,2009,gnn_scarcity,8.48364404530282,1.2843013176416864
ETH-fed(KEN+TZA+UGA),2008,3,inflation_cpi,2011,persistence,33.2499598823344,11.106725994360701
ETH-fed(KEN+TZA+UGA),2008,3,inflation_cpi,2011,arima,33.2499598823344,2.087098839923158
ETH-fed(KEN+TZA+UGA),2008,3,inflation_cpi,2011,chronos,33.2499598823344,21.28195851667278
ETH-fed(KEN+TZA+UGA),2008,3,inflation_cpi,2011,xgb_blind,33.2499598823344,3.9478970207417703
ETH-fed(KEN+TZA+UGA),2008,3,inflation_cpi,2011,xgb_lag,33.2499598823344,2.087098839923158
ETH-fed(KEN+TZA+UGA),2008,3,inflation_cpi,2011,xgb_typed,33.2499598823344,2.087098839923158
ETH-fed(KEN+TZA+UGA),2008,3,inflation_cpi,2011,lgbm_blind,33.2499598823344,25.882836218908956
ETH-fed(KEN+TZA+UGA),2008,3,inflation_cpi,2011,lgbm_lag,33.2499598823344,2.087098839923158
ETH-fed(KEN+TZA+UGA),2008,3,inflation_cpi,2011,lgbm_typed,33.2499598823344,2.087098839923158
ETH-fed(KEN+TZA+UGA),2008,3,inflation_cpi,2011,tft,33.2499598823344,2.308710161610911
ETH-fed(KEN+TZA+UGA),2008,3,inflation_cpi,2011,tgcn,33.2499598823344,
ETH-fed(KEN+TZA+UGA),2008,3,inflation_cpi,2011,persistence_scarcity,33.2499598823344,11.106725994360701
ETH-fed(KEN+TZA+UGA),2008,3,inflation_cpi,2011,chronos_scarcity,33.2499598823344,21.28195851667278
ETH-fed(KEN+TZA+UGA),2008,3,inflation_cpi,2011,gnn_scarcity,33.2499598823344,25.939186986521413
ETH-fed(KEN+TZA+UGA),2008,5,inflation_cpi,2013,persistence,7.46402192944517,36.89266394724993
ETH-fed(KEN+TZA+UGA),2008,5,inflation_cpi,2013,arima,7.46402192944517,28.448396098561428
ETH-fed(KEN+TZA+UGA),2008,5,inflation_cpi,2013,chronos,7.46402192944517,3.2915341771222124
ETH-fed(KEN+TZA+UGA),2008,5,inflation_cpi,2013,xgb_blind,7.46402192944517,18.396285764036275
ETH-fed(KEN+TZA+UGA),2008,5,inflation_cpi,2013,xgb_lag,7.46402192944517,28.448396098561428
ETH-fed(KEN+TZA+UGA),2008,5,inflation_cpi,2013,xgb_typed,7.46402192944517,28.448396098561428
ETH-fed(KEN+TZA+UGA),2008,5,inflation_cpi,2013,lgbm_blind,7.46402192944517,0.16005212091319354
ETH-fed(KEN+TZA+UGA),2008,5,inflation_cpi,2013,lgbm_lag,7.46402192944517,28.448396098561428
ETH-fed(KEN+TZA+UGA),2008,5,inflation_cpi,2013,lgbm_typed,7.46402192944517,28.448396098561428
ETH-fed(KEN+TZA+UGA),2008,5,inflation_cpi,2013,tft,7.46402192944517,28.07047056323061
ETH-fed(KEN+TZA+UGA),2008,5,inflation_cpi,2013,tgcn,7.46402192944517,
ETH-fed(KEN+TZA+UGA),2008,5,inflation_cpi,2013,persistence_scarcity,7.46402192944517,36.89266394724993
ETH-fed(KEN+TZA+UGA),2008,5,inflation_cpi,2013,chronos_scarcity,7.46402192944517,3.2915341771222124
ETH-fed(KEN+TZA+UGA),2008,5,inflation_cpi,2013,gnn_scarcity,7.46402192944517,0.16874624127378368
ETH-fed(KEN+TZA+UGA),2008,1,unemployment,2009,persistence,2.326,0.0
ETH-fed(KEN+TZA+UGA),2008,1,unemployment,2009,arima,2.326,0.0054639029985232845
ETH-fed(KEN+TZA+UGA),2008,1,unemployment,2009,chronos,2.326,0.007790302276611261
ETH-fed(KEN+TZA+UGA),2008,1,unemployment,2009,xgb_blind,2.326,0.08266565704345696
ETH-fed(KEN+TZA+UGA),2008,1,unemployment,2009,xgb_lag,2.326,0.0054639029985232845
ETH-fed(KEN+TZA+UGA),2008,1,unemployment,2009,xgb_typed,2.326,0.0054639029985232845
ETH-fed(KEN+TZA+UGA),2008,1,unemployment,2009,lgbm_blind,2.326,0.7069999791251287
ETH-fed(KEN+TZA+UGA),2008,1,unemployment,2009,lgbm_lag,2.326,0.0054639029985232845
ETH-fed(KEN+TZA+UGA),2008,1,unemployment,2009,lgbm_typed,2.326,0.0054639029985232845
ETH-fed(KEN+TZA+UGA),2008,1,unemployment,2009,tft,2.326,0.00463655090332038
ETH-fed(KEN+TZA+UGA),2008,1,unemployment,2009,tgcn,2.326,
ETH-fed(KEN+TZA+UGA),2008,1,unemployment,2009,persistence_scarcity,2.326,0.0
ETH-fed(KEN+TZA+UGA),2008,1,unemployment,2009,chronos_scarcity,2.326,0.007790302276611261
ETH-fed(KEN+TZA+UGA),2008,1,unemployment,2009,gnn_scarcity,2.326,0.6653408756256103
ETH-fed(KEN+TZA+UGA),2008,3,unemployment,2011,persistence,2.27,0.05600000000000005
ETH-fed(KEN+TZA+UGA),2008,3,unemployment,2011,arima,2.27,0.04647397100788275
ETH-fed(KEN+TZA+UGA),2008,3,unemployment,2011,chronos,2.27,0.16428754806518553
ETH-fed(KEN+TZA+UGA),2008,3,unemployment,2011,xgb_blind,2.27,0.08244488716125487
ETH-fed(KEN+TZA+UGA),2008,3,unemployment,2011,xgb_lag,2.27,0.04647397100788275
ETH-fed(KEN+TZA+UGA),2008,3,unemployment,2011,xgb_typed,2.27,0.04647397100788275
ETH-fed(KEN+TZA+UGA),2008,3,unemployment,2011,lgbm_blind,2.27,0.7233749884366989
ETH-fed(KEN+TZA+UGA),2008,3,unemployment,2011,lgbm_lag,2.27,0.04647397100788275
ETH-fed(KEN+TZA+UGA),2008,3,unemployment,2011,lgbm_typed,2.27,0.04647397100788275
ETH-fed(KEN+TZA+UGA),2008,3,unemployment,2011,tft,2.27,0.057017545700073224
ETH-fed(KEN+TZA+UGA),2008,3,unemployment,2011,tgcn,2.27,
ETH-fed(KEN+TZA+UGA),2008,3,unemployment,2011,persistence_scarcity,2.27,0.05600000000000005
ETH-fed(KEN+TZA+UGA),2008,3,unemployment,2011,chronos_scarcity,2.27,0.16428754806518553
ETH-fed(KEN+TZA+UGA),2008,3,unemployment,2011,gnn_scarcity,2.27,0.7249166774749756
ETH-fed(KEN+TZA+UGA),2008,5,unemployment,2013,persistence,2.251,0.07500000000000018
ETH-fed(KEN+TZA+UGA),2008,5,unemployment,2013,arima,2.251,0.06447172581794769
ETH-fed(KEN+TZA+UGA),2008,5,unemployment,2013,chronos,2.251,0.3842837085723878
ETH-fed(KEN+TZA+UGA),2008,5,unemployment,2013,xgb_blind,2.251,0.13857691192626964
ETH-fed(KEN+TZA+UGA),2008,5,unemployment,2013,xgb_lag,2.251,0.06447172581794769
ETH-fed(KEN+TZA+UGA),2008,5,unemployment,2013,xgb_typed,2.251,0.06447172581794769
ETH-fed(KEN+TZA+UGA),2008,5,unemployment,2013,lgbm_blind,2.251,0.7162857012067523
ETH-fed(KEN+TZA+UGA),2008,5,unemployment,2013,lgbm_lag,2.251,0.06447172581794769
ETH-fed(KEN+TZA+UGA),2008,5,unemployment,2013,lgbm_typed,2.251,0.06447172581794769
ETH-fed(KEN+TZA+UGA),2008,5,unemployment,2013,tft,2.251,0.07781617546081554
ETH-fed(KEN+TZA+UGA),2008,5,unemployment,2013,tgcn,2.251,
ETH-fed(KEN+TZA+UGA),2008,5,unemployment,2013,persistence_scarcity,2.251,0.07500000000000018
ETH-fed(KEN+TZA+UGA),2008,5,unemployment,2013,chronos_scarcity,2.251,0.3842837085723878
ETH-fed(KEN+TZA+UGA),2008,5,unemployment,2013,gnn_scarcity,2.251,0.7434193363189698
ETH-fed(KEN+TZA+UGA),2008,1,exports_gdp,2009,persistence,16.6868531997337,0.0
ETH-fed(KEN+TZA+UGA),2008,1,exports_gdp,2009,arima,16.6868531997337,0.0
ETH-fed(KEN+TZA+UGA),2008,1,exports_gdp,2009,chronos,16.6868531997337,0.048934727443661785
ETH-fed(KEN+TZA+UGA),2008,1,exports_gdp,2009,xgb_blind,16.6868531997337,2.090797757148266e-07
ETH-fed(KEN+TZA+UGA),2008,1,exports_gdp,2009,xgb_lag,16.6868531997337,0.0
ETH-fed(KEN+TZA+UGA),2008,1,exports_gdp,2009,xgb_typed,16.6868531997337,0.0
ETH-fed(KEN+TZA+UGA),2008,1,exports_gdp,2009,lgbm_blind,16.6868531997337,2.090797757148266e-07
ETH-fed(KEN+TZA+UGA),2008,1,exports_gdp,2009,lgbm_lag,16.6868531997337,0.0
ETH-fed(KEN+TZA+UGA),2008,1,exports_gdp,2009,lgbm_typed,16.6868531997337,0.0
ETH-fed(KEN+TZA+UGA),2008,1,exports_gdp,2009,tft,16.6868531997337,0.028678684963193035
ETH-fed(KEN+TZA+UGA),2008,1,exports_gdp,2009,tgcn,16.6868531997337,
ETH-fed(KEN+TZA+UGA),2008,1,exports_gdp,2009,persistence_scarcity,16.6868531997337,0.0
ETH-fed(KEN+TZA+UGA),2008,1,exports_gdp,2009,chronos_scarcity,16.6868531997337,0.048934727443661785
ETH-fed(KEN+TZA+UGA),2008,1,exports_gdp,2009,gnn_scarcity,16.6868531997337,2.1164284085273266e-06
ETH-fed(KEN+TZA+UGA),2008,3,exports_gdp,2011,persistence,16.6868531997337,0.0
ETH-fed(KEN+TZA+UGA),2008,3,exports_gdp,2011,arima,16.6868531997337,0.0
ETH-fed(KEN+TZA+UGA),2008,3,exports_gdp,2011,chronos,16.6868531997337,0.048934727443661785
ETH-fed(KEN+TZA+UGA),2008,3,exports_gdp,2011,xgb_blind,16.6868531997337,2.090797757148266e-07
ETH-fed(KEN+TZA+UGA),2008,3,exports_gdp,2011,xgb_lag,16.6868531997337,0.0
ETH-fed(KEN+TZA+UGA),2008,3,exports_gdp,2011,xgb_typed,16.6868531997337,0.0
ETH-fed(KEN+TZA+UGA),2008,3,exports_gdp,2011,lgbm_blind,16.6868531997337,2.090797757148266e-07
ETH-fed(KEN+TZA+UGA),2008,3,exports_gdp,2011,lgbm_lag,16.6868531997337,0.0
ETH-fed(KEN+TZA+UGA),2008,3,exports_gdp,2011,lgbm_typed,16.6868531997337,0.0
ETH-fed(KEN+TZA+UGA),2008,3,exports_gdp,2011,tft,16.6868531997337,0.037681370510068035
ETH-fed(KEN+TZA+UGA),2008,3,exports_gdp,2011,tgcn,16.6868531997337,
ETH-fed(KEN+TZA+UGA),2008,3,exports_gdp,2011,persistence_scarcity,16.6868531997337,0.0
ETH-fed(KEN+TZA+UGA),2008,3,exports_gdp,2011,chronos_scarcity,16.6868531997337,0.048934727443661785
ETH-fed(KEN+TZA+UGA),2008,3,exports_gdp,2011,gnn_scarcity,16.6868531997337,2.1164284085273266e-06
ETH-fed(KEN+TZA+UGA),2008,5,exports_gdp,2013,persistence,12.484073558977,4.202779640756701
ETH-fed(KEN+TZA+UGA),2008,5,exports_gdp,2013,arima,12.484073558977,4.202779640756701
ETH-fed(KEN+TZA+UGA),2008,5,exports_gdp,2013,chronos,12.484073558977,4.153844913313039
ETH-fed(KEN+TZA+UGA),2008,5,exports_gdp,2013,xgb_blind,12.484073558977,4.202779849836476
ETH-fed(KEN+TZA+UGA),2008,5,exports_gdp,2013,xgb_lag,12.484073558977,4.202779640756701
ETH-fed(KEN+TZA+UGA),2008,5,exports_gdp,2013,xgb_typed,12.484073558977,4.202779640756701
ETH-fed(KEN+TZA+UGA),2008,5,exports_gdp,2013,lgbm_blind,12.484073558977,4.202779849836476
ETH-fed(KEN+TZA+UGA),2008,5,exports_gdp,2013,lgbm_lag,12.484073558977,4.202779640756701
ETH-fed(KEN+TZA+UGA),2008,5,exports_gdp,2013,lgbm_typed,12.484073558977,4.202779640756701
ETH-fed(KEN+TZA+UGA),2008,5,exports_gdp,2013,tft,12.484073558977,4.168657382795461
ETH-fed(KEN+TZA+UGA),2008,5,exports_gdp,2013,tgcn,12.484073558977,
ETH-fed(KEN+TZA+UGA),2008,5,exports_gdp,2013,persistence_scarcity,12.484073558977,4.202779640756701
ETH-fed(KEN+TZA+UGA),2008,5,exports_gdp,2013,chronos_scarcity,12.484073558977,4.153844913313039
ETH-fed(KEN+TZA+UGA),2008,5,exports_gdp,2013,gnn_scarcity,12.484073558977,4.202781757185109
ETH-fed(KEN+TZA+UGA),2008,1,imports_gdp,2009,persistence,31.5460822119553,0.0
ETH-fed(KEN+TZA+UGA),2008,1,imports_gdp,2009,arima,31.5460822119553,0.0
ETH-fed(KEN+TZA+UGA),2008,1,imports_gdp,2009,chronos,31.5460822119553,0.09251089237522336
ETH-fed(KEN+TZA+UGA),2008,1,imports_gdp,2009,xgb_blind,31.5460822119553,6.689865514886151e-07
ETH-fed(KEN+TZA+UGA),2008,1,imports_gdp,2009,xgb_lag,31.5460822119553,0.0
ETH-fed(KEN+TZA+UGA),2008,1,imports_gdp,2009,xgb_typed,31.5460822119553,0.0
ETH-fed(KEN+TZA+UGA),2008,1,imports_gdp,2009,lgbm_blind,31.5460822119553,6.689865514886151e-07
ETH-fed(KEN+TZA+UGA),2008,1,imports_gdp,2009,lgbm_lag,31.5460822119553,0.0
ETH-fed(KEN+TZA+UGA),2008,1,imports_gdp,2009,lgbm_typed,31.5460822119553,0.0
ETH-fed(KEN+TZA+UGA),2008,1,imports_gdp,2009,tft,31.5460822119553,0.02867956302952024
ETH-fed(KEN+TZA+UGA),2008,1,imports_gdp,2009,tgcn,31.5460822119553,
ETH-fed(KEN+TZA+UGA),2008,1,imports_gdp,2009,persistence_scarcity,31.5460822119553,0.0
ETH-fed(KEN+TZA+UGA),2008,1,imports_gdp,2009,chronos_scarcity,31.5460822119553,0.09251089237522336
ETH-fed(KEN+TZA+UGA),2008,1,imports_gdp,2009,gnn_scarcity,31.5460822119553,6.689865514886151e-07
ETH-fed(KEN+TZA+UGA),2008,3,imports_gdp,2011,persistence,31.5460822119553,0.0
ETH-fed(KEN+TZA+UGA),2008,3,imports_gdp,2011,arima,31.5460822119553,0.0
ETH-fed(KEN+TZA+UGA),2008,3,imports_gdp,2011,chronos,31.5460822119553,0.09251089237522336
ETH-fed(KEN+TZA+UGA),2008,3,imports_gdp,2011,xgb_blind,31.5460822119553,6.689865514886151e-07
ETH-fed(KEN+TZA+UGA),2008,3,imports_gdp,2011,xgb_lag,31.5460822119553,0.0
ETH-fed(KEN+TZA+UGA),2008,3,imports_gdp,2011,xgb_typed,31.5460822119553,0.0
ETH-fed(KEN+TZA+UGA),2008,3,imports_gdp,2011,lgbm_blind,31.5460822119553,6.689865514886151e-07
ETH-fed(KEN+TZA+UGA),2008,3,imports_gdp,2011,lgbm_lag,31.5460822119553,0.0
ETH-fed(KEN+TZA+UGA),2008,3,imports_gdp,2011,lgbm_typed,31.5460822119553,0.0
ETH-fed(KEN+TZA+UGA),2008,3,imports_gdp,2011,tft,31.5460822119553,0.03768224857639524
ETH-fed(KEN+TZA+UGA),2008,3,imports_gdp,2011,tgcn,31.5460822119553,
ETH-fed(KEN+TZA+UGA),2008,3,imports_gdp,2011,persistence_scarcity,31.5460822119553,0.0
ETH-fed(KEN+TZA+UGA),2008,3,imports_gdp,2011,chronos_scarcity,31.5460822119553,0.09251089237522336
ETH-fed(KEN+TZA+UGA),2008,3,imports_gdp,2011,gnn_scarcity,31.5460822119553,6.689865514886151e-07
ETH-fed(KEN+TZA+UGA),2008,5,imports_gdp,2013,persistence,28.9877135217855,2.5583686901698
ETH-fed(KEN+TZA+UGA),2008,5,imports_gdp,2013,arima,28.9877135217855,2.5583686901698
ETH-fed(KEN+TZA+UGA),2008,5,imports_gdp,2013,chronos,28.9877135217855,2.465857797794577
ETH-fed(KEN+TZA+UGA),2008,5,imports_gdp,2013,xgb_blind,28.9877135217855,2.5583680211832487
ETH-fed(KEN+TZA+UGA),2008,5,imports_gdp,2013,xgb_lag,28.9877135217855,2.5583686901698
ETH-fed(KEN+TZA+UGA),2008,5,imports_gdp,2013,xgb_typed,28.9877135217855,2.5583686901698
ETH-fed(KEN+TZA+UGA),2008,5,imports_gdp,2013,lgbm_blind,28.9877135217855,2.5583680211832487
ETH-fed(KEN+TZA+UGA),2008,5,imports_gdp,2013,lgbm_lag,28.9877135217855,2.5583686901698
ETH-fed(KEN+TZA+UGA),2008,5,imports_gdp,2013,lgbm_typed,28.9877135217855,2.5583686901698
ETH-fed(KEN+TZA+UGA),2008,5,imports_gdp,2013,tft,28.9877135217855,2.524245554142233
ETH-fed(KEN+TZA+UGA),2008,5,imports_gdp,2013,tgcn,28.9877135217855,
ETH-fed(KEN+TZA+UGA),2008,5,imports_gdp,2013,persistence_scarcity,28.9877135217855,2.5583686901698
ETH-fed(KEN+TZA+UGA),2008,5,imports_gdp,2013,chronos_scarcity,28.9877135217855,2.465857797794577
ETH-fed(KEN+TZA+UGA),2008,5,imports_gdp,2013,gnn_scarcity,28.9877135217855,2.5583680211832487
ETH-fed(KEN+TZA+UGA),2008,1,current_account,2009,persistence,-6.75348362103612,0.08208804376849077
ETH-fed(KEN+TZA+UGA),2008,1,current_account,2009,arima,-6.75348362103612,0.4876612660205648
ETH-fed(KEN+TZA+UGA),2008,1,current_account,2009,chronos,-6.75348362103612,2.1966970838657103
ETH-fed(KEN+TZA+UGA),2008,1,current_account,2009,xgb_blind,-6.75348362103612,0.9592269338718138
ETH-fed(KEN+TZA+UGA),2008,1,current_account,2009,xgb_lag,-6.75348362103612,0.4876612660205648
ETH-fed(KEN+TZA+UGA),2008,1,current_account,2009,xgb_typed,-6.75348362103612,0.4876612660205648
ETH-fed(KEN+TZA+UGA),2008,1,current_account,2009,lgbm_blind,-6.75348362103612,3.54593742995306
ETH-fed(KEN+TZA+UGA),2008,1,current_account,2009,lgbm_lag,-6.75348362103612,0.4876612660205648
ETH-fed(KEN+TZA+UGA),2008,1,current_account,2009,lgbm_typed,-6.75348362103612,0.4876612660205648
ETH-fed(KEN+TZA+UGA),2008,1,current_account,2009,tft,-6.75348362103612,2.000815717135974
ETH-fed(KEN+TZA+UGA),2008,1,current_account,2009,tgcn,-6.75348362103612,
ETH-fed(KEN+TZA+UGA),2008,1,current_account,2009,persistence_scarcity,-6.75348362103612,0.08208804376849077
ETH-fed(KEN+TZA+UGA),2008,1,current_account,2009,chronos_scarcity,-6.75348362103612,2.1966970838657103
ETH-fed(KEN+TZA+UGA),2008,1,current_account,2009,gnn_scarcity,-6.75348362103612,3.048183766757556
ETH-fed(KEN+TZA+UGA),2008,3,current_account,2011,persistence,-3.30367964138338,3.3677159358842497
ETH-fed(KEN+TZA+UGA),2008,3,current_account,2011,arima,-3.30367964138338,3.0178037444362085
ETH-fed(KEN+TZA+UGA),2008,3,current_account,2011,chronos,-3.30367964138338,0.27460187305757433
ETH-fed(KEN+TZA+UGA),2008,3,current_account,2011,xgb_blind,-3.30367964138338,2.985009495121747
ETH-fed(KEN+TZA+UGA),2008,3,current_account,2011,xgb_lag,-3.30367964138338,3.0178037444362085
ETH-fed(KEN+TZA+UGA),2008,3,current_account,2011,xgb_typed,-3.30367964138338,3.0178037444362085
ETH-fed(KEN+TZA+UGA),2008,3,current_account,2011,lgbm_blind,-3.30367964138338,0.2817940152709779
ETH-fed(KEN+TZA+UGA),2008,3,current_account,2011,lgbm_lag,-3.30367964138338,3.0178037444362085
ETH-fed(KEN+TZA+UGA),2008,3,current_account,2011,lgbm_typed,-3.30367964138338,3.0178037444362085
ETH-fed(KEN+TZA+UGA),2008,3,current_account,2011,tft,-3.30367964138338,0.971735175746173
ETH-fed(KEN+TZA+UGA),2008,3,current_account,2011,tgcn,-3.30367964138338,
ETH-fed(KEN+TZA+UGA),2008,3,current_account,2011,persistence_scarcity,-3.30367964138338,3.3677159358842497
ETH-fed(KEN+TZA+UGA),2008,3,current_account,2011,chronos_scarcity,-3.30367964138338,0.27460187305757433
ETH-fed(KEN+TZA+UGA),2008,3,current_account,2011,gnn_scarcity,-3.30367964138338,0.3662565387313661
ETH-fed(KEN+TZA+UGA),2008,5,current_account,2013,persistence,-6.36626399169653,0.30513158557109943
ETH-fed(KEN+TZA+UGA),2008,5,current_account,2013,arima,-6.36626399169653,0.04327983770849464
ETH-fed(KEN+TZA+UGA),2008,5,current_account,2013,chronos,-6.36626399169653,4.272249108655148
ETH-fed(KEN+TZA+UGA),2008,5,current_account,2013,xgb_blind,-6.36626399169653,4.572609299319095
ETH-fed(KEN+TZA+UGA),2008,5,current_account,2013,xgb_lag,-6.36626399169653,0.04327983770849464
ETH-fed(KEN+TZA+UGA),2008,5,current_account,2013,xgb_typed,-6.36626399169653,0.04327983770849464
ETH-fed(KEN+TZA+UGA),2008,5,current_account,2013,lgbm_blind,-6.36626399169653,2.1818771465506233
ETH-fed(KEN+TZA+UGA),2008,5,current_account,2013,lgbm_lag,-6.36626399169653,0.04327983770849464
ETH-fed(KEN+TZA+UGA),2008,5,current_account,2013,lgbm_typed,-6.36626399169653,0.04327983770849464
ETH-fed(KEN+TZA+UGA),2008,5,current_account,2013,tft,-6.36626399169653,4.193625098569089
ETH-fed(KEN+TZA+UGA),2008,5,current_account,2013,tgcn,-6.36626399169653,
ETH-fed(KEN+TZA+UGA),2008,5,current_account,2013,persistence_scarcity,-6.36626399169653,0.30513158557109943
ETH-fed(KEN+TZA+UGA),2008,5,current_account,2013,chronos_scarcity,-6.36626399169653,4.272249108655148
ETH-fed(KEN+TZA+UGA),2008,5,current_account,2013,gnn_scarcity,-6.36626399169653,2.691409474713498
ETH-fed(KEN+TZA+UGA),2008,1,real_interest_rate,2009,persistence,-17.1217762401546,0.0
ETH-fed(KEN+TZA+UGA),2008,1,real_interest_rate,2009,arima,-17.1217762401546,2.7598942023951025
ETH-fed(KEN+TZA+UGA),2008,1,real_interest_rate,2009,chronos,-17.1217762401546,10.447947161480283
ETH-fed(KEN+TZA+UGA),2008,1,real_interest_rate,2009,xgb_blind,-17.1217762401546,3.978592531963681
ETH-fed(KEN+TZA+UGA),2008,1,real_interest_rate,2009,xgb_lag,-17.1217762401546,2.7598942023951025
ETH-fed(KEN+TZA+UGA),2008,1,real_interest_rate,2009,xgb_typed,-17.1217762401546,2.7598942023951025
ETH-fed(KEN+TZA+UGA),2008,1,real_interest_rate,2009,lgbm_blind,-17.1217762401546,19.28540201692233
ETH-fed(KEN+TZA+UGA),2008,1,real_interest_rate,2009,lgbm_lag,-17.1217762401546,2.7598942023951025
ETH-fed(KEN+TZA+UGA),2008,1,real_interest_rate,2009,lgbm_typed,-17.1217762401546,2.7598942023951025
ETH-fed(KEN+TZA+UGA),2008,1,real_interest_rate,2009,tft,-17.1217762401546,2.7421337535823334
ETH-fed(KEN+TZA+UGA),2008,1,real_interest_rate,2009,tgcn,-17.1217762401546,
ETH-fed(KEN+TZA+UGA),2008,1,real_interest_rate,2009,persistence_scarcity,-17.1217762401546,0.0
ETH-fed(KEN+TZA+UGA),2008,1,real_interest_rate,2009,chronos_scarcity,-17.1217762401546,10.447947161480283
ETH-fed(KEN+TZA+UGA),2008,1,real_interest_rate,2009,gnn_scarcity,-17.1217762401546,18.06667448787341
ETH-fed(KEN+TZA+UGA),2008,3,real_interest_rate,2011,persistence,-17.1217762401546,0.0
ETH-fed(KEN+TZA+UGA),2008,3,real_interest_rate,2011,arima,-17.1217762401546,2.1668588634765786
ETH-fed(KEN+TZA+UGA),2008,3,real_interest_rate,2011,chronos,-17.1217762401546,15.956042902752255
ETH-fed(KEN+TZA+UGA),2008,3,real_interest_rate,2011,xgb_blind,-17.1217762401546,5.527297632976865
ETH-fed(KEN+TZA+UGA),2008,3,real_interest_rate,2011,xgb_lag,-17.1217762401546,2.1668588634765786
ETH-fed(KEN+TZA+UGA),2008,3,real_interest_rate,2011,xgb_typed,-17.1217762401546,2.1668588634765786
ETH-fed(KEN+TZA+UGA),2008,3,real_interest_rate,2011,lgbm_blind,-17.1217762401546,20.650043213948106
ETH-fed(KEN+TZA+UGA),2008,3,real_interest_rate,2011,lgbm_lag,-17.1217762401546,2.1668588634765786
ETH-fed(KEN+TZA+UGA),2008,3,real_interest_rate,2011,lgbm_typed,-17.1217762401546,2.1668588634765786
ETH-fed(KEN+TZA+UGA),2008,3,real_interest_rate,2011,tft,-17.1217762401546,4.773313181682919
ETH-fed(KEN+TZA+UGA),2008,3,real_interest_rate,2011,tgcn,-17.1217762401546,
ETH-fed(KEN+TZA+UGA),2008,3,real_interest_rate,2011,persistence_scarcity,-17.1217762401546,0.0
ETH-fed(KEN+TZA+UGA),2008,3,real_interest_rate,2011,chronos_scarcity,-17.1217762401546,15.956042902752255
ETH-fed(KEN+TZA+UGA),2008,3,real_interest_rate,2011,gnn_scarcity,-17.1217762401546,18.147735374256467
ETH-fed(KEN+TZA+UGA),2008,5,real_interest_rate,2013,persistence,-17.1217762401546,0.0
ETH-fed(KEN+TZA+UGA),2008,5,real_interest_rate,2013,arima,-17.1217762401546,2.1089132568894424
ETH-fed(KEN+TZA+UGA),2008,5,real_interest_rate,2013,chronos,-17.1217762401546,16.36404575614581
ETH-fed(KEN+TZA+UGA),2008,5,real_interest_rate,2013,xgb_blind,-17.1217762401546,6.761268275066708
ETH-fed(KEN+TZA+UGA),2008,5,real_interest_rate,2013,xgb_lag,-17.1217762401546,2.1089132568894424
ETH-fed(KEN+TZA+UGA),2008,5,real_interest_rate,2013,xgb_typed,-17.1217762401546,2.1089132568894424
ETH-fed(KEN+TZA+UGA),2008,5,real_interest_rate,2013,lgbm_blind,-17.1217762401546,20.32356892307478
ETH-fed(KEN+TZA+UGA),2008,5,real_interest_rate,2013,lgbm_lag,-17.1217762401546,2.1089132568894424
ETH-fed(KEN+TZA+UGA),2008,5,real_interest_rate,2013,lgbm_typed,-17.1217762401546,2.1089132568894424
ETH-fed(KEN+TZA+UGA),2008,5,real_interest_rate,2013,tft,-17.1217762401546,5.334812777325009
ETH-fed(KEN+TZA+UGA),2008,5,real_interest_rate,2013,tgcn,-17.1217762401546,
ETH-fed(KEN+TZA+UGA),2008,5,real_interest_rate,2013,persistence_scarcity,-17.1217762401546,0.0
ETH-fed(KEN+TZA+UGA),2008,5,real_interest_rate,2013,chronos_scarcity,-17.1217762401546,16.36404575614581
ETH-fed(KEN+TZA+UGA),2008,5,real_interest_rate,2013,gnn_scarcity,-17.1217762401546,18.13646175174365
ETH-fed(KEN+TZA+UGA),2008,1,broad_money,2009,persistence,33.9671207502096,0.0
ETH-fed(KEN+TZA+UGA),2008,1,broad_money,2009,arima,33.9671207502096,0.2223195474819306
ETH-fed(KEN+TZA+UGA),2008,1,broad_money,2009,chronos,33.9671207502096,2.777671439906868
ETH-fed(KEN+TZA+UGA),2008,1,broad_money,2009,xgb_blind,33.9671207502096,2.450691597202507
ETH-fed(KEN+TZA+UGA),2008,1,broad_money,2009,xgb_lag,33.9671207502096,0.2223195474819306
ETH-fed(KEN+TZA+UGA),2008,1,broad_money,2009,xgb_typed,33.9671207502096,0.2223195474819306
ETH-fed(KEN+TZA+UGA),2008,1,broad_money,2009,lgbm_blind,33.9671207502096,1.6044443480230939
ETH-fed(KEN+TZA+UGA),2008,1,broad_money,2009,lgbm_lag,33.9671207502096,0.2223195474819306
ETH-fed(KEN+TZA+UGA),2008,1,broad_money,2009,lgbm_typed,33.9671207502096,0.2223195474819306
ETH-fed(KEN+TZA+UGA),2008,1,broad_money,2009,tft,33.9671207502096,1.8040203020364913
ETH-fed(KEN+TZA+UGA),2008,1,broad_money,2009,tgcn,33.9671207502096,
ETH-fed(KEN+TZA+UGA),2008,1,broad_money,2009,persistence_scarcity,33.9671207502096,0.0
ETH-fed(KEN+TZA+UGA),2008,1,broad_money,2009,chronos_scarcity,33.9671207502096,2.777671439906868
ETH-fed(KEN+TZA+UGA),2008,1,broad_money,2009,gnn_scarcity,33.9671207502096,0.3434719011575851
ETH-fed(KEN+TZA+UGA),2008,3,broad_money,2011,persistence,33.9671207502096,0.0
ETH-fed(KEN+TZA+UGA),2008,3,broad_money,2011,arima,33.9671207502096,0.23120662938904957
ETH-fed(KEN+TZA+UGA),2008,3,broad_money,2011,chronos,33.9671207502096,4.324237449428352
ETH-fed(KEN+TZA+UGA),2008,3,broad_money,2011,xgb_blind,33.9671207502096,1.5528072283060226
ETH-fed(KEN+TZA+UGA),2008,3,broad_money,2011,xgb_lag,33.9671207502096,0.23120662938904957
ETH-fed(KEN+TZA+UGA),2008,3,broad_money,2011,xgb_typed,33.9671207502096,0.23120662938904957
ETH-fed(KEN+TZA+UGA),2008,3,broad_money,2011,lgbm_blind,33.9671207502096,2.2496129438669357
ETH-fed(KEN+TZA+UGA),2008,3,broad_money,2011,lgbm_lag,33.9671207502096,0.23120662938904957
ETH-fed(KEN+TZA+UGA),2008,3,broad_money,2011,lgbm_typed,33.9671207502096,0.23120662938904957
ETH-fed(KEN+TZA+UGA),2008,3,broad_money,2011,tft,33.9671207502096,3.1277774736673507
ETH-fed(KEN+TZA+UGA),2008,3,broad_money,2011,tgcn,33.9671207502096,
ETH-fed(KEN+TZA+UGA),2008,3,broad_money,2011,persistence_scarcity,33.9671207502096,0.0
ETH-fed(KEN+TZA+UGA),2008,3,broad_money,2011,chronos_scarcity,33.9671207502096,4.324237449428352
ETH-fed(KEN+TZA+UGA),2008,3,broad_money,2011,gnn_scarcity,33.9671207502096,0.39876212332555383
ETH-fed(KEN+TZA+UGA),2008,5,broad_money,2013,persistence,33.9671207502096,0.0
ETH-fed(KEN+TZA+UGA),2008,5,broad_money,2013,arima,33.9671207502096,0.23121979725429753
ETH-fed(KEN+TZA+UGA),2008,5,broad_money,2013,chronos,33.9671207502096,5.097529990932259
ETH-fed(KEN+TZA+UGA),2008,5,broad_money,2013,xgb_blind,33.9671207502096,1.53112448904821
ETH-fed(KEN+TZA+UGA),2008,5,broad_money,2013,xgb_lag,33.9671207502096,0.23121979725429753
ETH-fed(KEN+TZA+UGA),2008,5,broad_money,2013,xgb_typed,33.9671207502096,0.23121979725429753
ETH-fed(KEN+TZA+UGA),2008,5,broad_money,2013,lgbm_blind,33.9671207502096,3.2703110484528537
ETH-fed(KEN+TZA+UGA),2008,5,broad_money,2013,lgbm_lag,33.9671207502096,0.23121979725429753
ETH-fed(KEN+TZA+UGA),2008,5,broad_money,2013,lgbm_typed,33.9671207502096,0.23121979725429753
ETH-fed(KEN+TZA+UGA),2008,5,broad_money,2013,tft,33.9671207502096,3.4935916826517257
ETH-fed(KEN+TZA+UGA),2008,5,broad_money,2013,tgcn,33.9671207502096,
ETH-fed(KEN+TZA+UGA),2008,5,broad_money,2013,persistence_scarcity,33.9671207502096,0.0
ETH-fed(KEN+TZA+UGA),2008,5,broad_money,2013,chronos_scarcity,33.9671207502096,5.097529990932259
ETH-fed(KEN+TZA+UGA),2008,5,broad_money,2013,gnn_scarcity,33.9671207502096,0.39107169363805383
ETH-fed(KEN+TZA+UGA),2008,1,private_credit,2009,persistence,17.7101483486321,0.0
ETH-fed(KEN+TZA+UGA),2008,1,private_credit,2009,arima,17.7101483486321,0.4129652052592725
ETH-fed(KEN+TZA+UGA),2008,1,private_credit,2009,chronos,17.7101483486321,1.640459551635029
ETH-fed(KEN+TZA+UGA),2008,1,private_credit,2009,xgb_blind,17.7101483486321,0.09395359533762715
ETH-fed(KEN+TZA+UGA),2008,1,private_credit,2009,xgb_lag,17.7101483486321,0.4129652052592725
ETH-fed(KEN+TZA+UGA),2008,1,private_credit,2009,xgb_typed,17.7101483486321,0.4129652052592725
ETH-fed(KEN+TZA+UGA),2008,1,private_credit,2009,lgbm_blind,17.7101483486321,4.228085565125918
ETH-fed(KEN+TZA+UGA),2008,1,private_credit,2009,lgbm_lag,17.7101483486321,0.4129652052592725
ETH-fed(KEN+TZA+UGA),2008,1,private_credit,2009,lgbm_typed,17.7101483486321,0.4129652052592725
ETH-fed(KEN+TZA+UGA),2008,1,private_credit,2009,tft,17.7101483486321,0.3255095340583303
ETH-fed(KEN+TZA+UGA),2008,1,private_credit,2009,tgcn,17.7101483486321,
ETH-fed(KEN+TZA+UGA),2008,1,private_credit,2009,persistence_scarcity,17.7101483486321,0.0
ETH-fed(KEN+TZA+UGA),2008,1,private_credit,2009,chronos_scarcity,17.7101483486321,1.640459551635029
ETH-fed(KEN+TZA+UGA),2008,1,private_credit,2009,gnn_scarcity,17.7101483486321,5.769759669127705
ETH-fed(KEN+TZA+UGA),2008,3,private_credit,2011,persistence,17.7101483486321,0.0
ETH-fed(KEN+TZA+UGA),2008,3,private_credit,2011,arima,17.7101483486321,0.7282835698556234
ETH-fed(KEN+TZA+UGA),2008,3,private_credit,2011,chronos,17.7101483486321,5.4575991771843455
ETH-fed(KEN+TZA+UGA),2008,3,private_credit,2011,xgb_blind,17.7101483486321,0.32816363793874004
ETH-fed(KEN+TZA+UGA),2008,3,private_credit,2011,xgb_lag,17.7101483486321,0.7282835698556234
ETH-fed(KEN+TZA+UGA),2008,3,private_credit,2011,xgb_typed,17.7101483486321,0.7282835698556234
ETH-fed(KEN+TZA+UGA),2008,3,private_credit,2011,lgbm_blind,17.7101483486321,2.762206002297642
ETH-fed(KEN+TZA+UGA),2008,3,private_credit,2011,lgbm_lag,17.7101483486321,0.7282835698556234
ETH-fed(KEN+TZA+UGA),2008,3,private_credit,2011,lgbm_typed,17.7101483486321,0.7282835698556234
ETH-fed(KEN+TZA+UGA),2008,3,private_credit,2011,tft,17.7101483486321,0.48906277197336934
ETH-fed(KEN+TZA+UGA),2008,3,private_credit,2011,tgcn,17.7101483486321,
ETH-fed(KEN+TZA+UGA),2008,3,private_credit,2011,persistence_scarcity,17.7101483486321,0.0
ETH-fed(KEN+TZA+UGA),2008,3,private_credit,2011,chronos_scarcity,17.7101483486321,5.4575991771843455
ETH-fed(KEN+TZA+UGA),2008,3,private_credit,2011,gnn_scarcity,17.7101483486321,5.710109247985127
ETH-fed(KEN+TZA+UGA),2008,5,private_credit,2013,persistence,17.7101483486321,0.0
ETH-fed(KEN+TZA+UGA),2008,5,private_credit,2013,arima,17.7101483486321,0.8092561628906552
ETH-fed(KEN+TZA+UGA),2008,5,private_credit,2013,chronos,17.7101483486321,7.860984339537861
ETH-fed(KEN+TZA+UGA),2008,5,private_credit,2013,xgb_blind,17.7101483486321,0.37752102392649434
ETH-fed(KEN+TZA+UGA),2008,5,private_credit,2013,xgb_lag,17.7101483486321,0.8092561628906552
ETH-fed(KEN+TZA+UGA),2008,5,private_credit,2013,xgb_typed,17.7101483486321,0.8092561628906552
ETH-fed(KEN+TZA+UGA),2008,5,private_credit,2013,lgbm_blind,17.7101483486321,1.2219302795555613
ETH-fed(KEN+TZA+UGA),2008,5,private_credit,2013,lgbm_lag,17.7101483486321,0.8092561628906552
ETH-fed(KEN+TZA+UGA),2008,5,private_credit,2013,lgbm_typed,17.7101483486321,0.8092561628906552
ETH-fed(KEN+TZA+UGA),2008,5,private_credit,2013,tft,17.7101483486321,0.5331530429694631
ETH-fed(KEN+TZA+UGA),2008,5,private_credit,2013,tgcn,17.7101483486321,
ETH-fed(KEN+TZA+UGA),2008,5,private_credit,2013,persistence_scarcity,17.7101483486321,0.0
ETH-fed(KEN+TZA+UGA),2008,5,private_credit,2013,chronos_scarcity,17.7101483486321,7.860984339537861
ETH-fed(KEN+TZA+UGA),2008,5,private_credit,2013,gnn_scarcity,17.7101483486321,5.718405260863545
ETH-fed(KEN+TZA+UGA),2008,1,govt_consumption,2009,persistence,10.3182460672537,0.0
ETH-fed(KEN+TZA+UGA),2008,1,govt_consumption,2009,arima,10.3182460672537,0.0
ETH-fed(KEN+TZA+UGA),2008,1,govt_consumption,2009,chronos,10.3182460672537,0.030260265556922405
ETH-fed(KEN+TZA+UGA),2008,1,govt_consumption,2009,xgb_blind,10.3182460672537,1.7949735209299433e-07
ETH-fed(KEN+TZA+UGA),2008,1,govt_consumption,2009,xgb_lag,10.3182460672537,0.0
ETH-fed(KEN+TZA+UGA),2008,1,govt_consumption,2009,xgb_typed,10.3182460672537,0.0
ETH-fed(KEN+TZA+UGA),2008,1,govt_consumption,2009,lgbm_blind,10.3182460672537,1.7949735209299433e-07
ETH-fed(KEN+TZA+UGA),2008,1,govt_consumption,2009,lgbm_lag,10.3182460672537,0.0
ETH-fed(KEN+TZA+UGA),2008,1,govt_consumption,2009,lgbm_typed,10.3182460672537,0.0
ETH-fed(KEN+TZA+UGA),2008,1,govt_consumption,2009,tft,10.3182460672537,0.028678119866004437
ETH-fed(KEN+TZA+UGA),2008,1,govt_consumption,2009,tgcn,10.3182460672537,
ETH-fed(KEN+TZA+UGA),2008,1,govt_consumption,2009,persistence_scarcity,10.3182460672537,0.0
ETH-fed(KEN+TZA+UGA),2008,1,govt_consumption,2009,chronos_scarcity,10.3182460672537,0.030260265556922405
ETH-fed(KEN+TZA+UGA),2008,1,govt_consumption,2009,gnn_scarcity,10.3182460672537,1.7278512807195057e-06
ETH-fed(KEN+TZA+UGA),2008,3,govt_consumption,2011,persistence,10.3182460672537,0.0
ETH-fed(KEN+TZA+UGA),2008,3,govt_consumption,2011,arima,10.3182460672537,0.0
ETH-fed(KEN+TZA+UGA),2008,3,govt_consumption,2011,chronos,10.3182460672537,0.030260265556922405
ETH-fed(KEN+TZA+UGA),2008,3,govt_consumption,2011,xgb_blind,10.3182460672537,1.7949735209299433e-07
ETH-fed(KEN+TZA+UGA),2008,3,govt_consumption,2011,xgb_lag,10.3182460672537,0.0
ETH-fed(KEN+TZA+UGA),2008,3,govt_consumption,2011,xgb_typed,10.3182460672537,0.0
ETH-fed(KEN+TZA+UGA),2008,3,govt_consumption,2011,lgbm_blind,10.3182460672537,1.7949735209299433e-07
ETH-fed(KEN+TZA+UGA),2008,3,govt_consumption,2011,lgbm_lag,10.3182460672537,0.0
ETH-fed(KEN+TZA+UGA),2008,3,govt_consumption,2011,lgbm_typed,10.3182460672537,0.0
ETH-fed(KEN+TZA+UGA),2008,3,govt_consumption,2011,tft,10.3182460672537,0.03768175908719584
ETH-fed(KEN+TZA+UGA),2008,3,govt_consumption,2011,tgcn,10.3182460672537,
ETH-fed(KEN+TZA+UGA),2008,3,govt_consumption,2011,persistence_scarcity,10.3182460672537,0.0
ETH-fed(KEN+TZA+UGA),2008,3,govt_consumption,2011,chronos_scarcity,10.3182460672537,0.030260265556922405
ETH-fed(KEN+TZA+UGA),2008,3,govt_consumption,2011,gnn_scarcity,10.3182460672537,1.7278512807195057e-06
ETH-fed(KEN+TZA+UGA),2008,5,govt_consumption,2013,persistence,8.9554736783348,1.3627723889189003
ETH-fed(KEN+TZA+UGA),2008,5,govt_consumption,2013,arima,8.9554736783348,1.3627723889189003
ETH-fed(KEN+TZA+UGA),2008,5,govt_consumption,2013,chronos,8.9554736783348,1.3325121233619779
ETH-fed(KEN+TZA+UGA),2008,5,govt_consumption,2013,xgb_blind,8.9554736783348,1.3627722094215482
ETH-fed(KEN+TZA+UGA),2008,5,govt_consumption,2013,xgb_lag,8.9554736783348,1.3627723889189003
ETH-fed(KEN+TZA+UGA),2008,5,govt_consumption,2013,xgb_typed,8.9554736783348,1.3627723889189003
ETH-fed(KEN+TZA+UGA),2008,5,govt_consumption,2013,lgbm_blind,8.9554736783348,1.3627722094215482
ETH-fed(KEN+TZA+UGA),2008,5,govt_consumption,2013,lgbm_lag,8.9554736783348,1.3627723889189003
ETH-fed(KEN+TZA+UGA),2008,5,govt_consumption,2013,lgbm_typed,8.9554736783348,1.3627723889189003
ETH-fed(KEN+TZA+UGA),2008,5,govt_consumption,2013,tft,8.9554736783348,1.3286497423805326
ETH-fed(KEN+TZA+UGA),2008,5,govt_consumption,2013,tgcn,8.9554736783348,
ETH-fed(KEN+TZA+UGA),2008,5,govt_consumption,2013,persistence_scarcity,8.9554736783348,1.3627723889189003
ETH-fed(KEN+TZA+UGA),2008,5,govt_consumption,2013,chronos_scarcity,8.9554736783348,1.3325121233619779
ETH-fed(KEN+TZA+UGA),2008,5,govt_consumption,2013,gnn_scarcity,8.9554736783348,1.362774116770181
ETH-fed(KEN+TZA+UGA),2009,1,gdp_growth,2010,persistence,12.5505383347633,3.7479851357145986
ETH-fed(KEN+TZA+UGA),2009,1,gdp_growth,2010,arima,12.5505383347633,3.1520858825981097
ETH-fed(KEN+TZA+UGA),2009,1,gdp_growth,2010,chronos,12.5505383347633,3.4752362107398618
ETH-fed(KEN+TZA+UGA),2009,1,gdp_growth,2010,xgb_blind,12.5505383347633,2.1393730973365415
ETH-fed(KEN+TZA+UGA),2009,1,gdp_growth,2010,xgb_lag,12.5505383347633,3.1520858825981097
ETH-fed(KEN+TZA+UGA),2009,1,gdp_growth,2010,xgb_typed,12.5505383347633,3.1520858825981097
ETH-fed(KEN+TZA+UGA),2009,1,gdp_growth,2010,lgbm_blind,12.5505383347633,7.028661221621788
ETH-fed(KEN+TZA+UGA),2009,1,gdp_growth,2010,lgbm_lag,12.5505383347633,3.1520858825981097
ETH-fed(KEN+TZA+UGA),2009,1,gdp_growth,2010,lgbm_typed,12.5505383347633,3.1520858825981097
ETH-fed(KEN+TZA+UGA),2009,1,gdp_growth,2010,tft,12.5505383347633,1.7943890427711118
ETH-fed(KEN+TZA+UGA),2009,1,gdp_growth,2010,tgcn,12.5505383347633,
ETH-fed(KEN+TZA+UGA),2009,1,gdp_growth,2010,persistence_scarcity,12.5505383347633,3.7479851357145986
ETH-fed(KEN+TZA+UGA),2009,1,gdp_growth,2010,chronos_scarcity,12.5505383347633,3.4752362107398618
ETH-fed(KEN+TZA+UGA),2009,1,gdp_growth,2010,gnn_scarcity,12.5505383347633,8.158470425522577
ETH-fed(KEN+TZA+UGA),2009,3,gdp_growth,2012,persistence,8.64781163513926,0.15474156390944138
ETH-fed(KEN+TZA+UGA),2009,3,gdp_growth,2012,arima,8.64781163513926,0.6254889284702259
ETH-fed(KEN+TZA+UGA),2009,3,gdp_growth,2012,chronos,8.64781163513926,0.7033350628587876
ETH-fed(KEN+TZA+UGA),2009,3,gdp_growth,2012,xgb_blind,8.64781163513926,0.8112747830125961
ETH-fed(KEN+TZA+UGA),2009,3,gdp_growth,2012,xgb_lag,8.64781163513926,0.6254889284702259
ETH-fed(KEN+TZA+UGA),2009,3,gdp_growth,2012,xgb_typed,8.64781163513926,0.6254889284702259
ETH-fed(KEN+TZA+UGA),2009,3,gdp_growth,2012,lgbm_blind,8.64781163513926,1.5463042519048988
ETH-fed(KEN+TZA+UGA),2009,3,gdp_growth,2012,lgbm_lag,8.64781163513926,0.6254889284702259
ETH-fed(KEN+TZA+UGA),2009,3,gdp_growth,2012,lgbm_typed,8.64781163513926,0.6254889284702259
ETH-fed(KEN+TZA+UGA),2009,3,gdp_growth,2012,tft,8.64781163513926,2.1306870144579086
ETH-fed(KEN+TZA+UGA),2009,3,gdp_growth,2012,tgcn,8.64781163513926,
ETH-fed(KEN+TZA+UGA),2009,3,gdp_growth,2012,persistence_scarcity,8.64781163513926,0.15474156390944138
ETH-fed(KEN+TZA+UGA),2009,3,gdp_growth,2012,chronos_scarcity,8.64781163513926,0.7033350628587876
ETH-fed(KEN+TZA+UGA),2009,3,gdp_growth,2012,gnn_scarcity,8.64781163513926,4.178595288398537
ETH-fed(KEN+TZA+UGA),2009,5,gdp_growth,2014,persistence,10.2574929627477,1.4549397636989987
ETH-fed(KEN+TZA+UGA),2009,5,gdp_growth,2014,arima,10.2574929627477,0.9954601797754474
ETH-fed(KEN+TZA+UGA),2009,5,gdp_growth,2014,chronos,10.2574929627477,1.1546086701451603
ETH-fed(KEN+TZA+UGA),2009,5,gdp_growth,2014,xgb_blind,10.2574929627477,0.9225720795689885
ETH-fed(KEN+TZA+UGA),2009,5,gdp_growth,2014,xgb_lag,10.2574929627477,0.9954601797754474
ETH-fed(KEN+TZA+UGA),2009,5,gdp_growth,2014,xgb_typed,10.2574929627477,0.9954601797754474
ETH-fed(KEN+TZA+UGA),2009,5,gdp_growth,2014,lgbm_blind,10.2574929627477,3.297971144586689
ETH-fed(KEN+TZA+UGA),2009,5,gdp_growth,2014,lgbm_lag,10.2574929627477,0.9954601797754474
ETH-fed(KEN+TZA+UGA),2009,5,gdp_growth,2014,lgbm_typed,10.2574929627477,0.9954601797754474
ETH-fed(KEN+TZA+UGA),2009,5,gdp_growth,2014,tft,10.2574929627477,0.5282173720301326
ETH-fed(KEN+TZA+UGA),2009,5,gdp_growth,2014,tgcn,10.2574929627477,
ETH-fed(KEN+TZA+UGA),2009,5,gdp_growth,2014,persistence_scarcity,10.2574929627477,1.4549397636989987
ETH-fed(KEN+TZA+UGA),2009,5,gdp_growth,2014,chronos_scarcity,10.2574929627477,1.1546086701451603
ETH-fed(KEN+TZA+UGA),2009,5,gdp_growth,2014,gnn_scarcity,10.2574929627477,5.834751072794086
ETH-fed(KEN+TZA+UGA),2009,1,inflation_cpi,2010,persistence,8.14926402965082,0.33438001565200004
ETH-fed(KEN+TZA+UGA),2009,1,inflation_cpi,2010,arima,8.14926402965082,23.812888151500456
ETH-fed(KEN+TZA+UGA),2009,1,inflation_cpi,2010,chronos,8.14926402965082,0.7942721168090223
ETH-fed(KEN+TZA+UGA),2009,1,inflation_cpi,2010,xgb_blind,8.14926402965082,3.3331053932617785
ETH-fed(KEN+TZA+UGA),2009,1,inflation_cpi,2010,xgb_lag,8.14926402965082,23.812888151500456
ETH-fed(KEN+TZA+UGA),2009,1,inflation_cpi,2010,xgb_typed,8.14926402965082,23.812888151500456
ETH-fed(KEN+TZA+UGA),2009,1,inflation_cpi,2010,lgbm_blind,8.14926402965082,0.9353499711715489
ETH-fed(KEN+TZA+UGA),2009,1,inflation_cpi,2010,lgbm_lag,8.14926402965082,23.812888151500456
ETH-fed(KEN+TZA+UGA),2009,1,inflation_cpi,2010,lgbm_typed,8.14926402965082,23.812888151500456
ETH-fed(KEN+TZA+UGA),2009,1,inflation_cpi,2010,tft,8.14926402965082,0.16004388728631724
ETH-fed(KEN+TZA+UGA),2009,1,inflation_cpi,2010,tgcn,8.14926402965082,
ETH-fed(KEN+TZA+UGA),2009,1,inflation_cpi,2010,persistence_scarcity,8.14926402965082,0.33438001565200004
ETH-fed(KEN+TZA+UGA),2009,1,inflation_cpi,2010,chronos_scarcity,8.14926402965082,0.7942721168090223
ETH-fed(KEN+TZA+UGA),2009,1,inflation_cpi,2010,gnn_scarcity,8.14926402965082,1.113910369067323
ETH-fed(KEN+TZA+UGA),2009,3,inflation_cpi,2012,persistence,23.600417677317,15.116773632014182
ETH-fed(KEN+TZA+UGA),2009,3,inflation_cpi,2012,arima,23.600417677317,3.052464893248562
ETH-fed(KEN+TZA+UGA),2009,3,inflation_cpi,2012,chronos,23.600417677317,15.819613043222763
ETH-fed(KEN+TZA+UGA),2009,3,inflation_cpi,2012,xgb_blind,23.600417677317,11.486888471994735
ETH-fed(KEN+TZA+UGA),2009,3,inflation_cpi,2012,xgb_lag,23.600417677317,3.052464893248562
ETH-fed(KEN+TZA+UGA),2009,3,inflation_cpi,2012,xgb_typed,23.600417677317,3.052464893248562
ETH-fed(KEN+TZA+UGA),2009,3,inflation_cpi,2012,lgbm_blind,23.600417677317,16.167616318476956
ETH-fed(KEN+TZA+UGA),2009,3,inflation_cpi,2012,lgbm_lag,23.600417677317,3.052464893248562
ETH-fed(KEN+TZA+UGA),2009,3,inflation_cpi,2012,lgbm_typed,23.600417677317,3.052464893248562
ETH-fed(KEN+TZA+UGA),2009,3,inflation_cpi,2012,tft,23.600417677317,13.971120420847274
ETH-fed(KEN+TZA+UGA),2009,3,inflation_cpi,2012,tgcn,23.600417677317,
ETH-fed(KEN+TZA+UGA),2009,3,inflation_cpi,2012,persistence_scarcity,23.600417677317,15.116773632014182
ETH-fed(KEN+TZA+UGA),2009,3,inflation_cpi,2012,chronos_scarcity,23.600417677317,15.819613043222763
ETH-fed(KEN+TZA+UGA),2009,3,inflation_cpi,2012,gnn_scarcity,23.600417677317,16.420696798715927
ETH-fed(KEN+TZA+UGA),2009,5,inflation_cpi,2014,persistence,6.89001951597191,1.593624529330909
ETH-fed(KEN+TZA+UGA),2009,5,inflation_cpi,2014,arima,6.89001951597191,17.488606959907056
ETH-fed(KEN+TZA+UGA),2009,5,inflation_cpi,2014,chronos,6.89001951597191,0.038265327434312546
ETH-fed(KEN+TZA+UGA),2009,5,inflation_cpi,2014,xgb_blind,6.89001951597191,19.521761795063245
ETH-fed(KEN+TZA+UGA),2009,5,inflation_cpi,2014,xgb_lag,6.89001951597191,17.488606959907056
ETH-fed(KEN+TZA+UGA),2009,5,inflation_cpi,2014,xgb_typed,6.89001951597191,17.488606959907056
ETH-fed(KEN+TZA+UGA),2009,5,inflation_cpi,2014,lgbm_blind,6.89001951597191,0.791359230060805
ETH-fed(KEN+TZA+UGA),2009,5,inflation_cpi,2014,lgbm_lag,6.89001951597191,17.488606959907056
ETH-fed(KEN+TZA+UGA),2009,5,inflation_cpi,2014,lgbm_typed,6.89001951597191,17.488606959907056
ETH-fed(KEN+TZA+UGA),2009,5,inflation_cpi,2014,tft,6.89001951597191,3.1067360840036757
ETH-fed(KEN+TZA+UGA),2009,5,inflation_cpi,2014,tgcn,6.89001951597191,
ETH-fed(KEN+TZA+UGA),2009,5,inflation_cpi,2014,persistence_scarcity,6.89001951597191,1.593624529330909
ETH-fed(KEN+TZA+UGA),2009,5,inflation_cpi,2014,chronos_scarcity,6.89001951597191,0.038265327434312546
ETH-fed(KEN+TZA+UGA),2009,5,inflation_cpi,2014,gnn_scarcity,6.89001951597191,0.20273389436744527
ETH-fed(KEN+TZA+UGA),2009,1,unemployment,2010,persistence,2.295,0.03100000000000014
ETH-fed(KEN+TZA+UGA),2009,1,unemployment,2010,arima,2.295,0.03100000000000014
ETH-fed(KEN+TZA+UGA),2009,1,unemployment,2010,chronos,2.295,0.033270435333252024
ETH-fed(KEN+TZA+UGA),2009,1,unemployment,2010,xgb_blind,2.295,0.06290634155273445
ETH-fed(KEN+TZA+UGA),2009,1,unemployment,2010,xgb_lag,2.295,0.03100000000000014
ETH-fed(KEN+TZA+UGA),2009,1,unemployment,2010,xgb_typed,2.295,0.03100000000000014
ETH-fed(KEN+TZA+UGA),2009,1,unemployment,2010,lgbm_blind,2.295,0.7007894526029887
ETH-fed(KEN+TZA+UGA),2009,1,unemployment,2010,lgbm_lag,2.295,0.03100000000000014
ETH-fed(KEN+TZA+UGA),2009,1,unemployment,2010,lgbm_typed,2.295,0.03100000000000014
ETH-fed(KEN+TZA+UGA),2009,1,unemployment,2010,tft,2.295,0.031029062271118235
ETH-fed(KEN+TZA+UGA),2009,1,unemployment,2010,tgcn,2.295,
ETH-fed(KEN+TZA+UGA),2009,1,unemployment,2010,persistence_scarcity,2.295,0.03100000000000014
ETH-fed(KEN+TZA+UGA),2009,1,unemployment,2010,chronos_scarcity,2.295,0.033270435333252024
ETH-fed(KEN+TZA+UGA),2009,1,unemployment,2010,gnn_scarcity,2.295,0.6511865425109864
ETH-fed(KEN+TZA+UGA),2009,3,unemployment,2012,persistence,2.252,0.07400000000000029
ETH-fed(KEN+TZA+UGA),2009,3,unemployment,2012,arima,2.252,0.07400000000000029
ETH-fed(KEN+TZA+UGA),2009,3,unemployment,2012,chronos,2.252,0.1755798797607424
ETH-fed(KEN+TZA+UGA),2009,3,unemployment,2012,xgb_blind,2.252,0.09249338912963889
ETH-fed(KEN+TZA+UGA),2009,3,unemployment,2012,xgb_lag,2.252,0.07400000000000029
ETH-fed(KEN+TZA+UGA),2009,3,unemployment,2012,xgb_typed,2.252,0.07400000000000029
ETH-fed(KEN+TZA+UGA),2009,3,unemployment,2012,lgbm_blind,2.252,0.702117634717156
ETH-fed(KEN+TZA+UGA),2009,3,unemployment,2012,lgbm_lag,2.252,0.07400000000000029
ETH-fed(KEN+TZA+UGA),2009,3,unemployment,2012,lgbm_typed,2.252,0.07400000000000029
ETH-fed(KEN+TZA+UGA),2009,3,unemployment,2012,tft,2.252,0.07417092132568381
ETH-fed(KEN+TZA+UGA),2009,3,unemployment,2012,tgcn,2.252,
ETH-fed(KEN+TZA+UGA),2009,3,unemployment,2012,persistence_scarcity,2.252,0.07400000000000029
ETH-fed(KEN+TZA+UGA),2009,3,unemployment,2012,chronos_scarcity,2.252,0.1755798797607424
ETH-fed(KEN+TZA+UGA),2009,3,unemployment,2012,gnn_scarcity,2.252,0.6991747360229494
ETH-fed(KEN+TZA+UGA),2009,5,unemployment,2014,persistence,2.361,0.03500000000000014
ETH-fed(KEN+TZA+UGA),2009,5,unemployment,2014,arima,2.361,0.03500000000000014
ETH-fed(KEN+TZA+UGA),2009,5,unemployment,2014,chronos,2.361,0.24313074493408182
ETH-fed(KEN+TZA+UGA),2009,5,unemployment,2014,xgb_blind,2.361,0.0004985942840574076
ETH-fed(KEN+TZA+UGA),2009,5,unemployment,2014,xgb_lag,2.361,0.03500000000000014
ETH-fed(KEN+TZA+UGA),2009,5,unemployment,2014,xgb_typed,2.361,0.03500000000000014
ETH-fed(KEN+TZA+UGA),2009,5,unemployment,2014,lgbm_blind,2.361,0.5635333194732666
ETH-fed(KEN+TZA+UGA),2009,5,unemployment,2014,lgbm_lag,2.361,0.03500000000000014
ETH-fed(KEN+TZA+UGA),2009,5,unemployment,2014,lgbm_typed,2.361,0.03500000000000014
ETH-fed(KEN+TZA+UGA),2009,5,unemployment,2014,tft,2.361,0.03473657226562521
ETH-fed(KEN+TZA+UGA),2009,5,unemployment,2014,tgcn,2.361,
ETH-fed(KEN+TZA+UGA),2009,5,unemployment,2014,persistence_scarcity,2.361,0.03500000000000014
ETH-fed(KEN+TZA+UGA),2009,5,unemployment,2014,chronos_scarcity,2.361,0.24313074493408182
ETH-fed(KEN+TZA+UGA),2009,5,unemployment,2014,gnn_scarcity,2.361,0.5871697082519529
ETH-fed(KEN+TZA+UGA),2009,1,exports_gdp,2010,persistence,16.6868531997337,0.0
ETH-fed(KEN+TZA+UGA),2009,1,exports_gdp,2010,arima,16.6868531997337,0.0
ETH-fed(KEN+TZA+UGA),2009,1,exports_gdp,2010,chronos,16.6868531997337,0.04893282009502897
ETH-fed(KEN+TZA+UGA),2009,1,exports_gdp,2010,xgb_blind,16.6868531997337,2.090797757148266e-07
ETH-fed(KEN+TZA+UGA),2009,1,exports_gdp,2010,xgb_lag,16.6868531997337,0.0
ETH-fed(KEN+TZA+UGA),2009,1,exports_gdp,2010,xgb_typed,16.6868531997337,0.0
ETH-fed(KEN+TZA+UGA),2009,1,exports_gdp,2010,lgbm_blind,16.6868531997337,2.090797757148266e-07
ETH-fed(KEN+TZA+UGA),2009,1,exports_gdp,2010,lgbm_lag,16.6868531997337,0.0
ETH-fed(KEN+TZA+UGA),2009,1,exports_gdp,2010,lgbm_typed,16.6868531997337,0.0
ETH-fed(KEN+TZA+UGA),2009,1,exports_gdp,2010,tft,16.6868531997337,0.11800214694598665
ETH-fed(KEN+TZA+UGA),2009,1,exports_gdp,2010,tgcn,16.6868531997337,
ETH-fed(KEN+TZA+UGA),2009,1,exports_gdp,2010,persistence_scarcity,16.6868531997337,0.0
ETH-fed(KEN+TZA+UGA),2009,1,exports_gdp,2010,chronos_scarcity,16.6868531997337,0.04893282009502897
ETH-fed(KEN+TZA+UGA),2009,1,exports_gdp,2010,gnn_scarcity,16.6868531997337,2.1164284085273266e-06
ETH-fed(KEN+TZA+UGA),2009,3,exports_gdp,2012,persistence,13.7672981990263,2.919555000707401
ETH-fed(KEN+TZA+UGA),2009,3,exports_gdp,2012,arima,13.7672981990263,2.919555000707401
ETH-fed(KEN+TZA+UGA),2009,3,exports_gdp,2012,chronos,13.7672981990263,2.870622180612372
ETH-fed(KEN+TZA+UGA),2009,3,exports_gdp,2012,xgb_blind,13.7672981990263,2.919555209787177
ETH-fed(KEN+TZA+UGA),2009,3,exports_gdp,2012,xgb_lag,13.7672981990263,2.919555000707401
ETH-fed(KEN+TZA+UGA),2009,3,exports_gdp,2012,xgb_typed,13.7672981990263,2.919555000707401
ETH-fed(KEN+TZA+UGA),2009,3,exports_gdp,2012,lgbm_blind,13.7672981990263,2.919555209787177
ETH-fed(KEN+TZA+UGA),2009,3,exports_gdp,2012,lgbm_lag,13.7672981990263,2.919555000707401
ETH-fed(KEN+TZA+UGA),2009,3,exports_gdp,2012,lgbm_typed,13.7672981990263,2.919555000707401
ETH-fed(KEN+TZA+UGA),2009,3,exports_gdp,2012,tft,13.7672981990263,3.0365424381807316
ETH-fed(KEN+TZA+UGA),2009,3,exports_gdp,2012,tgcn,13.7672981990263,
ETH-fed(KEN+TZA+UGA),2009,3,exports_gdp,2012,persistence_scarcity,13.7672981990263,2.919555000707401
ETH-fed(KEN+TZA+UGA),2009,3,exports_gdp,2012,chronos_scarcity,13.7672981990263,2.870622180612372
ETH-fed(KEN+TZA+UGA),2009,3,exports_gdp,2012,gnn_scarcity,13.7672981990263,2.9195571171358097
ETH-fed(KEN+TZA+UGA),2009,5,exports_gdp,2014,persistence,11.6416199095703,5.0452332901634005
ETH-fed(KEN+TZA+UGA),2009,5,exports_gdp,2014,arima,11.6416199095703,5.0452332901634005
ETH-fed(KEN+TZA+UGA),2009,5,exports_gdp,2014,chronos,11.6416199095703,4.9963004700683715
ETH-fed(KEN+TZA+UGA),2009,5,exports_gdp,2014,xgb_blind,11.6416199095703,5.045233499243176
ETH-fed(KEN+TZA+UGA),2009,5,exports_gdp,2014,xgb_lag,11.6416199095703,5.0452332901634005
ETH-fed(KEN+TZA+UGA),2009,5,exports_gdp,2014,xgb_typed,11.6416199095703,5.0452332901634005
ETH-fed(KEN+TZA+UGA),2009,5,exports_gdp,2014,lgbm_blind,11.6416199095703,5.045233499243176
ETH-fed(KEN+TZA+UGA),2009,5,exports_gdp,2014,lgbm_lag,11.6416199095703,5.0452332901634005
ETH-fed(KEN+TZA+UGA),2009,5,exports_gdp,2014,lgbm_typed,11.6416199095703,5.0452332901634005
ETH-fed(KEN+TZA+UGA),2009,5,exports_gdp,2014,tft,11.6416199095703,5.165913354589856
ETH-fed(KEN+TZA+UGA),2009,5,exports_gdp,2014,tgcn,11.6416199095703,
ETH-fed(KEN+TZA+UGA),2009,5,exports_gdp,2014,persistence_scarcity,11.6416199095703,5.0452332901634005
ETH-fed(KEN+TZA+UGA),2009,5,exports_gdp,2014,chronos_scarcity,11.6416199095703,4.9963004700683715
ETH-fed(KEN+TZA+UGA),2009,5,exports_gdp,2014,gnn_scarcity,11.6416199095703,5.045235406591809
ETH-fed(KEN+TZA+UGA),2009,1,imports_gdp,2010,persistence,31.5460822119553,0.0
ETH-fed(KEN+TZA+UGA),2009,1,imports_gdp,2010,arima,31.5460822119553,0.0
ETH-fed(KEN+TZA+UGA),2009,1,imports_gdp,2010,chronos,31.5460822119553,0.09251089237522336
ETH-fed(KEN+TZA+UGA),2009,1,imports_gdp,2010,xgb_blind,31.5460822119553,6.689865514886151e-07
ETH-fed(KEN+TZA+UGA),2009,1,imports_gdp,2010,xgb_lag,31.5460822119553,0.0
ETH-fed(KEN+TZA+UGA),2009,1,imports_gdp,2010,xgb_typed,31.5460822119553,0.0
ETH-fed(KEN+TZA+UGA),2009,1,imports_gdp,2010,lgbm_blind,31.5460822119553,6.689865514886151e-07
ETH-fed(KEN+TZA+UGA),2009,1,imports_gdp,2010,lgbm_lag,31.5460822119553,0.0
ETH-fed(KEN+TZA+UGA),2009,1,imports_gdp,2010,lgbm_typed,31.5460822119553,0.0
ETH-fed(KEN+TZA+UGA),2009,1,imports_gdp,2010,tft,31.5460822119553,0.11800126887965945
ETH-fed(KEN+TZA+UGA),2009,1,imports_gdp,2010,tgcn,31.5460822119553,
ETH-fed(KEN+TZA+UGA),2009,1,imports_gdp,2010,persistence_scarcity,31.5460822119553,0.0
ETH-fed(KEN+TZA+UGA),2009,1,imports_gdp,2010,chronos_scarcity,31.5460822119553,0.09251089237522336
ETH-fed(KEN+TZA+UGA),2009,1,imports_gdp,2010,gnn_scarcity,31.5460822119553,6.689865514886151e-07
ETH-fed(KEN+TZA+UGA),2009,3,imports_gdp,2012,persistence,31.630605984481,0.08452377252569931
ETH-fed(KEN+TZA+UGA),2009,3,imports_gdp,2012,arima,31.630605984481,0.08452377252569931
ETH-fed(KEN+TZA+UGA),2009,3,imports_gdp,2012,chronos,31.630605984481,0.17703466490092268
ETH-fed(KEN+TZA+UGA),2009,3,imports_gdp,2012,xgb_blind,31.630605984481,0.0845244415122508
ETH-fed(KEN+TZA+UGA),2009,3,imports_gdp,2012,xgb_lag,31.630605984481,0.08452377252569931
ETH-fed(KEN+TZA+UGA),2009,3,imports_gdp,2012,xgb_typed,31.630605984481,0.08452377252569931
ETH-fed(KEN+TZA+UGA),2009,3,imports_gdp,2012,lgbm_blind,31.630605984481,0.0845244415122508
ETH-fed(KEN+TZA+UGA),2009,3,imports_gdp,2012,lgbm_lag,31.630605984481,0.08452377252569931
ETH-fed(KEN+TZA+UGA),2009,3,imports_gdp,2012,lgbm_typed,31.630605984481,0.08452377252569931
ETH-fed(KEN+TZA+UGA),2009,3,imports_gdp,2012,tft,31.630605984481,0.032462786881303884
ETH-fed(KEN+TZA+UGA),2009,3,imports_gdp,2012,tgcn,31.630605984481,
ETH-fed(KEN+TZA+UGA),2009,3,imports_gdp,2012,persistence_scarcity,31.630605984481,0.08452377252569931
ETH-fed(KEN+TZA+UGA),2009,3,imports_gdp,2012,chronos_scarcity,31.630605984481,0.17703466490092268
ETH-fed(KEN+TZA+UGA),2009,3,imports_gdp,2012,gnn_scarcity,31.630605984481,0.0845244415122508
ETH-fed(KEN+TZA+UGA),2009,5,imports_gdp,2014,persistence,29.0994642402923,2.4466179716630023
ETH-fed(KEN+TZA+UGA),2009,5,imports_gdp,2014,arima,29.0994642402923,2.4466179716630023
ETH-fed(KEN+TZA+UGA),2009,5,imports_gdp,2014,chronos,29.0994642402923,2.354107079287779
ETH-fed(KEN+TZA+UGA),2009,5,imports_gdp,2014,xgb_blind,29.0994642402923,2.446617302676451
ETH-fed(KEN+TZA+UGA),2009,5,imports_gdp,2014,xgb_lag,29.0994642402923,2.4466179716630023
ETH-fed(KEN+TZA+UGA),2009,5,imports_gdp,2014,xgb_typed,29.0994642402923,2.4466179716630023
ETH-fed(KEN+TZA+UGA),2009,5,imports_gdp,2014,lgbm_blind,29.0994642402923,2.446617302676451
ETH-fed(KEN+TZA+UGA),2009,5,imports_gdp,2014,lgbm_lag,29.0994642402923,2.4466179716630023
ETH-fed(KEN+TZA+UGA),2009,5,imports_gdp,2014,lgbm_typed,29.0994642402923,2.4466179716630023
ETH-fed(KEN+TZA+UGA),2009,5,imports_gdp,2014,tft,29.0994642402923,2.5672971580231305
ETH-fed(KEN+TZA+UGA),2009,5,imports_gdp,2014,tgcn,29.0994642402923,
ETH-fed(KEN+TZA+UGA),2009,5,imports_gdp,2014,persistence_scarcity,29.0994642402923,2.4466179716630023
ETH-fed(KEN+TZA+UGA),2009,5,imports_gdp,2014,chronos_scarcity,29.0994642402923,2.354107079287779
ETH-fed(KEN+TZA+UGA),2009,5,imports_gdp,2014,gnn_scarcity,29.0994642402923,2.446617302676451
ETH-fed(KEN+TZA+UGA),2009,1,current_account,2010,persistence,-2.1222608717343,4.63122274930182
ETH-fed(KEN+TZA+UGA),2009,1,current_account,2010,arima,-2.1222608717343,4.6181288134427785
ETH-fed(KEN+TZA+UGA),2009,1,current_account,2010,chronos,-2.1222608717343,3.556165870819411
ETH-fed(KEN+TZA+UGA),2009,1,current_account,2010,xgb_blind,-2.1222608717343,3.7835165826419206
ETH-fed(KEN+TZA+UGA),2009,1,current_account,2010,xgb_lag,-2.1222608717343,4.6181288134427785
ETH-fed(KEN+TZA+UGA),2009,1,current_account,2010,xgb_typed,-2.1222608717343,4.6181288134427785
ETH-fed(KEN+TZA+UGA),2009,1,current_account,2010,lgbm_blind,-2.1222608717343,1.2719136130958537
ETH-fed(KEN+TZA+UGA),2009,1,current_account,2010,lgbm_lag,-2.1222608717343,4.6181288134427785
ETH-fed(KEN+TZA+UGA),2009,1,current_account,2010,lgbm_typed,-2.1222608717343,4.6181288134427785
ETH-fed(KEN+TZA+UGA),2009,1,current_account,2010,tft,-2.1222608717343,4.629644092712722
ETH-fed(KEN+TZA+UGA),2009,1,current_account,2010,tgcn,-2.1222608717343,
ETH-fed(KEN+TZA+UGA),2009,1,current_account,2010,persistence_scarcity,-2.1222608717343,4.63122274930182
ETH-fed(KEN+TZA+UGA),2009,1,current_account,2010,chronos_scarcity,-2.1222608717343,3.556165870819411
ETH-fed(KEN+TZA+UGA),2009,1,current_account,2010,gnn_scarcity,-2.1222608717343,1.81965487876924
ETH-fed(KEN+TZA+UGA),2009,3,current_account,2012,persistence,-7.1067486808021,0.3532650597659792
ETH-fed(KEN+TZA+UGA),2009,3,current_account,2012,arima,-7.1067486808021,0.36460352886821834
ETH-fed(KEN+TZA+UGA),2009,3,current_account,2012,chronos,-7.1067486808021,3.0782280966956543
ETH-fed(KEN+TZA+UGA),2009,3,current_account,2012,xgb_blind,-7.1067486808021,0.757957081528418
ETH-fed(KEN+TZA+UGA),2009,3,current_account,2012,xgb_lag,-7.1067486808021,0.36460352886821834
ETH-fed(KEN+TZA+UGA),2009,3,current_account,2012,xgb_typed,-7.1067486808021,0.36460352886821834
ETH-fed(KEN+TZA+UGA),2009,3,current_account,2012,lgbm_blind,-7.1067486808021,3.3349214879345963
ETH-fed(KEN+TZA+UGA),2009,3,current_account,2012,lgbm_lag,-7.1067486808021,0.36460352886821834
ETH-fed(KEN+TZA+UGA),2009,3,current_account,2012,lgbm_typed,-7.1067486808021,0.36460352886821834
ETH-fed(KEN+TZA+UGA),2009,3,current_account,2012,tft,-7.1067486808021,0.35814009162973637
ETH-fed(KEN+TZA+UGA),2009,3,current_account,2012,tgcn,-7.1067486808021,
ETH-fed(KEN+TZA+UGA),2009,3,current_account,2012,persistence_scarcity,-7.1067486808021,0.3532650597659792
ETH-fed(KEN+TZA+UGA),2009,3,current_account,2012,chronos_scarcity,-7.1067486808021,3.0782280966956543
ETH-fed(KEN+TZA+UGA),2009,3,current_account,2012,gnn_scarcity,-7.1067486808021,3.211567978592627
ETH-fed(KEN+TZA+UGA),2009,5,current_account,2014,persistence,-10.3781721184147,3.624688497378579
ETH-fed(KEN+TZA+UGA),2009,5,current_account,2014,arima,-10.3781721184147,3.6359823008763543
ETH-fed(KEN+TZA+UGA),2009,5,current_account,2014,chronos,-10.3781721184147,7.820816952933132
ETH-fed(KEN+TZA+UGA),2009,5,current_account,2014,xgb_blind,-10.3781721184147,2.72331782077676
ETH-fed(KEN+TZA+UGA),2009,5,current_account,2014,xgb_lag,-10.3781721184147,3.6359823008763543
ETH-fed(KEN+TZA+UGA),2009,5,current_account,2014,xgb_typed,-10.3781721184147,3.6359823008763543
ETH-fed(KEN+TZA+UGA),2009,5,current_account,2014,lgbm_blind,-10.3781721184147,6.022512144793331
ETH-fed(KEN+TZA+UGA),2009,5,current_account,2014,lgbm_lag,-10.3781721184147,3.6359823008763543
ETH-fed(KEN+TZA+UGA),2009,5,current_account,2014,lgbm_typed,-10.3781721184147,3.6359823008763543
ETH-fed(KEN+TZA+UGA),2009,5,current_account,2014,tft,-10.3781721184147,3.6314322540653343
ETH-fed(KEN+TZA+UGA),2009,5,current_account,2014,tgcn,-10.3781721184147,
ETH-fed(KEN+TZA+UGA),2009,5,current_account,2014,persistence_scarcity,-10.3781721184147,3.624688497378579
ETH-fed(KEN+TZA+UGA),2009,5,current_account,2014,chronos_scarcity,-10.3781721184147,7.820816952933132
ETH-fed(KEN+TZA+UGA),2009,5,current_account,2014,gnn_scarcity,-10.3781721184147,6.454837996710598
ETH-fed(KEN+TZA+UGA),2009,1,real_interest_rate,2010,persistence,-17.1217762401546,0.0
ETH-fed(KEN+TZA+UGA),2009,1,real_interest_rate,2010,arima,-17.1217762401546,0.0
ETH-fed(KEN+TZA+UGA),2009,1,real_interest_rate,2010,chronos,-17.1217762401546,6.549023287578915
ETH-fed(KEN+TZA+UGA),2009,1,real_interest_rate,2010,xgb_blind,-17.1217762401546,7.729008333965634
ETH-fed(KEN+TZA+UGA),2009,1,real_interest_rate,2010,xgb_lag,-17.1217762401546,0.0
ETH-fed(KEN+TZA+UGA),2009,1,real_interest_rate,2010,xgb_typed,-17.1217762401546,0.0
ETH-fed(KEN+TZA+UGA),2009,1,real_interest_rate,2010,lgbm_blind,-17.1217762401546,18.270380840207682
ETH-fed(KEN+TZA+UGA),2009,1,real_interest_rate,2010,lgbm_lag,-17.1217762401546,0.0
ETH-fed(KEN+TZA+UGA),2009,1,real_interest_rate,2010,lgbm_typed,-17.1217762401546,0.0
ETH-fed(KEN+TZA+UGA),2009,1,real_interest_rate,2010,tft,-17.1217762401546,0.02910198478350523
ETH-fed(KEN+TZA+UGA),2009,1,real_interest_rate,2010,tgcn,-17.1217762401546,
ETH-fed(KEN+TZA+UGA),2009,1,real_interest_rate,2010,persistence_scarcity,-17.1217762401546,0.0
ETH-fed(KEN+TZA+UGA),2009,1,real_interest_rate,2010,chronos_scarcity,-17.1217762401546,6.549023287578915
ETH-fed(KEN+TZA+UGA),2009,1,real_interest_rate,2010,gnn_scarcity,-17.1217762401546,16.854565995022153
ETH-fed(KEN+TZA+UGA),2009,3,real_interest_rate,2012,persistence,-17.1217762401546,0.0
ETH-fed(KEN+TZA+UGA),2009,3,real_interest_rate,2012,arima,-17.1217762401546,0.0
ETH-fed(KEN+TZA+UGA),2009,3,real_interest_rate,2012,chronos,-17.1217762401546,14.71747912673602
ETH-fed(KEN+TZA+UGA),2009,3,real_interest_rate,2012,xgb_blind,-17.1217762401546,5.852942126079892
ETH-fed(KEN+TZA+UGA),2009,3,real_interest_rate,2012,xgb_lag,-17.1217762401546,0.0
ETH-fed(KEN+TZA+UGA),2009,3,real_interest_rate,2012,xgb_typed,-17.1217762401546,0.0
ETH-fed(KEN+TZA+UGA),2009,3,real_interest_rate,2012,lgbm_blind,-17.1217762401546,19.43533476955963
ETH-fed(KEN+TZA+UGA),2009,3,real_interest_rate,2012,lgbm_lag,-17.1217762401546,0.0
ETH-fed(KEN+TZA+UGA),2009,3,real_interest_rate,2012,lgbm_typed,-17.1217762401546,0.0
ETH-fed(KEN+TZA+UGA),2009,3,real_interest_rate,2012,tft,-17.1217762401546,0.17655529288897398
ETH-fed(KEN+TZA+UGA),2009,3,real_interest_rate,2012,tgcn,-17.1217762401546,
ETH-fed(KEN+TZA+UGA),2009,3,real_interest_rate,2012,persistence_scarcity,-17.1217762401546,0.0
ETH-fed(KEN+TZA+UGA),2009,3,real_interest_rate,2012,chronos_scarcity,-17.1217762401546,14.71747912673602
ETH-fed(KEN+TZA+UGA),2009,3,real_interest_rate,2012,gnn_scarcity,-17.1217762401546,16.970712440296506
ETH-fed(KEN+TZA+UGA),2009,5,real_interest_rate,2014,persistence,-17.1217762401546,0.0
ETH-fed(KEN+TZA+UGA),2009,5,real_interest_rate,2014,arima,-17.1217762401546,0.0
ETH-fed(KEN+TZA+UGA),2009,5,real_interest_rate,2014,chronos,-17.1217762401546,15.857977049633359
ETH-fed(KEN+TZA+UGA),2009,5,real_interest_rate,2014,xgb_blind,-17.1217762401546,1.5144087245906341
ETH-fed(KEN+TZA+UGA),2009,5,real_interest_rate,2014,xgb_lag,-17.1217762401546,0.0
ETH-fed(KEN+TZA+UGA),2009,5,real_interest_rate,2014,xgb_typed,-17.1217762401546,0.0
ETH-fed(KEN+TZA+UGA),2009,5,real_interest_rate,2014,lgbm_blind,-17.1217762401546,18.968664305492734
ETH-fed(KEN+TZA+UGA),2009,5,real_interest_rate,2014,lgbm_lag,-17.1217762401546,0.0
ETH-fed(KEN+TZA+UGA),2009,5,real_interest_rate,2014,lgbm_typed,-17.1217762401546,0.0
ETH-fed(KEN+TZA+UGA),2009,5,real_interest_rate,2014,tft,-17.1217762401546,0.272441523357724
ETH-fed(KEN+TZA+UGA),2009,5,real_interest_rate,2014,tgcn,-17.1217762401546,
ETH-fed(KEN+TZA+UGA),2009,5,real_interest_rate,2014,persistence_scarcity,-17.1217762401546,0.0
ETH-fed(KEN+TZA+UGA),2009,5,real_interest_rate,2014,chronos_scarcity,-17.1217762401546,15.857977049633359
ETH-fed(KEN+TZA+UGA),2009,5,real_interest_rate,2014,gnn_scarcity,-17.1217762401546,16.900745170399045
ETH-fed(KEN+TZA+UGA),2009,1,broad_money,2010,persistence,33.9671207502096,0.0
ETH-fed(KEN+TZA+UGA),2009,1,broad_money,2010,arima,33.9671207502096,0.0
ETH-fed(KEN+TZA+UGA),2009,1,broad_money,2010,chronos,33.9671207502096,2.444541557094368
ETH-fed(KEN+TZA+UGA),2009,1,broad_money,2010,xgb_blind,33.9671207502096,6.495304481723991
ETH-fed(KEN+TZA+UGA),2009,1,broad_money,2010,xgb_lag,33.9671207502096,0.0
ETH-fed(KEN+TZA+UGA),2009,1,broad_money,2010,xgb_typed,33.9671207502096,0.0
ETH-fed(KEN+TZA+UGA),2009,1,broad_money,2010,lgbm_blind,33.9671207502096,1.5199999283407166
ETH-fed(KEN+TZA+UGA),2009,1,broad_money,2010,lgbm_lag,33.9671207502096,0.0
ETH-fed(KEN+TZA+UGA),2009,1,broad_money,2010,lgbm_typed,33.9671207502096,0.0
ETH-fed(KEN+TZA+UGA),2009,1,broad_money,2010,tft,33.9671207502096,0.01901663992711633
ETH-fed(KEN+TZA+UGA),2009,1,broad_money,2010,tgcn,33.9671207502096,
ETH-fed(KEN+TZA+UGA),2009,1,broad_money,2010,persistence_scarcity,33.9671207502096,0.0
ETH-fed(KEN+TZA+UGA),2009,1,broad_money,2010,chronos_scarcity,33.9671207502096,2.444541557094368
ETH-fed(KEN+TZA+UGA),2009,1,broad_money,2010,gnn_scarcity,33.9671207502096,0.21225775931188195
ETH-fed(KEN+TZA+UGA),2009,3,broad_money,2012,persistence,33.9671207502096,0.0
ETH-fed(KEN+TZA+UGA),2009,3,broad_money,2012,arima,33.9671207502096,0.0
ETH-fed(KEN+TZA+UGA),2009,3,broad_money,2012,chronos,33.9671207502096,2.8305240705221024
ETH-fed(KEN+TZA+UGA),2009,3,broad_money,2012,xgb_blind,33.9671207502096,1.4805950090677413
ETH-fed(KEN+TZA+UGA),2009,3,broad_money,2012,xgb_lag,33.9671207502096,0.0
ETH-fed(KEN+TZA+UGA),2009,3,broad_money,2012,xgb_typed,33.9671207502096,0.0
ETH-fed(KEN+TZA+UGA),2009,3,broad_money,2012,lgbm_blind,33.9671207502096,2.117282792701701
ETH-fed(KEN+TZA+UGA),2009,3,broad_money,2012,lgbm_lag,33.9671207502096,0.0
ETH-fed(KEN+TZA+UGA),2009,3,broad_money,2012,lgbm_typed,33.9671207502096,0.0
ETH-fed(KEN+TZA+UGA),2009,3,broad_money,2012,tft,33.9671207502096,0.1153720781595382
ETH-fed(KEN+TZA+UGA),2009,3,broad_money,2012,tgcn,33.9671207502096,
ETH-fed(KEN+TZA+UGA),2009,3,broad_money,2012,persistence_scarcity,33.9671207502096,0.0
ETH-fed(KEN+TZA+UGA),2009,3,broad_money,2012,chronos_scarcity,33.9671207502096,2.8305240705221024
ETH-fed(KEN+TZA+UGA),2009,3,broad_money,2012,gnn_scarcity,33.9671207502096,0.28395499441930383
ETH-fed(KEN+TZA+UGA),2009,5,broad_money,2014,persistence,33.9671207502096,0.0
ETH-fed(KEN+TZA+UGA),2009,5,broad_money,2014,arima,33.9671207502096,0.0
ETH-fed(KEN+TZA+UGA),2009,5,broad_money,2014,chronos,33.9671207502096,4.631827934047493
ETH-fed(KEN+TZA+UGA),2009,5,broad_money,2014,xgb_blind,33.9671207502096,0.25714911673375695
ETH-fed(KEN+TZA+UGA),2009,5,broad_money,2014,xgb_lag,33.9671207502096,0.0
ETH-fed(KEN+TZA+UGA),2009,5,broad_money,2014,xgb_typed,33.9671207502096,0.0
ETH-fed(KEN+TZA+UGA),2009,5,broad_money,2014,lgbm_blind,33.9671207502096,3.0522903368265304
ETH-fed(KEN+TZA+UGA),2009,5,broad_money,2014,lgbm_lag,33.9671207502096,0.0
ETH-fed(KEN+TZA+UGA),2009,5,broad_money,2014,lgbm_typed,33.9671207502096,0.0
ETH-fed(KEN+TZA+UGA),2009,5,broad_money,2014,tft,33.9671207502096,0.17802848074742883
ETH-fed(KEN+TZA+UGA),2009,5,broad_money,2014,tgcn,33.9671207502096,
ETH-fed(KEN+TZA+UGA),2009,5,broad_money,2014,persistence_scarcity,33.9671207502096,0.0
ETH-fed(KEN+TZA+UGA),2009,5,broad_money,2014,chronos_scarcity,33.9671207502096,4.631827934047493
ETH-fed(KEN+TZA+UGA),2009,5,broad_money,2014,gnn_scarcity,33.9671207502096,0.24076499197789758
ETH-fed(KEN+TZA+UGA),2009,1,private_credit,2010,persistence,17.7101483486321,0.0
ETH-fed(KEN+TZA+UGA),2009,1,private_credit,2010,arima,17.7101483486321,3.552713678800501e-15
ETH-fed(KEN+TZA+UGA),2009,1,private_credit,2010,chronos,17.7101483486321,0.6648526333000682
ETH-fed(KEN+TZA+UGA),2009,1,private_credit,2010,xgb_blind,17.7101483486321,0.8782954074714162
ETH-fed(KEN+TZA+UGA),2009,1,private_credit,2010,xgb_lag,17.7101483486321,3.552713678800501e-15
ETH-fed(KEN+TZA+UGA),2009,1,private_credit,2010,xgb_typed,17.7101483486321,3.552713678800501e-15
ETH-fed(KEN+TZA+UGA),2009,1,private_credit,2010,lgbm_blind,17.7101483486321,4.005554771749084
ETH-fed(KEN+TZA+UGA),2009,1,private_credit,2010,lgbm_lag,17.7101483486321,3.552713678800501e-15
ETH-fed(KEN+TZA+UGA),2009,1,private_credit,2010,lgbm_typed,17.7101483486321,3.552713678800501e-15
ETH-fed(KEN+TZA+UGA),2009,1,private_credit,2010,tft,17.7101483486321,0.008004651245830274
ETH-fed(KEN+TZA+UGA),2009,1,private_credit,2010,tgcn,17.7101483486321,
ETH-fed(KEN+TZA+UGA),2009,1,private_credit,2010,persistence_scarcity,17.7101483486321,0.0
ETH-fed(KEN+TZA+UGA),2009,1,private_credit,2010,chronos_scarcity,17.7101483486321,0.6648526333000682
ETH-fed(KEN+TZA+UGA),2009,1,private_credit,2010,gnn_scarcity,17.7101483486321,5.616235270323994
ETH-fed(KEN+TZA+UGA),2009,3,private_credit,2012,persistence,17.7101483486321,0.0
ETH-fed(KEN+TZA+UGA),2009,3,private_credit,2012,arima,17.7101483486321,3.552713678800501e-15
ETH-fed(KEN+TZA+UGA),2009,3,private_credit,2012,chronos,17.7101483486321,2.3453698299553416
ETH-fed(KEN+TZA+UGA),2009,3,private_credit,2012,xgb_blind,17.7101483486321,0.6653065822746775
ETH-fed(KEN+TZA+UGA),2009,3,private_credit,2012,xgb_lag,17.7101483486321,3.552713678800501e-15
ETH-fed(KEN+TZA+UGA),2009,3,private_credit,2012,xgb_typed,17.7101483486321,3.552713678800501e-15
ETH-fed(KEN+TZA+UGA),2009,3,private_credit,2012,lgbm_blind,17.7101483486321,2.5997233251604914
ETH-fed(KEN+TZA+UGA),2009,3,private_credit,2012,lgbm_lag,17.7101483486321,3.552713678800501e-15
ETH-fed(KEN+TZA+UGA),2009,3,private_credit,2012,lgbm_typed,17.7101483486321,3.552713678800501e-15
ETH-fed(KEN+TZA+UGA),2009,3,private_credit,2012,tft,17.7101483486321,0.03758953588938496
ETH-fed(KEN+TZA+UGA),2009,3,private_credit,2012,tgcn,17.7101483486321,
ETH-fed(KEN+TZA+UGA),2009,3,private_credit,2012,persistence_scarcity,17.7101483486321,0.0
ETH-fed(KEN+TZA+UGA),2009,3,private_credit,2012,chronos_scarcity,17.7101483486321,2.3453698299553416
ETH-fed(KEN+TZA+UGA),2009,3,private_credit,2012,gnn_scarcity,17.7101483486321,5.537955775084736
ETH-fed(KEN+TZA+UGA),2009,5,private_credit,2014,persistence,17.7101483486321,0.0
ETH-fed(KEN+TZA+UGA),2009,5,private_credit,2014,arima,17.7101483486321,3.552713678800501e-15
ETH-fed(KEN+TZA+UGA),2009,5,private_credit,2014,chronos,17.7101483486321,5.89847613793874
ETH-fed(KEN+TZA+UGA),2009,5,private_credit,2014,xgb_blind,17.7101483486321,0.09099437219166973
ETH-fed(KEN+TZA+UGA),2009,5,private_credit,2014,xgb_lag,17.7101483486321,3.552713678800501e-15
ETH-fed(KEN+TZA+UGA),2009,5,private_credit,2014,xgb_typed,17.7101483486321,3.552713678800501e-15
ETH-fed(KEN+TZA+UGA),2009,5,private_credit,2014,lgbm_blind,17.7101483486321,1.1404682936495973
ETH-fed(KEN+TZA+UGA),2009,5,private_credit,2014,lgbm_lag,17.7101483486321,3.552713678800501e-15
ETH-fed(KEN+TZA+UGA),2009,5,private_credit,2014,lgbm_typed,17.7101483486321,3.552713678800501e-15
ETH-fed(KEN+TZA+UGA),2009,5,private_credit,2014,tft,17.7101483486321,0.056718335327861524
ETH-fed(KEN+TZA+UGA),2009,5,private_credit,2014,tgcn,17.7101483486321,
ETH-fed(KEN+TZA+UGA),2009,5,private_credit,2014,persistence_scarcity,17.7101483486321,0.0
ETH-fed(KEN+TZA+UGA),2009,5,private_credit,2014,chronos_scarcity,17.7101483486321,5.89847613793874
ETH-fed(KEN+TZA+UGA),2009,5,private_credit,2014,gnn_scarcity,17.7101483486321,5.585112109008076
ETH-fed(KEN+TZA+UGA),2009,1,govt_consumption,2010,persistence,10.3182460672537,0.0
ETH-fed(KEN+TZA+UGA),2009,1,govt_consumption,2010,arima,10.3182460672537,0.0
ETH-fed(KEN+TZA+UGA),2009,1,govt_consumption,2010,chronos,10.3182460672537,0.030259311882606
ETH-fed(KEN+TZA+UGA),2009,1,govt_consumption,2010,xgb_blind,10.3182460672537,1.7949735209299433e-07
ETH-fed(KEN+TZA+UGA),2009,1,govt_consumption,2010,xgb_lag,10.3182460672537,0.0
ETH-fed(KEN+TZA+UGA),2009,1,govt_consumption,2010,xgb_typed,10.3182460672537,0.0
ETH-fed(KEN+TZA+UGA),2009,1,govt_consumption,2010,lgbm_blind,10.3182460672537,1.7949735209299433e-07
ETH-fed(KEN+TZA+UGA),2009,1,govt_consumption,2010,lgbm_lag,10.3182460672537,0.0
ETH-fed(KEN+TZA+UGA),2009,1,govt_consumption,2010,lgbm_typed,10.3182460672537,0.0
ETH-fed(KEN+TZA+UGA),2009,1,govt_consumption,2010,tft,10.3182460672537,0.11800175836885884
ETH-fed(KEN+TZA+UGA),2009,1,govt_consumption,2010,tgcn,10.3182460672537,
ETH-fed(KEN+TZA+UGA),2009,1,govt_consumption,2010,persistence_scarcity,10.3182460672537,0.0
ETH-fed(KEN+TZA+UGA),2009,1,govt_consumption,2010,chronos_scarcity,10.3182460672537,0.030259311882606
ETH-fed(KEN+TZA+UGA),2009,1,govt_consumption,2010,gnn_scarcity,10.3182460672537,1.7278512807195057e-06
ETH-fed(KEN+TZA+UGA),2009,3,govt_consumption,2012,persistence,8.30218871752089,2.01605734973281
ETH-fed(KEN+TZA+UGA),2009,3,govt_consumption,2012,arima,8.30218871752089,2.01605734973281
ETH-fed(KEN+TZA+UGA),2009,3,govt_consumption,2012,chronos,8.30218871752089,1.9857980378502038
ETH-fed(KEN+TZA+UGA),2009,3,govt_consumption,2012,xgb_blind,8.30218871752089,2.0160571702354577
ETH-fed(KEN+TZA+UGA),2009,3,govt_consumption,2012,xgb_lag,8.30218871752089,2.01605734973281
ETH-fed(KEN+TZA+UGA),2009,3,govt_consumption,2012,xgb_typed,8.30218871752089,2.01605734973281
ETH-fed(KEN+TZA+UGA),2009,3,govt_consumption,2012,lgbm_blind,8.30218871752089,2.0160571702354577
ETH-fed(KEN+TZA+UGA),2009,3,govt_consumption,2012,lgbm_lag,8.30218871752089,2.01605734973281
ETH-fed(KEN+TZA+UGA),2009,3,govt_consumption,2012,lgbm_typed,8.30218871752089,2.01605734973281
ETH-fed(KEN+TZA+UGA),2009,3,govt_consumption,2012,tft,8.30218871752089,2.1330443986290124
ETH-fed(KEN+TZA+UGA),2009,3,govt_consumption,2012,tgcn,8.30218871752089,
ETH-fed(KEN+TZA+UGA),2009,3,govt_consumption,2012,persistence_scarcity,8.30218871752089,2.01605734973281
ETH-fed(KEN+TZA+UGA),2009,3,govt_consumption,2012,chronos_scarcity,8.30218871752089,1.9857980378502038
ETH-fed(KEN+TZA+UGA),2009,3,govt_consumption,2012,gnn_scarcity,8.30218871752089,2.0160590775840905
ETH-fed(KEN+TZA+UGA),2009,5,govt_consumption,2014,persistence,9.24959184376664,1.0686542234870604
ETH-fed(KEN+TZA+UGA),2009,5,govt_consumption,2014,arima,9.24959184376664,1.0686542234870604
ETH-fed(KEN+TZA+UGA),2009,5,govt_consumption,2014,chronos,9.24959184376664,1.0383949116044544
ETH-fed(KEN+TZA+UGA),2009,5,govt_consumption,2014,xgb_blind,9.24959184376664,1.0686540439897083
ETH-fed(KEN+TZA+UGA),2009,5,govt_consumption,2014,xgb_lag,9.24959184376664,1.0686542234870604
ETH-fed(KEN+TZA+UGA),2009,5,govt_consumption,2014,xgb_typed,9.24959184376664,1.0686542234870604
ETH-fed(KEN+TZA+UGA),2009,5,govt_consumption,2014,lgbm_blind,9.24959184376664,1.0686540439897083
ETH-fed(KEN+TZA+UGA),2009,5,govt_consumption,2014,lgbm_lag,9.24959184376664,1.0686542234870604
ETH-fed(KEN+TZA+UGA),2009,5,govt_consumption,2014,lgbm_typed,9.24959184376664,1.0686542234870604
ETH-fed(KEN+TZA+UGA),2009,5,govt_consumption,2014,tft,9.24959184376664,1.189333899336388
ETH-fed(KEN+TZA+UGA),2009,5,govt_consumption,2014,tgcn,9.24959184376664,
ETH-fed(KEN+TZA+UGA),2009,5,govt_consumption,2014,persistence_scarcity,9.24959184376664,1.0686542234870604
ETH-fed(KEN+TZA+UGA),2009,5,govt_consumption,2014,chronos_scarcity,9.24959184376664,1.0383949116044544
ETH-fed(KEN+TZA+UGA),2009,5,govt_consumption,2014,gnn_scarcity,9.24959184376664,1.0686559513383411
ETH-fed(KEN+TZA+UGA),2010,1,gdp_growth,2011,persistence,11.1782962297008,1.372242105062499
ETH-fed(KEN+TZA+UGA),2010,1,gdp_growth,2011,arima,11.1782962297008,0.2260042369216908
ETH-fed(KEN+TZA+UGA),2010,1,gdp_growth,2011,chronos,11.1782962297008,0.021301410059686887
ETH-fed(KEN+TZA+UGA),2010,1,gdp_growth,2011,xgb_blind,11.1782962297008,0.0675069306895697
ETH-fed(KEN+TZA+UGA),2010,1,gdp_growth,2011,xgb_lag,11.1782962297008,0.2260042369216908
ETH-fed(KEN+TZA+UGA),2010,1,gdp_growth,2011,xgb_typed,11.1782962297008,0.2260042369216908
ETH-fed(KEN+TZA+UGA),2010,1,gdp_growth,2011,lgbm_blind,11.1782962297008,5.304986069063898
ETH-fed(KEN+TZA+UGA),2010,1,gdp_growth,2011,lgbm_lag,11.1782962297008,0.2260042369216908
ETH-fed(KEN+TZA+UGA),2010,1,gdp_growth,2011,lgbm_typed,11.1782962297008,0.2260042369216908
ETH-fed(KEN+TZA+UGA),2010,1,gdp_growth,2011,tft,11.1782962297008,1.2353008772327936
ETH-fed(KEN+TZA+UGA),2010,1,gdp_growth,2011,tgcn,11.1782962297008,
ETH-fed(KEN+TZA+UGA),2010,1,gdp_growth,2011,persistence_scarcity,11.1782962297008,1.372242105062499
ETH-fed(KEN+TZA+UGA),2010,1,gdp_growth,2011,chronos_scarcity,11.1782962297008,0.021301410059686887
ETH-fed(KEN+TZA+UGA),2010,1,gdp_growth,2011,gnn_scarcity,11.1782962297008,6.492926738123652
ETH-fed(KEN+TZA+UGA),2010,3,gdp_growth,2013,persistence,10.5822700502552,1.968268284508099
ETH-fed(KEN+TZA+UGA),2010,3,gdp_growth,2013,arima,10.5822700502552,1.0653734353102688
ETH-fed(KEN+TZA+UGA),2010,3,gdp_growth,2013,chronos,10.5822700502552,0.2616477964244872
ETH-fed(KEN+TZA+UGA),2010,3,gdp_growth,2013,xgb_blind,10.5822700502552,1.4238143918834716
ETH-fed(KEN+TZA+UGA),2010,3,gdp_growth,2013,xgb_lag,10.5822700502552,1.0653734353102688
ETH-fed(KEN+TZA+UGA),2010,3,gdp_growth,2013,xgb_typed,10.5822700502552,1.0653734353102688
ETH-fed(KEN+TZA+UGA),2010,3,gdp_growth,2013,lgbm_blind,10.5822700502552,3.178038740364453
ETH-fed(KEN+TZA+UGA),2010,3,gdp_growth,2013,lgbm_lag,10.5822700502552,1.0653734353102688
ETH-fed(KEN+TZA+UGA),2010,3,gdp_growth,2013,lgbm_typed,10.5822700502552,1.0653734353102688
ETH-fed(KEN+TZA+UGA),2010,3,gdp_growth,2013,tft,10.5822700502552,2.435146903785327
ETH-fed(KEN+TZA+UGA),2010,3,gdp_growth,2013,tgcn,10.5822700502552,
ETH-fed(KEN+TZA+UGA),2010,3,gdp_growth,2013,persistence_scarcity,10.5822700502552,1.968268284508099
ETH-fed(KEN+TZA+UGA),2010,3,gdp_growth,2013,chronos_scarcity,10.5822700502552,0.2616477964244872
ETH-fed(KEN+TZA+UGA),2010,3,gdp_growth,2013,gnn_scarcity,10.5822700502552,5.813155079094312
ETH-fed(KEN+TZA+UGA),2010,5,gdp_growth,2015,persistence,10.3924630141307,2.1580753206325998
ETH-fed(KEN+TZA+UGA),2010,5,gdp_growth,2015,arima,10.3924630141307,1.2779404933655343
ETH-fed(KEN+TZA+UGA),2010,5,gdp_growth,2015,chronos,10.3924630141307,0.20316629171859013
ETH-fed(KEN+TZA+UGA),2010,5,gdp_growth,2015,xgb_blind,10.3924630141307,1.3824889206837536
ETH-fed(KEN+TZA+UGA),2010,5,gdp_growth,2015,xgb_lag,10.3924630141307,1.2779404933655343
ETH-fed(KEN+TZA+UGA),2010,5,gdp_growth,2015,xgb_typed,10.3924630141307,1.2779404933655343
ETH-fed(KEN+TZA+UGA),2010,5,gdp_growth,2015,lgbm_blind,10.3924630141307,3.0835026806641697
ETH-fed(KEN+TZA+UGA),2010,5,gdp_growth,2015,lgbm_lag,10.3924630141307,1.2779404933655343
ETH-fed(KEN+TZA+UGA),2010,5,gdp_growth,2015,lgbm_typed,10.3924630141307,1.2779404933655343
ETH-fed(KEN+TZA+UGA),2010,5,gdp_growth,2015,tft,10.3924630141307,3.6708962464283825
ETH-fed(KEN+TZA+UGA),2010,5,gdp_growth,2015,tgcn,10.3924630141307,
ETH-fed(KEN+TZA+UGA),2010,5,gdp_growth,2015,persistence_scarcity,10.3924630141307,2.1580753206325998
ETH-fed(KEN+TZA+UGA),2010,5,gdp_growth,2015,chronos_scarcity,10.3924630141307,0.20316629171859013
ETH-fed(KEN+TZA+UGA),2010,5,gdp_growth,2015,gnn_scarcity,10.3924630141307,5.634354875092614
ETH-fed(KEN+TZA+UGA),2010,1,inflation_cpi,2011,persistence,33.2499598823344,25.100695852683582
ETH-fed(KEN+TZA+UGA),2010,1,inflation_cpi,2011,arima,33.2499598823344,24.948698445836875
ETH-fed(KEN+TZA+UGA),2010,1,inflation_cpi,2011,chronos,33.2499598823344,25.36229985578411
ETH-fed(KEN+TZA+UGA),2010,1,inflation_cpi,2011,xgb_blind,33.2499598823344,6.786096509531667
ETH-fed(KEN+TZA+UGA),2010,1,inflation_cpi,2011,xgb_lag,33.2499598823344,24.948698445836875
ETH-fed(KEN+TZA+UGA),2010,1,inflation_cpi,2011,xgb_typed,33.2499598823344,24.948698445836875
ETH-fed(KEN+TZA+UGA),2010,1,inflation_cpi,2011,lgbm_blind,33.2499598823344,24.212113364771536
ETH-fed(KEN+TZA+UGA),2010,1,inflation_cpi,2011,lgbm_lag,33.2499598823344,24.948698445836875
ETH-fed(KEN+TZA+UGA),2010,1,inflation_cpi,2011,lgbm_typed,33.2499598823344,24.948698445836875
ETH-fed(KEN+TZA+UGA),2010,1,inflation_cpi,2011,tft,33.2499598823344,25.16590207441204
ETH-fed(KEN+TZA+UGA),2010,1,inflation_cpi,2011,tgcn,33.2499598823344,
ETH-fed(KEN+TZA+UGA),2010,1,inflation_cpi,2011,persistence_scarcity,33.2499598823344,25.100695852683582
ETH-fed(KEN+TZA+UGA),2010,1,inflation_cpi,2011,chronos_scarcity,33.2499598823344,25.36229985578411
ETH-fed(KEN+TZA+UGA),2010,1,inflation_cpi,2011,gnn_scarcity,33.2499598823344,26.286653932169607
ETH-fed(KEN+TZA+UGA),2010,3,inflation_cpi,2013,persistence,7.46402192944517,0.6852421002056488
ETH-fed(KEN+TZA+UGA),2010,3,inflation_cpi,2013,arima,7.46402192944517,0.7995539314072015
ETH-fed(KEN+TZA+UGA),2010,3,inflation_cpi,2013,chronos,7.46402192944517,0.3087713635540972
ETH-fed(KEN+TZA+UGA),2010,3,inflation_cpi,2013,xgb_blind,7.46402192944517,3.3944108403302202
ETH-fed(KEN+TZA+UGA),2010,3,inflation_cpi,2013,xgb_lag,7.46402192944517,0.7995539314072015
ETH-fed(KEN+TZA+UGA),2010,3,inflation_cpi,2013,xgb_typed,7.46402192944517,0.7995539314072015
ETH-fed(KEN+TZA+UGA),2010,3,inflation_cpi,2013,lgbm_blind,7.46402192944517,0.008582928105556498
ETH-fed(KEN+TZA+UGA),2010,3,inflation_cpi,2013,lgbm_lag,7.46402192944517,0.7995539314072015
ETH-fed(KEN+TZA+UGA),2010,3,inflation_cpi,2013,lgbm_typed,7.46402192944517,0.7995539314072015
ETH-fed(KEN+TZA+UGA),2010,3,inflation_cpi,2013,tft,7.46402192944517,0.6762397206402788
ETH-fed(KEN+TZA+UGA),2010,3,inflation_cpi,2013,tgcn,7.46402192944517,
ETH-fed(KEN+TZA+UGA),2010,3,inflation_cpi,2013,persistence_scarcity,7.46402192944517,0.6852421002056488
ETH-fed(KEN+TZA+UGA),2010,3,inflation_cpi,2013,chronos_scarcity,7.46402192944517,0.3087713635540972
ETH-fed(KEN+TZA+UGA),2010,3,inflation_cpi,2013,gnn_scarcity,7.46402192944517,0.3482825838946333
ETH-fed(KEN+TZA+UGA),2010,5,inflation_cpi,2015,persistence,9.56889955968623,1.4196355300354107
ETH-fed(KEN+TZA+UGA),2010,5,inflation_cpi,2015,arima,9.56889955968623,1.3131106398202252
ETH-fed(KEN+TZA+UGA),2010,5,inflation_cpi,2015,chronos,9.56889955968623,2.447031426141308
ETH-fed(KEN+TZA+UGA),2010,5,inflation_cpi,2015,xgb_blind,9.56889955968623,10.760043692877247
ETH-fed(KEN+TZA+UGA),2010,5,inflation_cpi,2015,xgb_lag,9.56889955968623,1.3131106398202252
ETH-fed(KEN+TZA+UGA),2010,5,inflation_cpi,2015,xgb_typed,9.56889955968623,1.3131106398202252
ETH-fed(KEN+TZA+UGA),2010,5,inflation_cpi,2015,lgbm_blind,9.56889955968623,1.8582779643035394
ETH-fed(KEN+TZA+UGA),2010,5,inflation_cpi,2015,lgbm_lag,9.56889955968623,1.3131106398202252
ETH-fed(KEN+TZA+UGA),2010,5,inflation_cpi,2015,lgbm_typed,9.56889955968623,1.3131106398202252
ETH-fed(KEN+TZA+UGA),2010,5,inflation_cpi,2015,tft,9.56889955968623,1.4165786978698236
ETH-fed(KEN+TZA+UGA),2010,5,inflation_cpi,2015,tgcn,9.56889955968623,
ETH-fed(KEN+TZA+UGA),2010,5,inflation_cpi,2015,persistence_scarcity,9.56889955968623,1.4196355300354107
ETH-fed(KEN+TZA+UGA),2010,5,inflation_cpi,2015,chronos_scarcity,9.56889955968623,2.447031426141308
ETH-fed(KEN+TZA+UGA),2010,5,inflation_cpi,2015,gnn_scarcity,9.56889955968623,2.4731954810119134
ETH-fed(KEN+TZA+UGA),2010,1,unemployment,2011,persistence,2.27,0.02499999999999991
ETH-fed(KEN+TZA+UGA),2010,1,unemployment,2011,arima,2.27,0.009528992345775755
ETH-fed(KEN+TZA+UGA),2010,1,unemployment,2011,chronos,2.27,0.053747634887695295
ETH-fed(KEN+TZA+UGA),2010,1,unemployment,2011,xgb_blind,2.27,0.0814420986175537
ETH-fed(KEN+TZA+UGA),2010,1,unemployment,2011,xgb_lag,2.27,0.009528992345775755
ETH-fed(KEN+TZA+UGA),2010,1,unemployment,2011,xgb_typed,2.27,0.009528992345775755
ETH-fed(KEN+TZA+UGA),2010,1,unemployment,2011,lgbm_blind,2.27,0.6907499837875366
ETH-fed(KEN+TZA+UGA),2010,1,unemployment,2011,lgbm_lag,2.27,0.009528992345775755
ETH-fed(KEN+TZA+UGA),2010,1,unemployment,2011,lgbm_typed,2.27,0.009528992345775755
ETH-fed(KEN+TZA+UGA),2010,1,unemployment,2011,tft,2.27,0.0409922409057617
ETH-fed(KEN+TZA+UGA),2010,1,unemployment,2011,tgcn,2.27,
ETH-fed(KEN+TZA+UGA),2010,1,unemployment,2011,persistence_scarcity,2.27,0.02499999999999991
ETH-fed(KEN+TZA+UGA),2010,1,unemployment,2011,chronos_scarcity,2.27,0.053747634887695295
ETH-fed(KEN+TZA+UGA),2010,1,unemployment,2011,gnn_scarcity,2.27,0.6365628051757812
ETH-fed(KEN+TZA+UGA),2010,3,unemployment,2013,persistence,2.251,0.04400000000000004
ETH-fed(KEN+TZA+UGA),2010,3,unemployment,2013,arima,2.251,0.016954661189458875
ETH-fed(KEN+TZA+UGA),2010,3,unemployment,2013,chronos,2.251,0.08365647697448741
ETH-fed(KEN+TZA+UGA),2010,3,unemployment,2013,xgb_blind,2.251,0.09205715560913097
ETH-fed(KEN+TZA+UGA),2010,3,unemployment,2013,xgb_lag,2.251,0.016954661189458875
ETH-fed(KEN+TZA+UGA),2010,3,unemployment,2013,xgb_typed,2.251,0.016954661189458875
ETH-fed(KEN+TZA+UGA),2010,3,unemployment,2013,lgbm_blind,2.251,0.666499992582533
ETH-fed(KEN+TZA+UGA),2010,3,unemployment,2013,lgbm_lag,2.251,0.016954661189458875
ETH-fed(KEN+TZA+UGA),2010,3,unemployment,2013,lgbm_typed,2.251,0.016954661189458875
ETH-fed(KEN+TZA+UGA),2010,3,unemployment,2013,tft,2.251,0.06195347213745128
ETH-fed(KEN+TZA+UGA),2010,3,unemployment,2013,tgcn,2.251,
ETH-fed(KEN+TZA+UGA),2010,3,unemployment,2013,persistence_scarcity,2.251,0.04400000000000004
ETH-fed(KEN+TZA+UGA),2010,3,unemployment,2013,chronos_scarcity,2.251,0.08365647697448741
ETH-fed(KEN+TZA+UGA),2010,3,unemployment,2013,gnn_scarcity,2.251,0.6611761322021485
ETH-fed(KEN+TZA+UGA),2010,5,unemployment,2015,persistence,2.442,0.14700000000000024
ETH-fed(KEN+TZA+UGA),2010,5,unemployment,2015,arima,2.442,0.17692810698102912
ETH-fed(KEN+TZA+UGA),2010,5,unemployment,2015,chronos,2.442,0.06370362472534197
ETH-fed(KEN+TZA+UGA),2010,5,unemployment,2015,xgb_blind,2.442,0.11841425132751482
ETH-fed(KEN+TZA+UGA),2010,5,unemployment,2015,xgb_lag,2.442,0.17692810698102912
ETH-fed(KEN+TZA+UGA),2010,5,unemployment,2015,xgb_typed,2.442,0.17692810698102912
ETH-fed(KEN+TZA+UGA),2010,5,unemployment,2015,lgbm_blind,2.442,0.44318749177455885
ETH-fed(KEN+TZA+UGA),2010,5,unemployment,2015,lgbm_lag,2.442,0.17692810698102912
ETH-fed(KEN+TZA+UGA),2010,5,unemployment,2015,lgbm_typed,2.442,0.17692810698102912
ETH-fed(KEN+TZA+UGA),2010,5,unemployment,2015,tft,2.442,0.12853059005737322
ETH-fed(KEN+TZA+UGA),2010,5,unemployment,2015,tgcn,2.442,
ETH-fed(KEN+TZA+UGA),2010,5,unemployment,2015,persistence_scarcity,2.442,0.14700000000000024
ETH-fed(KEN+TZA+UGA),2010,5,unemployment,2015,chronos_scarcity,2.442,0.06370362472534197
ETH-fed(KEN+TZA+UGA),2010,5,unemployment,2015,gnn_scarcity,2.442,0.46943822669982893
ETH-fed(KEN+TZA+UGA),2010,1,exports_gdp,2011,persistence,16.6868531997337,0.0
ETH-fed(KEN+TZA+UGA),2010,1,exports_gdp,2011,arima,16.6868531997337,0.0
ETH-fed(KEN+TZA+UGA),2010,1,exports_gdp,2011,chronos,16.6868531997337,0.048934727443661785
ETH-fed(KEN+TZA+UGA),2010,1,exports_gdp,2011,xgb_blind,16.6868531997337,2.090797757148266e-07
ETH-fed(KEN+TZA+UGA),2010,1,exports_gdp,2011,xgb_lag,16.6868531997337,0.0
ETH-fed(KEN+TZA+UGA),2010,1,exports_gdp,2011,xgb_typed,16.6868531997337,0.0
ETH-fed(KEN+TZA+UGA),2010,1,exports_gdp,2011,lgbm_blind,16.6868531997337,2.090797757148266e-07
ETH-fed(KEN+TZA+UGA),2010,1,exports_gdp,2011,lgbm_lag,16.6868531997337,0.0
ETH-fed(KEN+TZA+UGA),2010,1,exports_gdp,2011,lgbm_typed,16.6868531997337,0.0
ETH-fed(KEN+TZA+UGA),2010,1,exports_gdp,2011,tft,16.6868531997337,0.00627496792217741
ETH-fed(KEN+TZA+UGA),2010,1,exports_gdp,2011,tgcn,16.6868531997337,
ETH-fed(KEN+TZA+UGA),2010,1,exports_gdp,2011,persistence_scarcity,16.6868531997337,0.0
ETH-fed(KEN+TZA+UGA),2010,1,exports_gdp,2011,chronos_scarcity,16.6868531997337,0.048934727443661785
ETH-fed(KEN+TZA+UGA),2010,1,exports_gdp,2011,gnn_scarcity,16.6868531997337,2.1164284085273266e-06
ETH-fed(KEN+TZA+UGA),2010,3,exports_gdp,2013,persistence,12.484073558977,4.202779640756701
ETH-fed(KEN+TZA+UGA),2010,3,exports_gdp,2013,arima,12.484073558977,4.202779640756701
ETH-fed(KEN+TZA+UGA),2010,3,exports_gdp,2013,chronos,12.484073558977,4.153844913313039
ETH-fed(KEN+TZA+UGA),2010,3,exports_gdp,2013,xgb_blind,12.484073558977,4.202779849836476
ETH-fed(KEN+TZA+UGA),2010,3,exports_gdp,2013,xgb_lag,12.484073558977,4.202779640756701
ETH-fed(KEN+TZA+UGA),2010,3,exports_gdp,2013,xgb_typed,12.484073558977,4.202779640756701
ETH-fed(KEN+TZA+UGA),2010,3,exports_gdp,2013,lgbm_blind,12.484073558977,4.202779849836476
ETH-fed(KEN+TZA+UGA),2010,3,exports_gdp,2013,lgbm_lag,12.484073558977,4.202779640756701
ETH-fed(KEN+TZA+UGA),2010,3,exports_gdp,2013,lgbm_typed,12.484073558977,4.202779640756701
ETH-fed(KEN+TZA+UGA),2010,3,exports_gdp,2013,tft,12.484073558977,4.1971016729565935
ETH-fed(KEN+TZA+UGA),2010,3,exports_gdp,2013,tgcn,12.484073558977,
ETH-fed(KEN+TZA+UGA),2010,3,exports_gdp,2013,persistence_scarcity,12.484073558977,4.202779640756701
ETH-fed(KEN+TZA+UGA),2010,3,exports_gdp,2013,chronos_scarcity,12.484073558977,4.153844913313039
ETH-fed(KEN+TZA+UGA),2010,3,exports_gdp,2013,gnn_scarcity,12.484073558977,4.202781757185109
ETH-fed(KEN+TZA+UGA),2010,5,exports_gdp,2015,persistence,9.36331359735926,7.32353960237444
ETH-fed(KEN+TZA+UGA),2010,5,exports_gdp,2015,arima,9.36331359735926,7.32353960237444
ETH-fed(KEN+TZA+UGA),2010,5,exports_gdp,2015,chronos,9.36331359735926,7.274604874930779
ETH-fed(KEN+TZA+UGA),2010,5,exports_gdp,2015,xgb_blind,9.36331359735926,7.323539811454216
ETH-fed(KEN+TZA+UGA),2010,5,exports_gdp,2015,xgb_lag,9.36331359735926,7.32353960237444
ETH-fed(KEN+TZA+UGA),2010,5,exports_gdp,2015,xgb_typed,9.36331359735926,7.32353960237444
ETH-fed(KEN+TZA+UGA),2010,5,exports_gdp,2015,lgbm_blind,9.36331359735926,7.323539811454216
ETH-fed(KEN+TZA+UGA),2010,5,exports_gdp,2015,lgbm_lag,9.36331359735926,7.32353960237444
ETH-fed(KEN+TZA+UGA),2010,5,exports_gdp,2015,lgbm_typed,9.36331359735926,7.32353960237444
ETH-fed(KEN+TZA+UGA),2010,5,exports_gdp,2015,tft,9.36331359735926,7.319442826590935
ETH-fed(KEN+TZA+UGA),2010,5,exports_gdp,2015,tgcn,9.36331359735926,
ETH-fed(KEN+TZA+UGA),2010,5,exports_gdp,2015,persistence_scarcity,9.36331359735926,7.32353960237444
ETH-fed(KEN+TZA+UGA),2010,5,exports_gdp,2015,chronos_scarcity,9.36331359735926,7.274604874930779
ETH-fed(KEN+TZA+UGA),2010,5,exports_gdp,2015,gnn_scarcity,9.36331359735926,7.323541718802849
ETH-fed(KEN+TZA+UGA),2010,1,imports_gdp,2011,persistence,31.5460822119553,0.0
ETH-fed(KEN+TZA+UGA),2010,1,imports_gdp,2011,arima,31.5460822119553,0.0
ETH-fed(KEN+TZA+UGA),2010,1,imports_gdp,2011,chronos,31.5460822119553,0.09251089237522336
ETH-fed(KEN+TZA+UGA),2010,1,imports_gdp,2011,xgb_blind,31.5460822119553,6.689865514886151e-07
ETH-fed(KEN+TZA+UGA),2010,1,imports_gdp,2011,xgb_lag,31.5460822119553,0.0
ETH-fed(KEN+TZA+UGA),2010,1,imports_gdp,2011,xgb_typed,31.5460822119553,0.0
ETH-fed(KEN+TZA+UGA),2010,1,imports_gdp,2011,lgbm_blind,31.5460822119553,6.689865514886151e-07
ETH-fed(KEN+TZA+UGA),2010,1,imports_gdp,2011,lgbm_lag,31.5460822119553,0.0
ETH-fed(KEN+TZA+UGA),2010,1,imports_gdp,2011,lgbm_typed,31.5460822119553,0.0
ETH-fed(KEN+TZA+UGA),2010,1,imports_gdp,2011,tft,31.5460822119553,0.006275845988504614
ETH-fed(KEN+TZA+UGA),2010,1,imports_gdp,2011,tgcn,31.5460822119553,
ETH-fed(KEN+TZA+UGA),2010,1,imports_gdp,2011,persistence_scarcity,31.5460822119553,0.0
ETH-fed(KEN+TZA+UGA),2010,1,imports_gdp,2011,chronos_scarcity,31.5460822119553,0.09251089237522336
ETH-fed(KEN+TZA+UGA),2010,1,imports_gdp,2011,gnn_scarcity,31.5460822119553,6.689865514886151e-07
ETH-fed(KEN+TZA+UGA),2010,3,imports_gdp,2013,persistence,28.9877135217855,2.5583686901698
ETH-fed(KEN+TZA+UGA),2010,3,imports_gdp,2013,arima,28.9877135217855,2.5583686901698
ETH-fed(KEN+TZA+UGA),2010,3,imports_gdp,2013,chronos,28.9877135217855,2.465857797794577
ETH-fed(KEN+TZA+UGA),2010,3,imports_gdp,2013,xgb_blind,28.9877135217855,2.5583680211832487
ETH-fed(KEN+TZA+UGA),2010,3,imports_gdp,2013,xgb_lag,28.9877135217855,2.5583686901698
ETH-fed(KEN+TZA+UGA),2010,3,imports_gdp,2013,xgb_typed,28.9877135217855,2.5583686901698
ETH-fed(KEN+TZA+UGA),2010,3,imports_gdp,2013,lgbm_blind,28.9877135217855,2.5583680211832487
ETH-fed(KEN+TZA+UGA),2010,3,imports_gdp,2013,lgbm_lag,28.9877135217855,2.5583686901698
ETH-fed(KEN+TZA+UGA),2010,3,imports_gdp,2013,lgbm_typed,28.9877135217855,2.5583686901698
ETH-fed(KEN+TZA+UGA),2010,3,imports_gdp,2013,tft,28.9877135217855,2.552689844303366
ETH-fed(KEN+TZA+UGA),2010,3,imports_gdp,2013,tgcn,28.9877135217855,
ETH-fed(KEN+TZA+UGA),2010,3,imports_gdp,2013,persistence_scarcity,28.9877135217855,2.5583686901698
ETH-fed(KEN+TZA+UGA),2010,3,imports_gdp,2013,chronos_scarcity,28.9877135217855,2.465857797794577
ETH-fed(KEN+TZA+UGA),2010,3,imports_gdp,2013,gnn_scarcity,28.9877135217855,2.5583680211832487
ETH-fed(KEN+TZA+UGA),2010,5,imports_gdp,2015,persistence,30.2928105475922,1.2532716643631012
ETH-fed(KEN+TZA+UGA),2010,5,imports_gdp,2015,arima,30.2928105475922,1.2532716643631012
ETH-fed(KEN+TZA+UGA),2010,5,imports_gdp,2015,chronos,30.2928105475922,1.1607607719878779
ETH-fed(KEN+TZA+UGA),2010,5,imports_gdp,2015,xgb_blind,30.2928105475922,1.2532709953765497
ETH-fed(KEN+TZA+UGA),2010,5,imports_gdp,2015,xgb_lag,30.2928105475922,1.2532716643631012
ETH-fed(KEN+TZA+UGA),2010,5,imports_gdp,2015,xgb_typed,30.2928105475922,1.2532716643631012
ETH-fed(KEN+TZA+UGA),2010,5,imports_gdp,2015,lgbm_blind,30.2928105475922,1.2532709953765497
ETH-fed(KEN+TZA+UGA),2010,5,imports_gdp,2015,lgbm_lag,30.2928105475922,1.2532716643631012
ETH-fed(KEN+TZA+UGA),2010,5,imports_gdp,2015,lgbm_typed,30.2928105475922,1.2532716643631012
ETH-fed(KEN+TZA+UGA),2010,5,imports_gdp,2015,tft,30.2928105475922,1.2491740105132685
ETH-fed(KEN+TZA+UGA),2010,5,imports_gdp,2015,tgcn,30.2928105475922,
ETH-fed(KEN+TZA+UGA),2010,5,imports_gdp,2015,persistence_scarcity,30.2928105475922,1.2532716643631012
ETH-fed(KEN+TZA+UGA),2010,5,imports_gdp,2015,chronos_scarcity,30.2928105475922,1.1607607719878779
ETH-fed(KEN+TZA+UGA),2010,5,imports_gdp,2015,gnn_scarcity,30.2928105475922,1.2532709953765497
ETH-fed(KEN+TZA+UGA),2010,1,current_account,2011,persistence,-3.30367964138338,1.1814187696490799
ETH-fed(KEN+TZA+UGA),2010,1,current_account,2011,arima,-3.30367964138338,0.4367307034371004
ETH-fed(KEN+TZA+UGA),2010,1,current_account,2011,chronos,-3.30367964138338,1.6744222008163634
ETH-fed(KEN+TZA+UGA),2010,1,current_account,2011,xgb_blind,-3.30367964138338,4.378202263218671
ETH-fed(KEN+TZA+UGA),2010,1,current_account,2011,xgb_lag,-3.30367964138338,0.4367307034371004
ETH-fed(KEN+TZA+UGA),2010,1,current_account,2011,xgb_typed,-3.30367964138338,0.4367307034371004
ETH-fed(KEN+TZA+UGA),2010,1,current_account,2011,lgbm_blind,-3.30367964138338,0.026899159652501226
ETH-fed(KEN+TZA+UGA),2010,1,current_account,2011,lgbm_lag,-3.30367964138338,0.4367307034371004
ETH-fed(KEN+TZA+UGA),2010,1,current_account,2011,lgbm_typed,-3.30367964138338,0.4367307034371004
ETH-fed(KEN+TZA+UGA),2010,1,current_account,2011,tft,-3.30367964138338,2.6873076594894227
ETH-fed(KEN+TZA+UGA),2010,1,current_account,2011,tgcn,-3.30367964138338,
ETH-fed(KEN+TZA+UGA),2010,1,current_account,2011,persistence_scarcity,-3.30367964138338,1.1814187696490799
ETH-fed(KEN+TZA+UGA),2010,1,current_account,2011,chronos_scarcity,-3.30367964138338,1.6744222008163634
ETH-fed(KEN+TZA+UGA),2010,1,current_account,2011,gnn_scarcity,-3.30367964138338,0.5934043563430604
ETH-fed(KEN+TZA+UGA),2010,3,current_account,2013,persistence,-6.36626399169653,4.24400311996223
ETH-fed(KEN+TZA+UGA),2010,3,current_account,2013,arima,-6.36626399169653,3.5998043943314504
ETH-fed(KEN+TZA+UGA),2010,3,current_account,2013,chronos,-6.36626399169653,5.073630696637326
ETH-fed(KEN+TZA+UGA),2010,3,current_account,2013,xgb_blind,-6.36626399169653,2.322569018704587
ETH-fed(KEN+TZA+UGA),2010,3,current_account,2013,xgb_lag,-6.36626399169653,3.5998043943314504
ETH-fed(KEN+TZA+UGA),2010,3,current_account,2013,xgb_typed,-6.36626399169653,3.5998043943314504
ETH-fed(KEN+TZA+UGA),2010,3,current_account,2013,lgbm_blind,-6.36626399169653,2.6860793757136268
ETH-fed(KEN+TZA+UGA),2010,3,current_account,2013,lgbm_lag,-6.36626399169653,3.5998043943314504
ETH-fed(KEN+TZA+UGA),2010,3,current_account,2013,lgbm_typed,-6.36626399169653,3.5998043943314504
ETH-fed(KEN+TZA+UGA),2010,3,current_account,2013,tft,-6.36626399169653,0.48267901550024117
ETH-fed(KEN+TZA+UGA),2010,3,current_account,2013,tgcn,-6.36626399169653,
ETH-fed(KEN+TZA+UGA),2010,3,current_account,2013,persistence_scarcity,-6.36626399169653,4.24400311996223
ETH-fed(KEN+TZA+UGA),2010,3,current_account,2013,chronos_scarcity,-6.36626399169653,5.073630696637326
ETH-fed(KEN+TZA+UGA),2010,3,current_account,2013,gnn_scarcity,-6.36626399169653,2.518632775647336
ETH-fed(KEN+TZA+UGA),2010,5,current_account,2015,persistence,-12.1838327178752,10.0615718461409
ETH-fed(KEN+TZA+UGA),2010,5,current_account,2015,arima,-12.1838327178752,9.419971349625218
ETH-fed(KEN+TZA+UGA),2010,5,current_account,2015,chronos,-12.1838327178752,11.402866734007555
ETH-fed(KEN+TZA+UGA),2010,5,current_account,2015,xgb_blind,-12.1838327178752,7.757028175333696
ETH-fed(KEN+TZA+UGA),2010,5,current_account,2015,xgb_lag,-12.1838327178752,9.419971349625218
ETH-fed(KEN+TZA+UGA),2010,5,current_account,2015,xgb_typed,-12.1838327178752,9.419971349625218
ETH-fed(KEN+TZA+UGA),2010,5,current_account,2015,lgbm_blind,-12.1838327178752,7.967760192046123
ETH-fed(KEN+TZA+UGA),2010,5,current_account,2015,lgbm_lag,-12.1838327178752,9.419971349625218
ETH-fed(KEN+TZA+UGA),2010,5,current_account,2015,lgbm_typed,-12.1838327178752,9.419971349625218
ETH-fed(KEN+TZA+UGA),2010,5,current_account,2015,tft,-12.1838327178752,6.298550201395708
ETH-fed(KEN+TZA+UGA),2010,5,current_account,2015,tgcn,-12.1838327178752,
ETH-fed(KEN+TZA+UGA),2010,5,current_account,2015,persistence_scarcity,-12.1838327178752,10.0615718461409
ETH-fed(KEN+TZA+UGA),2010,5,current_account,2015,chronos_scarcity,-12.1838327178752,11.402866734007555
ETH-fed(KEN+TZA+UGA),2010,5,current_account,2015,gnn_scarcity,-12.1838327178752,8.329701734522539
ETH-fed(KEN+TZA+UGA),2010,1,real_interest_rate,2011,persistence,-17.1217762401546,0.0
ETH-fed(KEN+TZA+UGA),2010,1,real_interest_rate,2011,arima,-17.1217762401546,0.0
ETH-fed(KEN+TZA+UGA),2010,1,real_interest_rate,2011,chronos,-17.1217762401546,0.23755611686358336
ETH-fed(KEN+TZA+UGA),2010,1,real_interest_rate,2011,xgb_blind,-17.1217762401546,1.7330595424617279
ETH-fed(KEN+TZA+UGA),2010,1,real_interest_rate,2011,xgb_lag,-17.1217762401546,0.0
ETH-fed(KEN+TZA+UGA),2010,1,real_interest_rate,2011,xgb_typed,-17.1217762401546,0.0
ETH-fed(KEN+TZA+UGA),2010,1,real_interest_rate,2011,lgbm_blind,-17.1217762401546,17.3568617811645
ETH-fed(KEN+TZA+UGA),2010,1,real_interest_rate,2011,lgbm_lag,-17.1217762401546,0.0
ETH-fed(KEN+TZA+UGA),2010,1,real_interest_rate,2011,lgbm_typed,-17.1217762401546,0.0
ETH-fed(KEN+TZA+UGA),2010,1,real_interest_rate,2011,tft,-17.1217762401546,0.09630618782391664
ETH-fed(KEN+TZA+UGA),2010,1,real_interest_rate,2011,tgcn,-17.1217762401546,
ETH-fed(KEN+TZA+UGA),2010,1,real_interest_rate,2011,persistence_scarcity,-17.1217762401546,0.0
ETH-fed(KEN+TZA+UGA),2010,1,real_interest_rate,2011,chronos_scarcity,-17.1217762401546,0.23755611686358336
ETH-fed(KEN+TZA+UGA),2010,1,real_interest_rate,2011,gnn_scarcity,-17.1217762401546,15.830798762127255
ETH-fed(KEN+TZA+UGA),2010,3,real_interest_rate,2013,persistence,-17.1217762401546,0.0
ETH-fed(KEN+TZA+UGA),2010,3,real_interest_rate,2013,arima,-17.1217762401546,0.0
ETH-fed(KEN+TZA+UGA),2010,3,real_interest_rate,2013,chronos,-17.1217762401546,1.434332506939267
ETH-fed(KEN+TZA+UGA),2010,3,real_interest_rate,2013,xgb_blind,-17.1217762401546,2.2233473232234466
ETH-fed(KEN+TZA+UGA),2010,3,real_interest_rate,2013,xgb_lag,-17.1217762401546,0.0
ETH-fed(KEN+TZA+UGA),2010,3,real_interest_rate,2013,xgb_typed,-17.1217762401546,0.0
ETH-fed(KEN+TZA+UGA),2010,3,real_interest_rate,2013,lgbm_blind,-17.1217762401546,18.35559393010321
ETH-fed(KEN+TZA+UGA),2010,3,real_interest_rate,2013,lgbm_lag,-17.1217762401546,0.0
ETH-fed(KEN+TZA+UGA),2010,3,real_interest_rate,2013,lgbm_typed,-17.1217762401546,0.0
ETH-fed(KEN+TZA+UGA),2010,3,real_interest_rate,2013,tft,-17.1217762401546,0.07107387276044008
ETH-fed(KEN+TZA+UGA),2010,3,real_interest_rate,2013,tgcn,-17.1217762401546,
ETH-fed(KEN+TZA+UGA),2010,3,real_interest_rate,2013,persistence_scarcity,-17.1217762401546,0.0
ETH-fed(KEN+TZA+UGA),2010,3,real_interest_rate,2013,chronos_scarcity,-17.1217762401546,1.434332506939267
ETH-fed(KEN+TZA+UGA),2010,3,real_interest_rate,2013,gnn_scarcity,-17.1217762401546,15.963158028408383
ETH-fed(KEN+TZA+UGA),2010,5,real_interest_rate,2015,persistence,-17.1217762401546,0.0
ETH-fed(KEN+TZA+UGA),2010,5,real_interest_rate,2015,arima,-17.1217762401546,0.0
ETH-fed(KEN+TZA+UGA),2010,5,real_interest_rate,2015,chronos,-17.1217762401546,1.7254368236506927
ETH-fed(KEN+TZA+UGA),2010,5,real_interest_rate,2015,xgb_blind,-17.1217762401546,0.5006252696956146
ETH-fed(KEN+TZA+UGA),2010,5,real_interest_rate,2015,xgb_lag,-17.1217762401546,0.0
ETH-fed(KEN+TZA+UGA),2010,5,real_interest_rate,2015,xgb_typed,-17.1217762401546,0.0
ETH-fed(KEN+TZA+UGA),2010,5,real_interest_rate,2015,lgbm_blind,-17.1217762401546,17.78312276510844
ETH-fed(KEN+TZA+UGA),2010,5,real_interest_rate,2015,lgbm_lag,-17.1217762401546,0.0
ETH-fed(KEN+TZA+UGA),2010,5,real_interest_rate,2015,lgbm_typed,-17.1217762401546,0.0
ETH-fed(KEN+TZA+UGA),2010,5,real_interest_rate,2015,tft,-17.1217762401546,0.05155025215497133
ETH-fed(KEN+TZA+UGA),2010,5,real_interest_rate,2015,tgcn,-17.1217762401546,
ETH-fed(KEN+TZA+UGA),2010,5,real_interest_rate,2015,persistence_scarcity,-17.1217762401546,0.0
ETH-fed(KEN+TZA+UGA),2010,5,real_interest_rate,2015,chronos_scarcity,-17.1217762401546,1.7254368236506927
ETH-fed(KEN+TZA+UGA),2010,5,real_interest_rate,2015,gnn_scarcity,-17.1217762401546,15.94576122073779
ETH-fed(KEN+TZA+UGA),2010,1,broad_money,2011,persistence,33.9671207502096,0.0
ETH-fed(KEN+TZA+UGA),2010,1,broad_money,2011,arima,33.9671207502096,0.0
ETH-fed(KEN+TZA+UGA),2010,1,broad_money,2011,chronos,33.9671207502096,0.9513736798971024
ETH-fed(KEN+TZA+UGA),2010,1,broad_money,2011,xgb_blind,33.9671207502096,1.4697460100443038
ETH-fed(KEN+TZA+UGA),2010,1,broad_money,2011,xgb_lag,33.9671207502096,0.0
ETH-fed(KEN+TZA+UGA),2010,1,broad_money,2011,xgb_typed,33.9671207502096,0.0
ETH-fed(KEN+TZA+UGA),2010,1,broad_money,2011,lgbm_blind,33.9671207502096,1.4439999506265764
ETH-fed(KEN+TZA+UGA),2010,1,broad_money,2011,lgbm_lag,33.9671207502096,0.0
ETH-fed(KEN+TZA+UGA),2010,1,broad_money,2011,lgbm_typed,33.9671207502096,0.0
ETH-fed(KEN+TZA+UGA),2010,1,broad_money,2011,tft,33.9671207502096,0.06299935128382117
ETH-fed(KEN+TZA+UGA),2010,1,broad_money,2011,tgcn,33.9671207502096,
ETH-fed(KEN+TZA+UGA),2010,1,broad_money,2011,persistence_scarcity,33.9671207502096,0.0
ETH-fed(KEN+TZA+UGA),2010,1,broad_money,2011,chronos_scarcity,33.9671207502096,0.9513736798971024
ETH-fed(KEN+TZA+UGA),2010,1,broad_money,2011,gnn_scarcity,33.9671207502096,0.13933600638219445
ETH-fed(KEN+TZA+UGA),2010,3,broad_money,2013,persistence,33.9671207502096,0.0
ETH-fed(KEN+TZA+UGA),2010,3,broad_money,2013,arima,33.9671207502096,0.0
ETH-fed(KEN+TZA+UGA),2010,3,broad_money,2013,chronos,33.9671207502096,0.3090549543111649
ETH-fed(KEN+TZA+UGA),2010,3,broad_money,2013,xgb_blind,33.9671207502096,0.1621097490579757
ETH-fed(KEN+TZA+UGA),2010,3,broad_money,2013,xgb_lag,33.9671207502096,0.0
ETH-fed(KEN+TZA+UGA),2010,3,broad_money,2013,xgb_typed,33.9671207502096,0.0
ETH-fed(KEN+TZA+UGA),2010,3,broad_money,2013,lgbm_blind,33.9671207502096,1.9996559916659393
ETH-fed(KEN+TZA+UGA),2010,3,broad_money,2013,lgbm_lag,33.9671207502096,0.0
ETH-fed(KEN+TZA+UGA),2010,3,broad_money,2013,lgbm_typed,33.9671207502096,0.0
ETH-fed(KEN+TZA+UGA),2010,3,broad_money,2013,tft,33.9671207502096,0.046493156215461795
ETH-fed(KEN+TZA+UGA),2010,3,broad_money,2013,tgcn,33.9671207502096,
ETH-fed(KEN+TZA+UGA),2010,3,broad_money,2013,persistence_scarcity,33.9671207502096,0.0
ETH-fed(KEN+TZA+UGA),2010,3,broad_money,2013,chronos_scarcity,33.9671207502096,0.3090549543111649
ETH-fed(KEN+TZA+UGA),2010,3,broad_money,2013,gnn_scarcity,33.9671207502096,0.21509207938024133
ETH-fed(KEN+TZA+UGA),2010,5,broad_money,2015,persistence,33.9671207502096,0.0
ETH-fed(KEN+TZA+UGA),2010,5,broad_money,2015,arima,33.9671207502096,0.0
ETH-fed(KEN+TZA+UGA),2010,5,broad_money,2015,chronos,33.9671207502096,1.8506465985982743
ETH-fed(KEN+TZA+UGA),2010,5,broad_money,2015,xgb_blind,33.9671207502096,0.08263359810999305
ETH-fed(KEN+TZA+UGA),2010,5,broad_money,2015,xgb_lag,33.9671207502096,0.0
ETH-fed(KEN+TZA+UGA),2010,5,broad_money,2015,xgb_typed,33.9671207502096,0.0
ETH-fed(KEN+TZA+UGA),2010,5,broad_money,2015,lgbm_blind,33.9671207502096,2.8615222141534957
ETH-fed(KEN+TZA+UGA),2010,5,broad_money,2015,lgbm_lag,33.9671207502096,0.0
ETH-fed(KEN+TZA+UGA),2010,5,broad_money,2015,lgbm_typed,33.9671207502096,0.0
ETH-fed(KEN+TZA+UGA),2010,5,broad_money,2015,tft,33.9671207502096,0.033721549770149295
ETH-fed(KEN+TZA+UGA),2010,5,broad_money,2015,tgcn,33.9671207502096,
ETH-fed(KEN+TZA+UGA),2010,5,broad_money,2015,persistence_scarcity,33.9671207502096,0.0
ETH-fed(KEN+TZA+UGA),2010,5,broad_money,2015,chronos_scarcity,33.9671207502096,1.8506465985982743
ETH-fed(KEN+TZA+UGA),2010,5,broad_money,2015,gnn_scarcity,33.9671207502096,0.20513571951696008
ETH-fed(KEN+TZA+UGA),2010,1,private_credit,2011,persistence,17.7101483486321,0.0
ETH-fed(KEN+TZA+UGA),2010,1,private_credit,2011,arima,17.7101483486321,0.0
ETH-fed(KEN+TZA+UGA),2010,1,private_credit,2011,chronos,17.7101483486321,0.3790764949944041
ETH-fed(KEN+TZA+UGA),2010,1,private_credit,2011,xgb_blind,17.7101483486321,0.27769137841725566
ETH-fed(KEN+TZA+UGA),2010,1,private_credit,2011,xgb_lag,17.7101483486321,0.0
ETH-fed(KEN+TZA+UGA),2010,1,private_credit,2011,xgb_typed,17.7101483486321,0.0
ETH-fed(KEN+TZA+UGA),2010,1,private_credit,2011,lgbm_blind,17.7101483486321,3.805277057709935
ETH-fed(KEN+TZA+UGA),2010,1,private_credit,2011,lgbm_lag,17.7101483486321,0.0
ETH-fed(KEN+TZA+UGA),2010,1,private_credit,2011,lgbm_typed,17.7101483486321,0.0
ETH-fed(KEN+TZA+UGA),2010,1,private_credit,2011,tft,17.7101483486321,0.008888735594990038
ETH-fed(KEN+TZA+UGA),2010,1,private_credit,2011,tgcn,17.7101483486321,
ETH-fed(KEN+TZA+UGA),2010,1,private_credit,2011,persistence_scarcity,17.7101483486321,0.0
ETH-fed(KEN+TZA+UGA),2010,1,private_credit,2011,chronos_scarcity,17.7101483486321,0.3790764949944041
ETH-fed(KEN+TZA+UGA),2010,1,private_credit,2011,gnn_scarcity,17.7101483486321,5.428230776610615
ETH-fed(KEN+TZA+UGA),2010,3,private_credit,2013,persistence,17.7101483486321,0.0
ETH-fed(KEN+TZA+UGA),2010,3,private_credit,2013,arima,17.7101483486321,0.0
ETH-fed(KEN+TZA+UGA),2010,3,private_credit,2013,chronos,17.7101483486321,1.5507550380852244
ETH-fed(KEN+TZA+UGA),2010,3,private_credit,2013,xgb_blind,17.7101483486321,0.35747577172780254
ETH-fed(KEN+TZA+UGA),2010,3,private_credit,2013,xgb_lag,17.7101483486321,0.0
ETH-fed(KEN+TZA+UGA),2010,3,private_credit,2013,xgb_typed,17.7101483486321,0.0
ETH-fed(KEN+TZA+UGA),2010,3,private_credit,2013,lgbm_blind,17.7101483486321,2.455294278816357
ETH-fed(KEN+TZA+UGA),2010,3,private_credit,2013,lgbm_lag,17.7101483486321,0.0
ETH-fed(KEN+TZA+UGA),2010,3,private_credit,2013,lgbm_typed,17.7101483486321,0.0
ETH-fed(KEN+TZA+UGA),2010,3,private_credit,2013,tft,17.7101483486321,0.006559862914325976
ETH-fed(KEN+TZA+UGA),2010,3,private_credit,2013,tgcn,17.7101483486321,
ETH-fed(KEN+TZA+UGA),2010,3,private_credit,2013,persistence_scarcity,17.7101483486321,0.0
ETH-fed(KEN+TZA+UGA),2010,3,private_credit,2013,chronos_scarcity,17.7101483486321,1.5507550380852244
ETH-fed(KEN+TZA+UGA),2010,3,private_credit,2013,gnn_scarcity,17.7101483486321,5.344640269103291
ETH-fed(KEN+TZA+UGA),2010,5,private_credit,2015,persistence,17.7101483486321,0.0
ETH-fed(KEN+TZA+UGA),2010,5,private_credit,2015,arima,17.7101483486321,0.0
ETH-fed(KEN+TZA+UGA),2010,5,private_credit,2015,chronos,17.7101483486321,2.429512514891865
ETH-fed(KEN+TZA+UGA),2010,5,private_credit,2015,xgb_blind,17.7101483486321,0.4298949100348928
ETH-fed(KEN+TZA+UGA),2010,5,private_credit,2015,xgb_lag,17.7101483486321,0.0
ETH-fed(KEN+TZA+UGA),2010,5,private_credit,2015,xgb_typed,17.7101483486321,0.0
ETH-fed(KEN+TZA+UGA),2010,5,private_credit,2015,lgbm_blind,17.7101483486321,1.0691890559818766
ETH-fed(KEN+TZA+UGA),2010,5,private_credit,2015,lgbm_lag,17.7101483486321,0.0
ETH-fed(KEN+TZA+UGA),2010,5,private_credit,2015,lgbm_typed,17.7101483486321,0.0
ETH-fed(KEN+TZA+UGA),2010,5,private_credit,2015,tft,17.7101483486321,0.004759325804950976
ETH-fed(KEN+TZA+UGA),2010,5,private_credit,2015,tgcn,17.7101483486321,
ETH-fed(KEN+TZA+UGA),2010,5,private_credit,2015,persistence_scarcity,17.7101483486321,0.0
ETH-fed(KEN+TZA+UGA),2010,5,private_credit,2015,chronos_scarcity,17.7101483486321,2.429512514891865
ETH-fed(KEN+TZA+UGA),2010,5,private_credit,2015,gnn_scarcity,17.7101483486321,5.355627550902607
ETH-fed(KEN+TZA+UGA),2010,1,govt_consumption,2011,persistence,10.3182460672537,0.0
ETH-fed(KEN+TZA+UGA),2010,1,govt_consumption,2011,arima,10.3182460672537,0.0
ETH-fed(KEN+TZA+UGA),2010,1,govt_consumption,2011,chronos,10.3182460672537,0.030260265556922405
ETH-fed(KEN+TZA+UGA),2010,1,govt_consumption,2011,xgb_blind,10.3182460672537,1.7949735209299433e-07
ETH-fed(KEN+TZA+UGA),2010,1,govt_consumption,2011,xgb_lag,10.3182460672537,0.0
ETH-fed(KEN+TZA+UGA),2010,1,govt_consumption,2011,xgb_typed,10.3182460672537,0.0
ETH-fed(KEN+TZA+UGA),2010,1,govt_consumption,2011,lgbm_blind,10.3182460672537,1.7949735209299433e-07
ETH-fed(KEN+TZA+UGA),2010,1,govt_consumption,2011,lgbm_lag,10.3182460672537,0.0
ETH-fed(KEN+TZA+UGA),2010,1,govt_consumption,2011,lgbm_typed,10.3182460672537,0.0
ETH-fed(KEN+TZA+UGA),2010,1,govt_consumption,2011,tft,10.3182460672537,0.006275356499305218
ETH-fed(KEN+TZA+UGA),2010,1,govt_consumption,2011,tgcn,10.3182460672537,
ETH-fed(KEN+TZA+UGA),2010,1,govt_consumption,2011,persistence_scarcity,10.3182460672537,0.0
ETH-fed(KEN+TZA+UGA),2010,1,govt_consumption,2011,chronos_scarcity,10.3182460672537,0.030260265556922405
ETH-fed(KEN+TZA+UGA),2010,1,govt_consumption,2011,gnn_scarcity,10.3182460672537,1.7278512807195057e-06
ETH-fed(KEN+TZA+UGA),2010,3,govt_consumption,2013,persistence,8.9554736783348,1.3627723889189003
ETH-fed(KEN+TZA+UGA),2010,3,govt_consumption,2013,arima,8.9554736783348,1.3627723889189003
ETH-fed(KEN+TZA+UGA),2010,3,govt_consumption,2013,chronos,8.9554736783348,1.3325121233619779
ETH-fed(KEN+TZA+UGA),2010,3,govt_consumption,2013,xgb_blind,8.9554736783348,1.3627722094215482
ETH-fed(KEN+TZA+UGA),2010,3,govt_consumption,2013,xgb_lag,8.9554736783348,1.3627723889189003
ETH-fed(KEN+TZA+UGA),2010,3,govt_consumption,2013,xgb_typed,8.9554736783348,1.3627723889189003
ETH-fed(KEN+TZA+UGA),2010,3,govt_consumption,2013,lgbm_blind,8.9554736783348,1.3627722094215482
ETH-fed(KEN+TZA+UGA),2010,3,govt_consumption,2013,lgbm_lag,8.9554736783348,1.3627723889189003
ETH-fed(KEN+TZA+UGA),2010,3,govt_consumption,2013,lgbm_typed,8.9554736783348,1.3627723889189003
ETH-fed(KEN+TZA+UGA),2010,3,govt_consumption,2013,tft,8.9554736783348,1.3570940325416654
ETH-fed(KEN+TZA+UGA),2010,3,govt_consumption,2013,tgcn,8.9554736783348,
ETH-fed(KEN+TZA+UGA),2010,3,govt_consumption,2013,persistence_scarcity,8.9554736783348,1.3627723889189003
ETH-fed(KEN+TZA+UGA),2010,3,govt_consumption,2013,chronos_scarcity,8.9554736783348,1.3325121233619779
ETH-fed(KEN+TZA+UGA),2010,3,govt_consumption,2013,gnn_scarcity,8.9554736783348,1.362774116770181
ETH-fed(KEN+TZA+UGA),2010,5,govt_consumption,2015,persistence,9.01378857603043,1.3044574912232694
ETH-fed(KEN+TZA+UGA),2010,5,govt_consumption,2015,arima,9.01378857603043,1.3044574912232694
ETH-fed(KEN+TZA+UGA),2010,5,govt_consumption,2015,chronos,9.01378857603043,1.274197225666347
ETH-fed(KEN+TZA+UGA),2010,5,govt_consumption,2015,xgb_blind,9.01378857603043,1.3044573117259173
ETH-fed(KEN+TZA+UGA),2010,5,govt_consumption,2015,xgb_lag,9.01378857603043,1.3044574912232694
ETH-fed(KEN+TZA+UGA),2010,5,govt_consumption,2015,xgb_typed,9.01378857603043,1.3044574912232694
ETH-fed(KEN+TZA+UGA),2010,5,govt_consumption,2015,lgbm_blind,9.01378857603043,1.3044573117259173
ETH-fed(KEN+TZA+UGA),2010,5,govt_consumption,2015,lgbm_lag,9.01378857603043,1.3044574912232694
ETH-fed(KEN+TZA+UGA),2010,5,govt_consumption,2015,lgbm_typed,9.01378857603043,1.3044574912232694
ETH-fed(KEN+TZA+UGA),2010,5,govt_consumption,2015,tft,9.01378857603043,1.3003593731883196
ETH-fed(KEN+TZA+UGA),2010,5,govt_consumption,2015,tgcn,9.01378857603043,
ETH-fed(KEN+TZA+UGA),2010,5,govt_consumption,2015,persistence_scarcity,9.01378857603043,1.3044574912232694
ETH-fed(KEN+TZA+UGA),2010,5,govt_consumption,2015,chronos_scarcity,9.01378857603043,1.274197225666347
ETH-fed(KEN+TZA+UGA),2010,5,govt_consumption,2015,gnn_scarcity,9.01378857603043,1.30445921907455
ETH-fed(KEN+TZA+UGA),2011,1,gdp_growth,2012,persistence,8.64781163513926,2.530484594561541
ETH-fed(KEN+TZA+UGA),2011,1,gdp_growth,2012,arima,8.64781163513926,2.9521113014545097
ETH-fed(KEN+TZA+UGA),2011,1,gdp_growth,2012,chronos,8.64781163513926,2.151557223198143
ETH-fed(KEN+TZA+UGA),2011,1,gdp_growth,2012,xgb_blind,8.64781163513926,2.20422865569326
ETH-fed(KEN+TZA+UGA),2011,1,gdp_growth,2012,xgb_lag,8.64781163513926,2.9521113014545097
ETH-fed(KEN+TZA+UGA),2011,1,gdp_growth,2012,xgb_typed,8.64781163513926,2.9521113014545097
ETH-fed(KEN+TZA+UGA),2011,1,gdp_growth,2012,lgbm_blind,8.64781163513926,2.52188309695305
ETH-fed(KEN+TZA+UGA),2011,1,gdp_growth,2012,lgbm_lag,8.64781163513926,2.9521113014545097
ETH-fed(KEN+TZA+UGA),2011,1,gdp_growth,2012,lgbm_typed,8.64781163513926,2.9521113014545097
ETH-fed(KEN+TZA+UGA),2011,1,gdp_growth,2012,tft,8.64781163513926,2.7120859783861313
ETH-fed(KEN+TZA+UGA),2011,1,gdp_growth,2012,tgcn,8.64781163513926,
ETH-fed(KEN+TZA+UGA),2011,1,gdp_growth,2012,persistence_scarcity,8.64781163513926,2.530484594561541
ETH-fed(KEN+TZA+UGA),2011,1,gdp_growth,2012,chronos_scarcity,8.64781163513926,2.151557223198143
ETH-fed(KEN+TZA+UGA),2011,1,gdp_growth,2012,gnn_scarcity,8.64781163513926,3.717931016090187
ETH-fed(KEN+TZA+UGA),2011,3,gdp_growth,2014,persistence,10.2574929627477,0.9208032669531008
ETH-fed(KEN+TZA+UGA),2011,3,gdp_growth,2014,arima,10.2574929627477,1.2526871795606631
ETH-fed(KEN+TZA+UGA),2011,3,gdp_growth,2014,chronos,10.2574929627477,0.28060251149546467
ETH-fed(KEN+TZA+UGA),2011,3,gdp_growth,2014,xgb_blind,10.2574929627477,0.809519824117535
ETH-fed(KEN+TZA+UGA),2011,3,gdp_growth,2014,xgb_lag,10.2574929627477,1.2526871795606631
ETH-fed(KEN+TZA+UGA),2011,3,gdp_growth,2014,xgb_typed,10.2574929627477,1.2526871795606631
ETH-fed(KEN+TZA+UGA),2011,3,gdp_growth,2014,lgbm_blind,10.2574929627477,2.6546266644737093
ETH-fed(KEN+TZA+UGA),2011,3,gdp_growth,2014,lgbm_lag,10.2574929627477,1.2526871795606631
ETH-fed(KEN+TZA+UGA),2011,3,gdp_growth,2014,lgbm_typed,10.2574929627477,1.2526871795606631
ETH-fed(KEN+TZA+UGA),2011,3,gdp_growth,2014,tft,10.2574929627477,1.110254344076031
ETH-fed(KEN+TZA+UGA),2011,3,gdp_growth,2014,tgcn,10.2574929627477,
ETH-fed(KEN+TZA+UGA),2011,3,gdp_growth,2014,persistence_scarcity,10.2574929627477,0.9208032669531008
ETH-fed(KEN+TZA+UGA),2011,3,gdp_growth,2014,chronos_scarcity,10.2574929627477,0.28060251149546467
ETH-fed(KEN+TZA+UGA),2011,3,gdp_growth,2014,gnn_scarcity,10.2574929627477,5.247942868143207
ETH-fed(KEN+TZA+UGA),2011,5,gdp_growth,2016,persistence,9.43348265981905,1.7448135698817495
ETH-fed(KEN+TZA+UGA),2011,5,gdp_growth,2016,arima,9.43348265981905,2.0682253189396143
ETH-fed(KEN+TZA+UGA),2011,5,gdp_growth,2016,chronos,9.43348265981905,0.7272133698440353
ETH-fed(KEN+TZA+UGA),2011,5,gdp_growth,2016,xgb_blind,9.43348265981905,1.9471592774368087
ETH-fed(KEN+TZA+UGA),2011,5,gdp_growth,2016,xgb_lag,9.43348265981905,2.0682253189396143
ETH-fed(KEN+TZA+UGA),2011,5,gdp_growth,2016,xgb_typed,9.43348265981905,2.0682253189396143
ETH-fed(KEN+TZA+UGA),2011,5,gdp_growth,2016,lgbm_blind,9.43348265981905,1.8969143407227662
ETH-fed(KEN+TZA+UGA),2011,5,gdp_growth,2016,lgbm_lag,9.43348265981905,2.0682253189396143
ETH-fed(KEN+TZA+UGA),2011,5,gdp_growth,2016,lgbm_typed,9.43348265981905,2.0682253189396143
ETH-fed(KEN+TZA+UGA),2011,5,gdp_growth,2016,tft,9.43348265981905,1.9463839402175704
ETH-fed(KEN+TZA+UGA),2011,5,gdp_growth,2016,tgcn,9.43348265981905,
ETH-fed(KEN+TZA+UGA),2011,5,gdp_growth,2016,persistence_scarcity,9.43348265981905,1.7448135698817495
ETH-fed(KEN+TZA+UGA),2011,5,gdp_growth,2016,chronos_scarcity,9.43348265981905,0.7272133698440353
ETH-fed(KEN+TZA+UGA),2011,5,gdp_growth,2016,gnn_scarcity,9.43348265981905,4.386547578337117
ETH-fed(KEN+TZA+UGA),2011,1,inflation_cpi,2012,persistence,23.600417677317,9.6495422050174
ETH-fed(KEN+TZA+UGA),2011,1,inflation_cpi,2012,arima,23.600417677317,1.740060126686437
ETH-fed(KEN+TZA+UGA),2011,1,inflation_cpi,2012,chronos,23.600417677317,14.719562117014267
ETH-fed(KEN+TZA+UGA),2011,1,inflation_cpi,2012,xgb_blind,23.600417677317,7.077454026784562
ETH-fed(KEN+TZA+UGA),2011,1,inflation_cpi,2012,xgb_lag,23.600417677317,1.740060126686437
ETH-fed(KEN+TZA+UGA),2011,1,inflation_cpi,2012,xgb_typed,23.600417677317,1.740060126686437
ETH-fed(KEN+TZA+UGA),2011,1,inflation_cpi,2012,lgbm_blind,23.600417677317,13.40961346828903
ETH-fed(KEN+TZA+UGA),2011,1,inflation_cpi,2012,lgbm_lag,23.600417677317,1.740060126686437
ETH-fed(KEN+TZA+UGA),2011,1,inflation_cpi,2012,lgbm_typed,23.600417677317,1.740060126686437
ETH-fed(KEN+TZA+UGA),2011,1,inflation_cpi,2012,tft,23.600417677317,11.8285728134254
ETH-fed(KEN+TZA+UGA),2011,1,inflation_cpi,2012,tgcn,23.600417677317,
ETH-fed(KEN+TZA+UGA),2011,1,inflation_cpi,2012,persistence_scarcity,23.600417677317,9.6495422050174
ETH-fed(KEN+TZA+UGA),2011,1,inflation_cpi,2012,chronos_scarcity,23.600417677317,14.719562117014267
ETH-fed(KEN+TZA+UGA),2011,1,inflation_cpi,2012,gnn_scarcity,23.600417677317,15.674439970407821
ETH-fed(KEN+TZA+UGA),2011,3,inflation_cpi,2014,persistence,6.89001951597191,26.35994036636249
ETH-fed(KEN+TZA+UGA),2011,3,inflation_cpi,2014,arima,6.89001951597191,17.793382328145523
ETH-fed(KEN+TZA+UGA),2011,3,inflation_cpi,2014,chronos,6.89001951597191,1.443678756733168
ETH-fed(KEN+TZA+UGA),2011,3,inflation_cpi,2014,xgb_blind,6.89001951597191,4.124348541279066
ETH-fed(KEN+TZA+UGA),2011,3,inflation_cpi,2014,xgb_lag,6.89001951597191,17.793382328145523
ETH-fed(KEN+TZA+UGA),2011,3,inflation_cpi,2014,xgb_typed,6.89001951597191,17.793382328145523
ETH-fed(KEN+TZA+UGA),2011,3,inflation_cpi,2014,lgbm_blind,6.89001951597191,1.9392881405672044
ETH-fed(KEN+TZA+UGA),2011,3,inflation_cpi,2014,lgbm_lag,6.89001951597191,17.793382328145523
ETH-fed(KEN+TZA+UGA),2011,3,inflation_cpi,2014,lgbm_typed,6.89001951597191,17.793382328145523
ETH-fed(KEN+TZA+UGA),2011,3,inflation_cpi,2014,tft,6.89001951597191,4.941830535907973
ETH-fed(KEN+TZA+UGA),2011,3,inflation_cpi,2014,tgcn,6.89001951597191,
ETH-fed(KEN+TZA+UGA),2011,3,inflation_cpi,2014,persistence_scarcity,6.89001951597191,26.35994036636249
ETH-fed(KEN+TZA+UGA),2011,3,inflation_cpi,2014,chronos_scarcity,6.89001951597191,1.443678756733168
ETH-fed(KEN+TZA+UGA),2011,3,inflation_cpi,2014,gnn_scarcity,6.89001951597191,1.191683670063246
ETH-fed(KEN+TZA+UGA),2011,5,inflation_cpi,2016,persistence,6.62813337230924,26.621826510025162
ETH-fed(KEN+TZA+UGA),2011,5,inflation_cpi,2016,arima,6.62813337230924,18.63651890750789
ETH-fed(KEN+TZA+UGA),2011,5,inflation_cpi,2016,chronos,6.62813337230924,0.8216857156729374
ETH-fed(KEN+TZA+UGA),2011,5,inflation_cpi,2016,xgb_blind,6.62813337230924,27.343855305669276
ETH-fed(KEN+TZA+UGA),2011,5,inflation_cpi,2016,xgb_lag,6.62813337230924,18.63651890750789
ETH-fed(KEN+TZA+UGA),2011,5,inflation_cpi,2016,xgb_typed,6.62813337230924,18.63651890750789
ETH-fed(KEN+TZA+UGA),2011,5,inflation_cpi,2016,lgbm_blind,6.62813337230924,2.58480213148212
ETH-fed(KEN+TZA+UGA),2011,5,inflation_cpi,2016,lgbm_lag,6.62813337230924,18.63651890750789
ETH-fed(KEN+TZA+UGA),2011,5,inflation_cpi,2016,lgbm_typed,6.62813337230924,18.63651890750789
ETH-fed(KEN+TZA+UGA),2011,5,inflation_cpi,2016,tft,6.62813337230924,5.198509617803064
ETH-fed(KEN+TZA+UGA),2011,5,inflation_cpi,2016,tgcn,6.62813337230924,
ETH-fed(KEN+TZA+UGA),2011,5,inflation_cpi,2016,persistence_scarcity,6.62813337230924,26.621826510025162
ETH-fed(KEN+TZA+UGA),2011,5,inflation_cpi,2016,chronos_scarcity,6.62813337230924,0.8216857156729374
ETH-fed(KEN+TZA+UGA),2011,5,inflation_cpi,2016,gnn_scarcity,6.62813337230924,1.526643200871912
ETH-fed(KEN+TZA+UGA),2011,1,unemployment,2012,persistence,2.252,0.018000000000000238
ETH-fed(KEN+TZA+UGA),2011,1,unemployment,2012,arima,2.252,0.005485065378477927
ETH-fed(KEN+TZA+UGA),2011,1,unemployment,2012,chronos,2.252,0.03589496421813987
ETH-fed(KEN+TZA+UGA),2011,1,unemployment,2012,xgb_blind,2.252,0.07839951324462913
ETH-fed(KEN+TZA+UGA),2011,1,unemployment,2012,xgb_lag,2.252,0.005485065378477927
ETH-fed(KEN+TZA+UGA),2011,1,unemployment,2012,xgb_typed,2.252,0.005485065378477927
ETH-fed(KEN+TZA+UGA),2011,1,unemployment,2012,lgbm_blind,2.252,0.6758571265084403
ETH-fed(KEN+TZA+UGA),2011,1,unemployment,2012,lgbm_lag,2.252,0.005485065378477927
ETH-fed(KEN+TZA+UGA),2011,1,unemployment,2012,lgbm_typed,2.252,0.005485065378477927
ETH-fed(KEN+TZA+UGA),2011,1,unemployment,2012,tft,2.252,0.007842634201050025
ETH-fed(KEN+TZA+UGA),2011,1,unemployment,2012,tgcn,2.252,
ETH-fed(KEN+TZA+UGA),2011,1,unemployment,2012,persistence_scarcity,2.252,0.018000000000000238
ETH-fed(KEN+TZA+UGA),2011,1,unemployment,2012,chronos_scarcity,2.252,0.03589496421813987
ETH-fed(KEN+TZA+UGA),2011,1,unemployment,2012,gnn_scarcity,2.252,0.6193951110839846
ETH-fed(KEN+TZA+UGA),2011,3,unemployment,2014,persistence,2.361,0.09100000000000019
ETH-fed(KEN+TZA+UGA),2011,3,unemployment,2014,arima,2.361,0.11291609251880841
ETH-fed(KEN+TZA+UGA),2011,3,unemployment,2014,chronos,2.361,0.008354602813720913
ETH-fed(KEN+TZA+UGA),2011,3,unemployment,2014,xgb_blind,2.361,0.05440538978576681
ETH-fed(KEN+TZA+UGA),2011,3,unemployment,2014,xgb_lag,2.361,0.11291609251880841
ETH-fed(KEN+TZA+UGA),2011,3,unemployment,2014,xgb_typed,2.361,0.11291609251880841
ETH-fed(KEN+TZA+UGA),2011,3,unemployment,2014,lgbm_blind,2.361,0.522421044600637
ETH-fed(KEN+TZA+UGA),2011,3,unemployment,2014,lgbm_lag,2.361,0.11291609251880841
ETH-fed(KEN+TZA+UGA),2011,3,unemployment,2014,lgbm_typed,2.361,0.11291609251880841
ETH-fed(KEN+TZA+UGA),2011,3,unemployment,2014,tft,2.361,0.09485024070739767
ETH-fed(KEN+TZA+UGA),2011,3,unemployment,2014,tgcn,2.361,
ETH-fed(KEN+TZA+UGA),2011,3,unemployment,2014,persistence_scarcity,2.361,0.09100000000000019
ETH-fed(KEN+TZA+UGA),2011,3,unemployment,2014,chronos_scarcity,2.361,0.008354602813720913
ETH-fed(KEN+TZA+UGA),2011,3,unemployment,2014,gnn_scarcity,2.361,0.5159521713256834
ETH-fed(KEN+TZA+UGA),2011,5,unemployment,2016,persistence,2.556,0.28600000000000003
ETH-fed(KEN+TZA+UGA),2011,5,unemployment,2016,arima,2.556,0.3102720014575109
ETH-fed(KEN+TZA+UGA),2011,5,unemployment,2016,chronos,2.556,0.11701894378662114
ETH-fed(KEN+TZA+UGA),2011,5,unemployment,2016,xgb_blind,2.556,0.26007319068908696
ETH-fed(KEN+TZA+UGA),2011,5,unemployment,2016,xgb_lag,2.556,0.3102720014575109
ETH-fed(KEN+TZA+UGA),2011,5,unemployment,2016,xgb_typed,2.556,0.3102720014575109
ETH-fed(KEN+TZA+UGA),2011,5,unemployment,2016,lgbm_blind,2.556,0.2929999911364387
ETH-fed(KEN+TZA+UGA),2011,5,unemployment,2016,lgbm_lag,2.556,0.3102720014575109
ETH-fed(KEN+TZA+UGA),2011,5,unemployment,2016,lgbm_typed,2.556,0.3102720014575109
ETH-fed(KEN+TZA+UGA),2011,5,unemployment,2016,tft,2.556,0.2878685054779053
ETH-fed(KEN+TZA+UGA),2011,5,unemployment,2016,tgcn,2.556,
ETH-fed(KEN+TZA+UGA),2011,5,unemployment,2016,persistence_scarcity,2.556,0.28600000000000003
ETH-fed(KEN+TZA+UGA),2011,5,unemployment,2016,chronos_scarcity,2.556,0.11701894378662114
ETH-fed(KEN+TZA+UGA),2011,5,unemployment,2016,gnn_scarcity,2.556,0.32355999374389643
ETH-fed(KEN+TZA+UGA),2011,1,exports_gdp,2012,persistence,13.7672981990263,2.919555000707401
ETH-fed(KEN+TZA+UGA),2011,1,exports_gdp,2012,arima,13.7672981990263,2.919555000707401
ETH-fed(KEN+TZA+UGA),2011,1,exports_gdp,2012,chronos,13.7672981990263,2.870622180612372
ETH-fed(KEN+TZA+UGA),2011,1,exports_gdp,2012,xgb_blind,13.7672981990263,2.919555209787177
ETH-fed(KEN+TZA+UGA),2011,1,exports_gdp,2012,xgb_lag,13.7672981990263,2.919555000707401
ETH-fed(KEN+TZA+UGA),2011,1,exports_gdp,2012,xgb_typed,13.7672981990263,2.919555000707401
ETH-fed(KEN+TZA+UGA),2011,1,exports_gdp,2012,lgbm_blind,13.7672981990263,2.919555209787177
ETH-fed(KEN+TZA+UGA),2011,1,exports_gdp,2012,lgbm_lag,13.7672981990263,2.919555000707401
ETH-fed(KEN+TZA+UGA),2011,1,exports_gdp,2012,lgbm_typed,13.7672981990263,2.919555000707401
ETH-fed(KEN+TZA+UGA),2011,1,exports_gdp,2012,tft,13.7672981990263,2.9212584721162784
ETH-fed(KEN+TZA+UGA),2011,1,exports_gdp,2012,tgcn,13.7672981990263,
ETH-fed(KEN+TZA+UGA),2011,1,exports_gdp,2012,persistence_scarcity,13.7672981990263,2.919555000707401
ETH-fed(KEN+TZA+UGA),2011,1,exports_gdp,2012,chronos_scarcity,13.7672981990263,2.870622180612372
ETH-fed(KEN+TZA+UGA),2011,1,exports_gdp,2012,gnn_scarcity,13.7672981990263,2.9195590244844425
ETH-fed(KEN+TZA+UGA),2011,3,exports_gdp,2014,persistence,11.6416199095703,5.0452332901634005
ETH-fed(KEN+TZA+UGA),2011,3,exports_gdp,2014,arima,11.6416199095703,5.0452332901634005
ETH-fed(KEN+TZA+UGA),2011,3,exports_gdp,2014,chronos,11.6416199095703,4.9963004700683715
ETH-fed(KEN+TZA+UGA),2011,3,exports_gdp,2014,xgb_blind,11.6416199095703,5.045233499243176
ETH-fed(KEN+TZA+UGA),2011,3,exports_gdp,2014,xgb_lag,11.6416199095703,5.0452332901634005
ETH-fed(KEN+TZA+UGA),2011,3,exports_gdp,2014,xgb_typed,11.6416199095703,5.0452332901634005
ETH-fed(KEN+TZA+UGA),2011,3,exports_gdp,2014,lgbm_blind,11.6416199095703,5.045233499243176
ETH-fed(KEN+TZA+UGA),2011,3,exports_gdp,2014,lgbm_lag,11.6416199095703,5.0452332901634005
ETH-fed(KEN+TZA+UGA),2011,3,exports_gdp,2014,lgbm_typed,11.6416199095703,5.0452332901634005
ETH-fed(KEN+TZA+UGA),2011,3,exports_gdp,2014,tft,11.6416199095703,5.042755853369153
ETH-fed(KEN+TZA+UGA),2011,3,exports_gdp,2014,tgcn,11.6416199095703,
ETH-fed(KEN+TZA+UGA),2011,3,exports_gdp,2014,persistence_scarcity,11.6416199095703,5.0452332901634005
ETH-fed(KEN+TZA+UGA),2011,3,exports_gdp,2014,chronos_scarcity,11.6416199095703,4.9963004700683715
ETH-fed(KEN+TZA+UGA),2011,3,exports_gdp,2014,gnn_scarcity,11.6416199095703,5.045237313940442
ETH-fed(KEN+TZA+UGA),2011,5,exports_gdp,2016,persistence,7.8120625822914,8.8747906174423
ETH-fed(KEN+TZA+UGA),2011,5,exports_gdp,2016,arima,7.8120625822914,8.8747906174423
ETH-fed(KEN+TZA+UGA),2011,5,exports_gdp,2016,chronos,7.8120625822914,8.825857797347272
ETH-fed(KEN+TZA+UGA),2011,5,exports_gdp,2016,xgb_blind,7.8120625822914,8.874790826522077
ETH-fed(KEN+TZA+UGA),2011,5,exports_gdp,2016,xgb_lag,7.8120625822914,8.8747906174423
ETH-fed(KEN+TZA+UGA),2011,5,exports_gdp,2016,xgb_typed,7.8120625822914,8.8747906174423
ETH-fed(KEN+TZA+UGA),2011,5,exports_gdp,2016,lgbm_blind,7.8120625822914,8.874790826522077
ETH-fed(KEN+TZA+UGA),2011,5,exports_gdp,2016,lgbm_lag,7.8120625822914,8.8747906174423
ETH-fed(KEN+TZA+UGA),2011,5,exports_gdp,2016,lgbm_typed,7.8120625822914,8.8747906174423
ETH-fed(KEN+TZA+UGA),2011,5,exports_gdp,2016,tft,7.8120625822914,8.87188402720567
ETH-fed(KEN+TZA+UGA),2011,5,exports_gdp,2016,tgcn,7.8120625822914,
ETH-fed(KEN+TZA+UGA),2011,5,exports_gdp,2016,persistence_scarcity,7.8120625822914,8.8747906174423
ETH-fed(KEN+TZA+UGA),2011,5,exports_gdp,2016,chronos_scarcity,7.8120625822914,8.825857797347272
ETH-fed(KEN+TZA+UGA),2011,5,exports_gdp,2016,gnn_scarcity,7.8120625822914,8.874794641219342
ETH-fed(KEN+TZA+UGA),2011,1,imports_gdp,2012,persistence,31.630605984481,0.08452377252569931
ETH-fed(KEN+TZA+UGA),2011,1,imports_gdp,2012,arima,31.630605984481,0.08452377252569931
ETH-fed(KEN+TZA+UGA),2011,1,imports_gdp,2012,chronos,31.630605984481,0.17703466490092268
ETH-fed(KEN+TZA+UGA),2011,1,imports_gdp,2012,xgb_blind,31.630605984481,0.0845244415122508
ETH-fed(KEN+TZA+UGA),2011,1,imports_gdp,2012,xgb_lag,31.630605984481,0.08452377252569931
ETH-fed(KEN+TZA+UGA),2011,1,imports_gdp,2012,xgb_typed,31.630605984481,0.08452377252569931
ETH-fed(KEN+TZA+UGA),2011,1,imports_gdp,2012,lgbm_blind,31.630605984481,0.0845244415122508
ETH-fed(KEN+TZA+UGA),2011,1,imports_gdp,2012,lgbm_lag,31.630605984481,0.08452377252569931
ETH-fed(KEN+TZA+UGA),2011,1,imports_gdp,2012,lgbm_typed,31.630605984481,0.08452377252569931
ETH-fed(KEN+TZA+UGA),2011,1,imports_gdp,2012,tft,31.630605984481,0.08282117918314924
ETH-fed(KEN+TZA+UGA),2011,1,imports_gdp,2012,tgcn,31.630605984481,
ETH-fed(KEN+TZA+UGA),2011,1,imports_gdp,2012,persistence_scarcity,31.630605984481,0.08452377252569931
ETH-fed(KEN+TZA+UGA),2011,1,imports_gdp,2012,chronos_scarcity,31.630605984481,0.17703466490092268
ETH-fed(KEN+TZA+UGA),2011,1,imports_gdp,2012,gnn_scarcity,31.630605984481,0.0845244415122508
ETH-fed(KEN+TZA+UGA),2011,3,imports_gdp,2014,persistence,29.0994642402923,2.4466179716630023
ETH-fed(KEN+TZA+UGA),2011,3,imports_gdp,2014,arima,29.0994642402923,2.4466179716630023
ETH-fed(KEN+TZA+UGA),2011,3,imports_gdp,2014,chronos,29.0994642402923,2.354107079287779
ETH-fed(KEN+TZA+UGA),2011,3,imports_gdp,2014,xgb_blind,29.0994642402923,2.446617302676451
ETH-fed(KEN+TZA+UGA),2011,3,imports_gdp,2014,xgb_lag,29.0994642402923,2.4466179716630023
ETH-fed(KEN+TZA+UGA),2011,3,imports_gdp,2014,xgb_typed,29.0994642402923,2.4466179716630023
ETH-fed(KEN+TZA+UGA),2011,3,imports_gdp,2014,lgbm_blind,29.0994642402923,2.446617302676451
ETH-fed(KEN+TZA+UGA),2011,3,imports_gdp,2014,lgbm_lag,29.0994642402923,2.4466179716630023
ETH-fed(KEN+TZA+UGA),2011,3,imports_gdp,2014,lgbm_typed,29.0994642402923,2.4466179716630023
ETH-fed(KEN+TZA+UGA),2011,3,imports_gdp,2014,tft,29.0994642402923,2.4441396568024274
ETH-fed(KEN+TZA+UGA),2011,3,imports_gdp,2014,tgcn,29.0994642402923,
ETH-fed(KEN+TZA+UGA),2011,3,imports_gdp,2014,persistence_scarcity,29.0994642402923,2.4466179716630023
ETH-fed(KEN+TZA+UGA),2011,3,imports_gdp,2014,chronos_scarcity,29.0994642402923,2.354107079287779
ETH-fed(KEN+TZA+UGA),2011,3,imports_gdp,2014,gnn_scarcity,29.0994642402923,2.446617302676451
ETH-fed(KEN+TZA+UGA),2011,5,imports_gdp,2016,persistence,27.0869584993198,4.459123712635503
ETH-fed(KEN+TZA+UGA),2011,5,imports_gdp,2016,arima,27.0869584993198,4.459123712635503
ETH-fed(KEN+TZA+UGA),2011,5,imports_gdp,2016,chronos,27.0869584993198,4.366612820260279
ETH-fed(KEN+TZA+UGA),2011,5,imports_gdp,2016,xgb_blind,27.0869584993198,4.459123043648951
ETH-fed(KEN+TZA+UGA),2011,5,imports_gdp,2016,xgb_lag,27.0869584993198,4.459123712635503
ETH-fed(KEN+TZA+UGA),2011,5,imports_gdp,2016,xgb_typed,27.0869584993198,4.459123712635503
ETH-fed(KEN+TZA+UGA),2011,5,imports_gdp,2016,lgbm_blind,27.0869584993198,4.459123043648951
ETH-fed(KEN+TZA+UGA),2011,5,imports_gdp,2016,lgbm_lag,27.0869584993198,4.459123712635503
ETH-fed(KEN+TZA+UGA),2011,5,imports_gdp,2016,lgbm_typed,27.0869584993198,4.459123712635503
ETH-fed(KEN+TZA+UGA),2011,5,imports_gdp,2016,tft,27.0869584993198,4.456216244332545
ETH-fed(KEN+TZA+UGA),2011,5,imports_gdp,2016,tgcn,27.0869584993198,
ETH-fed(KEN+TZA+UGA),2011,5,imports_gdp,2016,persistence_scarcity,27.0869584993198,4.459123712635503
ETH-fed(KEN+TZA+UGA),2011,5,imports_gdp,2016,chronos_scarcity,27.0869584993198,4.366612820260279
ETH-fed(KEN+TZA+UGA),2011,5,imports_gdp,2016,gnn_scarcity,27.0869584993198,4.459123043648951
ETH-fed(KEN+TZA+UGA),2011,1,current_account,2012,persistence,-7.1067486808021,3.8030690394187197
ETH-fed(KEN+TZA+UGA),2011,1,current_account,2012,arima,-7.1067486808021,4.0028501306488575
ETH-fed(KEN+TZA+UGA),2011,1,current_account,2012,chronos,-7.1067486808021,4.158007244797461
ETH-fed(KEN+TZA+UGA),2011,1,current_account,2012,xgb_blind,-7.1067486808021,1.4886318251807618
ETH-fed(KEN+TZA+UGA),2011,1,current_account,2012,xgb_lag,-7.1067486808021,4.0028501306488575
ETH-fed(KEN+TZA+UGA),2011,1,current_account,2012,xgb_typed,-7.1067486808021,4.0028501306488575
ETH-fed(KEN+TZA+UGA),2011,1,current_account,2012,lgbm_blind,-7.1067486808021,3.7774507891171587
ETH-fed(KEN+TZA+UGA),2011,1,current_account,2012,lgbm_lag,-7.1067486808021,4.0028501306488575
ETH-fed(KEN+TZA+UGA),2011,1,current_account,2012,lgbm_typed,-7.1067486808021,4.0028501306488575
ETH-fed(KEN+TZA+UGA),2011,1,current_account,2012,tft,-7.1067486808021,1.2574802443702149
ETH-fed(KEN+TZA+UGA),2011,1,current_account,2012,tgcn,-7.1067486808021,
ETH-fed(KEN+TZA+UGA),2011,1,current_account,2012,persistence_scarcity,-7.1067486808021,3.8030690394187197
ETH-fed(KEN+TZA+UGA),2011,1,current_account,2012,chronos_scarcity,-7.1067486808021,4.158007244797461
ETH-fed(KEN+TZA+UGA),2011,1,current_account,2012,gnn_scarcity,-7.1067486808021,3.2161675498206543
ETH-fed(KEN+TZA+UGA),2011,3,current_account,2014,persistence,-10.3781721184147,7.07449247703132
ETH-fed(KEN+TZA+UGA),2011,3,current_account,2014,arima,-10.3781721184147,7.24620293250466
ETH-fed(KEN+TZA+UGA),2011,3,current_account,2014,chronos,-10.3781721184147,8.582120854605495
ETH-fed(KEN+TZA+UGA),2011,3,current_account,2014,xgb_blind,-10.3781721184147,6.952809054602444
ETH-fed(KEN+TZA+UGA),2011,3,current_account,2014,xgb_lag,-10.3781721184147,7.24620293250466
ETH-fed(KEN+TZA+UGA),2011,3,current_account,2014,xgb_typed,-10.3781721184147,7.24620293250466
ETH-fed(KEN+TZA+UGA),2011,3,current_account,2014,lgbm_blind,-10.3781721184147,6.717803550395836
ETH-fed(KEN+TZA+UGA),2011,3,current_account,2014,lgbm_lag,-10.3781721184147,7.24620293250466
ETH-fed(KEN+TZA+UGA),2011,3,current_account,2014,lgbm_typed,-10.3781721184147,7.24620293250466
ETH-fed(KEN+TZA+UGA),2011,3,current_account,2014,tft,-10.3781721184147,4.528498370398342
ETH-fed(KEN+TZA+UGA),2011,3,current_account,2014,tgcn,-10.3781721184147,
ETH-fed(KEN+TZA+UGA),2011,3,current_account,2014,persistence_scarcity,-10.3781721184147,7.07449247703132
ETH-fed(KEN+TZA+UGA),2011,3,current_account,2014,chronos_scarcity,-10.3781721184147,8.582120854605495
ETH-fed(KEN+TZA+UGA),2011,3,current_account,2014,gnn_scarcity,-10.3781721184147,6.533915955771267
ETH-fed(KEN+TZA+UGA),2011,5,current_account,2016,persistence,-11.5449209376397,8.24124129625632
ETH-fed(KEN+TZA+UGA),2011,5,current_account,2016,arima,-11.5449209376397,8.412149051701826
ETH-fed(KEN+TZA+UGA),2011,5,current_account,2016,chronos,-11.5449209376397,9.82929159842156
ETH-fed(KEN+TZA+UGA),2011,5,current_account,2016,xgb_blind,-11.5449209376397,7.096348778826224
ETH-fed(KEN+TZA+UGA),2011,5,current_account,2016,xgb_lag,-11.5449209376397,8.412149051701826
ETH-fed(KEN+TZA+UGA),2011,5,current_account,2016,xgb_typed,-11.5449209376397,8.412149051701826
ETH-fed(KEN+TZA+UGA),2011,5,current_account,2016,lgbm_blind,-11.5449209376397,7.382518577761385
ETH-fed(KEN+TZA+UGA),2011,5,current_account,2016,lgbm_lag,-11.5449209376397,8.412149051701826
ETH-fed(KEN+TZA+UGA),2011,5,current_account,2016,lgbm_typed,-11.5449209376397,8.412149051701826
ETH-fed(KEN+TZA+UGA),2011,5,current_account,2016,tft,-11.5449209376397,5.694513337236868
ETH-fed(KEN+TZA+UGA),2011,5,current_account,2016,tgcn,-11.5449209376397,
ETH-fed(KEN+TZA+UGA),2011,5,current_account,2016,persistence_scarcity,-11.5449209376397,8.24124129625632
ETH-fed(KEN+TZA+UGA),2011,5,current_account,2016,chronos_scarcity,-11.5449209376397,9.82929159842156
ETH-fed(KEN+TZA+UGA),2011,5,current_account,2016,gnn_scarcity,-11.5449209376397,7.722402588945853
ETH-fed(KEN+TZA+UGA),2011,1,real_interest_rate,2012,persistence,-17.1217762401546,0.0
ETH-fed(KEN+TZA+UGA),2011,1,real_interest_rate,2012,arima,-17.1217762401546,0.0
ETH-fed(KEN+TZA+UGA),2011,1,real_interest_rate,2012,chronos,-17.1217762401546,1.4045883586848724
ETH-fed(KEN+TZA+UGA),2011,1,real_interest_rate,2012,xgb_blind,-17.1217762401546,0.34886516837725523
ETH-fed(KEN+TZA+UGA),2011,1,real_interest_rate,2012,xgb_lag,-17.1217762401546,0.0
ETH-fed(KEN+TZA+UGA),2011,1,real_interest_rate,2012,xgb_typed,-17.1217762401546,0.0
ETH-fed(KEN+TZA+UGA),2011,1,real_interest_rate,2012,lgbm_blind,-17.1217762401546,16.53034453726829
ETH-fed(KEN+TZA+UGA),2011,1,real_interest_rate,2012,lgbm_lag,-17.1217762401546,0.0
ETH-fed(KEN+TZA+UGA),2011,1,real_interest_rate,2012,lgbm_typed,-17.1217762401546,0.0
ETH-fed(KEN+TZA+UGA),2011,1,real_interest_rate,2012,tft,-17.1217762401546,0.0017029216731536678
ETH-fed(KEN+TZA+UGA),2011,1,real_interest_rate,2012,tgcn,-17.1217762401546,
ETH-fed(KEN+TZA+UGA),2011,1,real_interest_rate,2012,persistence_scarcity,-17.1217762401546,0.0
ETH-fed(KEN+TZA+UGA),2011,1,real_interest_rate,2012,chronos_scarcity,-17.1217762401546,1.4045883586848724
ETH-fed(KEN+TZA+UGA),2011,1,real_interest_rate,2012,gnn_scarcity,-17.1217762401546,14.955206530376767
ETH-fed(KEN+TZA+UGA),2011,3,real_interest_rate,2014,persistence,-17.1217762401546,0.0
ETH-fed(KEN+TZA+UGA),2011,3,real_interest_rate,2014,arima,-17.1217762401546,0.0
ETH-fed(KEN+TZA+UGA),2011,3,real_interest_rate,2014,chronos,-17.1217762401546,1.5057703426326263
ETH-fed(KEN+TZA+UGA),2011,3,real_interest_rate,2014,xgb_blind,-17.1217762401546,0.30827869681963804
ETH-fed(KEN+TZA+UGA),2011,3,real_interest_rate,2014,xgb_lag,-17.1217762401546,0.0
ETH-fed(KEN+TZA+UGA),2011,3,real_interest_rate,2014,xgb_typed,-17.1217762401546,0.0
ETH-fed(KEN+TZA+UGA),2011,3,real_interest_rate,2014,lgbm_blind,-17.1217762401546,17.389510021115886
ETH-fed(KEN+TZA+UGA),2011,3,real_interest_rate,2014,lgbm_lag,-17.1217762401546,0.0
ETH-fed(KEN+TZA+UGA),2011,3,real_interest_rate,2014,lgbm_typed,-17.1217762401546,0.0
ETH-fed(KEN+TZA+UGA),2011,3,real_interest_rate,2014,tft,-17.1217762401546,0.002477986529971332
ETH-fed(KEN+TZA+UGA),2011,3,real_interest_rate,2014,tgcn,-17.1217762401546,
ETH-fed(KEN+TZA+UGA),2011,3,real_interest_rate,2014,persistence_scarcity,-17.1217762401546,0.0
ETH-fed(KEN+TZA+UGA),2011,3,real_interest_rate,2014,chronos_scarcity,-17.1217762401546,1.5057703426326263
ETH-fed(KEN+TZA+UGA),2011,3,real_interest_rate,2014,gnn_scarcity,-17.1217762401546,15.086936610027646
ETH-fed(KEN+TZA+UGA),2011,5,real_interest_rate,2016,persistence,-17.1217762401546,0.0
ETH-fed(KEN+TZA+UGA),2011,5,real_interest_rate,2016,arima,-17.1217762401546,0.0
ETH-fed(KEN+TZA+UGA),2011,5,real_interest_rate,2016,chronos,-17.1217762401546,3.225892679973935
ETH-fed(KEN+TZA+UGA),2011,5,real_interest_rate,2016,xgb_blind,-17.1217762401546,0.2192379405940521
ETH-fed(KEN+TZA+UGA),2011,5,real_interest_rate,2016,xgb_lag,-17.1217762401546,0.0
ETH-fed(KEN+TZA+UGA),2011,5,real_interest_rate,2016,xgb_typed,-17.1217762401546,0.0
ETH-fed(KEN+TZA+UGA),2011,5,real_interest_rate,2016,lgbm_blind,-17.1217762401546,16.737056700063476
ETH-fed(KEN+TZA+UGA),2011,5,real_interest_rate,2016,lgbm_lag,-17.1217762401546,0.0
ETH-fed(KEN+TZA+UGA),2011,5,real_interest_rate,2016,lgbm_typed,-17.1217762401546,0.0
ETH-fed(KEN+TZA+UGA),2011,5,real_interest_rate,2016,tft,-17.1217762401546,0.0029071399723541447
ETH-fed(KEN+TZA+UGA),2011,5,real_interest_rate,2016,tgcn,-17.1217762401546,
ETH-fed(KEN+TZA+UGA),2011,5,real_interest_rate,2016,persistence_scarcity,-17.1217762401546,0.0
ETH-fed(KEN+TZA+UGA),2011,5,real_interest_rate,2016,chronos_scarcity,-17.1217762401546,3.225892679973935
ETH-fed(KEN+TZA+UGA),2011,5,real_interest_rate,2016,gnn_scarcity,-17.1217762401546,15.14875091819415
ETH-fed(KEN+TZA+UGA),2011,1,broad_money,2012,persistence,33.9671207502096,0.0
ETH-fed(KEN+TZA+UGA),2011,1,broad_money,2012,arima,33.9671207502096,0.0
ETH-fed(KEN+TZA+UGA),2011,1,broad_money,2012,chronos,33.9671207502096,0.3561283185689774
ETH-fed(KEN+TZA+UGA),2011,1,broad_money,2012,xgb_blind,33.9671207502096,0.2955898210794601
ETH-fed(KEN+TZA+UGA),2011,1,broad_money,2012,xgb_lag,33.9671207502096,0.0
ETH-fed(KEN+TZA+UGA),2011,1,broad_money,2012,xgb_typed,33.9671207502096,0.0
ETH-fed(KEN+TZA+UGA),2011,1,broad_money,2012,lgbm_blind,33.9671207502096,1.375238066028075
ETH-fed(KEN+TZA+UGA),2011,1,broad_money,2012,lgbm_lag,33.9671207502096,0.0
ETH-fed(KEN+TZA+UGA),2011,1,broad_money,2012,lgbm_typed,33.9671207502096,0.0
ETH-fed(KEN+TZA+UGA),2011,1,broad_money,2012,tft,33.9671207502096,0.00170554373571008
ETH-fed(KEN+TZA+UGA),2011,1,broad_money,2012,tgcn,33.9671207502096,
ETH-fed(KEN+TZA+UGA),2011,1,broad_money,2012,persistence_scarcity,33.9671207502096,0.0
ETH-fed(KEN+TZA+UGA),2011,1,broad_money,2012,chronos_scarcity,33.9671207502096,0.3561283185689774
ETH-fed(KEN+TZA+UGA),2011,1,broad_money,2012,gnn_scarcity,33.9671207502096,0.10094870779821008
ETH-fed(KEN+TZA+UGA),2011,3,broad_money,2014,persistence,33.9671207502096,0.0
ETH-fed(KEN+TZA+UGA),2011,3,broad_money,2014,arima,33.9671207502096,0.0
ETH-fed(KEN+TZA+UGA),2011,3,broad_money,2014,chronos,33.9671207502096,0.09954033639124305
ETH-fed(KEN+TZA+UGA),2011,3,broad_money,2014,xgb_blind,33.9671207502096,1.5682872698099288
ETH-fed(KEN+TZA+UGA),2011,3,broad_money,2014,xgb_lag,33.9671207502096,0.0
ETH-fed(KEN+TZA+UGA),2011,3,broad_money,2014,xgb_typed,33.9671207502096,0.0
ETH-fed(KEN+TZA+UGA),2011,3,broad_money,2014,lgbm_blind,33.9671207502096,1.8944109591602611
ETH-fed(KEN+TZA+UGA),2011,3,broad_money,2014,lgbm_lag,33.9671207502096,0.0
ETH-fed(KEN+TZA+UGA),2011,3,broad_money,2014,lgbm_typed,33.9671207502096,0.0
ETH-fed(KEN+TZA+UGA),2011,3,broad_money,2014,tft,33.9671207502096,0.002479179164680545
ETH-fed(KEN+TZA+UGA),2011,3,broad_money,2014,tgcn,33.9671207502096,
ETH-fed(KEN+TZA+UGA),2011,3,broad_money,2014,persistence_scarcity,33.9671207502096,0.0
ETH-fed(KEN+TZA+UGA),2011,3,broad_money,2014,chronos_scarcity,33.9671207502096,0.09954033639124305
ETH-fed(KEN+TZA+UGA),2011,3,broad_money,2014,gnn_scarcity,33.9671207502096,0.1719669267923507
ETH-fed(KEN+TZA+UGA),2011,5,broad_money,2016,persistence,33.9671207502096,0.0
ETH-fed(KEN+TZA+UGA),2011,5,broad_money,2016,arima,33.9671207502096,0.0
ETH-fed(KEN+TZA+UGA),2011,5,broad_money,2016,chronos,33.9671207502096,0.09954033639124305
ETH-fed(KEN+TZA+UGA),2011,5,broad_money,2016,xgb_blind,33.9671207502096,0.10767783377477258
ETH-fed(KEN+TZA+UGA),2011,5,broad_money,2016,xgb_lag,33.9671207502096,0.0
ETH-fed(KEN+TZA+UGA),2011,5,broad_money,2016,xgb_typed,33.9671207502096,0.0
ETH-fed(KEN+TZA+UGA),2011,5,broad_money,2016,lgbm_blind,33.9671207502096,2.693197400030229
ETH-fed(KEN+TZA+UGA),2011,5,broad_money,2016,lgbm_lag,33.9671207502096,0.0
ETH-fed(KEN+TZA+UGA),2011,5,broad_money,2016,lgbm_typed,33.9671207502096,0.0
ETH-fed(KEN+TZA+UGA),2011,5,broad_money,2016,tft,33.9671207502096,0.002906425258430545
ETH-fed(KEN+TZA+UGA),2011,5,broad_money,2016,tgcn,33.9671207502096,
ETH-fed(KEN+TZA+UGA),2011,5,broad_money,2016,persistence_scarcity,33.9671207502096,0.0
ETH-fed(KEN+TZA+UGA),2011,5,broad_money,2016,chronos_scarcity,33.9671207502096,0.09954033639124305
ETH-fed(KEN+TZA+UGA),2011,5,broad_money,2016,gnn_scarcity,33.9671207502096,0.2052921221048507
ETH-fed(KEN+TZA+UGA),2011,1,private_credit,2012,persistence,17.7101483486321,0.0
ETH-fed(KEN+TZA+UGA),2011,1,private_credit,2012,arima,17.7101483486321,0.0
ETH-fed(KEN+TZA+UGA),2011,1,private_credit,2012,chronos,17.7101483486321,0.06973315698170879
ETH-fed(KEN+TZA+UGA),2011,1,private_credit,2012,xgb_blind,17.7101483486321,0.5138506748054006
ETH-fed(KEN+TZA+UGA),2011,1,private_credit,2012,xgb_lag,17.7101483486321,0.0
ETH-fed(KEN+TZA+UGA),2011,1,private_credit,2012,xgb_typed,17.7101483486321,0.0
ETH-fed(KEN+TZA+UGA),2011,1,private_credit,2012,lgbm_blind,17.7101483486321,3.6240734116745124
ETH-fed(KEN+TZA+UGA),2011,1,private_credit,2012,lgbm_lag,17.7101483486321,0.0
ETH-fed(KEN+TZA+UGA),2011,1,private_credit,2012,lgbm_typed,17.7101483486321,0.0
ETH-fed(KEN+TZA+UGA),2011,1,private_credit,2012,tft,17.7101483486321,0.0017027713630177743
ETH-fed(KEN+TZA+UGA),2011,1,private_credit,2012,tgcn,17.7101483486321,
ETH-fed(KEN+TZA+UGA),2011,1,private_credit,2012,persistence_scarcity,17.7101483486321,0.0
ETH-fed(KEN+TZA+UGA),2011,1,private_credit,2012,chronos_scarcity,17.7101483486321,0.06973315698170879
ETH-fed(KEN+TZA+UGA),2011,1,private_credit,2012,gnn_scarcity,17.7101483486321,5.2264847896721385
ETH-fed(KEN+TZA+UGA),2011,3,private_credit,2014,persistence,17.7101483486321,0.0
ETH-fed(KEN+TZA+UGA),2011,3,private_credit,2014,arima,17.7101483486321,0.0
ETH-fed(KEN+TZA+UGA),2011,3,private_credit,2014,chronos,17.7101483486321,0.4661469600822947
ETH-fed(KEN+TZA+UGA),2011,3,private_credit,2014,xgb_blind,17.7101483486321,1.1503634311530568
ETH-fed(KEN+TZA+UGA),2011,3,private_credit,2014,xgb_lag,17.7101483486321,0.0
ETH-fed(KEN+TZA+UGA),2011,3,private_credit,2014,xgb_typed,17.7101483486321,0.0
ETH-fed(KEN+TZA+UGA),2011,3,private_credit,2014,lgbm_blind,17.7101483486321,2.3260682899821337
ETH-fed(KEN+TZA+UGA),2011,3,private_credit,2014,lgbm_lag,17.7101483486321,0.0
ETH-fed(KEN+TZA+UGA),2011,3,private_credit,2014,lgbm_typed,17.7101483486321,0.0
ETH-fed(KEN+TZA+UGA),2011,3,private_credit,2014,tft,17.7101483486321,0.0024781368401072257
ETH-fed(KEN+TZA+UGA),2011,3,private_credit,2014,tgcn,17.7101483486321,
ETH-fed(KEN+TZA+UGA),2011,3,private_credit,2014,persistence_scarcity,17.7101483486321,0.0
ETH-fed(KEN+TZA+UGA),2011,3,private_credit,2014,chronos_scarcity,17.7101483486321,0.4661469600822947
ETH-fed(KEN+TZA+UGA),2011,3,private_credit,2014,gnn_scarcity,17.7101483486321,5.147387041869404
ETH-fed(KEN+TZA+UGA),2011,5,private_credit,2016,persistence,17.7101483486321,0.0
ETH-fed(KEN+TZA+UGA),2011,5,private_credit,2016,arima,17.7101483486321,0.0
ETH-fed(KEN+TZA+UGA),2011,5,private_credit,2016,chronos,17.7101483486321,1.7049355648186229
ETH-fed(KEN+TZA+UGA),2011,5,private_credit,2016,xgb_blind,17.7101483486321,0.024075045409443163
ETH-fed(KEN+TZA+UGA),2011,5,private_credit,2016,xgb_lag,17.7101483486321,0.0
ETH-fed(KEN+TZA+UGA),2011,5,private_credit,2016,xgb_typed,17.7101483486321,0.0
ETH-fed(KEN+TZA+UGA),2011,5,private_credit,2016,lgbm_blind,17.7101483486321,1.006295610980949
ETH-fed(KEN+TZA+UGA),2011,5,private_credit,2016,lgbm_lag,17.7101483486321,0.0
ETH-fed(KEN+TZA+UGA),2011,5,private_credit,2016,lgbm_typed,17.7101483486321,0.0
ETH-fed(KEN+TZA+UGA),2011,5,private_credit,2016,tft,17.7101483486321,0.002907290282490038
ETH-fed(KEN+TZA+UGA),2011,5,private_credit,2016,tgcn,17.7101483486321,
ETH-fed(KEN+TZA+UGA),2011,5,private_credit,2016,persistence_scarcity,17.7101483486321,0.0
ETH-fed(KEN+TZA+UGA),2011,5,private_credit,2016,chronos_scarcity,17.7101483486321,1.7049355648186229
ETH-fed(KEN+TZA+UGA),2011,5,private_credit,2016,gnn_scarcity,17.7101483486321,5.110270037474873
ETH-fed(KEN+TZA+UGA),2011,1,govt_consumption,2012,persistence,8.30218871752089,2.01605734973281
ETH-fed(KEN+TZA+UGA),2011,1,govt_consumption,2012,arima,8.30218871752089,2.01605734973281
ETH-fed(KEN+TZA+UGA),2011,1,govt_consumption,2012,chronos,8.30218871752089,1.9857980378502038
ETH-fed(KEN+TZA+UGA),2011,1,govt_consumption,2012,xgb_blind,8.30218871752089,2.0160571702354577
ETH-fed(KEN+TZA+UGA),2011,1,govt_consumption,2012,xgb_lag,8.30218871752089,2.01605734973281
ETH-fed(KEN+TZA+UGA),2011,1,govt_consumption,2012,xgb_typed,8.30218871752089,2.01605734973281
ETH-fed(KEN+TZA+UGA),2011,1,govt_consumption,2012,lgbm_blind,8.30218871752089,2.0160571702354577
ETH-fed(KEN+TZA+UGA),2011,1,govt_consumption,2012,lgbm_lag,8.30218871752089,2.01605734973281
ETH-fed(KEN+TZA+UGA),2011,1,govt_consumption,2012,lgbm_typed,8.30218871752089,2.01605734973281
ETH-fed(KEN+TZA+UGA),2011,1,govt_consumption,2012,tft,8.30218871752089,2.0177613862388757
ETH-fed(KEN+TZA+UGA),2011,1,govt_consumption,2012,tgcn,8.30218871752089,
ETH-fed(KEN+TZA+UGA),2011,1,govt_consumption,2012,persistence_scarcity,8.30218871752089,2.01605734973281
ETH-fed(KEN+TZA+UGA),2011,1,govt_consumption,2012,chronos_scarcity,8.30218871752089,1.9857980378502038
ETH-fed(KEN+TZA+UGA),2011,1,govt_consumption,2012,gnn_scarcity,8.30218871752089,2.016060031258407
ETH-fed(KEN+TZA+UGA),2011,3,govt_consumption,2014,persistence,9.24959184376664,1.0686542234870604
ETH-fed(KEN+TZA+UGA),2011,3,govt_consumption,2014,arima,9.24959184376664,1.0686542234870604
ETH-fed(KEN+TZA+UGA),2011,3,govt_consumption,2014,chronos,9.24959184376664,1.0383949116044544
ETH-fed(KEN+TZA+UGA),2011,3,govt_consumption,2014,xgb_blind,9.24959184376664,1.0686540439897083
ETH-fed(KEN+TZA+UGA),2011,3,govt_consumption,2014,xgb_lag,9.24959184376664,1.0686542234870604
ETH-fed(KEN+TZA+UGA),2011,3,govt_consumption,2014,xgb_typed,9.24959184376664,1.0686542234870604
ETH-fed(KEN+TZA+UGA),2011,3,govt_consumption,2014,lgbm_blind,9.24959184376664,1.0686540439897083
ETH-fed(KEN+TZA+UGA),2011,3,govt_consumption,2014,lgbm_lag,9.24959184376664,1.0686542234870604
ETH-fed(KEN+TZA+UGA),2011,3,govt_consumption,2014,lgbm_typed,9.24959184376664,1.0686542234870604
ETH-fed(KEN+TZA+UGA),2011,3,govt_consumption,2014,tft,9.24959184376664,1.0661754444413685
ETH-fed(KEN+TZA+UGA),2011,3,govt_consumption,2014,tgcn,9.24959184376664,
ETH-fed(KEN+TZA+UGA),2011,3,govt_consumption,2014,persistence_scarcity,9.24959184376664,1.0686542234870604
ETH-fed(KEN+TZA+UGA),2011,3,govt_consumption,2014,chronos_scarcity,9.24959184376664,1.0383949116044544
ETH-fed(KEN+TZA+UGA),2011,3,govt_consumption,2014,gnn_scarcity,9.24959184376664,1.0686569050126575
ETH-fed(KEN+TZA+UGA),2011,5,govt_consumption,2016,persistence,11.0526402184145,0.7343941511607994
ETH-fed(KEN+TZA+UGA),2011,5,govt_consumption,2016,arima,11.0526402184145,0.7343941511607994
ETH-fed(KEN+TZA+UGA),2011,5,govt_consumption,2016,chronos,11.0526402184145,0.7646534630434054
ETH-fed(KEN+TZA+UGA),2011,5,govt_consumption,2016,xgb_blind,11.0526402184145,0.7343943306581515
ETH-fed(KEN+TZA+UGA),2011,5,govt_consumption,2016,xgb_lag,11.0526402184145,0.7343941511607994
ETH-fed(KEN+TZA+UGA),2011,5,govt_consumption,2016,xgb_typed,11.0526402184145,0.7343941511607994
ETH-fed(KEN+TZA+UGA),2011,5,govt_consumption,2016,lgbm_blind,11.0526402184145,0.7343943306581515
ETH-fed(KEN+TZA+UGA),2011,5,govt_consumption,2016,lgbm_lag,11.0526402184145,0.7343941511607994
ETH-fed(KEN+TZA+UGA),2011,5,govt_consumption,2016,lgbm_typed,11.0526402184145,0.7343941511607994
ETH-fed(KEN+TZA+UGA),2011,5,govt_consumption,2016,tft,11.0526402184145,0.7373011299745578
ETH-fed(KEN+TZA+UGA),2011,5,govt_consumption,2016,tgcn,11.0526402184145,
ETH-fed(KEN+TZA+UGA),2011,5,govt_consumption,2016,persistence_scarcity,11.0526402184145,0.7343941511607994
ETH-fed(KEN+TZA+UGA),2011,5,govt_consumption,2016,chronos_scarcity,11.0526402184145,0.7646534630434054
ETH-fed(KEN+TZA+UGA),2011,5,govt_consumption,2016,gnn_scarcity,11.0526402184145,0.7343914696352023
ETH-fed(KEN+TZA+UGA),2012,1,gdp_growth,2013,persistence,10.5822700502552,1.934458415115941
ETH-fed(KEN+TZA+UGA),2012,1,gdp_growth,2013,arima,10.5822700502552,1.163803407978854
ETH-fed(KEN+TZA+UGA),2012,1,gdp_growth,2013,chronos,10.5822700502552,1.3427833559192628
ETH-fed(KEN+TZA+UGA),2012,1,gdp_growth,2013,xgb_blind,10.5822700502552,0.08158264139519034
ETH-fed(KEN+TZA+UGA),2012,1,gdp_growth,2013,xgb_lag,10.5822700502552,1.163803407978854
ETH-fed(KEN+TZA+UGA),2012,1,gdp_growth,2013,xgb_typed,10.5822700502552,1.163803407978854
ETH-fed(KEN+TZA+UGA),2012,1,gdp_growth,2013,lgbm_blind,10.5822700502552,4.34171045063889
ETH-fed(KEN+TZA+UGA),2012,1,gdp_growth,2013,lgbm_lag,10.5822700502552,1.163803407978854
ETH-fed(KEN+TZA+UGA),2012,1,gdp_growth,2013,lgbm_typed,10.5822700502552,1.163803407978854
ETH-fed(KEN+TZA+UGA),2012,1,gdp_growth,2013,tft,10.5822700502552,1.9720825197376222
ETH-fed(KEN+TZA+UGA),2012,1,gdp_growth,2013,tgcn,10.5822700502552,
ETH-fed(KEN+TZA+UGA),2012,1,gdp_growth,2013,persistence_scarcity,10.5822700502552,1.934458415115941
ETH-fed(KEN+TZA+UGA),2012,1,gdp_growth,2013,chronos_scarcity,10.5822700502552,1.3427833559192628
ETH-fed(KEN+TZA+UGA),2012,1,gdp_growth,2013,gnn_scarcity,10.5822700502552,4.2749914171375245
ETH-fed(KEN+TZA+UGA),2012,3,gdp_growth,2015,persistence,10.3924630141307,1.7446513789914402
ETH-fed(KEN+TZA+UGA),2012,3,gdp_growth,2015,arima,10.3924630141307,1.137220075723075
ETH-fed(KEN+TZA+UGA),2012,3,gdp_growth,2015,chronos,10.3924630141307,1.036389634614098
ETH-fed(KEN+TZA+UGA),2012,3,gdp_growth,2015,xgb_blind,10.3924630141307,0.7502682662058948
ETH-fed(KEN+TZA+UGA),2012,3,gdp_growth,2015,xgb_lag,10.3924630141307,1.137220075723075
ETH-fed(KEN+TZA+UGA),2012,3,gdp_growth,2015,xgb_typed,10.3924630141307,1.137220075723075
ETH-fed(KEN+TZA+UGA),2012,3,gdp_growth,2015,lgbm_blind,10.3924630141307,2.737349436287987
ETH-fed(KEN+TZA+UGA),2012,3,gdp_growth,2015,lgbm_lag,10.3924630141307,1.137220075723075
ETH-fed(KEN+TZA+UGA),2012,3,gdp_growth,2015,lgbm_typed,10.3924630141307,1.137220075723075
ETH-fed(KEN+TZA+UGA),2012,3,gdp_growth,2015,tft,10.3924630141307,1.7678578352976917
ETH-fed(KEN+TZA+UGA),2012,3,gdp_growth,2015,tgcn,10.3924630141307,
ETH-fed(KEN+TZA+UGA),2012,3,gdp_growth,2015,persistence_scarcity,10.3924630141307,1.7446513789914402
ETH-fed(KEN+TZA+UGA),2012,3,gdp_growth,2015,chronos_scarcity,10.3924630141307,1.036389634614098
ETH-fed(KEN+TZA+UGA),2012,3,gdp_growth,2015,gnn_scarcity,10.3924630141307,4.126341149811852
ETH-fed(KEN+TZA+UGA),2012,5,gdp_growth,2017,persistence,9.56418965754014,0.9163780224008811
ETH-fed(KEN+TZA+UGA),2012,5,gdp_growth,2017,arima,9.56418965754014,0.32408567218513085
ETH-fed(KEN+TZA+UGA),2012,5,gdp_growth,2017,chronos,9.56418965754014,0.1498238891075232
ETH-fed(KEN+TZA+UGA),2012,5,gdp_growth,2017,xgb_blind,9.56418965754014,0.4988686889122107
ETH-fed(KEN+TZA+UGA),2012,5,gdp_growth,2017,xgb_lag,9.56418965754014,0.32408567218513085
ETH-fed(KEN+TZA+UGA),2012,5,gdp_growth,2017,xgb_typed,9.56418965754014,0.32408567218513085
ETH-fed(KEN+TZA+UGA),2012,5,gdp_growth,2017,lgbm_blind,9.56418965754014,1.9658855845242913
ETH-fed(KEN+TZA+UGA),2012,5,gdp_growth,2017,lgbm_lag,9.56418965754014,0.32408567218513085
ETH-fed(KEN+TZA+UGA),2012,5,gdp_growth,2017,lgbm_typed,9.56418965754014,0.32408567218513085
ETH-fed(KEN+TZA+UGA),2012,5,gdp_growth,2017,tft,9.56418965754014,0.9384925216148474
ETH-fed(KEN+TZA+UGA),2012,5,gdp_growth,2017,tgcn,9.56418965754014,
ETH-fed(KEN+TZA+UGA),2012,5,gdp_growth,2017,persistence_scarcity,9.56418965754014,0.9163780224008811
ETH-fed(KEN+TZA+UGA),2012,5,gdp_growth,2017,chronos_scarcity,9.56418965754014,0.1498238891075232
ETH-fed(KEN+TZA+UGA),2012,5,gdp_growth,2017,gnn_scarcity,9.56418965754014,4.529427275032816
ETH-fed(KEN+TZA+UGA),2012,1,inflation_cpi,2013,persistence,7.46402192944517,16.13639574787183
ETH-fed(KEN+TZA+UGA),2012,1,inflation_cpi,2013,arima,7.46402192944517,20.43830627480143
ETH-fed(KEN+TZA+UGA),2012,1,inflation_cpi,2013,chronos,7.46402192944517,3.6732318318463335
ETH-fed(KEN+TZA+UGA),2012,1,inflation_cpi,2013,xgb_blind,7.46402192944517,0.9140975392437944
ETH-fed(KEN+TZA+UGA),2012,1,inflation_cpi,2013,xgb_lag,7.46402192944517,20.43830627480143
ETH-fed(KEN+TZA+UGA),2012,1,inflation_cpi,2013,xgb_typed,7.46402192944517,20.43830627480143
ETH-fed(KEN+TZA+UGA),2012,1,inflation_cpi,2013,lgbm_blind,7.46402192944517,3.3363101833006343
ETH-fed(KEN+TZA+UGA),2012,1,inflation_cpi,2013,lgbm_lag,7.46402192944517,20.43830627480143
ETH-fed(KEN+TZA+UGA),2012,1,inflation_cpi,2013,lgbm_typed,7.46402192944517,20.43830627480143
ETH-fed(KEN+TZA+UGA),2012,1,inflation_cpi,2013,tft,7.46402192944517,4.298821202573873
ETH-fed(KEN+TZA+UGA),2012,1,inflation_cpi,2013,tgcn,7.46402192944517,
ETH-fed(KEN+TZA+UGA),2012,1,inflation_cpi,2013,persistence_scarcity,7.46402192944517,16.13639574787183
ETH-fed(KEN+TZA+UGA),2012,1,inflation_cpi,2013,chronos_scarcity,7.46402192944517,3.6732318318463335
ETH-fed(KEN+TZA+UGA),2012,1,inflation_cpi,2013,gnn_scarcity,7.46402192944517,3.5287711537457476
ETH-fed(KEN+TZA+UGA),2012,3,inflation_cpi,2015,persistence,9.56889955968623,14.031518117630771
ETH-fed(KEN+TZA+UGA),2012,3,inflation_cpi,2015,arima,9.56889955968623,17.270581489668388
ETH-fed(KEN+TZA+UGA),2012,3,inflation_cpi,2015,chronos,9.56889955968623,0.8527836081481439
ETH-fed(KEN+TZA+UGA),2012,3,inflation_cpi,2015,xgb_blind,9.56889955968623,14.426309180548145
ETH-fed(KEN+TZA+UGA),2012,3,inflation_cpi,2015,xgb_lag,9.56889955968623,17.270581489668388
ETH-fed(KEN+TZA+UGA),2012,3,inflation_cpi,2015,xgb_typed,9.56889955968623,17.270581489668388
ETH-fed(KEN+TZA+UGA),2012,3,inflation_cpi,2015,lgbm_blind,9.56889955968623,0.0010363814330567322
ETH-fed(KEN+TZA+UGA),2012,3,inflation_cpi,2015,lgbm_lag,9.56889955968623,17.270581489668388
ETH-fed(KEN+TZA+UGA),2012,3,inflation_cpi,2015,lgbm_typed,9.56889955968623,17.270581489668388
ETH-fed(KEN+TZA+UGA),2012,3,inflation_cpi,2015,tft,9.56889955968623,2.2052570107483405
ETH-fed(KEN+TZA+UGA),2012,3,inflation_cpi,2015,tgcn,9.56889955968623,
ETH-fed(KEN+TZA+UGA),2012,3,inflation_cpi,2015,persistence_scarcity,9.56889955968623,14.031518117630771
ETH-fed(KEN+TZA+UGA),2012,3,inflation_cpi,2015,chronos_scarcity,9.56889955968623,0.8527836081481439
ETH-fed(KEN+TZA+UGA),2012,3,inflation_cpi,2015,gnn_scarcity,9.56889955968623,1.341765952398731
ETH-fed(KEN+TZA+UGA),2012,5,inflation_cpi,2017,persistence,10.6871150284238,12.9133026488932
ETH-fed(KEN+TZA+UGA),2012,5,inflation_cpi,2017,arima,10.6871150284238,15.941124083814849
ETH-fed(KEN+TZA+UGA),2012,5,inflation_cpi,2017,chronos,10.6871150284238,3.6878102570004607
ETH-fed(KEN+TZA+UGA),2012,5,inflation_cpi,2017,xgb_blind,10.6871150284238,23.695476219134793
ETH-fed(KEN+TZA+UGA),2012,5,inflation_cpi,2017,xgb_lag,10.6871150284238,15.941124083814849
ETH-fed(KEN+TZA+UGA),2012,5,inflation_cpi,2017,xgb_typed,10.6871150284238,15.941124083814849
ETH-fed(KEN+TZA+UGA),2012,5,inflation_cpi,2017,lgbm_blind,10.6871150284238,0.6748749364641657
ETH-fed(KEN+TZA+UGA),2012,5,inflation_cpi,2017,lgbm_lag,10.6871150284238,15.941124083814849
ETH-fed(KEN+TZA+UGA),2012,5,inflation_cpi,2017,lgbm_typed,10.6871150284238,15.941124083814849
ETH-fed(KEN+TZA+UGA),2012,5,inflation_cpi,2017,tft,10.6871150284238,1.0835854262881135
ETH-fed(KEN+TZA+UGA),2012,5,inflation_cpi,2017,tgcn,10.6871150284238,
ETH-fed(KEN+TZA+UGA),2012,5,inflation_cpi,2017,persistence_scarcity,10.6871150284238,12.9133026488932
ETH-fed(KEN+TZA+UGA),2012,5,inflation_cpi,2017,chronos_scarcity,10.6871150284238,3.6878102570004607
ETH-fed(KEN+TZA+UGA),2012,5,inflation_cpi,2017,gnn_scarcity,10.6871150284238,2.2335932999081756
ETH-fed(KEN+TZA+UGA),2012,1,unemployment,2013,persistence,2.251,0.0009999999999998899
ETH-fed(KEN+TZA+UGA),2012,1,unemployment,2013,arima,2.251,0.008032346568877191
ETH-fed(KEN+TZA+UGA),2012,1,unemployment,2013,chronos,2.251,0.013512300491333118
ETH-fed(KEN+TZA+UGA),2012,1,unemployment,2013,xgb_blind,2.251,0.07623236083984386
ETH-fed(KEN+TZA+UGA),2012,1,unemployment,2013,xgb_lag,2.251,0.008032346568877191
ETH-fed(KEN+TZA+UGA),2012,1,unemployment,2013,xgb_typed,2.251,0.008032346568877191
ETH-fed(KEN+TZA+UGA),2012,1,unemployment,2013,lgbm_blind,2.251,0.6461363522789698
ETH-fed(KEN+TZA+UGA),2012,1,unemployment,2013,lgbm_lag,2.251,0.008032346568877191
ETH-fed(KEN+TZA+UGA),2012,1,unemployment,2013,lgbm_typed,2.251,0.008032346568877191
ETH-fed(KEN+TZA+UGA),2012,1,unemployment,2013,tft,2.251,0.006508899688720593
ETH-fed(KEN+TZA+UGA),2012,1,unemployment,2013,tgcn,2.251,
ETH-fed(KEN+TZA+UGA),2012,1,unemployment,2013,persistence_scarcity,2.251,0.0009999999999998899
ETH-fed(KEN+TZA+UGA),2012,1,unemployment,2013,chronos_scarcity,2.251,0.013512300491333118
ETH-fed(KEN+TZA+UGA),2012,1,unemployment,2013,gnn_scarcity,2.251,0.6789623966217042
ETH-fed(KEN+TZA+UGA),2012,3,unemployment,2015,persistence,2.442,0.1900000000000004
ETH-fed(KEN+TZA+UGA),2012,3,unemployment,2015,arima,2.442,0.20583909848838644
ETH-fed(KEN+TZA+UGA),2012,3,unemployment,2015,chronos,2.442,0.12408003044128435
ETH-fed(KEN+TZA+UGA),2012,3,unemployment,2015,xgb_blind,2.442,0.1553076190948488
ETH-fed(KEN+TZA+UGA),2012,3,unemployment,2015,xgb_lag,2.442,0.20583909848838644
ETH-fed(KEN+TZA+UGA),2012,3,unemployment,2015,xgb_typed,2.442,0.20583909848838644
ETH-fed(KEN+TZA+UGA),2012,3,unemployment,2015,lgbm_blind,2.442,0.40984999704360936
ETH-fed(KEN+TZA+UGA),2012,3,unemployment,2015,lgbm_lag,2.442,0.20583909848838644
ETH-fed(KEN+TZA+UGA),2012,3,unemployment,2015,lgbm_typed,2.442,0.20583909848838644
ETH-fed(KEN+TZA+UGA),2012,3,unemployment,2015,tft,2.442,0.19539818000793474
ETH-fed(KEN+TZA+UGA),2012,3,unemployment,2015,tgcn,2.442,
ETH-fed(KEN+TZA+UGA),2012,3,unemployment,2015,persistence_scarcity,2.442,0.1900000000000004
ETH-fed(KEN+TZA+UGA),2012,3,unemployment,2015,chronos_scarcity,2.442,0.12408003044128435
ETH-fed(KEN+TZA+UGA),2012,3,unemployment,2015,gnn_scarcity,2.442,0.48496142196655256
ETH-fed(KEN+TZA+UGA),2012,5,unemployment,2017,persistence,2.665,0.41300000000000026
ETH-fed(KEN+TZA+UGA),2012,5,unemployment,2017,arima,2.665,0.4305530403977831
ETH-fed(KEN+TZA+UGA),2012,5,unemployment,2017,chronos,2.665,0.3363976860046387
ETH-fed(KEN+TZA+UGA),2012,5,unemployment,2017,xgb_blind,2.665,0.388397970199585
ETH-fed(KEN+TZA+UGA),2012,5,unemployment,2017,xgb_lag,2.665,0.4305530403977831
ETH-fed(KEN+TZA+UGA),2012,5,unemployment,2017,xgb_typed,2.665,0.4305530403977831
ETH-fed(KEN+TZA+UGA),2012,5,unemployment,2017,lgbm_blind,2.665,0.1508333301544189
ETH-fed(KEN+TZA+UGA),2012,5,unemployment,2017,lgbm_lag,2.665,0.4305530403977831
ETH-fed(KEN+TZA+UGA),2012,5,unemployment,2017,lgbm_typed,2.665,0.4305530403977831
ETH-fed(KEN+TZA+UGA),2012,5,unemployment,2017,tft,2.665,0.4181397342681885
ETH-fed(KEN+TZA+UGA),2012,5,unemployment,2017,tgcn,2.665,
ETH-fed(KEN+TZA+UGA),2012,5,unemployment,2017,persistence_scarcity,2.665,0.41300000000000026
ETH-fed(KEN+TZA+UGA),2012,5,unemployment,2017,chronos_scarcity,2.665,0.3363976860046387
ETH-fed(KEN+TZA+UGA),2012,5,unemployment,2017,gnn_scarcity,2.665,0.17217322349548336
ETH-fed(KEN+TZA+UGA),2012,1,exports_gdp,2013,persistence,12.484073558977,1.2832246400492995
ETH-fed(KEN+TZA+UGA),2012,1,exports_gdp,2013,arima,12.484073558977,1.2832246705460122
ETH-fed(KEN+TZA+UGA),2012,1,exports_gdp,2013,chronos,12.484073558977,1.2349148596021013
ETH-fed(KEN+TZA+UGA),2012,1,exports_gdp,2013,xgb_blind,12.484073558977,1.61134823209966
ETH-fed(KEN+TZA+UGA),2012,1,exports_gdp,2013,xgb_lag,12.484073558977,1.2832246705460122
ETH-fed(KEN+TZA+UGA),2012,1,exports_gdp,2013,xgb_typed,12.484073558977,1.2832246705460122
ETH-fed(KEN+TZA+UGA),2012,1,exports_gdp,2013,lgbm_blind,12.484073558977,4.070072774197273
ETH-fed(KEN+TZA+UGA),2012,1,exports_gdp,2013,lgbm_lag,12.484073558977,1.2832246705460122
ETH-fed(KEN+TZA+UGA),2012,1,exports_gdp,2013,lgbm_typed,12.484073558977,1.2832246705460122
ETH-fed(KEN+TZA+UGA),2012,1,exports_gdp,2013,tft,12.484073558977,2.743752559492238
ETH-fed(KEN+TZA+UGA),2012,1,exports_gdp,2013,tgcn,12.484073558977,
ETH-fed(KEN+TZA+UGA),2012,1,exports_gdp,2013,persistence_scarcity,12.484073558977,1.2832246400492995
ETH-fed(KEN+TZA+UGA),2012,1,exports_gdp,2013,chronos_scarcity,12.484073558977,1.2349148596021013
ETH-fed(KEN+TZA+UGA),2012,1,exports_gdp,2013,gnn_scarcity,12.484073558977,4.096279224226125
ETH-fed(KEN+TZA+UGA),2012,3,exports_gdp,2015,persistence,9.36331359735926,4.403984601667039
ETH-fed(KEN+TZA+UGA),2012,3,exports_gdp,2015,arima,9.36331359735926,4.403984632163752
ETH-fed(KEN+TZA+UGA),2012,3,exports_gdp,2015,chronos,9.36331359735926,4.355674821219841
ETH-fed(KEN+TZA+UGA),2012,3,exports_gdp,2015,xgb_blind,9.36331359735926,4.76668842443029
ETH-fed(KEN+TZA+UGA),2012,3,exports_gdp,2015,xgb_lag,9.36331359735926,4.403984632163752
ETH-fed(KEN+TZA+UGA),2012,3,exports_gdp,2015,xgb_typed,9.36331359735926,4.403984632163752
ETH-fed(KEN+TZA+UGA),2012,3,exports_gdp,2015,lgbm_blind,9.36331359735926,7.17756202825109
ETH-fed(KEN+TZA+UGA),2012,3,exports_gdp,2015,lgbm_lag,9.36331359735926,4.403984632163752
ETH-fed(KEN+TZA+UGA),2012,3,exports_gdp,2015,lgbm_typed,9.36331359735926,4.403984632163752
ETH-fed(KEN+TZA+UGA),2012,3,exports_gdp,2015,tft,9.36331359735926,5.904170113883415
ETH-fed(KEN+TZA+UGA),2012,3,exports_gdp,2015,tgcn,9.36331359735926,
ETH-fed(KEN+TZA+UGA),2012,3,exports_gdp,2015,persistence_scarcity,9.36331359735926,4.403984601667039
ETH-fed(KEN+TZA+UGA),2012,3,exports_gdp,2015,chronos_scarcity,9.36331359735926,4.355674821219841
ETH-fed(KEN+TZA+UGA),2012,3,exports_gdp,2015,gnn_scarcity,9.36331359735926,7.213207322440544
ETH-fed(KEN+TZA+UGA),2012,5,exports_gdp,2017,persistence,7.62937471525016,6.13792348377614
ETH-fed(KEN+TZA+UGA),2012,5,exports_gdp,2017,arima,7.62937471525016,6.1379235142728525
ETH-fed(KEN+TZA+UGA),2012,5,exports_gdp,2017,chronos,7.62937471525016,6.089613703328942
ETH-fed(KEN+TZA+UGA),2012,5,exports_gdp,2017,xgb_blind,7.62937471525016,6.529415873128746
ETH-fed(KEN+TZA+UGA),2012,5,exports_gdp,2017,xgb_lag,7.62937471525016,6.1379235142728525
ETH-fed(KEN+TZA+UGA),2012,5,exports_gdp,2017,xgb_typed,7.62937471525016,6.1379235142728525
ETH-fed(KEN+TZA+UGA),2012,5,exports_gdp,2017,lgbm_blind,7.62937471525016,8.895281156670956
ETH-fed(KEN+TZA+UGA),2012,5,exports_gdp,2017,lgbm_lag,7.62937471525016,6.1379235142728525
ETH-fed(KEN+TZA+UGA),2012,5,exports_gdp,2017,lgbm_typed,7.62937471525016,6.1379235142728525
ETH-fed(KEN+TZA+UGA),2012,5,exports_gdp,2017,tft,7.62937471525016,7.632236269552086
ETH-fed(KEN+TZA+UGA),2012,5,exports_gdp,2017,tgcn,7.62937471525016,
ETH-fed(KEN+TZA+UGA),2012,5,exports_gdp,2017,persistence_scarcity,7.62937471525016,6.13792348377614
ETH-fed(KEN+TZA+UGA),2012,5,exports_gdp,2017,chronos_scarcity,7.62937471525016,6.089613703328942
ETH-fed(KEN+TZA+UGA),2012,5,exports_gdp,2017,gnn_scarcity,7.62937471525016,8.832522181112145
ETH-fed(KEN+TZA+UGA),2012,1,imports_gdp,2013,persistence,28.9877135217855,2.6428924626954995
ETH-fed(KEN+TZA+UGA),2012,1,imports_gdp,2013,arima,28.9877135217855,2.6428924626954995
ETH-fed(KEN+TZA+UGA),2012,1,imports_gdp,2013,chronos,28.9877135217855,2.700841242008444
ETH-fed(KEN+TZA+UGA),2012,1,imports_gdp,2013,xgb_blind,28.9877135217855,2.6333935796549284
ETH-fed(KEN+TZA+UGA),2012,1,imports_gdp,2013,xgb_lag,28.9877135217855,2.6428924626954995
ETH-fed(KEN+TZA+UGA),2012,1,imports_gdp,2013,xgb_typed,28.9877135217855,2.6428924626954995
ETH-fed(KEN+TZA+UGA),2012,1,imports_gdp,2013,lgbm_blind,28.9877135217855,2.5622100282133893
ETH-fed(KEN+TZA+UGA),2012,1,imports_gdp,2013,lgbm_lag,28.9877135217855,2.6428924626954995
ETH-fed(KEN+TZA+UGA),2012,1,imports_gdp,2013,lgbm_typed,28.9877135217855,2.6428924626954995
ETH-fed(KEN+TZA+UGA),2012,1,imports_gdp,2013,tft,28.9877135217855,2.7027276098062956
ETH-fed(KEN+TZA+UGA),2012,1,imports_gdp,2013,tgcn,28.9877135217855,
ETH-fed(KEN+TZA+UGA),2012,1,imports_gdp,2013,persistence_scarcity,28.9877135217855,2.6428924626954995
ETH-fed(KEN+TZA+UGA),2012,1,imports_gdp,2013,chronos_scarcity,28.9877135217855,2.700841242008444
ETH-fed(KEN+TZA+UGA),2012,1,imports_gdp,2013,gnn_scarcity,28.9877135217855,2.5626347600748502
ETH-fed(KEN+TZA+UGA),2012,3,imports_gdp,2015,persistence,30.2928105475922,1.3377954368888005
ETH-fed(KEN+TZA+UGA),2012,3,imports_gdp,2015,arima,30.2928105475922,1.3377954368888005
ETH-fed(KEN+TZA+UGA),2012,3,imports_gdp,2015,chronos,30.2928105475922,1.395744216201745
ETH-fed(KEN+TZA+UGA),2012,3,imports_gdp,2015,xgb_blind,30.2928105475922,1.3272951958160029
ETH-fed(KEN+TZA+UGA),2012,3,imports_gdp,2015,xgb_lag,30.2928105475922,1.3377954368888005
ETH-fed(KEN+TZA+UGA),2012,3,imports_gdp,2015,xgb_typed,30.2928105475922,1.3377954368888005
ETH-fed(KEN+TZA+UGA),2012,3,imports_gdp,2015,lgbm_blind,30.2928105475922,1.257497203109704
ETH-fed(KEN+TZA+UGA),2012,3,imports_gdp,2015,lgbm_lag,30.2928105475922,1.3377954368888005
ETH-fed(KEN+TZA+UGA),2012,3,imports_gdp,2015,lgbm_typed,30.2928105475922,1.3377954368888005
ETH-fed(KEN+TZA+UGA),2012,3,imports_gdp,2015,tft,30.2928105475922,1.4840449211577997
ETH-fed(KEN+TZA+UGA),2012,3,imports_gdp,2015,tgcn,30.2928105475922,
ETH-fed(KEN+TZA+UGA),2012,3,imports_gdp,2015,persistence_scarcity,30.2928105475922,1.3377954368888005
ETH-fed(KEN+TZA+UGA),2012,3,imports_gdp,2015,chronos_scarcity,30.2928105475922,1.395744216201745
ETH-fed(KEN+TZA+UGA),2012,3,imports_gdp,2015,gnn_scarcity,30.2928105475922,1.2574271080474482
ETH-fed(KEN+TZA+UGA),2012,5,imports_gdp,2017,persistence,23.4742747776515,8.156331206829499
ETH-fed(KEN+TZA+UGA),2012,5,imports_gdp,2017,arima,23.4742747776515,8.156331206829499
ETH-fed(KEN+TZA+UGA),2012,5,imports_gdp,2017,chronos,23.4742747776515,8.214279986142444
ETH-fed(KEN+TZA+UGA),2012,5,imports_gdp,2017,xgb_blind,23.4742747776515,8.144987917660998
ETH-fed(KEN+TZA+UGA),2012,5,imports_gdp,2017,xgb_lag,23.4742747776515,8.156331206829499
ETH-fed(KEN+TZA+UGA),2012,5,imports_gdp,2017,xgb_typed,23.4742747776515,8.156331206829499
ETH-fed(KEN+TZA+UGA),2012,5,imports_gdp,2017,lgbm_blind,23.4742747776515,8.076502551687419
ETH-fed(KEN+TZA+UGA),2012,5,imports_gdp,2017,lgbm_lag,23.4742747776515,8.156331206829499
ETH-fed(KEN+TZA+UGA),2012,5,imports_gdp,2017,lgbm_typed,23.4742747776515,8.156331206829499
ETH-fed(KEN+TZA+UGA),2012,5,imports_gdp,2017,tft,23.4742747776515,8.309113360165881
ETH-fed(KEN+TZA+UGA),2012,5,imports_gdp,2017,tgcn,23.4742747776515,
ETH-fed(KEN+TZA+UGA),2012,5,imports_gdp,2017,persistence_scarcity,23.4742747776515,8.156331206829499
ETH-fed(KEN+TZA+UGA),2012,5,imports_gdp,2017,chronos_scarcity,23.4742747776515,8.214279986142444
ETH-fed(KEN+TZA+UGA),2012,5,imports_gdp,2017,gnn_scarcity,23.4742747776515,8.072644091367053
ETH-fed(KEN+TZA+UGA),2012,1,current_account,2013,persistence,-6.36626399169653,0.7404846891055694
ETH-fed(KEN+TZA+UGA),2012,1,current_account,2013,arima,-6.36626399169653,0.16795886937546367
ETH-fed(KEN+TZA+UGA),2012,1,current_account,2013,chronos,-6.36626399169653,1.5312870680263702
ETH-fed(KEN+TZA+UGA),2012,1,current_account,2013,xgb_blind,-6.36626399169653,0.47240746627538766
ETH-fed(KEN+TZA+UGA),2012,1,current_account,2013,xgb_lag,-6.36626399169653,0.16795886937546367
ETH-fed(KEN+TZA+UGA),2012,1,current_account,2013,xgb_typed,-6.36626399169653,0.16795886937546367
ETH-fed(KEN+TZA+UGA),2012,1,current_account,2013,lgbm_blind,-6.36626399169653,2.865263795954877
ETH-fed(KEN+TZA+UGA),2012,1,current_account,2013,lgbm_lag,-6.36626399169653,0.16795886937546367
ETH-fed(KEN+TZA+UGA),2012,1,current_account,2013,lgbm_typed,-6.36626399169653,0.16795886937546367
ETH-fed(KEN+TZA+UGA),2012,1,current_account,2013,tft,-6.36626399169653,0.8336719213894073
ETH-fed(KEN+TZA+UGA),2012,1,current_account,2013,tgcn,-6.36626399169653,
ETH-fed(KEN+TZA+UGA),2012,1,current_account,2013,persistence_scarcity,-6.36626399169653,0.7404846891055694
ETH-fed(KEN+TZA+UGA),2012,1,current_account,2013,chronos_scarcity,-6.36626399169653,1.5312870680263702
ETH-fed(KEN+TZA+UGA),2012,1,current_account,2013,gnn_scarcity,-6.36626399169653,3.0450807870456513
ETH-fed(KEN+TZA+UGA),2012,3,current_account,2015,persistence,-12.1838327178752,5.0770840370731
ETH-fed(KEN+TZA+UGA),2012,3,current_account,2015,arima,-12.1838327178752,5.576395324726581
ETH-fed(KEN+TZA+UGA),2012,3,current_account,2015,chronos,-12.1838327178752,7.495532585123735
ETH-fed(KEN+TZA+UGA),2012,3,current_account,2015,xgb_blind,-12.1838327178752,7.313530994394975
ETH-fed(KEN+TZA+UGA),2012,3,current_account,2015,xgb_lag,-12.1838327178752,5.576395324726581
ETH-fed(KEN+TZA+UGA),2012,3,current_account,2015,xgb_typed,-12.1838327178752,5.576395324726581
ETH-fed(KEN+TZA+UGA),2012,3,current_account,2015,lgbm_blind,-12.1838327178752,8.351145149210648
ETH-fed(KEN+TZA+UGA),2012,3,current_account,2015,lgbm_lag,-12.1838327178752,5.576395324726581
ETH-fed(KEN+TZA+UGA),2012,3,current_account,2015,lgbm_typed,-12.1838327178752,5.576395324726581
ETH-fed(KEN+TZA+UGA),2012,3,current_account,2015,tft,-12.1838327178752,5.017672134379106
ETH-fed(KEN+TZA+UGA),2012,3,current_account,2015,tgcn,-12.1838327178752,
ETH-fed(KEN+TZA+UGA),2012,3,current_account,2015,persistence_scarcity,-12.1838327178752,5.0770840370731
ETH-fed(KEN+TZA+UGA),2012,3,current_account,2015,chronos_scarcity,-12.1838327178752,7.495532585123735
ETH-fed(KEN+TZA+UGA),2012,3,current_account,2015,gnn_scarcity,-12.1838327178752,8.838284088114458
ETH-fed(KEN+TZA+UGA),2012,5,current_account,2017,persistence,-7.76343039992896,0.6566817191268601
ETH-fed(KEN+TZA+UGA),2012,5,current_account,2017,arima,-7.76343039992896,1.1543337292710572
ETH-fed(KEN+TZA+UGA),2012,5,current_account,2017,chronos,-7.76343039992896,4.568131728206548
ETH-fed(KEN+TZA+UGA),2012,5,current_account,2017,xgb_blind,-7.76343039992896,0.6894424391135301
ETH-fed(KEN+TZA+UGA),2012,5,current_account,2017,xgb_lag,-7.76343039992896,1.1543337292710572
ETH-fed(KEN+TZA+UGA),2012,5,current_account,2017,xgb_typed,-7.76343039992896,1.1543337292710572
ETH-fed(KEN+TZA+UGA),2012,5,current_account,2017,lgbm_blind,-7.76343039992896,3.437453249992072
ETH-fed(KEN+TZA+UGA),2012,5,current_account,2017,lgbm_lag,-7.76343039992896,1.1543337292710572
ETH-fed(KEN+TZA+UGA),2012,5,current_account,2017,lgbm_typed,-7.76343039992896,1.1543337292710572
ETH-fed(KEN+TZA+UGA),2012,5,current_account,2017,tft,-7.76343039992896,0.599645419155034
ETH-fed(KEN+TZA+UGA),2012,5,current_account,2017,tgcn,-7.76343039992896,
ETH-fed(KEN+TZA+UGA),2012,5,current_account,2017,persistence_scarcity,-7.76343039992896,0.6566817191268601
ETH-fed(KEN+TZA+UGA),2012,5,current_account,2017,chronos_scarcity,-7.76343039992896,4.568131728206548
ETH-fed(KEN+TZA+UGA),2012,5,current_account,2017,gnn_scarcity,-7.76343039992896,3.688892645870122
ETH-fed(KEN+TZA+UGA),2012,1,real_interest_rate,2013,persistence,-17.1217762401546,0.0
ETH-fed(KEN+TZA+UGA),2012,1,real_interest_rate,2013,arima,-17.1217762401546,0.0
ETH-fed(KEN+TZA+UGA),2012,1,real_interest_rate,2013,chronos,-17.1217762401546,0.08151020316729429
ETH-fed(KEN+TZA+UGA),2012,1,real_interest_rate,2013,xgb_blind,-17.1217762401546,0.5340973308528412
ETH-fed(KEN+TZA+UGA),2012,1,real_interest_rate,2013,xgb_lag,-17.1217762401546,0.0
ETH-fed(KEN+TZA+UGA),2012,1,real_interest_rate,2013,xgb_typed,-17.1217762401546,0.0
ETH-fed(KEN+TZA+UGA),2012,1,real_interest_rate,2013,lgbm_blind,-17.1217762401546,15.778965224635371
ETH-fed(KEN+TZA+UGA),2012,1,real_interest_rate,2013,lgbm_lag,-17.1217762401546,0.0
ETH-fed(KEN+TZA+UGA),2012,1,real_interest_rate,2013,lgbm_typed,-17.1217762401546,0.0
ETH-fed(KEN+TZA+UGA),2012,1,real_interest_rate,2013,tft,-17.1217762401546,0.06496844978680727
ETH-fed(KEN+TZA+UGA),2012,1,real_interest_rate,2013,tgcn,-17.1217762401546,
ETH-fed(KEN+TZA+UGA),2012,1,real_interest_rate,2013,persistence_scarcity,-17.1217762401546,0.0
ETH-fed(KEN+TZA+UGA),2012,1,real_interest_rate,2013,chronos_scarcity,-17.1217762401546,0.08151020316729429
ETH-fed(KEN+TZA+UGA),2012,1,real_interest_rate,2013,gnn_scarcity,-17.1217762401546,16.332217829510068
ETH-fed(KEN+TZA+UGA),2012,3,real_interest_rate,2015,persistence,-17.1217762401546,0.0
ETH-fed(KEN+TZA+UGA),2012,3,real_interest_rate,2015,arima,-17.1217762401546,0.0
ETH-fed(KEN+TZA+UGA),2012,3,real_interest_rate,2015,chronos,-17.1217762401546,0.8862873485530365
ETH-fed(KEN+TZA+UGA),2012,3,real_interest_rate,2015,xgb_blind,-17.1217762401546,1.0524746349299896
ETH-fed(KEN+TZA+UGA),2012,3,real_interest_rate,2015,xgb_lag,-17.1217762401546,0.0
ETH-fed(KEN+TZA+UGA),2012,3,real_interest_rate,2015,xgb_typed,-17.1217762401546,0.0
ETH-fed(KEN+TZA+UGA),2012,3,real_interest_rate,2015,lgbm_blind,-17.1217762401546,16.520034503027293
ETH-fed(KEN+TZA+UGA),2012,3,real_interest_rate,2015,lgbm_lag,-17.1217762401546,0.0
ETH-fed(KEN+TZA+UGA),2012,3,real_interest_rate,2015,lgbm_typed,-17.1217762401546,0.0
ETH-fed(KEN+TZA+UGA),2012,3,real_interest_rate,2015,tft,-17.1217762401546,0.06504665108075258
ETH-fed(KEN+TZA+UGA),2012,3,real_interest_rate,2015,tgcn,-17.1217762401546,
ETH-fed(KEN+TZA+UGA),2012,3,real_interest_rate,2015,persistence_scarcity,-17.1217762401546,0.0
ETH-fed(KEN+TZA+UGA),2012,3,real_interest_rate,2015,chronos_scarcity,-17.1217762401546,0.8862873485530365
ETH-fed(KEN+TZA+UGA),2012,3,real_interest_rate,2015,gnn_scarcity,-17.1217762401546,16.26097096709857
ETH-fed(KEN+TZA+UGA),2012,5,real_interest_rate,2017,persistence,-17.1217762401546,0.0
ETH-fed(KEN+TZA+UGA),2012,5,real_interest_rate,2017,arima,-17.1217762401546,0.0
ETH-fed(KEN+TZA+UGA),2012,5,real_interest_rate,2017,chronos,-17.1217762401546,1.236186640545224
ETH-fed(KEN+TZA+UGA),2012,5,real_interest_rate,2017,xgb_blind,-17.1217762401546,0.8440720012629974
ETH-fed(KEN+TZA+UGA),2012,5,real_interest_rate,2017,xgb_lag,-17.1217762401546,0.0
ETH-fed(KEN+TZA+UGA),2012,5,real_interest_rate,2017,xgb_typed,-17.1217762401546,0.0
ETH-fed(KEN+TZA+UGA),2012,5,real_interest_rate,2017,lgbm_blind,-17.1217762401546,15.807220197801287
ETH-fed(KEN+TZA+UGA),2012,5,real_interest_rate,2017,lgbm_lag,-17.1217762401546,0.0
ETH-fed(KEN+TZA+UGA),2012,5,real_interest_rate,2017,lgbm_typed,-17.1217762401546,0.0
ETH-fed(KEN+TZA+UGA),2012,5,real_interest_rate,2017,tft,-17.1217762401546,0.06440196724286196
ETH-fed(KEN+TZA+UGA),2012,5,real_interest_rate,2017,tgcn,-17.1217762401546,
ETH-fed(KEN+TZA+UGA),2012,5,real_interest_rate,2017,persistence_scarcity,-17.1217762401546,0.0
ETH-fed(KEN+TZA+UGA),2012,5,real_interest_rate,2017,chronos_scarcity,-17.1217762401546,1.236186640545224
ETH-fed(KEN+TZA+UGA),2012,5,real_interest_rate,2017,gnn_scarcity,-17.1217762401546,14.129342215343808
ETH-fed(KEN+TZA+UGA),2012,1,broad_money,2013,persistence,33.9671207502096,0.0
ETH-fed(KEN+TZA+UGA),2012,1,broad_money,2013,arima,33.9671207502096,0.0
ETH-fed(KEN+TZA+UGA),2012,1,broad_money,2013,chronos,33.9671207502096,0.1133731767923507
ETH-fed(KEN+TZA+UGA),2012,1,broad_money,2013,xgb_blind,33.9671207502096,0.7872013017923507
ETH-fed(KEN+TZA+UGA),2012,1,broad_money,2013,xgb_lag,33.9671207502096,0.0
ETH-fed(KEN+TZA+UGA),2012,1,broad_money,2013,xgb_typed,33.9671207502096,0.0
ETH-fed(KEN+TZA+UGA),2012,1,broad_money,2013,lgbm_blind,33.9671207502096,1.3127272618476127
ETH-fed(KEN+TZA+UGA),2012,1,broad_money,2013,lgbm_lag,33.9671207502096,0.0
ETH-fed(KEN+TZA+UGA),2012,1,broad_money,2013,lgbm_typed,33.9671207502096,0.0
ETH-fed(KEN+TZA+UGA),2012,1,broad_money,2013,tft,33.9671207502096,0.06496773507288367
ETH-fed(KEN+TZA+UGA),2012,1,broad_money,2013,tgcn,33.9671207502096,
ETH-fed(KEN+TZA+UGA),2012,1,broad_money,2013,persistence_scarcity,33.9671207502096,0.0
ETH-fed(KEN+TZA+UGA),2012,1,broad_money,2013,chronos_scarcity,33.9671207502096,0.1133731767923507
ETH-fed(KEN+TZA+UGA),2012,1,broad_money,2013,gnn_scarcity,33.9671207502096,1.1797069475443038
ETH-fed(KEN+TZA+UGA),2012,3,broad_money,2015,persistence,33.9671207502096,0.0
ETH-fed(KEN+TZA+UGA),2012,3,broad_money,2015,arima,33.9671207502096,0.0
ETH-fed(KEN+TZA+UGA),2012,3,broad_money,2015,chronos,33.9671207502096,0.1133731767923507
ETH-fed(KEN+TZA+UGA),2012,3,broad_money,2015,xgb_blind,33.9671207502096,2.458950416782585
ETH-fed(KEN+TZA+UGA),2012,3,broad_money,2015,xgb_lag,33.9671207502096,0.0
ETH-fed(KEN+TZA+UGA),2012,3,broad_money,2015,xgb_typed,33.9671207502096,0.0
ETH-fed(KEN+TZA+UGA),2012,3,broad_money,2015,lgbm_blind,33.9671207502096,1.7996904299051408
ETH-fed(KEN+TZA+UGA),2012,3,broad_money,2015,lgbm_lag,33.9671207502096,0.0
ETH-fed(KEN+TZA+UGA),2012,3,broad_money,2015,lgbm_typed,33.9671207502096,0.0
ETH-fed(KEN+TZA+UGA),2012,3,broad_money,2015,tft,33.9671207502096,0.0650478437154618
ETH-fed(KEN+TZA+UGA),2012,3,broad_money,2015,tgcn,33.9671207502096,
ETH-fed(KEN+TZA+UGA),2012,3,broad_money,2015,persistence_scarcity,33.9671207502096,0.0
ETH-fed(KEN+TZA+UGA),2012,3,broad_money,2015,chronos_scarcity,33.9671207502096,0.1133731767923507
ETH-fed(KEN+TZA+UGA),2012,3,broad_money,2015,gnn_scarcity,33.9671207502096,1.1431278154642257
ETH-fed(KEN+TZA+UGA),2012,5,broad_money,2017,persistence,33.9671207502096,0.0
ETH-fed(KEN+TZA+UGA),2012,5,broad_money,2017,arima,33.9671207502096,0.0
ETH-fed(KEN+TZA+UGA),2012,5,broad_money,2017,chronos,33.9671207502096,0.1133731767923507
ETH-fed(KEN+TZA+UGA),2012,5,broad_money,2017,xgb_blind,33.9671207502096,0.06296958182164758
ETH-fed(KEN+TZA+UGA),2012,5,broad_money,2017,xgb_lag,33.9671207502096,0.0
ETH-fed(KEN+TZA+UGA),2012,5,broad_money,2017,xgb_typed,33.9671207502096,0.0
ETH-fed(KEN+TZA+UGA),2012,5,broad_money,2017,lgbm_blind,33.9671207502096,2.543575343031769
ETH-fed(KEN+TZA+UGA),2012,5,broad_money,2017,lgbm_lag,33.9671207502096,0.0
ETH-fed(KEN+TZA+UGA),2012,5,broad_money,2017,lgbm_typed,33.9671207502096,0.0
ETH-fed(KEN+TZA+UGA),2012,5,broad_money,2017,tft,33.9671207502096,0.06439934518030555
ETH-fed(KEN+TZA+UGA),2012,5,broad_money,2017,tgcn,33.9671207502096,
ETH-fed(KEN+TZA+UGA),2012,5,broad_money,2017,persistence_scarcity,33.9671207502096,0.0
ETH-fed(KEN+TZA+UGA),2012,5,broad_money,2017,chronos_scarcity,33.9671207502096,0.1133731767923507
ETH-fed(KEN+TZA+UGA),2012,5,broad_money,2017,gnn_scarcity,33.9671207502096,0.04874076102086633
ETH-fed(KEN+TZA+UGA),2012,1,private_credit,2013,persistence,17.7101483486321,0.0
ETH-fed(KEN+TZA+UGA),2012,1,private_credit,2013,arima,17.7101483486321,0.0
ETH-fed(KEN+TZA+UGA),2012,1,private_credit,2013,chronos,17.7101483486321,0.03274013024831035
ETH-fed(KEN+TZA+UGA),2012,1,private_credit,2013,xgb_blind,17.7101483486321,0.2089037753913381
ETH-fed(KEN+TZA+UGA),2012,1,private_credit,2013,xgb_lag,17.7101483486321,0.0
ETH-fed(KEN+TZA+UGA),2012,1,private_credit,2013,xgb_typed,17.7101483486321,0.0
ETH-fed(KEN+TZA+UGA),2012,1,private_credit,2013,lgbm_blind,17.7101483486321,3.4593428243695836
ETH-fed(KEN+TZA+UGA),2012,1,private_credit,2013,lgbm_lag,17.7101483486321,0.0
ETH-fed(KEN+TZA+UGA),2012,1,private_credit,2013,lgbm_typed,17.7101483486321,0.0
ETH-fed(KEN+TZA+UGA),2012,1,private_credit,2013,tft,17.7101483486321,0.06496860009694316
ETH-fed(KEN+TZA+UGA),2012,1,private_credit,2013,tgcn,17.7101483486321,
ETH-fed(KEN+TZA+UGA),2012,1,private_credit,2013,persistence_scarcity,17.7101483486321,0.0
ETH-fed(KEN+TZA+UGA),2012,1,private_credit,2013,chronos_scarcity,17.7101483486321,0.03274013024831035
ETH-fed(KEN+TZA+UGA),2012,1,private_credit,2013,gnn_scarcity,17.7101483486321,3.791044726195576
ETH-fed(KEN+TZA+UGA),2012,3,private_credit,2015,persistence,17.7101483486321,0.0
ETH-fed(KEN+TZA+UGA),2012,3,private_credit,2015,arima,17.7101483486321,0.0
ETH-fed(KEN+TZA+UGA),2012,3,private_credit,2015,chronos,17.7101483486321,0.03274013024831035
ETH-fed(KEN+TZA+UGA),2012,3,private_credit,2015,xgb_blind,17.7101483486321,1.3349604465339162
ETH-fed(KEN+TZA+UGA),2012,3,private_credit,2015,xgb_lag,17.7101483486321,0.0
ETH-fed(KEN+TZA+UGA),2012,3,private_credit,2015,xgb_typed,17.7101483486321,0.0
ETH-fed(KEN+TZA+UGA),2012,3,private_credit,2015,lgbm_blind,17.7101483486321,2.209764900031331
ETH-fed(KEN+TZA+UGA),2012,3,private_credit,2015,lgbm_lag,17.7101483486321,0.0
ETH-fed(KEN+TZA+UGA),2012,3,private_credit,2015,lgbm_typed,17.7101483486321,0.0
ETH-fed(KEN+TZA+UGA),2012,3,private_credit,2015,tft,17.7101483486321,0.06504680139088848
ETH-fed(KEN+TZA+UGA),2012,3,private_credit,2015,tgcn,17.7101483486321,
ETH-fed(KEN+TZA+UGA),2012,3,private_credit,2015,persistence_scarcity,17.7101483486321,0.0
ETH-fed(KEN+TZA+UGA),2012,3,private_credit,2015,chronos_scarcity,17.7101483486321,0.03274013024831035
ETH-fed(KEN+TZA+UGA),2012,3,private_credit,2015,gnn_scarcity,17.7101483486321,3.832126154723408
ETH-fed(KEN+TZA+UGA),2012,5,private_credit,2017,persistence,17.7101483486321,0.0
ETH-fed(KEN+TZA+UGA),2012,5,private_credit,2017,arima,17.7101483486321,0.0
ETH-fed(KEN+TZA+UGA),2012,5,private_credit,2017,chronos,17.7101483486321,0.1331792019035838
ETH-fed(KEN+TZA+UGA),2012,5,private_credit,2017,xgb_blind,17.7101483486321,0.06056262475514629
ETH-fed(KEN+TZA+UGA),2012,5,private_credit,2017,xgb_lag,17.7101483486321,0.0
ETH-fed(KEN+TZA+UGA),2012,5,private_credit,2017,xgb_typed,17.7101483486321,0.0
ETH-fed(KEN+TZA+UGA),2012,5,private_credit,2017,lgbm_blind,17.7101483486321,0.950390326535679
ETH-fed(KEN+TZA+UGA),2012,5,private_credit,2017,lgbm_lag,17.7101483486321,0.0
ETH-fed(KEN+TZA+UGA),2012,5,private_credit,2017,lgbm_typed,17.7101483486321,0.0
ETH-fed(KEN+TZA+UGA),2012,5,private_credit,2017,tft,17.7101483486321,0.06440211755299785
ETH-fed(KEN+TZA+UGA),2012,5,private_credit,2017,tgcn,17.7101483486321,
ETH-fed(KEN+TZA+UGA),2012,5,private_credit,2017,persistence_scarcity,17.7101483486321,0.0
ETH-fed(KEN+TZA+UGA),2012,5,private_credit,2017,chronos_scarcity,17.7101483486321,0.1331792019035838
ETH-fed(KEN+TZA+UGA),2012,5,private_credit,2017,gnn_scarcity,17.7101483486321,5.061260714354756
ETH-fed(KEN+TZA+UGA),2012,1,govt_consumption,2013,persistence,8.9554736783348,0.6532849608139095
ETH-fed(KEN+TZA+UGA),2012,1,govt_consumption,2013,arima,8.9554736783348,0.6532849608139095
ETH-fed(KEN+TZA+UGA),2012,1,govt_consumption,2013,chronos,8.9554736783348,0.6299960782371432
ETH-fed(KEN+TZA+UGA),2012,1,govt_consumption,2013,xgb_blind,8.9554736783348,0.4267041852317721
ETH-fed(KEN+TZA+UGA),2012,1,govt_consumption,2013,xgb_lag,8.9554736783348,0.6532849608139095
ETH-fed(KEN+TZA+UGA),2012,1,govt_consumption,2013,xgb_typed,8.9554736783348,0.6532849608139095
ETH-fed(KEN+TZA+UGA),2012,1,govt_consumption,2013,lgbm_blind,8.9554736783348,1.2711332542185794
ETH-fed(KEN+TZA+UGA),2012,1,govt_consumption,2013,lgbm_lag,8.9554736783348,0.6532849608139095
ETH-fed(KEN+TZA+UGA),2012,1,govt_consumption,2013,lgbm_typed,8.9554736783348,0.6532849608139095
ETH-fed(KEN+TZA+UGA),2012,1,govt_consumption,2013,tft,8.9554736783348,0.3552610705055326
ETH-fed(KEN+TZA+UGA),2012,1,govt_consumption,2013,tgcn,8.9554736783348,
ETH-fed(KEN+TZA+UGA),2012,1,govt_consumption,2013,persistence_scarcity,8.9554736783348,0.6532849608139095
ETH-fed(KEN+TZA+UGA),2012,1,govt_consumption,2013,chronos_scarcity,8.9554736783348,0.6299960782371432
ETH-fed(KEN+TZA+UGA),2012,1,govt_consumption,2013,gnn_scarcity,8.9554736783348,1.2892296145118802
ETH-fed(KEN+TZA+UGA),2012,3,govt_consumption,2015,persistence,9.01378857603043,0.7115998585095404
ETH-fed(KEN+TZA+UGA),2012,3,govt_consumption,2015,arima,9.01378857603043,0.7115998585095404
ETH-fed(KEN+TZA+UGA),2012,3,govt_consumption,2015,chronos,9.01378857603043,0.6883109759327741
ETH-fed(KEN+TZA+UGA),2012,3,govt_consumption,2015,xgb_blind,9.01378857603043,0.4611381243702741
ETH-fed(KEN+TZA+UGA),2012,3,govt_consumption,2015,xgb_lag,9.01378857603043,0.7115998585095404
ETH-fed(KEN+TZA+UGA),2012,3,govt_consumption,2015,xgb_typed,9.01378857603043,0.7115998585095404
ETH-fed(KEN+TZA+UGA),2012,3,govt_consumption,2015,lgbm_blind,9.01378857603043,1.2036544610026514
ETH-fed(KEN+TZA+UGA),2012,3,govt_consumption,2015,lgbm_lag,9.01378857603043,0.7115998585095404
ETH-fed(KEN+TZA+UGA),2012,3,govt_consumption,2015,lgbm_typed,9.01378857603043,0.7115998585095404
ETH-fed(KEN+TZA+UGA),2012,3,govt_consumption,2015,tft,9.01378857603043,0.3243309308055071
ETH-fed(KEN+TZA+UGA),2012,3,govt_consumption,2015,tgcn,9.01378857603043,
ETH-fed(KEN+TZA+UGA),2012,3,govt_consumption,2015,persistence_scarcity,9.01378857603043,0.7115998585095404
ETH-fed(KEN+TZA+UGA),2012,3,govt_consumption,2015,chronos_scarcity,9.01378857603043,0.6883109759327741
ETH-fed(KEN+TZA+UGA),2012,3,govt_consumption,2015,gnn_scarcity,9.01378857603043,1.2282692242625384
ETH-fed(KEN+TZA+UGA),2012,5,govt_consumption,2017,persistence,15.4931325929715,7.1909438754506105
ETH-fed(KEN+TZA+UGA),2012,5,govt_consumption,2017,arima,15.4931325929715,7.1909438754506105
ETH-fed(KEN+TZA+UGA),2012,5,govt_consumption,2017,chronos,15.4931325929715,7.167654992873844
ETH-fed(KEN+TZA+UGA),2012,5,govt_consumption,2017,xgb_blind,15.4931325929715,6.920602800185856
ETH-fed(KEN+TZA+UGA),2012,5,govt_consumption,2017,xgb_lag,15.4931325929715,7.1909438754506105
ETH-fed(KEN+TZA+UGA),2012,5,govt_consumption,2017,xgb_typed,15.4931325929715,7.1909438754506105
ETH-fed(KEN+TZA+UGA),2012,5,govt_consumption,2017,lgbm_blind,15.4931325929715,5.28688987268545
ETH-fed(KEN+TZA+UGA),2012,5,govt_consumption,2017,lgbm_lag,15.4931325929715,7.1909438754506105
ETH-fed(KEN+TZA+UGA),2012,5,govt_consumption,2017,lgbm_typed,15.4931325929715,7.1909438754506105
ETH-fed(KEN+TZA+UGA),2012,5,govt_consumption,2017,tft,15.4931325929715,6.159068109328922
ETH-fed(KEN+TZA+UGA),2012,5,govt_consumption,2017,tgcn,15.4931325929715,
ETH-fed(KEN+TZA+UGA),2012,5,govt_consumption,2017,persistence_scarcity,15.4931325929715,7.1909438754506105
ETH-fed(KEN+TZA+UGA),2012,5,govt_consumption,2017,chronos_scarcity,15.4931325929715,7.167654992873844
ETH-fed(KEN+TZA+UGA),2012,5,govt_consumption,2017,gnn_scarcity,15.4931325929715,5.330226899917301
ETH-fed(KEN+TZA+UGA),2013,1,gdp_growth,2014,persistence,10.2574929627477,0.3247770875075009
ETH-fed(KEN+TZA+UGA),2013,1,gdp_growth,2014,arima,10.2574929627477,0.2701147924904941
ETH-fed(KEN+TZA+UGA),2013,1,gdp_growth,2014,chronos,10.2574929627477,0.14358049306284748
ETH-fed(KEN+TZA+UGA),2013,1,gdp_growth,2014,xgb_blind,10.2574929627477,1.1802807417811092
ETH-fed(KEN+TZA+UGA),2013,1,gdp_growth,2014,xgb_lag,10.2574929627477,0.2701147924904941
ETH-fed(KEN+TZA+UGA),2013,1,gdp_growth,2014,xgb_typed,10.2574929627477,0.2701147924904941
ETH-fed(KEN+TZA+UGA),2013,1,gdp_growth,2014,lgbm_blind,10.2574929627477,3.828163360133006
ETH-fed(KEN+TZA+UGA),2013,1,gdp_growth,2014,lgbm_lag,10.2574929627477,0.2701147924904941
ETH-fed(KEN+TZA+UGA),2013,1,gdp_growth,2014,lgbm_typed,10.2574929627477,0.2701147924904941
ETH-fed(KEN+TZA+UGA),2013,1,gdp_growth,2014,tft,10.2574929627477,0.3457804289759334
ETH-fed(KEN+TZA+UGA),2013,1,gdp_growth,2014,tgcn,10.2574929627477,
ETH-fed(KEN+TZA+UGA),2013,1,gdp_growth,2014,persistence_scarcity,10.2574929627477,0.3247770875075009
ETH-fed(KEN+TZA+UGA),2013,1,gdp_growth,2014,chronos_scarcity,10.2574929627477,0.14358049306284748
ETH-fed(KEN+TZA+UGA),2013,1,gdp_growth,2014,gnn_scarcity,10.2574929627477,3.8677343758641545
ETH-fed(KEN+TZA+UGA),2013,3,gdp_growth,2016,persistence,9.43348265981905,1.1487873904361496
ETH-fed(KEN+TZA+UGA),2013,3,gdp_growth,2016,arima,9.43348265981905,0.6805794543341737
ETH-fed(KEN+TZA+UGA),2013,3,gdp_growth,2016,chronos,9.43348265981905,0.701652990815715
ETH-fed(KEN+TZA+UGA),2013,3,gdp_growth,2016,xgb_blind,9.43348265981905,0.4838833680129806
ETH-fed(KEN+TZA+UGA),2013,3,gdp_growth,2016,xgb_lag,9.43348265981905,0.6805794543341737
ETH-fed(KEN+TZA+UGA),2013,3,gdp_growth,2016,xgb_typed,9.43348265981905,0.6805794543341737
ETH-fed(KEN+TZA+UGA),2013,3,gdp_growth,2016,lgbm_blind,9.43348265981905,1.638980696703177
ETH-fed(KEN+TZA+UGA),2013,3,gdp_growth,2016,lgbm_lag,9.43348265981905,0.6805794543341737
ETH-fed(KEN+TZA+UGA),2013,3,gdp_growth,2016,lgbm_typed,9.43348265981905,0.6805794543341737
ETH-fed(KEN+TZA+UGA),2013,3,gdp_growth,2016,tft,9.43348265981905,1.1657566895461837
ETH-fed(KEN+TZA+UGA),2013,3,gdp_growth,2016,tgcn,9.43348265981905,
ETH-fed(KEN+TZA+UGA),2013,3,gdp_growth,2016,persistence_scarcity,9.43348265981905,1.1487873904361496
ETH-fed(KEN+TZA+UGA),2013,3,gdp_growth,2016,chronos_scarcity,9.43348265981905,0.701652990815715
ETH-fed(KEN+TZA+UGA),2013,3,gdp_growth,2016,gnn_scarcity,9.43348265981905,3.186528218748494
ETH-fed(KEN+TZA+UGA),2013,5,gdp_growth,2018,persistence,6.81614778557282,3.76612226468238
ETH-fed(KEN+TZA+UGA),2013,5,gdp_growth,2018,arima,6.81614778557282,3.3098949366504886
ETH-fed(KEN+TZA+UGA),2013,5,gdp_growth,2018,chronos,6.81614778557282,3.1416969486190744
ETH-fed(KEN+TZA+UGA),2013,5,gdp_growth,2018,xgb_blind,6.81614778557282,3.629251498789973
ETH-fed(KEN+TZA+UGA),2013,5,gdp_growth,2018,xgb_lag,6.81614778557282,3.3098949366504886
ETH-fed(KEN+TZA+UGA),2013,5,gdp_growth,2018,xgb_typed,6.81614778557282,3.3098949366504886
ETH-fed(KEN+TZA+UGA),2013,5,gdp_growth,2018,lgbm_blind,6.81614778557282,0.9392071082621474
ETH-fed(KEN+TZA+UGA),2013,5,gdp_growth,2018,lgbm_lag,6.81614778557282,3.3098949366504886
ETH-fed(KEN+TZA+UGA),2013,5,gdp_growth,2018,lgbm_typed,6.81614778557282,3.3098949366504886
ETH-fed(KEN+TZA+UGA),2013,5,gdp_growth,2018,tft,6.81614778557282,3.785698909373469
ETH-fed(KEN+TZA+UGA),2013,5,gdp_growth,2018,tgcn,6.81614778557282,
ETH-fed(KEN+TZA+UGA),2013,5,gdp_growth,2018,persistence_scarcity,6.81614778557282,3.76612226468238
ETH-fed(KEN+TZA+UGA),2013,5,gdp_growth,2018,chronos_scarcity,6.81614778557282,3.1416969486190744
ETH-fed(KEN+TZA+UGA),2013,5,gdp_growth,2018,gnn_scarcity,6.81614778557282,12.301805000691228
ETH-fed(KEN+TZA+UGA),2013,1,inflation_cpi,2014,persistence,6.89001951597191,0.5740024134732602
ETH-fed(KEN+TZA+UGA),2013,1,inflation_cpi,2014,arima,6.89001951597191,7.101339688280018
ETH-fed(KEN+TZA+UGA),2013,1,inflation_cpi,2014,chronos,6.89001951597191,0.38885583498023824
ETH-fed(KEN+TZA+UGA),2013,1,inflation_cpi,2014,xgb_blind,6.89001951597191,1.5192831955149062
ETH-fed(KEN+TZA+UGA),2013,1,inflation_cpi,2014,xgb_lag,6.89001951597191,7.101339688280018
ETH-fed(KEN+TZA+UGA),2013,1,inflation_cpi,2014,xgb_typed,6.89001951597191,7.101339688280018
ETH-fed(KEN+TZA+UGA),2013,1,inflation_cpi,2014,lgbm_blind,6.89001951597191,3.7652556422882695
ETH-fed(KEN+TZA+UGA),2013,1,inflation_cpi,2014,lgbm_lag,6.89001951597191,7.101339688280018
ETH-fed(KEN+TZA+UGA),2013,1,inflation_cpi,2014,lgbm_typed,6.89001951597191,7.101339688280018
ETH-fed(KEN+TZA+UGA),2013,1,inflation_cpi,2014,tft,6.89001951597191,0.5284794769480117
ETH-fed(KEN+TZA+UGA),2013,1,inflation_cpi,2014,tgcn,6.89001951597191,
ETH-fed(KEN+TZA+UGA),2013,1,inflation_cpi,2014,persistence_scarcity,6.89001951597191,0.5740024134732602
ETH-fed(KEN+TZA+UGA),2013,1,inflation_cpi,2014,chronos_scarcity,6.89001951597191,0.38885583498023824
ETH-fed(KEN+TZA+UGA),2013,1,inflation_cpi,2014,gnn_scarcity,6.89001951597191,3.762841125507582
ETH-fed(KEN+TZA+UGA),2013,3,inflation_cpi,2016,persistence,6.62813337230924,0.83588855713593
ETH-fed(KEN+TZA+UGA),2013,3,inflation_cpi,2016,arima,6.62813337230924,5.790909698515557
ETH-fed(KEN+TZA+UGA),2013,3,inflation_cpi,2016,chronos,6.62813337230924,0.8240479669546756
ETH-fed(KEN+TZA+UGA),2013,3,inflation_cpi,2016,xgb_blind,6.62813337230924,12.909056111333339
ETH-fed(KEN+TZA+UGA),2013,3,inflation_cpi,2016,xgb_lag,6.62813337230924,5.790909698515557
ETH-fed(KEN+TZA+UGA),2013,3,inflation_cpi,2016,xgb_typed,6.62813337230924,5.790909698515557
ETH-fed(KEN+TZA+UGA),2013,3,inflation_cpi,2016,lgbm_blind,6.62813337230924,2.8395469002926594
ETH-fed(KEN+TZA+UGA),2013,3,inflation_cpi,2016,lgbm_lag,6.62813337230924,5.790909698515557
ETH-fed(KEN+TZA+UGA),2013,3,inflation_cpi,2016,lgbm_typed,6.62813337230924,5.790909698515557
ETH-fed(KEN+TZA+UGA),2013,3,inflation_cpi,2016,tft,6.62813337230924,0.7863458833670292
ETH-fed(KEN+TZA+UGA),2013,3,inflation_cpi,2016,tgcn,6.62813337230924,
ETH-fed(KEN+TZA+UGA),2013,3,inflation_cpi,2016,persistence_scarcity,6.62813337230924,0.83588855713593
ETH-fed(KEN+TZA+UGA),2013,3,inflation_cpi,2016,chronos_scarcity,6.62813337230924,0.8240479669546756
ETH-fed(KEN+TZA+UGA),2013,3,inflation_cpi,2016,gnn_scarcity,6.62813337230924,3.742309018132654
ETH-fed(KEN+TZA+UGA),2013,5,inflation_cpi,2018,persistence,13.8330356586661,6.36901372922093
ETH-fed(KEN+TZA+UGA),2013,5,inflation_cpi,2018,arima,13.8330356586661,1.6712683688519974
ETH-fed(KEN+TZA+UGA),2013,5,inflation_cpi,2018,chronos,13.8330356586661,8.677170943089928
ETH-fed(KEN+TZA+UGA),2013,5,inflation_cpi,2018,xgb_blind,13.8330356586661,2.527660559483971
ETH-fed(KEN+TZA+UGA),2013,5,inflation_cpi,2018,xgb_lag,13.8330356586661,1.6712683688519974
ETH-fed(KEN+TZA+UGA),2013,5,inflation_cpi,2018,xgb_typed,13.8330356586661,1.6712683688519974
ETH-fed(KEN+TZA+UGA),2013,5,inflation_cpi,2018,lgbm_blind,13.8330356586661,3.9549122999897914
ETH-fed(KEN+TZA+UGA),2013,5,inflation_cpi,2018,lgbm_lag,13.8330356586661,1.6712683688519974
ETH-fed(KEN+TZA+UGA),2013,5,inflation_cpi,2018,lgbm_typed,13.8330356586661,1.6712683688519974
ETH-fed(KEN+TZA+UGA),2013,5,inflation_cpi,2018,tft,13.8330356586661,6.425355624028649
ETH-fed(KEN+TZA+UGA),2013,5,inflation_cpi,2018,tgcn,13.8330356586661,
ETH-fed(KEN+TZA+UGA),2013,5,inflation_cpi,2018,persistence_scarcity,13.8330356586661,6.36901372922093
ETH-fed(KEN+TZA+UGA),2013,5,inflation_cpi,2018,chronos_scarcity,13.8330356586661,8.677170943089928
ETH-fed(KEN+TZA+UGA),2013,5,inflation_cpi,2018,gnn_scarcity,13.8330356586661,26.66579074747225
ETH-fed(KEN+TZA+UGA),2013,1,unemployment,2014,persistence,2.361,0.11000000000000032
ETH-fed(KEN+TZA+UGA),2013,1,unemployment,2014,arima,2.361,0.11050245034901396
ETH-fed(KEN+TZA+UGA),2013,1,unemployment,2014,chronos,2.361,0.09679502105712912
ETH-fed(KEN+TZA+UGA),2013,1,unemployment,2014,xgb_blind,2.361,0.0737363681793215
ETH-fed(KEN+TZA+UGA),2013,1,unemployment,2014,xgb_lag,2.361,0.11050245034901396
ETH-fed(KEN+TZA+UGA),2013,1,unemployment,2014,xgb_typed,2.361,0.11050245034901396
ETH-fed(KEN+TZA+UGA),2013,1,unemployment,2014,lgbm_blind,2.361,0.5080434642460032
ETH-fed(KEN+TZA+UGA),2013,1,unemployment,2014,lgbm_lag,2.361,0.11050245034901396
ETH-fed(KEN+TZA+UGA),2013,1,unemployment,2014,lgbm_typed,2.361,0.11050245034901396
ETH-fed(KEN+TZA+UGA),2013,1,unemployment,2014,tft,2.361,0.11008804893493673
ETH-fed(KEN+TZA+UGA),2013,1,unemployment,2014,tgcn,2.361,
ETH-fed(KEN+TZA+UGA),2013,1,unemployment,2014,persistence_scarcity,2.361,0.11000000000000032
ETH-fed(KEN+TZA+UGA),2013,1,unemployment,2014,chronos_scarcity,2.361,0.09679502105712912
ETH-fed(KEN+TZA+UGA),2013,1,unemployment,2014,gnn_scarcity,2.361,0.5339549198150633
ETH-fed(KEN+TZA+UGA),2013,3,unemployment,2016,persistence,2.556,0.30500000000000016
ETH-fed(KEN+TZA+UGA),2013,3,unemployment,2016,arima,2.556,0.3058817534850258
ETH-fed(KEN+TZA+UGA),2013,3,unemployment,2016,chronos,2.556,0.2812140045166016
ETH-fed(KEN+TZA+UGA),2013,3,unemployment,2016,xgb_blind,2.556,0.28299308395385747
ETH-fed(KEN+TZA+UGA),2013,3,unemployment,2016,xgb_lag,2.556,0.3058817534850258
ETH-fed(KEN+TZA+UGA),2013,3,unemployment,2016,xgb_typed,2.556,0.3058817534850258
ETH-fed(KEN+TZA+UGA),2013,3,unemployment,2016,lgbm_blind,2.556,0.2672380889710926
ETH-fed(KEN+TZA+UGA),2013,3,unemployment,2016,lgbm_lag,2.556,0.3058817534850258
ETH-fed(KEN+TZA+UGA),2013,3,unemployment,2016,lgbm_typed,2.556,0.3058817534850258
ETH-fed(KEN+TZA+UGA),2013,3,unemployment,2016,tft,2.556,0.3050801811218262
ETH-fed(KEN+TZA+UGA),2013,3,unemployment,2016,tgcn,2.556,
ETH-fed(KEN+TZA+UGA),2013,3,unemployment,2016,persistence_scarcity,2.556,0.30500000000000016
ETH-fed(KEN+TZA+UGA),2013,3,unemployment,2016,chronos_scarcity,2.556,0.2812140045166016
ETH-fed(KEN+TZA+UGA),2013,3,unemployment,2016,gnn_scarcity,2.556,0.3282222690582275
ETH-fed(KEN+TZA+UGA),2013,5,unemployment,2018,persistence,2.811,0.56
ETH-fed(KEN+TZA+UGA),2013,5,unemployment,2018,arima,2.811,0.5609775109715098
ETH-fed(KEN+TZA+UGA),2013,5,unemployment,2018,chronos,2.811,0.5256329879760742
ETH-fed(KEN+TZA+UGA),2013,5,unemployment,2018,xgb_blind,2.811,0.5252589092254638
ETH-fed(KEN+TZA+UGA),2013,5,unemployment,2018,xgb_lag,2.811,0.5609775109715098
ETH-fed(KEN+TZA+UGA),2013,5,unemployment,2018,xgb_typed,2.811,0.5609775109715098
ETH-fed(KEN+TZA+UGA),2013,5,unemployment,2018,lgbm_blind,2.811,0.024894743668405717
ETH-fed(KEN+TZA+UGA),2013,5,unemployment,2018,lgbm_lag,2.811,0.5609775109715098
ETH-fed(KEN+TZA+UGA),2013,5,unemployment,2018,lgbm_typed,2.811,0.5609775109715098
ETH-fed(KEN+TZA+UGA),2013,5,unemployment,2018,tft,2.811,0.5600882873535156
ETH-fed(KEN+TZA+UGA),2013,5,unemployment,2018,tgcn,2.811,
ETH-fed(KEN+TZA+UGA),2013,5,unemployment,2018,persistence_scarcity,2.811,0.56
ETH-fed(KEN+TZA+UGA),2013,5,unemployment,2018,chronos_scarcity,2.811,0.5256329879760742
ETH-fed(KEN+TZA+UGA),2013,5,unemployment,2018,gnn_scarcity,2.811,0.808556447982788
ETH-fed(KEN+TZA+UGA),2013,1,exports_gdp,2014,persistence,11.6416199095703,0.8424536494066999
ETH-fed(KEN+TZA+UGA),2013,1,exports_gdp,2014,arima,11.6416199095703,0.3066627529467354
ETH-fed(KEN+TZA+UGA),2013,1,exports_gdp,2014,chronos,11.6416199095703,0.8552272431396606
ETH-fed(KEN+TZA+UGA),2013,1,exports_gdp,2014,xgb_blind,11.6416199095703,1.4268758408569457
ETH-fed(KEN+TZA+UGA),2013,1,exports_gdp,2014,xgb_lag,11.6416199095703,0.3066627529467354
ETH-fed(KEN+TZA+UGA),2013,1,exports_gdp,2014,xgb_typed,11.6416199095703,0.3066627529467354
ETH-fed(KEN+TZA+UGA),2013,1,exports_gdp,2014,lgbm_blind,11.6416199095703,4.735566741244918
ETH-fed(KEN+TZA+UGA),2013,1,exports_gdp,2014,lgbm_lag,11.6416199095703,0.3066627529467354
ETH-fed(KEN+TZA+UGA),2013,1,exports_gdp,2014,lgbm_typed,11.6416199095703,0.3066627529467354
ETH-fed(KEN+TZA+UGA),2013,1,exports_gdp,2014,tft,11.6416199095703,0.570935975744641
ETH-fed(KEN+TZA+UGA),2013,1,exports_gdp,2014,tgcn,11.6416199095703,
ETH-fed(KEN+TZA+UGA),2013,1,exports_gdp,2014,persistence_scarcity,11.6416199095703,0.8424536494066999
ETH-fed(KEN+TZA+UGA),2013,1,exports_gdp,2014,chronos_scarcity,11.6416199095703,0.8552272431396606
ETH-fed(KEN+TZA+UGA),2013,1,exports_gdp,2014,gnn_scarcity,11.6416199095703,4.766636621191418
ETH-fed(KEN+TZA+UGA),2013,3,exports_gdp,2016,persistence,7.8120625822914,4.6720109766856
ETH-fed(KEN+TZA+UGA),2013,3,exports_gdp,2016,arima,7.8120625822914,3.8191014998184603
ETH-fed(KEN+TZA+UGA),2013,3,exports_gdp,2016,chronos,7.8120625822914,4.925108590804303
ETH-fed(KEN+TZA+UGA),2013,3,exports_gdp,2016,xgb_blind,7.8120625822914,5.21706453868028
ETH-fed(KEN+TZA+UGA),2013,3,exports_gdp,2016,xgb_lag,7.8120625822914,3.8191014998184603
ETH-fed(KEN+TZA+UGA),2013,3,exports_gdp,2016,xgb_typed,7.8120625822914,3.8191014998184603
ETH-fed(KEN+TZA+UGA),2013,3,exports_gdp,2016,lgbm_blind,7.8120625822914,8.535631996333507
ETH-fed(KEN+TZA+UGA),2013,3,exports_gdp,2016,lgbm_lag,7.8120625822914,3.8191014998184603
ETH-fed(KEN+TZA+UGA),2013,3,exports_gdp,2016,lgbm_typed,7.8120625822914,3.8191014998184603
ETH-fed(KEN+TZA+UGA),2013,3,exports_gdp,2016,tft,7.8120625822914,4.430106797896588
ETH-fed(KEN+TZA+UGA),2013,3,exports_gdp,2016,tgcn,7.8120625822914,
ETH-fed(KEN+TZA+UGA),2013,3,exports_gdp,2016,persistence_scarcity,7.8120625822914,4.6720109766856
ETH-fed(KEN+TZA+UGA),2013,3,exports_gdp,2016,chronos_scarcity,7.8120625822914,4.925108590804303
ETH-fed(KEN+TZA+UGA),2013,3,exports_gdp,2016,gnn_scarcity,7.8120625822914,8.573582330428327
ETH-fed(KEN+TZA+UGA),2013,5,exports_gdp,2018,persistence,8.37267815589761,4.11139540307939
ETH-fed(KEN+TZA+UGA),2013,5,exports_gdp,2018,arima,8.37267815589761,3.2032009701351587
ETH-fed(KEN+TZA+UGA),2013,5,exports_gdp,2018,chronos,8.37267815589761,4.424569730760105
ETH-fed(KEN+TZA+UGA),2013,5,exports_gdp,2018,xgb_blind,8.37267815589761,5.348836545945652
ETH-fed(KEN+TZA+UGA),2013,5,exports_gdp,2018,xgb_lag,8.37267815589761,3.2032009701351587
ETH-fed(KEN+TZA+UGA),2013,5,exports_gdp,2018,xgb_typed,8.37267815589761,3.2032009701351587
ETH-fed(KEN+TZA+UGA),2013,5,exports_gdp,2018,lgbm_blind,8.37267815589761,7.939315493233764
ETH-fed(KEN+TZA+UGA),2013,5,exports_gdp,2018,lgbm_lag,8.37267815589761,3.2032009701351587
ETH-fed(KEN+TZA+UGA),2013,5,exports_gdp,2018,lgbm_typed,8.37267815589761,3.2032009701351587
ETH-fed(KEN+TZA+UGA),2013,5,exports_gdp,2018,tft,8.37267815589761,3.8590380001082494
ETH-fed(KEN+TZA+UGA),2013,5,exports_gdp,2018,tgcn,8.37267815589761,
ETH-fed(KEN+TZA+UGA),2013,5,exports_gdp,2018,persistence_scarcity,8.37267815589761,4.11139540307939
ETH-fed(KEN+TZA+UGA),2013,5,exports_gdp,2018,chronos_scarcity,8.37267815589761,4.424569730760105
ETH-fed(KEN+TZA+UGA),2013,5,exports_gdp,2018,gnn_scarcity,8.37267815589761,6.155297880174167
ETH-fed(KEN+TZA+UGA),2013,1,imports_gdp,2014,persistence,29.0994642402923,0.11175071850679785
ETH-fed(KEN+TZA+UGA),2013,1,imports_gdp,2014,arima,29.0994642402923,1.300135088968723
ETH-fed(KEN+TZA+UGA),2013,1,imports_gdp,2014,chronos,29.0994642402923,0.053869071224916354
ETH-fed(KEN+TZA+UGA),2013,1,imports_gdp,2014,xgb_blind,29.0994642402923,0.1657583091461774
ETH-fed(KEN+TZA+UGA),2013,1,imports_gdp,2014,xgb_lag,29.0994642402923,1.300135088968723
ETH-fed(KEN+TZA+UGA),2013,1,imports_gdp,2014,xgb_typed,29.0994642402923,1.300135088968723
ETH-fed(KEN+TZA+UGA),2013,1,imports_gdp,2014,lgbm_blind,29.0994642402923,2.339058844928701
ETH-fed(KEN+TZA+UGA),2013,1,imports_gdp,2014,lgbm_lag,29.0994642402923,1.300135088968723
ETH-fed(KEN+TZA+UGA),2013,1,imports_gdp,2014,lgbm_typed,29.0994642402923,1.300135088968723
ETH-fed(KEN+TZA+UGA),2013,1,imports_gdp,2014,tft,29.0994642402923,0.9763566825592633
ETH-fed(KEN+TZA+UGA),2013,1,imports_gdp,2014,tgcn,29.0994642402923,
ETH-fed(KEN+TZA+UGA),2013,1,imports_gdp,2014,persistence_scarcity,29.0994642402923,0.11175071850679785
ETH-fed(KEN+TZA+UGA),2013,1,imports_gdp,2014,chronos_scarcity,29.0994642402923,0.053869071224916354
ETH-fed(KEN+TZA+UGA),2013,1,imports_gdp,2014,gnn_scarcity,29.0994642402923,2.35283297040106
ETH-fed(KEN+TZA+UGA),2013,3,imports_gdp,2016,persistence,27.0869584993198,1.9007550224657024
ETH-fed(KEN+TZA+UGA),2013,3,imports_gdp,2016,arima,27.0869584993198,2.9613227007560816
ETH-fed(KEN+TZA+UGA),2013,3,imports_gdp,2016,chronos,27.0869584993198,1.9586366697475839
ETH-fed(KEN+TZA+UGA),2013,3,imports_gdp,2016,xgb_blind,27.0869584993198,2.2443231626675058
ETH-fed(KEN+TZA+UGA),2013,3,imports_gdp,2016,xgb_lag,27.0869584993198,2.9613227007560816
ETH-fed(KEN+TZA+UGA),2013,3,imports_gdp,2016,xgb_typed,27.0869584993198,2.9613227007560816
ETH-fed(KEN+TZA+UGA),2013,3,imports_gdp,2016,lgbm_blind,27.0869584993198,4.341320923258557
ETH-fed(KEN+TZA+UGA),2013,3,imports_gdp,2016,lgbm_lag,27.0869584993198,2.9613227007560816
ETH-fed(KEN+TZA+UGA),2013,3,imports_gdp,2016,lgbm_typed,27.0869584993198,2.9613227007560816
ETH-fed(KEN+TZA+UGA),2013,3,imports_gdp,2016,tft,27.0869584993198,3.0317205473110604
ETH-fed(KEN+TZA+UGA),2013,3,imports_gdp,2016,tgcn,27.0869584993198,
ETH-fed(KEN+TZA+UGA),2013,3,imports_gdp,2016,persistence_scarcity,27.0869584993198,1.9007550224657024
ETH-fed(KEN+TZA+UGA),2013,3,imports_gdp,2016,chronos_scarcity,27.0869584993198,1.9586366697475839
ETH-fed(KEN+TZA+UGA),2013,3,imports_gdp,2016,gnn_scarcity,27.0869584993198,4.353772549264185
ETH-fed(KEN+TZA+UGA),2013,5,imports_gdp,2018,persistence,22.8266908218905,6.161022699895
ETH-fed(KEN+TZA+UGA),2013,5,imports_gdp,2018,arima,22.8266908218905,7.121327371993839
ETH-fed(KEN+TZA+UGA),2013,5,imports_gdp,2018,chronos,22.8266908218905,6.218904347176881
ETH-fed(KEN+TZA+UGA),2013,5,imports_gdp,2018,xgb_blind,22.8266908218905,8.778966755624147
ETH-fed(KEN+TZA+UGA),2013,5,imports_gdp,2018,xgb_lag,22.8266908218905,7.121327371993839
ETH-fed(KEN+TZA+UGA),2013,5,imports_gdp,2018,xgb_typed,22.8266908218905,7.121327371993839
ETH-fed(KEN+TZA+UGA),2013,5,imports_gdp,2018,lgbm_blind,22.8266908218905,8.589188377488867
ETH-fed(KEN+TZA+UGA),2013,5,imports_gdp,2018,lgbm_lag,22.8266908218905,7.121327371993839
ETH-fed(KEN+TZA+UGA),2013,5,imports_gdp,2018,lgbm_typed,22.8266908218905,7.121327371993839
ETH-fed(KEN+TZA+UGA),2013,5,imports_gdp,2018,tft,22.8266908218905,7.307187885995241
ETH-fed(KEN+TZA+UGA),2013,5,imports_gdp,2018,tgcn,22.8266908218905,
ETH-fed(KEN+TZA+UGA),2013,5,imports_gdp,2018,persistence_scarcity,22.8266908218905,6.161022699895
ETH-fed(KEN+TZA+UGA),2013,5,imports_gdp,2018,chronos_scarcity,22.8266908218905,6.218904347176881
ETH-fed(KEN+TZA+UGA),2013,5,imports_gdp,2018,gnn_scarcity,22.8266908218905,7.6639193007901625
ETH-fed(KEN+TZA+UGA),2013,1,current_account,2014,persistence,-10.3781721184147,4.011908126718169
ETH-fed(KEN+TZA+UGA),2013,1,current_account,2014,arima,-10.3781721184147,3.8984683349632627
ETH-fed(KEN+TZA+UGA),2013,1,current_account,2014,chronos,-10.3781721184147,6.347437579382717
ETH-fed(KEN+TZA+UGA),2013,1,current_account,2014,xgb_blind,-10.3781721184147,6.5900437424076195
ETH-fed(KEN+TZA+UGA),2013,1,current_account,2014,xgb_lag,-10.3781721184147,3.8984683349632627
ETH-fed(KEN+TZA+UGA),2013,1,current_account,2014,xgb_typed,-10.3781721184147,3.8984683349632627
ETH-fed(KEN+TZA+UGA),2013,1,current_account,2014,lgbm_blind,-10.3781721184147,6.752595241339007
ETH-fed(KEN+TZA+UGA),2013,1,current_account,2014,lgbm_lag,-10.3781721184147,3.8984683349632627
ETH-fed(KEN+TZA+UGA),2013,1,current_account,2014,lgbm_typed,-10.3781721184147,3.8984683349632627
ETH-fed(KEN+TZA+UGA),2013,1,current_account,2014,tft,-10.3781721184147,4.044264037360012
ETH-fed(KEN+TZA+UGA),2013,1,current_account,2014,tgcn,-10.3781721184147,
ETH-fed(KEN+TZA+UGA),2013,1,current_account,2014,persistence_scarcity,-10.3781721184147,4.011908126718169
ETH-fed(KEN+TZA+UGA),2013,1,current_account,2014,chronos_scarcity,-10.3781721184147,6.347437579382717
ETH-fed(KEN+TZA+UGA),2013,1,current_account,2014,gnn_scarcity,-10.3781721184147,6.8736235687626
ETH-fed(KEN+TZA+UGA),2013,3,current_account,2016,persistence,-11.5449209376397,5.17865694594317
ETH-fed(KEN+TZA+UGA),2013,3,current_account,2016,arima,-11.5449209376397,5.079933409475102
ETH-fed(KEN+TZA+UGA),2013,3,current_account,2016,chronos,-11.5449209376397,8.27443172178887
ETH-fed(KEN+TZA+UGA),2013,3,current_account,2016,xgb_blind,-11.5449209376397,3.8942723437371125
ETH-fed(KEN+TZA+UGA),2013,3,current_account,2016,xgb_lag,-11.5449209376397,5.079933409475102
ETH-fed(KEN+TZA+UGA),2013,3,current_account,2016,xgb_typed,-11.5449209376397,5.079933409475102
ETH-fed(KEN+TZA+UGA),2013,3,current_account,2016,lgbm_blind,-11.5449209376397,7.591586878605625
ETH-fed(KEN+TZA+UGA),2013,3,current_account,2016,lgbm_lag,-11.5449209376397,5.079933409475102
ETH-fed(KEN+TZA+UGA),2013,3,current_account,2016,lgbm_typed,-11.5449209376397,5.079933409475102
ETH-fed(KEN+TZA+UGA),2013,3,current_account,2016,tft,-11.5449209376397,5.202548520189749
ETH-fed(KEN+TZA+UGA),2013,3,current_account,2016,tgcn,-11.5449209376397,
ETH-fed(KEN+TZA+UGA),2013,3,current_account,2016,persistence_scarcity,-11.5449209376397,5.17865694594317
ETH-fed(KEN+TZA+UGA),2013,3,current_account,2016,chronos_scarcity,-11.5449209376397,8.27443172178887
ETH-fed(KEN+TZA+UGA),2013,3,current_account,2016,gnn_scarcity,-11.5449209376397,7.955659167391287
ETH-fed(KEN+TZA+UGA),2013,5,current_account,2018,persistence,-5.53324917435327,0.8330148173432601
ETH-fed(KEN+TZA+UGA),2013,5,current_account,2018,arima,-5.53324917435327,0.93139297476338
ETH-fed(KEN+TZA+UGA),2013,5,current_account,2018,chronos,-5.53324917435327,3.1521025049654527
ETH-fed(KEN+TZA+UGA),2013,5,current_account,2018,xgb_blind,-5.53324917435327,1.880907331701903
ETH-fed(KEN+TZA+UGA),2013,5,current_account,2018,xgb_lag,-5.53324917435327,0.93139297476338
ETH-fed(KEN+TZA+UGA),2013,5,current_account,2018,xgb_typed,-5.53324917435327,0.93139297476338
ETH-fed(KEN+TZA+UGA),2013,5,current_account,2018,lgbm_blind,-5.53324917435327,1.099888513022294
ETH-fed(KEN+TZA+UGA),2013,5,current_account,2018,lgbm_lag,-5.53324917435327,0.93139297476338
ETH-fed(KEN+TZA+UGA),2013,5,current_account,2018,lgbm_typed,-5.53324917435327,0.93139297476338
ETH-fed(KEN+TZA+UGA),2013,5,current_account,2018,tft,-5.53324917435327,0.8071620118649916
ETH-fed(KEN+TZA+UGA),2013,5,current_account,2018,tgcn,-5.53324917435327,
ETH-fed(KEN+TZA+UGA),2013,5,current_account,2018,persistence_scarcity,-5.53324917435327,0.8330148173432601
ETH-fed(KEN+TZA+UGA),2013,5,current_account,2018,chronos_scarcity,-5.53324917435327,3.1521025049654527
ETH-fed(KEN+TZA+UGA),2013,5,current_account,2018,gnn_scarcity,-5.53324917435327,5.01595565200171
ETH-fed(KEN+TZA+UGA),2013,1,real_interest_rate,2014,persistence,-17.1217762401546,0.0
ETH-fed(KEN+TZA+UGA),2013,1,real_interest_rate,2014,arima,-17.1217762401546,0.0
ETH-fed(KEN+TZA+UGA),2013,1,real_interest_rate,2014,chronos,-17.1217762401546,0.060165064617489605
ETH-fed(KEN+TZA+UGA),2013,1,real_interest_rate,2014,xgb_blind,-17.1217762401546,0.19955982474932554
ETH-fed(KEN+TZA+UGA),2013,1,real_interest_rate,2014,xgb_lag,-17.1217762401546,0.0
ETH-fed(KEN+TZA+UGA),2013,1,real_interest_rate,2014,xgb_typed,-17.1217762401546,0.0
ETH-fed(KEN+TZA+UGA),2013,1,real_interest_rate,2014,lgbm_blind,-17.1217762401546,15.092923243535747
ETH-fed(KEN+TZA+UGA),2013,1,real_interest_rate,2014,lgbm_lag,-17.1217762401546,0.0
ETH-fed(KEN+TZA+UGA),2013,1,real_interest_rate,2014,lgbm_typed,-17.1217762401546,0.0
ETH-fed(KEN+TZA+UGA),2013,1,real_interest_rate,2014,tft,-17.1217762401546,0.05437053947100523
ETH-fed(KEN+TZA+UGA),2013,1,real_interest_rate,2014,tgcn,-17.1217762401546,
ETH-fed(KEN+TZA+UGA),2013,1,real_interest_rate,2014,persistence_scarcity,-17.1217762401546,0.0
ETH-fed(KEN+TZA+UGA),2013,1,real_interest_rate,2014,chronos_scarcity,-17.1217762401546,0.060165064617489605
ETH-fed(KEN+TZA+UGA),2013,1,real_interest_rate,2014,gnn_scarcity,-17.1217762401546,15.492448108478879
ETH-fed(KEN+TZA+UGA),2013,3,real_interest_rate,2016,persistence,-17.1217762401546,0.0
ETH-fed(KEN+TZA+UGA),2013,3,real_interest_rate,2016,arima,-17.1217762401546,0.0
ETH-fed(KEN+TZA+UGA),2013,3,real_interest_rate,2016,chronos,-17.1217762401546,0.1686092784846771
ETH-fed(KEN+TZA+UGA),2013,3,real_interest_rate,2016,xgb_blind,-17.1217762401546,0.29729618339190367
ETH-fed(KEN+TZA+UGA),2013,3,real_interest_rate,2016,xgb_lag,-17.1217762401546,0.0
ETH-fed(KEN+TZA+UGA),2013,3,real_interest_rate,2016,xgb_typed,-17.1217762401546,0.0
ETH-fed(KEN+TZA+UGA),2013,3,real_interest_rate,2016,lgbm_blind,-17.1217762401546,15.733366177137617
ETH-fed(KEN+TZA+UGA),2013,3,real_interest_rate,2016,lgbm_lag,-17.1217762401546,0.0
ETH-fed(KEN+TZA+UGA),2013,3,real_interest_rate,2016,lgbm_typed,-17.1217762401546,0.0
ETH-fed(KEN+TZA+UGA),2013,3,real_interest_rate,2016,tft,-17.1217762401546,0.03857197074541929
ETH-fed(KEN+TZA+UGA),2013,3,real_interest_rate,2016,tgcn,-17.1217762401546,
ETH-fed(KEN+TZA+UGA),2013,3,real_interest_rate,2016,persistence_scarcity,-17.1217762401546,0.0
ETH-fed(KEN+TZA+UGA),2013,3,real_interest_rate,2016,chronos_scarcity,-17.1217762401546,0.1686092784846771
ETH-fed(KEN+TZA+UGA),2013,3,real_interest_rate,2016,gnn_scarcity,-17.1217762401546,15.237379567905759
ETH-fed(KEN+TZA+UGA),2013,5,real_interest_rate,2018,persistence,-17.1217762401546,0.0
ETH-fed(KEN+TZA+UGA),2013,5,real_interest_rate,2018,arima,-17.1217762401546,0.0
ETH-fed(KEN+TZA+UGA),2013,5,real_interest_rate,2018,chronos,-17.1217762401546,0.277049677654599
ETH-fed(KEN+TZA+UGA),2013,5,real_interest_rate,2018,xgb_blind,-17.1217762401546,1.0034653118098724
ETH-fed(KEN+TZA+UGA),2013,5,real_interest_rate,2018,xgb_lag,-17.1217762401546,0.0
ETH-fed(KEN+TZA+UGA),2013,5,real_interest_rate,2018,xgb_typed,-17.1217762401546,0.0
ETH-fed(KEN+TZA+UGA),2013,5,real_interest_rate,2018,lgbm_blind,-17.1217762401546,14.97526122209301
ETH-fed(KEN+TZA+UGA),2013,5,real_interest_rate,2018,lgbm_lag,-17.1217762401546,0.0
ETH-fed(KEN+TZA+UGA),2013,5,real_interest_rate,2018,lgbm_typed,-17.1217762401546,0.0
ETH-fed(KEN+TZA+UGA),2013,5,real_interest_rate,2018,tft,-17.1217762401546,0.03807987479815367
ETH-fed(KEN+TZA+UGA),2013,5,real_interest_rate,2018,tgcn,-17.1217762401546,
ETH-fed(KEN+TZA+UGA),2013,5,real_interest_rate,2018,persistence_scarcity,-17.1217762401546,0.0
ETH-fed(KEN+TZA+UGA),2013,5,real_interest_rate,2018,chronos_scarcity,-17.1217762401546,0.277049677654599
ETH-fed(KEN+TZA+UGA),2013,5,real_interest_rate,2018,gnn_scarcity,-17.1217762401546,5.718767506793643
ETH-fed(KEN+TZA+UGA),2013,1,broad_money,2014,persistence,33.9671207502096,0.0
ETH-fed(KEN+TZA+UGA),2013,1,broad_money,2014,arima,33.9671207502096,0.0
ETH-fed(KEN+TZA+UGA),2013,1,broad_money,2014,chronos,33.9671207502096,0.07337226126500695
ETH-fed(KEN+TZA+UGA),2013,1,broad_money,2014,xgb_blind,33.9671207502096,0.08393515799352258
ETH-fed(KEN+TZA+UGA),2013,1,broad_money,2014,xgb_lag,33.9671207502096,0.0
ETH-fed(KEN+TZA+UGA),2013,1,broad_money,2014,xgb_typed,33.9671207502096,0.0
ETH-fed(KEN+TZA+UGA),2013,1,broad_money,2014,lgbm_blind,33.9671207502096,1.255652179769804
ETH-fed(KEN+TZA+UGA),2013,1,broad_money,2014,lgbm_lag,33.9671207502096,0.0
ETH-fed(KEN+TZA+UGA),2013,1,broad_money,2014,lgbm_typed,33.9671207502096,0.0
ETH-fed(KEN+TZA+UGA),2013,1,broad_money,2014,tft,33.9671207502096,0.05437125418492883
ETH-fed(KEN+TZA+UGA),2013,1,broad_money,2014,tgcn,33.9671207502096,
ETH-fed(KEN+TZA+UGA),2013,1,broad_money,2014,persistence_scarcity,33.9671207502096,0.0
ETH-fed(KEN+TZA+UGA),2013,1,broad_money,2014,chronos_scarcity,33.9671207502096,0.07337226126500695
ETH-fed(KEN+TZA+UGA),2013,1,broad_money,2014,gnn_scarcity,33.9671207502096,1.0445751116068038
ETH-fed(KEN+TZA+UGA),2013,3,broad_money,2016,persistence,33.9671207502096,0.0
ETH-fed(KEN+TZA+UGA),2013,3,broad_money,2016,arima,33.9671207502096,0.0
ETH-fed(KEN+TZA+UGA),2013,3,broad_money,2016,chronos,33.9671207502096,0.07337226126500695
ETH-fed(KEN+TZA+UGA),2013,3,broad_money,2016,xgb_blind,33.9671207502096,1.3753780290872726
ETH-fed(KEN+TZA+UGA),2013,3,broad_money,2016,xgb_lag,33.9671207502096,0.0
ETH-fed(KEN+TZA+UGA),2013,3,broad_money,2016,xgb_typed,33.9671207502096,0.0
ETH-fed(KEN+TZA+UGA),2013,3,broad_money,2016,lgbm_blind,33.9671207502096,1.7139909034362333
ETH-fed(KEN+TZA+UGA),2013,3,broad_money,2016,lgbm_lag,33.9671207502096,0.0
ETH-fed(KEN+TZA+UGA),2013,3,broad_money,2016,lgbm_typed,33.9671207502096,0.0
ETH-fed(KEN+TZA+UGA),2013,3,broad_money,2016,tft,33.9671207502096,0.038574592807975705
ETH-fed(KEN+TZA+UGA),2013,3,broad_money,2016,tgcn,33.9671207502096,
ETH-fed(KEN+TZA+UGA),2013,3,broad_money,2016,persistence_scarcity,33.9671207502096,0.0
ETH-fed(KEN+TZA+UGA),2013,3,broad_money,2016,chronos_scarcity,33.9671207502096,0.07337226126500695
ETH-fed(KEN+TZA+UGA),2013,3,broad_money,2016,gnn_scarcity,33.9671207502096,0.918861763218132
ETH-fed(KEN+TZA+UGA),2013,5,broad_money,2018,persistence,33.9671207502096,0.0
ETH-fed(KEN+TZA+UGA),2013,5,broad_money,2018,arima,33.9671207502096,0.0
ETH-fed(KEN+TZA+UGA),2013,5,broad_money,2018,chronos,33.9671207502096,0.07337226126500695
ETH-fed(KEN+TZA+UGA),2013,5,broad_money,2018,xgb_blind,33.9671207502096,0.33678780343225867
ETH-fed(KEN+TZA+UGA),2013,5,broad_money,2018,xgb_lag,33.9671207502096,0.0
ETH-fed(KEN+TZA+UGA),2013,5,broad_money,2018,xgb_typed,33.9671207502096,0.0
ETH-fed(KEN+TZA+UGA),2013,5,broad_money,2018,lgbm_blind,33.9671207502096,2.409702976243679
ETH-fed(KEN+TZA+UGA),2013,5,broad_money,2018,lgbm_lag,33.9671207502096,0.0
ETH-fed(KEN+TZA+UGA),2013,5,broad_money,2018,lgbm_typed,33.9671207502096,0.0
ETH-fed(KEN+TZA+UGA),2013,5,broad_money,2018,tft,33.9671207502096,0.03808249686071008
ETH-fed(KEN+TZA+UGA),2013,5,broad_money,2018,tgcn,33.9671207502096,
ETH-fed(KEN+TZA+UGA),2013,5,broad_money,2018,persistence_scarcity,33.9671207502096,0.0
ETH-fed(KEN+TZA+UGA),2013,5,broad_money,2018,chronos_scarcity,33.9671207502096,0.07337226126500695
ETH-fed(KEN+TZA+UGA),2013,5,broad_money,2018,gnn_scarcity,33.9671207502096,9.409450156947884
ETH-fed(KEN+TZA+UGA),2013,1,private_credit,2014,persistence,17.7101483486321,0.0
ETH-fed(KEN+TZA+UGA),2013,1,private_credit,2014,arima,17.7101483486321,0.0
ETH-fed(KEN+TZA+UGA),2013,1,private_credit,2014,chronos,17.7101483486321,0.020470156493427538
ETH-fed(KEN+TZA+UGA),2013,1,private_credit,2014,xgb_blind,17.7101483486321,0.13061855810618184
ETH-fed(KEN+TZA+UGA),2013,1,private_credit,2014,xgb_lag,17.7101483486321,0.0
ETH-fed(KEN+TZA+UGA),2013,1,private_credit,2014,xgb_typed,17.7101483486321,0.0
ETH-fed(KEN+TZA+UGA),2013,1,private_credit,2014,lgbm_blind,17.7101483486321,3.3089366359607357
ETH-fed(KEN+TZA+UGA),2013,1,private_credit,2014,lgbm_lag,17.7101483486321,0.0
ETH-fed(KEN+TZA+UGA),2013,1,private_credit,2014,lgbm_typed,17.7101483486321,0.0
ETH-fed(KEN+TZA+UGA),2013,1,private_credit,2014,tft,17.7101483486321,0.05437038916086934
ETH-fed(KEN+TZA+UGA),2013,1,private_credit,2014,tgcn,17.7101483486321,
ETH-fed(KEN+TZA+UGA),2013,1,private_credit,2014,persistence_scarcity,17.7101483486321,0.0
ETH-fed(KEN+TZA+UGA),2013,1,private_credit,2014,chronos_scarcity,17.7101483486321,0.020470156493427538
ETH-fed(KEN+TZA+UGA),2013,1,private_credit,2014,gnn_scarcity,17.7101483486321,3.728788866820576
ETH-fed(KEN+TZA+UGA),2013,3,private_credit,2016,persistence,17.7101483486321,0.0
ETH-fed(KEN+TZA+UGA),2013,3,private_credit,2016,arima,17.7101483486321,0.0
ETH-fed(KEN+TZA+UGA),2013,3,private_credit,2016,chronos,17.7101483486321,0.020470156493427538
ETH-fed(KEN+TZA+UGA),2013,3,private_credit,2016,xgb_blind,17.7101483486321,0.8203825809333303
ETH-fed(KEN+TZA+UGA),2013,3,private_credit,2016,xgb_lag,17.7101483486321,0.0
ETH-fed(KEN+TZA+UGA),2013,3,private_credit,2016,xgb_typed,17.7101483486321,0.0
ETH-fed(KEN+TZA+UGA),2013,3,private_credit,2016,lgbm_blind,17.7101483486321,2.1045380234091766
ETH-fed(KEN+TZA+UGA),2013,3,private_credit,2016,lgbm_lag,17.7101483486321,0.0
ETH-fed(KEN+TZA+UGA),2013,3,private_credit,2016,lgbm_typed,17.7101483486321,0.0
ETH-fed(KEN+TZA+UGA),2013,3,private_credit,2016,tft,17.7101483486321,0.0385718204352834
ETH-fed(KEN+TZA+UGA),2013,3,private_credit,2016,tgcn,17.7101483486321,
ETH-fed(KEN+TZA+UGA),2013,3,private_credit,2016,persistence_scarcity,17.7101483486321,0.0
ETH-fed(KEN+TZA+UGA),2013,3,private_credit,2016,chronos_scarcity,17.7101483486321,0.020470156493427538
ETH-fed(KEN+TZA+UGA),2013,3,private_credit,2016,gnn_scarcity,17.7101483486321,3.871045603575947
ETH-fed(KEN+TZA+UGA),2013,5,private_credit,2018,persistence,17.7101483486321,0.0
ETH-fed(KEN+TZA+UGA),2013,5,private_credit,2018,arima,17.7101483486321,0.0
ETH-fed(KEN+TZA+UGA),2013,5,private_credit,2018,chronos,17.7101483486321,0.020470156493427538
ETH-fed(KEN+TZA+UGA),2013,5,private_credit,2018,xgb_blind,17.7101483486321,0.20093487280344746
ETH-fed(KEN+TZA+UGA),2013,5,private_credit,2018,xgb_lag,17.7101483486321,0.0
ETH-fed(KEN+TZA+UGA),2013,5,private_credit,2018,xgb_typed,17.7101483486321,0.0
ETH-fed(KEN+TZA+UGA),2013,5,private_credit,2018,lgbm_blind,17.7101483486321,0.900369808874121
ETH-fed(KEN+TZA+UGA),2013,5,private_credit,2018,lgbm_lag,17.7101483486321,0.0
ETH-fed(KEN+TZA+UGA),2013,5,private_credit,2018,lgbm_typed,17.7101483486321,0.0
ETH-fed(KEN+TZA+UGA),2013,5,private_credit,2018,tft,17.7101483486321,0.038079724488017774
ETH-fed(KEN+TZA+UGA),2013,5,private_credit,2018,tgcn,17.7101483486321,
ETH-fed(KEN+TZA+UGA),2013,5,private_credit,2018,persistence_scarcity,17.7101483486321,0.0
ETH-fed(KEN+TZA+UGA),2013,5,private_credit,2018,chronos_scarcity,17.7101483486321,0.020470156493427538
ETH-fed(KEN+TZA+UGA),2013,5,private_credit,2018,gnn_scarcity,17.7101483486321,15.558688654723408
ETH-fed(KEN+TZA+UGA),2013,1,govt_consumption,2014,persistence,9.24959184376664,0.2941181654318399
ETH-fed(KEN+TZA+UGA),2013,1,govt_consumption,2014,arima,9.24959184376664,0.4960940264970155
ETH-fed(KEN+TZA+UGA),2013,1,govt_consumption,2014,chronos,9.24959184376664,0.29581166951126825
ETH-fed(KEN+TZA+UGA),2013,1,govt_consumption,2014,xgb_blind,9.24959184376664,0.8420562907881237
ETH-fed(KEN+TZA+UGA),2013,1,govt_consumption,2014,xgb_lag,9.24959184376664,0.4960940264970155
ETH-fed(KEN+TZA+UGA),2013,1,govt_consumption,2014,xgb_typed,9.24959184376664,0.4960940264970155
ETH-fed(KEN+TZA+UGA),2013,1,govt_consumption,2014,lgbm_blind,9.24959184376664,0.9217484351905618
ETH-fed(KEN+TZA+UGA),2013,1,govt_consumption,2014,lgbm_lag,9.24959184376664,0.4960940264970155
ETH-fed(KEN+TZA+UGA),2013,1,govt_consumption,2014,lgbm_typed,9.24959184376664,0.4960940264970155
ETH-fed(KEN+TZA+UGA),2013,1,govt_consumption,2014,tft,9.24959184376664,0.2714233562178112
ETH-fed(KEN+TZA+UGA),2013,1,govt_consumption,2014,tgcn,9.24959184376664,
ETH-fed(KEN+TZA+UGA),2013,1,govt_consumption,2014,persistence_scarcity,9.24959184376664,0.2941181654318399
ETH-fed(KEN+TZA+UGA),2013,1,govt_consumption,2014,chronos_scarcity,9.24959184376664,0.29581166951126825
ETH-fed(KEN+TZA+UGA),2013,1,govt_consumption,2014,gnn_scarcity,9.24959184376664,0.9365110233598255
ETH-fed(KEN+TZA+UGA),2013,3,govt_consumption,2016,persistence,11.0526402184145,2.0971665400796997
ETH-fed(KEN+TZA+UGA),2013,3,govt_consumption,2016,arima,11.0526402184145,2.2560036363220544
ETH-fed(KEN+TZA+UGA),2013,3,govt_consumption,2016,chronos,11.0526402184145,2.098860044159128
ETH-fed(KEN+TZA+UGA),2013,3,govt_consumption,2016,xgb_blind,11.0526402184145,2.5918867775575656
ETH-fed(KEN+TZA+UGA),2013,3,govt_consumption,2016,xgb_lag,11.0526402184145,2.2560036363220544
ETH-fed(KEN+TZA+UGA),2013,3,govt_consumption,2016,xgb_typed,11.0526402184145,2.2560036363220544
ETH-fed(KEN+TZA+UGA),2013,3,govt_consumption,2016,lgbm_blind,11.0526402184145,0.8952909498191222
ETH-fed(KEN+TZA+UGA),2013,3,govt_consumption,2016,lgbm_lag,11.0526402184145,2.2560036363220544
ETH-fed(KEN+TZA+UGA),2013,3,govt_consumption,2016,lgbm_typed,11.0526402184145,2.2560036363220544
ETH-fed(KEN+TZA+UGA),2013,3,govt_consumption,2016,tft,11.0526402184145,2.078744191803171
ETH-fed(KEN+TZA+UGA),2013,3,govt_consumption,2016,tgcn,11.0526402184145,
ETH-fed(KEN+TZA+UGA),2013,3,govt_consumption,2016,persistence_scarcity,11.0526402184145,2.0971665400796997
ETH-fed(KEN+TZA+UGA),2013,3,govt_consumption,2016,chronos_scarcity,11.0526402184145,2.098860044159128
ETH-fed(KEN+TZA+UGA),2013,3,govt_consumption,2016,gnn_scarcity,11.0526402184145,0.8772919365541476
ETH-fed(KEN+TZA+UGA),2013,5,govt_consumption,2018,persistence,10.2500179989793,1.2945443206445013
ETH-fed(KEN+TZA+UGA),2013,5,govt_consumption,2018,arima,10.2500179989793,1.4492579612962757
ETH-fed(KEN+TZA+UGA),2013,5,govt_consumption,2018,chronos,10.2500179989793,1.221623299882621
ETH-fed(KEN+TZA+UGA),2013,5,govt_consumption,2018,xgb_blind,10.2500179989793,1.2227390988328164
ETH-fed(KEN+TZA+UGA),2013,5,govt_consumption,2018,xgb_lag,10.2500179989793,1.4492579612962757
ETH-fed(KEN+TZA+UGA),2013,5,govt_consumption,2018,xgb_typed,10.2500179989793,1.4492579612962757
ETH-fed(KEN+TZA+UGA),2013,5,govt_consumption,2018,lgbm_blind,10.2500179989793,0.10960521661139389
ETH-fed(KEN+TZA+UGA),2013,5,govt_consumption,2018,lgbm_lag,10.2500179989793,1.4492579612962757
ETH-fed(KEN+TZA+UGA),2013,5,govt_consumption,2018,lgbm_typed,10.2500179989793,1.4492579612962757
ETH-fed(KEN+TZA+UGA),2013,5,govt_consumption,2018,tft,10.2500179989793,1.27321421937725
ETH-fed(KEN+TZA+UGA),2013,5,govt_consumption,2018,tgcn,10.2500179989793,
ETH-fed(KEN+TZA+UGA),2013,5,govt_consumption,2018,persistence_scarcity,10.2500179989793,1.2945443206445013
ETH-fed(KEN+TZA+UGA),2013,5,govt_consumption,2018,chronos_scarcity,10.2500179989793,1.221623299882621
ETH-fed(KEN+TZA+UGA),2013,5,govt_consumption,2018,gnn_scarcity,10.2500179989793,0.9582279904343789
ETH-fed(KEN+TZA+UGA),2014,1,gdp_growth,2015,persistence,10.3924630141307,0.1349700513830001
ETH-fed(KEN+TZA+UGA),2014,1,gdp_growth,2015,arima,10.3924630141307,0.03504472462831565
ETH-fed(KEN+TZA+UGA),2014,1,gdp_growth,2015,chronos,10.3924630141307,0.002501204008948932
ETH-fed(KEN+TZA+UGA),2014,1,gdp_growth,2015,xgb_blind,10.3924630141307,0.4218981719065784
ETH-fed(KEN+TZA+UGA),2014,1,gdp_growth,2015,xgb_lag,10.3924630141307,0.03504472462831565
ETH-fed(KEN+TZA+UGA),2014,1,gdp_growth,2015,xgb_typed,10.3924630141307,0.03504472462831565
ETH-fed(KEN+TZA+UGA),2014,1,gdp_growth,2015,lgbm_blind,10.3924630141307,3.8036266024956182
ETH-fed(KEN+TZA+UGA),2014,1,gdp_growth,2015,lgbm_lag,10.3924630141307,0.03504472462831565
ETH-fed(KEN+TZA+UGA),2014,1,gdp_growth,2015,lgbm_typed,10.3924630141307,0.03504472462831565
ETH-fed(KEN+TZA+UGA),2014,1,gdp_growth,2015,tft,10.3924630141307,0.12682943106185185
ETH-fed(KEN+TZA+UGA),2014,1,gdp_growth,2015,tgcn,10.3924630141307,
ETH-fed(KEN+TZA+UGA),2014,1,gdp_growth,2015,persistence_scarcity,10.3924630141307,0.1349700513830001
ETH-fed(KEN+TZA+UGA),2014,1,gdp_growth,2015,chronos_scarcity,10.3924630141307,0.002501204008948932
ETH-fed(KEN+TZA+UGA),2014,1,gdp_growth,2015,gnn_scarcity,10.3924630141307,3.8910186743785022
ETH-fed(KEN+TZA+UGA),2014,3,gdp_growth,2017,persistence,9.56418965754014,0.693303305207559
ETH-fed(KEN+TZA+UGA),2014,3,gdp_growth,2017,arima,9.56418965754014,0.7719434836253836
ETH-fed(KEN+TZA+UGA),2014,3,gdp_growth,2017,chronos,9.56418965754014,0.6515553146888635
ETH-fed(KEN+TZA+UGA),2014,3,gdp_growth,2017,xgb_blind,9.56418965754014,0.2382809966514685
ETH-fed(KEN+TZA+UGA),2014,3,gdp_growth,2017,xgb_lag,9.56418965754014,0.7719434836253836
ETH-fed(KEN+TZA+UGA),2014,3,gdp_growth,2017,xgb_typed,9.56418965754014,0.7719434836253836
ETH-fed(KEN+TZA+UGA),2014,3,gdp_growth,2017,lgbm_blind,9.56418965754014,1.6577335555157156
ETH-fed(KEN+TZA+UGA),2014,3,gdp_growth,2017,lgbm_lag,9.56418965754014,0.7719434836253836
ETH-fed(KEN+TZA+UGA),2014,3,gdp_growth,2017,lgbm_typed,9.56418965754014,0.7719434836253836
ETH-fed(KEN+TZA+UGA),2014,3,gdp_growth,2017,tft,9.56418965754014,0.7004377991248987
ETH-fed(KEN+TZA+UGA),2014,3,gdp_growth,2017,tgcn,9.56418965754014,
ETH-fed(KEN+TZA+UGA),2014,3,gdp_growth,2017,persistence_scarcity,9.56418965754014,0.693303305207559
ETH-fed(KEN+TZA+UGA),2014,3,gdp_growth,2017,chronos_scarcity,9.56418965754014,0.6515553146888635
ETH-fed(KEN+TZA+UGA),2014,3,gdp_growth,2017,gnn_scarcity,9.56418965754014,3.264419302315531
ETH-fed(KEN+TZA+UGA),2014,5,gdp_growth,2019,persistence,8.36408573314054,1.8934072296071598
ETH-fed(KEN+TZA+UGA),2014,5,gdp_growth,2019,arima,8.36408573314054,1.9700324914497038
ETH-fed(KEN+TZA+UGA),2014,5,gdp_growth,2019,chronos,8.36408573314054,1.7023043043960815
ETH-fed(KEN+TZA+UGA),2014,5,gdp_growth,2019,xgb_blind,8.36408573314054,2.2175554640640502
ETH-fed(KEN+TZA+UGA),2014,5,gdp_growth,2019,xgb_lag,8.36408573314054,1.9700324914497038
ETH-fed(KEN+TZA+UGA),2014,5,gdp_growth,2019,xgb_typed,8.36408573314054,1.9700324914497038
ETH-fed(KEN+TZA+UGA),2014,5,gdp_growth,2019,lgbm_blind,8.36408573314054,0.4836239330421206
ETH-fed(KEN+TZA+UGA),2014,5,gdp_growth,2019,lgbm_lag,8.36408573314054,1.9700324914497038
ETH-fed(KEN+TZA+UGA),2014,5,gdp_growth,2019,lgbm_typed,8.36408573314054,1.9700324914497038
ETH-fed(KEN+TZA+UGA),2014,5,gdp_growth,2019,tft,8.36408573314054,1.9020342238296752
ETH-fed(KEN+TZA+UGA),2014,5,gdp_growth,2019,tgcn,8.36408573314054,
ETH-fed(KEN+TZA+UGA),2014,5,gdp_growth,2019,persistence_scarcity,8.36408573314054,1.8934072296071598
ETH-fed(KEN+TZA+UGA),2014,5,gdp_growth,2019,chronos_scarcity,8.36408573314054,1.7023043043960815
ETH-fed(KEN+TZA+UGA),2014,5,gdp_growth,2019,gnn_scarcity,8.36408573314054,12.24086099788053
ETH-fed(KEN+TZA+UGA),2014,1,inflation_cpi,2015,persistence,9.56889955968623,2.6788800437143196
ETH-fed(KEN+TZA+UGA),2014,1,inflation_cpi,2015,arima,9.56889955968623,2.4591740410207086
ETH-fed(KEN+TZA+UGA),2014,1,inflation_cpi,2015,chronos,9.56889955968623,2.4966677901244623
ETH-fed(KEN+TZA+UGA),2014,1,inflation_cpi,2015,xgb_blind,9.56889955968623,2.319296288201855
ETH-fed(KEN+TZA+UGA),2014,1,inflation_cpi,2015,xgb_lag,9.56889955968623,2.4591740410207086
ETH-fed(KEN+TZA+UGA),2014,1,inflation_cpi,2015,xgb_typed,9.56889955968623,2.4591740410207086
ETH-fed(KEN+TZA+UGA),2014,1,inflation_cpi,2015,lgbm_blind,9.56889955968623,0.9294899426801546
ETH-fed(KEN+TZA+UGA),2014,1,inflation_cpi,2015,lgbm_lag,9.56889955968623,2.4591740410207086
ETH-fed(KEN+TZA+UGA),2014,1,inflation_cpi,2015,lgbm_typed,9.56889955968623,2.4591740410207086
ETH-fed(KEN+TZA+UGA),2014,1,inflation_cpi,2015,tft,9.56889955968623,2.8619946715331537
ETH-fed(KEN+TZA+UGA),2014,1,inflation_cpi,2015,tgcn,9.56889955968623,
ETH-fed(KEN+TZA+UGA),2014,1,inflation_cpi,2015,persistence_scarcity,9.56889955968623,2.6788800437143196
ETH-fed(KEN+TZA+UGA),2014,1,inflation_cpi,2015,chronos_scarcity,9.56889955968623,2.4966677901244623
ETH-fed(KEN+TZA+UGA),2014,1,inflation_cpi,2015,gnn_scarcity,9.56889955968623,0.8475328209900397
ETH-fed(KEN+TZA+UGA),2014,3,inflation_cpi,2017,persistence,10.6871150284238,3.7970955124518904
ETH-fed(KEN+TZA+UGA),2014,3,inflation_cpi,2017,arima,10.6871150284238,3.629296178908489
ETH-fed(KEN+TZA+UGA),2014,3,inflation_cpi,2017,chronos,10.6871150284238,4.296543434185519
ETH-fed(KEN+TZA+UGA),2014,3,inflation_cpi,2017,xgb_blind,10.6871150284238,14.674279853778348
ETH-fed(KEN+TZA+UGA),2014,3,inflation_cpi,2017,xgb_lag,10.6871150284238,3.629296178908489
ETH-fed(KEN+TZA+UGA),2014,3,inflation_cpi,2017,xgb_typed,10.6871150284238,3.629296178908489
ETH-fed(KEN+TZA+UGA),2014,3,inflation_cpi,2017,lgbm_blind,10.6871150284238,1.3366011583579382
ETH-fed(KEN+TZA+UGA),2014,3,inflation_cpi,2017,lgbm_lag,10.6871150284238,3.629296178908489
ETH-fed(KEN+TZA+UGA),2014,3,inflation_cpi,2017,lgbm_typed,10.6871150284238,3.629296178908489
ETH-fed(KEN+TZA+UGA),2014,3,inflation_cpi,2017,tft,10.6871150284238,3.92422612003757
ETH-fed(KEN+TZA+UGA),2014,3,inflation_cpi,2017,tgcn,10.6871150284238,
ETH-fed(KEN+TZA+UGA),2014,3,inflation_cpi,2017,persistence_scarcity,10.6871150284238,3.7970955124518904
ETH-fed(KEN+TZA+UGA),2014,3,inflation_cpi,2017,chronos_scarcity,10.6871150284238,4.296543434185519
ETH-fed(KEN+TZA+UGA),2014,3,inflation_cpi,2017,gnn_scarcity,10.6871150284238,0.6670335083432342
ETH-fed(KEN+TZA+UGA),2014,5,inflation_cpi,2019,persistence,15.8096321719344,8.919612655962489
ETH-fed(KEN+TZA+UGA),2014,5,inflation_cpi,2019,arima,15.8096321719344,8.759417978352069
ETH-fed(KEN+TZA+UGA),2014,5,inflation_cpi,2019,chronos,15.8096321719344,10.31374250823811
ETH-fed(KEN+TZA+UGA),2014,5,inflation_cpi,2019,xgb_blind,15.8096321719344,7.740362991636548
ETH-fed(KEN+TZA+UGA),2014,5,inflation_cpi,2019,xgb_lag,15.8096321719344,8.759417978352069
ETH-fed(KEN+TZA+UGA),2014,5,inflation_cpi,2019,xgb_typed,15.8096321719344,8.759417978352069
ETH-fed(KEN+TZA+UGA),2014,5,inflation_cpi,2019,lgbm_blind,15.8096321719344,6.080914010351453
ETH-fed(KEN+TZA+UGA),2014,5,inflation_cpi,2019,lgbm_lag,15.8096321719344,8.759417978352069
ETH-fed(KEN+TZA+UGA),2014,5,inflation_cpi,2019,lgbm_typed,15.8096321719344,8.759417978352069
ETH-fed(KEN+TZA+UGA),2014,5,inflation_cpi,2019,tft,15.8096321719344,9.04399095947102
ETH-fed(KEN+TZA+UGA),2014,5,inflation_cpi,2019,tgcn,15.8096321719344,
ETH-fed(KEN+TZA+UGA),2014,5,inflation_cpi,2019,persistence_scarcity,15.8096321719344,8.919612655962489
ETH-fed(KEN+TZA+UGA),2014,5,inflation_cpi,2019,chronos_scarcity,15.8096321719344,10.31374250823811
ETH-fed(KEN+TZA+UGA),2014,5,inflation_cpi,2019,gnn_scarcity,15.8096321719344,25.78957258636311
ETH-fed(KEN+TZA+UGA),2014,1,unemployment,2015,persistence,2.442,0.08099999999999996
ETH-fed(KEN+TZA+UGA),2014,1,unemployment,2015,arima,2.442,0.025722256824109557
ETH-fed(KEN+TZA+UGA),2014,1,unemployment,2015,chronos,2.442,0.005217401504516772
ETH-fed(KEN+TZA+UGA),2014,1,unemployment,2015,xgb_blind,2.442,0.08884534072875994
ETH-fed(KEN+TZA+UGA),2014,1,unemployment,2015,xgb_lag,2.442,0.025722256824109557
ETH-fed(KEN+TZA+UGA),2014,1,unemployment,2015,xgb_typed,2.442,0.025722256824109557
ETH-fed(KEN+TZA+UGA),2014,1,unemployment,2015,lgbm_blind,2.442,0.4058749891122182
ETH-fed(KEN+TZA+UGA),2014,1,unemployment,2015,lgbm_lag,2.442,0.025722256824109557
ETH-fed(KEN+TZA+UGA),2014,1,unemployment,2015,lgbm_typed,2.442,0.025722256824109557
ETH-fed(KEN+TZA+UGA),2014,1,unemployment,2015,tft,2.442,0.18023261260986345
ETH-fed(KEN+TZA+UGA),2014,1,unemployment,2015,tgcn,2.442,
ETH-fed(KEN+TZA+UGA),2014,1,unemployment,2015,persistence_scarcity,2.442,0.08099999999999996
ETH-fed(KEN+TZA+UGA),2014,1,unemployment,2015,chronos_scarcity,2.442,0.005217401504516772
ETH-fed(KEN+TZA+UGA),2014,1,unemployment,2015,gnn_scarcity,2.442,0.4284442977905272
ETH-fed(KEN+TZA+UGA),2014,3,unemployment,2017,persistence,2.665,0.3039999999999998
ETH-fed(KEN+TZA+UGA),2014,3,unemployment,2017,arima,2.665,0.2069844512848804
ETH-fed(KEN+TZA+UGA),2014,3,unemployment,2017,chronos,2.665,0.1546945953369141
ETH-fed(KEN+TZA+UGA),2014,3,unemployment,2017,xgb_blind,2.665,0.3269632244110108
ETH-fed(KEN+TZA+UGA),2014,3,unemployment,2017,xgb_lag,2.665,0.2069844512848804
ETH-fed(KEN+TZA+UGA),2014,3,unemployment,2017,xgb_typed,2.665,0.2069844512848804
ETH-fed(KEN+TZA+UGA),2014,3,unemployment,2017,lgbm_blind,2.665,0.13722726951945896
ETH-fed(KEN+TZA+UGA),2014,3,unemployment,2017,lgbm_lag,2.665,0.2069844512848804
ETH-fed(KEN+TZA+UGA),2014,3,unemployment,2017,lgbm_typed,2.665,0.2069844512848804
ETH-fed(KEN+TZA+UGA),2014,3,unemployment,2017,tft,2.665,0.40320781707763675
ETH-fed(KEN+TZA+UGA),2014,3,unemployment,2017,tgcn,2.665,
ETH-fed(KEN+TZA+UGA),2014,3,unemployment,2017,persistence_scarcity,2.665,0.3039999999999998
ETH-fed(KEN+TZA+UGA),2014,3,unemployment,2017,chronos_scarcity,2.665,0.1546945953369141
ETH-fed(KEN+TZA+UGA),2014,3,unemployment,2017,gnn_scarcity,2.665,0.19004293441772457
ETH-fed(KEN+TZA+UGA),2014,5,unemployment,2019,persistence,2.928,0.5669999999999997
ETH-fed(KEN+TZA+UGA),2014,5,unemployment,2019,arima,2.928,0.4594443484388693
ETH-fed(KEN+TZA+UGA),2014,5,unemployment,2019,chronos,2.928,0.37568095016479486
ETH-fed(KEN+TZA+UGA),2014,5,unemployment,2019,xgb_blind,2.928,0.5642323760986327
ETH-fed(KEN+TZA+UGA),2014,5,unemployment,2019,xgb_lag,2.928,0.4594443484388693
ETH-fed(KEN+TZA+UGA),2014,5,unemployment,2019,xgb_typed,2.928,0.4594443484388693
ETH-fed(KEN+TZA+UGA),2014,5,unemployment,2019,lgbm_blind,2.928,0.1631500034332274
ETH-fed(KEN+TZA+UGA),2014,5,unemployment,2019,lgbm_lag,2.928,0.4594443484388693
ETH-fed(KEN+TZA+UGA),2014,5,unemployment,2019,lgbm_typed,2.928,0.4594443484388693
ETH-fed(KEN+TZA+UGA),2014,5,unemployment,2019,tft,2.928,0.6662173538208007
ETH-fed(KEN+TZA+UGA),2014,5,unemployment,2019,tgcn,2.928,
ETH-fed(KEN+TZA+UGA),2014,5,unemployment,2019,persistence_scarcity,2.928,0.5669999999999997
ETH-fed(KEN+TZA+UGA),2014,5,unemployment,2019,chronos_scarcity,2.928,0.37568095016479486
ETH-fed(KEN+TZA+UGA),2014,5,unemployment,2019,gnn_scarcity,2.928,0.8501072196960449
ETH-fed(KEN+TZA+UGA),2014,1,exports_gdp,2015,persistence,9.36331359735926,2.27830631221104
ETH-fed(KEN+TZA+UGA),2014,1,exports_gdp,2015,arima,9.36331359735926,1.895413547156254
ETH-fed(KEN+TZA+UGA),2014,1,exports_gdp,2015,chronos,9.36331359735926,2.2760954678873215
ETH-fed(KEN+TZA+UGA),2014,1,exports_gdp,2015,xgb_blind,9.36331359735926,7.319988328299919
ETH-fed(KEN+TZA+UGA),2014,1,exports_gdp,2015,xgb_lag,9.36331359735926,1.895413547156254
ETH-fed(KEN+TZA+UGA),2014,1,exports_gdp,2015,xgb_typed,9.36331359735926,1.895413547156254
ETH-fed(KEN+TZA+UGA),2014,1,exports_gdp,2015,lgbm_blind,9.36331359735926,6.816557763101658
ETH-fed(KEN+TZA+UGA),2014,1,exports_gdp,2015,lgbm_lag,9.36331359735926,1.895413547156254
ETH-fed(KEN+TZA+UGA),2014,1,exports_gdp,2015,lgbm_typed,9.36331359735926,1.895413547156254
ETH-fed(KEN+TZA+UGA),2014,1,exports_gdp,2015,tft,9.36331359735926,1.964964944205681
ETH-fed(KEN+TZA+UGA),2014,1,exports_gdp,2015,tgcn,9.36331359735926,
ETH-fed(KEN+TZA+UGA),2014,1,exports_gdp,2015,persistence_scarcity,9.36331359735926,2.27830631221104
ETH-fed(KEN+TZA+UGA),2014,1,exports_gdp,2015,chronos_scarcity,9.36331359735926,2.2760954678873215
ETH-fed(KEN+TZA+UGA),2014,1,exports_gdp,2015,gnn_scarcity,9.36331359735926,6.851366120658318
ETH-fed(KEN+TZA+UGA),2014,3,exports_gdp,2017,persistence,7.62937471525016,4.0122451943201405
ETH-fed(KEN+TZA+UGA),2014,3,exports_gdp,2017,arima,7.62937471525016,3.376235511806783
ETH-fed(KEN+TZA+UGA),2014,3,exports_gdp,2017,chronos,7.62937471525016,4.010034349996422
ETH-fed(KEN+TZA+UGA),2014,3,exports_gdp,2017,xgb_blind,7.62937471525016,7.015443590719078
ETH-fed(KEN+TZA+UGA),2014,3,exports_gdp,2017,xgb_lag,7.62937471525016,3.376235511806783
ETH-fed(KEN+TZA+UGA),2014,3,exports_gdp,2017,xgb_typed,7.62937471525016,3.376235511806783
ETH-fed(KEN+TZA+UGA),2014,3,exports_gdp,2017,lgbm_blind,7.62937471525016,8.504407368087799
ETH-fed(KEN+TZA+UGA),2014,3,exports_gdp,2017,lgbm_lag,7.62937471525016,3.376235511806783
ETH-fed(KEN+TZA+UGA),2014,3,exports_gdp,2017,lgbm_typed,7.62937471525016,3.376235511806783
ETH-fed(KEN+TZA+UGA),2014,3,exports_gdp,2017,tft,7.62937471525016,3.78756978853402
ETH-fed(KEN+TZA+UGA),2014,3,exports_gdp,2017,tgcn,7.62937471525016,
ETH-fed(KEN+TZA+UGA),2014,3,exports_gdp,2017,persistence_scarcity,7.62937471525016,4.0122451943201405
ETH-fed(KEN+TZA+UGA),2014,3,exports_gdp,2017,chronos_scarcity,7.62937471525016,4.010034349996422
ETH-fed(KEN+TZA+UGA),2014,3,exports_gdp,2017,gnn_scarcity,7.62937471525016,8.54164579256234
ETH-fed(KEN+TZA+UGA),2014,5,exports_gdp,2019,persistence,7.93996502459584,3.7016548849744604
ETH-fed(KEN+TZA+UGA),2014,5,exports_gdp,2019,arima,7.93996502459584,3.013359438086556
ETH-fed(KEN+TZA+UGA),2014,5,exports_gdp,2019,chronos,7.93996502459584,3.699444040650742
ETH-fed(KEN+TZA+UGA),2014,5,exports_gdp,2019,xgb_blind,7.93996502459584,4.953535303468125
ETH-fed(KEN+TZA+UGA),2014,5,exports_gdp,2019,xgb_lag,7.93996502459584,3.013359438086556
ETH-fed(KEN+TZA+UGA),2014,5,exports_gdp,2019,xgb_typed,7.93996502459584,3.013359438086556
ETH-fed(KEN+TZA+UGA),2014,5,exports_gdp,2019,lgbm_blind,7.93996502459584,8.138509926194565
ETH-fed(KEN+TZA+UGA),2014,5,exports_gdp,2019,lgbm_lag,7.93996502459584,3.013359438086556
ETH-fed(KEN+TZA+UGA),2014,5,exports_gdp,2019,lgbm_typed,7.93996502459584,3.013359438086556
ETH-fed(KEN+TZA+UGA),2014,5,exports_gdp,2019,tft,7.93996502459584,3.483189806336777
ETH-fed(KEN+TZA+UGA),2014,5,exports_gdp,2019,tgcn,7.93996502459584,
ETH-fed(KEN+TZA+UGA),2014,5,exports_gdp,2019,persistence_scarcity,7.93996502459584,3.7016548849744604
ETH-fed(KEN+TZA+UGA),2014,5,exports_gdp,2019,chronos_scarcity,7.93996502459584,3.699444040650742
ETH-fed(KEN+TZA+UGA),2014,5,exports_gdp,2019,gnn_scarcity,7.93996502459584,6.027928575868027
ETH-fed(KEN+TZA+UGA),2014,1,imports_gdp,2015,persistence,30.2928105475922,1.193346307299901
ETH-fed(KEN+TZA+UGA),2014,1,imports_gdp,2015,arima,30.2928105475922,1.2013043365407725
ETH-fed(KEN+TZA+UGA),2014,1,imports_gdp,2015,chronos,30.2928105475922,1.333809006454505
ETH-fed(KEN+TZA+UGA),2014,1,imports_gdp,2015,xgb_blind,30.2928105475922,1.2519739983062372
ETH-fed(KEN+TZA+UGA),2014,1,imports_gdp,2015,xgb_lag,30.2928105475922,1.2013043365407725
ETH-fed(KEN+TZA+UGA),2014,1,imports_gdp,2015,xgb_typed,30.2928105475922,1.2013043365407725
ETH-fed(KEN+TZA+UGA),2014,1,imports_gdp,2015,lgbm_blind,30.2928105475922,1.0482517597655878
ETH-fed(KEN+TZA+UGA),2014,1,imports_gdp,2015,lgbm_lag,30.2928105475922,1.2013043365407725
ETH-fed(KEN+TZA+UGA),2014,1,imports_gdp,2015,lgbm_typed,30.2928105475922,1.2013043365407725
ETH-fed(KEN+TZA+UGA),2014,1,imports_gdp,2015,tft,30.2928105475922,1.188606369735755
ETH-fed(KEN+TZA+UGA),2014,1,imports_gdp,2015,tgcn,30.2928105475922,
ETH-fed(KEN+TZA+UGA),2014,1,imports_gdp,2015,persistence_scarcity,30.2928105475922,1.193346307299901
ETH-fed(KEN+TZA+UGA),2014,1,imports_gdp,2015,chronos_scarcity,30.2928105475922,1.333809006454505
ETH-fed(KEN+TZA+UGA),2014,1,imports_gdp,2015,gnn_scarcity,30.2928105475922,1.0637625572661982
ETH-fed(KEN+TZA+UGA),2014,3,imports_gdp,2017,persistence,23.4742747776515,5.6251894626407974
ETH-fed(KEN+TZA+UGA),2014,3,imports_gdp,2017,arima,23.4742747776515,5.617757786490788
ETH-fed(KEN+TZA+UGA),2014,3,imports_gdp,2017,chronos,23.4742747776515,5.7145451076024045
ETH-fed(KEN+TZA+UGA),2014,3,imports_gdp,2017,xgb_blind,23.4742747776515,8.0192497737401
ETH-fed(KEN+TZA+UGA),2014,3,imports_gdp,2017,xgb_lag,23.4742747776515,5.617757786490788
ETH-fed(KEN+TZA+UGA),2014,3,imports_gdp,2017,xgb_typed,23.4742747776515,5.617757786490788
ETH-fed(KEN+TZA+UGA),2014,3,imports_gdp,2017,lgbm_blind,23.4742747776515,7.848149417378018
ETH-fed(KEN+TZA+UGA),2014,3,imports_gdp,2017,lgbm_lag,23.4742747776515,5.617757786490788
ETH-fed(KEN+TZA+UGA),2014,3,imports_gdp,2017,lgbm_typed,23.4742747776515,5.617757786490788
ETH-fed(KEN+TZA+UGA),2014,3,imports_gdp,2017,tft,23.4742747776515,5.628514147519397
ETH-fed(KEN+TZA+UGA),2014,3,imports_gdp,2017,tgcn,23.4742747776515,
ETH-fed(KEN+TZA+UGA),2014,3,imports_gdp,2017,persistence_scarcity,23.4742747776515,5.6251894626407974
ETH-fed(KEN+TZA+UGA),2014,3,imports_gdp,2017,chronos_scarcity,23.4742747776515,5.7145451076024045
ETH-fed(KEN+TZA+UGA),2014,3,imports_gdp,2017,gnn_scarcity,23.4742747776515,7.860335207700061
ETH-fed(KEN+TZA+UGA),2014,5,imports_gdp,2019,persistence,20.8753289042388,8.2241353360535
ETH-fed(KEN+TZA+UGA),2014,5,imports_gdp,2019,arima,20.8753289042388,8.216706329143282
ETH-fed(KEN+TZA+UGA),2014,5,imports_gdp,2019,chronos,20.8753289042388,8.313490981015107
ETH-fed(KEN+TZA+UGA),2014,5,imports_gdp,2019,xgb_blind,20.8753289042388,10.694846266659638
ETH-fed(KEN+TZA+UGA),2014,5,imports_gdp,2019,xgb_lag,20.8753289042388,8.216706329143282
ETH-fed(KEN+TZA+UGA),2014,5,imports_gdp,2019,xgb_typed,20.8753289042388,8.216706329143282
ETH-fed(KEN+TZA+UGA),2014,5,imports_gdp,2019,lgbm_blind,20.8753289042388,10.424729555996798
ETH-fed(KEN+TZA+UGA),2014,5,imports_gdp,2019,lgbm_lag,20.8753289042388,8.216706329143282
ETH-fed(KEN+TZA+UGA),2014,5,imports_gdp,2019,lgbm_typed,20.8753289042388,8.216706329143282
ETH-fed(KEN+TZA+UGA),2014,5,imports_gdp,2019,tft,20.8753289042388,8.227540129574678
ETH-fed(KEN+TZA+UGA),2014,5,imports_gdp,2019,tgcn,20.8753289042388,
ETH-fed(KEN+TZA+UGA),2014,5,imports_gdp,2019,persistence_scarcity,20.8753289042388,8.2241353360535
ETH-fed(KEN+TZA+UGA),2014,5,imports_gdp,2019,chronos_scarcity,20.8753289042388,8.313490981015107
ETH-fed(KEN+TZA+UGA),2014,5,imports_gdp,2019,gnn_scarcity,20.8753289042388,9.350993269833467
ETH-fed(KEN+TZA+UGA),2014,1,current_account,2015,persistence,-12.1838327178752,1.8056605994605004
ETH-fed(KEN+TZA+UGA),2014,1,current_account,2015,arima,-12.1838327178752,2.462641525091934
ETH-fed(KEN+TZA+UGA),2014,1,current_account,2015,chronos,-12.1838327178752,1.9839330444132859
ETH-fed(KEN+TZA+UGA),2014,1,current_account,2015,xgb_blind,-12.1838327178752,3.5226398238932664
ETH-fed(KEN+TZA+UGA),2014,1,current_account,2015,xgb_lag,-12.1838327178752,2.462641525091934
ETH-fed(KEN+TZA+UGA),2014,1,current_account,2015,xgb_typed,-12.1838327178752,2.462641525091934
ETH-fed(KEN+TZA+UGA),2014,1,current_account,2015,lgbm_blind,-12.1838327178752,8.276897713978645
ETH-fed(KEN+TZA+UGA),2014,1,current_account,2015,lgbm_lag,-12.1838327178752,2.462641525091934
ETH-fed(KEN+TZA+UGA),2014,1,current_account,2015,lgbm_typed,-12.1838327178752,2.462641525091934
ETH-fed(KEN+TZA+UGA),2014,1,current_account,2015,tft,-12.1838327178752,3.5506759414469773
ETH-fed(KEN+TZA+UGA),2014,1,current_account,2015,tgcn,-12.1838327178752,
ETH-fed(KEN+TZA+UGA),2014,1,current_account,2015,persistence_scarcity,-12.1838327178752,1.8056605994605004
ETH-fed(KEN+TZA+UGA),2014,1,current_account,2015,chronos_scarcity,-12.1838327178752,1.9839330444132859
ETH-fed(KEN+TZA+UGA),2014,1,current_account,2015,gnn_scarcity,-12.1838327178752,8.381023479441362
ETH-fed(KEN+TZA+UGA),2014,3,current_account,2017,persistence,-7.76343039992896,2.6147417184857398
ETH-fed(KEN+TZA+UGA),2014,3,current_account,2017,arima,-7.76343039992896,2.0477285024082894
ETH-fed(KEN+TZA+UGA),2014,3,current_account,2017,chronos,-7.76343039992896,1.585379881893071
ETH-fed(KEN+TZA+UGA),2014,3,current_account,2017,xgb_blind,-7.76343039992896,2.208509640659419
ETH-fed(KEN+TZA+UGA),2014,3,current_account,2017,xgb_lag,-7.76343039992896,2.0477285024082894
ETH-fed(KEN+TZA+UGA),2014,3,current_account,2017,xgb_typed,-7.76343039992896,2.0477285024082894
ETH-fed(KEN+TZA+UGA),2014,3,current_account,2017,lgbm_blind,-7.76343039992896,3.518058256270235
ETH-fed(KEN+TZA+UGA),2014,3,current_account,2017,lgbm_lag,-7.76343039992896,2.0477285024082894
ETH-fed(KEN+TZA+UGA),2014,3,current_account,2017,lgbm_typed,-7.76343039992896,2.0477285024082894
ETH-fed(KEN+TZA+UGA),2014,3,current_account,2017,tft,-7.76343039992896,0.8093530702248488
ETH-fed(KEN+TZA+UGA),2014,3,current_account,2017,tgcn,-7.76343039992896,
ETH-fed(KEN+TZA+UGA),2014,3,current_account,2017,persistence_scarcity,-7.76343039992896,2.6147417184857398
ETH-fed(KEN+TZA+UGA),2014,3,current_account,2017,chronos_scarcity,-7.76343039992896,1.585379881893071
ETH-fed(KEN+TZA+UGA),2014,3,current_account,2017,gnn_scarcity,-7.76343039992896,3.8343549204215135
ETH-fed(KEN+TZA+UGA),2014,5,current_account,2019,persistence,-5.47194445075559,4.90622766765911
ETH-fed(KEN+TZA+UGA),2014,5,current_account,2019,arima,-5.47194445075559,4.341627078824292
ETH-fed(KEN+TZA+UGA),2014,5,current_account,2019,chronos,-5.47194445075559,1.1136652225451407
ETH-fed(KEN+TZA+UGA),2014,5,current_account,2019,xgb_blind,-5.47194445075559,0.2550429111523691
ETH-fed(KEN+TZA+UGA),2014,5,current_account,2019,xgb_lag,-5.47194445075559,4.341627078824292
ETH-fed(KEN+TZA+UGA),2014,5,current_account,2019,xgb_typed,-5.47194445075559,4.341627078824292
ETH-fed(KEN+TZA+UGA),2014,5,current_account,2019,lgbm_blind,-5.47194445075559,0.7413432264523445
ETH-fed(KEN+TZA+UGA),2014,5,current_account,2019,lgbm_lag,-5.47194445075559,4.341627078824292
ETH-fed(KEN+TZA+UGA),2014,5,current_account,2019,lgbm_typed,-5.47194445075559,4.341627078824292
ETH-fed(KEN+TZA+UGA),2014,5,current_account,2019,tft,-5.47194445075559,3.0918964153332773
ETH-fed(KEN+TZA+UGA),2014,5,current_account,2019,tgcn,-5.47194445075559,
ETH-fed(KEN+TZA+UGA),2014,5,current_account,2019,persistence_scarcity,-5.47194445075559,4.90622766765911
ETH-fed(KEN+TZA+UGA),2014,5,current_account,2019,chronos_scarcity,-5.47194445075559,1.1136652225451407
ETH-fed(KEN+TZA+UGA),2014,5,current_account,2019,gnn_scarcity,-5.47194445075559,4.828575492481715
ETH-fed(KEN+TZA+UGA),2014,1,real_interest_rate,2015,persistence,-17.1217762401546,0.0
ETH-fed(KEN+TZA+UGA),2014,1,real_interest_rate,2015,arima,-17.1217762401546,0.0
ETH-fed(KEN+TZA+UGA),2014,1,real_interest_rate,2015,chronos,-17.1217762401546,0.004203455730770855
ETH-fed(KEN+TZA+UGA),2014,1,real_interest_rate,2015,xgb_blind,-17.1217762401546,1.5471540859187591
ETH-fed(KEN+TZA+UGA),2014,1,real_interest_rate,2015,xgb_lag,-17.1217762401546,0.0
ETH-fed(KEN+TZA+UGA),2014,1,real_interest_rate,2015,xgb_typed,-17.1217762401546,0.0
ETH-fed(KEN+TZA+UGA),2014,1,real_interest_rate,2015,lgbm_blind,-17.1217762401546,14.46405142752776
ETH-fed(KEN+TZA+UGA),2014,1,real_interest_rate,2015,lgbm_lag,-17.1217762401546,0.0
ETH-fed(KEN+TZA+UGA),2014,1,real_interest_rate,2015,lgbm_typed,-17.1217762401546,0.0
ETH-fed(KEN+TZA+UGA),2014,1,real_interest_rate,2015,tft,-17.1217762401546,0.03645672111163023
ETH-fed(KEN+TZA+UGA),2014,1,real_interest_rate,2015,tgcn,-17.1217762401546,
ETH-fed(KEN+TZA+UGA),2014,1,real_interest_rate,2015,persistence_scarcity,-17.1217762401546,0.0
ETH-fed(KEN+TZA+UGA),2014,1,real_interest_rate,2015,chronos_scarcity,-17.1217762401546,0.004203455730770855
ETH-fed(KEN+TZA+UGA),2014,1,real_interest_rate,2015,gnn_scarcity,-17.1217762401546,14.799242632671689
ETH-fed(KEN+TZA+UGA),2014,3,real_interest_rate,2017,persistence,-17.1217762401546,0.0
ETH-fed(KEN+TZA+UGA),2014,3,real_interest_rate,2017,arima,-17.1217762401546,0.0
ETH-fed(KEN+TZA+UGA),2014,3,real_interest_rate,2017,chronos,-17.1217762401546,0.07863392142901304
ETH-fed(KEN+TZA+UGA),2014,3,real_interest_rate,2017,xgb_blind,-17.1217762401546,0.28516353873858336
ETH-fed(KEN+TZA+UGA),2014,3,real_interest_rate,2017,xgb_lag,-17.1217762401546,0.0
ETH-fed(KEN+TZA+UGA),2014,3,real_interest_rate,2017,xgb_typed,-17.1217762401546,0.0
ETH-fed(KEN+TZA+UGA),2014,3,real_interest_rate,2017,lgbm_blind,-17.1217762401546,15.018213153601545
ETH-fed(KEN+TZA+UGA),2014,3,real_interest_rate,2017,lgbm_lag,-17.1217762401546,0.0
ETH-fed(KEN+TZA+UGA),2014,3,real_interest_rate,2017,lgbm_typed,-17.1217762401546,0.0
ETH-fed(KEN+TZA+UGA),2014,3,real_interest_rate,2017,tft,-17.1217762401546,0.03227390555987242
ETH-fed(KEN+TZA+UGA),2014,3,real_interest_rate,2017,tgcn,-17.1217762401546,
ETH-fed(KEN+TZA+UGA),2014,3,real_interest_rate,2017,persistence_scarcity,-17.1217762401546,0.0
ETH-fed(KEN+TZA+UGA),2014,3,real_interest_rate,2017,chronos_scarcity,-17.1217762401546,0.07863392142901304
ETH-fed(KEN+TZA+UGA),2014,3,real_interest_rate,2017,gnn_scarcity,-17.1217762401546,14.428990261837338
ETH-fed(KEN+TZA+UGA),2014,5,real_interest_rate,2019,persistence,-17.1217762401546,0.0
ETH-fed(KEN+TZA+UGA),2014,5,real_interest_rate,2019,arima,-17.1217762401546,0.0
ETH-fed(KEN+TZA+UGA),2014,5,real_interest_rate,2019,chronos,-17.1217762401546,0.3763252666438568
ETH-fed(KEN+TZA+UGA),2014,5,real_interest_rate,2019,xgb_blind,-17.1217762401546,0.3289772441829193
ETH-fed(KEN+TZA+UGA),2014,5,real_interest_rate,2019,xgb_lag,-17.1217762401546,0.0
ETH-fed(KEN+TZA+UGA),2014,5,real_interest_rate,2019,xgb_typed,-17.1217762401546,0.0
ETH-fed(KEN+TZA+UGA),2014,5,real_interest_rate,2019,lgbm_blind,-17.1217762401546,14.226498143955563
ETH-fed(KEN+TZA+UGA),2014,5,real_interest_rate,2019,lgbm_lag,-17.1217762401546,0.0
ETH-fed(KEN+TZA+UGA),2014,5,real_interest_rate,2019,lgbm_typed,-17.1217762401546,0.0
ETH-fed(KEN+TZA+UGA),2014,5,real_interest_rate,2019,tft,-17.1217762401546,0.03219761161455992
ETH-fed(KEN+TZA+UGA),2014,5,real_interest_rate,2019,tgcn,-17.1217762401546,
ETH-fed(KEN+TZA+UGA),2014,5,real_interest_rate,2019,persistence_scarcity,-17.1217762401546,0.0
ETH-fed(KEN+TZA+UGA),2014,5,real_interest_rate,2019,chronos_scarcity,-17.1217762401546,0.3763252666438568
ETH-fed(KEN+TZA+UGA),2014,5,real_interest_rate,2019,gnn_scarcity,-17.1217762401546,4.254099232867862
ETH-fed(KEN+TZA+UGA),2014,1,broad_money,2015,persistence,33.9671207502096,0.0
ETH-fed(KEN+TZA+UGA),2014,1,broad_money,2015,arima,33.9671207502096,0.0
ETH-fed(KEN+TZA+UGA),2014,1,broad_money,2015,chronos,33.9671207502096,0.036568062046256955
ETH-fed(KEN+TZA+UGA),2014,1,broad_money,2015,xgb_blind,33.9671207502096,0.8800815508157882
ETH-fed(KEN+TZA+UGA),2014,1,broad_money,2015,xgb_lag,33.9671207502096,0.0
ETH-fed(KEN+TZA+UGA),2014,1,broad_money,2015,xgb_typed,33.9671207502096,0.0
ETH-fed(KEN+TZA+UGA),2014,1,broad_money,2015,lgbm_blind,33.9671207502096,1.2033333545318143
ETH-fed(KEN+TZA+UGA),2014,1,broad_money,2015,lgbm_lag,33.9671207502096,0.0
ETH-fed(KEN+TZA+UGA),2014,1,broad_money,2015,lgbm_typed,33.9671207502096,0.0
ETH-fed(KEN+TZA+UGA),2014,1,broad_money,2015,tft,33.9671207502096,0.03645743582555383
ETH-fed(KEN+TZA+UGA),2014,1,broad_money,2015,tgcn,33.9671207502096,
ETH-fed(KEN+TZA+UGA),2014,1,broad_money,2015,persistence_scarcity,33.9671207502096,0.0
ETH-fed(KEN+TZA+UGA),2014,1,broad_money,2015,chronos_scarcity,33.9671207502096,0.036568062046256955
ETH-fed(KEN+TZA+UGA),2014,1,broad_money,2015,gnn_scarcity,33.9671207502096,0.9644893572122726
ETH-fed(KEN+TZA+UGA),2014,3,broad_money,2017,persistence,33.9671207502096,0.0
ETH-fed(KEN+TZA+UGA),2014,3,broad_money,2017,arima,33.9671207502096,0.0
ETH-fed(KEN+TZA+UGA),2014,3,broad_money,2017,chronos,33.9671207502096,0.036568062046256955
ETH-fed(KEN+TZA+UGA),2014,3,broad_money,2017,xgb_blind,33.9671207502096,0.37953604910680383
ETH-fed(KEN+TZA+UGA),2014,3,broad_money,2017,xgb_lag,33.9671207502096,0.0
ETH-fed(KEN+TZA+UGA),2014,3,broad_money,2017,xgb_typed,33.9671207502096,0.0
ETH-fed(KEN+TZA+UGA),2014,3,broad_money,2017,lgbm_blind,33.9671207502096,1.6360822430099446
ETH-fed(KEN+TZA+UGA),2014,3,broad_money,2017,lgbm_lag,33.9671207502096,0.0
ETH-fed(KEN+TZA+UGA),2014,3,broad_money,2017,lgbm_typed,33.9671207502096,0.0
ETH-fed(KEN+TZA+UGA),2014,3,broad_money,2017,tft,33.9671207502096,0.032272712925163205
ETH-fed(KEN+TZA+UGA),2014,3,broad_money,2017,tgcn,33.9671207502096,
ETH-fed(KEN+TZA+UGA),2014,3,broad_money,2017,persistence_scarcity,33.9671207502096,0.0
ETH-fed(KEN+TZA+UGA),2014,3,broad_money,2017,chronos_scarcity,33.9671207502096,0.036568062046256955
ETH-fed(KEN+TZA+UGA),2014,3,broad_money,2017,gnn_scarcity,33.9671207502096,0.7882427141458663
ETH-fed(KEN+TZA+UGA),2014,5,broad_money,2019,persistence,33.9671207502096,0.0
ETH-fed(KEN+TZA+UGA),2014,5,broad_money,2019,arima,33.9671207502096,0.0
ETH-fed(KEN+TZA+UGA),2014,5,broad_money,2019,chronos,33.9671207502096,0.036568062046256955
ETH-fed(KEN+TZA+UGA),2014,5,broad_money,2019,xgb_blind,33.9671207502096,0.35110054757288367
ETH-fed(KEN+TZA+UGA),2014,5,broad_money,2019,xgb_lag,33.9671207502096,0.0
ETH-fed(KEN+TZA+UGA),2014,5,broad_money,2019,xgb_typed,33.9671207502096,0.0
ETH-fed(KEN+TZA+UGA),2014,5,broad_money,2019,lgbm_blind,33.9671207502096,2.2892178461343917
ETH-fed(KEN+TZA+UGA),2014,5,broad_money,2019,lgbm_lag,33.9671207502096,0.0
ETH-fed(KEN+TZA+UGA),2014,5,broad_money,2019,lgbm_typed,33.9671207502096,0.0
ETH-fed(KEN+TZA+UGA),2014,5,broad_money,2019,tft,33.9671207502096,0.032196418979850705
ETH-fed(KEN+TZA+UGA),2014,5,broad_money,2019,tgcn,33.9671207502096,
ETH-fed(KEN+TZA+UGA),2014,5,broad_money,2019,persistence_scarcity,33.9671207502096,0.0
ETH-fed(KEN+TZA+UGA),2014,5,broad_money,2019,chronos_scarcity,33.9671207502096,0.036568062046256955
ETH-fed(KEN+TZA+UGA),2014,5,broad_money,2019,gnn_scarcity,33.9671207502096,8.10516701485804
ETH-fed(KEN+TZA+UGA),2014,1,private_credit,2015,persistence,17.7101483486321,0.0
ETH-fed(KEN+TZA+UGA),2014,1,private_credit,2015,arima,17.7101483486321,0.0
ETH-fed(KEN+TZA+UGA),2014,1,private_credit,2015,chronos,17.7101483486321,0.029957308593036913
ETH-fed(KEN+TZA+UGA),2014,1,private_credit,2015,xgb_blind,17.7101483486321,0.024730191406963087
ETH-fed(KEN+TZA+UGA),2014,1,private_credit,2015,xgb_lag,17.7101483486321,0.0
ETH-fed(KEN+TZA+UGA),2014,1,private_credit,2015,xgb_typed,17.7101483486321,0.0
ETH-fed(KEN+TZA+UGA),2014,1,private_credit,2015,lgbm_blind,17.7101483486321,3.171064296585959
ETH-fed(KEN+TZA+UGA),2014,1,private_credit,2015,lgbm_lag,17.7101483486321,0.0
ETH-fed(KEN+TZA+UGA),2014,1,private_credit,2015,lgbm_typed,17.7101483486321,0.0
ETH-fed(KEN+TZA+UGA),2014,1,private_credit,2015,tft,17.7101483486321,0.03645657080149434
ETH-fed(KEN+TZA+UGA),2014,1,private_credit,2015,tgcn,17.7101483486321,
ETH-fed(KEN+TZA+UGA),2014,1,private_credit,2015,persistence_scarcity,17.7101483486321,0.0
ETH-fed(KEN+TZA+UGA),2014,1,private_credit,2015,chronos_scarcity,17.7101483486321,0.029957308593036913
ETH-fed(KEN+TZA+UGA),2014,1,private_credit,2015,gnn_scarcity,17.7101483486321,3.622528567137959
ETH-fed(KEN+TZA+UGA),2014,3,private_credit,2017,persistence,17.7101483486321,0.0
ETH-fed(KEN+TZA+UGA),2014,3,private_credit,2017,arima,17.7101483486321,0.0
ETH-fed(KEN+TZA+UGA),2014,3,private_credit,2017,chronos,17.7101483486321,0.029957308593036913
ETH-fed(KEN+TZA+UGA),2014,3,private_credit,2017,xgb_blind,17.7101483486321,0.6235079624030568
ETH-fed(KEN+TZA+UGA),2014,3,private_credit,2017,xgb_lag,17.7101483486321,0.0
ETH-fed(KEN+TZA+UGA),2014,3,private_credit,2017,xgb_typed,17.7101483486321,0.0
ETH-fed(KEN+TZA+UGA),2014,3,private_credit,2017,lgbm_blind,17.7101483486321,2.008877226479944
ETH-fed(KEN+TZA+UGA),2014,3,private_credit,2017,lgbm_lag,17.7101483486321,0.0
ETH-fed(KEN+TZA+UGA),2014,3,private_credit,2017,lgbm_typed,17.7101483486321,0.0
ETH-fed(KEN+TZA+UGA),2014,3,private_credit,2017,tft,17.7101483486321,0.032273755249736524
ETH-fed(KEN+TZA+UGA),2014,3,private_credit,2017,tgcn,17.7101483486321,
ETH-fed(KEN+TZA+UGA),2014,3,private_credit,2017,persistence_scarcity,17.7101483486321,0.0
ETH-fed(KEN+TZA+UGA),2014,3,private_credit,2017,chronos_scarcity,17.7101483486321,0.029957308593036913
ETH-fed(KEN+TZA+UGA),2014,3,private_credit,2017,gnn_scarcity,17.7101483486321,3.8233332775261424
ETH-fed(KEN+TZA+UGA),2014,5,private_credit,2019,persistence,17.7101483486321,0.0
ETH-fed(KEN+TZA+UGA),2014,5,private_credit,2019,arima,17.7101483486321,0.0
ETH-fed(KEN+TZA+UGA),2014,5,private_credit,2019,chronos,17.7101483486321,0.029957308593036913
ETH-fed(KEN+TZA+UGA),2014,5,private_credit,2019,xgb_blind,17.7101483486321,0.2851366855475881
ETH-fed(KEN+TZA+UGA),2014,5,private_credit,2019,xgb_lag,17.7101483486321,0.0
ETH-fed(KEN+TZA+UGA),2014,5,private_credit,2019,xgb_typed,17.7101483486321,0.0
ETH-fed(KEN+TZA+UGA),2014,5,private_credit,2019,lgbm_blind,17.7101483486321,0.8553513429787181
ETH-fed(KEN+TZA+UGA),2014,5,private_credit,2019,lgbm_lag,17.7101483486321,0.0
ETH-fed(KEN+TZA+UGA),2014,5,private_credit,2019,lgbm_typed,17.7101483486321,0.0
ETH-fed(KEN+TZA+UGA),2014,5,private_credit,2019,tft,17.7101483486321,0.032197461304424024
ETH-fed(KEN+TZA+UGA),2014,5,private_credit,2019,tgcn,17.7101483486321,
ETH-fed(KEN+TZA+UGA),2014,5,private_credit,2019,persistence_scarcity,17.7101483486321,0.0
ETH-fed(KEN+TZA+UGA),2014,5,private_credit,2019,chronos_scarcity,17.7101483486321,0.029957308593036913
ETH-fed(KEN+TZA+UGA),2014,5,private_credit,2019,gnn_scarcity,17.7101483486321,13.956000819030049
ETH-fed(KEN+TZA+UGA),2014,1,govt_consumption,2015,persistence,9.01378857603043,0.23580326773620897
ETH-fed(KEN+TZA+UGA),2014,1,govt_consumption,2015,arima,9.01378857603043,0.1651287905329557
ETH-fed(KEN+TZA+UGA),2014,1,govt_consumption,2015,chronos,9.01378857603043,0.20470965395003837
ETH-fed(KEN+TZA+UGA),2014,1,govt_consumption,2015,xgb_blind,9.01378857603043,0.9725223828318743
ETH-fed(KEN+TZA+UGA),2014,1,govt_consumption,2015,xgb_lag,9.01378857603043,0.1651287905329557
ETH-fed(KEN+TZA+UGA),2014,1,govt_consumption,2015,xgb_typed,9.01378857603043,0.1651287905329557
ETH-fed(KEN+TZA+UGA),2014,1,govt_consumption,2015,lgbm_blind,9.01378857603043,1.1191455174449114
ETH-fed(KEN+TZA+UGA),2014,1,govt_consumption,2015,lgbm_lag,9.01378857603043,0.1651287905329557
ETH-fed(KEN+TZA+UGA),2014,1,govt_consumption,2015,lgbm_typed,9.01378857603043,0.1651287905329557
ETH-fed(KEN+TZA+UGA),2014,1,govt_consumption,2015,tft,9.01378857603043,0.20437396059066337
ETH-fed(KEN+TZA+UGA),2014,1,govt_consumption,2015,tgcn,9.01378857603043,
ETH-fed(KEN+TZA+UGA),2014,1,govt_consumption,2015,persistence_scarcity,9.01378857603043,0.23580326773620897
ETH-fed(KEN+TZA+UGA),2014,1,govt_consumption,2015,chronos_scarcity,9.01378857603043,0.20470965395003837
ETH-fed(KEN+TZA+UGA),2014,1,govt_consumption,2015,gnn_scarcity,9.01378857603043,1.1319404889109759
ETH-fed(KEN+TZA+UGA),2014,3,govt_consumption,2017,persistence,15.4931325929715,6.243540749204861
ETH-fed(KEN+TZA+UGA),2014,3,govt_consumption,2017,arima,15.4931325929715,6.30131344724944
ETH-fed(KEN+TZA+UGA),2014,3,govt_consumption,2017,chronos,15.4931325929715,6.2374658601834145
ETH-fed(KEN+TZA+UGA),2014,3,govt_consumption,2017,xgb_blind,15.4931325929715,6.729820253188786
ETH-fed(KEN+TZA+UGA),2014,3,govt_consumption,2017,xgb_lag,15.4931325929715,6.30131344724944
ETH-fed(KEN+TZA+UGA),2014,3,govt_consumption,2017,xgb_typed,15.4931325929715,6.30131344724944
ETH-fed(KEN+TZA+UGA),2014,3,govt_consumption,2017,lgbm_blind,15.4931325929715,5.377045026248977
ETH-fed(KEN+TZA+UGA),2014,3,govt_consumption,2017,lgbm_lag,15.4931325929715,6.30131344724944
ETH-fed(KEN+TZA+UGA),2014,3,govt_consumption,2017,lgbm_typed,15.4931325929715,6.30131344724944
ETH-fed(KEN+TZA+UGA),2014,3,govt_consumption,2017,tft,15.4931325929715,6.275827409560856
ETH-fed(KEN+TZA+UGA),2014,3,govt_consumption,2017,tgcn,15.4931325929715,
ETH-fed(KEN+TZA+UGA),2014,3,govt_consumption,2017,persistence_scarcity,15.4931325929715,6.243540749204861
ETH-fed(KEN+TZA+UGA),2014,3,govt_consumption,2017,chronos_scarcity,15.4931325929715,6.2374658601834145
ETH-fed(KEN+TZA+UGA),2014,3,govt_consumption,2017,gnn_scarcity,15.4931325929715,5.363574983413395
ETH-fed(KEN+TZA+UGA),2014,5,govt_consumption,2019,persistence,9.20441362859999,0.04517821516664888
ETH-fed(KEN+TZA+UGA),2014,5,govt_consumption,2019,arima,9.20441362859999,0.01184952603095546
ETH-fed(KEN+TZA+UGA),2014,5,govt_consumption,2019,chronos,9.20441362859999,1.0548818349620213
ETH-fed(KEN+TZA+UGA),2014,5,govt_consumption,2019,xgb_blind,9.20441362859999,0.1471717595836033
ETH-fed(KEN+TZA+UGA),2014,5,govt_consumption,2019,xgb_lag,9.20441362859999,0.01184952603095546
ETH-fed(KEN+TZA+UGA),2014,5,govt_consumption,2019,xgb_typed,9.20441362859999,0.01184952603095546
ETH-fed(KEN+TZA+UGA),2014,5,govt_consumption,2019,lgbm_blind,9.20441362859999,0.8914581060191509
ETH-fed(KEN+TZA+UGA),2014,5,govt_consumption,2019,lgbm_lag,9.20441362859999,0.01184952603095546
ETH-fed(KEN+TZA+UGA),2014,5,govt_consumption,2019,lgbm_typed,9.20441362859999,0.01184952603095546
ETH-fed(KEN+TZA+UGA),2014,5,govt_consumption,2019,tft,9.20441362859999,0.023121619202743915
ETH-fed(KEN+TZA+UGA),2014,5,govt_consumption,2019,tgcn,9.20441362859999,
ETH-fed(KEN+TZA+UGA),2014,5,govt_consumption,2019,persistence_scarcity,9.20441362859999,0.04517821516664888
ETH-fed(KEN+TZA+UGA),2014,5,govt_consumption,2019,chronos_scarcity,9.20441362859999,1.0548818349620213
ETH-fed(KEN+TZA+UGA),2014,5,govt_consumption,2019,gnn_scarcity,9.20441362859999,0.10911252496446266
ETH-fed(KEN+TZA+UGA),2015,1,gdp_growth,2016,persistence,9.43348265981905,0.9589803543116489
ETH-fed(KEN+TZA+UGA),2015,1,gdp_growth,2016,arima,9.43348265981905,0.9173812367425516
ETH-fed(KEN+TZA+UGA),2015,1,gdp_growth,2016,chronos,9.43348265981905,1.1923212876296798
ETH-fed(KEN+TZA+UGA),2015,1,gdp_growth,2016,xgb_blind,9.43348265981905,0.7473492493606368
ETH-fed(KEN+TZA+UGA),2015,1,gdp_growth,2016,xgb_lag,9.43348265981905,0.9173812367425516
ETH-fed(KEN+TZA+UGA),2015,1,gdp_growth,2016,xgb_typed,9.43348265981905,0.9173812367425516
ETH-fed(KEN+TZA+UGA),2015,1,gdp_growth,2016,lgbm_blind,9.43348265981905,2.6925011954330644
ETH-fed(KEN+TZA+UGA),2015,1,gdp_growth,2016,lgbm_lag,9.43348265981905,0.9173812367425516
ETH-fed(KEN+TZA+UGA),2015,1,gdp_growth,2016,lgbm_typed,9.43348265981905,0.9173812367425516
ETH-fed(KEN+TZA+UGA),2015,1,gdp_growth,2016,tft,9.43348265981905,0.9694208970046798
ETH-fed(KEN+TZA+UGA),2015,1,gdp_growth,2016,tgcn,9.43348265981905,
ETH-fed(KEN+TZA+UGA),2015,1,gdp_growth,2016,persistence_scarcity,9.43348265981905,0.9589803543116489
ETH-fed(KEN+TZA+UGA),2015,1,gdp_growth,2016,chronos_scarcity,9.43348265981905,1.1923212876296798
ETH-fed(KEN+TZA+UGA),2015,1,gdp_growth,2016,gnn_scarcity,9.43348265981905,2.8191304335617264
ETH-fed(KEN+TZA+UGA),2015,3,gdp_growth,2018,persistence,6.81614778557282,3.5763152285578794
ETH-fed(KEN+TZA+UGA),2015,3,gdp_growth,2018,arima,6.81614778557282,3.5435857329966876
ETH-fed(KEN+TZA+UGA),2015,3,gdp_growth,2018,chronos,6.81614778557282,3.5379724689437815
ETH-fed(KEN+TZA+UGA),2015,3,gdp_growth,2018,xgb_blind,6.81614778557282,2.7986746021224924
ETH-fed(KEN+TZA+UGA),2015,3,gdp_growth,2018,xgb_lag,6.81614778557282,3.5435857329966876
ETH-fed(KEN+TZA+UGA),2015,3,gdp_growth,2018,xgb_typed,6.81614778557282,3.5435857329966876
ETH-fed(KEN+TZA+UGA),2015,3,gdp_growth,2018,lgbm_blind,6.81614778557282,1.198395561163922
ETH-fed(KEN+TZA+UGA),2015,3,gdp_growth,2018,lgbm_lag,6.81614778557282,3.5435857329966876
ETH-fed(KEN+TZA+UGA),2015,3,gdp_growth,2018,lgbm_typed,6.81614778557282,3.5435857329966876
ETH-fed(KEN+TZA+UGA),2015,3,gdp_growth,2018,tft,6.81614778557282,3.586359996409602
ETH-fed(KEN+TZA+UGA),2015,3,gdp_growth,2018,tgcn,6.81614778557282,
ETH-fed(KEN+TZA+UGA),2015,3,gdp_growth,2018,persistence_scarcity,6.81614778557282,3.5763152285578794
ETH-fed(KEN+TZA+UGA),2015,3,gdp_growth,2018,chronos_scarcity,6.81614778557282,3.5379724689437815
ETH-fed(KEN+TZA+UGA),2015,3,gdp_growth,2018,gnn_scarcity,6.81614778557282,0.5222329906509451
ETH-fed(KEN+TZA+UGA),2015,5,gdp_growth,2020,persistence,6.05953089054807,4.33293212358263
ETH-fed(KEN+TZA+UGA),2015,5,gdp_growth,2020,arima,6.05953089054807,4.301045183529343
ETH-fed(KEN+TZA+UGA),2015,5,gdp_growth,2020,chronos,6.05953089054807,4.113467537796657
ETH-fed(KEN+TZA+UGA),2015,5,gdp_growth,2020,xgb_blind,6.05953089054807,4.651204430496852
ETH-fed(KEN+TZA+UGA),2015,5,gdp_growth,2020,xgb_lag,6.05953089054807,4.301045183529343
ETH-fed(KEN+TZA+UGA),2015,5,gdp_growth,2020,xgb_typed,6.05953089054807,4.301045183529343
ETH-fed(KEN+TZA+UGA),2015,5,gdp_growth,2020,lgbm_blind,6.05953089054807,1.9405500014698394
ETH-fed(KEN+TZA+UGA),2015,5,gdp_growth,2020,lgbm_lag,6.05953089054807,4.301045183529343
ETH-fed(KEN+TZA+UGA),2015,5,gdp_growth,2020,lgbm_typed,6.05953089054807,4.301045183529343
ETH-fed(KEN+TZA+UGA),2015,5,gdp_growth,2020,tft,6.05953089054807,4.348049485123317
ETH-fed(KEN+TZA+UGA),2015,5,gdp_growth,2020,tgcn,6.05953089054807,
ETH-fed(KEN+TZA+UGA),2015,5,gdp_growth,2020,persistence_scarcity,6.05953089054807,4.33293212358263
ETH-fed(KEN+TZA+UGA),2015,5,gdp_growth,2020,chronos_scarcity,6.05953089054807,4.113467537796657
ETH-fed(KEN+TZA+UGA),2015,5,gdp_growth,2020,gnn_scarcity,6.05953089054807,5.051641142928441
ETH-fed(KEN+TZA+UGA),2015,1,inflation_cpi,2016,persistence,6.62813337230924,2.9407661873769895
ETH-fed(KEN+TZA+UGA),2015,1,inflation_cpi,2016,arima,6.62813337230924,1.9127635042443876
ETH-fed(KEN+TZA+UGA),2015,1,inflation_cpi,2016,chronos,6.62813337230924,0.6922430238699588
ETH-fed(KEN+TZA+UGA),2015,1,inflation_cpi,2016,xgb_blind,6.62813337230924,2.3471731386160526
ETH-fed(KEN+TZA+UGA),2015,1,inflation_cpi,2016,xgb_lag,6.62813337230924,1.9127635042443876
ETH-fed(KEN+TZA+UGA),2015,1,inflation_cpi,2016,xgb_typed,6.62813337230924,1.9127635042443876
ETH-fed(KEN+TZA+UGA),2015,1,inflation_cpi,2016,lgbm_blind,6.62813337230924,3.833076516149011
ETH-fed(KEN+TZA+UGA),2015,1,inflation_cpi,2016,lgbm_lag,6.62813337230924,1.9127635042443876
ETH-fed(KEN+TZA+UGA),2015,1,inflation_cpi,2016,lgbm_typed,6.62813337230924,1.9127635042443876
ETH-fed(KEN+TZA+UGA),2015,1,inflation_cpi,2016,tft,6.62813337230924,2.460339947698084
ETH-fed(KEN+TZA+UGA),2015,1,inflation_cpi,2016,tgcn,6.62813337230924,
ETH-fed(KEN+TZA+UGA),2015,1,inflation_cpi,2016,persistence_scarcity,6.62813337230924,2.9407661873769895
ETH-fed(KEN+TZA+UGA),2015,1,inflation_cpi,2016,chronos_scarcity,6.62813337230924,0.6922430238699588
ETH-fed(KEN+TZA+UGA),2015,1,inflation_cpi,2016,gnn_scarcity,6.62813337230924,3.68307153796908
ETH-fed(KEN+TZA+UGA),2015,3,inflation_cpi,2018,persistence,13.8330356586661,4.26413609897987
ETH-fed(KEN+TZA+UGA),2015,3,inflation_cpi,2018,arima,13.8330356586661,5.049032168241185
ETH-fed(KEN+TZA+UGA),2015,3,inflation_cpi,2018,chronos,13.8330356586661,6.808861445256676
ETH-fed(KEN+TZA+UGA),2015,3,inflation_cpi,2018,xgb_blind,13.8330356586661,21.825819779566324
ETH-fed(KEN+TZA+UGA),2015,3,inflation_cpi,2018,xgb_lag,13.8330356586661,5.049032168241185
ETH-fed(KEN+TZA+UGA),2015,3,inflation_cpi,2018,xgb_typed,13.8330356586661,5.049032168241185
ETH-fed(KEN+TZA+UGA),2015,3,inflation_cpi,2018,lgbm_blind,13.8330356586661,4.473026776226446
ETH-fed(KEN+TZA+UGA),2015,3,inflation_cpi,2018,lgbm_lag,13.8330356586661,5.049032168241185
ETH-fed(KEN+TZA+UGA),2015,3,inflation_cpi,2018,lgbm_typed,13.8330356586661,5.049032168241185
ETH-fed(KEN+TZA+UGA),2015,3,inflation_cpi,2018,tft,13.8330356586661,4.024369429418053
ETH-fed(KEN+TZA+UGA),2015,3,inflation_cpi,2018,tgcn,13.8330356586661,
ETH-fed(KEN+TZA+UGA),2015,3,inflation_cpi,2018,persistence_scarcity,13.8330356586661,4.26413609897987
ETH-fed(KEN+TZA+UGA),2015,3,inflation_cpi,2018,chronos_scarcity,13.8330356586661,6.808861445256676
ETH-fed(KEN+TZA+UGA),2015,3,inflation_cpi,2018,gnn_scarcity,13.8330356586661,4.146822165318932
ETH-fed(KEN+TZA+UGA),2015,5,inflation_cpi,2020,persistence,20.3563468559061,10.78744729621987
ETH-fed(KEN+TZA+UGA),2015,5,inflation_cpi,2020,arima,20.3563468559061,11.536543719111851
ETH-fed(KEN+TZA+UGA),2015,5,inflation_cpi,2020,chronos,20.3563468559061,15.363257656839938
ETH-fed(KEN+TZA+UGA),2015,5,inflation_cpi,2020,xgb_blind,20.3563468559061,11.665149460581393
ETH-fed(KEN+TZA+UGA),2015,5,inflation_cpi,2020,xgb_lag,20.3563468559061,11.536543719111851
ETH-fed(KEN+TZA+UGA),2015,5,inflation_cpi,2020,xgb_typed,20.3563468559061,11.536543719111851
ETH-fed(KEN+TZA+UGA),2015,5,inflation_cpi,2020,lgbm_blind,20.3563468559061,10.6352391232241
ETH-fed(KEN+TZA+UGA),2015,5,inflation_cpi,2020,lgbm_lag,20.3563468559061,11.536543719111851
ETH-fed(KEN+TZA+UGA),2015,5,inflation_cpi,2020,lgbm_typed,20.3563468559061,11.536543719111851
ETH-fed(KEN+TZA+UGA),2015,5,inflation_cpi,2020,tft,20.3563468559061,9.375000725535006
ETH-fed(KEN+TZA+UGA),2015,5,inflation_cpi,2020,tgcn,20.3563468559061,
ETH-fed(KEN+TZA+UGA),2015,5,inflation_cpi,2020,persistence_scarcity,20.3563468559061,10.78744729621987
ETH-fed(KEN+TZA+UGA),2015,5,inflation_cpi,2020,chronos_scarcity,20.3563468559061,15.363257656839938
ETH-fed(KEN+TZA+UGA),2015,5,inflation_cpi,2020,gnn_scarcity,20.3563468559061,20.980165253428073
ETH-fed(KEN+TZA+UGA),2015,1,unemployment,2016,persistence,2.556,0.11399999999999988
ETH-fed(KEN+TZA+UGA),2015,1,unemployment,2016,arima,2.556,0.0728534930104976
ETH-fed(KEN+TZA+UGA),2015,1,unemployment,2016,chronos,2.556,0.002703422546386669
ETH-fed(KEN+TZA+UGA),2015,1,unemployment,2016,xgb_blind,2.556,0.2560188827514649
ETH-fed(KEN+TZA+UGA),2015,1,unemployment,2016,xgb_lag,2.556,0.0728534930104976
ETH-fed(KEN+TZA+UGA),2015,1,unemployment,2016,xgb_typed,2.556,0.0728534930104976
ETH-fed(KEN+TZA+UGA),2015,1,unemployment,2016,lgbm_blind,2.556,0.27563998603820794
ETH-fed(KEN+TZA+UGA),2015,1,unemployment,2016,lgbm_lag,2.556,0.0728534930104976
ETH-fed(KEN+TZA+UGA),2015,1,unemployment,2016,lgbm_typed,2.556,0.0728534930104976
ETH-fed(KEN+TZA+UGA),2015,1,unemployment,2016,tft,2.556,0.2943692264556885
ETH-fed(KEN+TZA+UGA),2015,1,unemployment,2016,tgcn,2.556,
ETH-fed(KEN+TZA+UGA),2015,1,unemployment,2016,persistence_scarcity,2.556,0.11399999999999988
ETH-fed(KEN+TZA+UGA),2015,1,unemployment,2016,chronos_scarcity,2.556,0.002703422546386669
ETH-fed(KEN+TZA+UGA),2015,1,unemployment,2016,gnn_scarcity,2.556,0.2951750698089599
ETH-fed(KEN+TZA+UGA),2015,3,unemployment,2018,persistence,2.811,0.3689999999999998
ETH-fed(KEN+TZA+UGA),2015,3,unemployment,2018,arima,2.811,0.29633416424448766
ETH-fed(KEN+TZA+UGA),2015,3,unemployment,2018,chronos,2.811,0.2522965774536132
ETH-fed(KEN+TZA+UGA),2015,3,unemployment,2018,xgb_blind,2.811,0.42631138420104975
ETH-fed(KEN+TZA+UGA),2015,3,unemployment,2018,xgb_lag,2.811,0.29633416424448766
ETH-fed(KEN+TZA+UGA),2015,3,unemployment,2018,xgb_typed,2.811,0.29633416424448766
ETH-fed(KEN+TZA+UGA),2015,3,unemployment,2018,lgbm_blind,2.811,0.024434789491736275
ETH-fed(KEN+TZA+UGA),2015,3,unemployment,2018,lgbm_lag,2.811,0.29633416424448766
ETH-fed(KEN+TZA+UGA),2015,3,unemployment,2018,lgbm_typed,2.811,0.29633416424448766
ETH-fed(KEN+TZA+UGA),2015,3,unemployment,2018,tft,2.811,0.5493756637573242
ETH-fed(KEN+TZA+UGA),2015,3,unemployment,2018,tgcn,2.811,
ETH-fed(KEN+TZA+UGA),2015,3,unemployment,2018,persistence_scarcity,2.811,0.3689999999999998
ETH-fed(KEN+TZA+UGA),2015,3,unemployment,2018,chronos_scarcity,2.811,0.2522965774536132
ETH-fed(KEN+TZA+UGA),2015,3,unemployment,2018,gnn_scarcity,2.811,0.015525926589965877
ETH-fed(KEN+TZA+UGA),2015,5,unemployment,2020,persistence,3.998,1.556
ETH-fed(KEN+TZA+UGA),2015,5,unemployment,2020,arima,3.998,1.475200750442117
ETH-fed(KEN+TZA+UGA),2015,5,unemployment,2020,chronos,3.998,1.4184092025756838
ETH-fed(KEN+TZA+UGA),2015,5,unemployment,2020,xgb_blind,3.998,1.5581725578308108
ETH-fed(KEN+TZA+UGA),2015,5,unemployment,2020,xgb_lag,3.998,1.475200750442117
ETH-fed(KEN+TZA+UGA),2015,5,unemployment,2020,xgb_typed,3.998,1.475200750442117
ETH-fed(KEN+TZA+UGA),2015,5,unemployment,2020,lgbm_blind,3.998,1.2485238169715522
ETH-fed(KEN+TZA+UGA),2015,5,unemployment,2020,lgbm_lag,3.998,1.475200750442117
ETH-fed(KEN+TZA+UGA),2015,5,unemployment,2020,lgbm_typed,3.998,1.475200750442117
ETH-fed(KEN+TZA+UGA),2015,5,unemployment,2020,tft,3.998,1.7363847236633303
ETH-fed(KEN+TZA+UGA),2015,5,unemployment,2020,tgcn,3.998,
ETH-fed(KEN+TZA+UGA),2015,5,unemployment,2020,persistence_scarcity,3.998,1.556
ETH-fed(KEN+TZA+UGA),2015,5,unemployment,2020,chronos_scarcity,3.998,1.4184092025756838
ETH-fed(KEN+TZA+UGA),2015,5,unemployment,2020,gnn_scarcity,3.998,1.5780909996032717
ETH-fed(KEN+TZA+UGA),2015,1,exports_gdp,2016,persistence,7.8120625822914,1.5512510150678605
ETH-fed(KEN+TZA+UGA),2015,1,exports_gdp,2016,arima,7.8120625822914,0.22606476053259605
ETH-fed(KEN+TZA+UGA),2015,1,exports_gdp,2016,chronos,7.8120625822914,0.04209168843153677
ETH-fed(KEN+TZA+UGA),2015,1,exports_gdp,2016,xgb_blind,7.8120625822914,3.279596009932721
ETH-fed(KEN+TZA+UGA),2015,1,exports_gdp,2016,xgb_lag,7.8120625822914,0.22606476053259605
ETH-fed(KEN+TZA+UGA),2015,1,exports_gdp,2016,xgb_typed,7.8120625822914,0.22606476053259605
ETH-fed(KEN+TZA+UGA),2015,1,exports_gdp,2016,lgbm_blind,7.8120625822914,8.095146470748151
ETH-fed(KEN+TZA+UGA),2015,1,exports_gdp,2016,lgbm_lag,7.8120625822914,0.22606476053259605
ETH-fed(KEN+TZA+UGA),2015,1,exports_gdp,2016,lgbm_typed,7.8120625822914,0.22606476053259605
ETH-fed(KEN+TZA+UGA),2015,1,exports_gdp,2016,tft,7.8120625822914,2.164223352156842
ETH-fed(KEN+TZA+UGA),2015,1,exports_gdp,2016,tgcn,7.8120625822914,
ETH-fed(KEN+TZA+UGA),2015,1,exports_gdp,2016,persistence_scarcity,7.8120625822914,1.5512510150678605
ETH-fed(KEN+TZA+UGA),2015,1,exports_gdp,2016,chronos_scarcity,7.8120625822914,0.04209168843153677
ETH-fed(KEN+TZA+UGA),2015,1,exports_gdp,2016,gnn_scarcity,7.8120625822914,8.133539834700787
ETH-fed(KEN+TZA+UGA),2015,3,exports_gdp,2018,persistence,8.37267815589761,0.9906354414616505
ETH-fed(KEN+TZA+UGA),2015,3,exports_gdp,2018,arima,8.37267815589761,1.5536898812790954
ETH-fed(KEN+TZA+UGA),2015,3,exports_gdp,2018,chronos,8.37267815589761,4.166384096144192
ETH-fed(KEN+TZA+UGA),2015,3,exports_gdp,2018,xgb_blind,8.37267815589761,6.275191907884128
ETH-fed(KEN+TZA+UGA),2015,3,exports_gdp,2018,xgb_lag,8.37267815589761,1.5536898812790954
ETH-fed(KEN+TZA+UGA),2015,3,exports_gdp,2018,xgb_typed,8.37267815589761,1.5536898812790954
ETH-fed(KEN+TZA+UGA),2015,3,exports_gdp,2018,lgbm_blind,8.37267815589761,7.466735735770294
ETH-fed(KEN+TZA+UGA),2015,3,exports_gdp,2018,lgbm_lag,8.37267815589761,1.5536898812790954
ETH-fed(KEN+TZA+UGA),2015,3,exports_gdp,2018,lgbm_typed,8.37267815589761,1.5536898812790954
ETH-fed(KEN+TZA+UGA),2015,3,exports_gdp,2018,tft,8.37267815589761,1.7190386104598119
ETH-fed(KEN+TZA+UGA),2015,3,exports_gdp,2018,tgcn,8.37267815589761,
ETH-fed(KEN+TZA+UGA),2015,3,exports_gdp,2018,persistence_scarcity,8.37267815589761,0.9906354414616505
ETH-fed(KEN+TZA+UGA),2015,3,exports_gdp,2018,chronos_scarcity,8.37267815589761,4.166384096144192
ETH-fed(KEN+TZA+UGA),2015,3,exports_gdp,2018,gnn_scarcity,8.37267815589761,7.475979452134617
ETH-fed(KEN+TZA+UGA),2015,5,exports_gdp,2020,persistence,7.12719989668803,2.236113700671231
ETH-fed(KEN+TZA+UGA),2015,5,exports_gdp,2020,arima,7.12719989668803,0.7206725998833123
ETH-fed(KEN+TZA+UGA),2015,5,exports_gdp,2020,chronos,7.12719989668803,2.7456400479026293
ETH-fed(KEN+TZA+UGA),2015,5,exports_gdp,2020,xgb_blind,7.12719989668803,6.096851578836873
ETH-fed(KEN+TZA+UGA),2015,5,exports_gdp,2020,xgb_lag,7.12719989668803,0.7206725998833123
ETH-fed(KEN+TZA+UGA),2015,5,exports_gdp,2020,xgb_typed,7.12719989668803,0.7206725998833123
ETH-fed(KEN+TZA+UGA),2015,5,exports_gdp,2020,lgbm_blind,7.12719989668803,8.63150546953744
ETH-fed(KEN+TZA+UGA),2015,5,exports_gdp,2020,lgbm_lag,7.12719989668803,0.7206725998833123
ETH-fed(KEN+TZA+UGA),2015,5,exports_gdp,2020,lgbm_typed,7.12719989668803,0.7206725998833123
ETH-fed(KEN+TZA+UGA),2015,5,exports_gdp,2020,tft,7.12719989668803,2.984090081339314
ETH-fed(KEN+TZA+UGA),2015,5,exports_gdp,2020,tgcn,7.12719989668803,
ETH-fed(KEN+TZA+UGA),2015,5,exports_gdp,2020,persistence_scarcity,7.12719989668803,2.236113700671231
ETH-fed(KEN+TZA+UGA),2015,5,exports_gdp,2020,chronos_scarcity,7.12719989668803,2.7456400479026293
ETH-fed(KEN+TZA+UGA),2015,5,exports_gdp,2020,gnn_scarcity,7.12719989668803,7.122241250162556
ETH-fed(KEN+TZA+UGA),2015,1,imports_gdp,2016,persistence,27.0869584993198,3.2058520482724013
ETH-fed(KEN+TZA+UGA),2015,1,imports_gdp,2016,arima,27.0869584993198,3.1432169785693667
ETH-fed(KEN+TZA+UGA),2015,1,imports_gdp,2016,chronos,27.0869584993198,4.359408764474146
ETH-fed(KEN+TZA+UGA),2015,1,imports_gdp,2016,xgb_blind,27.0869584993198,2.778388409249537
ETH-fed(KEN+TZA+UGA),2015,1,imports_gdp,2016,xgb_lag,27.0869584993198,3.1432169785693667
ETH-fed(KEN+TZA+UGA),2015,1,imports_gdp,2016,xgb_typed,27.0869584993198,3.1432169785693667
ETH-fed(KEN+TZA+UGA),2015,1,imports_gdp,2016,lgbm_blind,27.0869584993198,4.212173733346216
ETH-fed(KEN+TZA+UGA),2015,1,imports_gdp,2016,lgbm_lag,27.0869584993198,3.1432169785693667
ETH-fed(KEN+TZA+UGA),2015,1,imports_gdp,2016,lgbm_typed,27.0869584993198,3.1432169785693667
ETH-fed(KEN+TZA+UGA),2015,1,imports_gdp,2016,tft,27.0869584993198,3.0822042509243417
ETH-fed(KEN+TZA+UGA),2015,1,imports_gdp,2016,tgcn,27.0869584993198,
ETH-fed(KEN+TZA+UGA),2015,1,imports_gdp,2016,persistence_scarcity,27.0869584993198,3.2058520482724013
ETH-fed(KEN+TZA+UGA),2015,1,imports_gdp,2016,chronos_scarcity,27.0869584993198,4.359408764474146
ETH-fed(KEN+TZA+UGA),2015,1,imports_gdp,2016,gnn_scarcity,27.0869584993198,4.224810986153834
ETH-fed(KEN+TZA+UGA),2015,3,imports_gdp,2018,persistence,22.8266908218905,7.466119725701699
ETH-fed(KEN+TZA+UGA),2015,3,imports_gdp,2018,arima,22.8266908218905,7.406599625877195
ETH-fed(KEN+TZA+UGA),2015,3,imports_gdp,2018,chronos,22.8266908218905,8.619676441903444
ETH-fed(KEN+TZA+UGA),2015,3,imports_gdp,2018,xgb_blind,22.8266908218905,8.696803898568483
ETH-fed(KEN+TZA+UGA),2015,3,imports_gdp,2018,xgb_lag,22.8266908218905,7.406599625877195
ETH-fed(KEN+TZA+UGA),2015,3,imports_gdp,2018,xgb_typed,22.8266908218905,7.406599625877195
ETH-fed(KEN+TZA+UGA),2015,3,imports_gdp,2018,lgbm_blind,22.8266908218905,8.45096755770571
ETH-fed(KEN+TZA+UGA),2015,3,imports_gdp,2018,lgbm_lag,22.8266908218905,7.406599625877195
ETH-fed(KEN+TZA+UGA),2015,3,imports_gdp,2018,lgbm_typed,22.8266908218905,7.406599625877195
ETH-fed(KEN+TZA+UGA),2015,3,imports_gdp,2018,tft,22.8266908218905,7.352445454354616
ETH-fed(KEN+TZA+UGA),2015,3,imports_gdp,2018,tgcn,22.8266908218905,
ETH-fed(KEN+TZA+UGA),2015,3,imports_gdp,2018,persistence_scarcity,22.8266908218905,7.466119725701699
ETH-fed(KEN+TZA+UGA),2015,3,imports_gdp,2018,chronos_scarcity,22.8266908218905,8.619676441903444
ETH-fed(KEN+TZA+UGA),2015,3,imports_gdp,2018,gnn_scarcity,22.8266908218905,8.44887718653235
ETH-fed(KEN+TZA+UGA),2015,5,imports_gdp,2020,persistence,16.8789144434913,13.4138961041009
ETH-fed(KEN+TZA+UGA),2015,5,imports_gdp,2020,arima,16.8789144434913,13.35438458563388
ETH-fed(KEN+TZA+UGA),2015,5,imports_gdp,2020,chronos,16.8789144434913,14.452678116323153
ETH-fed(KEN+TZA+UGA),2015,5,imports_gdp,2020,xgb_blind,16.8789144434913,13.86578312730948
ETH-fed(KEN+TZA+UGA),2015,5,imports_gdp,2020,xgb_lag,16.8789144434913,13.35438458563388
ETH-fed(KEN+TZA+UGA),2015,5,imports_gdp,2020,xgb_typed,16.8789144434913,13.35438458563388
ETH-fed(KEN+TZA+UGA),2015,5,imports_gdp,2020,lgbm_blind,16.8789144434913,14.373179825307528
ETH-fed(KEN+TZA+UGA),2015,5,imports_gdp,2020,lgbm_lag,16.8789144434913,13.35438458563388
ETH-fed(KEN+TZA+UGA),2015,5,imports_gdp,2020,lgbm_typed,16.8789144434913,13.35438458563388
ETH-fed(KEN+TZA+UGA),2015,5,imports_gdp,2020,tft,16.8789144434913,13.299422653676668
ETH-fed(KEN+TZA+UGA),2015,5,imports_gdp,2020,tgcn,16.8789144434913,
ETH-fed(KEN+TZA+UGA),2015,5,imports_gdp,2020,persistence_scarcity,16.8789144434913,13.4138961041009
ETH-fed(KEN+TZA+UGA),2015,5,imports_gdp,2020,chronos_scarcity,16.8789144434913,14.452678116323153
ETH-fed(KEN+TZA+UGA),2015,5,imports_gdp,2020,gnn_scarcity,16.8789144434913,13.799458893300692
ETH-fed(KEN+TZA+UGA),2015,1,current_account,2016,persistence,-11.5449209376397,0.6389117802354995
ETH-fed(KEN+TZA+UGA),2015,1,current_account,2016,arima,-11.5449209376397,0.4051809688830428
ETH-fed(KEN+TZA+UGA),2015,1,current_account,2016,chronos,-11.5449209376397,1.232018487078177
ETH-fed(KEN+TZA+UGA),2015,1,current_account,2016,xgb_blind,-11.5449209376397,4.480518834215628
ETH-fed(KEN+TZA+UGA),2015,1,current_account,2016,xgb_lag,-11.5449209376397,0.4051809688830428
ETH-fed(KEN+TZA+UGA),2015,1,current_account,2016,xgb_typed,-11.5449209376397,0.4051809688830428
ETH-fed(KEN+TZA+UGA),2015,1,current_account,2016,lgbm_blind,-11.5449209376397,7.306910009008871
ETH-fed(KEN+TZA+UGA),2015,1,current_account,2016,lgbm_lag,-11.5449209376397,0.4051809688830428
ETH-fed(KEN+TZA+UGA),2015,1,current_account,2016,lgbm_typed,-11.5449209376397,0.4051809688830428
ETH-fed(KEN+TZA+UGA),2015,1,current_account,2016,tft,-11.5449209376397,1.206955893414987
ETH-fed(KEN+TZA+UGA),2015,1,current_account,2016,tgcn,-11.5449209376397,
ETH-fed(KEN+TZA+UGA),2015,1,current_account,2016,persistence_scarcity,-11.5449209376397,0.6389117802354995
ETH-fed(KEN+TZA+UGA),2015,1,current_account,2016,chronos_scarcity,-11.5449209376397,1.232018487078177
ETH-fed(KEN+TZA+UGA),2015,1,current_account,2016,gnn_scarcity,-11.5449209376397,7.398073689562308
ETH-fed(KEN+TZA+UGA),2015,3,current_account,2018,persistence,-5.53324917435327,6.65058354352193
ETH-fed(KEN+TZA+UGA),2015,3,current_account,2018,arima,-5.53324917435327,6.443191341098504
ETH-fed(KEN+TZA+UGA),2015,3,current_account,2018,chronos,-5.53324917435327,1.0026323449643568
ETH-fed(KEN+TZA+UGA),2015,3,current_account,2018,xgb_blind,-5.53324917435327,3.445783342126222
ETH-fed(KEN+TZA+UGA),2015,3,current_account,2018,xgb_lag,-5.53324917435327,6.443191341098504
ETH-fed(KEN+TZA+UGA),2015,3,current_account,2018,xgb_typed,-5.53324917435327,6.443191341098504
ETH-fed(KEN+TZA+UGA),2015,3,current_account,2018,lgbm_blind,-5.53324917435327,0.9427265533643414
ETH-fed(KEN+TZA+UGA),2015,3,current_account,2018,lgbm_lag,-5.53324917435327,6.443191341098504
ETH-fed(KEN+TZA+UGA),2015,3,current_account,2018,lgbm_typed,-5.53324917435327,6.443191341098504
ETH-fed(KEN+TZA+UGA),2015,3,current_account,2018,tft,-5.53324917435327,7.02931186080298
ETH-fed(KEN+TZA+UGA),2015,3,current_account,2018,tgcn,-5.53324917435327,
ETH-fed(KEN+TZA+UGA),2015,3,current_account,2018,persistence_scarcity,-5.53324917435327,6.65058354352193
ETH-fed(KEN+TZA+UGA),2015,3,current_account,2018,chronos_scarcity,-5.53324917435327,1.0026323449643568
ETH-fed(KEN+TZA+UGA),2015,3,current_account,2018,gnn_scarcity,-5.53324917435327,1.1706045019594713
ETH-fed(KEN+TZA+UGA),2015,5,current_account,2020,persistence,-2.75526110015443,9.42857161772077
ETH-fed(KEN+TZA+UGA),2015,5,current_account,2020,arima,-2.75526110015443,9.221620734194387
ETH-fed(KEN+TZA+UGA),2015,5,current_account,2020,chronos,-2.75526110015443,1.8264268270916637
ETH-fed(KEN+TZA+UGA),2015,5,current_account,2020,xgb_blind,-2.75526110015443,3.722820126194447
ETH-fed(KEN+TZA+UGA),2015,5,current_account,2020,xgb_lag,-2.75526110015443,9.221620734194387
ETH-fed(KEN+TZA+UGA),2015,5,current_account,2020,xgb_typed,-2.75526110015443,9.221620734194387
ETH-fed(KEN+TZA+UGA),2015,5,current_account,2020,lgbm_blind,-2.75526110015443,2.3302559288131097
ETH-fed(KEN+TZA+UGA),2015,5,current_account,2020,lgbm_lag,-2.75526110015443,9.221620734194387
ETH-fed(KEN+TZA+UGA),2015,5,current_account,2020,lgbm_typed,-2.75526110015443,9.221620734194387
ETH-fed(KEN+TZA+UGA),2015,5,current_account,2020,tft,-2.75526110015443,9.778373085636586
ETH-fed(KEN+TZA+UGA),2015,5,current_account,2020,tgcn,-2.75526110015443,
ETH-fed(KEN+TZA+UGA),2015,5,current_account,2020,persistence_scarcity,-2.75526110015443,9.42857161772077
ETH-fed(KEN+TZA+UGA),2015,5,current_account,2020,chronos_scarcity,-2.75526110015443,1.8264268270916637
ETH-fed(KEN+TZA+UGA),2015,5,current_account,2020,gnn_scarcity,-2.75526110015443,5.1672409407086075
ETH-fed(KEN+TZA+UGA),2015,1,real_interest_rate,2016,persistence,-17.1217762401546,0.0
ETH-fed(KEN+TZA+UGA),2015,1,real_interest_rate,2016,arima,-17.1217762401546,0.0
ETH-fed(KEN+TZA+UGA),2015,1,real_interest_rate,2016,chronos,-17.1217762401546,0.01048626212725523
ETH-fed(KEN+TZA+UGA),2015,1,real_interest_rate,2016,xgb_blind,-17.1217762401546,1.259053843304013
ETH-fed(KEN+TZA+UGA),2015,1,real_interest_rate,2016,xgb_lag,-17.1217762401546,0.0
ETH-fed(KEN+TZA+UGA),2015,1,real_interest_rate,2016,xgb_typed,-17.1217762401546,0.0
ETH-fed(KEN+TZA+UGA),2015,1,real_interest_rate,2016,lgbm_blind,-17.1217762401546,13.885489356800413
ETH-fed(KEN+TZA+UGA),2015,1,real_interest_rate,2016,lgbm_lag,-17.1217762401546,0.0
ETH-fed(KEN+TZA+UGA),2015,1,real_interest_rate,2016,lgbm_typed,-17.1217762401546,0.0
ETH-fed(KEN+TZA+UGA),2015,1,real_interest_rate,2016,tft,-17.1217762401546,0.07665409354815367
ETH-fed(KEN+TZA+UGA),2015,1,real_interest_rate,2016,tgcn,-17.1217762401546,
ETH-fed(KEN+TZA+UGA),2015,1,real_interest_rate,2016,persistence_scarcity,-17.1217762401546,0.0
ETH-fed(KEN+TZA+UGA),2015,1,real_interest_rate,2016,chronos_scarcity,-17.1217762401546,0.01048626212725523
ETH-fed(KEN+TZA+UGA),2015,1,real_interest_rate,2016,gnn_scarcity,-17.1217762401546,14.163759367748593
ETH-fed(KEN+TZA+UGA),2015,3,real_interest_rate,2018,persistence,-17.1217762401546,0.0
ETH-fed(KEN+TZA+UGA),2015,3,real_interest_rate,2018,arima,-17.1217762401546,0.0
ETH-fed(KEN+TZA+UGA),2015,3,real_interest_rate,2018,chronos,-17.1217762401546,0.01048626212725523
ETH-fed(KEN+TZA+UGA),2015,3,real_interest_rate,2018,xgb_blind,-17.1217762401546,0.19414867667803648
ETH-fed(KEN+TZA+UGA),2015,3,real_interest_rate,2018,xgb_lag,-17.1217762401546,0.0
ETH-fed(KEN+TZA+UGA),2015,3,real_interest_rate,2018,xgb_typed,-17.1217762401546,0.0
ETH-fed(KEN+TZA+UGA),2015,3,real_interest_rate,2018,lgbm_blind,-17.1217762401546,14.365247349503393
ETH-fed(KEN+TZA+UGA),2015,3,real_interest_rate,2018,lgbm_lag,-17.1217762401546,0.0
ETH-fed(KEN+TZA+UGA),2015,3,real_interest_rate,2018,lgbm_typed,-17.1217762401546,0.0
ETH-fed(KEN+TZA+UGA),2015,3,real_interest_rate,2018,tft,-17.1217762401546,0.06108440665850523
ETH-fed(KEN+TZA+UGA),2015,3,real_interest_rate,2018,tgcn,-17.1217762401546,
ETH-fed(KEN+TZA+UGA),2015,3,real_interest_rate,2018,persistence_scarcity,-17.1217762401546,0.0
ETH-fed(KEN+TZA+UGA),2015,3,real_interest_rate,2018,chronos_scarcity,-17.1217762401546,0.01048626212725523
ETH-fed(KEN+TZA+UGA),2015,3,real_interest_rate,2018,gnn_scarcity,-17.1217762401546,13.561854021831845
ETH-fed(KEN+TZA+UGA),2015,5,real_interest_rate,2020,persistence,-17.1217762401546,0.0
ETH-fed(KEN+TZA+UGA),2015,5,real_interest_rate,2020,arima,-17.1217762401546,0.0
ETH-fed(KEN+TZA+UGA),2015,5,real_interest_rate,2020,chronos,-17.1217762401546,0.01048626212725523
ETH-fed(KEN+TZA+UGA),2015,5,real_interest_rate,2020,xgb_blind,-17.1217762401546,0.26413692741045836
ETH-fed(KEN+TZA+UGA),2015,5,real_interest_rate,2020,xgb_lag,-17.1217762401546,0.0
ETH-fed(KEN+TZA+UGA),2015,5,real_interest_rate,2020,xgb_typed,-17.1217762401546,0.0
ETH-fed(KEN+TZA+UGA),2015,5,real_interest_rate,2020,lgbm_blind,-17.1217762401546,13.549045835164538
ETH-fed(KEN+TZA+UGA),2015,5,real_interest_rate,2020,lgbm_lag,-17.1217762401546,0.0
ETH-fed(KEN+TZA+UGA),2015,5,real_interest_rate,2020,lgbm_typed,-17.1217762401546,0.0
ETH-fed(KEN+TZA+UGA),2015,5,real_interest_rate,2020,tft,-17.1217762401546,0.05806125907549742
ETH-fed(KEN+TZA+UGA),2015,5,real_interest_rate,2020,tgcn,-17.1217762401546,
ETH-fed(KEN+TZA+UGA),2015,5,real_interest_rate,2020,persistence_scarcity,-17.1217762401546,0.0
ETH-fed(KEN+TZA+UGA),2015,5,real_interest_rate,2020,chronos_scarcity,-17.1217762401546,0.01048626212725523
ETH-fed(KEN+TZA+UGA),2015,5,real_interest_rate,2020,gnn_scarcity,-17.1217762401546,3.632656710430478
ETH-fed(KEN+TZA+UGA),2015,1,broad_money,2016,persistence,33.9671207502096,0.0
ETH-fed(KEN+TZA+UGA),2015,1,broad_money,2016,arima,33.9671207502096,0.0
ETH-fed(KEN+TZA+UGA),2015,1,broad_money,2016,chronos,33.9671207502096,0.002594368198600705
ETH-fed(KEN+TZA+UGA),2015,1,broad_money,2016,xgb_blind,33.9671207502096,0.7723583147318038
ETH-fed(KEN+TZA+UGA),2015,1,broad_money,2016,xgb_lag,33.9671207502096,0.0
ETH-fed(KEN+TZA+UGA),2015,1,broad_money,2016,xgb_typed,33.9671207502096,0.0
ETH-fed(KEN+TZA+UGA),2015,1,broad_money,2016,lgbm_blind,33.9671207502096,1.155200035312859
ETH-fed(KEN+TZA+UGA),2015,1,broad_money,2016,lgbm_lag,33.9671207502096,0.0
ETH-fed(KEN+TZA+UGA),2015,1,broad_money,2016,lgbm_typed,33.9671207502096,0.0
ETH-fed(KEN+TZA+UGA),2015,1,broad_money,2016,tft,33.9671207502096,0.07665290091344445
ETH-fed(KEN+TZA+UGA),2015,1,broad_money,2016,tgcn,33.9671207502096,
ETH-fed(KEN+TZA+UGA),2015,1,broad_money,2016,persistence_scarcity,33.9671207502096,0.0
ETH-fed(KEN+TZA+UGA),2015,1,broad_money,2016,chronos_scarcity,33.9671207502096,0.002594368198600705
ETH-fed(KEN+TZA+UGA),2015,1,broad_money,2016,gnn_scarcity,33.9671207502096,0.8951076433450851
ETH-fed(KEN+TZA+UGA),2015,3,broad_money,2018,persistence,33.9671207502096,0.0
ETH-fed(KEN+TZA+UGA),2015,3,broad_money,2018,arima,33.9671207502096,0.0
ETH-fed(KEN+TZA+UGA),2015,3,broad_money,2018,chronos,33.9671207502096,0.002594368198600705
ETH-fed(KEN+TZA+UGA),2015,3,broad_money,2018,xgb_blind,33.9671207502096,0.05437050606897742
ETH-fed(KEN+TZA+UGA),2015,3,broad_money,2018,xgb_lag,33.9671207502096,0.0
ETH-fed(KEN+TZA+UGA),2015,3,broad_money,2018,xgb_typed,33.9671207502096,0.0
ETH-fed(KEN+TZA+UGA),2015,3,broad_money,2018,lgbm_blind,33.9671207502096,1.5649482487076867
ETH-fed(KEN+TZA+UGA),2015,3,broad_money,2018,lgbm_lag,33.9671207502096,0.0
ETH-fed(KEN+TZA+UGA),2015,3,broad_money,2018,lgbm_typed,33.9671207502096,0.0
ETH-fed(KEN+TZA+UGA),2015,3,broad_money,2018,tft,33.9671207502096,0.06108512137242883
ETH-fed(KEN+TZA+UGA),2015,3,broad_money,2018,tgcn,33.9671207502096,
ETH-fed(KEN+TZA+UGA),2015,3,broad_money,2018,persistence_scarcity,33.9671207502096,0.0
ETH-fed(KEN+TZA+UGA),2015,3,broad_money,2018,chronos_scarcity,33.9671207502096,0.002594368198600705
ETH-fed(KEN+TZA+UGA),2015,3,broad_money,2018,gnn_scarcity,33.9671207502096,0.6170658037454757
ETH-fed(KEN+TZA+UGA),2015,5,broad_money,2020,persistence,33.9671207502096,0.0
ETH-fed(KEN+TZA+UGA),2015,5,broad_money,2020,arima,33.9671207502096,0.0
ETH-fed(KEN+TZA+UGA),2015,5,broad_money,2020,chronos,33.9671207502096,0.002594368198600705
ETH-fed(KEN+TZA+UGA),2015,5,broad_money,2020,xgb_blind,33.9671207502096,0.00724448416539758
ETH-fed(KEN+TZA+UGA),2015,5,broad_money,2020,xgb_lag,33.9671207502096,0.0
ETH-fed(KEN+TZA+UGA),2015,5,broad_money,2020,xgb_typed,33.9671207502096,0.0
ETH-fed(KEN+TZA+UGA),2015,5,broad_money,2020,lgbm_blind,33.9671207502096,2.18020749032123
ETH-fed(KEN+TZA+UGA),2015,5,broad_money,2020,lgbm_lag,33.9671207502096,0.0
ETH-fed(KEN+TZA+UGA),2015,5,broad_money,2020,lgbm_typed,33.9671207502096,0.0
ETH-fed(KEN+TZA+UGA),2015,5,broad_money,2020,tft,33.9671207502096,0.05806388113805383
ETH-fed(KEN+TZA+UGA),2015,5,broad_money,2020,tgcn,33.9671207502096,
ETH-fed(KEN+TZA+UGA),2015,5,broad_money,2020,persistence_scarcity,33.9671207502096,0.0
ETH-fed(KEN+TZA+UGA),2015,5,broad_money,2020,chronos_scarcity,33.9671207502096,0.002594368198600705
ETH-fed(KEN+TZA+UGA),2015,5,broad_money,2020,gnn_scarcity,33.9671207502096,3.969627006313118
ETH-fed(KEN+TZA+UGA),2015,1,private_credit,2016,persistence,17.7101483486321,0.0
ETH-fed(KEN+TZA+UGA),2015,1,private_credit,2016,arima,17.7101483486321,0.0
ETH-fed(KEN+TZA+UGA),2015,1,private_credit,2016,chronos,17.7101483486321,0.04515026586985371
ETH-fed(KEN+TZA+UGA),2015,1,private_credit,2016,xgb_blind,17.7101483486321,0.9187502719733693
ETH-fed(KEN+TZA+UGA),2015,1,private_credit,2016,xgb_lag,17.7101483486321,0.0
ETH-fed(KEN+TZA+UGA),2015,1,private_credit,2016,xgb_typed,17.7101483486321,0.0
ETH-fed(KEN+TZA+UGA),2015,1,private_credit,2016,lgbm_blind,17.7101483486321,3.044221744361165
ETH-fed(KEN+TZA+UGA),2015,1,private_credit,2016,lgbm_lag,17.7101483486321,0.0
ETH-fed(KEN+TZA+UGA),2015,1,private_credit,2016,lgbm_typed,17.7101483486321,0.0
ETH-fed(KEN+TZA+UGA),2015,1,private_credit,2016,tft,17.7101483486321,0.07665394323801777
ETH-fed(KEN+TZA+UGA),2015,1,private_credit,2016,tgcn,17.7101483486321,
ETH-fed(KEN+TZA+UGA),2015,1,private_credit,2016,persistence_scarcity,17.7101483486321,0.0
ETH-fed(KEN+TZA+UGA),2015,1,private_credit,2016,chronos_scarcity,17.7101483486321,0.04515026586985371
ETH-fed(KEN+TZA+UGA),2015,1,private_credit,2016,gnn_scarcity,17.7101483486321,3.51981402856374
ETH-fed(KEN+TZA+UGA),2015,3,private_credit,2018,persistence,17.7101483486321,0.0
ETH-fed(KEN+TZA+UGA),2015,3,private_credit,2018,arima,17.7101483486321,0.0
ETH-fed(KEN+TZA+UGA),2015,3,private_credit,2018,chronos,17.7101483486321,0.04515026586985371
ETH-fed(KEN+TZA+UGA),2015,3,private_credit,2018,xgb_blind,17.7101483486321,0.2924866817619822
ETH-fed(KEN+TZA+UGA),2015,3,private_credit,2018,xgb_lag,17.7101483486321,0.0
ETH-fed(KEN+TZA+UGA),2015,3,private_credit,2018,xgb_typed,17.7101483486321,0.0
ETH-fed(KEN+TZA+UGA),2015,3,private_credit,2018,lgbm_blind,17.7101483486321,1.9215347597184724
ETH-fed(KEN+TZA+UGA),2015,3,private_credit,2018,lgbm_lag,17.7101483486321,0.0
ETH-fed(KEN+TZA+UGA),2015,3,private_credit,2018,lgbm_typed,17.7101483486321,0.0
ETH-fed(KEN+TZA+UGA),2015,3,private_credit,2018,tft,17.7101483486321,0.06108425634836934
ETH-fed(KEN+TZA+UGA),2015,3,private_credit,2018,tgcn,17.7101483486321,
ETH-fed(KEN+TZA+UGA),2015,3,private_credit,2018,persistence_scarcity,17.7101483486321,0.0
ETH-fed(KEN+TZA+UGA),2015,3,private_credit,2018,chronos_scarcity,17.7101483486321,0.04515026586985371
ETH-fed(KEN+TZA+UGA),2015,3,private_credit,2018,gnn_scarcity,17.7101483486321,3.838570132079365
ETH-fed(KEN+TZA+UGA),2015,5,private_credit,2020,persistence,17.7101483486321,0.0
ETH-fed(KEN+TZA+UGA),2015,5,private_credit,2020,arima,17.7101483486321,0.0
ETH-fed(KEN+TZA+UGA),2015,5,private_credit,2020,chronos,17.7101483486321,0.04515026586985371
ETH-fed(KEN+TZA+UGA),2015,5,private_credit,2020,xgb_blind,17.7101483486321,0.016895785155536913
ETH-fed(KEN+TZA+UGA),2015,5,private_credit,2020,xgb_lag,17.7101483486321,0.0
ETH-fed(KEN+TZA+UGA),2015,5,private_credit,2020,xgb_typed,17.7101483486321,0.0
ETH-fed(KEN+TZA+UGA),2015,5,private_credit,2020,lgbm_blind,17.7101483486321,0.8146203500257343
ETH-fed(KEN+TZA+UGA),2015,5,private_credit,2020,lgbm_lag,17.7101483486321,0.0
ETH-fed(KEN+TZA+UGA),2015,5,private_credit,2020,lgbm_typed,17.7101483486321,0.0
ETH-fed(KEN+TZA+UGA),2015,5,private_credit,2020,tft,17.7101483486321,0.058061108765361524
ETH-fed(KEN+TZA+UGA),2015,5,private_credit,2020,tgcn,17.7101483486321,
ETH-fed(KEN+TZA+UGA),2015,5,private_credit,2020,persistence_scarcity,17.7101483486321,0.0
ETH-fed(KEN+TZA+UGA),2015,5,private_credit,2020,chronos_scarcity,17.7101483486321,0.04515026586985371
ETH-fed(KEN+TZA+UGA),2015,5,private_credit,2020,gnn_scarcity,17.7101483486321,9.096851839843037
ETH-fed(KEN+TZA+UGA),2015,1,govt_consumption,2016,persistence,11.0526402184145,2.038851642384069
ETH-fed(KEN+TZA+UGA),2015,1,govt_consumption,2016,arima,11.0526402184145,1.9797191366220197
ETH-fed(KEN+TZA+UGA),2015,1,govt_consumption,2016,chronos,11.0526402184145,2.0215828606264132
ETH-fed(KEN+TZA+UGA),2015,1,govt_consumption,2016,xgb_blind,11.0526402184145,2.0112898537294406
ETH-fed(KEN+TZA+UGA),2015,1,govt_consumption,2016,xgb_lag,11.0526402184145,1.9797191366220197
ETH-fed(KEN+TZA+UGA),2015,1,govt_consumption,2016,xgb_typed,11.0526402184145,1.9797191366220197
ETH-fed(KEN+TZA+UGA),2015,1,govt_consumption,2016,lgbm_blind,11.0526402184145,0.9644719597475078
ETH-fed(KEN+TZA+UGA),2015,1,govt_consumption,2016,lgbm_lag,11.0526402184145,1.9797191366220197
ETH-fed(KEN+TZA+UGA),2015,1,govt_consumption,2016,lgbm_typed,11.0526402184145,1.9797191366220197
ETH-fed(KEN+TZA+UGA),2015,1,govt_consumption,2016,tft,11.0526402184145,2.0240204521791476
ETH-fed(KEN+TZA+UGA),2015,1,govt_consumption,2016,tgcn,11.0526402184145,
ETH-fed(KEN+TZA+UGA),2015,1,govt_consumption,2016,persistence_scarcity,11.0526402184145,2.038851642384069
ETH-fed(KEN+TZA+UGA),2015,1,govt_consumption,2016,chronos_scarcity,11.0526402184145,2.0215828606264132
ETH-fed(KEN+TZA+UGA),2015,1,govt_consumption,2016,gnn_scarcity,11.0526402184145,0.9532053658144015
ETH-fed(KEN+TZA+UGA),2015,3,govt_consumption,2018,persistence,10.2500179989793,1.2362294229488704
ETH-fed(KEN+TZA+UGA),2015,3,govt_consumption,2018,arima,10.2500179989793,1.1882070080111138
ETH-fed(KEN+TZA+UGA),2015,3,govt_consumption,2018,chronos,10.2500179989793,1.2189606411912148
ETH-fed(KEN+TZA+UGA),2015,3,govt_consumption,2018,xgb_blind,10.2500179989793,1.3848761303879922
ETH-fed(KEN+TZA+UGA),2015,3,govt_consumption,2018,xgb_lag,10.2500179989793,1.1882070080111138
ETH-fed(KEN+TZA+UGA),2015,3,govt_consumption,2018,xgb_typed,10.2500179989793,1.1882070080111138
ETH-fed(KEN+TZA+UGA),2015,3,govt_consumption,2018,lgbm_blind,10.2500179989793,0.18185649066790432
ETH-fed(KEN+TZA+UGA),2015,3,govt_consumption,2018,lgbm_lag,10.2500179989793,1.1882070080111138
ETH-fed(KEN+TZA+UGA),2015,3,govt_consumption,2018,lgbm_typed,10.2500179989793,1.1882070080111138
ETH-fed(KEN+TZA+UGA),2015,3,govt_consumption,2018,tft,10.2500179989793,1.2244089825608437
ETH-fed(KEN+TZA+UGA),2015,3,govt_consumption,2018,tgcn,10.2500179989793,
ETH-fed(KEN+TZA+UGA),2015,3,govt_consumption,2018,persistence_scarcity,10.2500179989793,1.2362294229488704
ETH-fed(KEN+TZA+UGA),2015,3,govt_consumption,2018,chronos_scarcity,10.2500179989793,1.2189606411912148
ETH-fed(KEN+TZA+UGA),2015,3,govt_consumption,2018,gnn_scarcity,10.2500179989793,0.17845237092754296
ETH-fed(KEN+TZA+UGA),2015,5,govt_consumption,2020,persistence,9.12947509940408,0.11568652337365037
ETH-fed(KEN+TZA+UGA),2015,5,govt_consumption,2020,arima,9.12947509940408,0.06836277592758577
ETH-fed(KEN+TZA+UGA),2015,5,govt_consumption,2020,chronos,9.12947509940408,0.024392587502225282
ETH-fed(KEN+TZA+UGA),2015,5,govt_consumption,2020,xgb_blind,9.12947509940408,0.07316349204324091
ETH-fed(KEN+TZA+UGA),2015,5,govt_consumption,2020,xgb_lag,9.12947509940408,0.06836277592758577
ETH-fed(KEN+TZA+UGA),2015,5,govt_consumption,2020,xgb_typed,9.12947509940408,0.06836277592758577
ETH-fed(KEN+TZA+UGA),2015,5,govt_consumption,2020,lgbm_blind,9.12947509940408,0.9148688489601771
ETH-fed(KEN+TZA+UGA),2015,5,govt_consumption,2020,lgbm_lag,9.12947509940408,0.06836277592758577
ETH-fed(KEN+TZA+UGA),2015,5,govt_consumption,2020,lgbm_typed,9.12947509940408,0.06836277592758577
ETH-fed(KEN+TZA+UGA),2015,5,govt_consumption,2020,tft,9.12947509940408,0.1032671755149206
ETH-fed(KEN+TZA+UGA),2015,5,govt_consumption,2020,tgcn,9.12947509940408,
ETH-fed(KEN+TZA+UGA),2015,5,govt_consumption,2020,persistence_scarcity,9.12947509940408,0.11568652337365037
ETH-fed(KEN+TZA+UGA),2015,5,govt_consumption,2020,chronos_scarcity,9.12947509940408,0.024392587502225282
ETH-fed(KEN+TZA+UGA),2015,5,govt_consumption,2020,gnn_scarcity,9.12947509940408,0.4823517972633997
ETH-fed(KEN+TZA+UGA),2016,1,gdp_growth,2017,persistence,9.56418965754014,0.13070699772108973
ETH-fed(KEN+TZA+UGA),2016,1,gdp_growth,2017,arima,9.56418965754014,0.16541627598518893
ETH-fed(KEN+TZA+UGA),2016,1,gdp_growth,2017,chronos,9.56418965754014,0.511896386771383
ETH-fed(KEN+TZA+UGA),2016,1,gdp_growth,2017,xgb_blind,9.56418965754014,0.1776120513389685
ETH-fed(KEN+TZA+UGA),2016,1,gdp_growth,2017,xgb_lag,9.56418965754014,0.16541627598518893
ETH-fed(KEN+TZA+UGA),2016,1,gdp_growth,2017,xgb_typed,9.56418965754014,0.16541627598518893
ETH-fed(KEN+TZA+UGA),2016,1,gdp_growth,2017,lgbm_blind,9.56418965754014,2.719650437023642
ETH-fed(KEN+TZA+UGA),2016,1,gdp_growth,2017,lgbm_lag,9.56418965754014,0.16541627598518893
ETH-fed(KEN+TZA+UGA),2016,1,gdp_growth,2017,lgbm_typed,9.56418965754014,0.16541627598518893
ETH-fed(KEN+TZA+UGA),2016,1,gdp_growth,2017,tft,9.56418965754014,0.36454226079482055
ETH-fed(KEN+TZA+UGA),2016,1,gdp_growth,2017,tgcn,9.56418965754014,
ETH-fed(KEN+TZA+UGA),2016,1,gdp_growth,2017,persistence_scarcity,9.56418965754014,0.13070699772108973
ETH-fed(KEN+TZA+UGA),2016,1,gdp_growth,2017,chronos_scarcity,9.56418965754014,0.511896386771383
ETH-fed(KEN+TZA+UGA),2016,1,gdp_growth,2017,gnn_scarcity,9.56418965754014,2.8517596572349646
ETH-fed(KEN+TZA+UGA),2016,3,gdp_growth,2019,persistence,8.36408573314054,1.069396926678511
ETH-fed(KEN+TZA+UGA),2016,3,gdp_growth,2019,arima,8.36408573314054,1.3023160550463455
ETH-fed(KEN+TZA+UGA),2016,3,gdp_growth,2019,chronos,8.36408573314054,1.5906013853897338
ETH-fed(KEN+TZA+UGA),2016,3,gdp_growth,2019,xgb_blind,8.36408573314054,2.3883184798111206
ETH-fed(KEN+TZA+UGA),2016,3,gdp_growth,2019,xgb_lag,8.36408573314054,1.3023160550463455
ETH-fed(KEN+TZA+UGA),2016,3,gdp_growth,2019,xgb_typed,8.36408573314054,1.3023160550463455
ETH-fed(KEN+TZA+UGA),2016,3,gdp_growth,2019,lgbm_blind,8.36408573314054,0.29041989569369164
ETH-fed(KEN+TZA+UGA),2016,3,gdp_growth,2019,lgbm_lag,8.36408573314054,1.3023160550463455
ETH-fed(KEN+TZA+UGA),2016,3,gdp_growth,2019,lgbm_typed,8.36408573314054,1.3023160550463455
ETH-fed(KEN+TZA+UGA),2016,3,gdp_growth,2019,tft,8.36408573314054,1.588834226881433
ETH-fed(KEN+TZA+UGA),2016,3,gdp_growth,2019,tgcn,8.36408573314054,
ETH-fed(KEN+TZA+UGA),2016,3,gdp_growth,2019,persistence_scarcity,8.36408573314054,1.069396926678511
ETH-fed(KEN+TZA+UGA),2016,3,gdp_growth,2019,chronos_scarcity,8.36408573314054,1.5906013853897338
ETH-fed(KEN+TZA+UGA),2016,3,gdp_growth,2019,gnn_scarcity,8.36408573314054,1.9123082749496216
ETH-fed(KEN+TZA+UGA),2016,5,gdp_growth,2021,persistence,5.64153069257077,3.7919519672482807
ETH-fed(KEN+TZA+UGA),2016,5,gdp_growth,2021,arima,5.64153069257077,4.018844511447602
ETH-fed(KEN+TZA+UGA),2016,5,gdp_growth,2021,chronos,5.64153069257077,4.1614068150586245
ETH-fed(KEN+TZA+UGA),2016,5,gdp_growth,2021,xgb_blind,5.64153069257077,4.2224677205151675
ETH-fed(KEN+TZA+UGA),2016,5,gdp_growth,2021,xgb_lag,5.64153069257077,4.018844511447602
ETH-fed(KEN+TZA+UGA),2016,5,gdp_growth,2021,xgb_typed,5.64153069257077,4.018844511447602
ETH-fed(KEN+TZA+UGA),2016,5,gdp_growth,2021,lgbm_blind,5.64153069257077,2.423704846345384
ETH-fed(KEN+TZA+UGA),2016,5,gdp_growth,2021,lgbm_lag,5.64153069257077,4.018844511447602
ETH-fed(KEN+TZA+UGA),2016,5,gdp_growth,2021,lgbm_typed,5.64153069257077,4.018844511447602
ETH-fed(KEN+TZA+UGA),2016,5,gdp_growth,2021,tft,5.64153069257077,4.321464836604035
ETH-fed(KEN+TZA+UGA),2016,5,gdp_growth,2021,tgcn,5.64153069257077,
ETH-fed(KEN+TZA+UGA),2016,5,gdp_growth,2021,persistence_scarcity,5.64153069257077,3.7919519672482807
ETH-fed(KEN+TZA+UGA),2016,5,gdp_growth,2021,chronos_scarcity,5.64153069257077,4.1614068150586245
ETH-fed(KEN+TZA+UGA),2016,5,gdp_growth,2021,gnn_scarcity,5.64153069257077,5.3622233271532895
ETH-fed(KEN+TZA+UGA),2016,1,inflation_cpi,2017,persistence,10.6871150284238,4.05898165611456
ETH-fed(KEN+TZA+UGA),2016,1,inflation_cpi,2017,arima,10.6871150284238,2.925577539406018
ETH-fed(KEN+TZA+UGA),2016,1,inflation_cpi,2017,chronos,10.6871150284238,4.106886222881808
ETH-fed(KEN+TZA+UGA),2016,1,inflation_cpi,2017,xgb_blind,10.6871150284238,3.1777265816159392
ETH-fed(KEN+TZA+UGA),2016,1,inflation_cpi,2017,xgb_lag,10.6871150284238,2.925577539406018
ETH-fed(KEN+TZA+UGA),2016,1,inflation_cpi,2017,xgb_typed,10.6871150284238,2.925577539406018
ETH-fed(KEN+TZA+UGA),2016,1,inflation_cpi,2017,lgbm_blind,10.6871150284238,0.37333116271523004
ETH-fed(KEN+TZA+UGA),2016,1,inflation_cpi,2017,lgbm_lag,10.6871150284238,2.925577539406018
ETH-fed(KEN+TZA+UGA),2016,1,inflation_cpi,2017,lgbm_typed,10.6871150284238,2.925577539406018
ETH-fed(KEN+TZA+UGA),2016,1,inflation_cpi,2017,tft,10.6871150284238,4.063968971294894
ETH-fed(KEN+TZA+UGA),2016,1,inflation_cpi,2017,tgcn,10.6871150284238,
ETH-fed(KEN+TZA+UGA),2016,1,inflation_cpi,2017,persistence_scarcity,10.6871150284238,4.05898165611456
ETH-fed(KEN+TZA+UGA),2016,1,inflation_cpi,2017,chronos_scarcity,10.6871150284238,4.106886222881808
ETH-fed(KEN+TZA+UGA),2016,1,inflation_cpi,2017,gnn_scarcity,10.6871150284238,0.5247643738217498
ETH-fed(KEN+TZA+UGA),2016,3,inflation_cpi,2019,persistence,15.8096321719344,9.18149879962516
ETH-fed(KEN+TZA+UGA),2016,3,inflation_cpi,2019,arima,15.8096321719344,8.316563434253418
ETH-fed(KEN+TZA+UGA),2016,3,inflation_cpi,2019,chronos,15.8096321719344,8.896233429258618
ETH-fed(KEN+TZA+UGA),2016,3,inflation_cpi,2019,xgb_blind,15.8096321719344,9.902920852357592
ETH-fed(KEN+TZA+UGA),2016,3,inflation_cpi,2019,xgb_lag,15.8096321719344,8.316563434253418
ETH-fed(KEN+TZA+UGA),2016,3,inflation_cpi,2019,xgb_typed,15.8096321719344,8.316563434253418
ETH-fed(KEN+TZA+UGA),2016,3,inflation_cpi,2019,lgbm_blind,15.8096321719344,6.563451438889457
ETH-fed(KEN+TZA+UGA),2016,3,inflation_cpi,2019,lgbm_lag,15.8096321719344,8.316563434253418
ETH-fed(KEN+TZA+UGA),2016,3,inflation_cpi,2019,lgbm_typed,15.8096321719344,8.316563434253418
ETH-fed(KEN+TZA+UGA),2016,3,inflation_cpi,2019,tft,15.8096321719344,9.162532677000318
ETH-fed(KEN+TZA+UGA),2016,3,inflation_cpi,2019,tgcn,15.8096321719344,
ETH-fed(KEN+TZA+UGA),2016,3,inflation_cpi,2019,persistence_scarcity,15.8096321719344,9.18149879962516
ETH-fed(KEN+TZA+UGA),2016,3,inflation_cpi,2019,chronos_scarcity,15.8096321719344,8.896233429258618
ETH-fed(KEN+TZA+UGA),2016,3,inflation_cpi,2019,gnn_scarcity,15.8096321719344,6.154527534788404
ETH-fed(KEN+TZA+UGA),2016,5,inflation_cpi,2021,persistence,26.8395221557722,20.21138878346296
ETH-fed(KEN+TZA+UGA),2016,5,inflation_cpi,2021,arima,26.8395221557722,19.386332240167903
ETH-fed(KEN+TZA+UGA),2016,5,inflation_cpi,2021,chronos,26.8395221557722,21.467062744151107
ETH-fed(KEN+TZA+UGA),2016,5,inflation_cpi,2021,xgb_blind,26.8395221557722,18.76149824524974
ETH-fed(KEN+TZA+UGA),2016,5,inflation_cpi,2021,xgb_lag,26.8395221557722,19.386332240167903
ETH-fed(KEN+TZA+UGA),2016,5,inflation_cpi,2021,xgb_typed,26.8395221557722,19.386332240167903
ETH-fed(KEN+TZA+UGA),2016,5,inflation_cpi,2021,lgbm_blind,26.8395221557722,17.259004170168176
ETH-fed(KEN+TZA+UGA),2016,5,inflation_cpi,2021,lgbm_lag,26.8395221557722,19.386332240167903
ETH-fed(KEN+TZA+UGA),2016,5,inflation_cpi,2021,lgbm_typed,26.8395221557722,19.386332240167903
ETH-fed(KEN+TZA+UGA),2016,5,inflation_cpi,2021,tft,26.8395221557722,20.18838575745677
ETH-fed(KEN+TZA+UGA),2016,5,inflation_cpi,2021,tgcn,26.8395221557722,
ETH-fed(KEN+TZA+UGA),2016,5,inflation_cpi,2021,persistence_scarcity,26.8395221557722,20.21138878346296
ETH-fed(KEN+TZA+UGA),2016,5,inflation_cpi,2021,chronos_scarcity,26.8395221557722,21.467062744151107
ETH-fed(KEN+TZA+UGA),2016,5,inflation_cpi,2021,gnn_scarcity,26.8395221557722,29.196409973155014
ETH-fed(KEN+TZA+UGA),2016,1,unemployment,2017,persistence,2.665,0.10899999999999999
ETH-fed(KEN+TZA+UGA),2016,1,unemployment,2017,arima,2.665,0.049933285073191946
ETH-fed(KEN+TZA+UGA),2016,1,unemployment,2017,chronos,2.665,0.06402496337890629
ETH-fed(KEN+TZA+UGA),2016,1,unemployment,2017,xgb_blind,2.665,0.1298377895355225
ETH-fed(KEN+TZA+UGA),2016,1,unemployment,2017,xgb_lag,2.665,0.049933285073191946
ETH-fed(KEN+TZA+UGA),2016,1,unemployment,2017,xgb_typed,2.665,0.049933285073191946
ETH-fed(KEN+TZA+UGA),2016,1,unemployment,2017,lgbm_blind,2.665,0.1560384478935828
ETH-fed(KEN+TZA+UGA),2016,1,unemployment,2017,lgbm_lag,2.665,0.049933285073191946
ETH-fed(KEN+TZA+UGA),2016,1,unemployment,2017,lgbm_typed,2.665,0.049933285073191946
ETH-fed(KEN+TZA+UGA),2016,1,unemployment,2017,tft,2.665,0.014402904510498082
ETH-fed(KEN+TZA+UGA),2016,1,unemployment,2017,tgcn,2.665,
ETH-fed(KEN+TZA+UGA),2016,1,unemployment,2017,persistence_scarcity,2.665,0.10899999999999999
ETH-fed(KEN+TZA+UGA),2016,1,unemployment,2017,chronos_scarcity,2.665,0.06402496337890629
ETH-fed(KEN+TZA+UGA),2016,1,unemployment,2017,gnn_scarcity,2.665,0.17476006507873532
ETH-fed(KEN+TZA+UGA),2016,3,unemployment,2019,persistence,2.928,0.3719999999999999
ETH-fed(KEN+TZA+UGA),2016,3,unemployment,2019,arima,2.928,0.2664721856057004
ETH-fed(KEN+TZA+UGA),2016,3,unemployment,2019,chronos,2.928,0.3686406879425048
ETH-fed(KEN+TZA+UGA),2016,3,unemployment,2019,xgb_blind,2.928,0.475544240951538
ETH-fed(KEN+TZA+UGA),2016,3,unemployment,2019,xgb_lag,2.928,0.2664721856057004
ETH-fed(KEN+TZA+UGA),2016,3,unemployment,2019,xgb_typed,2.928,0.2664721856057004
ETH-fed(KEN+TZA+UGA),2016,3,unemployment,2019,lgbm_blind,2.928,0.15104167350133268
ETH-fed(KEN+TZA+UGA),2016,3,unemployment,2019,lgbm_lag,2.928,0.2664721856057004
ETH-fed(KEN+TZA+UGA),2016,3,unemployment,2019,lgbm_typed,2.928,0.2664721856057004
ETH-fed(KEN+TZA+UGA),2016,3,unemployment,2019,tft,2.928,0.07021811294555658
ETH-fed(KEN+TZA+UGA),2016,3,unemployment,2019,tgcn,2.928,
ETH-fed(KEN+TZA+UGA),2016,3,unemployment,2019,persistence_scarcity,2.928,0.3719999999999999
ETH-fed(KEN+TZA+UGA),2016,3,unemployment,2019,chronos_scarcity,2.928,0.3686406879425048
ETH-fed(KEN+TZA+UGA),2016,3,unemployment,2019,gnn_scarcity,2.928,0.10835197257995599
ETH-fed(KEN+TZA+UGA),2016,5,unemployment,2021,persistence,3.935,1.379
ETH-fed(KEN+TZA+UGA),2016,5,unemployment,2021,arima,3.935,1.2609993437617848
ETH-fed(KEN+TZA+UGA),2016,5,unemployment,2021,chronos,3.935,1.3444281196594239
ETH-fed(KEN+TZA+UGA),2016,5,unemployment,2021,xgb_blind,3.935,1.427091178894043
ETH-fed(KEN+TZA+UGA),2016,5,unemployment,2021,xgb_lag,3.935,1.2609993437617848
ETH-fed(KEN+TZA+UGA),2016,5,unemployment,2021,xgb_typed,3.935,1.2609993437617848
ETH-fed(KEN+TZA+UGA),2016,5,unemployment,2021,lgbm_blind,3.935,1.1943181891874834
ETH-fed(KEN+TZA+UGA),2016,5,unemployment,2021,lgbm_lag,3.935,1.2609993437617848
ETH-fed(KEN+TZA+UGA),2016,5,unemployment,2021,lgbm_typed,3.935,1.2609993437617848
ETH-fed(KEN+TZA+UGA),2016,5,unemployment,2021,tft,3.935,0.8858557319641114
ETH-fed(KEN+TZA+UGA),2016,5,unemployment,2021,tgcn,3.935,
ETH-fed(KEN+TZA+UGA),2016,5,unemployment,2021,persistence_scarcity,3.935,1.379
ETH-fed(KEN+TZA+UGA),2016,5,unemployment,2021,chronos_scarcity,3.935,1.3444281196594239
ETH-fed(KEN+TZA+UGA),2016,5,unemployment,2021,gnn_scarcity,3.935,1.5916216945648194
ETH-fed(KEN+TZA+UGA),2016,1,exports_gdp,2017,persistence,7.62937471525016,0.18268786704124018
ETH-fed(KEN+TZA+UGA),2016,1,exports_gdp,2017,arima,7.62937471525016,0.7664493105642007
ETH-fed(KEN+TZA+UGA),2016,1,exports_gdp,2017,chronos,7.62937471525016,0.16583803041634404
ETH-fed(KEN+TZA+UGA),2016,1,exports_gdp,2017,xgb_blind,7.62937471525016,3.594630983907555
ETH-fed(KEN+TZA+UGA),2016,1,exports_gdp,2017,xgb_lag,7.62937471525016,0.7664493105642007
ETH-fed(KEN+TZA+UGA),2016,1,exports_gdp,2017,xgb_typed,7.62937471525016,0.7664493105642007
ETH-fed(KEN+TZA+UGA),2016,1,exports_gdp,2017,lgbm_blind,7.62937471525016,7.966482556531174
ETH-fed(KEN+TZA+UGA),2016,1,exports_gdp,2017,lgbm_lag,7.62937471525016,0.7664493105642007
ETH-fed(KEN+TZA+UGA),2016,1,exports_gdp,2017,lgbm_typed,7.62937471525016,0.7664493105642007
ETH-fed(KEN+TZA+UGA),2016,1,exports_gdp,2017,tft,7.62937471525016,0.19077655927481807
ETH-fed(KEN+TZA+UGA),2016,1,exports_gdp,2017,tgcn,7.62937471525016,
ETH-fed(KEN+TZA+UGA),2016,1,exports_gdp,2017,persistence_scarcity,7.62937471525016,0.18268786704124018
ETH-fed(KEN+TZA+UGA),2016,1,exports_gdp,2017,chronos_scarcity,7.62937471525016,0.16583803041634404
ETH-fed(KEN+TZA+UGA),2016,1,exports_gdp,2017,gnn_scarcity,7.62937471525016,8.014916208822106
ETH-fed(KEN+TZA+UGA),2016,3,exports_gdp,2019,persistence,7.93996502459584,0.12790244230443992
ETH-fed(KEN+TZA+UGA),2016,3,exports_gdp,2019,arima,7.93996502459584,2.0130943711914036
ETH-fed(KEN+TZA+UGA),2016,3,exports_gdp,2019,chronos,7.93996502459584,0.14475227892933606
ETH-fed(KEN+TZA+UGA),2016,3,exports_gdp,2019,xgb_blind,7.93996502459584,6.664509043092148
ETH-fed(KEN+TZA+UGA),2016,3,exports_gdp,2019,xgb_lag,7.93996502459584,2.0130943711914036
ETH-fed(KEN+TZA+UGA),2016,3,exports_gdp,2019,xgb_typed,7.93996502459584,2.0130943711914036
ETH-fed(KEN+TZA+UGA),2016,3,exports_gdp,2019,lgbm_blind,7.93996502459584,7.564975902432816
ETH-fed(KEN+TZA+UGA),2016,3,exports_gdp,2019,lgbm_lag,7.93996502459584,2.0130943711914036
ETH-fed(KEN+TZA+UGA),2016,3,exports_gdp,2019,lgbm_typed,7.93996502459584,2.0130943711914036
ETH-fed(KEN+TZA+UGA),2016,3,exports_gdp,2019,tft,7.93996502459584,0.2907827049547267
ETH-fed(KEN+TZA+UGA),2016,3,exports_gdp,2019,tgcn,7.93996502459584,
ETH-fed(KEN+TZA+UGA),2016,3,exports_gdp,2019,persistence_scarcity,7.93996502459584,0.12790244230443992
ETH-fed(KEN+TZA+UGA),2016,3,exports_gdp,2019,chronos_scarcity,7.93996502459584,0.14475227892933606
ETH-fed(KEN+TZA+UGA),2016,3,exports_gdp,2019,gnn_scarcity,7.93996502459584,7.601875528687851
ETH-fed(KEN+TZA+UGA),2016,5,exports_gdp,2021,persistence,7.63170919111601,0.18035339117539007
ETH-fed(KEN+TZA+UGA),2016,5,exports_gdp,2021,arima,7.63170919111601,2.055263523705417
ETH-fed(KEN+TZA+UGA),2016,5,exports_gdp,2021,chronos,7.63170919111601,0.16350355455049392
ETH-fed(KEN+TZA+UGA),2016,5,exports_gdp,2021,xgb_blind,7.63170919111601,6.2957705528415095
ETH-fed(KEN+TZA+UGA),2016,5,exports_gdp,2021,xgb_lag,7.63170919111601,2.055263523705417
ETH-fed(KEN+TZA+UGA),2016,5,exports_gdp,2021,xgb_typed,7.63170919111601,2.055263523705417
ETH-fed(KEN+TZA+UGA),2016,5,exports_gdp,2021,lgbm_blind,7.63170919111601,7.765785146659481
ETH-fed(KEN+TZA+UGA),2016,5,exports_gdp,2021,lgbm_lag,7.63170919111601,2.055263523705417
ETH-fed(KEN+TZA+UGA),2016,5,exports_gdp,2021,lgbm_typed,7.63170919111601,2.055263523705417
ETH-fed(KEN+TZA+UGA),2016,5,exports_gdp,2021,tft,7.63170919111601,0.05572977372774002
ETH-fed(KEN+TZA+UGA),2016,5,exports_gdp,2021,tgcn,7.63170919111601,
ETH-fed(KEN+TZA+UGA),2016,5,exports_gdp,2021,persistence_scarcity,7.63170919111601,0.18035339117539007
ETH-fed(KEN+TZA+UGA),2016,5,exports_gdp,2021,chronos_scarcity,7.63170919111601,0.16350355455049392
ETH-fed(KEN+TZA+UGA),2016,5,exports_gdp,2021,gnn_scarcity,7.63170919111601,5.484029677597369
ETH-fed(KEN+TZA+UGA),2016,1,imports_gdp,2017,persistence,23.4742747776515,3.612683721668297
ETH-fed(KEN+TZA+UGA),2016,1,imports_gdp,2017,arima,23.4742747776515,5.074419887498685
ETH-fed(KEN+TZA+UGA),2016,1,imports_gdp,2017,chronos,23.4742747776515,3.7040165431492795
ETH-fed(KEN+TZA+UGA),2016,1,imports_gdp,2017,xgb_blind,23.4742747776515,6.816548205136584
ETH-fed(KEN+TZA+UGA),2016,1,imports_gdp,2017,xgb_lag,23.4742747776515,5.074419887498685
ETH-fed(KEN+TZA+UGA),2016,1,imports_gdp,2017,xgb_typed,23.4742747776515,5.074419887498685
ETH-fed(KEN+TZA+UGA),2016,1,imports_gdp,2017,lgbm_blind,23.4742747776515,7.662850751124228
ETH-fed(KEN+TZA+UGA),2016,1,imports_gdp,2017,lgbm_lag,23.4742747776515,5.074419887498685
ETH-fed(KEN+TZA+UGA),2016,1,imports_gdp,2017,lgbm_typed,23.4742747776515,5.074419887498685
ETH-fed(KEN+TZA+UGA),2016,1,imports_gdp,2017,tft,23.4742747776515,5.336455202817248
ETH-fed(KEN+TZA+UGA),2016,1,imports_gdp,2017,tgcn,23.4742747776515,
ETH-fed(KEN+TZA+UGA),2016,1,imports_gdp,2017,persistence_scarcity,23.4742747776515,3.612683721668297
ETH-fed(KEN+TZA+UGA),2016,1,imports_gdp,2017,chronos_scarcity,23.4742747776515,3.7040165431492795
ETH-fed(KEN+TZA+UGA),2016,1,imports_gdp,2017,gnn_scarcity,23.4742747776515,7.6815250880711545
ETH-fed(KEN+TZA+UGA),2016,3,imports_gdp,2019,persistence,20.8753289042388,6.211629595081
ETH-fed(KEN+TZA+UGA),2016,3,imports_gdp,2019,arima,20.8753289042388,7.310766954352289
ETH-fed(KEN+TZA+UGA),2016,3,imports_gdp,2019,chronos,20.8753289042388,9.843012923153779
ETH-fed(KEN+TZA+UGA),2016,3,imports_gdp,2019,xgb_blind,20.8753289042388,10.486416930111787
ETH-fed(KEN+TZA+UGA),2016,3,imports_gdp,2019,xgb_lag,20.8753289042388,7.310766954352289
ETH-fed(KEN+TZA+UGA),2016,3,imports_gdp,2019,xgb_typed,20.8753289042388,7.310766954352289
ETH-fed(KEN+TZA+UGA),2016,3,imports_gdp,2019,lgbm_blind,20.8753289042388,10.227716956687512
ETH-fed(KEN+TZA+UGA),2016,3,imports_gdp,2019,lgbm_lag,20.8753289042388,7.310766954352289
ETH-fed(KEN+TZA+UGA),2016,3,imports_gdp,2019,lgbm_typed,20.8753289042388,7.310766954352289
ETH-fed(KEN+TZA+UGA),2016,3,imports_gdp,2019,tft,20.8753289042388,7.943255537899873
ETH-fed(KEN+TZA+UGA),2016,3,imports_gdp,2019,tgcn,20.8753289042388,
ETH-fed(KEN+TZA+UGA),2016,3,imports_gdp,2019,persistence_scarcity,20.8753289042388,6.211629595081
ETH-fed(KEN+TZA+UGA),2016,3,imports_gdp,2019,chronos_scarcity,20.8753289042388,9.843012923153779
ETH-fed(KEN+TZA+UGA),2016,3,imports_gdp,2019,gnn_scarcity,20.8753289042388,10.235434645565888
ETH-fed(KEN+TZA+UGA),2016,5,imports_gdp,2021,persistence,16.7133482736483,10.373610225671499
ETH-fed(KEN+TZA+UGA),2016,5,imports_gdp,2021,arima,16.7133482736483,11.397363892929164
ETH-fed(KEN+TZA+UGA),2016,5,imports_gdp,2021,chronos,16.7133482736483,11.2643128591642
ETH-fed(KEN+TZA+UGA),2016,5,imports_gdp,2021,xgb_blind,16.7133482736483,13.315319176302872
ETH-fed(KEN+TZA+UGA),2016,5,imports_gdp,2021,xgb_lag,16.7133482736483,11.397363892929164
ETH-fed(KEN+TZA+UGA),2016,5,imports_gdp,2021,xgb_typed,16.7133482736483,11.397363892929164
ETH-fed(KEN+TZA+UGA),2016,5,imports_gdp,2021,lgbm_blind,16.7133482736483,14.349421616183243
ETH-fed(KEN+TZA+UGA),2016,5,imports_gdp,2021,lgbm_lag,16.7133482736483,11.397363892929164
ETH-fed(KEN+TZA+UGA),2016,5,imports_gdp,2021,lgbm_typed,16.7133482736483,11.397363892929164
ETH-fed(KEN+TZA+UGA),2016,5,imports_gdp,2021,tft,16.7133482736483,12.106556053744278
ETH-fed(KEN+TZA+UGA),2016,5,imports_gdp,2021,tgcn,16.7133482736483,
ETH-fed(KEN+TZA+UGA),2016,5,imports_gdp,2021,persistence_scarcity,16.7133482736483,10.373610225671499
ETH-fed(KEN+TZA+UGA),2016,5,imports_gdp,2021,chronos_scarcity,16.7133482736483,11.2643128591642
ETH-fed(KEN+TZA+UGA),2016,5,imports_gdp,2021,gnn_scarcity,16.7133482736483,13.330909844027481
ETH-fed(KEN+TZA+UGA),2016,1,current_account,2017,persistence,-7.76343039992896,3.7814905377107406
ETH-fed(KEN+TZA+UGA),2016,1,current_account,2017,arima,-7.76343039992896,3.8659324735440093
ETH-fed(KEN+TZA+UGA),2016,1,current_account,2017,chronos,-7.76343039992896,1.2225524949685012
ETH-fed(KEN+TZA+UGA),2016,1,current_account,2017,xgb_blind,-7.76343039992896,0.8905923796042527
ETH-fed(KEN+TZA+UGA),2016,1,current_account,2017,xgb_lag,-7.76343039992896,3.8659324735440093
ETH-fed(KEN+TZA+UGA),2016,1,current_account,2017,xgb_typed,-7.76343039992896,3.8659324735440093
ETH-fed(KEN+TZA+UGA),2016,1,current_account,2017,lgbm_blind,-7.76343039992896,3.2443844715790977
ETH-fed(KEN+TZA+UGA),2016,1,current_account,2017,lgbm_lag,-7.76343039992896,3.8659324735440093
ETH-fed(KEN+TZA+UGA),2016,1,current_account,2017,lgbm_typed,-7.76343039992896,3.8659324735440093
ETH-fed(KEN+TZA+UGA),2016,1,current_account,2017,tft,-7.76343039992896,3.7590877580300246
ETH-fed(KEN+TZA+UGA),2016,1,current_account,2017,tgcn,-7.76343039992896,
ETH-fed(KEN+TZA+UGA),2016,1,current_account,2017,persistence_scarcity,-7.76343039992896,3.7814905377107406
ETH-fed(KEN+TZA+UGA),2016,1,current_account,2017,chronos_scarcity,-7.76343039992896,1.2225524949685012
ETH-fed(KEN+TZA+UGA),2016,1,current_account,2017,gnn_scarcity,-7.76343039992896,3.3390376997336473
ETH-fed(KEN+TZA+UGA),2016,3,current_account,2019,persistence,-5.47194445075559,6.0729764868841105
ETH-fed(KEN+TZA+UGA),2016,3,current_account,2019,arima,-5.47194445075559,6.147733135552054
ETH-fed(KEN+TZA+UGA),2016,3,current_account,2019,chronos,-5.47194445075559,0.99379098473025
ETH-fed(KEN+TZA+UGA),2016,3,current_account,2019,xgb_blind,-5.47194445075559,2.7146085506482187
ETH-fed(KEN+TZA+UGA),2016,3,current_account,2019,xgb_lag,-5.47194445075559,6.147733135552054
ETH-fed(KEN+TZA+UGA),2016,3,current_account,2019,xgb_typed,-5.47194445075559,6.147733135552054
ETH-fed(KEN+TZA+UGA),2016,3,current_account,2019,lgbm_blind,-5.47194445075559,0.5916552339192966
ETH-fed(KEN+TZA+UGA),2016,3,current_account,2019,lgbm_lag,-5.47194445075559,6.147733135552054
ETH-fed(KEN+TZA+UGA),2016,3,current_account,2019,lgbm_typed,-5.47194445075559,6.147733135552054
ETH-fed(KEN+TZA+UGA),2016,3,current_account,2019,tft,-5.47194445075559,6.062701583485133
ETH-fed(KEN+TZA+UGA),2016,3,current_account,2019,tgcn,-5.47194445075559,
ETH-fed(KEN+TZA+UGA),2016,3,current_account,2019,persistence_scarcity,-5.47194445075559,6.0729764868841105
ETH-fed(KEN+TZA+UGA),2016,3,current_account,2019,chronos_scarcity,-5.47194445075559,0.99379098473025
ETH-fed(KEN+TZA+UGA),2016,3,current_account,2019,gnn_scarcity,-5.47194445075559,0.8627802127795157
ETH-fed(KEN+TZA+UGA),2016,5,current_account,2021,persistence,-4.13241831245632,7.4125026251833805
ETH-fed(KEN+TZA+UGA),2016,5,current_account,2021,arima,-4.13241831245632,7.487090094610249
ETH-fed(KEN+TZA+UGA),2016,5,current_account,2021,chronos,-4.13241831245632,1.5685532909372348
ETH-fed(KEN+TZA+UGA),2016,5,current_account,2021,xgb_blind,-4.13241831245632,2.2318805080392856
ETH-fed(KEN+TZA+UGA),2016,5,current_account,2021,xgb_lag,-4.13241831245632,7.487090094610249
ETH-fed(KEN+TZA+UGA),2016,5,current_account,2021,xgb_typed,-4.13241831245632,7.487090094610249
ETH-fed(KEN+TZA+UGA),2016,5,current_account,2021,lgbm_blind,-4.13241831245632,1.2467079843456803
ETH-fed(KEN+TZA+UGA),2016,5,current_account,2021,lgbm_lag,-4.13241831245632,7.487090094610249
ETH-fed(KEN+TZA+UGA),2016,5,current_account,2021,lgbm_typed,-4.13241831245632,7.487090094610249
ETH-fed(KEN+TZA+UGA),2016,5,current_account,2021,tft,-4.13241831245632,7.4015649181345005
ETH-fed(KEN+TZA+UGA),2016,5,current_account,2021,tgcn,-4.13241831245632,
ETH-fed(KEN+TZA+UGA),2016,5,current_account,2021,persistence_scarcity,-4.13241831245632,7.4125026251833805
ETH-fed(KEN+TZA+UGA),2016,5,current_account,2021,chronos_scarcity,-4.13241831245632,1.5685532909372348
ETH-fed(KEN+TZA+UGA),2016,5,current_account,2021,gnn_scarcity,-4.13241831245632,4.852280936811258
ETH-fed(KEN+TZA+UGA),2016,1,real_interest_rate,2017,persistence,-17.1217762401546,0.0
ETH-fed(KEN+TZA+UGA),2016,1,real_interest_rate,2017,arima,-17.1217762401546,0.0
ETH-fed(KEN+TZA+UGA),2016,1,real_interest_rate,2017,chronos,-17.1217762401546,0.006111485675479145
ETH-fed(KEN+TZA+UGA),2016,1,real_interest_rate,2017,xgb_blind,-17.1217762401546,6.594505923076962
ETH-fed(KEN+TZA+UGA),2016,1,real_interest_rate,2017,xgb_lag,-17.1217762401546,0.0
ETH-fed(KEN+TZA+UGA),2016,1,real_interest_rate,2017,xgb_typed,-17.1217762401546,0.0
ETH-fed(KEN+TZA+UGA),2016,1,real_interest_rate,2017,lgbm_blind,-17.1217762401546,13.351432060744397
ETH-fed(KEN+TZA+UGA),2016,1,real_interest_rate,2017,lgbm_lag,-17.1217762401546,0.0
ETH-fed(KEN+TZA+UGA),2016,1,real_interest_rate,2017,lgbm_typed,-17.1217762401546,0.0
ETH-fed(KEN+TZA+UGA),2016,1,real_interest_rate,2017,tft,-17.1217762401546,0.012262003704403668
ETH-fed(KEN+TZA+UGA),2016,1,real_interest_rate,2017,tgcn,-17.1217762401546,
ETH-fed(KEN+TZA+UGA),2016,1,real_interest_rate,2017,persistence_scarcity,-17.1217762401546,0.0
ETH-fed(KEN+TZA+UGA),2016,1,real_interest_rate,2017,chronos_scarcity,-17.1217762401546,0.006111485675479145
ETH-fed(KEN+TZA+UGA),2016,1,real_interest_rate,2017,gnn_scarcity,-17.1217762401546,13.628160374447202
ETH-fed(KEN+TZA+UGA),2016,3,real_interest_rate,2019,persistence,-17.1217762401546,0.0
ETH-fed(KEN+TZA+UGA),2016,3,real_interest_rate,2019,arima,-17.1217762401546,0.0
ETH-fed(KEN+TZA+UGA),2016,3,real_interest_rate,2019,chronos,-17.1217762401546,0.006111485675479145
ETH-fed(KEN+TZA+UGA),2016,3,real_interest_rate,2019,xgb_blind,-17.1217762401546,0.2093178203547943
ETH-fed(KEN+TZA+UGA),2016,3,real_interest_rate,2019,xgb_lag,-17.1217762401546,0.0
ETH-fed(KEN+TZA+UGA),2016,3,real_interest_rate,2019,xgb_typed,-17.1217762401546,0.0
ETH-fed(KEN+TZA+UGA),2016,3,real_interest_rate,2019,lgbm_blind,-17.1217762401546,13.76669536241342
ETH-fed(KEN+TZA+UGA),2016,3,real_interest_rate,2019,lgbm_lag,-17.1217762401546,0.0
ETH-fed(KEN+TZA+UGA),2016,3,real_interest_rate,2019,lgbm_typed,-17.1217762401546,0.0
ETH-fed(KEN+TZA+UGA),2016,3,real_interest_rate,2019,tft,-17.1217762401546,0.012550013347958355
ETH-fed(KEN+TZA+UGA),2016,3,real_interest_rate,2019,tgcn,-17.1217762401546,
ETH-fed(KEN+TZA+UGA),2016,3,real_interest_rate,2019,persistence_scarcity,-17.1217762401546,0.0
ETH-fed(KEN+TZA+UGA),2016,3,real_interest_rate,2019,chronos_scarcity,-17.1217762401546,0.006111485675479145
ETH-fed(KEN+TZA+UGA),2016,3,real_interest_rate,2019,gnn_scarcity,-17.1217762401546,13.127270834728574
ETH-fed(KEN+TZA+UGA),2016,5,real_interest_rate,2021,persistence,-17.1217762401546,0.0
ETH-fed(KEN+TZA+UGA),2016,5,real_interest_rate,2021,arima,-17.1217762401546,0.0
ETH-fed(KEN+TZA+UGA),2016,5,real_interest_rate,2021,chronos,-17.1217762401546,0.07209362296709898
ETH-fed(KEN+TZA+UGA),2016,5,real_interest_rate,2021,xgb_blind,-17.1217762401546,0.2136970928157318
ETH-fed(KEN+TZA+UGA),2016,5,real_interest_rate,2021,xgb_lag,-17.1217762401546,0.0
ETH-fed(KEN+TZA+UGA),2016,5,real_interest_rate,2021,xgb_typed,-17.1217762401546,0.0
ETH-fed(KEN+TZA+UGA),2016,5,real_interest_rate,2021,lgbm_blind,-17.1217762401546,12.933180099899971
ETH-fed(KEN+TZA+UGA),2016,5,real_interest_rate,2021,lgbm_lag,-17.1217762401546,0.0
ETH-fed(KEN+TZA+UGA),2016,5,real_interest_rate,2021,lgbm_typed,-17.1217762401546,0.0
ETH-fed(KEN+TZA+UGA),2016,5,real_interest_rate,2021,tft,-17.1217762401546,0.015172617718075543
ETH-fed(KEN+TZA+UGA),2016,5,real_interest_rate,2021,tgcn,-17.1217762401546,
ETH-fed(KEN+TZA+UGA),2016,5,real_interest_rate,2021,persistence_scarcity,-17.1217762401546,0.0
ETH-fed(KEN+TZA+UGA),2016,5,real_interest_rate,2021,chronos_scarcity,-17.1217762401546,0.07209362296709898
ETH-fed(KEN+TZA+UGA),2016,5,real_interest_rate,2021,gnn_scarcity,-17.1217762401546,1.2657963207210052
ETH-fed(KEN+TZA+UGA),2016,1,broad_money,2017,persistence,33.9671207502096,0.0
ETH-fed(KEN+TZA+UGA),2016,1,broad_money,2017,arima,33.9671207502096,0.0
ETH-fed(KEN+TZA+UGA),2016,1,broad_money,2017,chronos,33.9671207502096,0.02885781075647742
ETH-fed(KEN+TZA+UGA),2016,1,broad_money,2017,xgb_blind,33.9671207502096,3.272602455356804
ETH-fed(KEN+TZA+UGA),2016,1,broad_money,2017,xgb_lag,33.9671207502096,0.0
ETH-fed(KEN+TZA+UGA),2016,1,broad_money,2017,xgb_typed,33.9671207502096,0.0
ETH-fed(KEN+TZA+UGA),2016,1,broad_money,2017,lgbm_blind,33.9671207502096,1.1107692791107482
ETH-fed(KEN+TZA+UGA),2016,1,broad_money,2017,lgbm_lag,33.9671207502096,0.0
ETH-fed(KEN+TZA+UGA),2016,1,broad_money,2017,lgbm_typed,33.9671207502096,0.0
ETH-fed(KEN+TZA+UGA),2016,1,broad_money,2017,tft,33.9671207502096,0.01226462576696008
ETH-fed(KEN+TZA+UGA),2016,1,broad_money,2017,tgcn,33.9671207502096,
ETH-fed(KEN+TZA+UGA),2016,1,broad_money,2017,persistence_scarcity,33.9671207502096,0.0
ETH-fed(KEN+TZA+UGA),2016,1,broad_money,2017,chronos_scarcity,33.9671207502096,0.02885781075647742
ETH-fed(KEN+TZA+UGA),2016,1,broad_money,2017,gnn_scarcity,33.9671207502096,0.8563960954935226
ETH-fed(KEN+TZA+UGA),2016,3,broad_money,2019,persistence,33.9671207502096,0.0
ETH-fed(KEN+TZA+UGA),2016,3,broad_money,2019,arima,33.9671207502096,0.0
ETH-fed(KEN+TZA+UGA),2016,3,broad_money,2019,chronos,33.9671207502096,0.02885781075647742
ETH-fed(KEN+TZA+UGA),2016,3,broad_money,2019,xgb_blind,33.9671207502096,0.28425179269007117
ETH-fed(KEN+TZA+UGA),2016,3,broad_money,2019,xgb_lag,33.9671207502096,0.0
ETH-fed(KEN+TZA+UGA),2016,3,broad_money,2019,xgb_typed,33.9671207502096,0.0
ETH-fed(KEN+TZA+UGA),2016,3,broad_money,2019,lgbm_blind,33.9671207502096,1.4997420872639466
ETH-fed(KEN+TZA+UGA),2016,3,broad_money,2019,lgbm_lag,33.9671207502096,0.0
ETH-fed(KEN+TZA+UGA),2016,3,broad_money,2019,lgbm_typed,33.9671207502096,0.0
ETH-fed(KEN+TZA+UGA),2016,3,broad_money,2019,tft,33.9671207502096,0.012550728061881955
ETH-fed(KEN+TZA+UGA),2016,3,broad_money,2019,tgcn,33.9671207502096,
ETH-fed(KEN+TZA+UGA),2016,3,broad_money,2019,persistence_scarcity,33.9671207502096,0.0
ETH-fed(KEN+TZA+UGA),2016,3,broad_money,2019,chronos_scarcity,33.9671207502096,0.02885781075647742
ETH-fed(KEN+TZA+UGA),2016,3,broad_money,2019,gnn_scarcity,33.9671207502096,0.6310047075540695
ETH-fed(KEN+TZA+UGA),2016,5,broad_money,2021,persistence,33.9671207502096,0.0
ETH-fed(KEN+TZA+UGA),2016,5,broad_money,2021,arima,33.9671207502096,0.0
ETH-fed(KEN+TZA+UGA),2016,5,broad_money,2021,chronos,33.9671207502096,0.02885781075647742
ETH-fed(KEN+TZA+UGA),2016,5,broad_money,2021,xgb_blind,33.9671207502096,0.3581119611471024
ETH-fed(KEN+TZA+UGA),2016,5,broad_money,2021,xgb_lag,33.9671207502096,0.0
ETH-fed(KEN+TZA+UGA),2016,5,broad_money,2021,xgb_typed,33.9671207502096,0.0
ETH-fed(KEN+TZA+UGA),2016,5,broad_money,2021,lgbm_blind,33.9671207502096,2.0811071668547143
ETH-fed(KEN+TZA+UGA),2016,5,broad_money,2021,lgbm_lag,33.9671207502096,0.0
ETH-fed(KEN+TZA+UGA),2016,5,broad_money,2021,lgbm_typed,33.9671207502096,0.0
ETH-fed(KEN+TZA+UGA),2016,5,broad_money,2021,tft,33.9671207502096,0.01517142508336633
ETH-fed(KEN+TZA+UGA),2016,5,broad_money,2021,tgcn,33.9671207502096,
ETH-fed(KEN+TZA+UGA),2016,5,broad_money,2021,persistence_scarcity,33.9671207502096,0.0
ETH-fed(KEN+TZA+UGA),2016,5,broad_money,2021,chronos_scarcity,33.9671207502096,0.02885781075647742
ETH-fed(KEN+TZA+UGA),2016,5,broad_money,2021,gnn_scarcity,33.9671207502096,4.706493003627571
ETH-fed(KEN+TZA+UGA),2016,1,private_credit,2017,persistence,17.7101483486321,0.0
ETH-fed(KEN+TZA+UGA),2016,1,private_credit,2017,arima,17.7101483486321,0.0
ETH-fed(KEN+TZA+UGA),2016,1,private_credit,2017,chronos,17.7101483486321,0.0002741672370412118
ETH-fed(KEN+TZA+UGA),2016,1,private_credit,2017,xgb_blind,17.7101483486321,0.11216686743235371
ETH-fed(KEN+TZA+UGA),2016,1,private_credit,2017,xgb_lag,17.7101483486321,0.0
ETH-fed(KEN+TZA+UGA),2016,1,private_credit,2017,xgb_typed,17.7101483486321,0.0
ETH-fed(KEN+TZA+UGA),2016,1,private_credit,2017,lgbm_blind,17.7101483486321,2.927136311538277
ETH-fed(KEN+TZA+UGA),2016,1,private_credit,2017,lgbm_lag,17.7101483486321,0.0
ETH-fed(KEN+TZA+UGA),2016,1,private_credit,2017,lgbm_typed,17.7101483486321,0.0
ETH-fed(KEN+TZA+UGA),2016,1,private_credit,2017,tft,17.7101483486321,0.012261853394267774
ETH-fed(KEN+TZA+UGA),2016,1,private_credit,2017,tgcn,17.7101483486321,
ETH-fed(KEN+TZA+UGA),2016,1,private_credit,2017,persistence_scarcity,17.7101483486321,0.0
ETH-fed(KEN+TZA+UGA),2016,1,private_credit,2017,chronos_scarcity,17.7101483486321,0.0002741672370412118
ETH-fed(KEN+TZA+UGA),2016,1,private_credit,2017,gnn_scarcity,17.7101483486321,3.3957066677238963
ETH-fed(KEN+TZA+UGA),2016,3,private_credit,2019,persistence,17.7101483486321,0.0
ETH-fed(KEN+TZA+UGA),2016,3,private_credit,2019,arima,17.7101483486321,0.0
ETH-fed(KEN+TZA+UGA),2016,3,private_credit,2019,chronos,17.7101483486321,0.0002741672370412118
ETH-fed(KEN+TZA+UGA),2016,3,private_credit,2019,xgb_blind,17.7101483486321,0.17800380212331035
ETH-fed(KEN+TZA+UGA),2016,3,private_credit,2019,xgb_lag,17.7101483486321,0.0
ETH-fed(KEN+TZA+UGA),2016,3,private_credit,2019,xgb_typed,17.7101483486321,0.0
ETH-fed(KEN+TZA+UGA),2016,3,private_credit,2019,lgbm_blind,17.7101483486321,1.8414708318537887
ETH-fed(KEN+TZA+UGA),2016,3,private_credit,2019,lgbm_lag,17.7101483486321,0.0
ETH-fed(KEN+TZA+UGA),2016,3,private_credit,2019,lgbm_typed,17.7101483486321,0.0
ETH-fed(KEN+TZA+UGA),2016,3,private_credit,2019,tft,17.7101483486321,0.012549863037822462
ETH-fed(KEN+TZA+UGA),2016,3,private_credit,2019,tgcn,17.7101483486321,
ETH-fed(KEN+TZA+UGA),2016,3,private_credit,2019,persistence_scarcity,17.7101483486321,0.0
ETH-fed(KEN+TZA+UGA),2016,3,private_credit,2019,chronos_scarcity,17.7101483486321,0.0002741672370412118
ETH-fed(KEN+TZA+UGA),2016,3,private_credit,2019,gnn_scarcity,17.7101483486321,3.655567660155537
ETH-fed(KEN+TZA+UGA),2016,5,private_credit,2021,persistence,17.7101483486321,0.0
ETH-fed(KEN+TZA+UGA),2016,5,private_credit,2021,arima,17.7101483486321,0.0
ETH-fed(KEN+TZA+UGA),2016,5,private_credit,2021,chronos,17.7101483486321,0.0002741672370412118
ETH-fed(KEN+TZA+UGA),2016,5,private_credit,2021,xgb_blind,17.7101483486321,0.33345554846262715
ETH-fed(KEN+TZA+UGA),2016,5,private_credit,2021,xgb_lag,17.7101483486321,0.0
ETH-fed(KEN+TZA+UGA),2016,5,private_credit,2021,xgb_typed,17.7101483486321,0.0
ETH-fed(KEN+TZA+UGA),2016,5,private_credit,2021,lgbm_blind,17.7101483486321,0.7775921746139325
ETH-fed(KEN+TZA+UGA),2016,5,private_credit,2021,lgbm_lag,17.7101483486321,0.0
ETH-fed(KEN+TZA+UGA),2016,5,private_credit,2021,lgbm_typed,17.7101483486321,0.0
ETH-fed(KEN+TZA+UGA),2016,5,private_credit,2021,tft,17.7101483486321,0.01517246740793965
ETH-fed(KEN+TZA+UGA),2016,5,private_credit,2021,tgcn,17.7101483486321,
ETH-fed(KEN+TZA+UGA),2016,5,private_credit,2021,persistence_scarcity,17.7101483486321,0.0
ETH-fed(KEN+TZA+UGA),2016,5,private_credit,2021,chronos_scarcity,17.7101483486321,0.0002741672370412118
ETH-fed(KEN+TZA+UGA),2016,5,private_credit,2021,gnn_scarcity,17.7101483486321,9.809285654845478
ETH-fed(KEN+TZA+UGA),2016,1,govt_consumption,2017,persistence,15.4931325929715,4.440492374557001
ETH-fed(KEN+TZA+UGA),2016,1,govt_consumption,2017,arima,15.4931325929715,5.125113987371838
ETH-fed(KEN+TZA+UGA),2016,1,govt_consumption,2017,chronos,15.4931325929715,4.610445977981266
ETH-fed(KEN+TZA+UGA),2016,1,govt_consumption,2017,xgb_blind,15.4931325929715,5.745641710097965
ETH-fed(KEN+TZA+UGA),2016,1,govt_consumption,2017,xgb_lag,15.4931325929715,5.125113987371838
ETH-fed(KEN+TZA+UGA),2016,1,govt_consumption,2017,xgb_typed,15.4931325929715,5.125113987371838
ETH-fed(KEN+TZA+UGA),2016,1,govt_consumption,2017,lgbm_blind,15.4931325929715,5.367869268820828
ETH-fed(KEN+TZA+UGA),2016,1,govt_consumption,2017,lgbm_lag,15.4931325929715,5.125113987371838
ETH-fed(KEN+TZA+UGA),2016,1,govt_consumption,2017,lgbm_typed,15.4931325929715,5.125113987371838
ETH-fed(KEN+TZA+UGA),2016,1,govt_consumption,2017,tft,15.4931325929715,5.939872743423161
ETH-fed(KEN+TZA+UGA),2016,1,govt_consumption,2017,tgcn,15.4931325929715,
ETH-fed(KEN+TZA+UGA),2016,1,govt_consumption,2017,persistence_scarcity,15.4931325929715,4.440492374557001
ETH-fed(KEN+TZA+UGA),2016,1,govt_consumption,2017,chronos_scarcity,15.4931325929715,4.610445977981266
ETH-fed(KEN+TZA+UGA),2016,1,govt_consumption,2017,gnn_scarcity,15.4931325929715,5.358851434524235
ETH-fed(KEN+TZA+UGA),2016,3,govt_consumption,2019,persistence,9.20441362859999,1.8482265898145087
ETH-fed(KEN+TZA+UGA),2016,3,govt_consumption,2019,arima,9.20441362859999,1.3162991273294793
ETH-fed(KEN+TZA+UGA),2016,3,govt_consumption,2019,chronos,9.20441362859999,1.121142172791611
ETH-fed(KEN+TZA+UGA),2016,3,govt_consumption,2019,xgb_blind,9.20441362859999,0.3331911325672756
ETH-fed(KEN+TZA+UGA),2016,3,govt_consumption,2019,xgb_lag,9.20441362859999,1.3162991273294793
ETH-fed(KEN+TZA+UGA),2016,3,govt_consumption,2019,xgb_typed,9.20441362859999,1.3162991273294793
ETH-fed(KEN+TZA+UGA),2016,3,govt_consumption,2019,lgbm_blind,9.20441362859999,0.9047678152502083
ETH-fed(KEN+TZA+UGA),2016,3,govt_consumption,2019,lgbm_lag,9.20441362859999,1.3162991273294793
ETH-fed(KEN+TZA+UGA),2016,3,govt_consumption,2019,lgbm_typed,9.20441362859999,1.3162991273294793
ETH-fed(KEN+TZA+UGA),2016,3,govt_consumption,2019,tft,9.20441362859999,0.3585727453013767
ETH-fed(KEN+TZA+UGA),2016,3,govt_consumption,2019,tgcn,9.20441362859999,
ETH-fed(KEN+TZA+UGA),2016,3,govt_consumption,2019,persistence_scarcity,9.20441362859999,1.8482265898145087
ETH-fed(KEN+TZA+UGA),2016,3,govt_consumption,2019,chronos_scarcity,9.20441362859999,1.121142172791611
ETH-fed(KEN+TZA+UGA),2016,3,govt_consumption,2019,gnn_scarcity,9.20441362859999,0.9059980153819431
ETH-fed(KEN+TZA+UGA),2016,5,govt_consumption,2021,persistence,8.83582491858562,2.2168152998288786
ETH-fed(KEN+TZA+UGA),2016,5,govt_consumption,2021,arima,8.83582491858562,1.7021046343693573
ETH-fed(KEN+TZA+UGA),2016,5,govt_consumption,2021,chronos,8.83582491858562,1.489730882805981
ETH-fed(KEN+TZA+UGA),2016,5,govt_consumption,2021,xgb_blind,8.83582491858562,1.0903540136043208
ETH-fed(KEN+TZA+UGA),2016,5,govt_consumption,2021,xgb_lag,8.83582491858562,1.7021046343693573
ETH-fed(KEN+TZA+UGA),2016,5,govt_consumption,2021,xgb_typed,8.83582491858562,1.7021046343693573
ETH-fed(KEN+TZA+UGA),2016,5,govt_consumption,2021,lgbm_blind,8.83582491858562,1.2543506667276567
ETH-fed(KEN+TZA+UGA),2016,5,govt_consumption,2021,lgbm_lag,8.83582491858562,1.7021046343693573
ETH-fed(KEN+TZA+UGA),2016,5,govt_consumption,2021,lgbm_typed,8.83582491858562,1.7021046343693573
ETH-fed(KEN+TZA+UGA),2016,5,govt_consumption,2021,tft,8.83582491858562,0.7256002904597896
ETH-fed(KEN+TZA+UGA),2016,5,govt_consumption,2021,tgcn,8.83582491858562,
ETH-fed(KEN+TZA+UGA),2016,5,govt_consumption,2021,persistence_scarcity,8.83582491858562,2.2168152998288786
ETH-fed(KEN+TZA+UGA),2016,5,govt_consumption,2021,chronos_scarcity,8.83582491858562,1.489730882805981
ETH-fed(KEN+TZA+UGA),2016,5,govt_consumption,2021,gnn_scarcity,8.83582491858562,0.7093458654109615
ETH-fed(KEN+TZA+UGA),2017,1,gdp_growth,2018,persistence,6.81614778557282,2.7480418719673203
ETH-fed(KEN+TZA+UGA),2017,1,gdp_growth,2018,arima,6.81614778557282,2.7076397570718242
ETH-fed(KEN+TZA+UGA),2017,1,gdp_growth,2018,chronos,6.81614778557282,3.3157816120101877
ETH-fed(KEN+TZA+UGA),2017,1,gdp_growth,2018,xgb_blind,6.81614778557282,3.676272410960383
ETH-fed(KEN+TZA+UGA),2017,1,gdp_growth,2018,xgb_lag,6.81614778557282,2.7076397570718242
ETH-fed(KEN+TZA+UGA),2017,1,gdp_growth,2018,xgb_typed,6.81614778557282,2.7076397570718242
ETH-fed(KEN+TZA+UGA),2017,1,gdp_growth,2018,lgbm_blind,6.81614778557282,0.1291192382907953
ETH-fed(KEN+TZA+UGA),2017,1,gdp_growth,2018,lgbm_lag,6.81614778557282,2.7076397570718242
ETH-fed(KEN+TZA+UGA),2017,1,gdp_growth,2018,lgbm_typed,6.81614778557282,2.7076397570718242
ETH-fed(KEN+TZA+UGA),2017,1,gdp_growth,2018,tft,6.81614778557282,2.759577769847102
ETH-fed(KEN+TZA+UGA),2017,1,gdp_growth,2018,tgcn,6.81614778557282,
ETH-fed(KEN+TZA+UGA),2017,1,gdp_growth,2018,persistence_scarcity,6.81614778557282,2.7480418719673203
ETH-fed(KEN+TZA+UGA),2017,1,gdp_growth,2018,chronos_scarcity,6.81614778557282,3.3157816120101877
ETH-fed(KEN+TZA+UGA),2017,1,gdp_growth,2018,gnn_scarcity,6.81614778557282,0.03702356299895726
ETH-fed(KEN+TZA+UGA),2017,3,gdp_growth,2020,persistence,6.05953089054807,3.504658766992071
ETH-fed(KEN+TZA+UGA),2017,3,gdp_growth,2020,arima,6.05953089054807,3.4728848828964587
ETH-fed(KEN+TZA+UGA),2017,3,gdp_growth,2020,chronos,6.05953089054807,3.5230782860876726
ETH-fed(KEN+TZA+UGA),2017,3,gdp_growth,2020,xgb_blind,6.05953089054807,3.4856589669348406
ETH-fed(KEN+TZA+UGA),2017,3,gdp_growth,2020,xgb_lag,6.05953089054807,3.4728848828964587
ETH-fed(KEN+TZA+UGA),2017,3,gdp_growth,2020,xgb_typed,6.05953089054807,3.4728848828964587
ETH-fed(KEN+TZA+UGA),2017,3,gdp_growth,2020,lgbm_blind,6.05953089054807,2.0737559098364517
ETH-fed(KEN+TZA+UGA),2017,3,gdp_growth,2020,lgbm_lag,6.05953089054807,3.4728848828964587
ETH-fed(KEN+TZA+UGA),2017,3,gdp_growth,2020,lgbm_typed,6.05953089054807,3.4728848828964587
ETH-fed(KEN+TZA+UGA),2017,3,gdp_growth,2020,tft,6.05953089054807,3.512454354202907
ETH-fed(KEN+TZA+UGA),2017,3,gdp_growth,2020,tgcn,6.05953089054807,
ETH-fed(KEN+TZA+UGA),2017,3,gdp_growth,2020,persistence_scarcity,6.05953089054807,3.504658766992071
ETH-fed(KEN+TZA+UGA),2017,3,gdp_growth,2020,chronos_scarcity,6.05953089054807,3.5230782860876726
ETH-fed(KEN+TZA+UGA),2017,3,gdp_growth,2020,gnn_scarcity,6.05953089054807,0.6669348115088152
ETH-fed(KEN+TZA+UGA),2017,5,gdp_growth,2022,persistence,5.32175988403378,4.242429773506361
ETH-fed(KEN+TZA+UGA),2017,5,gdp_growth,2022,arima,5.32175988403378,4.211480278573401
ETH-fed(KEN+TZA+UGA),2017,5,gdp_growth,2022,chronos,5.32175988403378,4.4744723394769625
ETH-fed(KEN+TZA+UGA),2017,5,gdp_growth,2022,xgb_blind,5.32175988403378,4.374447162475009
ETH-fed(KEN+TZA+UGA),2017,5,gdp_growth,2022,xgb_lag,5.32175988403378,4.211480278573401
ETH-fed(KEN+TZA+UGA),2017,5,gdp_growth,2022,xgb_typed,5.32175988403378,4.211480278573401
ETH-fed(KEN+TZA+UGA),2017,5,gdp_growth,2022,lgbm_blind,5.32175988403378,2.808647584098571
ETH-fed(KEN+TZA+UGA),2017,5,gdp_growth,2022,lgbm_lag,5.32175988403378,4.211480278573401
ETH-fed(KEN+TZA+UGA),2017,5,gdp_growth,2022,lgbm_typed,5.32175988403378,4.211480278573401
ETH-fed(KEN+TZA+UGA),2017,5,gdp_growth,2022,tft,5.32175988403378,4.249899204100986
ETH-fed(KEN+TZA+UGA),2017,5,gdp_growth,2022,tgcn,5.32175988403378,
ETH-fed(KEN+TZA+UGA),2017,5,gdp_growth,2022,persistence_scarcity,5.32175988403378,4.242429773506361
ETH-fed(KEN+TZA+UGA),2017,5,gdp_growth,2022,chronos_scarcity,5.32175988403378,4.4744723394769625
ETH-fed(KEN+TZA+UGA),2017,5,gdp_growth,2022,gnn_scarcity,5.32175988403378,2.001232092056851
ETH-fed(KEN+TZA+UGA),2017,1,inflation_cpi,2018,persistence,13.8330356586661,3.1459206302422995
ETH-fed(KEN+TZA+UGA),2017,1,inflation_cpi,2018,arima,13.8330356586661,4.719590749810511
ETH-fed(KEN+TZA+UGA),2017,1,inflation_cpi,2018,chronos,13.8330356586661,6.39402313120028
ETH-fed(KEN+TZA+UGA),2017,1,inflation_cpi,2018,xgb_blind,13.8330356586661,3.285362433263268
ETH-fed(KEN+TZA+UGA),2017,1,inflation_cpi,2018,xgb_lag,13.8330356586661,4.719590749810511
ETH-fed(KEN+TZA+UGA),2017,1,inflation_cpi,2018,xgb_typed,13.8330356586661,4.719590749810511
ETH-fed(KEN+TZA+UGA),2017,1,inflation_cpi,2018,lgbm_blind,13.8330356586661,3.5054247244439143
ETH-fed(KEN+TZA+UGA),2017,1,inflation_cpi,2018,lgbm_lag,13.8330356586661,4.719590749810511
ETH-fed(KEN+TZA+UGA),2017,1,inflation_cpi,2018,lgbm_typed,13.8330356586661,4.719590749810511
ETH-fed(KEN+TZA+UGA),2017,1,inflation_cpi,2018,tft,13.8330356586661,4.407018851109948
ETH-fed(KEN+TZA+UGA),2017,1,inflation_cpi,2018,tgcn,13.8330356586661,
ETH-fed(KEN+TZA+UGA),2017,1,inflation_cpi,2018,persistence_scarcity,13.8330356586661,3.1459206302422995
ETH-fed(KEN+TZA+UGA),2017,1,inflation_cpi,2018,chronos_scarcity,13.8330356586661,6.39402313120028
ETH-fed(KEN+TZA+UGA),2017,1,inflation_cpi,2018,gnn_scarcity,13.8330356586661,3.576704214879479
ETH-fed(KEN+TZA+UGA),2017,3,inflation_cpi,2020,persistence,20.3563468559061,9.6692318274823
ETH-fed(KEN+TZA+UGA),2017,3,inflation_cpi,2020,arima,20.3563468559061,10.8693301721342
ETH-fed(KEN+TZA+UGA),2017,3,inflation_cpi,2020,chronos,20.3563468559061,13.416038285044284
ETH-fed(KEN+TZA+UGA),2017,3,inflation_cpi,2020,xgb_blind,20.3563468559061,0.8538944618429234
ETH-fed(KEN+TZA+UGA),2017,3,inflation_cpi,2020,xgb_lag,20.3563468559061,10.8693301721342
ETH-fed(KEN+TZA+UGA),2017,3,inflation_cpi,2020,xgb_typed,20.3563468559061,10.8693301721342
ETH-fed(KEN+TZA+UGA),2017,3,inflation_cpi,2020,lgbm_blind,20.3563468559061,11.05252876355991
ETH-fed(KEN+TZA+UGA),2017,3,inflation_cpi,2020,lgbm_lag,20.3563468559061,10.8693301721342
ETH-fed(KEN+TZA+UGA),2017,3,inflation_cpi,2020,lgbm_typed,20.3563468559061,10.8693301721342
ETH-fed(KEN+TZA+UGA),2017,3,inflation_cpi,2020,tft,20.3563468559061,10.917797814158053
ETH-fed(KEN+TZA+UGA),2017,3,inflation_cpi,2020,tgcn,20.3563468559061,
ETH-fed(KEN+TZA+UGA),2017,3,inflation_cpi,2020,persistence_scarcity,20.3563468559061,9.6692318274823
ETH-fed(KEN+TZA+UGA),2017,3,inflation_cpi,2020,chronos_scarcity,20.3563468559061,13.416038285044284
ETH-fed(KEN+TZA+UGA),2017,3,inflation_cpi,2020,gnn_scarcity,20.3563468559061,10.345625649241061
ETH-fed(KEN+TZA+UGA),2017,5,inflation_cpi,2022,persistence,33.8898797100898,23.202764681666
ETH-fed(KEN+TZA+UGA),2017,5,inflation_cpi,2022,arima,33.8898797100898,24.346710761717684
ETH-fed(KEN+TZA+UGA),2017,5,inflation_cpi,2022,chronos,33.8898797100898,27.61451006592476
ETH-fed(KEN+TZA+UGA),2017,5,inflation_cpi,2022,xgb_blind,33.8898797100898,25.453127390753863
ETH-fed(KEN+TZA+UGA),2017,5,inflation_cpi,2022,xgb_lag,33.8898797100898,24.346710761717684
ETH-fed(KEN+TZA+UGA),2017,5,inflation_cpi,2022,xgb_typed,33.8898797100898,24.346710761717684
ETH-fed(KEN+TZA+UGA),2017,5,inflation_cpi,2022,lgbm_blind,33.8898797100898,24.26124882318264
ETH-fed(KEN+TZA+UGA),2017,5,inflation_cpi,2022,lgbm_lag,33.8898797100898,24.346710761717684
ETH-fed(KEN+TZA+UGA),2017,5,inflation_cpi,2022,lgbm_typed,33.8898797100898,24.346710761717684
ETH-fed(KEN+TZA+UGA),2017,5,inflation_cpi,2022,tft,33.8898797100898,24.45296335877144
ETH-fed(KEN+TZA+UGA),2017,5,inflation_cpi,2022,tgcn,33.8898797100898,
ETH-fed(KEN+TZA+UGA),2017,5,inflation_cpi,2022,persistence_scarcity,33.8898797100898,23.202764681666
ETH-fed(KEN+TZA+UGA),2017,5,inflation_cpi,2022,chronos_scarcity,33.8898797100898,27.61451006592476
ETH-fed(KEN+TZA+UGA),2017,5,inflation_cpi,2022,gnn_scarcity,33.8898797100898,30.481333739173053
ETH-fed(KEN+TZA+UGA),2017,1,unemployment,2018,persistence,2.811,0.1459999999999999
ETH-fed(KEN+TZA+UGA),2017,1,unemployment,2018,arima,2.811,0.08846157113784558
ETH-fed(KEN+TZA+UGA),2017,1,unemployment,2018,chronos,2.811,0.09111846542358393
ETH-fed(KEN+TZA+UGA),2017,1,unemployment,2018,xgb_blind,2.811,0.23365009880065912
ETH-fed(KEN+TZA+UGA),2017,1,unemployment,2018,xgb_lag,2.811,0.08846157113784558
ETH-fed(KEN+TZA+UGA),2017,1,unemployment,2018,xgb_typed,2.811,0.08846157113784558
ETH-fed(KEN+TZA+UGA),2017,1,unemployment,2018,lgbm_blind,2.811,0.0042592447068958705
ETH-fed(KEN+TZA+UGA),2017,1,unemployment,2018,lgbm_lag,2.811,0.08846157113784558
ETH-fed(KEN+TZA+UGA),2017,1,unemployment,2018,lgbm_typed,2.811,0.08846157113784558
ETH-fed(KEN+TZA+UGA),2017,1,unemployment,2018,tft,2.811,0.03124941444396967
ETH-fed(KEN+TZA+UGA),2017,1,unemployment,2018,tgcn,2.811,
ETH-fed(KEN+TZA+UGA),2017,1,unemployment,2018,persistence_scarcity,2.811,0.1459999999999999
ETH-fed(KEN+TZA+UGA),2017,1,unemployment,2018,chronos_scarcity,2.811,0.09111846542358393
ETH-fed(KEN+TZA+UGA),2017,1,unemployment,2018,gnn_scarcity,2.811,0.025512804031372127
ETH-fed(KEN+TZA+UGA),2017,3,unemployment,2020,persistence,3.998,1.3330000000000002
ETH-fed(KEN+TZA+UGA),2017,3,unemployment,2020,arima,3.998,1.2290552153737515
ETH-fed(KEN+TZA+UGA),2017,3,unemployment,2020,chronos,3.998,1.2365935783386233
ETH-fed(KEN+TZA+UGA),2017,3,unemployment,2020,xgb_blind,3.998,1.5094116668701174
ETH-fed(KEN+TZA+UGA),2017,3,unemployment,2020,xgb_lag,3.998,1.2290552153737515
ETH-fed(KEN+TZA+UGA),2017,3,unemployment,2020,xgb_typed,3.998,1.2290552153737515
ETH-fed(KEN+TZA+UGA),2017,3,unemployment,2020,lgbm_blind,3.998,1.2255200080871584
ETH-fed(KEN+TZA+UGA),2017,3,unemployment,2020,lgbm_lag,3.998,1.2290552153737515
ETH-fed(KEN+TZA+UGA),2017,3,unemployment,2020,lgbm_typed,3.998,1.2290552153737515
ETH-fed(KEN+TZA+UGA),2017,3,unemployment,2020,tft,3.998,0.9666350822448733
ETH-fed(KEN+TZA+UGA),2017,3,unemployment,2020,tgcn,3.998,
ETH-fed(KEN+TZA+UGA),2017,3,unemployment,2020,persistence_scarcity,3.998,1.3330000000000002
ETH-fed(KEN+TZA+UGA),2017,3,unemployment,2020,chronos_scarcity,3.998,1.2365935783386233
ETH-fed(KEN+TZA+UGA),2017,3,unemployment,2020,gnn_scarcity,3.998,1.1712487678527834
ETH-fed(KEN+TZA+UGA),2017,5,unemployment,2022,persistence,3.386,0.7210000000000001
ETH-fed(KEN+TZA+UGA),2017,5,unemployment,2022,arima,3.386,0.6041239665922089
ETH-fed(KEN+TZA+UGA),2017,5,unemployment,2022,chronos,3.386,0.5311606750488282
ETH-fed(KEN+TZA+UGA),2017,5,unemployment,2022,xgb_blind,3.386,0.8706432209014894
ETH-fed(KEN+TZA+UGA),2017,5,unemployment,2022,xgb_lag,3.386,0.6041239665922089
ETH-fed(KEN+TZA+UGA),2017,5,unemployment,2022,xgb_typed,3.386,0.6041239665922089
ETH-fed(KEN+TZA+UGA),2017,5,unemployment,2022,lgbm_blind,3.386,0.6486087043596354
ETH-fed(KEN+TZA+UGA),2017,5,unemployment,2022,lgbm_lag,3.386,0.6041239665922089
ETH-fed(KEN+TZA+UGA),2017,5,unemployment,2022,lgbm_typed,3.386,0.6041239665922089
ETH-fed(KEN+TZA+UGA),2017,5,unemployment,2022,tft,3.386,0.19321259117126477
ETH-fed(KEN+TZA+UGA),2017,5,unemployment,2022,tgcn,3.386,
ETH-fed(KEN+TZA+UGA),2017,5,unemployment,2022,persistence_scarcity,3.386,0.7210000000000001
ETH-fed(KEN+TZA+UGA),2017,5,unemployment,2022,chronos_scarcity,3.386,0.5311606750488282
ETH-fed(KEN+TZA+UGA),2017,5,unemployment,2022,gnn_scarcity,3.386,0.8216472492218019
ETH-fed(KEN+TZA+UGA),2017,1,exports_gdp,2018,persistence,8.37267815589761,0.7433034406474501
ETH-fed(KEN+TZA+UGA),2017,1,exports_gdp,2018,arima,8.37267815589761,0.8441323894856492
ETH-fed(KEN+TZA+UGA),2017,1,exports_gdp,2018,chronos,8.37267815589761,0.7200263690934108
ETH-fed(KEN+TZA+UGA),2017,1,exports_gdp,2018,xgb_blind,8.37267815589761,0.06814801215981703
ETH-fed(KEN+TZA+UGA),2017,1,exports_gdp,2018,xgb_lag,8.37267815589761,0.8441323894856492
ETH-fed(KEN+TZA+UGA),2017,1,exports_gdp,2018,xgb_typed,8.37267815589761,0.8441323894856492
ETH-fed(KEN+TZA+UGA),2017,1,exports_gdp,2018,lgbm_blind,8.37267815589761,6.9281241985617985
ETH-fed(KEN+TZA+UGA),2017,1,exports_gdp,2018,lgbm_lag,8.37267815589761,0.8441323894856492
ETH-fed(KEN+TZA+UGA),2017,1,exports_gdp,2018,lgbm_typed,8.37267815589761,0.8441323894856492
ETH-fed(KEN+TZA+UGA),2017,1,exports_gdp,2018,tft,8.37267815589761,0.7511724185929225
ETH-fed(KEN+TZA+UGA),2017,1,exports_gdp,2018,tgcn,8.37267815589761,
ETH-fed(KEN+TZA+UGA),2017,1,exports_gdp,2018,persistence_scarcity,8.37267815589761,0.7433034406474501
ETH-fed(KEN+TZA+UGA),2017,1,exports_gdp,2018,chronos_scarcity,8.37267815589761,0.7200263690934108
ETH-fed(KEN+TZA+UGA),2017,1,exports_gdp,2018,gnn_scarcity,8.37267815589761,7.004769926072605
ETH-fed(KEN+TZA+UGA),2017,3,exports_gdp,2020,persistence,7.12719989668803,0.5021748185621302
ETH-fed(KEN+TZA+UGA),2017,3,exports_gdp,2020,arima,7.12719989668803,0.3149824379187489
ETH-fed(KEN+TZA+UGA),2017,3,exports_gdp,2020,chronos,7.12719989668803,0.5817177211098219
ETH-fed(KEN+TZA+UGA),2017,3,exports_gdp,2020,xgb_blind,7.12719989668803,2.786422959452107
ETH-fed(KEN+TZA+UGA),2017,3,exports_gdp,2020,xgb_lag,7.12719989668803,0.3149824379187489
ETH-fed(KEN+TZA+UGA),2017,3,exports_gdp,2020,xgb_typed,7.12719989668803,0.3149824379187489
ETH-fed(KEN+TZA+UGA),2017,3,exports_gdp,2020,lgbm_blind,7.12719989668803,8.062718373423055
ETH-fed(KEN+TZA+UGA),2017,3,exports_gdp,2020,lgbm_lag,7.12719989668803,0.3149824379187489
ETH-fed(KEN+TZA+UGA),2017,3,exports_gdp,2020,lgbm_typed,7.12719989668803,0.3149824379187489
ETH-fed(KEN+TZA+UGA),2017,3,exports_gdp,2020,tft,7.12719989668803,0.5132486735634352
ETH-fed(KEN+TZA+UGA),2017,3,exports_gdp,2020,tgcn,7.12719989668803,
ETH-fed(KEN+TZA+UGA),2017,3,exports_gdp,2020,persistence_scarcity,7.12719989668803,0.5021748185621302
ETH-fed(KEN+TZA+UGA),2017,3,exports_gdp,2020,chronos_scarcity,7.12719989668803,0.5817177211098219
ETH-fed(KEN+TZA+UGA),2017,3,exports_gdp,2020,gnn_scarcity,7.12719989668803,8.191538087015584
ETH-fed(KEN+TZA+UGA),2017,5,exports_gdp,2022,persistence,8.24396037798902,0.6145856627388593
ETH-fed(KEN+TZA+UGA),2017,5,exports_gdp,2022,arima,8.24396037798902,0.8280856270436621
ETH-fed(KEN+TZA+UGA),2017,5,exports_gdp,2022,chronos,8.24396037798902,0.47877692919751524
ETH-fed(KEN+TZA+UGA),2017,5,exports_gdp,2022,xgb_blind,8.24396037798902,5.559614184083735
ETH-fed(KEN+TZA+UGA),2017,5,exports_gdp,2022,xgb_lag,8.24396037798902,0.8280856270436621
ETH-fed(KEN+TZA+UGA),2017,5,exports_gdp,2022,xgb_typed,8.24396037798902,0.8280856270436621
ETH-fed(KEN+TZA+UGA),2017,5,exports_gdp,2022,lgbm_blind,8.24396037798902,6.815789619191422
ETH-fed(KEN+TZA+UGA),2017,5,exports_gdp,2022,lgbm_lag,8.24396037798902,0.8280856270436621
ETH-fed(KEN+TZA+UGA),2017,5,exports_gdp,2022,lgbm_typed,8.24396037798902,0.8280856270436621
ETH-fed(KEN+TZA+UGA),2017,5,exports_gdp,2022,tft,8.24396037798902,0.6000175450422418
ETH-fed(KEN+TZA+UGA),2017,5,exports_gdp,2022,tgcn,8.24396037798902,
ETH-fed(KEN+TZA+UGA),2017,5,exports_gdp,2022,persistence_scarcity,8.24396037798902,0.6145856627388593
ETH-fed(KEN+TZA+UGA),2017,5,exports_gdp,2022,chronos_scarcity,8.24396037798902,0.47877692919751524
ETH-fed(KEN+TZA+UGA),2017,5,exports_gdp,2022,gnn_scarcity,8.24396037798902,5.496606829347407
ETH-fed(KEN+TZA+UGA),2017,1,imports_gdp,2018,persistence,22.8266908218905,0.6475839557610001
ETH-fed(KEN+TZA+UGA),2017,1,imports_gdp,2018,arima,22.8266908218905,0.6875475002836708
ETH-fed(KEN+TZA+UGA),2017,1,imports_gdp,2018,chronos,22.8266908218905,0.4903105208829359
ETH-fed(KEN+TZA+UGA),2017,1,imports_gdp,2018,xgb_blind,22.8266908218905,1.9086206862882094
ETH-fed(KEN+TZA+UGA),2017,1,imports_gdp,2018,xgb_lag,22.8266908218905,0.6875475002836708
ETH-fed(KEN+TZA+UGA),2017,1,imports_gdp,2018,xgb_typed,22.8266908218905,0.6875475002836708
ETH-fed(KEN+TZA+UGA),2017,1,imports_gdp,2018,lgbm_blind,22.8266908218905,8.026625449856098
ETH-fed(KEN+TZA+UGA),2017,1,imports_gdp,2018,lgbm_lag,22.8266908218905,0.6875475002836708
ETH-fed(KEN+TZA+UGA),2017,1,imports_gdp,2018,lgbm_typed,22.8266908218905,0.6875475002836708
ETH-fed(KEN+TZA+UGA),2017,1,imports_gdp,2018,tft,22.8266908218905,0.12785706018957654
ETH-fed(KEN+TZA+UGA),2017,1,imports_gdp,2018,tgcn,22.8266908218905,
ETH-fed(KEN+TZA+UGA),2017,1,imports_gdp,2018,persistence_scarcity,22.8266908218905,0.6475839557610001
ETH-fed(KEN+TZA+UGA),2017,1,imports_gdp,2018,chronos_scarcity,22.8266908218905,0.4903105208829359
ETH-fed(KEN+TZA+UGA),2017,1,imports_gdp,2018,gnn_scarcity,22.8266908218905,8.068559498544069
ETH-fed(KEN+TZA+UGA),2017,3,imports_gdp,2020,persistence,16.8789144434913,6.595360334160201
ETH-fed(KEN+TZA+UGA),2017,3,imports_gdp,2020,arima,16.8789144434913,4.584454626415226
ETH-fed(KEN+TZA+UGA),2017,3,imports_gdp,2020,chronos,16.8789144434913,6.098525436879793
ETH-fed(KEN+TZA+UGA),2017,3,imports_gdp,2020,xgb_blind,16.8789144434913,7.736192139150301
ETH-fed(KEN+TZA+UGA),2017,3,imports_gdp,2020,xgb_lag,16.8789144434913,4.584454626415226
ETH-fed(KEN+TZA+UGA),2017,3,imports_gdp,2020,xgb_typed,16.8789144434913,4.584454626415226
ETH-fed(KEN+TZA+UGA),2017,3,imports_gdp,2020,lgbm_blind,16.8789144434913,13.918980606557529
ETH-fed(KEN+TZA+UGA),2017,3,imports_gdp,2020,lgbm_lag,16.8789144434913,4.584454626415226
ETH-fed(KEN+TZA+UGA),2017,3,imports_gdp,2020,lgbm_typed,16.8789144434913,4.584454626415226
ETH-fed(KEN+TZA+UGA),2017,3,imports_gdp,2020,tft,16.8789144434913,6.436429413320223
ETH-fed(KEN+TZA+UGA),2017,3,imports_gdp,2020,tgcn,16.8789144434913,
ETH-fed(KEN+TZA+UGA),2017,3,imports_gdp,2020,persistence_scarcity,16.8789144434913,6.595360334160201
ETH-fed(KEN+TZA+UGA),2017,3,imports_gdp,2020,chronos_scarcity,16.8789144434913,6.098525436879793
ETH-fed(KEN+TZA+UGA),2017,3,imports_gdp,2020,gnn_scarcity,16.8789144434913,13.979154022695223
ETH-fed(KEN+TZA+UGA),2017,5,imports_gdp,2022,persistence,18.3515393187423,5.122735458909201
ETH-fed(KEN+TZA+UGA),2017,5,imports_gdp,2022,arima,18.3515393187423,3.0195322778636573
ETH-fed(KEN+TZA+UGA),2017,5,imports_gdp,2022,chronos,18.3515393187423,3.607204730329965
ETH-fed(KEN+TZA+UGA),2017,5,imports_gdp,2022,xgb_blind,18.3515393187423,11.301355655012582
ETH-fed(KEN+TZA+UGA),2017,5,imports_gdp,2022,xgb_lag,18.3515393187423,3.0195322778636573
ETH-fed(KEN+TZA+UGA),2017,5,imports_gdp,2022,xgb_typed,18.3515393187423,3.0195322778636573
ETH-fed(KEN+TZA+UGA),2017,5,imports_gdp,2022,lgbm_blind,18.3515393187423,12.381296036270012
ETH-fed(KEN+TZA+UGA),2017,5,imports_gdp,2022,lgbm_lag,18.3515393187423,3.0195322778636573
ETH-fed(KEN+TZA+UGA),2017,5,imports_gdp,2022,lgbm_typed,18.3515393187423,3.0195322778636573
ETH-fed(KEN+TZA+UGA),2017,5,imports_gdp,2022,tft,18.3515393187423,5.047119433699105
ETH-fed(KEN+TZA+UGA),2017,5,imports_gdp,2022,tgcn,18.3515393187423,
ETH-fed(KEN+TZA+UGA),2017,5,imports_gdp,2022,persistence_scarcity,18.3515393187423,5.122735458909201
ETH-fed(KEN+TZA+UGA),2017,5,imports_gdp,2022,chronos_scarcity,18.3515393187423,3.607204730329965
ETH-fed(KEN+TZA+UGA),2017,5,imports_gdp,2022,gnn_scarcity,18.3515393187423,11.507088000593637
ETH-fed(KEN+TZA+UGA),2017,1,current_account,2018,persistence,-5.53324917435327,2.2301812255756897
ETH-fed(KEN+TZA+UGA),2017,1,current_account,2018,arima,-5.53324917435327,2.6974968587673294
ETH-fed(KEN+TZA+UGA),2017,1,current_account,2018,chronos,-5.53324917435327,0.6352417123349623
ETH-fed(KEN+TZA+UGA),2017,1,current_account,2018,xgb_blind,-5.53324917435327,1.7810895097287611
ETH-fed(KEN+TZA+UGA),2017,1,current_account,2018,xgb_lag,-5.53324917435327,2.6974968587673294
ETH-fed(KEN+TZA+UGA),2017,1,current_account,2018,xgb_typed,-5.53324917435327,2.6974968587673294
ETH-fed(KEN+TZA+UGA),2017,1,current_account,2018,lgbm_blind,-5.53324917435327,0.8940408509275537
ETH-fed(KEN+TZA+UGA),2017,1,current_account,2018,lgbm_lag,-5.53324917435327,2.6974968587673294
ETH-fed(KEN+TZA+UGA),2017,1,current_account,2018,lgbm_typed,-5.53324917435327,2.6974968587673294
ETH-fed(KEN+TZA+UGA),2017,1,current_account,2018,tft,-5.53324917435327,0.9432317864926771
ETH-fed(KEN+TZA+UGA),2017,1,current_account,2018,tgcn,-5.53324917435327,
ETH-fed(KEN+TZA+UGA),2017,1,current_account,2018,persistence_scarcity,-5.53324917435327,2.2301812255756897
ETH-fed(KEN+TZA+UGA),2017,1,current_account,2018,chronos_scarcity,-5.53324917435327,0.6352417123349623
ETH-fed(KEN+TZA+UGA),2017,1,current_account,2018,gnn_scarcity,-5.53324917435327,1.017447744604735
ETH-fed(KEN+TZA+UGA),2017,3,current_account,2020,persistence,-2.75526110015443,5.008169299774529
ETH-fed(KEN+TZA+UGA),2017,3,current_account,2020,arima,-2.75526110015443,5.424871009038721
ETH-fed(KEN+TZA+UGA),2017,3,current_account,2020,chronos,-2.75526110015443,2.4710677496380504
ETH-fed(KEN+TZA+UGA),2017,3,current_account,2020,xgb_blind,-2.75526110015443,2.7547591558880504
ETH-fed(KEN+TZA+UGA),2017,3,current_account,2020,xgb_lag,-2.75526110015443,5.424871009038721
ETH-fed(KEN+TZA+UGA),2017,3,current_account,2020,xgb_typed,-2.75526110015443,5.424871009038721
ETH-fed(KEN+TZA+UGA),2017,3,current_account,2020,lgbm_blind,-2.75526110015443,2.24035377182433
ETH-fed(KEN+TZA+UGA),2017,3,current_account,2020,lgbm_lag,-2.75526110015443,5.424871009038721
ETH-fed(KEN+TZA+UGA),2017,3,current_account,2020,lgbm_typed,-2.75526110015443,5.424871009038721
ETH-fed(KEN+TZA+UGA),2017,3,current_account,2020,tft,-2.75526110015443,2.6009910932964977
ETH-fed(KEN+TZA+UGA),2017,3,current_account,2020,tgcn,-2.75526110015443,
ETH-fed(KEN+TZA+UGA),2017,3,current_account,2020,persistence_scarcity,-2.75526110015443,5.008169299774529
ETH-fed(KEN+TZA+UGA),2017,3,current_account,2020,chronos_scarcity,-2.75526110015443,2.4710677496380504
ETH-fed(KEN+TZA+UGA),2017,3,current_account,2020,gnn_scarcity,-2.75526110015443,1.8509486547894176
ETH-fed(KEN+TZA+UGA),2017,5,current_account,2022,persistence,-4.19066632559079,3.5727640743381697
ETH-fed(KEN+TZA+UGA),2017,5,current_account,2022,arima,-4.19066632559079,3.988692810126567
ETH-fed(KEN+TZA+UGA),2017,5,current_account,2022,chronos,-4.19066632559079,0.7690147084973447
ETH-fed(KEN+TZA+UGA),2017,5,current_account,2022,xgb_blind,-4.19066632559079,1.7425645513318173
ETH-fed(KEN+TZA+UGA),2017,5,current_account,2022,xgb_lag,-4.19066632559079,3.988692810126567
ETH-fed(KEN+TZA+UGA),2017,5,current_account,2022,xgb_typed,-4.19066632559079,3.988692810126567
ETH-fed(KEN+TZA+UGA),2017,5,current_account,2022,lgbm_blind,-4.19066632559079,1.2921253754979904
ETH-fed(KEN+TZA+UGA),2017,5,current_account,2022,lgbm_lag,-4.19066632559079,3.988692810126567
ETH-fed(KEN+TZA+UGA),2017,5,current_account,2022,lgbm_typed,-4.19066632559079,3.988692810126567
ETH-fed(KEN+TZA+UGA),2017,5,current_account,2022,tft,-4.19066632559079,1.1347864789746396
ETH-fed(KEN+TZA+UGA),2017,5,current_account,2022,tgcn,-4.19066632559079,
ETH-fed(KEN+TZA+UGA),2017,5,current_account,2022,persistence_scarcity,-4.19066632559079,3.5727640743381697
ETH-fed(KEN+TZA+UGA),2017,5,current_account,2022,chronos_scarcity,-4.19066632559079,0.7690147084973447
ETH-fed(KEN+TZA+UGA),2017,5,current_account,2022,gnn_scarcity,-4.19066632559079,2.8457897825024716
ETH-fed(KEN+TZA+UGA),2017,1,real_interest_rate,2018,persistence,-17.1217762401546,0.0
ETH-fed(KEN+TZA+UGA),2017,1,real_interest_rate,2018,arima,-17.1217762401546,0.0
ETH-fed(KEN+TZA+UGA),2017,1,real_interest_rate,2018,chronos,-17.1217762401546,0.023294108196591168
ETH-fed(KEN+TZA+UGA),2017,1,real_interest_rate,2018,xgb_blind,-17.1217762401546,0.5174595287288177
ETH-fed(KEN+TZA+UGA),2017,1,real_interest_rate,2018,xgb_lag,-17.1217762401546,0.0
ETH-fed(KEN+TZA+UGA),2017,1,real_interest_rate,2018,xgb_typed,-17.1217762401546,0.0
ETH-fed(KEN+TZA+UGA),2017,1,real_interest_rate,2018,lgbm_blind,-17.1217762401546,12.856934564396237
ETH-fed(KEN+TZA+UGA),2017,1,real_interest_rate,2018,lgbm_lag,-17.1217762401546,0.0
ETH-fed(KEN+TZA+UGA),2017,1,real_interest_rate,2018,lgbm_typed,-17.1217762401546,0.0
ETH-fed(KEN+TZA+UGA),2017,1,real_interest_rate,2018,tft,-17.1217762401546,0.0689083507503021
ETH-fed(KEN+TZA+UGA),2017,1,real_interest_rate,2018,tgcn,-17.1217762401546,
ETH-fed(KEN+TZA+UGA),2017,1,real_interest_rate,2018,persistence_scarcity,-17.1217762401546,0.0
ETH-fed(KEN+TZA+UGA),2017,1,real_interest_rate,2018,chronos_scarcity,-17.1217762401546,0.023294108196591168
ETH-fed(KEN+TZA+UGA),2017,1,real_interest_rate,2018,gnn_scarcity,-17.1217762401546,13.218408959194516
ETH-fed(KEN+TZA+UGA),2017,3,real_interest_rate,2020,persistence,-17.1217762401546,0.0
ETH-fed(KEN+TZA+UGA),2017,3,real_interest_rate,2020,arima,-17.1217762401546,0.0
ETH-fed(KEN+TZA+UGA),2017,3,real_interest_rate,2020,chronos,-17.1217762401546,0.023294108196591168
ETH-fed(KEN+TZA+UGA),2017,3,real_interest_rate,2020,xgb_blind,-17.1217762401546,0.15166439323077086
ETH-fed(KEN+TZA+UGA),2017,3,real_interest_rate,2020,xgb_lag,-17.1217762401546,0.0
ETH-fed(KEN+TZA+UGA),2017,3,real_interest_rate,2020,xgb_typed,-17.1217762401546,0.0
ETH-fed(KEN+TZA+UGA),2017,3,real_interest_rate,2020,lgbm_blind,-17.1217762401546,13.216027534290646
ETH-fed(KEN+TZA+UGA),2017,3,real_interest_rate,2020,lgbm_lag,-17.1217762401546,0.0
ETH-fed(KEN+TZA+UGA),2017,3,real_interest_rate,2020,lgbm_typed,-17.1217762401546,0.0
ETH-fed(KEN+TZA+UGA),2017,3,real_interest_rate,2020,tft,-17.1217762401546,0.056968348308895855
ETH-fed(KEN+TZA+UGA),2017,3,real_interest_rate,2020,tgcn,-17.1217762401546,
ETH-fed(KEN+TZA+UGA),2017,3,real_interest_rate,2020,persistence_scarcity,-17.1217762401546,0.0
ETH-fed(KEN+TZA+UGA),2017,3,real_interest_rate,2020,chronos_scarcity,-17.1217762401546,0.023294108196591168
ETH-fed(KEN+TZA+UGA),2017,3,real_interest_rate,2020,gnn_scarcity,-17.1217762401546,12.970098631664609
ETH-fed(KEN+TZA+UGA),2017,5,real_interest_rate,2022,persistence,-17.1217762401546,0.0
ETH-fed(KEN+TZA+UGA),2017,5,real_interest_rate,2022,arima,-17.1217762401546,0.0
ETH-fed(KEN+TZA+UGA),2017,5,real_interest_rate,2022,chronos,-17.1217762401546,0.023294108196591168
ETH-fed(KEN+TZA+UGA),2017,5,real_interest_rate,2022,xgb_blind,-17.1217762401546,0.22892917899737242
ETH-fed(KEN+TZA+UGA),2017,5,real_interest_rate,2022,xgb_lag,-17.1217762401546,0.0
ETH-fed(KEN+TZA+UGA),2017,5,real_interest_rate,2022,xgb_typed,-17.1217762401546,0.0
ETH-fed(KEN+TZA+UGA),2017,5,real_interest_rate,2022,lgbm_blind,-17.1217762401546,12.370867906832324
ETH-fed(KEN+TZA+UGA),2017,5,real_interest_rate,2022,lgbm_lag,-17.1217762401546,0.0
ETH-fed(KEN+TZA+UGA),2017,5,real_interest_rate,2022,lgbm_typed,-17.1217762401546,0.0
ETH-fed(KEN+TZA+UGA),2017,5,real_interest_rate,2022,tft,-17.1217762401546,0.056403773113583355
ETH-fed(KEN+TZA+UGA),2017,5,real_interest_rate,2022,tgcn,-17.1217762401546,
ETH-fed(KEN+TZA+UGA),2017,5,real_interest_rate,2022,persistence_scarcity,-17.1217762401546,0.0
ETH-fed(KEN+TZA+UGA),2017,5,real_interest_rate,2022,chronos_scarcity,-17.1217762401546,0.023294108196591168
ETH-fed(KEN+TZA+UGA),2017,5,real_interest_rate,2022,gnn_scarcity,-17.1217762401546,6.295342104717587
ETH-fed(KEN+TZA+UGA),2017,1,broad_money,2018,persistence,33.9671207502096,0.0
ETH-fed(KEN+TZA+UGA),2017,1,broad_money,2018,arima,33.9671207502096,0.0
ETH-fed(KEN+TZA+UGA),2017,1,broad_money,2018,chronos,33.9671207502096,0.05807076241663367
ETH-fed(KEN+TZA+UGA),2017,1,broad_money,2018,xgb_blind,33.9671207502096,0.609749214390007
ETH-fed(KEN+TZA+UGA),2017,1,broad_money,2018,xgb_lag,33.9671207502096,0.0
ETH-fed(KEN+TZA+UGA),2017,1,broad_money,2018,xgb_typed,33.9671207502096,0.0
ETH-fed(KEN+TZA+UGA),2017,1,broad_money,2018,lgbm_blind,33.9671207502096,1.0696296900347164
ETH-fed(KEN+TZA+UGA),2017,1,broad_money,2018,lgbm_lag,33.9671207502096,0.0
ETH-fed(KEN+TZA+UGA),2017,1,broad_money,2018,lgbm_typed,33.9671207502096,0.0
ETH-fed(KEN+TZA+UGA),2017,1,broad_money,2018,tft,33.9671207502096,0.0689090654642257
ETH-fed(KEN+TZA+UGA),2017,1,broad_money,2018,tgcn,33.9671207502096,
ETH-fed(KEN+TZA+UGA),2017,1,broad_money,2018,persistence_scarcity,33.9671207502096,0.0
ETH-fed(KEN+TZA+UGA),2017,1,broad_money,2018,chronos_scarcity,33.9671207502096,0.05807076241663367
ETH-fed(KEN+TZA+UGA),2017,1,broad_money,2018,gnn_scarcity,33.9671207502096,0.8592647478372726
ETH-fed(KEN+TZA+UGA),2017,3,broad_money,2020,persistence,33.9671207502096,0.0
ETH-fed(KEN+TZA+UGA),2017,3,broad_money,2020,arima,33.9671207502096,0.0
ETH-fed(KEN+TZA+UGA),2017,3,broad_money,2020,chronos,33.9671207502096,0.05807076241663367
ETH-fed(KEN+TZA+UGA),2017,3,broad_money,2020,xgb_blind,33.9671207502096,0.40152396414586633
ETH-fed(KEN+TZA+UGA),2017,3,broad_money,2020,xgb_lag,33.9671207502096,0.0
ETH-fed(KEN+TZA+UGA),2017,3,broad_money,2020,xgb_typed,33.9671207502096,0.0
ETH-fed(KEN+TZA+UGA),2017,3,broad_money,2020,lgbm_blind,33.9671207502096,1.4397524187357078
ETH-fed(KEN+TZA+UGA),2017,3,broad_money,2020,lgbm_lag,33.9671207502096,0.0
ETH-fed(KEN+TZA+UGA),2017,3,broad_money,2020,lgbm_typed,33.9671207502096,0.0
ETH-fed(KEN+TZA+UGA),2017,3,broad_money,2020,tft,33.9671207502096,0.056969063022819455
ETH-fed(KEN+TZA+UGA),2017,3,broad_money,2020,tgcn,33.9671207502096,
ETH-fed(KEN+TZA+UGA),2017,3,broad_money,2020,persistence_scarcity,33.9671207502096,0.0
ETH-fed(KEN+TZA+UGA),2017,3,broad_money,2020,chronos_scarcity,33.9671207502096,0.05807076241663367
ETH-fed(KEN+TZA+UGA),2017,3,broad_money,2020,gnn_scarcity,33.9671207502096,0.7500804827005538
ETH-fed(KEN+TZA+UGA),2017,5,broad_money,2022,persistence,33.9671207502096,0.0
ETH-fed(KEN+TZA+UGA),2017,5,broad_money,2022,arima,33.9671207502096,0.0
ETH-fed(KEN+TZA+UGA),2017,5,broad_money,2022,chronos,33.9671207502096,0.05807076241663367
ETH-fed(KEN+TZA+UGA),2017,5,broad_money,2022,xgb_blind,33.9671207502096,0.010963813999381955
ETH-fed(KEN+TZA+UGA),2017,5,broad_money,2022,xgb_lag,33.9671207502096,0.0
ETH-fed(KEN+TZA+UGA),2017,5,broad_money,2022,xgb_typed,33.9671207502096,0.0
ETH-fed(KEN+TZA+UGA),2017,5,broad_money,2022,lgbm_blind,33.9671207502096,1.9906242628200772
ETH-fed(KEN+TZA+UGA),2017,5,broad_money,2022,lgbm_lag,33.9671207502096,0.0
ETH-fed(KEN+TZA+UGA),2017,5,broad_money,2022,lgbm_typed,33.9671207502096,0.0
ETH-fed(KEN+TZA+UGA),2017,5,broad_money,2022,tft,33.9671207502096,0.056404487827506955
ETH-fed(KEN+TZA+UGA),2017,5,broad_money,2022,tgcn,33.9671207502096,
ETH-fed(KEN+TZA+UGA),2017,5,broad_money,2022,persistence_scarcity,33.9671207502096,0.0
ETH-fed(KEN+TZA+UGA),2017,5,broad_money,2022,chronos_scarcity,33.9671207502096,0.05807076241663367
ETH-fed(KEN+TZA+UGA),2017,5,broad_money,2022,gnn_scarcity,33.9671207502096,2.1847892835347977
ETH-fed(KEN+TZA+UGA),2017,1,private_credit,2018,persistence,17.7101483486321,0.0
ETH-fed(KEN+TZA+UGA),2017,1,private_credit,2018,arima,17.7101483486321,0.0
ETH-fed(KEN+TZA+UGA),2017,1,private_credit,2018,chronos,17.7101483486321,0.045739636597392774
ETH-fed(KEN+TZA+UGA),2017,1,private_credit,2018,xgb_blind,17.7101483486321,0.046339526000263476
ETH-fed(KEN+TZA+UGA),2017,1,private_credit,2018,xgb_lag,17.7101483486321,0.0
ETH-fed(KEN+TZA+UGA),2017,1,private_credit,2018,xgb_typed,17.7101483486321,0.0
ETH-fed(KEN+TZA+UGA),2017,1,private_credit,2018,lgbm_blind,17.7101483486321,2.818723873739307
ETH-fed(KEN+TZA+UGA),2017,1,private_credit,2018,lgbm_lag,17.7101483486321,0.0
ETH-fed(KEN+TZA+UGA),2017,1,private_credit,2018,lgbm_typed,17.7101483486321,0.0
ETH-fed(KEN+TZA+UGA),2017,1,private_credit,2018,tft,17.7101483486321,0.06890820044016621
ETH-fed(KEN+TZA+UGA),2017,1,private_credit,2018,tgcn,17.7101483486321,
ETH-fed(KEN+TZA+UGA),2017,1,private_credit,2018,persistence_scarcity,17.7101483486321,0.0
ETH-fed(KEN+TZA+UGA),2017,1,private_credit,2018,chronos_scarcity,17.7101483486321,0.045739636597392774
ETH-fed(KEN+TZA+UGA),2017,1,private_credit,2018,gnn_scarcity,17.7101483486321,3.2355599544670604
ETH-fed(KEN+TZA+UGA),2017,3,private_credit,2020,persistence,17.7101483486321,0.0
ETH-fed(KEN+TZA+UGA),2017,3,private_credit,2020,arima,17.7101483486321,0.0
ETH-fed(KEN+TZA+UGA),2017,3,private_credit,2020,chronos,17.7101483486321,0.045739636597392774
ETH-fed(KEN+TZA+UGA),2017,3,private_credit,2020,xgb_blind,17.7101483486321,0.1425328395988963
ETH-fed(KEN+TZA+UGA),2017,3,private_credit,2020,xgb_lag,17.7101483486321,0.0
ETH-fed(KEN+TZA+UGA),2017,3,private_credit,2020,xgb_typed,17.7101483486321,0.0
ETH-fed(KEN+TZA+UGA),2017,3,private_credit,2020,lgbm_blind,17.7101483486321,1.7678120182182813
ETH-fed(KEN+TZA+UGA),2017,3,private_credit,2020,lgbm_lag,17.7101483486321,0.0
ETH-fed(KEN+TZA+UGA),2017,3,private_credit,2020,lgbm_typed,17.7101483486321,0.0
ETH-fed(KEN+TZA+UGA),2017,3,private_credit,2020,tft,17.7101483486321,0.05696819799875996
ETH-fed(KEN+TZA+UGA),2017,3,private_credit,2020,tgcn,17.7101483486321,
ETH-fed(KEN+TZA+UGA),2017,3,private_credit,2020,persistence_scarcity,17.7101483486321,0.0
ETH-fed(KEN+TZA+UGA),2017,3,private_credit,2020,chronos_scarcity,17.7101483486321,0.045739636597392774
ETH-fed(KEN+TZA+UGA),2017,3,private_credit,2020,gnn_scarcity,17.7101483486321,3.362092509093525
ETH-fed(KEN+TZA+UGA),2017,5,private_credit,2022,persistence,17.7101483486321,0.0
ETH-fed(KEN+TZA+UGA),2017,5,private_credit,2022,arima,17.7101483486321,0.0
ETH-fed(KEN+TZA+UGA),2017,5,private_credit,2022,chronos,17.7101483486321,0.045739636597392774
ETH-fed(KEN+TZA+UGA),2017,5,private_credit,2022,xgb_blind,17.7101483486321,0.006191744628193163
ETH-fed(KEN+TZA+UGA),2017,5,private_credit,2022,xgb_lag,17.7101483486321,0.0
ETH-fed(KEN+TZA+UGA),2017,5,private_credit,2022,xgb_typed,17.7101483486321,0.0
ETH-fed(KEN+TZA+UGA),2017,5,private_credit,2022,lgbm_blind,17.7101483486321,0.7437838405422887
ETH-fed(KEN+TZA+UGA),2017,5,private_credit,2022,lgbm_lag,17.7101483486321,0.0
ETH-fed(KEN+TZA+UGA),2017,5,private_credit,2022,lgbm_typed,17.7101483486321,0.0
ETH-fed(KEN+TZA+UGA),2017,5,private_credit,2022,tft,17.7101483486321,0.05640362280344746
ETH-fed(KEN+TZA+UGA),2017,5,private_credit,2022,tgcn,17.7101483486321,
ETH-fed(KEN+TZA+UGA),2017,5,private_credit,2022,persistence_scarcity,17.7101483486321,0.0
ETH-fed(KEN+TZA+UGA),2017,5,private_credit,2022,chronos_scarcity,17.7101483486321,0.045739636597392774
ETH-fed(KEN+TZA+UGA),2017,5,private_credit,2022,gnn_scarcity,17.7101483486321,6.76335765344167
ETH-fed(KEN+TZA+UGA),2017,1,govt_consumption,2018,persistence,10.2500179989793,5.2431145939922
ETH-fed(KEN+TZA+UGA),2017,1,govt_consumption,2018,arima,10.2500179989793,8.378409505473181
ETH-fed(KEN+TZA+UGA),2017,1,govt_consumption,2018,chronos,10.2500179989793,5.682343603803902
ETH-fed(KEN+TZA+UGA),2017,1,govt_consumption,2018,xgb_blind,10.2500179989793,4.683948637678414
ETH-fed(KEN+TZA+UGA),2017,1,govt_consumption,2018,xgb_lag,10.2500179989793,8.378409505473181
ETH-fed(KEN+TZA+UGA),2017,1,govt_consumption,2018,xgb_typed,10.2500179989793,8.378409505473181
ETH-fed(KEN+TZA+UGA),2017,1,govt_consumption,2018,lgbm_blind,10.2500179989793,0.07405529802681166
ETH-fed(KEN+TZA+UGA),2017,1,govt_consumption,2018,lgbm_lag,10.2500179989793,8.378409505473181
ETH-fed(KEN+TZA+UGA),2017,1,govt_consumption,2018,lgbm_typed,10.2500179989793,8.378409505473181
ETH-fed(KEN+TZA+UGA),2017,1,govt_consumption,2018,tft,10.2500179989793,1.2882052676222617
ETH-fed(KEN+TZA+UGA),2017,1,govt_consumption,2018,tgcn,10.2500179989793,
ETH-fed(KEN+TZA+UGA),2017,1,govt_consumption,2018,persistence_scarcity,10.2500179989793,5.2431145939922
ETH-fed(KEN+TZA+UGA),2017,1,govt_consumption,2018,chronos_scarcity,10.2500179989793,5.682343603803902
ETH-fed(KEN+TZA+UGA),2017,1,govt_consumption,2018,gnn_scarcity,10.2500179989793,0.08494103117206642
ETH-fed(KEN+TZA+UGA),2017,3,govt_consumption,2020,persistence,9.12947509940408,6.36365749356742
ETH-fed(KEN+TZA+UGA),2017,3,govt_consumption,2020,arima,9.12947509940408,13.275737817486606
ETH-fed(KEN+TZA+UGA),2017,3,govt_consumption,2020,chronos,9.12947509940408,6.68935634438254
ETH-fed(KEN+TZA+UGA),2017,3,govt_consumption,2020,xgb_blind,9.12947509940408,5.349201696555392
ETH-fed(KEN+TZA+UGA),2017,3,govt_consumption,2020,xgb_lag,9.12947509940408,13.275737817486606
ETH-fed(KEN+TZA+UGA),2017,3,govt_consumption,2020,xgb_typed,9.12947509940408,13.275737817486606
ETH-fed(KEN+TZA+UGA),2017,3,govt_consumption,2020,lgbm_blind,9.12947509940408,1.1950643903420133
ETH-fed(KEN+TZA+UGA),2017,3,govt_consumption,2020,lgbm_lag,9.12947509940408,13.275737817486606
ETH-fed(KEN+TZA+UGA),2017,3,govt_consumption,2020,lgbm_typed,9.12947509940408,13.275737817486606
ETH-fed(KEN+TZA+UGA),2017,3,govt_consumption,2020,tft,9.12947509940408,2.410342710654513
ETH-fed(KEN+TZA+UGA),2017,3,govt_consumption,2020,tgcn,9.12947509940408,
ETH-fed(KEN+TZA+UGA),2017,3,govt_consumption,2020,persistence_scarcity,9.12947509940408,6.36365749356742
ETH-fed(KEN+TZA+UGA),2017,3,govt_consumption,2020,chronos_scarcity,9.12947509940408,6.68935634438254
ETH-fed(KEN+TZA+UGA),2017,3,govt_consumption,2020,gnn_scarcity,9.12947509940408,1.181491392295138
ETH-fed(KEN+TZA+UGA),2017,5,govt_consumption,2022,persistence,7.36173479559612,8.131397797375381
ETH-fed(KEN+TZA+UGA),2017,5,govt_consumption,2022,arima,7.36173479559612,16.926333000007233
ETH-fed(KEN+TZA+UGA),2017,5,govt_consumption,2022,chronos,7.36173479559612,8.002963614438059
ETH-fed(KEN+TZA+UGA),2017,5,govt_consumption,2022,xgb_blind,7.36173479559612,2.246205878232005
ETH-fed(KEN+TZA+UGA),2017,5,govt_consumption,2022,xgb_lag,7.36173479559612,16.926333000007233
ETH-fed(KEN+TZA+UGA),2017,5,govt_consumption,2022,xgb_typed,7.36173479559612,16.926333000007233
ETH-fed(KEN+TZA+UGA),2017,5,govt_consumption,2022,lgbm_blind,7.36173479559612,2.963351963888212
ETH-fed(KEN+TZA+UGA),2017,5,govt_consumption,2022,lgbm_lag,7.36173479559612,16.926333000007233
ETH-fed(KEN+TZA+UGA),2017,5,govt_consumption,2022,lgbm_typed,7.36173479559612,16.926333000007233
ETH-fed(KEN+TZA+UGA),2017,5,govt_consumption,2022,tft,7.36173479559612,4.17641217706013
ETH-fed(KEN+TZA+UGA),2017,5,govt_consumption,2022,tgcn,7.36173479559612,
ETH-fed(KEN+TZA+UGA),2017,5,govt_consumption,2022,persistence_scarcity,7.36173479559612,8.131397797375381
ETH-fed(KEN+TZA+UGA),2017,5,govt_consumption,2022,chronos_scarcity,7.36173479559612,8.002963614438059
ETH-fed(KEN+TZA+UGA),2017,5,govt_consumption,2022,gnn_scarcity,7.36173479559612,2.304287505124095
ETH-fed(KEN+TZA+UGA),2018,1,gdp_growth,2019,persistence,8.36408573314054,1.5479379475677195
ETH-fed(KEN+TZA+UGA),2018,1,gdp_growth,2019,arima,8.36408573314054,0.6967461236935639
ETH-fed(KEN+TZA+UGA),2018,1,gdp_growth,2019,chronos,8.36408573314054,0.9946027390609498
ETH-fed(KEN+TZA+UGA),2018,1,gdp_growth,2019,xgb_blind,8.36408573314054,0.44232124165194087
ETH-fed(KEN+TZA+UGA),2018,1,gdp_growth,2019,xgb_lag,8.36408573314054,0.6967461236935639
ETH-fed(KEN+TZA+UGA),2018,1,gdp_growth,2019,xgb_typed,8.36408573314054,0.6967461236935639
ETH-fed(KEN+TZA+UGA),2018,1,gdp_growth,2019,lgbm_blind,8.36408573314054,1.4234301099770441
ETH-fed(KEN+TZA+UGA),2018,1,gdp_growth,2019,lgbm_lag,8.36408573314054,0.6967461236935639
ETH-fed(KEN+TZA+UGA),2018,1,gdp_growth,2019,lgbm_typed,8.36408573314054,0.6967461236935639
ETH-fed(KEN+TZA+UGA),2018,1,gdp_growth,2019,tft,8.36408573314054,0.7815660841812377
ETH-fed(KEN+TZA+UGA),2018,1,gdp_growth,2019,tgcn,8.36408573314054,
ETH-fed(KEN+TZA+UGA),2018,1,gdp_growth,2019,persistence_scarcity,8.36408573314054,1.5479379475677195
ETH-fed(KEN+TZA+UGA),2018,1,gdp_growth,2019,chronos_scarcity,8.36408573314054,0.9946027390609498
ETH-fed(KEN+TZA+UGA),2018,1,gdp_growth,2019,gnn_scarcity,8.36408573314054,1.5256944291244263
ETH-fed(KEN+TZA+UGA),2018,3,gdp_growth,2021,persistence,5.64153069257077,1.17461709300205
ETH-fed(KEN+TZA+UGA),2018,3,gdp_growth,2021,arima,5.64153069257077,1.8438215694091156
ETH-fed(KEN+TZA+UGA),2018,3,gdp_growth,2021,chronos,5.64153069257077,2.5467856526440737
ETH-fed(KEN+TZA+UGA),2018,3,gdp_growth,2021,xgb_blind,5.64153069257077,2.2644808888501284
ETH-fed(KEN+TZA+UGA),2018,3,gdp_growth,2021,xgb_lag,5.64153069257077,1.8438215694091156
ETH-fed(KEN+TZA+UGA),2018,3,gdp_growth,2021,xgb_typed,5.64153069257077,1.8438215694091156
ETH-fed(KEN+TZA+UGA),2018,3,gdp_growth,2021,lgbm_blind,5.64153069257077,2.441096915655125
ETH-fed(KEN+TZA+UGA),2018,3,gdp_growth,2021,lgbm_lag,5.64153069257077,1.8438215694091156
ETH-fed(KEN+TZA+UGA),2018,3,gdp_growth,2021,lgbm_typed,5.64153069257077,1.8438215694091156
ETH-fed(KEN+TZA+UGA),2018,3,gdp_growth,2021,tft,5.64153069257077,3.516397774226105
ETH-fed(KEN+TZA+UGA),2018,3,gdp_growth,2021,tgcn,5.64153069257077,
ETH-fed(KEN+TZA+UGA),2018,3,gdp_growth,2021,persistence_scarcity,5.64153069257077,1.17461709300205
ETH-fed(KEN+TZA+UGA),2018,3,gdp_growth,2021,chronos_scarcity,5.64153069257077,2.5467856526440737
ETH-fed(KEN+TZA+UGA),2018,3,gdp_growth,2021,gnn_scarcity,5.64153069257077,1.0723097920483706
ETH-fed(KEN+TZA+UGA),2018,5,gdp_growth,2023,persistence,6.59424599357075,0.22190179200207005
ETH-fed(KEN+TZA+UGA),2018,5,gdp_growth,2023,arima,6.59424599357075,0.8736460613298247
ETH-fed(KEN+TZA+UGA),2018,5,gdp_growth,2023,chronos,6.59424599357075,1.8366870050864765
ETH-fed(KEN+TZA+UGA),2018,5,gdp_growth,2023,xgb_blind,6.59424599357075,1.8556031351523945
ETH-fed(KEN+TZA+UGA),2018,5,gdp_growth,2023,xgb_lag,6.59424599357075,0.8736460613298247
ETH-fed(KEN+TZA+UGA),2018,5,gdp_growth,2023,xgb_typed,6.59424599357075,0.8736460613298247
ETH-fed(KEN+TZA+UGA),2018,5,gdp_growth,2023,lgbm_blind,6.59424599357075,1.481400655233596
ETH-fed(KEN+TZA+UGA),2018,5,gdp_growth,2023,lgbm_lag,6.59424599357075,0.8736460613298247
ETH-fed(KEN+TZA+UGA),2018,5,gdp_growth,2023,lgbm_typed,6.59424599357075,0.8736460613298247
ETH-fed(KEN+TZA+UGA),2018,5,gdp_growth,2023,tft,6.59424599357075,2.570367730184133
ETH-fed(KEN+TZA+UGA),2018,5,gdp_growth,2023,tgcn,6.59424599357075,
ETH-fed(KEN+TZA+UGA),2018,5,gdp_growth,2023,persistence_scarcity,6.59424599357075,0.22190179200207005
ETH-fed(KEN+TZA+UGA),2018,5,gdp_growth,2023,chronos_scarcity,6.59424599357075,1.8366870050864765
ETH-fed(KEN+TZA+UGA),2018,5,gdp_growth,2023,gnn_scarcity,6.59424599357075,2.5501728887123516
ETH-fed(KEN+TZA+UGA),2018,1,inflation_cpi,2019,persistence,15.8096321719344,1.9765965132682997
ETH-fed(KEN+TZA+UGA),2018,1,inflation_cpi,2019,arima,15.8096321719344,3.186079088335525
ETH-fed(KEN+TZA+UGA),2018,1,inflation_cpi,2019,chronos,15.8096321719344,7.183548797910962
ETH-fed(KEN+TZA+UGA),2018,1,inflation_cpi,2019,xgb_blind,15.8096321719344,5.737564911192212
ETH-fed(KEN+TZA+UGA),2018,1,inflation_cpi,2019,xgb_lag,15.8096321719344,3.186079088335525
ETH-fed(KEN+TZA+UGA),2018,1,inflation_cpi,2019,xgb_typed,15.8096321719344,3.186079088335525
ETH-fed(KEN+TZA+UGA),2018,1,inflation_cpi,2019,lgbm_blind,15.8096321719344,5.356827504325322
ETH-fed(KEN+TZA+UGA),2018,1,inflation_cpi,2019,lgbm_lag,15.8096321719344,3.186079088335525
ETH-fed(KEN+TZA+UGA),2018,1,inflation_cpi,2019,lgbm_typed,15.8096321719344,3.186079088335525
ETH-fed(KEN+TZA+UGA),2018,1,inflation_cpi,2019,tft,15.8096321719344,0.07556069915935026
ETH-fed(KEN+TZA+UGA),2018,1,inflation_cpi,2019,tgcn,15.8096321719344,
ETH-fed(KEN+TZA+UGA),2018,1,inflation_cpi,2019,persistence_scarcity,15.8096321719344,1.9765965132682997
ETH-fed(KEN+TZA+UGA),2018,1,inflation_cpi,2019,chronos_scarcity,15.8096321719344,7.183548797910962
ETH-fed(KEN+TZA+UGA),2018,1,inflation_cpi,2019,gnn_scarcity,15.8096321719344,5.455995430296216
ETH-fed(KEN+TZA+UGA),2018,3,inflation_cpi,2021,persistence,26.8395221557722,13.006486497106101
ETH-fed(KEN+TZA+UGA),2018,3,inflation_cpi,2021,arima,26.8395221557722,13.929744234458456
ETH-fed(KEN+TZA+UGA),2018,3,inflation_cpi,2021,chronos,26.8395221557722,18.548426422129623
ETH-fed(KEN+TZA+UGA),2018,3,inflation_cpi,2021,xgb_blind,26.8395221557722,17.61287001038646
ETH-fed(KEN+TZA+UGA),2018,3,inflation_cpi,2021,xgb_lag,26.8395221557722,13.929744234458456
ETH-fed(KEN+TZA+UGA),2018,3,inflation_cpi,2021,xgb_typed,26.8395221557722,13.929744234458456
ETH-fed(KEN+TZA+UGA),2018,3,inflation_cpi,2021,lgbm_blind,26.8395221557722,17.36150339509105
ETH-fed(KEN+TZA+UGA),2018,3,inflation_cpi,2021,lgbm_lag,26.8395221557722,13.929744234458456
ETH-fed(KEN+TZA+UGA),2018,3,inflation_cpi,2021,lgbm_typed,26.8395221557722,13.929744234458456
ETH-fed(KEN+TZA+UGA),2018,3,inflation_cpi,2021,tft,26.8395221557722,7.382887634287826
ETH-fed(KEN+TZA+UGA),2018,3,inflation_cpi,2021,tgcn,26.8395221557722,
ETH-fed(KEN+TZA+UGA),2018,3,inflation_cpi,2021,persistence_scarcity,26.8395221557722,13.006486497106101
ETH-fed(KEN+TZA+UGA),2018,3,inflation_cpi,2021,chronos_scarcity,26.8395221557722,18.548426422129623
ETH-fed(KEN+TZA+UGA),2018,3,inflation_cpi,2021,gnn_scarcity,26.8395221557722,16.72773817444896
ETH-fed(KEN+TZA+UGA),2018,5,inflation_cpi,2023,persistence,30.2188278135278,16.385792154861697
ETH-fed(KEN+TZA+UGA),2018,5,inflation_cpi,2023,arima,30.2188278135278,17.266743009478528
ETH-fed(KEN+TZA+UGA),2018,5,inflation_cpi,2023,chronos,30.2188278135278,23.10020932521603
ETH-fed(KEN+TZA+UGA),2018,5,inflation_cpi,2023,xgb_blind,30.2188278135278,19.898789971730924
ETH-fed(KEN+TZA+UGA),2018,5,inflation_cpi,2023,xgb_lag,30.2188278135278,17.266743009478528
ETH-fed(KEN+TZA+UGA),2018,5,inflation_cpi,2023,xgb_typed,30.2188278135278,17.266743009478528
ETH-fed(KEN+TZA+UGA),2018,5,inflation_cpi,2023,lgbm_blind,30.2188278135278,20.41501340236447
ETH-fed(KEN+TZA+UGA),2018,5,inflation_cpi,2023,lgbm_lag,30.2188278135278,17.266743009478528
ETH-fed(KEN+TZA+UGA),2018,5,inflation_cpi,2023,lgbm_typed,30.2188278135278,17.266743009478528
ETH-fed(KEN+TZA+UGA),2018,5,inflation_cpi,2023,tft,30.2188278135278,10.38527831401608
ETH-fed(KEN+TZA+UGA),2018,5,inflation_cpi,2023,tgcn,30.2188278135278,
ETH-fed(KEN+TZA+UGA),2018,5,inflation_cpi,2023,persistence_scarcity,30.2188278135278,16.385792154861697
ETH-fed(KEN+TZA+UGA),2018,5,inflation_cpi,2023,chronos_scarcity,30.2188278135278,23.10020932521603
ETH-fed(KEN+TZA+UGA),2018,5,inflation_cpi,2023,gnn_scarcity,30.2188278135278,25.291193097493863
ETH-fed(KEN+TZA+UGA),2018,1,unemployment,2019,persistence,2.928,0.11699999999999999
ETH-fed(KEN+TZA+UGA),2018,1,unemployment,2019,arima,2.928,0.03766944326597521
ETH-fed(KEN+TZA+UGA),2018,1,unemployment,2019,chronos,2.928,0.08426859664916986
ETH-fed(KEN+TZA+UGA),2018,1,unemployment,2019,xgb_blind,2.928,0.3286178379058837
ETH-fed(KEN+TZA+UGA),2018,1,unemployment,2019,xgb_lag,2.928,0.03766944326597521
ETH-fed(KEN+TZA+UGA),2018,1,unemployment,2019,xgb_typed,2.928,0.03766944326597521
ETH-fed(KEN+TZA+UGA),2018,1,unemployment,2019,lgbm_blind,2.928,0.11289286729267678
ETH-fed(KEN+TZA+UGA),2018,1,unemployment,2019,lgbm_lag,2.928,0.03766944326597521
ETH-fed(KEN+TZA+UGA),2018,1,unemployment,2019,lgbm_typed,2.928,0.03766944326597521
ETH-fed(KEN+TZA+UGA),2018,1,unemployment,2019,tft,2.928,0.04294225883483893
ETH-fed(KEN+TZA+UGA),2018,1,unemployment,2019,tgcn,2.928,
ETH-fed(KEN+TZA+UGA),2018,1,unemployment,2019,persistence_scarcity,2.928,0.11699999999999999
ETH-fed(KEN+TZA+UGA),2018,1,unemployment,2019,chronos_scarcity,2.928,0.08426859664916986
ETH-fed(KEN+TZA+UGA),2018,1,unemployment,2019,gnn_scarcity,2.928,0.09340718078613275
ETH-fed(KEN+TZA+UGA),2018,3,unemployment,2021,persistence,3.935,1.124
ETH-fed(KEN+TZA+UGA),2018,3,unemployment,2021,arima,3.935,0.9781428349838976
ETH-fed(KEN+TZA+UGA),2018,3,unemployment,2021,chronos,3.935,0.9459701156616211
ETH-fed(KEN+TZA+UGA),2018,3,unemployment,2021,xgb_blind,3.935,1.2510979747772217
ETH-fed(KEN+TZA+UGA),2018,3,unemployment,2021,xgb_lag,3.935,0.9781428349838976
ETH-fed(KEN+TZA+UGA),2018,3,unemployment,2021,xgb_typed,3.935,0.9781428349838976
ETH-fed(KEN+TZA+UGA),2018,3,unemployment,2021,lgbm_blind,3.935,1.16103846513308
ETH-fed(KEN+TZA+UGA),2018,3,unemployment,2021,lgbm_lag,3.935,0.9781428349838976
ETH-fed(KEN+TZA+UGA),2018,3,unemployment,2021,lgbm_typed,3.935,0.9781428349838976
ETH-fed(KEN+TZA+UGA),2018,3,unemployment,2021,tft,3.935,0.6873503303527833
ETH-fed(KEN+TZA+UGA),2018,3,unemployment,2021,tgcn,3.935,
ETH-fed(KEN+TZA+UGA),2018,3,unemployment,2021,persistence_scarcity,3.935,1.124
ETH-fed(KEN+TZA+UGA),2018,3,unemployment,2021,chronos_scarcity,3.935,0.9459701156616211
ETH-fed(KEN+TZA+UGA),2018,3,unemployment,2021,gnn_scarcity,3.935,1.1100032901763917
ETH-fed(KEN+TZA+UGA),2018,5,unemployment,2023,persistence,3.375,0.5640000000000001
ETH-fed(KEN+TZA+UGA),2018,5,unemployment,2023,arima,3.375,0.3985015148111479
ETH-fed(KEN+TZA+UGA),2018,5,unemployment,2023,chronos,3.375,0.31331944465637207
ETH-fed(KEN+TZA+UGA),2018,5,unemployment,2023,xgb_blind,3.375,0.6795916557312012
ETH-fed(KEN+TZA+UGA),2018,5,unemployment,2023,xgb_lag,3.375,0.3985015148111479
ETH-fed(KEN+TZA+UGA),2018,5,unemployment,2023,xgb_typed,3.375,0.3985015148111479
ETH-fed(KEN+TZA+UGA),2018,5,unemployment,2023,lgbm_blind,3.375,0.6345416704813638
ETH-fed(KEN+TZA+UGA),2018,5,unemployment,2023,lgbm_lag,3.375,0.3985015148111479
ETH-fed(KEN+TZA+UGA),2018,5,unemployment,2023,lgbm_typed,3.375,0.3985015148111479
ETH-fed(KEN+TZA+UGA),2018,5,unemployment,2023,tft,3.375,0.022107601165771484
ETH-fed(KEN+TZA+UGA),2018,5,unemployment,2023,tgcn,3.375,
ETH-fed(KEN+TZA+UGA),2018,5,unemployment,2023,persistence_scarcity,3.375,0.5640000000000001
ETH-fed(KEN+TZA+UGA),2018,5,unemployment,2023,chronos_scarcity,3.375,0.31331944465637207
ETH-fed(KEN+TZA+UGA),2018,5,unemployment,2023,gnn_scarcity,3.375,0.7556934356689453
ETH-fed(KEN+TZA+UGA),2018,1,exports_gdp,2019,persistence,7.93996502459584,0.43271313130177
ETH-fed(KEN+TZA+UGA),2018,1,exports_gdp,2019,arima,7.93996502459584,0.8368852938985283
ETH-fed(KEN+TZA+UGA),2018,1,exports_gdp,2019,chronos,7.93996502459584,1.5866749137586522
ETH-fed(KEN+TZA+UGA),2018,1,exports_gdp,2019,xgb_blind,7.93996502459584,3.35312579571666
ETH-fed(KEN+TZA+UGA),2018,1,exports_gdp,2019,xgb_lag,7.93996502459584,0.8368852938985283
ETH-fed(KEN+TZA+UGA),2018,1,exports_gdp,2019,xgb_typed,7.93996502459584,0.8368852938985283
ETH-fed(KEN+TZA+UGA),2018,1,exports_gdp,2019,lgbm_blind,7.93996502459584,7.1134043101700035
ETH-fed(KEN+TZA+UGA),2018,1,exports_gdp,2019,lgbm_lag,7.93996502459584,0.8368852938985283
ETH-fed(KEN+TZA+UGA),2018,1,exports_gdp,2019,lgbm_typed,7.93996502459584,0.8368852938985283
ETH-fed(KEN+TZA+UGA),2018,1,exports_gdp,2019,tft,7.93996502459584,0.49399493634166003
ETH-fed(KEN+TZA+UGA),2018,1,exports_gdp,2019,tgcn,7.93996502459584,
ETH-fed(KEN+TZA+UGA),2018,1,exports_gdp,2019,persistence_scarcity,7.93996502459584,0.43271313130177
ETH-fed(KEN+TZA+UGA),2018,1,exports_gdp,2019,chronos_scarcity,7.93996502459584,1.5866749137586522
ETH-fed(KEN+TZA+UGA),2018,1,exports_gdp,2019,gnn_scarcity,7.93996502459584,7.191746935243027
ETH-fed(KEN+TZA+UGA),2018,3,exports_gdp,2021,persistence,7.63170919111601,0.7409689647816
ETH-fed(KEN+TZA+UGA),2018,3,exports_gdp,2021,arima,7.63170919111601,1.4844099649129516
ETH-fed(KEN+TZA+UGA),2018,3,exports_gdp,2021,chronos,7.63170919111601,6.215155509201373
ETH-fed(KEN+TZA+UGA),2018,3,exports_gdp,2021,xgb_blind,7.63170919111601,1.1498164207614314
ETH-fed(KEN+TZA+UGA),2018,3,exports_gdp,2021,xgb_lag,7.63170919111601,1.4844099649129516
ETH-fed(KEN+TZA+UGA),2018,3,exports_gdp,2021,xgb_typed,7.63170919111601,1.4844099649129516
ETH-fed(KEN+TZA+UGA),2018,3,exports_gdp,2021,lgbm_blind,7.63170919111601,7.296007522569245
ETH-fed(KEN+TZA+UGA),2018,3,exports_gdp,2021,lgbm_lag,7.63170919111601,1.4844099649129516
ETH-fed(KEN+TZA+UGA),2018,3,exports_gdp,2021,lgbm_typed,7.63170919111601,1.4844099649129516
ETH-fed(KEN+TZA+UGA),2018,3,exports_gdp,2021,tft,7.63170919111601,1.33643045732149
ETH-fed(KEN+TZA+UGA),2018,3,exports_gdp,2021,tgcn,7.63170919111601,
ETH-fed(KEN+TZA+UGA),2018,3,exports_gdp,2021,persistence_scarcity,7.63170919111601,0.7409689647816
ETH-fed(KEN+TZA+UGA),2018,3,exports_gdp,2021,chronos_scarcity,7.63170919111601,6.215155509201373
ETH-fed(KEN+TZA+UGA),2018,3,exports_gdp,2021,gnn_scarcity,7.63170919111601,7.43632116624483
ETH-fed(KEN+TZA+UGA),2018,5,exports_gdp,2023,persistence,6.59591829014293,1.7767598657546797
ETH-fed(KEN+TZA+UGA),2018,5,exports_gdp,2023,arima,6.59591829014293,2.62051092371789
ETH-fed(KEN+TZA+UGA),2018,5,exports_gdp,2023,chronos,6.59591829014293,9.023343451495254
ETH-fed(KEN+TZA+UGA),2018,5,exports_gdp,2023,xgb_blind,6.59591829014293,7.538200743670546
ETH-fed(KEN+TZA+UGA),2018,5,exports_gdp,2023,xgb_lag,6.59591829014293,2.62051092371789
ETH-fed(KEN+TZA+UGA),2018,5,exports_gdp,2023,xgb_typed,6.59591829014293,2.62051092371789
ETH-fed(KEN+TZA+UGA),2018,5,exports_gdp,2023,lgbm_blind,6.59591829014293,8.185203698948307
ETH-fed(KEN+TZA+UGA),2018,5,exports_gdp,2023,lgbm_lag,6.59591829014293,2.62051092371789
ETH-fed(KEN+TZA+UGA),2018,5,exports_gdp,2023,lgbm_typed,6.59591829014293,2.62051092371789
ETH-fed(KEN+TZA+UGA),2018,5,exports_gdp,2023,tft,6.59591829014293,2.724970229144179
ETH-fed(KEN+TZA+UGA),2018,5,exports_gdp,2023,tgcn,6.59591829014293,
ETH-fed(KEN+TZA+UGA),2018,5,exports_gdp,2023,persistence_scarcity,6.59591829014293,1.7767598657546797
ETH-fed(KEN+TZA+UGA),2018,5,exports_gdp,2023,chronos_scarcity,6.59591829014293,9.023343451495254
ETH-fed(KEN+TZA+UGA),2018,5,exports_gdp,2023,gnn_scarcity,6.59591829014293,7.107094176287734
ETH-fed(KEN+TZA+UGA),2018,1,imports_gdp,2019,persistence,20.8753289042388,1.9513619176517025
ETH-fed(KEN+TZA+UGA),2018,1,imports_gdp,2019,arima,20.8753289042388,1.7602315792418963
ETH-fed(KEN+TZA+UGA),2018,1,imports_gdp,2019,chronos,20.8753289042388,2.007695311459443
ETH-fed(KEN+TZA+UGA),2018,1,imports_gdp,2019,xgb_blind,20.8753289042388,5.003443831356904
ETH-fed(KEN+TZA+UGA),2018,1,imports_gdp,2019,xgb_lag,20.8753289042388,1.7602315792418963
ETH-fed(KEN+TZA+UGA),2018,1,imports_gdp,2019,xgb_typed,20.8753289042388,1.7602315792418963
ETH-fed(KEN+TZA+UGA),2018,1,imports_gdp,2019,lgbm_blind,20.8753289042388,9.69132216758214
ETH-fed(KEN+TZA+UGA),2018,1,imports_gdp,2019,lgbm_lag,20.8753289042388,1.7602315792418963
ETH-fed(KEN+TZA+UGA),2018,1,imports_gdp,2019,lgbm_typed,20.8753289042388,1.7602315792418963
ETH-fed(KEN+TZA+UGA),2018,1,imports_gdp,2019,tft,20.8753289042388,2.0776473225678416
ETH-fed(KEN+TZA+UGA),2018,1,imports_gdp,2019,tgcn,20.8753289042388,
ETH-fed(KEN+TZA+UGA),2018,1,imports_gdp,2019,persistence_scarcity,20.8753289042388,1.9513619176517025
ETH-fed(KEN+TZA+UGA),2018,1,imports_gdp,2019,chronos_scarcity,20.8753289042388,2.007695311459443
ETH-fed(KEN+TZA+UGA),2018,1,imports_gdp,2019,gnn_scarcity,20.8753289042388,9.741677397641084
ETH-fed(KEN+TZA+UGA),2018,3,imports_gdp,2021,persistence,16.7133482736483,6.113342548242201
ETH-fed(KEN+TZA+UGA),2018,3,imports_gdp,2021,arima,16.7133482736483,5.849151961916629
ETH-fed(KEN+TZA+UGA),2018,3,imports_gdp,2021,chronos,16.7133482736483,6.506183739291153
ETH-fed(KEN+TZA+UGA),2018,3,imports_gdp,2021,xgb_blind,16.7133482736483,6.693809624300918
ETH-fed(KEN+TZA+UGA),2018,3,imports_gdp,2021,xgb_lag,16.7133482736483,5.849151961916629
ETH-fed(KEN+TZA+UGA),2018,3,imports_gdp,2021,xgb_typed,16.7133482736483,5.849151961916629
ETH-fed(KEN+TZA+UGA),2018,3,imports_gdp,2021,lgbm_blind,16.7133482736483,13.77796199269973
ETH-fed(KEN+TZA+UGA),2018,3,imports_gdp,2021,lgbm_lag,16.7133482736483,5.849151961916629
ETH-fed(KEN+TZA+UGA),2018,3,imports_gdp,2021,lgbm_typed,16.7133482736483,5.849151961916629
ETH-fed(KEN+TZA+UGA),2018,3,imports_gdp,2021,tft,16.7133482736483,6.281427498446426
ETH-fed(KEN+TZA+UGA),2018,3,imports_gdp,2021,tgcn,16.7133482736483,
ETH-fed(KEN+TZA+UGA),2018,3,imports_gdp,2021,persistence_scarcity,16.7133482736483,6.113342548242201
ETH-fed(KEN+TZA+UGA),2018,3,imports_gdp,2021,chronos_scarcity,16.7133482736483,6.506183739291153
ETH-fed(KEN+TZA+UGA),2018,3,imports_gdp,2021,gnn_scarcity,16.7133482736483,13.855692024813614
ETH-fed(KEN+TZA+UGA),2018,5,imports_gdp,2023,persistence,14.0022832171223,8.8244076047682
ETH-fed(KEN+TZA+UGA),2018,5,imports_gdp,2023,arima,14.0022832171223,8.553852753683326
ETH-fed(KEN+TZA+UGA),2018,5,imports_gdp,2023,chronos,14.0022832171223,9.7781122906902
ETH-fed(KEN+TZA+UGA),2018,5,imports_gdp,2023,xgb_blind,14.0022832171223,15.651161073038832
ETH-fed(KEN+TZA+UGA),2018,5,imports_gdp,2023,xgb_lag,14.0022832171223,8.553852753683326
ETH-fed(KEN+TZA+UGA),2018,5,imports_gdp,2023,xgb_typed,14.0022832171223,8.553852753683326
ETH-fed(KEN+TZA+UGA),2018,5,imports_gdp,2023,lgbm_blind,14.0022832171223,16.40112944284067
ETH-fed(KEN+TZA+UGA),2018,5,imports_gdp,2023,lgbm_lag,14.0022832171223,8.553852753683326
ETH-fed(KEN+TZA+UGA),2018,5,imports_gdp,2023,lgbm_typed,14.0022832171223,8.553852753683326
ETH-fed(KEN+TZA+UGA),2018,5,imports_gdp,2023,tft,14.0022832171223,9.001293061564223
ETH-fed(KEN+TZA+UGA),2018,5,imports_gdp,2023,tgcn,14.0022832171223,
ETH-fed(KEN+TZA+UGA),2018,5,imports_gdp,2023,persistence_scarcity,14.0022832171223,8.8244076047682
ETH-fed(KEN+TZA+UGA),2018,5,imports_gdp,2023,chronos_scarcity,14.0022832171223,9.7781122906902
ETH-fed(KEN+TZA+UGA),2018,5,imports_gdp,2023,gnn_scarcity,14.0022832171223,15.538623689005629
ETH-fed(KEN+TZA+UGA),2018,1,current_account,2019,persistence,-5.47194445075559,0.061304723597680244
ETH-fed(KEN+TZA+UGA),2018,1,current_account,2019,arima,-5.47194445075559,0.26221914877710173
ETH-fed(KEN+TZA+UGA),2018,1,current_account,2019,chronos,-5.47194445075559,0.5596009487109121
ETH-fed(KEN+TZA+UGA),2018,1,current_account,2019,xgb_blind,-5.47194445075559,0.6595264667468008
ETH-fed(KEN+TZA+UGA),2018,1,current_account,2019,xgb_lag,-5.47194445075559,0.26221914877710173
ETH-fed(KEN+TZA+UGA),2018,1,current_account,2019,xgb_typed,-5.47194445075559,0.26221914877710173
ETH-fed(KEN+TZA+UGA),2018,1,current_account,2019,lgbm_blind,-5.47194445075559,0.8008060896592077
ETH-fed(KEN+TZA+UGA),2018,1,current_account,2019,lgbm_lag,-5.47194445075559,0.26221914877710173
ETH-fed(KEN+TZA+UGA),2018,1,current_account,2019,lgbm_typed,-5.47194445075559,0.26221914877710173
ETH-fed(KEN+TZA+UGA),2018,1,current_account,2019,tft,-5.47194445075559,0.2852424388928476
ETH-fed(KEN+TZA+UGA),2018,1,current_account,2019,tgcn,-5.47194445075559,
ETH-fed(KEN+TZA+UGA),2018,1,current_account,2019,persistence_scarcity,-5.47194445075559,0.061304723597680244
ETH-fed(KEN+TZA+UGA),2018,1,current_account,2019,chronos_scarcity,-5.47194445075559,0.5596009487109121
ETH-fed(KEN+TZA+UGA),2018,1,current_account,2019,gnn_scarcity,-5.47194445075559,0.9114509815173086
ETH-fed(KEN+TZA+UGA),2018,3,current_account,2021,persistence,-4.13241831245632,1.4008308618969503
ETH-fed(KEN+TZA+UGA),2018,3,current_account,2021,arima,-4.13241831245632,1.5852757619303244
ETH-fed(KEN+TZA+UGA),2018,3,current_account,2021,chronos,-4.13241831245632,0.05963913383693509
ETH-fed(KEN+TZA+UGA),2018,3,current_account,2021,xgb_blind,-4.13241831245632,0.050248302843282744
ETH-fed(KEN+TZA+UGA),2018,3,current_account,2021,xgb_lag,-4.13241831245632,1.5852757619303244
ETH-fed(KEN+TZA+UGA),2018,3,current_account,2021,xgb_typed,-4.13241831245632,1.5852757619303244
ETH-fed(KEN+TZA+UGA),2018,3,current_account,2021,lgbm_blind,-4.13241831245632,0.8838748097618856
ETH-fed(KEN+TZA+UGA),2018,3,current_account,2021,lgbm_lag,-4.13241831245632,1.5852757619303244
ETH-fed(KEN+TZA+UGA),2018,3,current_account,2021,lgbm_typed,-4.13241831245632,1.5852757619303244
ETH-fed(KEN+TZA+UGA),2018,3,current_account,2021,tft,-4.13241831245632,1.4873379093149204
ETH-fed(KEN+TZA+UGA),2018,3,current_account,2021,tgcn,-4.13241831245632,
ETH-fed(KEN+TZA+UGA),2018,3,current_account,2021,persistence_scarcity,-4.13241831245632,1.4008308618969503
ETH-fed(KEN+TZA+UGA),2018,3,current_account,2021,chronos_scarcity,-4.13241831245632,0.05963913383693509
ETH-fed(KEN+TZA+UGA),2018,3,current_account,2021,gnn_scarcity,-4.13241831245632,0.5170257907846469
ETH-fed(KEN+TZA+UGA),2018,5,current_account,2023,persistence,-3.52359702028074,2.0096521540725303
ETH-fed(KEN+TZA+UGA),2018,5,current_account,2023,arima,-3.52359702028074,2.193963387473954
ETH-fed(KEN+TZA+UGA),2018,5,current_account,2023,chronos,-3.52359702028074,0.2990994270916967
ETH-fed(KEN+TZA+UGA),2018,5,current_account,2023,xgb_blind,-3.52359702028074,0.01687194742002207
ETH-fed(KEN+TZA+UGA),2018,5,current_account,2023,xgb_lag,-3.52359702028074,2.193963387473954
ETH-fed(KEN+TZA+UGA),2018,5,current_account,2023,xgb_typed,-3.52359702028074,2.193963387473954
ETH-fed(KEN+TZA+UGA),2018,5,current_account,2023,lgbm_blind,-3.52359702028074,1.9612970840211896
ETH-fed(KEN+TZA+UGA),2018,5,current_account,2023,lgbm_lag,-3.52359702028074,2.193963387473954
ETH-fed(KEN+TZA+UGA),2018,5,current_account,2023,lgbm_typed,-3.52359702028074,2.193963387473954
ETH-fed(KEN+TZA+UGA),2018,5,current_account,2023,tft,-3.52359702028074,2.0994641598340062
ETH-fed(KEN+TZA+UGA),2018,5,current_account,2023,tgcn,-3.52359702028074,
ETH-fed(KEN+TZA+UGA),2018,5,current_account,2023,persistence_scarcity,-3.52359702028074,2.0096521540725303
ETH-fed(KEN+TZA+UGA),2018,5,current_account,2023,chronos_scarcity,-3.52359702028074,0.2990994270916967
ETH-fed(KEN+TZA+UGA),2018,5,current_account,2023,gnn_scarcity,-3.52359702028074,3.032520037519553
ETH-fed(KEN+TZA+UGA),2018,1,real_interest_rate,2019,persistence,-17.1217762401546,0.0
ETH-fed(KEN+TZA+UGA),2018,1,real_interest_rate,2019,arima,-17.1217762401546,0.0
ETH-fed(KEN+TZA+UGA),2018,1,real_interest_rate,2019,chronos,-17.1217762401546,0.012490885540341168
ETH-fed(KEN+TZA+UGA),2018,1,real_interest_rate,2019,xgb_blind,-17.1217762401546,2.540083544536923
ETH-fed(KEN+TZA+UGA),2018,1,real_interest_rate,2019,xgb_lag,-17.1217762401546,0.0
ETH-fed(KEN+TZA+UGA),2018,1,real_interest_rate,2019,xgb_typed,-17.1217762401546,0.0
ETH-fed(KEN+TZA+UGA),2018,1,real_interest_rate,2019,lgbm_blind,-17.1217762401546,12.39775831778723
ETH-fed(KEN+TZA+UGA),2018,1,real_interest_rate,2019,lgbm_lag,-17.1217762401546,0.0
ETH-fed(KEN+TZA+UGA),2018,1,real_interest_rate,2019,lgbm_typed,-17.1217762401546,0.0
ETH-fed(KEN+TZA+UGA),2018,1,real_interest_rate,2019,tft,-17.1217762401546,0.08617625923504946
ETH-fed(KEN+TZA+UGA),2018,1,real_interest_rate,2019,tgcn,-17.1217762401546,
ETH-fed(KEN+TZA+UGA),2018,1,real_interest_rate,2019,persistence_scarcity,-17.1217762401546,0.0
ETH-fed(KEN+TZA+UGA),2018,1,real_interest_rate,2019,chronos_scarcity,-17.1217762401546,0.012490885540341168
ETH-fed(KEN+TZA+UGA),2018,1,real_interest_rate,2019,gnn_scarcity,-17.1217762401546,12.73792852668414
ETH-fed(KEN+TZA+UGA),2018,3,real_interest_rate,2021,persistence,-17.1217762401546,0.0
ETH-fed(KEN+TZA+UGA),2018,3,real_interest_rate,2021,arima,-17.1217762401546,0.0
ETH-fed(KEN+TZA+UGA),2018,3,real_interest_rate,2021,chronos,-17.1217762401546,0.012490885540341168
ETH-fed(KEN+TZA+UGA),2018,3,real_interest_rate,2021,xgb_blind,-17.1217762401546,4.258196490093564
ETH-fed(KEN+TZA+UGA),2018,3,real_interest_rate,2021,xgb_lag,-17.1217762401546,0.0
ETH-fed(KEN+TZA+UGA),2018,3,real_interest_rate,2021,xgb_typed,-17.1217762401546,0.0
ETH-fed(KEN+TZA+UGA),2018,3,real_interest_rate,2021,lgbm_blind,-17.1217762401546,12.707718769869624
ETH-fed(KEN+TZA+UGA),2018,3,real_interest_rate,2021,lgbm_lag,-17.1217762401546,0.0
ETH-fed(KEN+TZA+UGA),2018,3,real_interest_rate,2021,lgbm_typed,-17.1217762401546,0.0
ETH-fed(KEN+TZA+UGA),2018,3,real_interest_rate,2021,tft,-17.1217762401546,0.09121165962567446
ETH-fed(KEN+TZA+UGA),2018,3,real_interest_rate,2021,tgcn,-17.1217762401546,
ETH-fed(KEN+TZA+UGA),2018,3,real_interest_rate,2021,persistence_scarcity,-17.1217762401546,0.0
ETH-fed(KEN+TZA+UGA),2018,3,real_interest_rate,2021,chronos_scarcity,-17.1217762401546,0.012490885540341168
ETH-fed(KEN+TZA+UGA),2018,3,real_interest_rate,2021,gnn_scarcity,-17.1217762401546,12.48866094855914
ETH-fed(KEN+TZA+UGA),2018,5,real_interest_rate,2023,persistence,-17.1217762401546,0.0
ETH-fed(KEN+TZA+UGA),2018,5,real_interest_rate,2023,arima,-17.1217762401546,0.0
ETH-fed(KEN+TZA+UGA),2018,5,real_interest_rate,2023,chronos,-17.1217762401546,0.09396900443682554
ETH-fed(KEN+TZA+UGA),2018,5,real_interest_rate,2023,xgb_blind,-17.1217762401546,0.7659183910335052
ETH-fed(KEN+TZA+UGA),2018,5,real_interest_rate,2023,xgb_lag,-17.1217762401546,0.0
ETH-fed(KEN+TZA+UGA),2018,5,real_interest_rate,2023,xgb_typed,-17.1217762401546,0.0
ETH-fed(KEN+TZA+UGA),2018,5,real_interest_rate,2023,lgbm_blind,-17.1217762401546,11.855415063186978
ETH-fed(KEN+TZA+UGA),2018,5,real_interest_rate,2023,lgbm_lag,-17.1217762401546,0.0
ETH-fed(KEN+TZA+UGA),2018,5,real_interest_rate,2023,lgbm_typed,-17.1217762401546,0.0
ETH-fed(KEN+TZA+UGA),2018,5,real_interest_rate,2023,tft,-17.1217762401546,0.0902103015934479
ETH-fed(KEN+TZA+UGA),2018,5,real_interest_rate,2023,tgcn,-17.1217762401546,
ETH-fed(KEN+TZA+UGA),2018,5,real_interest_rate,2023,persistence_scarcity,-17.1217762401546,0.0
ETH-fed(KEN+TZA+UGA),2018,5,real_interest_rate,2023,chronos_scarcity,-17.1217762401546,0.09396900443682554
ETH-fed(KEN+TZA+UGA),2018,5,real_interest_rate,2023,gnn_scarcity,-17.1217762401546,7.145572321697568
ETH-fed(KEN+TZA+UGA),2018,1,broad_money,2019,persistence,33.9671207502096,0.0
ETH-fed(KEN+TZA+UGA),2018,1,broad_money,2019,arima,33.9671207502096,0.0
ETH-fed(KEN+TZA+UGA),2018,1,broad_money,2019,chronos,33.9671207502096,0.0852657392232743
ETH-fed(KEN+TZA+UGA),2018,1,broad_money,2019,xgb_blind,33.9671207502096,1.735390083530632
ETH-fed(KEN+TZA+UGA),2018,1,broad_money,2019,xgb_lag,33.9671207502096,0.0
ETH-fed(KEN+TZA+UGA),2018,1,broad_money,2019,xgb_typed,33.9671207502096,0.0
ETH-fed(KEN+TZA+UGA),2018,1,broad_money,2019,lgbm_blind,33.9671207502096,1.0314286430355466
ETH-fed(KEN+TZA+UGA),2018,1,broad_money,2019,lgbm_lag,33.9671207502096,0.0
ETH-fed(KEN+TZA+UGA),2018,1,broad_money,2019,lgbm_typed,33.9671207502096,0.0
ETH-fed(KEN+TZA+UGA),2018,1,broad_money,2019,tft,33.9671207502096,0.08617363717249305
ETH-fed(KEN+TZA+UGA),2018,1,broad_money,2019,tgcn,33.9671207502096,
ETH-fed(KEN+TZA+UGA),2018,1,broad_money,2019,persistence_scarcity,33.9671207502096,0.0
ETH-fed(KEN+TZA+UGA),2018,1,broad_money,2019,chronos_scarcity,33.9671207502096,0.0852657392232743
ETH-fed(KEN+TZA+UGA),2018,1,broad_money,2019,gnn_scarcity,33.9671207502096,0.8180126116068038
ETH-fed(KEN+TZA+UGA),2018,3,broad_money,2021,persistence,33.9671207502096,0.0
ETH-fed(KEN+TZA+UGA),2018,3,broad_money,2021,arima,33.9671207502096,0.0
ETH-fed(KEN+TZA+UGA),2018,3,broad_money,2021,chronos,33.9671207502096,0.0852657392232743
ETH-fed(KEN+TZA+UGA),2018,3,broad_money,2021,xgb_blind,33.9671207502096,3.7450870439798507
ETH-fed(KEN+TZA+UGA),2018,3,broad_money,2021,xgb_lag,33.9671207502096,0.0
ETH-fed(KEN+TZA+UGA),2018,3,broad_money,2021,xgb_typed,33.9671207502096,0.0
ETH-fed(KEN+TZA+UGA),2018,3,broad_money,2021,lgbm_blind,33.9671207502096,1.384377340094261
ETH-fed(KEN+TZA+UGA),2018,3,broad_money,2021,lgbm_lag,33.9671207502096,0.0
ETH-fed(KEN+TZA+UGA),2018,3,broad_money,2021,lgbm_typed,33.9671207502096,0.0
ETH-fed(KEN+TZA+UGA),2018,3,broad_money,2021,tft,33.9671207502096,0.09121285226038367
ETH-fed(KEN+TZA+UGA),2018,3,broad_money,2021,tgcn,33.9671207502096,
ETH-fed(KEN+TZA+UGA),2018,3,broad_money,2021,persistence_scarcity,33.9671207502096,0.0
ETH-fed(KEN+TZA+UGA),2018,3,broad_money,2021,chronos_scarcity,33.9671207502096,0.0852657392232743
ETH-fed(KEN+TZA+UGA),2018,3,broad_money,2021,gnn_scarcity,33.9671207502096,0.7106441423685226
ETH-fed(KEN+TZA+UGA),2018,5,broad_money,2023,persistence,33.9671207502096,0.0
ETH-fed(KEN+TZA+UGA),2018,5,broad_money,2023,arima,33.9671207502096,0.0
ETH-fed(KEN+TZA+UGA),2018,5,broad_money,2023,chronos,33.9671207502096,0.04211844656774133
ETH-fed(KEN+TZA+UGA),2018,5,broad_money,2023,xgb_blind,33.9671207502096,0.22150840018102258
ETH-fed(KEN+TZA+UGA),2018,5,broad_money,2023,xgb_lag,33.9671207502096,0.0
ETH-fed(KEN+TZA+UGA),2018,5,broad_money,2023,xgb_typed,33.9671207502096,0.0
ETH-fed(KEN+TZA+UGA),2018,5,broad_money,2023,lgbm_blind,33.9671207502096,1.9076816007883224
ETH-fed(KEN+TZA+UGA),2018,5,broad_money,2023,lgbm_lag,33.9671207502096,0.0
ETH-fed(KEN+TZA+UGA),2018,5,broad_money,2023,lgbm_typed,33.9671207502096,0.0
ETH-fed(KEN+TZA+UGA),2018,5,broad_money,2023,tft,33.9671207502096,0.0902095868795243
ETH-fed(KEN+TZA+UGA),2018,5,broad_money,2023,tgcn,33.9671207502096,
ETH-fed(KEN+TZA+UGA),2018,5,broad_money,2023,persistence_scarcity,33.9671207502096,0.0
ETH-fed(KEN+TZA+UGA),2018,5,broad_money,2023,chronos_scarcity,33.9671207502096,0.04211844656774133
ETH-fed(KEN+TZA+UGA),2018,5,broad_money,2023,gnn_scarcity,33.9671207502096,1.5908466413228837
ETH-fed(KEN+TZA+UGA),2018,1,private_credit,2019,persistence,17.7101483486321,0.0
ETH-fed(KEN+TZA+UGA),2018,1,private_credit,2019,arima,17.7101483486321,0.0
ETH-fed(KEN+TZA+UGA),2018,1,private_credit,2019,chronos,17.7101483486321,0.027403368773700976
ETH-fed(KEN+TZA+UGA),2018,1,private_credit,2019,xgb_blind,17.7101483486321,0.07977153283620098
ETH-fed(KEN+TZA+UGA),2018,1,private_credit,2019,xgb_lag,17.7101483486321,0.0
ETH-fed(KEN+TZA+UGA),2018,1,private_credit,2019,xgb_typed,17.7101483486321,0.0
ETH-fed(KEN+TZA+UGA),2018,1,private_credit,2019,lgbm_blind,17.7101483486321,2.718055181497405
ETH-fed(KEN+TZA+UGA),2018,1,private_credit,2019,lgbm_lag,17.7101483486321,0.0
ETH-fed(KEN+TZA+UGA),2018,1,private_credit,2019,lgbm_typed,17.7101483486321,0.0
ETH-fed(KEN+TZA+UGA),2018,1,private_credit,2019,tft,17.7101483486321,0.08617640954518535
ETH-fed(KEN+TZA+UGA),2018,1,private_credit,2019,tgcn,17.7101483486321,
ETH-fed(KEN+TZA+UGA),2018,1,private_credit,2019,persistence_scarcity,17.7101483486321,0.0
ETH-fed(KEN+TZA+UGA),2018,1,private_credit,2019,chronos_scarcity,17.7101483486321,0.027403368773700976
ETH-fed(KEN+TZA+UGA),2018,1,private_credit,2019,gnn_scarcity,17.7101483486321,3.137250437560322
ETH-fed(KEN+TZA+UGA),2018,3,private_credit,2021,persistence,17.7101483486321,0.0
ETH-fed(KEN+TZA+UGA),2018,3,private_credit,2021,arima,17.7101483486321,0.0
ETH-fed(KEN+TZA+UGA),2018,3,private_credit,2021,chronos,17.7101483486321,0.027403368773700976
ETH-fed(KEN+TZA+UGA),2018,3,private_credit,2021,xgb_blind,17.7101483486321,0.16959239465260723
ETH-fed(KEN+TZA+UGA),2018,3,private_credit,2021,xgb_lag,17.7101483486321,0.0
ETH-fed(KEN+TZA+UGA),2018,3,private_credit,2021,xgb_typed,17.7101483486321,0.0
ETH-fed(KEN+TZA+UGA),2018,3,private_credit,2021,lgbm_blind,17.7101483486321,1.6998192671701204
ETH-fed(KEN+TZA+UGA),2018,3,private_credit,2021,lgbm_lag,17.7101483486321,0.0
ETH-fed(KEN+TZA+UGA),2018,3,private_credit,2021,lgbm_typed,17.7101483486321,0.0
ETH-fed(KEN+TZA+UGA),2018,3,private_credit,2021,tft,17.7101483486321,0.09121180993581035
ETH-fed(KEN+TZA+UGA),2018,3,private_credit,2021,tgcn,17.7101483486321,
ETH-fed(KEN+TZA+UGA),2018,3,private_credit,2021,persistence_scarcity,17.7101483486321,0.0
ETH-fed(KEN+TZA+UGA),2018,3,private_credit,2021,chronos_scarcity,17.7101483486321,0.027403368773700976
ETH-fed(KEN+TZA+UGA),2018,3,private_credit,2021,gnn_scarcity,17.7101483486321,3.262278094115498
ETH-fed(KEN+TZA+UGA),2018,5,private_credit,2023,persistence,17.7101483486321,0.0
ETH-fed(KEN+TZA+UGA),2018,5,private_credit,2023,arima,17.7101483486321,0.0
ETH-fed(KEN+TZA+UGA),2018,5,private_credit,2023,chronos,17.7101483486321,0.027403368773700976
ETH-fed(KEN+TZA+UGA),2018,5,private_credit,2023,xgb_blind,17.7101483486321,0.07022906762624004
ETH-fed(KEN+TZA+UGA),2018,5,private_credit,2023,xgb_lag,17.7101483486321,0.0
ETH-fed(KEN+TZA+UGA),2018,5,private_credit,2023,xgb_typed,17.7101483486321,0.0
ETH-fed(KEN+TZA+UGA),2018,5,private_credit,2023,lgbm_blind,17.7101483486321,0.7127928676432802
ETH-fed(KEN+TZA+UGA),2018,5,private_credit,2023,lgbm_lag,17.7101483486321,0.0
ETH-fed(KEN+TZA+UGA),2018,5,private_credit,2023,lgbm_typed,17.7101483486321,0.0
ETH-fed(KEN+TZA+UGA),2018,5,private_credit,2023,tft,17.7101483486321,0.09021045190358379
ETH-fed(KEN+TZA+UGA),2018,5,private_credit,2023,tgcn,17.7101483486321,
ETH-fed(KEN+TZA+UGA),2018,5,private_credit,2023,persistence_scarcity,17.7101483486321,0.0
ETH-fed(KEN+TZA+UGA),2018,5,private_credit,2023,chronos_scarcity,17.7101483486321,0.027403368773700976
ETH-fed(KEN+TZA+UGA),2018,5,private_credit,2023,gnn_scarcity,17.7101483486321,5.9422621868279
ETH-fed(KEN+TZA+UGA),2018,1,govt_consumption,2019,persistence,9.20441362859999,1.0456043703793103
ETH-fed(KEN+TZA+UGA),2018,1,govt_consumption,2019,arima,9.20441362859999,3.752400714927795
ETH-fed(KEN+TZA+UGA),2018,1,govt_consumption,2019,chronos,9.20441362859999,1.0866391896983494
ETH-fed(KEN+TZA+UGA),2018,1,govt_consumption,2019,xgb_blind,9.20441362859999,1.3426187276622166
ETH-fed(KEN+TZA+UGA),2018,1,govt_consumption,2019,xgb_lag,9.20441362859999,3.752400714927795
ETH-fed(KEN+TZA+UGA),2018,1,govt_consumption,2019,xgb_typed,9.20441362859999,3.752400714927795
ETH-fed(KEN+TZA+UGA),2018,1,govt_consumption,2019,lgbm_blind,9.20441362859999,1.1170148406491904
ETH-fed(KEN+TZA+UGA),2018,1,govt_consumption,2019,lgbm_lag,9.20441362859999,3.752400714927795
ETH-fed(KEN+TZA+UGA),2018,1,govt_consumption,2019,lgbm_typed,9.20441362859999,3.752400714927795
ETH-fed(KEN+TZA+UGA),2018,1,govt_consumption,2019,tft,9.20441362859999,1.0375898122569431
ETH-fed(KEN+TZA+UGA),2018,1,govt_consumption,2019,tgcn,9.20441362859999,
ETH-fed(KEN+TZA+UGA),2018,1,govt_consumption,2019,persistence_scarcity,9.20441362859999,1.0456043703793103
ETH-fed(KEN+TZA+UGA),2018,1,govt_consumption,2019,chronos_scarcity,9.20441362859999,1.0866391896983494
ETH-fed(KEN+TZA+UGA),2018,1,govt_consumption,2019,gnn_scarcity,9.20441362859999,1.125059866883408
ETH-fed(KEN+TZA+UGA),2018,3,govt_consumption,2021,persistence,8.83582491858562,1.4141930803936802
ETH-fed(KEN+TZA+UGA),2018,3,govt_consumption,2021,arima,8.83582491858562,3.4450057472433375
ETH-fed(KEN+TZA+UGA),2018,3,govt_consumption,2021,chronos,8.83582491858562,1.4552278997127193
ETH-fed(KEN+TZA+UGA),2018,3,govt_consumption,2021,xgb_blind,8.83582491858562,5.8009033681575435
ETH-fed(KEN+TZA+UGA),2018,3,govt_consumption,2021,xgb_lag,8.83582491858562,3.4450057472433375
ETH-fed(KEN+TZA+UGA),2018,3,govt_consumption,2021,xgb_typed,8.83582491858562,3.4450057472433375
ETH-fed(KEN+TZA+UGA),2018,3,govt_consumption,2021,lgbm_blind,8.83582491858562,1.4858483646245464
ETH-fed(KEN+TZA+UGA),2018,3,govt_consumption,2021,lgbm_lag,8.83582491858562,3.4450057472433375
ETH-fed(KEN+TZA+UGA),2018,3,govt_consumption,2021,lgbm_typed,8.83582491858562,3.4450057472433375
ETH-fed(KEN+TZA+UGA),2018,3,govt_consumption,2021,tft,8.83582491858562,1.3673172475520747
ETH-fed(KEN+TZA+UGA),2018,3,govt_consumption,2021,tgcn,8.83582491858562,
ETH-fed(KEN+TZA+UGA),2018,3,govt_consumption,2021,persistence_scarcity,8.83582491858562,1.4141930803936802
ETH-fed(KEN+TZA+UGA),2018,3,govt_consumption,2021,chronos_scarcity,8.83582491858562,1.4552278997127193
ETH-fed(KEN+TZA+UGA),2018,3,govt_consumption,2021,gnn_scarcity,8.83582491858562,1.4700623037044185
ETH-fed(KEN+TZA+UGA),2018,5,govt_consumption,2023,persistence,6.31777188442684,3.932246114552461
ETH-fed(KEN+TZA+UGA),2018,5,govt_consumption,2023,arima,6.31777188442684,5.7828945087934045
ETH-fed(KEN+TZA+UGA),2018,5,govt_consumption,2023,chronos,6.31777188442684,3.9732809338715
ETH-fed(KEN+TZA+UGA),2018,5,govt_consumption,2023,xgb_blind,6.31777188442684,3.641307858004801
ETH-fed(KEN+TZA+UGA),2018,5,govt_consumption,2023,xgb_lag,6.31777188442684,5.7828945087934045
ETH-fed(KEN+TZA+UGA),2018,5,govt_consumption,2023,xgb_typed,6.31777188442684,5.7828945087934045
ETH-fed(KEN+TZA+UGA),2018,5,govt_consumption,2023,lgbm_blind,6.31777188442684,4.004187015071146
ETH-fed(KEN+TZA+UGA),2018,5,govt_consumption,2023,lgbm_lag,6.31777188442684,5.7828945087934045
ETH-fed(KEN+TZA+UGA),2018,5,govt_consumption,2023,lgbm_typed,6.31777188442684,5.7828945087934045
ETH-fed(KEN+TZA+UGA),2018,5,govt_consumption,2023,tft,6.31777188442684,3.87741854526066
ETH-fed(KEN+TZA+UGA),2018,5,govt_consumption,2023,tgcn,6.31777188442684,
ETH-fed(KEN+TZA+UGA),2018,5,govt_consumption,2023,persistence_scarcity,6.31777188442684,3.932246114552461
ETH-fed(KEN+TZA+UGA),2018,5,govt_consumption,2023,chronos_scarcity,6.31777188442684,3.9732809338715
ETH-fed(KEN+TZA+UGA),2018,5,govt_consumption,2023,gnn_scarcity,6.31777188442684,3.4825353894379063
ETH-fed(KEN+TZA+UGA),2019,1,gdp_growth,2020,persistence,6.05953089054807,2.30455484259247
ETH-fed(KEN+TZA+UGA),2019,1,gdp_growth,2020,arima,6.05953089054807,1.822089919303715
ETH-fed(KEN+TZA+UGA),2019,1,gdp_growth,2020,chronos,6.05953089054807,3.0722678536535906
ETH-fed(KEN+TZA+UGA),2019,1,gdp_growth,2020,xgb_blind,6.05953089054807,3.3866275185705828
ETH-fed(KEN+TZA+UGA),2019,1,gdp_growth,2020,xgb_lag,6.05953089054807,1.822089919303715
ETH-fed(KEN+TZA+UGA),2019,1,gdp_growth,2020,xgb_typed,6.05953089054807,1.822089919303715
ETH-fed(KEN+TZA+UGA),2019,1,gdp_growth,2020,lgbm_blind,6.05953089054807,0.9302085439243761
ETH-fed(KEN+TZA+UGA),2019,1,gdp_growth,2020,lgbm_lag,6.05953089054807,1.822089919303715
ETH-fed(KEN+TZA+UGA),2019,1,gdp_growth,2020,lgbm_typed,6.05953089054807,1.822089919303715
ETH-fed(KEN+TZA+UGA),2019,1,gdp_growth,2020,tft,6.05953089054807,2.278786026871364
ETH-fed(KEN+TZA+UGA),2019,1,gdp_growth,2020,tgcn,6.05953089054807,
ETH-fed(KEN+TZA+UGA),2019,1,gdp_growth,2020,persistence_scarcity,6.05953089054807,2.30455484259247
ETH-fed(KEN+TZA+UGA),2019,1,gdp_growth,2020,chronos_scarcity,6.05953089054807,3.0722678536535906
ETH-fed(KEN+TZA+UGA),2019,1,gdp_growth,2020,gnn_scarcity,6.05953089054807,0.8138697976233171
ETH-fed(KEN+TZA+UGA),2019,3,gdp_growth,2022,persistence,5.32175988403378,3.04232584910676
ETH-fed(KEN+TZA+UGA),2019,3,gdp_growth,2022,arima,5.32175988403378,2.663367242209042
ETH-fed(KEN+TZA+UGA),2019,3,gdp_growth,2022,chronos,5.32175988403378,2.930229480590244
ETH-fed(KEN+TZA+UGA),2019,3,gdp_growth,2022,xgb_blind,5.32175988403378,3.3457062796014743
ETH-fed(KEN+TZA+UGA),2019,3,gdp_growth,2022,xgb_lag,5.32175988403378,2.663367242209042
ETH-fed(KEN+TZA+UGA),2019,3,gdp_growth,2022,xgb_typed,5.32175988403378,2.663367242209042
ETH-fed(KEN+TZA+UGA),2019,3,gdp_growth,2022,lgbm_blind,5.32175988403378,2.771292114669789
ETH-fed(KEN+TZA+UGA),2019,3,gdp_growth,2022,lgbm_lag,5.32175988403378,2.663367242209042
ETH-fed(KEN+TZA+UGA),2019,3,gdp_growth,2022,lgbm_typed,5.32175988403378,2.663367242209042
ETH-fed(KEN+TZA+UGA),2019,3,gdp_growth,2022,tft,5.32175988403378,2.9946635321039157
ETH-fed(KEN+TZA+UGA),2019,3,gdp_growth,2022,tgcn,5.32175988403378,
ETH-fed(KEN+TZA+UGA),2019,3,gdp_growth,2022,persistence_scarcity,5.32175988403378,3.04232584910676
ETH-fed(KEN+TZA+UGA),2019,3,gdp_growth,2022,chronos_scarcity,5.32175988403378,2.930229480590244
ETH-fed(KEN+TZA+UGA),2019,3,gdp_growth,2022,gnn_scarcity,5.32175988403378,1.4332712248224215
ETH-fed(KEN+TZA+UGA),2019,1,inflation_cpi,2020,persistence,20.3563468559061,4.5467146839717
ETH-fed(KEN+TZA+UGA),2019,1,inflation_cpi,2020,arima,20.3563468559061,5.303765875522277
ETH-fed(KEN+TZA+UGA),2019,1,inflation_cpi,2020,chronos,20.3563468559061,9.838629494455905
ETH-fed(KEN+TZA+UGA),2019,1,inflation_cpi,2020,xgb_blind,20.3563468559061,7.6472156150613735
ETH-fed(KEN+TZA+UGA),2019,1,inflation_cpi,2020,xgb_lag,20.3563468559061,5.303765875522277
ETH-fed(KEN+TZA+UGA),2019,1,inflation_cpi,2020,xgb_typed,20.3563468559061,5.303765875522277
ETH-fed(KEN+TZA+UGA),2019,1,inflation_cpi,2020,lgbm_blind,20.3563468559061,9.718823994030764
ETH-fed(KEN+TZA+UGA),2019,1,inflation_cpi,2020,lgbm_lag,20.3563468559061,5.303765875522277
ETH-fed(KEN+TZA+UGA),2019,1,inflation_cpi,2020,lgbm_typed,20.3563468559061,5.303765875522277
ETH-fed(KEN+TZA+UGA),2019,1,inflation_cpi,2020,tft,20.3563468559061,1.2869346244607875
ETH-fed(KEN+TZA+UGA),2019,1,inflation_cpi,2020,tgcn,20.3563468559061,
ETH-fed(KEN+TZA+UGA),2019,1,inflation_cpi,2020,persistence_scarcity,20.3563468559061,4.5467146839717
ETH-fed(KEN+TZA+UGA),2019,1,inflation_cpi,2020,chronos_scarcity,20.3563468559061,9.838629494455905
ETH-fed(KEN+TZA+UGA),2019,1,inflation_cpi,2020,gnn_scarcity,20.3563468559061,9.851481209543795
ETH-fed(KEN+TZA+UGA),2019,3,inflation_cpi,2022,persistence,33.8898797100898,18.0802475381554
ETH-fed(KEN+TZA+UGA),2019,3,inflation_cpi,2022,arima,33.8898797100898,18.65839788573542
ETH-fed(KEN+TZA+UGA),2019,3,inflation_cpi,2022,chronos,33.8898797100898,24.98374701203072
ETH-fed(KEN+TZA+UGA),2019,3,inflation_cpi,2022,xgb_blind,33.8898797100898,23.827240473639606
ETH-fed(KEN+TZA+UGA),2019,3,inflation_cpi,2022,xgb_lag,33.8898797100898,18.65839788573542
ETH-fed(KEN+TZA+UGA),2019,3,inflation_cpi,2022,xgb_typed,33.8898797100898,18.65839788573542
ETH-fed(KEN+TZA+UGA),2019,3,inflation_cpi,2022,lgbm_blind,33.8898797100898,24.17735674419941
ETH-fed(KEN+TZA+UGA),2019,3,inflation_cpi,2022,lgbm_lag,33.8898797100898,18.65839788573542
ETH-fed(KEN+TZA+UGA),2019,3,inflation_cpi,2022,lgbm_typed,33.8898797100898,18.65839788573542
ETH-fed(KEN+TZA+UGA),2019,3,inflation_cpi,2022,tft,33.8898797100898,8.740635401618121
ETH-fed(KEN+TZA+UGA),2019,3,inflation_cpi,2022,tgcn,33.8898797100898,
ETH-fed(KEN+TZA+UGA),2019,3,inflation_cpi,2022,persistence_scarcity,33.8898797100898,18.0802475381554
ETH-fed(KEN+TZA+UGA),2019,3,inflation_cpi,2022,chronos_scarcity,33.8898797100898,24.98374701203072
ETH-fed(KEN+TZA+UGA),2019,3,inflation_cpi,2022,gnn_scarcity,33.8898797100898,23.615488535773395
ETH-fed(KEN+TZA+UGA),2019,1,unemployment,2020,persistence,3.998,1.0700000000000003
ETH-fed(KEN+TZA+UGA),2019,1,unemployment,2020,arima,3.998,1.0053824265671558
ETH-fed(KEN+TZA+UGA),2019,1,unemployment,2020,chronos,3.998,1.0159560184478762
ETH-fed(KEN+TZA+UGA),2019,1,unemployment,2020,xgb_blind,3.998,1.176182125091553
ETH-fed(KEN+TZA+UGA),2019,1,unemployment,2020,xgb_lag,3.998,1.0053824265671558
ETH-fed(KEN+TZA+UGA),2019,1,unemployment,2020,xgb_typed,3.998,1.0053824265671558
ETH-fed(KEN+TZA+UGA),2019,1,unemployment,2020,lgbm_blind,3.998,1.1790000107206149
ETH-fed(KEN+TZA+UGA),2019,1,unemployment,2020,lgbm_lag,3.998,1.0053824265671558
ETH-fed(KEN+TZA+UGA),2019,1,unemployment,2020,lgbm_typed,3.998,1.0053824265671558
ETH-fed(KEN+TZA+UGA),2019,1,unemployment,2020,tft,3.998,0.9242907505035403
ETH-fed(KEN+TZA+UGA),2019,1,unemployment,2020,tgcn,3.998,
ETH-fed(KEN+TZA+UGA),2019,1,unemployment,2020,persistence_scarcity,3.998,1.0700000000000003
ETH-fed(KEN+TZA+UGA),2019,1,unemployment,2020,chronos_scarcity,3.998,1.0159560184478762
ETH-fed(KEN+TZA+UGA),2019,1,unemployment,2020,gnn_scarcity,3.998,1.1615155677795412
ETH-fed(KEN+TZA+UGA),2019,3,unemployment,2022,persistence,3.386,0.4580000000000002
ETH-fed(KEN+TZA+UGA),2019,3,unemployment,2022,arima,3.386,0.337985274892842
ETH-fed(KEN+TZA+UGA),2019,3,unemployment,2022,chronos,3.386,0.061074100494384886
ETH-fed(KEN+TZA+UGA),2019,3,unemployment,2022,xgb_blind,3.386,0.550773464202881
ETH-fed(KEN+TZA+UGA),2019,3,unemployment,2022,xgb_lag,3.386,0.337985274892842
ETH-fed(KEN+TZA+UGA),2019,3,unemployment,2022,xgb_typed,3.386,0.337985274892842
ETH-fed(KEN+TZA+UGA),2019,3,unemployment,2022,lgbm_blind,3.386,0.6063333377838136
ETH-fed(KEN+TZA+UGA),2019,3,unemployment,2022,lgbm_lag,3.386,0.337985274892842
ETH-fed(KEN+TZA+UGA),2019,3,unemployment,2022,lgbm_typed,3.386,0.337985274892842
ETH-fed(KEN+TZA+UGA),2019,3,unemployment,2022,tft,3.386,0.02046784019470227
ETH-fed(KEN+TZA+UGA),2019,3,unemployment,2022,tgcn,3.386,
ETH-fed(KEN+TZA+UGA),2019,3,unemployment,2022,persistence_scarcity,3.386,0.4580000000000002
ETH-fed(KEN+TZA+UGA),2019,3,unemployment,2022,chronos_scarcity,3.386,0.061074100494384886
ETH-fed(KEN+TZA+UGA),2019,3,unemployment,2022,gnn_scarcity,3.386,0.5586312637329103
ETH-fed(KEN+TZA+UGA),2019,1,exports_gdp,2020,persistence,7.12719989668803,0.8127651279078103
ETH-fed(KEN+TZA+UGA),2019,1,exports_gdp,2020,arima,7.12719989668803,0.5909072491362357
ETH-fed(KEN+TZA+UGA),2019,1,exports_gdp,2020,chronos,7.12719989668803,0.722446194773152
ETH-fed(KEN+TZA+UGA),2019,1,exports_gdp,2020,xgb_blind,7.12719989668803,0.9624941264442946
ETH-fed(KEN+TZA+UGA),2019,1,exports_gdp,2020,xgb_lag,7.12719989668803,0.5909072491362357
ETH-fed(KEN+TZA+UGA),2019,1,exports_gdp,2020,xgb_typed,7.12719989668803,0.5909072491362357
ETH-fed(KEN+TZA+UGA),2019,1,exports_gdp,2020,lgbm_blind,7.12719989668803,7.680879641986161
ETH-fed(KEN+TZA+UGA),2019,1,exports_gdp,2020,lgbm_lag,7.12719989668803,0.5909072491362357
ETH-fed(KEN+TZA+UGA),2019,1,exports_gdp,2020,lgbm_typed,7.12719989668803,0.5909072491362357
ETH-fed(KEN+TZA+UGA),2019,1,exports_gdp,2020,tft,7.12719989668803,0.8736297999672438
ETH-fed(KEN+TZA+UGA),2019,1,exports_gdp,2020,tgcn,7.12719989668803,
ETH-fed(KEN+TZA+UGA),2019,1,exports_gdp,2020,persistence_scarcity,7.12719989668803,0.8127651279078103
ETH-fed(KEN+TZA+UGA),2019,1,exports_gdp,2020,chronos_scarcity,7.12719989668803,0.722446194773152
ETH-fed(KEN+TZA+UGA),2019,1,exports_gdp,2020,gnn_scarcity,7.12719989668803,7.757858506327107
ETH-fed(KEN+TZA+UGA),2019,3,exports_gdp,2022,persistence,8.24396037798902,0.3039953533931792
ETH-fed(KEN+TZA+UGA),2019,3,exports_gdp,2022,arima,8.24396037798902,0.6979236963920261
ETH-fed(KEN+TZA+UGA),2019,3,exports_gdp,2022,chronos,8.24396037798902,0.7758970234968317
ETH-fed(KEN+TZA+UGA),2019,3,exports_gdp,2022,xgb_blind,8.24396037798902,0.32662582653978944
ETH-fed(KEN+TZA+UGA),2019,3,exports_gdp,2022,xgb_lag,8.24396037798902,0.6979236963920261
ETH-fed(KEN+TZA+UGA),2019,3,exports_gdp,2022,xgb_typed,8.24396037798902,0.6979236963920261
ETH-fed(KEN+TZA+UGA),2019,3,exports_gdp,2022,lgbm_blind,8.24396037798902,6.424950725860038
ETH-fed(KEN+TZA+UGA),2019,3,exports_gdp,2022,lgbm_lag,8.24396037798902,0.6979236963920261
ETH-fed(KEN+TZA+UGA),2019,3,exports_gdp,2022,lgbm_typed,8.24396037798902,0.6979236963920261
ETH-fed(KEN+TZA+UGA),2019,3,exports_gdp,2022,tft,8.24396037798902,0.203866956052984
ETH-fed(KEN+TZA+UGA),2019,3,exports_gdp,2022,tgcn,8.24396037798902,
ETH-fed(KEN+TZA+UGA),2019,3,exports_gdp,2022,persistence_scarcity,8.24396037798902,0.3039953533931792
ETH-fed(KEN+TZA+UGA),2019,3,exports_gdp,2022,chronos_scarcity,8.24396037798902,0.7758970234968317
ETH-fed(KEN+TZA+UGA),2019,3,exports_gdp,2022,gnn_scarcity,8.24396037798902,6.575185778322016
ETH-fed(KEN+TZA+UGA),2019,1,imports_gdp,2020,persistence,16.8789144434913,3.9964144607474985
ETH-fed(KEN+TZA+UGA),2019,1,imports_gdp,2020,arima,16.8789144434913,3.3557151162337
ETH-fed(KEN+TZA+UGA),2019,1,imports_gdp,2020,chronos,16.8789144434913,3.20907154894034
ETH-fed(KEN+TZA+UGA),2019,1,imports_gdp,2020,xgb_blind,16.8789144434913,5.650363358022371
ETH-fed(KEN+TZA+UGA),2019,1,imports_gdp,2020,xgb_lag,16.8789144434913,3.3557151162337
ETH-fed(KEN+TZA+UGA),2019,1,imports_gdp,2020,xgb_typed,16.8789144434913,3.3557151162337
ETH-fed(KEN+TZA+UGA),2019,1,imports_gdp,2020,lgbm_blind,16.8789144434913,13.353553076334602
ETH-fed(KEN+TZA+UGA),2019,1,imports_gdp,2020,lgbm_lag,16.8789144434913,3.3557151162337
ETH-fed(KEN+TZA+UGA),2019,1,imports_gdp,2020,lgbm_typed,16.8789144434913,3.3557151162337
ETH-fed(KEN+TZA+UGA),2019,1,imports_gdp,2020,tft,16.8789144434913,4.171285065175692
ETH-fed(KEN+TZA+UGA),2019,1,imports_gdp,2020,tgcn,16.8789144434913,
ETH-fed(KEN+TZA+UGA),2019,1,imports_gdp,2020,persistence_scarcity,16.8789144434913,3.9964144607474985
ETH-fed(KEN+TZA+UGA),2019,1,imports_gdp,2020,chronos_scarcity,16.8789144434913,3.20907154894034
ETH-fed(KEN+TZA+UGA),2019,1,imports_gdp,2020,gnn_scarcity,16.8789144434913,13.409928711415926
ETH-fed(KEN+TZA+UGA),2019,3,imports_gdp,2022,persistence,18.3515393187423,2.5237895854964982
ETH-fed(KEN+TZA+UGA),2019,3,imports_gdp,2022,arima,18.3515393187423,1.6036569338394813
ETH-fed(KEN+TZA+UGA),2019,3,imports_gdp,2022,chronos,18.3515393187423,0.8485816071610195
ETH-fed(KEN+TZA+UGA),2019,3,imports_gdp,2022,xgb_blind,18.3515393187423,4.501711184797738
ETH-fed(KEN+TZA+UGA),2019,3,imports_gdp,2022,xgb_lag,18.3515393187423,1.6036569338394813
ETH-fed(KEN+TZA+UGA),2019,3,imports_gdp,2022,xgb_typed,18.3515393187423,1.6036569338394813
ETH-fed(KEN+TZA+UGA),2019,3,imports_gdp,2022,lgbm_blind,18.3515393187423,11.783623458628576
ETH-fed(KEN+TZA+UGA),2019,3,imports_gdp,2022,lgbm_lag,18.3515393187423,1.6036569338394813
ETH-fed(KEN+TZA+UGA),2019,3,imports_gdp,2022,lgbm_typed,18.3515393187423,1.6036569338394813
ETH-fed(KEN+TZA+UGA),2019,3,imports_gdp,2022,tft,18.3515393187423,2.854894931135629
ETH-fed(KEN+TZA+UGA),2019,3,imports_gdp,2022,tgcn,18.3515393187423,
ETH-fed(KEN+TZA+UGA),2019,3,imports_gdp,2022,persistence_scarcity,18.3515393187423,2.5237895854964982
ETH-fed(KEN+TZA+UGA),2019,3,imports_gdp,2022,chronos_scarcity,18.3515393187423,0.8485816071610195
ETH-fed(KEN+TZA+UGA),2019,3,imports_gdp,2022,gnn_scarcity,18.3515393187423,11.879484469709848
ETH-fed(KEN+TZA+UGA),2019,1,current_account,2020,persistence,-2.75526110015443,2.71668335060116
ETH-fed(KEN+TZA+UGA),2019,1,current_account,2020,arima,-2.75526110015443,2.7220967299919354
ETH-fed(KEN+TZA+UGA),2019,1,current_account,2020,chronos,-2.75526110015443,2.1233995787090953
ETH-fed(KEN+TZA+UGA),2019,1,current_account,2020,xgb_blind,-2.75526110015443,2.465693318027943
ETH-fed(KEN+TZA+UGA),2019,1,current_account,2020,xgb_lag,-2.75526110015443,2.7220967299919354
ETH-fed(KEN+TZA+UGA),2019,1,current_account,2020,xgb_typed,-2.75526110015443,2.7220967299919354
ETH-fed(KEN+TZA+UGA),2019,1,current_account,2020,lgbm_blind,-2.75526110015443,1.943491259942863
ETH-fed(KEN+TZA+UGA),2019,1,current_account,2020,lgbm_lag,-2.75526110015443,2.7220967299919354
ETH-fed(KEN+TZA+UGA),2019,1,current_account,2020,lgbm_typed,-2.75526110015443,2.7220967299919354
ETH-fed(KEN+TZA+UGA),2019,1,current_account,2020,tft,-2.75526110015443,1.4928544393963512
ETH-fed(KEN+TZA+UGA),2019,1,current_account,2020,tgcn,-2.75526110015443,
ETH-fed(KEN+TZA+UGA),2019,1,current_account,2020,persistence_scarcity,-2.75526110015443,2.71668335060116
ETH-fed(KEN+TZA+UGA),2019,1,current_account,2020,chronos_scarcity,-2.75526110015443,2.1233995787090953
ETH-fed(KEN+TZA+UGA),2019,1,current_account,2020,gnn_scarcity,-2.75526110015443,1.846939884800404
ETH-fed(KEN+TZA+UGA),2019,3,current_account,2022,persistence,-4.19066632559079,1.2812781251647998
ETH-fed(KEN+TZA+UGA),2019,3,current_account,2022,arima,-4.19066632559079,1.2862556981515816
ETH-fed(KEN+TZA+UGA),2019,3,current_account,2022,chronos,-4.19066632559079,0.9032291097424618
ETH-fed(KEN+TZA+UGA),2019,3,current_account,2022,xgb_blind,-4.19066632559079,0.13602291772586028
ETH-fed(KEN+TZA+UGA),2019,3,current_account,2022,xgb_lag,-4.19066632559079,1.2862556981515816
ETH-fed(KEN+TZA+UGA),2019,3,current_account,2022,xgb_typed,-4.19066632559079,1.2862556981515816
ETH-fed(KEN+TZA+UGA),2019,3,current_account,2022,lgbm_blind,-4.19066632559079,0.8425027673646222
ETH-fed(KEN+TZA+UGA),2019,3,current_account,2022,lgbm_lag,-4.19066632559079,1.2862556981515816
ETH-fed(KEN+TZA+UGA),2019,3,current_account,2022,lgbm_typed,-4.19066632559079,1.2862556981515816
ETH-fed(KEN+TZA+UGA),2019,3,current_account,2022,tft,-4.19066632559079,0.8662554102160342
ETH-fed(KEN+TZA+UGA),2019,3,current_account,2022,tgcn,-4.19066632559079,
ETH-fed(KEN+TZA+UGA),2019,3,current_account,2022,persistence_scarcity,-4.19066632559079,1.2812781251647998
ETH-fed(KEN+TZA+UGA),2019,3,current_account,2022,chronos_scarcity,-4.19066632559079,0.9032291097424618
ETH-fed(KEN+TZA+UGA),2019,3,current_account,2022,gnn_scarcity,-4.19066632559079,0.49603258798342864
ETH-fed(KEN+TZA+UGA),2019,1,real_interest_rate,2020,persistence,-17.1217762401546,0.0
ETH-fed(KEN+TZA+UGA),2019,1,real_interest_rate,2020,arima,-17.1217762401546,0.0
ETH-fed(KEN+TZA+UGA),2019,1,real_interest_rate,2020,chronos,-17.1217762401546,0.035880701824520855
ETH-fed(KEN+TZA+UGA),2019,1,real_interest_rate,2020,xgb_blind,-17.1217762401546,0.5024105480159271
ETH-fed(KEN+TZA+UGA),2019,1,real_interest_rate,2020,xgb_lag,-17.1217762401546,0.0
ETH-fed(KEN+TZA+UGA),2019,1,real_interest_rate,2020,xgb_typed,-17.1217762401546,0.0
ETH-fed(KEN+TZA+UGA),2019,1,real_interest_rate,2020,lgbm_blind,-17.1217762401546,11.97024939853057
ETH-fed(KEN+TZA+UGA),2019,1,real_interest_rate,2020,lgbm_lag,-17.1217762401546,0.0
ETH-fed(KEN+TZA+UGA),2019,1,real_interest_rate,2020,lgbm_typed,-17.1217762401546,0.0
ETH-fed(KEN+TZA+UGA),2019,1,real_interest_rate,2020,tft,-17.1217762401546,0.049248082355166645
ETH-fed(KEN+TZA+UGA),2019,1,real_interest_rate,2020,tgcn,-17.1217762401546,
ETH-fed(KEN+TZA+UGA),2019,1,real_interest_rate,2020,persistence_scarcity,-17.1217762401546,0.0
ETH-fed(KEN+TZA+UGA),2019,1,real_interest_rate,2020,chronos_scarcity,-17.1217762401546,0.035880701824520855
ETH-fed(KEN+TZA+UGA),2019,1,real_interest_rate,2020,gnn_scarcity,-17.1217762401546,12.282533781811093
ETH-fed(KEN+TZA+UGA),2019,3,real_interest_rate,2022,persistence,-17.1217762401546,0.0
ETH-fed(KEN+TZA+UGA),2019,3,real_interest_rate,2022,arima,-17.1217762401546,0.0
ETH-fed(KEN+TZA+UGA),2019,3,real_interest_rate,2022,chronos,-17.1217762401546,0.11882747916827086
ETH-fed(KEN+TZA+UGA),2019,3,real_interest_rate,2022,xgb_blind,-17.1217762401546,4.006492274090146
ETH-fed(KEN+TZA+UGA),2019,3,real_interest_rate,2022,xgb_lag,-17.1217762401546,0.0
ETH-fed(KEN+TZA+UGA),2019,3,real_interest_rate,2022,xgb_typed,-17.1217762401546,0.0
ETH-fed(KEN+TZA+UGA),2019,3,real_interest_rate,2022,lgbm_blind,-17.1217762401546,12.237062506516825
ETH-fed(KEN+TZA+UGA),2019,3,real_interest_rate,2022,lgbm_lag,-17.1217762401546,0.0
ETH-fed(KEN+TZA+UGA),2019,3,real_interest_rate,2022,lgbm_typed,-17.1217762401546,0.0
ETH-fed(KEN+TZA+UGA),2019,3,real_interest_rate,2022,tft,-17.1217762401546,0.048111302570010395
ETH-fed(KEN+TZA+UGA),2019,3,real_interest_rate,2022,tgcn,-17.1217762401546,
ETH-fed(KEN+TZA+UGA),2019,3,real_interest_rate,2022,persistence_scarcity,-17.1217762401546,0.0
ETH-fed(KEN+TZA+UGA),2019,3,real_interest_rate,2022,chronos_scarcity,-17.1217762401546,0.11882747916827086
ETH-fed(KEN+TZA+UGA),2019,3,real_interest_rate,2022,gnn_scarcity,-17.1217762401546,12.041417258068417
ETH-fed(KEN+TZA+UGA),2019,1,broad_money,2020,persistence,33.9671207502096,0.0
ETH-fed(KEN+TZA+UGA),2019,1,broad_money,2020,arima,33.9671207502096,0.0
ETH-fed(KEN+TZA+UGA),2019,1,broad_money,2020,chronos,33.9671207502096,0.11064492013147742
ETH-fed(KEN+TZA+UGA),2019,1,broad_money,2020,xgb_blind,33.9671207502096,0.3768886492044601
ETH-fed(KEN+TZA+UGA),2019,1,broad_money,2020,xgb_lag,33.9671207502096,0.0
ETH-fed(KEN+TZA+UGA),2019,1,broad_money,2020,xgb_typed,33.9671207502096,0.0
ETH-fed(KEN+TZA+UGA),2019,1,broad_money,2020,lgbm_blind,33.9671207502096,0.9958621510018375
ETH-fed(KEN+TZA+UGA),2019,1,broad_money,2020,lgbm_lag,33.9671207502096,0.0
ETH-fed(KEN+TZA+UGA),2019,1,broad_money,2020,lgbm_typed,33.9671207502096,0.0
ETH-fed(KEN+TZA+UGA),2019,1,broad_money,2020,tft,33.9671207502096,0.049247367641243045
ETH-fed(KEN+TZA+UGA),2019,1,broad_money,2020,tgcn,33.9671207502096,
ETH-fed(KEN+TZA+UGA),2019,1,broad_money,2020,persistence_scarcity,33.9671207502096,0.0
ETH-fed(KEN+TZA+UGA),2019,1,broad_money,2020,chronos_scarcity,33.9671207502096,0.11064492013147742
ETH-fed(KEN+TZA+UGA),2019,1,broad_money,2020,gnn_scarcity,33.9671207502096,0.7770656511575851
ETH-fed(KEN+TZA+UGA),2019,3,broad_money,2022,persistence,33.9671207502096,0.0
ETH-fed(KEN+TZA+UGA),2019,3,broad_money,2022,arima,33.9671207502096,0.0
ETH-fed(KEN+TZA+UGA),2019,3,broad_money,2022,chronos,33.9671207502096,0.11064492013147742
ETH-fed(KEN+TZA+UGA),2019,3,broad_money,2022,xgb_blind,33.9671207502096,2.72539939139196
ETH-fed(KEN+TZA+UGA),2019,3,broad_money,2022,xgb_lag,33.9671207502096,0.0
ETH-fed(KEN+TZA+UGA),2019,3,broad_money,2022,xgb_typed,33.9671207502096,0.0
ETH-fed(KEN+TZA+UGA),2019,3,broad_money,2022,lgbm_blind,33.9671207502096,1.333104119129949
ETH-fed(KEN+TZA+UGA),2019,3,broad_money,2022,lgbm_lag,33.9671207502096,0.0
ETH-fed(KEN+TZA+UGA),2019,3,broad_money,2022,lgbm_typed,33.9671207502096,0.0
ETH-fed(KEN+TZA+UGA),2019,3,broad_money,2022,tft,33.9671207502096,0.048110587856086795
ETH-fed(KEN+TZA+UGA),2019,3,broad_money,2022,tgcn,33.9671207502096,
ETH-fed(KEN+TZA+UGA),2019,3,broad_money,2022,persistence_scarcity,33.9671207502096,0.0
ETH-fed(KEN+TZA+UGA),2019,3,broad_money,2022,chronos_scarcity,33.9671207502096,0.11064492013147742
ETH-fed(KEN+TZA+UGA),2019,3,broad_money,2022,gnn_scarcity,33.9671207502096,0.6751064226419601
ETH-fed(KEN+TZA+UGA),2019,1,private_credit,2020,persistence,17.7101483486321,0.0
ETH-fed(KEN+TZA+UGA),2019,1,private_credit,2020,arima,17.7101483486321,0.0
ETH-fed(KEN+TZA+UGA),2019,1,private_credit,2020,chronos,17.7101483486321,0.005671038451435351
ETH-fed(KEN+TZA+UGA),2019,1,private_credit,2020,xgb_blind,17.7101483486321,0.04764987451100566
ETH-fed(KEN+TZA+UGA),2019,1,private_credit,2020,xgb_lag,17.7101483486321,0.0
ETH-fed(KEN+TZA+UGA),2019,1,private_credit,2020,xgb_typed,17.7101483486321,0.0
ETH-fed(KEN+TZA+UGA),2019,1,private_credit,2020,lgbm_blind,17.7101483486321,2.624329157685981
ETH-fed(KEN+TZA+UGA),2019,1,private_credit,2020,lgbm_lag,17.7101483486321,0.0
ETH-fed(KEN+TZA+UGA),2019,1,private_credit,2020,lgbm_typed,17.7101483486321,0.0
ETH-fed(KEN+TZA+UGA),2019,1,private_credit,2020,tft,17.7101483486321,0.04924823266530254
ETH-fed(KEN+TZA+UGA),2019,1,private_credit,2020,tgcn,17.7101483486321,
ETH-fed(KEN+TZA+UGA),2019,1,private_credit,2020,persistence_scarcity,17.7101483486321,0.0
ETH-fed(KEN+TZA+UGA),2019,1,private_credit,2020,chronos_scarcity,17.7101483486321,0.005671038451435351
ETH-fed(KEN+TZA+UGA),2019,1,private_credit,2020,gnn_scarcity,17.7101483486321,3.0484900615837596
ETH-fed(KEN+TZA+UGA),2019,3,private_credit,2022,persistence,17.7101483486321,0.0
ETH-fed(KEN+TZA+UGA),2019,3,private_credit,2022,arima,17.7101483486321,0.0
ETH-fed(KEN+TZA+UGA),2019,3,private_credit,2022,chronos,17.7101483486321,0.005671038451435351
ETH-fed(KEN+TZA+UGA),2019,3,private_credit,2022,xgb_blind,17.7101483486321,0.027113451781513476
ETH-fed(KEN+TZA+UGA),2019,3,private_credit,2022,xgb_lag,17.7101483486321,0.0
ETH-fed(KEN+TZA+UGA),2019,3,private_credit,2022,xgb_typed,17.7101483486321,0.0
ETH-fed(KEN+TZA+UGA),2019,3,private_credit,2022,lgbm_blind,17.7101483486321,1.636863016199598
ETH-fed(KEN+TZA+UGA),2019,3,private_credit,2022,lgbm_lag,17.7101483486321,0.0
ETH-fed(KEN+TZA+UGA),2019,3,private_credit,2022,lgbm_typed,17.7101483486321,0.0
ETH-fed(KEN+TZA+UGA),2019,3,private_credit,2022,tft,17.7101483486321,0.04811145288014629
ETH-fed(KEN+TZA+UGA),2019,3,private_credit,2022,tgcn,17.7101483486321,
ETH-fed(KEN+TZA+UGA),2019,3,private_credit,2022,persistence_scarcity,17.7101483486321,0.0
ETH-fed(KEN+TZA+UGA),2019,3,private_credit,2022,chronos_scarcity,17.7101483486321,0.005671038451435351
ETH-fed(KEN+TZA+UGA),2019,3,private_credit,2022,gnn_scarcity,17.7101483486321,3.1677432201530955
ETH-fed(KEN+TZA+UGA),2019,1,govt_consumption,2020,persistence,9.12947509940408,0.07493852919590971
ETH-fed(KEN+TZA+UGA),2019,1,govt_consumption,2020,arima,9.12947509940408,0.26292527694530143
ETH-fed(KEN+TZA+UGA),2019,1,govt_consumption,2020,chronos,9.12947509940408,0.3457779711081823
ETH-fed(KEN+TZA+UGA),2019,1,govt_consumption,2020,xgb_blind,9.12947509940408,1.4086842710182825
ETH-fed(KEN+TZA+UGA),2019,1,govt_consumption,2020,xgb_lag,9.12947509940408,0.26292527694530143
ETH-fed(KEN+TZA+UGA),2019,1,govt_consumption,2020,xgb_typed,9.12947509940408,0.26292527694530143
ETH-fed(KEN+TZA+UGA),2019,1,govt_consumption,2020,lgbm_blind,9.12947509940408,1.1534356093193168
ETH-fed(KEN+TZA+UGA),2019,1,govt_consumption,2020,lgbm_lag,9.12947509940408,0.26292527694530143
ETH-fed(KEN+TZA+UGA),2019,1,govt_consumption,2020,lgbm_typed,9.12947509940408,0.26292527694530143
ETH-fed(KEN+TZA+UGA),2019,1,govt_consumption,2020,tft,9.12947509940408,0.07736538108132684
ETH-fed(KEN+TZA+UGA),2019,1,govt_consumption,2020,tgcn,9.12947509940408,
ETH-fed(KEN+TZA+UGA),2019,1,govt_consumption,2020,persistence_scarcity,9.12947509940408,0.07493852919590971
ETH-fed(KEN+TZA+UGA),2019,1,govt_consumption,2020,chronos_scarcity,9.12947509940408,0.3457779711081823
ETH-fed(KEN+TZA+UGA),2019,1,govt_consumption,2020,gnn_scarcity,9.12947509940408,1.159570234458224
ETH-fed(KEN+TZA+UGA),2019,3,govt_consumption,2022,persistence,7.36173479559612,1.8426788330038706
ETH-fed(KEN+TZA+UGA),2019,3,govt_consumption,2022,arima,7.36173479559612,2.0029442939694393
ETH-fed(KEN+TZA+UGA),2019,3,govt_consumption,2022,chronos,7.36173479559612,2.1759277105073958
ETH-fed(KEN+TZA+UGA),2019,3,govt_consumption,2022,xgb_blind,7.36173479559612,2.2704444646577864
ETH-fed(KEN+TZA+UGA),2019,3,govt_consumption,2022,xgb_lag,7.36173479559612,2.0029442939694393
ETH-fed(KEN+TZA+UGA),2019,3,govt_consumption,2022,xgb_typed,7.36173479559612,2.0029442939694393
ETH-fed(KEN+TZA+UGA),2019,3,govt_consumption,2022,lgbm_blind,7.36173479559612,2.9185584924581702
ETH-fed(KEN+TZA+UGA),2019,3,govt_consumption,2022,lgbm_lag,7.36173479559612,2.0029442939694393
ETH-fed(KEN+TZA+UGA),2019,3,govt_consumption,2022,lgbm_typed,7.36173479559612,2.0029442939694393
ETH-fed(KEN+TZA+UGA),2019,3,govt_consumption,2022,tft,7.36173479559612,1.943828177426341
ETH-fed(KEN+TZA+UGA),2019,3,govt_consumption,2022,tgcn,7.36173479559612,
ETH-fed(KEN+TZA+UGA),2019,3,govt_consumption,2022,persistence_scarcity,7.36173479559612,1.8426788330038706
ETH-fed(KEN+TZA+UGA),2019,3,govt_consumption,2022,chronos_scarcity,7.36173479559612,2.1759277105073958
ETH-fed(KEN+TZA+UGA),2019,3,govt_consumption,2022,gnn_scarcity,7.36173479559612,2.9045501470308333
ETH-fed(KEN+TZA+UGA),2020,1,gdp_growth,2021,persistence,5.64153069257077,0.4180001979772996
ETH-fed(KEN+TZA+UGA),2020,1,gdp_growth,2021,arima,5.64153069257077,1.1423190889911314
ETH-fed(KEN+TZA+UGA),2020,1,gdp_growth,2021,chronos,5.64153069257077,0.8248246312207339
ETH-fed(KEN+TZA+UGA),2020,1,gdp_growth,2021,xgb_blind,5.64153069257077,0.9954054951733706
ETH-fed(KEN+TZA+UGA),2020,1,gdp_growth,2021,xgb_lag,5.64153069257077,1.1423190889911314
ETH-fed(KEN+TZA+UGA),2020,1,gdp_growth,2021,xgb_typed,5.64153069257077,1.1423190889911314
ETH-fed(KEN+TZA+UGA),2020,1,gdp_growth,2021,lgbm_blind,5.64153069257077,1.3172017852531228
ETH-fed(KEN+TZA+UGA),2020,1,gdp_growth,2021,lgbm_lag,5.64153069257077,1.1423190889911314
ETH-fed(KEN+TZA+UGA),2020,1,gdp_growth,2021,lgbm_typed,5.64153069257077,1.1423190889911314
ETH-fed(KEN+TZA+UGA),2020,1,gdp_growth,2021,tft,5.64153069257077,0.44122487307254055
ETH-fed(KEN+TZA+UGA),2020,1,gdp_growth,2021,tgcn,5.64153069257077,
ETH-fed(KEN+TZA+UGA),2020,1,gdp_growth,2021,persistence_scarcity,5.64153069257077,0.4180001979772996
ETH-fed(KEN+TZA+UGA),2020,1,gdp_growth,2021,chronos_scarcity,5.64153069257077,0.8248246312207339
ETH-fed(KEN+TZA+UGA),2020,1,gdp_growth,2021,gnn_scarcity,5.64153069257077,1.2197425961560366
ETH-fed(KEN+TZA+UGA),2020,3,gdp_growth,2023,persistence,6.59424599357075,0.5347151030226804
ETH-fed(KEN+TZA+UGA),2020,3,gdp_growth,2023,arima,6.59424599357075,0.03350214749983671
ETH-fed(KEN+TZA+UGA),2020,3,gdp_growth,2023,chronos,6.59424599357075,0.3533262377219746
ETH-fed(KEN+TZA+UGA),2020,3,gdp_growth,2023,xgb_blind,6.59424599357075,2.225121581034129
ETH-fed(KEN+TZA+UGA),2020,3,gdp_growth,2023,xgb_lag,6.59424599357075,0.03350214749983671
ETH-fed(KEN+TZA+UGA),2020,3,gdp_growth,2023,xgb_typed,6.59424599357075,0.03350214749983671
ETH-fed(KEN+TZA+UGA),2020,3,gdp_growth,2023,lgbm_blind,6.59424599357075,1.4261802457154005
ETH-fed(KEN+TZA+UGA),2020,3,gdp_growth,2023,lgbm_lag,6.59424599357075,0.03350214749983671
ETH-fed(KEN+TZA+UGA),2020,3,gdp_growth,2023,lgbm_typed,6.59424599357075,0.03350214749983671
ETH-fed(KEN+TZA+UGA),2020,3,gdp_growth,2023,tft,6.59424599357075,0.4152127141518047
ETH-fed(KEN+TZA+UGA),2020,3,gdp_growth,2023,tgcn,6.59424599357075,
ETH-fed(KEN+TZA+UGA),2020,3,gdp_growth,2023,persistence_scarcity,6.59424599357075,0.5347151030226804
ETH-fed(KEN+TZA+UGA),2020,3,gdp_growth,2023,chronos_scarcity,6.59424599357075,0.3533262377219746
ETH-fed(KEN+TZA+UGA),2020,3,gdp_growth,2023,gnn_scarcity,6.59424599357075,0.1592077379661152
ETH-fed(KEN+TZA+UGA),2020,1,inflation_cpi,2021,persistence,26.8395221557722,6.483175299866101
ETH-fed(KEN+TZA+UGA),2020,1,inflation_cpi,2021,arima,26.8395221557722,8.217170215568427
ETH-fed(KEN+TZA+UGA),2020,1,inflation_cpi,2021,chronos,26.8395221557722,11.849549087534896
ETH-fed(KEN+TZA+UGA),2020,1,inflation_cpi,2021,xgb_blind,26.8395221557722,2.381565841685287
ETH-fed(KEN+TZA+UGA),2020,1,inflation_cpi,2021,xgb_lag,26.8395221557722,8.217170215568427
ETH-fed(KEN+TZA+UGA),2020,1,inflation_cpi,2021,xgb_typed,26.8395221557722,8.217170215568427
ETH-fed(KEN+TZA+UGA),2020,1,inflation_cpi,2021,lgbm_blind,26.8395221557722,15.87803851828034
ETH-fed(KEN+TZA+UGA),2020,1,inflation_cpi,2021,lgbm_lag,26.8395221557722,8.217170215568427
ETH-fed(KEN+TZA+UGA),2020,1,inflation_cpi,2021,lgbm_typed,26.8395221557722,8.217170215568427
ETH-fed(KEN+TZA+UGA),2020,1,inflation_cpi,2021,tft,26.8395221557722,4.619568618784896
ETH-fed(KEN+TZA+UGA),2020,1,inflation_cpi,2021,tgcn,26.8395221557722,
ETH-fed(KEN+TZA+UGA),2020,1,inflation_cpi,2021,persistence_scarcity,26.8395221557722,6.483175299866101
ETH-fed(KEN+TZA+UGA),2020,1,inflation_cpi,2021,chronos_scarcity,26.8395221557722,11.849549087534896
ETH-fed(KEN+TZA+UGA),2020,1,inflation_cpi,2021,gnn_scarcity,26.8395221557722,15.988445075999252
ETH-fed(KEN+TZA+UGA),2020,3,inflation_cpi,2023,persistence,30.2188278135278,9.862480957621699
ETH-fed(KEN+TZA+UGA),2020,3,inflation_cpi,2023,arima,30.2188278135278,11.187378490960256
ETH-fed(KEN+TZA+UGA),2020,3,inflation_cpi,2023,chronos,30.2188278135278,18.35719451274655
ETH-fed(KEN+TZA+UGA),2020,3,inflation_cpi,2023,xgb_blind,30.2188278135278,18.4196916517236
ETH-fed(KEN+TZA+UGA),2020,3,inflation_cpi,2023,xgb_lag,30.2188278135278,11.187378490960256
ETH-fed(KEN+TZA+UGA),2020,3,inflation_cpi,2023,xgb_typed,30.2188278135278,11.187378490960256
ETH-fed(KEN+TZA+UGA),2020,3,inflation_cpi,2023,lgbm_blind,30.2188278135278,20.12616830604881
ETH-fed(KEN+TZA+UGA),2020,3,inflation_cpi,2023,lgbm_lag,30.2188278135278,11.187378490960256
ETH-fed(KEN+TZA+UGA),2020,3,inflation_cpi,2023,lgbm_typed,30.2188278135278,11.187378490960256
ETH-fed(KEN+TZA+UGA),2020,3,inflation_cpi,2023,tft,30.2188278135278,2.529973595998502
ETH-fed(KEN+TZA+UGA),2020,3,inflation_cpi,2023,tgcn,30.2188278135278,
ETH-fed(KEN+TZA+UGA),2020,3,inflation_cpi,2023,persistence_scarcity,30.2188278135278,9.862480957621699
ETH-fed(KEN+TZA+UGA),2020,3,inflation_cpi,2023,chronos_scarcity,30.2188278135278,18.35719451274655
ETH-fed(KEN+TZA+UGA),2020,3,inflation_cpi,2023,gnn_scarcity,30.2188278135278,19.5802083906152
ETH-fed(KEN+TZA+UGA),2020,1,unemployment,2021,persistence,3.935,0.06300000000000017
ETH-fed(KEN+TZA+UGA),2020,1,unemployment,2021,arima,3.935,0.7767155311037617
ETH-fed(KEN+TZA+UGA),2020,1,unemployment,2021,chronos,3.935,0.055103006362914986
ETH-fed(KEN+TZA+UGA),2020,1,unemployment,2021,xgb_blind,3.935,0.23393684387207037
ETH-fed(KEN+TZA+UGA),2020,1,unemployment,2021,xgb_lag,3.935,0.7767155311037617
ETH-fed(KEN+TZA+UGA),2020,1,unemployment,2021,xgb_typed,3.935,0.7767155311037617
ETH-fed(KEN+TZA+UGA),2020,1,unemployment,2021,lgbm_blind,3.935,1.0767000134785971
ETH-fed(KEN+TZA+UGA),2020,1,unemployment,2021,lgbm_lag,3.935,0.7767155311037617
ETH-fed(KEN+TZA+UGA),2020,1,unemployment,2021,lgbm_typed,3.935,0.7767155311037617
ETH-fed(KEN+TZA+UGA),2020,1,unemployment,2021,tft,3.935,0.11817604064941412
ETH-fed(KEN+TZA+UGA),2020,1,unemployment,2021,tgcn,3.935,
ETH-fed(KEN+TZA+UGA),2020,1,unemployment,2021,persistence_scarcity,3.935,0.06300000000000017
ETH-fed(KEN+TZA+UGA),2020,1,unemployment,2021,chronos_scarcity,3.935,0.055103006362914986
ETH-fed(KEN+TZA+UGA),2020,1,unemployment,2021,gnn_scarcity,3.935,1.0596471405029297
ETH-fed(KEN+TZA+UGA),2020,3,unemployment,2023,persistence,3.375,0.6230000000000002
ETH-fed(KEN+TZA+UGA),2020,3,unemployment,2023,arima,3.375,2.1303277273560477
ETH-fed(KEN+TZA+UGA),2020,3,unemployment,2023,chronos,3.375,0.5098233222961426
ETH-fed(KEN+TZA+UGA),2020,3,unemployment,2023,xgb_blind,3.375,0.4642984867095947
ETH-fed(KEN+TZA+UGA),2020,3,unemployment,2023,xgb_lag,3.375,2.1303277273560477
ETH-fed(KEN+TZA+UGA),2020,3,unemployment,2023,xgb_typed,3.375,2.1303277273560477
ETH-fed(KEN+TZA+UGA),2020,3,unemployment,2023,lgbm_blind,3.375,0.5518214362008229
ETH-fed(KEN+TZA+UGA),2020,3,unemployment,2023,lgbm_lag,3.375,2.1303277273560477
ETH-fed(KEN+TZA+UGA),2020,3,unemployment,2023,lgbm_typed,3.375,2.1303277273560477
ETH-fed(KEN+TZA+UGA),2020,3,unemployment,2023,tft,3.375,0.491823673248291
ETH-fed(KEN+TZA+UGA),2020,3,unemployment,2023,tgcn,3.375,
ETH-fed(KEN+TZA+UGA),2020,3,unemployment,2023,persistence_scarcity,3.375,0.6230000000000002
ETH-fed(KEN+TZA+UGA),2020,3,unemployment,2023,chronos_scarcity,3.375,0.5098233222961426
ETH-fed(KEN+TZA+UGA),2020,3,unemployment,2023,gnn_scarcity,3.375,0.5088119506835938
ETH-fed(KEN+TZA+UGA),2020,1,exports_gdp,2021,persistence,7.63170919111601,0.5045092944279803
ETH-fed(KEN+TZA+UGA),2020,1,exports_gdp,2021,arima,7.63170919111601,0.9315574895591983
ETH-fed(KEN+TZA+UGA),2020,1,exports_gdp,2021,chronos,7.63170919111601,0.7714625327908147
ETH-fed(KEN+TZA+UGA),2020,1,exports_gdp,2021,xgb_blind,7.63170919111601,7.0026492149508845
ETH-fed(KEN+TZA+UGA),2020,1,exports_gdp,2021,xgb_lag,7.63170919111601,0.9315574895591983
ETH-fed(KEN+TZA+UGA),2020,1,exports_gdp,2021,xgb_typed,7.63170919111601,0.9315574895591983
ETH-fed(KEN+TZA+UGA),2020,1,exports_gdp,2021,lgbm_blind,7.63170919111601,6.920341033823973
ETH-fed(KEN+TZA+UGA),2020,1,exports_gdp,2021,lgbm_lag,7.63170919111601,0.9315574895591983
ETH-fed(KEN+TZA+UGA),2020,1,exports_gdp,2021,lgbm_typed,7.63170919111601,0.9315574895591983
ETH-fed(KEN+TZA+UGA),2020,1,exports_gdp,2021,tft,7.63170919111601,0.6667366950832951
ETH-fed(KEN+TZA+UGA),2020,1,exports_gdp,2021,tgcn,7.63170919111601,
ETH-fed(KEN+TZA+UGA),2020,1,exports_gdp,2021,persistence_scarcity,7.63170919111601,0.5045092944279803
ETH-fed(KEN+TZA+UGA),2020,1,exports_gdp,2021,chronos_scarcity,7.63170919111601,0.7714625327908147
ETH-fed(KEN+TZA+UGA),2020,1,exports_gdp,2021,gnn_scarcity,7.63170919111601,7.012886908737506
ETH-fed(KEN+TZA+UGA),2020,3,exports_gdp,2023,persistence,6.59591829014293,0.5312816065450994
ETH-fed(KEN+TZA+UGA),2020,3,exports_gdp,2023,arima,6.59591829014293,0.23804535409523808
ETH-fed(KEN+TZA+UGA),2020,3,exports_gdp,2023,chronos,6.59591829014293,0.3179277257872455
ETH-fed(KEN+TZA+UGA),2020,3,exports_gdp,2023,xgb_blind,6.59591829014293,2.6727222280455463
ETH-fed(KEN+TZA+UGA),2020,3,exports_gdp,2023,xgb_lag,6.59591829014293,0.23804535409523808
ETH-fed(KEN+TZA+UGA),2020,3,exports_gdp,2023,xgb_typed,6.59591829014293,0.23804535409523808
ETH-fed(KEN+TZA+UGA),2020,3,exports_gdp,2023,lgbm_blind,6.59591829014293,7.803645993091803
ETH-fed(KEN+TZA+UGA),2020,3,exports_gdp,2023,lgbm_lag,6.59591829014293,0.23804535409523808
ETH-fed(KEN+TZA+UGA),2020,3,exports_gdp,2023,lgbm_typed,6.59591829014293,0.23804535409523808
ETH-fed(KEN+TZA+UGA),2020,3,exports_gdp,2023,tft,6.59591829014293,0.45169866847523377
ETH-fed(KEN+TZA+UGA),2020,3,exports_gdp,2023,tgcn,6.59591829014293,
ETH-fed(KEN+TZA+UGA),2020,3,exports_gdp,2023,persistence_scarcity,6.59591829014293,0.5312816065450994
ETH-fed(KEN+TZA+UGA),2020,3,exports_gdp,2023,chronos_scarcity,6.59591829014293,0.3179277257872455
ETH-fed(KEN+TZA+UGA),2020,3,exports_gdp,2023,gnn_scarcity,6.59591829014293,7.983327277178847
ETH-fed(KEN+TZA+UGA),2020,1,imports_gdp,2021,persistence,16.7133482736483,0.1655661698430002
ETH-fed(KEN+TZA+UGA),2020,1,imports_gdp,2021,arima,16.7133482736483,1.8165466638344174
ETH-fed(KEN+TZA+UGA),2020,1,imports_gdp,2021,chronos,16.7133482736483,2.4914606851473238
ETH-fed(KEN+TZA+UGA),2020,1,imports_gdp,2021,xgb_blind,16.7133482736483,1.6114331441983794
ETH-fed(KEN+TZA+UGA),2020,1,imports_gdp,2021,xgb_lag,16.7133482736483,1.8165466638344174
ETH-fed(KEN+TZA+UGA),2020,1,imports_gdp,2021,xgb_typed,16.7133482736483,1.8165466638344174
ETH-fed(KEN+TZA+UGA),2020,1,imports_gdp,2021,lgbm_blind,16.7133482736483,13.074000791496555
ETH-fed(KEN+TZA+UGA),2020,1,imports_gdp,2021,lgbm_lag,16.7133482736483,1.8165466638344174
ETH-fed(KEN+TZA+UGA),2020,1,imports_gdp,2021,lgbm_typed,16.7133482736483,1.8165466638344174
ETH-fed(KEN+TZA+UGA),2020,1,imports_gdp,2021,tft,16.7133482736483,0.662784461392441
ETH-fed(KEN+TZA+UGA),2020,1,imports_gdp,2021,tgcn,16.7133482736483,
ETH-fed(KEN+TZA+UGA),2020,1,imports_gdp,2021,persistence_scarcity,16.7133482736483,0.1655661698430002
ETH-fed(KEN+TZA+UGA),2020,1,imports_gdp,2021,chronos_scarcity,16.7133482736483,2.4914606851473238
ETH-fed(KEN+TZA+UGA),2020,1,imports_gdp,2021,gnn_scarcity,16.7133482736483,13.15576564847084
ETH-fed(KEN+TZA+UGA),2020,3,imports_gdp,2023,persistence,14.0022832171223,2.8766312263689997
ETH-fed(KEN+TZA+UGA),2020,3,imports_gdp,2023,arima,14.0022832171223,0.576133613596788
ETH-fed(KEN+TZA+UGA),2020,3,imports_gdp,2023,chronos,14.0022832171223,3.828167082478746
ETH-fed(KEN+TZA+UGA),2020,3,imports_gdp,2023,xgb_blind,14.0022832171223,6.366941331217543
ETH-fed(KEN+TZA+UGA),2020,3,imports_gdp,2023,xgb_lag,14.0022832171223,0.576133613596788
ETH-fed(KEN+TZA+UGA),2020,3,imports_gdp,2023,xgb_typed,14.0022832171223,0.576133613596788
ETH-fed(KEN+TZA+UGA),2020,3,imports_gdp,2023,lgbm_blind,14.0022832171223,15.659442099606565
ETH-fed(KEN+TZA+UGA),2020,3,imports_gdp,2023,lgbm_lag,14.0022832171223,0.576133613596788
ETH-fed(KEN+TZA+UGA),2020,3,imports_gdp,2023,lgbm_typed,14.0022832171223,0.576133613596788
ETH-fed(KEN+TZA+UGA),2020,3,imports_gdp,2023,tft,14.0022832171223,2.596311448405043
ETH-fed(KEN+TZA+UGA),2020,3,imports_gdp,2023,tgcn,14.0022832171223,
ETH-fed(KEN+TZA+UGA),2020,3,imports_gdp,2023,persistence_scarcity,14.0022832171223,2.8766312263689997
ETH-fed(KEN+TZA+UGA),2020,3,imports_gdp,2023,chronos_scarcity,14.0022832171223,3.828167082478746
ETH-fed(KEN+TZA+UGA),2020,3,imports_gdp,2023,gnn_scarcity,14.0022832171223,15.797746537516371
ETH-fed(KEN+TZA+UGA),2020,1,current_account,2021,persistence,-4.13241831245632,1.3771572123018898
ETH-fed(KEN+TZA+UGA),2020,1,current_account,2021,arima,-4.13241831245632,1.1386555113313808
ETH-fed(KEN+TZA+UGA),2020,1,current_account,2021,chronos,-4.13241831245632,1.8866199630758267
ETH-fed(KEN+TZA+UGA),2020,1,current_account,2021,xgb_blind,-4.13241831245632,0.8863860744497281
ETH-fed(KEN+TZA+UGA),2020,1,current_account,2021,xgb_lag,-4.13241831245632,1.1386555113313808
ETH-fed(KEN+TZA+UGA),2020,1,current_account,2021,xgb_typed,-4.13241831245632,1.1386555113313808
ETH-fed(KEN+TZA+UGA),2020,1,current_account,2021,lgbm_blind,-4.13241831245632,0.5015510083972314
ETH-fed(KEN+TZA+UGA),2020,1,current_account,2021,lgbm_lag,-4.13241831245632,1.1386555113313808
ETH-fed(KEN+TZA+UGA),2020,1,current_account,2021,lgbm_typed,-4.13241831245632,1.1386555113313808
ETH-fed(KEN+TZA+UGA),2020,1,current_account,2021,tft,-4.13241831245632,0.8741339069345493
ETH-fed(KEN+TZA+UGA),2020,1,current_account,2021,tgcn,-4.13241831245632,
ETH-fed(KEN+TZA+UGA),2020,1,current_account,2021,persistence_scarcity,-4.13241831245632,1.3771572123018898
ETH-fed(KEN+TZA+UGA),2020,1,current_account,2021,chronos_scarcity,-4.13241831245632,1.8866199630758267
ETH-fed(KEN+TZA+UGA),2020,1,current_account,2021,gnn_scarcity,-4.13241831245632,0.40003665504245944
ETH-fed(KEN+TZA+UGA),2020,3,current_account,2023,persistence,-3.52359702028074,0.7683359201263098
ETH-fed(KEN+TZA+UGA),2020,3,current_account,2023,arima,-3.52359702028074,0.5489344253633419
ETH-fed(KEN+TZA+UGA),2020,3,current_account,2023,chronos,-3.52359702028074,0.6765594664935084
ETH-fed(KEN+TZA+UGA),2020,3,current_account,2023,xgb_blind,-3.52359702028074,1.0278842631701441
ETH-fed(KEN+TZA+UGA),2020,3,current_account,2023,xgb_lag,-3.52359702028074,0.5489344253633419
ETH-fed(KEN+TZA+UGA),2020,3,current_account,2023,xgb_typed,-3.52359702028074,0.5489344253633419
ETH-fed(KEN+TZA+UGA),2020,3,current_account,2023,lgbm_blind,-3.52359702028074,1.428218218740016
ETH-fed(KEN+TZA+UGA),2020,3,current_account,2023,lgbm_lag,-3.52359702028074,0.5489344253633419
ETH-fed(KEN+TZA+UGA),2020,3,current_account,2023,lgbm_typed,-3.52359702028074,0.5489344253633419
ETH-fed(KEN+TZA+UGA),2020,3,current_account,2023,tft,-3.52359702028074,1.4590232189770727
ETH-fed(KEN+TZA+UGA),2020,3,current_account,2023,tgcn,-3.52359702028074,
ETH-fed(KEN+TZA+UGA),2020,3,current_account,2023,persistence_scarcity,-3.52359702028074,0.7683359201263098
ETH-fed(KEN+TZA+UGA),2020,3,current_account,2023,chronos_scarcity,-3.52359702028074,0.6765594664935084
ETH-fed(KEN+TZA+UGA),2020,3,current_account,2023,gnn_scarcity,-3.52359702028074,1.0860535915967016
ETH-fed(KEN+TZA+UGA),2020,1,real_interest_rate,2021,persistence,-17.1217762401546,0.0
ETH-fed(KEN+TZA+UGA),2020,1,real_interest_rate,2021,arima,-17.1217762401546,0.0
ETH-fed(KEN+TZA+UGA),2020,1,real_interest_rate,2021,chronos,-17.1217762401546,0.005849497600888043
ETH-fed(KEN+TZA+UGA),2020,1,real_interest_rate,2021,xgb_blind,-17.1217762401546,0.019746439739559918
ETH-fed(KEN+TZA+UGA),2020,1,real_interest_rate,2021,xgb_lag,-17.1217762401546,0.0
ETH-fed(KEN+TZA+UGA),2020,1,real_interest_rate,2021,xgb_typed,-17.1217762401546,0.0
ETH-fed(KEN+TZA+UGA),2020,1,real_interest_rate,2021,lgbm_blind,-17.1217762401546,11.571241073891018
ETH-fed(KEN+TZA+UGA),2020,1,real_interest_rate,2021,lgbm_lag,-17.1217762401546,0.0
ETH-fed(KEN+TZA+UGA),2020,1,real_interest_rate,2021,lgbm_typed,-17.1217762401546,0.0
ETH-fed(KEN+TZA+UGA),2020,1,real_interest_rate,2021,tft,-17.1217762401546,0.00966228751788023
ETH-fed(KEN+TZA+UGA),2020,1,real_interest_rate,2021,tgcn,-17.1217762401546,
ETH-fed(KEN+TZA+UGA),2020,1,real_interest_rate,2021,persistence_scarcity,-17.1217762401546,0.0
ETH-fed(KEN+TZA+UGA),2020,1,real_interest_rate,2021,chronos_scarcity,-17.1217762401546,0.005849497600888043
ETH-fed(KEN+TZA+UGA),2020,1,real_interest_rate,2021,gnn_scarcity,-17.1217762401546,11.916439192577695
ETH-fed(KEN+TZA+UGA),2020,3,real_interest_rate,2023,persistence,-17.1217762401546,0.0
ETH-fed(KEN+TZA+UGA),2020,3,real_interest_rate,2023,arima,-17.1217762401546,0.0
ETH-fed(KEN+TZA+UGA),2020,3,real_interest_rate,2023,chronos,-17.1217762401546,0.005849497600888043
ETH-fed(KEN+TZA+UGA),2020,3,real_interest_rate,2023,xgb_blind,-17.1217762401546,12.500247614666318
ETH-fed(KEN+TZA+UGA),2020,3,real_interest_rate,2023,xgb_lag,-17.1217762401546,0.0
ETH-fed(KEN+TZA+UGA),2020,3,real_interest_rate,2023,xgb_typed,-17.1217762401546,0.0
ETH-fed(KEN+TZA+UGA),2020,3,real_interest_rate,2023,lgbm_blind,-17.1217762401546,11.800024547689226
ETH-fed(KEN+TZA+UGA),2020,3,real_interest_rate,2023,lgbm_lag,-17.1217762401546,0.0
ETH-fed(KEN+TZA+UGA),2020,3,real_interest_rate,2023,lgbm_typed,-17.1217762401546,0.0
ETH-fed(KEN+TZA+UGA),2020,3,real_interest_rate,2023,tft,-17.1217762401546,0.004941599651669293
ETH-fed(KEN+TZA+UGA),2020,3,real_interest_rate,2023,tgcn,-17.1217762401546,
ETH-fed(KEN+TZA+UGA),2020,3,real_interest_rate,2023,persistence_scarcity,-17.1217762401546,0.0
ETH-fed(KEN+TZA+UGA),2020,3,real_interest_rate,2023,chronos_scarcity,-17.1217762401546,0.005849497600888043
ETH-fed(KEN+TZA+UGA),2020,3,real_interest_rate,2023,gnn_scarcity,-17.1217762401546,11.693113940044736
ETH-fed(KEN+TZA+UGA),2020,1,broad_money,2021,persistence,33.9671207502096,0.0
ETH-fed(KEN+TZA+UGA),2020,1,broad_money,2021,arima,33.9671207502096,0.0
ETH-fed(KEN+TZA+UGA),2020,1,broad_money,2021,chronos,33.9671207502096,0.12000693533727258
ETH-fed(KEN+TZA+UGA),2020,1,broad_money,2021,xgb_blind,33.9671207502096,0.17800484444788367
ETH-fed(KEN+TZA+UGA),2020,1,broad_money,2021,xgb_lag,33.9671207502096,0.0
ETH-fed(KEN+TZA+UGA),2020,1,broad_money,2021,xgb_typed,33.9671207502096,0.0
ETH-fed(KEN+TZA+UGA),2020,1,broad_money,2021,lgbm_blind,33.9671207502096,0.9626667584370452
ETH-fed(KEN+TZA+UGA),2020,1,broad_money,2021,lgbm_lag,33.9671207502096,0.0
ETH-fed(KEN+TZA+UGA),2020,1,broad_money,2021,lgbm_typed,33.9671207502096,0.0
ETH-fed(KEN+TZA+UGA),2020,1,broad_money,2021,tft,33.9671207502096,0.00966300223180383
ETH-fed(KEN+TZA+UGA),2020,1,broad_money,2021,tgcn,33.9671207502096,
ETH-fed(KEN+TZA+UGA),2020,1,broad_money,2021,persistence_scarcity,33.9671207502096,0.0
ETH-fed(KEN+TZA+UGA),2020,1,broad_money,2021,chronos_scarcity,33.9671207502096,0.12000693533727258
ETH-fed(KEN+TZA+UGA),2020,1,broad_money,2021,gnn_scarcity,33.9671207502096,0.7641719743997726
ETH-fed(KEN+TZA+UGA),2020,3,broad_money,2023,persistence,33.9671207502096,0.0
ETH-fed(KEN+TZA+UGA),2020,3,broad_money,2023,arima,33.9671207502096,0.0
ETH-fed(KEN+TZA+UGA),2020,3,broad_money,2023,chronos,33.9671207502096,0.12000693533727258
ETH-fed(KEN+TZA+UGA),2020,3,broad_money,2023,xgb_blind,33.9671207502096,0.8471034929544601
ETH-fed(KEN+TZA+UGA),2020,3,broad_money,2023,xgb_lag,33.9671207502096,0.0
ETH-fed(KEN+TZA+UGA),2020,3,broad_money,2023,xgb_typed,33.9671207502096,0.0
ETH-fed(KEN+TZA+UGA),2020,3,broad_money,2023,lgbm_blind,33.9671207502096,1.2854932710916671
ETH-fed(KEN+TZA+UGA),2020,3,broad_money,2023,lgbm_lag,33.9671207502096,0.0
ETH-fed(KEN+TZA+UGA),2020,3,broad_money,2023,lgbm_typed,33.9671207502096,0.0
ETH-fed(KEN+TZA+UGA),2020,3,broad_money,2023,tft,33.9671207502096,0.00494040701696008
ETH-fed(KEN+TZA+UGA),2020,3,broad_money,2023,tgcn,33.9671207502096,
ETH-fed(KEN+TZA+UGA),2020,3,broad_money,2023,persistence_scarcity,33.9671207502096,0.0
ETH-fed(KEN+TZA+UGA),2020,3,broad_money,2023,chronos_scarcity,33.9671207502096,0.12000693533727258
ETH-fed(KEN+TZA+UGA),2020,3,broad_money,2023,gnn_scarcity,33.9671207502096,0.6712917253763351
ETH-fed(KEN+TZA+UGA),2020,1,private_credit,2021,persistence,17.7101483486321,0.0
ETH-fed(KEN+TZA+UGA),2020,1,private_credit,2021,arima,17.7101483486321,0.0
ETH-fed(KEN+TZA+UGA),2020,1,private_credit,2021,chronos,17.7101483486321,0.006265149292705274
ETH-fed(KEN+TZA+UGA),2020,1,private_credit,2021,xgb_blind,17.7101483486321,0.7282643459465525
ETH-fed(KEN+TZA+UGA),2020,1,private_credit,2021,xgb_lag,17.7101483486321,0.0
ETH-fed(KEN+TZA+UGA),2020,1,private_credit,2021,xgb_typed,17.7101483486321,0.0
ETH-fed(KEN+TZA+UGA),2020,1,private_credit,2021,lgbm_blind,17.7101483486321,2.5368515354619845
ETH-fed(KEN+TZA+UGA),2020,1,private_credit,2021,lgbm_lag,17.7101483486321,0.0
ETH-fed(KEN+TZA+UGA),2020,1,private_credit,2021,lgbm_typed,17.7101483486321,0.0
ETH-fed(KEN+TZA+UGA),2020,1,private_credit,2021,tft,17.7101483486321,0.009662137207744337
ETH-fed(KEN+TZA+UGA),2020,1,private_credit,2021,tgcn,17.7101483486321,
ETH-fed(KEN+TZA+UGA),2020,1,private_credit,2021,persistence_scarcity,17.7101483486321,0.0
ETH-fed(KEN+TZA+UGA),2020,1,private_credit,2021,chronos_scarcity,17.7101483486321,0.006265149292705274
ETH-fed(KEN+TZA+UGA),2020,1,private_credit,2021,gnn_scarcity,17.7101483486321,2.9357562206413768
ETH-fed(KEN+TZA+UGA),2020,3,private_credit,2023,persistence,17.7101483486321,0.0
ETH-fed(KEN+TZA+UGA),2020,3,private_credit,2023,arima,17.7101483486321,0.0
ETH-fed(KEN+TZA+UGA),2020,3,private_credit,2023,chronos,17.7101483486321,0.006265149292705274
ETH-fed(KEN+TZA+UGA),2020,3,private_credit,2023,xgb_blind,17.7101483486321,0.32296420556569316
ETH-fed(KEN+TZA+UGA),2020,3,private_credit,2023,xgb_lag,17.7101483486321,0.0
ETH-fed(KEN+TZA+UGA),2020,3,private_credit,2023,xgb_typed,17.7101483486321,0.0
ETH-fed(KEN+TZA+UGA),2020,3,private_credit,2023,lgbm_blind,17.7101483486321,1.5784036402984043
ETH-fed(KEN+TZA+UGA),2020,3,private_credit,2023,lgbm_lag,17.7101483486321,0.0
ETH-fed(KEN+TZA+UGA),2020,3,private_credit,2023,lgbm_typed,17.7101483486321,0.0
ETH-fed(KEN+TZA+UGA),2020,3,private_credit,2023,tft,17.7101483486321,0.004941449341533399
ETH-fed(KEN+TZA+UGA),2020,3,private_credit,2023,tgcn,17.7101483486321,
ETH-fed(KEN+TZA+UGA),2020,3,private_credit,2023,persistence_scarcity,17.7101483486321,0.0
ETH-fed(KEN+TZA+UGA),2020,3,private_credit,2023,chronos_scarcity,17.7101483486321,0.006265149292705274
ETH-fed(KEN+TZA+UGA),2020,3,private_credit,2023,gnn_scarcity,17.7101483486321,3.044831766906025
ETH-fed(KEN+TZA+UGA),2020,1,govt_consumption,2021,persistence,8.83582491858562,0.29365018081846017
ETH-fed(KEN+TZA+UGA),2020,1,govt_consumption,2021,arima,8.83582491858562,0.3067891171559385
ETH-fed(KEN+TZA+UGA),2020,1,govt_consumption,2021,chronos,8.83582491858562,0.3292418004695552
ETH-fed(KEN+TZA+UGA),2020,1,govt_consumption,2021,xgb_blind,8.83582491858562,2.3384724141780513
ETH-fed(KEN+TZA+UGA),2020,1,govt_consumption,2021,xgb_lag,8.83582491858562,0.3067891171559385
ETH-fed(KEN+TZA+UGA),2020,1,govt_consumption,2021,xgb_typed,8.83582491858562,0.3067891171559385
ETH-fed(KEN+TZA+UGA),2020,1,govt_consumption,2021,lgbm_blind,8.83582491858562,1.4086379211767497
ETH-fed(KEN+TZA+UGA),2020,1,govt_consumption,2021,lgbm_lag,8.83582491858562,0.3067891171559385
ETH-fed(KEN+TZA+UGA),2020,1,govt_consumption,2021,lgbm_typed,8.83582491858562,0.3067891171559385
ETH-fed(KEN+TZA+UGA),2020,1,govt_consumption,2021,tft,8.83582491858562,0.29511361138264114
ETH-fed(KEN+TZA+UGA),2020,1,govt_consumption,2021,tgcn,8.83582491858562,
ETH-fed(KEN+TZA+UGA),2020,1,govt_consumption,2021,persistence_scarcity,8.83582491858562,0.29365018081846017
ETH-fed(KEN+TZA+UGA),2020,1,govt_consumption,2021,chronos_scarcity,8.83582491858562,0.3292418004695552
ETH-fed(KEN+TZA+UGA),2020,1,govt_consumption,2021,gnn_scarcity,8.83582491858562,1.4186583043758052
ETH-fed(KEN+TZA+UGA),2020,3,govt_consumption,2023,persistence,6.31777188442684,2.811703214977241
ETH-fed(KEN+TZA+UGA),2020,3,govt_consumption,2023,arima,6.31777188442684,2.8229424046069873
ETH-fed(KEN+TZA+UGA),2020,3,govt_consumption,2023,chronos,6.31777188442684,3.1853485379364415
ETH-fed(KEN+TZA+UGA),2020,3,govt_consumption,2023,xgb_blind,6.31777188442684,2.491644886508219
ETH-fed(KEN+TZA+UGA),2020,3,govt_consumption,2023,xgb_lag,6.31777188442684,2.8229424046069873
ETH-fed(KEN+TZA+UGA),2020,3,govt_consumption,2023,xgb_typed,6.31777188442684,2.8229424046069873
ETH-fed(KEN+TZA+UGA),2020,3,govt_consumption,2023,lgbm_blind,6.31777188442684,3.921420737621675
ETH-fed(KEN+TZA+UGA),2020,3,govt_consumption,2023,lgbm_lag,6.31777188442684,2.8229424046069873
ETH-fed(KEN+TZA+UGA),2020,3,govt_consumption,2023,lgbm_typed,6.31777188442684,2.8229424046069873
ETH-fed(KEN+TZA+UGA),2020,3,govt_consumption,2023,tft,6.31777188442684,2.8221102032806797
ETH-fed(KEN+TZA+UGA),2020,3,govt_consumption,2023,tgcn,6.31777188442684,
ETH-fed(KEN+TZA+UGA),2020,3,govt_consumption,2023,persistence_scarcity,6.31777188442684,2.811703214977241
ETH-fed(KEN+TZA+UGA),2020,3,govt_consumption,2023,chronos_scarcity,6.31777188442684,3.1853485379364415
ETH-fed(KEN+TZA+UGA),2020,3,govt_consumption,2023,gnn_scarcity,6.31777188442684,3.915630367770426
ETH-fed(KEN+TZA+UGA),2021,1,gdp_growth,2022,persistence,5.32175988403378,0.31977080853699036
ETH-fed(KEN+TZA+UGA),2021,1,gdp_growth,2022,arima,5.32175988403378,0.45040876760301796
ETH-fed(KEN+TZA+UGA),2021,1,gdp_growth,2022,chronos,5.32175988403378,0.6645129278558688
ETH-fed(KEN+TZA+UGA),2021,1,gdp_growth,2022,xgb_blind,5.32175988403378,1.9587553099054293
ETH-fed(KEN+TZA+UGA),2021,1,gdp_growth,2022,xgb_lag,5.32175988403378,0.45040876760301796
ETH-fed(KEN+TZA+UGA),2021,1,gdp_growth,2022,xgb_typed,5.32175988403378,0.45040876760301796
ETH-fed(KEN+TZA+UGA),2021,1,gdp_growth,2022,lgbm_blind,5.32175988403378,1.5944822078526792
ETH-fed(KEN+TZA+UGA),2021,1,gdp_growth,2022,lgbm_lag,5.32175988403378,0.45040876760301796
ETH-fed(KEN+TZA+UGA),2021,1,gdp_growth,2022,lgbm_typed,5.32175988403378,0.45040876760301796
ETH-fed(KEN+TZA+UGA),2021,1,gdp_growth,2022,tft,5.32175988403378,0.34040814193667934
ETH-fed(KEN+TZA+UGA),2021,1,gdp_growth,2022,tgcn,5.32175988403378,
ETH-fed(KEN+TZA+UGA),2021,1,gdp_growth,2022,persistence_scarcity,5.32175988403378,0.31977080853699036
ETH-fed(KEN+TZA+UGA),2021,1,gdp_growth,2022,chronos_scarcity,5.32175988403378,0.6645129278558688
ETH-fed(KEN+TZA+UGA),2021,1,gdp_growth,2022,gnn_scarcity,5.32175988403378,1.5060346678155856
ETH-fed(KEN+TZA+UGA),2021,1,inflation_cpi,2022,persistence,33.8898797100898,7.0503575543176
ETH-fed(KEN+TZA+UGA),2021,1,inflation_cpi,2022,arima,33.8898797100898,9.477269621959877
ETH-fed(KEN+TZA+UGA),2021,1,inflation_cpi,2022,chronos,33.8898797100898,16.094500071417926
ETH-fed(KEN+TZA+UGA),2021,1,inflation_cpi,2022,xgb_blind,33.8898797100898,8.552956110846637
ETH-fed(KEN+TZA+UGA),2021,1,inflation_cpi,2022,xgb_lag,33.8898797100898,9.477269621959877
ETH-fed(KEN+TZA+UGA),2021,1,inflation_cpi,2022,xgb_typed,33.8898797100898,9.477269621959877
ETH-fed(KEN+TZA+UGA),2021,1,inflation_cpi,2022,lgbm_blind,33.8898797100898,22.41620130580474
ETH-fed(KEN+TZA+UGA),2021,1,inflation_cpi,2022,lgbm_lag,33.8898797100898,9.477269621959877
ETH-fed(KEN+TZA+UGA),2021,1,inflation_cpi,2022,lgbm_typed,33.8898797100898,9.477269621959877
ETH-fed(KEN+TZA+UGA),2021,1,inflation_cpi,2022,tft,33.8898797100898,3.0610261029120664
ETH-fed(KEN+TZA+UGA),2021,1,inflation_cpi,2022,tgcn,33.8898797100898,
ETH-fed(KEN+TZA+UGA),2021,1,inflation_cpi,2022,persistence_scarcity,33.8898797100898,7.0503575543176
ETH-fed(KEN+TZA+UGA),2021,1,inflation_cpi,2022,chronos_scarcity,33.8898797100898,16.094500071417926
ETH-fed(KEN+TZA+UGA),2021,1,inflation_cpi,2022,gnn_scarcity,33.8898797100898,22.5274529522773
ETH-fed(KEN+TZA+UGA),2021,1,unemployment,2022,persistence,3.386,0.5489999999999999
ETH-fed(KEN+TZA+UGA),2021,1,unemployment,2022,arima,3.386,0.5348777852322155
ETH-fed(KEN+TZA+UGA),2021,1,unemployment,2022,chronos,3.386,0.49050728225707996
ETH-fed(KEN+TZA+UGA),2021,1,unemployment,2022,xgb_blind,3.386,0.5431861057281493
ETH-fed(KEN+TZA+UGA),2021,1,unemployment,2022,xgb_lag,3.386,0.5348777852322155
ETH-fed(KEN+TZA+UGA),2021,1,unemployment,2022,xgb_typed,3.386,0.5348777852322155
ETH-fed(KEN+TZA+UGA),2021,1,unemployment,2022,lgbm_blind,3.386,0.49296775682510896
ETH-fed(KEN+TZA+UGA),2021,1,unemployment,2022,lgbm_lag,3.386,0.5348777852322155
ETH-fed(KEN+TZA+UGA),2021,1,unemployment,2022,lgbm_typed,3.386,0.5348777852322155
ETH-fed(KEN+TZA+UGA),2021,1,unemployment,2022,tft,3.386,0.6007520332336425
ETH-fed(KEN+TZA+UGA),2021,1,unemployment,2022,tgcn,3.386,
ETH-fed(KEN+TZA+UGA),2021,1,unemployment,2022,persistence_scarcity,3.386,0.5489999999999999
ETH-fed(KEN+TZA+UGA),2021,1,unemployment,2022,chronos_scarcity,3.386,0.49050728225707996
ETH-fed(KEN+TZA+UGA),2021,1,unemployment,2022,gnn_scarcity,3.386,0.4768801555633546
ETH-fed(KEN+TZA+UGA),2021,1,exports_gdp,2022,persistence,8.24396037798902,0.6122511868730092
ETH-fed(KEN+TZA+UGA),2021,1,exports_gdp,2022,arima,8.24396037798902,0.3655606342619411
ETH-fed(KEN+TZA+UGA),2021,1,exports_gdp,2022,chronos,8.24396037798902,0.007925984678472275
ETH-fed(KEN+TZA+UGA),2021,1,exports_gdp,2022,xgb_blind,8.24396037798902,2.2393121745012152
ETH-fed(KEN+TZA+UGA),2021,1,exports_gdp,2022,xgb_lag,8.24396037798902,0.3655606342619411
ETH-fed(KEN+TZA+UGA),2021,1,exports_gdp,2022,xgb_typed,8.24396037798902,0.3655606342619411
ETH-fed(KEN+TZA+UGA),2021,1,exports_gdp,2022,lgbm_blind,8.24396037798902,6.084853036430832
ETH-fed(KEN+TZA+UGA),2021,1,exports_gdp,2022,lgbm_lag,8.24396037798902,0.3655606342619411
ETH-fed(KEN+TZA+UGA),2021,1,exports_gdp,2022,lgbm_typed,8.24396037798902,0.3655606342619411
ETH-fed(KEN+TZA+UGA),2021,1,exports_gdp,2022,tft,8.24396037798902,0.578312871275152
ETH-fed(KEN+TZA+UGA),2021,1,exports_gdp,2022,tgcn,8.24396037798902,
ETH-fed(KEN+TZA+UGA),2021,1,exports_gdp,2022,persistence_scarcity,8.24396037798902,0.6122511868730092
ETH-fed(KEN+TZA+UGA),2021,1,exports_gdp,2022,chronos_scarcity,8.24396037798902,0.007925984678472275
ETH-fed(KEN+TZA+UGA),2021,1,exports_gdp,2022,gnn_scarcity,8.24396037798902,6.185870173158442
ETH-fed(KEN+TZA+UGA),2021,1,imports_gdp,2022,persistence,18.3515393187423,1.6381910450940005
ETH-fed(KEN+TZA+UGA),2021,1,imports_gdp,2022,arima,18.3515393187423,1.6982028427678522
ETH-fed(KEN+TZA+UGA),2021,1,imports_gdp,2022,chronos,18.3515393187423,2.167281811418082
ETH-fed(KEN+TZA+UGA),2021,1,imports_gdp,2022,xgb_blind,18.3515393187423,1.0650326659102696
ETH-fed(KEN+TZA+UGA),2021,1,imports_gdp,2022,xgb_lag,18.3515393187423,1.6982028427678522
ETH-fed(KEN+TZA+UGA),2021,1,imports_gdp,2022,xgb_typed,18.3515393187423,1.6982028427678522
ETH-fed(KEN+TZA+UGA),2021,1,imports_gdp,2022,lgbm_blind,18.3515393187423,11.014067789096977
ETH-fed(KEN+TZA+UGA),2021,1,imports_gdp,2022,lgbm_lag,18.3515393187423,1.6982028427678522
ETH-fed(KEN+TZA+UGA),2021,1,imports_gdp,2022,lgbm_typed,18.3515393187423,1.6982028427678522
ETH-fed(KEN+TZA+UGA),2021,1,imports_gdp,2022,tft,18.3515393187423,1.6308304716964024
ETH-fed(KEN+TZA+UGA),2021,1,imports_gdp,2022,tgcn,18.3515393187423,
ETH-fed(KEN+TZA+UGA),2021,1,imports_gdp,2022,persistence_scarcity,18.3515393187423,1.6381910450940005
ETH-fed(KEN+TZA+UGA),2021,1,imports_gdp,2022,chronos_scarcity,18.3515393187423,2.167281811418082
ETH-fed(KEN+TZA+UGA),2021,1,imports_gdp,2022,gnn_scarcity,18.3515393187423,11.114429766951059
ETH-fed(KEN+TZA+UGA),2021,1,current_account,2022,persistence,-4.19066632559079,0.058248013134470256
ETH-fed(KEN+TZA+UGA),2021,1,current_account,2022,arima,-4.19066632559079,0.19276679224954707
ETH-fed(KEN+TZA+UGA),2021,1,current_account,2022,chronos,-4.19066632559079,0.1751812619946591
ETH-fed(KEN+TZA+UGA),2021,1,current_account,2022,xgb_blind,-4.19066632559079,0.29490578939694245
ETH-fed(KEN+TZA+UGA),2021,1,current_account,2022,xgb_lag,-4.19066632559079,0.19276679224954707
ETH-fed(KEN+TZA+UGA),2021,1,current_account,2022,xgb_typed,-4.19066632559079,0.19276679224954707
ETH-fed(KEN+TZA+UGA),2021,1,current_account,2022,lgbm_blind,-4.19066632559079,0.4271239254181358
ETH-fed(KEN+TZA+UGA),2021,1,current_account,2022,lgbm_lag,-4.19066632559079,0.19276679224954707
ETH-fed(KEN+TZA+UGA),2021,1,current_account,2022,lgbm_typed,-4.19066632559079,0.19276679224954707
ETH-fed(KEN+TZA+UGA),2021,1,current_account,2022,tft,-4.19066632559079,0.7264789266369931
ETH-fed(KEN+TZA+UGA),2021,1,current_account,2022,tgcn,-4.19066632559079,
ETH-fed(KEN+TZA+UGA),2021,1,current_account,2022,persistence_scarcity,-4.19066632559079,0.058248013134470256
ETH-fed(KEN+TZA+UGA),2021,1,current_account,2022,chronos_scarcity,-4.19066632559079,0.1751812619946591
ETH-fed(KEN+TZA+UGA),2021,1,current_account,2022,gnn_scarcity,-4.19066632559079,0.3259819669507138
ETH-fed(KEN+TZA+UGA),2021,1,real_interest_rate,2022,persistence,-17.1217762401546,0.0
ETH-fed(KEN+TZA+UGA),2021,1,real_interest_rate,2022,arima,-17.1217762401546,0.0
ETH-fed(KEN+TZA+UGA),2021,1,real_interest_rate,2022,chronos,-17.1217762401546,0.0012279918635833553
ETH-fed(KEN+TZA+UGA),2021,1,real_interest_rate,2022,xgb_blind,-17.1217762401546,0.18302501945147398
ETH-fed(KEN+TZA+UGA),2021,1,real_interest_rate,2022,xgb_lag,-17.1217762401546,0.0
ETH-fed(KEN+TZA+UGA),2021,1,real_interest_rate,2022,xgb_typed,-17.1217762401546,0.0
ETH-fed(KEN+TZA+UGA),2021,1,real_interest_rate,2022,lgbm_blind,-17.1217762401546,11.197975221808859
ETH-fed(KEN+TZA+UGA),2021,1,real_interest_rate,2022,lgbm_lag,-17.1217762401546,0.0
ETH-fed(KEN+TZA+UGA),2021,1,real_interest_rate,2022,lgbm_typed,-17.1217762401546,0.0
ETH-fed(KEN+TZA+UGA),2021,1,real_interest_rate,2022,tft,-17.1217762401546,0.028779642864559918
ETH-fed(KEN+TZA+UGA),2021,1,real_interest_rate,2022,tgcn,-17.1217762401546,
ETH-fed(KEN+TZA+UGA),2021,1,real_interest_rate,2022,persistence_scarcity,-17.1217762401546,0.0
ETH-fed(KEN+TZA+UGA),2021,1,real_interest_rate,2022,chronos_scarcity,-17.1217762401546,0.0012279918635833553
ETH-fed(KEN+TZA+UGA),2021,1,real_interest_rate,2022,gnn_scarcity,-17.1217762401546,11.554965632244443
ETH-fed(KEN+TZA+UGA),2021,1,broad_money,2022,persistence,33.9671207502096,0.0
ETH-fed(KEN+TZA+UGA),2021,1,broad_money,2022,arima,33.9671207502096,0.0
ETH-fed(KEN+TZA+UGA),2021,1,broad_money,2022,chronos,33.9671207502096,0.0975803301126632
ETH-fed(KEN+TZA+UGA),2021,1,broad_money,2022,xgb_blind,33.9671207502096,0.1902462079732743
ETH-fed(KEN+TZA+UGA),2021,1,broad_money,2022,xgb_lag,33.9671207502096,0.0
ETH-fed(KEN+TZA+UGA),2021,1,broad_money,2022,xgb_typed,33.9671207502096,0.0
ETH-fed(KEN+TZA+UGA),2021,1,broad_money,2022,lgbm_blind,33.9671207502096,0.931613004102239
ETH-fed(KEN+TZA+UGA),2021,1,broad_money,2022,lgbm_lag,33.9671207502096,0.0
ETH-fed(KEN+TZA+UGA),2021,1,broad_money,2022,lgbm_typed,33.9671207502096,0.0
ETH-fed(KEN+TZA+UGA),2021,1,broad_money,2022,tft,33.9671207502096,0.028778450229850705
ETH-fed(KEN+TZA+UGA),2021,1,broad_money,2022,tgcn,33.9671207502096,
ETH-fed(KEN+TZA+UGA),2021,1,broad_money,2022,persistence_scarcity,33.9671207502096,0.0
ETH-fed(KEN+TZA+UGA),2021,1,broad_money,2022,chronos_scarcity,33.9671207502096,0.0975803301126632
ETH-fed(KEN+TZA+UGA),2021,1,broad_money,2022,gnn_scarcity,33.9671207502096,0.7442783281595382
ETH-fed(KEN+TZA+UGA),2021,1,private_credit,2022,persistence,17.7101483486321,0.0
ETH-fed(KEN+TZA+UGA),2021,1,private_credit,2022,arima,17.7101483486321,0.0
ETH-fed(KEN+TZA+UGA),2021,1,private_credit,2022,chronos,17.7101483486321,0.009355054077861524
ETH-fed(KEN+TZA+UGA),2021,1,private_credit,2022,xgb_blind,17.7101483486321,0.3269410274651072
ETH-fed(KEN+TZA+UGA),2021,1,private_credit,2022,xgb_lag,17.7101483486321,0.0
ETH-fed(KEN+TZA+UGA),2021,1,private_credit,2022,xgb_typed,17.7101483486321,0.0
ETH-fed(KEN+TZA+UGA),2021,1,private_credit,2022,lgbm_blind,17.7101483486321,2.4550176308008265
ETH-fed(KEN+TZA+UGA),2021,1,private_credit,2022,lgbm_lag,17.7101483486321,0.0
ETH-fed(KEN+TZA+UGA),2021,1,private_credit,2022,lgbm_typed,17.7101483486321,0.0
ETH-fed(KEN+TZA+UGA),2021,1,private_credit,2022,tft,17.7101483486321,0.028779492554424024
ETH-fed(KEN+TZA+UGA),2021,1,private_credit,2022,tgcn,17.7101483486321,
ETH-fed(KEN+TZA+UGA),2021,1,private_credit,2022,persistence_scarcity,17.7101483486321,0.0
ETH-fed(KEN+TZA+UGA),2021,1,private_credit,2022,chronos_scarcity,17.7101483486321,0.009355054077861524
ETH-fed(KEN+TZA+UGA),2021,1,private_credit,2022,gnn_scarcity,17.7101483486321,2.8391719005730174
ETH-fed(KEN+TZA+UGA),2021,1,govt_consumption,2022,persistence,7.36173479559612,1.4740901229895007
ETH-fed(KEN+TZA+UGA),2021,1,govt_consumption,2022,arima,7.36173479559612,1.525512876779568
ETH-fed(KEN+TZA+UGA),2021,1,govt_consumption,2022,chronos,7.36173479559612,1.576889586422923
ETH-fed(KEN+TZA+UGA),2021,1,govt_consumption,2022,xgb_blind,7.36173479559612,7.2842622518281965
ETH-fed(KEN+TZA+UGA),2021,1,govt_consumption,2022,xgb_lag,7.36173479559612,1.525512876779568
ETH-fed(KEN+TZA+UGA),2021,1,govt_consumption,2022,xgb_typed,7.36173479559612,1.525512876779568
ETH-fed(KEN+TZA+UGA),2021,1,govt_consumption,2022,lgbm_blind,7.36173479559612,2.8372881127684524
ETH-fed(KEN+TZA+UGA),2021,1,govt_consumption,2022,lgbm_lag,7.36173479559612,1.525512876779568
ETH-fed(KEN+TZA+UGA),2021,1,govt_consumption,2022,lgbm_typed,7.36173479559612,1.525512876779568
ETH-fed(KEN+TZA+UGA),2021,1,govt_consumption,2022,tft,7.36173479559612,1.5156350850801497
ETH-fed(KEN+TZA+UGA),2021,1,govt_consumption,2022,tgcn,7.36173479559612,
ETH-fed(KEN+TZA+UGA),2021,1,govt_consumption,2022,persistence_scarcity,7.36173479559612,1.4740901229895007
ETH-fed(KEN+TZA+UGA),2021,1,govt_consumption,2022,chronos_scarcity,7.36173479559612,1.576889586422923
ETH-fed(KEN+TZA+UGA),2021,1,govt_consumption,2022,gnn_scarcity,7.36173479559612,2.84952123162556
ETH-fed(KEN+TZA+UGA),2022,1,gdp_growth,2023,persistence,6.59424599357075,1.2724861095369704
ETH-fed(KEN+TZA+UGA),2022,1,gdp_growth,2023,arima,6.59424599357075,1.1724936966405908
ETH-fed(KEN+TZA+UGA),2022,1,gdp_growth,2023,chronos,6.59424599357075,1.230502211527293
ETH-fed(KEN+TZA+UGA),2022,1,gdp_growth,2023,xgb_blind,6.59424599357075,4.872739159540599
ETH-fed(KEN+TZA+UGA),2022,1,gdp_growth,2023,xgb_lag,6.59424599357075,1.1724936966405908
ETH-fed(KEN+TZA+UGA),2022,1,gdp_growth,2023,xgb_typed,6.59424599357075,1.1724936966405908
ETH-fed(KEN+TZA+UGA),2022,1,gdp_growth,2023,lgbm_blind,6.59424599357075,0.2721685235934803
ETH-fed(KEN+TZA+UGA),2022,1,gdp_growth,2023,lgbm_lag,6.59424599357075,1.1724936966405908
ETH-fed(KEN+TZA+UGA),2022,1,gdp_growth,2023,lgbm_typed,6.59424599357075,1.1724936966405908
ETH-fed(KEN+TZA+UGA),2022,1,gdp_growth,2023,tft,6.59424599357075,1.4261985654396465
ETH-fed(KEN+TZA+UGA),2022,1,gdp_growth,2023,tgcn,6.59424599357075,
ETH-fed(KEN+TZA+UGA),2022,1,gdp_growth,2023,persistence_scarcity,6.59424599357075,1.2724861095369704
ETH-fed(KEN+TZA+UGA),2022,1,gdp_growth,2023,chronos_scarcity,6.59424599357075,1.230502211527293
ETH-fed(KEN+TZA+UGA),2022,1,gdp_growth,2023,gnn_scarcity,6.59424599357075,0.18234959892802927
ETH-fed(KEN+TZA+UGA),2022,1,inflation_cpi,2023,persistence,30.2188278135278,3.671051896562002
ETH-fed(KEN+TZA+UGA),2022,1,inflation_cpi,2023,arima,30.2188278135278,1.1146966563323844
ETH-fed(KEN+TZA+UGA),2022,1,inflation_cpi,2023,chronos,30.2188278135278,7.103778451345182
ETH-fed(KEN+TZA+UGA),2022,1,inflation_cpi,2023,xgb_blind,30.2188278135278,0.03792229328372443
ETH-fed(KEN+TZA+UGA),2022,1,inflation_cpi,2023,xgb_lag,30.2188278135278,1.1146966563323844
ETH-fed(KEN+TZA+UGA),2022,1,inflation_cpi,2023,xgb_typed,30.2188278135278,1.1146966563323844
ETH-fed(KEN+TZA+UGA),2022,1,inflation_cpi,2023,lgbm_blind,30.2188278135278,18.044643073938108
ETH-fed(KEN+TZA+UGA),2022,1,inflation_cpi,2023,lgbm_lag,30.2188278135278,1.1146966563323844
ETH-fed(KEN+TZA+UGA),2022,1,inflation_cpi,2023,lgbm_typed,30.2188278135278,1.1146966563323844
ETH-fed(KEN+TZA+UGA),2022,1,inflation_cpi,2023,tft,30.2188278135278,10.003080755808138
ETH-fed(KEN+TZA+UGA),2022,1,inflation_cpi,2023,tgcn,30.2188278135278,
ETH-fed(KEN+TZA+UGA),2022,1,inflation_cpi,2023,persistence_scarcity,30.2188278135278,3.671051896562002
ETH-fed(KEN+TZA+UGA),2022,1,inflation_cpi,2023,chronos_scarcity,30.2188278135278,7.103778451345182
ETH-fed(KEN+TZA+UGA),2022,1,inflation_cpi,2023,gnn_scarcity,30.2188278135278,18.180941193959928
ETH-fed(KEN+TZA+UGA),2022,1,unemployment,2023,persistence,3.375,0.01100000000000012
ETH-fed(KEN+TZA+UGA),2022,1,unemployment,2023,arima,3.375,0.12154654824461542
ETH-fed(KEN+TZA+UGA),2022,1,unemployment,2023,chronos,3.375,0.14264869689941406
ETH-fed(KEN+TZA+UGA),2022,1,unemployment,2023,xgb_blind,3.375,0.5046863555908203
ETH-fed(KEN+TZA+UGA),2022,1,unemployment,2023,xgb_lag,3.375,0.12154654824461542
ETH-fed(KEN+TZA+UGA),2022,1,unemployment,2023,xgb_typed,3.375,0.12154654824461542
ETH-fed(KEN+TZA+UGA),2022,1,unemployment,2023,lgbm_blind,3.375,0.46656251698732376
ETH-fed(KEN+TZA+UGA),2022,1,unemployment,2023,lgbm_lag,3.375,0.12154654824461542
ETH-fed(KEN+TZA+UGA),2022,1,unemployment,2023,lgbm_typed,3.375,0.12154654824461542
ETH-fed(KEN+TZA+UGA),2022,1,unemployment,2023,tft,3.375,0.020674943923950195
ETH-fed(KEN+TZA+UGA),2022,1,unemployment,2023,tgcn,3.375,
ETH-fed(KEN+TZA+UGA),2022,1,unemployment,2023,persistence_scarcity,3.375,0.01100000000000012
ETH-fed(KEN+TZA+UGA),2022,1,unemployment,2023,chronos_scarcity,3.375,0.14264869689941406
ETH-fed(KEN+TZA+UGA),2022,1,unemployment,2023,gnn_scarcity,3.375,0.45189595222473145
ETH-fed(KEN+TZA+UGA),2022,1,exports_gdp,2023,persistence,6.59591829014293,1.6480420878460889
ETH-fed(KEN+TZA+UGA),2022,1,exports_gdp,2023,arima,6.59591829014293,1.9529520441625552
ETH-fed(KEN+TZA+UGA),2022,1,exports_gdp,2023,chronos,6.59591829014293,2.4192861394835345
ETH-fed(KEN+TZA+UGA),2022,1,exports_gdp,2023,xgb_blind,6.59591829014293,3.6113637762022845
ETH-fed(KEN+TZA+UGA),2022,1,exports_gdp,2023,xgb_lag,6.59591829014293,1.9529520441625552
ETH-fed(KEN+TZA+UGA),2022,1,exports_gdp,2023,xgb_typed,6.59591829014293,1.9529520441625552
ETH-fed(KEN+TZA+UGA),2022,1,exports_gdp,2023,lgbm_blind,6.59591829014293,7.542743466968619
ETH-fed(KEN+TZA+UGA),2022,1,exports_gdp,2023,lgbm_lag,6.59591829014293,1.9529520441625552
ETH-fed(KEN+TZA+UGA),2022,1,exports_gdp,2023,lgbm_typed,6.59591829014293,1.9529520441625552
ETH-fed(KEN+TZA+UGA),2022,1,exports_gdp,2023,tft,6.59591829014293,1.930416472430312
ETH-fed(KEN+TZA+UGA),2022,1,exports_gdp,2023,tgcn,6.59591829014293,
ETH-fed(KEN+TZA+UGA),2022,1,exports_gdp,2023,persistence_scarcity,6.59591829014293,1.6480420878460889
ETH-fed(KEN+TZA+UGA),2022,1,exports_gdp,2023,chronos_scarcity,6.59591829014293,2.4192861394835345
ETH-fed(KEN+TZA+UGA),2022,1,exports_gdp,2023,gnn_scarcity,6.59591829014293,7.643846877093398
ETH-fed(KEN+TZA+UGA),2022,1,imports_gdp,2023,persistence,14.0022832171223,4.34925610162
ETH-fed(KEN+TZA+UGA),2022,1,imports_gdp,2023,arima,14.0022832171223,4.933973544375959
ETH-fed(KEN+TZA+UGA),2022,1,imports_gdp,2023,chronos,14.0022832171223,6.05054652530934
ETH-fed(KEN+TZA+UGA),2022,1,imports_gdp,2023,xgb_blind,14.0022832171223,3.4583357556560195
ETH-fed(KEN+TZA+UGA),2022,1,imports_gdp,2023,xgb_lag,14.0022832171223,4.933973544375959
ETH-fed(KEN+TZA+UGA),2022,1,imports_gdp,2023,xgb_typed,14.0022832171223,4.933973544375959
ETH-fed(KEN+TZA+UGA),2022,1,imports_gdp,2023,lgbm_blind,14.0022832171223,15.019134281466261
ETH-fed(KEN+TZA+UGA),2022,1,imports_gdp,2023,lgbm_lag,14.0022832171223,4.933973544375959
ETH-fed(KEN+TZA+UGA),2022,1,imports_gdp,2023,lgbm_typed,14.0022832171223,4.933973544375959
ETH-fed(KEN+TZA+UGA),2022,1,imports_gdp,2023,tft,14.0022832171223,4.34953105289723
ETH-fed(KEN+TZA+UGA),2022,1,imports_gdp,2023,tgcn,14.0022832171223,
ETH-fed(KEN+TZA+UGA),2022,1,imports_gdp,2023,persistence_scarcity,14.0022832171223,4.34925610162
ETH-fed(KEN+TZA+UGA),2022,1,imports_gdp,2023,chronos_scarcity,14.0022832171223,6.05054652530934
ETH-fed(KEN+TZA+UGA),2022,1,imports_gdp,2023,gnn_scarcity,14.0022832171223,15.125276444742934
ETH-fed(KEN+TZA+UGA),2022,1,current_account,2023,persistence,-3.52359702028074,0.6670693053100503
ETH-fed(KEN+TZA+UGA),2022,1,current_account,2023,arima,-3.52359702028074,0.6614227748978734
ETH-fed(KEN+TZA+UGA),2022,1,current_account,2023,chronos,-3.52359702028074,0.52728245817385
ETH-fed(KEN+TZA+UGA),2022,1,current_account,2023,xgb_blind,-3.52359702028074,0.25675461851320547
ETH-fed(KEN+TZA+UGA),2022,1,current_account,2023,xgb_lag,-3.52359702028074,0.6614227748978734
ETH-fed(KEN+TZA+UGA),2022,1,current_account,2023,xgb_typed,-3.52359702028074,0.6614227748978734
ETH-fed(KEN+TZA+UGA),2022,1,current_account,2023,lgbm_blind,-3.52359702028074,1.0808456040944843
ETH-fed(KEN+TZA+UGA),2022,1,current_account,2023,lgbm_lag,-3.52359702028074,0.6614227748978734
ETH-fed(KEN+TZA+UGA),2022,1,current_account,2023,lgbm_typed,-3.52359702028074,0.6614227748978734
ETH-fed(KEN+TZA+UGA),2022,1,current_account,2023,tft,-3.52359702028074,0.6646716412182836
ETH-fed(KEN+TZA+UGA),2022,1,current_account,2023,tgcn,-3.52359702028074,
ETH-fed(KEN+TZA+UGA),2022,1,current_account,2023,persistence_scarcity,-3.52359702028074,0.6670693053100503
ETH-fed(KEN+TZA+UGA),2022,1,current_account,2023,chronos_scarcity,-3.52359702028074,0.52728245817385
ETH-fed(KEN+TZA+UGA),2022,1,current_account,2023,gnn_scarcity,-3.52359702028074,0.987175207960227
ETH-fed(KEN+TZA+UGA),2022,1,real_interest_rate,2023,persistence,-17.1217762401546,0.0
ETH-fed(KEN+TZA+UGA),2022,1,real_interest_rate,2023,arima,-17.1217762401546,0.0
ETH-fed(KEN+TZA+UGA),2022,1,real_interest_rate,2023,chronos,-17.1217762401546,0.019700663372372418
ETH-fed(KEN+TZA+UGA),2022,1,real_interest_rate,2023,xgb_blind,-17.1217762401546,0.07107319144854429
ETH-fed(KEN+TZA+UGA),2022,1,real_interest_rate,2023,xgb_lag,-17.1217762401546,0.0
ETH-fed(KEN+TZA+UGA),2022,1,real_interest_rate,2023,xgb_typed,-17.1217762401546,0.0
ETH-fed(KEN+TZA+UGA),2022,1,real_interest_rate,2023,lgbm_blind,-17.1217762401546,10.848038485481833
ETH-fed(KEN+TZA+UGA),2022,1,real_interest_rate,2023,lgbm_lag,-17.1217762401546,0.0
ETH-fed(KEN+TZA+UGA),2022,1,real_interest_rate,2023,lgbm_typed,-17.1217762401546,0.0
ETH-fed(KEN+TZA+UGA),2022,1,real_interest_rate,2023,tft,-17.1217762401546,0.023862498089169293
ETH-fed(KEN+TZA+UGA),2022,1,real_interest_rate,2023,tgcn,-17.1217762401546,
ETH-fed(KEN+TZA+UGA),2022,1,real_interest_rate,2023,persistence_scarcity,-17.1217762401546,0.0
ETH-fed(KEN+TZA+UGA),2022,1,real_interest_rate,2023,chronos_scarcity,-17.1217762401546,0.019700663372372418
ETH-fed(KEN+TZA+UGA),2022,1,real_interest_rate,2023,gnn_scarcity,-17.1217762401546,11.19410814551959
ETH-fed(KEN+TZA+UGA),2022,1,broad_money,2023,persistence,33.9671207502096,0.0
ETH-fed(KEN+TZA+UGA),2022,1,broad_money,2023,arima,33.9671207502096,0.0
ETH-fed(KEN+TZA+UGA),2022,1,broad_money,2023,chronos,33.9671207502096,0.07651557181188195
ETH-fed(KEN+TZA+UGA),2022,1,broad_money,2023,xgb_blind,33.9671207502096,0.1373592450826493
ETH-fed(KEN+TZA+UGA),2022,1,broad_money,2023,xgb_lag,33.9671207502096,0.0
ETH-fed(KEN+TZA+UGA),2022,1,broad_money,2023,xgb_typed,33.9671207502096,0.0
ETH-fed(KEN+TZA+UGA),2022,1,broad_money,2023,lgbm_blind,33.9671207502096,0.9025001094133529
ETH-fed(KEN+TZA+UGA),2022,1,broad_money,2023,lgbm_lag,33.9671207502096,0.0
ETH-fed(KEN+TZA+UGA),2022,1,broad_money,2023,lgbm_typed,33.9671207502096,0.0
ETH-fed(KEN+TZA+UGA),2022,1,broad_money,2023,tft,33.9671207502096,0.023865120151725705
ETH-fed(KEN+TZA+UGA),2022,1,broad_money,2023,tgcn,33.9671207502096,
ETH-fed(KEN+TZA+UGA),2022,1,broad_money,2023,persistence_scarcity,33.9671207502096,0.0
ETH-fed(KEN+TZA+UGA),2022,1,broad_money,2023,chronos_scarcity,33.9671207502096,0.07651557181188195
ETH-fed(KEN+TZA+UGA),2022,1,broad_money,2023,gnn_scarcity,33.9671207502096,0.7169155046732101
ETH-fed(KEN+TZA+UGA),2022,1,private_credit,2023,persistence,17.7101483486321,0.0
ETH-fed(KEN+TZA+UGA),2022,1,private_credit,2023,arima,17.7101483486321,0.0
ETH-fed(KEN+TZA+UGA),2022,1,private_credit,2023,chronos,17.7101483486321,0.004373059448955274
ETH-fed(KEN+TZA+UGA),2022,1,private_credit,2023,xgb_blind,17.7101483486321,0.1566624782707713
ETH-fed(KEN+TZA+UGA),2022,1,private_credit,2023,xgb_lag,17.7101483486321,0.0
ETH-fed(KEN+TZA+UGA),2022,1,private_credit,2023,xgb_typed,17.7101483486321,0.0
ETH-fed(KEN+TZA+UGA),2022,1,private_credit,2023,lgbm_blind,17.7101483486321,2.3782983451809905
ETH-fed(KEN+TZA+UGA),2022,1,private_credit,2023,lgbm_lag,17.7101483486321,0.0
ETH-fed(KEN+TZA+UGA),2022,1,private_credit,2023,lgbm_typed,17.7101483486321,0.0
ETH-fed(KEN+TZA+UGA),2022,1,private_credit,2023,tft,17.7101483486321,0.0238623477790334
ETH-fed(KEN+TZA+UGA),2022,1,private_credit,2023,tgcn,17.7101483486321,
ETH-fed(KEN+TZA+UGA),2022,1,private_credit,2023,persistence_scarcity,17.7101483486321,0.0
ETH-fed(KEN+TZA+UGA),2022,1,private_credit,2023,chronos_scarcity,17.7101483486321,0.004373059448955274
ETH-fed(KEN+TZA+UGA),2022,1,private_credit,2023,gnn_scarcity,17.7101483486321,2.758679880919697
ETH-fed(KEN+TZA+UGA),2022,1,govt_consumption,2023,persistence,6.31777188442684,1.04396291116928
ETH-fed(KEN+TZA+UGA),2022,1,govt_consumption,2023,arima,6.31777188442684,1.2908626357082351
ETH-fed(KEN+TZA+UGA),2022,1,govt_consumption,2023,chronos,6.31777188442684,0.7282848630096836
ETH-fed(KEN+TZA+UGA),2022,1,govt_consumption,2023,xgb_blind,6.31777188442684,3.80948641635441
ETH-fed(KEN+TZA+UGA),2022,1,govt_consumption,2023,xgb_lag,6.31777188442684,1.2908626357082351
ETH-fed(KEN+TZA+UGA),2022,1,govt_consumption,2023,xgb_typed,6.31777188442684,1.2908626357082351
ETH-fed(KEN+TZA+UGA),2022,1,govt_consumption,2023,lgbm_blind,6.31777188442684,3.7925857726480885
ETH-fed(KEN+TZA+UGA),2022,1,govt_consumption,2023,lgbm_lag,6.31777188442684,1.2908626357082351
ETH-fed(KEN+TZA+UGA),2022,1,govt_consumption,2023,lgbm_typed,6.31777188442684,1.2908626357082351
ETH-fed(KEN+TZA+UGA),2022,1,govt_consumption,2023,tft,6.31777188442684,0.8513117108490391
ETH-fed(KEN+TZA+UGA),2022,1,govt_consumption,2023,tgcn,6.31777188442684,
ETH-fed(KEN+TZA+UGA),2022,1,govt_consumption,2023,persistence_scarcity,6.31777188442684,1.04396291116928
ETH-fed(KEN+TZA+UGA),2022,1,govt_consumption,2023,chronos_scarcity,6.31777188442684,0.7282848630096836
ETH-fed(KEN+TZA+UGA),2022,1,govt_consumption,2023,gnn_scarcity,6.31777188442684,3.8066721234466954
