label,cutoff,h,target,pred_yr,method,actual,ae
RWA-fed(KEN+TZA+UGA),1999,1,gdp_growth,2000,persistence,8.37089593548548,4.01900761612211
RWA-fed(KEN+TZA+UGA),1999,1,gdp_growth,2000,arima,8.37089593548548,1.9296997717392141
RWA-fed(KEN+TZA+UGA),1999,1,gdp_growth,2000,chronos,8.37089593548548,4.6185868515468815
RWA-fed(KEN+TZA+UGA),1999,1,gdp_growth,2000,xgb_blind,8.37089593548548,26.08432443279993
RWA-fed(KEN+TZA+UGA),1999,1,gdp_growth,2000,xgb_lag,8.37089593548548,1.9296997717392141
RWA-fed(KEN+TZA+UGA),1999,1,gdp_growth,2000,xgb_typed,8.37089593548548,1.9296997717392141
RWA-fed(KEN+TZA+UGA),1999,1,gdp_growth,2000,lgbm_blind,8.37089593548548,6.145154575562859
RWA-fed(KEN+TZA+UGA),1999,1,gdp_growth,2000,lgbm_lag,8.37089593548548,1.9296997717392141
RWA-fed(KEN+TZA+UGA),1999,1,gdp_growth,2000,lgbm_typed,8.37089593548548,1.9296997717392141
RWA-fed(KEN+TZA+UGA),1999,1,gdp_growth,2000,tft,8.37089593548548,1.9296997717392141
RWA-fed(KEN+TZA+UGA),1999,1,gdp_growth,2000,tgcn,8.37089593548548,
RWA-fed(KEN+TZA+UGA),1999,1,gdp_growth,2000,persistence_scarcity,8.37089593548548,4.01900761612211
RWA-fed(KEN+TZA+UGA),1999,1,gdp_growth,2000,chronos_scarcity,8.37089593548548,4.6185868515468815
RWA-fed(KEN+TZA+UGA),1999,1,gdp_growth,2000,gnn_scarcity,8.37089593548548,12.273312164733527
RWA-fed(KEN+TZA+UGA),1999,3,gdp_growth,2002,persistence,13.1920736254262,8.84018530606283
RWA-fed(KEN+TZA+UGA),1999,3,gdp_growth,2002,arima,13.1920736254262,7.2704349614396
RWA-fed(KEN+TZA+UGA),1999,3,gdp_growth,2002,chronos,13.1920736254262,10.866701167921928
RWA-fed(KEN+TZA+UGA),1999,3,gdp_growth,2002,xgb_blind,13.1920736254262,6.716914457182792
RWA-fed(KEN+TZA+UGA),1999,3,gdp_growth,2002,xgb_lag,13.1920736254262,7.2704349614396
RWA-fed(KEN+TZA+UGA),1999,3,gdp_growth,2002,xgb_typed,13.1920736254262,7.2704349614396
RWA-fed(KEN+TZA+UGA),1999,3,gdp_growth,2002,lgbm_blind,13.1920736254262,10.810169772690953
RWA-fed(KEN+TZA+UGA),1999,3,gdp_growth,2002,lgbm_lag,13.1920736254262,7.2704349614396
RWA-fed(KEN+TZA+UGA),1999,3,gdp_growth,2002,lgbm_typed,13.1920736254262,7.2704349614396
RWA-fed(KEN+TZA+UGA),1999,3,gdp_growth,2002,tft,13.1920736254262,7.2704349614396
RWA-fed(KEN+TZA+UGA),1999,3,gdp_growth,2002,tgcn,13.1920736254262,
RWA-fed(KEN+TZA+UGA),1999,3,gdp_growth,2002,persistence_scarcity,13.1920736254262,8.84018530606283
RWA-fed(KEN+TZA+UGA),1999,3,gdp_growth,2002,chronos_scarcity,13.1920736254262,10.866701167921928
RWA-fed(KEN+TZA+UGA),1999,3,gdp_growth,2002,gnn_scarcity,13.1920736254262,19.07812146554461
RWA-fed(KEN+TZA+UGA),1999,5,gdp_growth,2004,persistence,7.44766737034072,3.0957790509773497
RWA-fed(KEN+TZA+UGA),1999,5,gdp_growth,2004,arima,7.44766737034072,1.6376907429881875
RWA-fed(KEN+TZA+UGA),1999,5,gdp_growth,2004,chronos,7.44766737034072,4.6994998555396945
RWA-fed(KEN+TZA+UGA),1999,5,gdp_growth,2004,xgb_blind,7.44766737034072,26.220732440450295
RWA-fed(KEN+TZA+UGA),1999,5,gdp_growth,2004,xgb_lag,7.44766737034072,1.6376907429881875
RWA-fed(KEN+TZA+UGA),1999,5,gdp_growth,2004,xgb_typed,7.44766737034072,1.6376907429881875
RWA-fed(KEN+TZA+UGA),1999,5,gdp_growth,2004,lgbm_blind,7.44766737034072,7.558349647023783
RWA-fed(KEN+TZA+UGA),1999,5,gdp_growth,2004,lgbm_lag,7.44766737034072,1.6376907429881875
RWA-fed(KEN+TZA+UGA),1999,5,gdp_growth,2004,lgbm_typed,7.44766737034072,1.6376907429881875
RWA-fed(KEN+TZA+UGA),1999,5,gdp_growth,2004,tft,7.44766737034072,1.6376907429881875
RWA-fed(KEN+TZA+UGA),1999,5,gdp_growth,2004,tgcn,7.44766737034072,
RWA-fed(KEN+TZA+UGA),1999,5,gdp_growth,2004,persistence_scarcity,7.44766737034072,3.0957790509773497
RWA-fed(KEN+TZA+UGA),1999,5,gdp_growth,2004,chronos_scarcity,7.44766737034072,4.6994998555396945
RWA-fed(KEN+TZA+UGA),1999,5,gdp_growth,2004,gnn_scarcity,7.44766737034072,15.301826725504295
RWA-fed(KEN+TZA+UGA),1999,1,inflation_cpi,2000,persistence,3.89952980284712,6.3054619002697105
RWA-fed(KEN+TZA+UGA),1999,1,inflation_cpi,2000,arima,3.89952980284712,0.279404325913275
RWA-fed(KEN+TZA+UGA),1999,1,inflation_cpi,2000,chronos,3.89952980284712,4.9104158759596075
RWA-fed(KEN+TZA+UGA),1999,1,inflation_cpi,2000,xgb_blind,3.89952980284712,8.36648811097124
RWA-fed(KEN+TZA+UGA),1999,1,inflation_cpi,2000,xgb_lag,3.89952980284712,0.279404325913275
RWA-fed(KEN+TZA+UGA),1999,1,inflation_cpi,2000,xgb_typed,3.89952980284712,0.279404325913275
RWA-fed(KEN+TZA+UGA),1999,1,inflation_cpi,2000,lgbm_blind,3.89952980284712,6.043989498037551
RWA-fed(KEN+TZA+UGA),1999,1,inflation_cpi,2000,lgbm_lag,3.89952980284712,0.279404325913275
RWA-fed(KEN+TZA+UGA),1999,1,inflation_cpi,2000,lgbm_typed,3.89952980284712,0.279404325913275
RWA-fed(KEN+TZA+UGA),1999,1,inflation_cpi,2000,tft,3.89952980284712,0.279404325913275
RWA-fed(KEN+TZA+UGA),1999,1,inflation_cpi,2000,tgcn,3.89952980284712,
RWA-fed(KEN+TZA+UGA),1999,1,inflation_cpi,2000,persistence_scarcity,3.89952980284712,6.3054619002697105
RWA-fed(KEN+TZA+UGA),1999,1,inflation_cpi,2000,chronos_scarcity,3.89952980284712,4.9104158759596075
RWA-fed(KEN+TZA+UGA),1999,1,inflation_cpi,2000,gnn_scarcity,3.89952980284712,3.925901067209032
RWA-fed(KEN+TZA+UGA),1999,3,inflation_cpi,2002,persistence,1.99258542453993,4.398517521962519
RWA-fed(KEN+TZA+UGA),1999,3,inflation_cpi,2002,arima,1.99258542453993,0.3606316145571915
RWA-fed(KEN+TZA+UGA),1999,3,inflation_cpi,2002,chronos,1.99258542453993,0.9094884434913459
RWA-fed(KEN+TZA+UGA),1999,3,inflation_cpi,2002,xgb_blind,1.99258542453993,0.10620224869001538
RWA-fed(KEN+TZA+UGA),1999,3,inflation_cpi,2002,xgb_lag,1.99258542453993,0.3606316145571915
RWA-fed(KEN+TZA+UGA),1999,3,inflation_cpi,2002,xgb_typed,1.99258542453993,0.3606316145571915
RWA-fed(KEN+TZA+UGA),1999,3,inflation_cpi,2002,lgbm_blind,1.99258542453993,6.620857030479339
RWA-fed(KEN+TZA+UGA),1999,3,inflation_cpi,2002,lgbm_lag,1.99258542453993,0.3606316145571915
RWA-fed(KEN+TZA+UGA),1999,3,inflation_cpi,2002,lgbm_typed,1.99258542453993,0.3606316145571915
RWA-fed(KEN+TZA+UGA),1999,3,inflation_cpi,2002,tft,1.99258542453993,0.3606316145571915
RWA-fed(KEN+TZA+UGA),1999,3,inflation_cpi,2002,tgcn,1.99258542453993,
RWA-fed(KEN+TZA+UGA),1999,3,inflation_cpi,2002,persistence_scarcity,1.99258542453993,4.398517521962519
RWA-fed(KEN+TZA+UGA),1999,3,inflation_cpi,2002,chronos_scarcity,1.99258542453993,0.9094884434913459
RWA-fed(KEN+TZA+UGA),1999,3,inflation_cpi,2002,gnn_scarcity,1.99258542453993,5.292858358266466
RWA-fed(KEN+TZA+UGA),1999,5,inflation_cpi,2004,persistence,12.2507102894391,14.65664238686169
RWA-fed(KEN+TZA+UGA),1999,5,inflation_cpi,2004,arima,12.2507102894391,10.517220343392903
RWA-fed(KEN+TZA+UGA),1999,5,inflation_cpi,2004,chronos,12.2507102894391,10.048420231303114
RWA-fed(KEN+TZA+UGA),1999,5,inflation_cpi,2004,xgb_blind,12.2507102894391,0.21638755079163907
RWA-fed(KEN+TZA+UGA),1999,5,inflation_cpi,2004,xgb_lag,12.2507102894391,10.517220343392903
RWA-fed(KEN+TZA+UGA),1999,5,inflation_cpi,2004,xgb_typed,12.2507102894391,10.517220343392903
RWA-fed(KEN+TZA+UGA),1999,5,inflation_cpi,2004,lgbm_blind,12.2507102894391,5.133646528681654
RWA-fed(KEN+TZA+UGA),1999,5,inflation_cpi,2004,lgbm_lag,12.2507102894391,10.517220343392903
RWA-fed(KEN+TZA+UGA),1999,5,inflation_cpi,2004,lgbm_typed,12.2507102894391,10.517220343392903
RWA-fed(KEN+TZA+UGA),1999,5,inflation_cpi,2004,tft,12.2507102894391,10.517220343392903
RWA-fed(KEN+TZA+UGA),1999,5,inflation_cpi,2004,tgcn,12.2507102894391,
RWA-fed(KEN+TZA+UGA),1999,5,inflation_cpi,2004,persistence_scarcity,12.2507102894391,14.65664238686169
RWA-fed(KEN+TZA+UGA),1999,5,inflation_cpi,2004,chronos_scarcity,12.2507102894391,10.048420231303114
RWA-fed(KEN+TZA+UGA),1999,5,inflation_cpi,2004,gnn_scarcity,12.2507102894391,5.50102881666078
RWA-fed(KEN+TZA+UGA),1999,1,unemployment,2000,persistence,11.699,0.129999999999999
RWA-fed(KEN+TZA+UGA),1999,1,unemployment,2000,arima,11.699,0.005689114012097818
RWA-fed(KEN+TZA+UGA),1999,1,unemployment,2000,chronos,11.699,0.03244626617431656
RWA-fed(KEN+TZA+UGA),1999,1,unemployment,2000,xgb_blind,11.699,0.442425132751465
RWA-fed(KEN+TZA+UGA),1999,1,unemployment,2000,xgb_lag,11.699,0.005689114012097818
RWA-fed(KEN+TZA+UGA),1999,1,unemployment,2000,xgb_typed,11.699,0.005689114012097818
RWA-fed(KEN+TZA+UGA),1999,1,unemployment,2000,lgbm_blind,11.699,0.10055556657579245
RWA-fed(KEN+TZA+UGA),1999,1,unemployment,2000,lgbm_lag,11.699,0.005689114012097818
RWA-fed(KEN+TZA+UGA),1999,1,unemployment,2000,lgbm_typed,11.699,0.005689114012097818
RWA-fed(KEN+TZA+UGA),1999,1,unemployment,2000,tft,11.699,0.005689114012097818
RWA-fed(KEN+TZA+UGA),1999,1,unemployment,2000,tgcn,11.699,
RWA-fed(KEN+TZA+UGA),1999,1,unemployment,2000,persistence_scarcity,11.699,0.129999999999999
RWA-fed(KEN+TZA+UGA),1999,1,unemployment,2000,chronos_scarcity,11.699,0.03244626617431656
RWA-fed(KEN+TZA+UGA),1999,1,unemployment,2000,gnn_scarcity,11.699,0.034276367187500156
RWA-fed(KEN+TZA+UGA),1999,3,unemployment,2002,persistence,11.432,0.13700000000000045
RWA-fed(KEN+TZA+UGA),1999,3,unemployment,2002,arima,11.432,0.3566627758155363
RWA-fed(KEN+TZA+UGA),1999,3,unemployment,2002,chronos,11.432,0.34289280700683555
RWA-fed(KEN+TZA+UGA),1999,3,unemployment,2002,xgb_blind,11.432,0.021640937805175398
RWA-fed(KEN+TZA+UGA),1999,3,unemployment,2002,xgb_lag,11.432,0.3566627758155363
RWA-fed(KEN+TZA+UGA),1999,3,unemployment,2002,xgb_typed,11.432,0.3566627758155363
RWA-fed(KEN+TZA+UGA),1999,3,unemployment,2002,lgbm_blind,11.432,0.24614282008579735
RWA-fed(KEN+TZA+UGA),1999,3,unemployment,2002,lgbm_lag,11.432,0.3566627758155363
RWA-fed(KEN+TZA+UGA),1999,3,unemployment,2002,lgbm_typed,11.432,0.3566627758155363
RWA-fed(KEN+TZA+UGA),1999,3,unemployment,2002,tft,11.432,0.3566627758155363
RWA-fed(KEN+TZA+UGA),1999,3,unemployment,2002,tgcn,11.432,
RWA-fed(KEN+TZA+UGA),1999,3,unemployment,2002,persistence_scarcity,11.432,0.13700000000000045
RWA-fed(KEN+TZA+UGA),1999,3,unemployment,2002,chronos_scarcity,11.432,0.34289280700683555
RWA-fed(KEN+TZA+UGA),1999,3,unemployment,2002,gnn_scarcity,11.432,0.2593251876831051
RWA-fed(KEN+TZA+UGA),1999,5,unemployment,2004,persistence,11.699,0.129999999999999
RWA-fed(KEN+TZA+UGA),1999,5,unemployment,2004,arima,11.699,0.10534377777212
RWA-fed(KEN+TZA+UGA),1999,5,unemployment,2004,chronos,11.699,0.3800443420410158
RWA-fed(KEN+TZA+UGA),1999,5,unemployment,2004,xgb_blind,11.699,0.3307977905273436
RWA-fed(KEN+TZA+UGA),1999,5,unemployment,2004,xgb_lag,11.699,0.10534377777212
RWA-fed(KEN+TZA+UGA),1999,5,unemployment,2004,xgb_typed,11.699,0.10534377777212
RWA-fed(KEN+TZA+UGA),1999,5,unemployment,2004,lgbm_blind,11.699,0.2278000106811522
RWA-fed(KEN+TZA+UGA),1999,5,unemployment,2004,lgbm_lag,11.699,0.10534377777212
RWA-fed(KEN+TZA+UGA),1999,5,unemployment,2004,lgbm_typed,11.699,0.10534377777212
RWA-fed(KEN+TZA+UGA),1999,5,unemployment,2004,tft,11.699,0.10534377777212
RWA-fed(KEN+TZA+UGA),1999,5,unemployment,2004,tgcn,11.699,
RWA-fed(KEN+TZA+UGA),1999,5,unemployment,2004,persistence_scarcity,11.699,0.129999999999999
RWA-fed(KEN+TZA+UGA),1999,5,unemployment,2004,chronos_scarcity,11.699,0.3800443420410158
RWA-fed(KEN+TZA+UGA),1999,5,unemployment,2004,gnn_scarcity,11.699,0.049297927856445156
RWA-fed(KEN+TZA+UGA),1999,1,exports_gdp,2000,persistence,5.37717849178342,0.03567673594960041
RWA-fed(KEN+TZA+UGA),1999,1,exports_gdp,2000,arima,5.37717849178342,0.10879543759288524
RWA-fed(KEN+TZA+UGA),1999,1,exports_gdp,2000,chronos,5.37717849178342,0.24908560352297648
RWA-fed(KEN+TZA+UGA),1999,1,exports_gdp,2000,xgb_blind,5.37717849178342,0.5744082315442167
RWA-fed(KEN+TZA+UGA),1999,1,exports_gdp,2000,xgb_lag,5.37717849178342,0.10879543759288524
RWA-fed(KEN+TZA+UGA),1999,1,exports_gdp,2000,xgb_typed,5.37717849178342,0.10879543759288524
RWA-fed(KEN+TZA+UGA),1999,1,exports_gdp,2000,lgbm_blind,5.37717849178342,0.6606287079066568
RWA-fed(KEN+TZA+UGA),1999,1,exports_gdp,2000,lgbm_lag,5.37717849178342,0.10879543759288524
RWA-fed(KEN+TZA+UGA),1999,1,exports_gdp,2000,lgbm_typed,5.37717849178342,0.10879543759288524
RWA-fed(KEN+TZA+UGA),1999,1,exports_gdp,2000,tft,5.37717849178342,0.10879543759288524
RWA-fed(KEN+TZA+UGA),1999,1,exports_gdp,2000,tgcn,5.37717849178342,
RWA-fed(KEN+TZA+UGA),1999,1,exports_gdp,2000,persistence_scarcity,5.37717849178342,0.03567673594960041
RWA-fed(KEN+TZA+UGA),1999,1,exports_gdp,2000,chronos_scarcity,5.37717849178342,0.24908560352297648
RWA-fed(KEN+TZA+UGA),1999,1,exports_gdp,2000,gnn_scarcity,5.37717849178342,0.3846785409924589
RWA-fed(KEN+TZA+UGA),1999,3,exports_gdp,2002,persistence,6.18067969706938,0.7678244693363592
RWA-fed(KEN+TZA+UGA),1999,3,exports_gdp,2002,arima,6.18067969706938,0.7125696899176859
RWA-fed(KEN+TZA+UGA),1999,3,exports_gdp,2002,chronos,6.18067969706938,0.5104602756826608
RWA-fed(KEN+TZA+UGA),1999,3,exports_gdp,2002,xgb_blind,6.18067969706938,0.9722293796865671
RWA-fed(KEN+TZA+UGA),1999,3,exports_gdp,2002,xgb_lag,6.18067969706938,0.7125696899176859
RWA-fed(KEN+TZA+UGA),1999,3,exports_gdp,2002,xgb_typed,6.18067969706938,0.7125696899176859
RWA-fed(KEN+TZA+UGA),1999,3,exports_gdp,2002,lgbm_blind,6.18067969706938,0.25850081556041626
RWA-fed(KEN+TZA+UGA),1999,3,exports_gdp,2002,lgbm_lag,6.18067969706938,0.7125696899176859
RWA-fed(KEN+TZA+UGA),1999,3,exports_gdp,2002,lgbm_typed,6.18067969706938,0.7125696899176859
RWA-fed(KEN+TZA+UGA),1999,3,exports_gdp,2002,tft,6.18067969706938,0.7125696899176859
RWA-fed(KEN+TZA+UGA),1999,3,exports_gdp,2002,tgcn,6.18067969706938,
RWA-fed(KEN+TZA+UGA),1999,3,exports_gdp,2002,persistence_scarcity,6.18067969706938,0.7678244693363592
RWA-fed(KEN+TZA+UGA),1999,3,exports_gdp,2002,chronos_scarcity,6.18067969706938,0.5104602756826608
RWA-fed(KEN+TZA+UGA),1999,3,exports_gdp,2002,gnn_scarcity,6.18067969706938,0.500619787248823
RWA-fed(KEN+TZA+UGA),1999,5,exports_gdp,2004,persistence,10.3935220427215,4.98066681498848
RWA-fed(KEN+TZA+UGA),1999,5,exports_gdp,2004,arima,10.3935220427215,4.928632550806323
RWA-fed(KEN+TZA+UGA),1999,5,exports_gdp,2004,chronos,10.3935220427215,4.921102303951969
RWA-fed(KEN+TZA+UGA),1999,5,exports_gdp,2004,xgb_blind,10.3935220427215,5.128868836849918
RWA-fed(KEN+TZA+UGA),1999,5,exports_gdp,2004,xgb_lag,10.3935220427215,4.928632550806323
RWA-fed(KEN+TZA+UGA),1999,5,exports_gdp,2004,xgb_typed,10.3935220427215,4.928632550806323
RWA-fed(KEN+TZA+UGA),1999,5,exports_gdp,2004,lgbm_blind,10.3935220427215,4.398037976711978
RWA-fed(KEN+TZA+UGA),1999,5,exports_gdp,2004,lgbm_lag,10.3935220427215,4.928632550806323
RWA-fed(KEN+TZA+UGA),1999,5,exports_gdp,2004,lgbm_typed,10.3935220427215,4.928632550806323
RWA-fed(KEN+TZA+UGA),1999,5,exports_gdp,2004,tft,10.3935220427215,4.928632550806323
RWA-fed(KEN+TZA+UGA),1999,5,exports_gdp,2004,tgcn,10.3935220427215,
RWA-fed(KEN+TZA+UGA),1999,5,exports_gdp,2004,persistence_scarcity,10.3935220427215,4.98066681498848
RWA-fed(KEN+TZA+UGA),1999,5,exports_gdp,2004,chronos_scarcity,10.3935220427215,4.921102303951969
RWA-fed(KEN+TZA+UGA),1999,5,exports_gdp,2004,gnn_scarcity,10.3935220427215,4.794619817227115
RWA-fed(KEN+TZA+UGA),1999,1,imports_gdp,2000,persistence,22.1076853332611,0.18700413975829733
RWA-fed(KEN+TZA+UGA),1999,1,imports_gdp,2000,arima,22.1076853332611,0.35859395521999105
RWA-fed(KEN+TZA+UGA),1999,1,imports_gdp,2000,chronos,22.1076853332611,0.4076654968353175
RWA-fed(KEN+TZA+UGA),1999,1,imports_gdp,2000,xgb_blind,22.1076853332611,12.57583975218812
RWA-fed(KEN+TZA+UGA),1999,1,imports_gdp,2000,xgb_lag,22.1076853332611,0.35859395521999105
RWA-fed(KEN+TZA+UGA),1999,1,imports_gdp,2000,xgb_typed,22.1076853332611,0.35859395521999105
RWA-fed(KEN+TZA+UGA),1999,1,imports_gdp,2000,lgbm_blind,22.1076853332611,5.051813729171084
RWA-fed(KEN+TZA+UGA),1999,1,imports_gdp,2000,lgbm_lag,22.1076853332611,0.35859395521999105
RWA-fed(KEN+TZA+UGA),1999,1,imports_gdp,2000,lgbm_typed,22.1076853332611,0.35859395521999105
RWA-fed(KEN+TZA+UGA),1999,1,imports_gdp,2000,tft,22.1076853332611,0.35859395521999105
RWA-fed(KEN+TZA+UGA),1999,1,imports_gdp,2000,tgcn,22.1076853332611,
RWA-fed(KEN+TZA+UGA),1999,1,imports_gdp,2000,persistence_scarcity,22.1076853332611,0.18700413975829733
RWA-fed(KEN+TZA+UGA),1999,1,imports_gdp,2000,chronos_scarcity,22.1076853332611,0.4076654968353175
RWA-fed(KEN+TZA+UGA),1999,1,imports_gdp,2000,gnn_scarcity,22.1076853332611,0.0513493957428075
RWA-fed(KEN+TZA+UGA),1999,3,imports_gdp,2002,persistence,21.4287584191479,0.49192277435490084
RWA-fed(KEN+TZA+UGA),1999,3,imports_gdp,2002,arima,21.4287584191479,0.9043256239466402
RWA-fed(KEN+TZA+UGA),1999,3,imports_gdp,2002,chronos,21.4287584191479,1.1501310235180178
RWA-fed(KEN+TZA+UGA),1999,3,imports_gdp,2002,xgb_blind,21.4287584191479,0.13979510127680683
RWA-fed(KEN+TZA+UGA),1999,3,imports_gdp,2002,xgb_lag,21.4287584191479,0.9043256239466402
RWA-fed(KEN+TZA+UGA),1999,3,imports_gdp,2002,xgb_typed,21.4287584191479,0.9043256239466402
RWA-fed(KEN+TZA+UGA),1999,3,imports_gdp,2002,lgbm_blind,21.4287584191479,8.302253652734073
RWA-fed(KEN+TZA+UGA),1999,3,imports_gdp,2002,lgbm_lag,21.4287584191479,0.9043256239466402
RWA-fed(KEN+TZA+UGA),1999,3,imports_gdp,2002,lgbm_typed,21.4287584191479,0.9043256239466402
RWA-fed(KEN+TZA+UGA),1999,3,imports_gdp,2002,tft,21.4287584191479,0.9043256239466402
RWA-fed(KEN+TZA+UGA),1999,3,imports_gdp,2002,tgcn,21.4287584191479,
RWA-fed(KEN+TZA+UGA),1999,3,imports_gdp,2002,persistence_scarcity,21.4287584191479,0.49192277435490084
RWA-fed(KEN+TZA+UGA),1999,3,imports_gdp,2002,chronos_scarcity,21.4287584191479,1.1501310235180178
RWA-fed(KEN+TZA+UGA),1999,3,imports_gdp,2002,gnn_scarcity,21.4287584191479,0.5621641045727053
RWA-fed(KEN+TZA+UGA),1999,5,imports_gdp,2004,persistence,23.0681510603655,1.1474698668627
RWA-fed(KEN+TZA+UGA),1999,5,imports_gdp,2004,arima,23.0681510603655,0.7589406259112081
RWA-fed(KEN+TZA+UGA),1999,5,imports_gdp,2004,chronos,23.0681510603655,5.2532897627580795
RWA-fed(KEN+TZA+UGA),1999,5,imports_gdp,2004,xgb_blind,23.0681510603655,2.7203869187604752
RWA-fed(KEN+TZA+UGA),1999,5,imports_gdp,2004,xgb_lag,23.0681510603655,0.7589406259112081
RWA-fed(KEN+TZA+UGA),1999,5,imports_gdp,2004,xgb_typed,23.0681510603655,0.7589406259112081
RWA-fed(KEN+TZA+UGA),1999,5,imports_gdp,2004,lgbm_blind,23.0681510603655,1.4959045731794198
RWA-fed(KEN+TZA+UGA),1999,5,imports_gdp,2004,lgbm_lag,23.0681510603655,0.7589406259112081
RWA-fed(KEN+TZA+UGA),1999,5,imports_gdp,2004,lgbm_typed,23.0681510603655,0.7589406259112081
RWA-fed(KEN+TZA+UGA),1999,5,imports_gdp,2004,tft,23.0681510603655,0.7589406259112081
RWA-fed(KEN+TZA+UGA),1999,5,imports_gdp,2004,tgcn,23.0681510603655,
RWA-fed(KEN+TZA+UGA),1999,5,imports_gdp,2004,persistence_scarcity,23.0681510603655,1.1474698668627
RWA-fed(KEN+TZA+UGA),1999,5,imports_gdp,2004,chronos_scarcity,23.0681510603655,5.2532897627580795
RWA-fed(KEN+TZA+UGA),1999,5,imports_gdp,2004,gnn_scarcity,23.0681510603655,3.483884397767845
RWA-fed(KEN+TZA+UGA),1999,1,current_account,2000,persistence,-6.51687014325837,0.0
RWA-fed(KEN+TZA+UGA),1999,1,current_account,2000,arima,-6.51687014325837,0.0
RWA-fed(KEN+TZA+UGA),1999,1,current_account,2000,chronos,-6.51687014325837,0.01911175473908333
RWA-fed(KEN+TZA+UGA),1999,1,current_account,2000,xgb_blind,-6.51687014325837,1.2143830208088957e-07
RWA-fed(KEN+TZA+UGA),1999,1,current_account,2000,xgb_lag,-6.51687014325837,0.0
RWA-fed(KEN+TZA+UGA),1999,1,current_account,2000,xgb_typed,-6.51687014325837,0.0
RWA-fed(KEN+TZA+UGA),1999,1,current_account,2000,lgbm_blind,-6.51687014325837,1.2143830208088957e-07
RWA-fed(KEN+TZA+UGA),1999,1,current_account,2000,lgbm_lag,-6.51687014325837,0.0
RWA-fed(KEN+TZA+UGA),1999,1,current_account,2000,lgbm_typed,-6.51687014325837,0.0
RWA-fed(KEN+TZA+UGA),1999,1,current_account,2000,tft,-6.51687014325837,0.0
RWA-fed(KEN+TZA+UGA),1999,1,current_account,2000,tgcn,-6.51687014325837,
RWA-fed(KEN+TZA+UGA),1999,1,current_account,2000,persistence_scarcity,-6.51687014325837,0.0
RWA-fed(KEN+TZA+UGA),1999,1,current_account,2000,chronos_scarcity,-6.51687014325837,0.01911175473908333
RWA-fed(KEN+TZA+UGA),1999,1,current_account,2000,gnn_scarcity,-6.51687014325837,5.982754602840146e-07
RWA-fed(KEN+TZA+UGA),1999,3,current_account,2002,persistence,-6.51687014325837,0.0
RWA-fed(KEN+TZA+UGA),1999,3,current_account,2002,arima,-6.51687014325837,0.0
RWA-fed(KEN+TZA+UGA),1999,3,current_account,2002,chronos,-6.51687014325837,0.01911175473908333
RWA-fed(KEN+TZA+UGA),1999,3,current_account,2002,xgb_blind,-6.51687014325837,1.2143830208088957e-07
RWA-fed(KEN+TZA+UGA),1999,3,current_account,2002,xgb_lag,-6.51687014325837,0.0
RWA-fed(KEN+TZA+UGA),1999,3,current_account,2002,xgb_typed,-6.51687014325837,0.0
RWA-fed(KEN+TZA+UGA),1999,3,current_account,2002,lgbm_blind,-6.51687014325837,1.2143830208088957e-07
RWA-fed(KEN+TZA+UGA),1999,3,current_account,2002,lgbm_lag,-6.51687014325837,0.0
RWA-fed(KEN+TZA+UGA),1999,3,current_account,2002,lgbm_typed,-6.51687014325837,0.0
RWA-fed(KEN+TZA+UGA),1999,3,current_account,2002,tft,-6.51687014325837,0.0
RWA-fed(KEN+TZA+UGA),1999,3,current_account,2002,tgcn,-6.51687014325837,
RWA-fed(KEN+TZA+UGA),1999,3,current_account,2002,persistence_scarcity,-6.51687014325837,0.0
RWA-fed(KEN+TZA+UGA),1999,3,current_account,2002,chronos_scarcity,-6.51687014325837,0.01911175473908333
RWA-fed(KEN+TZA+UGA),1999,3,current_account,2002,gnn_scarcity,-6.51687014325837,5.982754602840146e-07
RWA-fed(KEN+TZA+UGA),1999,5,current_account,2004,persistence,-6.51687014325837,0.0
RWA-fed(KEN+TZA+UGA),1999,5,current_account,2004,arima,-6.51687014325837,0.0
RWA-fed(KEN+TZA+UGA),1999,5,current_account,2004,chronos,-6.51687014325837,0.01911175473908333
RWA-fed(KEN+TZA+UGA),1999,5,current_account,2004,xgb_blind,-6.51687014325837,1.2143830208088957e-07
RWA-fed(KEN+TZA+UGA),1999,5,current_account,2004,xgb_lag,-6.51687014325837,0.0
RWA-fed(KEN+TZA+UGA),1999,5,current_account,2004,xgb_typed,-6.51687014325837,0.0
RWA-fed(KEN+TZA+UGA),1999,5,current_account,2004,lgbm_blind,-6.51687014325837,1.2143830208088957e-07
RWA-fed(KEN+TZA+UGA),1999,5,current_account,2004,lgbm_lag,-6.51687014325837,0.0
RWA-fed(KEN+TZA+UGA),1999,5,current_account,2004,lgbm_typed,-6.51687014325837,0.0
RWA-fed(KEN+TZA+UGA),1999,5,current_account,2004,tft,-6.51687014325837,0.0
RWA-fed(KEN+TZA+UGA),1999,5,current_account,2004,tgcn,-6.51687014325837,
RWA-fed(KEN+TZA+UGA),1999,5,current_account,2004,persistence_scarcity,-6.51687014325837,0.0
RWA-fed(KEN+TZA+UGA),1999,5,current_account,2004,chronos_scarcity,-6.51687014325837,0.01911175473908333
RWA-fed(KEN+TZA+UGA),1999,5,current_account,2004,gnn_scarcity,-6.51687014325837,5.982754602840146e-07
RWA-fed(KEN+TZA+UGA),1999,1,real_interest_rate,2000,persistence,12.7898510202833,8.0956676998597
RWA-fed(KEN+TZA+UGA),1999,1,real_interest_rate,2000,arima,12.7898510202833,1.164592591193836
RWA-fed(KEN+TZA+UGA),1999,1,real_interest_rate,2000,chronos,12.7898510202833,8.111120532459813
RWA-fed(KEN+TZA+UGA),1999,1,real_interest_rate,2000,xgb_blind,12.7898510202833,7.228736709065037
RWA-fed(KEN+TZA+UGA),1999,1,real_interest_rate,2000,xgb_lag,12.7898510202833,1.164592591193836
RWA-fed(KEN+TZA+UGA),1999,1,real_interest_rate,2000,xgb_typed,12.7898510202833,1.164592591193836
RWA-fed(KEN+TZA+UGA),1999,1,real_interest_rate,2000,lgbm_blind,12.7898510202833,6.288962805112333
RWA-fed(KEN+TZA+UGA),1999,1,real_interest_rate,2000,lgbm_lag,12.7898510202833,1.164592591193836
RWA-fed(KEN+TZA+UGA),1999,1,real_interest_rate,2000,lgbm_typed,12.7898510202833,1.164592591193836
RWA-fed(KEN+TZA+UGA),1999,1,real_interest_rate,2000,tft,12.7898510202833,1.164592591193836
RWA-fed(KEN+TZA+UGA),1999,1,real_interest_rate,2000,tgcn,12.7898510202833,
RWA-fed(KEN+TZA+UGA),1999,1,real_interest_rate,2000,persistence_scarcity,12.7898510202833,8.0956676998597
RWA-fed(KEN+TZA+UGA),1999,1,real_interest_rate,2000,chronos_scarcity,12.7898510202833,8.111120532459813
RWA-fed(KEN+TZA+UGA),1999,1,real_interest_rate,2000,gnn_scarcity,12.7898510202833,7.045965503162938
RWA-fed(KEN+TZA+UGA),1999,3,real_interest_rate,2002,persistence,22.6248575445037,17.9306742240801
RWA-fed(KEN+TZA+UGA),1999,3,real_interest_rate,2002,arima,22.6248575445037,12.042913059100439
RWA-fed(KEN+TZA+UGA),1999,3,real_interest_rate,2002,chronos,22.6248575445037,21.670015871129525
RWA-fed(KEN+TZA+UGA),1999,3,real_interest_rate,2002,xgb_blind,22.6248575445037,16.516205906472695
RWA-fed(KEN+TZA+UGA),1999,3,real_interest_rate,2002,xgb_lag,22.6248575445037,12.042913059100439
RWA-fed(KEN+TZA+UGA),1999,3,real_interest_rate,2002,xgb_typed,22.6248575445037,12.042913059100439
RWA-fed(KEN+TZA+UGA),1999,3,real_interest_rate,2002,lgbm_blind,22.6248575445037,16.155791163049233
RWA-fed(KEN+TZA+UGA),1999,3,real_interest_rate,2002,lgbm_lag,22.6248575445037,12.042913059100439
RWA-fed(KEN+TZA+UGA),1999,3,real_interest_rate,2002,lgbm_typed,22.6248575445037,12.042913059100439
RWA-fed(KEN+TZA+UGA),1999,3,real_interest_rate,2002,tft,22.6248575445037,12.042913059100439
RWA-fed(KEN+TZA+UGA),1999,3,real_interest_rate,2002,tgcn,22.6248575445037,
RWA-fed(KEN+TZA+UGA),1999,3,real_interest_rate,2002,persistence_scarcity,22.6248575445037,17.9306742240801
RWA-fed(KEN+TZA+UGA),1999,3,real_interest_rate,2002,chronos_scarcity,22.6248575445037,21.670015871129525
RWA-fed(KEN+TZA+UGA),1999,3,real_interest_rate,2002,gnn_scarcity,22.6248575445037,17.149909615121377
RWA-fed(KEN+TZA+UGA),1999,5,real_interest_rate,2004,persistence,4.40397445771242,0.2902088627111805
RWA-fed(KEN+TZA+UGA),1999,5,real_interest_rate,2004,arima,4.40397445771242,5.484305636842268
RWA-fed(KEN+TZA+UGA),1999,5,real_interest_rate,2004,chronos,4.40397445771242,0.27475603011106653
RWA-fed(KEN+TZA+UGA),1999,5,real_interest_rate,2004,xgb_blind,4.40397445771242,6.168472365407697
RWA-fed(KEN+TZA+UGA),1999,5,real_interest_rate,2004,xgb_lag,4.40397445771242,5.484305636842268
RWA-fed(KEN+TZA+UGA),1999,5,real_interest_rate,2004,xgb_typed,4.40397445771242,5.484305636842268
RWA-fed(KEN+TZA+UGA),1999,5,real_interest_rate,2004,lgbm_blind,4.40397445771242,2.0078126230523505
RWA-fed(KEN+TZA+UGA),1999,5,real_interest_rate,2004,lgbm_lag,4.40397445771242,5.484305636842268
RWA-fed(KEN+TZA+UGA),1999,5,real_interest_rate,2004,lgbm_typed,4.40397445771242,5.484305636842268
RWA-fed(KEN+TZA+UGA),1999,5,real_interest_rate,2004,tft,4.40397445771242,5.484305636842268
RWA-fed(KEN+TZA+UGA),1999,5,real_interest_rate,2004,tgcn,4.40397445771242,
RWA-fed(KEN+TZA+UGA),1999,5,real_interest_rate,2004,persistence_scarcity,4.40397445771242,0.2902088627111805
RWA-fed(KEN+TZA+UGA),1999,5,real_interest_rate,2004,chronos_scarcity,4.40397445771242,0.27475603011106653
RWA-fed(KEN+TZA+UGA),1999,5,real_interest_rate,2004,gnn_scarcity,4.40397445771242,0.8041401663110177
RWA-fed(KEN+TZA+UGA),1999,1,broad_money,2000,persistence,14.1564719784408,0.45376217417119946
RWA-fed(KEN+TZA+UGA),1999,1,broad_money,2000,arima,14.1564719784408,0.22824873750516161
RWA-fed(KEN+TZA+UGA),1999,1,broad_money,2000,chronos,14.1564719784408,0.5108029949813275
RWA-fed(KEN+TZA+UGA),1999,1,broad_money,2000,xgb_blind,14.1564719784408,1.7338325869888873
RWA-fed(KEN+TZA+UGA),1999,1,broad_money,2000,xgb_lag,14.1564719784408,0.22824873750516161
RWA-fed(KEN+TZA+UGA),1999,1,broad_money,2000,xgb_typed,14.1564719784408,0.22824873750516161
RWA-fed(KEN+TZA+UGA),1999,1,broad_money,2000,lgbm_blind,14.1564719784408,1.717273092122623
RWA-fed(KEN+TZA+UGA),1999,1,broad_money,2000,lgbm_lag,14.1564719784408,0.22824873750516161
RWA-fed(KEN+TZA+UGA),1999,1,broad_money,2000,lgbm_typed,14.1564719784408,0.22824873750516161
RWA-fed(KEN+TZA+UGA),1999,1,broad_money,2000,tft,14.1564719784408,0.22824873750516161
RWA-fed(KEN+TZA+UGA),1999,1,broad_money,2000,tgcn,14.1564719784408,
RWA-fed(KEN+TZA+UGA),1999,1,broad_money,2000,persistence_scarcity,14.1564719784408,0.45376217417119946
RWA-fed(KEN+TZA+UGA),1999,1,broad_money,2000,chronos_scarcity,14.1564719784408,0.5108029949813275
RWA-fed(KEN+TZA+UGA),1999,1,broad_money,2000,gnn_scarcity,14.1564719784408,0.8932115924210162
RWA-fed(KEN+TZA+UGA),1999,3,broad_money,2002,persistence,14.6344590405009,0.9317492362312993
RWA-fed(KEN+TZA+UGA),1999,3,broad_money,2002,arima,14.6344590405009,0.7450197618325181
RWA-fed(KEN+TZA+UGA),1999,3,broad_money,2002,chronos,14.6344590405009,0.7575154522440641
RWA-fed(KEN+TZA+UGA),1999,3,broad_money,2002,xgb_blind,14.6344590405009,0.7407269695780485
RWA-fed(KEN+TZA+UGA),1999,3,broad_money,2002,xgb_lag,14.6344590405009,0.7450197618325181
RWA-fed(KEN+TZA+UGA),1999,3,broad_money,2002,xgb_typed,14.6344590405009,0.7450197618325181
RWA-fed(KEN+TZA+UGA),1999,3,broad_money,2002,lgbm_blind,14.6344590405009,1.79408432279779
RWA-fed(KEN+TZA+UGA),1999,3,broad_money,2002,lgbm_lag,14.6344590405009,0.7450197618325181
RWA-fed(KEN+TZA+UGA),1999,3,broad_money,2002,lgbm_typed,14.6344590405009,0.7450197618325181
RWA-fed(KEN+TZA+UGA),1999,3,broad_money,2002,tft,14.6344590405009,0.7450197618325181
RWA-fed(KEN+TZA+UGA),1999,3,broad_money,2002,tgcn,14.6344590405009,
RWA-fed(KEN+TZA+UGA),1999,3,broad_money,2002,persistence_scarcity,14.6344590405009,0.9317492362312993
RWA-fed(KEN+TZA+UGA),1999,3,broad_money,2002,chronos_scarcity,14.6344590405009,0.7575154522440641
RWA-fed(KEN+TZA+UGA),1999,3,broad_money,2002,gnn_scarcity,14.6344590405009,0.1618170520283968
RWA-fed(KEN+TZA+UGA),1999,5,broad_money,2004,persistence,13.7813518200786,0.07864201580899888
RWA-fed(KEN+TZA+UGA),1999,5,broad_money,2004,arima,13.7813518200786,0.10619868113116304
RWA-fed(KEN+TZA+UGA),1999,5,broad_money,2004,chronos,13.7813518200786,0.09559176817823634
RWA-fed(KEN+TZA+UGA),1999,5,broad_money,2004,xgb_blind,13.7813518200786,3.0680439318745254
RWA-fed(KEN+TZA+UGA),1999,5,broad_money,2004,xgb_lag,13.7813518200786,0.10619868113116304
RWA-fed(KEN+TZA+UGA),1999,5,broad_money,2004,xgb_typed,13.7813518200786,0.10619868113116304
RWA-fed(KEN+TZA+UGA),1999,5,broad_money,2004,lgbm_blind,13.7813518200786,2.016838869008314
RWA-fed(KEN+TZA+UGA),1999,5,broad_money,2004,lgbm_lag,13.7813518200786,0.10619868113116304
RWA-fed(KEN+TZA+UGA),1999,5,broad_money,2004,lgbm_typed,13.7813518200786,0.10619868113116304
RWA-fed(KEN+TZA+UGA),1999,5,broad_money,2004,tft,13.7813518200786,0.10619868113116304
RWA-fed(KEN+TZA+UGA),1999,5,broad_money,2004,tgcn,13.7813518200786,
RWA-fed(KEN+TZA+UGA),1999,5,broad_money,2004,persistence_scarcity,13.7813518200786,0.07864201580899888
RWA-fed(KEN+TZA+UGA),1999,5,broad_money,2004,chronos_scarcity,13.7813518200786,0.09559176817823634
RWA-fed(KEN+TZA+UGA),1999,5,broad_money,2004,gnn_scarcity,13.7813518200786,0.7634994830219863
RWA-fed(KEN+TZA+UGA),1999,1,private_credit,2000,persistence,8.7322554914854,0.36858676039937954
RWA-fed(KEN+TZA+UGA),1999,1,private_credit,2000,arima,8.7322554914854,0.322859315166081
RWA-fed(KEN+TZA+UGA),1999,1,private_credit,2000,chronos,8.7322554914854,1.0725922911069823
RWA-fed(KEN+TZA+UGA),1999,1,private_credit,2000,xgb_blind,8.7322554914854,0.019819769134326037
RWA-fed(KEN+TZA+UGA),1999,1,private_credit,2000,xgb_lag,8.7322554914854,0.7220101029970216
RWA-fed(KEN+TZA+UGA),1999,1,private_credit,2000,xgb_typed,8.7322554914854,0.7768040029905272
RWA-fed(KEN+TZA+UGA),1999,1,private_credit,2000,lgbm_blind,8.7322554914854,1.2388376456534234
RWA-fed(KEN+TZA+UGA),1999,1,private_credit,2000,lgbm_lag,8.7322554914854,1.2388376456534234
RWA-fed(KEN+TZA+UGA),1999,1,private_credit,2000,lgbm_typed,8.7322554914854,1.2388376456534234
RWA-fed(KEN+TZA+UGA),1999,1,private_credit,2000,tft,8.7322554914854,2.732351962492051
RWA-fed(KEN+TZA+UGA),1999,1,private_credit,2000,tgcn,8.7322554914854,
RWA-fed(KEN+TZA+UGA),1999,1,private_credit,2000,persistence_scarcity,8.7322554914854,1.1976018134379007
RWA-fed(KEN+TZA+UGA),1999,1,private_credit,2000,chronos_scarcity,8.7322554914854,0.5895708066722456
RWA-fed(KEN+TZA+UGA),1999,1,private_credit,2000,gnn_scarcity,8.7322554914854,0.10389951156596666
RWA-fed(KEN+TZA+UGA),1999,3,private_credit,2002,persistence,9.42435180688602,1.0606830758
RWA-fed(KEN+TZA+UGA),1999,3,private_credit,2002,arima,9.42435180688602,1.0196308630307822
RWA-fed(KEN+TZA+UGA),1999,3,private_credit,2002,chronos,9.42435180688602,1.5193601801465189
RWA-fed(KEN+TZA+UGA),1999,3,private_credit,2002,xgb_blind,9.42435180688602,1.5740328981946146
RWA-fed(KEN+TZA+UGA),1999,3,private_credit,2002,xgb_lag,9.42435180688602,2.4381662561963235
RWA-fed(KEN+TZA+UGA),1999,3,private_credit,2002,xgb_typed,9.42435180688602,2.611520881898228
RWA-fed(KEN+TZA+UGA),1999,3,private_credit,2002,lgbm_blind,9.42435180688602,1.3320804107940152
RWA-fed(KEN+TZA+UGA),1999,3,private_credit,2002,lgbm_lag,9.42435180688602,1.3320804107940152
RWA-fed(KEN+TZA+UGA),1999,3,private_credit,2002,lgbm_typed,9.42435180688602,1.3320804107940152
RWA-fed(KEN+TZA+UGA),1999,3,private_credit,2002,tft,9.42435180688602,0.33221010848762944
RWA-fed(KEN+TZA+UGA),1999,3,private_credit,2002,tgcn,9.42435180688602,
RWA-fed(KEN+TZA+UGA),1999,3,private_credit,2002,persistence_scarcity,9.42435180688602,0.5805230182552918
RWA-fed(KEN+TZA+UGA),1999,3,private_credit,2002,chronos_scarcity,9.42435180688602,1.0397167725123762
RWA-fed(KEN+TZA+UGA),1999,3,private_credit,2002,gnn_scarcity,9.42435180688602,1.497894878632847
RWA-fed(KEN+TZA+UGA),1999,5,private_credit,2004,persistence,9.8312525515906,1.4675838205045793
RWA-fed(KEN+TZA+UGA),1999,5,private_credit,2004,arima,9.8312525515906,1.4265940910717276
RWA-fed(KEN+TZA+UGA),1999,5,private_credit,2004,chronos,9.8312525515906,2.47143170884768
RWA-fed(KEN+TZA+UGA),1999,5,private_credit,2004,xgb_blind,9.8312525515906,1.1904597049109125
RWA-fed(KEN+TZA+UGA),1999,5,private_credit,2004,xgb_lag,9.8312525515906,1.1516585116736078
RWA-fed(KEN+TZA+UGA),1999,5,private_credit,2004,xgb_typed,9.8312525515906,1.1778130298010492
RWA-fed(KEN+TZA+UGA),1999,5,private_credit,2004,lgbm_blind,9.8312525515906,1.7443574672094968
RWA-fed(KEN+TZA+UGA),1999,5,private_credit,2004,lgbm_lag,9.8312525515906,1.7443574672094968
RWA-fed(KEN+TZA+UGA),1999,5,private_credit,2004,lgbm_typed,9.8312525515906,1.7443574672094968
RWA-fed(KEN+TZA+UGA),1999,5,private_credit,2004,tft,9.8312525515906,2.200732796218614
RWA-fed(KEN+TZA+UGA),1999,5,private_credit,2004,tgcn,9.8312525515906,
RWA-fed(KEN+TZA+UGA),1999,5,private_credit,2004,persistence_scarcity,9.8312525515906,0.9200859812074569
RWA-fed(KEN+TZA+UGA),1999,5,private_credit,2004,chronos_scarcity,9.8312525515906,1.8246223693243646
RWA-fed(KEN+TZA+UGA),1999,5,private_credit,2004,gnn_scarcity,9.8312525515906,1.9820241694800043
RWA-fed(KEN+TZA+UGA),1999,1,govt_consumption,2000,persistence,16.0647185202337,0.25883794423310036
RWA-fed(KEN+TZA+UGA),1999,1,govt_consumption,2000,arima,16.0647185202337,1.6360304901230762
RWA-fed(KEN+TZA+UGA),1999,1,govt_consumption,2000,chronos,16.0647185202337,0.7181885596013764
RWA-fed(KEN+TZA+UGA),1999,1,govt_consumption,2000,xgb_blind,16.0647185202337,4.10721234042413
RWA-fed(KEN+TZA+UGA),1999,1,govt_consumption,2000,xgb_lag,16.0647185202337,1.6360304901230762
RWA-fed(KEN+TZA+UGA),1999,1,govt_consumption,2000,xgb_typed,16.0647185202337,1.6360304901230762
RWA-fed(KEN+TZA+UGA),1999,1,govt_consumption,2000,lgbm_blind,16.0647185202337,3.8628278926905697
RWA-fed(KEN+TZA+UGA),1999,1,govt_consumption,2000,lgbm_lag,16.0647185202337,1.6360304901230762
RWA-fed(KEN+TZA+UGA),1999,1,govt_consumption,2000,lgbm_typed,16.0647185202337,1.6360304901230762
RWA-fed(KEN+TZA+UGA),1999,1,govt_consumption,2000,tft,16.0647185202337,1.6360304901230762
RWA-fed(KEN+TZA+UGA),1999,1,govt_consumption,2000,tgcn,16.0647185202337,
RWA-fed(KEN+TZA+UGA),1999,1,govt_consumption,2000,persistence_scarcity,16.0647185202337,0.25883794423310036
RWA-fed(KEN+TZA+UGA),1999,1,govt_consumption,2000,chronos_scarcity,16.0647185202337,0.7181885596013764
RWA-fed(KEN+TZA+UGA),1999,1,govt_consumption,2000,gnn_scarcity,16.0647185202337,4.660371100494931
RWA-fed(KEN+TZA+UGA),1999,3,govt_consumption,2002,persistence,17.1316749782856,0.8081185138187976
RWA-fed(KEN+TZA+UGA),1999,3,govt_consumption,2002,arima,17.1316749782856,0.937314473699967
RWA-fed(KEN+TZA+UGA),1999,3,govt_consumption,2002,chronos,17.1316749782856,4.115707609206009
RWA-fed(KEN+TZA+UGA),1999,3,govt_consumption,2002,xgb_blind,17.1316749782856,2.4268457622821806
RWA-fed(KEN+TZA+UGA),1999,3,govt_consumption,2002,xgb_lag,17.1316749782856,0.937314473699967
RWA-fed(KEN+TZA+UGA),1999,3,govt_consumption,2002,xgb_typed,17.1316749782856,0.937314473699967
RWA-fed(KEN+TZA+UGA),1999,3,govt_consumption,2002,lgbm_blind,17.1316749782856,5.234586518725749
RWA-fed(KEN+TZA+UGA),1999,3,govt_consumption,2002,lgbm_lag,17.1316749782856,0.937314473699967
RWA-fed(KEN+TZA+UGA),1999,3,govt_consumption,2002,lgbm_typed,17.1316749782856,0.937314473699967
RWA-fed(KEN+TZA+UGA),1999,3,govt_consumption,2002,tft,17.1316749782856,0.937314473699967
RWA-fed(KEN+TZA+UGA),1999,3,govt_consumption,2002,tgcn,17.1316749782856,
RWA-fed(KEN+TZA+UGA),1999,3,govt_consumption,2002,persistence_scarcity,17.1316749782856,0.8081185138187976
RWA-fed(KEN+TZA+UGA),1999,3,govt_consumption,2002,chronos_scarcity,17.1316749782856,4.115707609206009
RWA-fed(KEN+TZA+UGA),1999,3,govt_consumption,2002,gnn_scarcity,17.1316749782856,5.9344036312397
RWA-fed(KEN+TZA+UGA),1999,5,govt_consumption,2004,persistence,16.5492639094328,0.22570744496599815
RWA-fed(KEN+TZA+UGA),1999,5,govt_consumption,2004,arima,16.5492639094328,1.537434286156401
RWA-fed(KEN+TZA+UGA),1999,5,govt_consumption,2004,chronos,16.5492639094328,3.5772656947111194
RWA-fed(KEN+TZA+UGA),1999,5,govt_consumption,2004,xgb_blind,16.5492639094328,6.637322381112487
RWA-fed(KEN+TZA+UGA),1999,5,govt_consumption,2004,xgb_lag,16.5492639094328,1.537434286156401
RWA-fed(KEN+TZA+UGA),1999,5,govt_consumption,2004,xgb_typed,16.5492639094328,1.537434286156401
RWA-fed(KEN+TZA+UGA),1999,5,govt_consumption,2004,lgbm_blind,16.5492639094328,4.998572877023131
RWA-fed(KEN+TZA+UGA),1999,5,govt_consumption,2004,lgbm_lag,16.5492639094328,1.537434286156401
RWA-fed(KEN+TZA+UGA),1999,5,govt_consumption,2004,lgbm_typed,16.5492639094328,1.537434286156401
RWA-fed(KEN+TZA+UGA),1999,5,govt_consumption,2004,tft,16.5492639094328,1.537434286156401
RWA-fed(KEN+TZA+UGA),1999,5,govt_consumption,2004,tgcn,16.5492639094328,
RWA-fed(KEN+TZA+UGA),1999,5,govt_consumption,2004,persistence_scarcity,16.5492639094328,0.22570744496599815
RWA-fed(KEN+TZA+UGA),1999,5,govt_consumption,2004,chronos_scarcity,16.5492639094328,3.5772656947111194
RWA-fed(KEN+TZA+UGA),1999,5,govt_consumption,2004,gnn_scarcity,16.5492639094328,5.557448342416198
RWA-fed(KEN+TZA+UGA),2000,1,gdp_growth,2001,persistence,8.4845603416011,0.11366440611561934
RWA-fed(KEN+TZA+UGA),2000,1,gdp_growth,2001,arima,8.4845603416011,1.9968861344412003
RWA-fed(KEN+TZA+UGA),2000,1,gdp_growth,2001,chronos,8.4845603416011,1.469401211504664
RWA-fed(KEN+TZA+UGA),2000,1,gdp_growth,2001,xgb_blind,8.4845603416011,8.037072123055186
RWA-fed(KEN+TZA+UGA),2000,1,gdp_growth,2001,xgb_lag,8.4845603416011,1.9968861344412003
RWA-fed(KEN+TZA+UGA),2000,1,gdp_growth,2001,xgb_typed,8.4845603416011,1.9968861344412003
RWA-fed(KEN+TZA+UGA),2000,1,gdp_growth,2001,lgbm_blind,8.4845603416011,5.64430348372909
RWA-fed(KEN+TZA+UGA),2000,1,gdp_growth,2001,lgbm_lag,8.4845603416011,1.9968861344412003
RWA-fed(KEN+TZA+UGA),2000,1,gdp_growth,2001,lgbm_typed,8.4845603416011,1.9968861344412003
RWA-fed(KEN+TZA+UGA),2000,1,gdp_growth,2001,tft,8.4845603416011,0.08491358256789638
RWA-fed(KEN+TZA+UGA),2000,1,gdp_growth,2001,tgcn,8.4845603416011,
RWA-fed(KEN+TZA+UGA),2000,1,gdp_growth,2001,persistence_scarcity,8.4845603416011,0.11366440611561934
RWA-fed(KEN+TZA+UGA),2000,1,gdp_growth,2001,chronos_scarcity,8.4845603416011,1.469401211504664
RWA-fed(KEN+TZA+UGA),2000,1,gdp_growth,2001,gnn_scarcity,8.4845603416011,10.49137219882461
RWA-fed(KEN+TZA+UGA),2000,3,gdp_growth,2003,persistence,2.20238751139603,6.168508424089451
RWA-fed(KEN+TZA+UGA),2000,3,gdp_growth,2003,arima,2.20238751139603,4.7542328373495195
RWA-fed(KEN+TZA+UGA),2000,3,gdp_growth,2003,chronos,2.20238751139603,3.6944139603141752
RWA-fed(KEN+TZA+UGA),2000,3,gdp_growth,2003,xgb_blind,2.20238751139603,4.818126023149869
RWA-fed(KEN+TZA+UGA),2000,3,gdp_growth,2003,xgb_lag,2.20238751139603,4.7542328373495195
RWA-fed(KEN+TZA+UGA),2000,3,gdp_growth,2003,xgb_typed,2.20238751139603,4.7542328373495195
RWA-fed(KEN+TZA+UGA),2000,3,gdp_growth,2003,lgbm_blind,2.20238751139603,0.9281404021743742
RWA-fed(KEN+TZA+UGA),2000,3,gdp_growth,2003,lgbm_lag,2.20238751139603,4.7542328373495195
RWA-fed(KEN+TZA+UGA),2000,3,gdp_growth,2003,lgbm_typed,2.20238751139603,4.7542328373495195
RWA-fed(KEN+TZA+UGA),2000,3,gdp_growth,2003,tft,2.20238751139603,6.151478112078092
RWA-fed(KEN+TZA+UGA),2000,3,gdp_growth,2003,tgcn,2.20238751139603,
RWA-fed(KEN+TZA+UGA),2000,3,gdp_growth,2003,persistence_scarcity,2.20238751139603,6.168508424089451
RWA-fed(KEN+TZA+UGA),2000,3,gdp_growth,2003,chronos_scarcity,2.20238751139603,3.6944139603141752
RWA-fed(KEN+TZA+UGA),2000,3,gdp_growth,2003,gnn_scarcity,2.20238751139603,4.754724919461825
RWA-fed(KEN+TZA+UGA),2000,5,gdp_growth,2005,persistence,9.3778991673686,1.00700323188312
RWA-fed(KEN+TZA+UGA),2000,5,gdp_growth,2005,arima,9.3778991673686,2.3183141511605516
RWA-fed(KEN+TZA+UGA),2000,5,gdp_growth,2005,chronos,9.3778991673686,3.5827665303446743
RWA-fed(KEN+TZA+UGA),2000,5,gdp_growth,2005,xgb_blind,9.3778991673686,24.20541382091265
RWA-fed(KEN+TZA+UGA),2000,5,gdp_growth,2005,xgb_lag,9.3778991673686,2.3183141511605516
RWA-fed(KEN+TZA+UGA),2000,5,gdp_growth,2005,xgb_typed,9.3778991673686,2.3183141511605516
RWA-fed(KEN+TZA+UGA),2000,5,gdp_growth,2005,lgbm_blind,9.3778991673686,4.522264403671235
RWA-fed(KEN+TZA+UGA),2000,5,gdp_growth,2005,lgbm_lag,9.3778991673686,2.3183141511605516
RWA-fed(KEN+TZA+UGA),2000,5,gdp_growth,2005,lgbm_typed,9.3778991673686,2.3183141511605516
RWA-fed(KEN+TZA+UGA),2000,5,gdp_growth,2005,tft,9.3778991673686,1.0283079121806118
RWA-fed(KEN+TZA+UGA),2000,5,gdp_growth,2005,tgcn,9.3778991673686,
RWA-fed(KEN+TZA+UGA),2000,5,gdp_growth,2005,persistence_scarcity,9.3778991673686,1.00700323188312
RWA-fed(KEN+TZA+UGA),2000,5,gdp_growth,2005,chronos_scarcity,9.3778991673686,3.5827665303446743
RWA-fed(KEN+TZA+UGA),2000,5,gdp_growth,2005,gnn_scarcity,9.3778991673686,11.033571002314279
RWA-fed(KEN+TZA+UGA),2000,1,inflation_cpi,2001,persistence,3.34285506749409,0.5566747353530301
RWA-fed(KEN+TZA+UGA),2000,1,inflation_cpi,2001,arima,3.34285506749409,3.958677568551963
RWA-fed(KEN+TZA+UGA),2000,1,inflation_cpi,2001,chronos,3.34285506749409,0.2037712051894025
RWA-fed(KEN+TZA+UGA),2000,1,inflation_cpi,2001,xgb_blind,3.34285506749409,2.0568794920470075
RWA-fed(KEN+TZA+UGA),2000,1,inflation_cpi,2001,xgb_lag,3.34285506749409,3.958677568551963
RWA-fed(KEN+TZA+UGA),2000,1,inflation_cpi,2001,xgb_typed,3.34285506749409,3.958677568551963
RWA-fed(KEN+TZA+UGA),2000,1,inflation_cpi,2001,lgbm_blind,3.34285506749409,5.996265272853199
RWA-fed(KEN+TZA+UGA),2000,1,inflation_cpi,2001,lgbm_lag,3.34285506749409,3.958677568551963
RWA-fed(KEN+TZA+UGA),2000,1,inflation_cpi,2001,lgbm_typed,3.34285506749409,3.958677568551963
RWA-fed(KEN+TZA+UGA),2000,1,inflation_cpi,2001,tft,3.34285506749409,0.7861813590500994
RWA-fed(KEN+TZA+UGA),2000,1,inflation_cpi,2001,tgcn,3.34285506749409,
RWA-fed(KEN+TZA+UGA),2000,1,inflation_cpi,2001,persistence_scarcity,3.34285506749409,0.5566747353530301
RWA-fed(KEN+TZA+UGA),2000,1,inflation_cpi,2001,chronos_scarcity,3.34285506749409,0.2037712051894025
RWA-fed(KEN+TZA+UGA),2000,1,inflation_cpi,2001,gnn_scarcity,3.34285506749409,4.2939223334763685
RWA-fed(KEN+TZA+UGA),2000,3,inflation_cpi,2003,persistence,7.44970014007366,3.55017033722654
RWA-fed(KEN+TZA+UGA),2000,3,inflation_cpi,2003,arima,7.44970014007366,7.147551366613287
RWA-fed(KEN+TZA+UGA),2000,3,inflation_cpi,2003,chronos,7.44970014007366,3.6964476338175567
RWA-fed(KEN+TZA+UGA),2000,3,inflation_cpi,2003,xgb_blind,7.44970014007366,4.641490720823172
RWA-fed(KEN+TZA+UGA),2000,3,inflation_cpi,2003,xgb_lag,7.44970014007366,7.147551366613287
RWA-fed(KEN+TZA+UGA),2000,3,inflation_cpi,2003,xgb_typed,7.44970014007366,7.147551366613287
RWA-fed(KEN+TZA+UGA),2000,3,inflation_cpi,2003,lgbm_blind,7.44970014007366,0.5745032200070588
RWA-fed(KEN+TZA+UGA),2000,3,inflation_cpi,2003,lgbm_lag,7.44970014007366,7.147551366613287
RWA-fed(KEN+TZA+UGA),2000,3,inflation_cpi,2003,lgbm_typed,7.44970014007366,7.147551366613287
RWA-fed(KEN+TZA+UGA),2000,3,inflation_cpi,2003,tft,7.44970014007366,3.5967459908274444
RWA-fed(KEN+TZA+UGA),2000,3,inflation_cpi,2003,tgcn,7.44970014007366,
RWA-fed(KEN+TZA+UGA),2000,3,inflation_cpi,2003,persistence_scarcity,7.44970014007366,3.55017033722654
RWA-fed(KEN+TZA+UGA),2000,3,inflation_cpi,2003,chronos_scarcity,7.44970014007366,3.6964476338175567
RWA-fed(KEN+TZA+UGA),2000,3,inflation_cpi,2003,gnn_scarcity,7.44970014007366,0.03307650177204291
RWA-fed(KEN+TZA+UGA),2000,5,inflation_cpi,2005,persistence,9.01408918092339,5.114559378076271
RWA-fed(KEN+TZA+UGA),2000,5,inflation_cpi,2005,arima,9.01408918092339,8.241203161792743
RWA-fed(KEN+TZA+UGA),2000,5,inflation_cpi,2005,chronos,9.01408918092339,6.523292138076711
RWA-fed(KEN+TZA+UGA),2000,5,inflation_cpi,2005,xgb_blind,9.01408918092339,4.749911858535695
RWA-fed(KEN+TZA+UGA),2000,5,inflation_cpi,2005,xgb_lag,9.01408918092339,8.241203161792743
RWA-fed(KEN+TZA+UGA),2000,5,inflation_cpi,2005,xgb_typed,9.01408918092339,8.241203161792743
RWA-fed(KEN+TZA+UGA),2000,5,inflation_cpi,2005,lgbm_blind,9.01408918092339,2.4332810977070407
RWA-fed(KEN+TZA+UGA),2000,5,inflation_cpi,2005,lgbm_lag,9.01408918092339,8.241203161792743
RWA-fed(KEN+TZA+UGA),2000,5,inflation_cpi,2005,lgbm_typed,9.01408918092339,8.241203161792743
RWA-fed(KEN+TZA+UGA),2000,5,inflation_cpi,2005,tft,9.01408918092339,5.1951199311980485
RWA-fed(KEN+TZA+UGA),2000,5,inflation_cpi,2005,tgcn,9.01408918092339,
RWA-fed(KEN+TZA+UGA),2000,5,inflation_cpi,2005,persistence_scarcity,9.01408918092339,5.114559378076271
RWA-fed(KEN+TZA+UGA),2000,5,inflation_cpi,2005,chronos_scarcity,9.01408918092339,6.523292138076711
RWA-fed(KEN+TZA+UGA),2000,5,inflation_cpi,2005,gnn_scarcity,9.01408918092339,1.278185440994191
RWA-fed(KEN+TZA+UGA),2000,1,unemployment,2001,persistence,11.732,0.032999999999999474
RWA-fed(KEN+TZA+UGA),2000,1,unemployment,2001,arima,11.732,0.023395309635450445
RWA-fed(KEN+TZA+UGA),2000,1,unemployment,2001,chronos,11.732,0.11577450561523506
RWA-fed(KEN+TZA+UGA),2000,1,unemployment,2001,xgb_blind,11.732,0.07340491485595635
RWA-fed(KEN+TZA+UGA),2000,1,unemployment,2001,xgb_lag,11.732,0.023395309635450445
RWA-fed(KEN+TZA+UGA),2000,1,unemployment,2001,xgb_typed,11.732,0.023395309635450445
RWA-fed(KEN+TZA+UGA),2000,1,unemployment,2001,lgbm_blind,11.732,0.05750004577636858
RWA-fed(KEN+TZA+UGA),2000,1,unemployment,2001,lgbm_lag,11.732,0.023395309635450445
RWA-fed(KEN+TZA+UGA),2000,1,unemployment,2001,lgbm_typed,11.732,0.023395309635450445
RWA-fed(KEN+TZA+UGA),2000,1,unemployment,2001,tft,11.732,0.1821588211059577
RWA-fed(KEN+TZA+UGA),2000,1,unemployment,2001,tgcn,11.732,
RWA-fed(KEN+TZA+UGA),2000,1,unemployment,2001,persistence_scarcity,11.732,0.032999999999999474
RWA-fed(KEN+TZA+UGA),2000,1,unemployment,2001,chronos_scarcity,11.732,0.11577450561523506
RWA-fed(KEN+TZA+UGA),2000,1,unemployment,2001,gnn_scarcity,11.732,0.014562957763672557
RWA-fed(KEN+TZA+UGA),2000,3,unemployment,2003,persistence,11.658,0.04100000000000037
RWA-fed(KEN+TZA+UGA),2000,3,unemployment,2003,arima,11.658,0.13247326297807405
RWA-fed(KEN+TZA+UGA),2000,3,unemployment,2003,chronos,11.658,0.31996726226806693
RWA-fed(KEN+TZA+UGA),2000,3,unemployment,2003,xgb_blind,11.658,0.06098557281494088
RWA-fed(KEN+TZA+UGA),2000,3,unemployment,2003,xgb_lag,11.658,0.13247326297807405
RWA-fed(KEN+TZA+UGA),2000,3,unemployment,2003,xgb_typed,11.658,0.13247326297807405
RWA-fed(KEN+TZA+UGA),2000,3,unemployment,2003,lgbm_blind,11.658,0.02275001239776664
RWA-fed(KEN+TZA+UGA),2000,3,unemployment,2003,lgbm_lag,11.658,0.13247326297807405
RWA-fed(KEN+TZA+UGA),2000,3,unemployment,2003,lgbm_typed,11.658,0.13247326297807405
RWA-fed(KEN+TZA+UGA),2000,3,unemployment,2003,tft,11.658,0.36144541931152396
RWA-fed(KEN+TZA+UGA),2000,3,unemployment,2003,tgcn,11.658,
RWA-fed(KEN+TZA+UGA),2000,3,unemployment,2003,persistence_scarcity,11.658,0.04100000000000037
RWA-fed(KEN+TZA+UGA),2000,3,unemployment,2003,chronos_scarcity,11.658,0.31996726226806693
RWA-fed(KEN+TZA+UGA),2000,3,unemployment,2003,gnn_scarcity,11.658,0.07701396179199271
RWA-fed(KEN+TZA+UGA),2000,5,unemployment,2005,persistence,11.842,0.14300000000000068
RWA-fed(KEN+TZA+UGA),2000,5,unemployment,2005,arima,11.842,0.04492537557611698
RWA-fed(KEN+TZA+UGA),2000,5,unemployment,2005,chronos,11.842,0.13596726226806588
RWA-fed(KEN+TZA+UGA),2000,5,unemployment,2005,xgb_blind,11.842,0.5780000610351568
RWA-fed(KEN+TZA+UGA),2000,5,unemployment,2005,xgb_lag,11.842,0.04492537557611698
RWA-fed(KEN+TZA+UGA),2000,5,unemployment,2005,xgb_typed,11.842,0.04492537557611698
RWA-fed(KEN+TZA+UGA),2000,5,unemployment,2005,lgbm_blind,11.842,0.33283328247070365
RWA-fed(KEN+TZA+UGA),2000,5,unemployment,2005,lgbm_lag,11.842,0.04492537557611698
RWA-fed(KEN+TZA+UGA),2000,5,unemployment,2005,lgbm_typed,11.842,0.04492537557611698
RWA-fed(KEN+TZA+UGA),2000,5,unemployment,2005,tft,11.842,0.15056420135497994
RWA-fed(KEN+TZA+UGA),2000,5,unemployment,2005,tgcn,11.842,
RWA-fed(KEN+TZA+UGA),2000,5,unemployment,2005,persistence_scarcity,11.842,0.14300000000000068
RWA-fed(KEN+TZA+UGA),2000,5,unemployment,2005,chronos_scarcity,11.842,0.13596726226806588
RWA-fed(KEN+TZA+UGA),2000,5,unemployment,2005,gnn_scarcity,11.842,0.08800410461425834
RWA-fed(KEN+TZA+UGA),2000,1,exports_gdp,2001,persistence,7.26898430311878,1.8918058113353604
RWA-fed(KEN+TZA+UGA),2000,1,exports_gdp,2001,arima,7.26898430311878,1.8765272762743157
RWA-fed(KEN+TZA+UGA),2000,1,exports_gdp,2001,chronos,7.26898430311878,1.6083822103758605
RWA-fed(KEN+TZA+UGA),2000,1,exports_gdp,2001,xgb_blind,7.26898430311878,2.0319757314940246
RWA-fed(KEN+TZA+UGA),2000,1,exports_gdp,2001,xgb_lag,7.26898430311878,1.8765272762743157
RWA-fed(KEN+TZA+UGA),2000,1,exports_gdp,2001,xgb_typed,7.26898430311878,1.8765272762743157
RWA-fed(KEN+TZA+UGA),2000,1,exports_gdp,2001,lgbm_blind,7.26898430311878,1.2972399565001282
RWA-fed(KEN+TZA+UGA),2000,1,exports_gdp,2001,lgbm_lag,7.26898430311878,1.8765272762743157
RWA-fed(KEN+TZA+UGA),2000,1,exports_gdp,2001,lgbm_typed,7.26898430311878,1.8765272762743157
RWA-fed(KEN+TZA+UGA),2000,1,exports_gdp,2001,tft,7.26898430311878,1.923768505694464
RWA-fed(KEN+TZA+UGA),2000,1,exports_gdp,2001,tgcn,7.26898430311878,
RWA-fed(KEN+TZA+UGA),2000,1,exports_gdp,2001,persistence_scarcity,7.26898430311878,1.8918058113353604
RWA-fed(KEN+TZA+UGA),2000,1,exports_gdp,2001,chronos_scarcity,7.26898430311878,1.6083822103758605
RWA-fed(KEN+TZA+UGA),2000,1,exports_gdp,2001,gnn_scarcity,7.26898430311878,1.5133290144224913
RWA-fed(KEN+TZA+UGA),2000,3,exports_gdp,2003,persistence,7.77665392566841,2.39947543388499
RWA-fed(KEN+TZA+UGA),2000,3,exports_gdp,2003,arima,7.77665392566841,2.387937876069822
RWA-fed(KEN+TZA+UGA),2000,3,exports_gdp,2003,chronos,7.77665392566841,2.3119970958344256
RWA-fed(KEN+TZA+UGA),2000,3,exports_gdp,2003,xgb_blind,7.77665392566841,2.548600355874709
RWA-fed(KEN+TZA+UGA),2000,3,exports_gdp,2003,xgb_lag,7.77665392566841,2.387937876069822
RWA-fed(KEN+TZA+UGA),2000,3,exports_gdp,2003,xgb_typed,7.77665392566841,2.387937876069822
RWA-fed(KEN+TZA+UGA),2000,3,exports_gdp,2003,lgbm_blind,7.77665392566841,1.9226000707260882
RWA-fed(KEN+TZA+UGA),2000,3,exports_gdp,2003,lgbm_lag,7.77665392566841,2.387937876069822
RWA-fed(KEN+TZA+UGA),2000,3,exports_gdp,2003,lgbm_typed,7.77665392566841,2.387937876069822
RWA-fed(KEN+TZA+UGA),2000,3,exports_gdp,2003,tft,7.77665392566841,2.37750260044258
RWA-fed(KEN+TZA+UGA),2000,3,exports_gdp,2003,tgcn,7.77665392566841,
RWA-fed(KEN+TZA+UGA),2000,3,exports_gdp,2003,persistence_scarcity,7.77665392566841,2.39947543388499
RWA-fed(KEN+TZA+UGA),2000,3,exports_gdp,2003,chronos_scarcity,7.77665392566841,2.3119970958344256
RWA-fed(KEN+TZA+UGA),2000,3,exports_gdp,2003,gnn_scarcity,7.77665392566841,2.0439168613068377
RWA-fed(KEN+TZA+UGA),2000,5,exports_gdp,2005,persistence,10.6879847934518,5.31080630166838
RWA-fed(KEN+TZA+UGA),2000,5,exports_gdp,2005,arima,10.6879847934518,5.299954829397258
RWA-fed(KEN+TZA+UGA),2000,5,exports_gdp,2005,chronos,10.6879847934518,5.02738556173183
RWA-fed(KEN+TZA+UGA),2000,5,exports_gdp,2005,xgb_blind,10.6879847934518,3.344525187281146
RWA-fed(KEN+TZA+UGA),2000,5,exports_gdp,2005,xgb_lag,10.6879847934518,5.299954829397258
RWA-fed(KEN+TZA+UGA),2000,5,exports_gdp,2005,xgb_typed,10.6879847934518,5.299954829397258
RWA-fed(KEN+TZA+UGA),2000,5,exports_gdp,2005,lgbm_blind,10.6879847934518,4.795551626947894
RWA-fed(KEN+TZA+UGA),2000,5,exports_gdp,2005,lgbm_lag,10.6879847934518,5.299954829397258
RWA-fed(KEN+TZA+UGA),2000,5,exports_gdp,2005,lgbm_typed,10.6879847934518,5.299954829397258
RWA-fed(KEN+TZA+UGA),2000,5,exports_gdp,2005,tft,10.6879847934518,5.182293741968646
RWA-fed(KEN+TZA+UGA),2000,5,exports_gdp,2005,tgcn,10.6879847934518,
RWA-fed(KEN+TZA+UGA),2000,5,exports_gdp,2005,persistence_scarcity,10.6879847934518,5.31080630166838
RWA-fed(KEN+TZA+UGA),2000,5,exports_gdp,2005,chronos_scarcity,10.6879847934518,5.02738556173183
RWA-fed(KEN+TZA+UGA),2000,5,exports_gdp,2005,gnn_scarcity,10.6879847934518,4.917577593592181
RWA-fed(KEN+TZA+UGA),2000,1,imports_gdp,2001,persistence,21.9299251345738,0.17776019868729875
RWA-fed(KEN+TZA+UGA),2000,1,imports_gdp,2001,arima,21.9299251345738,0.09786798213907133
RWA-fed(KEN+TZA+UGA),2000,1,imports_gdp,2001,chronos,21.9299251345738,1.4506580142124719
RWA-fed(KEN+TZA+UGA),2000,1,imports_gdp,2001,xgb_blind,21.9299251345738,5.151125738228934
RWA-fed(KEN+TZA+UGA),2000,1,imports_gdp,2001,xgb_lag,21.9299251345738,0.09786798213907133
RWA-fed(KEN+TZA+UGA),2000,1,imports_gdp,2001,xgb_typed,21.9299251345738,0.09786798213907133
RWA-fed(KEN+TZA+UGA),2000,1,imports_gdp,2001,lgbm_blind,21.9299251345738,4.724392530526298
RWA-fed(KEN+TZA+UGA),2000,1,imports_gdp,2001,lgbm_lag,21.9299251345738,0.09786798213907133
RWA-fed(KEN+TZA+UGA),2000,1,imports_gdp,2001,lgbm_typed,21.9299251345738,0.09786798213907133
RWA-fed(KEN+TZA+UGA),2000,1,imports_gdp,2001,tft,21.9299251345738,0.181677648629325
RWA-fed(KEN+TZA+UGA),2000,1,imports_gdp,2001,tgcn,21.9299251345738,
RWA-fed(KEN+TZA+UGA),2000,1,imports_gdp,2001,persistence_scarcity,21.9299251345738,0.17776019868729875
RWA-fed(KEN+TZA+UGA),2000,1,imports_gdp,2001,chronos_scarcity,21.9299251345738,1.4506580142124719
RWA-fed(KEN+TZA+UGA),2000,1,imports_gdp,2001,gnn_scarcity,21.9299251345738,0.7357357235804969
RWA-fed(KEN+TZA+UGA),2000,3,imports_gdp,2003,persistence,21.5339703097417,0.573715023519398
RWA-fed(KEN+TZA+UGA),2000,3,imports_gdp,2003,arima,21.5339703097417,0.5133726969081991
RWA-fed(KEN+TZA+UGA),2000,3,imports_gdp,2003,chronos,21.5339703097417,2.2703728213383805
RWA-fed(KEN+TZA+UGA),2000,3,imports_gdp,2003,xgb_blind,21.5339703097417,0.667752789013182
RWA-fed(KEN+TZA+UGA),2000,3,imports_gdp,2003,xgb_lag,21.5339703097417,0.5133726969081991
RWA-fed(KEN+TZA+UGA),2000,3,imports_gdp,2003,xgb_typed,21.5339703097417,0.5133726969081991
RWA-fed(KEN+TZA+UGA),2000,3,imports_gdp,2003,lgbm_blind,21.5339703097417,7.244125889293944
RWA-fed(KEN+TZA+UGA),2000,3,imports_gdp,2003,lgbm_lag,21.5339703097417,0.5133726969081991
RWA-fed(KEN+TZA+UGA),2000,3,imports_gdp,2003,lgbm_typed,21.5339703097417,0.5133726969081991
RWA-fed(KEN+TZA+UGA),2000,3,imports_gdp,2003,tft,21.5339703097417,0.564105556957518
RWA-fed(KEN+TZA+UGA),2000,3,imports_gdp,2003,tgcn,21.5339703097417,
RWA-fed(KEN+TZA+UGA),2000,3,imports_gdp,2003,persistence_scarcity,21.5339703097417,0.573715023519398
RWA-fed(KEN+TZA+UGA),2000,3,imports_gdp,2003,chronos_scarcity,21.5339703097417,2.2703728213383805
RWA-fed(KEN+TZA+UGA),2000,3,imports_gdp,2003,gnn_scarcity,21.5339703097417,0.7766509518549789
RWA-fed(KEN+TZA+UGA),2000,5,imports_gdp,2005,persistence,23.5285535484134,1.4208682151523
RWA-fed(KEN+TZA+UGA),2000,5,imports_gdp,2005,arima,23.5285535484134,1.4776423283928892
RWA-fed(KEN+TZA+UGA),2000,5,imports_gdp,2005,chronos,23.5285535484134,6.976814809399727
RWA-fed(KEN+TZA+UGA),2000,5,imports_gdp,2005,xgb_blind,23.5285535484134,0.046039041918632506
RWA-fed(KEN+TZA+UGA),2000,5,imports_gdp,2005,xgb_lag,23.5285535484134,1.4776423283928892
RWA-fed(KEN+TZA+UGA),2000,5,imports_gdp,2005,xgb_typed,23.5285535484134,1.4776423283928892
RWA-fed(KEN+TZA+UGA),2000,5,imports_gdp,2005,lgbm_blind,23.5285535484134,0.6261069943925897
RWA-fed(KEN+TZA+UGA),2000,5,imports_gdp,2005,lgbm_lag,23.5285535484134,1.4776423283928892
RWA-fed(KEN+TZA+UGA),2000,5,imports_gdp,2005,lgbm_typed,23.5285535484134,1.4776423283928892
RWA-fed(KEN+TZA+UGA),2000,5,imports_gdp,2005,tft,23.5285535484134,1.43108803327668
RWA-fed(KEN+TZA+UGA),2000,5,imports_gdp,2005,tgcn,23.5285535484134,
RWA-fed(KEN+TZA+UGA),2000,5,imports_gdp,2005,persistence_scarcity,23.5285535484134,1.4208682151523
RWA-fed(KEN+TZA+UGA),2000,5,imports_gdp,2005,chronos_scarcity,23.5285535484134,6.976814809399727
RWA-fed(KEN+TZA+UGA),2000,5,imports_gdp,2005,gnn_scarcity,23.5285535484134,0.6343618064700394
RWA-fed(KEN+TZA+UGA),2000,1,current_account,2001,persistence,-6.51687014325837,0.0
RWA-fed(KEN+TZA+UGA),2000,1,current_account,2001,arima,-6.51687014325837,0.0
RWA-fed(KEN+TZA+UGA),2000,1,current_account,2001,chronos,-6.51687014325837,0.019112231576241534
RWA-fed(KEN+TZA+UGA),2000,1,current_account,2001,xgb_blind,-6.51687014325837,1.2143830208088957e-07
RWA-fed(KEN+TZA+UGA),2000,1,current_account,2001,xgb_lag,-6.51687014325837,0.0
RWA-fed(KEN+TZA+UGA),2000,1,current_account,2001,xgb_typed,-6.51687014325837,0.0
RWA-fed(KEN+TZA+UGA),2000,1,current_account,2001,lgbm_blind,-6.51687014325837,1.2143830208088957e-07
RWA-fed(KEN+TZA+UGA),2000,1,current_account,2001,lgbm_lag,-6.51687014325837,0.0
RWA-fed(KEN+TZA+UGA),2000,1,current_account,2001,lgbm_typed,-6.51687014325837,0.0
RWA-fed(KEN+TZA+UGA),2000,1,current_account,2001,tft,-6.51687014325837,0.081615803396903
RWA-fed(KEN+TZA+UGA),2000,1,current_account,2001,tgcn,-6.51687014325837,
RWA-fed(KEN+TZA+UGA),2000,1,current_account,2001,persistence_scarcity,-6.51687014325837,0.0
RWA-fed(KEN+TZA+UGA),2000,1,current_account,2001,chronos_scarcity,-6.51687014325837,0.019112231576241534
RWA-fed(KEN+TZA+UGA),2000,1,current_account,2001,gnn_scarcity,-6.51687014325837,1.0751126184871396e-06
RWA-fed(KEN+TZA+UGA),2000,3,current_account,2003,persistence,-6.51687014325837,0.0
RWA-fed(KEN+TZA+UGA),2000,3,current_account,2003,arima,-6.51687014325837,0.0
RWA-fed(KEN+TZA+UGA),2000,3,current_account,2003,chronos,-6.51687014325837,0.019112231576241534
RWA-fed(KEN+TZA+UGA),2000,3,current_account,2003,xgb_blind,-6.51687014325837,1.2143830208088957e-07
RWA-fed(KEN+TZA+UGA),2000,3,current_account,2003,xgb_lag,-6.51687014325837,0.0
RWA-fed(KEN+TZA+UGA),2000,3,current_account,2003,xgb_typed,-6.51687014325837,0.0
RWA-fed(KEN+TZA+UGA),2000,3,current_account,2003,lgbm_blind,-6.51687014325837,1.2143830208088957e-07
RWA-fed(KEN+TZA+UGA),2000,3,current_account,2003,lgbm_lag,-6.51687014325837,0.0
RWA-fed(KEN+TZA+UGA),2000,3,current_account,2003,lgbm_typed,-6.51687014325837,0.0
RWA-fed(KEN+TZA+UGA),2000,3,current_account,2003,tft,-6.51687014325837,0.07976805940886589
RWA-fed(KEN+TZA+UGA),2000,3,current_account,2003,tgcn,-6.51687014325837,
RWA-fed(KEN+TZA+UGA),2000,3,current_account,2003,persistence_scarcity,-6.51687014325837,0.0
RWA-fed(KEN+TZA+UGA),2000,3,current_account,2003,chronos_scarcity,-6.51687014325837,0.019112231576241534
RWA-fed(KEN+TZA+UGA),2000,3,current_account,2003,gnn_scarcity,-6.51687014325837,5.982754602840146e-07
RWA-fed(KEN+TZA+UGA),2000,5,current_account,2005,persistence,-6.51687014325837,0.0
RWA-fed(KEN+TZA+UGA),2000,5,current_account,2005,arima,-6.51687014325837,0.0
RWA-fed(KEN+TZA+UGA),2000,5,current_account,2005,chronos,-6.51687014325837,0.019112231576241534
RWA-fed(KEN+TZA+UGA),2000,5,current_account,2005,xgb_blind,-6.51687014325837,1.2143830208088957e-07
RWA-fed(KEN+TZA+UGA),2000,5,current_account,2005,xgb_lag,-6.51687014325837,0.0
RWA-fed(KEN+TZA+UGA),2000,5,current_account,2005,xgb_typed,-6.51687014325837,0.0
RWA-fed(KEN+TZA+UGA),2000,5,current_account,2005,lgbm_blind,-6.51687014325837,1.2143830208088957e-07
RWA-fed(KEN+TZA+UGA),2000,5,current_account,2005,lgbm_lag,-6.51687014325837,0.0
RWA-fed(KEN+TZA+UGA),2000,5,current_account,2005,lgbm_typed,-6.51687014325837,0.0
RWA-fed(KEN+TZA+UGA),2000,5,current_account,2005,tft,-6.51687014325837,0.06624781862517448
RWA-fed(KEN+TZA+UGA),2000,5,current_account,2005,tgcn,-6.51687014325837,
RWA-fed(KEN+TZA+UGA),2000,5,current_account,2005,persistence_scarcity,-6.51687014325837,0.0
RWA-fed(KEN+TZA+UGA),2000,5,current_account,2005,chronos_scarcity,-6.51687014325837,0.019112231576241534
RWA-fed(KEN+TZA+UGA),2000,5,current_account,2005,gnn_scarcity,-6.51687014325837,1.0751126184871396e-06
RWA-fed(KEN+TZA+UGA),2000,1,real_interest_rate,2001,persistence,16.8127610440375,4.022910023754202
RWA-fed(KEN+TZA+UGA),2000,1,real_interest_rate,2001,arima,16.8127610440375,10.867246426173153
RWA-fed(KEN+TZA+UGA),2000,1,real_interest_rate,2001,chronos,16.8127610440375,10.21813270999209
RWA-fed(KEN+TZA+UGA),2000,1,real_interest_rate,2001,xgb_blind,16.8127610440375,5.425258373749415
RWA-fed(KEN+TZA+UGA),2000,1,real_interest_rate,2001,xgb_lag,16.8127610440375,10.867246426173153
RWA-fed(KEN+TZA+UGA),2000,1,real_interest_rate,2001,xgb_typed,16.8127610440375,10.867246426173153
RWA-fed(KEN+TZA+UGA),2000,1,real_interest_rate,2001,lgbm_blind,16.8127610440375,9.682976531517664
RWA-fed(KEN+TZA+UGA),2000,1,real_interest_rate,2001,lgbm_lag,16.8127610440375,10.867246426173153
RWA-fed(KEN+TZA+UGA),2000,1,real_interest_rate,2001,lgbm_typed,16.8127610440375,10.867246426173153
RWA-fed(KEN+TZA+UGA),2000,1,real_interest_rate,2001,tft,16.8127610440375,1.316604351532618
RWA-fed(KEN+TZA+UGA),2000,1,real_interest_rate,2001,tgcn,16.8127610440375,
RWA-fed(KEN+TZA+UGA),2000,1,real_interest_rate,2001,persistence_scarcity,16.8127610440375,4.022910023754202
RWA-fed(KEN+TZA+UGA),2000,1,real_interest_rate,2001,chronos_scarcity,16.8127610440375,10.21813270999209
RWA-fed(KEN+TZA+UGA),2000,1,real_interest_rate,2001,gnn_scarcity,16.8127610440375,10.44115517092959
RWA-fed(KEN+TZA+UGA),2000,3,real_interest_rate,2003,persistence,-3.62974030697583,16.41959132725913
RWA-fed(KEN+TZA+UGA),2000,3,real_interest_rate,2003,arima,-3.62974030697583,10.469650525371883
RWA-fed(KEN+TZA+UGA),2000,3,real_interest_rate,2003,chronos,-3.62974030697583,9.26373631680249
RWA-fed(KEN+TZA+UGA),2000,3,real_interest_rate,2003,xgb_blind,-3.62974030697583,10.554503509643066
RWA-fed(KEN+TZA+UGA),2000,3,real_interest_rate,2003,xgb_lag,-3.62974030697583,10.469650525371883
RWA-fed(KEN+TZA+UGA),2000,3,real_interest_rate,2003,xgb_typed,-3.62974030697583,10.469650525371883
RWA-fed(KEN+TZA+UGA),2000,3,real_interest_rate,2003,lgbm_blind,-3.62974030697583,10.888904789330947
RWA-fed(KEN+TZA+UGA),2000,3,real_interest_rate,2003,lgbm_lag,-3.62974030697583,10.469650525371883
RWA-fed(KEN+TZA+UGA),2000,3,real_interest_rate,2003,lgbm_typed,-3.62974030697583,10.469650525371883
RWA-fed(KEN+TZA+UGA),2000,3,real_interest_rate,2003,tft,-3.62974030697583,16.063995906951416
RWA-fed(KEN+TZA+UGA),2000,3,real_interest_rate,2003,tgcn,-3.62974030697583,
RWA-fed(KEN+TZA+UGA),2000,3,real_interest_rate,2003,persistence_scarcity,-3.62974030697583,16.41959132725913
RWA-fed(KEN+TZA+UGA),2000,3,real_interest_rate,2003,chronos_scarcity,-3.62974030697583,9.26373631680249
RWA-fed(KEN+TZA+UGA),2000,3,real_interest_rate,2003,gnn_scarcity,-3.62974030697583,9.91258771145581
RWA-fed(KEN+TZA+UGA),2000,5,real_interest_rate,2005,persistence,6.18940676674981,6.600444253533489
RWA-fed(KEN+TZA+UGA),2000,5,real_interest_rate,2005,arima,6.18940676674981,1.289777392837145
RWA-fed(KEN+TZA+UGA),2000,5,real_interest_rate,2005,chronos,6.18940676674981,0.4052215672955999
RWA-fed(KEN+TZA+UGA),2000,5,real_interest_rate,2005,xgb_blind,6.18940676674981,2.9181762792096624
RWA-fed(KEN+TZA+UGA),2000,5,real_interest_rate,2005,xgb_lag,6.18940676674981,1.289777392837145
RWA-fed(KEN+TZA+UGA),2000,5,real_interest_rate,2005,xgb_typed,6.18940676674981,1.289777392837145
RWA-fed(KEN+TZA+UGA),2000,5,real_interest_rate,2005,lgbm_blind,6.18940676674981,1.28539099866411
RWA-fed(KEN+TZA+UGA),2000,5,real_interest_rate,2005,lgbm_lag,6.18940676674981,1.289777392837145
RWA-fed(KEN+TZA+UGA),2000,5,real_interest_rate,2005,lgbm_typed,6.18940676674981,1.289777392837145
RWA-fed(KEN+TZA+UGA),2000,5,real_interest_rate,2005,tft,6.18940676674981,0.6600769899858943
RWA-fed(KEN+TZA+UGA),2000,5,real_interest_rate,2005,tgcn,6.18940676674981,
RWA-fed(KEN+TZA+UGA),2000,5,real_interest_rate,2005,persistence_scarcity,6.18940676674981,6.600444253533489
RWA-fed(KEN+TZA+UGA),2000,5,real_interest_rate,2005,chronos_scarcity,6.18940676674981,0.4052215672955999
RWA-fed(KEN+TZA+UGA),2000,5,real_interest_rate,2005,gnn_scarcity,6.18940676674981,0.2393303967938909
RWA-fed(KEN+TZA+UGA),2000,1,broad_money,2001,persistence,13.6638227776705,0.49264920077030006
RWA-fed(KEN+TZA+UGA),2000,1,broad_money,2001,arima,13.6638227776705,0.3905763060520844
RWA-fed(KEN+TZA+UGA),2000,1,broad_money,2001,chronos,13.6638227776705,0.2556461020292069
RWA-fed(KEN+TZA+UGA),2000,1,broad_money,2001,xgb_blind,13.6638227776705,1.3975042029203202
RWA-fed(KEN+TZA+UGA),2000,1,broad_money,2001,xgb_lag,13.6638227776705,0.3905763060520844
RWA-fed(KEN+TZA+UGA),2000,1,broad_money,2001,xgb_typed,13.6638227776705,0.3905763060520844
RWA-fed(KEN+TZA+UGA),2000,1,broad_money,2001,lgbm_blind,13.6638227776705,2.038195006448152
RWA-fed(KEN+TZA+UGA),2000,1,broad_money,2001,lgbm_lag,13.6638227776705,0.3905763060520844
RWA-fed(KEN+TZA+UGA),2000,1,broad_money,2001,lgbm_typed,13.6638227776705,0.3905763060520844
RWA-fed(KEN+TZA+UGA),2000,1,broad_money,2001,tft,13.6638227776705,0.5365680380643632
RWA-fed(KEN+TZA+UGA),2000,1,broad_money,2001,tgcn,13.6638227776705,
RWA-fed(KEN+TZA+UGA),2000,1,broad_money,2001,persistence_scarcity,13.6638227776705,0.49264920077030006
RWA-fed(KEN+TZA+UGA),2000,1,broad_money,2001,chronos_scarcity,13.6638227776705,0.2556461020292069
RWA-fed(KEN+TZA+UGA),2000,1,broad_money,2001,gnn_scarcity,13.6638227776705,1.3975080176175858
RWA-fed(KEN+TZA+UGA),2000,3,broad_money,2003,persistence,13.983088097597,0.17338388084380085
RWA-fed(KEN+TZA+UGA),2000,3,broad_money,2003,arima,13.983088097597,0.08910702772516466
RWA-fed(KEN+TZA+UGA),2000,3,broad_money,2003,chronos,13.983088097597,0.5091985845319069
RWA-fed(KEN+TZA+UGA),2000,3,broad_money,2003,xgb_blind,13.983088097597,0.07840784552180402
RWA-fed(KEN+TZA+UGA),2000,3,broad_money,2003,xgb_lag,13.983088097597,0.08910702772516466
RWA-fed(KEN+TZA+UGA),2000,3,broad_money,2003,xgb_typed,13.983088097597,0.08910702772516466
RWA-fed(KEN+TZA+UGA),2000,3,broad_money,2003,lgbm_blind,13.983088097597,2.1614463710538185
RWA-fed(KEN+TZA+UGA),2000,3,broad_money,2003,lgbm_lag,13.983088097597,0.08910702772516466
RWA-fed(KEN+TZA+UGA),2000,3,broad_money,2003,lgbm_typed,13.983088097597,0.08910702772516466
RWA-fed(KEN+TZA+UGA),2000,3,broad_money,2003,tft,13.983088097597,0.16357652184880145
RWA-fed(KEN+TZA+UGA),2000,3,broad_money,2003,tgcn,13.983088097597,
RWA-fed(KEN+TZA+UGA),2000,3,broad_money,2003,persistence_scarcity,13.983088097597,0.17338388084380085
RWA-fed(KEN+TZA+UGA),2000,3,broad_money,2003,chronos_scarcity,13.983088097597,0.5091985845319069
RWA-fed(KEN+TZA+UGA),2000,3,broad_money,2003,gnn_scarcity,13.983088097597,1.0077060842267311
RWA-fed(KEN+TZA+UGA),2000,5,broad_money,2005,persistence,13.7624375262056,0.39403445223519995
RWA-fed(KEN+TZA+UGA),2000,5,broad_money,2005,arima,13.7624375262056,0.31065810736380506
RWA-fed(KEN+TZA+UGA),2000,5,broad_money,2005,chronos,13.7624375262056,0.7871344647611966
RWA-fed(KEN+TZA+UGA),2000,5,broad_money,2005,xgb_blind,13.7624375262056,0.9766324124540677
RWA-fed(KEN+TZA+UGA),2000,5,broad_money,2005,xgb_lag,13.7624375262056,0.31065810736380506
RWA-fed(KEN+TZA+UGA),2000,5,broad_money,2005,xgb_typed,13.7624375262056,0.31065810736380506
RWA-fed(KEN+TZA+UGA),2000,5,broad_money,2005,lgbm_blind,13.7624375262056,1.7621334157194486
RWA-fed(KEN+TZA+UGA),2000,5,broad_money,2005,lgbm_lag,13.7624375262056,0.31065810736380506
RWA-fed(KEN+TZA+UGA),2000,5,broad_money,2005,lgbm_typed,13.7624375262056,0.31065810736380506
RWA-fed(KEN+TZA+UGA),2000,5,broad_money,2005,tft,13.7624375262056,0.3777821622099271
RWA-fed(KEN+TZA+UGA),2000,5,broad_money,2005,tgcn,13.7624375262056,
RWA-fed(KEN+TZA+UGA),2000,5,broad_money,2005,persistence_scarcity,13.7624375262056,0.39403445223519995
RWA-fed(KEN+TZA+UGA),2000,5,broad_money,2005,chronos_scarcity,13.7624375262056,0.7871344647611966
RWA-fed(KEN+TZA+UGA),2000,5,broad_money,2005,gnn_scarcity,13.7624375262056,1.3442957959379545
RWA-fed(KEN+TZA+UGA),2000,1,private_credit,2001,persistence,9.07881915008174,0.34656365859633986
RWA-fed(KEN+TZA+UGA),2000,1,private_credit,2001,arima,9.07881915008174,0.39171349311735604
RWA-fed(KEN+TZA+UGA),2000,1,private_credit,2001,chronos,9.07881915008174,0.1347855273400409
RWA-fed(KEN+TZA+UGA),2000,1,private_credit,2001,xgb_blind,9.07881915008174,0.5368727389489276
RWA-fed(KEN+TZA+UGA),2000,1,private_credit,2001,xgb_lag,9.07881915008174,3.070800179592238
RWA-fed(KEN+TZA+UGA),2000,1,private_credit,2001,xgb_typed,9.07881915008174,0.8074148837243182
RWA-fed(KEN+TZA+UGA),2000,1,private_credit,2001,lgbm_blind,9.07881915008174,1.4615174952660661
RWA-fed(KEN+TZA+UGA),2000,1,private_credit,2001,lgbm_lag,9.07881915008174,1.4615174952660661
RWA-fed(KEN+TZA+UGA),2000,1,private_credit,2001,lgbm_typed,9.07881915008174,1.4615174952660661
RWA-fed(KEN+TZA+UGA),2000,1,private_credit,2001,tft,9.07881915008174,0.7502707186852557
RWA-fed(KEN+TZA+UGA),2000,1,private_credit,2001,tgcn,9.07881915008174,
RWA-fed(KEN+TZA+UGA),2000,1,private_credit,2001,persistence_scarcity,9.07881915008174,0.7011257027400166
RWA-fed(KEN+TZA+UGA),2000,1,private_credit,2001,chronos_scarcity,9.07881915008174,0.32414726262043025
RWA-fed(KEN+TZA+UGA),2000,1,private_credit,2001,gnn_scarcity,9.07881915008174,0.5451210681115253
RWA-fed(KEN+TZA+UGA),2000,3,private_credit,2003,persistence,8.92957351693816,0.19731802545275912
RWA-fed(KEN+TZA+UGA),2000,3,private_credit,2003,arima,8.92957351693816,0.2376147239521007
RWA-fed(KEN+TZA+UGA),2000,3,private_credit,2003,chronos,8.92957351693816,0.37320564279265156
RWA-fed(KEN+TZA+UGA),2000,3,private_credit,2003,xgb_blind,8.92957351693816,0.4727301407784914
RWA-fed(KEN+TZA+UGA),2000,3,private_credit,2003,xgb_lag,8.92957351693816,0.7483506392508055
RWA-fed(KEN+TZA+UGA),2000,3,private_credit,2003,xgb_typed,8.92957351693816,2.3689546395272707
RWA-fed(KEN+TZA+UGA),2000,3,private_credit,2003,lgbm_blind,8.92957351693816,0.7573040533990358
RWA-fed(KEN+TZA+UGA),2000,3,private_credit,2003,lgbm_lag,8.92957351693816,0.7573040533990358
RWA-fed(KEN+TZA+UGA),2000,3,private_credit,2003,lgbm_typed,8.92957351693816,0.7573040533990358
RWA-fed(KEN+TZA+UGA),2000,3,private_credit,2003,tft,8.92957351693816,0.6857390213937258
RWA-fed(KEN+TZA+UGA),2000,3,private_credit,2003,tgcn,8.92957351693816,
RWA-fed(KEN+TZA+UGA),2000,3,private_credit,2003,persistence_scarcity,8.92957351693816,0.04679051838603243
RWA-fed(KEN+TZA+UGA),2000,3,private_credit,2003,chronos_scarcity,8.92957351693816,0.3559594132331316
RWA-fed(KEN+TZA+UGA),2000,3,private_credit,2003,gnn_scarcity,8.92957351693816,0.35178325662321797
RWA-fed(KEN+TZA+UGA),2000,5,private_credit,2005,persistence,10.3108984751212,1.578642983635799
RWA-fed(KEN+TZA+UGA),2000,5,private_credit,2005,arima,10.3108984751212,1.618866861355075
RWA-fed(KEN+TZA+UGA),2000,5,private_credit,2005,chronos,10.3108984751212,2.1421982569205156
RWA-fed(KEN+TZA+UGA),2000,5,private_credit,2005,xgb_blind,10.3108984751212,1.857923201988875
RWA-fed(KEN+TZA+UGA),2000,5,private_credit,2005,xgb_lag,10.3108984751212,3.397661857079207
RWA-fed(KEN+TZA+UGA),2000,5,private_credit,2005,xgb_typed,10.3108984751212,1.9512917322623125
RWA-fed(KEN+TZA+UGA),2000,5,private_credit,2005,lgbm_blind,10.3108984751212,2.116443248858788
RWA-fed(KEN+TZA+UGA),2000,5,private_credit,2005,lgbm_lag,10.3108984751212,2.116443248858788
RWA-fed(KEN+TZA+UGA),2000,5,private_credit,2005,lgbm_typed,10.3108984751212,2.116443248858788
RWA-fed(KEN+TZA+UGA),2000,5,private_credit,2005,tft,10.3108984751212,2.0769144815909257
RWA-fed(KEN+TZA+UGA),2000,5,private_credit,2005,tgcn,10.3108984751212,
RWA-fed(KEN+TZA+UGA),2000,5,private_credit,2005,persistence_scarcity,10.3108984751212,0.10207865695105411
RWA-fed(KEN+TZA+UGA),2000,5,private_credit,2005,chronos_scarcity,10.3108984751212,1.84940003044154
RWA-fed(KEN+TZA+UGA),2000,5,private_credit,2005,gnn_scarcity,10.3108984751212,2.3005253595816484
RWA-fed(KEN+TZA+UGA),2000,1,govt_consumption,2001,persistence,16.3369036268068,0.2721851065731009
RWA-fed(KEN+TZA+UGA),2000,1,govt_consumption,2001,arima,16.3369036268068,0.290037370699725
RWA-fed(KEN+TZA+UGA),2000,1,govt_consumption,2001,chronos,16.3369036268068,1.6050406049562156
RWA-fed(KEN+TZA+UGA),2000,1,govt_consumption,2001,xgb_blind,16.3369036268068,0.4340410779786765
RWA-fed(KEN+TZA+UGA),2000,1,govt_consumption,2001,xgb_lag,16.3369036268068,0.290037370699725
RWA-fed(KEN+TZA+UGA),2000,1,govt_consumption,2001,xgb_typed,16.3369036268068,0.290037370699725
RWA-fed(KEN+TZA+UGA),2000,1,govt_consumption,2001,lgbm_blind,16.3369036268068,3.748730237371987
RWA-fed(KEN+TZA+UGA),2000,1,govt_consumption,2001,lgbm_lag,16.3369036268068,0.290037370699725
RWA-fed(KEN+TZA+UGA),2000,1,govt_consumption,2001,lgbm_typed,16.3369036268068,0.290037370699725
RWA-fed(KEN+TZA+UGA),2000,1,govt_consumption,2001,tft,16.3369036268068,1.405700738318032
RWA-fed(KEN+TZA+UGA),2000,1,govt_consumption,2001,tgcn,16.3369036268068,
RWA-fed(KEN+TZA+UGA),2000,1,govt_consumption,2001,persistence_scarcity,16.3369036268068,0.2721851065731009
RWA-fed(KEN+TZA+UGA),2000,1,govt_consumption,2001,chronos_scarcity,16.3369036268068,1.6050406049562156
RWA-fed(KEN+TZA+UGA),2000,1,govt_consumption,2001,gnn_scarcity,16.3369036268068,4.493272836096352
RWA-fed(KEN+TZA+UGA),2000,3,govt_consumption,2003,persistence,17.0162928992052,0.9515743789715003
RWA-fed(KEN+TZA+UGA),2000,3,govt_consumption,2003,arima,17.0162928992052,0.9707428510612708
RWA-fed(KEN+TZA+UGA),2000,3,govt_consumption,2003,chronos,17.0162928992052,3.7802756720323494
RWA-fed(KEN+TZA+UGA),2000,3,govt_consumption,2003,xgb_blind,17.0162928992052,1.5887282782335213
RWA-fed(KEN+TZA+UGA),2000,3,govt_consumption,2003,xgb_lag,17.0162928992052,0.9707428510612708
RWA-fed(KEN+TZA+UGA),2000,3,govt_consumption,2003,xgb_typed,17.0162928992052,0.9707428510612708
RWA-fed(KEN+TZA+UGA),2000,3,govt_consumption,2003,lgbm_blind,17.0162928992052,4.598250716282838
RWA-fed(KEN+TZA+UGA),2000,3,govt_consumption,2003,lgbm_lag,17.0162928992052,0.9707428510612708
RWA-fed(KEN+TZA+UGA),2000,3,govt_consumption,2003,lgbm_typed,17.0162928992052,0.9707428510612708
RWA-fed(KEN+TZA+UGA),2000,3,govt_consumption,2003,tft,17.0162928992052,2.0395415716905525
RWA-fed(KEN+TZA+UGA),2000,3,govt_consumption,2003,tgcn,17.0162928992052,
RWA-fed(KEN+TZA+UGA),2000,3,govt_consumption,2003,persistence_scarcity,17.0162928992052,0.9515743789715003
RWA-fed(KEN+TZA+UGA),2000,3,govt_consumption,2003,chronos_scarcity,17.0162928992052,3.7802756720323494
RWA-fed(KEN+TZA+UGA),2000,3,govt_consumption,2003,gnn_scarcity,17.0162928992052,5.237823813511842
RWA-fed(KEN+TZA+UGA),2000,5,govt_consumption,2005,persistence,16.4061377334558,0.34141921322209967
RWA-fed(KEN+TZA+UGA),2000,5,govt_consumption,2005,arima,16.4061377334558,0.36059394647814713
RWA-fed(KEN+TZA+UGA),2000,5,govt_consumption,2005,chronos,16.4061377334558,3.8953869628869526
RWA-fed(KEN+TZA+UGA),2000,5,govt_consumption,2005,xgb_blind,16.4061377334558,1.6948511886559956
RWA-fed(KEN+TZA+UGA),2000,5,govt_consumption,2005,xgb_lag,16.4061377334558,0.36059394647814713
RWA-fed(KEN+TZA+UGA),2000,5,govt_consumption,2005,xgb_typed,16.4061377334558,0.36059394647814713
RWA-fed(KEN+TZA+UGA),2000,5,govt_consumption,2005,lgbm_blind,16.4061377334558,4.10310883203775
RWA-fed(KEN+TZA+UGA),2000,5,govt_consumption,2005,lgbm_lag,16.4061377334558,0.36059394647814713
RWA-fed(KEN+TZA+UGA),2000,5,govt_consumption,2005,lgbm_typed,16.4061377334558,0.36059394647814713
RWA-fed(KEN+TZA+UGA),2000,5,govt_consumption,2005,tft,16.4061377334558,1.4294417190515034
RWA-fed(KEN+TZA+UGA),2000,5,govt_consumption,2005,tgcn,16.4061377334558,
RWA-fed(KEN+TZA+UGA),2000,5,govt_consumption,2005,persistence_scarcity,16.4061377334558,0.34141921322209967
RWA-fed(KEN+TZA+UGA),2000,5,govt_consumption,2005,chronos_scarcity,16.4061377334558,3.8953869628869526
RWA-fed(KEN+TZA+UGA),2000,5,govt_consumption,2005,gnn_scarcity,16.4061377334558,4.520564346309804
RWA-fed(KEN+TZA+UGA),2001,1,gdp_growth,2002,persistence,13.1920736254262,4.707513283825101
RWA-fed(KEN+TZA+UGA),2001,1,gdp_growth,2002,arima,13.1920736254262,4.761095197271818
RWA-fed(KEN+TZA+UGA),2001,1,gdp_growth,2002,chronos,13.1920736254262,5.518413823943046
RWA-fed(KEN+TZA+UGA),2001,1,gdp_growth,2002,xgb_blind,13.1920736254262,1.3626678408192667
RWA-fed(KEN+TZA+UGA),2001,1,gdp_growth,2002,xgb_lag,13.1920736254262,4.761095197271818
RWA-fed(KEN+TZA+UGA),2001,1,gdp_growth,2002,xgb_typed,13.1920736254262,4.761095197271818
RWA-fed(KEN+TZA+UGA),2001,1,gdp_growth,2002,lgbm_blind,13.1920736254262,9.838698298922793
RWA-fed(KEN+TZA+UGA),2001,1,gdp_growth,2002,lgbm_lag,13.1920736254262,4.761095197271818
RWA-fed(KEN+TZA+UGA),2001,1,gdp_growth,2002,lgbm_typed,13.1920736254262,4.761095197271818
RWA-fed(KEN+TZA+UGA),2001,1,gdp_growth,2002,tft,13.1920736254262,4.754032892088798
RWA-fed(KEN+TZA+UGA),2001,1,gdp_growth,2002,tgcn,13.1920736254262,
RWA-fed(KEN+TZA+UGA),2001,1,gdp_growth,2002,persistence_scarcity,13.1920736254262,4.707513283825101
RWA-fed(KEN+TZA+UGA),2001,1,gdp_growth,2002,chronos_scarcity,13.1920736254262,5.518413823943046
RWA-fed(KEN+TZA+UGA),2001,1,gdp_growth,2002,gnn_scarcity,13.1920736254262,13.658044141631034
RWA-fed(KEN+TZA+UGA),2001,3,gdp_growth,2004,persistence,7.44766737034072,1.0368929712603796
RWA-fed(KEN+TZA+UGA),2001,3,gdp_growth,2004,arima,7.44766737034072,0.996662722128959
RWA-fed(KEN+TZA+UGA),2001,3,gdp_growth,2004,chronos,7.44766737034072,0.3642947774146945
RWA-fed(KEN+TZA+UGA),2001,3,gdp_growth,2004,xgb_blind,7.44766737034072,5.107220401265725
RWA-fed(KEN+TZA+UGA),2001,3,gdp_growth,2004,xgb_lag,7.44766737034072,0.996662722128959
RWA-fed(KEN+TZA+UGA),2001,3,gdp_growth,2004,xgb_typed,7.44766737034072,0.996662722128959
RWA-fed(KEN+TZA+UGA),2001,3,gdp_growth,2004,lgbm_blind,7.44766737034072,3.7222470012984292
RWA-fed(KEN+TZA+UGA),2001,3,gdp_growth,2004,lgbm_lag,7.44766737034072,0.996662722128959
RWA-fed(KEN+TZA+UGA),2001,3,gdp_growth,2004,lgbm_typed,7.44766737034072,0.996662722128959
RWA-fed(KEN+TZA+UGA),2001,3,gdp_growth,2004,tft,7.44766737034072,0.9641215700889676
RWA-fed(KEN+TZA+UGA),2001,3,gdp_growth,2004,tgcn,7.44766737034072,
RWA-fed(KEN+TZA+UGA),2001,3,gdp_growth,2004,persistence_scarcity,7.44766737034072,1.0368929712603796
RWA-fed(KEN+TZA+UGA),2001,3,gdp_growth,2004,chronos_scarcity,7.44766737034072,0.3642947774146945
RWA-fed(KEN+TZA+UGA),2001,3,gdp_growth,2004,gnn_scarcity,7.44766737034072,8.001139392354592
RWA-fed(KEN+TZA+UGA),2001,5,gdp_growth,2006,persistence,9.22707576798881,0.7425154263877101
RWA-fed(KEN+TZA+UGA),2001,5,gdp_growth,2006,arima,9.22707576798881,0.7797786391651176
RWA-fed(KEN+TZA+UGA),2001,5,gdp_growth,2006,chronos,9.22707576798881,2.8323637967058506
RWA-fed(KEN+TZA+UGA),2001,5,gdp_growth,2006,xgb_blind,9.22707576798881,23.878015326981895
RWA-fed(KEN+TZA+UGA),2001,5,gdp_growth,2006,xgb_lag,9.22707576798881,0.7797786391651176
RWA-fed(KEN+TZA+UGA),2001,5,gdp_growth,2006,xgb_typed,9.22707576798881,0.7797786391651176
RWA-fed(KEN+TZA+UGA),2001,5,gdp_growth,2006,lgbm_blind,9.22707576798881,3.8994301518763894
RWA-fed(KEN+TZA+UGA),2001,5,gdp_growth,2006,lgbm_lag,9.22707576798881,0.7797786391651176
RWA-fed(KEN+TZA+UGA),2001,5,gdp_growth,2006,lgbm_typed,9.22707576798881,0.7797786391651176
RWA-fed(KEN+TZA+UGA),2001,5,gdp_growth,2006,tft,9.22707576798881,0.8220312123247471
RWA-fed(KEN+TZA+UGA),2001,5,gdp_growth,2006,tgcn,9.22707576798881,
RWA-fed(KEN+TZA+UGA),2001,5,gdp_growth,2006,persistence_scarcity,9.22707576798881,0.7425154263877101
RWA-fed(KEN+TZA+UGA),2001,5,gdp_growth,2006,chronos_scarcity,9.22707576798881,2.8323637967058506
RWA-fed(KEN+TZA+UGA),2001,5,gdp_growth,2006,gnn_scarcity,9.22707576798881,2.1371728901811924
RWA-fed(KEN+TZA+UGA),2001,1,inflation_cpi,2002,persistence,1.99258542453993,1.35026964295416
RWA-fed(KEN+TZA+UGA),2001,1,inflation_cpi,2002,arima,1.99258542453993,1.722224348024488
RWA-fed(KEN+TZA+UGA),2001,1,inflation_cpi,2002,chronos,1.99258542453993,2.1092956026817498
RWA-fed(KEN+TZA+UGA),2001,1,inflation_cpi,2002,xgb_blind,1.99258542453993,0.7306785622810188
RWA-fed(KEN+TZA+UGA),2001,1,inflation_cpi,2002,xgb_lag,1.99258542453993,1.722224348024488
RWA-fed(KEN+TZA+UGA),2001,1,inflation_cpi,2002,xgb_typed,1.99258542453993,1.722224348024488
RWA-fed(KEN+TZA+UGA),2001,1,inflation_cpi,2002,lgbm_blind,1.99258542453993,6.801419882744337
RWA-fed(KEN+TZA+UGA),2001,1,inflation_cpi,2002,lgbm_lag,1.99258542453993,1.722224348024488
RWA-fed(KEN+TZA+UGA),2001,1,inflation_cpi,2002,lgbm_typed,1.99258542453993,1.722224348024488
RWA-fed(KEN+TZA+UGA),2001,1,inflation_cpi,2002,tft,1.99258542453993,1.522471423986071
RWA-fed(KEN+TZA+UGA),2001,1,inflation_cpi,2002,tgcn,1.99258542453993,
RWA-fed(KEN+TZA+UGA),2001,1,inflation_cpi,2002,persistence_scarcity,1.99258542453993,1.35026964295416
RWA-fed(KEN+TZA+UGA),2001,1,inflation_cpi,2002,chronos_scarcity,1.99258542453993,2.1092956026817498
RWA-fed(KEN+TZA+UGA),2001,1,inflation_cpi,2002,gnn_scarcity,1.99258542453993,5.440940614583605
RWA-fed(KEN+TZA+UGA),2001,3,inflation_cpi,2004,persistence,12.2507102894391,8.90785522194501
RWA-fed(KEN+TZA+UGA),2001,3,inflation_cpi,2004,arima,12.2507102894391,8.618369583992838
RWA-fed(KEN+TZA+UGA),2001,3,inflation_cpi,2004,chronos,12.2507102894391,8.568704645594496
RWA-fed(KEN+TZA+UGA),2001,3,inflation_cpi,2004,xgb_blind,12.2507102894391,7.178354065379041
RWA-fed(KEN+TZA+UGA),2001,3,inflation_cpi,2004,xgb_lag,12.2507102894391,8.618369583992838
RWA-fed(KEN+TZA+UGA),2001,3,inflation_cpi,2004,xgb_typed,12.2507102894391,8.618369583992838
RWA-fed(KEN+TZA+UGA),2001,3,inflation_cpi,2004,lgbm_blind,12.2507102894391,4.746656749739122
RWA-fed(KEN+TZA+UGA),2001,3,inflation_cpi,2004,lgbm_lag,12.2507102894391,8.618369583992838
RWA-fed(KEN+TZA+UGA),2001,3,inflation_cpi,2004,lgbm_typed,12.2507102894391,8.618369583992838
RWA-fed(KEN+TZA+UGA),2001,3,inflation_cpi,2004,tft,12.2507102894391,8.847948353251356
RWA-fed(KEN+TZA+UGA),2001,3,inflation_cpi,2004,tgcn,12.2507102894391,
RWA-fed(KEN+TZA+UGA),2001,3,inflation_cpi,2004,persistence_scarcity,12.2507102894391,8.90785522194501
RWA-fed(KEN+TZA+UGA),2001,3,inflation_cpi,2004,chronos_scarcity,12.2507102894391,8.568704645594496
RWA-fed(KEN+TZA+UGA),2001,3,inflation_cpi,2004,gnn_scarcity,12.2507102894391,0.16439322706117032
RWA-fed(KEN+TZA+UGA),2001,5,inflation_cpi,2006,persistence,8.88282654777923,5.539971480285139
RWA-fed(KEN+TZA+UGA),2001,5,inflation_cpi,2006,arima,8.88282654777923,5.287304518796643
RWA-fed(KEN+TZA+UGA),2001,5,inflation_cpi,2006,chronos,8.88282654777923,5.330013971485284
RWA-fed(KEN+TZA+UGA),2001,5,inflation_cpi,2006,xgb_blind,8.88282654777923,1.262123327411798
RWA-fed(KEN+TZA+UGA),2001,5,inflation_cpi,2006,xgb_lag,8.88282654777923,5.287304518796643
RWA-fed(KEN+TZA+UGA),2001,5,inflation_cpi,2006,xgb_typed,8.88282654777923,5.287304518796643
RWA-fed(KEN+TZA+UGA),2001,5,inflation_cpi,2006,lgbm_blind,8.88282654777923,2.76458319407178
RWA-fed(KEN+TZA+UGA),2001,5,inflation_cpi,2006,lgbm_lag,8.88282654777923,5.287304518796643
RWA-fed(KEN+TZA+UGA),2001,5,inflation_cpi,2006,lgbm_typed,8.88282654777923,5.287304518796643
RWA-fed(KEN+TZA+UGA),2001,5,inflation_cpi,2006,tft,8.88282654777923,5.505467872776178
RWA-fed(KEN+TZA+UGA),2001,5,inflation_cpi,2006,tgcn,8.88282654777923,
RWA-fed(KEN+TZA+UGA),2001,5,inflation_cpi,2006,persistence_scarcity,8.88282654777923,5.539971480285139
RWA-fed(KEN+TZA+UGA),2001,5,inflation_cpi,2006,chronos_scarcity,8.88282654777923,5.330013971485284
RWA-fed(KEN+TZA+UGA),2001,5,inflation_cpi,2006,gnn_scarcity,8.88282654777923,0.7597096155508485
RWA-fed(KEN+TZA+UGA),2001,1,unemployment,2002,persistence,11.432,0.29999999999999893
RWA-fed(KEN+TZA+UGA),2001,1,unemployment,2002,arima,11.432,0.31428854150463614
RWA-fed(KEN+TZA+UGA),2001,1,unemployment,2002,chronos,11.432,0.32011143493652305
RWA-fed(KEN+TZA+UGA),2001,1,unemployment,2002,xgb_blind,11.432,0.22867600250244102
RWA-fed(KEN+TZA+UGA),2001,1,unemployment,2002,xgb_lag,11.432,0.31428854150463614
RWA-fed(KEN+TZA+UGA),2001,1,unemployment,2002,xgb_typed,11.432,0.31428854150463614
RWA-fed(KEN+TZA+UGA),2001,1,unemployment,2002,lgbm_blind,11.432,0.35227280079234724
RWA-fed(KEN+TZA+UGA),2001,1,unemployment,2002,lgbm_lag,11.432,0.31428854150463614
RWA-fed(KEN+TZA+UGA),2001,1,unemployment,2002,lgbm_typed,11.432,0.31428854150463614
RWA-fed(KEN+TZA+UGA),2001,1,unemployment,2002,tft,11.432,0.33438031005859337
RWA-fed(KEN+TZA+UGA),2001,1,unemployment,2002,tgcn,11.432,
RWA-fed(KEN+TZA+UGA),2001,1,unemployment,2002,persistence_scarcity,11.432,0.29999999999999893
RWA-fed(KEN+TZA+UGA),2001,1,unemployment,2002,chronos_scarcity,11.432,0.32011143493652305
RWA-fed(KEN+TZA+UGA),2001,1,unemployment,2002,gnn_scarcity,11.432,0.327548187255859
RWA-fed(KEN+TZA+UGA),2001,3,unemployment,2004,persistence,11.699,0.032999999999999474
RWA-fed(KEN+TZA+UGA),2001,3,unemployment,2004,arima,11.699,0.05615405389478667
RWA-fed(KEN+TZA+UGA),2001,3,unemployment,2004,chronos,11.699,0.2699369201660158
RWA-fed(KEN+TZA+UGA),2001,3,unemployment,2004,xgb_blind,11.699,0.059964538574218906
RWA-fed(KEN+TZA+UGA),2001,3,unemployment,2004,xgb_lag,11.699,0.05615405389478667
RWA-fed(KEN+TZA+UGA),2001,3,unemployment,2004,xgb_typed,11.699,0.05615405389478667
RWA-fed(KEN+TZA+UGA),2001,3,unemployment,2004,lgbm_blind,11.699,0.012555505540635892
RWA-fed(KEN+TZA+UGA),2001,3,unemployment,2004,lgbm_lag,11.699,0.05615405389478667
RWA-fed(KEN+TZA+UGA),2001,3,unemployment,2004,lgbm_typed,11.699,0.05615405389478667
RWA-fed(KEN+TZA+UGA),2001,3,unemployment,2004,tft,11.699,0.04937803649902328
RWA-fed(KEN+TZA+UGA),2001,3,unemployment,2004,tgcn,11.699,
RWA-fed(KEN+TZA+UGA),2001,3,unemployment,2004,persistence_scarcity,11.699,0.032999999999999474
RWA-fed(KEN+TZA+UGA),2001,3,unemployment,2004,chronos_scarcity,11.699,0.2699369201660158
RWA-fed(KEN+TZA+UGA),2001,3,unemployment,2004,gnn_scarcity,11.699,0.39704072570800797
RWA-fed(KEN+TZA+UGA),2001,5,unemployment,2006,persistence,11.586,0.14599999999999902
RWA-fed(KEN+TZA+UGA),2001,5,unemployment,2006,arima,11.586,0.17081613327890466
RWA-fed(KEN+TZA+UGA),2001,5,unemployment,2006,chronos,11.586,0.33957430267333955
RWA-fed(KEN+TZA+UGA),2001,5,unemployment,2006,xgb_blind,11.586,0.2710881576538089
RWA-fed(KEN+TZA+UGA),2001,5,unemployment,2006,xgb_lag,11.586,0.17081613327890466
RWA-fed(KEN+TZA+UGA),2001,5,unemployment,2006,xgb_typed,11.586,0.17081613327890466
RWA-fed(KEN+TZA+UGA),2001,5,unemployment,2006,lgbm_blind,11.586,0.04499990626743866
RWA-fed(KEN+TZA+UGA),2001,5,unemployment,2006,lgbm_lag,11.586,0.17081613327890466
RWA-fed(KEN+TZA+UGA),2001,5,unemployment,2006,lgbm_typed,11.586,0.17081613327890466
RWA-fed(KEN+TZA+UGA),2001,5,unemployment,2006,tft,11.586,0.032654251098632514
RWA-fed(KEN+TZA+UGA),2001,5,unemployment,2006,tgcn,11.586,
RWA-fed(KEN+TZA+UGA),2001,5,unemployment,2006,persistence_scarcity,11.586,0.14599999999999902
RWA-fed(KEN+TZA+UGA),2001,5,unemployment,2006,chronos_scarcity,11.586,0.33957430267333955
RWA-fed(KEN+TZA+UGA),2001,5,unemployment,2006,gnn_scarcity,11.586,0.33330484771728486
RWA-fed(KEN+TZA+UGA),2001,1,exports_gdp,2002,persistence,6.18067969706938,1.0883046060494008
RWA-fed(KEN+TZA+UGA),2001,1,exports_gdp,2002,arima,6.18067969706938,0.2817493301551899
RWA-fed(KEN+TZA+UGA),2001,1,exports_gdp,2002,chronos,6.18067969706938,0.12615622905180146
RWA-fed(KEN+TZA+UGA),2001,1,exports_gdp,2002,xgb_blind,6.18067969706938,0.1946240482003958
RWA-fed(KEN+TZA+UGA),2001,1,exports_gdp,2002,xgb_lag,6.18067969706938,0.2817493301551899
RWA-fed(KEN+TZA+UGA),2001,1,exports_gdp,2002,xgb_typed,6.18067969706938,0.2817493301551899
RWA-fed(KEN+TZA+UGA),2001,1,exports_gdp,2002,lgbm_blind,6.18067969706938,0.09100444398155538
RWA-fed(KEN+TZA+UGA),2001,1,exports_gdp,2002,lgbm_lag,6.18067969706938,0.2817493301551899
RWA-fed(KEN+TZA+UGA),2001,1,exports_gdp,2002,lgbm_typed,6.18067969706938,0.2817493301551899
RWA-fed(KEN+TZA+UGA),2001,1,exports_gdp,2002,tft,6.18067969706938,0.36472262767240693
RWA-fed(KEN+TZA+UGA),2001,1,exports_gdp,2002,tgcn,6.18067969706938,
RWA-fed(KEN+TZA+UGA),2001,1,exports_gdp,2002,persistence_scarcity,6.18067969706938,1.0883046060494008
RWA-fed(KEN+TZA+UGA),2001,1,exports_gdp,2002,chronos_scarcity,6.18067969706938,0.12615622905180146
RWA-fed(KEN+TZA+UGA),2001,1,exports_gdp,2002,gnn_scarcity,6.18067969706938,0.2844413700430124
RWA-fed(KEN+TZA+UGA),2001,3,exports_gdp,2004,persistence,10.3935220427215,3.1245377396027196
RWA-fed(KEN+TZA+UGA),2001,3,exports_gdp,2004,arima,10.3935220427215,3.733830225589217
RWA-fed(KEN+TZA+UGA),2001,3,exports_gdp,2004,chronos,10.3935220427215,4.71602131792902
RWA-fed(KEN+TZA+UGA),2001,3,exports_gdp,2004,xgb_blind,10.3935220427215,3.1825125403106114
RWA-fed(KEN+TZA+UGA),2001,3,exports_gdp,2004,xgb_lag,10.3935220427215,3.733830225589217
RWA-fed(KEN+TZA+UGA),2001,3,exports_gdp,2004,xgb_typed,10.3935220427215,3.733830225589217
RWA-fed(KEN+TZA+UGA),2001,3,exports_gdp,2004,lgbm_blind,10.3935220427215,4.382253691908376
RWA-fed(KEN+TZA+UGA),2001,3,exports_gdp,2004,lgbm_lag,10.3935220427215,3.733830225589217
RWA-fed(KEN+TZA+UGA),2001,3,exports_gdp,2004,lgbm_typed,10.3935220427215,3.733830225589217
RWA-fed(KEN+TZA+UGA),2001,3,exports_gdp,2004,tft,10.3935220427215,4.580553788632145
RWA-fed(KEN+TZA+UGA),2001,3,exports_gdp,2004,tgcn,10.3935220427215,
RWA-fed(KEN+TZA+UGA),2001,3,exports_gdp,2004,persistence_scarcity,10.3935220427215,3.1245377396027196
RWA-fed(KEN+TZA+UGA),2001,3,exports_gdp,2004,chronos_scarcity,10.3935220427215,4.71602131792902
RWA-fed(KEN+TZA+UGA),2001,3,exports_gdp,2004,gnn_scarcity,10.3935220427215,3.764202851742496
RWA-fed(KEN+TZA+UGA),2001,5,exports_gdp,2006,persistence,10.8834165953429,3.6144322922241203
RWA-fed(KEN+TZA+UGA),2001,5,exports_gdp,2006,arima,10.8834165953429,4.1878689025290115
RWA-fed(KEN+TZA+UGA),2001,5,exports_gdp,2006,chronos,10.8834165953429,4.629295291784551
RWA-fed(KEN+TZA+UGA),2001,5,exports_gdp,2006,xgb_blind,10.8834165953429,3.83667177188709
RWA-fed(KEN+TZA+UGA),2001,5,exports_gdp,2006,xgb_lag,10.8834165953429,4.1878689025290115
RWA-fed(KEN+TZA+UGA),2001,5,exports_gdp,2006,xgb_typed,10.8834165953429,4.1878689025290115
RWA-fed(KEN+TZA+UGA),2001,5,exports_gdp,2006,lgbm_blind,10.8834165953429,4.794333264371047
RWA-fed(KEN+TZA+UGA),2001,5,exports_gdp,2006,lgbm_lag,10.8834165953429,4.1878689025290115
RWA-fed(KEN+TZA+UGA),2001,5,exports_gdp,2006,lgbm_typed,10.8834165953429,4.1878689025290115
RWA-fed(KEN+TZA+UGA),2001,5,exports_gdp,2006,tft,10.8834165953429,5.071142616155889
RWA-fed(KEN+TZA+UGA),2001,5,exports_gdp,2006,tgcn,10.8834165953429,
RWA-fed(KEN+TZA+UGA),2001,5,exports_gdp,2006,persistence_scarcity,10.8834165953429,3.6144322922241203
RWA-fed(KEN+TZA+UGA),2001,5,exports_gdp,2006,chronos_scarcity,10.8834165953429,4.629295291784551
RWA-fed(KEN+TZA+UGA),2001,5,exports_gdp,2006,gnn_scarcity,10.8834165953429,4.63913291919544
RWA-fed(KEN+TZA+UGA),2001,1,imports_gdp,2002,persistence,21.4287584191479,0.5011667154258994
RWA-fed(KEN+TZA+UGA),2001,1,imports_gdp,2002,arima,21.4287584191479,0.5777023999708781
RWA-fed(KEN+TZA+UGA),2001,1,imports_gdp,2002,chronos,21.4287584191479,0.2896864050708494
RWA-fed(KEN+TZA+UGA),2001,1,imports_gdp,2002,xgb_blind,21.4287584191479,0.498679912678174
RWA-fed(KEN+TZA+UGA),2001,1,imports_gdp,2002,xgb_lag,21.4287584191479,0.5777023999708781
RWA-fed(KEN+TZA+UGA),2001,1,imports_gdp,2002,xgb_typed,21.4287584191479,0.5777023999708781
RWA-fed(KEN+TZA+UGA),2001,1,imports_gdp,2002,lgbm_blind,21.4287584191479,4.79606908717756
RWA-fed(KEN+TZA+UGA),2001,1,imports_gdp,2002,lgbm_lag,21.4287584191479,0.5777023999708781
RWA-fed(KEN+TZA+UGA),2001,1,imports_gdp,2002,lgbm_typed,21.4287584191479,0.5777023999708781
RWA-fed(KEN+TZA+UGA),2001,1,imports_gdp,2002,tft,21.4287584191479,0.5030214423022947
RWA-fed(KEN+TZA+UGA),2001,1,imports_gdp,2002,tgcn,21.4287584191479,
RWA-fed(KEN+TZA+UGA),2001,1,imports_gdp,2002,persistence_scarcity,21.4287584191479,0.5011667154258994
RWA-fed(KEN+TZA+UGA),2001,1,imports_gdp,2002,chronos_scarcity,21.4287584191479,0.2896864050708494
RWA-fed(KEN+TZA+UGA),2001,1,imports_gdp,2002,gnn_scarcity,21.4287584191479,1.6110479468188963
RWA-fed(KEN+TZA+UGA),2001,3,imports_gdp,2004,persistence,23.0681510603655,1.1382259257917013
RWA-fed(KEN+TZA+UGA),2001,3,imports_gdp,2004,arima,23.0681510603655,1.0804550692799282
RWA-fed(KEN+TZA+UGA),2001,3,imports_gdp,2004,chronos,23.0681510603655,1.534543577455345
RWA-fed(KEN+TZA+UGA),2001,3,imports_gdp,2004,xgb_blind,23.0681510603655,1.1271434462297591
RWA-fed(KEN+TZA+UGA),2001,3,imports_gdp,2004,xgb_lag,23.0681510603655,1.0804550692799282
RWA-fed(KEN+TZA+UGA),2001,3,imports_gdp,2004,xgb_typed,23.0681510603655,1.0804550692799282
RWA-fed(KEN+TZA+UGA),2001,3,imports_gdp,2004,lgbm_blind,23.0681510603655,4.949037329730526
RWA-fed(KEN+TZA+UGA),2001,3,imports_gdp,2004,lgbm_lag,23.0681510603655,1.0804550692799282
RWA-fed(KEN+TZA+UGA),2001,3,imports_gdp,2004,lgbm_typed,23.0681510603655,1.0804550692799282
RWA-fed(KEN+TZA+UGA),2001,3,imports_gdp,2004,tft,23.0681510603655,1.137561384462181
RWA-fed(KEN+TZA+UGA),2001,3,imports_gdp,2004,tgcn,23.0681510603655,
RWA-fed(KEN+TZA+UGA),2001,3,imports_gdp,2004,persistence_scarcity,23.0681510603655,1.1382259257917013
RWA-fed(KEN+TZA+UGA),2001,3,imports_gdp,2004,chronos_scarcity,23.0681510603655,1.534543577455345
RWA-fed(KEN+TZA+UGA),2001,3,imports_gdp,2004,gnn_scarcity,23.0681510603655,10.321554597593483
RWA-fed(KEN+TZA+UGA),2001,5,imports_gdp,2006,persistence,22.338020477063,0.4080953424892009
RWA-fed(KEN+TZA+UGA),2001,5,imports_gdp,2006,arima,22.338020477063,0.3538030778392809
RWA-fed(KEN+TZA+UGA),2001,5,imports_gdp,2006,chronos,22.338020477063,1.3589250180786259
RWA-fed(KEN+TZA+UGA),2001,5,imports_gdp,2006,xgb_blind,22.338020477063,2.0714491274291866
RWA-fed(KEN+TZA+UGA),2001,5,imports_gdp,2006,xgb_lag,22.338020477063,0.3538030778392809
RWA-fed(KEN+TZA+UGA),2001,5,imports_gdp,2006,xgb_typed,22.338020477063,0.3538030778392809
RWA-fed(KEN+TZA+UGA),2001,5,imports_gdp,2006,lgbm_blind,22.338020477063,1.4988208337105746
RWA-fed(KEN+TZA+UGA),2001,5,imports_gdp,2006,lgbm_lag,22.338020477063,0.3538030778392809
RWA-fed(KEN+TZA+UGA),2001,5,imports_gdp,2006,lgbm_typed,22.338020477063,0.3538030778392809
RWA-fed(KEN+TZA+UGA),2001,5,imports_gdp,2006,tft,22.338020477063,0.40764633155518837
RWA-fed(KEN+TZA+UGA),2001,5,imports_gdp,2006,tgcn,22.338020477063,
RWA-fed(KEN+TZA+UGA),2001,5,imports_gdp,2006,persistence_scarcity,22.338020477063,0.4080953424892009
RWA-fed(KEN+TZA+UGA),2001,5,imports_gdp,2006,chronos_scarcity,22.338020477063,1.3589250180786259
RWA-fed(KEN+TZA+UGA),2001,5,imports_gdp,2006,gnn_scarcity,22.338020477063,5.615617599719226
RWA-fed(KEN+TZA+UGA),2001,1,current_account,2002,persistence,-6.51687014325837,0.0
RWA-fed(KEN+TZA+UGA),2001,1,current_account,2002,arima,-6.51687014325837,0.0
RWA-fed(KEN+TZA+UGA),2001,1,current_account,2002,chronos,-6.51687014325837,0.019112231576241534
RWA-fed(KEN+TZA+UGA),2001,1,current_account,2002,xgb_blind,-6.51687014325837,1.2143830208088957e-07
RWA-fed(KEN+TZA+UGA),2001,1,current_account,2002,xgb_lag,-6.51687014325837,0.0
RWA-fed(KEN+TZA+UGA),2001,1,current_account,2002,xgb_typed,-6.51687014325837,0.0
RWA-fed(KEN+TZA+UGA),2001,1,current_account,2002,lgbm_blind,-6.51687014325837,1.2143830208088957e-07
RWA-fed(KEN+TZA+UGA),2001,1,current_account,2002,lgbm_lag,-6.51687014325837,0.0
RWA-fed(KEN+TZA+UGA),2001,1,current_account,2002,lgbm_typed,-6.51687014325837,0.0
RWA-fed(KEN+TZA+UGA),2001,1,current_account,2002,tft,-6.51687014325837,0.019045231497488935
RWA-fed(KEN+TZA+UGA),2001,1,current_account,2002,tgcn,-6.51687014325837,
RWA-fed(KEN+TZA+UGA),2001,1,current_account,2002,persistence_scarcity,-6.51687014325837,0.0
RWA-fed(KEN+TZA+UGA),2001,1,current_account,2002,chronos_scarcity,-6.51687014325837,0.019112231576241534
RWA-fed(KEN+TZA+UGA),2001,1,current_account,2002,gnn_scarcity,-6.51687014325837,1.0751126184871396e-06
RWA-fed(KEN+TZA+UGA),2001,3,current_account,2004,persistence,-6.51687014325837,0.0
RWA-fed(KEN+TZA+UGA),2001,3,current_account,2004,arima,-6.51687014325837,0.0
RWA-fed(KEN+TZA+UGA),2001,3,current_account,2004,chronos,-6.51687014325837,0.019112231576241534
RWA-fed(KEN+TZA+UGA),2001,3,current_account,2004,xgb_blind,-6.51687014325837,1.2143830208088957e-07
RWA-fed(KEN+TZA+UGA),2001,3,current_account,2004,xgb_lag,-6.51687014325837,0.0
RWA-fed(KEN+TZA+UGA),2001,3,current_account,2004,xgb_typed,-6.51687014325837,0.0
RWA-fed(KEN+TZA+UGA),2001,3,current_account,2004,lgbm_blind,-6.51687014325837,1.2143830208088957e-07
RWA-fed(KEN+TZA+UGA),2001,3,current_account,2004,lgbm_lag,-6.51687014325837,0.0
RWA-fed(KEN+TZA+UGA),2001,3,current_account,2004,lgbm_typed,-6.51687014325837,0.0
RWA-fed(KEN+TZA+UGA),2001,3,current_account,2004,tft,-6.51687014325837,0.0034846045138463566
RWA-fed(KEN+TZA+UGA),2001,3,current_account,2004,tgcn,-6.51687014325837,
RWA-fed(KEN+TZA+UGA),2001,3,current_account,2004,persistence_scarcity,-6.51687014325837,0.0
RWA-fed(KEN+TZA+UGA),2001,3,current_account,2004,chronos_scarcity,-6.51687014325837,0.019112231576241534
RWA-fed(KEN+TZA+UGA),2001,3,current_account,2004,gnn_scarcity,-6.51687014325837,1.5519497766902646e-06
RWA-fed(KEN+TZA+UGA),2001,5,current_account,2006,persistence,-6.51687014325837,0.0
RWA-fed(KEN+TZA+UGA),2001,5,current_account,2006,arima,-6.51687014325837,0.0
RWA-fed(KEN+TZA+UGA),2001,5,current_account,2006,chronos,-6.51687014325837,0.019112231576241534
RWA-fed(KEN+TZA+UGA),2001,5,current_account,2006,xgb_blind,-6.51687014325837,1.2143830208088957e-07
RWA-fed(KEN+TZA+UGA),2001,5,current_account,2006,xgb_lag,-6.51687014325837,0.0
RWA-fed(KEN+TZA+UGA),2001,5,current_account,2006,xgb_typed,-6.51687014325837,0.0
RWA-fed(KEN+TZA+UGA),2001,5,current_account,2006,lgbm_blind,-6.51687014325837,1.2143830208088957e-07
RWA-fed(KEN+TZA+UGA),2001,5,current_account,2006,lgbm_lag,-6.51687014325837,0.0
RWA-fed(KEN+TZA+UGA),2001,5,current_account,2006,lgbm_typed,-6.51687014325837,0.0
RWA-fed(KEN+TZA+UGA),2001,5,current_account,2006,tft,-6.51687014325837,0.019883277261055987
RWA-fed(KEN+TZA+UGA),2001,5,current_account,2006,tgcn,-6.51687014325837,
RWA-fed(KEN+TZA+UGA),2001,5,current_account,2006,persistence_scarcity,-6.51687014325837,0.0
RWA-fed(KEN+TZA+UGA),2001,5,current_account,2006,chronos_scarcity,-6.51687014325837,0.019112231576241534
RWA-fed(KEN+TZA+UGA),2001,5,current_account,2006,gnn_scarcity,-6.51687014325837,1.0751126184871396e-06
RWA-fed(KEN+TZA+UGA),2001,1,real_interest_rate,2002,persistence,22.6248575445037,5.8120965004662
RWA-fed(KEN+TZA+UGA),2001,1,real_interest_rate,2002,arima,22.6248575445037,8.234389692921233
RWA-fed(KEN+TZA+UGA),2001,1,real_interest_rate,2002,chronos,22.6248575445037,9.893284439645303
RWA-fed(KEN+TZA+UGA),2001,1,real_interest_rate,2002,xgb_blind,22.6248575445037,9.190861343942178
RWA-fed(KEN+TZA+UGA),2001,1,real_interest_rate,2002,xgb_lag,22.6248575445037,8.234389692921233
RWA-fed(KEN+TZA+UGA),2001,1,real_interest_rate,2002,xgb_typed,22.6248575445037,8.234389692921233
RWA-fed(KEN+TZA+UGA),2001,1,real_interest_rate,2002,lgbm_blind,22.6248575445037,14.614802414325423
RWA-fed(KEN+TZA+UGA),2001,1,real_interest_rate,2002,lgbm_lag,22.6248575445037,8.234389692921233
RWA-fed(KEN+TZA+UGA),2001,1,real_interest_rate,2002,lgbm_typed,22.6248575445037,8.234389692921233
RWA-fed(KEN+TZA+UGA),2001,1,real_interest_rate,2002,tft,22.6248575445037,5.7849909063201075
RWA-fed(KEN+TZA+UGA),2001,1,real_interest_rate,2002,tgcn,22.6248575445037,
RWA-fed(KEN+TZA+UGA),2001,1,real_interest_rate,2002,persistence_scarcity,22.6248575445037,5.8120965004662
RWA-fed(KEN+TZA+UGA),2001,1,real_interest_rate,2002,chronos_scarcity,22.6248575445037,9.893284439645303
RWA-fed(KEN+TZA+UGA),2001,1,real_interest_rate,2002,gnn_scarcity,22.6248575445037,15.448495030007852
RWA-fed(KEN+TZA+UGA),2001,3,real_interest_rate,2004,persistence,4.40397445771242,12.408786586325082
RWA-fed(KEN+TZA+UGA),2001,3,real_interest_rate,2004,arima,4.40397445771242,10.56680353244882
RWA-fed(KEN+TZA+UGA),2001,3,real_interest_rate,2004,chronos,4.40397445771242,10.179462508229964
RWA-fed(KEN+TZA+UGA),2001,3,real_interest_rate,2004,xgb_blind,4.40397445771242,1.8661371031091134
RWA-fed(KEN+TZA+UGA),2001,3,real_interest_rate,2004,xgb_lag,4.40397445771242,10.56680353244882
RWA-fed(KEN+TZA+UGA),2001,3,real_interest_rate,2004,xgb_typed,4.40397445771242,10.56680353244882
RWA-fed(KEN+TZA+UGA),2001,3,real_interest_rate,2004,lgbm_blind,4.40397445771242,3.9167007829102074
RWA-fed(KEN+TZA+UGA),2001,3,real_interest_rate,2004,lgbm_lag,4.40397445771242,10.56680353244882
RWA-fed(KEN+TZA+UGA),2001,3,real_interest_rate,2004,lgbm_typed,4.40397445771242,10.56680353244882
RWA-fed(KEN+TZA+UGA),2001,3,real_interest_rate,2004,tft,4.40397445771242,12.18856819060301
RWA-fed(KEN+TZA+UGA),2001,3,real_interest_rate,2004,tgcn,4.40397445771242,
RWA-fed(KEN+TZA+UGA),2001,3,real_interest_rate,2004,persistence_scarcity,4.40397445771242,12.408786586325082
RWA-fed(KEN+TZA+UGA),2001,3,real_interest_rate,2004,chronos_scarcity,4.40397445771242,10.179462508229964
RWA-fed(KEN+TZA+UGA),2001,3,real_interest_rate,2004,gnn_scarcity,4.40397445771242,6.189868048696272
RWA-fed(KEN+TZA+UGA),2001,5,real_interest_rate,2006,persistence,13.0821982389837,3.7305628050538004
RWA-fed(KEN+TZA+UGA),2001,5,real_interest_rate,2006,arima,13.0821982389837,2.0989735508378686
RWA-fed(KEN+TZA+UGA),2001,5,real_interest_rate,2006,chronos,13.0821982389837,3.4177771574407316
RWA-fed(KEN+TZA+UGA),2001,5,real_interest_rate,2006,xgb_blind,13.0821982389837,6.658620930328915
RWA-fed(KEN+TZA+UGA),2001,5,real_interest_rate,2006,xgb_lag,13.0821982389837,2.0989735508378686
RWA-fed(KEN+TZA+UGA),2001,5,real_interest_rate,2006,xgb_typed,13.0821982389837,2.0989735508378686
RWA-fed(KEN+TZA+UGA),2001,5,real_interest_rate,2006,lgbm_blind,13.0821982389837,4.273405681948526
RWA-fed(KEN+TZA+UGA),2001,5,real_interest_rate,2006,lgbm_lag,13.0821982389837,2.0989735508378686
RWA-fed(KEN+TZA+UGA),2001,5,real_interest_rate,2006,lgbm_typed,13.0821982389837,2.0989735508378686
RWA-fed(KEN+TZA+UGA),2001,5,real_interest_rate,2006,tft,13.0821982389837,3.1312951081842684
RWA-fed(KEN+TZA+UGA),2001,5,real_interest_rate,2006,tgcn,13.0821982389837,
RWA-fed(KEN+TZA+UGA),2001,5,real_interest_rate,2006,persistence_scarcity,13.0821982389837,3.7305628050538004
RWA-fed(KEN+TZA+UGA),2001,5,real_interest_rate,2006,chronos_scarcity,13.0821982389837,3.4177771574407316
RWA-fed(KEN+TZA+UGA),2001,5,real_interest_rate,2006,gnn_scarcity,13.0821982389837,4.283315754547665
RWA-fed(KEN+TZA+UGA),2001,1,broad_money,2002,persistence,14.6344590405009,0.9706362628303999
RWA-fed(KEN+TZA+UGA),2001,1,broad_money,2002,arima,14.6344590405009,0.8581354573118389
RWA-fed(KEN+TZA+UGA),2001,1,broad_money,2002,chronos,14.6344590405009,0.9173636654398649
RWA-fed(KEN+TZA+UGA),2001,1,broad_money,2002,xgb_blind,14.6344590405009,0.7027802685282438
RWA-fed(KEN+TZA+UGA),2001,1,broad_money,2002,xgb_lag,14.6344590405009,0.8581354573118389
RWA-fed(KEN+TZA+UGA),2001,1,broad_money,2002,xgb_typed,14.6344590405009,0.8581354573118389
RWA-fed(KEN+TZA+UGA),2001,1,broad_money,2002,lgbm_blind,14.6344590405009,0.8822683203111996
RWA-fed(KEN+TZA+UGA),2001,1,broad_money,2002,lgbm_lag,14.6344590405009,0.8581354573118389
RWA-fed(KEN+TZA+UGA),2001,1,broad_money,2002,lgbm_typed,14.6344590405009,0.8581354573118389
RWA-fed(KEN+TZA+UGA),2001,1,broad_money,2002,tft,14.6344590405009,1.0075774410746305
RWA-fed(KEN+TZA+UGA),2001,1,broad_money,2002,tgcn,14.6344590405009,
RWA-fed(KEN+TZA+UGA),2001,1,broad_money,2002,persistence_scarcity,14.6344590405009,0.9706362628303999
RWA-fed(KEN+TZA+UGA),2001,1,broad_money,2002,chronos_scarcity,14.6344590405009,0.9173636654398649
RWA-fed(KEN+TZA+UGA),2001,1,broad_money,2002,gnn_scarcity,14.6344590405009,0.3879513522603304
RWA-fed(KEN+TZA+UGA),2001,3,broad_money,2004,persistence,13.7813518200786,0.11752904240809947
RWA-fed(KEN+TZA+UGA),2001,3,broad_money,2004,arima,13.7813518200786,0.02485212603545328
RWA-fed(KEN+TZA+UGA),2001,3,broad_money,2004,chronos,13.7813518200786,0.5025722827046035
RWA-fed(KEN+TZA+UGA),2001,3,broad_money,2004,xgb_blind,13.7813518200786,0.0842378292949082
RWA-fed(KEN+TZA+UGA),2001,3,broad_money,2004,xgb_lag,13.7813518200786,0.02485212603545328
RWA-fed(KEN+TZA+UGA),2001,3,broad_money,2004,xgb_typed,13.7813518200786,0.02485212603545328
RWA-fed(KEN+TZA+UGA),2001,3,broad_money,2004,lgbm_blind,13.7813518200786,2.0875480551384147
RWA-fed(KEN+TZA+UGA),2001,3,broad_money,2004,lgbm_lag,13.7813518200786,0.02485212603545328
RWA-fed(KEN+TZA+UGA),2001,3,broad_money,2004,lgbm_typed,13.7813518200786,0.02485212603545328
RWA-fed(KEN+TZA+UGA),2001,3,broad_money,2004,tft,13.7813518200786,0.12580944642137304
RWA-fed(KEN+TZA+UGA),2001,3,broad_money,2004,tgcn,13.7813518200786,
RWA-fed(KEN+TZA+UGA),2001,3,broad_money,2004,persistence_scarcity,13.7813518200786,0.11752904240809947
RWA-fed(KEN+TZA+UGA),2001,3,broad_money,2004,chronos_scarcity,13.7813518200786,0.5025722827046035
RWA-fed(KEN+TZA+UGA),2001,3,broad_money,2004,gnn_scarcity,13.7813518200786,3.340041383656752
RWA-fed(KEN+TZA+UGA),2001,5,broad_money,2006,persistence,15.5353523799413,1.8715296022707992
RWA-fed(KEN+TZA+UGA),2001,5,broad_money,2006,arima,15.5353523799413,1.7798864574089066
RWA-fed(KEN+TZA+UGA),2001,5,broad_money,2006,chronos,15.5353523799413,1.4781643458836822
RWA-fed(KEN+TZA+UGA),2001,5,broad_money,2006,xgb_blind,15.5353523799413,1.457902581357315
RWA-fed(KEN+TZA+UGA),2001,5,broad_money,2006,xgb_lag,15.5353523799413,1.7798864574089066
RWA-fed(KEN+TZA+UGA),2001,5,broad_money,2006,xgb_typed,15.5353523799413,1.7798864574089066
RWA-fed(KEN+TZA+UGA),2001,5,broad_money,2006,lgbm_blind,15.5353523799413,0.27660255432746084
RWA-fed(KEN+TZA+UGA),2001,5,broad_money,2006,lgbm_lag,15.5353523799413,1.7798864574089066
RWA-fed(KEN+TZA+UGA),2001,5,broad_money,2006,lgbm_typed,15.5353523799413,1.7798864574089066
RWA-fed(KEN+TZA+UGA),2001,5,broad_money,2006,tft,15.5353523799413,1.8355137416356353
RWA-fed(KEN+TZA+UGA),2001,5,broad_money,2006,tgcn,15.5353523799413,
RWA-fed(KEN+TZA+UGA),2001,5,broad_money,2006,persistence_scarcity,15.5353523799413,1.8715296022707992
RWA-fed(KEN+TZA+UGA),2001,5,broad_money,2006,chronos_scarcity,15.5353523799413,1.4781643458836822
RWA-fed(KEN+TZA+UGA),2001,5,broad_money,2006,gnn_scarcity,15.5353523799413,0.4835933140284272
RWA-fed(KEN+TZA+UGA),2001,1,private_credit,2002,persistence,9.42435180688602,0.3455326568042807
RWA-fed(KEN+TZA+UGA),2001,1,private_credit,2002,arima,9.42435180688602,0.38615633076577005
RWA-fed(KEN+TZA+UGA),2001,1,private_credit,2002,chronos,9.42435180688602,0.21723854089480987
RWA-fed(KEN+TZA+UGA),2001,1,private_credit,2002,xgb_blind,9.42435180688602,0.8284436419079935
RWA-fed(KEN+TZA+UGA),2001,1,private_credit,2002,xgb_lag,9.42435180688602,0.08564746832149872
RWA-fed(KEN+TZA+UGA),2001,1,private_credit,2002,xgb_typed,9.42435180688602,0.41138755822879425
RWA-fed(KEN+TZA+UGA),2001,1,private_credit,2002,lgbm_blind,9.42435180688602,1.6741849138806497
RWA-fed(KEN+TZA+UGA),2001,1,private_credit,2002,lgbm_lag,9.42435180688602,1.6741849138806497
RWA-fed(KEN+TZA+UGA),2001,1,private_credit,2002,lgbm_typed,9.42435180688602,1.6741849138806497
RWA-fed(KEN+TZA+UGA),2001,1,private_credit,2002,tft,9.42435180688602,0.40679275537234894
RWA-fed(KEN+TZA+UGA),2001,1,private_credit,2002,tgcn,9.42435180688602,
RWA-fed(KEN+TZA+UGA),2001,1,private_credit,2002,persistence_scarcity,9.42435180688602,1.7549104679668375
RWA-fed(KEN+TZA+UGA),2001,1,private_credit,2002,chronos_scarcity,9.42435180688602,0.47952282718405037
RWA-fed(KEN+TZA+UGA),2001,1,private_credit,2002,gnn_scarcity,9.42435180688602,0.5838280870984232
RWA-fed(KEN+TZA+UGA),2001,3,private_credit,2004,persistence,9.8312525515906,0.7524334015088598
RWA-fed(KEN+TZA+UGA),2001,3,private_credit,2004,arima,9.8312525515906,0.7888534056475329
RWA-fed(KEN+TZA+UGA),2001,3,private_credit,2004,chronos,9.8312525515906,0.9057020907751703
RWA-fed(KEN+TZA+UGA),2001,3,private_credit,2004,xgb_blind,9.8312525515906,1.7400574450842523
RWA-fed(KEN+TZA+UGA),2001,3,private_credit,2004,xgb_lag,9.8312525515906,2.8217892413489007
RWA-fed(KEN+TZA+UGA),2001,3,private_credit,2004,xgb_typed,9.8312525515906,3.14125535539309
RWA-fed(KEN+TZA+UGA),2001,3,private_credit,2004,lgbm_blind,9.8312525515906,1.5582553312333403
RWA-fed(KEN+TZA+UGA),2001,3,private_credit,2004,lgbm_lag,9.8312525515906,1.5582553312333403
RWA-fed(KEN+TZA+UGA),2001,3,private_credit,2004,lgbm_typed,9.8312525515906,1.5582553312333403
RWA-fed(KEN+TZA+UGA),2001,3,private_credit,2004,tft,9.8312525515906,0.8158697848669672
RWA-fed(KEN+TZA+UGA),2001,3,private_credit,2004,tgcn,9.8312525515906,
RWA-fed(KEN+TZA+UGA),2001,3,private_credit,2004,persistence_scarcity,9.8312525515906,0.5151999415593664
RWA-fed(KEN+TZA+UGA),2001,3,private_credit,2004,chronos_scarcity,9.8312525515906,0.8743445818922808
RWA-fed(KEN+TZA+UGA),2001,3,private_credit,2004,gnn_scarcity,9.8312525515906,1.093511081253686
RWA-fed(KEN+TZA+UGA),2001,5,private_credit,2006,persistence,11.7688790747319,2.6900599246501606
RWA-fed(KEN+TZA+UGA),2001,5,private_credit,2006,arima,11.7688790747319,2.7264221696175373
RWA-fed(KEN+TZA+UGA),2001,5,private_credit,2006,chronos,11.7688790747319,3.1812039801274086
RWA-fed(KEN+TZA+UGA),2001,5,private_credit,2006,xgb_blind,11.7688790747319,3.0097581335697914
RWA-fed(KEN+TZA+UGA),2001,5,private_credit,2006,xgb_lag,11.7688790747319,3.0702916571293617
RWA-fed(KEN+TZA+UGA),2001,5,private_credit,2006,xgb_typed,11.7688790747319,3.1013413855229164
RWA-fed(KEN+TZA+UGA),2001,5,private_credit,2006,lgbm_blind,11.7688790747319,3.4480861272352143
RWA-fed(KEN+TZA+UGA),2001,5,private_credit,2006,lgbm_lag,11.7688790747319,3.4480861272352143
RWA-fed(KEN+TZA+UGA),2001,5,private_credit,2006,lgbm_typed,11.7688790747319,3.4480861272352143
RWA-fed(KEN+TZA+UGA),2001,5,private_credit,2006,tft,11.7688790747319,2.7604056784306312
RWA-fed(KEN+TZA+UGA),2001,5,private_credit,2006,tgcn,11.7688790747319,
RWA-fed(KEN+TZA+UGA),2001,5,private_credit,2006,persistence_scarcity,11.7688790747319,0.3673346286296528
RWA-fed(KEN+TZA+UGA),2001,5,private_credit,2006,chronos_scarcity,11.7688790747319,3.4250222117137863
RWA-fed(KEN+TZA+UGA),2001,5,private_credit,2006,gnn_scarcity,11.7688790747319,3.28532423464401
RWA-fed(KEN+TZA+UGA),2001,1,govt_consumption,2002,persistence,17.1316749782856,0.7947713514787971
RWA-fed(KEN+TZA+UGA),2001,1,govt_consumption,2002,arima,17.1316749782856,0.7761421863123452
RWA-fed(KEN+TZA+UGA),2001,1,govt_consumption,2002,chronos,17.1316749782856,1.4005119533832548
RWA-fed(KEN+TZA+UGA),2001,1,govt_consumption,2002,xgb_blind,17.1316749782856,0.9414112301166533
RWA-fed(KEN+TZA+UGA),2001,1,govt_consumption,2002,xgb_lag,17.1316749782856,0.7761421863123452
RWA-fed(KEN+TZA+UGA),2001,1,govt_consumption,2002,xgb_typed,17.1316749782856,0.7761421863123452
RWA-fed(KEN+TZA+UGA),2001,1,govt_consumption,2002,lgbm_blind,17.1316749782856,4.2027078491851455
RWA-fed(KEN+TZA+UGA),2001,1,govt_consumption,2002,lgbm_lag,17.1316749782856,0.7761421863123452
RWA-fed(KEN+TZA+UGA),2001,1,govt_consumption,2002,lgbm_typed,17.1316749782856,0.7761421863123452
RWA-fed(KEN+TZA+UGA),2001,1,govt_consumption,2002,tft,17.1316749782856,0.9366657467182158
RWA-fed(KEN+TZA+UGA),2001,1,govt_consumption,2002,tgcn,17.1316749782856,
RWA-fed(KEN+TZA+UGA),2001,1,govt_consumption,2002,persistence_scarcity,17.1316749782856,0.7947713514787971
RWA-fed(KEN+TZA+UGA),2001,1,govt_consumption,2002,chronos_scarcity,17.1316749782856,1.4005119533832548
RWA-fed(KEN+TZA+UGA),2001,1,govt_consumption,2002,gnn_scarcity,17.1316749782856,4.876390668898392
RWA-fed(KEN+TZA+UGA),2001,3,govt_consumption,2004,persistence,16.5492639094328,0.2123602826259976
RWA-fed(KEN+TZA+UGA),2001,3,govt_consumption,2004,arima,16.5492639094328,0.1923688142288711
RWA-fed(KEN+TZA+UGA),2001,3,govt_consumption,2004,chronos,16.5492639094328,1.4696816950773304
RWA-fed(KEN+TZA+UGA),2001,3,govt_consumption,2004,xgb_blind,16.5492639094328,0.9283732920621937
RWA-fed(KEN+TZA+UGA),2001,3,govt_consumption,2004,xgb_lag,16.5492639094328,0.1923688142288711
RWA-fed(KEN+TZA+UGA),2001,3,govt_consumption,2004,xgb_typed,16.5492639094328,0.1923688142288711
RWA-fed(KEN+TZA+UGA),2001,3,govt_consumption,2004,lgbm_blind,16.5492639094328,3.695792577306605
RWA-fed(KEN+TZA+UGA),2001,3,govt_consumption,2004,lgbm_lag,16.5492639094328,0.1923688142288711
RWA-fed(KEN+TZA+UGA),2001,3,govt_consumption,2004,lgbm_typed,16.5492639094328,0.1923688142288711
RWA-fed(KEN+TZA+UGA),2001,3,govt_consumption,2004,tft,16.5492639094328,0.3937768488859241
RWA-fed(KEN+TZA+UGA),2001,3,govt_consumption,2004,tgcn,16.5492639094328,
RWA-fed(KEN+TZA+UGA),2001,3,govt_consumption,2004,persistence_scarcity,16.5492639094328,0.2123602826259976
RWA-fed(KEN+TZA+UGA),2001,3,govt_consumption,2004,chronos_scarcity,16.5492639094328,1.4696816950773304
RWA-fed(KEN+TZA+UGA),2001,3,govt_consumption,2004,gnn_scarcity,16.5492639094328,2.190966561410338
RWA-fed(KEN+TZA+UGA),2001,5,govt_consumption,2006,persistence,16.084956920138,0.25194670666880015
RWA-fed(KEN+TZA+UGA),2001,5,govt_consumption,2006,arima,16.084956920138,0.27194455669940254
RWA-fed(KEN+TZA+UGA),2001,5,govt_consumption,2006,chronos,16.084956920138,1.8431280016809701
RWA-fed(KEN+TZA+UGA),2001,5,govt_consumption,2006,xgb_blind,16.084956920138,4.3085735201746225
RWA-fed(KEN+TZA+UGA),2001,5,govt_consumption,2006,xgb_lag,16.084956920138,0.27194455669940254
RWA-fed(KEN+TZA+UGA),2001,5,govt_consumption,2006,xgb_typed,16.084956920138,0.27194455669940254
RWA-fed(KEN+TZA+UGA),2001,5,govt_consumption,2006,lgbm_blind,16.084956920138,3.2056600723858395
RWA-fed(KEN+TZA+UGA),2001,5,govt_consumption,2006,lgbm_lag,16.084956920138,0.27194455669940254
RWA-fed(KEN+TZA+UGA),2001,5,govt_consumption,2006,lgbm_typed,16.084956920138,0.27194455669940254
RWA-fed(KEN+TZA+UGA),2001,5,govt_consumption,2006,tft,16.084956920138,0.058654987820982996
RWA-fed(KEN+TZA+UGA),2001,5,govt_consumption,2006,tgcn,16.084956920138,
RWA-fed(KEN+TZA+UGA),2001,5,govt_consumption,2006,persistence_scarcity,16.084956920138,0.25194670666880015
RWA-fed(KEN+TZA+UGA),2001,5,govt_consumption,2006,chronos_scarcity,16.084956920138,1.8431280016809701
RWA-fed(KEN+TZA+UGA),2001,5,govt_consumption,2006,gnn_scarcity,16.084956920138,2.831223285189271
RWA-fed(KEN+TZA+UGA),2002,1,gdp_growth,2003,persistence,2.20238751139603,10.989686114030171
RWA-fed(KEN+TZA+UGA),2002,1,gdp_growth,2003,arima,2.20238751139603,8.757053789849916
RWA-fed(KEN+TZA+UGA),2002,1,gdp_growth,2003,chronos,2.20238751139603,7.819338143206021
RWA-fed(KEN+TZA+UGA),2002,1,gdp_growth,2003,xgb_blind,2.20238751139603,9.975460350847623
RWA-fed(KEN+TZA+UGA),2002,1,gdp_growth,2003,xgb_lag,2.20238751139603,8.757053789849916
RWA-fed(KEN+TZA+UGA),2002,1,gdp_growth,2003,xgb_typed,2.20238751139603,8.757053789849916
RWA-fed(KEN+TZA+UGA),2002,1,gdp_growth,2003,lgbm_blind,2.20238751139603,1.9708793564005505
RWA-fed(KEN+TZA+UGA),2002,1,gdp_growth,2003,lgbm_lag,2.20238751139603,8.757053789849916
RWA-fed(KEN+TZA+UGA),2002,1,gdp_growth,2003,lgbm_typed,2.20238751139603,8.757053789849916
RWA-fed(KEN+TZA+UGA),2002,1,gdp_growth,2003,tft,2.20238751139603,7.516362488603971
RWA-fed(KEN+TZA+UGA),2002,1,gdp_growth,2003,tgcn,2.20238751139603,
RWA-fed(KEN+TZA+UGA),2002,1,gdp_growth,2003,persistence_scarcity,2.20238751139603,10.989686114030171
RWA-fed(KEN+TZA+UGA),2002,1,gdp_growth,2003,chronos_scarcity,2.20238751139603,7.819338143206021
RWA-fed(KEN+TZA+UGA),2002,1,gdp_growth,2003,gnn_scarcity,2.20238751139603,1.3976735469337496
RWA-fed(KEN+TZA+UGA),2002,3,gdp_growth,2005,persistence,9.3778991673686,3.8141744580576002
RWA-fed(KEN+TZA+UGA),2002,3,gdp_growth,2005,arima,9.3778991673686,2.1382221388472704
RWA-fed(KEN+TZA+UGA),2002,3,gdp_growth,2005,chronos,9.3778991673686,0.879084584543893
RWA-fed(KEN+TZA+UGA),2002,3,gdp_growth,2005,xgb_blind,9.3778991673686,2.6193628336689976
RWA-fed(KEN+TZA+UGA),2002,3,gdp_growth,2005,xgb_lag,9.3778991673686,2.1382221388472704
RWA-fed(KEN+TZA+UGA),2002,3,gdp_growth,2005,xgb_typed,9.3778991673686,2.1382221388472704
RWA-fed(KEN+TZA+UGA),2002,3,gdp_growth,2005,lgbm_blind,9.3778991673686,4.70581345302839
RWA-fed(KEN+TZA+UGA),2002,3,gdp_growth,2005,lgbm_lag,9.3778991673686,2.1382221388472704
RWA-fed(KEN+TZA+UGA),2002,3,gdp_growth,2005,lgbm_typed,9.3778991673686,2.1382221388472704
RWA-fed(KEN+TZA+UGA),2002,3,gdp_growth,2005,tft,9.3778991673686,0.33967972057085305
RWA-fed(KEN+TZA+UGA),2002,3,gdp_growth,2005,tgcn,9.3778991673686,
RWA-fed(KEN+TZA+UGA),2002,3,gdp_growth,2005,persistence_scarcity,9.3778991673686,3.8141744580576002
RWA-fed(KEN+TZA+UGA),2002,3,gdp_growth,2005,chronos_scarcity,9.3778991673686,0.879084584543893
RWA-fed(KEN+TZA+UGA),2002,3,gdp_growth,2005,gnn_scarcity,9.3778991673686,0.03219222767133445
RWA-fed(KEN+TZA+UGA),2002,5,gdp_growth,2007,persistence,7.63329819125276,5.55877543417344
RWA-fed(KEN+TZA+UGA),2002,5,gdp_growth,2007,arima,7.63329819125276,4.008038280050399
RWA-fed(KEN+TZA+UGA),2002,5,gdp_growth,2007,chronos,7.63329819125276,0.1286227377023179
RWA-fed(KEN+TZA+UGA),2002,5,gdp_growth,2007,xgb_blind,7.63329819125276,25.649088588532397
RWA-fed(KEN+TZA+UGA),2002,5,gdp_growth,2007,xgb_lag,7.63329819125276,4.008038280050399
RWA-fed(KEN+TZA+UGA),2002,5,gdp_growth,2007,xgb_typed,7.63329819125276,4.008038280050399
RWA-fed(KEN+TZA+UGA),2002,5,gdp_growth,2007,lgbm_blind,7.63329819125276,5.501403716381975
RWA-fed(KEN+TZA+UGA),2002,5,gdp_growth,2007,lgbm_lag,7.63329819125276,4.008038280050399
RWA-fed(KEN+TZA+UGA),2002,5,gdp_growth,2007,lgbm_typed,7.63329819125276,4.008038280050399
RWA-fed(KEN+TZA+UGA),2002,5,gdp_growth,2007,tft,7.63329819125276,2.082891193207689
RWA-fed(KEN+TZA+UGA),2002,5,gdp_growth,2007,tgcn,7.63329819125276,
RWA-fed(KEN+TZA+UGA),2002,5,gdp_growth,2007,persistence_scarcity,7.63329819125276,5.55877543417344
RWA-fed(KEN+TZA+UGA),2002,5,gdp_growth,2007,chronos_scarcity,7.63329819125276,0.1286227377023179
RWA-fed(KEN+TZA+UGA),2002,5,gdp_growth,2007,gnn_scarcity,7.63329819125276,6.177069392975755
RWA-fed(KEN+TZA+UGA),2002,1,inflation_cpi,2003,persistence,7.44970014007366,5.457114715533731
RWA-fed(KEN+TZA+UGA),2002,1,inflation_cpi,2003,arima,7.44970014007366,4.548744966428483
RWA-fed(KEN+TZA+UGA),2002,1,inflation_cpi,2003,chronos,7.44970014007366,4.442509912565115
RWA-fed(KEN+TZA+UGA),2002,1,inflation_cpi,2003,xgb_blind,7.44970014007366,6.347906135633353
RWA-fed(KEN+TZA+UGA),2002,1,inflation_cpi,2003,xgb_lag,7.44970014007366,4.548744966428483
RWA-fed(KEN+TZA+UGA),2002,1,inflation_cpi,2003,xgb_typed,7.44970014007366,4.548744966428483
RWA-fed(KEN+TZA+UGA),2002,1,inflation_cpi,2003,lgbm_blind,7.44970014007366,0.7775201766542965
RWA-fed(KEN+TZA+UGA),2002,1,inflation_cpi,2003,lgbm_lag,7.44970014007366,4.548744966428483
RWA-fed(KEN+TZA+UGA),2002,1,inflation_cpi,2003,lgbm_typed,7.44970014007366,4.548744966428483
RWA-fed(KEN+TZA+UGA),2002,1,inflation_cpi,2003,tft,7.44970014007366,5.2337935200480254
RWA-fed(KEN+TZA+UGA),2002,1,inflation_cpi,2003,tgcn,7.44970014007366,
RWA-fed(KEN+TZA+UGA),2002,1,inflation_cpi,2003,persistence_scarcity,7.44970014007366,5.457114715533731
RWA-fed(KEN+TZA+UGA),2002,1,inflation_cpi,2003,chronos_scarcity,7.44970014007366,4.442509912565115
RWA-fed(KEN+TZA+UGA),2002,1,inflation_cpi,2003,gnn_scarcity,7.44970014007366,0.4021995297220977
RWA-fed(KEN+TZA+UGA),2002,3,inflation_cpi,2005,persistence,9.01408918092339,7.02150375638346
RWA-fed(KEN+TZA+UGA),2002,3,inflation_cpi,2005,arima,9.01408918092339,6.31312397715406
RWA-fed(KEN+TZA+UGA),2002,3,inflation_cpi,2005,chronos,9.01408918092339,5.915770127273488
RWA-fed(KEN+TZA+UGA),2002,3,inflation_cpi,2005,xgb_blind,9.01408918092339,6.539130761123586
RWA-fed(KEN+TZA+UGA),2002,3,inflation_cpi,2005,xgb_lag,9.01408918092339,6.31312397715406
RWA-fed(KEN+TZA+UGA),2002,3,inflation_cpi,2005,xgb_typed,9.01408918092339,6.31312397715406
RWA-fed(KEN+TZA+UGA),2002,3,inflation_cpi,2005,lgbm_blind,9.01408918092339,2.0611824531325578
RWA-fed(KEN+TZA+UGA),2002,3,inflation_cpi,2005,lgbm_lag,9.01408918092339,6.31312397715406
RWA-fed(KEN+TZA+UGA),2002,3,inflation_cpi,2005,lgbm_typed,9.01408918092339,6.31312397715406
RWA-fed(KEN+TZA+UGA),2002,3,inflation_cpi,2005,tft,9.01408918092339,6.950539900756764
RWA-fed(KEN+TZA+UGA),2002,3,inflation_cpi,2005,tgcn,9.01408918092339,
RWA-fed(KEN+TZA+UGA),2002,3,inflation_cpi,2005,persistence_scarcity,9.01408918092339,7.02150375638346
RWA-fed(KEN+TZA+UGA),2002,3,inflation_cpi,2005,chronos_scarcity,9.01408918092339,5.915770127273488
RWA-fed(KEN+TZA+UGA),2002,3,inflation_cpi,2005,gnn_scarcity,9.01408918092339,0.6253818731537581
RWA-fed(KEN+TZA+UGA),2002,5,inflation_cpi,2007,persistence,9.08072205873158,7.088136634191649
RWA-fed(KEN+TZA+UGA),2002,5,inflation_cpi,2007,arima,9.08072205873158,6.470266014633188
RWA-fed(KEN+TZA+UGA),2002,5,inflation_cpi,2007,chronos,9.08072205873158,6.529168570953869
RWA-fed(KEN+TZA+UGA),2002,5,inflation_cpi,2007,xgb_blind,9.08072205873158,4.057035649734997
RWA-fed(KEN+TZA+UGA),2002,5,inflation_cpi,2007,xgb_lag,9.08072205873158,6.470266014633188
RWA-fed(KEN+TZA+UGA),2002,5,inflation_cpi,2007,xgb_typed,9.08072205873158,6.470266014633188
RWA-fed(KEN+TZA+UGA),2002,5,inflation_cpi,2007,lgbm_blind,9.08072205873158,3.4781859466614957
RWA-fed(KEN+TZA+UGA),2002,5,inflation_cpi,2007,lgbm_lag,9.08072205873158,6.470266014633188
RWA-fed(KEN+TZA+UGA),2002,5,inflation_cpi,2007,lgbm_typed,9.08072205873158,6.470266014633188
RWA-fed(KEN+TZA+UGA),2002,5,inflation_cpi,2007,tft,9.08072205873158,7.046389783340954
RWA-fed(KEN+TZA+UGA),2002,5,inflation_cpi,2007,tgcn,9.08072205873158,
RWA-fed(KEN+TZA+UGA),2002,5,inflation_cpi,2007,persistence_scarcity,9.08072205873158,7.088136634191649
RWA-fed(KEN+TZA+UGA),2002,5,inflation_cpi,2007,chronos_scarcity,9.08072205873158,6.529168570953869
RWA-fed(KEN+TZA+UGA),2002,5,inflation_cpi,2007,gnn_scarcity,9.08072205873158,1.913658892196155
RWA-fed(KEN+TZA+UGA),2002,1,unemployment,2003,persistence,11.658,0.2259999999999991
RWA-fed(KEN+TZA+UGA),2002,1,unemployment,2003,arima,11.658,0.3507480939520704
RWA-fed(KEN+TZA+UGA),2002,1,unemployment,2003,chronos,11.658,0.19583988952636666
RWA-fed(KEN+TZA+UGA),2002,1,unemployment,2003,xgb_blind,11.658,0.270690925598144
RWA-fed(KEN+TZA+UGA),2002,1,unemployment,2003,xgb_lag,11.658,0.3507480939520704
RWA-fed(KEN+TZA+UGA),2002,1,unemployment,2003,xgb_typed,11.658,0.3507480939520704
RWA-fed(KEN+TZA+UGA),2002,1,unemployment,2003,lgbm_blind,11.658,0.09691674741109324
RWA-fed(KEN+TZA+UGA),2002,1,unemployment,2003,lgbm_lag,11.658,0.3507480939520704
RWA-fed(KEN+TZA+UGA),2002,1,unemployment,2003,lgbm_typed,11.658,0.3507480939520704
RWA-fed(KEN+TZA+UGA),2002,1,unemployment,2003,tft,11.658,0.17978764343261666
RWA-fed(KEN+TZA+UGA),2002,1,unemployment,2003,tgcn,11.658,
RWA-fed(KEN+TZA+UGA),2002,1,unemployment,2003,persistence_scarcity,11.658,0.2259999999999991
RWA-fed(KEN+TZA+UGA),2002,1,unemployment,2003,chronos_scarcity,11.658,0.19583988952636666
RWA-fed(KEN+TZA+UGA),2002,1,unemployment,2003,gnn_scarcity,11.658,0.07947444152832084
RWA-fed(KEN+TZA+UGA),2002,3,unemployment,2005,persistence,11.842,0.41000000000000014
RWA-fed(KEN+TZA+UGA),2002,3,unemployment,2005,arima,11.842,0.6081921691483725
RWA-fed(KEN+TZA+UGA),2002,3,unemployment,2005,chronos,11.842,0.2068204803466802
RWA-fed(KEN+TZA+UGA),2002,3,unemployment,2005,xgb_blind,11.842,0.3074989242553716
RWA-fed(KEN+TZA+UGA),2002,3,unemployment,2005,xgb_lag,11.842,0.6081921691483725
RWA-fed(KEN+TZA+UGA),2002,3,unemployment,2005,xgb_typed,11.842,0.6081921691483725
RWA-fed(KEN+TZA+UGA),2002,3,unemployment,2005,lgbm_blind,11.842,0.18099993896484357
RWA-fed(KEN+TZA+UGA),2002,3,unemployment,2005,lgbm_lag,11.842,0.6081921691483725
RWA-fed(KEN+TZA+UGA),2002,3,unemployment,2005,lgbm_typed,11.842,0.6081921691483725
RWA-fed(KEN+TZA+UGA),2002,3,unemployment,2005,tft,11.842,0.2569703979492193
RWA-fed(KEN+TZA+UGA),2002,3,unemployment,2005,tgcn,11.842,
RWA-fed(KEN+TZA+UGA),2002,3,unemployment,2005,persistence_scarcity,11.842,0.41000000000000014
RWA-fed(KEN+TZA+UGA),2002,3,unemployment,2005,chronos_scarcity,11.842,0.2068204803466802
RWA-fed(KEN+TZA+UGA),2002,3,unemployment,2005,gnn_scarcity,11.842,0.08062840270996041
RWA-fed(KEN+TZA+UGA),2002,5,unemployment,2007,persistence,11.58,0.1479999999999997
RWA-fed(KEN+TZA+UGA),2002,5,unemployment,2007,arima,11.58,0.3588915367458849
RWA-fed(KEN+TZA+UGA),2002,5,unemployment,2007,chronos,11.58,0.05517951965332024
RWA-fed(KEN+TZA+UGA),2002,5,unemployment,2007,xgb_blind,11.58,0.21624572753906257
RWA-fed(KEN+TZA+UGA),2002,5,unemployment,2007,xgb_lag,11.58,0.3588915367458849
RWA-fed(KEN+TZA+UGA),2002,5,unemployment,2007,xgb_typed,11.58,0.3588915367458849
RWA-fed(KEN+TZA+UGA),2002,5,unemployment,2007,lgbm_blind,11.58,0.052624897956848216
RWA-fed(KEN+TZA+UGA),2002,5,unemployment,2007,lgbm_lag,11.58,0.3588915367458849
RWA-fed(KEN+TZA+UGA),2002,5,unemployment,2007,lgbm_typed,11.58,0.3588915367458849
RWA-fed(KEN+TZA+UGA),2002,5,unemployment,2007,tft,11.58,0.08698932647705071
RWA-fed(KEN+TZA+UGA),2002,5,unemployment,2007,tgcn,11.58,
RWA-fed(KEN+TZA+UGA),2002,5,unemployment,2007,persistence_scarcity,11.58,0.1479999999999997
RWA-fed(KEN+TZA+UGA),2002,5,unemployment,2007,chronos_scarcity,11.58,0.05517951965332024
RWA-fed(KEN+TZA+UGA),2002,5,unemployment,2007,gnn_scarcity,11.58,0.43941490173339837
RWA-fed(KEN+TZA+UGA),2002,1,exports_gdp,2003,persistence,7.77665392566841,1.5959742285990304
RWA-fed(KEN+TZA+UGA),2002,1,exports_gdp,2003,arima,7.77665392566841,1.1006629347121466
RWA-fed(KEN+TZA+UGA),2002,1,exports_gdp,2003,chronos,7.77665392566841,1.8009382884613787
RWA-fed(KEN+TZA+UGA),2002,1,exports_gdp,2003,xgb_blind,7.77665392566841,1.207029501687697
RWA-fed(KEN+TZA+UGA),2002,1,exports_gdp,2003,xgb_lag,7.77665392566841,1.1006629347121466
RWA-fed(KEN+TZA+UGA),2002,1,exports_gdp,2003,xgb_typed,7.77665392566841,1.1006629347121466
RWA-fed(KEN+TZA+UGA),2002,1,exports_gdp,2003,lgbm_blind,7.77665392566841,1.6793949604940526
RWA-fed(KEN+TZA+UGA),2002,1,exports_gdp,2003,lgbm_lag,7.77665392566841,1.1006629347121466
RWA-fed(KEN+TZA+UGA),2002,1,exports_gdp,2003,lgbm_typed,7.77665392566841,1.1006629347121466
RWA-fed(KEN+TZA+UGA),2002,1,exports_gdp,2003,tft,7.77665392566841,1.9405066173188006
RWA-fed(KEN+TZA+UGA),2002,1,exports_gdp,2003,tgcn,7.77665392566841,
RWA-fed(KEN+TZA+UGA),2002,1,exports_gdp,2003,persistence_scarcity,7.77665392566841,1.5959742285990304
RWA-fed(KEN+TZA+UGA),2002,1,exports_gdp,2003,chronos_scarcity,7.77665392566841,1.8009382884613787
RWA-fed(KEN+TZA+UGA),2002,1,exports_gdp,2003,gnn_scarcity,7.77665392566841,1.8470517795197283
RWA-fed(KEN+TZA+UGA),2002,3,exports_gdp,2005,persistence,10.6879847934518,4.507305096382421
RWA-fed(KEN+TZA+UGA),2002,3,exports_gdp,2005,arima,10.6879847934518,4.13482404867806
RWA-fed(KEN+TZA+UGA),2002,3,exports_gdp,2005,chronos,10.6879847934518,5.1343468120370055
RWA-fed(KEN+TZA+UGA),2002,3,exports_gdp,2005,xgb_blind,10.6879847934518,3.248530714777484
RWA-fed(KEN+TZA+UGA),2002,3,exports_gdp,2005,xgb_lag,10.6879847934518,4.13482404867806
RWA-fed(KEN+TZA+UGA),2002,3,exports_gdp,2005,xgb_typed,10.6879847934518,4.13482404867806
RWA-fed(KEN+TZA+UGA),2002,3,exports_gdp,2005,lgbm_blind,10.6879847934518,4.659775297907367
RWA-fed(KEN+TZA+UGA),2002,3,exports_gdp,2005,lgbm_lag,10.6879847934518,4.13482404867806
RWA-fed(KEN+TZA+UGA),2002,3,exports_gdp,2005,lgbm_typed,10.6879847934518,4.13482404867806
RWA-fed(KEN+TZA+UGA),2002,3,exports_gdp,2005,tft,10.6879847934518,4.851895182398334
RWA-fed(KEN+TZA+UGA),2002,3,exports_gdp,2005,tgcn,10.6879847934518,
RWA-fed(KEN+TZA+UGA),2002,3,exports_gdp,2005,persistence_scarcity,10.6879847934518,4.507305096382421
RWA-fed(KEN+TZA+UGA),2002,3,exports_gdp,2005,chronos_scarcity,10.6879847934518,5.1343468120370055
RWA-fed(KEN+TZA+UGA),2002,3,exports_gdp,2005,gnn_scarcity,10.6879847934518,4.368977873590961
RWA-fed(KEN+TZA+UGA),2002,5,exports_gdp,2007,persistence,13.6678238827712,7.487144185701821
RWA-fed(KEN+TZA+UGA),2002,5,exports_gdp,2007,arima,13.6678238827712,7.140105700447682
RWA-fed(KEN+TZA+UGA),2002,5,exports_gdp,2007,chronos,13.6678238827712,7.447746844959921
RWA-fed(KEN+TZA+UGA),2002,5,exports_gdp,2007,xgb_blind,13.6678238827712,6.382767768574423
RWA-fed(KEN+TZA+UGA),2002,5,exports_gdp,2007,xgb_lag,13.6678238827712,7.140105700447682
RWA-fed(KEN+TZA+UGA),2002,5,exports_gdp,2007,xgb_typed,13.6678238827712,7.140105700447682
RWA-fed(KEN+TZA+UGA),2002,5,exports_gdp,2007,lgbm_blind,13.6678238827712,7.5672909934050505
RWA-fed(KEN+TZA+UGA),2002,5,exports_gdp,2007,lgbm_lag,13.6678238827712,7.140105700447682
RWA-fed(KEN+TZA+UGA),2002,5,exports_gdp,2007,lgbm_typed,13.6678238827712,7.140105700447682
RWA-fed(KEN+TZA+UGA),2002,5,exports_gdp,2007,tft,13.6678238827712,7.832122417164511
RWA-fed(KEN+TZA+UGA),2002,5,exports_gdp,2007,tgcn,13.6678238827712,
RWA-fed(KEN+TZA+UGA),2002,5,exports_gdp,2007,persistence_scarcity,13.6678238827712,7.487144185701821
RWA-fed(KEN+TZA+UGA),2002,5,exports_gdp,2007,chronos_scarcity,13.6678238827712,7.447746844959921
RWA-fed(KEN+TZA+UGA),2002,5,exports_gdp,2007,gnn_scarcity,13.6678238827712,7.145261855793661
RWA-fed(KEN+TZA+UGA),2002,1,imports_gdp,2003,persistence,21.5339703097417,0.1052118905938002
RWA-fed(KEN+TZA+UGA),2002,1,imports_gdp,2003,arima,21.5339703097417,0.11196879593197195
RWA-fed(KEN+TZA+UGA),2002,1,imports_gdp,2003,chronos,21.5339703097417,0.34025616789599766
RWA-fed(KEN+TZA+UGA),2002,1,imports_gdp,2003,xgb_blind,21.5339703097417,1.7122016415522445
RWA-fed(KEN+TZA+UGA),2002,1,imports_gdp,2003,xgb_lag,21.5339703097417,0.11196879593197195
RWA-fed(KEN+TZA+UGA),2002,1,imports_gdp,2003,xgb_typed,21.5339703097417,0.11196879593197195
RWA-fed(KEN+TZA+UGA),2002,1,imports_gdp,2003,lgbm_blind,21.5339703097417,4.29118478949129
RWA-fed(KEN+TZA+UGA),2002,1,imports_gdp,2003,lgbm_lag,21.5339703097417,0.11196879593197195
RWA-fed(KEN+TZA+UGA),2002,1,imports_gdp,2003,lgbm_typed,21.5339703097417,0.11196879593197195
RWA-fed(KEN+TZA+UGA),2002,1,imports_gdp,2003,tft,21.5339703097417,0.3936686978266586
RWA-fed(KEN+TZA+UGA),2002,1,imports_gdp,2003,tgcn,21.5339703097417,
RWA-fed(KEN+TZA+UGA),2002,1,imports_gdp,2003,persistence_scarcity,21.5339703097417,0.1052118905938002
RWA-fed(KEN+TZA+UGA),2002,1,imports_gdp,2003,chronos_scarcity,21.5339703097417,0.34025616789599766
RWA-fed(KEN+TZA+UGA),2002,1,imports_gdp,2003,gnn_scarcity,21.5339703097417,1.5390372738764633
RWA-fed(KEN+TZA+UGA),2002,3,imports_gdp,2005,persistence,23.5285535484134,2.099795129265498
RWA-fed(KEN+TZA+UGA),2002,3,imports_gdp,2005,arima,23.5285535484134,1.9359448546606863
RWA-fed(KEN+TZA+UGA),2002,3,imports_gdp,2005,chronos,23.5285535484134,2.3348394065676956
RWA-fed(KEN+TZA+UGA),2002,3,imports_gdp,2005,xgb_blind,23.5285535484134,2.047972264844063
RWA-fed(KEN+TZA+UGA),2002,3,imports_gdp,2005,xgb_lag,23.5285535484134,1.9359448546606863
RWA-fed(KEN+TZA+UGA),2002,3,imports_gdp,2005,xgb_typed,23.5285535484134,1.9359448546606863
RWA-fed(KEN+TZA+UGA),2002,3,imports_gdp,2005,lgbm_blind,23.5285535484134,3.8297918647946076
RWA-fed(KEN+TZA+UGA),2002,3,imports_gdp,2005,lgbm_lag,23.5285535484134,1.9359448546606863
RWA-fed(KEN+TZA+UGA),2002,3,imports_gdp,2005,lgbm_typed,23.5285535484134,1.9359448546606863
RWA-fed(KEN+TZA+UGA),2002,3,imports_gdp,2005,tft,23.5285535484134,1.5879426627932816
RWA-fed(KEN+TZA+UGA),2002,3,imports_gdp,2005,tgcn,23.5285535484134,
RWA-fed(KEN+TZA+UGA),2002,3,imports_gdp,2005,persistence_scarcity,23.5285535484134,2.099795129265498
RWA-fed(KEN+TZA+UGA),2002,3,imports_gdp,2005,chronos_scarcity,23.5285535484134,2.3348394065676956
RWA-fed(KEN+TZA+UGA),2002,3,imports_gdp,2005,gnn_scarcity,23.5285535484134,5.057139810961601
RWA-fed(KEN+TZA+UGA),2002,5,imports_gdp,2007,persistence,22.3031493144566,0.8743908953087001
RWA-fed(KEN+TZA+UGA),2002,5,imports_gdp,2007,arima,22.3031493144566,0.7205556656223813
RWA-fed(KEN+TZA+UGA),2002,5,imports_gdp,2007,chronos,22.3031493144566,1.5662032084995694
RWA-fed(KEN+TZA+UGA),2002,5,imports_gdp,2007,xgb_blind,22.3031493144566,2.1492508930629306
RWA-fed(KEN+TZA+UGA),2002,5,imports_gdp,2007,xgb_lag,22.3031493144566,0.7205556656223813
RWA-fed(KEN+TZA+UGA),2002,5,imports_gdp,2007,xgb_typed,22.3031493144566,0.7205556656223813
RWA-fed(KEN+TZA+UGA),2002,5,imports_gdp,2007,lgbm_blind,22.3031493144566,1.2326816601222568
RWA-fed(KEN+TZA+UGA),2002,5,imports_gdp,2007,lgbm_lag,22.3031493144566,0.7205556656223813
RWA-fed(KEN+TZA+UGA),2002,5,imports_gdp,2007,lgbm_typed,22.3031493144566,0.7205556656223813
RWA-fed(KEN+TZA+UGA),2002,5,imports_gdp,2007,tft,22.3031493144566,0.3596926646763272
RWA-fed(KEN+TZA+UGA),2002,5,imports_gdp,2007,tgcn,22.3031493144566,
RWA-fed(KEN+TZA+UGA),2002,5,imports_gdp,2007,persistence_scarcity,22.3031493144566,0.8743908953087001
RWA-fed(KEN+TZA+UGA),2002,5,imports_gdp,2007,chronos_scarcity,22.3031493144566,1.5662032084995694
RWA-fed(KEN+TZA+UGA),2002,5,imports_gdp,2007,gnn_scarcity,22.3031493144566,9.164210228390079
RWA-fed(KEN+TZA+UGA),2002,1,current_account,2003,persistence,-6.51687014325837,0.0
RWA-fed(KEN+TZA+UGA),2002,1,current_account,2003,arima,-6.51687014325837,0.0
RWA-fed(KEN+TZA+UGA),2002,1,current_account,2003,chronos,-6.51687014325837,0.019112231576241534
RWA-fed(KEN+TZA+UGA),2002,1,current_account,2003,xgb_blind,-6.51687014325837,1.2143830208088957e-07
RWA-fed(KEN+TZA+UGA),2002,1,current_account,2003,xgb_lag,-6.51687014325837,0.0
RWA-fed(KEN+TZA+UGA),2002,1,current_account,2003,xgb_typed,-6.51687014325837,0.0
RWA-fed(KEN+TZA+UGA),2002,1,current_account,2003,lgbm_blind,-6.51687014325837,1.2143830208088957e-07
RWA-fed(KEN+TZA+UGA),2002,1,current_account,2003,lgbm_lag,-6.51687014325837,0.0
RWA-fed(KEN+TZA+UGA),2002,1,current_account,2003,lgbm_typed,-6.51687014325837,0.0
RWA-fed(KEN+TZA+UGA),2002,1,current_account,2003,tft,-6.51687014325837,0.03632390276213737
RWA-fed(KEN+TZA+UGA),2002,1,current_account,2003,tgcn,-6.51687014325837,
RWA-fed(KEN+TZA+UGA),2002,1,current_account,2003,persistence_scarcity,-6.51687014325837,0.0
RWA-fed(KEN+TZA+UGA),2002,1,current_account,2003,chronos_scarcity,-6.51687014325837,0.019112231576241534
RWA-fed(KEN+TZA+UGA),2002,1,current_account,2003,gnn_scarcity,-6.51687014325837,1.0751126184871396e-06
RWA-fed(KEN+TZA+UGA),2002,3,current_account,2005,persistence,-6.51687014325837,0.0
RWA-fed(KEN+TZA+UGA),2002,3,current_account,2005,arima,-6.51687014325837,0.0
RWA-fed(KEN+TZA+UGA),2002,3,current_account,2005,chronos,-6.51687014325837,0.019112231576241534
RWA-fed(KEN+TZA+UGA),2002,3,current_account,2005,xgb_blind,-6.51687014325837,1.2143830208088957e-07
RWA-fed(KEN+TZA+UGA),2002,3,current_account,2005,xgb_lag,-6.51687014325837,0.0
RWA-fed(KEN+TZA+UGA),2002,3,current_account,2005,xgb_typed,-6.51687014325837,0.0
RWA-fed(KEN+TZA+UGA),2002,3,current_account,2005,lgbm_blind,-6.51687014325837,1.2143830208088957e-07
RWA-fed(KEN+TZA+UGA),2002,3,current_account,2005,lgbm_lag,-6.51687014325837,0.0
RWA-fed(KEN+TZA+UGA),2002,3,current_account,2005,lgbm_typed,-6.51687014325837,0.0
RWA-fed(KEN+TZA+UGA),2002,3,current_account,2005,tft,-6.51687014325837,0.011014816916190107
RWA-fed(KEN+TZA+UGA),2002,3,current_account,2005,tgcn,-6.51687014325837,
RWA-fed(KEN+TZA+UGA),2002,3,current_account,2005,persistence_scarcity,-6.51687014325837,0.0
RWA-fed(KEN+TZA+UGA),2002,3,current_account,2005,chronos_scarcity,-6.51687014325837,0.019112231576241534
RWA-fed(KEN+TZA+UGA),2002,3,current_account,2005,gnn_scarcity,-6.51687014325837,1.5519497766902646e-06
RWA-fed(KEN+TZA+UGA),2002,5,current_account,2007,persistence,-6.51687014325837,0.0
RWA-fed(KEN+TZA+UGA),2002,5,current_account,2007,arima,-6.51687014325837,0.0
RWA-fed(KEN+TZA+UGA),2002,5,current_account,2007,chronos,-6.51687014325837,0.019112231576241534
RWA-fed(KEN+TZA+UGA),2002,5,current_account,2007,xgb_blind,-6.51687014325837,1.2143830208088957e-07
RWA-fed(KEN+TZA+UGA),2002,5,current_account,2007,xgb_lag,-6.51687014325837,0.0
RWA-fed(KEN+TZA+UGA),2002,5,current_account,2007,xgb_typed,-6.51687014325837,0.0
RWA-fed(KEN+TZA+UGA),2002,5,current_account,2007,lgbm_blind,-6.51687014325837,1.2143830208088957e-07
RWA-fed(KEN+TZA+UGA),2002,5,current_account,2007,lgbm_lag,-6.51687014325837,0.0
RWA-fed(KEN+TZA+UGA),2002,5,current_account,2007,lgbm_typed,-6.51687014325837,0.0
RWA-fed(KEN+TZA+UGA),2002,5,current_account,2007,tft,-6.51687014325837,0.008412482583321612
RWA-fed(KEN+TZA+UGA),2002,5,current_account,2007,tgcn,-6.51687014325837,
RWA-fed(KEN+TZA+UGA),2002,5,current_account,2007,persistence_scarcity,-6.51687014325837,0.0
RWA-fed(KEN+TZA+UGA),2002,5,current_account,2007,chronos_scarcity,-6.51687014325837,0.019112231576241534
RWA-fed(KEN+TZA+UGA),2002,5,current_account,2007,gnn_scarcity,-6.51687014325837,1.5519497766902646e-06
RWA-fed(KEN+TZA+UGA),2002,1,real_interest_rate,2003,persistence,-3.62974030697583,26.25459785147953
RWA-fed(KEN+TZA+UGA),2002,1,real_interest_rate,2003,arima,-3.62974030697583,23.2961465476489
RWA-fed(KEN+TZA+UGA),2002,1,real_interest_rate,2003,chronos,-3.62974030697583,26.49441964352368
RWA-fed(KEN+TZA+UGA),2002,1,real_interest_rate,2003,xgb_blind,-3.62974030697583,22.52663285458325
RWA-fed(KEN+TZA+UGA),2002,1,real_interest_rate,2003,xgb_lag,-3.62974030697583,23.2961465476489
RWA-fed(KEN+TZA+UGA),2002,1,real_interest_rate,2003,xgb_typed,-3.62974030697583,23.2961465476489
RWA-fed(KEN+TZA+UGA),2002,1,real_interest_rate,2003,lgbm_blind,-3.62974030697583,12.857695588710296
RWA-fed(KEN+TZA+UGA),2002,1,real_interest_rate,2003,lgbm_lag,-3.62974030697583,23.2961465476489
RWA-fed(KEN+TZA+UGA),2002,1,real_interest_rate,2003,lgbm_typed,-3.62974030697583,23.2961465476489
RWA-fed(KEN+TZA+UGA),2002,1,real_interest_rate,2003,tft,-3.62974030697583,31.074579784514892
RWA-fed(KEN+TZA+UGA),2002,1,real_interest_rate,2003,tgcn,-3.62974030697583,
RWA-fed(KEN+TZA+UGA),2002,1,real_interest_rate,2003,persistence_scarcity,-3.62974030697583,26.25459785147953
RWA-fed(KEN+TZA+UGA),2002,1,real_interest_rate,2003,chronos_scarcity,-3.62974030697583,26.49441964352368
RWA-fed(KEN+TZA+UGA),2002,1,real_interest_rate,2003,gnn_scarcity,-3.62974030697583,11.798056194427001
RWA-fed(KEN+TZA+UGA),2002,3,real_interest_rate,2005,persistence,6.18940676674981,16.435450777753893
RWA-fed(KEN+TZA+UGA),2002,3,real_interest_rate,2005,arima,6.18940676674981,14.216371801597115
RWA-fed(KEN+TZA+UGA),2002,3,real_interest_rate,2005,chronos,6.18940676674981,16.178932771824407
RWA-fed(KEN+TZA+UGA),2002,3,real_interest_rate,2005,xgb_blind,6.18940676674981,7.284032449863959
RWA-fed(KEN+TZA+UGA),2002,3,real_interest_rate,2005,xgb_lag,6.18940676674981,14.216371801597115
RWA-fed(KEN+TZA+UGA),2002,3,real_interest_rate,2005,xgb_typed,6.18940676674981,14.216371801597115
RWA-fed(KEN+TZA+UGA),2002,3,real_interest_rate,2005,lgbm_blind,6.18940676674981,3.5616866446958078
RWA-fed(KEN+TZA+UGA),2002,3,real_interest_rate,2005,lgbm_lag,6.18940676674981,14.216371801597115
RWA-fed(KEN+TZA+UGA),2002,3,real_interest_rate,2005,lgbm_typed,6.18940676674981,14.216371801597115
RWA-fed(KEN+TZA+UGA),2002,3,real_interest_rate,2005,tft,6.18940676674981,29.398476228855657
RWA-fed(KEN+TZA+UGA),2002,3,real_interest_rate,2005,tgcn,6.18940676674981,
RWA-fed(KEN+TZA+UGA),2002,3,real_interest_rate,2005,persistence_scarcity,6.18940676674981,16.435450777753893
RWA-fed(KEN+TZA+UGA),2002,3,real_interest_rate,2005,chronos_scarcity,6.18940676674981,16.178932771824407
RWA-fed(KEN+TZA+UGA),2002,3,real_interest_rate,2005,gnn_scarcity,6.18940676674981,4.539835558079291
RWA-fed(KEN+TZA+UGA),2002,5,real_interest_rate,2007,persistence,2.71226575600117,19.91259178850253
RWA-fed(KEN+TZA+UGA),2002,5,real_interest_rate,2007,arima,2.71226575600117,17.885082331771077
RWA-fed(KEN+TZA+UGA),2002,5,real_interest_rate,2007,chronos,2.71226575600117,18.96119615806133
RWA-fed(KEN+TZA+UGA),2002,5,real_interest_rate,2007,xgb_blind,2.71226575600117,15.564809057841604
RWA-fed(KEN+TZA+UGA),2002,5,real_interest_rate,2007,xgb_lag,2.71226575600117,17.885082331771077
RWA-fed(KEN+TZA+UGA),2002,5,real_interest_rate,2007,xgb_typed,2.71226575600117,17.885082331771077
RWA-fed(KEN+TZA+UGA),2002,5,real_interest_rate,2007,lgbm_blind,2.71226575600117,7.823534850011175
RWA-fed(KEN+TZA+UGA),2002,5,real_interest_rate,2007,lgbm_lag,2.71226575600117,17.885082331771077
RWA-fed(KEN+TZA+UGA),2002,5,real_interest_rate,2007,lgbm_typed,2.71226575600117,17.885082331771077
RWA-fed(KEN+TZA+UGA),2002,5,real_interest_rate,2007,tft,2.71226575600117,38.45735475791484
RWA-fed(KEN+TZA+UGA),2002,5,real_interest_rate,2007,tgcn,2.71226575600117,
RWA-fed(KEN+TZA+UGA),2002,5,real_interest_rate,2007,persistence_scarcity,2.71226575600117,19.91259178850253
RWA-fed(KEN+TZA+UGA),2002,5,real_interest_rate,2007,chronos_scarcity,2.71226575600117,18.96119615806133
RWA-fed(KEN+TZA+UGA),2002,5,real_interest_rate,2007,gnn_scarcity,2.71226575600117,9.355656836161916
RWA-fed(KEN+TZA+UGA),2002,1,broad_money,2003,persistence,13.983088097597,0.6513709429039007
RWA-fed(KEN+TZA+UGA),2002,1,broad_money,2003,arima,13.983088097597,0.42462534498852733
RWA-fed(KEN+TZA+UGA),2002,1,broad_money,2003,chronos,13.983088097597,0.01616612908757098
RWA-fed(KEN+TZA+UGA),2002,1,broad_money,2003,xgb_blind,13.983088097597,0.7805742406598366
RWA-fed(KEN+TZA+UGA),2002,1,broad_money,2003,xgb_lag,13.983088097597,0.7881750249615944
RWA-fed(KEN+TZA+UGA),2002,1,broad_money,2003,xgb_typed,13.983088097597,0.6673206472150124
RWA-fed(KEN+TZA+UGA),2002,1,broad_money,2003,lgbm_blind,13.983088097597,1.4601169411094617
RWA-fed(KEN+TZA+UGA),2002,1,broad_money,2003,lgbm_lag,13.983088097597,1.4601169411094617
RWA-fed(KEN+TZA+UGA),2002,1,broad_money,2003,lgbm_typed,13.983088097597,1.4601169411094617
RWA-fed(KEN+TZA+UGA),2002,1,broad_money,2003,tft,13.983088097597,0.18087903497136004
RWA-fed(KEN+TZA+UGA),2002,1,broad_money,2003,tgcn,13.983088097597,
RWA-fed(KEN+TZA+UGA),2002,1,broad_money,2003,persistence_scarcity,13.983088097597,1.4286267164482123
RWA-fed(KEN+TZA+UGA),2002,1,broad_money,2003,chronos_scarcity,13.983088097597,1.0861345797880535
RWA-fed(KEN+TZA+UGA),2002,1,broad_money,2003,gnn_scarcity,13.983088097597,0.24413911340153582
RWA-fed(KEN+TZA+UGA),2002,3,broad_money,2005,persistence,13.7624375262056,0.8720215142952998
RWA-fed(KEN+TZA+UGA),2002,3,broad_money,2005,arima,13.7624375262056,0.6858710347907113
RWA-fed(KEN+TZA+UGA),2002,3,broad_money,2005,chronos,13.7624375262056,1.2528985104765287
RWA-fed(KEN+TZA+UGA),2002,3,broad_money,2005,xgb_blind,13.7624375262056,0.3809540829862943
RWA-fed(KEN+TZA+UGA),2002,3,broad_money,2005,xgb_lag,13.7624375262056,0.2920611462797513
RWA-fed(KEN+TZA+UGA),2002,3,broad_money,2005,xgb_typed,13.7624375262056,0.6960433087553373
RWA-fed(KEN+TZA+UGA),2002,3,broad_money,2005,lgbm_blind,13.7624375262056,1.9830183110441553
RWA-fed(KEN+TZA+UGA),2002,3,broad_money,2005,lgbm_lag,13.7624375262056,1.9830183110441553
RWA-fed(KEN+TZA+UGA),2002,3,broad_money,2005,lgbm_typed,13.7624375262056,1.9830183110441553
RWA-fed(KEN+TZA+UGA),2002,3,broad_money,2005,tft,13.7624375262056,0.4014132580961576
RWA-fed(KEN+TZA+UGA),2002,3,broad_money,2005,tgcn,13.7624375262056,
RWA-fed(KEN+TZA+UGA),2002,3,broad_money,2005,persistence_scarcity,13.7624375262056,0.12787570369120438
RWA-fed(KEN+TZA+UGA),2002,3,broad_money,2005,chronos_scarcity,13.7624375262056,0.38018605515190984
RWA-fed(KEN+TZA+UGA),2002,3,broad_money,2005,gnn_scarcity,13.7624375262056,0.8054526410307279
RWA-fed(KEN+TZA+UGA),2002,5,broad_money,2007,persistence,17.0505411887058,2.4160821482049
RWA-fed(KEN+TZA+UGA),2002,5,broad_money,2007,arima,17.0505411887058,2.600017297263081
RWA-fed(KEN+TZA+UGA),2002,5,broad_money,2007,chronos,17.0505411887058,2.0916579031833393
RWA-fed(KEN+TZA+UGA),2002,5,broad_money,2007,xgb_blind,17.0505411887058,2.40822055577123
RWA-fed(KEN+TZA+UGA),2002,5,broad_money,2007,xgb_lag,17.0505411887058,2.9269411826022846
RWA-fed(KEN+TZA+UGA),2002,5,broad_money,2007,xgb_typed,17.0505411887058,2.3696596884616596
RWA-fed(KEN+TZA+UGA),2002,5,broad_money,2007,lgbm_blind,17.0505411887058,1.8698276543506367
RWA-fed(KEN+TZA+UGA),2002,5,broad_money,2007,lgbm_lag,17.0505411887058,1.8698276543506367
RWA-fed(KEN+TZA+UGA),2002,5,broad_money,2007,lgbm_typed,17.0505411887058,1.8698276543506367
RWA-fed(KEN+TZA+UGA),2002,5,broad_money,2007,tft,17.0505411887058,2.8871205115207417
RWA-fed(KEN+TZA+UGA),2002,5,broad_money,2007,tgcn,17.0505411887058,
RWA-fed(KEN+TZA+UGA),2002,5,broad_money,2007,persistence_scarcity,17.0505411887058,5.017260794292547
RWA-fed(KEN+TZA+UGA),2002,5,broad_money,2007,chronos_scarcity,17.0505411887058,3.3826998189826654
RWA-fed(KEN+TZA+UGA),2002,5,broad_money,2007,gnn_scarcity,17.0505411887058,2.629370000351308
RWA-fed(KEN+TZA+UGA),2002,1,private_credit,2003,persistence,8.92957351693816,0.49477828994786144
RWA-fed(KEN+TZA+UGA),2002,1,private_credit,2003,arima,8.92957351693816,0.4560162868703319
RWA-fed(KEN+TZA+UGA),2002,1,private_credit,2003,chronos,8.92957351693816,0.23775054922395
RWA-fed(KEN+TZA+UGA),2002,1,private_credit,2003,xgb_blind,8.92957351693816,0.2480730820626711
RWA-fed(KEN+TZA+UGA),2002,1,private_credit,2003,xgb_lag,8.92957351693816,0.3999438096017336
RWA-fed(KEN+TZA+UGA),2002,1,private_credit,2003,xgb_typed,8.92957351693816,0.05711696634001484
RWA-fed(KEN+TZA+UGA),2002,1,private_credit,2003,lgbm_blind,8.92957351693816,1.039891223999927
RWA-fed(KEN+TZA+UGA),2002,1,private_credit,2003,lgbm_lag,8.92957351693816,1.039891223999927
RWA-fed(KEN+TZA+UGA),2002,1,private_credit,2003,lgbm_typed,8.92957351693816,1.039891223999927
RWA-fed(KEN+TZA+UGA),2002,1,private_credit,2003,tft,8.92957351693816,0.8742089461355711
RWA-fed(KEN+TZA+UGA),2002,1,private_credit,2003,tgcn,8.92957351693816,
RWA-fed(KEN+TZA+UGA),2002,1,private_credit,2003,persistence_scarcity,8.92957351693816,0.7346678818801582
RWA-fed(KEN+TZA+UGA),2002,1,private_credit,2003,chronos_scarcity,8.92957351693816,0.23498055392080808
RWA-fed(KEN+TZA+UGA),2002,1,private_credit,2003,gnn_scarcity,8.92957351693816,0.12542675027556172
RWA-fed(KEN+TZA+UGA),2002,3,private_credit,2005,persistence,10.3108984751212,0.8865466682351784
RWA-fed(KEN+TZA+UGA),2002,3,private_credit,2005,arima,10.3108984751212,0.9214481314937562
RWA-fed(KEN+TZA+UGA),2002,3,private_credit,2005,chronos,10.3108984751212,1.2581698221670976
RWA-fed(KEN+TZA+UGA),2002,3,private_credit,2005,xgb_blind,10.3108984751212,1.421531371544539
RWA-fed(KEN+TZA+UGA),2002,3,private_credit,2005,xgb_lag,10.3108984751212,0.5267502588736406
RWA-fed(KEN+TZA+UGA),2002,3,private_credit,2005,xgb_typed,10.3108984751212,1.2887150568472734
RWA-fed(KEN+TZA+UGA),2002,3,private_credit,2005,lgbm_blind,10.3108984751212,1.9227658075796956
RWA-fed(KEN+TZA+UGA),2002,3,private_credit,2005,lgbm_lag,10.3108984751212,1.9227658075796956
RWA-fed(KEN+TZA+UGA),2002,3,private_credit,2005,lgbm_typed,10.3108984751212,1.9227658075796956
RWA-fed(KEN+TZA+UGA),2002,3,private_credit,2005,tft,10.3108984751212,0.18306892342442183
RWA-fed(KEN+TZA+UGA),2002,3,private_credit,2005,tgcn,10.3108984751212,
RWA-fed(KEN+TZA+UGA),2002,3,private_credit,2005,persistence_scarcity,10.3108984751212,0.0696280567086891
RWA-fed(KEN+TZA+UGA),2002,3,private_credit,2005,chronos_scarcity,10.3108984751212,1.1440393446293484
RWA-fed(KEN+TZA+UGA),2002,3,private_credit,2005,gnn_scarcity,10.3108984751212,1.1612536234366289
RWA-fed(KEN+TZA+UGA),2002,5,private_credit,2007,persistence,12.0334423138205,2.6090905069344785
RWA-fed(KEN+TZA+UGA),2002,5,private_credit,2007,arima,12.0334423138205,2.6439433874244216
RWA-fed(KEN+TZA+UGA),2002,5,private_credit,2007,chronos,12.0334423138205,3.267187888771671
RWA-fed(KEN+TZA+UGA),2002,5,private_credit,2007,xgb_blind,12.0334423138205,3.094794089943546
RWA-fed(KEN+TZA+UGA),2002,5,private_credit,2007,xgb_lag,12.0334423138205,5.096866424233097
RWA-fed(KEN+TZA+UGA),2002,5,private_credit,2007,xgb_typed,12.0334423138205,3.9313734127584876
RWA-fed(KEN+TZA+UGA),2002,5,private_credit,2007,lgbm_blind,12.0334423138205,3.574704523235935
RWA-fed(KEN+TZA+UGA),2002,5,private_credit,2007,lgbm_lag,12.0334423138205,3.574704523235935
RWA-fed(KEN+TZA+UGA),2002,5,private_credit,2007,lgbm_typed,12.0334423138205,3.574704523235935
RWA-fed(KEN+TZA+UGA),2002,5,private_credit,2007,tft,12.0334423138205,1.7246683193746986
RWA-fed(KEN+TZA+UGA),2002,5,private_credit,2007,tgcn,12.0334423138205,
RWA-fed(KEN+TZA+UGA),2002,5,private_credit,2007,persistence_scarcity,12.0334423138205,0.7391907571786192
RWA-fed(KEN+TZA+UGA),2002,5,private_credit,2007,chronos_scarcity,12.0334423138205,3.323764816292572
RWA-fed(KEN+TZA+UGA),2002,5,private_credit,2007,gnn_scarcity,12.0334423138205,2.816816146523136
RWA-fed(KEN+TZA+UGA),2002,1,govt_consumption,2003,persistence,17.0162928992052,0.11538207908039766
RWA-fed(KEN+TZA+UGA),2002,1,govt_consumption,2003,arima,17.0162928992052,0.17267181594375103
RWA-fed(KEN+TZA+UGA),2002,1,govt_consumption,2003,chronos,17.0162928992052,0.4323008948106697
RWA-fed(KEN+TZA+UGA),2002,1,govt_consumption,2003,xgb_blind,17.0162928992052,0.04020342166613844
RWA-fed(KEN+TZA+UGA),2002,1,govt_consumption,2003,xgb_lag,17.0162928992052,0.17267181594375103
RWA-fed(KEN+TZA+UGA),2002,1,govt_consumption,2003,xgb_typed,17.0162928992052,0.17267181594375103
RWA-fed(KEN+TZA+UGA),2002,1,govt_consumption,2003,lgbm_blind,17.0162928992052,3.7371000541785495
RWA-fed(KEN+TZA+UGA),2002,1,govt_consumption,2003,lgbm_lag,17.0162928992052,0.17267181594375103
RWA-fed(KEN+TZA+UGA),2002,1,govt_consumption,2003,lgbm_typed,17.0162928992052,0.17267181594375103
RWA-fed(KEN+TZA+UGA),2002,1,govt_consumption,2003,tft,17.0162928992052,0.5353568487901619
RWA-fed(KEN+TZA+UGA),2002,1,govt_consumption,2003,tgcn,17.0162928992052,
RWA-fed(KEN+TZA+UGA),2002,1,govt_consumption,2003,persistence_scarcity,17.0162928992052,0.11538207908039766
RWA-fed(KEN+TZA+UGA),2002,1,govt_consumption,2003,chronos_scarcity,17.0162928992052,0.4323008948106697
RWA-fed(KEN+TZA+UGA),2002,1,govt_consumption,2003,gnn_scarcity,17.0162928992052,4.394755690648072
RWA-fed(KEN+TZA+UGA),2002,3,govt_consumption,2005,persistence,16.4061377334558,0.7255372448297983
RWA-fed(KEN+TZA+UGA),2002,3,govt_consumption,2005,arima,16.4061377334558,0.7872542921738166
RWA-fed(KEN+TZA+UGA),2002,3,govt_consumption,2005,chronos,16.4061377334558,0.20448520660033154
RWA-fed(KEN+TZA+UGA),2002,3,govt_consumption,2005,xgb_blind,16.4061377334558,0.013735084530019037
RWA-fed(KEN+TZA+UGA),2002,3,govt_consumption,2005,xgb_lag,16.4061377334558,0.7872542921738166
RWA-fed(KEN+TZA+UGA),2002,3,govt_consumption,2005,xgb_typed,16.4061377334558,0.7872542921738166
RWA-fed(KEN+TZA+UGA),2002,3,govt_consumption,2005,lgbm_blind,16.4061377334558,3.124845962520741
RWA-fed(KEN+TZA+UGA),2002,3,govt_consumption,2005,lgbm_lag,16.4061377334558,0.7872542921738166
RWA-fed(KEN+TZA+UGA),2002,3,govt_consumption,2005,lgbm_typed,16.4061377334558,0.7872542921738166
RWA-fed(KEN+TZA+UGA),2002,3,govt_consumption,2005,tft,16.4061377334558,0.07566806793580128
RWA-fed(KEN+TZA+UGA),2002,3,govt_consumption,2005,tgcn,16.4061377334558,
RWA-fed(KEN+TZA+UGA),2002,3,govt_consumption,2005,persistence_scarcity,16.4061377334558,0.7255372448297983
RWA-fed(KEN+TZA+UGA),2002,3,govt_consumption,2005,chronos_scarcity,16.4061377334558,0.20448520660033154
RWA-fed(KEN+TZA+UGA),2002,3,govt_consumption,2005,gnn_scarcity,16.4061377334558,2.54280879973998
RWA-fed(KEN+TZA+UGA),2002,5,govt_consumption,2007,persistence,14.1635864690929,2.9680885091926985
RWA-fed(KEN+TZA+UGA),2002,5,govt_consumption,2007,arima,14.1635864690929,3.029828560847511
RWA-fed(KEN+TZA+UGA),2002,5,govt_consumption,2007,chronos,14.1635864690929,1.8468963189930374
RWA-fed(KEN+TZA+UGA),2002,5,govt_consumption,2007,xgb_blind,14.1635864690929,0.1597138925404007
RWA-fed(KEN+TZA+UGA),2002,5,govt_consumption,2007,xgb_lag,14.1635864690929,3.029828560847511
RWA-fed(KEN+TZA+UGA),2002,5,govt_consumption,2007,xgb_typed,14.1635864690929,3.029828560847511
RWA-fed(KEN+TZA+UGA),2002,5,govt_consumption,2007,lgbm_blind,14.1635864690929,0.7527422622829025
RWA-fed(KEN+TZA+UGA),2002,5,govt_consumption,2007,lgbm_lag,14.1635864690929,3.029828560847511
RWA-fed(KEN+TZA+UGA),2002,5,govt_consumption,2007,lgbm_typed,14.1635864690929,3.029828560847511
RWA-fed(KEN+TZA+UGA),2002,5,govt_consumption,2007,tft,14.1635864690929,2.317938952049678
RWA-fed(KEN+TZA+UGA),2002,5,govt_consumption,2007,tgcn,14.1635864690929,
RWA-fed(KEN+TZA+UGA),2002,5,govt_consumption,2007,persistence_scarcity,14.1635864690929,2.9680885091926985
RWA-fed(KEN+TZA+UGA),2002,5,govt_consumption,2007,chronos_scarcity,14.1635864690929,1.8468963189930374
RWA-fed(KEN+TZA+UGA),2002,5,govt_consumption,2007,gnn_scarcity,14.1635864690929,0.34886947115368194
RWA-fed(KEN+TZA+UGA),2003,1,gdp_growth,2004,persistence,7.44766737034072,5.24527985894469
RWA-fed(KEN+TZA+UGA),2003,1,gdp_growth,2004,arima,7.44766737034072,0.032760384048993174
RWA-fed(KEN+TZA+UGA),2003,1,gdp_growth,2004,chronos,7.44766737034072,3.613587151071921
RWA-fed(KEN+TZA+UGA),2003,1,gdp_growth,2004,xgb_blind,7.44766737034072,2.5828950505470187
RWA-fed(KEN+TZA+UGA),2003,1,gdp_growth,2004,xgb_lag,7.44766737034072,0.032760384048993174
RWA-fed(KEN+TZA+UGA),2003,1,gdp_growth,2004,xgb_typed,7.44766737034072,0.032760384048993174
RWA-fed(KEN+TZA+UGA),2003,1,gdp_growth,2004,lgbm_blind,7.44766737034072,3.4260066022719657
RWA-fed(KEN+TZA+UGA),2003,1,gdp_growth,2004,lgbm_lag,7.44766737034072,0.032760384048993174
RWA-fed(KEN+TZA+UGA),2003,1,gdp_growth,2004,lgbm_typed,7.44766737034072,0.032760384048993174
RWA-fed(KEN+TZA+UGA),2003,1,gdp_growth,2004,tft,7.44766737034072,0.6487071413780301
RWA-fed(KEN+TZA+UGA),2003,1,gdp_growth,2004,tgcn,7.44766737034072,
RWA-fed(KEN+TZA+UGA),2003,1,gdp_growth,2004,persistence_scarcity,7.44766737034072,5.24527985894469
RWA-fed(KEN+TZA+UGA),2003,1,gdp_growth,2004,chronos_scarcity,7.44766737034072,3.613587151071921
RWA-fed(KEN+TZA+UGA),2003,1,gdp_growth,2004,gnn_scarcity,7.44766737034072,6.723543415567771
RWA-fed(KEN+TZA+UGA),2003,3,gdp_growth,2006,persistence,9.22707576798881,7.02468825659278
RWA-fed(KEN+TZA+UGA),2003,3,gdp_growth,2006,arima,9.22707576798881,3.064103925310258
RWA-fed(KEN+TZA+UGA),2003,3,gdp_growth,2006,chronos,9.22707576798881,4.977255058760294
RWA-fed(KEN+TZA+UGA),2003,3,gdp_growth,2006,xgb_blind,9.22707576798881,7.1033994679399814
RWA-fed(KEN+TZA+UGA),2003,3,gdp_growth,2006,xgb_lag,9.22707576798881,3.064103925310258
RWA-fed(KEN+TZA+UGA),2003,3,gdp_growth,2006,xgb_typed,9.22707576798881,3.064103925310258
RWA-fed(KEN+TZA+UGA),2003,3,gdp_growth,2006,lgbm_blind,9.22707576798881,4.779508066649088
RWA-fed(KEN+TZA+UGA),2003,3,gdp_growth,2006,lgbm_lag,9.22707576798881,3.064103925310258
RWA-fed(KEN+TZA+UGA),2003,3,gdp_growth,2006,lgbm_typed,9.22707576798881,3.064103925310258
RWA-fed(KEN+TZA+UGA),2003,3,gdp_growth,2006,tft,9.22707576798881,1.0240251545854893
RWA-fed(KEN+TZA+UGA),2003,3,gdp_growth,2006,tgcn,9.22707576798881,
RWA-fed(KEN+TZA+UGA),2003,3,gdp_growth,2006,persistence_scarcity,9.22707576798881,7.02468825659278
RWA-fed(KEN+TZA+UGA),2003,3,gdp_growth,2006,chronos_scarcity,9.22707576798881,4.977255058760294
RWA-fed(KEN+TZA+UGA),2003,3,gdp_growth,2006,gnn_scarcity,9.22707576798881,4.6720406537004795
RWA-fed(KEN+TZA+UGA),2003,5,gdp_growth,2008,persistence,11.1612473247323,8.95885981333627
RWA-fed(KEN+TZA+UGA),2003,5,gdp_growth,2008,arima,11.1612473247323,5.302161632997436
RWA-fed(KEN+TZA+UGA),2003,5,gdp_growth,2008,chronos,11.1612473247323,7.18858296850061
RWA-fed(KEN+TZA+UGA),2003,5,gdp_growth,2008,xgb_blind,11.1612473247323,5.763968062189575
RWA-fed(KEN+TZA+UGA),2003,5,gdp_growth,2008,xgb_lag,11.1612473247323,5.302161632997436
RWA-fed(KEN+TZA+UGA),2003,5,gdp_growth,2008,xgb_typed,11.1612473247323,5.302161632997436
RWA-fed(KEN+TZA+UGA),2003,5,gdp_growth,2008,lgbm_blind,11.1612473247323,0.7587529899802252
RWA-fed(KEN+TZA+UGA),2003,5,gdp_growth,2008,lgbm_lag,11.1612473247323,5.302161632997436
RWA-fed(KEN+TZA+UGA),2003,5,gdp_growth,2008,lgbm_typed,11.1612473247323,5.302161632997436
RWA-fed(KEN+TZA+UGA),2003,5,gdp_growth,2008,tft,11.1612473247323,2.9229079005989984
RWA-fed(KEN+TZA+UGA),2003,5,gdp_growth,2008,tgcn,11.1612473247323,
RWA-fed(KEN+TZA+UGA),2003,5,gdp_growth,2008,persistence_scarcity,11.1612473247323,8.95885981333627
RWA-fed(KEN+TZA+UGA),2003,5,gdp_growth,2008,chronos_scarcity,11.1612473247323,7.18858296850061
RWA-fed(KEN+TZA+UGA),2003,5,gdp_growth,2008,gnn_scarcity,11.1612473247323,7.411329102304931
RWA-fed(KEN+TZA+UGA),2003,1,inflation_cpi,2004,persistence,12.2507102894391,4.80101014936544
RWA-fed(KEN+TZA+UGA),2003,1,inflation_cpi,2004,arima,12.2507102894391,8.558078012486995
RWA-fed(KEN+TZA+UGA),2003,1,inflation_cpi,2004,chronos,12.2507102894391,7.425656120737928
RWA-fed(KEN+TZA+UGA),2003,1,inflation_cpi,2004,xgb_blind,12.2507102894391,7.485709469279188
RWA-fed(KEN+TZA+UGA),2003,1,inflation_cpi,2004,xgb_lag,12.2507102894391,8.558078012486995
RWA-fed(KEN+TZA+UGA),2003,1,inflation_cpi,2004,xgb_typed,12.2507102894391,8.558078012486995
RWA-fed(KEN+TZA+UGA),2003,1,inflation_cpi,2004,lgbm_blind,12.2507102894391,4.083299200495619
RWA-fed(KEN+TZA+UGA),2003,1,inflation_cpi,2004,lgbm_lag,12.2507102894391,8.558078012486995
RWA-fed(KEN+TZA+UGA),2003,1,inflation_cpi,2004,lgbm_typed,12.2507102894391,8.558078012486995
RWA-fed(KEN+TZA+UGA),2003,1,inflation_cpi,2004,tft,12.2507102894391,7.51441125150575
RWA-fed(KEN+TZA+UGA),2003,1,inflation_cpi,2004,tgcn,12.2507102894391,
RWA-fed(KEN+TZA+UGA),2003,1,inflation_cpi,2004,persistence_scarcity,12.2507102894391,4.80101014936544
RWA-fed(KEN+TZA+UGA),2003,1,inflation_cpi,2004,chronos_scarcity,12.2507102894391,7.425656120737928
RWA-fed(KEN+TZA+UGA),2003,1,inflation_cpi,2004,gnn_scarcity,12.2507102894391,5.229254524668592
RWA-fed(KEN+TZA+UGA),2003,3,inflation_cpi,2006,persistence,8.88282654777923,1.4331264077055694
RWA-fed(KEN+TZA+UGA),2003,3,inflation_cpi,2006,arima,8.88282654777923,4.384383991310173
RWA-fed(KEN+TZA+UGA),2003,3,inflation_cpi,2006,chronos,8.88282654777923,4.721219759143976
RWA-fed(KEN+TZA+UGA),2003,3,inflation_cpi,2006,xgb_blind,8.88282654777923,6.355529050983575
RWA-fed(KEN+TZA+UGA),2003,3,inflation_cpi,2006,xgb_lag,8.88282654777923,4.384383991310173
RWA-fed(KEN+TZA+UGA),2003,3,inflation_cpi,2006,xgb_typed,8.88282654777923,4.384383991310173
RWA-fed(KEN+TZA+UGA),2003,3,inflation_cpi,2006,lgbm_blind,8.88282654777923,1.8847567629212199
RWA-fed(KEN+TZA+UGA),2003,3,inflation_cpi,2006,lgbm_lag,8.88282654777923,4.384383991310173
RWA-fed(KEN+TZA+UGA),2003,3,inflation_cpi,2006,lgbm_typed,8.88282654777923,4.384383991310173
RWA-fed(KEN+TZA+UGA),2003,3,inflation_cpi,2006,tft,8.88282654777923,4.216617326892999
RWA-fed(KEN+TZA+UGA),2003,3,inflation_cpi,2006,tgcn,8.88282654777923,
RWA-fed(KEN+TZA+UGA),2003,3,inflation_cpi,2006,persistence_scarcity,8.88282654777923,1.4331264077055694
RWA-fed(KEN+TZA+UGA),2003,3,inflation_cpi,2006,chronos_scarcity,8.88282654777923,4.721219759143976
RWA-fed(KEN+TZA+UGA),2003,3,inflation_cpi,2006,gnn_scarcity,8.88282654777923,0.6987626363412414
RWA-fed(KEN+TZA+UGA),2003,5,inflation_cpi,2008,persistence,15.4382138709255,7.98851373085184
RWA-fed(KEN+TZA+UGA),2003,5,inflation_cpi,2008,arima,15.4382138709255,10.557822896003234
RWA-fed(KEN+TZA+UGA),2003,5,inflation_cpi,2008,chronos,15.4382138709255,12.211462066573693
RWA-fed(KEN+TZA+UGA),2003,5,inflation_cpi,2008,xgb_blind,15.4382138709255,7.155140445632531
RWA-fed(KEN+TZA+UGA),2003,5,inflation_cpi,2008,xgb_lag,15.4382138709255,10.557822896003234
RWA-fed(KEN+TZA+UGA),2003,5,inflation_cpi,2008,xgb_typed,15.4382138709255,10.557822896003234
RWA-fed(KEN+TZA+UGA),2003,5,inflation_cpi,2008,lgbm_blind,15.4382138709255,9.630437287359893
RWA-fed(KEN+TZA+UGA),2003,5,inflation_cpi,2008,lgbm_lag,15.4382138709255,10.557822896003234
RWA-fed(KEN+TZA+UGA),2003,5,inflation_cpi,2008,lgbm_typed,15.4382138709255,10.557822896003234
RWA-fed(KEN+TZA+UGA),2003,5,inflation_cpi,2008,tft,15.4382138709255,10.780605838698937
RWA-fed(KEN+TZA+UGA),2003,5,inflation_cpi,2008,tgcn,15.4382138709255,
RWA-fed(KEN+TZA+UGA),2003,5,inflation_cpi,2008,persistence_scarcity,15.4382138709255,7.98851373085184
RWA-fed(KEN+TZA+UGA),2003,5,inflation_cpi,2008,chronos_scarcity,15.4382138709255,12.211462066573693
RWA-fed(KEN+TZA+UGA),2003,5,inflation_cpi,2008,gnn_scarcity,15.4382138709255,7.498487041396691
RWA-fed(KEN+TZA+UGA),2003,1,unemployment,2004,persistence,11.699,0.04100000000000037
RWA-fed(KEN+TZA+UGA),2003,1,unemployment,2004,arima,11.699,0.02346653004761734
RWA-fed(KEN+TZA+UGA),2003,1,unemployment,2004,chronos,11.699,0.09907472229003922
RWA-fed(KEN+TZA+UGA),2003,1,unemployment,2004,xgb_blind,11.699,0.1155351409912111
RWA-fed(KEN+TZA+UGA),2003,1,unemployment,2004,xgb_lag,11.699,0.02346653004761734
RWA-fed(KEN+TZA+UGA),2003,1,unemployment,2004,xgb_typed,11.699,0.02346653004761734
RWA-fed(KEN+TZA+UGA),2003,1,unemployment,2004,lgbm_blind,11.699,0.048461612407978194
RWA-fed(KEN+TZA+UGA),2003,1,unemployment,2004,lgbm_lag,11.699,0.02346653004761734
RWA-fed(KEN+TZA+UGA),2003,1,unemployment,2004,lgbm_typed,11.699,0.02346653004761734
RWA-fed(KEN+TZA+UGA),2003,1,unemployment,2004,tft,11.699,0.028854011535644375
RWA-fed(KEN+TZA+UGA),2003,1,unemployment,2004,tgcn,11.699,
RWA-fed(KEN+TZA+UGA),2003,1,unemployment,2004,persistence_scarcity,11.699,0.04100000000000037
RWA-fed(KEN+TZA+UGA),2003,1,unemployment,2004,chronos_scarcity,11.699,0.09907472229003922
RWA-fed(KEN+TZA+UGA),2003,1,unemployment,2004,gnn_scarcity,11.699,0.028627754211425938
RWA-fed(KEN+TZA+UGA),2003,3,unemployment,2006,persistence,11.586,0.07199999999999918
RWA-fed(KEN+TZA+UGA),2003,3,unemployment,2006,arima,11.586,0.1601011056174002
RWA-fed(KEN+TZA+UGA),2003,3,unemployment,2006,chronos,11.586,0.29850813293457
RWA-fed(KEN+TZA+UGA),2003,3,unemployment,2006,xgb_blind,11.586,0.012299026489257514
RWA-fed(KEN+TZA+UGA),2003,3,unemployment,2006,xgb_lag,11.586,0.1601011056174002
RWA-fed(KEN+TZA+UGA),2003,3,unemployment,2006,xgb_typed,11.586,0.1601011056174002
RWA-fed(KEN+TZA+UGA),2003,3,unemployment,2006,lgbm_blind,11.586,0.07472732752019695
RWA-fed(KEN+TZA+UGA),2003,3,unemployment,2006,lgbm_lag,11.586,0.1601011056174002
RWA-fed(KEN+TZA+UGA),2003,3,unemployment,2006,lgbm_typed,11.586,0.1601011056174002
RWA-fed(KEN+TZA+UGA),2003,3,unemployment,2006,tft,11.586,0.08049818420410126
RWA-fed(KEN+TZA+UGA),2003,3,unemployment,2006,tgcn,11.586,
RWA-fed(KEN+TZA+UGA),2003,3,unemployment,2006,persistence_scarcity,11.586,0.07199999999999918
RWA-fed(KEN+TZA+UGA),2003,3,unemployment,2006,chronos_scarcity,11.586,0.29850813293457
RWA-fed(KEN+TZA+UGA),2003,3,unemployment,2006,gnn_scarcity,11.586,0.22502371215820283
RWA-fed(KEN+TZA+UGA),2003,5,unemployment,2008,persistence,11.517,0.14100000000000001
RWA-fed(KEN+TZA+UGA),2003,5,unemployment,2008,arima,11.517,0.23102419521492656
RWA-fed(KEN+TZA+UGA),2003,5,unemployment,2008,chronos,11.517,0.06499024200439507
RWA-fed(KEN+TZA+UGA),2003,5,unemployment,2008,xgb_blind,11.517,0.21159629058837837
RWA-fed(KEN+TZA+UGA),2003,5,unemployment,2008,xgb_lag,11.517,0.23102419521492656
RWA-fed(KEN+TZA+UGA),2003,5,unemployment,2008,xgb_typed,11.517,0.23102419521492656
RWA-fed(KEN+TZA+UGA),2003,5,unemployment,2008,lgbm_blind,11.517,0.024888978746202994
RWA-fed(KEN+TZA+UGA),2003,5,unemployment,2008,lgbm_lag,11.517,0.23102419521492656
RWA-fed(KEN+TZA+UGA),2003,5,unemployment,2008,lgbm_typed,11.517,0.23102419521492656
RWA-fed(KEN+TZA+UGA),2003,5,unemployment,2008,tft,11.517,0.1483223037719732
RWA-fed(KEN+TZA+UGA),2003,5,unemployment,2008,tgcn,11.517,
RWA-fed(KEN+TZA+UGA),2003,5,unemployment,2008,persistence_scarcity,11.517,0.14100000000000001
RWA-fed(KEN+TZA+UGA),2003,5,unemployment,2008,chronos_scarcity,11.517,0.06499024200439507
RWA-fed(KEN+TZA+UGA),2003,5,unemployment,2008,gnn_scarcity,11.517,0.2764970855712896
RWA-fed(KEN+TZA+UGA),2003,1,exports_gdp,2004,persistence,10.3935220427215,2.61686811705309
RWA-fed(KEN+TZA+UGA),2003,1,exports_gdp,2004,arima,10.3935220427215,3.4298487277884195
RWA-fed(KEN+TZA+UGA),2003,1,exports_gdp,2004,chronos,10.3935220427215,4.2742393202483555
RWA-fed(KEN+TZA+UGA),2003,1,exports_gdp,2004,xgb_blind,10.3935220427215,3.5914619154631993
RWA-fed(KEN+TZA+UGA),2003,1,exports_gdp,2004,xgb_lag,10.3935220427215,3.4298487277884195
RWA-fed(KEN+TZA+UGA),2003,1,exports_gdp,2004,xgb_typed,10.3935220427215,3.4298487277884195
RWA-fed(KEN+TZA+UGA),2003,1,exports_gdp,2004,lgbm_blind,10.3935220427215,4.167078862050395
RWA-fed(KEN+TZA+UGA),2003,1,exports_gdp,2004,lgbm_lag,10.3935220427215,3.4298487277884195
RWA-fed(KEN+TZA+UGA),2003,1,exports_gdp,2004,lgbm_typed,10.3935220427215,3.4298487277884195
RWA-fed(KEN+TZA+UGA),2003,1,exports_gdp,2004,tft,10.3935220427215,2.298644799679508
RWA-fed(KEN+TZA+UGA),2003,1,exports_gdp,2004,tgcn,10.3935220427215,
RWA-fed(KEN+TZA+UGA),2003,1,exports_gdp,2004,persistence_scarcity,10.3935220427215,2.61686811705309
RWA-fed(KEN+TZA+UGA),2003,1,exports_gdp,2004,chronos_scarcity,10.3935220427215,4.2742393202483555
RWA-fed(KEN+TZA+UGA),2003,1,exports_gdp,2004,gnn_scarcity,10.3935220427215,4.358005780667057
RWA-fed(KEN+TZA+UGA),2003,3,exports_gdp,2006,persistence,10.8834165953429,3.1067626696744908
RWA-fed(KEN+TZA+UGA),2003,3,exports_gdp,2006,arima,10.8834165953429,3.71656987977061
RWA-fed(KEN+TZA+UGA),2003,3,exports_gdp,2006,chronos,10.8834165953429,4.8547930144102835
RWA-fed(KEN+TZA+UGA),2003,3,exports_gdp,2006,xgb_blind,10.8834165953429,3.5594839476378226
RWA-fed(KEN+TZA+UGA),2003,3,exports_gdp,2006,xgb_lag,10.8834165953429,3.71656987977061
RWA-fed(KEN+TZA+UGA),2003,3,exports_gdp,2006,xgb_typed,10.8834165953429,3.71656987977061
RWA-fed(KEN+TZA+UGA),2003,3,exports_gdp,2006,lgbm_blind,10.8834165953429,4.696257620608681
RWA-fed(KEN+TZA+UGA),2003,3,exports_gdp,2006,lgbm_lag,10.8834165953429,3.71656987977061
RWA-fed(KEN+TZA+UGA),2003,3,exports_gdp,2006,lgbm_typed,10.8834165953429,3.71656987977061
RWA-fed(KEN+TZA+UGA),2003,3,exports_gdp,2006,tft,10.8834165953429,2.632327499273565
RWA-fed(KEN+TZA+UGA),2003,3,exports_gdp,2006,tgcn,10.8834165953429,
RWA-fed(KEN+TZA+UGA),2003,3,exports_gdp,2006,persistence_scarcity,10.8834165953429,3.1067626696744908
RWA-fed(KEN+TZA+UGA),2003,3,exports_gdp,2006,chronos_scarcity,10.8834165953429,4.8547930144102835
RWA-fed(KEN+TZA+UGA),2003,3,exports_gdp,2006,gnn_scarcity,10.8834165953429,4.649230422857549
RWA-fed(KEN+TZA+UGA),2003,5,exports_gdp,2008,persistence,11.2727549070714,3.49610098140299
RWA-fed(KEN+TZA+UGA),2003,5,exports_gdp,2008,arima,11.2727549070714,4.053188182311899
RWA-fed(KEN+TZA+UGA),2003,5,exports_gdp,2008,chronos,11.2727549070714,5.040150880276967
RWA-fed(KEN+TZA+UGA),2003,5,exports_gdp,2008,xgb_blind,11.2727549070714,5.060218572079945
RWA-fed(KEN+TZA+UGA),2003,5,exports_gdp,2008,xgb_lag,11.2727549070714,4.053188182311899
RWA-fed(KEN+TZA+UGA),2003,5,exports_gdp,2008,xgb_typed,11.2727549070714,4.053188182311899
RWA-fed(KEN+TZA+UGA),2003,5,exports_gdp,2008,lgbm_blind,11.2727549070714,4.9859863646757026
RWA-fed(KEN+TZA+UGA),2003,5,exports_gdp,2008,lgbm_lag,11.2727549070714,4.053188182311899
RWA-fed(KEN+TZA+UGA),2003,5,exports_gdp,2008,lgbm_typed,11.2727549070714,4.053188182311899
RWA-fed(KEN+TZA+UGA),2003,5,exports_gdp,2008,tft,11.2727549070714,3.079911469876576
RWA-fed(KEN+TZA+UGA),2003,5,exports_gdp,2008,tgcn,11.2727549070714,
RWA-fed(KEN+TZA+UGA),2003,5,exports_gdp,2008,persistence_scarcity,11.2727549070714,3.49610098140299
RWA-fed(KEN+TZA+UGA),2003,5,exports_gdp,2008,chronos_scarcity,11.2727549070714,5.040150880276967
RWA-fed(KEN+TZA+UGA),2003,5,exports_gdp,2008,gnn_scarcity,11.2727549070714,5.080322026669789
RWA-fed(KEN+TZA+UGA),2003,1,imports_gdp,2004,persistence,23.0681510603655,1.5341807506238005
RWA-fed(KEN+TZA+UGA),2003,1,imports_gdp,2004,arima,23.0681510603655,1.5800282231066873
RWA-fed(KEN+TZA+UGA),2003,1,imports_gdp,2004,chronos,23.0681510603655,1.5374007857072982
RWA-fed(KEN+TZA+UGA),2003,1,imports_gdp,2004,xgb_blind,23.0681510603655,2.5787673628557357
RWA-fed(KEN+TZA+UGA),2003,1,imports_gdp,2004,xgb_lag,23.0681510603655,1.5800282231066873
RWA-fed(KEN+TZA+UGA),2003,1,imports_gdp,2004,xgb_typed,23.0681510603655,1.5800282231066873
RWA-fed(KEN+TZA+UGA),2003,1,imports_gdp,2004,lgbm_blind,23.0681510603655,2.426912868091904
RWA-fed(KEN+TZA+UGA),2003,1,imports_gdp,2004,lgbm_lag,23.0681510603655,1.5800282231066873
RWA-fed(KEN+TZA+UGA),2003,1,imports_gdp,2004,lgbm_typed,23.0681510603655,1.5800282231066873
RWA-fed(KEN+TZA+UGA),2003,1,imports_gdp,2004,tft,23.0681510603655,1.5176921522844466
RWA-fed(KEN+TZA+UGA),2003,1,imports_gdp,2004,tgcn,23.0681510603655,
RWA-fed(KEN+TZA+UGA),2003,1,imports_gdp,2004,persistence_scarcity,23.0681510603655,1.5341807506238005
RWA-fed(KEN+TZA+UGA),2003,1,imports_gdp,2004,chronos_scarcity,23.0681510603655,1.5374007857072982
RWA-fed(KEN+TZA+UGA),2003,1,imports_gdp,2004,gnn_scarcity,23.0681510603655,0.2263503706682357
RWA-fed(KEN+TZA+UGA),2003,3,imports_gdp,2006,persistence,22.338020477063,0.8040501673213001
RWA-fed(KEN+TZA+UGA),2003,3,imports_gdp,2006,arima,22.338020477063,0.8386249550247413
RWA-fed(KEN+TZA+UGA),2003,3,imports_gdp,2006,chronos,22.338020477063,0.8977281186645634
RWA-fed(KEN+TZA+UGA),2003,3,imports_gdp,2006,xgb_blind,22.338020477063,0.44481483436280556
RWA-fed(KEN+TZA+UGA),2003,3,imports_gdp,2006,xgb_lag,22.338020477063,0.8386249550247413
RWA-fed(KEN+TZA+UGA),2003,3,imports_gdp,2006,xgb_typed,22.338020477063,0.8386249550247413
RWA-fed(KEN+TZA+UGA),2003,3,imports_gdp,2006,lgbm_blind,22.338020477063,4.490836251230679
RWA-fed(KEN+TZA+UGA),2003,3,imports_gdp,2006,lgbm_lag,22.338020477063,0.8386249550247413
RWA-fed(KEN+TZA+UGA),2003,3,imports_gdp,2006,lgbm_typed,22.338020477063,0.8386249550247413
RWA-fed(KEN+TZA+UGA),2003,3,imports_gdp,2006,tft,22.338020477063,0.7932187650268681
RWA-fed(KEN+TZA+UGA),2003,3,imports_gdp,2006,tgcn,22.338020477063,
RWA-fed(KEN+TZA+UGA),2003,3,imports_gdp,2006,persistence_scarcity,22.338020477063,0.8040501673213001
RWA-fed(KEN+TZA+UGA),2003,3,imports_gdp,2006,chronos_scarcity,22.338020477063,0.8977281186645634
RWA-fed(KEN+TZA+UGA),2003,3,imports_gdp,2006,gnn_scarcity,22.338020477063,2.9829061891967648
RWA-fed(KEN+TZA+UGA),2003,5,imports_gdp,2008,persistence,26.3317559477341,4.797785637992398
RWA-fed(KEN+TZA+UGA),2003,5,imports_gdp,2008,arima,26.3317559477341,4.830219860249727
RWA-fed(KEN+TZA+UGA),2003,5,imports_gdp,2008,chronos,26.3317559477341,5.343785595561247
RWA-fed(KEN+TZA+UGA),2003,5,imports_gdp,2008,xgb_blind,26.3317559477341,1.5835774656784345
RWA-fed(KEN+TZA+UGA),2003,5,imports_gdp,2008,xgb_lag,26.3317559477341,4.830219860249727
RWA-fed(KEN+TZA+UGA),2003,5,imports_gdp,2008,xgb_typed,26.3317559477341,4.830219860249727
RWA-fed(KEN+TZA+UGA),2003,5,imports_gdp,2008,lgbm_blind,26.3317559477341,3.0183539837584057
RWA-fed(KEN+TZA+UGA),2003,5,imports_gdp,2008,lgbm_lag,26.3317559477341,4.830219860249727
RWA-fed(KEN+TZA+UGA),2003,5,imports_gdp,2008,lgbm_typed,26.3317559477341,4.830219860249727
RWA-fed(KEN+TZA+UGA),2003,5,imports_gdp,2008,tft,26.3317559477341,4.788277935649138
RWA-fed(KEN+TZA+UGA),2003,5,imports_gdp,2008,tgcn,26.3317559477341,
RWA-fed(KEN+TZA+UGA),2003,5,imports_gdp,2008,persistence_scarcity,26.3317559477341,4.797785637992398
RWA-fed(KEN+TZA+UGA),2003,5,imports_gdp,2008,chronos_scarcity,26.3317559477341,5.343785595561247
RWA-fed(KEN+TZA+UGA),2003,5,imports_gdp,2008,gnn_scarcity,26.3317559477341,1.5318501707565595
RWA-fed(KEN+TZA+UGA),2003,1,current_account,2004,persistence,-6.51687014325837,0.0
RWA-fed(KEN+TZA+UGA),2003,1,current_account,2004,arima,-6.51687014325837,0.0
RWA-fed(KEN+TZA+UGA),2003,1,current_account,2004,chronos,-6.51687014325837,0.019112231576241534
RWA-fed(KEN+TZA+UGA),2003,1,current_account,2004,xgb_blind,-6.51687014325837,1.2143830208088957e-07
RWA-fed(KEN+TZA+UGA),2003,1,current_account,2004,xgb_lag,-6.51687014325837,0.0
RWA-fed(KEN+TZA+UGA),2003,1,current_account,2004,xgb_typed,-6.51687014325837,0.0
RWA-fed(KEN+TZA+UGA),2003,1,current_account,2004,lgbm_blind,-6.51687014325837,1.2143830208088957e-07
RWA-fed(KEN+TZA+UGA),2003,1,current_account,2004,lgbm_lag,-6.51687014325837,0.0
RWA-fed(KEN+TZA+UGA),2003,1,current_account,2004,lgbm_typed,-6.51687014325837,0.0
RWA-fed(KEN+TZA+UGA),2003,1,current_account,2004,tft,-6.51687014325837,0.02870810254792122
RWA-fed(KEN+TZA+UGA),2003,1,current_account,2004,tgcn,-6.51687014325837,
RWA-fed(KEN+TZA+UGA),2003,1,current_account,2004,persistence_scarcity,-6.51687014325837,0.0
RWA-fed(KEN+TZA+UGA),2003,1,current_account,2004,chronos_scarcity,-6.51687014325837,0.019112231576241534
RWA-fed(KEN+TZA+UGA),2003,1,current_account,2004,gnn_scarcity,-6.51687014325837,1.0751126184871396e-06
RWA-fed(KEN+TZA+UGA),2003,3,current_account,2006,persistence,-6.51687014325837,0.0
RWA-fed(KEN+TZA+UGA),2003,3,current_account,2006,arima,-6.51687014325837,0.0
RWA-fed(KEN+TZA+UGA),2003,3,current_account,2006,chronos,-6.51687014325837,0.019112231576241534
RWA-fed(KEN+TZA+UGA),2003,3,current_account,2006,xgb_blind,-6.51687014325837,1.2143830208088957e-07
RWA-fed(KEN+TZA+UGA),2003,3,current_account,2006,xgb_lag,-6.51687014325837,0.0
RWA-fed(KEN+TZA+UGA),2003,3,current_account,2006,xgb_typed,-6.51687014325837,0.0
RWA-fed(KEN+TZA+UGA),2003,3,current_account,2006,lgbm_blind,-6.51687014325837,1.2143830208088957e-07
RWA-fed(KEN+TZA+UGA),2003,3,current_account,2006,lgbm_lag,-6.51687014325837,0.0
RWA-fed(KEN+TZA+UGA),2003,3,current_account,2006,lgbm_typed,-6.51687014325837,0.0
RWA-fed(KEN+TZA+UGA),2003,3,current_account,2006,tft,-6.51687014325837,0.027641894662179034
RWA-fed(KEN+TZA+UGA),2003,3,current_account,2006,tgcn,-6.51687014325837,
RWA-fed(KEN+TZA+UGA),2003,3,current_account,2006,persistence_scarcity,-6.51687014325837,0.0
RWA-fed(KEN+TZA+UGA),2003,3,current_account,2006,chronos_scarcity,-6.51687014325837,0.019112231576241534
RWA-fed(KEN+TZA+UGA),2003,3,current_account,2006,gnn_scarcity,-6.51687014325837,1.0751126184871396e-06
RWA-fed(KEN+TZA+UGA),2003,5,current_account,2008,persistence,-6.51687014325837,0.0
RWA-fed(KEN+TZA+UGA),2003,5,current_account,2008,arima,-6.51687014325837,0.0
RWA-fed(KEN+TZA+UGA),2003,5,current_account,2008,chronos,-6.51687014325837,0.019112231576241534
RWA-fed(KEN+TZA+UGA),2003,5,current_account,2008,xgb_blind,-6.51687014325837,1.2143830208088957e-07
RWA-fed(KEN+TZA+UGA),2003,5,current_account,2008,xgb_lag,-6.51687014325837,0.0
RWA-fed(KEN+TZA+UGA),2003,5,current_account,2008,xgb_typed,-6.51687014325837,0.0
RWA-fed(KEN+TZA+UGA),2003,5,current_account,2008,lgbm_blind,-6.51687014325837,1.2143830208088957e-07
RWA-fed(KEN+TZA+UGA),2003,5,current_account,2008,lgbm_lag,-6.51687014325837,0.0
RWA-fed(KEN+TZA+UGA),2003,5,current_account,2008,lgbm_typed,-6.51687014325837,0.0
RWA-fed(KEN+TZA+UGA),2003,5,current_account,2008,tft,-6.51687014325837,0.03711998685578255
RWA-fed(KEN+TZA+UGA),2003,5,current_account,2008,tgcn,-6.51687014325837,
RWA-fed(KEN+TZA+UGA),2003,5,current_account,2008,persistence_scarcity,-6.51687014325837,0.0
RWA-fed(KEN+TZA+UGA),2003,5,current_account,2008,chronos_scarcity,-6.51687014325837,0.019112231576241534
RWA-fed(KEN+TZA+UGA),2003,5,current_account,2008,gnn_scarcity,-6.51687014325837,1.0751126184871396e-06
RWA-fed(KEN+TZA+UGA),2003,1,real_interest_rate,2004,persistence,4.40397445771242,8.03371476468825
RWA-fed(KEN+TZA+UGA),2003,1,real_interest_rate,2004,arima,4.40397445771242,10.314106811280862
RWA-fed(KEN+TZA+UGA),2003,1,real_interest_rate,2004,chronos,4.40397445771242,5.639344378443011
RWA-fed(KEN+TZA+UGA),2003,1,real_interest_rate,2004,xgb_blind,4.40397445771242,7.633547858266584
RWA-fed(KEN+TZA+UGA),2003,1,real_interest_rate,2004,xgb_lag,4.40397445771242,10.314106811280862
RWA-fed(KEN+TZA+UGA),2003,1,real_interest_rate,2004,xgb_typed,4.40397445771242,10.314106811280862
RWA-fed(KEN+TZA+UGA),2003,1,real_interest_rate,2004,lgbm_blind,4.40397445771242,3.8349273224894196
RWA-fed(KEN+TZA+UGA),2003,1,real_interest_rate,2004,lgbm_lag,4.40397445771242,10.314106811280862
RWA-fed(KEN+TZA+UGA),2003,1,real_interest_rate,2004,lgbm_typed,4.40397445771242,10.314106811280862
RWA-fed(KEN+TZA+UGA),2003,1,real_interest_rate,2004,tft,4.40397445771242,2.408919259042986
RWA-fed(KEN+TZA+UGA),2003,1,real_interest_rate,2004,tgcn,4.40397445771242,
RWA-fed(KEN+TZA+UGA),2003,1,real_interest_rate,2004,persistence_scarcity,4.40397445771242,8.03371476468825
RWA-fed(KEN+TZA+UGA),2003,1,real_interest_rate,2004,chronos_scarcity,4.40397445771242,5.639344378443011
RWA-fed(KEN+TZA+UGA),2003,1,real_interest_rate,2004,gnn_scarcity,4.40397445771242,2.7226181783959786
RWA-fed(KEN+TZA+UGA),2003,3,real_interest_rate,2006,persistence,13.0821982389837,16.71193854595953
RWA-fed(KEN+TZA+UGA),2003,3,real_interest_rate,2006,arima,13.0821982389837,2.2256319672305
RWA-fed(KEN+TZA+UGA),2003,3,real_interest_rate,2006,chronos,13.0821982389837,13.113876401498864
RWA-fed(KEN+TZA+UGA),2003,3,real_interest_rate,2006,xgb_blind,13.0821982389837,3.955002880707333
RWA-fed(KEN+TZA+UGA),2003,3,real_interest_rate,2006,xgb_lag,13.0821982389837,2.2256319672305
RWA-fed(KEN+TZA+UGA),2003,3,real_interest_rate,2006,xgb_typed,13.0821982389837,2.2256319672305
RWA-fed(KEN+TZA+UGA),2003,3,real_interest_rate,2006,lgbm_blind,13.0821982389837,4.547544250232201
RWA-fed(KEN+TZA+UGA),2003,3,real_interest_rate,2006,lgbm_lag,13.0821982389837,2.2256319672305
RWA-fed(KEN+TZA+UGA),2003,3,real_interest_rate,2006,lgbm_typed,13.0821982389837,2.2256319672305
RWA-fed(KEN+TZA+UGA),2003,3,real_interest_rate,2006,tft,13.0821982389837,7.7203141218572355
RWA-fed(KEN+TZA+UGA),2003,3,real_interest_rate,2006,tgcn,13.0821982389837,
RWA-fed(KEN+TZA+UGA),2003,3,real_interest_rate,2006,persistence_scarcity,13.0821982389837,16.71193854595953
RWA-fed(KEN+TZA+UGA),2003,3,real_interest_rate,2006,chronos_scarcity,13.0821982389837,13.113876401498864
RWA-fed(KEN+TZA+UGA),2003,3,real_interest_rate,2006,gnn_scarcity,13.0821982389837,4.611404514923642
RWA-fed(KEN+TZA+UGA),2003,5,real_interest_rate,2008,persistence,1.57061665663763,5.20035696361346
RWA-fed(KEN+TZA+UGA),2003,5,real_interest_rate,2008,arima,1.57061665663763,7.400061162688419
RWA-fed(KEN+TZA+UGA),2003,5,real_interest_rate,2008,chronos,1.57061665663763,1.9507340134148212
RWA-fed(KEN+TZA+UGA),2003,5,real_interest_rate,2008,xgb_blind,1.57061665663763,2.3142650782103926
RWA-fed(KEN+TZA+UGA),2003,5,real_interest_rate,2008,xgb_lag,1.57061665663763,7.400061162688419
RWA-fed(KEN+TZA+UGA),2003,5,real_interest_rate,2008,xgb_typed,1.57061665663763,7.400061162688419
RWA-fed(KEN+TZA+UGA),2003,5,real_interest_rate,2008,lgbm_blind,1.57061665663763,7.391234966685599
RWA-fed(KEN+TZA+UGA),2003,5,real_interest_rate,2008,lgbm_lag,1.57061665663763,7.400061162688419
RWA-fed(KEN+TZA+UGA),2003,5,real_interest_rate,2008,lgbm_typed,1.57061665663763,7.400061162688419
RWA-fed(KEN+TZA+UGA),2003,5,real_interest_rate,2008,tft,1.57061665663763,5.979571884774724
RWA-fed(KEN+TZA+UGA),2003,5,real_interest_rate,2008,tgcn,1.57061665663763,
RWA-fed(KEN+TZA+UGA),2003,5,real_interest_rate,2008,persistence_scarcity,1.57061665663763,5.20035696361346
RWA-fed(KEN+TZA+UGA),2003,5,real_interest_rate,2008,chronos_scarcity,1.57061665663763,1.9507340134148212
RWA-fed(KEN+TZA+UGA),2003,5,real_interest_rate,2008,gnn_scarcity,1.57061665663763,6.617674893044987
RWA-fed(KEN+TZA+UGA),2003,1,broad_money,2004,persistence,13.7813518200786,0.20173627751839973
RWA-fed(KEN+TZA+UGA),2003,1,broad_money,2004,arima,13.7813518200786,0.35717897271203114
RWA-fed(KEN+TZA+UGA),2003,1,broad_money,2004,chronos,13.7813518200786,0.12595580473829493
RWA-fed(KEN+TZA+UGA),2003,1,broad_money,2004,xgb_blind,13.7813518200786,0.1562111224262832
RWA-fed(KEN+TZA+UGA),2003,1,broad_money,2004,xgb_lag,13.7813518200786,0.1803200091450332
RWA-fed(KEN+TZA+UGA),2003,1,broad_money,2004,xgb_typed,13.7813518200786,0.281151994618666
RWA-fed(KEN+TZA+UGA),2003,1,broad_money,2004,lgbm_blind,13.7813518200786,1.5495365612925323
RWA-fed(KEN+TZA+UGA),2003,1,broad_money,2004,lgbm_lag,13.7813518200786,1.5495365612925323
RWA-fed(KEN+TZA+UGA),2003,1,broad_money,2004,lgbm_typed,13.7813518200786,1.5495365612925323
RWA-fed(KEN+TZA+UGA),2003,1,broad_money,2004,tft,13.7813518200786,0.24009250060011134
RWA-fed(KEN+TZA+UGA),2003,1,broad_money,2004,tgcn,13.7813518200786,
RWA-fed(KEN+TZA+UGA),2003,1,broad_money,2004,persistence_scarcity,13.7813518200786,0.3232149617649398
RWA-fed(KEN+TZA+UGA),2003,1,broad_money,2004,chronos_scarcity,13.7813518200786,1.4099983557950022
RWA-fed(KEN+TZA+UGA),2003,1,broad_money,2004,gnn_scarcity,13.7813518200786,0.10838626280714259
RWA-fed(KEN+TZA+UGA),2003,3,broad_money,2006,persistence,15.5353523799413,1.5522642823443
RWA-fed(KEN+TZA+UGA),2003,3,broad_money,2006,arima,15.5353523799413,1.425064059966049
RWA-fed(KEN+TZA+UGA),2003,3,broad_money,2006,chronos,15.5353523799413,1.0672737666600494
RWA-fed(KEN+TZA+UGA),2003,3,broad_money,2006,xgb_blind,15.5353523799413,1.5149981090062408
RWA-fed(KEN+TZA+UGA),2003,3,broad_money,2006,xgb_lag,15.5353523799413,1.477265031003311
RWA-fed(KEN+TZA+UGA),2003,3,broad_money,2006,xgb_typed,15.5353523799413,1.0346199580662994
RWA-fed(KEN+TZA+UGA),2003,3,broad_money,2006,lgbm_blind,15.5353523799413,0.0498882442264037
RWA-fed(KEN+TZA+UGA),2003,3,broad_money,2006,lgbm_lag,15.5353523799413,0.0498882442264037
RWA-fed(KEN+TZA+UGA),2003,3,broad_money,2006,lgbm_typed,15.5353523799413,0.0498882442264037
RWA-fed(KEN+TZA+UGA),2003,3,broad_money,2006,tft,15.5353523799413,1.525189072751358
RWA-fed(KEN+TZA+UGA),2003,3,broad_money,2006,tgcn,15.5353523799413,
RWA-fed(KEN+TZA+UGA),2003,3,broad_money,2006,persistence_scarcity,15.5353523799413,1.673224242268521
RWA-fed(KEN+TZA+UGA),2003,3,broad_money,2006,chronos_scarcity,15.5353523799413,1.3930110402686307
RWA-fed(KEN+TZA+UGA),2003,3,broad_money,2006,gnn_scarcity,15.5353523799413,1.4408976146214751
RWA-fed(KEN+TZA+UGA),2003,5,broad_money,2008,persistence,15.6995263439751,1.7164382463781003
RWA-fed(KEN+TZA+UGA),2003,5,broad_money,2008,arima,15.6995263439751,1.5908463963287307
RWA-fed(KEN+TZA+UGA),2003,5,broad_money,2008,chronos,15.6995263439751,0.670662437114748
RWA-fed(KEN+TZA+UGA),2003,5,broad_money,2008,xgb_blind,15.6995263439751,1.5570140225029316
RWA-fed(KEN+TZA+UGA),2003,5,broad_money,2008,xgb_lag,15.6995263439751,1.6961903912163105
RWA-fed(KEN+TZA+UGA),2003,5,broad_money,2008,xgb_typed,15.6995263439751,1.6265139919853535
RWA-fed(KEN+TZA+UGA),2003,5,broad_money,2008,lgbm_blind,15.6995263439751,0.6518822586208248
RWA-fed(KEN+TZA+UGA),2003,5,broad_money,2008,lgbm_lag,15.6995263439751,0.6518822586208248
RWA-fed(KEN+TZA+UGA),2003,5,broad_money,2008,lgbm_typed,15.6995263439751,0.6518822586208248
RWA-fed(KEN+TZA+UGA),2003,5,broad_money,2008,tft,15.6995263439751,1.6923575741386738
RWA-fed(KEN+TZA+UGA),2003,5,broad_money,2008,tgcn,15.6995263439751,
RWA-fed(KEN+TZA+UGA),2003,5,broad_money,2008,persistence_scarcity,15.6995263439751,2.761109424242175
RWA-fed(KEN+TZA+UGA),2003,5,broad_money,2008,chronos_scarcity,15.6995263439751,2.2068053742330846
RWA-fed(KEN+TZA+UGA),2003,5,broad_money,2008,gnn_scarcity,15.6995263439751,1.4239096981621113
RWA-fed(KEN+TZA+UGA),2003,1,private_credit,2004,persistence,9.8312525515906,0.9016790346524406
RWA-fed(KEN+TZA+UGA),2003,1,private_credit,2004,arima,9.8312525515906,0.8423950989683728
RWA-fed(KEN+TZA+UGA),2003,1,private_credit,2004,chronos,9.8312525515906,1.091466403519311
RWA-fed(KEN+TZA+UGA),2003,1,private_credit,2004,xgb_blind,9.8312525515906,0.9207482104651117
RWA-fed(KEN+TZA+UGA),2003,1,private_credit,2004,xgb_lag,9.8312525515906,3.5321812396399164
RWA-fed(KEN+TZA+UGA),2003,1,private_credit,2004,xgb_typed,9.8312525515906,0.874230838333764
RWA-fed(KEN+TZA+UGA),2003,1,private_credit,2004,lgbm_blind,9.8312525515906,1.861578661256691
RWA-fed(KEN+TZA+UGA),2003,1,private_credit,2004,lgbm_lag,9.8312525515906,1.861578661256691
RWA-fed(KEN+TZA+UGA),2003,1,private_credit,2004,lgbm_typed,9.8312525515906,1.861578661256691
RWA-fed(KEN+TZA+UGA),2003,1,private_credit,2004,tft,9.8312525515906,0.8633284335486078
RWA-fed(KEN+TZA+UGA),2003,1,private_credit,2004,tgcn,9.8312525515906,
RWA-fed(KEN+TZA+UGA),2003,1,private_credit,2004,persistence_scarcity,9.8312525515906,0.7054958449027229
RWA-fed(KEN+TZA+UGA),2003,1,private_credit,2004,chronos_scarcity,9.8312525515906,0.7060592859163997
RWA-fed(KEN+TZA+UGA),2003,1,private_credit,2004,gnn_scarcity,9.8312525515906,0.8785786395422601
RWA-fed(KEN+TZA+UGA),2003,3,private_credit,2006,persistence,11.7688790747319,2.8393055577937414
RWA-fed(KEN+TZA+UGA),2003,3,private_credit,2006,arima,11.7688790747319,2.7862738574018966
RWA-fed(KEN+TZA+UGA),2003,3,private_credit,2006,chronos,11.7688790747319,3.1448556372319008
RWA-fed(KEN+TZA+UGA),2003,3,private_credit,2006,xgb_blind,11.7688790747319,2.5560962149296547
RWA-fed(KEN+TZA+UGA),2003,3,private_credit,2006,xgb_lag,11.7688790747319,3.027412552515104
RWA-fed(KEN+TZA+UGA),2003,3,private_credit,2006,xgb_typed,11.7688790747319,2.7521783301029945
RWA-fed(KEN+TZA+UGA),2003,3,private_credit,2006,lgbm_blind,11.7688790747319,3.331524553413985
RWA-fed(KEN+TZA+UGA),2003,3,private_credit,2006,lgbm_lag,11.7688790747319,3.331524553413985
RWA-fed(KEN+TZA+UGA),2003,3,private_credit,2006,lgbm_typed,11.7688790747319,3.331524553413985
RWA-fed(KEN+TZA+UGA),2003,3,private_credit,2006,tft,11.7688790747319,2.8145114370976234
RWA-fed(KEN+TZA+UGA),2003,3,private_credit,2006,tgcn,11.7688790747319,
RWA-fed(KEN+TZA+UGA),2003,3,private_credit,2006,persistence_scarcity,11.7688790747319,2.163277604169016
RWA-fed(KEN+TZA+UGA),2003,3,private_credit,2006,chronos_scarcity,11.7688790747319,3.0817571336439364
RWA-fed(KEN+TZA+UGA),2003,3,private_credit,2006,gnn_scarcity,11.7688790747319,2.598741669336393
RWA-fed(KEN+TZA+UGA),2003,5,private_credit,2008,persistence,13.3642833875073,4.43470987056914
RWA-fed(KEN+TZA+UGA),2003,5,private_credit,2008,arima,13.3642833875073,4.381767931263212
RWA-fed(KEN+TZA+UGA),2003,5,private_credit,2008,chronos,13.3642833875073,5.579511468256811
RWA-fed(KEN+TZA+UGA),2003,5,private_credit,2008,xgb_blind,13.3642833875073,4.5913036511791745
RWA-fed(KEN+TZA+UGA),2003,5,private_credit,2008,xgb_lag,13.3642833875073,5.353164498652319
RWA-fed(KEN+TZA+UGA),2003,5,private_credit,2008,xgb_typed,13.3642833875073,4.976769273127417
RWA-fed(KEN+TZA+UGA),2003,5,private_credit,2008,lgbm_blind,13.3642833875073,4.853230567089684
RWA-fed(KEN+TZA+UGA),2003,5,private_credit,2008,lgbm_lag,13.3642833875073,4.853230567089684
RWA-fed(KEN+TZA+UGA),2003,5,private_credit,2008,lgbm_typed,13.3642833875073,4.853230567089684
RWA-fed(KEN+TZA+UGA),2003,5,private_credit,2008,tft,13.3642833875073,4.41349870427976
RWA-fed(KEN+TZA+UGA),2003,5,private_credit,2008,tgcn,13.3642833875073,
RWA-fed(KEN+TZA+UGA),2003,5,private_credit,2008,persistence_scarcity,13.3642833875073,3.288350784532458
RWA-fed(KEN+TZA+UGA),2003,5,private_credit,2008,chronos_scarcity,13.3642833875073,4.327815562379323
RWA-fed(KEN+TZA+UGA),2003,5,private_credit,2008,gnn_scarcity,13.3642833875073,4.490849320734839
RWA-fed(KEN+TZA+UGA),2003,1,govt_consumption,2004,persistence,16.5492639094328,0.4670289897724018
RWA-fed(KEN+TZA+UGA),2003,1,govt_consumption,2004,arima,16.5492639094328,0.4588981756585184
RWA-fed(KEN+TZA+UGA),2003,1,govt_consumption,2004,chronos,16.5492639094328,0.10319809618243525
RWA-fed(KEN+TZA+UGA),2003,1,govt_consumption,2004,xgb_blind,16.5492639094328,1.736770585153014
RWA-fed(KEN+TZA+UGA),2003,1,govt_consumption,2004,xgb_lag,16.5492639094328,0.4588981756585184
RWA-fed(KEN+TZA+UGA),2003,1,govt_consumption,2004,xgb_typed,16.5492639094328,0.4588981756585184
RWA-fed(KEN+TZA+UGA),2003,1,govt_consumption,2004,lgbm_blind,16.5492639094328,2.9826018546373145
RWA-fed(KEN+TZA+UGA),2003,1,govt_consumption,2004,lgbm_lag,16.5492639094328,0.4588981756585184
RWA-fed(KEN+TZA+UGA),2003,1,govt_consumption,2004,lgbm_typed,16.5492639094328,0.4588981756585184
RWA-fed(KEN+TZA+UGA),2003,1,govt_consumption,2004,tft,16.5492639094328,0.4738684147859509
RWA-fed(KEN+TZA+UGA),2003,1,govt_consumption,2004,tgcn,16.5492639094328,
RWA-fed(KEN+TZA+UGA),2003,1,govt_consumption,2004,persistence_scarcity,16.5492639094328,0.4670289897724018
RWA-fed(KEN+TZA+UGA),2003,1,govt_consumption,2004,chronos_scarcity,16.5492639094328,0.10319809618243525
RWA-fed(KEN+TZA+UGA),2003,1,govt_consumption,2004,gnn_scarcity,16.5492639094328,3.670885041329772
RWA-fed(KEN+TZA+UGA),2003,3,govt_consumption,2006,persistence,16.084956920138,0.9313359790671996
RWA-fed(KEN+TZA+UGA),2003,3,govt_consumption,2006,arima,16.084956920138,0.9225918216342563
RWA-fed(KEN+TZA+UGA),2003,3,govt_consumption,2006,chronos,16.084956920138,0.21384028195440763
RWA-fed(KEN+TZA+UGA),2003,3,govt_consumption,2006,xgb_blind,16.084956920138,0.23737505673468107
RWA-fed(KEN+TZA+UGA),2003,3,govt_consumption,2006,xgb_lag,16.084956920138,0.9225918216342563
RWA-fed(KEN+TZA+UGA),2003,3,govt_consumption,2006,xgb_typed,16.084956920138,0.9225918216342563
RWA-fed(KEN+TZA+UGA),2003,3,govt_consumption,2006,lgbm_blind,16.084956920138,2.4641196218314487
RWA-fed(KEN+TZA+UGA),2003,3,govt_consumption,2006,lgbm_lag,16.084956920138,0.9225918216342563
RWA-fed(KEN+TZA+UGA),2003,3,govt_consumption,2006,lgbm_typed,16.084956920138,0.9225918216342563
RWA-fed(KEN+TZA+UGA),2003,3,govt_consumption,2006,tft,16.084956920138,1.0125772595494986
RWA-fed(KEN+TZA+UGA),2003,3,govt_consumption,2006,tgcn,16.084956920138,
RWA-fed(KEN+TZA+UGA),2003,3,govt_consumption,2006,persistence_scarcity,16.084956920138,0.9313359790671996
RWA-fed(KEN+TZA+UGA),2003,3,govt_consumption,2006,chronos_scarcity,16.084956920138,0.21384028195440763
RWA-fed(KEN+TZA+UGA),2003,3,govt_consumption,2006,gnn_scarcity,16.084956920138,2.6079814791589975
RWA-fed(KEN+TZA+UGA),2003,5,govt_consumption,2008,persistence,12.2842606930329,4.732032206172301
RWA-fed(KEN+TZA+UGA),2003,5,govt_consumption,2008,arima,12.2842606930329,4.723285002984236
RWA-fed(KEN+TZA+UGA),2003,5,govt_consumption,2008,chronos,12.2842606930329,2.80550867037042
RWA-fed(KEN+TZA+UGA),2003,5,govt_consumption,2008,xgb_blind,12.2842606930329,0.06915468259588842
RWA-fed(KEN+TZA+UGA),2003,5,govt_consumption,2008,xgb_lag,12.2842606930329,4.723285002984236
RWA-fed(KEN+TZA+UGA),2003,5,govt_consumption,2008,xgb_typed,12.2842606930329,4.723285002984236
RWA-fed(KEN+TZA+UGA),2003,5,govt_consumption,2008,lgbm_blind,12.2842606930329,1.5271888876894852
RWA-fed(KEN+TZA+UGA),2003,5,govt_consumption,2008,lgbm_lag,12.2842606930329,4.723285002984236
RWA-fed(KEN+TZA+UGA),2003,5,govt_consumption,2008,lgbm_typed,12.2842606930329,4.723285002984236
RWA-fed(KEN+TZA+UGA),2003,5,govt_consumption,2008,tft,12.2842606930329,4.819760379354795
RWA-fed(KEN+TZA+UGA),2003,5,govt_consumption,2008,tgcn,12.2842606930329,
RWA-fed(KEN+TZA+UGA),2003,5,govt_consumption,2008,persistence_scarcity,12.2842606930329,4.732032206172301
RWA-fed(KEN+TZA+UGA),2003,5,govt_consumption,2008,chronos_scarcity,12.2842606930329,2.80550867037042
RWA-fed(KEN+TZA+UGA),2003,5,govt_consumption,2008,gnn_scarcity,12.2842606930329,1.0669117541716897
RWA-fed(KEN+TZA+UGA),2004,1,gdp_growth,2005,persistence,9.3778991673686,1.9302317970278802
RWA-fed(KEN+TZA+UGA),2004,1,gdp_growth,2005,arima,9.3778991673686,4.461204122522513
RWA-fed(KEN+TZA+UGA),2004,1,gdp_growth,2005,chronos,9.3778991673686,2.6826982472636196
RWA-fed(KEN+TZA+UGA),2004,1,gdp_growth,2005,xgb_blind,9.3778991673686,2.245265009572318
RWA-fed(KEN+TZA+UGA),2004,1,gdp_growth,2005,xgb_lag,9.3778991673686,4.461204122522513
RWA-fed(KEN+TZA+UGA),2004,1,gdp_growth,2005,xgb_typed,9.3778991673686,4.461204122522513
RWA-fed(KEN+TZA+UGA),2004,1,gdp_growth,2005,lgbm_blind,9.3778991673686,5.111523625681588
RWA-fed(KEN+TZA+UGA),2004,1,gdp_growth,2005,lgbm_lag,9.3778991673686,4.461204122522513
RWA-fed(KEN+TZA+UGA),2004,1,gdp_growth,2005,lgbm_typed,9.3778991673686,4.461204122522513
RWA-fed(KEN+TZA+UGA),2004,1,gdp_growth,2005,tft,9.3778991673686,1.497006890604684
RWA-fed(KEN+TZA+UGA),2004,1,gdp_growth,2005,tgcn,9.3778991673686,
RWA-fed(KEN+TZA+UGA),2004,1,gdp_growth,2005,persistence_scarcity,9.3778991673686,1.9302317970278802
RWA-fed(KEN+TZA+UGA),2004,1,gdp_growth,2005,chronos_scarcity,9.3778991673686,2.6826982472636196
RWA-fed(KEN+TZA+UGA),2004,1,gdp_growth,2005,gnn_scarcity,9.3778991673686,8.033290622065255
RWA-fed(KEN+TZA+UGA),2004,3,gdp_growth,2007,persistence,7.63329819125276,0.1856308209120403
RWA-fed(KEN+TZA+UGA),2004,3,gdp_growth,2007,arima,7.63329819125276,2.084633069185273
RWA-fed(KEN+TZA+UGA),2004,3,gdp_growth,2007,chronos,7.63329819125276,1.2526395646963637
RWA-fed(KEN+TZA+UGA),2004,3,gdp_growth,2007,xgb_blind,7.63329819125276,5.372180494490675
RWA-fed(KEN+TZA+UGA),2004,3,gdp_growth,2007,xgb_lag,7.63329819125276,2.084633069185273
RWA-fed(KEN+TZA+UGA),2004,3,gdp_growth,2007,xgb_typed,7.63329819125276,2.084633069185273
RWA-fed(KEN+TZA+UGA),2004,3,gdp_growth,2007,lgbm_blind,7.63329819125276,2.9357221651309846
RWA-fed(KEN+TZA+UGA),2004,3,gdp_growth,2007,lgbm_lag,7.63329819125276,2.084633069185273
RWA-fed(KEN+TZA+UGA),2004,3,gdp_growth,2007,lgbm_typed,7.63329819125276,2.084633069185273
RWA-fed(KEN+TZA+UGA),2004,3,gdp_growth,2007,tft,7.63329819125276,0.12590095120329448
RWA-fed(KEN+TZA+UGA),2004,3,gdp_growth,2007,tgcn,7.63329819125276,
RWA-fed(KEN+TZA+UGA),2004,3,gdp_growth,2007,persistence_scarcity,7.63329819125276,0.1856308209120403
RWA-fed(KEN+TZA+UGA),2004,3,gdp_growth,2007,chronos_scarcity,7.63329819125276,1.2526395646963637
RWA-fed(KEN+TZA+UGA),2004,3,gdp_growth,2007,gnn_scarcity,7.63329819125276,3.309538570221849
RWA-fed(KEN+TZA+UGA),2004,5,gdp_growth,2009,persistence,6.24825750620508,1.1994098641356397
RWA-fed(KEN+TZA+UGA),2004,5,gdp_growth,2009,arima,6.24825750620508,0.5524512906611374
RWA-fed(KEN+TZA+UGA),2004,5,gdp_growth,2009,chronos,6.24825750620508,0.49668298990869353
RWA-fed(KEN+TZA+UGA),2004,5,gdp_growth,2009,xgb_blind,6.24825750620508,0.34748948781347444
RWA-fed(KEN+TZA+UGA),2004,5,gdp_growth,2009,xgb_lag,6.24825750620508,0.5524512906611374
RWA-fed(KEN+TZA+UGA),2004,5,gdp_growth,2009,xgb_typed,6.24825750620508,0.5524512906611374
RWA-fed(KEN+TZA+UGA),2004,5,gdp_growth,2009,lgbm_blind,6.24825750620508,5.224509536908629
RWA-fed(KEN+TZA+UGA),2004,5,gdp_growth,2009,lgbm_lag,6.24825750620508,0.5524512906611374
RWA-fed(KEN+TZA+UGA),2004,5,gdp_growth,2009,lgbm_typed,6.24825750620508,0.5524512906611374
RWA-fed(KEN+TZA+UGA),2004,5,gdp_growth,2009,tft,6.24825750620508,1.4766608592734354
RWA-fed(KEN+TZA+UGA),2004,5,gdp_growth,2009,tgcn,6.24825750620508,
RWA-fed(KEN+TZA+UGA),2004,5,gdp_growth,2009,persistence_scarcity,6.24825750620508,1.1994098641356397
RWA-fed(KEN+TZA+UGA),2004,5,gdp_growth,2009,chronos_scarcity,6.24825750620508,0.49668298990869353
RWA-fed(KEN+TZA+UGA),2004,5,gdp_growth,2009,gnn_scarcity,6.24825750620508,4.768874299214842
RWA-fed(KEN+TZA+UGA),2004,1,inflation_cpi,2005,persistence,9.01408918092339,3.2366211085157097
RWA-fed(KEN+TZA+UGA),2004,1,inflation_cpi,2005,arima,9.01408918092339,0.4598927508290682
RWA-fed(KEN+TZA+UGA),2004,1,inflation_cpi,2005,chronos,9.01408918092339,0.32789461424262534
RWA-fed(KEN+TZA+UGA),2004,1,inflation_cpi,2005,xgb_blind,9.01408918092339,4.425270153976369
RWA-fed(KEN+TZA+UGA),2004,1,inflation_cpi,2005,xgb_lag,9.01408918092339,0.4598927508290682
RWA-fed(KEN+TZA+UGA),2004,1,inflation_cpi,2005,xgb_typed,9.01408918092339,0.4598927508290682
RWA-fed(KEN+TZA+UGA),2004,1,inflation_cpi,2005,lgbm_blind,9.01408918092339,0.555013849235463
RWA-fed(KEN+TZA+UGA),2004,1,inflation_cpi,2005,lgbm_lag,9.01408918092339,0.4598927508290682
RWA-fed(KEN+TZA+UGA),2004,1,inflation_cpi,2005,lgbm_typed,9.01408918092339,0.4598927508290682
RWA-fed(KEN+TZA+UGA),2004,1,inflation_cpi,2005,tft,9.01408918092339,10.079658911727977
RWA-fed(KEN+TZA+UGA),2004,1,inflation_cpi,2005,tgcn,9.01408918092339,
RWA-fed(KEN+TZA+UGA),2004,1,inflation_cpi,2005,persistence_scarcity,9.01408918092339,3.2366211085157097
RWA-fed(KEN+TZA+UGA),2004,1,inflation_cpi,2005,chronos_scarcity,9.01408918092339,0.32789461424262534
RWA-fed(KEN+TZA+UGA),2004,1,inflation_cpi,2005,gnn_scarcity,9.01408918092339,1.6066118020781754
RWA-fed(KEN+TZA+UGA),2004,3,inflation_cpi,2007,persistence,9.08072205873158,3.1699882307075207
RWA-fed(KEN+TZA+UGA),2004,3,inflation_cpi,2007,arima,9.08072205873158,1.0703905843219488
RWA-fed(KEN+TZA+UGA),2004,3,inflation_cpi,2007,chronos,9.08072205873158,1.57599564881947
RWA-fed(KEN+TZA+UGA),2004,3,inflation_cpi,2007,xgb_blind,9.08072205873158,1.7071073403773074
RWA-fed(KEN+TZA+UGA),2004,3,inflation_cpi,2007,xgb_lag,9.08072205873158,1.0703905843219488
RWA-fed(KEN+TZA+UGA),2004,3,inflation_cpi,2007,xgb_typed,9.08072205873158,1.0703905843219488
RWA-fed(KEN+TZA+UGA),2004,3,inflation_cpi,2007,lgbm_blind,9.08072205873158,1.6449322153312602
RWA-fed(KEN+TZA+UGA),2004,3,inflation_cpi,2007,lgbm_lag,9.08072205873158,1.0703905843219488
RWA-fed(KEN+TZA+UGA),2004,3,inflation_cpi,2007,lgbm_typed,9.08072205873158,1.0703905843219488
RWA-fed(KEN+TZA+UGA),2004,3,inflation_cpi,2007,tft,9.08072205873158,10.188402926009632
RWA-fed(KEN+TZA+UGA),2004,3,inflation_cpi,2007,tgcn,9.08072205873158,
RWA-fed(KEN+TZA+UGA),2004,3,inflation_cpi,2007,persistence_scarcity,9.08072205873158,3.1699882307075207
RWA-fed(KEN+TZA+UGA),2004,3,inflation_cpi,2007,chronos_scarcity,9.08072205873158,1.57599564881947
RWA-fed(KEN+TZA+UGA),2004,3,inflation_cpi,2007,gnn_scarcity,9.08072205873158,1.297245775741077
RWA-fed(KEN+TZA+UGA),2004,5,inflation_cpi,2009,persistence,12.9443978401712,0.6936875507321005
RWA-fed(KEN+TZA+UGA),2004,5,inflation_cpi,2009,arima,12.9443978401712,2.566782146963355
RWA-fed(KEN+TZA+UGA),2004,5,inflation_cpi,2009,chronos,12.9443978401712,5.719928655295712
RWA-fed(KEN+TZA+UGA),2004,5,inflation_cpi,2009,xgb_blind,12.9443978401712,1.5132474037698334
RWA-fed(KEN+TZA+UGA),2004,5,inflation_cpi,2009,xgb_lag,12.9443978401712,2.566782146963355
RWA-fed(KEN+TZA+UGA),2004,5,inflation_cpi,2009,xgb_typed,12.9443978401712,2.566782146963355
RWA-fed(KEN+TZA+UGA),2004,5,inflation_cpi,2009,lgbm_blind,12.9443978401712,6.492327866225583
RWA-fed(KEN+TZA+UGA),2004,5,inflation_cpi,2009,lgbm_lag,12.9443978401712,2.566782146963355
RWA-fed(KEN+TZA+UGA),2004,5,inflation_cpi,2009,lgbm_typed,12.9443978401712,2.566782146963355
RWA-fed(KEN+TZA+UGA),2004,5,inflation_cpi,2009,tft,12.9443978401712,6.270497408241885
RWA-fed(KEN+TZA+UGA),2004,5,inflation_cpi,2009,tgcn,12.9443978401712,
RWA-fed(KEN+TZA+UGA),2004,5,inflation_cpi,2009,persistence_scarcity,12.9443978401712,0.6936875507321005
RWA-fed(KEN+TZA+UGA),2004,5,inflation_cpi,2009,chronos_scarcity,12.9443978401712,5.719928655295712
RWA-fed(KEN+TZA+UGA),2004,5,inflation_cpi,2009,gnn_scarcity,12.9443978401712,2.5434369179299896
RWA-fed(KEN+TZA+UGA),2004,1,unemployment,2005,persistence,11.842,0.14300000000000068
RWA-fed(KEN+TZA+UGA),2004,1,unemployment,2005,arima,11.842,0.13149923378259842
RWA-fed(KEN+TZA+UGA),2004,1,unemployment,2005,chronos,11.842,0.0931548995971685
RWA-fed(KEN+TZA+UGA),2004,1,unemployment,2005,xgb_blind,11.842,0.1879758758544927
RWA-fed(KEN+TZA+UGA),2004,1,unemployment,2005,xgb_lag,11.842,0.13149923378259842
RWA-fed(KEN+TZA+UGA),2004,1,unemployment,2005,xgb_typed,11.842,0.13149923378259842
RWA-fed(KEN+TZA+UGA),2004,1,unemployment,2005,lgbm_blind,11.842,0.09799990572248163
RWA-fed(KEN+TZA+UGA),2004,1,unemployment,2005,lgbm_lag,11.842,0.13149923378259842
RWA-fed(KEN+TZA+UGA),2004,1,unemployment,2005,lgbm_typed,11.842,0.13149923378259842
RWA-fed(KEN+TZA+UGA),2004,1,unemployment,2005,tft,11.842,0.12089060974121146
RWA-fed(KEN+TZA+UGA),2004,1,unemployment,2005,tgcn,11.842,
RWA-fed(KEN+TZA+UGA),2004,1,unemployment,2005,persistence_scarcity,11.842,0.14300000000000068
RWA-fed(KEN+TZA+UGA),2004,1,unemployment,2005,chronos_scarcity,11.842,0.0931548995971685
RWA-fed(KEN+TZA+UGA),2004,1,unemployment,2005,gnn_scarcity,11.842,0.11254214477539115
RWA-fed(KEN+TZA+UGA),2004,3,unemployment,2007,persistence,11.58,0.11899999999999977
RWA-fed(KEN+TZA+UGA),2004,3,unemployment,2007,arima,11.58,0.13463173087182945
RWA-fed(KEN+TZA+UGA),2004,3,unemployment,2007,chronos,11.58,0.1256541442871093
RWA-fed(KEN+TZA+UGA),2004,3,unemployment,2007,xgb_blind,11.58,0.12407295227050774
RWA-fed(KEN+TZA+UGA),2004,3,unemployment,2007,xgb_lag,11.58,0.13463173087182945
RWA-fed(KEN+TZA+UGA),2004,3,unemployment,2007,xgb_typed,11.58,0.13463173087182945
RWA-fed(KEN+TZA+UGA),2004,3,unemployment,2007,lgbm_blind,11.58,0.08391674677530858
RWA-fed(KEN+TZA+UGA),2004,3,unemployment,2007,lgbm_lag,11.58,0.13463173087182945
RWA-fed(KEN+TZA+UGA),2004,3,unemployment,2007,lgbm_typed,11.58,0.13463173087182945
RWA-fed(KEN+TZA+UGA),2004,3,unemployment,2007,tft,11.58,0.14458553314208977
RWA-fed(KEN+TZA+UGA),2004,3,unemployment,2007,tgcn,11.58,
RWA-fed(KEN+TZA+UGA),2004,3,unemployment,2007,persistence_scarcity,11.58,0.11899999999999977
RWA-fed(KEN+TZA+UGA),2004,3,unemployment,2007,chronos_scarcity,11.58,0.1256541442871093
RWA-fed(KEN+TZA+UGA),2004,3,unemployment,2007,gnn_scarcity,11.58,0.35845081329345696
RWA-fed(KEN+TZA+UGA),2004,5,unemployment,2009,persistence,11.625,0.07399999999999984
RWA-fed(KEN+TZA+UGA),2004,5,unemployment,2009,arima,11.625,0.08995677125134449
RWA-fed(KEN+TZA+UGA),2004,5,unemployment,2009,chronos,11.625,0.04893207550048828
RWA-fed(KEN+TZA+UGA),2004,5,unemployment,2009,xgb_blind,11.625,0.1690835952758789
RWA-fed(KEN+TZA+UGA),2004,5,unemployment,2009,xgb_lag,11.625,0.08995677125134449
RWA-fed(KEN+TZA+UGA),2004,5,unemployment,2009,xgb_typed,11.625,0.08995677125134449
RWA-fed(KEN+TZA+UGA),2004,5,unemployment,2009,lgbm_blind,11.625,0.06739988327026403
RWA-fed(KEN+TZA+UGA),2004,5,unemployment,2009,lgbm_lag,11.625,0.08995677125134449
RWA-fed(KEN+TZA+UGA),2004,5,unemployment,2009,lgbm_typed,11.625,0.08995677125134449
RWA-fed(KEN+TZA+UGA),2004,5,unemployment,2009,tft,11.625,0.10126399993896484
RWA-fed(KEN+TZA+UGA),2004,5,unemployment,2009,tgcn,11.625,
RWA-fed(KEN+TZA+UGA),2004,5,unemployment,2009,persistence_scarcity,11.625,0.07399999999999984
RWA-fed(KEN+TZA+UGA),2004,5,unemployment,2009,chronos_scarcity,11.625,0.04893207550048828
RWA-fed(KEN+TZA+UGA),2004,5,unemployment,2009,gnn_scarcity,11.625,0.31506824493408203
RWA-fed(KEN+TZA+UGA),2004,1,exports_gdp,2005,persistence,10.6879847934518,0.29446275073030037
RWA-fed(KEN+TZA+UGA),2004,1,exports_gdp,2005,arima,10.6879847934518,1.0175166809748966
RWA-fed(KEN+TZA+UGA),2004,1,exports_gdp,2005,chronos,10.6879847934518,3.5089944293770934
RWA-fed(KEN+TZA+UGA),2004,1,exports_gdp,2005,xgb_blind,10.6879847934518,3.6911800792489196
RWA-fed(KEN+TZA+UGA),2004,1,exports_gdp,2005,xgb_lag,10.6879847934518,1.0175166809748966
RWA-fed(KEN+TZA+UGA),2004,1,exports_gdp,2005,xgb_typed,10.6879847934518,1.0175166809748966
RWA-fed(KEN+TZA+UGA),2004,1,exports_gdp,2005,lgbm_blind,10.6879847934518,4.1638931069305425
RWA-fed(KEN+TZA+UGA),2004,1,exports_gdp,2005,lgbm_lag,10.6879847934518,1.0175166809748966
RWA-fed(KEN+TZA+UGA),2004,1,exports_gdp,2005,lgbm_typed,10.6879847934518,1.0175166809748966
RWA-fed(KEN+TZA+UGA),2004,1,exports_gdp,2005,tft,10.6879847934518,2.5752178737845277
RWA-fed(KEN+TZA+UGA),2004,1,exports_gdp,2005,tgcn,10.6879847934518,
RWA-fed(KEN+TZA+UGA),2004,1,exports_gdp,2005,persistence_scarcity,10.6879847934518,0.29446275073030037
RWA-fed(KEN+TZA+UGA),2004,1,exports_gdp,2005,chronos_scarcity,10.6879847934518,3.5089944293770934
RWA-fed(KEN+TZA+UGA),2004,1,exports_gdp,2005,gnn_scarcity,10.6879847934518,4.422238676813617
RWA-fed(KEN+TZA+UGA),2004,3,exports_gdp,2007,persistence,13.6678238827712,3.2743018400497004
RWA-fed(KEN+TZA+UGA),2004,3,exports_gdp,2007,arima,13.6678238827712,3.8527734880211284
RWA-fed(KEN+TZA+UGA),2004,3,exports_gdp,2007,chronos,13.6678238827712,7.507634254170126
RWA-fed(KEN+TZA+UGA),2004,3,exports_gdp,2007,xgb_blind,13.6678238827712,5.099423499775595
RWA-fed(KEN+TZA+UGA),2004,3,exports_gdp,2007,xgb_lag,13.6678238827712,3.8527734880211284
RWA-fed(KEN+TZA+UGA),2004,3,exports_gdp,2007,xgb_typed,13.6678238827712,3.8527734880211284
RWA-fed(KEN+TZA+UGA),2004,3,exports_gdp,2007,lgbm_blind,13.6678238827712,7.130134634050395
RWA-fed(KEN+TZA+UGA),2004,3,exports_gdp,2007,lgbm_lag,13.6678238827712,3.8527734880211284
RWA-fed(KEN+TZA+UGA),2004,3,exports_gdp,2007,lgbm_typed,13.6678238827712,3.8527734880211284
RWA-fed(KEN+TZA+UGA),2004,3,exports_gdp,2007,tft,13.6678238827712,0.34771356172627854
RWA-fed(KEN+TZA+UGA),2004,3,exports_gdp,2007,tgcn,13.6678238827712,
RWA-fed(KEN+TZA+UGA),2004,3,exports_gdp,2007,persistence_scarcity,13.6678238827712,3.2743018400497004
RWA-fed(KEN+TZA+UGA),2004,3,exports_gdp,2007,chronos_scarcity,13.6678238827712,7.507634254170126
RWA-fed(KEN+TZA+UGA),2004,3,exports_gdp,2007,gnn_scarcity,13.6678238827712,6.636068912220663
RWA-fed(KEN+TZA+UGA),2004,5,exports_gdp,2009,persistence,10.367482812293,0.026039230428500204
RWA-fed(KEN+TZA+UGA),2004,5,exports_gdp,2009,arima,10.367482812293,0.5413943566323454
RWA-fed(KEN+TZA+UGA),2004,5,exports_gdp,2009,chronos,10.367482812293,3.9229771207646795
RWA-fed(KEN+TZA+UGA),2004,5,exports_gdp,2009,xgb_blind,10.367482812293,2.1399122785405584
RWA-fed(KEN+TZA+UGA),2004,5,exports_gdp,2009,xgb_lag,10.367482812293,0.5413943566323454
RWA-fed(KEN+TZA+UGA),2004,5,exports_gdp,2009,xgb_typed,10.367482812293,0.5413943566323454
RWA-fed(KEN+TZA+UGA),2004,5,exports_gdp,2009,lgbm_blind,10.367482812293,3.6700388978795475
RWA-fed(KEN+TZA+UGA),2004,5,exports_gdp,2009,lgbm_lag,10.367482812293,0.5413943566323454
RWA-fed(KEN+TZA+UGA),2004,5,exports_gdp,2009,lgbm_typed,10.367482812293,0.5413943566323454
RWA-fed(KEN+TZA+UGA),2004,5,exports_gdp,2009,tft,10.367482812293,2.95186647664743
RWA-fed(KEN+TZA+UGA),2004,5,exports_gdp,2009,tgcn,10.367482812293,
RWA-fed(KEN+TZA+UGA),2004,5,exports_gdp,2009,persistence_scarcity,10.367482812293,0.026039230428500204
RWA-fed(KEN+TZA+UGA),2004,5,exports_gdp,2009,chronos_scarcity,10.367482812293,3.9229771207646795
RWA-fed(KEN+TZA+UGA),2004,5,exports_gdp,2009,gnn_scarcity,10.367482812293,3.329798371680207
RWA-fed(KEN+TZA+UGA),2004,1,imports_gdp,2005,persistence,23.5285535484134,0.4604024880478974
RWA-fed(KEN+TZA+UGA),2004,1,imports_gdp,2005,arima,23.5285535484134,1.1320775653243977
RWA-fed(KEN+TZA+UGA),2004,1,imports_gdp,2005,chronos,23.5285535484134,0.9205556541262894
RWA-fed(KEN+TZA+UGA),2004,1,imports_gdp,2005,xgb_blind,23.5285535484134,1.7744336753665237
RWA-fed(KEN+TZA+UGA),2004,1,imports_gdp,2005,xgb_lag,23.5285535484134,1.1320775653243977
RWA-fed(KEN+TZA+UGA),2004,1,imports_gdp,2005,xgb_typed,23.5285535484134,1.1320775653243977
RWA-fed(KEN+TZA+UGA),2004,1,imports_gdp,2005,lgbm_blind,23.5285535484134,1.7931594904398374
RWA-fed(KEN+TZA+UGA),2004,1,imports_gdp,2005,lgbm_lag,23.5285535484134,1.1320775653243977
RWA-fed(KEN+TZA+UGA),2004,1,imports_gdp,2005,lgbm_typed,23.5285535484134,1.1320775653243977
RWA-fed(KEN+TZA+UGA),2004,1,imports_gdp,2005,tft,23.5285535484134,0.744900289136055
RWA-fed(KEN+TZA+UGA),2004,1,imports_gdp,2005,tgcn,23.5285535484134,
RWA-fed(KEN+TZA+UGA),2004,1,imports_gdp,2005,persistence_scarcity,23.5285535484134,0.4604024880478974
RWA-fed(KEN+TZA+UGA),2004,1,imports_gdp,2005,chronos_scarcity,23.5285535484134,0.9205556541262894
RWA-fed(KEN+TZA+UGA),2004,1,imports_gdp,2005,gnn_scarcity,23.5285535484134,0.55871254499543
RWA-fed(KEN+TZA+UGA),2004,3,imports_gdp,2007,persistence,22.3031493144566,0.7650017459089007
RWA-fed(KEN+TZA+UGA),2004,3,imports_gdp,2007,arima,22.3031493144566,0.258647419700722
RWA-fed(KEN+TZA+UGA),2004,3,imports_gdp,2007,chronos,22.3031493144566,1.3857087177699619
RWA-fed(KEN+TZA+UGA),2004,3,imports_gdp,2007,xgb_blind,22.3031493144566,0.40836992687640716
RWA-fed(KEN+TZA+UGA),2004,3,imports_gdp,2007,xgb_lag,22.3031493144566,0.258647419700722
RWA-fed(KEN+TZA+UGA),2004,3,imports_gdp,2007,xgb_typed,22.3031493144566,0.258647419700722
RWA-fed(KEN+TZA+UGA),2004,3,imports_gdp,2007,lgbm_blind,22.3031493144566,4.2123153093125225
RWA-fed(KEN+TZA+UGA),2004,3,imports_gdp,2007,lgbm_lag,22.3031493144566,0.258647419700722
RWA-fed(KEN+TZA+UGA),2004,3,imports_gdp,2007,lgbm_typed,22.3031493144566,0.258647419700722
RWA-fed(KEN+TZA+UGA),2004,3,imports_gdp,2007,tft,22.3031493144566,0.4816025776332431
RWA-fed(KEN+TZA+UGA),2004,3,imports_gdp,2007,tgcn,22.3031493144566,
RWA-fed(KEN+TZA+UGA),2004,3,imports_gdp,2007,persistence_scarcity,22.3031493144566,0.7650017459089007
RWA-fed(KEN+TZA+UGA),2004,3,imports_gdp,2007,chronos_scarcity,22.3031493144566,1.3857087177699619
RWA-fed(KEN+TZA+UGA),2004,3,imports_gdp,2007,gnn_scarcity,22.3031493144566,6.8723153156703525
RWA-fed(KEN+TZA+UGA),2004,5,imports_gdp,2009,persistence,26.4381451961885,3.3699941358229992
RWA-fed(KEN+TZA+UGA),2004,5,imports_gdp,2009,arima,26.4381451961885,3.8446606116455406
RWA-fed(KEN+TZA+UGA),2004,5,imports_gdp,2009,chronos,26.4381451961885,3.5599389431367428
RWA-fed(KEN+TZA+UGA),2004,5,imports_gdp,2009,xgb_blind,26.4381451961885,3.837116753805688
RWA-fed(KEN+TZA+UGA),2004,5,imports_gdp,2009,xgb_lag,26.4381451961885,3.8446606116455406
RWA-fed(KEN+TZA+UGA),2004,5,imports_gdp,2009,xgb_typed,26.4381451961885,3.8446606116455406
RWA-fed(KEN+TZA+UGA),2004,5,imports_gdp,2009,lgbm_blind,26.4381451961885,3.1492682812104746
RWA-fed(KEN+TZA+UGA),2004,5,imports_gdp,2009,lgbm_lag,26.4381451961885,3.8446606116455406
RWA-fed(KEN+TZA+UGA),2004,5,imports_gdp,2009,lgbm_typed,26.4381451961885,3.8446606116455406
RWA-fed(KEN+TZA+UGA),2004,5,imports_gdp,2009,tft,26.4381451961885,3.6540894863496334
RWA-fed(KEN+TZA+UGA),2004,5,imports_gdp,2009,tgcn,26.4381451961885,
RWA-fed(KEN+TZA+UGA),2004,5,imports_gdp,2009,persistence_scarcity,26.4381451961885,3.3699941358229992
RWA-fed(KEN+TZA+UGA),2004,5,imports_gdp,2009,chronos_scarcity,26.4381451961885,3.5599389431367428
RWA-fed(KEN+TZA+UGA),2004,5,imports_gdp,2009,gnn_scarcity,26.4381451961885,2.7853541019072026
RWA-fed(KEN+TZA+UGA),2004,1,current_account,2005,persistence,-6.51687014325837,0.0
RWA-fed(KEN+TZA+UGA),2004,1,current_account,2005,arima,-6.51687014325837,0.0
RWA-fed(KEN+TZA+UGA),2004,1,current_account,2005,chronos,-6.51687014325837,0.019112231576241534
RWA-fed(KEN+TZA+UGA),2004,1,current_account,2005,xgb_blind,-6.51687014325837,1.2143830208088957e-07
RWA-fed(KEN+TZA+UGA),2004,1,current_account,2005,xgb_lag,-6.51687014325837,0.0
RWA-fed(KEN+TZA+UGA),2004,1,current_account,2005,xgb_typed,-6.51687014325837,0.0
RWA-fed(KEN+TZA+UGA),2004,1,current_account,2005,lgbm_blind,-6.51687014325837,1.2143830208088957e-07
RWA-fed(KEN+TZA+UGA),2004,1,current_account,2005,lgbm_lag,-6.51687014325837,0.0
RWA-fed(KEN+TZA+UGA),2004,1,current_account,2005,lgbm_typed,-6.51687014325837,0.0
RWA-fed(KEN+TZA+UGA),2004,1,current_account,2005,tft,-6.51687014325837,0.030866501486502607
RWA-fed(KEN+TZA+UGA),2004,1,current_account,2005,tgcn,-6.51687014325837,
RWA-fed(KEN+TZA+UGA),2004,1,current_account,2005,persistence_scarcity,-6.51687014325837,0.0
RWA-fed(KEN+TZA+UGA),2004,1,current_account,2005,chronos_scarcity,-6.51687014325837,0.019112231576241534
RWA-fed(KEN+TZA+UGA),2004,1,current_account,2005,gnn_scarcity,-6.51687014325837,1.0751126184871396e-06
RWA-fed(KEN+TZA+UGA),2004,3,current_account,2007,persistence,-6.51687014325837,0.0
RWA-fed(KEN+TZA+UGA),2004,3,current_account,2007,arima,-6.51687014325837,0.0
RWA-fed(KEN+TZA+UGA),2004,3,current_account,2007,chronos,-6.51687014325837,0.019112231576241534
RWA-fed(KEN+TZA+UGA),2004,3,current_account,2007,xgb_blind,-6.51687014325837,1.2143830208088957e-07
RWA-fed(KEN+TZA+UGA),2004,3,current_account,2007,xgb_lag,-6.51687014325837,0.0
RWA-fed(KEN+TZA+UGA),2004,3,current_account,2007,xgb_typed,-6.51687014325837,0.0
RWA-fed(KEN+TZA+UGA),2004,3,current_account,2007,lgbm_blind,-6.51687014325837,1.2143830208088957e-07
RWA-fed(KEN+TZA+UGA),2004,3,current_account,2007,lgbm_lag,-6.51687014325837,0.0
RWA-fed(KEN+TZA+UGA),2004,3,current_account,2007,lgbm_typed,-6.51687014325837,0.0
RWA-fed(KEN+TZA+UGA),2004,3,current_account,2007,tft,-6.51687014325837,0.021851661050118487
RWA-fed(KEN+TZA+UGA),2004,3,current_account,2007,tgcn,-6.51687014325837,
RWA-fed(KEN+TZA+UGA),2004,3,current_account,2007,persistence_scarcity,-6.51687014325837,0.0
RWA-fed(KEN+TZA+UGA),2004,3,current_account,2007,chronos_scarcity,-6.51687014325837,0.019112231576241534
RWA-fed(KEN+TZA+UGA),2004,3,current_account,2007,gnn_scarcity,-6.51687014325837,1.5519497766902646e-06
RWA-fed(KEN+TZA+UGA),2004,5,current_account,2009,persistence,-6.51687014325837,0.0
RWA-fed(KEN+TZA+UGA),2004,5,current_account,2009,arima,-6.51687014325837,0.0
RWA-fed(KEN+TZA+UGA),2004,5,current_account,2009,chronos,-6.51687014325837,0.019112231576241534
RWA-fed(KEN+TZA+UGA),2004,5,current_account,2009,xgb_blind,-6.51687014325837,1.2143830208088957e-07
RWA-fed(KEN+TZA+UGA),2004,5,current_account,2009,xgb_lag,-6.51687014325837,0.0
RWA-fed(KEN+TZA+UGA),2004,5,current_account,2009,xgb_typed,-6.51687014325837,0.0
RWA-fed(KEN+TZA+UGA),2004,5,current_account,2009,lgbm_blind,-6.51687014325837,1.2143830208088957e-07
RWA-fed(KEN+TZA+UGA),2004,5,current_account,2009,lgbm_lag,-6.51687014325837,0.0
RWA-fed(KEN+TZA+UGA),2004,5,current_account,2009,lgbm_typed,-6.51687014325837,0.0
RWA-fed(KEN+TZA+UGA),2004,5,current_account,2009,tft,-6.51687014325837,0.061026694619454425
RWA-fed(KEN+TZA+UGA),2004,5,current_account,2009,tgcn,-6.51687014325837,
RWA-fed(KEN+TZA+UGA),2004,5,current_account,2009,persistence_scarcity,-6.51687014325837,0.0
RWA-fed(KEN+TZA+UGA),2004,5,current_account,2009,chronos_scarcity,-6.51687014325837,0.019112231576241534
RWA-fed(KEN+TZA+UGA),2004,5,current_account,2009,gnn_scarcity,-6.51687014325837,1.5519497766902646e-06
RWA-fed(KEN+TZA+UGA),2004,1,real_interest_rate,2005,persistence,6.18940676674981,1.7854323090373905
RWA-fed(KEN+TZA+UGA),2004,1,real_interest_rate,2005,arima,6.18940676674981,5.669322178112624
RWA-fed(KEN+TZA+UGA),2004,1,real_interest_rate,2005,chronos,6.18940676674981,1.7771524332537165
RWA-fed(KEN+TZA+UGA),2004,1,real_interest_rate,2005,xgb_blind,6.18940676674981,9.639361963413764
RWA-fed(KEN+TZA+UGA),2004,1,real_interest_rate,2005,xgb_lag,6.18940676674981,5.669322178112624
RWA-fed(KEN+TZA+UGA),2004,1,real_interest_rate,2005,xgb_typed,6.18940676674981,5.669322178112624
RWA-fed(KEN+TZA+UGA),2004,1,real_interest_rate,2005,lgbm_blind,6.18940676674981,1.775571638657687
RWA-fed(KEN+TZA+UGA),2004,1,real_interest_rate,2005,lgbm_lag,6.18940676674981,5.669322178112624
RWA-fed(KEN+TZA+UGA),2004,1,real_interest_rate,2005,lgbm_typed,6.18940676674981,5.669322178112624
RWA-fed(KEN+TZA+UGA),2004,1,real_interest_rate,2005,tft,6.18940676674981,0.9867292500958929
RWA-fed(KEN+TZA+UGA),2004,1,real_interest_rate,2005,tgcn,6.18940676674981,
RWA-fed(KEN+TZA+UGA),2004,1,real_interest_rate,2005,persistence_scarcity,6.18940676674981,1.7854323090373905
RWA-fed(KEN+TZA+UGA),2004,1,real_interest_rate,2005,chronos_scarcity,6.18940676674981,1.7771524332537165
RWA-fed(KEN+TZA+UGA),2004,1,real_interest_rate,2005,gnn_scarcity,6.18940676674981,0.8073698140607366
RWA-fed(KEN+TZA+UGA),2004,3,real_interest_rate,2007,persistence,2.71226575600117,1.6917087017112498
RWA-fed(KEN+TZA+UGA),2004,3,real_interest_rate,2007,arima,2.71226575600117,1.2222726598086755
RWA-fed(KEN+TZA+UGA),2004,3,real_interest_rate,2007,chronos,2.71226575600117,1.8225509859421893
RWA-fed(KEN+TZA+UGA),2004,3,real_interest_rate,2007,xgb_blind,2.71226575600117,3.2651258371970013
RWA-fed(KEN+TZA+UGA),2004,3,real_interest_rate,2007,xgb_lag,2.71226575600117,1.2222726598086755
RWA-fed(KEN+TZA+UGA),2004,3,real_interest_rate,2007,xgb_typed,2.71226575600117,1.2222726598086755
RWA-fed(KEN+TZA+UGA),2004,3,real_interest_rate,2007,lgbm_blind,2.71226575600117,5.478164944777792
RWA-fed(KEN+TZA+UGA),2004,3,real_interest_rate,2007,lgbm_lag,2.71226575600117,1.2222726598086755
RWA-fed(KEN+TZA+UGA),2004,3,real_interest_rate,2007,lgbm_typed,2.71226575600117,1.2222726598086755
RWA-fed(KEN+TZA+UGA),2004,3,real_interest_rate,2007,tft,2.71226575600117,3.6336362100938007
RWA-fed(KEN+TZA+UGA),2004,3,real_interest_rate,2007,tgcn,2.71226575600117,
RWA-fed(KEN+TZA+UGA),2004,3,real_interest_rate,2007,persistence_scarcity,2.71226575600117,1.6917087017112498
RWA-fed(KEN+TZA+UGA),2004,3,real_interest_rate,2007,chronos_scarcity,2.71226575600117,1.8225509859421893
RWA-fed(KEN+TZA+UGA),2004,3,real_interest_rate,2007,gnn_scarcity,2.71226575600117,7.686253759990041
RWA-fed(KEN+TZA+UGA),2004,5,real_interest_rate,2009,persistence,8.93689763112299,4.532923173410571
RWA-fed(KEN+TZA+UGA),2004,5,real_interest_rate,2009,arima,8.93689763112299,7.220214846403481
RWA-fed(KEN+TZA+UGA),2004,5,real_interest_rate,2009,chronos,8.93689763112299,4.463362093403264
RWA-fed(KEN+TZA+UGA),2004,5,real_interest_rate,2009,xgb_blind,8.93689763112299,9.268659676744862
RWA-fed(KEN+TZA+UGA),2004,5,real_interest_rate,2009,xgb_lag,8.93689763112299,7.220214846403481
RWA-fed(KEN+TZA+UGA),2004,5,real_interest_rate,2009,xgb_typed,8.93689763112299,7.220214846403481
RWA-fed(KEN+TZA+UGA),2004,5,real_interest_rate,2009,lgbm_blind,8.93689763112299,0.43083371682397953
RWA-fed(KEN+TZA+UGA),2004,5,real_interest_rate,2009,lgbm_lag,8.93689763112299,7.220214846403481
RWA-fed(KEN+TZA+UGA),2004,5,real_interest_rate,2009,lgbm_typed,8.93689763112299,7.220214846403481
RWA-fed(KEN+TZA+UGA),2004,5,real_interest_rate,2009,tft,8.93689763112299,2.8019002632641037
RWA-fed(KEN+TZA+UGA),2004,5,real_interest_rate,2009,tgcn,8.93689763112299,
RWA-fed(KEN+TZA+UGA),2004,5,real_interest_rate,2009,persistence_scarcity,8.93689763112299,4.532923173410571
RWA-fed(KEN+TZA+UGA),2004,5,real_interest_rate,2009,chronos_scarcity,8.93689763112299,4.463362093403264
RWA-fed(KEN+TZA+UGA),2004,5,real_interest_rate,2009,gnn_scarcity,8.93689763112299,1.487952832744197
RWA-fed(KEN+TZA+UGA),2004,1,broad_money,2005,persistence,13.7624375262056,0.018914293872999366
RWA-fed(KEN+TZA+UGA),2004,1,broad_money,2005,arima,13.7624375262056,0.0668771247082649
RWA-fed(KEN+TZA+UGA),2004,1,broad_money,2005,chronos,13.7624375262056,0.002761546591342423
RWA-fed(KEN+TZA+UGA),2004,1,broad_money,2005,xgb_blind,13.7624375262056,0.2946093640531888
RWA-fed(KEN+TZA+UGA),2004,1,broad_money,2005,xgb_lag,13.7624375262056,0.6295693478788724
RWA-fed(KEN+TZA+UGA),2004,1,broad_money,2005,xgb_typed,13.7624375262056,0.8402226529325834
RWA-fed(KEN+TZA+UGA),2004,1,broad_money,2005,lgbm_blind,13.7624375262056,1.4577696881498685
RWA-fed(KEN+TZA+UGA),2004,1,broad_money,2005,lgbm_lag,13.7624375262056,1.4577696881498685
RWA-fed(KEN+TZA+UGA),2004,1,broad_money,2005,lgbm_typed,13.7624375262056,1.4577696881498685
RWA-fed(KEN+TZA+UGA),2004,1,broad_money,2005,tft,13.7624375262056,0.04526644565719273
RWA-fed(KEN+TZA+UGA),2004,1,broad_money,2005,tgcn,13.7624375262056,
RWA-fed(KEN+TZA+UGA),2004,1,broad_money,2005,persistence_scarcity,13.7624375262056,0.34329823814599436
RWA-fed(KEN+TZA+UGA),2004,1,broad_money,2005,chronos_scarcity,13.7624375262056,0.37344224131447135
RWA-fed(KEN+TZA+UGA),2004,1,broad_money,2005,gnn_scarcity,13.7624375262056,0.3961060605253568
RWA-fed(KEN+TZA+UGA),2004,3,broad_money,2007,persistence,17.0505411887058,3.2691893686272007
RWA-fed(KEN+TZA+UGA),2004,3,broad_money,2007,arima,17.0505411887058,3.229918602660028
RWA-fed(KEN+TZA+UGA),2004,3,broad_money,2007,chronos,17.0505411887058,2.6780894064792378
RWA-fed(KEN+TZA+UGA),2004,3,broad_money,2007,xgb_blind,17.0505411887058,3.0379479193576557
RWA-fed(KEN+TZA+UGA),2004,3,broad_money,2007,xgb_lag,17.0505411887058,3.086253430832265
RWA-fed(KEN+TZA+UGA),2004,3,broad_money,2007,xgb_typed,17.0505411887058,3.082532193649648
RWA-fed(KEN+TZA+UGA),2004,3,broad_money,2007,lgbm_blind,17.0505411887058,1.6156246129560845
RWA-fed(KEN+TZA+UGA),2004,3,broad_money,2007,lgbm_lag,17.0505411887058,1.6156246129560845
RWA-fed(KEN+TZA+UGA),2004,3,broad_money,2007,lgbm_typed,17.0505411887058,1.6156246129560845
RWA-fed(KEN+TZA+UGA),2004,3,broad_money,2007,tft,17.0505411887058,3.245820310104726
RWA-fed(KEN+TZA+UGA),2004,3,broad_money,2007,tgcn,17.0505411887058,
RWA-fed(KEN+TZA+UGA),2004,3,broad_money,2007,persistence_scarcity,17.0505411887058,3.029779370567928
RWA-fed(KEN+TZA+UGA),2004,3,broad_money,2007,chronos_scarcity,17.0505411887058,2.78331869228521
RWA-fed(KEN+TZA+UGA),2004,3,broad_money,2007,gnn_scarcity,17.0505411887058,3.216025617111562
RWA-fed(KEN+TZA+UGA),2004,5,broad_money,2009,persistence,14.3347317746841,0.5533799546055
RWA-fed(KEN+TZA+UGA),2004,5,broad_money,2009,arima,14.3347317746841,0.5146005087803989
RWA-fed(KEN+TZA+UGA),2004,5,broad_money,2009,chronos,14.3347317746841,0.20484475577244332
RWA-fed(KEN+TZA+UGA),2004,5,broad_money,2009,xgb_blind,14.3347317746841,0.20274801766505668
RWA-fed(KEN+TZA+UGA),2004,5,broad_money,2009,xgb_lag,14.3347317746841,0.37736673867335746
RWA-fed(KEN+TZA+UGA),2004,5,broad_money,2009,xgb_typed,14.3347317746841,0.40565367257228324
RWA-fed(KEN+TZA+UGA),2004,5,broad_money,2009,lgbm_blind,14.3347317746841,0.5862831064499332
RWA-fed(KEN+TZA+UGA),2004,5,broad_money,2009,lgbm_lag,14.3347317746841,0.5862831064499332
RWA-fed(KEN+TZA+UGA),2004,5,broad_money,2009,lgbm_typed,14.3347317746841,0.5862831064499332
RWA-fed(KEN+TZA+UGA),2004,5,broad_money,2009,tft,14.3347317746841,0.5312640241347832
RWA-fed(KEN+TZA+UGA),2004,5,broad_money,2009,tgcn,14.3347317746841,
RWA-fed(KEN+TZA+UGA),2004,5,broad_money,2009,persistence_scarcity,14.3347317746841,1.5502153652004402
RWA-fed(KEN+TZA+UGA),2004,5,broad_money,2009,chronos_scarcity,14.3347317746841,0.3935989256128458
RWA-fed(KEN+TZA+UGA),2004,5,broad_money,2009,gnn_scarcity,14.3347317746841,0.5731741956435723
RWA-fed(KEN+TZA+UGA),2004,1,private_credit,2005,persistence,10.3108984751212,0.4796459235305992
RWA-fed(KEN+TZA+UGA),2004,1,private_credit,2005,arima,10.3108984751212,0.6045497387241383
RWA-fed(KEN+TZA+UGA),2004,1,private_credit,2005,chronos,10.3108984751212,0.9281756205069414
RWA-fed(KEN+TZA+UGA),2004,1,private_credit,2005,xgb_blind,10.3108984751212,1.0706440729605546
RWA-fed(KEN+TZA+UGA),2004,1,private_credit,2005,xgb_lag,10.3108984751212,1.6570479197012773
RWA-fed(KEN+TZA+UGA),2004,1,private_credit,2005,xgb_typed,10.3108984751212,0.8714558405386796
RWA-fed(KEN+TZA+UGA),2004,1,private_credit,2005,lgbm_blind,10.3108984751212,2.208254712805177
RWA-fed(KEN+TZA+UGA),2004,1,private_credit,2005,lgbm_lag,10.3108984751212,2.208254712805177
RWA-fed(KEN+TZA+UGA),2004,1,private_credit,2005,lgbm_typed,10.3108984751212,2.208254712805177
RWA-fed(KEN+TZA+UGA),2004,1,private_credit,2005,tft,10.3108984751212,0.47934467368251177
RWA-fed(KEN+TZA+UGA),2004,1,private_credit,2005,tgcn,10.3108984751212,
RWA-fed(KEN+TZA+UGA),2004,1,private_credit,2005,persistence_scarcity,10.3108984751212,0.046325012290934
RWA-fed(KEN+TZA+UGA),2004,1,private_credit,2005,chronos_scarcity,10.3108984751212,0.05788113984007737
RWA-fed(KEN+TZA+UGA),2004,1,private_credit,2005,gnn_scarcity,10.3108984751212,0.962267569969832
RWA-fed(KEN+TZA+UGA),2004,3,private_credit,2007,persistence,12.0334423138205,2.2021897622298994
RWA-fed(KEN+TZA+UGA),2004,3,private_credit,2007,arima,12.0334423138205,2.312188205163549
RWA-fed(KEN+TZA+UGA),2004,3,private_credit,2007,chronos,12.0334423138205,2.591893966347355
RWA-fed(KEN+TZA+UGA),2004,3,private_credit,2007,xgb_blind,12.0334423138205,2.8751438213888587
RWA-fed(KEN+TZA+UGA),2004,3,private_credit,2007,xgb_lag,12.0334423138205,2.689156348854679
RWA-fed(KEN+TZA+UGA),2004,3,private_credit,2007,xgb_typed,12.0334423138205,2.7986362530294837
RWA-fed(KEN+TZA+UGA),2004,3,private_credit,2007,lgbm_blind,12.0334423138205,3.4799296611054515
RWA-fed(KEN+TZA+UGA),2004,3,private_credit,2007,lgbm_lag,12.0334423138205,3.4799296611054515
RWA-fed(KEN+TZA+UGA),2004,3,private_credit,2007,lgbm_typed,12.0334423138205,3.4799296611054515
RWA-fed(KEN+TZA+UGA),2004,3,private_credit,2007,tft,12.0334423138205,1.243188674599308
RWA-fed(KEN+TZA+UGA),2004,3,private_credit,2007,tgcn,12.0334423138205,
RWA-fed(KEN+TZA+UGA),2004,3,private_credit,2007,persistence_scarcity,12.0334423138205,1.463954765434245
RWA-fed(KEN+TZA+UGA),2004,3,private_credit,2007,chronos_scarcity,12.0334423138205,2.2404765921776697
RWA-fed(KEN+TZA+UGA),2004,3,private_credit,2007,gnn_scarcity,12.0334423138205,2.448544318825382
RWA-fed(KEN+TZA+UGA),2004,5,private_credit,2009,persistence,11.1602839395087,1.3290313879181
RWA-fed(KEN+TZA+UGA),2004,5,private_credit,2009,arima,11.1602839395087,1.4387438148761618
RWA-fed(KEN+TZA+UGA),2004,5,private_credit,2009,chronos,11.1602839395087,2.1011046334784265
RWA-fed(KEN+TZA+UGA),2004,5,private_credit,2009,xgb_blind,11.1602839395087,1.8387154504339929
RWA-fed(KEN+TZA+UGA),2004,5,private_credit,2009,xgb_lag,11.1602839395087,1.510905162958407
RWA-fed(KEN+TZA+UGA),2004,5,private_credit,2009,xgb_typed,11.1602839395087,1.4588593408148522
RWA-fed(KEN+TZA+UGA),2004,5,private_credit,2009,lgbm_blind,11.1602839395087,2.5172111913244954
RWA-fed(KEN+TZA+UGA),2004,5,private_credit,2009,lgbm_lag,11.1602839395087,2.5172111913244954
RWA-fed(KEN+TZA+UGA),2004,5,private_credit,2009,lgbm_typed,11.1602839395087,2.5172111913244954
RWA-fed(KEN+TZA+UGA),2004,5,private_credit,2009,tft,11.1602839395087,0.39028443541934443
RWA-fed(KEN+TZA+UGA),2004,5,private_credit,2009,tgcn,11.1602839395087,
RWA-fed(KEN+TZA+UGA),2004,5,private_credit,2009,persistence_scarcity,11.1602839395087,0.11621435487975162
RWA-fed(KEN+TZA+UGA),2004,5,private_credit,2009,chronos_scarcity,11.1602839395087,1.6688691967242857
RWA-fed(KEN+TZA+UGA),2004,5,private_credit,2009,gnn_scarcity,11.1602839395087,1.4399718209784265
RWA-fed(KEN+TZA+UGA),2004,1,govt_consumption,2005,persistence,16.4061377334558,0.14312617597699884
RWA-fed(KEN+TZA+UGA),2004,1,govt_consumption,2005,arima,16.4061377334558,0.10967083882327344
RWA-fed(KEN+TZA+UGA),2004,1,govt_consumption,2005,chronos,16.4061377334558,0.22907283782591747
RWA-fed(KEN+TZA+UGA),2004,1,govt_consumption,2005,xgb_blind,16.4061377334558,0.08176258086790966
RWA-fed(KEN+TZA+UGA),2004,1,govt_consumption,2005,xgb_lag,16.4061377334558,0.10967083882327344
RWA-fed(KEN+TZA+UGA),2004,1,govt_consumption,2005,xgb_typed,16.4061377334558,0.10967083882327344
RWA-fed(KEN+TZA+UGA),2004,1,govt_consumption,2005,lgbm_blind,16.4061377334558,2.626432753967972
RWA-fed(KEN+TZA+UGA),2004,1,govt_consumption,2005,lgbm_lag,16.4061377334558,0.10967083882327344
RWA-fed(KEN+TZA+UGA),2004,1,govt_consumption,2005,lgbm_typed,16.4061377334558,0.10967083882327344
RWA-fed(KEN+TZA+UGA),2004,1,govt_consumption,2005,tft,16.4061377334558,0.19460651398072315
RWA-fed(KEN+TZA+UGA),2004,1,govt_consumption,2005,tgcn,16.4061377334558,
RWA-fed(KEN+TZA+UGA),2004,1,govt_consumption,2005,persistence_scarcity,16.4061377334558,0.14312617597699884
RWA-fed(KEN+TZA+UGA),2004,1,govt_consumption,2005,chronos_scarcity,16.4061377334558,0.22907283782591747
RWA-fed(KEN+TZA+UGA),2004,1,govt_consumption,2005,gnn_scarcity,16.4061377334558,3.2723467636071675
RWA-fed(KEN+TZA+UGA),2004,3,govt_consumption,2007,persistence,14.1635864690929,2.385677440339899
RWA-fed(KEN+TZA+UGA),2004,3,govt_consumption,2007,arima,14.1635864690929,2.3496538748989533
RWA-fed(KEN+TZA+UGA),2004,3,govt_consumption,2007,chronos,14.1635864690929,1.7157413049549515
RWA-fed(KEN+TZA+UGA),2004,3,govt_consumption,2007,xgb_blind,14.1635864690929,1.0990869088978226
RWA-fed(KEN+TZA+UGA),2004,3,govt_consumption,2007,xgb_lag,14.1635864690929,2.3496538748989533
RWA-fed(KEN+TZA+UGA),2004,3,govt_consumption,2007,xgb_typed,14.1635864690929,2.3496538748989533
RWA-fed(KEN+TZA+UGA),2004,3,govt_consumption,2007,lgbm_blind,14.1635864690929,0.29871369560453687
RWA-fed(KEN+TZA+UGA),2004,3,govt_consumption,2007,lgbm_lag,14.1635864690929,2.3496538748989533
RWA-fed(KEN+TZA+UGA),2004,3,govt_consumption,2007,lgbm_typed,14.1635864690929,2.3496538748989533
RWA-fed(KEN+TZA+UGA),2004,3,govt_consumption,2007,tft,14.1635864690929,2.4268294854969437
RWA-fed(KEN+TZA+UGA),2004,3,govt_consumption,2007,tgcn,14.1635864690929,
RWA-fed(KEN+TZA+UGA),2004,3,govt_consumption,2007,persistence_scarcity,14.1635864690929,2.385677440339899
RWA-fed(KEN+TZA+UGA),2004,3,govt_consumption,2007,chronos_scarcity,14.1635864690929,1.7157413049549515
RWA-fed(KEN+TZA+UGA),2004,3,govt_consumption,2007,gnn_scarcity,14.1635864690929,0.5328418298572952
RWA-fed(KEN+TZA+UGA),2004,5,govt_consumption,2009,persistence,12.7548643089095,3.794399600523299
RWA-fed(KEN+TZA+UGA),2004,5,govt_consumption,2009,arima,12.7548643089095,3.7583628562550047
RWA-fed(KEN+TZA+UGA),2004,5,govt_consumption,2009,chronos,12.7548643089095,1.9335083030900115
RWA-fed(KEN+TZA+UGA),2004,5,govt_consumption,2009,xgb_blind,12.7548643089095,3.6712259315690154
RWA-fed(KEN+TZA+UGA),2004,5,govt_consumption,2009,xgb_lag,12.7548643089095,3.7583628562550047
RWA-fed(KEN+TZA+UGA),2004,5,govt_consumption,2009,xgb_typed,12.7548643089095,3.7583628562550047
RWA-fed(KEN+TZA+UGA),2004,5,govt_consumption,2009,lgbm_blind,12.7548643089095,1.330366613789474
RWA-fed(KEN+TZA+UGA),2004,5,govt_consumption,2009,lgbm_lag,12.7548643089095,3.7583628562550047
RWA-fed(KEN+TZA+UGA),2004,5,govt_consumption,2009,lgbm_typed,12.7548643089095,3.7583628562550047
RWA-fed(KEN+TZA+UGA),2004,5,govt_consumption,2009,tft,12.7548643089095,3.833056833668625
RWA-fed(KEN+TZA+UGA),2004,5,govt_consumption,2009,tgcn,12.7548643089095,
RWA-fed(KEN+TZA+UGA),2004,5,govt_consumption,2009,persistence_scarcity,12.7548643089095,3.794399600523299
RWA-fed(KEN+TZA+UGA),2004,5,govt_consumption,2009,chronos_scarcity,12.7548643089095,1.9335083030900115
RWA-fed(KEN+TZA+UGA),2004,5,govt_consumption,2009,gnn_scarcity,12.7548643089095,1.9536594413956756
RWA-fed(KEN+TZA+UGA),2005,1,gdp_growth,2006,persistence,9.22707576798881,0.1508233993797905
RWA-fed(KEN+TZA+UGA),2005,1,gdp_growth,2006,arima,9.22707576798881,0.7801925242369538
RWA-fed(KEN+TZA+UGA),2005,1,gdp_growth,2006,chronos,9.22707576798881,1.1691390995928135
RWA-fed(KEN+TZA+UGA),2005,1,gdp_growth,2006,xgb_blind,9.22707576798881,0.8190538411089268
RWA-fed(KEN+TZA+UGA),2005,1,gdp_growth,2006,xgb_lag,9.22707576798881,0.7801925242369538
RWA-fed(KEN+TZA+UGA),2005,1,gdp_growth,2006,xgb_typed,9.22707576798881,0.7801925242369538
RWA-fed(KEN+TZA+UGA),2005,1,gdp_growth,2006,lgbm_blind,9.22707576798881,4.619931984419473
RWA-fed(KEN+TZA+UGA),2005,1,gdp_growth,2006,lgbm_lag,9.22707576798881,0.7801925242369538
RWA-fed(KEN+TZA+UGA),2005,1,gdp_growth,2006,lgbm_typed,9.22707576798881,0.7801925242369538
RWA-fed(KEN+TZA+UGA),2005,1,gdp_growth,2006,tft,9.22707576798881,0.5277746195844326
RWA-fed(KEN+TZA+UGA),2005,1,gdp_growth,2006,tgcn,9.22707576798881,
RWA-fed(KEN+TZA+UGA),2005,1,gdp_growth,2006,persistence_scarcity,9.22707576798881,0.1508233993797905
RWA-fed(KEN+TZA+UGA),2005,1,gdp_growth,2006,chronos_scarcity,9.22707576798881,1.1691390995928135
RWA-fed(KEN+TZA+UGA),2005,1,gdp_growth,2006,gnn_scarcity,9.22707576798881,7.0405921463915195
RWA-fed(KEN+TZA+UGA),2005,3,gdp_growth,2008,persistence,11.1612473247323,1.7833481573636991
RWA-fed(KEN+TZA+UGA),2005,3,gdp_growth,2008,arima,11.1612473247323,2.4819006670809305
RWA-fed(KEN+TZA+UGA),2005,3,gdp_growth,2008,chronos,11.1612473247323,4.121622633722778
RWA-fed(KEN+TZA+UGA),2005,3,gdp_growth,2008,xgb_blind,11.1612473247323,6.900470804956909
RWA-fed(KEN+TZA+UGA),2005,3,gdp_growth,2008,xgb_lag,11.1612473247323,2.4819006670809305
RWA-fed(KEN+TZA+UGA),2005,3,gdp_growth,2008,xgb_typed,11.1612473247323,2.4819006670809305
RWA-fed(KEN+TZA+UGA),2005,3,gdp_growth,2008,lgbm_blind,11.1612473247323,6.1036464413951315
RWA-fed(KEN+TZA+UGA),2005,3,gdp_growth,2008,lgbm_lag,11.1612473247323,2.4819006670809305
RWA-fed(KEN+TZA+UGA),2005,3,gdp_growth,2008,lgbm_typed,11.1612473247323,2.4819006670809305
RWA-fed(KEN+TZA+UGA),2005,3,gdp_growth,2008,tft,11.1612473247323,1.414895128992553
RWA-fed(KEN+TZA+UGA),2005,3,gdp_growth,2008,tgcn,11.1612473247323,
RWA-fed(KEN+TZA+UGA),2005,3,gdp_growth,2008,persistence_scarcity,11.1612473247323,1.7833481573636991
RWA-fed(KEN+TZA+UGA),2005,3,gdp_growth,2008,chronos_scarcity,11.1612473247323,4.121622633722778
RWA-fed(KEN+TZA+UGA),2005,3,gdp_growth,2008,gnn_scarcity,11.1612473247323,2.371977877405639
RWA-fed(KEN+TZA+UGA),2005,5,gdp_growth,2010,persistence,7.33465645006753,2.0432427173010703
RWA-fed(KEN+TZA+UGA),2005,5,gdp_growth,2010,arima,7.33465645006753,1.3987718532419846
RWA-fed(KEN+TZA+UGA),2005,5,gdp_growth,2010,chronos,7.33465645006753,0.9591433732853032
RWA-fed(KEN+TZA+UGA),2005,5,gdp_growth,2010,xgb_blind,7.33465645006753,2.2660801141605473
RWA-fed(KEN+TZA+UGA),2005,5,gdp_growth,2010,xgb_lag,7.33465645006753,1.3987718532419846
RWA-fed(KEN+TZA+UGA),2005,5,gdp_growth,2010,xgb_typed,7.33465645006753,1.3987718532419846
RWA-fed(KEN+TZA+UGA),2005,5,gdp_growth,2010,lgbm_blind,7.33465645006753,3.947668059119649
RWA-fed(KEN+TZA+UGA),2005,5,gdp_growth,2010,lgbm_lag,7.33465645006753,1.3987718532419846
RWA-fed(KEN+TZA+UGA),2005,5,gdp_growth,2010,lgbm_typed,7.33465645006753,1.3987718532419846
RWA-fed(KEN+TZA+UGA),2005,5,gdp_growth,2010,tft,7.33465645006753,2.3870661527767085
RWA-fed(KEN+TZA+UGA),2005,5,gdp_growth,2010,tgcn,7.33465645006753,
RWA-fed(KEN+TZA+UGA),2005,5,gdp_growth,2010,persistence_scarcity,7.33465645006753,2.0432427173010703
RWA-fed(KEN+TZA+UGA),2005,5,gdp_growth,2010,chronos_scarcity,7.33465645006753,0.9591433732853032
RWA-fed(KEN+TZA+UGA),2005,5,gdp_growth,2010,gnn_scarcity,7.33465645006753,6.549285200323095
RWA-fed(KEN+TZA+UGA),2005,1,inflation_cpi,2006,persistence,8.88282654777923,0.13126263314416065
RWA-fed(KEN+TZA+UGA),2005,1,inflation_cpi,2006,arima,8.88282654777923,2.032657660776561
RWA-fed(KEN+TZA+UGA),2005,1,inflation_cpi,2006,chronos,8.88282654777923,0.24476649268707895
RWA-fed(KEN+TZA+UGA),2005,1,inflation_cpi,2006,xgb_blind,8.88282654777923,1.3171822835580382
RWA-fed(KEN+TZA+UGA),2005,1,inflation_cpi,2006,xgb_lag,8.88282654777923,2.032657660776561
RWA-fed(KEN+TZA+UGA),2005,1,inflation_cpi,2006,xgb_typed,8.88282654777923,2.032657660776561
RWA-fed(KEN+TZA+UGA),2005,1,inflation_cpi,2006,lgbm_blind,8.88282654777923,0.3867502659137916
RWA-fed(KEN+TZA+UGA),2005,1,inflation_cpi,2006,lgbm_lag,8.88282654777923,2.032657660776561
RWA-fed(KEN+TZA+UGA),2005,1,inflation_cpi,2006,lgbm_typed,8.88282654777923,2.032657660776561
RWA-fed(KEN+TZA+UGA),2005,1,inflation_cpi,2006,tft,8.88282654777923,0.4343912790640321
RWA-fed(KEN+TZA+UGA),2005,1,inflation_cpi,2006,tgcn,8.88282654777923,
RWA-fed(KEN+TZA+UGA),2005,1,inflation_cpi,2006,persistence_scarcity,8.88282654777923,0.13126263314416065
RWA-fed(KEN+TZA+UGA),2005,1,inflation_cpi,2006,chronos_scarcity,8.88282654777923,0.24476649268707895
RWA-fed(KEN+TZA+UGA),2005,1,inflation_cpi,2006,gnn_scarcity,8.88282654777923,1.2682773877755675
RWA-fed(KEN+TZA+UGA),2005,3,inflation_cpi,2008,persistence,15.4382138709255,6.42412469000211
RWA-fed(KEN+TZA+UGA),2005,3,inflation_cpi,2008,arima,15.4382138709255,4.983533184718993
RWA-fed(KEN+TZA+UGA),2005,3,inflation_cpi,2008,chronos,15.4382138709255,7.467200801772668
RWA-fed(KEN+TZA+UGA),2005,3,inflation_cpi,2008,xgb_blind,15.4382138709255,6.28986124793966
RWA-fed(KEN+TZA+UGA),2005,3,inflation_cpi,2008,xgb_lag,15.4382138709255,4.983533184718993
RWA-fed(KEN+TZA+UGA),2005,3,inflation_cpi,2008,xgb_typed,15.4382138709255,4.983533184718993
RWA-fed(KEN+TZA+UGA),2005,3,inflation_cpi,2008,lgbm_blind,15.4382138709255,7.881016355144391
RWA-fed(KEN+TZA+UGA),2005,3,inflation_cpi,2008,lgbm_lag,15.4382138709255,4.983533184718993
RWA-fed(KEN+TZA+UGA),2005,3,inflation_cpi,2008,lgbm_typed,15.4382138709255,4.983533184718993
RWA-fed(KEN+TZA+UGA),2005,3,inflation_cpi,2008,tft,15.4382138709255,6.119083927077844
RWA-fed(KEN+TZA+UGA),2005,3,inflation_cpi,2008,tgcn,15.4382138709255,
RWA-fed(KEN+TZA+UGA),2005,3,inflation_cpi,2008,persistence_scarcity,15.4382138709255,6.42412469000211
RWA-fed(KEN+TZA+UGA),2005,3,inflation_cpi,2008,chronos_scarcity,15.4382138709255,7.467200801772668
RWA-fed(KEN+TZA+UGA),2005,3,inflation_cpi,2008,gnn_scarcity,15.4382138709255,5.785204456252648
RWA-fed(KEN+TZA+UGA),2005,5,inflation_cpi,2010,persistence,-0.246128693436934,9.260217874360324
RWA-fed(KEN+TZA+UGA),2005,5,inflation_cpi,2010,arima,-0.246128693436934,10.541780216530451
RWA-fed(KEN+TZA+UGA),2005,5,inflation_cpi,2010,chronos,-0.246128693436934,7.623225823258712
RWA-fed(KEN+TZA+UGA),2005,5,inflation_cpi,2010,xgb_blind,-0.246128693436934,8.638044014787031
RWA-fed(KEN+TZA+UGA),2005,5,inflation_cpi,2010,xgb_lag,-0.246128693436934,10.541780216530451
RWA-fed(KEN+TZA+UGA),2005,5,inflation_cpi,2010,xgb_typed,-0.246128693436934,10.541780216530451
RWA-fed(KEN+TZA+UGA),2005,5,inflation_cpi,2010,lgbm_blind,-0.246128693436934,6.931109541055731
RWA-fed(KEN+TZA+UGA),2005,5,inflation_cpi,2010,lgbm_lag,-0.246128693436934,10.541780216530451
RWA-fed(KEN+TZA+UGA),2005,5,inflation_cpi,2010,lgbm_typed,-0.246128693436934,10.541780216530451
RWA-fed(KEN+TZA+UGA),2005,5,inflation_cpi,2010,tft,-0.246128693436934,9.540485039567304
RWA-fed(KEN+TZA+UGA),2005,5,inflation_cpi,2010,tgcn,-0.246128693436934,
RWA-fed(KEN+TZA+UGA),2005,5,inflation_cpi,2010,persistence_scarcity,-0.246128693436934,9.260217874360324
RWA-fed(KEN+TZA+UGA),2005,5,inflation_cpi,2010,chronos_scarcity,-0.246128693436934,7.623225823258712
RWA-fed(KEN+TZA+UGA),2005,5,inflation_cpi,2010,gnn_scarcity,-0.246128693436934,11.472001686906172
RWA-fed(KEN+TZA+UGA),2005,1,unemployment,2006,persistence,11.586,0.2560000000000002
RWA-fed(KEN+TZA+UGA),2005,1,unemployment,2006,arima,11.586,0.29712650040635324
RWA-fed(KEN+TZA+UGA),2005,1,unemployment,2006,chronos,11.586,0.25291773223876923
RWA-fed(KEN+TZA+UGA),2005,1,unemployment,2006,xgb_blind,11.586,0.12905648803710967
RWA-fed(KEN+TZA+UGA),2005,1,unemployment,2006,xgb_lag,11.586,0.29712650040635324
RWA-fed(KEN+TZA+UGA),2005,1,unemployment,2006,xgb_typed,11.586,0.29712650040635324
RWA-fed(KEN+TZA+UGA),2005,1,unemployment,2006,lgbm_blind,11.586,0.1645334218343102
RWA-fed(KEN+TZA+UGA),2005,1,unemployment,2006,lgbm_lag,11.586,0.29712650040635324
RWA-fed(KEN+TZA+UGA),2005,1,unemployment,2006,lgbm_typed,11.586,0.29712650040635324
RWA-fed(KEN+TZA+UGA),2005,1,unemployment,2006,tft,11.586,0.5753416671752927
RWA-fed(KEN+TZA+UGA),2005,1,unemployment,2006,tgcn,11.586,
RWA-fed(KEN+TZA+UGA),2005,1,unemployment,2006,persistence_scarcity,11.586,0.2560000000000002
RWA-fed(KEN+TZA+UGA),2005,1,unemployment,2006,chronos_scarcity,11.586,0.25291773223876923
RWA-fed(KEN+TZA+UGA),2005,1,unemployment,2006,gnn_scarcity,11.586,0.15799566650390595
RWA-fed(KEN+TZA+UGA),2005,3,unemployment,2008,persistence,11.517,0.32500000000000107
RWA-fed(KEN+TZA+UGA),2005,3,unemployment,2008,arima,11.517,0.3813560736844739
RWA-fed(KEN+TZA+UGA),2005,3,unemployment,2008,chronos,11.517,0.5811578826904302
RWA-fed(KEN+TZA+UGA),2005,3,unemployment,2008,xgb_blind,11.517,0.22123928833007867
RWA-fed(KEN+TZA+UGA),2005,3,unemployment,2008,xgb_lag,11.517,0.3813560736844739
RWA-fed(KEN+TZA+UGA),2005,3,unemployment,2008,xgb_typed,11.517,0.3813560736844739
RWA-fed(KEN+TZA+UGA),2005,3,unemployment,2008,lgbm_blind,11.517,0.16061545914870123
RWA-fed(KEN+TZA+UGA),2005,3,unemployment,2008,lgbm_lag,11.517,0.3813560736844739
RWA-fed(KEN+TZA+UGA),2005,3,unemployment,2008,lgbm_typed,11.517,0.3813560736844739
RWA-fed(KEN+TZA+UGA),2005,3,unemployment,2008,tft,11.517,0.645669181823731
RWA-fed(KEN+TZA+UGA),2005,3,unemployment,2008,tgcn,11.517,
RWA-fed(KEN+TZA+UGA),2005,3,unemployment,2008,persistence_scarcity,11.517,0.32500000000000107
RWA-fed(KEN+TZA+UGA),2005,3,unemployment,2008,chronos_scarcity,11.517,0.5811578826904302
RWA-fed(KEN+TZA+UGA),2005,3,unemployment,2008,gnn_scarcity,11.517,0.3704130249023443
RWA-fed(KEN+TZA+UGA),2005,5,unemployment,2010,persistence,11.637,0.20500000000000007
RWA-fed(KEN+TZA+UGA),2005,5,unemployment,2010,arima,11.637,0.26261575060073383
RWA-fed(KEN+TZA+UGA),2005,5,unemployment,2010,chronos,11.637,0.1587077026367183
RWA-fed(KEN+TZA+UGA),2005,5,unemployment,2010,xgb_blind,11.637,0.07498160552978561
RWA-fed(KEN+TZA+UGA),2005,5,unemployment,2010,xgb_lag,11.637,0.26261575060073383
RWA-fed(KEN+TZA+UGA),2005,5,unemployment,2010,xgb_typed,11.637,0.26261575060073383
RWA-fed(KEN+TZA+UGA),2005,5,unemployment,2010,lgbm_blind,11.637,0.05354534773393205
RWA-fed(KEN+TZA+UGA),2005,5,unemployment,2010,lgbm_lag,11.637,0.26261575060073383
RWA-fed(KEN+TZA+UGA),2005,5,unemployment,2010,lgbm_typed,11.637,0.26261575060073383
RWA-fed(KEN+TZA+UGA),2005,5,unemployment,2010,tft,11.637,0.5257950668334956
RWA-fed(KEN+TZA+UGA),2005,5,unemployment,2010,tgcn,11.637,
RWA-fed(KEN+TZA+UGA),2005,5,unemployment,2010,persistence_scarcity,11.637,0.20500000000000007
RWA-fed(KEN+TZA+UGA),2005,5,unemployment,2010,chronos_scarcity,11.637,0.1587077026367183
RWA-fed(KEN+TZA+UGA),2005,5,unemployment,2010,gnn_scarcity,11.637,0.3610726242065425
RWA-fed(KEN+TZA+UGA),2005,1,exports_gdp,2006,persistence,10.8834165953429,0.19543180189110032
RWA-fed(KEN+TZA+UGA),2005,1,exports_gdp,2006,arima,10.8834165953429,0.25188989732420275
RWA-fed(KEN+TZA+UGA),2005,1,exports_gdp,2006,chronos,10.8834165953429,1.2163442992003226
RWA-fed(KEN+TZA+UGA),2005,1,exports_gdp,2006,xgb_blind,10.8834165953429,4.666333141210821
RWA-fed(KEN+TZA+UGA),2005,1,exports_gdp,2006,xgb_lag,10.8834165953429,0.25188989732420275
RWA-fed(KEN+TZA+UGA),2005,1,exports_gdp,2006,xgb_typed,10.8834165953429,0.25188989732420275
RWA-fed(KEN+TZA+UGA),2005,1,exports_gdp,2006,lgbm_blind,10.8834165953429,4.081732056819544
RWA-fed(KEN+TZA+UGA),2005,1,exports_gdp,2006,lgbm_lag,10.8834165953429,0.25188989732420275
RWA-fed(KEN+TZA+UGA),2005,1,exports_gdp,2006,lgbm_typed,10.8834165953429,0.25188989732420275
RWA-fed(KEN+TZA+UGA),2005,1,exports_gdp,2006,tft,10.8834165953429,0.32059806812122105
RWA-fed(KEN+TZA+UGA),2005,1,exports_gdp,2006,tgcn,10.8834165953429,
RWA-fed(KEN+TZA+UGA),2005,1,exports_gdp,2006,persistence_scarcity,10.8834165953429,0.19543180189110032
RWA-fed(KEN+TZA+UGA),2005,1,exports_gdp,2006,chronos_scarcity,10.8834165953429,1.2163442992003226
RWA-fed(KEN+TZA+UGA),2005,1,exports_gdp,2006,gnn_scarcity,10.8834165953429,4.354530753973272
RWA-fed(KEN+TZA+UGA),2005,3,exports_gdp,2008,persistence,11.2727549070714,0.5847701136195997
RWA-fed(KEN+TZA+UGA),2005,3,exports_gdp,2008,arima,11.2727549070714,0.6324788312638265
RWA-fed(KEN+TZA+UGA),2005,3,exports_gdp,2008,chronos,11.2727549070714,2.8633902067540173
RWA-fed(KEN+TZA+UGA),2005,3,exports_gdp,2008,xgb_blind,11.2727549070714,2.0161335462925916
RWA-fed(KEN+TZA+UGA),2005,3,exports_gdp,2008,xgb_lag,11.2727549070714,0.6324788312638265
RWA-fed(KEN+TZA+UGA),2005,3,exports_gdp,2008,xgb_typed,11.2727549070714,0.6324788312638265
RWA-fed(KEN+TZA+UGA),2005,3,exports_gdp,2008,lgbm_blind,11.2727549070714,4.415812180055831
RWA-fed(KEN+TZA+UGA),2005,3,exports_gdp,2008,lgbm_lag,11.2727549070714,0.6324788312638265
RWA-fed(KEN+TZA+UGA),2005,3,exports_gdp,2008,lgbm_typed,11.2727549070714,0.6324788312638265
RWA-fed(KEN+TZA+UGA),2005,3,exports_gdp,2008,tft,11.2727549070714,0.6639158720372205
RWA-fed(KEN+TZA+UGA),2005,3,exports_gdp,2008,tgcn,11.2727549070714,
RWA-fed(KEN+TZA+UGA),2005,3,exports_gdp,2008,persistence_scarcity,11.2727549070714,0.5847701136195997
RWA-fed(KEN+TZA+UGA),2005,3,exports_gdp,2008,chronos_scarcity,11.2727549070714,2.8633902067540173
RWA-fed(KEN+TZA+UGA),2005,3,exports_gdp,2008,gnn_scarcity,11.2727549070714,4.082489251553822
RWA-fed(KEN+TZA+UGA),2005,5,exports_gdp,2010,persistence,10.7427647311274,0.0547799376755993
RWA-fed(KEN+TZA+UGA),2005,5,exports_gdp,2010,arima,10.7427647311274,0.10216701618383262
RWA-fed(KEN+TZA+UGA),2005,5,exports_gdp,2010,chronos,10.7427647311274,2.999244471270222
RWA-fed(KEN+TZA+UGA),2005,5,exports_gdp,2010,xgb_blind,10.7427647311274,2.597790976244587
RWA-fed(KEN+TZA+UGA),2005,5,exports_gdp,2010,xgb_lag,10.7427647311274,0.10216701618383262
RWA-fed(KEN+TZA+UGA),2005,5,exports_gdp,2010,xgb_typed,10.7427647311274,0.10216701618383262
RWA-fed(KEN+TZA+UGA),2005,5,exports_gdp,2010,lgbm_blind,10.7427647311274,3.682544402883104
RWA-fed(KEN+TZA+UGA),2005,5,exports_gdp,2010,lgbm_lag,10.7427647311274,0.10216701618383262
RWA-fed(KEN+TZA+UGA),2005,5,exports_gdp,2010,lgbm_typed,10.7427647311274,0.10216701618383262
RWA-fed(KEN+TZA+UGA),2005,5,exports_gdp,2010,tft,10.7427647311274,0.16818072386421612
RWA-fed(KEN+TZA+UGA),2005,5,exports_gdp,2010,tgcn,10.7427647311274,
RWA-fed(KEN+TZA+UGA),2005,5,exports_gdp,2010,persistence_scarcity,10.7427647311274,0.0547799376755993
RWA-fed(KEN+TZA+UGA),2005,5,exports_gdp,2010,chronos_scarcity,10.7427647311274,2.999244471270222
RWA-fed(KEN+TZA+UGA),2005,5,exports_gdp,2010,gnn_scarcity,10.7427647311274,3.0421817500177806
RWA-fed(KEN+TZA+UGA),2005,1,imports_gdp,2006,persistence,22.338020477063,1.1905330713503979
RWA-fed(KEN+TZA+UGA),2005,1,imports_gdp,2006,arima,22.338020477063,0.9883261534556347
RWA-fed(KEN+TZA+UGA),2005,1,imports_gdp,2006,chronos,22.338020477063,2.45582374595946
RWA-fed(KEN+TZA+UGA),2005,1,imports_gdp,2006,xgb_blind,22.338020477063,3.0410040285522335
RWA-fed(KEN+TZA+UGA),2005,1,imports_gdp,2006,xgb_lag,22.338020477063,0.9883261534556347
RWA-fed(KEN+TZA+UGA),2005,1,imports_gdp,2006,xgb_typed,22.338020477063,0.9883261534556347
RWA-fed(KEN+TZA+UGA),2005,1,imports_gdp,2006,lgbm_blind,22.338020477063,2.864148559802235
RWA-fed(KEN+TZA+UGA),2005,1,imports_gdp,2006,lgbm_lag,22.338020477063,0.9883261534556347
RWA-fed(KEN+TZA+UGA),2005,1,imports_gdp,2006,lgbm_typed,22.338020477063,0.9883261534556347
RWA-fed(KEN+TZA+UGA),2005,1,imports_gdp,2006,tft,22.338020477063,0.5063894655639523
RWA-fed(KEN+TZA+UGA),2005,1,imports_gdp,2006,tgcn,22.338020477063,
RWA-fed(KEN+TZA+UGA),2005,1,imports_gdp,2006,persistence_scarcity,22.338020477063,1.1905330713503979
RWA-fed(KEN+TZA+UGA),2005,1,imports_gdp,2006,chronos_scarcity,22.338020477063,2.45582374595946
RWA-fed(KEN+TZA+UGA),2005,1,imports_gdp,2006,gnn_scarcity,22.338020477063,0.8901995088989132
RWA-fed(KEN+TZA+UGA),2005,3,imports_gdp,2008,persistence,26.3317559477341,2.8032023993207
RWA-fed(KEN+TZA+UGA),2005,3,imports_gdp,2008,arima,26.3317559477341,2.955605172986882
RWA-fed(KEN+TZA+UGA),2005,3,imports_gdp,2008,chronos,26.3317559477341,2.0768960234176923
RWA-fed(KEN+TZA+UGA),2005,3,imports_gdp,2008,xgb_blind,26.3317559477341,3.678422283793669
RWA-fed(KEN+TZA+UGA),2005,3,imports_gdp,2008,xgb_lag,26.3317559477341,2.955605172986882
RWA-fed(KEN+TZA+UGA),2005,3,imports_gdp,2008,xgb_typed,26.3317559477341,2.955605172986882
RWA-fed(KEN+TZA+UGA),2005,3,imports_gdp,2008,lgbm_blind,26.3317559477341,0.046053755867738744
RWA-fed(KEN+TZA+UGA),2005,3,imports_gdp,2008,lgbm_lag,26.3317559477341,2.955605172986882
RWA-fed(KEN+TZA+UGA),2005,3,imports_gdp,2008,lgbm_typed,26.3317559477341,2.955605172986882
RWA-fed(KEN+TZA+UGA),2005,3,imports_gdp,2008,tft,26.3317559477341,3.4868787046921064
RWA-fed(KEN+TZA+UGA),2005,3,imports_gdp,2008,tgcn,26.3317559477341,
RWA-fed(KEN+TZA+UGA),2005,3,imports_gdp,2008,persistence_scarcity,26.3317559477341,2.8032023993207
RWA-fed(KEN+TZA+UGA),2005,3,imports_gdp,2008,chronos_scarcity,26.3317559477341,2.0768960234176923
RWA-fed(KEN+TZA+UGA),2005,3,imports_gdp,2008,gnn_scarcity,26.3317559477341,1.1528746369826983
RWA-fed(KEN+TZA+UGA),2005,5,imports_gdp,2010,persistence,26.5361143612077,3.0075608127943028
RWA-fed(KEN+TZA+UGA),2005,5,imports_gdp,2010,arima,26.5361143612077,3.1503567106303905
RWA-fed(KEN+TZA+UGA),2005,5,imports_gdp,2010,chronos,26.5361143612077,4.167757656495787
RWA-fed(KEN+TZA+UGA),2005,5,imports_gdp,2010,xgb_blind,26.5361143612077,4.204481747071959
RWA-fed(KEN+TZA+UGA),2005,5,imports_gdp,2010,xgb_lag,26.5361143612077,3.1503567106303905
RWA-fed(KEN+TZA+UGA),2005,5,imports_gdp,2010,xgb_typed,26.5361143612077,3.1503567106303905
RWA-fed(KEN+TZA+UGA),2005,5,imports_gdp,2010,lgbm_blind,26.5361143612077,3.225448710406475
RWA-fed(KEN+TZA+UGA),2005,5,imports_gdp,2010,lgbm_lag,26.5361143612077,3.1503567106303905
RWA-fed(KEN+TZA+UGA),2005,5,imports_gdp,2010,lgbm_typed,26.5361143612077,3.1503567106303905
RWA-fed(KEN+TZA+UGA),2005,5,imports_gdp,2010,tft,26.5361143612077,3.691179897706725
RWA-fed(KEN+TZA+UGA),2005,5,imports_gdp,2010,tgcn,26.5361143612077,
RWA-fed(KEN+TZA+UGA),2005,5,imports_gdp,2010,persistence_scarcity,26.5361143612077,3.0075608127943028
RWA-fed(KEN+TZA+UGA),2005,5,imports_gdp,2010,chronos_scarcity,26.5361143612077,4.167757656495787
RWA-fed(KEN+TZA+UGA),2005,5,imports_gdp,2010,gnn_scarcity,26.5361143612077,4.232737872679017
RWA-fed(KEN+TZA+UGA),2005,1,current_account,2006,persistence,-6.51687014325837,0.0
RWA-fed(KEN+TZA+UGA),2005,1,current_account,2006,arima,-6.51687014325837,0.0
RWA-fed(KEN+TZA+UGA),2005,1,current_account,2006,chronos,-6.51687014325837,0.01911175473908333
RWA-fed(KEN+TZA+UGA),2005,1,current_account,2006,xgb_blind,-6.51687014325837,1.2143830208088957e-07
RWA-fed(KEN+TZA+UGA),2005,1,current_account,2006,xgb_lag,-6.51687014325837,0.0
RWA-fed(KEN+TZA+UGA),2005,1,current_account,2006,xgb_typed,-6.51687014325837,0.0
RWA-fed(KEN+TZA+UGA),2005,1,current_account,2006,lgbm_blind,-6.51687014325837,1.2143830208088957e-07
RWA-fed(KEN+TZA+UGA),2005,1,current_account,2006,lgbm_lag,-6.51687014325837,0.0
RWA-fed(KEN+TZA+UGA),2005,1,current_account,2006,lgbm_typed,-6.51687014325837,0.0
RWA-fed(KEN+TZA+UGA),2005,1,current_account,2006,tft,-6.51687014325837,0.04518878237029167
RWA-fed(KEN+TZA+UGA),2005,1,current_account,2006,tgcn,-6.51687014325837,
RWA-fed(KEN+TZA+UGA),2005,1,current_account,2006,persistence_scarcity,-6.51687014325837,0.0
RWA-fed(KEN+TZA+UGA),2005,1,current_account,2006,chronos_scarcity,-6.51687014325837,0.01911175473908333
RWA-fed(KEN+TZA+UGA),2005,1,current_account,2006,gnn_scarcity,-6.51687014325837,1.0751126184871396e-06
RWA-fed(KEN+TZA+UGA),2005,3,current_account,2008,persistence,-6.51687014325837,0.0
RWA-fed(KEN+TZA+UGA),2005,3,current_account,2008,arima,-6.51687014325837,0.0
RWA-fed(KEN+TZA+UGA),2005,3,current_account,2008,chronos,-6.51687014325837,0.01911175473908333
RWA-fed(KEN+TZA+UGA),2005,3,current_account,2008,xgb_blind,-6.51687014325837,1.2143830208088957e-07
RWA-fed(KEN+TZA+UGA),2005,3,current_account,2008,xgb_lag,-6.51687014325837,0.0
RWA-fed(KEN+TZA+UGA),2005,3,current_account,2008,xgb_typed,-6.51687014325837,0.0
RWA-fed(KEN+TZA+UGA),2005,3,current_account,2008,lgbm_blind,-6.51687014325837,1.2143830208088957e-07
RWA-fed(KEN+TZA+UGA),2005,3,current_account,2008,lgbm_lag,-6.51687014325837,0.0
RWA-fed(KEN+TZA+UGA),2005,3,current_account,2008,lgbm_typed,-6.51687014325837,0.0
RWA-fed(KEN+TZA+UGA),2005,3,current_account,2008,tft,-6.51687014325837,0.024866936361990888
RWA-fed(KEN+TZA+UGA),2005,3,current_account,2008,tgcn,-6.51687014325837,
RWA-fed(KEN+TZA+UGA),2005,3,current_account,2008,persistence_scarcity,-6.51687014325837,0.0
RWA-fed(KEN+TZA+UGA),2005,3,current_account,2008,chronos_scarcity,-6.51687014325837,0.01911175473908333
RWA-fed(KEN+TZA+UGA),2005,3,current_account,2008,gnn_scarcity,-6.51687014325837,1.5519497766902646e-06
RWA-fed(KEN+TZA+UGA),2005,5,current_account,2010,persistence,-6.51687014325837,0.0
RWA-fed(KEN+TZA+UGA),2005,5,current_account,2010,arima,-6.51687014325837,0.0
RWA-fed(KEN+TZA+UGA),2005,5,current_account,2010,chronos,-6.51687014325837,0.01911175473908333
RWA-fed(KEN+TZA+UGA),2005,5,current_account,2010,xgb_blind,-6.51687014325837,1.2143830208088957e-07
RWA-fed(KEN+TZA+UGA),2005,5,current_account,2010,xgb_lag,-6.51687014325837,0.0
RWA-fed(KEN+TZA+UGA),2005,5,current_account,2010,xgb_typed,-6.51687014325837,0.0
RWA-fed(KEN+TZA+UGA),2005,5,current_account,2010,lgbm_blind,-6.51687014325837,1.2143830208088957e-07
RWA-fed(KEN+TZA+UGA),2005,5,current_account,2010,lgbm_lag,-6.51687014325837,0.0
RWA-fed(KEN+TZA+UGA),2005,5,current_account,2010,lgbm_typed,-6.51687014325837,0.0
RWA-fed(KEN+TZA+UGA),2005,5,current_account,2010,tft,-6.51687014325837,0.0056661345126256535
RWA-fed(KEN+TZA+UGA),2005,5,current_account,2010,tgcn,-6.51687014325837,
RWA-fed(KEN+TZA+UGA),2005,5,current_account,2010,persistence_scarcity,-6.51687014325837,0.0
RWA-fed(KEN+TZA+UGA),2005,5,current_account,2010,chronos_scarcity,-6.51687014325837,0.01911175473908333
RWA-fed(KEN+TZA+UGA),2005,5,current_account,2010,gnn_scarcity,-6.51687014325837,1.5519497766902646e-06
RWA-fed(KEN+TZA+UGA),2005,1,real_interest_rate,2006,persistence,13.0821982389837,6.89279147223389
RWA-fed(KEN+TZA+UGA),2005,1,real_interest_rate,2006,arima,13.0821982389837,7.6919658362727805
RWA-fed(KEN+TZA+UGA),2005,1,real_interest_rate,2006,chronos,13.0821982389837,6.842470265045712
RWA-fed(KEN+TZA+UGA),2005,1,real_interest_rate,2006,xgb_blind,13.0821982389837,1.0717886918634676
RWA-fed(KEN+TZA+UGA),2005,1,real_interest_rate,2006,xgb_lag,13.0821982389837,7.6919658362727805
RWA-fed(KEN+TZA+UGA),2005,1,real_interest_rate,2006,xgb_typed,13.0821982389837,7.6919658362727805
RWA-fed(KEN+TZA+UGA),2005,1,real_interest_rate,2006,lgbm_blind,13.0821982389837,5.235591269150326
RWA-fed(KEN+TZA+UGA),2005,1,real_interest_rate,2006,lgbm_lag,13.0821982389837,7.6919658362727805
RWA-fed(KEN+TZA+UGA),2005,1,real_interest_rate,2006,lgbm_typed,13.0821982389837,7.6919658362727805
RWA-fed(KEN+TZA+UGA),2005,1,real_interest_rate,2006,tft,13.0821982389837,6.544831371918271
RWA-fed(KEN+TZA+UGA),2005,1,real_interest_rate,2006,tgcn,13.0821982389837,
RWA-fed(KEN+TZA+UGA),2005,1,real_interest_rate,2006,persistence_scarcity,13.0821982389837,6.89279147223389
RWA-fed(KEN+TZA+UGA),2005,1,real_interest_rate,2006,chronos_scarcity,13.0821982389837,6.842470265045712
RWA-fed(KEN+TZA+UGA),2005,1,real_interest_rate,2006,gnn_scarcity,13.0821982389837,6.014851666107724
RWA-fed(KEN+TZA+UGA),2005,3,real_interest_rate,2008,persistence,1.57061665663763,4.61879011011218
RWA-fed(KEN+TZA+UGA),2005,3,real_interest_rate,2008,arima,1.57061665663763,4.017215693216726
RWA-fed(KEN+TZA+UGA),2005,3,real_interest_rate,2008,chronos,1.57061665663763,4.8499727903838545
RWA-fed(KEN+TZA+UGA),2005,3,real_interest_rate,2008,xgb_blind,1.57061665663763,1.8200867830748944
RWA-fed(KEN+TZA+UGA),2005,3,real_interest_rate,2008,xgb_lag,1.57061665663763,4.017215693216726
RWA-fed(KEN+TZA+UGA),2005,3,real_interest_rate,2008,xgb_typed,1.57061665663763,4.017215693216726
RWA-fed(KEN+TZA+UGA),2005,3,real_interest_rate,2008,lgbm_blind,1.57061665663763,6.465889134219538
RWA-fed(KEN+TZA+UGA),2005,3,real_interest_rate,2008,lgbm_lag,1.57061665663763,4.017215693216726
RWA-fed(KEN+TZA+UGA),2005,3,real_interest_rate,2008,lgbm_typed,1.57061665663763,4.017215693216726
RWA-fed(KEN+TZA+UGA),2005,3,real_interest_rate,2008,tft,1.57061665663763,4.959226196908513
RWA-fed(KEN+TZA+UGA),2005,3,real_interest_rate,2008,tgcn,1.57061665663763,
RWA-fed(KEN+TZA+UGA),2005,3,real_interest_rate,2008,persistence_scarcity,1.57061665663763,4.61879011011218
RWA-fed(KEN+TZA+UGA),2005,3,real_interest_rate,2008,chronos_scarcity,1.57061665663763,4.8499727903838545
RWA-fed(KEN+TZA+UGA),2005,3,real_interest_rate,2008,gnn_scarcity,1.57061665663763,7.834840840005437
RWA-fed(KEN+TZA+UGA),2005,5,real_interest_rate,2010,persistence,13.3869922357649,7.19758546901509
RWA-fed(KEN+TZA+UGA),2005,5,real_interest_rate,2010,arima,13.3869922357649,7.7595701018088326
RWA-fed(KEN+TZA+UGA),2005,5,real_interest_rate,2010,chronos,13.3869922357649,7.297983904466072
RWA-fed(KEN+TZA+UGA),2005,5,real_interest_rate,2010,xgb_blind,13.3869922357649,13.770610113725105
RWA-fed(KEN+TZA+UGA),2005,5,real_interest_rate,2010,xgb_lag,13.3869922357649,7.7595701018088326
RWA-fed(KEN+TZA+UGA),2005,5,real_interest_rate,2010,xgb_typed,13.3869922357649,7.7595701018088326
RWA-fed(KEN+TZA+UGA),2005,5,real_interest_rate,2010,lgbm_blind,13.3869922357649,5.091533507148013
RWA-fed(KEN+TZA+UGA),2005,5,real_interest_rate,2010,lgbm_lag,13.3869922357649,7.7595701018088326
RWA-fed(KEN+TZA+UGA),2005,5,real_interest_rate,2010,lgbm_typed,13.3869922357649,7.7595701018088326
RWA-fed(KEN+TZA+UGA),2005,5,real_interest_rate,2010,tft,13.3869922357649,6.880000849351326
RWA-fed(KEN+TZA+UGA),2005,5,real_interest_rate,2010,tgcn,13.3869922357649,
RWA-fed(KEN+TZA+UGA),2005,5,real_interest_rate,2010,persistence_scarcity,13.3869922357649,7.19758546901509
RWA-fed(KEN+TZA+UGA),2005,5,real_interest_rate,2010,chronos_scarcity,13.3869922357649,7.297983904466072
RWA-fed(KEN+TZA+UGA),2005,5,real_interest_rate,2010,gnn_scarcity,13.3869922357649,2.1774614053815995
RWA-fed(KEN+TZA+UGA),2005,1,broad_money,2006,persistence,15.5353523799413,1.7729148537356991
RWA-fed(KEN+TZA+UGA),2005,1,broad_money,2006,arima,15.5353523799413,1.7684003367380239
RWA-fed(KEN+TZA+UGA),2005,1,broad_money,2006,chronos,15.5353523799413,1.8568531581395415
RWA-fed(KEN+TZA+UGA),2005,1,broad_money,2006,xgb_blind,15.5353523799413,1.4976250239842681
RWA-fed(KEN+TZA+UGA),2005,1,broad_money,2006,xgb_lag,15.5353523799413,2.4894469669825288
RWA-fed(KEN+TZA+UGA),2005,1,broad_money,2006,xgb_typed,15.5353523799413,1.5292860576146392
RWA-fed(KEN+TZA+UGA),2005,1,broad_money,2006,lgbm_blind,15.5353523799413,0.41232979184722396
RWA-fed(KEN+TZA+UGA),2005,1,broad_money,2006,lgbm_lag,15.5353523799413,0.41232979184722396
RWA-fed(KEN+TZA+UGA),2005,1,broad_money,2006,lgbm_typed,15.5353523799413,0.41232979184722396
RWA-fed(KEN+TZA+UGA),2005,1,broad_money,2006,tft,15.5353523799413,1.7652412959569244
RWA-fed(KEN+TZA+UGA),2005,1,broad_money,2006,tgcn,15.5353523799413,
RWA-fed(KEN+TZA+UGA),2005,1,broad_money,2006,persistence_scarcity,15.5353523799413,2.041918215199246
RWA-fed(KEN+TZA+UGA),2005,1,broad_money,2006,chronos_scarcity,15.5353523799413,1.4770747703823233
RWA-fed(KEN+TZA+UGA),2005,1,broad_money,2006,gnn_scarcity,15.5353523799413,1.4638115474217681
RWA-fed(KEN+TZA+UGA),2005,3,broad_money,2008,persistence,15.6995263439751,1.9370888177694994
RWA-fed(KEN+TZA+UGA),2005,3,broad_money,2008,arima,15.6995263439751,1.9333946486950193
RWA-fed(KEN+TZA+UGA),2005,3,broad_money,2008,chronos,15.6995263439751,1.4118676525688496
RWA-fed(KEN+TZA+UGA),2005,3,broad_money,2008,xgb_blind,15.6995263439751,1.7964501721000996
RWA-fed(KEN+TZA+UGA),2005,3,broad_money,2008,xgb_lag,15.6995263439751,0.11125615659716992
RWA-fed(KEN+TZA+UGA),2005,3,broad_money,2008,xgb_typed,15.6995263439751,1.2274995190239277
RWA-fed(KEN+TZA+UGA),2005,3,broad_money,2008,lgbm_blind,15.6995263439751,0.39326198017270286
RWA-fed(KEN+TZA+UGA),2005,3,broad_money,2008,lgbm_lag,15.6995263439751,0.39326198017270286
RWA-fed(KEN+TZA+UGA),2005,3,broad_money,2008,lgbm_typed,15.6995263439751,0.39326198017270286
RWA-fed(KEN+TZA+UGA),2005,3,broad_money,2008,tft,15.6995263439751,1.9074540478325215
RWA-fed(KEN+TZA+UGA),2005,3,broad_money,2008,tgcn,15.6995263439751,
RWA-fed(KEN+TZA+UGA),2005,3,broad_money,2008,persistence_scarcity,15.6995263439751,4.118929475957366
RWA-fed(KEN+TZA+UGA),2005,3,broad_money,2008,chronos_scarcity,15.6995263439751,1.6288534814361686
RWA-fed(KEN+TZA+UGA),2005,3,broad_money,2008,gnn_scarcity,15.6995263439751,1.7713723522758809
RWA-fed(KEN+TZA+UGA),2005,5,broad_money,2010,persistence,15.5542868759791,1.7918493497735
RWA-fed(KEN+TZA+UGA),2005,5,broad_money,2010,arima,15.5542868759791,1.7882019155006024
RWA-fed(KEN+TZA+UGA),2005,5,broad_money,2010,chronos,15.5542868759791,1.7096566345850572
RWA-fed(KEN+TZA+UGA),2005,5,broad_money,2010,xgb_blind,15.5542868759791,1.602933802858983
RWA-fed(KEN+TZA+UGA),2005,5,broad_money,2010,xgb_lag,15.5542868759791,1.7232369568506822
RWA-fed(KEN+TZA+UGA),2005,5,broad_money,2010,xgb_typed,15.5542868759791,1.64737884070078
RWA-fed(KEN+TZA+UGA),2005,5,broad_money,2010,lgbm_blind,15.5542868759791,0.7385971821813815
RWA-fed(KEN+TZA+UGA),2005,5,broad_money,2010,lgbm_lag,15.5542868759791,0.7385971821813815
RWA-fed(KEN+TZA+UGA),2005,5,broad_money,2010,lgbm_typed,15.5542868759791,0.7385971821813815
RWA-fed(KEN+TZA+UGA),2005,5,broad_money,2010,tft,15.5542868759791,1.7525786545435533
RWA-fed(KEN+TZA+UGA),2005,5,broad_money,2010,tgcn,15.5542868759791,
RWA-fed(KEN+TZA+UGA),2005,5,broad_money,2010,persistence_scarcity,15.5542868759791,3.498389338291261
RWA-fed(KEN+TZA+UGA),2005,5,broad_money,2010,chronos_scarcity,15.5542868759791,1.81915138801293
RWA-fed(KEN+TZA+UGA),2005,5,broad_money,2010,gnn_scarcity,15.5542868759791,2.0679263260523424
RWA-fed(KEN+TZA+UGA),2005,1,private_credit,2006,persistence,11.7688790747319,1.4579805996107016
RWA-fed(KEN+TZA+UGA),2005,1,private_credit,2006,arima,11.7688790747319,1.5135784860165575
RWA-fed(KEN+TZA+UGA),2005,1,private_credit,2006,chronos,11.7688790747319,1.3209020086918617
RWA-fed(KEN+TZA+UGA),2005,1,private_credit,2006,xgb_blind,11.7688790747319,2.118899483362272
RWA-fed(KEN+TZA+UGA),2005,1,private_credit,2006,xgb_lag,11.7688790747319,2.8779717871342445
RWA-fed(KEN+TZA+UGA),2005,1,private_credit,2006,xgb_typed,11.7688790747319,2.3770562597904945
RWA-fed(KEN+TZA+UGA),2005,1,private_credit,2006,lgbm_blind,11.7688790747319,3.519018311182096
RWA-fed(KEN+TZA+UGA),2005,1,private_credit,2006,lgbm_lag,11.7688790747319,3.519018311182096
RWA-fed(KEN+TZA+UGA),2005,1,private_credit,2006,lgbm_typed,11.7688790747319,3.519018311182096
RWA-fed(KEN+TZA+UGA),2005,1,private_credit,2006,tft,11.7688790747319,1.5260707327519203
RWA-fed(KEN+TZA+UGA),2005,1,private_credit,2006,tgcn,11.7688790747319,
RWA-fed(KEN+TZA+UGA),2005,1,private_credit,2006,persistence_scarcity,11.7688790747319,1.0959978665994559
RWA-fed(KEN+TZA+UGA),2005,1,private_credit,2006,chronos_scarcity,11.7688790747319,1.5604112779524364
RWA-fed(KEN+TZA+UGA),2005,1,private_credit,2006,gnn_scarcity,11.7688790747319,2.0056497046147133
RWA-fed(KEN+TZA+UGA),2005,3,private_credit,2008,persistence,13.3642833875073,3.0533849123861003
RWA-fed(KEN+TZA+UGA),2005,3,private_credit,2008,arima,13.3642833875073,3.1032852230744616
RWA-fed(KEN+TZA+UGA),2005,3,private_credit,2008,chronos,13.3642833875073,3.42523080572019
RWA-fed(KEN+TZA+UGA),2005,3,private_credit,2008,xgb_blind,13.3642833875073,4.561417405451635
RWA-fed(KEN+TZA+UGA),2005,3,private_credit,2008,xgb_lag,13.3642833875073,4.021682565058569
RWA-fed(KEN+TZA+UGA),2005,3,private_credit,2008,xgb_typed,13.3642833875073,3.519527261103491
RWA-fed(KEN+TZA+UGA),2005,3,private_credit,2008,lgbm_blind,13.3642833875073,4.675587186476275
RWA-fed(KEN+TZA+UGA),2005,3,private_credit,2008,lgbm_lag,13.3642833875073,4.675587186476275
RWA-fed(KEN+TZA+UGA),2005,3,private_credit,2008,lgbm_typed,13.3642833875073,4.675587186476275
RWA-fed(KEN+TZA+UGA),2005,3,private_credit,2008,tft,13.3642833875073,3.1124294446362057
RWA-fed(KEN+TZA+UGA),2005,3,private_credit,2008,tgcn,13.3642833875073,
RWA-fed(KEN+TZA+UGA),2005,3,private_credit,2008,persistence_scarcity,13.3642833875073,2.2156486634160686
RWA-fed(KEN+TZA+UGA),2005,3,private_credit,2008,chronos_scarcity,13.3642833875073,3.039449807931012
RWA-fed(KEN+TZA+UGA),2005,3,private_credit,2008,gnn_scarcity,13.3642833875073,3.3424299405468503
RWA-fed(KEN+TZA+UGA),2005,5,private_credit,2010,persistence,11.4913039096026,1.1804054344814006
RWA-fed(KEN+TZA+UGA),2005,5,private_credit,2010,arima,11.4913039096026,1.2302291916517305
RWA-fed(KEN+TZA+UGA),2005,5,private_credit,2010,chronos,11.4913039096026,1.2528862841753536
RWA-fed(KEN+TZA+UGA),2005,5,private_credit,2010,xgb_blind,11.4913039096026,2.334932792964416
RWA-fed(KEN+TZA+UGA),2005,5,private_credit,2010,xgb_lag,11.4913039096026,1.9168476946978146
RWA-fed(KEN+TZA+UGA),2005,5,private_credit,2010,xgb_typed,11.4913039096026,1.6467738040117794
RWA-fed(KEN+TZA+UGA),2005,5,private_credit,2010,lgbm_blind,11.4913039096026,2.696610612996709
RWA-fed(KEN+TZA+UGA),2005,5,private_credit,2010,lgbm_lag,11.4913039096026,2.696610612996709
RWA-fed(KEN+TZA+UGA),2005,5,private_credit,2010,lgbm_typed,11.4913039096026,2.696610612996709
RWA-fed(KEN+TZA+UGA),2005,5,private_credit,2010,tft,11.4913039096026,1.2456078417925411
RWA-fed(KEN+TZA+UGA),2005,5,private_credit,2010,tgcn,11.4913039096026,
RWA-fed(KEN+TZA+UGA),2005,5,private_credit,2010,persistence_scarcity,11.4913039096026,0.3435763751346883
RWA-fed(KEN+TZA+UGA),2005,5,private_credit,2010,chronos_scarcity,11.4913039096026,1.818509765640865
RWA-fed(KEN+TZA+UGA),2005,5,private_credit,2010,gnn_scarcity,11.4913039096026,1.232059944453674
RWA-fed(KEN+TZA+UGA),2005,1,govt_consumption,2006,persistence,16.084956920138,0.3211808133177989
RWA-fed(KEN+TZA+UGA),2005,1,govt_consumption,2006,arima,16.084956920138,0.3107688643279296
RWA-fed(KEN+TZA+UGA),2005,1,govt_consumption,2006,chronos,16.084956920138,0.10526868105828768
RWA-fed(KEN+TZA+UGA),2005,1,govt_consumption,2006,xgb_blind,16.084956920138,0.7166254162877799
RWA-fed(KEN+TZA+UGA),2005,1,govt_consumption,2006,xgb_lag,16.084956920138,0.3107688643279296
RWA-fed(KEN+TZA+UGA),2005,1,govt_consumption,2006,xgb_typed,16.084956920138,0.3107688643279296
RWA-fed(KEN+TZA+UGA),2005,1,govt_consumption,2006,lgbm_blind,16.084956920138,2.1301564415206506
RWA-fed(KEN+TZA+UGA),2005,1,govt_consumption,2006,lgbm_lag,16.084956920138,0.3107688643279296
RWA-fed(KEN+TZA+UGA),2005,1,govt_consumption,2006,lgbm_typed,16.084956920138,0.3107688643279296
RWA-fed(KEN+TZA+UGA),2005,1,govt_consumption,2006,tft,16.084956920138,0.3784353375524283
RWA-fed(KEN+TZA+UGA),2005,1,govt_consumption,2006,tgcn,16.084956920138,
RWA-fed(KEN+TZA+UGA),2005,1,govt_consumption,2006,persistence_scarcity,16.084956920138,0.3211808133177989
RWA-fed(KEN+TZA+UGA),2005,1,govt_consumption,2006,chronos_scarcity,16.084956920138,0.10526868105828768
RWA-fed(KEN+TZA+UGA),2005,1,govt_consumption,2006,gnn_scarcity,16.084956920138,2.7005632281214
RWA-fed(KEN+TZA+UGA),2005,3,govt_consumption,2008,persistence,12.2842606930329,4.1218770404229
RWA-fed(KEN+TZA+UGA),2005,3,govt_consumption,2008,arima,12.2842606930329,4.110652556278177
RWA-fed(KEN+TZA+UGA),2005,3,govt_consumption,2008,chronos,12.2842606930329,3.5037165255950296
RWA-fed(KEN+TZA+UGA),2005,3,govt_consumption,2008,xgb_blind,12.2842606930329,3.5600004764006936
RWA-fed(KEN+TZA+UGA),2005,3,govt_consumption,2008,xgb_lag,12.2842606930329,4.110652556278177
RWA-fed(KEN+TZA+UGA),2005,3,govt_consumption,2008,xgb_typed,12.2842606930329,4.110652556278177
RWA-fed(KEN+TZA+UGA),2005,3,govt_consumption,2008,lgbm_blind,12.2842606930329,1.776093979912563
RWA-fed(KEN+TZA+UGA),2005,3,govt_consumption,2008,lgbm_lag,12.2842606930329,4.110652556278177
RWA-fed(KEN+TZA+UGA),2005,3,govt_consumption,2008,lgbm_typed,12.2842606930329,4.110652556278177
RWA-fed(KEN+TZA+UGA),2005,3,govt_consumption,2008,tft,12.2842606930329,4.345311221639951
RWA-fed(KEN+TZA+UGA),2005,3,govt_consumption,2008,tgcn,12.2842606930329,
RWA-fed(KEN+TZA+UGA),2005,3,govt_consumption,2008,persistence_scarcity,12.2842606930329,4.1218770404229
RWA-fed(KEN+TZA+UGA),2005,3,govt_consumption,2008,chronos_scarcity,12.2842606930329,3.5037165255950296
RWA-fed(KEN+TZA+UGA),2005,3,govt_consumption,2008,gnn_scarcity,12.2842606930329,2.2058649630950296
RWA-fed(KEN+TZA+UGA),2005,5,govt_consumption,2010,persistence,13.0834898136764,3.322647919779401
RWA-fed(KEN+TZA+UGA),2005,5,govt_consumption,2010,arima,13.0834898136764,3.311419135638319
RWA-fed(KEN+TZA+UGA),2005,5,govt_consumption,2010,chronos,13.0834898136764,2.101126275190788
RWA-fed(KEN+TZA+UGA),2005,5,govt_consumption,2010,xgb_blind,13.0834898136764,3.7192273951859054
RWA-fed(KEN+TZA+UGA),2005,5,govt_consumption,2010,xgb_lag,13.0834898136764,3.311419135638319
RWA-fed(KEN+TZA+UGA),2005,5,govt_consumption,2010,xgb_typed,13.0834898136764,3.311419135638319
RWA-fed(KEN+TZA+UGA),2005,5,govt_consumption,2010,lgbm_blind,13.0834898136764,1.2127326129981828
RWA-fed(KEN+TZA+UGA),2005,5,govt_consumption,2010,lgbm_lag,13.0834898136764,3.311419135638319
RWA-fed(KEN+TZA+UGA),2005,5,govt_consumption,2010,lgbm_typed,13.0834898136764,3.311419135638319
RWA-fed(KEN+TZA+UGA),2005,5,govt_consumption,2010,tft,13.0834898136764,3.6196771479935226
RWA-fed(KEN+TZA+UGA),2005,5,govt_consumption,2010,tgcn,13.0834898136764,
RWA-fed(KEN+TZA+UGA),2005,5,govt_consumption,2010,persistence_scarcity,13.0834898136764,3.322647919779401
RWA-fed(KEN+TZA+UGA),2005,5,govt_consumption,2010,chronos_scarcity,13.0834898136764,2.101126275190788
RWA-fed(KEN+TZA+UGA),2005,5,govt_consumption,2010,gnn_scarcity,13.0834898136764,2.2598119593948898
RWA-fed(KEN+TZA+UGA),2006,1,gdp_growth,2007,persistence,7.63329819125276,1.5937775767360494
RWA-fed(KEN+TZA+UGA),2006,1,gdp_growth,2007,arima,7.63329819125276,1.6667705417736451
RWA-fed(KEN+TZA+UGA),2006,1,gdp_growth,2007,chronos,7.63329819125276,0.6620242269601304
RWA-fed(KEN+TZA+UGA),2006,1,gdp_growth,2007,xgb_blind,7.63329819125276,1.3434140356149156
RWA-fed(KEN+TZA+UGA),2006,1,gdp_growth,2007,xgb_lag,7.63329819125276,1.6667705417736451
RWA-fed(KEN+TZA+UGA),2006,1,gdp_growth,2007,xgb_typed,7.63329819125276,1.6667705417736451
RWA-fed(KEN+TZA+UGA),2006,1,gdp_growth,2007,lgbm_blind,7.63329819125276,2.7374086706076186
RWA-fed(KEN+TZA+UGA),2006,1,gdp_growth,2007,lgbm_lag,7.63329819125276,1.6667705417736451
RWA-fed(KEN+TZA+UGA),2006,1,gdp_growth,2007,lgbm_typed,7.63329819125276,1.6667705417736451
RWA-fed(KEN+TZA+UGA),2006,1,gdp_growth,2007,tft,7.63329819125276,3.3107688100900132
RWA-fed(KEN+TZA+UGA),2006,1,gdp_growth,2007,tgcn,7.63329819125276,
RWA-fed(KEN+TZA+UGA),2006,1,gdp_growth,2007,persistence_scarcity,7.63329819125276,1.5937775767360494
RWA-fed(KEN+TZA+UGA),2006,1,gdp_growth,2007,chronos_scarcity,7.63329819125276,0.6620242269601304
RWA-fed(KEN+TZA+UGA),2006,1,gdp_growth,2007,gnn_scarcity,7.63329819125276,4.082644018355421
RWA-fed(KEN+TZA+UGA),2006,3,gdp_growth,2009,persistence,6.24825750620508,2.9788182617837293
RWA-fed(KEN+TZA+UGA),2006,3,gdp_growth,2009,arima,6.24825750620508,3.0335817579709623
RWA-fed(KEN+TZA+UGA),2006,3,gdp_growth,2009,chronos,6.24825750620508,1.130217206166746
RWA-fed(KEN+TZA+UGA),2006,3,gdp_growth,2009,xgb_blind,6.24825750620508,1.5743640545144064
RWA-fed(KEN+TZA+UGA),2006,3,gdp_growth,2009,xgb_lag,6.24825750620508,3.0335817579709623
RWA-fed(KEN+TZA+UGA),2006,3,gdp_growth,2009,xgb_typed,6.24825750620508,3.0335817579709623
RWA-fed(KEN+TZA+UGA),2006,3,gdp_growth,2009,lgbm_blind,6.24825750620508,0.8928370019075516
RWA-fed(KEN+TZA+UGA),2006,3,gdp_growth,2009,lgbm_lag,6.24825750620508,3.0335817579709623
RWA-fed(KEN+TZA+UGA),2006,3,gdp_growth,2009,lgbm_typed,6.24825750620508,3.0335817579709623
RWA-fed(KEN+TZA+UGA),2006,3,gdp_growth,2009,tft,6.24825750620508,4.946707856343748
RWA-fed(KEN+TZA+UGA),2006,3,gdp_growth,2009,tgcn,6.24825750620508,
RWA-fed(KEN+TZA+UGA),2006,3,gdp_growth,2009,persistence_scarcity,6.24825750620508,2.9788182617837293
RWA-fed(KEN+TZA+UGA),2006,3,gdp_growth,2009,chronos_scarcity,6.24825750620508,1.130217206166746
RWA-fed(KEN+TZA+UGA),2006,3,gdp_growth,2009,gnn_scarcity,6.24825750620508,2.104575287984373
RWA-fed(KEN+TZA+UGA),2006,5,gdp_growth,2011,persistence,7.95838869847094,1.2686870695178696
RWA-fed(KEN+TZA+UGA),2006,5,gdp_growth,2011,arima,7.95838869847094,1.3191808537681853
RWA-fed(KEN+TZA+UGA),2006,5,gdp_growth,2011,chronos,7.95838869847094,1.060171974075188
RWA-fed(KEN+TZA+UGA),2006,5,gdp_growth,2011,xgb_blind,7.95838869847094,1.5091799620512623
RWA-fed(KEN+TZA+UGA),2006,5,gdp_growth,2011,xgb_lag,7.95838869847094,1.3191808537681853
RWA-fed(KEN+TZA+UGA),2006,5,gdp_growth,2011,xgb_typed,7.95838869847094,1.3191808537681853
RWA-fed(KEN+TZA+UGA),2006,5,gdp_growth,2011,lgbm_blind,7.95838869847094,3.152665066349159
RWA-fed(KEN+TZA+UGA),2006,5,gdp_growth,2011,lgbm_lag,7.95838869847094,1.3191808537681853
RWA-fed(KEN+TZA+UGA),2006,5,gdp_growth,2011,lgbm_typed,7.95838869847094,1.3191808537681853
RWA-fed(KEN+TZA+UGA),2006,5,gdp_growth,2011,tft,7.95838869847094,3.155636417495857
RWA-fed(KEN+TZA+UGA),2006,5,gdp_growth,2011,tgcn,7.95838869847094,
RWA-fed(KEN+TZA+UGA),2006,5,gdp_growth,2011,persistence_scarcity,7.95838869847094,1.2686870695178696
RWA-fed(KEN+TZA+UGA),2006,5,gdp_growth,2011,chronos_scarcity,7.95838869847094,1.060171974075188
RWA-fed(KEN+TZA+UGA),2006,5,gdp_growth,2011,gnn_scarcity,7.95838869847094,4.707684146988044
RWA-fed(KEN+TZA+UGA),2006,1,inflation_cpi,2007,persistence,9.08072205873158,0.1978955109523497
RWA-fed(KEN+TZA+UGA),2006,1,inflation_cpi,2007,arima,9.08072205873158,0.12226849488869185
RWA-fed(KEN+TZA+UGA),2006,1,inflation_cpi,2007,chronos,9.08072205873158,0.5261242041173215
RWA-fed(KEN+TZA+UGA),2006,1,inflation_cpi,2007,xgb_blind,9.08072205873158,3.960913861710095
RWA-fed(KEN+TZA+UGA),2006,1,inflation_cpi,2007,xgb_lag,9.08072205873158,0.12226849488869185
RWA-fed(KEN+TZA+UGA),2006,1,inflation_cpi,2007,xgb_typed,9.08072205873158,0.12226849488869185
RWA-fed(KEN+TZA+UGA),2006,1,inflation_cpi,2007,lgbm_blind,9.08072205873158,0.5604738691630597
RWA-fed(KEN+TZA+UGA),2006,1,inflation_cpi,2007,lgbm_lag,9.08072205873158,0.12226849488869185
RWA-fed(KEN+TZA+UGA),2006,1,inflation_cpi,2007,lgbm_typed,9.08072205873158,0.12226849488869185
RWA-fed(KEN+TZA+UGA),2006,1,inflation_cpi,2007,tft,9.08072205873158,0.08699110655162379
RWA-fed(KEN+TZA+UGA),2006,1,inflation_cpi,2007,tgcn,9.08072205873158,
RWA-fed(KEN+TZA+UGA),2006,1,inflation_cpi,2007,persistence_scarcity,9.08072205873158,0.1978955109523497
RWA-fed(KEN+TZA+UGA),2006,1,inflation_cpi,2007,chronos_scarcity,9.08072205873158,0.5261242041173215
RWA-fed(KEN+TZA+UGA),2006,1,inflation_cpi,2007,gnn_scarcity,9.08072205873158,1.0976531157078977
RWA-fed(KEN+TZA+UGA),2006,3,inflation_cpi,2009,persistence,12.9443978401712,4.061571292391971
RWA-fed(KEN+TZA+UGA),2006,3,inflation_cpi,2009,arima,12.9443978401712,4.004412478316434
RWA-fed(KEN+TZA+UGA),2006,3,inflation_cpi,2009,chronos,12.9443978401712,4.953842076926572
RWA-fed(KEN+TZA+UGA),2006,3,inflation_cpi,2009,xgb_blind,12.9443978401712,8.749287519126279
RWA-fed(KEN+TZA+UGA),2006,3,inflation_cpi,2009,xgb_lag,12.9443978401712,4.004412478316434
RWA-fed(KEN+TZA+UGA),2006,3,inflation_cpi,2009,xgb_typed,12.9443978401712,4.004412478316434
RWA-fed(KEN+TZA+UGA),2006,3,inflation_cpi,2009,lgbm_blind,12.9443978401712,5.292512518009118
RWA-fed(KEN+TZA+UGA),2006,3,inflation_cpi,2009,lgbm_lag,12.9443978401712,4.004412478316434
RWA-fed(KEN+TZA+UGA),2006,3,inflation_cpi,2009,lgbm_typed,12.9443978401712,4.004412478316434
RWA-fed(KEN+TZA+UGA),2006,3,inflation_cpi,2009,tft,12.9443978401712,3.770573529868466
RWA-fed(KEN+TZA+UGA),2006,3,inflation_cpi,2009,tgcn,12.9443978401712,
RWA-fed(KEN+TZA+UGA),2006,3,inflation_cpi,2009,persistence_scarcity,12.9443978401712,4.061571292391971
RWA-fed(KEN+TZA+UGA),2006,3,inflation_cpi,2009,chronos_scarcity,12.9443978401712,4.953842076926572
RWA-fed(KEN+TZA+UGA),2006,3,inflation_cpi,2009,gnn_scarcity,12.9443978401712,3.4820069405129974
RWA-fed(KEN+TZA+UGA),2006,5,inflation_cpi,2011,persistence,3.0801706924026,5.80265585537663
RWA-fed(KEN+TZA+UGA),2006,5,inflation_cpi,2011,arima,3.0801706924026,5.853684163445905
RWA-fed(KEN+TZA+UGA),2006,5,inflation_cpi,2011,chronos,3.0801706924026,5.787782608073474
RWA-fed(KEN+TZA+UGA),2006,5,inflation_cpi,2011,xgb_blind,3.0801706924026,5.413472114604236
RWA-fed(KEN+TZA+UGA),2006,5,inflation_cpi,2011,xgb_lag,3.0801706924026,5.853684163445905
RWA-fed(KEN+TZA+UGA),2006,5,inflation_cpi,2011,xgb_typed,3.0801706924026,5.853684163445905
RWA-fed(KEN+TZA+UGA),2006,5,inflation_cpi,2011,lgbm_blind,3.0801706924026,3.7879639850075257
RWA-fed(KEN+TZA+UGA),2006,5,inflation_cpi,2011,lgbm_lag,3.0801706924026,5.853684163445905
RWA-fed(KEN+TZA+UGA),2006,5,inflation_cpi,2011,lgbm_typed,3.0801706924026,5.853684163445905
RWA-fed(KEN+TZA+UGA),2006,5,inflation_cpi,2011,tft,3.0801706924026,6.095406471293689
RWA-fed(KEN+TZA+UGA),2006,5,inflation_cpi,2011,tgcn,3.0801706924026,
RWA-fed(KEN+TZA+UGA),2006,5,inflation_cpi,2011,persistence_scarcity,3.0801706924026,5.80265585537663
RWA-fed(KEN+TZA+UGA),2006,5,inflation_cpi,2011,chronos_scarcity,3.0801706924026,5.787782608073474
RWA-fed(KEN+TZA+UGA),2006,5,inflation_cpi,2011,gnn_scarcity,3.0801706924026,7.710925041239978
RWA-fed(KEN+TZA+UGA),2006,1,unemployment,2007,persistence,11.58,0.006000000000000227
RWA-fed(KEN+TZA+UGA),2006,1,unemployment,2007,arima,11.58,0.055048913933079646
RWA-fed(KEN+TZA+UGA),2006,1,unemployment,2007,chronos,11.58,0.09828765869140632
RWA-fed(KEN+TZA+UGA),2006,1,unemployment,2007,xgb_blind,11.58,0.03833953857421868
RWA-fed(KEN+TZA+UGA),2006,1,unemployment,2007,xgb_lag,11.58,0.055048913933079646
RWA-fed(KEN+TZA+UGA),2006,1,unemployment,2007,xgb_typed,11.58,0.055048913933079646
RWA-fed(KEN+TZA+UGA),2006,1,unemployment,2007,lgbm_blind,11.58,0.16025011062622063
RWA-fed(KEN+TZA+UGA),2006,1,unemployment,2007,lgbm_lag,11.58,0.055048913933079646
RWA-fed(KEN+TZA+UGA),2006,1,unemployment,2007,lgbm_typed,11.58,0.055048913933079646
RWA-fed(KEN+TZA+UGA),2006,1,unemployment,2007,tft,11.58,0.015973167419433665
RWA-fed(KEN+TZA+UGA),2006,1,unemployment,2007,tgcn,11.58,
RWA-fed(KEN+TZA+UGA),2006,1,unemployment,2007,persistence_scarcity,11.58,0.006000000000000227
RWA-fed(KEN+TZA+UGA),2006,1,unemployment,2007,chronos_scarcity,11.58,0.09828765869140632
RWA-fed(KEN+TZA+UGA),2006,1,unemployment,2007,gnn_scarcity,11.58,0.1752127838134765
RWA-fed(KEN+TZA+UGA),2006,3,unemployment,2009,persistence,11.625,0.0389999999999997
RWA-fed(KEN+TZA+UGA),2006,3,unemployment,2009,arima,11.625,0.11807918365734338
RWA-fed(KEN+TZA+UGA),2006,3,unemployment,2009,chronos,11.625,0.10012054443359375
RWA-fed(KEN+TZA+UGA),2006,3,unemployment,2009,xgb_blind,11.625,0.07487201690673828
RWA-fed(KEN+TZA+UGA),2006,3,unemployment,2009,xgb_lag,11.625,0.11807918365734338
RWA-fed(KEN+TZA+UGA),2006,3,unemployment,2009,xgb_typed,11.625,0.11807918365734338
RWA-fed(KEN+TZA+UGA),2006,3,unemployment,2009,lgbm_blind,11.625,0.046071529388427734
RWA-fed(KEN+TZA+UGA),2006,3,unemployment,2009,lgbm_lag,11.625,0.11807918365734338
RWA-fed(KEN+TZA+UGA),2006,3,unemployment,2009,lgbm_typed,11.625,0.11807918365734338
RWA-fed(KEN+TZA+UGA),2006,3,unemployment,2009,tft,11.625,0.0018177032470703125
RWA-fed(KEN+TZA+UGA),2006,3,unemployment,2009,tgcn,11.625,
RWA-fed(KEN+TZA+UGA),2006,3,unemployment,2009,persistence_scarcity,11.625,0.0389999999999997
RWA-fed(KEN+TZA+UGA),2006,3,unemployment,2009,chronos_scarcity,11.625,0.10012054443359375
RWA-fed(KEN+TZA+UGA),2006,3,unemployment,2009,gnn_scarcity,11.625,0.2351675033569336
RWA-fed(KEN+TZA+UGA),2006,5,unemployment,2011,persistence,11.756,0.16999999999999993
RWA-fed(KEN+TZA+UGA),2006,5,unemployment,2011,arima,11.756,0.2501045479214792
RWA-fed(KEN+TZA+UGA),2006,5,unemployment,2011,chronos,11.756,0.058457809448242415
RWA-fed(KEN+TZA+UGA),2006,5,unemployment,2011,xgb_blind,11.756,0.2392277297973635
RWA-fed(KEN+TZA+UGA),2006,5,unemployment,2011,xgb_lag,11.756,0.2501045479214792
RWA-fed(KEN+TZA+UGA),2006,5,unemployment,2011,xgb_typed,11.756,0.2501045479214792
RWA-fed(KEN+TZA+UGA),2006,5,unemployment,2011,lgbm_blind,11.756,0.1723331985473635
RWA-fed(KEN+TZA+UGA),2006,5,unemployment,2011,lgbm_lag,11.756,0.2501045479214792
RWA-fed(KEN+TZA+UGA),2006,5,unemployment,2011,lgbm_typed,11.756,0.2501045479214792
RWA-fed(KEN+TZA+UGA),2006,5,unemployment,2011,tft,11.756,0.11198468780517601
RWA-fed(KEN+TZA+UGA),2006,5,unemployment,2011,tgcn,11.756,
RWA-fed(KEN+TZA+UGA),2006,5,unemployment,2011,persistence_scarcity,11.756,0.16999999999999993
RWA-fed(KEN+TZA+UGA),2006,5,unemployment,2011,chronos_scarcity,11.756,0.058457809448242415
RWA-fed(KEN+TZA+UGA),2006,5,unemployment,2011,gnn_scarcity,11.756,0.19843534851074196
RWA-fed(KEN+TZA+UGA),2006,1,exports_gdp,2007,persistence,13.6678238827712,2.7844072874282997
RWA-fed(KEN+TZA+UGA),2006,1,exports_gdp,2007,arima,13.6678238827712,2.8215638066151723
RWA-fed(KEN+TZA+UGA),2006,1,exports_gdp,2007,chronos,13.6678238827712,3.2405549008376067
RWA-fed(KEN+TZA+UGA),2006,1,exports_gdp,2007,xgb_blind,13.6678238827712,4.3983021695143645
RWA-fed(KEN+TZA+UGA),2006,1,exports_gdp,2007,xgb_lag,13.6678238827712,2.8215638066151723
RWA-fed(KEN+TZA+UGA),2006,1,exports_gdp,2007,xgb_typed,13.6678238827712,2.8215638066151723
RWA-fed(KEN+TZA+UGA),2006,1,exports_gdp,2007,lgbm_blind,13.6678238827712,6.611031116915411
RWA-fed(KEN+TZA+UGA),2006,1,exports_gdp,2007,lgbm_lag,13.6678238827712,2.8215638066151723
RWA-fed(KEN+TZA+UGA),2006,1,exports_gdp,2007,lgbm_typed,13.6678238827712,2.8215638066151723
RWA-fed(KEN+TZA+UGA),2006,1,exports_gdp,2007,tft,13.6678238827712,2.513122649861044
RWA-fed(KEN+TZA+UGA),2006,1,exports_gdp,2007,tgcn,13.6678238827712,
RWA-fed(KEN+TZA+UGA),2006,1,exports_gdp,2007,persistence_scarcity,13.6678238827712,2.7844072874282997
RWA-fed(KEN+TZA+UGA),2006,1,exports_gdp,2007,chronos_scarcity,13.6678238827712,3.2405549008376067
RWA-fed(KEN+TZA+UGA),2006,1,exports_gdp,2007,gnn_scarcity,13.6678238827712,6.80254706926412
RWA-fed(KEN+TZA+UGA),2006,3,exports_gdp,2009,persistence,10.367482812293,0.5159337830499009
RWA-fed(KEN+TZA+UGA),2006,3,exports_gdp,2009,arima,10.367482812293,0.484498536853998
RWA-fed(KEN+TZA+UGA),2006,3,exports_gdp,2009,chronos,10.367482812293,0.01688352335257015
RWA-fed(KEN+TZA+UGA),2006,3,exports_gdp,2009,xgb_blind,10.367482812293,1.2808434079961248
RWA-fed(KEN+TZA+UGA),2006,3,exports_gdp,2009,xgb_lag,10.367482812293,0.484498536853998
RWA-fed(KEN+TZA+UGA),2006,3,exports_gdp,2009,xgb_typed,10.367482812293,0.484498536853998
RWA-fed(KEN+TZA+UGA),2006,3,exports_gdp,2009,lgbm_blind,10.367482812293,3.222934838932666
RWA-fed(KEN+TZA+UGA),2006,3,exports_gdp,2009,lgbm_lag,10.367482812293,0.484498536853998
RWA-fed(KEN+TZA+UGA),2006,3,exports_gdp,2009,lgbm_typed,10.367482812293,0.484498536853998
RWA-fed(KEN+TZA+UGA),2006,3,exports_gdp,2009,tft,10.367482812293,0.8770240236445002
RWA-fed(KEN+TZA+UGA),2006,3,exports_gdp,2009,tgcn,10.367482812293,
RWA-fed(KEN+TZA+UGA),2006,3,exports_gdp,2009,persistence_scarcity,10.367482812293,0.5159337830499009
RWA-fed(KEN+TZA+UGA),2006,3,exports_gdp,2009,chronos_scarcity,10.367482812293,0.01688352335257015
RWA-fed(KEN+TZA+UGA),2006,3,exports_gdp,2009,gnn_scarcity,10.367482812293,2.942988068945832
RWA-fed(KEN+TZA+UGA),2006,5,exports_gdp,2011,persistence,12.6588705752209,1.7754539798779998
RWA-fed(KEN+TZA+UGA),2006,5,exports_gdp,2011,arima,12.6588705752209,1.8066824157363826
RWA-fed(KEN+TZA+UGA),2006,5,exports_gdp,2011,chronos,12.6588705752209,3.56056964138301
RWA-fed(KEN+TZA+UGA),2006,5,exports_gdp,2011,xgb_blind,12.6588705752209,4.295120117457229
RWA-fed(KEN+TZA+UGA),2006,5,exports_gdp,2011,xgb_lag,12.6588705752209,1.8066824157363826
RWA-fed(KEN+TZA+UGA),2006,5,exports_gdp,2011,xgb_typed,12.6588705752209,1.8066824157363826
RWA-fed(KEN+TZA+UGA),2006,5,exports_gdp,2011,lgbm_blind,12.6588705752209,5.280050593010105
RWA-fed(KEN+TZA+UGA),2006,5,exports_gdp,2011,lgbm_lag,12.6588705752209,1.8066824157363826
RWA-fed(KEN+TZA+UGA),2006,5,exports_gdp,2011,lgbm_typed,12.6588705752209,1.8066824157363826
RWA-fed(KEN+TZA+UGA),2006,5,exports_gdp,2011,tft,12.6588705752209,1.4340552065685568
RWA-fed(KEN+TZA+UGA),2006,5,exports_gdp,2011,tgcn,12.6588705752209,
RWA-fed(KEN+TZA+UGA),2006,5,exports_gdp,2011,persistence_scarcity,12.6588705752209,1.7754539798779998
RWA-fed(KEN+TZA+UGA),2006,5,exports_gdp,2011,chronos_scarcity,12.6588705752209,3.56056964138301
RWA-fed(KEN+TZA+UGA),2006,5,exports_gdp,2011,gnn_scarcity,12.6588705752209,4.732095596583205
RWA-fed(KEN+TZA+UGA),2006,1,imports_gdp,2007,persistence,22.3031493144566,0.03487116260640022
RWA-fed(KEN+TZA+UGA),2006,1,imports_gdp,2007,arima,22.3031493144566,0.5598314447913566
RWA-fed(KEN+TZA+UGA),2006,1,imports_gdp,2007,chronos,22.3031493144566,0.1405745463901944
RWA-fed(KEN+TZA+UGA),2006,1,imports_gdp,2007,xgb_blind,22.3031493144566,0.035790352291446226
RWA-fed(KEN+TZA+UGA),2006,1,imports_gdp,2007,xgb_lag,22.3031493144566,0.5598314447913566
RWA-fed(KEN+TZA+UGA),2006,1,imports_gdp,2007,xgb_typed,22.3031493144566,0.5598314447913566
RWA-fed(KEN+TZA+UGA),2006,1,imports_gdp,2007,lgbm_blind,22.3031493144566,2.720010427898746
RWA-fed(KEN+TZA+UGA),2006,1,imports_gdp,2007,lgbm_lag,22.3031493144566,0.5598314447913566
RWA-fed(KEN+TZA+UGA),2006,1,imports_gdp,2007,lgbm_typed,22.3031493144566,0.5598314447913566
RWA-fed(KEN+TZA+UGA),2006,1,imports_gdp,2007,tft,22.3031493144566,0.49747744030414154
RWA-fed(KEN+TZA+UGA),2006,1,imports_gdp,2007,tgcn,22.3031493144566,
RWA-fed(KEN+TZA+UGA),2006,1,imports_gdp,2007,persistence_scarcity,22.3031493144566,0.03487116260640022
RWA-fed(KEN+TZA+UGA),2006,1,imports_gdp,2007,chronos_scarcity,22.3031493144566,0.1405745463901944
RWA-fed(KEN+TZA+UGA),2006,1,imports_gdp,2007,gnn_scarcity,22.3031493144566,1.485997108883243
RWA-fed(KEN+TZA+UGA),2006,3,imports_gdp,2009,persistence,26.4381451961885,4.1001247191255
RWA-fed(KEN+TZA+UGA),2006,3,imports_gdp,2009,arima,26.4381451961885,3.7045737474243055
RWA-fed(KEN+TZA+UGA),2006,3,imports_gdp,2009,chronos,26.4381451961885,4.186211144674829
RWA-fed(KEN+TZA+UGA),2006,3,imports_gdp,2009,xgb_blind,26.4381451961885,3.750570809591821
RWA-fed(KEN+TZA+UGA),2006,3,imports_gdp,2009,xgb_lag,26.4381451961885,3.7045737474243055
RWA-fed(KEN+TZA+UGA),2006,3,imports_gdp,2009,xgb_typed,26.4381451961885,3.7045737474243055
RWA-fed(KEN+TZA+UGA),2006,3,imports_gdp,2009,lgbm_blind,26.4381451961885,0.4344202805478048
RWA-fed(KEN+TZA+UGA),2006,3,imports_gdp,2009,lgbm_lag,26.4381451961885,3.7045737474243055
RWA-fed(KEN+TZA+UGA),2006,3,imports_gdp,2009,lgbm_typed,26.4381451961885,3.7045737474243055
RWA-fed(KEN+TZA+UGA),2006,3,imports_gdp,2009,tft,26.4381451961885,3.603863274801782
RWA-fed(KEN+TZA+UGA),2006,3,imports_gdp,2009,tgcn,26.4381451961885,
RWA-fed(KEN+TZA+UGA),2006,3,imports_gdp,2009,persistence_scarcity,26.4381451961885,4.1001247191255
RWA-fed(KEN+TZA+UGA),2006,3,imports_gdp,2009,chronos_scarcity,26.4381451961885,4.186211144674829
RWA-fed(KEN+TZA+UGA),2006,3,imports_gdp,2009,gnn_scarcity,26.4381451961885,0.44208856845993694
RWA-fed(KEN+TZA+UGA),2006,5,imports_gdp,2011,persistence,27.0572319022891,4.719211425226099
RWA-fed(KEN+TZA+UGA),2006,5,imports_gdp,2011,arima,27.0572319022891,4.348821893284004
RWA-fed(KEN+TZA+UGA),2006,5,imports_gdp,2011,chronos,27.0572319022891,5.698947905707069
RWA-fed(KEN+TZA+UGA),2006,5,imports_gdp,2011,xgb_blind,27.0572319022891,4.833755492376991
RWA-fed(KEN+TZA+UGA),2006,5,imports_gdp,2011,xgb_lag,27.0572319022891,4.348821893284004
RWA-fed(KEN+TZA+UGA),2006,5,imports_gdp,2011,xgb_typed,27.0572319022891,4.348821893284004
RWA-fed(KEN+TZA+UGA),2006,5,imports_gdp,2011,lgbm_blind,27.0572319022891,3.827620028662391
RWA-fed(KEN+TZA+UGA),2006,5,imports_gdp,2011,lgbm_lag,27.0572319022891,4.348821893284004
RWA-fed(KEN+TZA+UGA),2006,5,imports_gdp,2011,lgbm_typed,27.0572319022891,4.348821893284004
RWA-fed(KEN+TZA+UGA),2006,5,imports_gdp,2011,tft,27.0572319022891,4.20372962872953
RWA-fed(KEN+TZA+UGA),2006,5,imports_gdp,2011,tgcn,27.0572319022891,
RWA-fed(KEN+TZA+UGA),2006,5,imports_gdp,2011,persistence_scarcity,27.0572319022891,4.719211425226099
RWA-fed(KEN+TZA+UGA),2006,5,imports_gdp,2011,chronos_scarcity,27.0572319022891,5.698947905707069
RWA-fed(KEN+TZA+UGA),2006,5,imports_gdp,2011,gnn_scarcity,27.0572319022891,2.5993690498593374
RWA-fed(KEN+TZA+UGA),2006,1,current_account,2007,persistence,-6.51687014325837,0.0
RWA-fed(KEN+TZA+UGA),2006,1,current_account,2007,arima,-6.51687014325837,0.0
RWA-fed(KEN+TZA+UGA),2006,1,current_account,2007,chronos,-6.51687014325837,0.01911175473908333
RWA-fed(KEN+TZA+UGA),2006,1,current_account,2007,xgb_blind,-6.51687014325837,1.2143830208088957e-07
RWA-fed(KEN+TZA+UGA),2006,1,current_account,2007,xgb_lag,-6.51687014325837,0.0
RWA-fed(KEN+TZA+UGA),2006,1,current_account,2007,xgb_typed,-6.51687014325837,0.0
RWA-fed(KEN+TZA+UGA),2006,1,current_account,2007,lgbm_blind,-6.51687014325837,1.2143830208088957e-07
RWA-fed(KEN+TZA+UGA),2006,1,current_account,2007,lgbm_lag,-6.51687014325837,0.0
RWA-fed(KEN+TZA+UGA),2006,1,current_account,2007,lgbm_typed,-6.51687014325837,0.0
RWA-fed(KEN+TZA+UGA),2006,1,current_account,2007,tft,-6.51687014325837,0.04759681001921745
RWA-fed(KEN+TZA+UGA),2006,1,current_account,2007,tgcn,-6.51687014325837,
RWA-fed(KEN+TZA+UGA),2006,1,current_account,2007,persistence_scarcity,-6.51687014325837,0.0
RWA-fed(KEN+TZA+UGA),2006,1,current_account,2007,chronos_scarcity,-6.51687014325837,0.01911175473908333
RWA-fed(KEN+TZA+UGA),2006,1,current_account,2007,gnn_scarcity,-6.51687014325837,1.0751126184871396e-06
RWA-fed(KEN+TZA+UGA),2006,3,current_account,2009,persistence,-6.51687014325837,0.0
RWA-fed(KEN+TZA+UGA),2006,3,current_account,2009,arima,-6.51687014325837,0.0
RWA-fed(KEN+TZA+UGA),2006,3,current_account,2009,chronos,-6.51687014325837,0.01911175473908333
RWA-fed(KEN+TZA+UGA),2006,3,current_account,2009,xgb_blind,-6.51687014325837,1.2143830208088957e-07
RWA-fed(KEN+TZA+UGA),2006,3,current_account,2009,xgb_lag,-6.51687014325837,0.0
RWA-fed(KEN+TZA+UGA),2006,3,current_account,2009,xgb_typed,-6.51687014325837,0.0
RWA-fed(KEN+TZA+UGA),2006,3,current_account,2009,lgbm_blind,-6.51687014325837,1.2143830208088957e-07
RWA-fed(KEN+TZA+UGA),2006,3,current_account,2009,lgbm_lag,-6.51687014325837,0.0
RWA-fed(KEN+TZA+UGA),2006,3,current_account,2009,lgbm_typed,-6.51687014325837,0.0
RWA-fed(KEN+TZA+UGA),2006,3,current_account,2009,tft,-6.51687014325837,0.006630542123116534
RWA-fed(KEN+TZA+UGA),2006,3,current_account,2009,tgcn,-6.51687014325837,
RWA-fed(KEN+TZA+UGA),2006,3,current_account,2009,persistence_scarcity,-6.51687014325837,0.0
RWA-fed(KEN+TZA+UGA),2006,3,current_account,2009,chronos_scarcity,-6.51687014325837,0.01911175473908333
RWA-fed(KEN+TZA+UGA),2006,3,current_account,2009,gnn_scarcity,-6.51687014325837,1.0751126184871396e-06
RWA-fed(KEN+TZA+UGA),2006,5,current_account,2011,persistence,-6.92834416704242,0.4114740237840495
RWA-fed(KEN+TZA+UGA),2006,5,current_account,2011,arima,-6.92834416704242,0.4114740237840495
RWA-fed(KEN+TZA+UGA),2006,5,current_account,2011,chronos,-6.92834416704242,0.43058577852313284
RWA-fed(KEN+TZA+UGA),2006,5,current_account,2011,xgb_blind,-6.92834416704242,0.4114741452223516
RWA-fed(KEN+TZA+UGA),2006,5,current_account,2011,xgb_lag,-6.92834416704242,0.4114740237840495
RWA-fed(KEN+TZA+UGA),2006,5,current_account,2011,xgb_typed,-6.92834416704242,0.4114740237840495
RWA-fed(KEN+TZA+UGA),2006,5,current_account,2011,lgbm_blind,-6.92834416704242,0.4114741452223516
RWA-fed(KEN+TZA+UGA),2006,5,current_account,2011,lgbm_lag,-6.92834416704242,0.4114740237840495
RWA-fed(KEN+TZA+UGA),2006,5,current_account,2011,lgbm_typed,-6.92834416704242,0.4114740237840495
RWA-fed(KEN+TZA+UGA),2006,5,current_account,2011,tft,-6.92834416704242,0.48591414766375784
RWA-fed(KEN+TZA+UGA),2006,5,current_account,2011,tgcn,-6.92834416704242,
RWA-fed(KEN+TZA+UGA),2006,5,current_account,2011,persistence_scarcity,-6.92834416704242,0.4114740237840495
RWA-fed(KEN+TZA+UGA),2006,5,current_account,2011,chronos_scarcity,-6.92834416704242,0.43058577852313284
RWA-fed(KEN+TZA+UGA),2006,5,current_account,2011,gnn_scarcity,-6.92834416704242,0.4114755757338262
RWA-fed(KEN+TZA+UGA),2006,1,real_interest_rate,2007,persistence,2.71226575600117,10.36993248298253
RWA-fed(KEN+TZA+UGA),2006,1,real_interest_rate,2007,arima,2.71226575600117,7.3616446007834995
RWA-fed(KEN+TZA+UGA),2006,1,real_interest_rate,2007,chronos,2.71226575600117,10.045001242289846
RWA-fed(KEN+TZA+UGA),2006,1,real_interest_rate,2007,xgb_blind,2.71226575600117,7.258382055888479
RWA-fed(KEN+TZA+UGA),2006,1,real_interest_rate,2007,xgb_lag,2.71226575600117,7.3616446007834995
RWA-fed(KEN+TZA+UGA),2006,1,real_interest_rate,2007,xgb_typed,2.71226575600117,7.3616446007834995
RWA-fed(KEN+TZA+UGA),2006,1,real_interest_rate,2007,lgbm_blind,2.71226575600117,5.461565662155454
RWA-fed(KEN+TZA+UGA),2006,1,real_interest_rate,2007,lgbm_lag,2.71226575600117,7.3616446007834995
RWA-fed(KEN+TZA+UGA),2006,1,real_interest_rate,2007,lgbm_typed,2.71226575600117,7.3616446007834995
RWA-fed(KEN+TZA+UGA),2006,1,real_interest_rate,2007,tft,2.71226575600117,12.028502676616018
RWA-fed(KEN+TZA+UGA),2006,1,real_interest_rate,2007,tgcn,2.71226575600117,
RWA-fed(KEN+TZA+UGA),2006,1,real_interest_rate,2007,persistence_scarcity,2.71226575600117,10.36993248298253
RWA-fed(KEN+TZA+UGA),2006,1,real_interest_rate,2007,chronos_scarcity,2.71226575600117,10.045001242289846
RWA-fed(KEN+TZA+UGA),2006,1,real_interest_rate,2007,gnn_scarcity,2.71226575600117,5.038665983805959
RWA-fed(KEN+TZA+UGA),2006,3,real_interest_rate,2009,persistence,8.93689763112299,4.14530060786071
RWA-fed(KEN+TZA+UGA),2006,3,real_interest_rate,2009,arima,8.93689763112299,1.8769314809039805
RWA-fed(KEN+TZA+UGA),2006,3,real_interest_rate,2009,chronos,8.93689763112299,0.07740748362310335
RWA-fed(KEN+TZA+UGA),2006,3,real_interest_rate,2009,xgb_blind,8.93689763112299,0.17683732075922087
RWA-fed(KEN+TZA+UGA),2006,3,real_interest_rate,2009,xgb_lag,8.93689763112299,1.8769314809039805
RWA-fed(KEN+TZA+UGA),2006,3,real_interest_rate,2009,xgb_typed,8.93689763112299,1.8769314809039805
RWA-fed(KEN+TZA+UGA),2006,3,real_interest_rate,2009,lgbm_blind,8.93689763112299,0.5399852436838071
RWA-fed(KEN+TZA+UGA),2006,3,real_interest_rate,2009,lgbm_lag,8.93689763112299,1.8769314809039805
RWA-fed(KEN+TZA+UGA),2006,3,real_interest_rate,2009,lgbm_typed,8.93689763112299,1.8769314809039805
RWA-fed(KEN+TZA+UGA),2006,3,real_interest_rate,2009,tft,8.93689763112299,8.686435346171931
RWA-fed(KEN+TZA+UGA),2006,3,real_interest_rate,2009,tgcn,8.93689763112299,
RWA-fed(KEN+TZA+UGA),2006,3,real_interest_rate,2009,persistence_scarcity,8.93689763112299,4.14530060786071
RWA-fed(KEN+TZA+UGA),2006,3,real_interest_rate,2009,chronos_scarcity,8.93689763112299,0.07740748362310335
RWA-fed(KEN+TZA+UGA),2006,3,real_interest_rate,2009,gnn_scarcity,8.93689763112299,0.5493427558399002
RWA-fed(KEN+TZA+UGA),2006,5,real_interest_rate,2011,persistence,8.84027616090931,4.24192207807439
RWA-fed(KEN+TZA+UGA),2006,5,real_interest_rate,2011,arima,8.84027616090931,2.1144923920706304
RWA-fed(KEN+TZA+UGA),2006,5,real_interest_rate,2011,chronos,8.84027616090931,2.227706351949349
RWA-fed(KEN+TZA+UGA),2006,5,real_interest_rate,2011,xgb_blind,8.84027616090931,1.6145457417503746
RWA-fed(KEN+TZA+UGA),2006,5,real_interest_rate,2011,xgb_lag,8.84027616090931,2.1144923920706304
RWA-fed(KEN+TZA+UGA),2006,5,real_interest_rate,2011,xgb_typed,8.84027616090931,2.1144923920706304
RWA-fed(KEN+TZA+UGA),2006,5,real_interest_rate,2011,lgbm_blind,8.84027616090931,0.14592248109338257
RWA-fed(KEN+TZA+UGA),2006,5,real_interest_rate,2011,lgbm_lag,8.84027616090931,2.1144923920706304
RWA-fed(KEN+TZA+UGA),2006,5,real_interest_rate,2011,lgbm_typed,8.84027616090931,2.1144923920706304
RWA-fed(KEN+TZA+UGA),2006,5,real_interest_rate,2011,tft,8.84027616090931,8.979109367655143
RWA-fed(KEN+TZA+UGA),2006,5,real_interest_rate,2011,tgcn,8.84027616090931,
RWA-fed(KEN+TZA+UGA),2006,5,real_interest_rate,2011,persistence_scarcity,8.84027616090931,4.24192207807439
RWA-fed(KEN+TZA+UGA),2006,5,real_interest_rate,2011,chronos_scarcity,8.84027616090931,2.227706351949349
RWA-fed(KEN+TZA+UGA),2006,5,real_interest_rate,2011,gnn_scarcity,8.84027616090931,2.204592308328971
RWA-fed(KEN+TZA+UGA),2006,1,broad_money,2007,persistence,17.0505411887058,1.515188808764501
RWA-fed(KEN+TZA+UGA),2006,1,broad_money,2007,arima,17.0505411887058,1.9397411821418515
RWA-fed(KEN+TZA+UGA),2006,1,broad_money,2007,chronos,17.0505411887058,2.239817883957265
RWA-fed(KEN+TZA+UGA),2006,1,broad_money,2007,xgb_blind,17.0505411887058,3.242742803085683
RWA-fed(KEN+TZA+UGA),2006,1,broad_money,2007,xgb_lag,17.0505411887058,1.0725119376071675
RWA-fed(KEN+TZA+UGA),2006,1,broad_money,2007,xgb_typed,17.0505411887058,1.6660006308444721
RWA-fed(KEN+TZA+UGA),2006,1,broad_money,2007,lgbm_blind,17.0505411887058,1.9017479681857807
RWA-fed(KEN+TZA+UGA),2006,1,broad_money,2007,lgbm_lag,17.0505411887058,1.9017479681857807
RWA-fed(KEN+TZA+UGA),2006,1,broad_money,2007,lgbm_typed,17.0505411887058,1.9017479681857807
RWA-fed(KEN+TZA+UGA),2006,1,broad_money,2007,tft,17.0505411887058,3.041617658127187
RWA-fed(KEN+TZA+UGA),2006,1,broad_money,2007,tgcn,17.0505411887058,
RWA-fed(KEN+TZA+UGA),2006,1,broad_money,2007,persistence_scarcity,17.0505411887058,0.10499584230331749
RWA-fed(KEN+TZA+UGA),2006,1,broad_money,2007,chronos_scarcity,17.0505411887058,3.072934124530363
RWA-fed(KEN+TZA+UGA),2006,1,broad_money,2007,gnn_scarcity,17.0505411887058,1.5996649527438862
RWA-fed(KEN+TZA+UGA),2006,3,broad_money,2009,persistence,14.3347317746841,1.2006206052571997
RWA-fed(KEN+TZA+UGA),2006,3,broad_money,2009,arima,14.3347317746841,0.8533885172447757
RWA-fed(KEN+TZA+UGA),2006,3,broad_money,2009,chronos,14.3347317746841,0.5314581819809394
RWA-fed(KEN+TZA+UGA),2006,3,broad_money,2009,xgb_blind,14.3347317746841,0.10933808768162301
RWA-fed(KEN+TZA+UGA),2006,3,broad_money,2009,xgb_lag,14.3347317746841,1.199181837681623
RWA-fed(KEN+TZA+UGA),2006,3,broad_money,2009,xgb_typed,14.3347317746841,0.5027373262680488
RWA-fed(KEN+TZA+UGA),2006,3,broad_money,2009,lgbm_blind,14.3347317746841,0.9878960421973524
RWA-fed(KEN+TZA+UGA),2006,3,broad_money,2009,lgbm_lag,14.3347317746841,0.9878960421973524
RWA-fed(KEN+TZA+UGA),2006,3,broad_money,2009,lgbm_typed,14.3347317746841,0.9878960421973524
RWA-fed(KEN+TZA+UGA),2006,3,broad_money,2009,tft,14.3347317746841,0.3259465268813653
RWA-fed(KEN+TZA+UGA),2006,3,broad_money,2009,tgcn,14.3347317746841,
RWA-fed(KEN+TZA+UGA),2006,3,broad_money,2009,persistence_scarcity,14.3347317746841,0.29035262891943603
RWA-fed(KEN+TZA+UGA),2006,3,broad_money,2009,chronos_scarcity,14.3347317746841,0.2245026745437162
RWA-fed(KEN+TZA+UGA),2006,3,broad_money,2009,gnn_scarcity,14.3347317746841,0.5092747637070136
RWA-fed(KEN+TZA+UGA),2006,5,broad_money,2011,persistence,17.3342732712618,1.7989208913205008
RWA-fed(KEN+TZA+UGA),2006,5,broad_money,2011,arima,17.3342732712618,2.141719137086495
RWA-fed(KEN+TZA+UGA),2006,5,broad_money,2011,chronos,17.3342732712618,2.4126080796114096
RWA-fed(KEN+TZA+UGA),2006,5,broad_money,2011,xgb_blind,17.3342732712618,3.0539273545137533
RWA-fed(KEN+TZA+UGA),2006,5,broad_money,2011,xgb_lag,17.3342732712618,3.4215630814424642
RWA-fed(KEN+TZA+UGA),2006,5,broad_money,2011,xgb_typed,17.3342732712618,1.9310139939180502
RWA-fed(KEN+TZA+UGA),2006,5,broad_money,2011,lgbm_blind,17.3342732712618,2.4586116597047933
RWA-fed(KEN+TZA+UGA),2006,5,broad_money,2011,lgbm_lag,17.3342732712618,2.4586116597047933
RWA-fed(KEN+TZA+UGA),2006,5,broad_money,2011,lgbm_typed,17.3342732712618,2.4586116597047933
RWA-fed(KEN+TZA+UGA),2006,5,broad_money,2011,tft,17.3342732712618,3.3255395218721517
RWA-fed(KEN+TZA+UGA),2006,5,broad_money,2011,tgcn,17.3342732712618,
RWA-fed(KEN+TZA+UGA),2006,5,broad_money,2011,persistence_scarcity,17.3342732712618,1.7018512106297354
RWA-fed(KEN+TZA+UGA),2006,5,broad_money,2011,chronos_scarcity,17.3342732712618,3.1885691938475187
RWA-fed(KEN+TZA+UGA),2006,5,broad_money,2011,gnn_scarcity,17.3342732712618,1.5213193222871908
RWA-fed(KEN+TZA+UGA),2006,1,private_credit,2007,persistence,12.0334423138205,0.2645632390885986
RWA-fed(KEN+TZA+UGA),2006,1,private_credit,2007,arima,12.0334423138205,0.38875689513833045
RWA-fed(KEN+TZA+UGA),2006,1,private_credit,2007,chronos,12.0334423138205,0.22128791078887566
RWA-fed(KEN+TZA+UGA),2006,1,private_credit,2007,xgb_blind,12.0334423138205,2.0301302029196204
RWA-fed(KEN+TZA+UGA),2006,1,private_credit,2007,xgb_lag,12.0334423138205,6.1743143154684486
RWA-fed(KEN+TZA+UGA),2006,1,private_credit,2007,xgb_typed,12.0334423138205,1.5925415112081946
RWA-fed(KEN+TZA+UGA),2006,1,private_credit,2007,lgbm_blind,12.0334423138205,3.563642914444584
RWA-fed(KEN+TZA+UGA),2006,1,private_credit,2007,lgbm_lag,12.0334423138205,3.563642914444584
RWA-fed(KEN+TZA+UGA),2006,1,private_credit,2007,lgbm_typed,12.0334423138205,3.563642914444584
RWA-fed(KEN+TZA+UGA),2006,1,private_credit,2007,tft,12.0334423138205,0.16911429628692254
RWA-fed(KEN+TZA+UGA),2006,1,private_credit,2007,tgcn,12.0334423138205,
RWA-fed(KEN+TZA+UGA),2006,1,private_credit,2007,persistence_scarcity,12.0334423138205,0.9958909516244567
RWA-fed(KEN+TZA+UGA),2006,1,private_credit,2007,chronos_scarcity,12.0334423138205,1.8574753255882772
RWA-fed(KEN+TZA+UGA),2006,1,private_credit,2007,gnn_scarcity,12.0334423138205,2.7497604443136634
RWA-fed(KEN+TZA+UGA),2006,3,private_credit,2009,persistence,11.1602839395087,0.6085951352232009
RWA-fed(KEN+TZA+UGA),2006,3,private_credit,2009,arima,11.1602839395087,0.4940793940038368
RWA-fed(KEN+TZA+UGA),2006,3,private_credit,2009,chronos,11.1602839395087,0.9715920523125892
RWA-fed(KEN+TZA+UGA),2006,3,private_credit,2009,xgb_blind,11.1602839395087,2.2711352273504968
RWA-fed(KEN+TZA+UGA),2006,3,private_credit,2009,xgb_lag,11.1602839395087,4.468308345941805
RWA-fed(KEN+TZA+UGA),2006,3,private_credit,2009,xgb_typed,11.1602839395087,0.1291245385687585
RWA-fed(KEN+TZA+UGA),2006,3,private_credit,2009,lgbm_blind,11.1602839395087,2.251574685925064
RWA-fed(KEN+TZA+UGA),2006,3,private_credit,2009,lgbm_lag,11.1602839395087,2.251574685925064
RWA-fed(KEN+TZA+UGA),2006,3,private_credit,2009,lgbm_typed,11.1602839395087,2.251574685925064
RWA-fed(KEN+TZA+UGA),2006,3,private_credit,2009,tft,11.1602839395087,1.4643975332696204
RWA-fed(KEN+TZA+UGA),2006,3,private_credit,2009,tgcn,11.1602839395087,
RWA-fed(KEN+TZA+UGA),2006,3,private_credit,2009,persistence_scarcity,11.1602839395087,1.9850597405546218
RWA-fed(KEN+TZA+UGA),2006,3,private_credit,2009,chronos_scarcity,11.1602839395087,1.912497459705877
RWA-fed(KEN+TZA+UGA),2006,3,private_credit,2009,gnn_scarcity,11.1602839395087,1.001855747370028
RWA-fed(KEN+TZA+UGA),2006,5,private_credit,2011,persistence,13.266031975479,1.4971529007470998
RWA-fed(KEN+TZA+UGA),2006,5,private_credit,2011,arima,13.266031975479,1.6115984193301465
RWA-fed(KEN+TZA+UGA),2006,5,private_credit,2011,chronos,13.266031975479,1.994137520522946
RWA-fed(KEN+TZA+UGA),2006,5,private_credit,2011,xgb_blind,13.266031975479,4.033393616409176
RWA-fed(KEN+TZA+UGA),2006,5,private_credit,2011,xgb_lag,13.266031975479,4.625572914810055
RWA-fed(KEN+TZA+UGA),2006,5,private_credit,2011,xgb_typed,13.266031975479,2.7818820426176725
RWA-fed(KEN+TZA+UGA),2006,5,private_credit,2011,lgbm_blind,13.266031975479,4.223489875526303
RWA-fed(KEN+TZA+UGA),2006,5,private_credit,2011,lgbm_lag,13.266031975479,4.223489875526303
RWA-fed(KEN+TZA+UGA),2006,5,private_credit,2011,lgbm_typed,13.266031975479,4.223489875526303
RWA-fed(KEN+TZA+UGA),2006,5,private_credit,2011,tft,13.266031975479,0.7591216513823209
RWA-fed(KEN+TZA+UGA),2006,5,private_credit,2011,tgcn,13.266031975479,
RWA-fed(KEN+TZA+UGA),2006,5,private_credit,2011,persistence_scarcity,13.266031975479,0.07884929185275169
RWA-fed(KEN+TZA+UGA),2006,5,private_credit,2011,chronos_scarcity,13.266031975479,0.003315389164940896
RWA-fed(KEN+TZA+UGA),2006,5,private_credit,2011,gnn_scarcity,13.266031975479,3.7827441641997037
RWA-fed(KEN+TZA+UGA),2006,1,govt_consumption,2007,persistence,14.1635864690929,1.9213704510451013
RWA-fed(KEN+TZA+UGA),2006,1,govt_consumption,2007,arima,14.1635864690929,1.8976939420740688
RWA-fed(KEN+TZA+UGA),2006,1,govt_consumption,2007,chronos,14.1635864690929,2.089503435692256
RWA-fed(KEN+TZA+UGA),2006,1,govt_consumption,2007,xgb_blind,14.1635864690929,1.0163537546009476
RWA-fed(KEN+TZA+UGA),2006,1,govt_consumption,2007,xgb_lag,14.1635864690929,1.8976939420740688
RWA-fed(KEN+TZA+UGA),2006,1,govt_consumption,2007,xgb_typed,14.1635864690929,1.8976939420740688
RWA-fed(KEN+TZA+UGA),2006,1,govt_consumption,2007,lgbm_blind,14.1635864690929,0.07565120021396332
RWA-fed(KEN+TZA+UGA),2006,1,govt_consumption,2007,lgbm_lag,14.1635864690929,1.8976939420740688
RWA-fed(KEN+TZA+UGA),2006,1,govt_consumption,2007,lgbm_typed,14.1635864690929,1.8976939420740688
RWA-fed(KEN+TZA+UGA),2006,1,govt_consumption,2007,tft,14.1635864690929,1.812767176231807
RWA-fed(KEN+TZA+UGA),2006,1,govt_consumption,2007,tgcn,14.1635864690929,
RWA-fed(KEN+TZA+UGA),2006,1,govt_consumption,2007,persistence_scarcity,14.1635864690929,1.9213704510451013
RWA-fed(KEN+TZA+UGA),2006,1,govt_consumption,2007,chronos_scarcity,14.1635864690929,2.089503435692256
RWA-fed(KEN+TZA+UGA),2006,1,govt_consumption,2007,gnn_scarcity,14.1635864690929,0.4639910177379196
RWA-fed(KEN+TZA+UGA),2006,3,govt_consumption,2009,persistence,12.7548643089095,3.330092611228501
RWA-fed(KEN+TZA+UGA),2006,3,govt_consumption,2009,arima,12.7548643089095,3.3045420763114812
RWA-fed(KEN+TZA+UGA),2006,3,govt_consumption,2009,chronos,12.7548643089095,3.0411104225358123
RWA-fed(KEN+TZA+UGA),2006,3,govt_consumption,2009,xgb_blind,12.7548643089095,3.643092539235031
RWA-fed(KEN+TZA+UGA),2006,3,govt_consumption,2009,xgb_lag,12.7548643089095,3.3045420763114812
RWA-fed(KEN+TZA+UGA),2006,3,govt_consumption,2009,xgb_typed,12.7548643089095,3.3045420763114812
RWA-fed(KEN+TZA+UGA),2006,3,govt_consumption,2009,lgbm_blind,12.7548643089095,1.4501048247400536
RWA-fed(KEN+TZA+UGA),2006,3,govt_consumption,2009,lgbm_lag,12.7548643089095,3.3045420763114812
RWA-fed(KEN+TZA+UGA),2006,3,govt_consumption,2009,lgbm_typed,12.7548643089095,3.3045420763114812
RWA-fed(KEN+TZA+UGA),2006,3,govt_consumption,2009,tft,12.7548643089095,3.4340852760514373
RWA-fed(KEN+TZA+UGA),2006,3,govt_consumption,2009,tgcn,12.7548643089095,
RWA-fed(KEN+TZA+UGA),2006,3,govt_consumption,2009,persistence_scarcity,12.7548643089095,3.330092611228501
RWA-fed(KEN+TZA+UGA),2006,3,govt_consumption,2009,chronos_scarcity,12.7548643089095,3.0411104225358123
RWA-fed(KEN+TZA+UGA),2006,3,govt_consumption,2009,gnn_scarcity,12.7548643089095,1.763338472767746
RWA-fed(KEN+TZA+UGA),2006,5,govt_consumption,2011,persistence,12.0235602281128,4.061396692025202
RWA-fed(KEN+TZA+UGA),2006,5,govt_consumption,2011,arima,12.0235602281128,4.035835973263968
RWA-fed(KEN+TZA+UGA),2006,5,govt_consumption,2011,chronos,12.0235602281128,2.8073847868408137
RWA-fed(KEN+TZA+UGA),2006,5,govt_consumption,2011,xgb_blind,12.0235602281128,4.89239436173095
RWA-fed(KEN+TZA+UGA),2006,5,govt_consumption,2011,xgb_lag,12.0235602281128,4.035835973263968
RWA-fed(KEN+TZA+UGA),2006,5,govt_consumption,2011,xgb_typed,12.0235602281128,4.035835973263968
RWA-fed(KEN+TZA+UGA),2006,5,govt_consumption,2011,lgbm_blind,12.0235602281128,2.421723423239129
RWA-fed(KEN+TZA+UGA),2006,5,govt_consumption,2011,lgbm_lag,12.0235602281128,4.035835973263968
RWA-fed(KEN+TZA+UGA),2006,5,govt_consumption,2011,lgbm_typed,12.0235602281128,4.035835973263968
RWA-fed(KEN+TZA+UGA),2006,5,govt_consumption,2011,tft,12.0235602281128,4.282058058020013
RWA-fed(KEN+TZA+UGA),2006,5,govt_consumption,2011,tgcn,12.0235602281128,
RWA-fed(KEN+TZA+UGA),2006,5,govt_consumption,2011,persistence_scarcity,12.0235602281128,4.061396692025202
RWA-fed(KEN+TZA+UGA),2006,5,govt_consumption,2011,chronos_scarcity,12.0235602281128,2.8073847868408137
RWA-fed(KEN+TZA+UGA),2006,5,govt_consumption,2011,gnn_scarcity,12.0235602281128,3.229903517004388
RWA-fed(KEN+TZA+UGA),2007,1,gdp_growth,2008,persistence,11.1612473247323,3.527949133479539
RWA-fed(KEN+TZA+UGA),2007,1,gdp_growth,2008,arima,11.1612473247323,2.754163463103568
RWA-fed(KEN+TZA+UGA),2007,1,gdp_growth,2008,chronos,11.1612473247323,3.7588196513924554
RWA-fed(KEN+TZA+UGA),2007,1,gdp_growth,2008,xgb_blind,11.1612473247323,38.46382529714441
RWA-fed(KEN+TZA+UGA),2007,1,gdp_growth,2008,xgb_lag,11.1612473247323,2.754163463103568
RWA-fed(KEN+TZA+UGA),2007,1,gdp_growth,2008,xgb_typed,11.1612473247323,2.754163463103568
RWA-fed(KEN+TZA+UGA),2007,1,gdp_growth,2008,lgbm_blind,11.1612473247323,6.104333752533095
RWA-fed(KEN+TZA+UGA),2007,1,gdp_growth,2008,lgbm_lag,11.1612473247323,2.754163463103568
RWA-fed(KEN+TZA+UGA),2007,1,gdp_growth,2008,lgbm_typed,11.1612473247323,2.754163463103568
RWA-fed(KEN+TZA+UGA),2007,1,gdp_growth,2008,tft,11.1612473247323,3.509428572443481
RWA-fed(KEN+TZA+UGA),2007,1,gdp_growth,2008,tgcn,11.1612473247323,
RWA-fed(KEN+TZA+UGA),2007,1,gdp_growth,2008,persistence_scarcity,11.1612473247323,3.527949133479539
RWA-fed(KEN+TZA+UGA),2007,1,gdp_growth,2008,chronos_scarcity,11.1612473247323,3.7588196513924554
RWA-fed(KEN+TZA+UGA),2007,1,gdp_growth,2008,gnn_scarcity,11.1612473247323,7.567418646601196
RWA-fed(KEN+TZA+UGA),2007,3,gdp_growth,2010,persistence,7.33465645006753,0.29864174118523046
RWA-fed(KEN+TZA+UGA),2007,3,gdp_growth,2010,arima,7.33465645006753,0.8791435886916892
RWA-fed(KEN+TZA+UGA),2007,3,gdp_growth,2010,chronos,7.33465645006753,0.7024228303775883
RWA-fed(KEN+TZA+UGA),2007,3,gdp_growth,2010,xgb_blind,7.33465645006753,0.435172346319189
RWA-fed(KEN+TZA+UGA),2007,3,gdp_growth,2010,xgb_lag,7.33465645006753,0.8791435886916892
RWA-fed(KEN+TZA+UGA),2007,3,gdp_growth,2010,xgb_typed,7.33465645006753,0.8791435886916892
RWA-fed(KEN+TZA+UGA),2007,3,gdp_growth,2010,lgbm_blind,7.33465645006753,1.8273774195855559
RWA-fed(KEN+TZA+UGA),2007,3,gdp_growth,2010,lgbm_lag,7.33465645006753,0.8791435886916892
RWA-fed(KEN+TZA+UGA),2007,3,gdp_growth,2010,lgbm_typed,7.33465645006753,0.8791435886916892
RWA-fed(KEN+TZA+UGA),2007,3,gdp_growth,2010,tft,7.33465645006753,0.32203891583823196
RWA-fed(KEN+TZA+UGA),2007,3,gdp_growth,2010,tgcn,7.33465645006753,
RWA-fed(KEN+TZA+UGA),2007,3,gdp_growth,2010,persistence_scarcity,7.33465645006753,0.29864174118523046
RWA-fed(KEN+TZA+UGA),2007,3,gdp_growth,2010,chronos_scarcity,7.33465645006753,0.7024228303775883
RWA-fed(KEN+TZA+UGA),2007,3,gdp_growth,2010,gnn_scarcity,7.33465645006753,0.40902683428383835
RWA-fed(KEN+TZA+UGA),2007,5,gdp_growth,2012,persistence,8.64150815836322,1.0082099671104592
RWA-fed(KEN+TZA+UGA),2007,5,gdp_growth,2012,arima,8.64150815836322,0.4732678817105409
RWA-fed(KEN+TZA+UGA),2007,5,gdp_growth,2012,chronos,8.64150815836322,2.8650456034315788
RWA-fed(KEN+TZA+UGA),2007,5,gdp_growth,2012,xgb_blind,8.64150815836322,0.9974670969618522
RWA-fed(KEN+TZA+UGA),2007,5,gdp_growth,2012,xgb_lag,8.64150815836322,0.4732678817105409
RWA-fed(KEN+TZA+UGA),2007,5,gdp_growth,2012,xgb_typed,8.64150815836322,0.4732678817105409
RWA-fed(KEN+TZA+UGA),2007,5,gdp_growth,2012,lgbm_blind,8.64150815836322,2.202025962783349
RWA-fed(KEN+TZA+UGA),2007,5,gdp_growth,2012,lgbm_lag,8.64150815836322,0.4732678817105409
RWA-fed(KEN+TZA+UGA),2007,5,gdp_growth,2012,lgbm_typed,8.64150815836322,0.4732678817105409
RWA-fed(KEN+TZA+UGA),2007,5,gdp_growth,2012,tft,8.64150815836322,0.9820499979628288
RWA-fed(KEN+TZA+UGA),2007,5,gdp_growth,2012,tgcn,8.64150815836322,
RWA-fed(KEN+TZA+UGA),2007,5,gdp_growth,2012,persistence_scarcity,8.64150815836322,1.0082099671104592
RWA-fed(KEN+TZA+UGA),2007,5,gdp_growth,2012,chronos_scarcity,8.64150815836322,2.8650456034315788
RWA-fed(KEN+TZA+UGA),2007,5,gdp_growth,2012,gnn_scarcity,8.64150815836322,0.4747771657334603
RWA-fed(KEN+TZA+UGA),2007,1,inflation_cpi,2008,persistence,15.4382138709255,6.357491812193921
RWA-fed(KEN+TZA+UGA),2007,1,inflation_cpi,2008,arima,15.4382138709255,6.472157559865632
RWA-fed(KEN+TZA+UGA),2007,1,inflation_cpi,2008,chronos,15.4382138709255,6.382360027236535
RWA-fed(KEN+TZA+UGA),2007,1,inflation_cpi,2008,xgb_blind,15.4382138709255,7.52342943946798
RWA-fed(KEN+TZA+UGA),2007,1,inflation_cpi,2008,xgb_lag,15.4382138709255,6.472157559865632
RWA-fed(KEN+TZA+UGA),2007,1,inflation_cpi,2008,xgb_typed,15.4382138709255,6.472157559865632
RWA-fed(KEN+TZA+UGA),2007,1,inflation_cpi,2008,lgbm_blind,15.4382138709255,6.88499664220433
RWA-fed(KEN+TZA+UGA),2007,1,inflation_cpi,2008,lgbm_lag,15.4382138709255,6.472157559865632
RWA-fed(KEN+TZA+UGA),2007,1,inflation_cpi,2008,lgbm_typed,15.4382138709255,6.472157559865632
RWA-fed(KEN+TZA+UGA),2007,1,inflation_cpi,2008,tft,15.4382138709255,6.353397891921594
RWA-fed(KEN+TZA+UGA),2007,1,inflation_cpi,2008,tgcn,15.4382138709255,
RWA-fed(KEN+TZA+UGA),2007,1,inflation_cpi,2008,persistence_scarcity,15.4382138709255,6.357491812193921
RWA-fed(KEN+TZA+UGA),2007,1,inflation_cpi,2008,chronos_scarcity,15.4382138709255,6.382360027236535
RWA-fed(KEN+TZA+UGA),2007,1,inflation_cpi,2008,gnn_scarcity,15.4382138709255,7.4506335715480585
RWA-fed(KEN+TZA+UGA),2007,3,inflation_cpi,2010,persistence,-0.246128693436934,9.326850752168513
RWA-fed(KEN+TZA+UGA),2007,3,inflation_cpi,2010,arima,-0.246128693436934,9.240128078967183
RWA-fed(KEN+TZA+UGA),2007,3,inflation_cpi,2010,chronos,-0.246128693436934,8.95610107502873
RWA-fed(KEN+TZA+UGA),2007,3,inflation_cpi,2010,xgb_blind,-0.246128693436934,3.376184836243941
RWA-fed(KEN+TZA+UGA),2007,3,inflation_cpi,2010,xgb_lag,-0.246128693436934,9.240128078967183
RWA-fed(KEN+TZA+UGA),2007,3,inflation_cpi,2010,xgb_typed,-0.246128693436934,9.240128078967183
RWA-fed(KEN+TZA+UGA),2007,3,inflation_cpi,2010,lgbm_blind,-0.246128693436934,7.993269784465784
RWA-fed(KEN+TZA+UGA),2007,3,inflation_cpi,2010,lgbm_lag,-0.246128693436934,9.240128078967183
RWA-fed(KEN+TZA+UGA),2007,3,inflation_cpi,2010,lgbm_typed,-0.246128693436934,9.240128078967183
RWA-fed(KEN+TZA+UGA),2007,3,inflation_cpi,2010,tft,-0.246128693436934,9.338095322465254
RWA-fed(KEN+TZA+UGA),2007,3,inflation_cpi,2010,tgcn,-0.246128693436934,
RWA-fed(KEN+TZA+UGA),2007,3,inflation_cpi,2010,persistence_scarcity,-0.246128693436934,9.326850752168513
RWA-fed(KEN+TZA+UGA),2007,3,inflation_cpi,2010,chronos_scarcity,-0.246128693436934,8.95610107502873
RWA-fed(KEN+TZA+UGA),2007,3,inflation_cpi,2010,gnn_scarcity,-0.246128693436934,9.259756699418379
RWA-fed(KEN+TZA+UGA),2007,5,inflation_cpi,2012,persistence,10.2710182318876,1.190296173156021
RWA-fed(KEN+TZA+UGA),2007,5,inflation_cpi,2012,arima,10.2710182318876,1.2676374017865584
RWA-fed(KEN+TZA+UGA),2007,5,inflation_cpi,2012,chronos,10.2710182318876,1.4352695594022489
RWA-fed(KEN+TZA+UGA),2007,5,inflation_cpi,2012,xgb_blind,10.2710182318876,0.33536645271279575
RWA-fed(KEN+TZA+UGA),2007,5,inflation_cpi,2012,xgb_lag,10.2710182318876,1.2676374017865584
RWA-fed(KEN+TZA+UGA),2007,5,inflation_cpi,2012,xgb_typed,10.2710182318876,1.2676374017865584
RWA-fed(KEN+TZA+UGA),2007,5,inflation_cpi,2012,lgbm_blind,10.2710182318876,3.232684540804133
RWA-fed(KEN+TZA+UGA),2007,5,inflation_cpi,2012,lgbm_lag,10.2710182318876,1.2676374017865584
RWA-fed(KEN+TZA+UGA),2007,5,inflation_cpi,2012,lgbm_typed,10.2710182318876,1.2676374017865584
RWA-fed(KEN+TZA+UGA),2007,5,inflation_cpi,2012,tft,10.2710182318876,1.1746141562650418
RWA-fed(KEN+TZA+UGA),2007,5,inflation_cpi,2012,tgcn,10.2710182318876,
RWA-fed(KEN+TZA+UGA),2007,5,inflation_cpi,2012,persistence_scarcity,10.2710182318876,1.190296173156021
RWA-fed(KEN+TZA+UGA),2007,5,inflation_cpi,2012,chronos_scarcity,10.2710182318876,1.4352695594022489
RWA-fed(KEN+TZA+UGA),2007,5,inflation_cpi,2012,gnn_scarcity,10.2710182318876,0.5827657828519559
RWA-fed(KEN+TZA+UGA),2007,1,unemployment,2008,persistence,11.517,0.06300000000000061
RWA-fed(KEN+TZA+UGA),2007,1,unemployment,2008,arima,11.517,0.06165458580212757
RWA-fed(KEN+TZA+UGA),2007,1,unemployment,2008,chronos,11.517,0.045862953186034616
RWA-fed(KEN+TZA+UGA),2007,1,unemployment,2008,xgb_blind,11.517,0.30793877410888726
RWA-fed(KEN+TZA+UGA),2007,1,unemployment,2008,xgb_lag,11.517,0.06165458580212757
RWA-fed(KEN+TZA+UGA),2007,1,unemployment,2008,xgb_typed,11.517,0.06165458580212757
RWA-fed(KEN+TZA+UGA),2007,1,unemployment,2008,lgbm_blind,11.517,0.21382362904268248
RWA-fed(KEN+TZA+UGA),2007,1,unemployment,2008,lgbm_lag,11.517,0.06165458580212757
RWA-fed(KEN+TZA+UGA),2007,1,unemployment,2008,lgbm_typed,11.517,0.06165458580212757
RWA-fed(KEN+TZA+UGA),2007,1,unemployment,2008,tft,11.517,0.06383057403564507
RWA-fed(KEN+TZA+UGA),2007,1,unemployment,2008,tgcn,11.517,
RWA-fed(KEN+TZA+UGA),2007,1,unemployment,2008,persistence_scarcity,11.517,0.06300000000000061
RWA-fed(KEN+TZA+UGA),2007,1,unemployment,2008,chronos_scarcity,11.517,0.045862953186034616
RWA-fed(KEN+TZA+UGA),2007,1,unemployment,2008,gnn_scarcity,11.517,0.22430058288574273
RWA-fed(KEN+TZA+UGA),2007,3,unemployment,2010,persistence,11.637,0.057000000000000384
RWA-fed(KEN+TZA+UGA),2007,3,unemployment,2010,arima,11.637,0.05871475373629842
RWA-fed(KEN+TZA+UGA),2007,3,unemployment,2010,chronos,11.637,0.03648081970214889
RWA-fed(KEN+TZA+UGA),2007,3,unemployment,2010,xgb_blind,11.637,0.022076522827148892
RWA-fed(KEN+TZA+UGA),2007,3,unemployment,2010,xgb_lag,11.637,0.05871475373629842
RWA-fed(KEN+TZA+UGA),2007,3,unemployment,2010,xgb_typed,11.637,0.05871475373629842
RWA-fed(KEN+TZA+UGA),2007,3,unemployment,2010,lgbm_blind,11.637,0.028000089009601936
RWA-fed(KEN+TZA+UGA),2007,3,unemployment,2010,lgbm_lag,11.637,0.05871475373629842
RWA-fed(KEN+TZA+UGA),2007,3,unemployment,2010,lgbm_typed,11.637,0.05871475373629842
RWA-fed(KEN+TZA+UGA),2007,3,unemployment,2010,tft,11.637,0.04916087341308639
RWA-fed(KEN+TZA+UGA),2007,3,unemployment,2010,tgcn,11.637,
RWA-fed(KEN+TZA+UGA),2007,3,unemployment,2010,persistence_scarcity,11.637,0.057000000000000384
RWA-fed(KEN+TZA+UGA),2007,3,unemployment,2010,chronos_scarcity,11.637,0.03648081970214889
RWA-fed(KEN+TZA+UGA),2007,3,unemployment,2010,gnn_scarcity,11.637,0.1776438598632808
RWA-fed(KEN+TZA+UGA),2007,5,unemployment,2012,persistence,11.671,0.0909999999999993
RWA-fed(KEN+TZA+UGA),2007,5,unemployment,2012,arima,11.671,0.09273332473732943
RWA-fed(KEN+TZA+UGA),2007,5,unemployment,2012,chronos,11.671,0.015769485473633438
RWA-fed(KEN+TZA+UGA),2007,5,unemployment,2012,xgb_blind,11.671,0.3916792831420892
RWA-fed(KEN+TZA+UGA),2007,5,unemployment,2012,xgb_lag,11.671,0.09273332473732943
RWA-fed(KEN+TZA+UGA),2007,5,unemployment,2012,xgb_typed,11.671,0.09273332473732943
RWA-fed(KEN+TZA+UGA),2007,5,unemployment,2012,lgbm_blind,11.671,0.08761526606633119
RWA-fed(KEN+TZA+UGA),2007,5,unemployment,2012,lgbm_lag,11.671,0.09273332473732943
RWA-fed(KEN+TZA+UGA),2007,5,unemployment,2012,lgbm_typed,11.671,0.09273332473732943
RWA-fed(KEN+TZA+UGA),2007,5,unemployment,2012,tft,11.671,0.08118009185790953
RWA-fed(KEN+TZA+UGA),2007,5,unemployment,2012,tgcn,11.671,
RWA-fed(KEN+TZA+UGA),2007,5,unemployment,2012,persistence_scarcity,11.671,0.0909999999999993
RWA-fed(KEN+TZA+UGA),2007,5,unemployment,2012,chronos_scarcity,11.671,0.015769485473633438
RWA-fed(KEN+TZA+UGA),2007,5,unemployment,2012,gnn_scarcity,11.671,0.1918673553466803
RWA-fed(KEN+TZA+UGA),2007,1,exports_gdp,2008,persistence,11.2727549070714,2.3950689756998003
RWA-fed(KEN+TZA+UGA),2007,1,exports_gdp,2008,arima,11.2727549070714,1.9207790962286815
RWA-fed(KEN+TZA+UGA),2007,1,exports_gdp,2008,chronos,11.2727549070714,2.376008749544811
RWA-fed(KEN+TZA+UGA),2007,1,exports_gdp,2008,xgb_blind,11.2727549070714,1.4111411576869006
RWA-fed(KEN+TZA+UGA),2007,1,exports_gdp,2008,xgb_lag,11.2727549070714,1.9207790962286815
RWA-fed(KEN+TZA+UGA),2007,1,exports_gdp,2008,xgb_typed,11.2727549070714,1.9207790962286815
RWA-fed(KEN+TZA+UGA),2007,1,exports_gdp,2008,lgbm_blind,11.2727549070714,3.8270779632363103
RWA-fed(KEN+TZA+UGA),2007,1,exports_gdp,2008,lgbm_lag,11.2727549070714,1.9207790962286815
RWA-fed(KEN+TZA+UGA),2007,1,exports_gdp,2008,lgbm_typed,11.2727549070714,1.9207790962286815
RWA-fed(KEN+TZA+UGA),2007,1,exports_gdp,2008,tft,11.2727549070714,1.77640223556776
RWA-fed(KEN+TZA+UGA),2007,1,exports_gdp,2008,tgcn,11.2727549070714,
RWA-fed(KEN+TZA+UGA),2007,1,exports_gdp,2008,persistence_scarcity,11.2727549070714,2.3950689756998003
RWA-fed(KEN+TZA+UGA),2007,1,exports_gdp,2008,chronos_scarcity,11.2727549070714,2.376008749544811
RWA-fed(KEN+TZA+UGA),2007,1,exports_gdp,2008,gnn_scarcity,11.2727549070714,4.0873167509434705
RWA-fed(KEN+TZA+UGA),2007,3,exports_gdp,2010,persistence,10.7427647311274,2.9250591516438007
RWA-fed(KEN+TZA+UGA),2007,3,exports_gdp,2010,arima,10.7427647311274,2.5177972696429016
RWA-fed(KEN+TZA+UGA),2007,3,exports_gdp,2010,chronos,10.7427647311274,2.0176169674809987
RWA-fed(KEN+TZA+UGA),2007,3,exports_gdp,2010,xgb_blind,10.7427647311274,1.5886156756464427
RWA-fed(KEN+TZA+UGA),2007,3,exports_gdp,2010,xgb_lag,10.7427647311274,2.5177972696429016
RWA-fed(KEN+TZA+UGA),2007,3,exports_gdp,2010,xgb_typed,10.7427647311274,2.5177972696429016
RWA-fed(KEN+TZA+UGA),2007,3,exports_gdp,2010,lgbm_blind,10.7427647311274,3.163331703224161
RWA-fed(KEN+TZA+UGA),2007,3,exports_gdp,2010,lgbm_lag,10.7427647311274,2.5177972696429016
RWA-fed(KEN+TZA+UGA),2007,3,exports_gdp,2010,lgbm_typed,10.7427647311274,2.5177972696429016
RWA-fed(KEN+TZA+UGA),2007,3,exports_gdp,2010,tft,10.7427647311274,2.366347054761272
RWA-fed(KEN+TZA+UGA),2007,3,exports_gdp,2010,tgcn,10.7427647311274,
RWA-fed(KEN+TZA+UGA),2007,3,exports_gdp,2010,persistence_scarcity,10.7427647311274,2.9250591516438007
RWA-fed(KEN+TZA+UGA),2007,3,exports_gdp,2010,chronos_scarcity,10.7427647311274,2.0176169674809987
RWA-fed(KEN+TZA+UGA),2007,3,exports_gdp,2010,gnn_scarcity,10.7427647311274,3.0537927348200267
RWA-fed(KEN+TZA+UGA),2007,5,exports_gdp,2012,persistence,11.9942781520571,1.6735457307140997
RWA-fed(KEN+TZA+UGA),2007,5,exports_gdp,2012,arima,11.9942781520571,1.2682286643443863
RWA-fed(KEN+TZA+UGA),2007,5,exports_gdp,2012,chronos,11.9942781520571,0.44532223469870225
RWA-fed(KEN+TZA+UGA),2007,5,exports_gdp,2012,xgb_blind,11.9942781520571,4.4945523334230675
RWA-fed(KEN+TZA+UGA),2007,5,exports_gdp,2012,xgb_lag,11.9942781520571,1.2682286643443863
RWA-fed(KEN+TZA+UGA),2007,5,exports_gdp,2012,xgb_typed,11.9942781520571,1.2682286643443863
RWA-fed(KEN+TZA+UGA),2007,5,exports_gdp,2012,lgbm_blind,11.9942781520571,4.131688646054528
RWA-fed(KEN+TZA+UGA),2007,5,exports_gdp,2012,lgbm_lag,11.9942781520571,1.2682286643443863
RWA-fed(KEN+TZA+UGA),2007,5,exports_gdp,2012,lgbm_typed,11.9942781520571,1.2682286643443863
RWA-fed(KEN+TZA+UGA),2007,5,exports_gdp,2012,tft,11.9942781520571,1.1137025760923134
RWA-fed(KEN+TZA+UGA),2007,5,exports_gdp,2012,tgcn,11.9942781520571,
RWA-fed(KEN+TZA+UGA),2007,5,exports_gdp,2012,persistence_scarcity,11.9942781520571,1.6735457307140997
RWA-fed(KEN+TZA+UGA),2007,5,exports_gdp,2012,chronos_scarcity,11.9942781520571,0.44532223469870225
RWA-fed(KEN+TZA+UGA),2007,5,exports_gdp,2012,gnn_scarcity,11.9942781520571,3.9742328716005577
RWA-fed(KEN+TZA+UGA),2007,1,imports_gdp,2008,persistence,26.3317559477341,4.028606633277498
RWA-fed(KEN+TZA+UGA),2007,1,imports_gdp,2008,arima,26.3317559477341,4.013185934573162
RWA-fed(KEN+TZA+UGA),2007,1,imports_gdp,2008,chronos,26.3317559477341,4.2740166899215986
RWA-fed(KEN+TZA+UGA),2007,1,imports_gdp,2008,xgb_blind,26.3317559477341,18.2140318635452
RWA-fed(KEN+TZA+UGA),2007,1,imports_gdp,2008,xgb_lag,26.3317559477341,4.013185934573162
RWA-fed(KEN+TZA+UGA),2007,1,imports_gdp,2008,xgb_typed,26.3317559477341,4.013185934573162
RWA-fed(KEN+TZA+UGA),2007,1,imports_gdp,2008,lgbm_blind,26.3317559477341,1.4685967680465986
RWA-fed(KEN+TZA+UGA),2007,1,imports_gdp,2008,lgbm_lag,26.3317559477341,4.013185934573162
RWA-fed(KEN+TZA+UGA),2007,1,imports_gdp,2008,lgbm_typed,26.3317559477341,4.013185934573162
RWA-fed(KEN+TZA+UGA),2007,1,imports_gdp,2008,tft,26.3317559477341,4.023785900737028
RWA-fed(KEN+TZA+UGA),2007,1,imports_gdp,2008,tgcn,26.3317559477341,
RWA-fed(KEN+TZA+UGA),2007,1,imports_gdp,2008,persistence_scarcity,26.3317559477341,4.028606633277498
RWA-fed(KEN+TZA+UGA),2007,1,imports_gdp,2008,chronos_scarcity,26.3317559477341,4.2740166899215986
RWA-fed(KEN+TZA+UGA),2007,1,imports_gdp,2008,gnn_scarcity,26.3317559477341,2.7433961149704267
RWA-fed(KEN+TZA+UGA),2007,3,imports_gdp,2010,persistence,26.5361143612077,4.232965046751101
RWA-fed(KEN+TZA+UGA),2007,3,imports_gdp,2010,arima,26.5361143612077,4.221348038911511
RWA-fed(KEN+TZA+UGA),2007,3,imports_gdp,2010,chronos,26.5361143612077,4.122604992311217
RWA-fed(KEN+TZA+UGA),2007,3,imports_gdp,2010,xgb_blind,26.5361143612077,4.255600597779967
RWA-fed(KEN+TZA+UGA),2007,3,imports_gdp,2010,xgb_lag,26.5361143612077,4.221348038911511
RWA-fed(KEN+TZA+UGA),2007,3,imports_gdp,2010,xgb_typed,26.5361143612077,4.221348038911511
RWA-fed(KEN+TZA+UGA),2007,3,imports_gdp,2010,lgbm_blind,26.5361143612077,0.7790944281429226
RWA-fed(KEN+TZA+UGA),2007,3,imports_gdp,2010,lgbm_lag,26.5361143612077,4.221348038911511
RWA-fed(KEN+TZA+UGA),2007,3,imports_gdp,2010,lgbm_typed,26.5361143612077,4.221348038911511
RWA-fed(KEN+TZA+UGA),2007,3,imports_gdp,2010,tft,26.5361143612077,4.187414791505553
RWA-fed(KEN+TZA+UGA),2007,3,imports_gdp,2010,tgcn,26.5361143612077,
RWA-fed(KEN+TZA+UGA),2007,3,imports_gdp,2010,persistence_scarcity,26.5361143612077,4.232965046751101
RWA-fed(KEN+TZA+UGA),2007,3,imports_gdp,2010,chronos_scarcity,26.5361143612077,4.122604992311217
RWA-fed(KEN+TZA+UGA),2007,3,imports_gdp,2010,gnn_scarcity,26.5361143612077,0.8030420803239124
RWA-fed(KEN+TZA+UGA),2007,5,imports_gdp,2012,persistence,28.5465848466622,6.2434355322055985
RWA-fed(KEN+TZA+UGA),2007,5,imports_gdp,2012,arima,28.5465848466622,6.232562365966263
RWA-fed(KEN+TZA+UGA),2007,5,imports_gdp,2012,chronos,28.5465848466622,6.7556779405342695
RWA-fed(KEN+TZA+UGA),2007,5,imports_gdp,2012,xgb_blind,28.5465848466622,5.856082679914152
RWA-fed(KEN+TZA+UGA),2007,5,imports_gdp,2012,xgb_lag,28.5465848466622,6.232562365966263
RWA-fed(KEN+TZA+UGA),2007,5,imports_gdp,2012,xgb_typed,28.5465848466622,6.232562365966263
RWA-fed(KEN+TZA+UGA),2007,5,imports_gdp,2012,lgbm_blind,28.5465848466622,5.388239257391241
RWA-fed(KEN+TZA+UGA),2007,5,imports_gdp,2012,lgbm_lag,28.5465848466622,6.232562365966263
RWA-fed(KEN+TZA+UGA),2007,5,imports_gdp,2012,lgbm_typed,28.5465848466622,6.232562365966263
RWA-fed(KEN+TZA+UGA),2007,5,imports_gdp,2012,tft,28.5465848466622,6.186370613263762
RWA-fed(KEN+TZA+UGA),2007,5,imports_gdp,2012,tgcn,28.5465848466622,
RWA-fed(KEN+TZA+UGA),2007,5,imports_gdp,2012,persistence_scarcity,28.5465848466622,6.2434355322055985
RWA-fed(KEN+TZA+UGA),2007,5,imports_gdp,2012,chronos_scarcity,28.5465848466622,6.7556779405342695
RWA-fed(KEN+TZA+UGA),2007,5,imports_gdp,2012,gnn_scarcity,28.5465848466622,1.403367759870207
RWA-fed(KEN+TZA+UGA),2007,1,current_account,2008,persistence,-6.51687014325837,0.0
RWA-fed(KEN+TZA+UGA),2007,1,current_account,2008,arima,-6.51687014325837,0.0
RWA-fed(KEN+TZA+UGA),2007,1,current_account,2008,chronos,-6.51687014325837,0.01911175473908333
RWA-fed(KEN+TZA+UGA),2007,1,current_account,2008,xgb_blind,-6.51687014325837,1.2143830208088957e-07
RWA-fed(KEN+TZA+UGA),2007,1,current_account,2008,xgb_lag,-6.51687014325837,0.0
RWA-fed(KEN+TZA+UGA),2007,1,current_account,2008,xgb_typed,-6.51687014325837,0.0
RWA-fed(KEN+TZA+UGA),2007,1,current_account,2008,lgbm_blind,-6.51687014325837,1.2143830208088957e-07
RWA-fed(KEN+TZA+UGA),2007,1,current_account,2008,lgbm_lag,-6.51687014325837,0.0
RWA-fed(KEN+TZA+UGA),2007,1,current_account,2008,lgbm_typed,-6.51687014325837,0.0
RWA-fed(KEN+TZA+UGA),2007,1,current_account,2008,tft,-6.51687014325837,0.1039153359768763
RWA-fed(KEN+TZA+UGA),2007,1,current_account,2008,tgcn,-6.51687014325837,
RWA-fed(KEN+TZA+UGA),2007,1,current_account,2008,persistence_scarcity,-6.51687014325837,0.0
RWA-fed(KEN+TZA+UGA),2007,1,current_account,2008,chronos_scarcity,-6.51687014325837,0.01911175473908333
RWA-fed(KEN+TZA+UGA),2007,1,current_account,2008,gnn_scarcity,-6.51687014325837,1.0751126184871396e-06
RWA-fed(KEN+TZA+UGA),2007,3,current_account,2010,persistence,-6.51687014325837,0.0
RWA-fed(KEN+TZA+UGA),2007,3,current_account,2010,arima,-6.51687014325837,0.0
RWA-fed(KEN+TZA+UGA),2007,3,current_account,2010,chronos,-6.51687014325837,0.01911175473908333
RWA-fed(KEN+TZA+UGA),2007,3,current_account,2010,xgb_blind,-6.51687014325837,1.2143830208088957e-07
RWA-fed(KEN+TZA+UGA),2007,3,current_account,2010,xgb_lag,-6.51687014325837,0.0
RWA-fed(KEN+TZA+UGA),2007,3,current_account,2010,xgb_typed,-6.51687014325837,0.0
RWA-fed(KEN+TZA+UGA),2007,3,current_account,2010,lgbm_blind,-6.51687014325837,1.2143830208088957e-07
RWA-fed(KEN+TZA+UGA),2007,3,current_account,2010,lgbm_lag,-6.51687014325837,0.0
RWA-fed(KEN+TZA+UGA),2007,3,current_account,2010,lgbm_typed,-6.51687014325837,0.0
RWA-fed(KEN+TZA+UGA),2007,3,current_account,2010,tft,-6.51687014325837,0.12878334745148567
RWA-fed(KEN+TZA+UGA),2007,3,current_account,2010,tgcn,-6.51687014325837,
RWA-fed(KEN+TZA+UGA),2007,3,current_account,2010,persistence_scarcity,-6.51687014325837,0.0
RWA-fed(KEN+TZA+UGA),2007,3,current_account,2010,chronos_scarcity,-6.51687014325837,0.01911175473908333
RWA-fed(KEN+TZA+UGA),2007,3,current_account,2010,gnn_scarcity,-6.51687014325837,1.0751126184871396e-06
RWA-fed(KEN+TZA+UGA),2007,5,current_account,2012,persistence,-9.68045842086916,3.1635882776107893
RWA-fed(KEN+TZA+UGA),2007,5,current_account,2012,arima,-9.68045842086916,3.1635882776107893
RWA-fed(KEN+TZA+UGA),2007,5,current_account,2012,chronos,-9.68045842086916,3.1827000323498726
RWA-fed(KEN+TZA+UGA),2007,5,current_account,2012,xgb_blind,-9.68045842086916,3.1635883990490914
RWA-fed(KEN+TZA+UGA),2007,5,current_account,2012,xgb_lag,-9.68045842086916,3.1635882776107893
RWA-fed(KEN+TZA+UGA),2007,5,current_account,2012,xgb_typed,-9.68045842086916,3.1635882776107893
RWA-fed(KEN+TZA+UGA),2007,5,current_account,2012,lgbm_blind,-9.68045842086916,3.1635883990490914
RWA-fed(KEN+TZA+UGA),2007,5,current_account,2012,lgbm_lag,-9.68045842086916,3.1635882776107893
RWA-fed(KEN+TZA+UGA),2007,5,current_account,2012,lgbm_typed,-9.68045842086916,3.1635882776107893
RWA-fed(KEN+TZA+UGA),2007,5,current_account,2012,tft,-9.68045842086916,3.306320542451191
RWA-fed(KEN+TZA+UGA),2007,5,current_account,2012,tgcn,-9.68045842086916,
RWA-fed(KEN+TZA+UGA),2007,5,current_account,2012,persistence_scarcity,-9.68045842086916,3.1635882776107893
RWA-fed(KEN+TZA+UGA),2007,5,current_account,2012,chronos_scarcity,-9.68045842086916,3.1827000323498726
RWA-fed(KEN+TZA+UGA),2007,5,current_account,2012,gnn_scarcity,-9.68045842086916,3.163589829560566
RWA-fed(KEN+TZA+UGA),2007,1,real_interest_rate,2008,persistence,1.57061665663763,1.14164909936354
RWA-fed(KEN+TZA+UGA),2007,1,real_interest_rate,2008,arima,1.57061665663763,6.078981325576794
RWA-fed(KEN+TZA+UGA),2007,1,real_interest_rate,2008,chronos,1.57061665663763,1.5805223642821697
RWA-fed(KEN+TZA+UGA),2007,1,real_interest_rate,2008,xgb_blind,1.57061665663763,4.244446343087712
RWA-fed(KEN+TZA+UGA),2007,1,real_interest_rate,2008,xgb_lag,1.57061665663763,6.078981325576794
RWA-fed(KEN+TZA+UGA),2007,1,real_interest_rate,2008,xgb_typed,1.57061665663763,6.078981325576794
RWA-fed(KEN+TZA+UGA),2007,1,real_interest_rate,2008,lgbm_blind,1.57061665663763,6.281946191621791
RWA-fed(KEN+TZA+UGA),2007,1,real_interest_rate,2008,lgbm_lag,1.57061665663763,6.078981325576794
RWA-fed(KEN+TZA+UGA),2007,1,real_interest_rate,2008,lgbm_typed,1.57061665663763,6.078981325576794
RWA-fed(KEN+TZA+UGA),2007,1,real_interest_rate,2008,tft,1.57061665663763,1.4217274843688397
RWA-fed(KEN+TZA+UGA),2007,1,real_interest_rate,2008,tgcn,1.57061665663763,
RWA-fed(KEN+TZA+UGA),2007,1,real_interest_rate,2008,persistence_scarcity,1.57061665663763,1.14164909936354
RWA-fed(KEN+TZA+UGA),2007,1,real_interest_rate,2008,chronos_scarcity,1.57061665663763,1.5805223642821697
RWA-fed(KEN+TZA+UGA),2007,1,real_interest_rate,2008,gnn_scarcity,1.57061665663763,5.82582527985529
RWA-fed(KEN+TZA+UGA),2007,3,real_interest_rate,2010,persistence,13.3869922357649,10.67472647976373
RWA-fed(KEN+TZA+UGA),2007,3,real_interest_rate,2010,arima,13.3869922357649,6.968911774050275
RWA-fed(KEN+TZA+UGA),2007,3,real_interest_rate,2010,chronos,13.3869922357649,10.716026564225594
RWA-fed(KEN+TZA+UGA),2007,3,real_interest_rate,2010,xgb_blind,13.3869922357649,5.320460100755135
RWA-fed(KEN+TZA+UGA),2007,3,real_interest_rate,2010,xgb_lag,13.3869922357649,6.968911774050275
RWA-fed(KEN+TZA+UGA),2007,3,real_interest_rate,2010,xgb_typed,13.3869922357649,6.968911774050275
RWA-fed(KEN+TZA+UGA),2007,3,real_interest_rate,2010,lgbm_blind,13.3869922357649,5.369056292161385
RWA-fed(KEN+TZA+UGA),2007,3,real_interest_rate,2010,lgbm_lag,13.3869922357649,6.968911774050275
RWA-fed(KEN+TZA+UGA),2007,3,real_interest_rate,2010,lgbm_typed,13.3869922357649,6.968911774050275
RWA-fed(KEN+TZA+UGA),2007,3,real_interest_rate,2010,tft,13.3869922357649,8.44374968586866
RWA-fed(KEN+TZA+UGA),2007,3,real_interest_rate,2010,tgcn,13.3869922357649,
RWA-fed(KEN+TZA+UGA),2007,3,real_interest_rate,2010,persistence_scarcity,13.3869922357649,10.67472647976373
RWA-fed(KEN+TZA+UGA),2007,3,real_interest_rate,2010,chronos_scarcity,13.3869922357649,10.716026564225594
RWA-fed(KEN+TZA+UGA),2007,3,real_interest_rate,2010,gnn_scarcity,13.3869922357649,4.760514040574471
RWA-fed(KEN+TZA+UGA),2007,5,real_interest_rate,2012,persistence,11.4386055799392,8.72633982393803
RWA-fed(KEN+TZA+UGA),2007,5,real_interest_rate,2012,arima,11.4386055799392,5.299698135125307
RWA-fed(KEN+TZA+UGA),2007,5,real_interest_rate,2012,chronos,11.4386055799392,8.977713617887808
RWA-fed(KEN+TZA+UGA),2007,5,real_interest_rate,2012,xgb_blind,11.4386055799392,7.003616127577139
RWA-fed(KEN+TZA+UGA),2007,5,real_interest_rate,2012,xgb_lag,11.4386055799392,5.299698135125307
RWA-fed(KEN+TZA+UGA),2007,5,real_interest_rate,2012,xgb_typed,11.4386055799392,5.299698135125307
RWA-fed(KEN+TZA+UGA),2007,5,real_interest_rate,2012,lgbm_blind,11.4386055799392,3.2044125116549456
RWA-fed(KEN+TZA+UGA),2007,5,real_interest_rate,2012,lgbm_lag,11.4386055799392,5.299698135125307
RWA-fed(KEN+TZA+UGA),2007,5,real_interest_rate,2012,lgbm_typed,11.4386055799392,5.299698135125307
RWA-fed(KEN+TZA+UGA),2007,5,real_interest_rate,2012,tft,11.4386055799392,5.953218731489493
RWA-fed(KEN+TZA+UGA),2007,5,real_interest_rate,2012,tgcn,11.4386055799392,
RWA-fed(KEN+TZA+UGA),2007,5,real_interest_rate,2012,persistence_scarcity,11.4386055799392,8.72633982393803
RWA-fed(KEN+TZA+UGA),2007,5,real_interest_rate,2012,chronos_scarcity,11.4386055799392,8.977713617887808
RWA-fed(KEN+TZA+UGA),2007,5,real_interest_rate,2012,gnn_scarcity,11.4386055799392,2.003381046858145
RWA-fed(KEN+TZA+UGA),2007,1,broad_money,2008,persistence,15.6995263439751,1.3510148447307007
RWA-fed(KEN+TZA+UGA),2007,1,broad_money,2008,arima,15.6995263439751,1.0335539708435544
RWA-fed(KEN+TZA+UGA),2007,1,broad_money,2008,chronos,15.6995263439751,0.0024495464897480446
RWA-fed(KEN+TZA+UGA),2007,1,broad_money,2008,xgb_blind,15.6995263439751,2.3011545794868145
RWA-fed(KEN+TZA+UGA),2007,1,broad_money,2008,xgb_lag,15.6995263439751,1.0926470416450176
RWA-fed(KEN+TZA+UGA),2007,1,broad_money,2008,xgb_typed,15.6995263439751,1.0698599475288066
RWA-fed(KEN+TZA+UGA),2007,1,broad_money,2008,lgbm_blind,15.6995263439751,0.4388656114814182
RWA-fed(KEN+TZA+UGA),2007,1,broad_money,2008,lgbm_lag,15.6995263439751,0.4388656114814182
RWA-fed(KEN+TZA+UGA),2007,1,broad_money,2008,lgbm_typed,15.6995263439751,0.4388656114814182
RWA-fed(KEN+TZA+UGA),2007,1,broad_money,2008,tft,15.6995263439751,1.6846595150566426
RWA-fed(KEN+TZA+UGA),2007,1,broad_money,2008,tgcn,15.6995263439751,
RWA-fed(KEN+TZA+UGA),2007,1,broad_money,2008,persistence_scarcity,15.6995263439751,1.9172404330523865
RWA-fed(KEN+TZA+UGA),2007,1,broad_money,2008,chronos_scarcity,15.6995263439751,1.1200088987909158
RWA-fed(KEN+TZA+UGA),2007,1,broad_money,2008,gnn_scarcity,15.6995263439751,1.6697058337592754
RWA-fed(KEN+TZA+UGA),2007,3,broad_money,2010,persistence,15.5542868759791,1.4962543127267
RWA-fed(KEN+TZA+UGA),2007,3,broad_money,2010,arima,15.5542868759791,1.2313715627698425
RWA-fed(KEN+TZA+UGA),2007,3,broad_money,2010,chronos,15.5542868759791,0.02479735876718614
RWA-fed(KEN+TZA+UGA),2007,3,broad_money,2010,xgb_blind,15.5542868759791,0.1980944487889662
RWA-fed(KEN+TZA+UGA),2007,3,broad_money,2010,xgb_lag,15.5542868759791,0.2542897078832045
RWA-fed(KEN+TZA+UGA),2007,3,broad_money,2010,xgb_typed,15.5542868759791,0.6334172103246107
RWA-fed(KEN+TZA+UGA),2007,3,broad_money,2010,lgbm_blind,15.5542868759791,0.11646485195159428
RWA-fed(KEN+TZA+UGA),2007,3,broad_money,2010,lgbm_lag,15.5542868759791,0.11646485195159428
RWA-fed(KEN+TZA+UGA),2007,3,broad_money,2010,lgbm_typed,15.5542868759791,0.11646485195159428
RWA-fed(KEN+TZA+UGA),2007,3,broad_money,2010,tft,15.5542868759791,1.5390843537012682
RWA-fed(KEN+TZA+UGA),2007,3,broad_money,2010,tgcn,15.5542868759791,
RWA-fed(KEN+TZA+UGA),2007,3,broad_money,2010,persistence_scarcity,15.5542868759791,2.9313894388405917
RWA-fed(KEN+TZA+UGA),2007,3,broad_money,2010,chronos_scarcity,15.5542868759791,0.6329825314339157
RWA-fed(KEN+TZA+UGA),2007,3,broad_money,2010,gnn_scarcity,15.5542868759791,2.564514240964259
RWA-fed(KEN+TZA+UGA),2007,5,broad_money,2012,persistence,17.2458905705942,0.19534938188839845
RWA-fed(KEN+TZA+UGA),2007,5,broad_money,2012,arima,17.2458905705942,0.4579240458137548
RWA-fed(KEN+TZA+UGA),2007,5,broad_money,2012,chronos,17.2458905705942,2.330880118323691
RWA-fed(KEN+TZA+UGA),2007,5,broad_money,2012,xgb_blind,17.2458905705942,2.918325377417929
RWA-fed(KEN+TZA+UGA),2007,5,broad_money,2012,xgb_lag,17.2458905705942,3.166214896155722
RWA-fed(KEN+TZA+UGA),2007,5,broad_money,2012,xgb_typed,17.2458905705942,0.4790582189096284
RWA-fed(KEN+TZA+UGA),2007,5,broad_money,2012,lgbm_blind,17.2458905705942,2.202930550382172
RWA-fed(KEN+TZA+UGA),2007,5,broad_money,2012,lgbm_lag,17.2458905705942,2.202930550382172
RWA-fed(KEN+TZA+UGA),2007,5,broad_money,2012,lgbm_typed,17.2458905705942,2.202930550382172
RWA-fed(KEN+TZA+UGA),2007,5,broad_money,2012,tft,17.2458905705942,3.2307672032846284
RWA-fed(KEN+TZA+UGA),2007,5,broad_money,2012,tgcn,17.2458905705942,
RWA-fed(KEN+TZA+UGA),2007,5,broad_money,2012,persistence_scarcity,17.2458905705942,0.5424069896097095
RWA-fed(KEN+TZA+UGA),2007,5,broad_money,2012,chronos_scarcity,17.2458905705942,2.445381934067223
RWA-fed(KEN+TZA+UGA),2007,5,broad_money,2012,gnn_scarcity,17.2458905705942,2.71857933907377
RWA-fed(KEN+TZA+UGA),2007,1,private_credit,2008,persistence,13.3642833875073,1.3308410736868002
RWA-fed(KEN+TZA+UGA),2007,1,private_credit,2008,arima,13.3642833875073,1.347637097380657
RWA-fed(KEN+TZA+UGA),2007,1,private_credit,2008,chronos,13.3642833875073,1.5675705121410886
RWA-fed(KEN+TZA+UGA),2007,1,private_credit,2008,xgb_blind,13.3642833875073,2.922275369013647
RWA-fed(KEN+TZA+UGA),2007,1,private_credit,2008,xgb_lag,13.3642833875073,5.486414258326391
RWA-fed(KEN+TZA+UGA),2007,1,private_credit,2008,xgb_typed,13.3642833875073,3.8930032895458737
RWA-fed(KEN+TZA+UGA),2007,1,private_credit,2008,lgbm_blind,13.3642833875073,4.684857923550354
RWA-fed(KEN+TZA+UGA),2007,1,private_credit,2008,lgbm_lag,13.3642833875073,4.684857923550354
RWA-fed(KEN+TZA+UGA),2007,1,private_credit,2008,lgbm_typed,13.3642833875073,4.684857923550354
RWA-fed(KEN+TZA+UGA),2007,1,private_credit,2008,tft,13.3642833875073,1.1890733884228268
RWA-fed(KEN+TZA+UGA),2007,1,private_credit,2008,tgcn,13.3642833875073,
RWA-fed(KEN+TZA+UGA),2007,1,private_credit,2008,persistence_scarcity,13.3642833875073,0.9704377743551351
RWA-fed(KEN+TZA+UGA),2007,1,private_credit,2008,chronos_scarcity,13.3642833875073,1.003165795586611
RWA-fed(KEN+TZA+UGA),2007,1,private_credit,2008,gnn_scarcity,13.3642833875073,3.576466386164526
RWA-fed(KEN+TZA+UGA),2007,3,private_credit,2010,persistence,11.4913039096026,0.5421384042178996
RWA-fed(KEN+TZA+UGA),2007,3,private_credit,2010,arima,11.4913039096026,0.526340994865917
RWA-fed(KEN+TZA+UGA),2007,3,private_credit,2010,chronos,11.4913039096026,0.48103951293511926
RWA-fed(KEN+TZA+UGA),2007,3,private_credit,2010,xgb_blind,11.4913039096026,2.367578972163635
RWA-fed(KEN+TZA+UGA),2007,3,private_credit,2010,xgb_lag,11.4913039096026,3.046980369868713
RWA-fed(KEN+TZA+UGA),2007,3,private_credit,2010,xgb_typed,11.4913039096026,0.10311268645806848
RWA-fed(KEN+TZA+UGA),2007,3,private_credit,2010,lgbm_blind,11.4913039096026,2.3742791064409783
RWA-fed(KEN+TZA+UGA),2007,3,private_credit,2010,lgbm_lag,11.4913039096026,2.3742791064409783
RWA-fed(KEN+TZA+UGA),2007,3,private_credit,2010,lgbm_typed,11.4913039096026,2.3742791064409783
RWA-fed(KEN+TZA+UGA),2007,3,private_credit,2010,tft,11.4913039096026,2.040091048893494
RWA-fed(KEN+TZA+UGA),2007,3,private_credit,2010,tgcn,11.4913039096026,
RWA-fed(KEN+TZA+UGA),2007,3,private_credit,2010,persistence_scarcity,11.4913039096026,1.997808999386967
RWA-fed(KEN+TZA+UGA),2007,3,private_credit,2010,chronos_scarcity,11.4913039096026,0.925580744992061
RWA-fed(KEN+TZA+UGA),2007,3,private_credit,2010,gnn_scarcity,11.4913039096026,2.4129042513994747
RWA-fed(KEN+TZA+UGA),2007,5,private_credit,2012,persistence,15.751520287001,3.7180779731805007
RWA-fed(KEN+TZA+UGA),2007,5,private_credit,2012,arima,15.751520287001,3.7338713576634053
RWA-fed(KEN+TZA+UGA),2007,5,private_credit,2012,chronos,15.751520287001,5.779363762342797
RWA-fed(KEN+TZA+UGA),2007,5,private_credit,2012,xgb_blind,15.751520287001,6.8666173328994375
RWA-fed(KEN+TZA+UGA),2007,5,private_credit,2012,xgb_lag,15.751520287001,6.698483597242699
RWA-fed(KEN+TZA+UGA),2007,5,private_credit,2012,xgb_typed,15.751520287001,4.4860841145156485
RWA-fed(KEN+TZA+UGA),2007,5,private_credit,2012,lgbm_blind,15.751520287001,6.478908925717478
RWA-fed(KEN+TZA+UGA),2007,5,private_credit,2012,lgbm_lag,15.751520287001,6.478908925717478
RWA-fed(KEN+TZA+UGA),2007,5,private_credit,2012,lgbm_typed,15.751520287001,6.478908925717478
RWA-fed(KEN+TZA+UGA),2007,5,private_credit,2012,tft,15.751520287001,0.2949007640243906
RWA-fed(KEN+TZA+UGA),2007,5,private_credit,2012,tgcn,15.751520287001,
RWA-fed(KEN+TZA+UGA),2007,5,private_credit,2012,persistence_scarcity,15.751520287001,2.2994854009682815
RWA-fed(KEN+TZA+UGA),2007,5,private_credit,2012,chronos_scarcity,15.751520287001,2.920425377460962
RWA-fed(KEN+TZA+UGA),2007,5,private_credit,2012,gnn_scarcity,15.751520287001,4.923608910047875
RWA-fed(KEN+TZA+UGA),2007,1,govt_consumption,2008,persistence,12.2842606930329,1.87932577606
RWA-fed(KEN+TZA+UGA),2007,1,govt_consumption,2008,arima,12.2842606930329,1.7198521625798797
RWA-fed(KEN+TZA+UGA),2007,1,govt_consumption,2008,chronos,12.2842606930329,1.141081866781553
RWA-fed(KEN+TZA+UGA),2007,1,govt_consumption,2008,xgb_blind,12.2842606930329,1.4654808612273538
RWA-fed(KEN+TZA+UGA),2007,1,govt_consumption,2008,xgb_lag,12.2842606930329,1.7198521625798797
RWA-fed(KEN+TZA+UGA),2007,1,govt_consumption,2008,xgb_typed,12.2842606930329,1.7198521625798797
RWA-fed(KEN+TZA+UGA),2007,1,govt_consumption,2008,lgbm_blind,12.2842606930329,1.808124655118812
RWA-fed(KEN+TZA+UGA),2007,1,govt_consumption,2008,lgbm_lag,12.2842606930329,1.7198521625798797
RWA-fed(KEN+TZA+UGA),2007,1,govt_consumption,2008,lgbm_typed,12.2842606930329,1.7198521625798797
RWA-fed(KEN+TZA+UGA),2007,1,govt_consumption,2008,tft,12.2842606930329,3.1321879001067483
RWA-fed(KEN+TZA+UGA),2007,1,govt_consumption,2008,tgcn,12.2842606930329,
RWA-fed(KEN+TZA+UGA),2007,1,govt_consumption,2008,persistence_scarcity,12.2842606930329,1.87932577606
RWA-fed(KEN+TZA+UGA),2007,1,govt_consumption,2008,chronos_scarcity,12.2842606930329,1.141081866781553
RWA-fed(KEN+TZA+UGA),2007,1,govt_consumption,2008,gnn_scarcity,12.2842606930329,1.4099331469939553
RWA-fed(KEN+TZA+UGA),2007,3,govt_consumption,2010,persistence,13.0834898136764,1.0800966554165008
RWA-fed(KEN+TZA+UGA),2007,3,govt_consumption,2010,arima,13.0834898136764,0.9062881312583091
RWA-fed(KEN+TZA+UGA),2007,3,govt_consumption,2010,chronos,13.0834898136764,1.183753409257454
RWA-fed(KEN+TZA+UGA),2007,3,govt_consumption,2010,xgb_blind,13.0834898136764,3.1334024287552413
RWA-fed(KEN+TZA+UGA),2007,3,govt_consumption,2010,xgb_lag,13.0834898136764,0.9062881312583091
RWA-fed(KEN+TZA+UGA),2007,3,govt_consumption,2010,xgb_typed,13.0834898136764,0.9062881312583091
RWA-fed(KEN+TZA+UGA),2007,3,govt_consumption,2010,lgbm_blind,13.0834898136764,1.118720485497592
RWA-fed(KEN+TZA+UGA),2007,3,govt_consumption,2010,lgbm_lag,13.0834898136764,0.9062881312583091
RWA-fed(KEN+TZA+UGA),2007,3,govt_consumption,2010,lgbm_typed,13.0834898136764,0.9062881312583091
RWA-fed(KEN+TZA+UGA),2007,3,govt_consumption,2010,tft,13.0834898136764,2.8349920131058273
RWA-fed(KEN+TZA+UGA),2007,3,govt_consumption,2010,tgcn,13.0834898136764,
RWA-fed(KEN+TZA+UGA),2007,3,govt_consumption,2010,persistence_scarcity,13.0834898136764,1.0800966554165008
RWA-fed(KEN+TZA+UGA),2007,3,govt_consumption,2010,chronos_scarcity,13.0834898136764,1.183753409257454
RWA-fed(KEN+TZA+UGA),2007,3,govt_consumption,2010,gnn_scarcity,13.0834898136764,1.1782632685989913
RWA-fed(KEN+TZA+UGA),2007,5,govt_consumption,2012,persistence,12.9526437680734,1.2109427010194995
RWA-fed(KEN+TZA+UGA),2007,5,govt_consumption,2012,arima,12.9526437680734,1.0370354238275503
RWA-fed(KEN+TZA+UGA),2007,5,govt_consumption,2012,chronos,12.9526437680734,1.8665574948800412
RWA-fed(KEN+TZA+UGA),2007,5,govt_consumption,2012,xgb_blind,12.9526437680734,3.1286417086111697
RWA-fed(KEN+TZA+UGA),2007,5,govt_consumption,2012,xgb_lag,12.9526437680734,1.0370354238275503
RWA-fed(KEN+TZA+UGA),2007,5,govt_consumption,2012,xgb_typed,12.9526437680734,1.0370354238275503
RWA-fed(KEN+TZA+UGA),2007,5,govt_consumption,2012,lgbm_blind,12.9526437680734,1.4709708805988502
RWA-fed(KEN+TZA+UGA),2007,5,govt_consumption,2012,lgbm_lag,12.9526437680734,1.0370354238275503
RWA-fed(KEN+TZA+UGA),2007,5,govt_consumption,2012,lgbm_typed,12.9526437680734,1.0370354238275503
RWA-fed(KEN+TZA+UGA),2007,5,govt_consumption,2012,tft,12.9526437680734,3.2975259859549197
RWA-fed(KEN+TZA+UGA),2007,5,govt_consumption,2012,tgcn,12.9526437680734,
RWA-fed(KEN+TZA+UGA),2007,5,govt_consumption,2012,persistence_scarcity,12.9526437680734,1.2109427010194995
RWA-fed(KEN+TZA+UGA),2007,5,govt_consumption,2012,chronos_scarcity,12.9526437680734,1.8665574948800412
RWA-fed(KEN+TZA+UGA),2007,5,govt_consumption,2012,gnn_scarcity,12.9526437680734,1.6822792131888065
RWA-fed(KEN+TZA+UGA),2008,1,gdp_growth,2009,persistence,6.24825750620508,4.912989818527219
RWA-fed(KEN+TZA+UGA),2008,1,gdp_growth,2009,arima,6.24825750620508,3.1938608059344027
RWA-fed(KEN+TZA+UGA),2008,1,gdp_growth,2009,chronos,6.24825750620508,2.6739341136679666
RWA-fed(KEN+TZA+UGA),2008,1,gdp_growth,2009,xgb_blind,6.24825750620508,1.8794697407021506
RWA-fed(KEN+TZA+UGA),2008,1,gdp_growth,2009,xgb_lag,6.24825750620508,3.1938608059344027
RWA-fed(KEN+TZA+UGA),2008,1,gdp_growth,2009,xgb_typed,6.24825750620508,3.1938608059344027
RWA-fed(KEN+TZA+UGA),2008,1,gdp_growth,2009,lgbm_blind,6.24825750620508,0.8522142850492775
RWA-fed(KEN+TZA+UGA),2008,1,gdp_growth,2009,lgbm_lag,6.24825750620508,3.1938608059344027
RWA-fed(KEN+TZA+UGA),2008,1,gdp_growth,2009,lgbm_typed,6.24825750620508,3.1938608059344027
RWA-fed(KEN+TZA+UGA),2008,1,gdp_growth,2009,tft,6.24825750620508,4.790883195088865
RWA-fed(KEN+TZA+UGA),2008,1,gdp_growth,2009,tgcn,6.24825750620508,
RWA-fed(KEN+TZA+UGA),2008,1,gdp_growth,2009,persistence_scarcity,6.24825750620508,4.912989818527219
RWA-fed(KEN+TZA+UGA),2008,1,gdp_growth,2009,chronos_scarcity,6.24825750620508,2.6739341136679666
RWA-fed(KEN+TZA+UGA),2008,1,gdp_growth,2009,gnn_scarcity,6.24825750620508,2.375718939615725
RWA-fed(KEN+TZA+UGA),2008,3,gdp_growth,2011,persistence,7.95838869847094,3.202858626261359
RWA-fed(KEN+TZA+UGA),2008,3,gdp_growth,2011,arima,7.95838869847094,1.9132340857573658
RWA-fed(KEN+TZA+UGA),2008,3,gdp_growth,2011,chronos,7.95838869847094,0.15269719325269282
RWA-fed(KEN+TZA+UGA),2008,3,gdp_growth,2011,xgb_blind,7.95838869847094,0.26117478572095454
RWA-fed(KEN+TZA+UGA),2008,3,gdp_growth,2011,xgb_lag,7.95838869847094,1.9132340857573658
RWA-fed(KEN+TZA+UGA),2008,3,gdp_growth,2011,xgb_typed,7.95838869847094,1.9132340857573658
RWA-fed(KEN+TZA+UGA),2008,3,gdp_growth,2011,lgbm_blind,7.95838869847094,2.097736654055466
RWA-fed(KEN+TZA+UGA),2008,3,gdp_growth,2011,lgbm_lag,7.95838869847094,1.9132340857573658
RWA-fed(KEN+TZA+UGA),2008,3,gdp_growth,2011,lgbm_typed,7.95838869847094,1.9132340857573658
RWA-fed(KEN+TZA+UGA),2008,3,gdp_growth,2011,tft,7.95838869847094,3.085148441421638
RWA-fed(KEN+TZA+UGA),2008,3,gdp_growth,2011,tgcn,7.95838869847094,
RWA-fed(KEN+TZA+UGA),2008,3,gdp_growth,2011,persistence_scarcity,7.95838869847094,3.202858626261359
RWA-fed(KEN+TZA+UGA),2008,3,gdp_growth,2011,chronos_scarcity,7.95838869847094,0.15269719325269282
RWA-fed(KEN+TZA+UGA),2008,3,gdp_growth,2011,gnn_scarcity,7.95838869847094,1.439732921493401
RWA-fed(KEN+TZA+UGA),2008,5,gdp_growth,2013,persistence,4.71984856978263,6.441398754949669
RWA-fed(KEN+TZA+UGA),2008,5,gdp_growth,2013,arima,4.71984856978263,5.253760083252723
RWA-fed(KEN+TZA+UGA),2008,5,gdp_growth,2013,chronos,4.71984856978263,3.6046848927417843
RWA-fed(KEN+TZA+UGA),2008,5,gdp_growth,2013,xgb_blind,4.71984856978263,5.458649698344812
RWA-fed(KEN+TZA+UGA),2008,5,gdp_growth,2013,xgb_lag,4.71984856978263,5.253760083252723
RWA-fed(KEN+TZA+UGA),2008,5,gdp_growth,2013,xgb_typed,4.71984856978263,5.253760083252723
RWA-fed(KEN+TZA+UGA),2008,5,gdp_growth,2013,lgbm_blind,4.71984856978263,6.1463793465261825
RWA-fed(KEN+TZA+UGA),2008,5,gdp_growth,2013,lgbm_lag,4.71984856978263,5.253760083252723
RWA-fed(KEN+TZA+UGA),2008,5,gdp_growth,2013,lgbm_typed,4.71984856978263,5.253760083252723
RWA-fed(KEN+TZA+UGA),2008,5,gdp_growth,2013,tft,4.71984856978263,6.32321840867196
RWA-fed(KEN+TZA+UGA),2008,5,gdp_growth,2013,tgcn,4.71984856978263,
RWA-fed(KEN+TZA+UGA),2008,5,gdp_growth,2013,persistence_scarcity,4.71984856978263,6.441398754949669
RWA-fed(KEN+TZA+UGA),2008,5,gdp_growth,2013,chronos_scarcity,4.71984856978263,3.6046848927417843
RWA-fed(KEN+TZA+UGA),2008,5,gdp_growth,2013,gnn_scarcity,4.71984856978263,2.7617617283741085
RWA-fed(KEN+TZA+UGA),2008,1,inflation_cpi,2009,persistence,12.9443978401712,2.4938160307542994
RWA-fed(KEN+TZA+UGA),2008,1,inflation_cpi,2009,arima,12.9443978401712,1.1614103326733343
RWA-fed(KEN+TZA+UGA),2008,1,inflation_cpi,2009,chronos,12.9443978401712,0.7876547905496185
RWA-fed(KEN+TZA+UGA),2008,1,inflation_cpi,2009,xgb_blind,12.9443978401712,1.5091075035623138
RWA-fed(KEN+TZA+UGA),2008,1,inflation_cpi,2009,xgb_lag,12.9443978401712,1.1614103326733343
RWA-fed(KEN+TZA+UGA),2008,1,inflation_cpi,2009,xgb_typed,12.9443978401712,1.1614103326733343
RWA-fed(KEN+TZA+UGA),2008,1,inflation_cpi,2009,lgbm_blind,12.9443978401712,4.008680774042151
RWA-fed(KEN+TZA+UGA),2008,1,inflation_cpi,2009,lgbm_lag,12.9443978401712,1.1614103326733343
RWA-fed(KEN+TZA+UGA),2008,1,inflation_cpi,2009,lgbm_typed,12.9443978401712,1.1614103326733343
RWA-fed(KEN+TZA+UGA),2008,1,inflation_cpi,2009,tft,12.9443978401712,3.1295928093484466
RWA-fed(KEN+TZA+UGA),2008,1,inflation_cpi,2009,tgcn,12.9443978401712,
RWA-fed(KEN+TZA+UGA),2008,1,inflation_cpi,2009,persistence_scarcity,12.9443978401712,2.4938160307542994
RWA-fed(KEN+TZA+UGA),2008,1,inflation_cpi,2009,chronos_scarcity,12.9443978401712,0.7876547905496185
RWA-fed(KEN+TZA+UGA),2008,1,inflation_cpi,2009,gnn_scarcity,12.9443978401712,4.618530187278134
RWA-fed(KEN+TZA+UGA),2008,3,inflation_cpi,2011,persistence,3.0801706924026,12.3580431785229
RWA-fed(KEN+TZA+UGA),2008,3,inflation_cpi,2011,arima,3.0801706924026,9.596091330847585
RWA-fed(KEN+TZA+UGA),2008,3,inflation_cpi,2011,chronos,3.0801706924026,9.437012611430408
RWA-fed(KEN+TZA+UGA),2008,3,inflation_cpi,2011,xgb_blind,3.0801706924026,0.3156396732742799
RWA-fed(KEN+TZA+UGA),2008,3,inflation_cpi,2011,xgb_lag,3.0801706924026,9.596091330847585
RWA-fed(KEN+TZA+UGA),2008,3,inflation_cpi,2011,xgb_typed,3.0801706924026,9.596091330847585
RWA-fed(KEN+TZA+UGA),2008,3,inflation_cpi,2011,lgbm_blind,3.0801706924026,5.147662474315883
RWA-fed(KEN+TZA+UGA),2008,3,inflation_cpi,2011,lgbm_lag,3.0801706924026,9.596091330847585
RWA-fed(KEN+TZA+UGA),2008,3,inflation_cpi,2011,lgbm_typed,3.0801706924026,9.596091330847585
RWA-fed(KEN+TZA+UGA),2008,3,inflation_cpi,2011,tft,3.0801706924026,6.735356269877673
RWA-fed(KEN+TZA+UGA),2008,3,inflation_cpi,2011,tgcn,3.0801706924026,
RWA-fed(KEN+TZA+UGA),2008,3,inflation_cpi,2011,persistence_scarcity,3.0801706924026,12.3580431785229
RWA-fed(KEN+TZA+UGA),2008,3,inflation_cpi,2011,chronos_scarcity,3.0801706924026,9.437012611430408
RWA-fed(KEN+TZA+UGA),2008,3,inflation_cpi,2011,gnn_scarcity,3.0801706924026,6.1010579452927125
RWA-fed(KEN+TZA+UGA),2008,5,inflation_cpi,2013,persistence,5.92426867984854,9.51394519107696
RWA-fed(KEN+TZA+UGA),2008,5,inflation_cpi,2013,arima,5.92426867984854,7.0472786792138
RWA-fed(KEN+TZA+UGA),2008,5,inflation_cpi,2013,chronos,5.92426867984854,6.265239758261812
RWA-fed(KEN+TZA+UGA),2008,5,inflation_cpi,2013,xgb_blind,5.92426867984854,0.6180181930152298
RWA-fed(KEN+TZA+UGA),2008,5,inflation_cpi,2013,xgb_lag,5.92426867984854,7.0472786792138
RWA-fed(KEN+TZA+UGA),2008,5,inflation_cpi,2013,xgb_typed,5.92426867984854,7.0472786792138
RWA-fed(KEN+TZA+UGA),2008,5,inflation_cpi,2013,lgbm_blind,5.92426867984854,1.7140564834477514
RWA-fed(KEN+TZA+UGA),2008,5,inflation_cpi,2013,lgbm_lag,5.92426867984854,7.0472786792138
RWA-fed(KEN+TZA+UGA),2008,5,inflation_cpi,2013,lgbm_typed,5.92426867984854,7.0472786792138
RWA-fed(KEN+TZA+UGA),2008,5,inflation_cpi,2013,tft,5.92426867984854,3.8909264037696243
RWA-fed(KEN+TZA+UGA),2008,5,inflation_cpi,2013,tgcn,5.92426867984854,
RWA-fed(KEN+TZA+UGA),2008,5,inflation_cpi,2013,persistence_scarcity,5.92426867984854,9.51394519107696
RWA-fed(KEN+TZA+UGA),2008,5,inflation_cpi,2013,chronos_scarcity,5.92426867984854,6.265239758261812
RWA-fed(KEN+TZA+UGA),2008,5,inflation_cpi,2013,gnn_scarcity,5.92426867984854,3.5682363936988235
RWA-fed(KEN+TZA+UGA),2008,1,unemployment,2009,persistence,11.625,0.10800000000000054
RWA-fed(KEN+TZA+UGA),2008,1,unemployment,2009,arima,11.625,0.12219132077174244
RWA-fed(KEN+TZA+UGA),2008,1,unemployment,2009,chronos,11.625,0.16655826568603516
RWA-fed(KEN+TZA+UGA),2008,1,unemployment,2009,xgb_blind,11.625,0.03833198547363281
RWA-fed(KEN+TZA+UGA),2008,1,unemployment,2009,xgb_lag,11.625,0.12219132077174244
RWA-fed(KEN+TZA+UGA),2008,1,unemployment,2009,xgb_typed,11.625,0.12219132077174244
RWA-fed(KEN+TZA+UGA),2008,1,unemployment,2009,lgbm_blind,11.625,0.09394454956054688
RWA-fed(KEN+TZA+UGA),2008,1,unemployment,2009,lgbm_lag,11.625,0.12219132077174244
RWA-fed(KEN+TZA+UGA),2008,1,unemployment,2009,lgbm_typed,11.625,0.12219132077174244
RWA-fed(KEN+TZA+UGA),2008,1,unemployment,2009,tft,11.625,0.06295013427734375
RWA-fed(KEN+TZA+UGA),2008,1,unemployment,2009,tgcn,11.625,
RWA-fed(KEN+TZA+UGA),2008,1,unemployment,2009,persistence_scarcity,11.625,0.10800000000000054
RWA-fed(KEN+TZA+UGA),2008,1,unemployment,2009,chronos_scarcity,11.625,0.16655826568603516
RWA-fed(KEN+TZA+UGA),2008,1,unemployment,2009,gnn_scarcity,11.625,0.10165214538574219
RWA-fed(KEN+TZA+UGA),2008,3,unemployment,2011,persistence,11.756,0.23900000000000077
RWA-fed(KEN+TZA+UGA),2008,3,unemployment,2011,arima,11.756,0.25710813529432563
RWA-fed(KEN+TZA+UGA),2008,3,unemployment,2011,chronos,11.756,0.1683191833496096
RWA-fed(KEN+TZA+UGA),2008,3,unemployment,2011,xgb_blind,11.756,0.32604165649414085
RWA-fed(KEN+TZA+UGA),2008,3,unemployment,2011,xgb_lag,11.756,0.25710813529432563
RWA-fed(KEN+TZA+UGA),2008,3,unemployment,2011,xgb_typed,11.756,0.25710813529432563
RWA-fed(KEN+TZA+UGA),2008,3,unemployment,2011,lgbm_blind,11.756,0.10024990415573143
RWA-fed(KEN+TZA+UGA),2008,3,unemployment,2011,lgbm_lag,11.756,0.25710813529432563
RWA-fed(KEN+TZA+UGA),2008,3,unemployment,2011,lgbm_typed,11.756,0.25710813529432563
RWA-fed(KEN+TZA+UGA),2008,3,unemployment,2011,tft,11.756,0.18395181274414085
RWA-fed(KEN+TZA+UGA),2008,3,unemployment,2011,tgcn,11.756,
RWA-fed(KEN+TZA+UGA),2008,3,unemployment,2011,persistence_scarcity,11.756,0.23900000000000077
RWA-fed(KEN+TZA+UGA),2008,3,unemployment,2011,chronos_scarcity,11.756,0.1683191833496096
RWA-fed(KEN+TZA+UGA),2008,3,unemployment,2011,gnn_scarcity,11.756,0.02940325164794899
RWA-fed(KEN+TZA+UGA),2008,5,unemployment,2013,persistence,11.768,0.2510000000000012
RWA-fed(KEN+TZA+UGA),2008,5,unemployment,2013,arima,11.768,0.2693068809026524
RWA-fed(KEN+TZA+UGA),2008,5,unemployment,2013,chronos,11.768,0.09416615295410224
RWA-fed(KEN+TZA+UGA),2008,5,unemployment,2013,xgb_blind,11.768,0.543163650512696
RWA-fed(KEN+TZA+UGA),2008,5,unemployment,2013,xgb_lag,11.768,0.2693068809026524
RWA-fed(KEN+TZA+UGA),2008,5,unemployment,2013,xgb_typed,11.768,0.2693068809026524
RWA-fed(KEN+TZA+UGA),2008,5,unemployment,2013,lgbm_blind,11.768,0.18935701860700327
RWA-fed(KEN+TZA+UGA),2008,5,unemployment,2013,lgbm_lag,11.768,0.2693068809026524
RWA-fed(KEN+TZA+UGA),2008,5,unemployment,2013,lgbm_typed,11.768,0.2693068809026524
RWA-fed(KEN+TZA+UGA),2008,5,unemployment,2013,tft,11.768,0.18682038116455146
RWA-fed(KEN+TZA+UGA),2008,5,unemployment,2013,tgcn,11.768,
RWA-fed(KEN+TZA+UGA),2008,5,unemployment,2013,persistence_scarcity,11.768,0.2510000000000012
RWA-fed(KEN+TZA+UGA),2008,5,unemployment,2013,chronos_scarcity,11.768,0.09416615295410224
RWA-fed(KEN+TZA+UGA),2008,5,unemployment,2013,gnn_scarcity,11.768,0.038783676147460255
RWA-fed(KEN+TZA+UGA),2008,1,exports_gdp,2009,persistence,10.367482812293,0.9052720947784003
RWA-fed(KEN+TZA+UGA),2008,1,exports_gdp,2009,arima,10.367482812293,1.637923917146031
RWA-fed(KEN+TZA+UGA),2008,1,exports_gdp,2009,chronos,10.367482812293,0.45485910665231266
RWA-fed(KEN+TZA+UGA),2008,1,exports_gdp,2009,xgb_blind,10.367482812293,0.9754365373774103
RWA-fed(KEN+TZA+UGA),2008,1,exports_gdp,2009,xgb_lag,10.367482812293,1.637923917146031
RWA-fed(KEN+TZA+UGA),2008,1,exports_gdp,2009,xgb_typed,10.367482812293,1.637923917146031
RWA-fed(KEN+TZA+UGA),2008,1,exports_gdp,2009,lgbm_blind,10.367482812293,2.7091904392715564
RWA-fed(KEN+TZA+UGA),2008,1,exports_gdp,2009,lgbm_lag,10.367482812293,1.637923917146031
RWA-fed(KEN+TZA+UGA),2008,1,exports_gdp,2009,lgbm_typed,10.367482812293,1.637923917146031
RWA-fed(KEN+TZA+UGA),2008,1,exports_gdp,2009,tft,10.367482812293,0.9887040544672541
RWA-fed(KEN+TZA+UGA),2008,1,exports_gdp,2009,tgcn,10.367482812293,
RWA-fed(KEN+TZA+UGA),2008,1,exports_gdp,2009,persistence_scarcity,10.367482812293,0.9052720947784003
RWA-fed(KEN+TZA+UGA),2008,1,exports_gdp,2009,chronos_scarcity,10.367482812293,0.45485910665231266
RWA-fed(KEN+TZA+UGA),2008,1,exports_gdp,2009,gnn_scarcity,10.367482812293,2.9956533025578924
RWA-fed(KEN+TZA+UGA),2008,3,exports_gdp,2011,persistence,12.6588705752209,1.3861156681495004
RWA-fed(KEN+TZA+UGA),2008,3,exports_gdp,2011,arima,12.6588705752209,0.8090243096157597
RWA-fed(KEN+TZA+UGA),2008,3,exports_gdp,2011,chronos,12.6588705752209,2.3070620272472677
RWA-fed(KEN+TZA+UGA),2008,3,exports_gdp,2011,xgb_blind,12.6588705752209,4.266724464686233
RWA-fed(KEN+TZA+UGA),2008,3,exports_gdp,2011,xgb_lag,12.6588705752209,0.8090243096157597
RWA-fed(KEN+TZA+UGA),2008,3,exports_gdp,2011,xgb_typed,12.6588705752209,0.8090243096157597
RWA-fed(KEN+TZA+UGA),2008,3,exports_gdp,2011,lgbm_blind,12.6588705752209,4.848604944737273
RWA-fed(KEN+TZA+UGA),2008,3,exports_gdp,2011,lgbm_lag,12.6588705752209,0.8090243096157597
RWA-fed(KEN+TZA+UGA),2008,3,exports_gdp,2011,lgbm_typed,12.6588705752209,0.8090243096157597
RWA-fed(KEN+TZA+UGA),2008,3,exports_gdp,2011,tft,12.6588705752209,1.1881798479870138
RWA-fed(KEN+TZA+UGA),2008,3,exports_gdp,2011,tgcn,12.6588705752209,
RWA-fed(KEN+TZA+UGA),2008,3,exports_gdp,2011,persistence_scarcity,12.6588705752209,1.3861156681495004
RWA-fed(KEN+TZA+UGA),2008,3,exports_gdp,2011,chronos_scarcity,12.6588705752209,2.3070620272472677
RWA-fed(KEN+TZA+UGA),2008,3,exports_gdp,2011,gnn_scarcity,12.6588705752209,4.861798164637404
RWA-fed(KEN+TZA+UGA),2008,5,exports_gdp,2013,persistence,13.4925358045666,2.2197808974952
RWA-fed(KEN+TZA+UGA),2008,5,exports_gdp,2013,arima,13.4925358045666,1.65724608865761
RWA-fed(KEN+TZA+UGA),2008,5,exports_gdp,2013,chronos,13.4925358045666,4.829123710450389
RWA-fed(KEN+TZA+UGA),2008,5,exports_gdp,2013,xgb_blind,13.4925358045666,5.68028519040034
RWA-fed(KEN+TZA+UGA),2008,5,exports_gdp,2013,xgb_lag,13.4925358045666,1.65724608865761
RWA-fed(KEN+TZA+UGA),2008,5,exports_gdp,2013,xgb_typed,13.4925358045666,1.65724608865761
RWA-fed(KEN+TZA+UGA),2008,5,exports_gdp,2013,lgbm_blind,13.4925358045666,5.386363072622107
RWA-fed(KEN+TZA+UGA),2008,5,exports_gdp,2013,lgbm_lag,13.4925358045666,1.65724608865761
RWA-fed(KEN+TZA+UGA),2008,5,exports_gdp,2013,lgbm_typed,13.4925358045666,1.65724608865761
RWA-fed(KEN+TZA+UGA),2008,5,exports_gdp,2013,tft,13.4925358045666,2.0035822141735338
RWA-fed(KEN+TZA+UGA),2008,5,exports_gdp,2013,tgcn,13.4925358045666,
RWA-fed(KEN+TZA+UGA),2008,5,exports_gdp,2013,persistence_scarcity,13.4925358045666,2.2197808974952
RWA-fed(KEN+TZA+UGA),2008,5,exports_gdp,2013,chronos_scarcity,13.4925358045666,4.829123710450389
RWA-fed(KEN+TZA+UGA),2008,5,exports_gdp,2013,gnn_scarcity,13.4925358045666,5.5407120931713365
RWA-fed(KEN+TZA+UGA),2008,1,imports_gdp,2009,persistence,26.4381451961885,0.10638924845440201
RWA-fed(KEN+TZA+UGA),2008,1,imports_gdp,2009,arima,26.4381451961885,1.8928374642237848
RWA-fed(KEN+TZA+UGA),2008,1,imports_gdp,2009,chronos,26.4381451961885,0.6184392330537349
RWA-fed(KEN+TZA+UGA),2008,1,imports_gdp,2009,xgb_blind,26.4381451961885,0.5718073489775151
RWA-fed(KEN+TZA+UGA),2008,1,imports_gdp,2009,xgb_lag,26.4381451961885,1.8928374642237848
RWA-fed(KEN+TZA+UGA),2008,1,imports_gdp,2009,xgb_typed,26.4381451961885,1.8928374642237848
RWA-fed(KEN+TZA+UGA),2008,1,imports_gdp,2009,lgbm_blind,26.4381451961885,1.493397271383813
RWA-fed(KEN+TZA+UGA),2008,1,imports_gdp,2009,lgbm_lag,26.4381451961885,1.8928374642237848
RWA-fed(KEN+TZA+UGA),2008,1,imports_gdp,2009,lgbm_typed,26.4381451961885,1.8928374642237848
RWA-fed(KEN+TZA+UGA),2008,1,imports_gdp,2009,tft,26.4381451961885,3.6806283352265865
RWA-fed(KEN+TZA+UGA),2008,1,imports_gdp,2009,tgcn,26.4381451961885,
RWA-fed(KEN+TZA+UGA),2008,1,imports_gdp,2009,persistence_scarcity,26.4381451961885,0.10638924845440201
RWA-fed(KEN+TZA+UGA),2008,1,imports_gdp,2009,chronos_scarcity,26.4381451961885,0.6184392330537349
RWA-fed(KEN+TZA+UGA),2008,1,imports_gdp,2009,gnn_scarcity,26.4381451961885,2.7799859402070553
RWA-fed(KEN+TZA+UGA),2008,3,imports_gdp,2011,persistence,27.0572319022891,0.7254759545550016
RWA-fed(KEN+TZA+UGA),2008,3,imports_gdp,2011,arima,27.0572319022891,2.071026879266153
RWA-fed(KEN+TZA+UGA),2008,3,imports_gdp,2011,chronos,27.0572319022891,3.113700865912147
RWA-fed(KEN+TZA+UGA),2008,3,imports_gdp,2011,xgb_blind,27.0572319022891,0.9912281028506236
RWA-fed(KEN+TZA+UGA),2008,3,imports_gdp,2011,xgb_lag,27.0572319022891,2.071026879266153
RWA-fed(KEN+TZA+UGA),2008,3,imports_gdp,2011,xgb_typed,27.0572319022891,2.071026879266153
RWA-fed(KEN+TZA+UGA),2008,3,imports_gdp,2011,lgbm_blind,27.0572319022891,1.2642909280535655
RWA-fed(KEN+TZA+UGA),2008,3,imports_gdp,2011,lgbm_lag,27.0572319022891,2.071026879266153
RWA-fed(KEN+TZA+UGA),2008,3,imports_gdp,2011,lgbm_typed,27.0572319022891,2.071026879266153
RWA-fed(KEN+TZA+UGA),2008,3,imports_gdp,2011,tft,27.0572319022891,4.2998428336855845
RWA-fed(KEN+TZA+UGA),2008,3,imports_gdp,2011,tgcn,27.0572319022891,
RWA-fed(KEN+TZA+UGA),2008,3,imports_gdp,2011,persistence_scarcity,27.0572319022891,0.7254759545550016
RWA-fed(KEN+TZA+UGA),2008,3,imports_gdp,2011,chronos_scarcity,27.0572319022891,3.113700865912147
RWA-fed(KEN+TZA+UGA),2008,3,imports_gdp,2011,gnn_scarcity,27.0572319022891,1.7014064780947642
RWA-fed(KEN+TZA+UGA),2008,5,imports_gdp,2013,persistence,29.2009566249696,2.8692006772355008
RWA-fed(KEN+TZA+UGA),2008,5,imports_gdp,2013,arima,29.2009566249696,4.128053704177891
RWA-fed(KEN+TZA+UGA),2008,5,imports_gdp,2013,chronos,29.2009566249696,6.865583700164912
RWA-fed(KEN+TZA+UGA),2008,5,imports_gdp,2013,xgb_blind,29.2009566249696,6.047546667083857
RWA-fed(KEN+TZA+UGA),2008,5,imports_gdp,2013,xgb_lag,29.2009566249696,4.128053704177891
RWA-fed(KEN+TZA+UGA),2008,5,imports_gdp,2013,xgb_typed,29.2009566249696,4.128053704177891
RWA-fed(KEN+TZA+UGA),2008,5,imports_gdp,2013,lgbm_blind,29.2009566249696,5.815938821232503
RWA-fed(KEN+TZA+UGA),2008,5,imports_gdp,2013,lgbm_lag,29.2009566249696,4.128053704177891
RWA-fed(KEN+TZA+UGA),2008,5,imports_gdp,2013,lgbm_typed,29.2009566249696,4.128053704177891
RWA-fed(KEN+TZA+UGA),2008,5,imports_gdp,2013,tft,29.2009566249696,6.443702978119013
RWA-fed(KEN+TZA+UGA),2008,5,imports_gdp,2013,tgcn,29.2009566249696,
RWA-fed(KEN+TZA+UGA),2008,5,imports_gdp,2013,persistence_scarcity,29.2009566249696,2.8692006772355008
RWA-fed(KEN+TZA+UGA),2008,5,imports_gdp,2013,chronos_scarcity,29.2009566249696,6.865583700164912
RWA-fed(KEN+TZA+UGA),2008,5,imports_gdp,2013,gnn_scarcity,29.2009566249696,3.2273295345154978
RWA-fed(KEN+TZA+UGA),2008,1,current_account,2009,persistence,-6.51687014325837,0.0
RWA-fed(KEN+TZA+UGA),2008,1,current_account,2009,arima,-6.51687014325837,0.0
RWA-fed(KEN+TZA+UGA),2008,1,current_account,2009,chronos,-6.51687014325837,0.01911175473908333
RWA-fed(KEN+TZA+UGA),2008,1,current_account,2009,xgb_blind,-6.51687014325837,1.2143830208088957e-07
RWA-fed(KEN+TZA+UGA),2008,1,current_account,2009,xgb_lag,-6.51687014325837,0.0
RWA-fed(KEN+TZA+UGA),2008,1,current_account,2009,xgb_typed,-6.51687014325837,0.0
RWA-fed(KEN+TZA+UGA),2008,1,current_account,2009,lgbm_blind,-6.51687014325837,1.2143830208088957e-07
RWA-fed(KEN+TZA+UGA),2008,1,current_account,2009,lgbm_lag,-6.51687014325837,0.0
RWA-fed(KEN+TZA+UGA),2008,1,current_account,2009,lgbm_typed,-6.51687014325837,0.0
RWA-fed(KEN+TZA+UGA),2008,1,current_account,2009,tft,-6.51687014325837,0.1476928017971888
RWA-fed(KEN+TZA+UGA),2008,1,current_account,2009,tgcn,-6.51687014325837,
RWA-fed(KEN+TZA+UGA),2008,1,current_account,2009,persistence_scarcity,-6.51687014325837,0.0
RWA-fed(KEN+TZA+UGA),2008,1,current_account,2009,chronos_scarcity,-6.51687014325837,0.01911175473908333
RWA-fed(KEN+TZA+UGA),2008,1,current_account,2009,gnn_scarcity,-6.51687014325837,1.0751126184871396e-06
RWA-fed(KEN+TZA+UGA),2008,3,current_account,2011,persistence,-6.92834416704242,0.4114740237840495
RWA-fed(KEN+TZA+UGA),2008,3,current_account,2011,arima,-6.92834416704242,0.4114740237840495
RWA-fed(KEN+TZA+UGA),2008,3,current_account,2011,chronos,-6.92834416704242,0.43058577852313284
RWA-fed(KEN+TZA+UGA),2008,3,current_account,2011,xgb_blind,-6.92834416704242,0.4114741452223516
RWA-fed(KEN+TZA+UGA),2008,3,current_account,2011,xgb_lag,-6.92834416704242,0.4114740237840495
RWA-fed(KEN+TZA+UGA),2008,3,current_account,2011,xgb_typed,-6.92834416704242,0.4114740237840495
RWA-fed(KEN+TZA+UGA),2008,3,current_account,2011,lgbm_blind,-6.92834416704242,0.4114741452223516
RWA-fed(KEN+TZA+UGA),2008,3,current_account,2011,lgbm_lag,-6.92834416704242,0.4114740237840495
RWA-fed(KEN+TZA+UGA),2008,3,current_account,2011,lgbm_typed,-6.92834416704242,0.4114740237840495
RWA-fed(KEN+TZA+UGA),2008,3,current_account,2011,tft,-6.92834416704242,0.5347727902418828
RWA-fed(KEN+TZA+UGA),2008,3,current_account,2011,tgcn,-6.92834416704242,
RWA-fed(KEN+TZA+UGA),2008,3,current_account,2011,persistence_scarcity,-6.92834416704242,0.4114740237840495
RWA-fed(KEN+TZA+UGA),2008,3,current_account,2011,chronos_scarcity,-6.92834416704242,0.43058577852313284
RWA-fed(KEN+TZA+UGA),2008,3,current_account,2011,gnn_scarcity,-6.92834416704242,0.411475098896668
RWA-fed(KEN+TZA+UGA),2008,5,current_account,2013,persistence,-7.48220331305966,0.9653331698012897
RWA-fed(KEN+TZA+UGA),2008,5,current_account,2013,arima,-7.48220331305966,0.9653331698012897
RWA-fed(KEN+TZA+UGA),2008,5,current_account,2013,chronos,-7.48220331305966,0.984444924540373
RWA-fed(KEN+TZA+UGA),2008,5,current_account,2013,xgb_blind,-7.48220331305966,0.9653332912395918
RWA-fed(KEN+TZA+UGA),2008,5,current_account,2013,xgb_lag,-7.48220331305966,0.9653331698012897
RWA-fed(KEN+TZA+UGA),2008,5,current_account,2013,xgb_typed,-7.48220331305966,0.9653331698012897
RWA-fed(KEN+TZA+UGA),2008,5,current_account,2013,lgbm_blind,-7.48220331305966,0.9653332912395918
RWA-fed(KEN+TZA+UGA),2008,5,current_account,2013,lgbm_lag,-7.48220331305966,0.9653331698012897
RWA-fed(KEN+TZA+UGA),2008,5,current_account,2013,lgbm_typed,-7.48220331305966,0.9653331698012897
RWA-fed(KEN+TZA+UGA),2008,5,current_account,2013,tft,-7.48220331305966,1.1151321613262617
RWA-fed(KEN+TZA+UGA),2008,5,current_account,2013,tgcn,-7.48220331305966,
RWA-fed(KEN+TZA+UGA),2008,5,current_account,2013,persistence_scarcity,-7.48220331305966,0.9653331698012897
RWA-fed(KEN+TZA+UGA),2008,5,current_account,2013,chronos_scarcity,-7.48220331305966,0.984444924540373
RWA-fed(KEN+TZA+UGA),2008,5,current_account,2013,gnn_scarcity,-7.48220331305966,0.9653342449139082
RWA-fed(KEN+TZA+UGA),2008,1,real_interest_rate,2009,persistence,8.93689763112299,7.366280974485361
RWA-fed(KEN+TZA+UGA),2008,1,real_interest_rate,2009,arima,8.93689763112299,6.873904944301094
RWA-fed(KEN+TZA+UGA),2008,1,real_interest_rate,2009,chronos,8.93689763112299,7.385239954426213
RWA-fed(KEN+TZA+UGA),2008,1,real_interest_rate,2009,xgb_blind,8.93689763112299,6.663930769398137
RWA-fed(KEN+TZA+UGA),2008,1,real_interest_rate,2009,xgb_lag,8.93689763112299,6.873904944301094
RWA-fed(KEN+TZA+UGA),2008,1,real_interest_rate,2009,xgb_typed,8.93689763112299,6.873904944301094
RWA-fed(KEN+TZA+UGA),2008,1,real_interest_rate,2009,lgbm_blind,8.93689763112299,1.4333317964947794
RWA-fed(KEN+TZA+UGA),2008,1,real_interest_rate,2009,lgbm_lag,8.93689763112299,6.873904944301094
RWA-fed(KEN+TZA+UGA),2008,1,real_interest_rate,2009,lgbm_typed,8.93689763112299,6.873904944301094
RWA-fed(KEN+TZA+UGA),2008,1,real_interest_rate,2009,tft,8.93689763112299,5.380871887638493
RWA-fed(KEN+TZA+UGA),2008,1,real_interest_rate,2009,tgcn,8.93689763112299,
RWA-fed(KEN+TZA+UGA),2008,1,real_interest_rate,2009,persistence_scarcity,8.93689763112299,7.366280974485361
RWA-fed(KEN+TZA+UGA),2008,1,real_interest_rate,2009,chronos_scarcity,8.93689763112299,7.385239954426213
RWA-fed(KEN+TZA+UGA),2008,1,real_interest_rate,2009,gnn_scarcity,8.93689763112299,1.9013098434948166
RWA-fed(KEN+TZA+UGA),2008,3,real_interest_rate,2011,persistence,8.84027616090931,7.26965950427168
RWA-fed(KEN+TZA+UGA),2008,3,real_interest_rate,2011,arima,8.84027616090931,6.8980525984857515
RWA-fed(KEN+TZA+UGA),2008,3,real_interest_rate,2011,chronos,8.84027616090931,7.863308826161996
RWA-fed(KEN+TZA+UGA),2008,3,real_interest_rate,2011,xgb_blind,8.84027616090931,5.153539815618172
RWA-fed(KEN+TZA+UGA),2008,3,real_interest_rate,2011,xgb_lag,8.84027616090931,6.8980525984857515
RWA-fed(KEN+TZA+UGA),2008,3,real_interest_rate,2011,xgb_typed,8.84027616090931,6.8980525984857515
RWA-fed(KEN+TZA+UGA),2008,3,real_interest_rate,2011,lgbm_blind,8.84027616090931,1.2252976760999115
RWA-fed(KEN+TZA+UGA),2008,3,real_interest_rate,2011,lgbm_lag,8.84027616090931,6.8980525984857515
RWA-fed(KEN+TZA+UGA),2008,3,real_interest_rate,2011,lgbm_typed,8.84027616090931,6.8980525984857515
RWA-fed(KEN+TZA+UGA),2008,3,real_interest_rate,2011,tft,8.84027616090931,0.7729639203087242
RWA-fed(KEN+TZA+UGA),2008,3,real_interest_rate,2011,tgcn,8.84027616090931,
RWA-fed(KEN+TZA+UGA),2008,3,real_interest_rate,2011,persistence_scarcity,8.84027616090931,7.26965950427168
RWA-fed(KEN+TZA+UGA),2008,3,real_interest_rate,2011,chronos_scarcity,8.84027616090931,7.863308826161996
RWA-fed(KEN+TZA+UGA),2008,3,real_interest_rate,2011,gnn_scarcity,8.84027616090931,0.8038171917930992
RWA-fed(KEN+TZA+UGA),2008,5,real_interest_rate,2013,persistence,14.2462823994154,12.675665742777769
RWA-fed(KEN+TZA+UGA),2008,5,real_interest_rate,2013,arima,14.2462823994154,12.32652270019562
RWA-fed(KEN+TZA+UGA),2008,5,real_interest_rate,2013,chronos,14.2462823994154,13.32678377699795
RWA-fed(KEN+TZA+UGA),2008,5,real_interest_rate,2013,xgb_blind,14.2462823994154,10.304519475221063
RWA-fed(KEN+TZA+UGA),2008,5,real_interest_rate,2013,xgb_lag,14.2462823994154,12.32652270019562
RWA-fed(KEN+TZA+UGA),2008,5,real_interest_rate,2013,xgb_typed,14.2462823994154,12.32652270019562
RWA-fed(KEN+TZA+UGA),2008,5,real_interest_rate,2013,lgbm_blind,14.2462823994154,6.488059078658759
RWA-fed(KEN+TZA+UGA),2008,5,real_interest_rate,2013,lgbm_lag,14.2462823994154,12.32652270019562
RWA-fed(KEN+TZA+UGA),2008,5,real_interest_rate,2013,lgbm_typed,14.2462823994154,12.32652270019562
RWA-fed(KEN+TZA+UGA),2008,5,real_interest_rate,2013,tft,14.2462823994154,5.501436055421259
RWA-fed(KEN+TZA+UGA),2008,5,real_interest_rate,2013,tgcn,14.2462823994154,
RWA-fed(KEN+TZA+UGA),2008,5,real_interest_rate,2013,persistence_scarcity,14.2462823994154,12.675665742777769
RWA-fed(KEN+TZA+UGA),2008,5,real_interest_rate,2013,chronos_scarcity,14.2462823994154,13.32678377699795
RWA-fed(KEN+TZA+UGA),2008,5,real_interest_rate,2013,gnn_scarcity,14.2462823994154,5.845593274354364
RWA-fed(KEN+TZA+UGA),2008,1,broad_money,2009,persistence,14.3347317746841,1.364794569291
RWA-fed(KEN+TZA+UGA),2008,1,broad_money,2009,arima,14.3347317746841,1.6669186932369033
RWA-fed(KEN+TZA+UGA),2008,1,broad_money,2009,chronos,14.3347317746841,0.99566487753758
RWA-fed(KEN+TZA+UGA),2008,1,broad_money,2009,xgb_blind,14.3347317746841,1.8594916292465644
RWA-fed(KEN+TZA+UGA),2008,1,broad_money,2009,xgb_lag,14.3347317746841,1.783405584935041
RWA-fed(KEN+TZA+UGA),2008,1,broad_money,2009,xgb_typed,14.3347317746841,2.001932425145002
RWA-fed(KEN+TZA+UGA),2008,1,broad_money,2009,lgbm_blind,14.3347317746841,0.9503104052712761
RWA-fed(KEN+TZA+UGA),2008,1,broad_money,2009,lgbm_lag,14.3347317746841,0.9503104052712761
RWA-fed(KEN+TZA+UGA),2008,1,broad_money,2009,lgbm_typed,14.3347317746841,0.9503104052712761
RWA-fed(KEN+TZA+UGA),2008,1,broad_money,2009,tft,14.3347317746841,1.4404128023422675
RWA-fed(KEN+TZA+UGA),2008,1,broad_money,2009,tgcn,14.3347317746841,
RWA-fed(KEN+TZA+UGA),2008,1,broad_money,2009,persistence_scarcity,14.3347317746841,2.4501928856743636
RWA-fed(KEN+TZA+UGA),2008,1,broad_money,2009,chronos_scarcity,14.3347317746841,1.606429906961404
RWA-fed(KEN+TZA+UGA),2008,1,broad_money,2009,gnn_scarcity,14.3347317746841,1.8613303133285957
RWA-fed(KEN+TZA+UGA),2008,3,broad_money,2011,persistence,17.3342732712618,1.6347469272867006
RWA-fed(KEN+TZA+UGA),2008,3,broad_money,2011,arima,17.3342732712618,1.3850770687750877
RWA-fed(KEN+TZA+UGA),2008,3,broad_money,2011,chronos,17.3342732712618,2.059830598532308
RWA-fed(KEN+TZA+UGA),2008,3,broad_money,2011,xgb_blind,17.3342732712618,1.3309125229707846
RWA-fed(KEN+TZA+UGA),2008,3,broad_money,2011,xgb_lag,17.3342732712618,1.6117829605928549
RWA-fed(KEN+TZA+UGA),2008,3,broad_money,2011,xgb_typed,17.3342732712618,1.6616286560884603
RWA-fed(KEN+TZA+UGA),2008,3,broad_money,2011,lgbm_blind,17.3342732712618,1.8800946995607504
RWA-fed(KEN+TZA+UGA),2008,3,broad_money,2011,lgbm_lag,17.3342732712618,1.8800946995607504
RWA-fed(KEN+TZA+UGA),2008,3,broad_money,2011,lgbm_typed,17.3342732712618,1.8800946995607504
RWA-fed(KEN+TZA+UGA),2008,3,broad_money,2011,tft,17.3342732712618,1.53761857002889
RWA-fed(KEN+TZA+UGA),2008,3,broad_money,2011,tgcn,17.3342732712618,
RWA-fed(KEN+TZA+UGA),2008,3,broad_money,2011,persistence_scarcity,17.3342732712618,0.5273731765493608
RWA-fed(KEN+TZA+UGA),2008,3,broad_money,2011,chronos_scarcity,17.3342732712618,2.3445677753089047
RWA-fed(KEN+TZA+UGA),2008,3,broad_money,2011,gnn_scarcity,17.3342732712618,0.11865132301961268
RWA-fed(KEN+TZA+UGA),2008,5,broad_money,2013,persistence,17.9823176390729,2.2827912950978
RWA-fed(KEN+TZA+UGA),2008,5,broad_money,2013,arima,17.9823176390729,2.0357446364179026
RWA-fed(KEN+TZA+UGA),2008,5,broad_money,2013,chronos,17.9823176390729,2.931675625523095
RWA-fed(KEN+TZA+UGA),2008,5,broad_money,2013,xgb_blind,17.9823176390729,3.761631680210595
RWA-fed(KEN+TZA+UGA),2008,5,broad_money,2013,xgb_lag,17.9823176390729,3.876594258030419
RWA-fed(KEN+TZA+UGA),2008,5,broad_money,2013,xgb_typed,17.9823176390729,1.3929011351666496
RWA-fed(KEN+TZA+UGA),2008,5,broad_money,2013,lgbm_blind,17.9823176390729,2.892459992675718
RWA-fed(KEN+TZA+UGA),2008,5,broad_money,2013,lgbm_lag,17.9823176390729,2.892459992675718
RWA-fed(KEN+TZA+UGA),2008,5,broad_money,2013,lgbm_typed,17.9823176390729,2.892459992675718
RWA-fed(KEN+TZA+UGA),2008,5,broad_money,2013,tft,17.9823176390729,2.1832148558697746
RWA-fed(KEN+TZA+UGA),2008,5,broad_money,2013,tgcn,17.9823176390729,
RWA-fed(KEN+TZA+UGA),2008,5,broad_money,2013,persistence_scarcity,17.9823176390729,1.4873479390606583
RWA-fed(KEN+TZA+UGA),2008,5,broad_money,2013,chronos_scarcity,17.9823176390729,1.9778195890838823
RWA-fed(KEN+TZA+UGA),2008,5,broad_money,2013,gnn_scarcity,17.9823176390729,2.5127175324358895
RWA-fed(KEN+TZA+UGA),2008,1,private_credit,2009,persistence,11.1602839395087,2.2039994479985996
RWA-fed(KEN+TZA+UGA),2008,1,private_credit,2009,arima,11.1602839395087,2.1379100582280355
RWA-fed(KEN+TZA+UGA),2008,1,private_credit,2009,chronos,11.1602839395087,2.601478679509855
RWA-fed(KEN+TZA+UGA),2008,1,private_credit,2009,xgb_blind,11.1602839395087,0.4186326101739173
RWA-fed(KEN+TZA+UGA),2008,1,private_credit,2009,xgb_lag,11.1602839395087,0.5241249963324304
RWA-fed(KEN+TZA+UGA),2008,1,private_credit,2009,xgb_typed,11.1602839395087,0.5659724310357337
RWA-fed(KEN+TZA+UGA),2008,1,private_credit,2009,lgbm_blind,11.1602839395087,2.2205885812323327
RWA-fed(KEN+TZA+UGA),2008,1,private_credit,2009,lgbm_lag,11.1602839395087,2.2205885812323327
RWA-fed(KEN+TZA+UGA),2008,1,private_credit,2009,lgbm_typed,11.1602839395087,2.2205885812323327
RWA-fed(KEN+TZA+UGA),2008,1,private_credit,2009,tft,11.1602839395087,3.675785167546964
RWA-fed(KEN+TZA+UGA),2008,1,private_credit,2009,tgcn,11.1602839395087,
RWA-fed(KEN+TZA+UGA),2008,1,private_credit,2009,persistence_scarcity,11.1602839395087,2.5899927796693607
RWA-fed(KEN+TZA+UGA),2008,1,private_credit,2009,chronos_scarcity,11.1602839395087,3.985605431294024
RWA-fed(KEN+TZA+UGA),2008,1,private_credit,2009,gnn_scarcity,11.1602839395087,1.5356799200494056
RWA-fed(KEN+TZA+UGA),2008,3,private_credit,2011,persistence,13.266031975479,0.0982514120282989
RWA-fed(KEN+TZA+UGA),2008,3,private_credit,2011,arima,13.266031975479,0.03528102931940502
RWA-fed(KEN+TZA+UGA),2008,3,private_credit,2011,chronos,13.266031975479,0.10716367271435878
RWA-fed(KEN+TZA+UGA),2008,3,private_credit,2011,xgb_blind,13.266031975479,3.5599982688139615
RWA-fed(KEN+TZA+UGA),2008,3,private_credit,2011,xgb_lag,13.266031975479,6.454140419692868
RWA-fed(KEN+TZA+UGA),2008,3,private_credit,2011,xgb_typed,13.266031975479,2.329316849441403
RWA-fed(KEN+TZA+UGA),2008,3,private_credit,2011,lgbm_blind,13.266031975479,3.883553499908322
RWA-fed(KEN+TZA+UGA),2008,3,private_credit,2011,lgbm_lag,13.266031975479,3.883553499908322
RWA-fed(KEN+TZA+UGA),2008,3,private_credit,2011,lgbm_typed,13.266031975479,3.883553499908322
RWA-fed(KEN+TZA+UGA),2008,3,private_credit,2011,tft,13.266031975479,1.680678611068851
RWA-fed(KEN+TZA+UGA),2008,3,private_credit,2011,tgcn,13.266031975479,
RWA-fed(KEN+TZA+UGA),2008,3,private_credit,2011,persistence_scarcity,13.266031975479,1.643748591059671
RWA-fed(KEN+TZA+UGA),2008,3,private_credit,2011,chronos_scarcity,13.266031975479,1.911847979372407
RWA-fed(KEN+TZA+UGA),2008,3,private_credit,2011,gnn_scarcity,13.266031975479,3.861729378433102
RWA-fed(KEN+TZA+UGA),2008,5,private_credit,2013,persistence,16.2164793656958,2.852195978188501
RWA-fed(KEN+TZA+UGA),2008,5,private_credit,2013,arima,16.2164793656958,2.9151586691068445
RWA-fed(KEN+TZA+UGA),2008,5,private_credit,2013,chronos,16.2164793656958,3.7175665544165035
RWA-fed(KEN+TZA+UGA),2008,5,private_credit,2013,xgb_blind,16.2164793656958,6.275576655734863
RWA-fed(KEN+TZA+UGA),2008,5,private_credit,2013,xgb_lag,16.2164793656958,7.443975512851562
RWA-fed(KEN+TZA+UGA),2008,5,private_credit,2013,xgb_typed,16.2164793656958,4.018313472141113
RWA-fed(KEN+TZA+UGA),2008,5,private_credit,2013,lgbm_blind,16.2164793656958,6.651605704382062
RWA-fed(KEN+TZA+UGA),2008,5,private_credit,2013,lgbm_lag,16.2164793656958,6.651605704382062
RWA-fed(KEN+TZA+UGA),2008,5,private_credit,2013,lgbm_typed,16.2164793656958,6.651605704382062
RWA-fed(KEN+TZA+UGA),2008,5,private_credit,2013,tft,16.2164793656958,1.2678280519140621
RWA-fed(KEN+TZA+UGA),2008,5,private_credit,2013,tgcn,16.2164793656958,
RWA-fed(KEN+TZA+UGA),2008,5,private_credit,2013,persistence_scarcity,16.2164793656958,0.44195508959291985
RWA-fed(KEN+TZA+UGA),2008,5,private_credit,2013,chronos_scarcity,16.2164793656958,1.517669183175041
RWA-fed(KEN+TZA+UGA),2008,5,private_credit,2013,gnn_scarcity,16.2164793656958,5.871554438937988
RWA-fed(KEN+TZA+UGA),2008,1,govt_consumption,2009,persistence,12.7548643089095,0.47060361587660005
RWA-fed(KEN+TZA+UGA),2008,1,govt_consumption,2009,arima,12.7548643089095,0.7160134596057972
RWA-fed(KEN+TZA+UGA),2008,1,govt_consumption,2009,chronos,12.7548643089095,2.089423749522293
RWA-fed(KEN+TZA+UGA),2008,1,govt_consumption,2009,xgb_blind,12.7548643089095,0.49312916032878107
RWA-fed(KEN+TZA+UGA),2008,1,govt_consumption,2009,xgb_lag,12.7548643089095,0.7160134596057972
RWA-fed(KEN+TZA+UGA),2008,1,govt_consumption,2009,xgb_typed,12.7548643089095,0.7160134596057972
RWA-fed(KEN+TZA+UGA),2008,1,govt_consumption,2009,lgbm_blind,12.7548643089095,1.2370696726680546
RWA-fed(KEN+TZA+UGA),2008,1,govt_consumption,2009,lgbm_lag,12.7548643089095,0.7160134596057972
RWA-fed(KEN+TZA+UGA),2008,1,govt_consumption,2009,lgbm_typed,12.7548643089095,0.7160134596057972
RWA-fed(KEN+TZA+UGA),2008,1,govt_consumption,2009,tft,12.7548643089095,2.7459426856795197
RWA-fed(KEN+TZA+UGA),2008,1,govt_consumption,2009,tgcn,12.7548643089095,
RWA-fed(KEN+TZA+UGA),2008,1,govt_consumption,2009,persistence_scarcity,12.7548643089095,0.47060361587660005
RWA-fed(KEN+TZA+UGA),2008,1,govt_consumption,2009,chronos_scarcity,12.7548643089095,2.089423749522293
RWA-fed(KEN+TZA+UGA),2008,1,govt_consumption,2009,gnn_scarcity,12.7548643089095,0.8438858055314178
RWA-fed(KEN+TZA+UGA),2008,3,govt_consumption,2011,persistence,12.0235602281128,0.26070046492010057
RWA-fed(KEN+TZA+UGA),2008,3,govt_consumption,2011,arima,12.0235602281128,0.0209407454282875
RWA-fed(KEN+TZA+UGA),2008,3,govt_consumption,2011,chronos,12.0235602281128,2.217423143151862
RWA-fed(KEN+TZA+UGA),2008,3,govt_consumption,2011,xgb_blind,12.0235602281128,1.6050427534545832
RWA-fed(KEN+TZA+UGA),2008,3,govt_consumption,2011,xgb_lag,12.0235602281128,0.0209407454282875
RWA-fed(KEN+TZA+UGA),2008,3,govt_consumption,2011,xgb_typed,12.0235602281128,0.0209407454282875
RWA-fed(KEN+TZA+UGA),2008,3,govt_consumption,2011,lgbm_blind,12.0235602281128,2.058778224226373
RWA-fed(KEN+TZA+UGA),2008,3,govt_consumption,2011,lgbm_lag,12.0235602281128,0.0209407454282875
RWA-fed(KEN+TZA+UGA),2008,3,govt_consumption,2011,lgbm_typed,12.0235602281128,0.0209407454282875
RWA-fed(KEN+TZA+UGA),2008,3,govt_consumption,2011,tft,12.0235602281128,1.1111758329833918
RWA-fed(KEN+TZA+UGA),2008,3,govt_consumption,2011,tgcn,12.0235602281128,
RWA-fed(KEN+TZA+UGA),2008,3,govt_consumption,2011,persistence_scarcity,12.0235602281128,0.26070046492010057
RWA-fed(KEN+TZA+UGA),2008,3,govt_consumption,2011,chronos_scarcity,12.0235602281128,2.217423143151862
RWA-fed(KEN+TZA+UGA),2008,3,govt_consumption,2011,gnn_scarcity,12.0235602281128,2.028010664221185
RWA-fed(KEN+TZA+UGA),2008,5,govt_consumption,2013,persistence,12.8653723978061,0.5811117047731997
RWA-fed(KEN+TZA+UGA),2008,5,govt_consumption,2013,arima,12.8653723978061,0.8633707387768563
RWA-fed(KEN+TZA+UGA),2008,5,govt_consumption,2013,chronos,12.8653723978061,1.4922730707186975
RWA-fed(KEN+TZA+UGA),2008,5,govt_consumption,2013,xgb_blind,12.8653723978061,3.1359970785122595
RWA-fed(KEN+TZA+UGA),2008,5,govt_consumption,2013,xgb_lag,12.8653723978061,0.8633707387768563
RWA-fed(KEN+TZA+UGA),2008,5,govt_consumption,2013,xgb_typed,12.8653723978061,0.8633707387768563
RWA-fed(KEN+TZA+UGA),2008,5,govt_consumption,2013,lgbm_blind,12.8653723978061,1.4054312580907684
RWA-fed(KEN+TZA+UGA),2008,5,govt_consumption,2013,lgbm_lag,12.8653723978061,0.8633707387768563
RWA-fed(KEN+TZA+UGA),2008,5,govt_consumption,2013,lgbm_typed,12.8653723978061,0.8633707387768563
RWA-fed(KEN+TZA+UGA),2008,5,govt_consumption,2013,tft,12.8653723978061,1.143906853292533
RWA-fed(KEN+TZA+UGA),2008,5,govt_consumption,2013,tgcn,12.8653723978061,
RWA-fed(KEN+TZA+UGA),2008,5,govt_consumption,2013,persistence_scarcity,12.8653723978061,0.5811117047731997
RWA-fed(KEN+TZA+UGA),2008,5,govt_consumption,2013,chronos_scarcity,12.8653723978061,1.4922730707186975
RWA-fed(KEN+TZA+UGA),2008,5,govt_consumption,2013,gnn_scarcity,12.8653723978061,1.3509848333340368
RWA-fed(KEN+TZA+UGA),2009,1,gdp_growth,2010,persistence,7.33465645006753,1.0863989438624495
RWA-fed(KEN+TZA+UGA),2009,1,gdp_growth,2010,arima,7.33465645006753,1.3188181758509154
RWA-fed(KEN+TZA+UGA),2009,1,gdp_growth,2010,chronos,7.33465645006753,0.6208550660953618
RWA-fed(KEN+TZA+UGA),2009,1,gdp_growth,2010,xgb_blind,7.33465645006753,2.9978925912723637
RWA-fed(KEN+TZA+UGA),2009,1,gdp_growth,2010,xgb_lag,7.33465645006753,1.3188181758509154
RWA-fed(KEN+TZA+UGA),2009,1,gdp_growth,2010,xgb_typed,7.33465645006753,1.3188181758509154
RWA-fed(KEN+TZA+UGA),2009,1,gdp_growth,2010,lgbm_blind,7.33465645006753,1.8937598386028789
RWA-fed(KEN+TZA+UGA),2009,1,gdp_growth,2010,lgbm_lag,7.33465645006753,1.3188181758509154
RWA-fed(KEN+TZA+UGA),2009,1,gdp_growth,2010,lgbm_typed,7.33465645006753,1.3188181758509154
RWA-fed(KEN+TZA+UGA),2009,1,gdp_growth,2010,tft,7.33465645006753,0.5820944040165044
RWA-fed(KEN+TZA+UGA),2009,1,gdp_growth,2010,tgcn,7.33465645006753,
RWA-fed(KEN+TZA+UGA),2009,1,gdp_growth,2010,persistence_scarcity,7.33465645006753,1.0863989438624495
RWA-fed(KEN+TZA+UGA),2009,1,gdp_growth,2010,chronos_scarcity,7.33465645006753,0.6208550660953618
RWA-fed(KEN+TZA+UGA),2009,1,gdp_growth,2010,gnn_scarcity,7.33465645006753,2.723917695795069
RWA-fed(KEN+TZA+UGA),2009,3,gdp_growth,2012,persistence,8.64150815836322,2.393250652158139
RWA-fed(KEN+TZA+UGA),2009,3,gdp_growth,2012,arima,8.64150815836322,0.5890758003929157
RWA-fed(KEN+TZA+UGA),2009,3,gdp_growth,2012,chronos,8.64150815836322,2.3864160143507682
RWA-fed(KEN+TZA+UGA),2009,3,gdp_growth,2012,xgb_blind,8.64150815836322,2.317015703834411
RWA-fed(KEN+TZA+UGA),2009,3,gdp_growth,2012,xgb_lag,8.64150815836322,0.5890758003929157
RWA-fed(KEN+TZA+UGA),2009,3,gdp_growth,2012,xgb_typed,8.64150815836322,0.5890758003929157
RWA-fed(KEN+TZA+UGA),2009,3,gdp_growth,2012,lgbm_blind,8.64150815836322,2.758055784970778
RWA-fed(KEN+TZA+UGA),2009,3,gdp_growth,2012,lgbm_lag,8.64150815836322,0.5890758003929157
RWA-fed(KEN+TZA+UGA),2009,3,gdp_growth,2012,lgbm_typed,8.64150815836322,0.5890758003929157
RWA-fed(KEN+TZA+UGA),2009,3,gdp_growth,2012,tft,8.64150815836322,0.49368959299456705
RWA-fed(KEN+TZA+UGA),2009,3,gdp_growth,2012,tgcn,8.64150815836322,
RWA-fed(KEN+TZA+UGA),2009,3,gdp_growth,2012,persistence_scarcity,8.64150815836322,2.393250652158139
RWA-fed(KEN+TZA+UGA),2009,3,gdp_growth,2012,chronos_scarcity,8.64150815836322,2.3864160143507682
RWA-fed(KEN+TZA+UGA),2009,3,gdp_growth,2012,gnn_scarcity,8.64150815836322,0.11483007303607096
RWA-fed(KEN+TZA+UGA),2009,5,gdp_growth,2014,persistence,6.16716615166932,0.08109135453576055
RWA-fed(KEN+TZA+UGA),2009,5,gdp_growth,2014,arima,6.16716615166932,1.7412133549276856
RWA-fed(KEN+TZA+UGA),2009,5,gdp_growth,2014,chronos,6.16716615166932,0.16227189507752282
RWA-fed(KEN+TZA+UGA),2009,5,gdp_growth,2014,xgb_blind,6.16716615166932,0.18799313101500648
RWA-fed(KEN+TZA+UGA),2009,5,gdp_growth,2014,xgb_lag,6.16716615166932,1.7412133549276856
RWA-fed(KEN+TZA+UGA),2009,5,gdp_growth,2014,xgb_typed,6.16716615166932,1.7412133549276856
RWA-fed(KEN+TZA+UGA),2009,5,gdp_growth,2014,lgbm_blind,6.16716615166932,4.391197079353833
RWA-fed(KEN+TZA+UGA),2009,5,gdp_growth,2014,lgbm_lag,6.16716615166932,1.7412133549276856
RWA-fed(KEN+TZA+UGA),2009,5,gdp_growth,2014,lgbm_typed,6.16716615166932,1.7412133549276856
RWA-fed(KEN+TZA+UGA),2009,5,gdp_growth,2014,tft,6.16716615166932,3.047371468875114
RWA-fed(KEN+TZA+UGA),2009,5,gdp_growth,2014,tgcn,6.16716615166932,
RWA-fed(KEN+TZA+UGA),2009,5,gdp_growth,2014,persistence_scarcity,6.16716615166932,0.08109135453576055
RWA-fed(KEN+TZA+UGA),2009,5,gdp_growth,2014,chronos_scarcity,6.16716615166932,0.16227189507752282
RWA-fed(KEN+TZA+UGA),2009,5,gdp_growth,2014,gnn_scarcity,6.16716615166932,2.2791353085967936
RWA-fed(KEN+TZA+UGA),2009,1,inflation_cpi,2010,persistence,-0.246128693436934,13.190526533608134
RWA-fed(KEN+TZA+UGA),2009,1,inflation_cpi,2010,arima,-0.246128693436934,14.592349209268091
RWA-fed(KEN+TZA+UGA),2009,1,inflation_cpi,2010,chronos,-0.246128693436934,10.196116104935957
RWA-fed(KEN+TZA+UGA),2009,1,inflation_cpi,2010,xgb_blind,-0.246128693436934,13.801255837296797
RWA-fed(KEN+TZA+UGA),2009,1,inflation_cpi,2010,xgb_lag,-0.246128693436934,14.592349209268091
RWA-fed(KEN+TZA+UGA),2009,1,inflation_cpi,2010,xgb_typed,-0.246128693436934,14.592349209268091
RWA-fed(KEN+TZA+UGA),2009,1,inflation_cpi,2010,lgbm_blind,-0.246128693436934,9.392828962734482
RWA-fed(KEN+TZA+UGA),2009,1,inflation_cpi,2010,lgbm_lag,-0.246128693436934,14.592349209268091
RWA-fed(KEN+TZA+UGA),2009,1,inflation_cpi,2010,lgbm_typed,-0.246128693436934,14.592349209268091
RWA-fed(KEN+TZA+UGA),2009,1,inflation_cpi,2010,tft,-0.246128693436934,11.757002487992597
RWA-fed(KEN+TZA+UGA),2009,1,inflation_cpi,2010,tgcn,-0.246128693436934,
RWA-fed(KEN+TZA+UGA),2009,1,inflation_cpi,2010,persistence_scarcity,-0.246128693436934,13.190526533608134
RWA-fed(KEN+TZA+UGA),2009,1,inflation_cpi,2010,chronos_scarcity,-0.246128693436934,10.196116104935957
RWA-fed(KEN+TZA+UGA),2009,1,inflation_cpi,2010,gnn_scarcity,-0.246128693436934,9.000651017045332
RWA-fed(KEN+TZA+UGA),2009,3,inflation_cpi,2012,persistence,10.2710182318876,2.6733796082836
RWA-fed(KEN+TZA+UGA),2009,3,inflation_cpi,2012,arima,10.2710182318876,3.730156017486804
RWA-fed(KEN+TZA+UGA),2009,3,inflation_cpi,2012,chronos,10.2710182318876,0.617013727646091
RWA-fed(KEN+TZA+UGA),2009,3,inflation_cpi,2012,xgb_blind,10.2710182318876,3.067025934677341
RWA-fed(KEN+TZA+UGA),2009,3,inflation_cpi,2012,xgb_lag,10.2710182318876,3.730156017486804
RWA-fed(KEN+TZA+UGA),2009,3,inflation_cpi,2012,xgb_typed,10.2710182318876,3.730156017486804
RWA-fed(KEN+TZA+UGA),2009,3,inflation_cpi,2012,lgbm_blind,10.2710182318876,1.7657400793095839
RWA-fed(KEN+TZA+UGA),2009,3,inflation_cpi,2012,lgbm_lag,10.2710182318876,3.730156017486804
RWA-fed(KEN+TZA+UGA),2009,3,inflation_cpi,2012,lgbm_typed,10.2710182318876,3.730156017486804
RWA-fed(KEN+TZA+UGA),2009,3,inflation_cpi,2012,tft,10.2710182318876,1.236511026840427
RWA-fed(KEN+TZA+UGA),2009,3,inflation_cpi,2012,tgcn,10.2710182318876,
RWA-fed(KEN+TZA+UGA),2009,3,inflation_cpi,2012,persistence_scarcity,10.2710182318876,2.6733796082836
RWA-fed(KEN+TZA+UGA),2009,3,inflation_cpi,2012,chronos_scarcity,10.2710182318876,0.617013727646091
RWA-fed(KEN+TZA+UGA),2009,3,inflation_cpi,2012,gnn_scarcity,10.2710182318876,0.22833749153115512
RWA-fed(KEN+TZA+UGA),2009,5,inflation_cpi,2014,persistence,2.35449052820358,10.58990731196762
RWA-fed(KEN+TZA+UGA),2009,5,inflation_cpi,2014,arima,2.35449052820358,11.537656568724955
RWA-fed(KEN+TZA+UGA),2009,5,inflation_cpi,2014,chronos,2.35449052820358,7.260480632685091
RWA-fed(KEN+TZA+UGA),2009,5,inflation_cpi,2014,xgb_blind,2.35449052820358,5.737474193476107
RWA-fed(KEN+TZA+UGA),2009,5,inflation_cpi,2014,xgb_lag,2.35449052820358,11.537656568724955
RWA-fed(KEN+TZA+UGA),2009,5,inflation_cpi,2014,xgb_typed,2.35449052820358,11.537656568724955
RWA-fed(KEN+TZA+UGA),2009,5,inflation_cpi,2014,lgbm_blind,2.35449052820358,5.637572819294995
RWA-fed(KEN+TZA+UGA),2009,5,inflation_cpi,2014,lgbm_lag,2.35449052820358,11.537656568724955
RWA-fed(KEN+TZA+UGA),2009,5,inflation_cpi,2014,lgbm_typed,2.35449052820358,11.537656568724955
RWA-fed(KEN+TZA+UGA),2009,5,inflation_cpi,2014,tft,2.35449052820358,9.152002086542513
RWA-fed(KEN+TZA+UGA),2009,5,inflation_cpi,2014,tgcn,2.35449052820358,
RWA-fed(KEN+TZA+UGA),2009,5,inflation_cpi,2014,persistence_scarcity,2.35449052820358,10.58990731196762
RWA-fed(KEN+TZA+UGA),2009,5,inflation_cpi,2014,chronos_scarcity,2.35449052820358,7.260480632685091
RWA-fed(KEN+TZA+UGA),2009,5,inflation_cpi,2014,gnn_scarcity,2.35449052820358,7.661750545404818
RWA-fed(KEN+TZA+UGA),2009,1,unemployment,2010,persistence,11.637,0.012000000000000455
RWA-fed(KEN+TZA+UGA),2009,1,unemployment,2010,arima,11.637,0.011485745157411742
RWA-fed(KEN+TZA+UGA),2009,1,unemployment,2010,chronos,11.637,0.012494956970215298
RWA-fed(KEN+TZA+UGA),2009,1,unemployment,2010,xgb_blind,11.637,0.17788323211669876
RWA-fed(KEN+TZA+UGA),2009,1,unemployment,2010,xgb_lag,11.637,0.011485745157411742
RWA-fed(KEN+TZA+UGA),2009,1,unemployment,2010,xgb_typed,11.637,0.011485745157411742
RWA-fed(KEN+TZA+UGA),2009,1,unemployment,2010,lgbm_blind,11.637,0.07700009958367637
RWA-fed(KEN+TZA+UGA),2009,1,unemployment,2010,lgbm_lag,11.637,0.011485745157411742
RWA-fed(KEN+TZA+UGA),2009,1,unemployment,2010,lgbm_typed,11.637,0.011485745157411742
RWA-fed(KEN+TZA+UGA),2009,1,unemployment,2010,tft,11.637,0.03737631988525436
RWA-fed(KEN+TZA+UGA),2009,1,unemployment,2010,tgcn,11.637,
RWA-fed(KEN+TZA+UGA),2009,1,unemployment,2010,persistence_scarcity,11.637,0.012000000000000455
RWA-fed(KEN+TZA+UGA),2009,1,unemployment,2010,chronos_scarcity,11.637,0.012494956970215298
RWA-fed(KEN+TZA+UGA),2009,1,unemployment,2010,gnn_scarcity,11.637,0.09829148101806595
RWA-fed(KEN+TZA+UGA),2009,3,unemployment,2012,persistence,11.671,0.045999999999999375
RWA-fed(KEN+TZA+UGA),2009,3,unemployment,2012,arima,11.671,0.016296410451559495
RWA-fed(KEN+TZA+UGA),2009,3,unemployment,2012,chronos,11.671,0.04649495697021422
RWA-fed(KEN+TZA+UGA),2009,3,unemployment,2012,xgb_blind,11.671,0.2147974929809564
RWA-fed(KEN+TZA+UGA),2009,3,unemployment,2012,xgb_lag,11.671,0.016296410451559495
RWA-fed(KEN+TZA+UGA),2009,3,unemployment,2012,xgb_typed,11.671,0.016296410451559495
RWA-fed(KEN+TZA+UGA),2009,3,unemployment,2012,lgbm_blind,11.671,0.017058733323040087
RWA-fed(KEN+TZA+UGA),2009,3,unemployment,2012,lgbm_lag,11.671,0.016296410451559495
RWA-fed(KEN+TZA+UGA),2009,3,unemployment,2012,lgbm_typed,11.671,0.016296410451559495
RWA-fed(KEN+TZA+UGA),2009,3,unemployment,2012,tft,11.671,0.0626673660278314
RWA-fed(KEN+TZA+UGA),2009,3,unemployment,2012,tgcn,11.671,
RWA-fed(KEN+TZA+UGA),2009,3,unemployment,2012,persistence_scarcity,11.671,0.045999999999999375
RWA-fed(KEN+TZA+UGA),2009,3,unemployment,2012,chronos_scarcity,11.671,0.04649495697021422
RWA-fed(KEN+TZA+UGA),2009,3,unemployment,2012,gnn_scarcity,11.671,0.15151262664794984
RWA-fed(KEN+TZA+UGA),2009,5,unemployment,2014,persistence,11.837,0.21199999999999974
RWA-fed(KEN+TZA+UGA),2009,5,unemployment,2014,arima,11.837,0.18200237409936904
RWA-fed(KEN+TZA+UGA),2009,5,unemployment,2014,chronos,11.837,0.04028044891357396
RWA-fed(KEN+TZA+UGA),2009,5,unemployment,2014,xgb_blind,11.837,0.5968457336425779
RWA-fed(KEN+TZA+UGA),2009,5,unemployment,2014,xgb_lag,11.837,0.18200237409936904
RWA-fed(KEN+TZA+UGA),2009,5,unemployment,2014,xgb_typed,11.837,0.18200237409936904
RWA-fed(KEN+TZA+UGA),2009,5,unemployment,2014,lgbm_blind,11.837,0.25526655069987036
RWA-fed(KEN+TZA+UGA),2009,5,unemployment,2014,lgbm_lag,11.837,0.18200237409936904
RWA-fed(KEN+TZA+UGA),2009,5,unemployment,2014,lgbm_typed,11.837,0.18200237409936904
RWA-fed(KEN+TZA+UGA),2009,5,unemployment,2014,tft,11.837,0.2253886337280271
RWA-fed(KEN+TZA+UGA),2009,5,unemployment,2014,tgcn,11.837,
RWA-fed(KEN+TZA+UGA),2009,5,unemployment,2014,persistence_scarcity,11.837,0.21199999999999974
RWA-fed(KEN+TZA+UGA),2009,5,unemployment,2014,chronos_scarcity,11.837,0.04028044891357396
RWA-fed(KEN+TZA+UGA),2009,5,unemployment,2014,gnn_scarcity,11.837,0.016277420043945057
RWA-fed(KEN+TZA+UGA),2009,1,exports_gdp,2010,persistence,10.7427647311274,0.3752819188343999
RWA-fed(KEN+TZA+UGA),2009,1,exports_gdp,2010,arima,10.7427647311274,0.17688409065709898
RWA-fed(KEN+TZA+UGA),2009,1,exports_gdp,2010,chronos,10.7427647311274,0.2542660433832591
RWA-fed(KEN+TZA+UGA),2009,1,exports_gdp,2010,xgb_blind,10.7427647311274,1.1875426571782643
RWA-fed(KEN+TZA+UGA),2009,1,exports_gdp,2010,xgb_lag,10.7427647311274,0.17688409065709898
RWA-fed(KEN+TZA+UGA),2009,1,exports_gdp,2010,xgb_typed,10.7427647311274,0.17688409065709898
RWA-fed(KEN+TZA+UGA),2009,1,exports_gdp,2010,lgbm_blind,10.7427647311274,2.94188337042087
RWA-fed(KEN+TZA+UGA),2009,1,exports_gdp,2010,lgbm_lag,10.7427647311274,0.17688409065709898
RWA-fed(KEN+TZA+UGA),2009,1,exports_gdp,2010,lgbm_typed,10.7427647311274,0.17688409065709898
RWA-fed(KEN+TZA+UGA),2009,1,exports_gdp,2010,tft,10.7427647311274,0.3468563754145091
RWA-fed(KEN+TZA+UGA),2009,1,exports_gdp,2010,tgcn,10.7427647311274,
RWA-fed(KEN+TZA+UGA),2009,1,exports_gdp,2010,persistence_scarcity,10.7427647311274,0.3752819188343999
RWA-fed(KEN+TZA+UGA),2009,1,exports_gdp,2010,chronos_scarcity,10.7427647311274,0.2542660433832591
RWA-fed(KEN+TZA+UGA),2009,1,exports_gdp,2010,gnn_scarcity,10.7427647311274,3.1238019663874095
RWA-fed(KEN+TZA+UGA),2009,3,exports_gdp,2012,persistence,11.9942781520571,1.6267953397641008
RWA-fed(KEN+TZA+UGA),2009,3,exports_gdp,2012,arima,11.9942781520571,1.4623489151121891
RWA-fed(KEN+TZA+UGA),2009,3,exports_gdp,2012,chronos,11.9942781520571,3.986924369403292
RWA-fed(KEN+TZA+UGA),2009,3,exports_gdp,2012,xgb_blind,11.9942781520571,0.4818126750673546
RWA-fed(KEN+TZA+UGA),2009,3,exports_gdp,2012,xgb_lag,11.9942781520571,1.4623489151121891
RWA-fed(KEN+TZA+UGA),2009,3,exports_gdp,2012,xgb_typed,11.9942781520571,1.4623489151121891
RWA-fed(KEN+TZA+UGA),2009,3,exports_gdp,2012,lgbm_blind,11.9942781520571,4.033587962246741
RWA-fed(KEN+TZA+UGA),2009,3,exports_gdp,2012,lgbm_lag,11.9942781520571,1.4623489151121891
RWA-fed(KEN+TZA+UGA),2009,3,exports_gdp,2012,lgbm_typed,11.9942781520571,1.4623489151121891
RWA-fed(KEN+TZA+UGA),2009,3,exports_gdp,2012,tft,11.9942781520571,1.2369377208437218
RWA-fed(KEN+TZA+UGA),2009,3,exports_gdp,2012,tgcn,11.9942781520571,
RWA-fed(KEN+TZA+UGA),2009,3,exports_gdp,2012,persistence_scarcity,11.9942781520571,1.6267953397641008
RWA-fed(KEN+TZA+UGA),2009,3,exports_gdp,2012,chronos_scarcity,11.9942781520571,3.986924369403292
RWA-fed(KEN+TZA+UGA),2009,3,exports_gdp,2012,gnn_scarcity,11.9942781520571,3.7264129710878624
RWA-fed(KEN+TZA+UGA),2009,5,exports_gdp,2014,persistence,13.8686615802081,3.5011787679151
RWA-fed(KEN+TZA+UGA),2009,5,exports_gdp,2014,arima,13.8686615802081,3.3383630403415907
RWA-fed(KEN+TZA+UGA),2009,5,exports_gdp,2014,chronos,13.8686615802081,6.566185174110688
RWA-fed(KEN+TZA+UGA),2009,5,exports_gdp,2014,xgb_blind,13.8686615802081,6.825861630562104
RWA-fed(KEN+TZA+UGA),2009,5,exports_gdp,2014,xgb_lag,13.8686615802081,3.3383630403415907
RWA-fed(KEN+TZA+UGA),2009,5,exports_gdp,2014,xgb_typed,13.8686615802081,3.3383630403415907
RWA-fed(KEN+TZA+UGA),2009,5,exports_gdp,2014,lgbm_blind,13.8686615802081,5.611734821124035
RWA-fed(KEN+TZA+UGA),2009,5,exports_gdp,2014,lgbm_lag,13.8686615802081,3.3383630403415907
RWA-fed(KEN+TZA+UGA),2009,5,exports_gdp,2014,lgbm_typed,13.8686615802081,3.3383630403415907
RWA-fed(KEN+TZA+UGA),2009,5,exports_gdp,2014,tft,13.8686615802081,2.772882161262787
RWA-fed(KEN+TZA+UGA),2009,5,exports_gdp,2014,tgcn,13.8686615802081,
RWA-fed(KEN+TZA+UGA),2009,5,exports_gdp,2014,persistence_scarcity,13.8686615802081,3.5011787679151
RWA-fed(KEN+TZA+UGA),2009,5,exports_gdp,2014,chronos_scarcity,13.8686615802081,6.566185174110688
RWA-fed(KEN+TZA+UGA),2009,5,exports_gdp,2014,gnn_scarcity,13.8686615802081,5.614115414741791
RWA-fed(KEN+TZA+UGA),2009,1,imports_gdp,2010,persistence,26.5361143612077,0.09796916501920094
RWA-fed(KEN+TZA+UGA),2009,1,imports_gdp,2010,arima,26.5361143612077,0.14505450337775727
RWA-fed(KEN+TZA+UGA),2009,1,imports_gdp,2010,chronos,26.5361143612077,0.4275442623307484
RWA-fed(KEN+TZA+UGA),2009,1,imports_gdp,2010,xgb_blind,26.5361143612077,3.8435579799821156
RWA-fed(KEN+TZA+UGA),2009,1,imports_gdp,2010,xgb_lag,26.5361143612077,0.14505450337775727
RWA-fed(KEN+TZA+UGA),2009,1,imports_gdp,2010,xgb_typed,26.5361143612077,0.14505450337775727
RWA-fed(KEN+TZA+UGA),2009,1,imports_gdp,2010,lgbm_blind,26.5361143612077,1.5127666069802146
RWA-fed(KEN+TZA+UGA),2009,1,imports_gdp,2010,lgbm_lag,26.5361143612077,0.14505450337775727
RWA-fed(KEN+TZA+UGA),2009,1,imports_gdp,2010,lgbm_typed,26.5361143612077,0.14505450337775727
RWA-fed(KEN+TZA+UGA),2009,1,imports_gdp,2010,tft,26.5361143612077,3.7703253292252796
RWA-fed(KEN+TZA+UGA),2009,1,imports_gdp,2010,tgcn,26.5361143612077,
RWA-fed(KEN+TZA+UGA),2009,1,imports_gdp,2010,persistence_scarcity,26.5361143612077,0.09796916501920094
RWA-fed(KEN+TZA+UGA),2009,1,imports_gdp,2010,chronos_scarcity,26.5361143612077,0.4275442623307484
RWA-fed(KEN+TZA+UGA),2009,1,imports_gdp,2010,gnn_scarcity,26.5361143612077,2.341814663331725
RWA-fed(KEN+TZA+UGA),2009,3,imports_gdp,2012,persistence,28.5465848466622,2.1084396504736986
RWA-fed(KEN+TZA+UGA),2009,3,imports_gdp,2012,arima,28.5465848466622,2.143908918363376
RWA-fed(KEN+TZA+UGA),2009,3,imports_gdp,2012,chronos,28.5465848466622,4.052978279279387
RWA-fed(KEN+TZA+UGA),2009,3,imports_gdp,2012,xgb_blind,28.5465848466622,2.349628212140715
RWA-fed(KEN+TZA+UGA),2009,3,imports_gdp,2012,xgb_lag,28.5465848466622,2.143908918363376
RWA-fed(KEN+TZA+UGA),2009,3,imports_gdp,2012,xgb_typed,28.5465848466622,2.143908918363376
RWA-fed(KEN+TZA+UGA),2009,3,imports_gdp,2012,lgbm_blind,28.5465848466622,2.715690713038292
RWA-fed(KEN+TZA+UGA),2009,3,imports_gdp,2012,lgbm_lag,28.5465848466622,2.143908918363376
RWA-fed(KEN+TZA+UGA),2009,3,imports_gdp,2012,lgbm_typed,28.5465848466622,2.143908918363376
RWA-fed(KEN+TZA+UGA),2009,3,imports_gdp,2012,tft,28.5465848466622,5.781589271711027
RWA-fed(KEN+TZA+UGA),2009,3,imports_gdp,2012,tgcn,28.5465848466622,
RWA-fed(KEN+TZA+UGA),2009,3,imports_gdp,2012,persistence_scarcity,28.5465848466622,2.1084396504736986
RWA-fed(KEN+TZA+UGA),2009,3,imports_gdp,2012,chronos_scarcity,28.5465848466622,4.052978279279387
RWA-fed(KEN+TZA+UGA),2009,3,imports_gdp,2012,gnn_scarcity,28.5465848466622,1.8376595994698164
RWA-fed(KEN+TZA+UGA),2009,5,imports_gdp,2014,persistence,30.0340721108669,3.595926914678401
RWA-fed(KEN+TZA+UGA),2009,5,imports_gdp,2014,arima,30.0340721108669,3.629120901007049
RWA-fed(KEN+TZA+UGA),2009,5,imports_gdp,2014,chronos,30.0340721108669,5.989070127224323
RWA-fed(KEN+TZA+UGA),2009,5,imports_gdp,2014,xgb_blind,30.0340721108669,3.784110257839558
RWA-fed(KEN+TZA+UGA),2009,5,imports_gdp,2014,xgb_lag,30.0340721108669,3.629120901007049
RWA-fed(KEN+TZA+UGA),2009,5,imports_gdp,2014,xgb_typed,30.0340721108669,3.629120901007049
RWA-fed(KEN+TZA+UGA),2009,5,imports_gdp,2014,lgbm_blind,30.0340721108669,6.445512515123088
RWA-fed(KEN+TZA+UGA),2009,5,imports_gdp,2014,lgbm_lag,30.0340721108669,3.629120901007049
RWA-fed(KEN+TZA+UGA),2009,5,imports_gdp,2014,lgbm_typed,30.0340721108669,3.629120901007049
RWA-fed(KEN+TZA+UGA),2009,5,imports_gdp,2014,tft,30.0340721108669,7.26929397365987
RWA-fed(KEN+TZA+UGA),2009,5,imports_gdp,2014,tgcn,30.0340721108669,
RWA-fed(KEN+TZA+UGA),2009,5,imports_gdp,2014,persistence_scarcity,30.0340721108669,3.595926914678401
RWA-fed(KEN+TZA+UGA),2009,5,imports_gdp,2014,chronos_scarcity,30.0340721108669,5.989070127224323
RWA-fed(KEN+TZA+UGA),2009,5,imports_gdp,2014,gnn_scarcity,30.0340721108669,3.376761625027058
RWA-fed(KEN+TZA+UGA),2009,1,current_account,2010,persistence,-6.51687014325837,0.0
RWA-fed(KEN+TZA+UGA),2009,1,current_account,2010,arima,-6.51687014325837,0.0
RWA-fed(KEN+TZA+UGA),2009,1,current_account,2010,chronos,-6.51687014325837,0.01911175473908333
RWA-fed(KEN+TZA+UGA),2009,1,current_account,2010,xgb_blind,-6.51687014325837,1.2143830208088957e-07
RWA-fed(KEN+TZA+UGA),2009,1,current_account,2010,xgb_lag,-6.51687014325837,0.0
RWA-fed(KEN+TZA+UGA),2009,1,current_account,2010,xgb_typed,-6.51687014325837,0.0
RWA-fed(KEN+TZA+UGA),2009,1,current_account,2010,lgbm_blind,-6.51687014325837,1.2143830208088957e-07
RWA-fed(KEN+TZA+UGA),2009,1,current_account,2010,lgbm_lag,-6.51687014325837,0.0
RWA-fed(KEN+TZA+UGA),2009,1,current_account,2010,lgbm_typed,-6.51687014325837,0.0
RWA-fed(KEN+TZA+UGA),2009,1,current_account,2010,tft,-6.51687014325837,0.023680565512381513
RWA-fed(KEN+TZA+UGA),2009,1,current_account,2010,tgcn,-6.51687014325837,
RWA-fed(KEN+TZA+UGA),2009,1,current_account,2010,persistence_scarcity,-6.51687014325837,0.0
RWA-fed(KEN+TZA+UGA),2009,1,current_account,2010,chronos_scarcity,-6.51687014325837,0.01911175473908333
RWA-fed(KEN+TZA+UGA),2009,1,current_account,2010,gnn_scarcity,-6.51687014325837,5.982754602840146e-07
RWA-fed(KEN+TZA+UGA),2009,3,current_account,2012,persistence,-9.68045842086916,3.1635882776107893
RWA-fed(KEN+TZA+UGA),2009,3,current_account,2012,arima,-9.68045842086916,3.1635882776107893
RWA-fed(KEN+TZA+UGA),2009,3,current_account,2012,chronos,-9.68045842086916,3.1827000323498726
RWA-fed(KEN+TZA+UGA),2009,3,current_account,2012,xgb_blind,-9.68045842086916,3.1635883990490914
RWA-fed(KEN+TZA+UGA),2009,3,current_account,2012,xgb_lag,-9.68045842086916,3.1635882776107893
RWA-fed(KEN+TZA+UGA),2009,3,current_account,2012,xgb_typed,-9.68045842086916,3.1635882776107893
RWA-fed(KEN+TZA+UGA),2009,3,current_account,2012,lgbm_blind,-9.68045842086916,3.1635883990490914
RWA-fed(KEN+TZA+UGA),2009,3,current_account,2012,lgbm_lag,-9.68045842086916,3.1635882776107893
RWA-fed(KEN+TZA+UGA),2009,3,current_account,2012,lgbm_typed,-9.68045842086916,3.1635882776107893
RWA-fed(KEN+TZA+UGA),2009,3,current_account,2012,tft,-9.68045842086916,3.15137373840456
RWA-fed(KEN+TZA+UGA),2009,3,current_account,2012,tgcn,-9.68045842086916,
RWA-fed(KEN+TZA+UGA),2009,3,current_account,2012,persistence_scarcity,-9.68045842086916,3.1635882776107893
RWA-fed(KEN+TZA+UGA),2009,3,current_account,2012,chronos_scarcity,-9.68045842086916,3.1827000323498726
RWA-fed(KEN+TZA+UGA),2009,3,current_account,2012,gnn_scarcity,-9.68045842086916,3.1635888758862496
RWA-fed(KEN+TZA+UGA),2009,5,current_account,2014,persistence,-11.3438929928213,4.827022849562929
RWA-fed(KEN+TZA+UGA),2009,5,current_account,2014,arima,-11.3438929928213,4.827022849562929
RWA-fed(KEN+TZA+UGA),2009,5,current_account,2014,chronos,-11.3438929928213,4.846134604302012
RWA-fed(KEN+TZA+UGA),2009,5,current_account,2014,xgb_blind,-11.3438929928213,4.827022971001231
RWA-fed(KEN+TZA+UGA),2009,5,current_account,2014,xgb_lag,-11.3438929928213,4.827022849562929
RWA-fed(KEN+TZA+UGA),2009,5,current_account,2014,xgb_typed,-11.3438929928213,4.827022849562929
RWA-fed(KEN+TZA+UGA),2009,5,current_account,2014,lgbm_blind,-11.3438929928213,4.827022971001231
RWA-fed(KEN+TZA+UGA),2009,5,current_account,2014,lgbm_lag,-11.3438929928213,4.827022849562929
RWA-fed(KEN+TZA+UGA),2009,5,current_account,2014,lgbm_typed,-11.3438929928213,4.827022849562929
RWA-fed(KEN+TZA+UGA),2009,5,current_account,2014,tft,-11.3438929928213,4.84007400402125
RWA-fed(KEN+TZA+UGA),2009,5,current_account,2014,tgcn,-11.3438929928213,
RWA-fed(KEN+TZA+UGA),2009,5,current_account,2014,persistence_scarcity,-11.3438929928213,4.827022849562929
RWA-fed(KEN+TZA+UGA),2009,5,current_account,2014,chronos_scarcity,-11.3438929928213,4.846134604302012
RWA-fed(KEN+TZA+UGA),2009,5,current_account,2014,gnn_scarcity,-11.3438929928213,4.827023447838389
RWA-fed(KEN+TZA+UGA),2009,1,real_interest_rate,2010,persistence,13.3869922357649,4.45009460464191
RWA-fed(KEN+TZA+UGA),2009,1,real_interest_rate,2010,arima,13.3869922357649,7.670269525100865
RWA-fed(KEN+TZA+UGA),2009,1,real_interest_rate,2010,chronos,13.3869922357649,6.500309725388924
RWA-fed(KEN+TZA+UGA),2009,1,real_interest_rate,2010,xgb_blind,13.3869922357649,7.2637040811628495
RWA-fed(KEN+TZA+UGA),2009,1,real_interest_rate,2010,xgb_lag,13.3869922357649,7.670269525100865
RWA-fed(KEN+TZA+UGA),2009,1,real_interest_rate,2010,xgb_typed,13.3869922357649,7.670269525100865
RWA-fed(KEN+TZA+UGA),2009,1,real_interest_rate,2010,lgbm_blind,13.3869922357649,5.807987904125961
RWA-fed(KEN+TZA+UGA),2009,1,real_interest_rate,2010,lgbm_lag,13.3869922357649,7.670269525100865
RWA-fed(KEN+TZA+UGA),2009,1,real_interest_rate,2010,lgbm_typed,13.3869922357649,7.670269525100865
RWA-fed(KEN+TZA+UGA),2009,1,real_interest_rate,2010,tft,13.3869922357649,3.0962383550554122
RWA-fed(KEN+TZA+UGA),2009,1,real_interest_rate,2010,tgcn,13.3869922357649,
RWA-fed(KEN+TZA+UGA),2009,1,real_interest_rate,2010,persistence_scarcity,13.3869922357649,4.45009460464191
RWA-fed(KEN+TZA+UGA),2009,1,real_interest_rate,2010,chronos_scarcity,13.3869922357649,6.500309725388924
RWA-fed(KEN+TZA+UGA),2009,1,real_interest_rate,2010,gnn_scarcity,13.3869922357649,6.022286196336189
RWA-fed(KEN+TZA+UGA),2009,3,real_interest_rate,2012,persistence,11.4386055799392,2.5017079488162093
RWA-fed(KEN+TZA+UGA),2009,3,real_interest_rate,2012,arima,11.4386055799392,4.929558939244254
RWA-fed(KEN+TZA+UGA),2009,3,real_interest_rate,2012,chronos,11.4386055799392,4.899154457655264
RWA-fed(KEN+TZA+UGA),2009,3,real_interest_rate,2012,xgb_blind,11.4386055799392,2.670124325361563
RWA-fed(KEN+TZA+UGA),2009,3,real_interest_rate,2012,xgb_lag,11.4386055799392,4.929558939244254
RWA-fed(KEN+TZA+UGA),2009,3,real_interest_rate,2012,xgb_typed,11.4386055799392,4.929558939244254
RWA-fed(KEN+TZA+UGA),2009,3,real_interest_rate,2012,lgbm_blind,11.4386055799392,3.7458671661284697
RWA-fed(KEN+TZA+UGA),2009,3,real_interest_rate,2012,lgbm_lag,11.4386055799392,4.929558939244254
RWA-fed(KEN+TZA+UGA),2009,3,real_interest_rate,2012,lgbm_typed,11.4386055799392,4.929558939244254
RWA-fed(KEN+TZA+UGA),2009,3,real_interest_rate,2012,tft,11.4386055799392,5.278563228044199
RWA-fed(KEN+TZA+UGA),2009,3,real_interest_rate,2012,tgcn,11.4386055799392,
RWA-fed(KEN+TZA+UGA),2009,3,real_interest_rate,2012,persistence_scarcity,11.4386055799392,2.5017079488162093
RWA-fed(KEN+TZA+UGA),2009,3,real_interest_rate,2012,chronos_scarcity,11.4386055799392,4.899154457655264
RWA-fed(KEN+TZA+UGA),2009,3,real_interest_rate,2012,gnn_scarcity,11.4386055799392,2.5906269880202544
RWA-fed(KEN+TZA+UGA),2009,5,real_interest_rate,2014,persistence,11.9607651018481,3.0238674707251096
RWA-fed(KEN+TZA+UGA),2009,5,real_interest_rate,2014,arima,11.9607651018481,5.300304772762339
RWA-fed(KEN+TZA+UGA),2009,5,real_interest_rate,2014,chronos,11.9607651018481,7.244255282817338
RWA-fed(KEN+TZA+UGA),2009,5,real_interest_rate,2014,xgb_blind,11.9607651018481,7.573266723094438
RWA-fed(KEN+TZA+UGA),2009,5,real_interest_rate,2014,xgb_lag,11.9607651018481,5.300304772762339
RWA-fed(KEN+TZA+UGA),2009,5,real_interest_rate,2014,xgb_typed,11.9607651018481,5.300304772762339
RWA-fed(KEN+TZA+UGA),2009,5,real_interest_rate,2014,lgbm_blind,11.9607651018481,4.123963517286434
RWA-fed(KEN+TZA+UGA),2009,5,real_interest_rate,2014,lgbm_lag,11.9607651018481,5.300304772762339
RWA-fed(KEN+TZA+UGA),2009,5,real_interest_rate,2014,lgbm_typed,11.9607651018481,5.300304772762339
RWA-fed(KEN+TZA+UGA),2009,5,real_interest_rate,2014,tft,11.9607651018481,4.763998768391158
RWA-fed(KEN+TZA+UGA),2009,5,real_interest_rate,2014,tgcn,11.9607651018481,
RWA-fed(KEN+TZA+UGA),2009,5,real_interest_rate,2014,persistence_scarcity,11.9607651018481,3.0238674707251096
RWA-fed(KEN+TZA+UGA),2009,5,real_interest_rate,2014,chronos_scarcity,11.9607651018481,7.244255282817338
RWA-fed(KEN+TZA+UGA),2009,5,real_interest_rate,2014,gnn_scarcity,11.9607651018481,3.143231608806108
RWA-fed(KEN+TZA+UGA),2009,1,broad_money,2010,persistence,15.5542868759791,1.2195551012950006
RWA-fed(KEN+TZA+UGA),2009,1,broad_money,2010,arima,15.5542868759791,0.9401723778567845
RWA-fed(KEN+TZA+UGA),2009,1,broad_money,2010,chronos,15.5542868759791,1.4976977493921861
RWA-fed(KEN+TZA+UGA),2009,1,broad_money,2010,xgb_blind,15.5542868759791,0.18983181451162245
RWA-fed(KEN+TZA+UGA),2009,1,broad_money,2010,xgb_lag,15.5542868759791,0.5467282149632826
RWA-fed(KEN+TZA+UGA),2009,1,broad_money,2010,xgb_typed,15.5542868759791,0.29753979180654433
RWA-fed(KEN+TZA+UGA),2009,1,broad_money,2010,lgbm_blind,15.5542868759791,0.31926101835484566
RWA-fed(KEN+TZA+UGA),2009,1,broad_money,2010,lgbm_lag,15.5542868759791,0.31926101835484566
RWA-fed(KEN+TZA+UGA),2009,1,broad_money,2010,lgbm_typed,15.5542868759791,0.31926101835484566
RWA-fed(KEN+TZA+UGA),2009,1,broad_money,2010,tft,15.5542868759791,0.27563849951425645
RWA-fed(KEN+TZA+UGA),2009,1,broad_money,2010,tgcn,15.5542868759791,
RWA-fed(KEN+TZA+UGA),2009,1,broad_money,2010,persistence_scarcity,15.5542868759791,0.162930049995893
RWA-fed(KEN+TZA+UGA),2009,1,broad_money,2010,chronos_scarcity,15.5542868759791,0.5277148804037886
RWA-fed(KEN+TZA+UGA),2009,1,broad_money,2010,gnn_scarcity,15.5542868759791,0.42813483740488145
RWA-fed(KEN+TZA+UGA),2009,3,broad_money,2012,persistence,17.2458905705942,2.911158795910099
RWA-fed(KEN+TZA+UGA),2009,3,broad_money,2012,arima,17.2458905705942,2.677260117283403
RWA-fed(KEN+TZA+UGA),2009,3,broad_money,2012,chronos,17.2458905705942,2.5757169255746675
RWA-fed(KEN+TZA+UGA),2009,3,broad_money,2012,xgb_blind,17.2458905705942,1.2646302709115815
RWA-fed(KEN+TZA+UGA),2009,3,broad_money,2012,xgb_lag,17.2458905705942,1.5712947377694917
RWA-fed(KEN+TZA+UGA),2009,3,broad_money,2012,xgb_typed,17.2458905705942,1.5554255971444917
RWA-fed(KEN+TZA+UGA),2009,3,broad_money,2012,lgbm_blind,17.2458905705942,1.8575617939541473
RWA-fed(KEN+TZA+UGA),2009,3,broad_money,2012,lgbm_lag,17.2458905705942,1.8575617939541473
RWA-fed(KEN+TZA+UGA),2009,3,broad_money,2012,lgbm_typed,17.2458905705942,1.8575617939541473
RWA-fed(KEN+TZA+UGA),2009,3,broad_money,2012,tft,17.2458905705942,1.850827170325644
RWA-fed(KEN+TZA+UGA),2009,3,broad_money,2012,tgcn,17.2458905705942,
RWA-fed(KEN+TZA+UGA),2009,3,broad_money,2012,persistence_scarcity,17.2458905705942,1.0994129138757955
RWA-fed(KEN+TZA+UGA),2009,3,broad_money,2012,chronos_scarcity,17.2458905705942,2.3845527029835356
RWA-fed(KEN+TZA+UGA),2009,3,broad_money,2012,gnn_scarcity,17.2458905705942,3.055314017249472
RWA-fed(KEN+TZA+UGA),2009,5,broad_money,2014,persistence,18.9488961574076,4.6141643827235
RWA-fed(KEN+TZA+UGA),2009,5,broad_money,2014,arima,18.9488961574076,4.382171707187078
RWA-fed(KEN+TZA+UGA),2009,5,broad_money,2014,chronos,18.9488961574076,4.334498154783088
RWA-fed(KEN+TZA+UGA),2009,5,broad_money,2014,xgb_blind,18.9488961574076,5.009215104245978
RWA-fed(KEN+TZA+UGA),2009,5,broad_money,2014,xgb_lag,18.9488961574076,4.977512108945685
RWA-fed(KEN+TZA+UGA),2009,5,broad_money,2014,xgb_typed,18.9488961574076,4.2244984981058415
RWA-fed(KEN+TZA+UGA),2009,5,broad_money,2014,lgbm_blind,18.9488961574076,3.909380217059292
RWA-fed(KEN+TZA+UGA),2009,5,broad_money,2014,lgbm_lag,18.9488961574076,3.909380217059292
RWA-fed(KEN+TZA+UGA),2009,5,broad_money,2014,lgbm_typed,18.9488961574076,3.909380217059292
RWA-fed(KEN+TZA+UGA),2009,5,broad_money,2014,tft,18.9488961574076,3.3838374492166814
RWA-fed(KEN+TZA+UGA),2009,5,broad_money,2014,tgcn,18.9488961574076,
RWA-fed(KEN+TZA+UGA),2009,5,broad_money,2014,persistence_scarcity,18.9488961574076,5.425635546950032
RWA-fed(KEN+TZA+UGA),2009,5,broad_money,2014,chronos_scarcity,18.9488961574076,3.5978457705016424
RWA-fed(KEN+TZA+UGA),2009,5,broad_money,2014,gnn_scarcity,18.9488961574076,3.2189862605570134
RWA-fed(KEN+TZA+UGA),2009,1,private_credit,2010,persistence,11.4913039096026,0.33101997009389983
RWA-fed(KEN+TZA+UGA),2009,1,private_credit,2010,arima,11.4913039096026,0.003480975945295839
RWA-fed(KEN+TZA+UGA),2009,1,private_credit,2010,chronos,11.4913039096026,0.5009283908037716
RWA-fed(KEN+TZA+UGA),2009,1,private_credit,2010,xgb_blind,11.4913039096026,0.26234768706842004
RWA-fed(KEN+TZA+UGA),2009,1,private_credit,2010,xgb_lag,11.4913039096026,2.992530334773498
RWA-fed(KEN+TZA+UGA),2009,1,private_credit,2010,xgb_typed,11.4913039096026,0.7485461346478886
RWA-fed(KEN+TZA+UGA),2009,1,private_credit,2010,lgbm_blind,11.4913039096026,2.4347354626903357
RWA-fed(KEN+TZA+UGA),2009,1,private_credit,2010,lgbm_lag,11.4913039096026,2.4347354626903357
RWA-fed(KEN+TZA+UGA),2009,1,private_credit,2010,lgbm_typed,11.4913039096026,2.4347354626903357
RWA-fed(KEN+TZA+UGA),2009,1,private_credit,2010,tft,11.4913039096026,0.20173882323785364
RWA-fed(KEN+TZA+UGA),2009,1,private_credit,2010,tgcn,11.4913039096026,
RWA-fed(KEN+TZA+UGA),2009,1,private_credit,2010,persistence_scarcity,11.4913039096026,1.07190713516348
RWA-fed(KEN+TZA+UGA),2009,1,private_credit,2010,chronos_scarcity,11.4913039096026,0.121436964897633
RWA-fed(KEN+TZA+UGA),2009,1,private_credit,2010,gnn_scarcity,11.4913039096026,0.12445496398492395
RWA-fed(KEN+TZA+UGA),2009,3,private_credit,2012,persistence,15.751520287001,4.5912363474923
RWA-fed(KEN+TZA+UGA),2009,3,private_credit,2012,arima,15.751520287001,4.299797665482743
RWA-fed(KEN+TZA+UGA),2009,3,private_credit,2012,chronos,15.751520287001,5.679742943251
RWA-fed(KEN+TZA+UGA),2009,3,private_credit,2012,xgb_blind,15.751520287001,5.0378419270156485
RWA-fed(KEN+TZA+UGA),2009,3,private_credit,2012,xgb_lag,15.751520287001,6.162073265516625
RWA-fed(KEN+TZA+UGA),2009,3,private_credit,2012,xgb_typed,15.751520287001,3.766274582350121
RWA-fed(KEN+TZA+UGA),2009,3,private_credit,2012,lgbm_blind,15.751520287001,6.264465013383985
RWA-fed(KEN+TZA+UGA),2009,3,private_credit,2012,lgbm_lag,15.751520287001,6.264465013383985
RWA-fed(KEN+TZA+UGA),2009,3,private_credit,2012,lgbm_typed,15.751520287001,6.264465013383985
RWA-fed(KEN+TZA+UGA),2009,3,private_credit,2012,tft,15.751520287001,4.279782425367699
RWA-fed(KEN+TZA+UGA),2009,3,private_credit,2012,tgcn,15.751520287001,
RWA-fed(KEN+TZA+UGA),2009,3,private_credit,2012,persistence_scarcity,15.751520287001,3.906705910499655
RWA-fed(KEN+TZA+UGA),2009,3,private_credit,2012,chronos_scarcity,15.751520287001,1.6048687890718512
RWA-fed(KEN+TZA+UGA),2009,3,private_credit,2012,gnn_scarcity,15.751520287001,5.696641098463402
RWA-fed(KEN+TZA+UGA),2009,5,private_credit,2014,persistence,17.6303961518493,6.4701122123406005
RWA-fed(KEN+TZA+UGA),2009,5,private_credit,2014,arima,17.6303961518493,6.1796654319460576
RWA-fed(KEN+TZA+UGA),2009,5,private_credit,2014,chronos,17.6303961518493,8.378797793695004
RWA-fed(KEN+TZA+UGA),2009,5,private_credit,2014,xgb_blind,17.6303961518493,7.616853022882015
RWA-fed(KEN+TZA+UGA),2009,5,private_credit,2014,xgb_lag,17.6303961518493,7.102447772332699
RWA-fed(KEN+TZA+UGA),2009,5,private_credit,2014,xgb_typed,17.6303961518493,6.074154162713558
RWA-fed(KEN+TZA+UGA),2009,5,private_credit,2014,lgbm_blind,17.6303961518493,7.959161798465919
RWA-fed(KEN+TZA+UGA),2009,5,private_credit,2014,lgbm_lag,17.6303961518493,7.959161798465919
RWA-fed(KEN+TZA+UGA),2009,5,private_credit,2014,lgbm_typed,17.6303961518493,7.959161798465919
RWA-fed(KEN+TZA+UGA),2009,5,private_credit,2014,tft,17.6303961518493,5.914800906487972
RWA-fed(KEN+TZA+UGA),2009,5,private_credit,2014,tgcn,17.6303961518493,
RWA-fed(KEN+TZA+UGA),2009,5,private_credit,2014,persistence_scarcity,17.6303961518493,4.443422444503076
RWA-fed(KEN+TZA+UGA),2009,5,private_credit,2014,chronos_scarcity,17.6303961518493,5.404695575107999
RWA-fed(KEN+TZA+UGA),2009,5,private_credit,2014,gnn_scarcity,17.6303961518493,6.774560237237484
RWA-fed(KEN+TZA+UGA),2009,1,govt_consumption,2010,persistence,13.0834898136764,0.3286255047668991
RWA-fed(KEN+TZA+UGA),2009,1,govt_consumption,2010,arima,13.0834898136764,0.2756963532190877
RWA-fed(KEN+TZA+UGA),2009,1,govt_consumption,2010,chronos,13.0834898136764,0.8466142796187821
RWA-fed(KEN+TZA+UGA),2009,1,govt_consumption,2010,xgb_blind,13.0834898136764,2.8721071101517257
RWA-fed(KEN+TZA+UGA),2009,1,govt_consumption,2010,xgb_lag,13.0834898136764,0.2756963532190877
RWA-fed(KEN+TZA+UGA),2009,1,govt_consumption,2010,xgb_typed,13.0834898136764,0.2756963532190877
RWA-fed(KEN+TZA+UGA),2009,1,govt_consumption,2010,lgbm_blind,13.0834898136764,0.8433352579596001
RWA-fed(KEN+TZA+UGA),2009,1,govt_consumption,2010,lgbm_lag,13.0834898136764,0.2756963532190877
RWA-fed(KEN+TZA+UGA),2009,1,govt_consumption,2010,lgbm_typed,13.0834898136764,0.2756963532190877
RWA-fed(KEN+TZA+UGA),2009,1,govt_consumption,2010,tft,13.0834898136764,0.32002297865442664
RWA-fed(KEN+TZA+UGA),2009,1,govt_consumption,2010,tgcn,13.0834898136764,
RWA-fed(KEN+TZA+UGA),2009,1,govt_consumption,2010,persistence_scarcity,13.0834898136764,0.3286255047668991
RWA-fed(KEN+TZA+UGA),2009,1,govt_consumption,2010,chronos_scarcity,13.0834898136764,0.8466142796187821
RWA-fed(KEN+TZA+UGA),2009,1,govt_consumption,2010,gnn_scarcity,13.0834898136764,0.5787921763748702
RWA-fed(KEN+TZA+UGA),2009,3,govt_consumption,2012,persistence,12.9526437680734,0.19777945916390038
RWA-fed(KEN+TZA+UGA),2009,3,govt_consumption,2012,arima,12.9526437680734,0.13822778859872997
RWA-fed(KEN+TZA+UGA),2009,3,govt_consumption,2012,chronos,12.9526437680734,0.7157682340157834
RWA-fed(KEN+TZA+UGA),2009,3,govt_consumption,2012,xgb_blind,12.9526437680734,0.32669200110562713
RWA-fed(KEN+TZA+UGA),2009,3,govt_consumption,2012,xgb_lag,12.9526437680734,0.13822778859872997
RWA-fed(KEN+TZA+UGA),2009,3,govt_consumption,2012,xgb_typed,12.9526437680734,0.13822778859872997
RWA-fed(KEN+TZA+UGA),2009,3,govt_consumption,2012,lgbm_blind,12.9526437680734,1.0516079925215838
RWA-fed(KEN+TZA+UGA),2009,3,govt_consumption,2012,lgbm_lag,12.9526437680734,0.13822778859872997
RWA-fed(KEN+TZA+UGA),2009,3,govt_consumption,2012,lgbm_typed,12.9526437680734,0.13822778859872997
RWA-fed(KEN+TZA+UGA),2009,3,govt_consumption,2012,tft,12.9526437680734,0.19550170111783416
RWA-fed(KEN+TZA+UGA),2009,3,govt_consumption,2012,tgcn,12.9526437680734,
RWA-fed(KEN+TZA+UGA),2009,3,govt_consumption,2012,persistence_scarcity,12.9526437680734,0.19777945916390038
RWA-fed(KEN+TZA+UGA),2009,3,govt_consumption,2012,chronos_scarcity,12.9526437680734,0.7157682340157834
RWA-fed(KEN+TZA+UGA),2009,3,govt_consumption,2012,gnn_scarcity,12.9526437680734,1.3821769793020877
RWA-fed(KEN+TZA+UGA),2009,5,govt_consumption,2014,persistence,14.2814464949749,1.526582186065399
RWA-fed(KEN+TZA+UGA),2009,5,govt_consumption,2014,arima,14.2814464949749,1.4669467427913094
RWA-fed(KEN+TZA+UGA),2009,5,govt_consumption,2014,chronos,14.2814464949749,2.497792282023239
RWA-fed(KEN+TZA+UGA),2009,5,govt_consumption,2014,xgb_blind,14.2814464949749,0.4047890090129851
RWA-fed(KEN+TZA+UGA),2009,5,govt_consumption,2014,xgb_lag,14.2814464949749,1.4669467427913094
RWA-fed(KEN+TZA+UGA),2009,5,govt_consumption,2014,xgb_typed,14.2814464949749,1.4669467427913094
RWA-fed(KEN+TZA+UGA),2009,5,govt_consumption,2014,lgbm_blind,14.2814464949749,0.11170543662528942
RWA-fed(KEN+TZA+UGA),2009,5,govt_consumption,2014,lgbm_lag,14.2814464949749,1.4669467427913094
RWA-fed(KEN+TZA+UGA),2009,5,govt_consumption,2014,lgbm_typed,14.2814464949749,1.4669467427913094
RWA-fed(KEN+TZA+UGA),2009,5,govt_consumption,2014,tft,14.2814464949749,1.5154400252483367
RWA-fed(KEN+TZA+UGA),2009,5,govt_consumption,2014,tgcn,14.2814464949749,
RWA-fed(KEN+TZA+UGA),2009,5,govt_consumption,2014,persistence_scarcity,14.2814464949749,1.526582186065399
RWA-fed(KEN+TZA+UGA),2009,5,govt_consumption,2014,chronos_scarcity,14.2814464949749,2.497792282023239
RWA-fed(KEN+TZA+UGA),2009,5,govt_consumption,2014,gnn_scarcity,14.2814464949749,0.03956981667060866
RWA-fed(KEN+TZA+UGA),2010,1,gdp_growth,2011,persistence,7.95838869847094,0.6237322484034102
RWA-fed(KEN+TZA+UGA),2010,1,gdp_growth,2011,arima,7.95838869847094,1.156201126544806
RWA-fed(KEN+TZA+UGA),2010,1,gdp_growth,2011,chronos,7.95838869847094,0.8662194136503834
RWA-fed(KEN+TZA+UGA),2010,1,gdp_growth,2011,xgb_blind,7.95838869847094,2.433071029556145
RWA-fed(KEN+TZA+UGA),2010,1,gdp_growth,2011,xgb_lag,7.95838869847094,1.156201126544806
RWA-fed(KEN+TZA+UGA),2010,1,gdp_growth,2011,xgb_typed,7.95838869847094,1.156201126544806
RWA-fed(KEN+TZA+UGA),2010,1,gdp_growth,2011,lgbm_blind,7.95838869847094,2.4228041056517258
RWA-fed(KEN+TZA+UGA),2010,1,gdp_growth,2011,lgbm_lag,7.95838869847094,1.156201126544806
RWA-fed(KEN+TZA+UGA),2010,1,gdp_growth,2011,lgbm_typed,7.95838869847094,1.156201126544806
RWA-fed(KEN+TZA+UGA),2010,1,gdp_growth,2011,tft,7.95838869847094,0.01894606388842046
RWA-fed(KEN+TZA+UGA),2010,1,gdp_growth,2011,tgcn,7.95838869847094,
RWA-fed(KEN+TZA+UGA),2010,1,gdp_growth,2011,persistence_scarcity,7.95838869847094,0.6237322484034102
RWA-fed(KEN+TZA+UGA),2010,1,gdp_growth,2011,chronos_scarcity,7.95838869847094,0.8662194136503834
RWA-fed(KEN+TZA+UGA),2010,1,gdp_growth,2011,gnn_scarcity,7.95838869847094,3.9290384177092212
RWA-fed(KEN+TZA+UGA),2010,3,gdp_growth,2013,persistence,4.71984856978263,2.6148078802849
RWA-fed(KEN+TZA+UGA),2010,3,gdp_growth,2013,arima,4.71984856978263,2.2154042743681392
RWA-fed(KEN+TZA+UGA),2010,3,gdp_growth,2013,chronos,4.71984856978263,1.5524178181568233
RWA-fed(KEN+TZA+UGA),2010,3,gdp_growth,2013,xgb_blind,4.71984856978263,0.5085211430469601
RWA-fed(KEN+TZA+UGA),2010,3,gdp_growth,2013,xgb_lag,4.71984856978263,2.2154042743681392
RWA-fed(KEN+TZA+UGA),2010,3,gdp_growth,2013,xgb_typed,4.71984856978263,2.2154042743681392
RWA-fed(KEN+TZA+UGA),2010,3,gdp_growth,2013,lgbm_blind,4.71984856978263,1.2442262405633375
RWA-fed(KEN+TZA+UGA),2010,3,gdp_growth,2013,lgbm_lag,4.71984856978263,2.2154042743681392
RWA-fed(KEN+TZA+UGA),2010,3,gdp_growth,2013,lgbm_typed,4.71984856978263,2.2154042743681392
RWA-fed(KEN+TZA+UGA),2010,3,gdp_growth,2013,tft,4.71984856978263,3.1381250058094112
RWA-fed(KEN+TZA+UGA),2010,3,gdp_growth,2013,tgcn,4.71984856978263,
RWA-fed(KEN+TZA+UGA),2010,3,gdp_growth,2013,persistence_scarcity,4.71984856978263,2.6148078802849
RWA-fed(KEN+TZA+UGA),2010,3,gdp_growth,2013,chronos_scarcity,4.71984856978263,1.5524178181568233
RWA-fed(KEN+TZA+UGA),2010,3,gdp_growth,2013,gnn_scarcity,4.71984856978263,3.8978014622608272
RWA-fed(KEN+TZA+UGA),2010,5,gdp_growth,2015,persistence,8.8568555974538,1.52219914738627
RWA-fed(KEN+TZA+UGA),2010,5,gdp_growth,2015,arima,8.8568555974538,1.8896377675260485
RWA-fed(KEN+TZA+UGA),2010,5,gdp_growth,2015,chronos,8.8568555974538,2.953542914348331
RWA-fed(KEN+TZA+UGA),2010,5,gdp_growth,2015,xgb_blind,8.8568555974538,3.0020959043080477
RWA-fed(KEN+TZA+UGA),2010,5,gdp_growth,2015,xgb_lag,8.8568555974538,1.8896377675260485
RWA-fed(KEN+TZA+UGA),2010,5,gdp_growth,2015,xgb_typed,8.8568555974538,1.8896377675260485
RWA-fed(KEN+TZA+UGA),2010,5,gdp_growth,2015,lgbm_blind,8.8568555974538,1.5000259465401502
RWA-fed(KEN+TZA+UGA),2010,5,gdp_growth,2015,lgbm_lag,8.8568555974538,1.8896377675260485
RWA-fed(KEN+TZA+UGA),2010,5,gdp_growth,2015,lgbm_typed,8.8568555974538,1.8896377675260485
RWA-fed(KEN+TZA+UGA),2010,5,gdp_growth,2015,tft,8.8568555974538,1.0636250638539462
RWA-fed(KEN+TZA+UGA),2010,5,gdp_growth,2015,tgcn,8.8568555974538,
RWA-fed(KEN+TZA+UGA),2010,5,gdp_growth,2015,persistence_scarcity,8.8568555974538,1.52219914738627
RWA-fed(KEN+TZA+UGA),2010,5,gdp_growth,2015,chronos_scarcity,8.8568555974538,2.953542914348331
RWA-fed(KEN+TZA+UGA),2010,5,gdp_growth,2015,gnn_scarcity,8.8568555974538,1.6903211736256747
RWA-fed(KEN+TZA+UGA),2010,1,inflation_cpi,2011,persistence,3.0801706924026,3.326299385839534
RWA-fed(KEN+TZA+UGA),2010,1,inflation_cpi,2011,arima,3.0801706924026,2.925341807363921
RWA-fed(KEN+TZA+UGA),2010,1,inflation_cpi,2011,chronos,3.0801706924026,1.041284500163318
RWA-fed(KEN+TZA+UGA),2010,1,inflation_cpi,2011,xgb_blind,3.0801706924026,0.4810895309860719
RWA-fed(KEN+TZA+UGA),2010,1,inflation_cpi,2011,xgb_lag,3.0801706924026,2.925341807363921
RWA-fed(KEN+TZA+UGA),2010,1,inflation_cpi,2011,xgb_typed,3.0801706924026,2.925341807363921
RWA-fed(KEN+TZA+UGA),2010,1,inflation_cpi,2011,lgbm_blind,3.0801706924026,5.5968881287689225
RWA-fed(KEN+TZA+UGA),2010,1,inflation_cpi,2011,lgbm_lag,3.0801706924026,2.925341807363921
RWA-fed(KEN+TZA+UGA),2010,1,inflation_cpi,2011,lgbm_typed,3.0801706924026,2.925341807363921
RWA-fed(KEN+TZA+UGA),2010,1,inflation_cpi,2011,tft,3.0801706924026,0.24402612308812266
RWA-fed(KEN+TZA+UGA),2010,1,inflation_cpi,2011,tgcn,3.0801706924026,
RWA-fed(KEN+TZA+UGA),2010,1,inflation_cpi,2011,persistence_scarcity,3.0801706924026,3.326299385839534
RWA-fed(KEN+TZA+UGA),2010,1,inflation_cpi,2011,chronos_scarcity,3.0801706924026,1.041284500163318
RWA-fed(KEN+TZA+UGA),2010,1,inflation_cpi,2011,gnn_scarcity,3.0801706924026,4.983401237529041
RWA-fed(KEN+TZA+UGA),2010,3,inflation_cpi,2013,persistence,5.92426867984854,6.170397373285474
RWA-fed(KEN+TZA+UGA),2010,3,inflation_cpi,2013,arima,5.92426867984854,1.477423880323597
RWA-fed(KEN+TZA+UGA),2010,3,inflation_cpi,2013,chronos,5.92426867984854,1.515267806282866
RWA-fed(KEN+TZA+UGA),2010,3,inflation_cpi,2013,xgb_blind,5.92426867984854,6.876880688437593
RWA-fed(KEN+TZA+UGA),2010,3,inflation_cpi,2013,xgb_lag,5.92426867984854,1.477423880323597
RWA-fed(KEN+TZA+UGA),2010,3,inflation_cpi,2013,xgb_typed,5.92426867984854,1.477423880323597
RWA-fed(KEN+TZA+UGA),2010,3,inflation_cpi,2013,lgbm_blind,5.92426867984854,2.09482020351831
RWA-fed(KEN+TZA+UGA),2010,3,inflation_cpi,2013,lgbm_lag,5.92426867984854,1.477423880323597
RWA-fed(KEN+TZA+UGA),2010,3,inflation_cpi,2013,lgbm_typed,5.92426867984854,1.477423880323597
RWA-fed(KEN+TZA+UGA),2010,3,inflation_cpi,2013,tft,5.92426867984854,2.018494171866548
RWA-fed(KEN+TZA+UGA),2010,3,inflation_cpi,2013,tgcn,5.92426867984854,
RWA-fed(KEN+TZA+UGA),2010,3,inflation_cpi,2013,persistence_scarcity,5.92426867984854,6.170397373285474
RWA-fed(KEN+TZA+UGA),2010,3,inflation_cpi,2013,chronos_scarcity,5.92426867984854,1.515267806282866
RWA-fed(KEN+TZA+UGA),2010,3,inflation_cpi,2013,gnn_scarcity,5.92426867984854,3.7642431686011673
RWA-fed(KEN+TZA+UGA),2010,5,inflation_cpi,2015,persistence,2.52850284192421,2.774631535361144
RWA-fed(KEN+TZA+UGA),2010,5,inflation_cpi,2015,arima,2.52850284192421,1.5682216024437068
RWA-fed(KEN+TZA+UGA),2010,5,inflation_cpi,2015,chronos,2.52850284192421,4.4044910469307705
RWA-fed(KEN+TZA+UGA),2010,5,inflation_cpi,2015,xgb_blind,2.52850284192421,2.0889376005873874
RWA-fed(KEN+TZA+UGA),2010,5,inflation_cpi,2015,xgb_lag,2.52850284192421,1.5682216024437068
RWA-fed(KEN+TZA+UGA),2010,5,inflation_cpi,2015,xgb_typed,2.52850284192421,1.5682216024437068
RWA-fed(KEN+TZA+UGA),2010,5,inflation_cpi,2015,lgbm_blind,2.52850284192421,4.9486735030292675
RWA-fed(KEN+TZA+UGA),2010,5,inflation_cpi,2015,lgbm_lag,2.52850284192421,1.5682216024437068
RWA-fed(KEN+TZA+UGA),2010,5,inflation_cpi,2015,lgbm_typed,2.52850284192421,1.5682216024437068
RWA-fed(KEN+TZA+UGA),2010,5,inflation_cpi,2015,tft,2.52850284192421,6.1521106758370205
RWA-fed(KEN+TZA+UGA),2010,5,inflation_cpi,2015,tgcn,2.52850284192421,
RWA-fed(KEN+TZA+UGA),2010,5,inflation_cpi,2015,persistence_scarcity,2.52850284192421,2.774631535361144
RWA-fed(KEN+TZA+UGA),2010,5,inflation_cpi,2015,chronos_scarcity,2.52850284192421,4.4044910469307705
RWA-fed(KEN+TZA+UGA),2010,5,inflation_cpi,2015,gnn_scarcity,2.52850284192421,6.6460987129463955
RWA-fed(KEN+TZA+UGA),2010,1,unemployment,2011,persistence,11.756,0.11899999999999977
RWA-fed(KEN+TZA+UGA),2010,1,unemployment,2011,arima,11.756,0.11639976957716591
RWA-fed(KEN+TZA+UGA),2010,1,unemployment,2011,chronos,11.756,0.13658662414550804
RWA-fed(KEN+TZA+UGA),2010,1,unemployment,2011,xgb_blind,11.756,0.0736832199096682
RWA-fed(KEN+TZA+UGA),2010,1,unemployment,2011,xgb_lag,11.756,0.11639976957716591
RWA-fed(KEN+TZA+UGA),2010,1,unemployment,2011,xgb_typed,11.756,0.11639976957716591
RWA-fed(KEN+TZA+UGA),2010,1,unemployment,2011,lgbm_blind,11.756,0.0458499011993414
RWA-fed(KEN+TZA+UGA),2010,1,unemployment,2011,lgbm_lag,11.756,0.11639976957716591
RWA-fed(KEN+TZA+UGA),2010,1,unemployment,2011,lgbm_typed,11.756,0.11639976957716591
RWA-fed(KEN+TZA+UGA),2010,1,unemployment,2011,tft,11.756,0.11263414001464866
RWA-fed(KEN+TZA+UGA),2010,1,unemployment,2011,tgcn,11.756,
RWA-fed(KEN+TZA+UGA),2010,1,unemployment,2011,persistence_scarcity,11.756,0.11899999999999977
RWA-fed(KEN+TZA+UGA),2010,1,unemployment,2011,chronos_scarcity,11.756,0.13658662414550804
RWA-fed(KEN+TZA+UGA),2010,1,unemployment,2011,gnn_scarcity,11.756,0.041276412963867415
RWA-fed(KEN+TZA+UGA),2010,3,unemployment,2013,persistence,11.768,0.13100000000000023
RWA-fed(KEN+TZA+UGA),2010,3,unemployment,2013,arima,11.768,0.127714248379867
RWA-fed(KEN+TZA+UGA),2010,3,unemployment,2013,chronos,11.768,0.1485866241455085
RWA-fed(KEN+TZA+UGA),2010,3,unemployment,2013,xgb_blind,11.768,0.17232071685791084
RWA-fed(KEN+TZA+UGA),2010,3,unemployment,2013,xgb_lag,11.768,0.127714248379867
RWA-fed(KEN+TZA+UGA),2010,3,unemployment,2013,xgb_typed,11.768,0.127714248379867
RWA-fed(KEN+TZA+UGA),2010,3,unemployment,2013,lgbm_blind,11.768,0.11499991014268751
RWA-fed(KEN+TZA+UGA),2010,3,unemployment,2013,lgbm_lag,11.768,0.127714248379867
RWA-fed(KEN+TZA+UGA),2010,3,unemployment,2013,lgbm_typed,11.768,0.127714248379867
RWA-fed(KEN+TZA+UGA),2010,3,unemployment,2013,tft,11.768,0.10400234985351631
RWA-fed(KEN+TZA+UGA),2010,3,unemployment,2013,tgcn,11.768,
RWA-fed(KEN+TZA+UGA),2010,3,unemployment,2013,persistence_scarcity,11.768,0.13100000000000023
RWA-fed(KEN+TZA+UGA),2010,3,unemployment,2013,chronos_scarcity,11.768,0.1485866241455085
RWA-fed(KEN+TZA+UGA),2010,3,unemployment,2013,gnn_scarcity,11.768,0.04911483001708916
RWA-fed(KEN+TZA+UGA),2010,5,unemployment,2015,persistence,11.831,0.19399999999999906
RWA-fed(KEN+TZA+UGA),2010,5,unemployment,2015,arima,11.831,0.19068206126374854
RWA-fed(KEN+TZA+UGA),2010,5,unemployment,2015,chronos,11.831,0.0394474563598628
RWA-fed(KEN+TZA+UGA),2010,5,unemployment,2015,xgb_blind,11.831,0.5901171264648433
RWA-fed(KEN+TZA+UGA),2010,5,unemployment,2015,xgb_lag,11.831,0.19068206126374854
RWA-fed(KEN+TZA+UGA),2010,5,unemployment,2015,xgb_typed,11.831,0.19068206126374854
RWA-fed(KEN+TZA+UGA),2010,5,unemployment,2015,lgbm_blind,11.831,0.2458123860359187
RWA-fed(KEN+TZA+UGA),2010,5,unemployment,2015,lgbm_lag,11.831,0.19068206126374854
RWA-fed(KEN+TZA+UGA),2010,5,unemployment,2015,lgbm_typed,11.831,0.19068206126374854
RWA-fed(KEN+TZA+UGA),2010,5,unemployment,2015,tft,11.831,0.16372361755371045
RWA-fed(KEN+TZA+UGA),2010,5,unemployment,2015,tgcn,11.831,
RWA-fed(KEN+TZA+UGA),2010,5,unemployment,2015,persistence_scarcity,11.831,0.19399999999999906
RWA-fed(KEN+TZA+UGA),2010,5,unemployment,2015,chronos_scarcity,11.831,0.0394474563598628
RWA-fed(KEN+TZA+UGA),2010,5,unemployment,2015,gnn_scarcity,11.831,0.0462681350708003
RWA-fed(KEN+TZA+UGA),2010,1,exports_gdp,2011,persistence,12.6588705752209,1.9161058440935008
RWA-fed(KEN+TZA+UGA),2010,1,exports_gdp,2011,arima,12.6588705752209,1.999880407258253
RWA-fed(KEN+TZA+UGA),2010,1,exports_gdp,2011,chronos,12.6588705752209,1.857332107813674
RWA-fed(KEN+TZA+UGA),2010,1,exports_gdp,2011,xgb_blind,12.6588705752209,0.808483001978713
RWA-fed(KEN+TZA+UGA),2010,1,exports_gdp,2011,xgb_lag,12.6588705752209,1.999880407258253
RWA-fed(KEN+TZA+UGA),2010,1,exports_gdp,2011,xgb_typed,12.6588705752209,1.999880407258253
RWA-fed(KEN+TZA+UGA),2010,1,exports_gdp,2011,lgbm_blind,12.6588705752209,4.710895058901626
RWA-fed(KEN+TZA+UGA),2010,1,exports_gdp,2011,lgbm_lag,12.6588705752209,1.999880407258253
RWA-fed(KEN+TZA+UGA),2010,1,exports_gdp,2011,lgbm_typed,12.6588705752209,1.999880407258253
RWA-fed(KEN+TZA+UGA),2010,1,exports_gdp,2011,tft,12.6588705752209,1.330659744532424
RWA-fed(KEN+TZA+UGA),2010,1,exports_gdp,2011,tgcn,12.6588705752209,
RWA-fed(KEN+TZA+UGA),2010,1,exports_gdp,2011,persistence_scarcity,12.6588705752209,1.9161058440935008
RWA-fed(KEN+TZA+UGA),2010,1,exports_gdp,2011,chronos_scarcity,12.6588705752209,1.857332107813674
RWA-fed(KEN+TZA+UGA),2010,1,exports_gdp,2011,gnn_scarcity,12.6588705752209,5.015349266321975
RWA-fed(KEN+TZA+UGA),2010,3,exports_gdp,2013,persistence,13.4925358045666,2.7497710734392005
RWA-fed(KEN+TZA+UGA),2010,3,exports_gdp,2013,arima,13.4925358045666,2.8190192171388713
RWA-fed(KEN+TZA+UGA),2010,3,exports_gdp,2013,chronos,13.4925358045666,3.409182761964061
RWA-fed(KEN+TZA+UGA),2010,3,exports_gdp,2013,xgb_blind,13.4925358045666,2.887364600953319
RWA-fed(KEN+TZA+UGA),2010,3,exports_gdp,2013,xgb_lag,13.4925358045666,2.8190192171388713
RWA-fed(KEN+TZA+UGA),2010,3,exports_gdp,2013,xgb_typed,13.4925358045666,2.8190192171388713
RWA-fed(KEN+TZA+UGA),2010,3,exports_gdp,2013,lgbm_blind,13.4925358045666,5.377285932358959
RWA-fed(KEN+TZA+UGA),2010,3,exports_gdp,2013,lgbm_lag,13.4925358045666,2.8190192171388713
RWA-fed(KEN+TZA+UGA),2010,3,exports_gdp,2013,lgbm_typed,13.4925358045666,2.8190192171388713
RWA-fed(KEN+TZA+UGA),2010,3,exports_gdp,2013,tft,13.4925358045666,2.3780224073498033
RWA-fed(KEN+TZA+UGA),2010,3,exports_gdp,2013,tgcn,13.4925358045666,
RWA-fed(KEN+TZA+UGA),2010,3,exports_gdp,2013,persistence_scarcity,13.4925358045666,2.7497710734392005
RWA-fed(KEN+TZA+UGA),2010,3,exports_gdp,2013,chronos_scarcity,13.4925358045666,3.409182761964061
RWA-fed(KEN+TZA+UGA),2010,3,exports_gdp,2013,gnn_scarcity,13.4925358045666,5.0628397214977525
RWA-fed(KEN+TZA+UGA),2010,5,exports_gdp,2015,persistence,13.2317868359616,2.4890221048342003
RWA-fed(KEN+TZA+UGA),2010,5,exports_gdp,2015,arima,13.2317868359616,2.5575463667574034
RWA-fed(KEN+TZA+UGA),2010,5,exports_gdp,2015,chronos,13.2317868359616,4.78590117769744
RWA-fed(KEN+TZA+UGA),2010,5,exports_gdp,2015,xgb_blind,13.2317868359616,6.155009377770682
RWA-fed(KEN+TZA+UGA),2010,5,exports_gdp,2015,xgb_lag,13.2317868359616,2.5575463667574034
RWA-fed(KEN+TZA+UGA),2010,5,exports_gdp,2015,xgb_typed,13.2317868359616,2.5575463667574034
RWA-fed(KEN+TZA+UGA),2010,5,exports_gdp,2015,lgbm_blind,13.2317868359616,4.819495219760199
RWA-fed(KEN+TZA+UGA),2010,5,exports_gdp,2015,lgbm_lag,13.2317868359616,2.5575463667574034
RWA-fed(KEN+TZA+UGA),2010,5,exports_gdp,2015,lgbm_typed,13.2317868359616,2.5575463667574034
RWA-fed(KEN+TZA+UGA),2010,5,exports_gdp,2015,tft,13.2317868359616,2.221385110192557
RWA-fed(KEN+TZA+UGA),2010,5,exports_gdp,2015,tgcn,13.2317868359616,
RWA-fed(KEN+TZA+UGA),2010,5,exports_gdp,2015,persistence_scarcity,13.2317868359616,2.4890221048342003
RWA-fed(KEN+TZA+UGA),2010,5,exports_gdp,2015,chronos_scarcity,13.2317868359616,4.78590117769744
RWA-fed(KEN+TZA+UGA),2010,5,exports_gdp,2015,gnn_scarcity,13.2317868359616,5.050729859643241
RWA-fed(KEN+TZA+UGA),2010,1,imports_gdp,2011,persistence,27.0572319022891,0.5211175410813986
RWA-fed(KEN+TZA+UGA),2010,1,imports_gdp,2011,arima,27.0572319022891,0.5645802110775264
RWA-fed(KEN+TZA+UGA),2010,1,imports_gdp,2011,chronos,27.0572319022891,1.1142463676211314
RWA-fed(KEN+TZA+UGA),2010,1,imports_gdp,2011,xgb_blind,27.0572319022891,2.165613173651405
RWA-fed(KEN+TZA+UGA),2010,1,imports_gdp,2011,xgb_lag,27.0572319022891,0.5645802110775264
RWA-fed(KEN+TZA+UGA),2010,1,imports_gdp,2011,xgb_typed,27.0572319022891,0.5645802110775264
RWA-fed(KEN+TZA+UGA),2010,1,imports_gdp,2011,lgbm_blind,27.0572319022891,1.9582458488223047
RWA-fed(KEN+TZA+UGA),2010,1,imports_gdp,2011,lgbm_lag,27.0572319022891,0.5645802110775264
RWA-fed(KEN+TZA+UGA),2010,1,imports_gdp,2011,lgbm_typed,27.0572319022891,0.5645802110775264
RWA-fed(KEN+TZA+UGA),2010,1,imports_gdp,2011,tft,27.0572319022891,0.4531612388369517
RWA-fed(KEN+TZA+UGA),2010,1,imports_gdp,2011,tgcn,27.0572319022891,
RWA-fed(KEN+TZA+UGA),2010,1,imports_gdp,2011,persistence_scarcity,27.0572319022891,0.5211175410813986
RWA-fed(KEN+TZA+UGA),2010,1,imports_gdp,2011,chronos_scarcity,27.0572319022891,1.1142463676211314
RWA-fed(KEN+TZA+UGA),2010,1,imports_gdp,2011,gnn_scarcity,27.0572319022891,3.20842933576078
RWA-fed(KEN+TZA+UGA),2010,3,imports_gdp,2013,persistence,29.2009566249696,2.664842263761898
RWA-fed(KEN+TZA+UGA),2010,3,imports_gdp,2013,arima,29.2009566249696,2.6975773417614626
RWA-fed(KEN+TZA+UGA),2010,3,imports_gdp,2013,chronos,29.2009566249696,4.429001134857295
RWA-fed(KEN+TZA+UGA),2010,3,imports_gdp,2013,xgb_blind,29.2009566249696,3.578501028045771
RWA-fed(KEN+TZA+UGA),2010,3,imports_gdp,2013,xgb_lag,29.2009566249696,2.6975773417614626
RWA-fed(KEN+TZA+UGA),2010,3,imports_gdp,2013,xgb_typed,29.2009566249696,2.6975773417614626
RWA-fed(KEN+TZA+UGA),2010,3,imports_gdp,2013,lgbm_blind,29.2009566249696,3.3308836243795916
RWA-fed(KEN+TZA+UGA),2010,3,imports_gdp,2013,lgbm_lag,29.2009566249696,2.6975773417614626
RWA-fed(KEN+TZA+UGA),2010,3,imports_gdp,2013,lgbm_typed,29.2009566249696,2.6975773417614626
RWA-fed(KEN+TZA+UGA),2010,3,imports_gdp,2013,tft,29.2009566249696,2.450155538543818
RWA-fed(KEN+TZA+UGA),2010,3,imports_gdp,2013,tgcn,29.2009566249696,
RWA-fed(KEN+TZA+UGA),2010,3,imports_gdp,2013,persistence_scarcity,29.2009566249696,2.664842263761898
RWA-fed(KEN+TZA+UGA),2010,3,imports_gdp,2013,chronos_scarcity,29.2009566249696,4.429001134857295
RWA-fed(KEN+TZA+UGA),2010,3,imports_gdp,2013,gnn_scarcity,29.2009566249696,2.4042246761170603
RWA-fed(KEN+TZA+UGA),2010,5,imports_gdp,2015,persistence,31.9701887799487,5.434074418740998
RWA-fed(KEN+TZA+UGA),2010,5,imports_gdp,2015,arima,31.9701887799487,5.46469816615517
RWA-fed(KEN+TZA+UGA),2010,5,imports_gdp,2015,chronos,31.9701887799487,7.9188696576342466
RWA-fed(KEN+TZA+UGA),2010,5,imports_gdp,2015,xgb_blind,31.9701887799487,7.344593687175262
RWA-fed(KEN+TZA+UGA),2010,5,imports_gdp,2015,xgb_lag,31.9701887799487,5.46469816615517
RWA-fed(KEN+TZA+UGA),2010,5,imports_gdp,2015,xgb_typed,31.9701887799487,5.46469816615517
RWA-fed(KEN+TZA+UGA),2010,5,imports_gdp,2015,lgbm_blind,31.9701887799487,8.197407050250519
RWA-fed(KEN+TZA+UGA),2010,5,imports_gdp,2015,lgbm_lag,31.9701887799487,5.46469816615517
RWA-fed(KEN+TZA+UGA),2010,5,imports_gdp,2015,lgbm_typed,31.9701887799487,5.46469816615517
RWA-fed(KEN+TZA+UGA),2010,5,imports_gdp,2015,tft,31.9701887799487,5.145582838176239
RWA-fed(KEN+TZA+UGA),2010,5,imports_gdp,2015,tgcn,31.9701887799487,
RWA-fed(KEN+TZA+UGA),2010,5,imports_gdp,2015,persistence_scarcity,31.9701887799487,5.434074418740998
RWA-fed(KEN+TZA+UGA),2010,5,imports_gdp,2015,chronos_scarcity,31.9701887799487,7.9188696576342466
RWA-fed(KEN+TZA+UGA),2010,5,imports_gdp,2015,gnn_scarcity,31.9701887799487,6.10578219425534
RWA-fed(KEN+TZA+UGA),2010,1,current_account,2011,persistence,-6.92834416704242,0.4114740237840495
RWA-fed(KEN+TZA+UGA),2010,1,current_account,2011,arima,-6.92834416704242,0.4114740237840495
RWA-fed(KEN+TZA+UGA),2010,1,current_account,2011,chronos,-6.92834416704242,0.43058577852313284
RWA-fed(KEN+TZA+UGA),2010,1,current_account,2011,xgb_blind,-6.92834416704242,0.4114741452223516
RWA-fed(KEN+TZA+UGA),2010,1,current_account,2011,xgb_lag,-6.92834416704242,0.4114740237840495
RWA-fed(KEN+TZA+UGA),2010,1,current_account,2011,xgb_typed,-6.92834416704242,0.4114740237840495
RWA-fed(KEN+TZA+UGA),2010,1,current_account,2011,lgbm_blind,-6.92834416704242,0.4114741452223516
RWA-fed(KEN+TZA+UGA),2010,1,current_account,2011,lgbm_lag,-6.92834416704242,0.4114740237840495
RWA-fed(KEN+TZA+UGA),2010,1,current_account,2011,lgbm_typed,-6.92834416704242,0.4114740237840495
RWA-fed(KEN+TZA+UGA),2010,1,current_account,2011,tft,-6.92834416704242,0.3421858914381719
RWA-fed(KEN+TZA+UGA),2010,1,current_account,2011,tgcn,-6.92834416704242,
RWA-fed(KEN+TZA+UGA),2010,1,current_account,2011,persistence_scarcity,-6.92834416704242,0.4114740237840495
RWA-fed(KEN+TZA+UGA),2010,1,current_account,2011,chronos_scarcity,-6.92834416704242,0.43058577852313284
RWA-fed(KEN+TZA+UGA),2010,1,current_account,2011,gnn_scarcity,-6.92834416704242,0.4114746220595098
RWA-fed(KEN+TZA+UGA),2010,3,current_account,2013,persistence,-7.48220331305966,0.9653331698012897
RWA-fed(KEN+TZA+UGA),2010,3,current_account,2013,arima,-7.48220331305966,0.9653331698012897
RWA-fed(KEN+TZA+UGA),2010,3,current_account,2013,chronos,-7.48220331305966,0.984444924540373
RWA-fed(KEN+TZA+UGA),2010,3,current_account,2013,xgb_blind,-7.48220331305966,0.9653332912395918
RWA-fed(KEN+TZA+UGA),2010,3,current_account,2013,xgb_lag,-7.48220331305966,0.9653331698012897
RWA-fed(KEN+TZA+UGA),2010,3,current_account,2013,xgb_typed,-7.48220331305966,0.9653331698012897
RWA-fed(KEN+TZA+UGA),2010,3,current_account,2013,lgbm_blind,-7.48220331305966,0.9653332912395918
RWA-fed(KEN+TZA+UGA),2010,3,current_account,2013,lgbm_lag,-7.48220331305966,0.9653331698012897
RWA-fed(KEN+TZA+UGA),2010,3,current_account,2013,lgbm_typed,-7.48220331305966,0.9653331698012897
RWA-fed(KEN+TZA+UGA),2010,3,current_account,2013,tft,-7.48220331305966,0.9229148113201582
RWA-fed(KEN+TZA+UGA),2010,3,current_account,2013,tgcn,-7.48220331305966,
RWA-fed(KEN+TZA+UGA),2010,3,current_account,2013,persistence_scarcity,-7.48220331305966,0.9653331698012897
RWA-fed(KEN+TZA+UGA),2010,3,current_account,2013,chronos_scarcity,-7.48220331305966,0.984444924540373
RWA-fed(KEN+TZA+UGA),2010,3,current_account,2013,gnn_scarcity,-7.48220331305966,0.96533376807675
RWA-fed(KEN+TZA+UGA),2010,5,current_account,2015,persistence,-12.6837769389105,6.166906795652129
RWA-fed(KEN+TZA+UGA),2010,5,current_account,2015,arima,-12.6837769389105,6.166906795652129
RWA-fed(KEN+TZA+UGA),2010,5,current_account,2015,chronos,-12.6837769389105,6.186018550391212
RWA-fed(KEN+TZA+UGA),2010,5,current_account,2015,xgb_blind,-12.6837769389105,6.166906917090431
RWA-fed(KEN+TZA+UGA),2010,5,current_account,2015,xgb_lag,-12.6837769389105,6.166906795652129
RWA-fed(KEN+TZA+UGA),2010,5,current_account,2015,xgb_typed,-12.6837769389105,6.166906795652129
RWA-fed(KEN+TZA+UGA),2010,5,current_account,2015,lgbm_blind,-12.6837769389105,6.166906917090431
RWA-fed(KEN+TZA+UGA),2010,5,current_account,2015,lgbm_lag,-12.6837769389105,6.166906795652129
RWA-fed(KEN+TZA+UGA),2010,5,current_account,2015,lgbm_typed,-12.6837769389105,6.166906795652129
RWA-fed(KEN+TZA+UGA),2010,5,current_account,2015,tft,-12.6837769389105,6.152798736090675
RWA-fed(KEN+TZA+UGA),2010,5,current_account,2015,tgcn,-12.6837769389105,
RWA-fed(KEN+TZA+UGA),2010,5,current_account,2015,persistence_scarcity,-12.6837769389105,6.166906795652129
RWA-fed(KEN+TZA+UGA),2010,5,current_account,2015,chronos_scarcity,-12.6837769389105,6.186018550391212
RWA-fed(KEN+TZA+UGA),2010,5,current_account,2015,gnn_scarcity,-12.6837769389105,6.166907393927589
RWA-fed(KEN+TZA+UGA),2010,1,real_interest_rate,2011,persistence,8.84027616090931,4.54671607485559
RWA-fed(KEN+TZA+UGA),2010,1,real_interest_rate,2011,arima,8.84027616090931,2.776865738497488
RWA-fed(KEN+TZA+UGA),2010,1,real_interest_rate,2011,chronos,8.84027616090931,0.7687515408531578
RWA-fed(KEN+TZA+UGA),2010,1,real_interest_rate,2011,xgb_blind,8.84027616090931,0.8010860293372719
RWA-fed(KEN+TZA+UGA),2010,1,real_interest_rate,2011,xgb_lag,8.84027616090931,2.776865738497488
RWA-fed(KEN+TZA+UGA),2010,1,real_interest_rate,2011,xgb_typed,8.84027616090931,2.776865738497488
RWA-fed(KEN+TZA+UGA),2010,1,real_interest_rate,2011,lgbm_blind,8.84027616090931,0.9708724231258783
RWA-fed(KEN+TZA+UGA),2010,1,real_interest_rate,2011,lgbm_lag,8.84027616090931,2.776865738497488
RWA-fed(KEN+TZA+UGA),2010,1,real_interest_rate,2011,lgbm_typed,8.84027616090931,2.776865738497488
RWA-fed(KEN+TZA+UGA),2010,1,real_interest_rate,2011,tft,8.84027616090931,7.718332847879752
RWA-fed(KEN+TZA+UGA),2010,1,real_interest_rate,2011,tgcn,8.84027616090931,
RWA-fed(KEN+TZA+UGA),2010,1,real_interest_rate,2011,persistence_scarcity,8.84027616090931,4.54671607485559
RWA-fed(KEN+TZA+UGA),2010,1,real_interest_rate,2011,chronos_scarcity,8.84027616090931,0.7687515408531578
RWA-fed(KEN+TZA+UGA),2010,1,real_interest_rate,2011,gnn_scarcity,8.84027616090931,1.4683751256004722
RWA-fed(KEN+TZA+UGA),2010,3,real_interest_rate,2013,persistence,14.2462823994154,0.859290163650499
RWA-fed(KEN+TZA+UGA),2010,3,real_interest_rate,2013,arima,14.2462823994154,2.2051960307391916
RWA-fed(KEN+TZA+UGA),2010,3,real_interest_rate,2013,chronos,14.2462823994154,7.131385625123407
RWA-fed(KEN+TZA+UGA),2010,3,real_interest_rate,2013,xgb_blind,14.2462823994154,3.959350764036749
RWA-fed(KEN+TZA+UGA),2010,3,real_interest_rate,2013,xgb_lag,14.2462823994154,2.2051960307391916
RWA-fed(KEN+TZA+UGA),2010,3,real_interest_rate,2013,xgb_typed,14.2462823994154,2.2051960307391916
RWA-fed(KEN+TZA+UGA),2010,3,real_interest_rate,2013,lgbm_blind,14.2462823994154,6.237196538898109
RWA-fed(KEN+TZA+UGA),2010,3,real_interest_rate,2013,lgbm_lag,14.2462823994154,2.2051960307391916
RWA-fed(KEN+TZA+UGA),2010,3,real_interest_rate,2013,lgbm_typed,14.2462823994154,2.2051960307391916
RWA-fed(KEN+TZA+UGA),2010,3,real_interest_rate,2013,tft,14.2462823994154,2.5824319713121398
RWA-fed(KEN+TZA+UGA),2010,3,real_interest_rate,2013,tgcn,14.2462823994154,
RWA-fed(KEN+TZA+UGA),2010,3,real_interest_rate,2013,persistence_scarcity,14.2462823994154,0.859290163650499
RWA-fed(KEN+TZA+UGA),2010,3,real_interest_rate,2013,chronos_scarcity,14.2462823994154,7.131385625123407
RWA-fed(KEN+TZA+UGA),2010,3,real_interest_rate,2013,gnn_scarcity,14.2462823994154,5.094828427552606
RWA-fed(KEN+TZA+UGA),2010,5,real_interest_rate,2015,persistence,16.7659340409904,3.378941805225498
RWA-fed(KEN+TZA+UGA),2010,5,real_interest_rate,2015,arima,16.7659340409904,4.657790756961022
RWA-fed(KEN+TZA+UGA),2010,5,real_interest_rate,2015,chronos,16.7659340409904,10.30871634766154
RWA-fed(KEN+TZA+UGA),2010,5,real_interest_rate,2015,xgb_blind,16.7659340409904,10.285555890050457
RWA-fed(KEN+TZA+UGA),2010,5,real_interest_rate,2015,xgb_lag,16.7659340409904,4.657790756961022
RWA-fed(KEN+TZA+UGA),2010,5,real_interest_rate,2015,xgb_typed,16.7659340409904,4.657790756961022
RWA-fed(KEN+TZA+UGA),2010,5,real_interest_rate,2015,lgbm_blind,16.7659340409904,8.582245527055786
RWA-fed(KEN+TZA+UGA),2010,5,real_interest_rate,2015,lgbm_lag,16.7659340409904,4.657790756961022
RWA-fed(KEN+TZA+UGA),2010,5,real_interest_rate,2015,lgbm_typed,16.7659340409904,4.657790756961022
RWA-fed(KEN+TZA+UGA),2010,5,real_interest_rate,2015,tft,16.7659340409904,0.06918329909749232
RWA-fed(KEN+TZA+UGA),2010,5,real_interest_rate,2015,tgcn,16.7659340409904,
RWA-fed(KEN+TZA+UGA),2010,5,real_interest_rate,2015,persistence_scarcity,16.7659340409904,3.378941805225498
RWA-fed(KEN+TZA+UGA),2010,5,real_interest_rate,2015,chronos_scarcity,16.7659340409904,10.30871634766154
RWA-fed(KEN+TZA+UGA),2010,5,real_interest_rate,2015,gnn_scarcity,16.7659340409904,8.177289059606121
RWA-fed(KEN+TZA+UGA),2010,1,broad_money,2011,persistence,17.3342732712618,1.7799863952827
RWA-fed(KEN+TZA+UGA),2010,1,broad_money,2011,arima,17.3342732712618,2.0433607413260813
RWA-fed(KEN+TZA+UGA),2010,1,broad_money,2011,chronos,17.3342732712618,2.4252423569551596
RWA-fed(KEN+TZA+UGA),2010,1,broad_money,2011,xgb_blind,17.3342732712618,1.9144839569917806
RWA-fed(KEN+TZA+UGA),2010,1,broad_money,2011,xgb_lag,17.3342732712618,1.4259728714815267
RWA-fed(KEN+TZA+UGA),2010,1,broad_money,2011,xgb_typed,17.3342732712618,1.0590924546114096
RWA-fed(KEN+TZA+UGA),2010,1,broad_money,2011,lgbm_blind,17.3342732712618,2.0832843586794034
RWA-fed(KEN+TZA+UGA),2010,1,broad_money,2011,lgbm_lag,17.3342732712618,2.0832843586794034
RWA-fed(KEN+TZA+UGA),2010,1,broad_money,2011,lgbm_typed,17.3342732712618,2.0832843586794034
RWA-fed(KEN+TZA+UGA),2010,1,broad_money,2011,tft,17.3342732712618,1.5153626725069174
RWA-fed(KEN+TZA+UGA),2010,1,broad_money,2011,tgcn,17.3342732712618,
RWA-fed(KEN+TZA+UGA),2010,1,broad_money,2011,persistence_scarcity,17.3342732712618,1.1267473835181718
RWA-fed(KEN+TZA+UGA),2010,1,broad_money,2011,chronos_scarcity,17.3342732712618,1.1393731512143397
RWA-fed(KEN+TZA+UGA),2010,1,broad_money,2011,gnn_scarcity,17.3342732712618,1.8768758103243002
RWA-fed(KEN+TZA+UGA),2010,3,broad_money,2013,persistence,17.9823176390729,2.4280307630937994
RWA-fed(KEN+TZA+UGA),2010,3,broad_money,2013,arima,17.9823176390729,2.646810323078366
RWA-fed(KEN+TZA+UGA),2010,3,broad_money,2013,chronos,17.9823176390729,3.1291300780377433
RWA-fed(KEN+TZA+UGA),2010,3,broad_money,2013,xgb_blind,17.9823176390729,3.302351666172509
RWA-fed(KEN+TZA+UGA),2010,3,broad_money,2013,xgb_lag,17.9823176390729,2.3348824507794426
RWA-fed(KEN+TZA+UGA),2010,3,broad_money,2013,xgb_typed,17.9823176390729,2.462658596714501
RWA-fed(KEN+TZA+UGA),2010,3,broad_money,2013,lgbm_blind,17.9823176390729,2.58476896353579
RWA-fed(KEN+TZA+UGA),2010,3,broad_money,2013,lgbm_lag,17.9823176390729,2.58476896353579
RWA-fed(KEN+TZA+UGA),2010,3,broad_money,2013,lgbm_typed,17.9823176390729,2.58476896353579
RWA-fed(KEN+TZA+UGA),2010,3,broad_money,2013,tft,17.9823176390729,2.228912068089013
RWA-fed(KEN+TZA+UGA),2010,3,broad_money,2013,tgcn,17.9823176390729,
RWA-fed(KEN+TZA+UGA),2010,3,broad_money,2013,persistence_scarcity,17.9823176390729,2.3249008099478186
RWA-fed(KEN+TZA+UGA),2010,3,broad_money,2013,chronos_scarcity,17.9823176390729,3.1490156106870923
RWA-fed(KEN+TZA+UGA),2010,3,broad_money,2013,gnn_scarcity,17.9823176390729,2.851217938145165
RWA-fed(KEN+TZA+UGA),2010,5,broad_money,2015,persistence,20.8162554781801,5.261968602201
RWA-fed(KEN+TZA+UGA),2010,5,broad_money,2015,arima,20.8162554781801,5.478668330592313
RWA-fed(KEN+TZA+UGA),2010,5,broad_money,2015,chronos,20.8162554781801,5.9072321932679905
RWA-fed(KEN+TZA+UGA),2010,5,broad_money,2015,xgb_blind,20.8162554781801,6.25186338833635
RWA-fed(KEN+TZA+UGA),2010,5,broad_money,2015,xgb_lag,20.8162554781801,5.656371979034592
RWA-fed(KEN+TZA+UGA),2010,5,broad_money,2015,xgb_typed,20.8162554781801,5.313321022308518
RWA-fed(KEN+TZA+UGA),2010,5,broad_money,2015,lgbm_blind,20.8162554781801,5.7445663493043675
RWA-fed(KEN+TZA+UGA),2010,5,broad_money,2015,lgbm_lag,20.8162554781801,5.7445663493043675
RWA-fed(KEN+TZA+UGA),2010,5,broad_money,2015,lgbm_typed,20.8162554781801,5.7445663493043675
RWA-fed(KEN+TZA+UGA),2010,5,broad_money,2015,tft,20.8162554781801,5.105212120330979
RWA-fed(KEN+TZA+UGA),2010,5,broad_money,2015,tgcn,20.8162554781801,
RWA-fed(KEN+TZA+UGA),2010,5,broad_money,2015,persistence_scarcity,20.8162554781801,4.016495813390268
RWA-fed(KEN+TZA+UGA),2010,5,broad_money,2015,chronos_scarcity,20.8162554781801,4.9824142775951135
RWA-fed(KEN+TZA+UGA),2010,5,broad_money,2015,gnn_scarcity,20.8162554781801,5.178425697601487
RWA-fed(KEN+TZA+UGA),2010,1,private_credit,2011,persistence,13.266031975479,1.7747280658764009
RWA-fed(KEN+TZA+UGA),2010,1,private_credit,2011,arima,13.266031975479,1.8250223737936064
RWA-fed(KEN+TZA+UGA),2010,1,private_credit,2011,chronos,13.266031975479,1.694779152603024
RWA-fed(KEN+TZA+UGA),2010,1,private_credit,2011,xgb_blind,13.266031975479,2.2586724707792936
RWA-fed(KEN+TZA+UGA),2010,1,private_credit,2011,xgb_lag,13.266031975479,2.3629815528105436
RWA-fed(KEN+TZA+UGA),2010,1,private_credit,2011,xgb_typed,13.266031975479,2.396831268997067
RWA-fed(KEN+TZA+UGA),2010,1,private_credit,2011,lgbm_blind,13.266031975479,4.087726778716915
RWA-fed(KEN+TZA+UGA),2010,1,private_credit,2011,lgbm_lag,13.266031975479,4.087726778716915
RWA-fed(KEN+TZA+UGA),2010,1,private_credit,2011,lgbm_typed,13.266031975479,4.087726778716915
RWA-fed(KEN+TZA+UGA),2010,1,private_credit,2011,tft,13.266031975479,1.3413302848051725
RWA-fed(KEN+TZA+UGA),2010,1,private_credit,2011,tgcn,13.266031975479,
RWA-fed(KEN+TZA+UGA),2010,1,private_credit,2011,persistence_scarcity,13.266031975479,1.5635496140998963
RWA-fed(KEN+TZA+UGA),2010,1,private_credit,2011,chronos_scarcity,13.266031975479,1.4883720592859095
RWA-fed(KEN+TZA+UGA),2010,1,private_credit,2011,gnn_scarcity,13.266031975479,1.6630046317290006
RWA-fed(KEN+TZA+UGA),2010,3,private_credit,2013,persistence,16.2164793656958,4.725175456093201
RWA-fed(KEN+TZA+UGA),2010,3,private_credit,2013,arima,16.2164793656958,4.768989220998574
RWA-fed(KEN+TZA+UGA),2010,3,private_credit,2013,chronos,16.2164793656958,5.210490290988769
RWA-fed(KEN+TZA+UGA),2010,3,private_credit,2013,xgb_blind,16.2164793656958,5.0610838578833
RWA-fed(KEN+TZA+UGA),2010,3,private_credit,2013,xgb_lag,16.2164793656958,6.137689654697265
RWA-fed(KEN+TZA+UGA),2010,3,private_credit,2013,xgb_typed,16.2164793656958,4.762743060458984
RWA-fed(KEN+TZA+UGA),2010,3,private_credit,2013,lgbm_blind,16.2164793656958,6.618076971507026
RWA-fed(KEN+TZA+UGA),2010,3,private_credit,2013,lgbm_lag,16.2164793656958,6.618076971507026
RWA-fed(KEN+TZA+UGA),2010,3,private_credit,2013,lgbm_typed,16.2164793656958,6.618076971507026
RWA-fed(KEN+TZA+UGA),2010,3,private_credit,2013,tft,16.2164793656958,4.483324115146484
RWA-fed(KEN+TZA+UGA),2010,3,private_credit,2013,tgcn,16.2164793656958,
RWA-fed(KEN+TZA+UGA),2010,3,private_credit,2013,persistence_scarcity,16.2164793656958,5.011194185303101
RWA-fed(KEN+TZA+UGA),2010,3,private_credit,2013,chronos_scarcity,16.2164793656958,3.3611674552723763
RWA-fed(KEN+TZA+UGA),2010,3,private_credit,2013,gnn_scarcity,16.2164793656958,5.169497554172363
RWA-fed(KEN+TZA+UGA),2010,5,private_credit,2015,persistence,20.9997079033272,9.508403993724599
RWA-fed(KEN+TZA+UGA),2010,5,private_credit,2015,arima,20.9997079033272,9.552068155499988
RWA-fed(KEN+TZA+UGA),2010,5,private_credit,2015,chronos,20.9997079033272,10.79173442310259
RWA-fed(KEN+TZA+UGA),2010,5,private_credit,2015,xgb_blind,20.9997079033272,10.759878839911671
RWA-fed(KEN+TZA+UGA),2010,5,private_credit,2015,xgb_lag,20.9997079033272,12.169378008307667
RWA-fed(KEN+TZA+UGA),2010,5,private_credit,2015,xgb_typed,20.9997079033272,9.104446138800832
RWA-fed(KEN+TZA+UGA),2010,5,private_credit,2015,lgbm_blind,20.9997079033272,11.214719231785985
RWA-fed(KEN+TZA+UGA),2010,5,private_credit,2015,lgbm_lag,20.9997079033272,11.214719231785985
RWA-fed(KEN+TZA+UGA),2010,5,private_credit,2015,lgbm_typed,20.9997079033272,11.214719231785985
RWA-fed(KEN+TZA+UGA),2010,5,private_credit,2015,tft,20.9997079033272,9.341198648871632
RWA-fed(KEN+TZA+UGA),2010,5,private_credit,2015,tgcn,20.9997079033272,
RWA-fed(KEN+TZA+UGA),2010,5,private_credit,2015,persistence_scarcity,20.9997079033272,7.7392401467549945
RWA-fed(KEN+TZA+UGA),2010,5,private_credit,2015,chronos_scarcity,20.9997079033272,9.279871322354861
RWA-fed(KEN+TZA+UGA),2010,5,private_credit,2015,gnn_scarcity,20.9997079033272,10.413842882575246
RWA-fed(KEN+TZA+UGA),2010,1,govt_consumption,2011,persistence,12.0235602281128,1.0599295855635997
RWA-fed(KEN+TZA+UGA),2010,1,govt_consumption,2011,arima,12.0235602281128,1.0975705476803839
RWA-fed(KEN+TZA+UGA),2010,1,govt_consumption,2011,chronos,12.0235602281128,0.1353257276977473
RWA-fed(KEN+TZA+UGA),2010,1,govt_consumption,2011,xgb_blind,12.0235602281128,1.219187078710931
RWA-fed(KEN+TZA+UGA),2010,1,govt_consumption,2011,xgb_lag,12.0235602281128,1.0975705476803839
RWA-fed(KEN+TZA+UGA),2010,1,govt_consumption,2011,xgb_typed,12.0235602281128,1.0975705476803839
RWA-fed(KEN+TZA+UGA),2010,1,govt_consumption,2011,lgbm_blind,12.0235602281128,1.8610980608428882
RWA-fed(KEN+TZA+UGA),2010,1,govt_consumption,2011,lgbm_lag,12.0235602281128,1.0975705476803839
RWA-fed(KEN+TZA+UGA),2010,1,govt_consumption,2011,lgbm_typed,12.0235602281128,1.0975705476803839
RWA-fed(KEN+TZA+UGA),2010,1,govt_consumption,2011,tft,12.0235602281128,0.9905093290771418
RWA-fed(KEN+TZA+UGA),2010,1,govt_consumption,2011,tgcn,12.0235602281128,
RWA-fed(KEN+TZA+UGA),2010,1,govt_consumption,2011,persistence_scarcity,12.0235602281128,1.0599295855635997
RWA-fed(KEN+TZA+UGA),2010,1,govt_consumption,2011,chronos_scarcity,12.0235602281128,0.1353257276977473
RWA-fed(KEN+TZA+UGA),2010,1,govt_consumption,2011,gnn_scarcity,12.0235602281128,1.4888480284179622
RWA-fed(KEN+TZA+UGA),2010,3,govt_consumption,2013,persistence,12.8653723978061,0.21811741587029942
RWA-fed(KEN+TZA+UGA),2010,3,govt_consumption,2013,arima,12.8653723978061,0.26056362876851225
RWA-fed(KEN+TZA+UGA),2010,3,govt_consumption,2013,chronos,12.8653723978061,1.1586730264682092
RWA-fed(KEN+TZA+UGA),2010,3,govt_consumption,2013,xgb_blind,12.8653723978061,2.0171425558071814
RWA-fed(KEN+TZA+UGA),2010,3,govt_consumption,2013,xgb_lag,12.8653723978061,0.26056362876851225
RWA-fed(KEN+TZA+UGA),2010,3,govt_consumption,2013,xgb_typed,12.8653723978061,0.26056362876851225
RWA-fed(KEN+TZA+UGA),2010,3,govt_consumption,2013,lgbm_blind,12.8653723978061,1.0877258993130408
RWA-fed(KEN+TZA+UGA),2010,3,govt_consumption,2013,lgbm_lag,12.8653723978061,0.26056362876851225
RWA-fed(KEN+TZA+UGA),2010,3,govt_consumption,2013,lgbm_typed,12.8653723978061,0.26056362876851225
RWA-fed(KEN+TZA+UGA),2010,3,govt_consumption,2013,tft,12.8653723978061,0.20605208644682982
RWA-fed(KEN+TZA+UGA),2010,3,govt_consumption,2013,tgcn,12.8653723978061,
RWA-fed(KEN+TZA+UGA),2010,3,govt_consumption,2013,persistence_scarcity,12.8653723978061,0.21811741587029942
RWA-fed(KEN+TZA+UGA),2010,3,govt_consumption,2013,chronos_scarcity,12.8653723978061,1.1586730264682092
RWA-fed(KEN+TZA+UGA),2010,3,govt_consumption,2013,gnn_scarcity,12.8653723978061,1.4358055807095251
RWA-fed(KEN+TZA+UGA),2010,5,govt_consumption,2015,persistence,13.8497879923213,0.7662981786449006
RWA-fed(KEN+TZA+UGA),2010,5,govt_consumption,2015,arima,13.8497879923213,0.7237889230246264
RWA-fed(KEN+TZA+UGA),2010,5,govt_consumption,2015,chronos,13.8497879923213,1.8416293085444444
RWA-fed(KEN+TZA+UGA),2010,5,govt_consumption,2015,xgb_blind,13.8497879923213,0.9319947183955186
RWA-fed(KEN+TZA+UGA),2010,5,govt_consumption,2015,xgb_lag,13.8497879923213,0.7237889230246264
RWA-fed(KEN+TZA+UGA),2010,5,govt_consumption,2015,xgb_typed,13.8497879923213,0.7237889230246264
RWA-fed(KEN+TZA+UGA),2010,5,govt_consumption,2015,lgbm_blind,13.8497879923213,0.2520623385083205
RWA-fed(KEN+TZA+UGA),2010,5,govt_consumption,2015,lgbm_lag,13.8497879923213,0.7237889230246264
RWA-fed(KEN+TZA+UGA),2010,5,govt_consumption,2015,lgbm_typed,13.8497879923213,0.7237889230246264
RWA-fed(KEN+TZA+UGA),2010,5,govt_consumption,2015,tft,13.8497879923213,0.7483389795649522
RWA-fed(KEN+TZA+UGA),2010,5,govt_consumption,2015,tgcn,13.8497879923213,
RWA-fed(KEN+TZA+UGA),2010,5,govt_consumption,2015,persistence_scarcity,13.8497879923213,0.7662981786449006
RWA-fed(KEN+TZA+UGA),2010,5,govt_consumption,2015,chronos_scarcity,13.8497879923213,1.8416293085444444
RWA-fed(KEN+TZA+UGA),2010,5,govt_consumption,2015,gnn_scarcity,13.8497879923213,0.20192976585741107
RWA-fed(KEN+TZA+UGA),2011,1,gdp_growth,2012,persistence,8.64150815836322,0.6831194598922794
RWA-fed(KEN+TZA+UGA),2011,1,gdp_growth,2012,arima,8.64150815836322,0.9894061208818092
RWA-fed(KEN+TZA+UGA),2011,1,gdp_growth,2012,chronos,8.64150815836322,1.156810816444274
RWA-fed(KEN+TZA+UGA),2011,1,gdp_growth,2012,xgb_blind,8.64150815836322,3.380291882835511
RWA-fed(KEN+TZA+UGA),2011,1,gdp_growth,2012,xgb_lag,8.64150815836322,0.9894061208818092
RWA-fed(KEN+TZA+UGA),2011,1,gdp_growth,2012,xgb_typed,8.64150815836322,0.9894061208818092
RWA-fed(KEN+TZA+UGA),2011,1,gdp_growth,2012,lgbm_blind,8.64150815836322,2.990551936373996
RWA-fed(KEN+TZA+UGA),2011,1,gdp_growth,2012,lgbm_lag,8.64150815836322,0.9894061208818092
RWA-fed(KEN+TZA+UGA),2011,1,gdp_growth,2012,lgbm_typed,8.64150815836322,0.9894061208818092
RWA-fed(KEN+TZA+UGA),2011,1,gdp_growth,2012,tft,8.64150815836322,0.6520500742567741
RWA-fed(KEN+TZA+UGA),2011,1,gdp_growth,2012,tgcn,8.64150815836322,
RWA-fed(KEN+TZA+UGA),2011,1,gdp_growth,2012,persistence_scarcity,8.64150815836322,0.6831194598922794
RWA-fed(KEN+TZA+UGA),2011,1,gdp_growth,2012,chronos_scarcity,8.64150815836322,1.156810816444274
RWA-fed(KEN+TZA+UGA),2011,1,gdp_growth,2012,gnn_scarcity,8.64150815836322,2.9131193720473014
RWA-fed(KEN+TZA+UGA),2011,3,gdp_growth,2014,persistence,6.16716615166932,1.7912225468016203
RWA-fed(KEN+TZA+UGA),2011,3,gdp_growth,2014,arima,6.16716615166932,1.561483042571262
RWA-fed(KEN+TZA+UGA),2011,3,gdp_growth,2014,chronos,6.16716615166932,0.26562889609069007
RWA-fed(KEN+TZA+UGA),2011,3,gdp_growth,2014,xgb_blind,6.16716615166932,0.42922870126038415
RWA-fed(KEN+TZA+UGA),2011,3,gdp_growth,2014,xgb_lag,6.16716615166932,1.561483042571262
RWA-fed(KEN+TZA+UGA),2011,3,gdp_growth,2014,xgb_typed,6.16716615166932,1.561483042571262
RWA-fed(KEN+TZA+UGA),2011,3,gdp_growth,2014,lgbm_blind,6.16716615166932,0.09812744684738206
RWA-fed(KEN+TZA+UGA),2011,3,gdp_growth,2014,lgbm_lag,6.16716615166932,1.561483042571262
RWA-fed(KEN+TZA+UGA),2011,3,gdp_growth,2014,lgbm_typed,6.16716615166932,1.561483042571262
RWA-fed(KEN+TZA+UGA),2011,3,gdp_growth,2014,tft,6.16716615166932,1.8780074933502116
RWA-fed(KEN+TZA+UGA),2011,3,gdp_growth,2014,tgcn,6.16716615166932,
RWA-fed(KEN+TZA+UGA),2011,3,gdp_growth,2014,persistence_scarcity,6.16716615166932,1.7912225468016203
RWA-fed(KEN+TZA+UGA),2011,3,gdp_growth,2014,chronos_scarcity,6.16716615166932,0.26562889609069007
RWA-fed(KEN+TZA+UGA),2011,3,gdp_growth,2014,gnn_scarcity,6.16716615166932,0.8799699923065267
RWA-fed(KEN+TZA+UGA),2011,5,gdp_growth,2016,persistence,5.97074525431094,1.9876434441599997
RWA-fed(KEN+TZA+UGA),2011,5,gdp_growth,2016,arima,5.97074525431094,1.7763621180875049
RWA-fed(KEN+TZA+UGA),2011,5,gdp_growth,2016,chronos,5.97074525431094,0.7452514879375949
RWA-fed(KEN+TZA+UGA),2011,5,gdp_growth,2016,xgb_blind,5.97074525431094,0.22385389730038785
RWA-fed(KEN+TZA+UGA),2011,5,gdp_growth,2016,xgb_lag,5.97074525431094,1.7763621180875049
RWA-fed(KEN+TZA+UGA),2011,5,gdp_growth,2016,xgb_typed,5.97074525431094,1.7763621180875049
RWA-fed(KEN+TZA+UGA),2011,5,gdp_growth,2016,lgbm_blind,5.97074525431094,4.245048481529801
RWA-fed(KEN+TZA+UGA),2011,5,gdp_growth,2016,lgbm_lag,5.97074525431094,1.7763621180875049
RWA-fed(KEN+TZA+UGA),2011,5,gdp_growth,2016,lgbm_typed,5.97074525431094,1.7763621180875049
RWA-fed(KEN+TZA+UGA),2011,5,gdp_growth,2016,tft,5.97074525431094,2.081619095054294
RWA-fed(KEN+TZA+UGA),2011,5,gdp_growth,2016,tgcn,5.97074525431094,
RWA-fed(KEN+TZA+UGA),2011,5,gdp_growth,2016,persistence_scarcity,5.97074525431094,1.9876434441599997
RWA-fed(KEN+TZA+UGA),2011,5,gdp_growth,2016,chronos_scarcity,5.97074525431094,0.7452514879375949
RWA-fed(KEN+TZA+UGA),2011,5,gdp_growth,2016,gnn_scarcity,5.97074525431094,0.9612296335369601
RWA-fed(KEN+TZA+UGA),2011,1,inflation_cpi,2012,persistence,10.2710182318876,7.190847539485
RWA-fed(KEN+TZA+UGA),2011,1,inflation_cpi,2012,arima,10.2710182318876,8.574813200354933
RWA-fed(KEN+TZA+UGA),2011,1,inflation_cpi,2012,chronos,10.2710182318876,6.115641797561429
RWA-fed(KEN+TZA+UGA),2011,1,inflation_cpi,2012,xgb_blind,10.2710182318876,2.8893087258150363
RWA-fed(KEN+TZA+UGA),2011,1,inflation_cpi,2012,xgb_lag,10.2710182318876,8.574813200354933
RWA-fed(KEN+TZA+UGA),2011,1,inflation_cpi,2012,xgb_typed,10.2710182318876,8.574813200354933
RWA-fed(KEN+TZA+UGA),2011,1,inflation_cpi,2012,lgbm_blind,10.2710182318876,1.8604778959428803
RWA-fed(KEN+TZA+UGA),2011,1,inflation_cpi,2012,lgbm_lag,10.2710182318876,8.574813200354933
RWA-fed(KEN+TZA+UGA),2011,1,inflation_cpi,2012,lgbm_typed,10.2710182318876,8.574813200354933
RWA-fed(KEN+TZA+UGA),2011,1,inflation_cpi,2012,tft,10.2710182318876,0.1901867041776395
RWA-fed(KEN+TZA+UGA),2011,1,inflation_cpi,2012,tgcn,10.2710182318876,
RWA-fed(KEN+TZA+UGA),2011,1,inflation_cpi,2012,persistence_scarcity,10.2710182318876,7.190847539485
RWA-fed(KEN+TZA+UGA),2011,1,inflation_cpi,2012,chronos_scarcity,10.2710182318876,6.115641797561429
RWA-fed(KEN+TZA+UGA),2011,1,inflation_cpi,2012,gnn_scarcity,10.2710182318876,1.891908849258206
RWA-fed(KEN+TZA+UGA),2011,3,inflation_cpi,2014,persistence,2.35449052820358,0.7256801641990198
RWA-fed(KEN+TZA+UGA),2011,3,inflation_cpi,2014,arima,2.35449052820358,0.32204361400371306
RWA-fed(KEN+TZA+UGA),2011,3,inflation_cpi,2014,chronos,2.35449052820358,2.8862459563240077
RWA-fed(KEN+TZA+UGA),2011,3,inflation_cpi,2014,xgb_blind,2.35449052820358,8.702237834833529
RWA-fed(KEN+TZA+UGA),2011,3,inflation_cpi,2014,xgb_lag,2.35449052820358,0.32204361400371306
RWA-fed(KEN+TZA+UGA),2011,3,inflation_cpi,2014,xgb_typed,2.35449052820358,0.32204361400371306
RWA-fed(KEN+TZA+UGA),2011,3,inflation_cpi,2014,lgbm_blind,2.35449052820358,5.404655289270735
RWA-fed(KEN+TZA+UGA),2011,3,inflation_cpi,2014,lgbm_lag,2.35449052820358,0.32204361400371306
RWA-fed(KEN+TZA+UGA),2011,3,inflation_cpi,2014,lgbm_typed,2.35449052820358,0.32204361400371306
RWA-fed(KEN+TZA+UGA),2011,3,inflation_cpi,2014,tft,2.35449052820358,3.8330390357002284
RWA-fed(KEN+TZA+UGA),2011,3,inflation_cpi,2014,tgcn,2.35449052820358,
RWA-fed(KEN+TZA+UGA),2011,3,inflation_cpi,2014,persistence_scarcity,2.35449052820358,0.7256801641990198
RWA-fed(KEN+TZA+UGA),2011,3,inflation_cpi,2014,chronos_scarcity,2.35449052820358,2.8862459563240077
RWA-fed(KEN+TZA+UGA),2011,3,inflation_cpi,2014,gnn_scarcity,2.35449052820358,5.8647973441108725
RWA-fed(KEN+TZA+UGA),2011,5,inflation_cpi,2016,persistence,7.17434301982009,4.09417232741749
RWA-fed(KEN+TZA+UGA),2011,5,inflation_cpi,2016,arima,7.17434301982009,5.083688495771224
RWA-fed(KEN+TZA+UGA),2011,5,inflation_cpi,2016,chronos,7.17434301982009,1.9025944770344454
RWA-fed(KEN+TZA+UGA),2011,5,inflation_cpi,2016,xgb_blind,7.17434301982009,4.634083181715842
RWA-fed(KEN+TZA+UGA),2011,5,inflation_cpi,2016,xgb_lag,7.17434301982009,5.083688495771224
RWA-fed(KEN+TZA+UGA),2011,5,inflation_cpi,2016,xgb_typed,7.17434301982009,5.083688495771224
RWA-fed(KEN+TZA+UGA),2011,5,inflation_cpi,2016,lgbm_blind,7.17434301982009,0.044185930218988645
RWA-fed(KEN+TZA+UGA),2011,5,inflation_cpi,2016,lgbm_lag,7.17434301982009,5.083688495771224
RWA-fed(KEN+TZA+UGA),2011,5,inflation_cpi,2016,lgbm_typed,7.17434301982009,5.083688495771224
RWA-fed(KEN+TZA+UGA),2011,5,inflation_cpi,2016,tft,7.17434301982009,2.0185221732624727
RWA-fed(KEN+TZA+UGA),2011,5,inflation_cpi,2016,tgcn,7.17434301982009,
RWA-fed(KEN+TZA+UGA),2011,5,inflation_cpi,2016,persistence_scarcity,7.17434301982009,4.09417232741749
RWA-fed(KEN+TZA+UGA),2011,5,inflation_cpi,2016,chronos_scarcity,7.17434301982009,1.9025944770344454
RWA-fed(KEN+TZA+UGA),2011,5,inflation_cpi,2016,gnn_scarcity,7.17434301982009,1.640767186783914
RWA-fed(KEN+TZA+UGA),2011,1,unemployment,2012,persistence,11.671,0.08500000000000085
RWA-fed(KEN+TZA+UGA),2011,1,unemployment,2012,arima,11.671,0.11100179800727261
RWA-fed(KEN+TZA+UGA),2011,1,unemployment,2012,chronos,11.671,0.1643223800659186
RWA-fed(KEN+TZA+UGA),2011,1,unemployment,2012,xgb_blind,11.671,0.13972901916503844
RWA-fed(KEN+TZA+UGA),2011,1,unemployment,2012,xgb_lag,11.671,0.11100179800727261
RWA-fed(KEN+TZA+UGA),2011,1,unemployment,2012,xgb_typed,11.671,0.11100179800727261
RWA-fed(KEN+TZA+UGA),2011,1,unemployment,2012,lgbm_blind,11.671,0.04133340672084351
RWA-fed(KEN+TZA+UGA),2011,1,unemployment,2012,lgbm_lag,11.671,0.11100179800727261
RWA-fed(KEN+TZA+UGA),2011,1,unemployment,2012,lgbm_typed,11.671,0.11100179800727261
RWA-fed(KEN+TZA+UGA),2011,1,unemployment,2012,tft,11.671,0.005943778991699844
RWA-fed(KEN+TZA+UGA),2011,1,unemployment,2012,tgcn,11.671,
RWA-fed(KEN+TZA+UGA),2011,1,unemployment,2012,persistence_scarcity,11.671,0.08500000000000085
RWA-fed(KEN+TZA+UGA),2011,1,unemployment,2012,chronos_scarcity,11.671,0.1643223800659186
RWA-fed(KEN+TZA+UGA),2011,1,unemployment,2012,gnn_scarcity,11.671,0.07952261352539125
RWA-fed(KEN+TZA+UGA),2011,3,unemployment,2014,persistence,11.837,0.08099999999999952
RWA-fed(KEN+TZA+UGA),2011,3,unemployment,2014,arima,11.837,0.04807533121632801
RWA-fed(KEN+TZA+UGA),2011,3,unemployment,2014,chronos,11.837,0.2565468673706057
RWA-fed(KEN+TZA+UGA),2011,3,unemployment,2014,xgb_blind,11.837,0.1761342163085935
RWA-fed(KEN+TZA+UGA),2011,3,unemployment,2014,xgb_lag,11.837,0.04807533121632801
RWA-fed(KEN+TZA+UGA),2011,3,unemployment,2014,xgb_typed,11.837,0.04807533121632801
RWA-fed(KEN+TZA+UGA),2011,3,unemployment,2014,lgbm_blind,11.837,0.17857888512862274
RWA-fed(KEN+TZA+UGA),2011,3,unemployment,2014,lgbm_lag,11.837,0.04807533121632801
RWA-fed(KEN+TZA+UGA),2011,3,unemployment,2014,lgbm_typed,11.837,0.04807533121632801
RWA-fed(KEN+TZA+UGA),2011,3,unemployment,2014,tft,11.837,0.1379424209594724
RWA-fed(KEN+TZA+UGA),2011,3,unemployment,2014,tgcn,11.837,
RWA-fed(KEN+TZA+UGA),2011,3,unemployment,2014,persistence_scarcity,11.837,0.08099999999999952
RWA-fed(KEN+TZA+UGA),2011,3,unemployment,2014,chronos_scarcity,11.837,0.2565468673706057
RWA-fed(KEN+TZA+UGA),2011,3,unemployment,2014,gnn_scarcity,11.837,0.09631453704833959
RWA-fed(KEN+TZA+UGA),2011,5,unemployment,2016,persistence,11.788,0.03200000000000003
RWA-fed(KEN+TZA+UGA),2011,5,unemployment,2016,arima,11.788,0.001255189787171318
RWA-fed(KEN+TZA+UGA),2011,5,unemployment,2016,chronos,11.788,0.43465624999999974
RWA-fed(KEN+TZA+UGA),2011,5,unemployment,2016,xgb_blind,11.788,0.4961489562988284
RWA-fed(KEN+TZA+UGA),2011,5,unemployment,2016,xgb_lag,11.788,0.001255189787171318
RWA-fed(KEN+TZA+UGA),2011,5,unemployment,2016,xgb_typed,11.788,0.001255189787171318
RWA-fed(KEN+TZA+UGA),2011,5,unemployment,2016,lgbm_blind,11.788,0.19276462420295282
RWA-fed(KEN+TZA+UGA),2011,5,unemployment,2016,lgbm_lag,11.788,0.001255189787171318
RWA-fed(KEN+TZA+UGA),2011,5,unemployment,2016,lgbm_typed,11.788,0.001255189787171318
RWA-fed(KEN+TZA+UGA),2011,5,unemployment,2016,tft,11.788,0.076352966308594
RWA-fed(KEN+TZA+UGA),2011,5,unemployment,2016,tgcn,11.788,
RWA-fed(KEN+TZA+UGA),2011,5,unemployment,2016,persistence_scarcity,11.788,0.03200000000000003
RWA-fed(KEN+TZA+UGA),2011,5,unemployment,2016,chronos_scarcity,11.788,0.43465624999999974
RWA-fed(KEN+TZA+UGA),2011,5,unemployment,2016,gnn_scarcity,11.788,0.010638130187988537
RWA-fed(KEN+TZA+UGA),2011,1,exports_gdp,2012,persistence,11.9942781520571,0.6645924231637999
RWA-fed(KEN+TZA+UGA),2011,1,exports_gdp,2012,arima,11.9942781520571,0.26897670860481604
RWA-fed(KEN+TZA+UGA),2011,1,exports_gdp,2012,chronos,11.9942781520571,0.44767590291159287
RWA-fed(KEN+TZA+UGA),2011,1,exports_gdp,2012,xgb_blind,11.9942781520571,0.46840687520163193
RWA-fed(KEN+TZA+UGA),2011,1,exports_gdp,2012,xgb_lag,11.9942781520571,0.26897670860481604
RWA-fed(KEN+TZA+UGA),2011,1,exports_gdp,2012,xgb_typed,11.9942781520571,0.26897670860481604
RWA-fed(KEN+TZA+UGA),2011,1,exports_gdp,2012,lgbm_blind,11.9942781520571,3.8219742937996255
RWA-fed(KEN+TZA+UGA),2011,1,exports_gdp,2012,lgbm_lag,11.9942781520571,0.26897670860481604
RWA-fed(KEN+TZA+UGA),2011,1,exports_gdp,2012,lgbm_typed,11.9942781520571,0.26897670860481604
RWA-fed(KEN+TZA+UGA),2011,1,exports_gdp,2012,tft,11.9942781520571,3.2382409977231728
RWA-fed(KEN+TZA+UGA),2011,1,exports_gdp,2012,tgcn,11.9942781520571,
RWA-fed(KEN+TZA+UGA),2011,1,exports_gdp,2012,persistence_scarcity,11.9942781520571,0.6645924231637999
RWA-fed(KEN+TZA+UGA),2011,1,exports_gdp,2012,chronos_scarcity,11.9942781520571,0.44767590291159287
RWA-fed(KEN+TZA+UGA),2011,1,exports_gdp,2012,gnn_scarcity,11.9942781520571,3.8563243938173546
RWA-fed(KEN+TZA+UGA),2011,3,exports_gdp,2014,persistence,13.8686615802081,1.2097910049871992
RWA-fed(KEN+TZA+UGA),2011,3,exports_gdp,2014,arima,13.8686615802081,1.540589308148025
RWA-fed(KEN+TZA+UGA),2011,3,exports_gdp,2014,chronos,13.8686615802081,3.1784588671954044
RWA-fed(KEN+TZA+UGA),2011,3,exports_gdp,2014,xgb_blind,13.8686615802081,3.179873166206635
RWA-fed(KEN+TZA+UGA),2011,3,exports_gdp,2014,xgb_lag,13.8686615802081,1.540589308148025
RWA-fed(KEN+TZA+UGA),2011,3,exports_gdp,2014,xgb_typed,13.8686615802081,1.540589308148025
RWA-fed(KEN+TZA+UGA),2011,3,exports_gdp,2014,lgbm_blind,13.8686615802081,5.514273769852361
RWA-fed(KEN+TZA+UGA),2011,3,exports_gdp,2014,lgbm_lag,13.8686615802081,1.540589308148025
RWA-fed(KEN+TZA+UGA),2011,3,exports_gdp,2014,lgbm_typed,13.8686615802081,1.540589308148025
RWA-fed(KEN+TZA+UGA),2011,3,exports_gdp,2014,tft,13.8686615802081,1.5171225689618222
RWA-fed(KEN+TZA+UGA),2011,3,exports_gdp,2014,tgcn,13.8686615802081,
RWA-fed(KEN+TZA+UGA),2011,3,exports_gdp,2014,persistence_scarcity,13.8686615802081,1.2097910049871992
RWA-fed(KEN+TZA+UGA),2011,3,exports_gdp,2014,chronos_scarcity,13.8686615802081,3.1784588671954044
RWA-fed(KEN+TZA+UGA),2011,3,exports_gdp,2014,gnn_scarcity,13.8686615802081,5.812218365791596
RWA-fed(KEN+TZA+UGA),2011,5,exports_gdp,2016,persistence,15.4218031562888,2.762932581067899
RWA-fed(KEN+TZA+UGA),2011,5,exports_gdp,2016,arima,15.4218031562888,3.0909677641408315
RWA-fed(KEN+TZA+UGA),2011,5,exports_gdp,2016,chronos,15.4218031562888,6.355799356850323
RWA-fed(KEN+TZA+UGA),2011,5,exports_gdp,2016,xgb_blind,15.4218031562888,8.30493656769627
RWA-fed(KEN+TZA+UGA),2011,5,exports_gdp,2016,xgb_lag,15.4218031562888,3.0909677641408315
RWA-fed(KEN+TZA+UGA),2011,5,exports_gdp,2016,xgb_typed,15.4218031562888,3.0909677641408315
RWA-fed(KEN+TZA+UGA),2011,5,exports_gdp,2016,lgbm_blind,15.4218031562888,6.759712770627393
RWA-fed(KEN+TZA+UGA),2011,5,exports_gdp,2016,lgbm_lag,15.4218031562888,3.0909677641408315
RWA-fed(KEN+TZA+UGA),2011,5,exports_gdp,2016,lgbm_typed,15.4218031562888,3.0909677641408315
RWA-fed(KEN+TZA+UGA),2011,5,exports_gdp,2016,tft,15.4218031562888,0.015547434242900948
RWA-fed(KEN+TZA+UGA),2011,5,exports_gdp,2016,tgcn,15.4218031562888,
RWA-fed(KEN+TZA+UGA),2011,5,exports_gdp,2016,persistence_scarcity,15.4218031562888,2.762932581067899
RWA-fed(KEN+TZA+UGA),2011,5,exports_gdp,2016,chronos_scarcity,15.4218031562888,6.355799356850323
RWA-fed(KEN+TZA+UGA),2011,5,exports_gdp,2016,gnn_scarcity,15.4218031562888,7.061489740761456
RWA-fed(KEN+TZA+UGA),2011,1,imports_gdp,2012,persistence,28.5465848466622,1.489352944373099
RWA-fed(KEN+TZA+UGA),2011,1,imports_gdp,2012,arima,28.5465848466622,1.7210359408100615
RWA-fed(KEN+TZA+UGA),2011,1,imports_gdp,2012,chronos,28.5465848466622,1.7604768296944258
RWA-fed(KEN+TZA+UGA),2011,1,imports_gdp,2012,xgb_blind,28.5465848466622,2.0763337632881758
RWA-fed(KEN+TZA+UGA),2011,1,imports_gdp,2012,xgb_lag,28.5465848466622,1.7210359408100615
RWA-fed(KEN+TZA+UGA),2011,1,imports_gdp,2012,xgb_typed,28.5465848466622,1.7210359408100615
RWA-fed(KEN+TZA+UGA),2011,1,imports_gdp,2012,lgbm_blind,28.5465848466622,3.354348990833053
RWA-fed(KEN+TZA+UGA),2011,1,imports_gdp,2012,lgbm_lag,28.5465848466622,1.7210359408100615
RWA-fed(KEN+TZA+UGA),2011,1,imports_gdp,2012,lgbm_typed,28.5465848466622,1.7210359408100615
RWA-fed(KEN+TZA+UGA),2011,1,imports_gdp,2012,tft,28.5465848466622,0.928962471173918
RWA-fed(KEN+TZA+UGA),2011,1,imports_gdp,2012,tgcn,28.5465848466622,
RWA-fed(KEN+TZA+UGA),2011,1,imports_gdp,2012,persistence_scarcity,28.5465848466622,1.489352944373099
RWA-fed(KEN+TZA+UGA),2011,1,imports_gdp,2012,chronos_scarcity,28.5465848466622,1.7604768296944258
RWA-fed(KEN+TZA+UGA),2011,1,imports_gdp,2012,gnn_scarcity,28.5465848466622,3.5748631974922773
RWA-fed(KEN+TZA+UGA),2011,3,imports_gdp,2014,persistence,30.0340721108669,2.9768402085778014
RWA-fed(KEN+TZA+UGA),2011,3,imports_gdp,2014,arima,30.0340721108669,3.1513138169009984
RWA-fed(KEN+TZA+UGA),2011,3,imports_gdp,2014,chronos,30.0340721108669,3.9719001748317453
RWA-fed(KEN+TZA+UGA),2011,3,imports_gdp,2014,xgb_blind,30.0340721108669,4.45716018459737
RWA-fed(KEN+TZA+UGA),2011,3,imports_gdp,2014,xgb_lag,30.0340721108669,3.1513138169009984
RWA-fed(KEN+TZA+UGA),2011,3,imports_gdp,2014,xgb_typed,30.0340721108669,3.1513138169009984
RWA-fed(KEN+TZA+UGA),2011,3,imports_gdp,2014,lgbm_blind,30.0340721108669,4.101517062777624
RWA-fed(KEN+TZA+UGA),2011,3,imports_gdp,2014,lgbm_lag,30.0340721108669,3.1513138169009984
RWA-fed(KEN+TZA+UGA),2011,3,imports_gdp,2014,lgbm_typed,30.0340721108669,3.1513138169009984
RWA-fed(KEN+TZA+UGA),2011,3,imports_gdp,2014,tft,30.0340721108669,2.378031919216511
RWA-fed(KEN+TZA+UGA),2011,3,imports_gdp,2014,tgcn,30.0340721108669,
RWA-fed(KEN+TZA+UGA),2011,3,imports_gdp,2014,persistence_scarcity,30.0340721108669,2.9768402085778014
RWA-fed(KEN+TZA+UGA),2011,3,imports_gdp,2014,chronos_scarcity,30.0340721108669,3.9719001748317453
RWA-fed(KEN+TZA+UGA),2011,3,imports_gdp,2014,gnn_scarcity,30.0340721108669,5.346020887112019
RWA-fed(KEN+TZA+UGA),2011,5,imports_gdp,2016,persistence,34.0631039507003,7.005872048411202
RWA-fed(KEN+TZA+UGA),2011,5,imports_gdp,2016,arima,34.0631039507003,7.169037697304841
RWA-fed(KEN+TZA+UGA),2011,5,imports_gdp,2016,chronos,34.0631039507003,7.729455269059677
RWA-fed(KEN+TZA+UGA),2011,5,imports_gdp,2016,xgb_blind,34.0631039507003,8.779742515763779
RWA-fed(KEN+TZA+UGA),2011,5,imports_gdp,2016,xgb_lag,34.0631039507003,7.169037697304841
RWA-fed(KEN+TZA+UGA),2011,5,imports_gdp,2016,xgb_typed,34.0631039507003,7.169037697304841
RWA-fed(KEN+TZA+UGA),2011,5,imports_gdp,2016,lgbm_blind,34.0631039507003,10.097119269626944
RWA-fed(KEN+TZA+UGA),2011,5,imports_gdp,2016,lgbm_lag,34.0631039507003,7.169037697304841
RWA-fed(KEN+TZA+UGA),2011,5,imports_gdp,2016,lgbm_typed,34.0631039507003,7.169037697304841
RWA-fed(KEN+TZA+UGA),2011,5,imports_gdp,2016,tft,34.0631039507003,6.4019196397872165
RWA-fed(KEN+TZA+UGA),2011,5,imports_gdp,2016,tgcn,34.0631039507003,
RWA-fed(KEN+TZA+UGA),2011,5,imports_gdp,2016,persistence_scarcity,34.0631039507003,7.005872048411202
RWA-fed(KEN+TZA+UGA),2011,5,imports_gdp,2016,chronos_scarcity,34.0631039507003,7.729455269059677
RWA-fed(KEN+TZA+UGA),2011,5,imports_gdp,2016,gnn_scarcity,34.0631039507003,8.317525184831162
RWA-fed(KEN+TZA+UGA),2011,1,current_account,2012,persistence,-9.68045842086916,2.75211425382674
RWA-fed(KEN+TZA+UGA),2011,1,current_account,2012,arima,-9.68045842086916,2.752114253826786
RWA-fed(KEN+TZA+UGA),2011,1,current_account,2012,chronos,-9.68045842086916,2.7088597956860543
RWA-fed(KEN+TZA+UGA),2011,1,current_account,2012,xgb_blind,-9.68045842086916,3.1147578898633004
RWA-fed(KEN+TZA+UGA),2011,1,current_account,2012,xgb_lag,-9.68045842086916,2.752114253826786
RWA-fed(KEN+TZA+UGA),2011,1,current_account,2012,xgb_typed,-9.68045842086916,2.752114253826786
RWA-fed(KEN+TZA+UGA),2011,1,current_account,2012,lgbm_blind,-9.68045842086916,3.143994388196459
RWA-fed(KEN+TZA+UGA),2011,1,current_account,2012,lgbm_lag,-9.68045842086916,2.752114253826786
RWA-fed(KEN+TZA+UGA),2011,1,current_account,2012,lgbm_typed,-9.68045842086916,2.752114253826786
RWA-fed(KEN+TZA+UGA),2011,1,current_account,2012,tft,-9.68045842086916,2.9573248568737984
RWA-fed(KEN+TZA+UGA),2011,1,current_account,2012,tgcn,-9.68045842086916,
RWA-fed(KEN+TZA+UGA),2011,1,current_account,2012,persistence_scarcity,-9.68045842086916,2.75211425382674
RWA-fed(KEN+TZA+UGA),2011,1,current_account,2012,chronos_scarcity,-9.68045842086916,2.7088597956860543
RWA-fed(KEN+TZA+UGA),2011,1,current_account,2012,gnn_scarcity,-9.68045842086916,3.1475123110974312
RWA-fed(KEN+TZA+UGA),2011,3,current_account,2014,persistence,-11.3438929928213,4.415548825778879
RWA-fed(KEN+TZA+UGA),2011,3,current_account,2014,arima,-11.3438929928213,4.4155488257789255
RWA-fed(KEN+TZA+UGA),2011,3,current_account,2014,chronos,-11.3438929928213,4.539997519341075
RWA-fed(KEN+TZA+UGA),2011,3,current_account,2014,xgb_blind,-11.3438929928213,4.802684248772227
RWA-fed(KEN+TZA+UGA),2011,3,current_account,2014,xgb_lag,-11.3438929928213,4.4155488257789255
RWA-fed(KEN+TZA+UGA),2011,3,current_account,2014,xgb_typed,-11.3438929928213,4.4155488257789255
RWA-fed(KEN+TZA+UGA),2011,3,current_account,2014,lgbm_blind,-11.3438929928213,4.805366432690427
RWA-fed(KEN+TZA+UGA),2011,3,current_account,2014,lgbm_lag,-11.3438929928213,4.4155488257789255
RWA-fed(KEN+TZA+UGA),2011,3,current_account,2014,lgbm_typed,-11.3438929928213,4.4155488257789255
RWA-fed(KEN+TZA+UGA),2011,3,current_account,2014,tft,-11.3438929928213,4.729352892723643
RWA-fed(KEN+TZA+UGA),2011,3,current_account,2014,tgcn,-11.3438929928213,
RWA-fed(KEN+TZA+UGA),2011,3,current_account,2014,persistence_scarcity,-11.3438929928213,4.415548825778879
RWA-fed(KEN+TZA+UGA),2011,3,current_account,2014,chronos_scarcity,-11.3438929928213,4.539997519341075
RWA-fed(KEN+TZA+UGA),2011,3,current_account,2014,gnn_scarcity,-11.3438929928213,4.808332861748301
RWA-fed(KEN+TZA+UGA),2011,5,current_account,2016,persistence,-15.305126232999,8.37678206595658
RWA-fed(KEN+TZA+UGA),2011,5,current_account,2016,arima,-15.305126232999,8.376782065956625
RWA-fed(KEN+TZA+UGA),2011,5,current_account,2016,chronos,-15.305126232999,8.549142403500708
RWA-fed(KEN+TZA+UGA),2011,5,current_account,2016,xgb_blind,-15.305126232999,8.436586899655493
RWA-fed(KEN+TZA+UGA),2011,5,current_account,2016,xgb_lag,-15.305126232999,8.376782065956625
RWA-fed(KEN+TZA+UGA),2011,5,current_account,2016,xgb_typed,-15.305126232999,8.376782065956625
RWA-fed(KEN+TZA+UGA),2011,5,current_account,2016,lgbm_blind,-15.305126232999,8.764051844831561
RWA-fed(KEN+TZA+UGA),2011,5,current_account,2016,lgbm_lag,-15.305126232999,8.376782065956625
RWA-fed(KEN+TZA+UGA),2011,5,current_account,2016,lgbm_typed,-15.305126232999,8.376782065956625
RWA-fed(KEN+TZA+UGA),2011,5,current_account,2016,tft,-15.305126232999,8.72504524697605
RWA-fed(KEN+TZA+UGA),2011,5,current_account,2016,tgcn,-15.305126232999,
RWA-fed(KEN+TZA+UGA),2011,5,current_account,2016,persistence_scarcity,-15.305126232999,8.37678206595658
RWA-fed(KEN+TZA+UGA),2011,5,current_account,2016,chronos_scarcity,-15.305126232999,8.549142403500708
RWA-fed(KEN+TZA+UGA),2011,5,current_account,2016,gnn_scarcity,-15.305126232999,8.779311222928198
RWA-fed(KEN+TZA+UGA),2011,1,real_interest_rate,2012,persistence,11.4386055799392,2.5983294190298896
RWA-fed(KEN+TZA+UGA),2011,1,real_interest_rate,2012,arima,11.4386055799392,0.7477615421322046
RWA-fed(KEN+TZA+UGA),2011,1,real_interest_rate,2012,chronos,11.4386055799392,4.686653408613516
RWA-fed(KEN+TZA+UGA),2011,1,real_interest_rate,2012,xgb_blind,11.4386055799392,2.1763413282302153
RWA-fed(KEN+TZA+UGA),2011,1,real_interest_rate,2012,xgb_lag,11.4386055799392,0.7477615421322046
RWA-fed(KEN+TZA+UGA),2011,1,real_interest_rate,2012,xgb_typed,11.4386055799392,0.7477615421322046
RWA-fed(KEN+TZA+UGA),2011,1,real_interest_rate,2012,lgbm_blind,11.4386055799392,3.5229698408852013
RWA-fed(KEN+TZA+UGA),2011,1,real_interest_rate,2012,lgbm_lag,11.4386055799392,0.7477615421322046
RWA-fed(KEN+TZA+UGA),2011,1,real_interest_rate,2012,lgbm_typed,11.4386055799392,0.7477615421322046
RWA-fed(KEN+TZA+UGA),2011,1,real_interest_rate,2012,tft,11.4386055799392,2.240206989851309
RWA-fed(KEN+TZA+UGA),2011,1,real_interest_rate,2012,tgcn,11.4386055799392,
RWA-fed(KEN+TZA+UGA),2011,1,real_interest_rate,2012,persistence_scarcity,11.4386055799392,2.5983294190298896
RWA-fed(KEN+TZA+UGA),2011,1,real_interest_rate,2012,chronos_scarcity,11.4386055799392,4.686653408613516
RWA-fed(KEN+TZA+UGA),2011,1,real_interest_rate,2012,gnn_scarcity,11.4386055799392,3.4102757306960356
RWA-fed(KEN+TZA+UGA),2011,3,real_interest_rate,2014,persistence,11.9607651018481,3.12048894093879
RWA-fed(KEN+TZA+UGA),2011,3,real_interest_rate,2014,arima,11.9607651018481,1.7165615923495352
RWA-fed(KEN+TZA+UGA),2011,3,real_interest_rate,2014,chronos,11.9607651018481,5.358854033885454
RWA-fed(KEN+TZA+UGA),2011,3,real_interest_rate,2014,xgb_blind,11.9607651018481,8.521874883113359
RWA-fed(KEN+TZA+UGA),2011,3,real_interest_rate,2014,xgb_lag,11.9607651018481,1.7165615923495352
RWA-fed(KEN+TZA+UGA),2011,3,real_interest_rate,2014,xgb_typed,11.9607651018481,1.7165615923495352
RWA-fed(KEN+TZA+UGA),2011,3,real_interest_rate,2014,lgbm_blind,11.9607651018481,3.9079324042809134
RWA-fed(KEN+TZA+UGA),2011,3,real_interest_rate,2014,lgbm_lag,11.9607651018481,1.7165615923495352
RWA-fed(KEN+TZA+UGA),2011,3,real_interest_rate,2014,lgbm_typed,11.9607651018481,1.7165615923495352
RWA-fed(KEN+TZA+UGA),2011,3,real_interest_rate,2014,tft,11.9607651018481,2.768409945903276
RWA-fed(KEN+TZA+UGA),2011,3,real_interest_rate,2014,tgcn,11.9607651018481,
RWA-fed(KEN+TZA+UGA),2011,3,real_interest_rate,2014,persistence_scarcity,11.9607651018481,3.12048894093879
RWA-fed(KEN+TZA+UGA),2011,3,real_interest_rate,2014,chronos_scarcity,11.9607651018481,5.358854033885454
RWA-fed(KEN+TZA+UGA),2011,3,real_interest_rate,2014,gnn_scarcity,11.9607651018481,4.103535869060014
RWA-fed(KEN+TZA+UGA),2011,5,real_interest_rate,2016,persistence,11.6743123556092,2.8340361946998893
RWA-fed(KEN+TZA+UGA),2011,5,real_interest_rate,2016,arima,11.6743123556092,1.5040987557449519
RWA-fed(KEN+TZA+UGA),2011,5,real_interest_rate,2016,chronos,11.6743123556092,5.072401287646553
RWA-fed(KEN+TZA+UGA),2011,5,real_interest_rate,2016,xgb_blind,11.6743123556092,4.375854733081123
RWA-fed(KEN+TZA+UGA),2011,5,real_interest_rate,2016,xgb_lag,11.6743123556092,1.5040987557449519
RWA-fed(KEN+TZA+UGA),2011,5,real_interest_rate,2016,xgb_typed,11.6743123556092,1.5040987557449519
RWA-fed(KEN+TZA+UGA),2011,5,real_interest_rate,2016,lgbm_blind,11.6743123556092,3.452001062231604
RWA-fed(KEN+TZA+UGA),2011,5,real_interest_rate,2016,lgbm_lag,11.6743123556092,1.5040987557449519
RWA-fed(KEN+TZA+UGA),2011,5,real_interest_rate,2016,lgbm_typed,11.6743123556092,1.5040987557449519
RWA-fed(KEN+TZA+UGA),2011,5,real_interest_rate,2016,tft,11.6743123556092,2.4848573232605666
RWA-fed(KEN+TZA+UGA),2011,5,real_interest_rate,2016,tgcn,11.6743123556092,
RWA-fed(KEN+TZA+UGA),2011,5,real_interest_rate,2016,persistence_scarcity,11.6743123556092,2.8340361946998893
RWA-fed(KEN+TZA+UGA),2011,5,real_interest_rate,2016,chronos_scarcity,11.6743123556092,5.072401287646553
RWA-fed(KEN+TZA+UGA),2011,5,real_interest_rate,2016,gnn_scarcity,11.6743123556092,3.1792142415955276
RWA-fed(KEN+TZA+UGA),2011,1,broad_money,2012,persistence,17.2458905705942,0.08838270066760145
RWA-fed(KEN+TZA+UGA),2011,1,broad_money,2012,arima,17.2458905705942,0.2592627870476143
RWA-fed(KEN+TZA+UGA),2011,1,broad_money,2012,chronos,17.2458905705942,1.512917471839316
RWA-fed(KEN+TZA+UGA),2011,1,broad_money,2012,xgb_blind,17.2458905705942,0.09652228446138622
RWA-fed(KEN+TZA+UGA),2011,1,broad_money,2012,xgb_lag,17.2458905705942,1.4383763799203706
RWA-fed(KEN+TZA+UGA),2011,1,broad_money,2012,xgb_typed,17.2458905705942,0.886248541785605
RWA-fed(KEN+TZA+UGA),2011,1,broad_money,2012,lgbm_blind,17.2458905705942,1.895697683151747
RWA-fed(KEN+TZA+UGA),2011,1,broad_money,2012,lgbm_lag,17.2458905705942,1.895697683151747
RWA-fed(KEN+TZA+UGA),2011,1,broad_money,2012,lgbm_typed,17.2458905705942,1.895697683151747
RWA-fed(KEN+TZA+UGA),2011,1,broad_money,2012,tft,17.2458905705942,1.114876700354941
RWA-fed(KEN+TZA+UGA),2011,1,broad_money,2012,tgcn,17.2458905705942,
RWA-fed(KEN+TZA+UGA),2011,1,broad_money,2012,persistence_scarcity,17.2458905705942,0.40950961948849596
RWA-fed(KEN+TZA+UGA),2011,1,broad_money,2012,chronos_scarcity,17.2458905705942,0.16582961534922092
RWA-fed(KEN+TZA+UGA),2011,1,broad_money,2012,gnn_scarcity,17.2458905705942,2.5066070088876558
RWA-fed(KEN+TZA+UGA),2011,3,broad_money,2014,persistence,18.9488961574076,1.6146228861457992
RWA-fed(KEN+TZA+UGA),2011,3,broad_money,2014,arima,18.9488961574076,1.9076314520991815
RWA-fed(KEN+TZA+UGA),2011,3,broad_money,2014,chronos,18.9488961574076,3.1597306605814275
RWA-fed(KEN+TZA+UGA),2011,3,broad_money,2014,xgb_blind,18.9488961574076,4.087644326352912
RWA-fed(KEN+TZA+UGA),2011,3,broad_money,2014,xgb_lag,18.9488961574076,3.3115012523172673
RWA-fed(KEN+TZA+UGA),2011,3,broad_money,2014,xgb_typed,18.9488961574076,3.918178307676154
RWA-fed(KEN+TZA+UGA),2011,3,broad_money,2014,lgbm_blind,18.9488961574076,3.4494146550754134
RWA-fed(KEN+TZA+UGA),2011,3,broad_money,2014,lgbm_lag,18.9488961574076,3.4494146550754134
RWA-fed(KEN+TZA+UGA),2011,3,broad_money,2014,lgbm_typed,18.9488961574076,3.4494146550754134
RWA-fed(KEN+TZA+UGA),2011,3,broad_money,2014,tft,18.9488961574076,2.5556962367533025
RWA-fed(KEN+TZA+UGA),2011,3,broad_money,2014,tgcn,18.9488961574076,
RWA-fed(KEN+TZA+UGA),2011,3,broad_money,2014,persistence_scarcity,18.9488961574076,2.811933691466539
RWA-fed(KEN+TZA+UGA),2011,3,broad_money,2014,chronos_scarcity,18.9488961574076,3.8770158908909913
RWA-fed(KEN+TZA+UGA),2011,3,broad_money,2014,gnn_scarcity,18.9488961574076,2.022367226743537
RWA-fed(KEN+TZA+UGA),2011,5,broad_money,2016,persistence,20.288049168884,2.953775897622201
RWA-fed(KEN+TZA+UGA),2011,5,broad_money,2016,arima,20.288049168884,3.2447003275966146
RWA-fed(KEN+TZA+UGA),2011,5,broad_money,2016,chronos,20.288049168884,5.0045818760983565
RWA-fed(KEN+TZA+UGA),2011,5,broad_money,2016,xgb_blind,20.288049168884,3.785567708312712
RWA-fed(KEN+TZA+UGA),2011,5,broad_money,2016,xgb_lag,20.288049168884,3.4703173115841963
RWA-fed(KEN+TZA+UGA),2011,5,broad_money,2016,xgb_typed,20.288049168884,3.2476896718136885
RWA-fed(KEN+TZA+UGA),2011,5,broad_money,2016,lgbm_blind,20.288049168884,5.083266907316045
RWA-fed(KEN+TZA+UGA),2011,5,broad_money,2016,lgbm_lag,20.288049168884,5.083266907316045
RWA-fed(KEN+TZA+UGA),2011,5,broad_money,2016,lgbm_typed,20.288049168884,5.083266907316045
RWA-fed(KEN+TZA+UGA),2011,5,broad_money,2016,tft,20.288049168884,3.722375340759001
RWA-fed(KEN+TZA+UGA),2011,5,broad_money,2016,tgcn,20.288049168884,
RWA-fed(KEN+TZA+UGA),2011,5,broad_money,2016,persistence_scarcity,20.288049168884,1.3827368170023888
RWA-fed(KEN+TZA+UGA),2011,5,broad_money,2016,chronos_scarcity,20.288049168884,3.813184539747901
RWA-fed(KEN+TZA+UGA),2011,5,broad_money,2016,gnn_scarcity,20.288049168884,1.9047445729367354
RWA-fed(KEN+TZA+UGA),2011,1,private_credit,2012,persistence,15.751520287001,2.4854883115219994
RWA-fed(KEN+TZA+UGA),2011,1,private_credit,2012,arima,15.751520287001,2.7217918650404016
RWA-fed(KEN+TZA+UGA),2011,1,private_credit,2012,chronos,15.751520287001,2.850622307264672
RWA-fed(KEN+TZA+UGA),2011,1,private_credit,2012,xgb_blind,15.751520287001,3.6743775715468985
RWA-fed(KEN+TZA+UGA),2011,1,private_credit,2012,xgb_lag,15.751520287001,3.623968254530297
RWA-fed(KEN+TZA+UGA),2011,1,private_credit,2012,xgb_typed,15.751520287001,2.6575766911147696
RWA-fed(KEN+TZA+UGA),2011,1,private_credit,2012,lgbm_blind,15.751520287001,6.378561422516485
RWA-fed(KEN+TZA+UGA),2011,1,private_credit,2012,lgbm_lag,15.751520287001,6.378561422516485
RWA-fed(KEN+TZA+UGA),2011,1,private_credit,2012,lgbm_typed,15.751520287001,6.378561422516485
RWA-fed(KEN+TZA+UGA),2011,1,private_credit,2012,tft,15.751520287001,0.29050935407863676
RWA-fed(KEN+TZA+UGA),2011,1,private_credit,2012,tgcn,15.751520287001,
RWA-fed(KEN+TZA+UGA),2011,1,private_credit,2012,persistence_scarcity,15.751520287001,1.4892730872559472
RWA-fed(KEN+TZA+UGA),2011,1,private_credit,2012,chronos_scarcity,15.751520287001,3.517007498847555
RWA-fed(KEN+TZA+UGA),2011,1,private_credit,2012,gnn_scarcity,15.751520287001,2.941015373670922
RWA-fed(KEN+TZA+UGA),2011,3,private_credit,2014,persistence,17.6303961518493,4.3643641763703
RWA-fed(KEN+TZA+UGA),2011,3,private_credit,2014,arima,17.6303961518493,4.5733934645339644
RWA-fed(KEN+TZA+UGA),2011,3,private_credit,2014,chronos,17.6303961518493,5.068990969964535
RWA-fed(KEN+TZA+UGA),2011,3,private_credit,2014,xgb_blind,17.6303961518493,6.03616073162225
RWA-fed(KEN+TZA+UGA),2011,3,private_credit,2014,xgb_lag,17.6303961518493,7.025754237481625
RWA-fed(KEN+TZA+UGA),2011,3,private_credit,2014,xgb_typed,17.6303961518493,5.93066527874139
RWA-fed(KEN+TZA+UGA),2011,3,private_credit,2014,lgbm_blind,17.6303961518493,7.838960608989771
RWA-fed(KEN+TZA+UGA),2011,3,private_credit,2014,lgbm_lag,17.6303961518493,7.838960608989771
RWA-fed(KEN+TZA+UGA),2011,3,private_credit,2014,lgbm_typed,17.6303961518493,7.838960608989771
RWA-fed(KEN+TZA+UGA),2011,3,private_credit,2014,tft,17.6303961518493,2.032658839532406
RWA-fed(KEN+TZA+UGA),2011,3,private_credit,2014,tgcn,17.6303961518493,
RWA-fed(KEN+TZA+UGA),2011,3,private_credit,2014,persistence_scarcity,17.6303961518493,4.780955254413284
RWA-fed(KEN+TZA+UGA),2011,3,private_credit,2014,chronos_scarcity,17.6303961518493,3.960922245499926
RWA-fed(KEN+TZA+UGA),2011,3,private_credit,2014,gnn_scarcity,17.6303961518493,5.643412852593929
RWA-fed(KEN+TZA+UGA),2011,5,private_credit,2016,persistence,20.4751724214641,7.209140445985101
RWA-fed(KEN+TZA+UGA),2011,5,private_credit,2016,arima,20.4751724214641,7.417686196903574
RWA-fed(KEN+TZA+UGA),2011,5,private_credit,2016,chronos,20.4751724214641,8.89831103993334
RWA-fed(KEN+TZA+UGA),2011,5,private_credit,2016,xgb_blind,20.4751724214641,9.744559666642324
RWA-fed(KEN+TZA+UGA),2011,5,private_credit,2016,xgb_lag,20.4751724214641,11.404884716996328
RWA-fed(KEN+TZA+UGA),2011,5,private_credit,2016,xgb_typed,20.4751724214641,7.629923245438711
RWA-fed(KEN+TZA+UGA),2011,5,private_credit,2016,lgbm_blind,20.4751724214641,10.485416482429248
RWA-fed(KEN+TZA+UGA),2011,5,private_credit,2016,lgbm_lag,20.4751724214641,10.485416482429248
RWA-fed(KEN+TZA+UGA),2011,5,private_credit,2016,lgbm_typed,20.4751724214641,10.485416482429248
RWA-fed(KEN+TZA+UGA),2011,5,private_credit,2016,tft,20.4751724214641,4.858185193070547
RWA-fed(KEN+TZA+UGA),2011,5,private_credit,2016,tgcn,20.4751724214641,
RWA-fed(KEN+TZA+UGA),2011,5,private_credit,2016,persistence_scarcity,20.4751724214641,6.17172088841369
RWA-fed(KEN+TZA+UGA),2011,5,private_credit,2016,chronos_scarcity,20.4751724214641,8.604270012361136
RWA-fed(KEN+TZA+UGA),2011,5,private_credit,2016,gnn_scarcity,20.4751724214641,9.662870785721914
RWA-fed(KEN+TZA+UGA),2011,1,govt_consumption,2012,persistence,12.9526437680734,0.929083539960601
RWA-fed(KEN+TZA+UGA),2011,1,govt_consumption,2012,arima,12.9526437680734,1.0454475833889063
RWA-fed(KEN+TZA+UGA),2011,1,govt_consumption,2012,chronos,12.9526437680734,1.7109798352731076
RWA-fed(KEN+TZA+UGA),2011,1,govt_consumption,2012,xgb_blind,12.9526437680734,0.6171821515572873
RWA-fed(KEN+TZA+UGA),2011,1,govt_consumption,2012,xgb_lag,12.9526437680734,1.0454475833889063
RWA-fed(KEN+TZA+UGA),2011,1,govt_consumption,2012,xgb_typed,12.9526437680734,1.0454475833889063
RWA-fed(KEN+TZA+UGA),2011,1,govt_consumption,2012,lgbm_blind,12.9526437680734,0.8433908177885314
RWA-fed(KEN+TZA+UGA),2011,1,govt_consumption,2012,lgbm_lag,12.9526437680734,1.0454475833889063
RWA-fed(KEN+TZA+UGA),2011,1,govt_consumption,2012,lgbm_typed,12.9526437680734,1.0454475833889063
RWA-fed(KEN+TZA+UGA),2011,1,govt_consumption,2012,tft,12.9526437680734,0.8754152219308224
RWA-fed(KEN+TZA+UGA),2011,1,govt_consumption,2012,tgcn,12.9526437680734,
RWA-fed(KEN+TZA+UGA),2011,1,govt_consumption,2012,persistence_scarcity,12.9526437680734,0.929083539960601
RWA-fed(KEN+TZA+UGA),2011,1,govt_consumption,2012,chronos_scarcity,12.9526437680734,1.7109798352731076
RWA-fed(KEN+TZA+UGA),2011,1,govt_consumption,2012,gnn_scarcity,12.9526437680734,0.7541595537649783
RWA-fed(KEN+TZA+UGA),2011,3,govt_consumption,2014,persistence,14.2814464949749,2.2578862668620996
RWA-fed(KEN+TZA+UGA),2011,3,govt_consumption,2014,arima,14.2814464949749,2.3884277994187286
RWA-fed(KEN+TZA+UGA),2011,3,govt_consumption,2014,chronos,14.2814464949749,2.889896430887985
RWA-fed(KEN+TZA+UGA),2011,3,govt_consumption,2014,xgb_blind,14.2814464949749,0.3637523270465852
RWA-fed(KEN+TZA+UGA),2011,3,govt_consumption,2014,xgb_lag,14.2814464949749,2.3884277994187286
RWA-fed(KEN+TZA+UGA),2011,3,govt_consumption,2014,xgb_typed,14.2814464949749,2.3884277994187286
RWA-fed(KEN+TZA+UGA),2011,3,govt_consumption,2014,lgbm_blind,14.2814464949749,0.4299028174943018
RWA-fed(KEN+TZA+UGA),2011,3,govt_consumption,2014,lgbm_lag,14.2814464949749,2.3884277994187286
RWA-fed(KEN+TZA+UGA),2011,3,govt_consumption,2014,lgbm_typed,14.2814464949749,2.3884277994187286
RWA-fed(KEN+TZA+UGA),2011,3,govt_consumption,2014,tft,14.2814464949749,1.991430320658493
RWA-fed(KEN+TZA+UGA),2011,3,govt_consumption,2014,tgcn,14.2814464949749,
RWA-fed(KEN+TZA+UGA),2011,3,govt_consumption,2014,persistence_scarcity,14.2814464949749,2.2578862668620996
RWA-fed(KEN+TZA+UGA),2011,3,govt_consumption,2014,chronos_scarcity,14.2814464949749,2.889896430887985
RWA-fed(KEN+TZA+UGA),2011,3,govt_consumption,2014,gnn_scarcity,14.2814464949749,0.6511764907024382
RWA-fed(KEN+TZA+UGA),2011,5,govt_consumption,2016,persistence,15.0678995077858,3.044339279673
RWA-fed(KEN+TZA+UGA),2011,5,govt_consumption,2016,arima,15.0678995077858,3.175051688950399
RWA-fed(KEN+TZA+UGA),2011,5,govt_consumption,2016,chronos,15.0678995077858,3.0767953818092373
RWA-fed(KEN+TZA+UGA),2011,5,govt_consumption,2016,xgb_blind,15.0678995077858,2.456118387485507
RWA-fed(KEN+TZA+UGA),2011,5,govt_consumption,2016,xgb_lag,15.0678995077858,3.175051688950399
RWA-fed(KEN+TZA+UGA),2011,5,govt_consumption,2016,xgb_typed,15.0678995077858,3.175051688950399
RWA-fed(KEN+TZA+UGA),2011,5,govt_consumption,2016,lgbm_blind,15.0678995077858,1.088301518535168
RWA-fed(KEN+TZA+UGA),2011,5,govt_consumption,2016,lgbm_lag,15.0678995077858,3.175051688950399
RWA-fed(KEN+TZA+UGA),2011,5,govt_consumption,2016,lgbm_typed,15.0678995077858,3.175051688950399
RWA-fed(KEN+TZA+UGA),2011,5,govt_consumption,2016,tft,15.0678995077858,2.7517602865943935
RWA-fed(KEN+TZA+UGA),2011,5,govt_consumption,2016,tgcn,15.0678995077858,
RWA-fed(KEN+TZA+UGA),2011,5,govt_consumption,2016,persistence_scarcity,15.0678995077858,3.044339279673
RWA-fed(KEN+TZA+UGA),2011,5,govt_consumption,2016,chronos_scarcity,15.0678995077858,3.0767953818092373
RWA-fed(KEN+TZA+UGA),2011,5,govt_consumption,2016,gnn_scarcity,15.0678995077858,1.1523101752052334
RWA-fed(KEN+TZA+UGA),2012,1,gdp_growth,2013,persistence,4.71984856978263,3.9216595885805896
RWA-fed(KEN+TZA+UGA),2012,1,gdp_growth,2013,arima,4.71984856978263,3.5855938968614494
RWA-fed(KEN+TZA+UGA),2012,1,gdp_growth,2013,chronos,4.71984856978263,3.335436884013757
RWA-fed(KEN+TZA+UGA),2012,1,gdp_growth,2013,xgb_blind,4.71984856978263,5.501855913249597
RWA-fed(KEN+TZA+UGA),2012,1,gdp_growth,2013,xgb_lag,4.71984856978263,3.5855938968614494
RWA-fed(KEN+TZA+UGA),2012,1,gdp_growth,2013,xgb_typed,4.71984856978263,3.5855938968614494
RWA-fed(KEN+TZA+UGA),2012,1,gdp_growth,2013,lgbm_blind,4.71984856978263,1.067041828589674
RWA-fed(KEN+TZA+UGA),2012,1,gdp_growth,2013,lgbm_lag,4.71984856978263,3.5855938968614494
RWA-fed(KEN+TZA+UGA),2012,1,gdp_growth,2013,lgbm_typed,4.71984856978263,3.5855938968614494
RWA-fed(KEN+TZA+UGA),2012,1,gdp_growth,2013,tft,4.71984856978263,4.05355459794198
RWA-fed(KEN+TZA+UGA),2012,1,gdp_growth,2013,tgcn,4.71984856978263,
RWA-fed(KEN+TZA+UGA),2012,1,gdp_growth,2013,persistence_scarcity,4.71984856978263,3.9216595885805896
RWA-fed(KEN+TZA+UGA),2012,1,gdp_growth,2013,chronos_scarcity,4.71984856978263,3.335436884013757
RWA-fed(KEN+TZA+UGA),2012,1,gdp_growth,2013,gnn_scarcity,4.71984856978263,0.918003622142419
RWA-fed(KEN+TZA+UGA),2012,3,gdp_growth,2015,persistence,8.8568555974538,0.2153474390905803
RWA-fed(KEN+TZA+UGA),2012,3,gdp_growth,2015,arima,8.8568555974538,0.4674184456113224
RWA-fed(KEN+TZA+UGA),2012,3,gdp_growth,2015,chronos,8.8568555974538,1.2424032353932528
RWA-fed(KEN+TZA+UGA),2012,3,gdp_growth,2015,xgb_blind,8.8568555974538,1.424551215129581
RWA-fed(KEN+TZA+UGA),2012,3,gdp_growth,2015,xgb_lag,8.8568555974538,0.4674184456113224
RWA-fed(KEN+TZA+UGA),2012,3,gdp_growth,2015,xgb_typed,8.8568555974538,0.4674184456113224
RWA-fed(KEN+TZA+UGA),2012,3,gdp_growth,2015,lgbm_blind,8.8568555974538,2.659193422752109
RWA-fed(KEN+TZA+UGA),2012,3,gdp_growth,2015,lgbm_lag,8.8568555974538,0.4674184456113224
RWA-fed(KEN+TZA+UGA),2012,3,gdp_growth,2015,lgbm_typed,8.8568555974538,0.4674184456113224
RWA-fed(KEN+TZA+UGA),2012,3,gdp_growth,2015,tft,8.8568555974538,0.6114271021311612
RWA-fed(KEN+TZA+UGA),2012,3,gdp_growth,2015,tgcn,8.8568555974538,
RWA-fed(KEN+TZA+UGA),2012,3,gdp_growth,2015,persistence_scarcity,8.8568555974538,0.2153474390905803
RWA-fed(KEN+TZA+UGA),2012,3,gdp_growth,2015,chronos_scarcity,8.8568555974538,1.2424032353932528
RWA-fed(KEN+TZA+UGA),2012,3,gdp_growth,2015,gnn_scarcity,8.8568555974538,2.796251025157657
RWA-fed(KEN+TZA+UGA),2012,5,gdp_growth,2017,persistence,3.91817093628465,4.72333722207857
RWA-fed(KEN+TZA+UGA),2012,5,gdp_growth,2017,arima,3.91817093628465,4.491594786484216
RWA-fed(KEN+TZA+UGA),2012,5,gdp_growth,2017,chronos,3.91817093628465,4.016889564813983
RWA-fed(KEN+TZA+UGA),2012,5,gdp_growth,2017,xgb_blind,3.91817093628465,3.265648834528338
RWA-fed(KEN+TZA+UGA),2012,5,gdp_growth,2017,xgb_lag,3.91817093628465,4.491594786484216
RWA-fed(KEN+TZA+UGA),2012,5,gdp_growth,2017,xgb_typed,3.91817093628465,4.491594786484216
RWA-fed(KEN+TZA+UGA),2012,5,gdp_growth,2017,lgbm_blind,3.91817093628465,6.210162486588105
RWA-fed(KEN+TZA+UGA),2012,5,gdp_growth,2017,lgbm_lag,3.91817093628465,4.491594786484216
RWA-fed(KEN+TZA+UGA),2012,5,gdp_growth,2017,lgbm_typed,3.91817093628465,4.491594786484216
RWA-fed(KEN+TZA+UGA),2012,5,gdp_growth,2017,tft,3.91817093628465,5.8762302325385924
RWA-fed(KEN+TZA+UGA),2012,5,gdp_growth,2017,tgcn,3.91817093628465,
RWA-fed(KEN+TZA+UGA),2012,5,gdp_growth,2017,persistence_scarcity,3.91817093628465,4.72333722207857
RWA-fed(KEN+TZA+UGA),2012,5,gdp_growth,2017,chronos_scarcity,3.91817093628465,4.016889564813983
RWA-fed(KEN+TZA+UGA),2012,5,gdp_growth,2017,gnn_scarcity,3.91817093628465,3.024519913019549
RWA-fed(KEN+TZA+UGA),2012,1,inflation_cpi,2013,persistence,5.92426867984854,4.346749552039061
RWA-fed(KEN+TZA+UGA),2012,1,inflation_cpi,2013,arima,5.92426867984854,1.6761743008135142
RWA-fed(KEN+TZA+UGA),2012,1,inflation_cpi,2013,chronos,5.92426867984854,3.215029759177339
RWA-fed(KEN+TZA+UGA),2012,1,inflation_cpi,2013,xgb_blind,5.92426867984854,3.3125950863274216
RWA-fed(KEN+TZA+UGA),2012,1,inflation_cpi,2013,xgb_lag,5.92426867984854,1.6761743008135142
RWA-fed(KEN+TZA+UGA),2012,1,inflation_cpi,2013,xgb_typed,5.92426867984854,1.6761743008135142
RWA-fed(KEN+TZA+UGA),2012,1,inflation_cpi,2013,lgbm_blind,5.92426867984854,2.5708388239286606
RWA-fed(KEN+TZA+UGA),2012,1,inflation_cpi,2013,lgbm_lag,5.92426867984854,1.6761743008135142
RWA-fed(KEN+TZA+UGA),2012,1,inflation_cpi,2013,lgbm_typed,5.92426867984854,1.6761743008135142
RWA-fed(KEN+TZA+UGA),2012,1,inflation_cpi,2013,tft,5.92426867984854,1.0523105094519973
RWA-fed(KEN+TZA+UGA),2012,1,inflation_cpi,2013,tgcn,5.92426867984854,
RWA-fed(KEN+TZA+UGA),2012,1,inflation_cpi,2013,persistence_scarcity,5.92426867984854,4.346749552039061
RWA-fed(KEN+TZA+UGA),2012,1,inflation_cpi,2013,chronos_scarcity,5.92426867984854,3.215029759177339
RWA-fed(KEN+TZA+UGA),2012,1,inflation_cpi,2013,gnn_scarcity,5.92426867984854,2.4585800597754837
RWA-fed(KEN+TZA+UGA),2012,3,inflation_cpi,2015,persistence,2.52850284192421,7.7425153899633905
RWA-fed(KEN+TZA+UGA),2012,3,inflation_cpi,2015,arima,2.52850284192421,5.695408004512917
RWA-fed(KEN+TZA+UGA),2012,3,inflation_cpi,2015,chronos,2.52850284192421,6.735994915033798
RWA-fed(KEN+TZA+UGA),2012,3,inflation_cpi,2015,xgb_blind,2.52850284192421,7.1217762031807705
RWA-fed(KEN+TZA+UGA),2012,3,inflation_cpi,2015,xgb_lag,2.52850284192421,5.695408004512917
RWA-fed(KEN+TZA+UGA),2012,3,inflation_cpi,2015,xgb_typed,2.52850284192421,5.695408004512917
RWA-fed(KEN+TZA+UGA),2012,3,inflation_cpi,2015,lgbm_blind,2.52850284192421,5.356236586089353
RWA-fed(KEN+TZA+UGA),2012,3,inflation_cpi,2015,lgbm_lag,2.52850284192421,5.695408004512917
RWA-fed(KEN+TZA+UGA),2012,3,inflation_cpi,2015,lgbm_typed,2.52850284192421,5.695408004512917
RWA-fed(KEN+TZA+UGA),2012,3,inflation_cpi,2015,tft,2.52850284192421,6.17683277514122
RWA-fed(KEN+TZA+UGA),2012,3,inflation_cpi,2015,tgcn,2.52850284192421,
RWA-fed(KEN+TZA+UGA),2012,3,inflation_cpi,2015,persistence_scarcity,2.52850284192421,7.7425153899633905
RWA-fed(KEN+TZA+UGA),2012,3,inflation_cpi,2015,chronos_scarcity,2.52850284192421,6.735994915033798
RWA-fed(KEN+TZA+UGA),2012,3,inflation_cpi,2015,gnn_scarcity,2.52850284192421,6.0078187980904385
RWA-fed(KEN+TZA+UGA),2012,5,inflation_cpi,2017,persistence,8.27953672260832,1.9914815092792804
RWA-fed(KEN+TZA+UGA),2012,5,inflation_cpi,2017,arima,8.27953672260832,0.03036721337425874
RWA-fed(KEN+TZA+UGA),2012,5,inflation_cpi,2017,chronos,8.27953672260832,0.7032685294668752
RWA-fed(KEN+TZA+UGA),2012,5,inflation_cpi,2017,xgb_blind,8.27953672260832,6.459711430974714
RWA-fed(KEN+TZA+UGA),2012,5,inflation_cpi,2017,xgb_lag,8.27953672260832,0.03036721337425874
RWA-fed(KEN+TZA+UGA),2012,5,inflation_cpi,2017,xgb_typed,8.27953672260832,0.03036721337425874
RWA-fed(KEN+TZA+UGA),2012,5,inflation_cpi,2017,lgbm_blind,8.27953672260832,0.8914250460014532
RWA-fed(KEN+TZA+UGA),2012,5,inflation_cpi,2017,lgbm_lag,8.27953672260832,0.03036721337425874
RWA-fed(KEN+TZA+UGA),2012,5,inflation_cpi,2017,lgbm_typed,8.27953672260832,0.03036721337425874
RWA-fed(KEN+TZA+UGA),2012,5,inflation_cpi,2017,tft,8.27953672260832,2.144451619676836
RWA-fed(KEN+TZA+UGA),2012,5,inflation_cpi,2017,tgcn,8.27953672260832,
RWA-fed(KEN+TZA+UGA),2012,5,inflation_cpi,2017,persistence_scarcity,8.27953672260832,1.9914815092792804
RWA-fed(KEN+TZA+UGA),2012,5,inflation_cpi,2017,chronos_scarcity,8.27953672260832,0.7032685294668752
RWA-fed(KEN+TZA+UGA),2012,5,inflation_cpi,2017,gnn_scarcity,8.27953672260832,0.5770106330435354
RWA-fed(KEN+TZA+UGA),2012,1,unemployment,2013,persistence,11.768,0.09700000000000131
RWA-fed(KEN+TZA+UGA),2012,1,unemployment,2013,arima,11.768,0.11442664670733116
RWA-fed(KEN+TZA+UGA),2012,1,unemployment,2013,chronos,11.768,0.02178227233886787
RWA-fed(KEN+TZA+UGA),2012,1,unemployment,2013,xgb_blind,11.768,0.1934198074340827
RWA-fed(KEN+TZA+UGA),2012,1,unemployment,2013,xgb_lag,11.768,0.11442664670733116
RWA-fed(KEN+TZA+UGA),2012,1,unemployment,2013,xgb_typed,11.768,0.11442664670733116
RWA-fed(KEN+TZA+UGA),2012,1,unemployment,2013,lgbm_blind,11.768,0.05754540599476243
RWA-fed(KEN+TZA+UGA),2012,1,unemployment,2013,lgbm_lag,11.768,0.11442664670733116
RWA-fed(KEN+TZA+UGA),2012,1,unemployment,2013,lgbm_typed,11.768,0.11442664670733116
RWA-fed(KEN+TZA+UGA),2012,1,unemployment,2013,tft,11.768,0.09998547363281318
RWA-fed(KEN+TZA+UGA),2012,1,unemployment,2013,tgcn,11.768,
RWA-fed(KEN+TZA+UGA),2012,1,unemployment,2013,persistence_scarcity,11.768,0.09700000000000131
RWA-fed(KEN+TZA+UGA),2012,1,unemployment,2013,chronos_scarcity,11.768,0.02178227233886787
RWA-fed(KEN+TZA+UGA),2012,1,unemployment,2013,gnn_scarcity,11.768,0.025778167724610057
RWA-fed(KEN+TZA+UGA),2012,3,unemployment,2015,persistence,11.831,0.16000000000000014
RWA-fed(KEN+TZA+UGA),2012,3,unemployment,2015,arima,11.831,0.18173194014248395
RWA-fed(KEN+TZA+UGA),2012,3,unemployment,2015,chronos,11.831,0.044294685363770014
RWA-fed(KEN+TZA+UGA),2012,3,unemployment,2015,xgb_blind,11.831,0.20196309661865186
RWA-fed(KEN+TZA+UGA),2012,3,unemployment,2015,xgb_lag,11.831,0.18173194014248395
RWA-fed(KEN+TZA+UGA),2012,3,unemployment,2015,xgb_typed,11.831,0.18173194014248395
RWA-fed(KEN+TZA+UGA),2012,3,unemployment,2015,lgbm_blind,11.831,0.17194996452331424
RWA-fed(KEN+TZA+UGA),2012,3,unemployment,2015,lgbm_lag,11.831,0.18173194014248395
RWA-fed(KEN+TZA+UGA),2012,3,unemployment,2015,lgbm_typed,11.831,0.18173194014248395
RWA-fed(KEN+TZA+UGA),2012,3,unemployment,2015,tft,11.831,0.14687314605712842
RWA-fed(KEN+TZA+UGA),2012,3,unemployment,2015,tgcn,11.831,
RWA-fed(KEN+TZA+UGA),2012,3,unemployment,2015,persistence_scarcity,11.831,0.16000000000000014
RWA-fed(KEN+TZA+UGA),2012,3,unemployment,2015,chronos_scarcity,11.831,0.044294685363770014
RWA-fed(KEN+TZA+UGA),2012,3,unemployment,2015,gnn_scarcity,11.831,0.07935300445556592
RWA-fed(KEN+TZA+UGA),2012,5,unemployment,2017,persistence,11.875,0.20400000000000063
RWA-fed(KEN+TZA+UGA),2012,5,unemployment,2017,arima,11.875,0.22591290429740596
RWA-fed(KEN+TZA+UGA),2012,5,unemployment,2017,chronos,11.875,0.08575248718261719
RWA-fed(KEN+TZA+UGA),2012,5,unemployment,2017,xgb_blind,11.875,0.27245521545410156
RWA-fed(KEN+TZA+UGA),2012,5,unemployment,2017,xgb_lag,11.875,0.22591290429740596
RWA-fed(KEN+TZA+UGA),2012,5,unemployment,2017,xgb_typed,11.875,0.22591290429740596
RWA-fed(KEN+TZA+UGA),2012,5,unemployment,2017,lgbm_blind,11.875,0.27555550469292456
RWA-fed(KEN+TZA+UGA),2012,5,unemployment,2017,lgbm_lag,11.875,0.22591290429740596
RWA-fed(KEN+TZA+UGA),2012,5,unemployment,2017,lgbm_typed,11.875,0.22591290429740596
RWA-fed(KEN+TZA+UGA),2012,5,unemployment,2017,tft,11.875,0.18010520935058594
RWA-fed(KEN+TZA+UGA),2012,5,unemployment,2017,tgcn,11.875,
RWA-fed(KEN+TZA+UGA),2012,5,unemployment,2017,persistence_scarcity,11.875,0.20400000000000063
RWA-fed(KEN+TZA+UGA),2012,5,unemployment,2017,chronos_scarcity,11.875,0.08575248718261719
RWA-fed(KEN+TZA+UGA),2012,5,unemployment,2017,gnn_scarcity,11.875,0.10368728637695312
RWA-fed(KEN+TZA+UGA),2012,1,exports_gdp,2013,persistence,13.4925358045666,1.4982576525094995
RWA-fed(KEN+TZA+UGA),2012,1,exports_gdp,2013,arima,13.4925358045666,1.3538320564698978
RWA-fed(KEN+TZA+UGA),2012,1,exports_gdp,2013,chronos,13.4925358045666,1.9116241682140611
RWA-fed(KEN+TZA+UGA),2012,1,exports_gdp,2013,xgb_blind,13.4925358045666,2.072739814576366
RWA-fed(KEN+TZA+UGA),2012,1,exports_gdp,2013,xgb_lag,13.4925358045666,1.3538320564698978
RWA-fed(KEN+TZA+UGA),2012,1,exports_gdp,2013,xgb_typed,13.4925358045666,1.3538320564698978
RWA-fed(KEN+TZA+UGA),2012,1,exports_gdp,2013,lgbm_blind,13.4925358045666,5.146505851043484
RWA-fed(KEN+TZA+UGA),2012,1,exports_gdp,2013,lgbm_lag,13.4925358045666,1.3538320564698978
RWA-fed(KEN+TZA+UGA),2012,1,exports_gdp,2013,lgbm_typed,13.4925358045666,1.3538320564698978
RWA-fed(KEN+TZA+UGA),2012,1,exports_gdp,2013,tft,13.4925358045666,1.3794014204113267
RWA-fed(KEN+TZA+UGA),2012,1,exports_gdp,2013,tgcn,13.4925358045666,
RWA-fed(KEN+TZA+UGA),2012,1,exports_gdp,2013,persistence_scarcity,13.4925358045666,1.4982576525094995
RWA-fed(KEN+TZA+UGA),2012,1,exports_gdp,2013,chronos_scarcity,13.4925358045666,1.9116241682140611
RWA-fed(KEN+TZA+UGA),2012,1,exports_gdp,2013,gnn_scarcity,13.4925358045666,5.225325797852733
RWA-fed(KEN+TZA+UGA),2012,3,exports_gdp,2015,persistence,13.2317868359616,1.2375086839044993
RWA-fed(KEN+TZA+UGA),2012,3,exports_gdp,2015,arima,13.2317868359616,1.1176482829771501
RWA-fed(KEN+TZA+UGA),2012,3,exports_gdp,2015,chronos,13.2317868359616,2.133417237572928
RWA-fed(KEN+TZA+UGA),2012,3,exports_gdp,2015,xgb_blind,13.2317868359616,0.892518151574393
RWA-fed(KEN+TZA+UGA),2012,3,exports_gdp,2015,xgb_lag,13.2317868359616,1.1176482829771501
RWA-fed(KEN+TZA+UGA),2012,3,exports_gdp,2015,xgb_typed,13.2317868359616,1.1176482829771501
RWA-fed(KEN+TZA+UGA),2012,3,exports_gdp,2015,lgbm_blind,13.2317868359616,4.69540451841857
RWA-fed(KEN+TZA+UGA),2012,3,exports_gdp,2015,lgbm_lag,13.2317868359616,1.1176482829771501
RWA-fed(KEN+TZA+UGA),2012,3,exports_gdp,2015,lgbm_typed,13.2317868359616,1.1176482829771501
RWA-fed(KEN+TZA+UGA),2012,3,exports_gdp,2015,tft,13.2317868359616,0.06666575747038905
RWA-fed(KEN+TZA+UGA),2012,3,exports_gdp,2015,tgcn,13.2317868359616,
RWA-fed(KEN+TZA+UGA),2012,3,exports_gdp,2015,persistence_scarcity,13.2317868359616,1.2375086839044993
RWA-fed(KEN+TZA+UGA),2012,3,exports_gdp,2015,chronos_scarcity,13.2317868359616,2.133417237572928
RWA-fed(KEN+TZA+UGA),2012,3,exports_gdp,2015,gnn_scarcity,13.2317868359616,4.8829651959469516
RWA-fed(KEN+TZA+UGA),2012,5,exports_gdp,2017,persistence,20.5283808772972,8.534102725240098
RWA-fed(KEN+TZA+UGA),2012,5,exports_gdp,2017,arima,20.5283808772972,8.415402430608337
RWA-fed(KEN+TZA+UGA),2012,5,exports_gdp,2017,chronos,20.5283808772972,10.817306048195636
RWA-fed(KEN+TZA+UGA),2012,5,exports_gdp,2017,xgb_blind,20.5283808772972,9.748075968544757
RWA-fed(KEN+TZA+UGA),2012,5,exports_gdp,2017,xgb_lag,20.5283808772972,8.415402430608337
RWA-fed(KEN+TZA+UGA),2012,5,exports_gdp,2017,xgb_typed,20.5283808772972,8.415402430608337
RWA-fed(KEN+TZA+UGA),2012,5,exports_gdp,2017,lgbm_blind,20.5283808772972,11.681168960055784
RWA-fed(KEN+TZA+UGA),2012,5,exports_gdp,2017,lgbm_lag,20.5283808772972,8.415402430608337
RWA-fed(KEN+TZA+UGA),2012,5,exports_gdp,2017,lgbm_typed,20.5283808772972,8.415402430608337
RWA-fed(KEN+TZA+UGA),2012,5,exports_gdp,2017,tft,20.5283808772972,5.351675516884601
RWA-fed(KEN+TZA+UGA),2012,5,exports_gdp,2017,tgcn,20.5283808772972,
RWA-fed(KEN+TZA+UGA),2012,5,exports_gdp,2017,persistence_scarcity,20.5283808772972,8.534102725240098
RWA-fed(KEN+TZA+UGA),2012,5,exports_gdp,2017,chronos_scarcity,20.5283808772972,10.817306048195636
RWA-fed(KEN+TZA+UGA),2012,5,exports_gdp,2017,gnn_scarcity,20.5283808772972,12.009274966042316
RWA-fed(KEN+TZA+UGA),2012,1,imports_gdp,2013,persistence,29.2009566249696,0.6543717783074001
RWA-fed(KEN+TZA+UGA),2012,1,imports_gdp,2013,arima,29.2009566249696,1.3174561803461167
RWA-fed(KEN+TZA+UGA),2012,1,imports_gdp,2013,chronos,29.2009566249696,1.3216555538026071
RWA-fed(KEN+TZA+UGA),2012,1,imports_gdp,2013,xgb_blind,29.2009566249696,1.2645399989930368
RWA-fed(KEN+TZA+UGA),2012,1,imports_gdp,2013,xgb_lag,29.2009566249696,1.3174561803461167
RWA-fed(KEN+TZA+UGA),2012,1,imports_gdp,2013,xgb_typed,29.2009566249696,1.3174561803461167
RWA-fed(KEN+TZA+UGA),2012,1,imports_gdp,2013,lgbm_blind,29.2009566249696,3.85625034972324
RWA-fed(KEN+TZA+UGA),2012,1,imports_gdp,2013,lgbm_lag,29.2009566249696,1.3174561803461167
RWA-fed(KEN+TZA+UGA),2012,1,imports_gdp,2013,lgbm_typed,29.2009566249696,1.3174561803461167
RWA-fed(KEN+TZA+UGA),2012,1,imports_gdp,2013,tft,29.2009566249696,1.4698412837830759
RWA-fed(KEN+TZA+UGA),2012,1,imports_gdp,2013,tgcn,29.2009566249696,
RWA-fed(KEN+TZA+UGA),2012,1,imports_gdp,2013,persistence_scarcity,29.2009566249696,0.6543717783074001
RWA-fed(KEN+TZA+UGA),2012,1,imports_gdp,2013,chronos_scarcity,29.2009566249696,1.3216555538026071
RWA-fed(KEN+TZA+UGA),2012,1,imports_gdp,2013,gnn_scarcity,29.2009566249696,4.213114065155146
RWA-fed(KEN+TZA+UGA),2012,3,imports_gdp,2015,persistence,31.9701887799487,3.4236039332865005
RWA-fed(KEN+TZA+UGA),2012,3,imports_gdp,2015,arima,31.9701887799487,3.9229073098872185
RWA-fed(KEN+TZA+UGA),2012,3,imports_gdp,2015,chronos,31.9701887799487,5.73084322941159
RWA-fed(KEN+TZA+UGA),2012,3,imports_gdp,2015,xgb_blind,31.9701887799487,5.280575437663543
RWA-fed(KEN+TZA+UGA),2012,3,imports_gdp,2015,xgb_lag,31.9701887799487,3.9229073098872185
RWA-fed(KEN+TZA+UGA),2012,3,imports_gdp,2015,xgb_typed,31.9701887799487,3.9229073098872185
RWA-fed(KEN+TZA+UGA),2012,3,imports_gdp,2015,lgbm_blind,31.9701887799487,5.906932230113494
RWA-fed(KEN+TZA+UGA),2012,3,imports_gdp,2015,lgbm_lag,31.9701887799487,3.9229073098872185
RWA-fed(KEN+TZA+UGA),2012,3,imports_gdp,2015,lgbm_typed,31.9701887799487,3.9229073098872185
RWA-fed(KEN+TZA+UGA),2012,3,imports_gdp,2015,tft,31.9701887799487,4.237612409709442
RWA-fed(KEN+TZA+UGA),2012,3,imports_gdp,2015,tgcn,31.9701887799487,
RWA-fed(KEN+TZA+UGA),2012,3,imports_gdp,2015,persistence_scarcity,31.9701887799487,3.4236039332865005
RWA-fed(KEN+TZA+UGA),2012,3,imports_gdp,2015,chronos_scarcity,31.9701887799487,5.73084322941159
RWA-fed(KEN+TZA+UGA),2012,3,imports_gdp,2015,gnn_scarcity,31.9701887799487,6.709835691569793
RWA-fed(KEN+TZA+UGA),2012,5,imports_gdp,2017,persistence,33.1468865404281,4.6003016937659
RWA-fed(KEN+TZA+UGA),2012,5,imports_gdp,2017,arima,33.1468865404281,5.067140777077974
RWA-fed(KEN+TZA+UGA),2012,5,imports_gdp,2017,chronos,33.1468865404281,5.996453953758177
RWA-fed(KEN+TZA+UGA),2012,5,imports_gdp,2017,xgb_blind,33.1468865404281,5.874875737205443
RWA-fed(KEN+TZA+UGA),2012,5,imports_gdp,2017,xgb_lag,33.1468865404281,5.067140777077974
RWA-fed(KEN+TZA+UGA),2012,5,imports_gdp,2017,xgb_typed,33.1468865404281,5.067140777077974
RWA-fed(KEN+TZA+UGA),2012,5,imports_gdp,2017,lgbm_blind,33.1468865404281,8.926424059247271
RWA-fed(KEN+TZA+UGA),2012,5,imports_gdp,2017,lgbm_lag,33.1468865404281,5.067140777077974
RWA-fed(KEN+TZA+UGA),2012,5,imports_gdp,2017,lgbm_typed,33.1468865404281,5.067140777077974
RWA-fed(KEN+TZA+UGA),2012,5,imports_gdp,2017,tft,33.1468865404281,5.414386464134154
RWA-fed(KEN+TZA+UGA),2012,5,imports_gdp,2017,tgcn,33.1468865404281,
RWA-fed(KEN+TZA+UGA),2012,5,imports_gdp,2017,persistence_scarcity,33.1468865404281,4.6003016937659
RWA-fed(KEN+TZA+UGA),2012,5,imports_gdp,2017,chronos_scarcity,33.1468865404281,5.996453953758177
RWA-fed(KEN+TZA+UGA),2012,5,imports_gdp,2017,gnn_scarcity,33.1468865404281,7.317931843772826
RWA-fed(KEN+TZA+UGA),2012,1,current_account,2013,persistence,-7.48220331305966,2.1982551078094996
RWA-fed(KEN+TZA+UGA),2012,1,current_account,2013,arima,-7.48220331305966,4.601250914115138
RWA-fed(KEN+TZA+UGA),2012,1,current_account,2013,chronos,-7.48220331305966,2.2523214138080156
RWA-fed(KEN+TZA+UGA),2012,1,current_account,2013,xgb_blind,-7.48220331305966,1.3113271511127031
RWA-fed(KEN+TZA+UGA),2012,1,current_account,2013,xgb_lag,-7.48220331305966,4.601250914115138
RWA-fed(KEN+TZA+UGA),2012,1,current_account,2013,xgb_typed,-7.48220331305966,4.601250914115138
RWA-fed(KEN+TZA+UGA),2012,1,current_account,2013,lgbm_blind,-7.48220331305966,0.8028304605608252
RWA-fed(KEN+TZA+UGA),2012,1,current_account,2013,lgbm_lag,-7.48220331305966,4.601250914115138
RWA-fed(KEN+TZA+UGA),2012,1,current_account,2013,lgbm_typed,-7.48220331305966,4.601250914115138
RWA-fed(KEN+TZA+UGA),2012,1,current_account,2013,tft,-7.48220331305966,0.6492797649432696
RWA-fed(KEN+TZA+UGA),2012,1,current_account,2013,tgcn,-7.48220331305966,
RWA-fed(KEN+TZA+UGA),2012,1,current_account,2013,persistence_scarcity,-7.48220331305966,2.1982551078094996
RWA-fed(KEN+TZA+UGA),2012,1,current_account,2013,chronos_scarcity,-7.48220331305966,2.2523214138080156
RWA-fed(KEN+TZA+UGA),2012,1,current_account,2013,gnn_scarcity,-7.48220331305966,0.8193429195354902
RWA-fed(KEN+TZA+UGA),2012,3,current_account,2015,persistence,-12.6837769389105,3.0033185180413398
RWA-fed(KEN+TZA+UGA),2012,3,current_account,2015,arima,-12.6837769389105,3.329844682049485
RWA-fed(KEN+TZA+UGA),2012,3,current_account,2015,chronos,-12.6837769389105,3.218298041815773
RWA-fed(KEN+TZA+UGA),2012,3,current_account,2015,xgb_blind,-12.6837769389105,3.4066954493475112
RWA-fed(KEN+TZA+UGA),2012,3,current_account,2015,xgb_lag,-12.6837769389105,3.329844682049485
RWA-fed(KEN+TZA+UGA),2012,3,current_account,2015,xgb_typed,-12.6837769389105,3.329844682049485
RWA-fed(KEN+TZA+UGA),2012,3,current_account,2015,lgbm_blind,-12.6837769389105,5.988153803343788
RWA-fed(KEN+TZA+UGA),2012,3,current_account,2015,lgbm_lag,-12.6837769389105,3.329844682049485
RWA-fed(KEN+TZA+UGA),2012,3,current_account,2015,lgbm_typed,-12.6837769389105,3.329844682049485
RWA-fed(KEN+TZA+UGA),2012,3,current_account,2015,tft,-12.6837769389105,5.29676874875547
RWA-fed(KEN+TZA+UGA),2012,3,current_account,2015,tgcn,-12.6837769389105,
RWA-fed(KEN+TZA+UGA),2012,3,current_account,2015,persistence_scarcity,-12.6837769389105,3.0033185180413398
RWA-fed(KEN+TZA+UGA),2012,3,current_account,2015,chronos_scarcity,-12.6837769389105,3.218298041815773
RWA-fed(KEN+TZA+UGA),2012,3,current_account,2015,gnn_scarcity,-12.6837769389105,6.040220820899025
RWA-fed(KEN+TZA+UGA),2012,5,current_account,2017,persistence,-9.46048176908828,0.219976651780879
RWA-fed(KEN+TZA+UGA),2012,5,current_account,2017,arima,-9.46048176908828,9.549431989769454
RWA-fed(KEN+TZA+UGA),2012,5,current_account,2017,chronos,-9.46048176908828,0.029456966873633306
RWA-fed(KEN+TZA+UGA),2012,5,current_account,2017,xgb_blind,-9.46048176908828,0.25928033018447216
RWA-fed(KEN+TZA+UGA),2012,5,current_account,2017,xgb_lag,-9.46048176908828,9.549431989769454
RWA-fed(KEN+TZA+UGA),2012,5,current_account,2017,xgb_typed,-9.46048176908828,9.549431989769454
RWA-fed(KEN+TZA+UGA),2012,5,current_account,2017,lgbm_blind,-9.46048176908828,2.744997176438609
RWA-fed(KEN+TZA+UGA),2012,5,current_account,2017,lgbm_lag,-9.46048176908828,9.549431989769454
RWA-fed(KEN+TZA+UGA),2012,5,current_account,2017,lgbm_typed,-9.46048176908828,9.549431989769454
RWA-fed(KEN+TZA+UGA),2012,5,current_account,2017,tft,-9.46048176908828,2.265972262862695
RWA-fed(KEN+TZA+UGA),2012,5,current_account,2017,tgcn,-9.46048176908828,
RWA-fed(KEN+TZA+UGA),2012,5,current_account,2017,persistence_scarcity,-9.46048176908828,0.219976651780879
RWA-fed(KEN+TZA+UGA),2012,5,current_account,2017,chronos_scarcity,-9.46048176908828,0.029456966873633306
RWA-fed(KEN+TZA+UGA),2012,5,current_account,2017,gnn_scarcity,-9.46048176908828,2.8572055163416987
RWA-fed(KEN+TZA+UGA),2012,1,real_interest_rate,2013,persistence,14.2462823994154,2.8076768194761996
RWA-fed(KEN+TZA+UGA),2012,1,real_interest_rate,2013,arima,14.2462823994154,3.873369933844751
RWA-fed(KEN+TZA+UGA),2012,1,real_interest_rate,2013,chronos,14.2462823994154,5.362920583009149
RWA-fed(KEN+TZA+UGA),2012,1,real_interest_rate,2013,xgb_blind,14.2462823994154,5.081867993592645
RWA-fed(KEN+TZA+UGA),2012,1,real_interest_rate,2013,xgb_lag,14.2462823994154,3.873369933844751
RWA-fed(KEN+TZA+UGA),2012,1,real_interest_rate,2013,xgb_typed,14.2462823994154,3.873369933844751
RWA-fed(KEN+TZA+UGA),2012,1,real_interest_rate,2013,lgbm_blind,14.2462823994154,6.17051167993055
RWA-fed(KEN+TZA+UGA),2012,1,real_interest_rate,2013,lgbm_lag,14.2462823994154,3.873369933844751
RWA-fed(KEN+TZA+UGA),2012,1,real_interest_rate,2013,lgbm_typed,14.2462823994154,3.873369933844751
RWA-fed(KEN+TZA+UGA),2012,1,real_interest_rate,2013,tft,14.2462823994154,4.130809605836298
RWA-fed(KEN+TZA+UGA),2012,1,real_interest_rate,2013,tgcn,14.2462823994154,
RWA-fed(KEN+TZA+UGA),2012,1,real_interest_rate,2013,persistence_scarcity,14.2462823994154,2.8076768194761996
RWA-fed(KEN+TZA+UGA),2012,1,real_interest_rate,2013,chronos_scarcity,14.2462823994154,5.362920583009149
RWA-fed(KEN+TZA+UGA),2012,1,real_interest_rate,2013,gnn_scarcity,14.2462823994154,6.153297246217157
RWA-fed(KEN+TZA+UGA),2012,3,real_interest_rate,2015,persistence,16.7659340409904,5.327328461051199
RWA-fed(KEN+TZA+UGA),2012,3,real_interest_rate,2015,arima,16.7659340409904,6.135202523433993
RWA-fed(KEN+TZA+UGA),2012,3,real_interest_rate,2015,chronos,16.7659340409904,8.248895695653484
RWA-fed(KEN+TZA+UGA),2012,3,real_interest_rate,2015,xgb_blind,16.7659340409904,6.295507481542156
RWA-fed(KEN+TZA+UGA),2012,3,real_interest_rate,2015,xgb_lag,16.7659340409904,6.135202523433993
RWA-fed(KEN+TZA+UGA),2012,3,real_interest_rate,2015,xgb_typed,16.7659340409904,6.135202523433993
RWA-fed(KEN+TZA+UGA),2012,3,real_interest_rate,2015,lgbm_blind,16.7659340409904,8.543812712874935
RWA-fed(KEN+TZA+UGA),2012,3,real_interest_rate,2015,lgbm_lag,16.7659340409904,6.135202523433993
RWA-fed(KEN+TZA+UGA),2012,3,real_interest_rate,2015,lgbm_typed,16.7659340409904,6.135202523433993
RWA-fed(KEN+TZA+UGA),2012,3,real_interest_rate,2015,tft,16.7659340409904,6.6491766481070975
RWA-fed(KEN+TZA+UGA),2012,3,real_interest_rate,2015,tgcn,16.7659340409904,
RWA-fed(KEN+TZA+UGA),2012,3,real_interest_rate,2015,persistence_scarcity,16.7659340409904,5.327328461051199
RWA-fed(KEN+TZA+UGA),2012,3,real_interest_rate,2015,chronos_scarcity,16.7659340409904,8.248895695653484
RWA-fed(KEN+TZA+UGA),2012,3,real_interest_rate,2015,gnn_scarcity,16.7659340409904,8.507745793309734
RWA-fed(KEN+TZA+UGA),2012,5,real_interest_rate,2017,persistence,8.32839190737934,3.11021367255986
RWA-fed(KEN+TZA+UGA),2012,5,real_interest_rate,2017,arima,8.32839190737934,2.3457097583098445
RWA-fed(KEN+TZA+UGA),2012,5,real_interest_rate,2017,chronos,8.32839190737934,1.7040299154970153
RWA-fed(KEN+TZA+UGA),2012,5,real_interest_rate,2017,xgb_blind,8.32839190737934,2.9968711159971253
RWA-fed(KEN+TZA+UGA),2012,5,real_interest_rate,2017,xgb_lag,8.32839190737934,2.3457097583098445
RWA-fed(KEN+TZA+UGA),2012,5,real_interest_rate,2017,xgb_typed,8.32839190737934,2.3457097583098445
RWA-fed(KEN+TZA+UGA),2012,5,real_interest_rate,2017,lgbm_blind,8.32839190737934,0.0726023868402077
RWA-fed(KEN+TZA+UGA),2012,5,real_interest_rate,2017,lgbm_lag,8.32839190737934,2.3457097583098445
RWA-fed(KEN+TZA+UGA),2012,5,real_interest_rate,2017,lgbm_typed,8.32839190737934,2.3457097583098445
RWA-fed(KEN+TZA+UGA),2012,5,real_interest_rate,2017,tft,8.32839190737934,1.7882777474668519
RWA-fed(KEN+TZA+UGA),2012,5,real_interest_rate,2017,tgcn,8.32839190737934,
RWA-fed(KEN+TZA+UGA),2012,5,real_interest_rate,2017,persistence_scarcity,8.32839190737934,3.11021367255986
RWA-fed(KEN+TZA+UGA),2012,5,real_interest_rate,2017,chronos_scarcity,8.32839190737934,1.7040299154970153
RWA-fed(KEN+TZA+UGA),2012,5,real_interest_rate,2017,gnn_scarcity,8.32839190737934,0.27449715359478155
RWA-fed(KEN+TZA+UGA),2012,1,broad_money,2013,persistence,17.9823176390729,0.7364270684787009
RWA-fed(KEN+TZA+UGA),2012,1,broad_money,2013,arima,17.9823176390729,0.7194619331277465
RWA-fed(KEN+TZA+UGA),2012,1,broad_money,2013,chronos,17.9823176390729,2.163778019627099
RWA-fed(KEN+TZA+UGA),2012,1,broad_money,2013,xgb_blind,17.9823176390729,1.813591671665673
RWA-fed(KEN+TZA+UGA),2012,1,broad_money,2013,xgb_lag,17.9823176390729,2.944049549778466
RWA-fed(KEN+TZA+UGA),2012,1,broad_money,2013,xgb_typed,17.9823176390729,3.2830636031231926
RWA-fed(KEN+TZA+UGA),2012,1,broad_money,2013,lgbm_blind,17.9823176390729,2.545956716346181
RWA-fed(KEN+TZA+UGA),2012,1,broad_money,2013,lgbm_lag,17.9823176390729,2.545956716346181
RWA-fed(KEN+TZA+UGA),2012,1,broad_money,2013,lgbm_typed,17.9823176390729,2.545956716346181
RWA-fed(KEN+TZA+UGA),2012,1,broad_money,2013,tft,17.9823176390729,0.34493894644594647
RWA-fed(KEN+TZA+UGA),2012,1,broad_money,2013,tgcn,17.9823176390729,
RWA-fed(KEN+TZA+UGA),2012,1,broad_money,2013,persistence_scarcity,17.9823176390729,1.6058570144244406
RWA-fed(KEN+TZA+UGA),2012,1,broad_money,2013,chronos_scarcity,17.9823176390729,1.7254920028700766
RWA-fed(KEN+TZA+UGA),2012,1,broad_money,2013,gnn_scarcity,17.9823176390729,2.2501837737164543
RWA-fed(KEN+TZA+UGA),2012,3,broad_money,2015,persistence,20.8162554781801,3.570364907585901
RWA-fed(KEN+TZA+UGA),2012,3,broad_money,2015,arima,20.8162554781801,3.556031161886999
RWA-fed(KEN+TZA+UGA),2012,3,broad_money,2015,chronos,20.8162554781801,4.828227905548264
RWA-fed(KEN+TZA+UGA),2012,3,broad_money,2015,xgb_blind,20.8162554781801,4.913932709015061
RWA-fed(KEN+TZA+UGA),2012,3,broad_money,2015,xgb_lag,20.8162554781801,3.9870318453676
RWA-fed(KEN+TZA+UGA),2012,3,broad_money,2015,xgb_typed,20.8162554781801,3.9504374544984593
RWA-fed(KEN+TZA+UGA),2012,3,broad_money,2015,lgbm_blind,20.8162554781801,5.229453567779709
RWA-fed(KEN+TZA+UGA),2012,3,broad_money,2015,lgbm_lag,20.8162554781801,5.229453567779709
RWA-fed(KEN+TZA+UGA),2012,3,broad_money,2015,lgbm_typed,20.8162554781801,5.229453567779709
RWA-fed(KEN+TZA+UGA),2012,3,broad_money,2015,tft,20.8162554781801,2.770063308990647
RWA-fed(KEN+TZA+UGA),2012,3,broad_money,2015,tgcn,20.8162554781801,
RWA-fed(KEN+TZA+UGA),2012,3,broad_money,2015,persistence_scarcity,20.8162554781801,2.2149825843208255
RWA-fed(KEN+TZA+UGA),2012,3,broad_money,2015,chronos_scarcity,20.8162554781801,4.172407334205925
RWA-fed(KEN+TZA+UGA),2012,3,broad_money,2015,gnn_scarcity,20.8162554781801,2.5737570803529515
RWA-fed(KEN+TZA+UGA),2012,5,broad_money,2017,persistence,19.7081417149906,2.462251144396401
RWA-fed(KEN+TZA+UGA),2012,5,broad_money,2017,arima,19.7081417149906,2.44801435259771
RWA-fed(KEN+TZA+UGA),2012,5,broad_money,2017,chronos,19.7081417149906,4.172071844995482
RWA-fed(KEN+TZA+UGA),2012,5,broad_money,2017,xgb_blind,19.7081417149906,3.311285407007201
RWA-fed(KEN+TZA+UGA),2012,5,broad_money,2017,xgb_lag,19.7081417149906,2.716631323755248
RWA-fed(KEN+TZA+UGA),2012,5,broad_money,2017,xgb_typed,19.7081417149906,3.14153900808142
RWA-fed(KEN+TZA+UGA),2012,5,broad_money,2017,lgbm_blind,19.7081417149906,4.389964597748847
RWA-fed(KEN+TZA+UGA),2012,5,broad_money,2017,lgbm_lag,19.7081417149906,4.389964597748847
RWA-fed(KEN+TZA+UGA),2012,5,broad_money,2017,lgbm_typed,19.7081417149906,4.389964597748847
RWA-fed(KEN+TZA+UGA),2012,5,broad_money,2017,tft,19.7081417149906,1.4853252477054433
RWA-fed(KEN+TZA+UGA),2012,5,broad_money,2017,tgcn,19.7081417149906,
RWA-fed(KEN+TZA+UGA),2012,5,broad_money,2017,persistence_scarcity,19.7081417149906,1.4575053033700947
RWA-fed(KEN+TZA+UGA),2012,5,broad_money,2017,chronos_scarcity,19.7081417149906,2.7224798230973057
RWA-fed(KEN+TZA+UGA),2012,5,broad_money,2017,gnn_scarcity,19.7081417149906,1.071855933130248
RWA-fed(KEN+TZA+UGA),2012,1,private_credit,2013,persistence,16.2164793656958,0.46495907869480035
RWA-fed(KEN+TZA+UGA),2012,1,private_credit,2013,arima,16.2164793656958,0.461351852546553
RWA-fed(KEN+TZA+UGA),2012,1,private_credit,2013,chronos,16.2164793656958,0.8584547685278316
RWA-fed(KEN+TZA+UGA),2012,1,private_credit,2013,xgb_blind,16.2164793656958,3.0236550019873043
RWA-fed(KEN+TZA+UGA),2012,1,private_credit,2013,xgb_lag,16.2164793656958,3.0264721559179684
RWA-fed(KEN+TZA+UGA),2012,1,private_credit,2013,xgb_typed,16.2164793656958,3.150473658908691
RWA-fed(KEN+TZA+UGA),2012,1,private_credit,2013,lgbm_blind,16.2164793656958,6.553585897012384
RWA-fed(KEN+TZA+UGA),2012,1,private_credit,2013,lgbm_lag,16.2164793656958,6.553585897012384
RWA-fed(KEN+TZA+UGA),2012,1,private_credit,2013,lgbm_typed,16.2164793656958,6.553585897012384
RWA-fed(KEN+TZA+UGA),2012,1,private_credit,2013,tft,16.2164793656958,0.6898165391577145
RWA-fed(KEN+TZA+UGA),2012,1,private_credit,2013,tgcn,16.2164793656958,
RWA-fed(KEN+TZA+UGA),2012,1,private_credit,2013,persistence_scarcity,16.2164793656958,1.089841061498145
RWA-fed(KEN+TZA+UGA),2012,1,private_credit,2013,chronos_scarcity,16.2164793656958,2.568367513409232
RWA-fed(KEN+TZA+UGA),2012,1,private_credit,2013,gnn_scarcity,16.2164793656958,2.156640117038574
RWA-fed(KEN+TZA+UGA),2012,3,private_credit,2015,persistence,20.9997079033272,5.248187616326199
RWA-fed(KEN+TZA+UGA),2012,3,private_credit,2015,arima,20.9997079033272,5.244575147359045
RWA-fed(KEN+TZA+UGA),2012,3,private_credit,2015,chronos,20.9997079033272,6.866127695502492
RWA-fed(KEN+TZA+UGA),2012,3,private_credit,2015,xgb_blind,20.9997079033272,6.376455034674855
RWA-fed(KEN+TZA+UGA),2012,3,private_credit,2015,xgb_lag,20.9997079033272,10.557850565375539
RWA-fed(KEN+TZA+UGA),2012,3,private_credit,2015,xgb_typed,20.9997079033272,6.098238672675343
RWA-fed(KEN+TZA+UGA),2012,3,private_credit,2015,lgbm_blind,20.9997079033272,10.910268129767628
RWA-fed(KEN+TZA+UGA),2012,3,private_credit,2015,lgbm_lag,20.9997079033272,10.910268129767628
RWA-fed(KEN+TZA+UGA),2012,3,private_credit,2015,lgbm_typed,20.9997079033272,10.910268129767628
RWA-fed(KEN+TZA+UGA),2012,3,private_credit,2015,tft,20.9997079033272,5.465244974555226
RWA-fed(KEN+TZA+UGA),2012,3,private_credit,2015,tgcn,20.9997079033272,
RWA-fed(KEN+TZA+UGA),2012,3,private_credit,2015,persistence_scarcity,20.9997079033272,4.339681401707516
RWA-fed(KEN+TZA+UGA),2012,3,private_credit,2015,chronos_scarcity,20.9997079033272,6.683093567595584
RWA-fed(KEN+TZA+UGA),2012,3,private_credit,2015,gnn_scarcity,20.9997079033272,7.945100511969777
RWA-fed(KEN+TZA+UGA),2012,5,private_credit,2017,persistence,20.5944112008927,4.842890913891701
RWA-fed(KEN+TZA+UGA),2012,5,private_credit,2017,arima,20.5944112008927,4.839278444913504
RWA-fed(KEN+TZA+UGA),2012,5,private_credit,2017,chronos,20.5944112008927,6.285908049952759
RWA-fed(KEN+TZA+UGA),2012,5,private_credit,2017,xgb_blind,20.5944112008927,7.587915725123658
RWA-fed(KEN+TZA+UGA),2012,5,private_credit,2017,xgb_lag,20.5944112008927,6.177425689112916
RWA-fed(KEN+TZA+UGA),2012,5,private_credit,2017,xgb_typed,20.5944112008927,5.620321578395142
RWA-fed(KEN+TZA+UGA),2012,5,private_credit,2017,lgbm_blind,20.5944112008927,10.28455724975643
RWA-fed(KEN+TZA+UGA),2012,5,private_credit,2017,lgbm_lag,20.5944112008927,10.28455724975643
RWA-fed(KEN+TZA+UGA),2012,5,private_credit,2017,lgbm_typed,20.5944112008927,10.28455724975643
RWA-fed(KEN+TZA+UGA),2012,5,private_credit,2017,tft,20.5944112008927,5.059930152308716
RWA-fed(KEN+TZA+UGA),2012,5,private_credit,2017,tgcn,20.5944112008927,
RWA-fed(KEN+TZA+UGA),2012,5,private_credit,2017,persistence_scarcity,20.5944112008927,3.1922740296601333
RWA-fed(KEN+TZA+UGA),2012,5,private_credit,2017,chronos_scarcity,20.5944112008927,6.24707277947053
RWA-fed(KEN+TZA+UGA),2012,5,private_credit,2017,gnn_scarcity,20.5944112008927,5.47531063021399
RWA-fed(KEN+TZA+UGA),2012,1,govt_consumption,2013,persistence,12.8653723978061,0.0872713702673007
RWA-fed(KEN+TZA+UGA),2012,1,govt_consumption,2013,arima,12.8653723978061,0.17548928803259756
RWA-fed(KEN+TZA+UGA),2012,1,govt_consumption,2013,chronos,12.8653723978061,0.0027825616854944
RWA-fed(KEN+TZA+UGA),2012,1,govt_consumption,2013,xgb_blind,12.8653723978061,0.05446078548247435
RWA-fed(KEN+TZA+UGA),2012,1,govt_consumption,2013,xgb_lag,12.8653723978061,0.17548928803259756
RWA-fed(KEN+TZA+UGA),2012,1,govt_consumption,2013,xgb_typed,12.8653723978061,0.17548928803259756
RWA-fed(KEN+TZA+UGA),2012,1,govt_consumption,2013,lgbm_blind,12.8653723978061,0.8923262248107555
RWA-fed(KEN+TZA+UGA),2012,1,govt_consumption,2013,lgbm_lag,12.8653723978061,0.17548928803259756
RWA-fed(KEN+TZA+UGA),2012,1,govt_consumption,2013,lgbm_typed,12.8653723978061,0.17548928803259756
RWA-fed(KEN+TZA+UGA),2012,1,govt_consumption,2013,tft,12.8653723978061,0.06330611476714232
RWA-fed(KEN+TZA+UGA),2012,1,govt_consumption,2013,tgcn,12.8653723978061,
RWA-fed(KEN+TZA+UGA),2012,1,govt_consumption,2013,persistence_scarcity,12.8653723978061,0.0872713702673007
RWA-fed(KEN+TZA+UGA),2012,1,govt_consumption,2013,chronos_scarcity,12.8653723978061,0.0027825616854944
RWA-fed(KEN+TZA+UGA),2012,1,govt_consumption,2013,gnn_scarcity,12.8653723978061,0.7709801412564001
RWA-fed(KEN+TZA+UGA),2012,3,govt_consumption,2015,persistence,13.8497879923213,0.8971442242478993
RWA-fed(KEN+TZA+UGA),2012,3,govt_consumption,2015,arima,13.8497879923213,0.7997545241290478
RWA-fed(KEN+TZA+UGA),2012,3,govt_consumption,2015,chronos,13.8497879923213,1.1866124094355577
RWA-fed(KEN+TZA+UGA),2012,3,govt_consumption,2015,xgb_blind,13.8497879923213,0.9014456690180772
RWA-fed(KEN+TZA+UGA),2012,3,govt_consumption,2015,xgb_lag,13.8497879923213,0.7997545241290478
RWA-fed(KEN+TZA+UGA),2012,3,govt_consumption,2015,xgb_typed,13.8497879923213,0.7997545241290478
RWA-fed(KEN+TZA+UGA),2012,3,govt_consumption,2015,lgbm_blind,13.8497879923213,0.04318932899122174
RWA-fed(KEN+TZA+UGA),2012,3,govt_consumption,2015,lgbm_lag,13.8497879923213,0.7997545241290478
RWA-fed(KEN+TZA+UGA),2012,3,govt_consumption,2015,lgbm_typed,13.8497879923213,0.7997545241290478
RWA-fed(KEN+TZA+UGA),2012,3,govt_consumption,2015,tft,13.8497879923213,0.9227202356684678
RWA-fed(KEN+TZA+UGA),2012,3,govt_consumption,2015,tgcn,13.8497879923213,
RWA-fed(KEN+TZA+UGA),2012,3,govt_consumption,2015,persistence_scarcity,13.8497879923213,0.8971442242478993
RWA-fed(KEN+TZA+UGA),2012,3,govt_consumption,2015,chronos_scarcity,13.8497879923213,1.1866124094355577
RWA-fed(KEN+TZA+UGA),2012,3,govt_consumption,2015,gnn_scarcity,13.8497879923213,0.14007119544629987
RWA-fed(KEN+TZA+UGA),2012,5,govt_consumption,2017,persistence,15.0074832365581,2.0548394684846993
RWA-fed(KEN+TZA+UGA),2012,5,govt_consumption,2017,arima,15.0074832365581,1.9573670774477314
RWA-fed(KEN+TZA+UGA),2012,5,govt_consumption,2017,chronos,15.0074832365581,1.6961963102885687
RWA-fed(KEN+TZA+UGA),2012,5,govt_consumption,2017,xgb_blind,15.0074832365581,2.26326822496142
RWA-fed(KEN+TZA+UGA),2012,5,govt_consumption,2017,xgb_lag,15.0074832365581,1.9573670774477314
RWA-fed(KEN+TZA+UGA),2012,5,govt_consumption,2017,xgb_typed,15.0074832365581,1.9573670774477314
RWA-fed(KEN+TZA+UGA),2012,5,govt_consumption,2017,lgbm_blind,15.0074832365581,1.0849382803508245
RWA-fed(KEN+TZA+UGA),2012,5,govt_consumption,2017,lgbm_lag,15.0074832365581,1.9573670774477314
RWA-fed(KEN+TZA+UGA),2012,5,govt_consumption,2017,lgbm_typed,15.0074832365581,1.9573670774477314
RWA-fed(KEN+TZA+UGA),2012,5,govt_consumption,2017,tft,15.0074832365581,2.0757758543559515
RWA-fed(KEN+TZA+UGA),2012,5,govt_consumption,2017,tgcn,15.0074832365581,
RWA-fed(KEN+TZA+UGA),2012,5,govt_consumption,2017,persistence_scarcity,15.0074832365581,2.0548394684846993
RWA-fed(KEN+TZA+UGA),2012,5,govt_consumption,2017,chronos_scarcity,15.0074832365581,1.6961963102885687
RWA-fed(KEN+TZA+UGA),2012,5,govt_consumption,2017,gnn_scarcity,15.0074832365581,1.1446874067851507
RWA-fed(KEN+TZA+UGA),2013,1,gdp_growth,2014,persistence,6.16716615166932,1.44731758188669
RWA-fed(KEN+TZA+UGA),2013,1,gdp_growth,2014,arima,6.16716615166932,0.48622350134318193
RWA-fed(KEN+TZA+UGA),2013,1,gdp_growth,2014,chronos,6.16716615166932,0.25897113290100915
RWA-fed(KEN+TZA+UGA),2013,1,gdp_growth,2014,xgb_blind,6.16716615166932,2.0269542554351725
RWA-fed(KEN+TZA+UGA),2013,1,gdp_growth,2014,xgb_lag,6.16716615166932,0.48622350134318193
RWA-fed(KEN+TZA+UGA),2013,1,gdp_growth,2014,xgb_typed,6.16716615166932,0.48622350134318193
RWA-fed(KEN+TZA+UGA),2013,1,gdp_growth,2014,lgbm_blind,6.16716615166932,0.4266688735387465
RWA-fed(KEN+TZA+UGA),2013,1,gdp_growth,2014,lgbm_lag,6.16716615166932,0.48622350134318193
RWA-fed(KEN+TZA+UGA),2013,1,gdp_growth,2014,lgbm_typed,6.16716615166932,0.48622350134318193
RWA-fed(KEN+TZA+UGA),2013,1,gdp_growth,2014,tft,6.16716615166932,0.6019324442413412
RWA-fed(KEN+TZA+UGA),2013,1,gdp_growth,2014,tgcn,6.16716615166932,
RWA-fed(KEN+TZA+UGA),2013,1,gdp_growth,2014,persistence_scarcity,6.16716615166932,1.44731758188669
RWA-fed(KEN+TZA+UGA),2013,1,gdp_growth,2014,chronos_scarcity,6.16716615166932,0.25897113290100915
RWA-fed(KEN+TZA+UGA),2013,1,gdp_growth,2014,gnn_scarcity,6.16716615166932,0.6524705072906576
RWA-fed(KEN+TZA+UGA),2013,3,gdp_growth,2016,persistence,5.97074525431094,1.2508966845283105
RWA-fed(KEN+TZA+UGA),2013,3,gdp_growth,2016,arima,5.97074525431094,0.1993527502712853
RWA-fed(KEN+TZA+UGA),2013,3,gdp_growth,2016,chronos,5.97074525431094,0.10167949274477817
RWA-fed(KEN+TZA+UGA),2013,3,gdp_growth,2016,xgb_blind,5.97074525431094,0.934473205360745
RWA-fed(KEN+TZA+UGA),2013,3,gdp_growth,2016,xgb_lag,5.97074525431094,0.1993527502712853
RWA-fed(KEN+TZA+UGA),2013,3,gdp_growth,2016,xgb_typed,5.97074525431094,0.1993527502712853
RWA-fed(KEN+TZA+UGA),2013,3,gdp_growth,2016,lgbm_blind,5.97074525431094,0.15654484696745552
RWA-fed(KEN+TZA+UGA),2013,3,gdp_growth,2016,lgbm_lag,5.97074525431094,0.1993527502712853
RWA-fed(KEN+TZA+UGA),2013,3,gdp_growth,2016,lgbm_typed,5.97074525431094,0.1993527502712853
RWA-fed(KEN+TZA+UGA),2013,3,gdp_growth,2016,tft,5.97074525431094,0.7022703401714816
RWA-fed(KEN+TZA+UGA),2013,3,gdp_growth,2016,tgcn,5.97074525431094,
RWA-fed(KEN+TZA+UGA),2013,3,gdp_growth,2016,persistence_scarcity,5.97074525431094,1.2508966845283105
RWA-fed(KEN+TZA+UGA),2013,3,gdp_growth,2016,chronos_scarcity,5.97074525431094,0.10167949274477817
RWA-fed(KEN+TZA+UGA),2013,3,gdp_growth,2016,gnn_scarcity,5.97074525431094,0.7637170068890109
RWA-fed(KEN+TZA+UGA),2013,5,gdp_growth,2018,persistence,8.51646722592409,3.7966186561414608
RWA-fed(KEN+TZA+UGA),2013,5,gdp_growth,2018,arima,8.51646722592409,2.463852568946061
RWA-fed(KEN+TZA+UGA),2013,5,gdp_growth,2018,chronos,8.51646722592409,2.1778766039758484
RWA-fed(KEN+TZA+UGA),2013,5,gdp_growth,2018,xgb_blind,8.51646722592409,3.5952354792505066
RWA-fed(KEN+TZA+UGA),2013,5,gdp_growth,2018,xgb_lag,8.51646722592409,2.463852568946061
RWA-fed(KEN+TZA+UGA),2013,5,gdp_growth,2018,xgb_typed,8.51646722592409,2.463852568946061
RWA-fed(KEN+TZA+UGA),2013,5,gdp_growth,2018,lgbm_blind,8.51646722592409,1.327209102734967
RWA-fed(KEN+TZA+UGA),2013,5,gdp_growth,2018,lgbm_lag,8.51646722592409,2.463852568946061
RWA-fed(KEN+TZA+UGA),2013,5,gdp_growth,2018,lgbm_typed,8.51646722592409,2.463852568946061
RWA-fed(KEN+TZA+UGA),2013,5,gdp_growth,2018,tft,8.51646722592409,1.5801364306360046
RWA-fed(KEN+TZA+UGA),2013,5,gdp_growth,2018,tgcn,8.51646722592409,
RWA-fed(KEN+TZA+UGA),2013,5,gdp_growth,2018,persistence_scarcity,8.51646722592409,3.7966186561414608
RWA-fed(KEN+TZA+UGA),2013,5,gdp_growth,2018,chronos_scarcity,8.51646722592409,2.1778766039758484
RWA-fed(KEN+TZA+UGA),2013,5,gdp_growth,2018,gnn_scarcity,8.51646722592409,1.5280619982629577
RWA-fed(KEN+TZA+UGA),2013,1,inflation_cpi,2014,persistence,2.35449052820358,3.5697781516449596
RWA-fed(KEN+TZA+UGA),2013,1,inflation_cpi,2014,arima,2.35449052820358,5.2622575013657205
RWA-fed(KEN+TZA+UGA),2013,1,inflation_cpi,2014,chronos,2.35449052820358,4.597942104242708
RWA-fed(KEN+TZA+UGA),2013,1,inflation_cpi,2014,xgb_blind,2.35449052820358,0.764463195897672
RWA-fed(KEN+TZA+UGA),2013,1,inflation_cpi,2014,xgb_lag,2.35449052820358,5.2622575013657205
RWA-fed(KEN+TZA+UGA),2013,1,inflation_cpi,2014,xgb_typed,2.35449052820358,5.2622575013657205
RWA-fed(KEN+TZA+UGA),2013,1,inflation_cpi,2014,lgbm_blind,2.35449052820358,6.02884137638914
RWA-fed(KEN+TZA+UGA),2013,1,inflation_cpi,2014,lgbm_lag,2.35449052820358,5.2622575013657205
RWA-fed(KEN+TZA+UGA),2013,1,inflation_cpi,2014,lgbm_typed,2.35449052820358,5.2622575013657205
RWA-fed(KEN+TZA+UGA),2013,1,inflation_cpi,2014,tft,2.35449052820358,4.342748870752718
RWA-fed(KEN+TZA+UGA),2013,1,inflation_cpi,2014,tgcn,2.35449052820358,
RWA-fed(KEN+TZA+UGA),2013,1,inflation_cpi,2014,persistence_scarcity,2.35449052820358,3.5697781516449596
RWA-fed(KEN+TZA+UGA),2013,1,inflation_cpi,2014,chronos_scarcity,2.35449052820358,4.597942104242708
RWA-fed(KEN+TZA+UGA),2013,1,inflation_cpi,2014,gnn_scarcity,2.35449052820358,5.895274867914583
RWA-fed(KEN+TZA+UGA),2013,3,inflation_cpi,2016,persistence,7.17434301982009,1.2500743399715502
RWA-fed(KEN+TZA+UGA),2013,3,inflation_cpi,2016,arima,7.17434301982009,0.04000067305804045
RWA-fed(KEN+TZA+UGA),2013,3,inflation_cpi,2016,chronos,7.17434301982009,0.025286763810281165
RWA-fed(KEN+TZA+UGA),2013,3,inflation_cpi,2016,xgb_blind,7.17434301982009,2.004583448075418
RWA-fed(KEN+TZA+UGA),2013,3,inflation_cpi,2016,xgb_lag,7.17434301982009,0.04000067305804045
RWA-fed(KEN+TZA+UGA),2013,3,inflation_cpi,2016,xgb_typed,7.17434301982009,0.04000067305804045
RWA-fed(KEN+TZA+UGA),2013,3,inflation_cpi,2016,lgbm_blind,7.17434301982009,0.6170406603135028
RWA-fed(KEN+TZA+UGA),2013,3,inflation_cpi,2016,lgbm_lag,7.17434301982009,0.04000067305804045
RWA-fed(KEN+TZA+UGA),2013,3,inflation_cpi,2016,lgbm_typed,7.17434301982009,0.04000067305804045
RWA-fed(KEN+TZA+UGA),2013,3,inflation_cpi,2016,tft,7.17434301982009,0.08288106312668742
RWA-fed(KEN+TZA+UGA),2013,3,inflation_cpi,2016,tgcn,7.17434301982009,
RWA-fed(KEN+TZA+UGA),2013,3,inflation_cpi,2016,persistence_scarcity,7.17434301982009,1.2500743399715502
RWA-fed(KEN+TZA+UGA),2013,3,inflation_cpi,2016,chronos_scarcity,7.17434301982009,0.025286763810281165
RWA-fed(KEN+TZA+UGA),2013,3,inflation_cpi,2016,gnn_scarcity,7.17434301982009,1.5201912819377226
RWA-fed(KEN+TZA+UGA),2013,5,inflation_cpi,2018,persistence,-0.311210160390699,6.235478840239239
RWA-fed(KEN+TZA+UGA),2013,5,inflation_cpi,2018,arima,-0.311210160390699,7.464546782456511
RWA-fed(KEN+TZA+UGA),2013,5,inflation_cpi,2018,chronos,-0.311210160390699,7.696238045827711
RWA-fed(KEN+TZA+UGA),2013,5,inflation_cpi,2018,xgb_blind,-0.311210160390699,5.576951031820142
RWA-fed(KEN+TZA+UGA),2013,5,inflation_cpi,2018,xgb_lag,-0.311210160390699,7.464546782456511
RWA-fed(KEN+TZA+UGA),2013,5,inflation_cpi,2018,xgb_typed,-0.311210160390699,7.464546782456511
RWA-fed(KEN+TZA+UGA),2013,5,inflation_cpi,2018,lgbm_blind,-0.311210160390699,7.62227747099374
RWA-fed(KEN+TZA+UGA),2013,5,inflation_cpi,2018,lgbm_lag,-0.311210160390699,7.464546782456511
RWA-fed(KEN+TZA+UGA),2013,5,inflation_cpi,2018,lgbm_typed,-0.311210160390699,7.464546782456511
RWA-fed(KEN+TZA+UGA),2013,5,inflation_cpi,2018,tft,-0.311210160390699,8.10710812105354
RWA-fed(KEN+TZA+UGA),2013,5,inflation_cpi,2018,tgcn,-0.311210160390699,
RWA-fed(KEN+TZA+UGA),2013,5,inflation_cpi,2018,persistence_scarcity,-0.311210160390699,6.235478840239239
RWA-fed(KEN+TZA+UGA),2013,5,inflation_cpi,2018,chronos_scarcity,-0.311210160390699,7.696238045827711
RWA-fed(KEN+TZA+UGA),2013,5,inflation_cpi,2018,gnn_scarcity,-0.311210160390699,9.098341469899976
RWA-fed(KEN+TZA+UGA),2013,1,unemployment,2014,persistence,11.837,0.06899999999999906
RWA-fed(KEN+TZA+UGA),2013,1,unemployment,2014,arima,11.837,0.05006754328718621
RWA-fed(KEN+TZA+UGA),2013,1,unemployment,2014,chronos,11.837,0.003454315185546619
RWA-fed(KEN+TZA+UGA),2013,1,unemployment,2014,xgb_blind,11.837,0.08329211425781224
RWA-fed(KEN+TZA+UGA),2013,1,unemployment,2014,xgb_lag,11.837,0.05006754328718621
RWA-fed(KEN+TZA+UGA),2013,1,unemployment,2014,xgb_typed,11.837,0.05006754328718621
RWA-fed(KEN+TZA+UGA),2013,1,unemployment,2014,lgbm_blind,11.837,0.12404344707986503
RWA-fed(KEN+TZA+UGA),2013,1,unemployment,2014,lgbm_lag,11.837,0.05006754328718621
RWA-fed(KEN+TZA+UGA),2013,1,unemployment,2014,lgbm_typed,11.837,0.05006754328718621
RWA-fed(KEN+TZA+UGA),2013,1,unemployment,2014,tft,11.837,0.041284667968749744
RWA-fed(KEN+TZA+UGA),2013,1,unemployment,2014,tgcn,11.837,
RWA-fed(KEN+TZA+UGA),2013,1,unemployment,2014,persistence_scarcity,11.837,0.06899999999999906
RWA-fed(KEN+TZA+UGA),2013,1,unemployment,2014,chronos_scarcity,11.837,0.003454315185546619
RWA-fed(KEN+TZA+UGA),2013,1,unemployment,2014,gnn_scarcity,11.837,0.09559737396240209
RWA-fed(KEN+TZA+UGA),2013,3,unemployment,2016,persistence,11.788,0.019999999999999574
RWA-fed(KEN+TZA+UGA),2013,3,unemployment,2016,arima,11.788,0.0033489290603512245
RWA-fed(KEN+TZA+UGA),2013,3,unemployment,2016,chronos,11.788,0.2606984252929685
RWA-fed(KEN+TZA+UGA),2013,3,unemployment,2016,xgb_blind,11.788,0.1052817230224612
RWA-fed(KEN+TZA+UGA),2013,3,unemployment,2016,xgb_lag,11.788,0.0033489290603512245
RWA-fed(KEN+TZA+UGA),2013,3,unemployment,2016,xgb_typed,11.788,0.0033489290603512245
RWA-fed(KEN+TZA+UGA),2013,3,unemployment,2016,lgbm_blind,11.788,0.12376188768659269
RWA-fed(KEN+TZA+UGA),2013,3,unemployment,2016,lgbm_lag,11.788,0.0033489290603512245
RWA-fed(KEN+TZA+UGA),2013,3,unemployment,2016,lgbm_typed,11.788,0.0033489290603512245
RWA-fed(KEN+TZA+UGA),2013,3,unemployment,2016,tft,11.788,0.07969771575927709
RWA-fed(KEN+TZA+UGA),2013,3,unemployment,2016,tgcn,11.788,
RWA-fed(KEN+TZA+UGA),2013,3,unemployment,2016,persistence_scarcity,11.788,0.019999999999999574
RWA-fed(KEN+TZA+UGA),2013,3,unemployment,2016,chronos_scarcity,11.788,0.2606984252929685
RWA-fed(KEN+TZA+UGA),2013,3,unemployment,2016,gnn_scarcity,11.788,0.01939858245849635
RWA-fed(KEN+TZA+UGA),2013,5,unemployment,2018,persistence,10.759,1.0090000000000003
RWA-fed(KEN+TZA+UGA),2013,5,unemployment,2018,arima,10.759,1.0325171755423952
RWA-fed(KEN+TZA+UGA),2013,5,unemployment,2018,chronos,10.759,1.0315178070068356
RWA-fed(KEN+TZA+UGA),2013,5,unemployment,2018,xgb_blind,10.759,0.9676969680786129
RWA-fed(KEN+TZA+UGA),2013,5,unemployment,2018,xgb_lag,10.759,1.0325171755423952
RWA-fed(KEN+TZA+UGA),2013,5,unemployment,2018,xgb_typed,10.759,1.0325171755423952
RWA-fed(KEN+TZA+UGA),2013,5,unemployment,2018,lgbm_blind,10.759,0.8493158191881687
RWA-fed(KEN+TZA+UGA),2013,5,unemployment,2018,lgbm_lag,10.759,1.0325171755423952
RWA-fed(KEN+TZA+UGA),2013,5,unemployment,2018,lgbm_typed,10.759,1.0325171755423952
RWA-fed(KEN+TZA+UGA),2013,5,unemployment,2018,tft,10.759,1.1437070999145504
RWA-fed(KEN+TZA+UGA),2013,5,unemployment,2018,tgcn,10.759,
RWA-fed(KEN+TZA+UGA),2013,5,unemployment,2018,persistence_scarcity,10.759,1.0090000000000003
RWA-fed(KEN+TZA+UGA),2013,5,unemployment,2018,chronos_scarcity,10.759,1.0315178070068356
RWA-fed(KEN+TZA+UGA),2013,5,unemployment,2018,gnn_scarcity,10.759,1.0152643356323239
RWA-fed(KEN+TZA+UGA),2013,1,exports_gdp,2014,persistence,13.8686615802081,0.3761257756414995
RWA-fed(KEN+TZA+UGA),2013,1,exports_gdp,2014,arima,13.8686615802081,0.7287924919943904
RWA-fed(KEN+TZA+UGA),2013,1,exports_gdp,2014,chronos,13.8686615802081,1.545457539680756
RWA-fed(KEN+TZA+UGA),2013,1,exports_gdp,2014,xgb_blind,13.8686615802081,1.3935219622881778
RWA-fed(KEN+TZA+UGA),2013,1,exports_gdp,2014,xgb_lag,13.8686615802081,0.7287924919943904
RWA-fed(KEN+TZA+UGA),2013,1,exports_gdp,2014,xgb_typed,13.8686615802081,0.7287924919943904
RWA-fed(KEN+TZA+UGA),2013,1,exports_gdp,2014,lgbm_blind,13.8686615802081,5.298870512006619
RWA-fed(KEN+TZA+UGA),2013,1,exports_gdp,2014,lgbm_lag,13.8686615802081,0.7287924919943904
RWA-fed(KEN+TZA+UGA),2013,1,exports_gdp,2014,lgbm_typed,13.8686615802081,0.7287924919943904
RWA-fed(KEN+TZA+UGA),2013,1,exports_gdp,2014,tft,13.8686615802081,0.1364167355267636
RWA-fed(KEN+TZA+UGA),2013,1,exports_gdp,2014,tgcn,13.8686615802081,
RWA-fed(KEN+TZA+UGA),2013,1,exports_gdp,2014,persistence_scarcity,13.8686615802081,0.3761257756414995
RWA-fed(KEN+TZA+UGA),2013,1,exports_gdp,2014,chronos_scarcity,13.8686615802081,1.545457539680756
RWA-fed(KEN+TZA+UGA),2013,1,exports_gdp,2014,gnn_scarcity,13.8686615802081,5.398491559150971
RWA-fed(KEN+TZA+UGA),2013,3,exports_gdp,2016,persistence,15.4218031562888,1.9292673517221992
RWA-fed(KEN+TZA+UGA),2013,3,exports_gdp,2016,arima,15.4218031562888,2.2184615821386426
RWA-fed(KEN+TZA+UGA),2013,3,exports_gdp,2016,chronos,15.4218031562888,3.3772665657126275
RWA-fed(KEN+TZA+UGA),2013,3,exports_gdp,2016,xgb_blind,15.4218031562888,4.116511980446514
RWA-fed(KEN+TZA+UGA),2013,3,exports_gdp,2016,xgb_lag,15.4218031562888,2.2184615821386426
RWA-fed(KEN+TZA+UGA),2013,3,exports_gdp,2016,xgb_typed,15.4218031562888,2.2184615821386426
RWA-fed(KEN+TZA+UGA),2013,3,exports_gdp,2016,lgbm_blind,15.4218031562888,6.6494135400037475
RWA-fed(KEN+TZA+UGA),2013,3,exports_gdp,2016,lgbm_lag,15.4218031562888,2.2184615821386426
RWA-fed(KEN+TZA+UGA),2013,3,exports_gdp,2016,lgbm_typed,15.4218031562888,2.2184615821386426
RWA-fed(KEN+TZA+UGA),2013,3,exports_gdp,2016,tft,15.4218031562888,0.2617441810690728
RWA-fed(KEN+TZA+UGA),2013,3,exports_gdp,2016,tgcn,15.4218031562888,
RWA-fed(KEN+TZA+UGA),2013,3,exports_gdp,2016,persistence_scarcity,15.4218031562888,1.9292673517221992
RWA-fed(KEN+TZA+UGA),2013,3,exports_gdp,2016,chronos_scarcity,15.4218031562888,3.3772665657126275
RWA-fed(KEN+TZA+UGA),2013,3,exports_gdp,2016,gnn_scarcity,15.4218031562888,6.6986376442038384
RWA-fed(KEN+TZA+UGA),2013,5,exports_gdp,2018,persistence,21.10801098862,7.615475184053398
RWA-fed(KEN+TZA+UGA),2013,5,exports_gdp,2018,arima,21.10801098862,7.901152664865949
RWA-fed(KEN+TZA+UGA),2013,5,exports_gdp,2018,chronos,21.10801098862,10.425837259677127
RWA-fed(KEN+TZA+UGA),2013,5,exports_gdp,2018,xgb_blind,21.10801098862,9.291364412692264
RWA-fed(KEN+TZA+UGA),2013,5,exports_gdp,2018,xgb_lag,21.10801098862,7.901152664865949
RWA-fed(KEN+TZA+UGA),2013,5,exports_gdp,2018,xgb_typed,21.10801098862,7.901152664865949
RWA-fed(KEN+TZA+UGA),2013,5,exports_gdp,2018,lgbm_blind,21.10801098862,12.016308351700475
RWA-fed(KEN+TZA+UGA),2013,5,exports_gdp,2018,lgbm_lag,21.10801098862,7.901152664865949
RWA-fed(KEN+TZA+UGA),2013,5,exports_gdp,2018,lgbm_typed,21.10801098862,7.901152664865949
RWA-fed(KEN+TZA+UGA),2013,5,exports_gdp,2018,tft,21.10801098862,5.2773835472137485
RWA-fed(KEN+TZA+UGA),2013,5,exports_gdp,2018,tgcn,21.10801098862,
RWA-fed(KEN+TZA+UGA),2013,5,exports_gdp,2018,persistence_scarcity,21.10801098862,7.615475184053398
RWA-fed(KEN+TZA+UGA),2013,5,exports_gdp,2018,chronos_scarcity,21.10801098862,10.425837259677127
RWA-fed(KEN+TZA+UGA),2013,5,exports_gdp,2018,gnn_scarcity,21.10801098862,12.33217404403992
RWA-fed(KEN+TZA+UGA),2013,1,imports_gdp,2014,persistence,30.0340721108669,0.8331154858973022
RWA-fed(KEN+TZA+UGA),2013,1,imports_gdp,2014,arima,30.0340721108669,1.1246347379205481
RWA-fed(KEN+TZA+UGA),2013,1,imports_gdp,2014,chronos,30.0340721108669,0.7585899331325265
RWA-fed(KEN+TZA+UGA),2013,1,imports_gdp,2014,xgb_blind,30.0340721108669,1.5941516854518625
RWA-fed(KEN+TZA+UGA),2013,1,imports_gdp,2014,xgb_lag,30.0340721108669,1.1246347379205481
RWA-fed(KEN+TZA+UGA),2013,1,imports_gdp,2014,xgb_typed,30.0340721108669,1.1246347379205481
RWA-fed(KEN+TZA+UGA),2013,1,imports_gdp,2014,lgbm_blind,30.0340721108669,4.52170278912671
RWA-fed(KEN+TZA+UGA),2013,1,imports_gdp,2014,lgbm_lag,30.0340721108669,1.1246347379205481
RWA-fed(KEN+TZA+UGA),2013,1,imports_gdp,2014,lgbm_typed,30.0340721108669,1.1246347379205481
RWA-fed(KEN+TZA+UGA),2013,1,imports_gdp,2014,tft,30.0340721108669,1.5253570578342703
RWA-fed(KEN+TZA+UGA),2013,1,imports_gdp,2014,tgcn,30.0340721108669,
RWA-fed(KEN+TZA+UGA),2013,1,imports_gdp,2014,persistence_scarcity,30.0340721108669,0.8331154858973022
RWA-fed(KEN+TZA+UGA),2013,1,imports_gdp,2014,chronos_scarcity,30.0340721108669,0.7585899331325265
RWA-fed(KEN+TZA+UGA),2013,1,imports_gdp,2014,gnn_scarcity,30.0340721108669,4.925076673244831
RWA-fed(KEN+TZA+UGA),2013,3,imports_gdp,2016,persistence,34.0631039507003,4.862147325730703
RWA-fed(KEN+TZA+UGA),2013,3,imports_gdp,2016,arima,34.0631039507003,5.0816528137109565
RWA-fed(KEN+TZA+UGA),2013,3,imports_gdp,2016,chronos,34.0631039507003,5.5218022234053805
RWA-fed(KEN+TZA+UGA),2013,3,imports_gdp,2016,xgb_blind,34.0631039507003,5.975678718766709
RWA-fed(KEN+TZA+UGA),2013,3,imports_gdp,2016,xgb_lag,34.0631039507003,5.0816528137109565
RWA-fed(KEN+TZA+UGA),2013,3,imports_gdp,2016,xgb_typed,34.0631039507003,5.0816528137109565
RWA-fed(KEN+TZA+UGA),2013,3,imports_gdp,2016,lgbm_blind,34.0631039507003,7.850433124923704
RWA-fed(KEN+TZA+UGA),2013,3,imports_gdp,2016,lgbm_lag,34.0631039507003,5.0816528137109565
RWA-fed(KEN+TZA+UGA),2013,3,imports_gdp,2016,lgbm_typed,34.0631039507003,5.0816528137109565
RWA-fed(KEN+TZA+UGA),2013,3,imports_gdp,2016,tft,34.0631039507003,0.7986042863936618
RWA-fed(KEN+TZA+UGA),2013,3,imports_gdp,2016,tgcn,34.0631039507003,
RWA-fed(KEN+TZA+UGA),2013,3,imports_gdp,2016,persistence_scarcity,34.0631039507003,4.862147325730703
RWA-fed(KEN+TZA+UGA),2013,3,imports_gdp,2016,chronos_scarcity,34.0631039507003,5.5218022234053805
RWA-fed(KEN+TZA+UGA),2013,3,imports_gdp,2016,gnn_scarcity,34.0631039507003,8.164172447404404
RWA-fed(KEN+TZA+UGA),2013,5,imports_gdp,2018,persistence,34.6761153853403,5.475158760370704
RWA-fed(KEN+TZA+UGA),2013,5,imports_gdp,2018,arima,34.6761153853403,5.680371989551638
RWA-fed(KEN+TZA+UGA),2013,5,imports_gdp,2018,chronos,34.6761153853403,5.217089048670381
RWA-fed(KEN+TZA+UGA),2013,5,imports_gdp,2018,xgb_blind,34.6761153853403,7.560964933680147
RWA-fed(KEN+TZA+UGA),2013,5,imports_gdp,2018,xgb_lag,34.6761153853403,5.680371989551638
RWA-fed(KEN+TZA+UGA),2013,5,imports_gdp,2018,xgb_typed,34.6761153853403,5.680371989551638
RWA-fed(KEN+TZA+UGA),2013,5,imports_gdp,2018,lgbm_blind,34.6761153853403,10.193521648189808
RWA-fed(KEN+TZA+UGA),2013,5,imports_gdp,2018,lgbm_lag,34.6761153853403,5.680371989551638
RWA-fed(KEN+TZA+UGA),2013,5,imports_gdp,2018,lgbm_typed,34.6761153853403,5.680371989551638
RWA-fed(KEN+TZA+UGA),2013,5,imports_gdp,2018,tft,34.6761153853403,1.3884109175668655
RWA-fed(KEN+TZA+UGA),2013,5,imports_gdp,2018,tgcn,34.6761153853403,
RWA-fed(KEN+TZA+UGA),2013,5,imports_gdp,2018,persistence_scarcity,34.6761153853403,5.475158760370704
RWA-fed(KEN+TZA+UGA),2013,5,imports_gdp,2018,chronos_scarcity,34.6761153853403,5.217089048670381
RWA-fed(KEN+TZA+UGA),2013,5,imports_gdp,2018,gnn_scarcity,34.6761153853403,8.612728468226045
RWA-fed(KEN+TZA+UGA),2013,1,current_account,2014,persistence,-11.3438929928213,3.861689679761639
RWA-fed(KEN+TZA+UGA),2013,1,current_account,2014,arima,-11.3438929928213,2.5705273736750343
RWA-fed(KEN+TZA+UGA),2013,1,current_account,2014,chronos,-11.3438929928213,4.387099207726084
RWA-fed(KEN+TZA+UGA),2013,1,current_account,2014,xgb_blind,-11.3438929928213,2.020361842003428
RWA-fed(KEN+TZA+UGA),2013,1,current_account,2014,xgb_lag,-11.3438929928213,2.5705273736750343
RWA-fed(KEN+TZA+UGA),2013,1,current_account,2014,xgb_typed,-11.3438929928213,2.5705273736750343
RWA-fed(KEN+TZA+UGA),2013,1,current_account,2014,lgbm_blind,-11.3438929928213,4.629614460710173
RWA-fed(KEN+TZA+UGA),2013,1,current_account,2014,lgbm_lag,-11.3438929928213,2.5705273736750343
RWA-fed(KEN+TZA+UGA),2013,1,current_account,2014,lgbm_typed,-11.3438929928213,2.5705273736750343
RWA-fed(KEN+TZA+UGA),2013,1,current_account,2014,tft,-11.3438929928213,3.9636802090078227
RWA-fed(KEN+TZA+UGA),2013,1,current_account,2014,tgcn,-11.3438929928213,
RWA-fed(KEN+TZA+UGA),2013,1,current_account,2014,persistence_scarcity,-11.3438929928213,3.861689679761639
RWA-fed(KEN+TZA+UGA),2013,1,current_account,2014,chronos_scarcity,-11.3438929928213,4.387099207726084
RWA-fed(KEN+TZA+UGA),2013,1,current_account,2014,gnn_scarcity,-11.3438929928213,4.643182219353282
RWA-fed(KEN+TZA+UGA),2013,3,current_account,2016,persistence,-15.305126232999,7.822922919939339
RWA-fed(KEN+TZA+UGA),2013,3,current_account,2016,arima,-15.305126232999,6.844697831163545
RWA-fed(KEN+TZA+UGA),2013,3,current_account,2016,chronos,-15.305126232999,8.717067761319312
RWA-fed(KEN+TZA+UGA),2013,3,current_account,2016,xgb_blind,-15.305126232999,7.055322689908179
RWA-fed(KEN+TZA+UGA),2013,3,current_account,2016,xgb_lag,-15.305126232999,6.844697831163545
RWA-fed(KEN+TZA+UGA),2013,3,current_account,2016,xgb_typed,-15.305126232999,6.844697831163545
RWA-fed(KEN+TZA+UGA),2013,3,current_account,2016,lgbm_blind,-15.305126232999,8.572046890383962
RWA-fed(KEN+TZA+UGA),2013,3,current_account,2016,lgbm_lag,-15.305126232999,6.844697831163545
RWA-fed(KEN+TZA+UGA),2013,3,current_account,2016,lgbm_typed,-15.305126232999,6.844697831163545
RWA-fed(KEN+TZA+UGA),2013,3,current_account,2016,tft,-15.305126232999,7.93296818246189
RWA-fed(KEN+TZA+UGA),2013,3,current_account,2016,tgcn,-15.305126232999,
RWA-fed(KEN+TZA+UGA),2013,3,current_account,2016,persistence_scarcity,-15.305126232999,7.822922919939339
RWA-fed(KEN+TZA+UGA),2013,3,current_account,2016,chronos_scarcity,-15.305126232999,8.717067761319312
RWA-fed(KEN+TZA+UGA),2013,3,current_account,2016,gnn_scarcity,-15.305126232999,8.661902470486792
RWA-fed(KEN+TZA+UGA),2013,5,current_account,2018,persistence,-10.1142510894979,2.63204777643824
RWA-fed(KEN+TZA+UGA),2013,5,current_account,2018,arima,-10.1142510894979,1.7617826469876992
RWA-fed(KEN+TZA+UGA),2013,5,current_account,2018,chronos,-10.1142510894979,3.550776434346533
RWA-fed(KEN+TZA+UGA),2013,5,current_account,2018,xgb_blind,-10.1142510894979,2.015383673116064
RWA-fed(KEN+TZA+UGA),2013,5,current_account,2018,xgb_lag,-10.1142510894979,1.7617826469876992
RWA-fed(KEN+TZA+UGA),2013,5,current_account,2018,xgb_typed,-10.1142510894979,1.7617826469876992
RWA-fed(KEN+TZA+UGA),2013,5,current_account,2018,lgbm_blind,-10.1142510894979,3.358412871009709
RWA-fed(KEN+TZA+UGA),2013,5,current_account,2018,lgbm_lag,-10.1142510894979,1.7617826469876992
RWA-fed(KEN+TZA+UGA),2013,5,current_account,2018,lgbm_typed,-10.1142510894979,1.7617826469876992
RWA-fed(KEN+TZA+UGA),2013,5,current_account,2018,tft,-10.1142510894979,2.7347335342610837
RWA-fed(KEN+TZA+UGA),2013,5,current_account,2018,tgcn,-10.1142510894979,
RWA-fed(KEN+TZA+UGA),2013,5,current_account,2018,persistence_scarcity,-10.1142510894979,2.63204777643824
RWA-fed(KEN+TZA+UGA),2013,5,current_account,2018,chronos_scarcity,-10.1142510894979,3.550776434346533
RWA-fed(KEN+TZA+UGA),2013,5,current_account,2018,gnn_scarcity,-10.1142510894979,3.4829954628194333
RWA-fed(KEN+TZA+UGA),2013,1,real_interest_rate,2014,persistence,11.9607651018481,2.2855172975672993
RWA-fed(KEN+TZA+UGA),2013,1,real_interest_rate,2014,arima,11.9607651018481,1.1517211985741476
RWA-fed(KEN+TZA+UGA),2013,1,real_interest_rate,2014,chronos,11.9607651018481,1.6488559461255328
RWA-fed(KEN+TZA+UGA),2013,1,real_interest_rate,2014,xgb_blind,11.9607651018481,1.8236038469652875
RWA-fed(KEN+TZA+UGA),2013,1,real_interest_rate,2014,xgb_lag,11.9607651018481,1.1517211985741476
RWA-fed(KEN+TZA+UGA),2013,1,real_interest_rate,2014,xgb_typed,11.9607651018481,1.1517211985741476
RWA-fed(KEN+TZA+UGA),2013,1,real_interest_rate,2014,lgbm_blind,11.9607651018481,3.616711258101086
RWA-fed(KEN+TZA+UGA),2013,1,real_interest_rate,2014,lgbm_lag,11.9607651018481,1.1517211985741476
RWA-fed(KEN+TZA+UGA),2013,1,real_interest_rate,2014,lgbm_typed,11.9607651018481,1.1517211985741476
RWA-fed(KEN+TZA+UGA),2013,1,real_interest_rate,2014,tft,11.9607651018481,3.3121669507642046
RWA-fed(KEN+TZA+UGA),2013,1,real_interest_rate,2014,tgcn,11.9607651018481,
RWA-fed(KEN+TZA+UGA),2013,1,real_interest_rate,2014,persistence_scarcity,11.9607651018481,2.2855172975672993
RWA-fed(KEN+TZA+UGA),2013,1,real_interest_rate,2014,chronos_scarcity,11.9607651018481,1.6488559461255328
RWA-fed(KEN+TZA+UGA),2013,1,real_interest_rate,2014,gnn_scarcity,11.9607651018481,3.64341948264644
RWA-fed(KEN+TZA+UGA),2013,3,real_interest_rate,2016,persistence,11.6743123556092,2.5719700438062
RWA-fed(KEN+TZA+UGA),2013,3,real_interest_rate,2016,arima,11.6743123556092,1.7111346875388236
RWA-fed(KEN+TZA+UGA),2013,3,real_interest_rate,2016,chronos,11.6743123556092,1.746723410992363
RWA-fed(KEN+TZA+UGA),2013,3,real_interest_rate,2016,xgb_blind,11.6743123556092,8.364299061389229
RWA-fed(KEN+TZA+UGA),2013,3,real_interest_rate,2016,xgb_lag,11.6743123556092,1.7111346875388236
RWA-fed(KEN+TZA+UGA),2013,3,real_interest_rate,2016,xgb_typed,11.6743123556092,1.7111346875388236
RWA-fed(KEN+TZA+UGA),2013,3,real_interest_rate,2016,lgbm_blind,11.6743123556092,3.1653262060937752
RWA-fed(KEN+TZA+UGA),2013,3,real_interest_rate,2016,lgbm_lag,11.6743123556092,1.7111346875388236
RWA-fed(KEN+TZA+UGA),2013,3,real_interest_rate,2016,lgbm_typed,11.6743123556092,1.7111346875388236
RWA-fed(KEN+TZA+UGA),2013,3,real_interest_rate,2016,tft,11.6743123556092,5.182873008160332
RWA-fed(KEN+TZA+UGA),2013,3,real_interest_rate,2016,tgcn,11.6743123556092,
RWA-fed(KEN+TZA+UGA),2013,3,real_interest_rate,2016,persistence_scarcity,11.6743123556092,2.5719700438062
RWA-fed(KEN+TZA+UGA),2013,3,real_interest_rate,2016,chronos_scarcity,11.6743123556092,1.746723410992363
RWA-fed(KEN+TZA+UGA),2013,3,real_interest_rate,2016,gnn_scarcity,11.6743123556092,2.8678977514221877
RWA-fed(KEN+TZA+UGA),2013,5,real_interest_rate,2018,persistence,17.656522610566,3.410240211150601
RWA-fed(KEN+TZA+UGA),2013,5,real_interest_rate,2018,arima,17.656522610566,4.22656369380735
RWA-fed(KEN+TZA+UGA),2013,5,real_interest_rate,2018,chronos,17.656522610566,5.335573056122641
RWA-fed(KEN+TZA+UGA),2013,5,real_interest_rate,2018,xgb_blind,17.656522610566,7.977252819916586
RWA-fed(KEN+TZA+UGA),2013,5,real_interest_rate,2018,xgb_lag,17.656522610566,4.22656369380735
RWA-fed(KEN+TZA+UGA),2013,5,real_interest_rate,2018,xgb_typed,17.656522610566,4.22656369380735
RWA-fed(KEN+TZA+UGA),2013,5,real_interest_rate,2018,lgbm_blind,17.656522610566,8.947881564594079
RWA-fed(KEN+TZA+UGA),2013,5,real_interest_rate,2018,lgbm_lag,17.656522610566,4.22656369380735
RWA-fed(KEN+TZA+UGA),2013,5,real_interest_rate,2018,lgbm_typed,17.656522610566,4.22656369380735
RWA-fed(KEN+TZA+UGA),2013,5,real_interest_rate,2018,tft,17.656522610566,0.9848252745658357
RWA-fed(KEN+TZA+UGA),2013,5,real_interest_rate,2018,tgcn,17.656522610566,
RWA-fed(KEN+TZA+UGA),2013,5,real_interest_rate,2018,persistence_scarcity,17.656522610566,3.410240211150601
RWA-fed(KEN+TZA+UGA),2013,5,real_interest_rate,2018,chronos_scarcity,17.656522610566,5.335573056122641
RWA-fed(KEN+TZA+UGA),2013,5,real_interest_rate,2018,gnn_scarcity,17.656522610566,8.748288014313559
RWA-fed(KEN+TZA+UGA),2013,1,broad_money,2014,persistence,18.9488961574076,0.9665785183346998
RWA-fed(KEN+TZA+UGA),2013,1,broad_money,2014,arima,18.9488961574076,1.1085591987994476
RWA-fed(KEN+TZA+UGA),2013,1,broad_money,2014,chronos,18.9488961574076,0.8018128749368962
RWA-fed(KEN+TZA+UGA),2013,1,broad_money,2014,xgb_blind,18.9488961574076,2.0121495601175603
RWA-fed(KEN+TZA+UGA),2013,1,broad_money,2014,xgb_lag,18.9488961574076,1.558711754941779
RWA-fed(KEN+TZA+UGA),2013,1,broad_money,2014,xgb_typed,18.9488961574076,1.4225900050638494
RWA-fed(KEN+TZA+UGA),2013,1,broad_money,2014,lgbm_blind,18.9488961574076,3.4018414934592087
RWA-fed(KEN+TZA+UGA),2013,1,broad_money,2014,lgbm_lag,18.9488961574076,3.4018414934592087
RWA-fed(KEN+TZA+UGA),2013,1,broad_money,2014,lgbm_typed,18.9488961574076,3.4018414934592087
RWA-fed(KEN+TZA+UGA),2013,1,broad_money,2014,tft,18.9488961574076,0.6725842830179509
RWA-fed(KEN+TZA+UGA),2013,1,broad_money,2014,tgcn,18.9488961574076,
RWA-fed(KEN+TZA+UGA),2013,1,broad_money,2014,persistence_scarcity,18.9488961574076,0.7091154207623731
RWA-fed(KEN+TZA+UGA),2013,1,broad_money,2014,chronos_scarcity,18.9488961574076,2.64331038284649
RWA-fed(KEN+TZA+UGA),2013,1,broad_money,2014,gnn_scarcity,18.9488961574076,1.7397038814066228
RWA-fed(KEN+TZA+UGA),2013,3,broad_money,2016,persistence,20.288049168884,2.3057315298111014
RWA-fed(KEN+TZA+UGA),2013,3,broad_money,2016,arima,20.288049168884,2.4256163094217804
RWA-fed(KEN+TZA+UGA),2013,3,broad_money,2016,chronos,20.288049168884,3.9044699147336104
RWA-fed(KEN+TZA+UGA),2013,3,broad_money,2016,xgb_blind,20.288049168884,2.9619306996457198
RWA-fed(KEN+TZA+UGA),2013,3,broad_money,2016,xgb_lag,20.288049168884,3.472873158752165
RWA-fed(KEN+TZA+UGA),2013,3,broad_money,2016,xgb_typed,20.288049168884,3.470624394714079
RWA-fed(KEN+TZA+UGA),2013,3,broad_money,2016,lgbm_blind,20.288049168884,4.587175112749096
RWA-fed(KEN+TZA+UGA),2013,3,broad_money,2016,lgbm_lag,20.288049168884,4.587175112749096
RWA-fed(KEN+TZA+UGA),2013,3,broad_money,2016,lgbm_typed,20.288049168884,4.587175112749096
RWA-fed(KEN+TZA+UGA),2013,3,broad_money,2016,tft,20.288049168884,1.9814962819211104
RWA-fed(KEN+TZA+UGA),2013,3,broad_money,2016,tgcn,20.288049168884,
RWA-fed(KEN+TZA+UGA),2013,3,broad_money,2016,persistence_scarcity,20.288049168884,1.254847402194219
RWA-fed(KEN+TZA+UGA),2013,3,broad_money,2016,chronos_scarcity,20.288049168884,2.3319720811883826
RWA-fed(KEN+TZA+UGA),2013,3,broad_money,2016,gnn_scarcity,20.288049168884,1.7618021443478682
RWA-fed(KEN+TZA+UGA),2013,5,broad_money,2018,persistence,21.7307882385639,3.748470599491
RWA-fed(KEN+TZA+UGA),2013,5,broad_money,2018,arima,21.7307882385639,3.867534062252261
RWA-fed(KEN+TZA+UGA),2013,5,broad_money,2018,chronos,21.7307882385639,5.517874725380306
RWA-fed(KEN+TZA+UGA),2013,5,broad_money,2018,xgb_blind,21.7307882385639,4.16400242618597
RWA-fed(KEN+TZA+UGA),2013,5,broad_money,2018,xgb_lag,21.7307882385639,4.243802078285579
RWA-fed(KEN+TZA+UGA),2013,5,broad_money,2018,xgb_typed,21.7307882385639,4.1556768494037435
RWA-fed(KEN+TZA+UGA),2013,5,broad_money,2018,lgbm_blind,21.7307882385639,6.272393234291439
RWA-fed(KEN+TZA+UGA),2013,5,broad_money,2018,lgbm_lag,21.7307882385639,6.272393234291439
RWA-fed(KEN+TZA+UGA),2013,5,broad_money,2018,lgbm_typed,21.7307882385639,6.272393234291439
RWA-fed(KEN+TZA+UGA),2013,5,broad_money,2018,tft,21.7307882385639,3.4237833099750326
RWA-fed(KEN+TZA+UGA),2013,5,broad_money,2018,tgcn,21.7307882385639,
RWA-fed(KEN+TZA+UGA),2013,5,broad_money,2018,persistence_scarcity,21.7307882385639,2.017392093974948
RWA-fed(KEN+TZA+UGA),2013,5,broad_money,2018,chronos_scarcity,21.7307882385639,3.304951801880332
RWA-fed(KEN+TZA+UGA),2013,5,broad_money,2018,gnn_scarcity,21.7307882385639,3.5283575134662435
RWA-fed(KEN+TZA+UGA),2013,1,private_credit,2014,persistence,17.6303961518493,1.4139167861535
RWA-fed(KEN+TZA+UGA),2013,1,private_credit,2014,arima,17.6303961518493,1.4006003367714825
RWA-fed(KEN+TZA+UGA),2013,1,private_credit,2014,chronos,17.6303961518493,1.7889406922545739
RWA-fed(KEN+TZA+UGA),2013,1,private_credit,2014,xgb_blind,17.6303961518493,2.770104670831234
RWA-fed(KEN+TZA+UGA),2013,1,private_credit,2014,xgb_lag,17.6303961518493,3.0161059144225426
RWA-fed(KEN+TZA+UGA),2013,1,private_credit,2014,xgb_typed,17.6303961518493,2.1880514863219567
RWA-fed(KEN+TZA+UGA),2013,1,private_credit,2014,lgbm_blind,17.6303961518493,7.682564127233556
RWA-fed(KEN+TZA+UGA),2013,1,private_credit,2014,lgbm_lag,17.6303961518493,7.682564127233556
RWA-fed(KEN+TZA+UGA),2013,1,private_credit,2014,lgbm_typed,17.6303961518493,7.682564127233556
RWA-fed(KEN+TZA+UGA),2013,1,private_credit,2014,tft,17.6303961518493,0.29098346264031605
RWA-fed(KEN+TZA+UGA),2013,1,private_credit,2014,tgcn,17.6303961518493,
RWA-fed(KEN+TZA+UGA),2013,1,private_credit,2014,persistence_scarcity,17.6303961518493,0.8513130740715908
RWA-fed(KEN+TZA+UGA),2013,1,private_credit,2014,chronos_scarcity,17.6303961518493,2.1951814339240645
RWA-fed(KEN+TZA+UGA),2013,1,private_credit,2014,gnn_scarcity,17.6303961518493,4.100334430047543
RWA-fed(KEN+TZA+UGA),2013,3,private_credit,2016,persistence,20.4751724214641,4.258693055768301
RWA-fed(KEN+TZA+UGA),2013,3,private_credit,2016,arima,20.4751724214641,4.244984299816661
RWA-fed(KEN+TZA+UGA),2013,3,private_credit,2016,chronos,20.4751724214641,4.921742817887441
RWA-fed(KEN+TZA+UGA),2013,3,private_credit,2016,xgb_blind,20.4751724214641,4.924881360062734
RWA-fed(KEN+TZA+UGA),2013,3,private_credit,2016,xgb_lag,20.4751724214641,9.954142949113027
RWA-fed(KEN+TZA+UGA),2013,3,private_credit,2016,xgb_typed,20.4751724214641,7.038293263444082
RWA-fed(KEN+TZA+UGA),2013,3,private_credit,2016,lgbm_blind,20.4751724214641,10.093968815448942
RWA-fed(KEN+TZA+UGA),2013,3,private_credit,2016,lgbm_lag,20.4751724214641,10.093968815448942
RWA-fed(KEN+TZA+UGA),2013,3,private_credit,2016,lgbm_typed,20.4751724214641,10.093968815448942
RWA-fed(KEN+TZA+UGA),2013,3,private_credit,2016,tft,20.4751724214641,1.0998748750773828
RWA-fed(KEN+TZA+UGA),2013,3,private_credit,2016,tgcn,20.4751724214641,
RWA-fed(KEN+TZA+UGA),2013,3,private_credit,2016,persistence_scarcity,20.4751724214641,4.595317022462179
RWA-fed(KEN+TZA+UGA),2013,3,private_credit,2016,chronos_scarcity,20.4751724214641,12.180019290686472
RWA-fed(KEN+TZA+UGA),2013,3,private_credit,2016,gnn_scarcity,20.4751724214641,7.310267827042715
RWA-fed(KEN+TZA+UGA),2013,5,private_credit,2018,persistence,21.3998848838406,5.183405518144799
RWA-fed(KEN+TZA+UGA),2013,5,private_credit,2018,arima,21.3998848838406,5.16969644040282
RWA-fed(KEN+TZA+UGA),2013,5,private_credit,2018,chronos,21.3998848838406,6.278499309499779
RWA-fed(KEN+TZA+UGA),2013,5,private_credit,2018,xgb_blind,21.3998848838406,7.394628231008568
RWA-fed(KEN+TZA+UGA),2013,5,private_credit,2018,xgb_lag,21.3998848838406,7.0364567679958725
RWA-fed(KEN+TZA+UGA),2013,5,private_credit,2018,xgb_typed,21.3998848838406,5.560702030141869
RWA-fed(KEN+TZA+UGA),2013,5,private_credit,2018,lgbm_blind,21.3998848838406,10.779155864073239
RWA-fed(KEN+TZA+UGA),2013,5,private_credit,2018,lgbm_lag,21.3998848838406,10.779155864073239
RWA-fed(KEN+TZA+UGA),2013,5,private_credit,2018,lgbm_typed,21.3998848838406,10.779155864073239
RWA-fed(KEN+TZA+UGA),2013,5,private_credit,2018,tft,21.3998848838406,0.20780152507595062
RWA-fed(KEN+TZA+UGA),2013,5,private_credit,2018,tgcn,21.3998848838406,
RWA-fed(KEN+TZA+UGA),2013,5,private_credit,2018,persistence_scarcity,21.3998848838406,2.8652924295370106
RWA-fed(KEN+TZA+UGA),2013,5,private_credit,2018,chronos_scarcity,21.3998848838406,4.132978680733366
RWA-fed(KEN+TZA+UGA),2013,5,private_credit,2018,gnn_scarcity,21.3998848838406,5.762399379690208
RWA-fed(KEN+TZA+UGA),2013,1,govt_consumption,2014,persistence,14.2814464949749,1.4160740971687993
RWA-fed(KEN+TZA+UGA),2013,1,govt_consumption,2014,arima,14.2814464949749,1.4241862848989602
RWA-fed(KEN+TZA+UGA),2013,1,govt_consumption,2014,chronos,14.2814464949749,1.497562446512985
RWA-fed(KEN+TZA+UGA),2013,1,govt_consumption,2014,xgb_blind,14.2814464949749,1.329161682047653
RWA-fed(KEN+TZA+UGA),2013,1,govt_consumption,2014,xgb_lag,14.2814464949749,1.4241862848989602
RWA-fed(KEN+TZA+UGA),2013,1,govt_consumption,2014,xgb_typed,14.2814464949749,1.4241862848989602
RWA-fed(KEN+TZA+UGA),2013,1,govt_consumption,2014,lgbm_blind,14.2814464949749,0.5625446534380867
RWA-fed(KEN+TZA+UGA),2013,1,govt_consumption,2014,lgbm_lag,14.2814464949749,1.4241862848989602
RWA-fed(KEN+TZA+UGA),2013,1,govt_consumption,2014,lgbm_typed,14.2814464949749,1.4241862848989602
RWA-fed(KEN+TZA+UGA),2013,1,govt_consumption,2014,tft,14.2814464949749,1.3972559355876921
RWA-fed(KEN+TZA+UGA),2013,1,govt_consumption,2014,tgcn,14.2814464949749,
RWA-fed(KEN+TZA+UGA),2013,1,govt_consumption,2014,persistence_scarcity,14.2814464949749,1.4160740971687993
RWA-fed(KEN+TZA+UGA),2013,1,govt_consumption,2014,chronos_scarcity,14.2814464949749,1.497562446512985
RWA-fed(KEN+TZA+UGA),2013,1,govt_consumption,2014,gnn_scarcity,14.2814464949749,0.6919174574993132
RWA-fed(KEN+TZA+UGA),2013,3,govt_consumption,2016,persistence,15.0678995077858,2.2025271099797
RWA-fed(KEN+TZA+UGA),2013,3,govt_consumption,2016,arima,15.0678995077858,2.211463447046457
RWA-fed(KEN+TZA+UGA),2013,3,govt_consumption,2016,chronos,15.0678995077858,1.886073869968417
RWA-fed(KEN+TZA+UGA),2013,3,govt_consumption,2016,xgb_blind,15.0678995077858,1.6677120154151943
RWA-fed(KEN+TZA+UGA),2013,3,govt_consumption,2016,xgb_lag,15.0678995077858,2.211463447046457
RWA-fed(KEN+TZA+UGA),2013,3,govt_consumption,2016,xgb_typed,15.0678995077858,2.211463447046457
RWA-fed(KEN+TZA+UGA),2013,3,govt_consumption,2016,lgbm_blind,15.0678995077858,1.3061211304344926
RWA-fed(KEN+TZA+UGA),2013,3,govt_consumption,2016,lgbm_lag,15.0678995077858,2.211463447046457
RWA-fed(KEN+TZA+UGA),2013,3,govt_consumption,2016,lgbm_typed,15.0678995077858,2.211463447046457
RWA-fed(KEN+TZA+UGA),2013,3,govt_consumption,2016,tft,15.0678995077858,2.183596414829257
RWA-fed(KEN+TZA+UGA),2013,3,govt_consumption,2016,tgcn,15.0678995077858,
RWA-fed(KEN+TZA+UGA),2013,3,govt_consumption,2016,persistence_scarcity,15.0678995077858,2.2025271099797
RWA-fed(KEN+TZA+UGA),2013,3,govt_consumption,2016,chronos_scarcity,15.0678995077858,1.886073869968417
RWA-fed(KEN+TZA+UGA),2013,3,govt_consumption,2016,gnn_scarcity,15.0678995077858,1.2663076346168545
RWA-fed(KEN+TZA+UGA),2013,5,govt_consumption,2018,persistence,14.7476601788797,1.8822877810736003
RWA-fed(KEN+TZA+UGA),2013,5,govt_consumption,2018,arima,14.7476601788797,1.8912312390964559
RWA-fed(KEN+TZA+UGA),2013,5,govt_consumption,2018,chronos,14.7476601788797,3.008376617173157
RWA-fed(KEN+TZA+UGA),2013,5,govt_consumption,2018,xgb_blind,14.7476601788797,2.5722603986062627
RWA-fed(KEN+TZA+UGA),2013,5,govt_consumption,2018,xgb_lag,14.7476601788797,1.8912312390964559
RWA-fed(KEN+TZA+UGA),2013,5,govt_consumption,2018,xgb_typed,14.7476601788797,1.8912312390964559
RWA-fed(KEN+TZA+UGA),2013,5,govt_consumption,2018,lgbm_blind,14.7476601788797,0.8807558699582874
RWA-fed(KEN+TZA+UGA),2013,5,govt_consumption,2018,lgbm_lag,14.7476601788797,1.8912312390964559
RWA-fed(KEN+TZA+UGA),2013,5,govt_consumption,2018,lgbm_typed,14.7476601788797,1.8912312390964559
RWA-fed(KEN+TZA+UGA),2013,5,govt_consumption,2018,tft,14.7476601788797,1.8651843259133916
RWA-fed(KEN+TZA+UGA),2013,5,govt_consumption,2018,tgcn,14.7476601788797,
RWA-fed(KEN+TZA+UGA),2013,5,govt_consumption,2018,persistence_scarcity,14.7476601788797,1.8822877810736003
RWA-fed(KEN+TZA+UGA),2013,5,govt_consumption,2018,chronos_scarcity,14.7476601788797,3.008376617173157
RWA-fed(KEN+TZA+UGA),2013,5,govt_consumption,2018,gnn_scarcity,14.7476601788797,0.9019189069070439
RWA-fed(KEN+TZA+UGA),2014,1,gdp_growth,2015,persistence,8.8568555974538,2.68968944578448
RWA-fed(KEN+TZA+UGA),2014,1,gdp_growth,2015,arima,8.8568555974538,3.4042015274624147
RWA-fed(KEN+TZA+UGA),2014,1,gdp_growth,2015,chronos,8.8568555974538,2.6637794637257723
RWA-fed(KEN+TZA+UGA),2014,1,gdp_growth,2015,xgb_blind,8.8568555974538,1.0996076726491122
RWA-fed(KEN+TZA+UGA),2014,1,gdp_growth,2015,xgb_lag,8.8568555974538,3.4042015274624147
RWA-fed(KEN+TZA+UGA),2014,1,gdp_growth,2015,xgb_typed,8.8568555974538,3.4042015274624147
RWA-fed(KEN+TZA+UGA),2014,1,gdp_growth,2015,lgbm_blind,8.8568555974538,3.098580446201053
RWA-fed(KEN+TZA+UGA),2014,1,gdp_growth,2015,lgbm_lag,8.8568555974538,3.4042015274624147
RWA-fed(KEN+TZA+UGA),2014,1,gdp_growth,2015,lgbm_typed,8.8568555974538,3.4042015274624147
RWA-fed(KEN+TZA+UGA),2014,1,gdp_growth,2015,tft,8.8568555974538,2.205977168040958
RWA-fed(KEN+TZA+UGA),2014,1,gdp_growth,2015,tgcn,8.8568555974538,
RWA-fed(KEN+TZA+UGA),2014,1,gdp_growth,2015,persistence_scarcity,8.8568555974538,2.68968944578448
RWA-fed(KEN+TZA+UGA),2014,1,gdp_growth,2015,chronos_scarcity,8.8568555974538,2.6637794637257723
RWA-fed(KEN+TZA+UGA),2014,1,gdp_growth,2015,gnn_scarcity,8.8568555974538,3.199406352000919
RWA-fed(KEN+TZA+UGA),2014,3,gdp_growth,2017,persistence,3.91817093628465,2.2489952153846695
RWA-fed(KEN+TZA+UGA),2014,3,gdp_growth,2017,arima,3.91817093628465,1.713082616907045
RWA-fed(KEN+TZA+UGA),2014,3,gdp_growth,2017,chronos,3.91817093628465,1.9671754763740412
RWA-fed(KEN+TZA+UGA),2014,3,gdp_growth,2017,xgb_blind,3.91817093628465,2.0638728068488947
RWA-fed(KEN+TZA+UGA),2014,3,gdp_growth,2017,xgb_lag,3.91817093628465,1.713082616907045
RWA-fed(KEN+TZA+UGA),2014,3,gdp_growth,2017,xgb_typed,3.91817093628465,1.713082616907045
RWA-fed(KEN+TZA+UGA),2014,3,gdp_growth,2017,lgbm_blind,3.91817093628465,2.210931716438489
RWA-fed(KEN+TZA+UGA),2014,3,gdp_growth,2017,lgbm_lag,3.91817093628465,1.713082616907045
RWA-fed(KEN+TZA+UGA),2014,3,gdp_growth,2017,lgbm_typed,3.91817093628465,1.713082616907045
RWA-fed(KEN+TZA+UGA),2014,3,gdp_growth,2017,tft,3.91817093628465,2.701655857386004
RWA-fed(KEN+TZA+UGA),2014,3,gdp_growth,2017,tgcn,3.91817093628465,
RWA-fed(KEN+TZA+UGA),2014,3,gdp_growth,2017,persistence_scarcity,3.91817093628465,2.2489952153846695
RWA-fed(KEN+TZA+UGA),2014,3,gdp_growth,2017,chronos_scarcity,3.91817093628465,1.9671754763740412
RWA-fed(KEN+TZA+UGA),2014,3,gdp_growth,2017,gnn_scarcity,3.91817093628465,3.061650745691668
RWA-fed(KEN+TZA+UGA),2014,5,gdp_growth,2019,persistence,9.44738518613097,3.280219034461651
RWA-fed(KEN+TZA+UGA),2014,5,gdp_growth,2019,arima,9.44738518613097,3.7726033360169255
RWA-fed(KEN+TZA+UGA),2014,5,gdp_growth,2019,chronos,9.44738518613097,3.2158449830364884
RWA-fed(KEN+TZA+UGA),2014,5,gdp_growth,2019,xgb_blind,9.44738518613097,3.008937233860463
RWA-fed(KEN+TZA+UGA),2014,5,gdp_growth,2019,xgb_lag,9.44738518613097,3.7726033360169255
RWA-fed(KEN+TZA+UGA),2014,5,gdp_growth,2019,xgb_typed,9.44738518613097,3.7726033360169255
RWA-fed(KEN+TZA+UGA),2014,5,gdp_growth,2019,lgbm_blind,9.44738518613097,0.21246563774827187
RWA-fed(KEN+TZA+UGA),2014,5,gdp_growth,2019,lgbm_lag,9.44738518613097,3.7726033360169255
RWA-fed(KEN+TZA+UGA),2014,5,gdp_growth,2019,lgbm_typed,9.44738518613097,3.7726033360169255
RWA-fed(KEN+TZA+UGA),2014,5,gdp_growth,2019,tft,9.44738518613097,2.826031083042592
RWA-fed(KEN+TZA+UGA),2014,5,gdp_growth,2019,tgcn,9.44738518613097,
RWA-fed(KEN+TZA+UGA),2014,5,gdp_growth,2019,persistence_scarcity,9.44738518613097,3.280219034461651
RWA-fed(KEN+TZA+UGA),2014,5,gdp_growth,2019,chronos_scarcity,9.44738518613097,3.2158449830364884
RWA-fed(KEN+TZA+UGA),2014,5,gdp_growth,2019,gnn_scarcity,9.44738518613097,2.5252727212261856
RWA-fed(KEN+TZA+UGA),2014,1,inflation_cpi,2015,persistence,2.52850284192421,0.17401231372062975
RWA-fed(KEN+TZA+UGA),2014,1,inflation_cpi,2015,arima,2.52850284192421,1.103718100383217
RWA-fed(KEN+TZA+UGA),2014,1,inflation_cpi,2015,chronos,2.52850284192421,2.212914089228134
RWA-fed(KEN+TZA+UGA),2014,1,inflation_cpi,2015,xgb_blind,2.52850284192421,1.804678539301376
RWA-fed(KEN+TZA+UGA),2014,1,inflation_cpi,2015,xgb_lag,2.52850284192421,1.103718100383217
RWA-fed(KEN+TZA+UGA),2014,1,inflation_cpi,2015,xgb_typed,2.52850284192421,1.103718100383217
RWA-fed(KEN+TZA+UGA),2014,1,inflation_cpi,2015,lgbm_blind,2.52850284192421,5.603627338250895
RWA-fed(KEN+TZA+UGA),2014,1,inflation_cpi,2015,lgbm_lag,2.52850284192421,1.103718100383217
RWA-fed(KEN+TZA+UGA),2014,1,inflation_cpi,2015,lgbm_typed,2.52850284192421,1.103718100383217
RWA-fed(KEN+TZA+UGA),2014,1,inflation_cpi,2015,tft,2.52850284192421,5.224188903833847
RWA-fed(KEN+TZA+UGA),2014,1,inflation_cpi,2015,tgcn,2.52850284192421,
RWA-fed(KEN+TZA+UGA),2014,1,inflation_cpi,2015,persistence_scarcity,2.52850284192421,0.17401231372062975
RWA-fed(KEN+TZA+UGA),2014,1,inflation_cpi,2015,chronos_scarcity,2.52850284192421,2.212914089228134
RWA-fed(KEN+TZA+UGA),2014,1,inflation_cpi,2015,gnn_scarcity,2.52850284192421,5.530158618952255
RWA-fed(KEN+TZA+UGA),2014,3,inflation_cpi,2017,persistence,8.27953672260832,5.9250461944047395
RWA-fed(KEN+TZA+UGA),2014,3,inflation_cpi,2017,arima,8.27953672260832,4.94095879176777
RWA-fed(KEN+TZA+UGA),2014,3,inflation_cpi,2017,chronos,8.27953672260832,2.2477383598763865
RWA-fed(KEN+TZA+UGA),2014,3,inflation_cpi,2017,xgb_blind,8.27953672260832,3.970869539685957
RWA-fed(KEN+TZA+UGA),2014,3,inflation_cpi,2017,xgb_lag,8.27953672260832,4.94095879176777
RWA-fed(KEN+TZA+UGA),2014,3,inflation_cpi,2017,xgb_typed,8.27953672260832,4.94095879176777
RWA-fed(KEN+TZA+UGA),2014,3,inflation_cpi,2017,lgbm_blind,8.27953672260832,0.7352845498185294
RWA-fed(KEN+TZA+UGA),2014,3,inflation_cpi,2017,lgbm_lag,8.27953672260832,4.94095879176777
RWA-fed(KEN+TZA+UGA),2014,3,inflation_cpi,2017,lgbm_typed,8.27953672260832,4.94095879176777
RWA-fed(KEN+TZA+UGA),2014,3,inflation_cpi,2017,tft,8.27953672260832,0.05612230152677711
RWA-fed(KEN+TZA+UGA),2014,3,inflation_cpi,2017,tgcn,8.27953672260832,
RWA-fed(KEN+TZA+UGA),2014,3,inflation_cpi,2017,persistence_scarcity,8.27953672260832,5.9250461944047395
RWA-fed(KEN+TZA+UGA),2014,3,inflation_cpi,2017,chronos_scarcity,8.27953672260832,2.2477383598763865
RWA-fed(KEN+TZA+UGA),2014,3,inflation_cpi,2017,gnn_scarcity,8.27953672260832,0.2740349784414846
RWA-fed(KEN+TZA+UGA),2014,5,inflation_cpi,2019,persistence,3.34787655037648,0.9933860221728996
RWA-fed(KEN+TZA+UGA),2014,5,inflation_cpi,2019,arima,3.34787655037648,0.04691835003763334
RWA-fed(KEN+TZA+UGA),2014,5,inflation_cpi,2019,chronos,3.34787655037648,3.2240819914936374
RWA-fed(KEN+TZA+UGA),2014,5,inflation_cpi,2019,xgb_blind,3.34787655037648,0.054601906120712584
RWA-fed(KEN+TZA+UGA),2014,5,inflation_cpi,2019,xgb_lag,3.34787655037648,0.04691835003763334
RWA-fed(KEN+TZA+UGA),2014,5,inflation_cpi,2019,xgb_typed,3.34787655037648,0.04691835003763334
RWA-fed(KEN+TZA+UGA),2014,5,inflation_cpi,2019,lgbm_blind,3.34787655037648,3.7153619206249067
RWA-fed(KEN+TZA+UGA),2014,5,inflation_cpi,2019,lgbm_lag,3.34787655037648,0.04691835003763334
RWA-fed(KEN+TZA+UGA),2014,5,inflation_cpi,2019,lgbm_typed,3.34787655037648,0.04691835003763334
RWA-fed(KEN+TZA+UGA),2014,5,inflation_cpi,2019,tft,3.34787655037648,4.986377714455063
RWA-fed(KEN+TZA+UGA),2014,5,inflation_cpi,2019,tgcn,3.34787655037648,
RWA-fed(KEN+TZA+UGA),2014,5,inflation_cpi,2019,persistence_scarcity,3.34787655037648,0.9933860221728996
RWA-fed(KEN+TZA+UGA),2014,5,inflation_cpi,2019,chronos_scarcity,3.34787655037648,3.2240819914936374
RWA-fed(KEN+TZA+UGA),2014,5,inflation_cpi,2019,gnn_scarcity,3.34787655037648,5.1840972884296725
RWA-fed(KEN+TZA+UGA),2014,1,unemployment,2015,persistence,11.831,0.006000000000000227
RWA-fed(KEN+TZA+UGA),2014,1,unemployment,2015,arima,11.831,0.019835314263922044
RWA-fed(KEN+TZA+UGA),2014,1,unemployment,2015,chronos,11.831,0.006503433227539546
RWA-fed(KEN+TZA+UGA),2014,1,unemployment,2015,xgb_blind,11.831,0.05282559967040967
RWA-fed(KEN+TZA+UGA),2014,1,unemployment,2015,xgb_lag,11.831,0.019835314263922044
RWA-fed(KEN+TZA+UGA),2014,1,unemployment,2015,xgb_typed,11.831,0.019835314263922044
RWA-fed(KEN+TZA+UGA),2014,1,unemployment,2015,lgbm_blind,11.831,0.112874974568685
RWA-fed(KEN+TZA+UGA),2014,1,unemployment,2015,lgbm_lag,11.831,0.019835314263922044
RWA-fed(KEN+TZA+UGA),2014,1,unemployment,2015,lgbm_typed,11.831,0.019835314263922044
RWA-fed(KEN+TZA+UGA),2014,1,unemployment,2015,tft,11.831,0.05892881774902392
RWA-fed(KEN+TZA+UGA),2014,1,unemployment,2015,tgcn,11.831,
RWA-fed(KEN+TZA+UGA),2014,1,unemployment,2015,persistence_scarcity,11.831,0.006000000000000227
RWA-fed(KEN+TZA+UGA),2014,1,unemployment,2015,chronos_scarcity,11.831,0.006503433227539546
RWA-fed(KEN+TZA+UGA),2014,1,unemployment,2015,gnn_scarcity,11.831,0.08316197967529249
RWA-fed(KEN+TZA+UGA),2014,3,unemployment,2017,persistence,11.875,0.038000000000000256
RWA-fed(KEN+TZA+UGA),2014,3,unemployment,2017,arima,11.875,0.020834293391391867
RWA-fed(KEN+TZA+UGA),2014,3,unemployment,2017,chronos,11.875,0.17772769927978516
RWA-fed(KEN+TZA+UGA),2014,3,unemployment,2017,xgb_blind,11.875,0.14664745330810547
RWA-fed(KEN+TZA+UGA),2014,3,unemployment,2017,xgb_lag,11.875,0.020834293391391867
RWA-fed(KEN+TZA+UGA),2014,3,unemployment,2017,xgb_typed,11.875,0.020834293391391867
RWA-fed(KEN+TZA+UGA),2014,3,unemployment,2017,lgbm_blind,11.875,0.20290907946499992
RWA-fed(KEN+TZA+UGA),2014,3,unemployment,2017,lgbm_lag,11.875,0.020834293391391867
RWA-fed(KEN+TZA+UGA),2014,3,unemployment,2017,lgbm_typed,11.875,0.020834293391391867
RWA-fed(KEN+TZA+UGA),2014,3,unemployment,2017,tft,11.875,0.02333354949951172
RWA-fed(KEN+TZA+UGA),2014,3,unemployment,2017,tgcn,11.875,
RWA-fed(KEN+TZA+UGA),2014,3,unemployment,2017,persistence_scarcity,11.875,0.038000000000000256
RWA-fed(KEN+TZA+UGA),2014,3,unemployment,2017,chronos_scarcity,11.875,0.17772769927978516
RWA-fed(KEN+TZA+UGA),2014,3,unemployment,2017,gnn_scarcity,11.875,0.09761714935302734
RWA-fed(KEN+TZA+UGA),2014,5,unemployment,2019,persistence,11.236,0.6009999999999991
RWA-fed(KEN+TZA+UGA),2014,5,unemployment,2019,arima,11.236,0.6182996049739131
RWA-fed(KEN+TZA+UGA),2014,5,unemployment,2019,chronos,11.236,0.3432312622070306
RWA-fed(KEN+TZA+UGA),2014,5,unemployment,2019,xgb_blind,11.236,0.501552642822265
RWA-fed(KEN+TZA+UGA),2014,5,unemployment,2019,xgb_lag,11.236,0.6182996049739131
RWA-fed(KEN+TZA+UGA),2014,5,unemployment,2019,xgb_typed,11.236,0.6182996049739131
RWA-fed(KEN+TZA+UGA),2014,5,unemployment,2019,lgbm_blind,11.236,0.38375002288818294
RWA-fed(KEN+TZA+UGA),2014,5,unemployment,2019,lgbm_lag,11.236,0.6182996049739131
RWA-fed(KEN+TZA+UGA),2014,5,unemployment,2019,lgbm_typed,11.236,0.6182996049739131
RWA-fed(KEN+TZA+UGA),2014,5,unemployment,2019,tft,11.236,0.6622439041137689
RWA-fed(KEN+TZA+UGA),2014,5,unemployment,2019,tgcn,11.236,
RWA-fed(KEN+TZA+UGA),2014,5,unemployment,2019,persistence_scarcity,11.236,0.6009999999999991
RWA-fed(KEN+TZA+UGA),2014,5,unemployment,2019,chronos_scarcity,11.236,0.3432312622070306
RWA-fed(KEN+TZA+UGA),2014,5,unemployment,2019,gnn_scarcity,11.236,0.5400934829711908
RWA-fed(KEN+TZA+UGA),2014,1,exports_gdp,2015,persistence,13.2317868359616,0.6368747442464997
RWA-fed(KEN+TZA+UGA),2014,1,exports_gdp,2015,arima,13.2317868359616,0.5560920181572548
RWA-fed(KEN+TZA+UGA),2014,1,exports_gdp,2015,chronos,13.2317868359616,0.3698617108395297
RWA-fed(KEN+TZA+UGA),2014,1,exports_gdp,2015,xgb_blind,13.2317868359616,0.22452057523224767
RWA-fed(KEN+TZA+UGA),2014,1,exports_gdp,2015,xgb_lag,13.2317868359616,0.5560920181572548
RWA-fed(KEN+TZA+UGA),2014,1,exports_gdp,2015,xgb_typed,13.2317868359616,0.5560920181572548
RWA-fed(KEN+TZA+UGA),2014,1,exports_gdp,2015,lgbm_blind,13.2317868359616,4.441209483914633
RWA-fed(KEN+TZA+UGA),2014,1,exports_gdp,2015,lgbm_lag,13.2317868359616,0.5560920181572548
RWA-fed(KEN+TZA+UGA),2014,1,exports_gdp,2015,lgbm_typed,13.2317868359616,0.5560920181572548
RWA-fed(KEN+TZA+UGA),2014,1,exports_gdp,2015,tft,13.2317868359616,1.2925413958499234
RWA-fed(KEN+TZA+UGA),2014,1,exports_gdp,2015,tgcn,13.2317868359616,
RWA-fed(KEN+TZA+UGA),2014,1,exports_gdp,2015,persistence_scarcity,13.2317868359616,0.6368747442464997
RWA-fed(KEN+TZA+UGA),2014,1,exports_gdp,2015,chronos_scarcity,13.2317868359616,0.3698617108395297
RWA-fed(KEN+TZA+UGA),2014,1,exports_gdp,2015,gnn_scarcity,13.2317868359616,4.5182706006100375
RWA-fed(KEN+TZA+UGA),2014,3,exports_gdp,2017,persistence,20.5283808772972,6.659719297089099
RWA-fed(KEN+TZA+UGA),2014,3,exports_gdp,2017,arima,20.5283808772972,6.726878244754369
RWA-fed(KEN+TZA+UGA),2014,3,exports_gdp,2017,chronos,20.5283808772972,8.047549731056964
RWA-fed(KEN+TZA+UGA),2014,3,exports_gdp,2017,xgb_blind,20.5283808772972,7.980237490456378
RWA-fed(KEN+TZA+UGA),2014,3,exports_gdp,2017,xgb_lag,20.5283808772972,6.726878244754369
RWA-fed(KEN+TZA+UGA),2014,3,exports_gdp,2017,xgb_typed,20.5283808772972,6.726878244754369
RWA-fed(KEN+TZA+UGA),2014,3,exports_gdp,2017,lgbm_blind,20.5283808772972,11.52434252172996
RWA-fed(KEN+TZA+UGA),2014,3,exports_gdp,2017,lgbm_lag,20.5283808772972,6.726878244754369
RWA-fed(KEN+TZA+UGA),2014,3,exports_gdp,2017,lgbm_typed,20.5283808772972,6.726878244754369
RWA-fed(KEN+TZA+UGA),2014,3,exports_gdp,2017,tft,20.5283808772972,5.161057955544269
RWA-fed(KEN+TZA+UGA),2014,3,exports_gdp,2017,tgcn,20.5283808772972,
RWA-fed(KEN+TZA+UGA),2014,3,exports_gdp,2017,persistence_scarcity,20.5283808772972,6.659719297089099
RWA-fed(KEN+TZA+UGA),2014,3,exports_gdp,2017,chronos_scarcity,20.5283808772972,8.047549731056964
RWA-fed(KEN+TZA+UGA),2014,3,exports_gdp,2017,gnn_scarcity,20.5283808772972,11.521757609169757
RWA-fed(KEN+TZA+UGA),2014,5,exports_gdp,2019,persistence,21.8254435390056,7.956781958797501
RWA-fed(KEN+TZA+UGA),2014,5,exports_gdp,2019,arima,21.8254435390056,8.023312459851866
RWA-fed(KEN+TZA+UGA),2014,5,exports_gdp,2019,chronos,21.8254435390056,10.265590938907945
RWA-fed(KEN+TZA+UGA),2014,5,exports_gdp,2019,xgb_blind,21.8254435390056,9.774694713932359
RWA-fed(KEN+TZA+UGA),2014,5,exports_gdp,2019,xgb_lag,21.8254435390056,8.023312459851866
RWA-fed(KEN+TZA+UGA),2014,5,exports_gdp,2019,xgb_typed,21.8254435390056,8.023312459851866
RWA-fed(KEN+TZA+UGA),2014,5,exports_gdp,2019,lgbm_blind,21.8254435390056,12.494892939907395
RWA-fed(KEN+TZA+UGA),2014,5,exports_gdp,2019,lgbm_lag,21.8254435390056,8.023312459851866
RWA-fed(KEN+TZA+UGA),2014,5,exports_gdp,2019,lgbm_typed,21.8254435390056,8.023312459851866
RWA-fed(KEN+TZA+UGA),2014,5,exports_gdp,2019,tft,21.8254435390056,5.897774013859117
RWA-fed(KEN+TZA+UGA),2014,5,exports_gdp,2019,tgcn,21.8254435390056,
RWA-fed(KEN+TZA+UGA),2014,5,exports_gdp,2019,persistence_scarcity,21.8254435390056,7.956781958797501
RWA-fed(KEN+TZA+UGA),2014,5,exports_gdp,2019,chronos_scarcity,21.8254435390056,10.265590938907945
RWA-fed(KEN+TZA+UGA),2014,5,exports_gdp,2019,gnn_scarcity,21.8254435390056,12.8316109508098
RWA-fed(KEN+TZA+UGA),2014,1,imports_gdp,2015,persistence,31.9701887799487,1.9361166690817981
RWA-fed(KEN+TZA+UGA),2014,1,imports_gdp,2015,arima,31.9701887799487,2.3077191359148905
RWA-fed(KEN+TZA+UGA),2014,1,imports_gdp,2015,chronos,31.9701887799487,1.5358473492846372
RWA-fed(KEN+TZA+UGA),2014,1,imports_gdp,2015,xgb_blind,31.9701887799487,2.7449175549731137
RWA-fed(KEN+TZA+UGA),2014,1,imports_gdp,2015,xgb_lag,31.9701887799487,2.3077191359148905
RWA-fed(KEN+TZA+UGA),2014,1,imports_gdp,2015,xgb_typed,31.9701887799487,2.3077191359148905
RWA-fed(KEN+TZA+UGA),2014,1,imports_gdp,2015,lgbm_blind,31.9701887799487,6.269415143448658
RWA-fed(KEN+TZA+UGA),2014,1,imports_gdp,2015,lgbm_lag,31.9701887799487,2.3077191359148905
RWA-fed(KEN+TZA+UGA),2014,1,imports_gdp,2015,lgbm_typed,31.9701887799487,2.3077191359148905
RWA-fed(KEN+TZA+UGA),2014,1,imports_gdp,2015,tft,31.9701887799487,1.080303831218231
RWA-fed(KEN+TZA+UGA),2014,1,imports_gdp,2015,tgcn,31.9701887799487,
RWA-fed(KEN+TZA+UGA),2014,1,imports_gdp,2015,persistence_scarcity,31.9701887799487,1.9361166690817981
RWA-fed(KEN+TZA+UGA),2014,1,imports_gdp,2015,chronos_scarcity,31.9701887799487,1.5358473492846372
RWA-fed(KEN+TZA+UGA),2014,1,imports_gdp,2015,gnn_scarcity,31.9701887799487,6.587750120280731
RWA-fed(KEN+TZA+UGA),2014,3,imports_gdp,2017,persistence,33.1468865404281,3.1128144295611975
RWA-fed(KEN+TZA+UGA),2014,3,imports_gdp,2017,arima,33.1468865404281,3.392598285296902
RWA-fed(KEN+TZA+UGA),2014,3,imports_gdp,2017,chronos,33.1468865404281,2.342523289695677
RWA-fed(KEN+TZA+UGA),2014,3,imports_gdp,2017,xgb_blind,33.1468865404281,4.01035852529138
RWA-fed(KEN+TZA+UGA),2014,3,imports_gdp,2017,xgb_lag,33.1468865404281,3.392598285296902
RWA-fed(KEN+TZA+UGA),2014,3,imports_gdp,2017,xgb_typed,33.1468865404281,3.392598285296902
RWA-fed(KEN+TZA+UGA),2014,3,imports_gdp,2017,lgbm_blind,33.1468865404281,6.760515621460591
RWA-fed(KEN+TZA+UGA),2014,3,imports_gdp,2017,lgbm_lag,33.1468865404281,3.392598285296902
RWA-fed(KEN+TZA+UGA),2014,3,imports_gdp,2017,lgbm_typed,33.1468865404281,3.392598285296902
RWA-fed(KEN+TZA+UGA),2014,3,imports_gdp,2017,tft,33.1468865404281,1.0574280748519271
RWA-fed(KEN+TZA+UGA),2014,3,imports_gdp,2017,tgcn,33.1468865404281,
RWA-fed(KEN+TZA+UGA),2014,3,imports_gdp,2017,persistence_scarcity,33.1468865404281,3.1128144295611975
RWA-fed(KEN+TZA+UGA),2014,3,imports_gdp,2017,chronos_scarcity,33.1468865404281,2.342523289695677
RWA-fed(KEN+TZA+UGA),2014,3,imports_gdp,2017,gnn_scarcity,33.1468865404281,6.902826024070677
RWA-fed(KEN+TZA+UGA),2014,5,imports_gdp,2019,persistence,36.1502193247898,6.1161472139229005
RWA-fed(KEN+TZA+UGA),2014,5,imports_gdp,2019,arima,36.1502193247898,6.377663638414848
RWA-fed(KEN+TZA+UGA),2014,5,imports_gdp,2019,chronos,36.1502193247898,5.900886896811286
RWA-fed(KEN+TZA+UGA),2014,5,imports_gdp,2019,xgb_blind,36.1502193247898,8.18223417159156
RWA-fed(KEN+TZA+UGA),2014,5,imports_gdp,2019,xgb_lag,36.1502193247898,6.377663638414848
RWA-fed(KEN+TZA+UGA),2014,5,imports_gdp,2019,xgb_typed,36.1502193247898,6.377663638414848
RWA-fed(KEN+TZA+UGA),2014,5,imports_gdp,2019,lgbm_blind,36.1502193247898,11.390051630698004
RWA-fed(KEN+TZA+UGA),2014,5,imports_gdp,2019,lgbm_lag,36.1502193247898,6.377663638414848
RWA-fed(KEN+TZA+UGA),2014,5,imports_gdp,2019,lgbm_typed,36.1502193247898,6.377663638414848
RWA-fed(KEN+TZA+UGA),2014,5,imports_gdp,2019,tft,36.1502193247898,3.532768610678474
RWA-fed(KEN+TZA+UGA),2014,5,imports_gdp,2019,tgcn,36.1502193247898,
RWA-fed(KEN+TZA+UGA),2014,5,imports_gdp,2019,persistence_scarcity,36.1502193247898,6.1161472139229005
RWA-fed(KEN+TZA+UGA),2014,5,imports_gdp,2019,chronos_scarcity,36.1502193247898,5.900886896811286
RWA-fed(KEN+TZA+UGA),2014,5,imports_gdp,2019,gnn_scarcity,36.1502193247898,9.943760279379646
RWA-fed(KEN+TZA+UGA),2014,1,current_account,2015,persistence,-12.6837769389105,1.3398839460892003
RWA-fed(KEN+TZA+UGA),2014,1,current_account,2015,arima,-12.6837769389105,4.753062986131017
RWA-fed(KEN+TZA+UGA),2014,1,current_account,2015,chronos,-12.6837769389105,1.5430823206854019
RWA-fed(KEN+TZA+UGA),2014,1,current_account,2015,xgb_blind,-12.6837769389105,1.9209738612127456
RWA-fed(KEN+TZA+UGA),2014,1,current_account,2015,xgb_lag,-12.6837769389105,4.753062986131017
RWA-fed(KEN+TZA+UGA),2014,1,current_account,2015,xgb_typed,-12.6837769389105,4.753062986131017
RWA-fed(KEN+TZA+UGA),2014,1,current_account,2015,lgbm_blind,-12.6837769389105,5.776597801839526
RWA-fed(KEN+TZA+UGA),2014,1,current_account,2015,lgbm_lag,-12.6837769389105,4.753062986131017
RWA-fed(KEN+TZA+UGA),2014,1,current_account,2015,lgbm_typed,-12.6837769389105,4.753062986131017
RWA-fed(KEN+TZA+UGA),2014,1,current_account,2015,tft,-12.6837769389105,0.8713780283880386
RWA-fed(KEN+TZA+UGA),2014,1,current_account,2015,tgcn,-12.6837769389105,
RWA-fed(KEN+TZA+UGA),2014,1,current_account,2015,persistence_scarcity,-12.6837769389105,1.3398839460892003
RWA-fed(KEN+TZA+UGA),2014,1,current_account,2015,chronos_scarcity,-12.6837769389105,1.5430823206854019
RWA-fed(KEN+TZA+UGA),2014,1,current_account,2015,gnn_scarcity,-12.6837769389105,5.810659015173927
RWA-fed(KEN+TZA+UGA),2014,3,current_account,2017,persistence,-9.46048176908828,1.8834112237330185
RWA-fed(KEN+TZA+UGA),2014,3,current_account,2017,arima,-9.46048176908828,1.1793903667885974
RWA-fed(KEN+TZA+UGA),2014,3,current_account,2017,chronos,-9.46048176908828,0.8465546307530278
RWA-fed(KEN+TZA+UGA),2014,3,current_account,2017,xgb_blind,-9.46048176908828,1.211420887466895
RWA-fed(KEN+TZA+UGA),2014,3,current_account,2017,xgb_lag,-9.46048176908828,1.1793903667885974
RWA-fed(KEN+TZA+UGA),2014,3,current_account,2017,xgb_typed,-9.46048176908828,1.1793903667885974
RWA-fed(KEN+TZA+UGA),2014,3,current_account,2017,lgbm_blind,-9.46048176908828,2.517819985176316
RWA-fed(KEN+TZA+UGA),2014,3,current_account,2017,lgbm_lag,-9.46048176908828,1.1793903667885974
RWA-fed(KEN+TZA+UGA),2014,3,current_account,2017,lgbm_typed,-9.46048176908828,1.1793903667885974
RWA-fed(KEN+TZA+UGA),2014,3,current_account,2017,tft,-9.46048176908828,0.8844183621373052
RWA-fed(KEN+TZA+UGA),2014,3,current_account,2017,tgcn,-9.46048176908828,
RWA-fed(KEN+TZA+UGA),2014,3,current_account,2017,persistence_scarcity,-9.46048176908828,1.8834112237330185
RWA-fed(KEN+TZA+UGA),2014,3,current_account,2017,chronos_scarcity,-9.46048176908828,0.8465546307530278
RWA-fed(KEN+TZA+UGA),2014,3,current_account,2017,gnn_scarcity,-9.46048176908828,2.695563441756738
RWA-fed(KEN+TZA+UGA),2014,5,current_account,2019,persistence,-11.8932238048423,0.549330812021001
RWA-fed(KEN+TZA+UGA),2014,5,current_account,2019,arima,-11.8932238048423,3.338416806388711
RWA-fed(KEN+TZA+UGA),2014,5,current_account,2019,chronos,-11.8932238048423,2.06617359579689
RWA-fed(KEN+TZA+UGA),2014,5,current_account,2019,xgb_blind,-11.8932238048423,0.8649063533652495
RWA-fed(KEN+TZA+UGA),2014,5,current_account,2019,xgb_lag,-11.8932238048423,3.338416806388711
RWA-fed(KEN+TZA+UGA),2014,5,current_account,2019,xgb_typed,-11.8932238048423,3.338416806388711
RWA-fed(KEN+TZA+UGA),2014,5,current_account,2019,lgbm_blind,-11.8932238048423,4.907982844721145
RWA-fed(KEN+TZA+UGA),2014,5,current_account,2019,lgbm_lag,-11.8932238048423,3.338416806388711
RWA-fed(KEN+TZA+UGA),2014,5,current_account,2019,lgbm_typed,-11.8932238048423,3.338416806388711
RWA-fed(KEN+TZA+UGA),2014,5,current_account,2019,tft,-11.8932238048423,1.8814497417319487
RWA-fed(KEN+TZA+UGA),2014,5,current_account,2019,tgcn,-11.8932238048423,
RWA-fed(KEN+TZA+UGA),2014,5,current_account,2019,persistence_scarcity,-11.8932238048423,0.549330812021001
RWA-fed(KEN+TZA+UGA),2014,5,current_account,2019,chronos_scarcity,-11.8932238048423,2.06617359579689
RWA-fed(KEN+TZA+UGA),2014,5,current_account,2019,gnn_scarcity,-11.8932238048423,5.123583359133072
RWA-fed(KEN+TZA+UGA),2014,1,real_interest_rate,2015,persistence,16.7659340409904,4.805168939142298
RWA-fed(KEN+TZA+UGA),2014,1,real_interest_rate,2015,arima,16.7659340409904,3.8756883927714014
RWA-fed(KEN+TZA+UGA),2014,1,real_interest_rate,2015,chronos,16.7659340409904,5.048530629125164
RWA-fed(KEN+TZA+UGA),2014,1,real_interest_rate,2015,xgb_blind,16.7659340409904,7.099189808812664
RWA-fed(KEN+TZA+UGA),2014,1,real_interest_rate,2015,xgb_lag,16.7659340409904,3.8756883927714014
RWA-fed(KEN+TZA+UGA),2014,1,real_interest_rate,2015,xgb_typed,16.7659340409904,3.8756883927714014
RWA-fed(KEN+TZA+UGA),2014,1,real_interest_rate,2015,lgbm_blind,16.7659340409904,8.27118390385998
RWA-fed(KEN+TZA+UGA),2014,1,real_interest_rate,2015,lgbm_lag,16.7659340409904,3.8756883927714014
RWA-fed(KEN+TZA+UGA),2014,1,real_interest_rate,2015,lgbm_typed,16.7659340409904,3.8756883927714014
RWA-fed(KEN+TZA+UGA),2014,1,real_interest_rate,2015,tft,16.7659340409904,4.471726468053387
RWA-fed(KEN+TZA+UGA),2014,1,real_interest_rate,2015,tgcn,16.7659340409904,
RWA-fed(KEN+TZA+UGA),2014,1,real_interest_rate,2015,persistence_scarcity,16.7659340409904,4.805168939142298
RWA-fed(KEN+TZA+UGA),2014,1,real_interest_rate,2015,chronos_scarcity,16.7659340409904,5.048530629125164
RWA-fed(KEN+TZA+UGA),2014,1,real_interest_rate,2015,gnn_scarcity,16.7659340409904,8.255291989293621
RWA-fed(KEN+TZA+UGA),2014,3,real_interest_rate,2017,persistence,8.32839190737934,3.6323731944687605
RWA-fed(KEN+TZA+UGA),2014,3,real_interest_rate,2017,arima,8.32839190737934,4.337577615720443
RWA-fed(KEN+TZA+UGA),2014,3,real_interest_rate,2017,chronos,8.32839190737934,3.037810447051813
RWA-fed(KEN+TZA+UGA),2014,3,real_interest_rate,2017,xgb_blind,8.32839190737934,1.7502900384214417
RWA-fed(KEN+TZA+UGA),2014,3,real_interest_rate,2017,xgb_lag,8.32839190737934,4.337577615720443
RWA-fed(KEN+TZA+UGA),2014,3,real_interest_rate,2017,xgb_typed,8.32839190737934,4.337577615720443
RWA-fed(KEN+TZA+UGA),2014,3,real_interest_rate,2017,lgbm_blind,8.32839190737934,0.33749327556487074
RWA-fed(KEN+TZA+UGA),2014,3,real_interest_rate,2017,lgbm_lag,8.32839190737934,4.337577615720443
RWA-fed(KEN+TZA+UGA),2014,3,real_interest_rate,2017,lgbm_typed,8.32839190737934,4.337577615720443
RWA-fed(KEN+TZA+UGA),2014,3,real_interest_rate,2017,tft,8.32839190737934,4.1138993523862855
RWA-fed(KEN+TZA+UGA),2014,3,real_interest_rate,2017,tgcn,8.32839190737934,
RWA-fed(KEN+TZA+UGA),2014,3,real_interest_rate,2017,persistence_scarcity,8.32839190737934,3.6323731944687605
RWA-fed(KEN+TZA+UGA),2014,3,real_interest_rate,2017,chronos_scarcity,8.32839190737934,3.037810447051813
RWA-fed(KEN+TZA+UGA),2014,3,real_interest_rate,2017,gnn_scarcity,8.32839190737934,0.7170745156553284
RWA-fed(KEN+TZA+UGA),2014,5,real_interest_rate,2019,persistence,13.717350611345,1.7565855094968992
RWA-fed(KEN+TZA+UGA),2014,5,real_interest_rate,2019,arima,13.717350611345,1.088474316178834
RWA-fed(KEN+TZA+UGA),2014,5,real_interest_rate,2019,chronos,13.717350611345,2.4469324442307414
RWA-fed(KEN+TZA+UGA),2014,5,real_interest_rate,2019,xgb_blind,13.717350611345,3.2002235742966594
RWA-fed(KEN+TZA+UGA),2014,5,real_interest_rate,2019,xgb_lag,13.717350611345,1.088474316178834
RWA-fed(KEN+TZA+UGA),2014,5,real_interest_rate,2019,xgb_typed,13.717350611345,1.088474316178834
RWA-fed(KEN+TZA+UGA),2014,5,real_interest_rate,2019,lgbm_blind,13.717350611345,4.8461033734242385
RWA-fed(KEN+TZA+UGA),2014,5,real_interest_rate,2019,lgbm_lag,13.717350611345,1.088474316178834
RWA-fed(KEN+TZA+UGA),2014,5,real_interest_rate,2019,lgbm_typed,13.717350611345,1.088474316178834
RWA-fed(KEN+TZA+UGA),2014,5,real_interest_rate,2019,tft,13.717350611345,1.1200424524704875
RWA-fed(KEN+TZA+UGA),2014,5,real_interest_rate,2019,tgcn,13.717350611345,
RWA-fed(KEN+TZA+UGA),2014,5,real_interest_rate,2019,persistence_scarcity,13.717350611345,1.7565855094968992
RWA-fed(KEN+TZA+UGA),2014,5,real_interest_rate,2019,chronos_scarcity,13.717350611345,2.4469324442307414
RWA-fed(KEN+TZA+UGA),2014,5,real_interest_rate,2019,gnn_scarcity,13.717350611345,4.695224413530058
RWA-fed(KEN+TZA+UGA),2014,1,broad_money,2015,persistence,20.8162554781801,1.8673593207725006
RWA-fed(KEN+TZA+UGA),2014,1,broad_money,2015,arima,20.8162554781801,2.047537439841488
RWA-fed(KEN+TZA+UGA),2014,1,broad_money,2015,chronos,20.8162554781801,1.9922274630433812
RWA-fed(KEN+TZA+UGA),2014,1,broad_money,2015,xgb_blind,20.8162554781801,2.8905295412904515
RWA-fed(KEN+TZA+UGA),2014,1,broad_money,2015,xgb_lag,20.8162554781801,2.450563339508225
RWA-fed(KEN+TZA+UGA),2014,1,broad_money,2015,xgb_typed,20.8162554781801,2.422027496612717
RWA-fed(KEN+TZA+UGA),2014,1,broad_money,2015,lgbm_blind,20.8162554781801,5.1274574082261815
RWA-fed(KEN+TZA+UGA),2014,1,broad_money,2015,lgbm_lag,20.8162554781801,5.1274574082261815
RWA-fed(KEN+TZA+UGA),2014,1,broad_money,2015,lgbm_typed,20.8162554781801,5.1274574082261815
RWA-fed(KEN+TZA+UGA),2014,1,broad_money,2015,tft,20.8162554781801,2.4246882479554905
RWA-fed(KEN+TZA+UGA),2014,1,broad_money,2015,tgcn,20.8162554781801,
RWA-fed(KEN+TZA+UGA),2014,1,broad_money,2015,persistence_scarcity,20.8162554781801,1.2424830600150543
RWA-fed(KEN+TZA+UGA),2014,1,broad_money,2015,chronos_scarcity,20.8162554781801,1.1755724041948028
RWA-fed(KEN+TZA+UGA),2014,1,broad_money,2015,gnn_scarcity,20.8162554781801,1.7121371310121312
RWA-fed(KEN+TZA+UGA),2014,3,broad_money,2017,persistence,19.7081417149906,0.7592455575830002
RWA-fed(KEN+TZA+UGA),2014,3,broad_money,2017,arima,19.7081417149906,0.9120978351375655
RWA-fed(KEN+TZA+UGA),2014,3,broad_money,2017,chronos,19.7081417149906,1.1710609502200917
RWA-fed(KEN+TZA+UGA),2014,3,broad_money,2017,xgb_blind,19.7081417149906,1.8780044621829823
RWA-fed(KEN+TZA+UGA),2014,3,broad_money,2017,xgb_lag,19.7081417149906,2.2308448857669667
RWA-fed(KEN+TZA+UGA),2014,3,broad_money,2017,xgb_typed,19.7081417149906,2.5772022313480214
RWA-fed(KEN+TZA+UGA),2014,3,broad_money,2017,lgbm_blind,19.7081417149906,3.859630279221779
RWA-fed(KEN+TZA+UGA),2014,3,broad_money,2017,lgbm_lag,19.7081417149906,3.859630279221779
RWA-fed(KEN+TZA+UGA),2014,3,broad_money,2017,lgbm_typed,19.7081417149906,3.859630279221779
RWA-fed(KEN+TZA+UGA),2014,3,broad_money,2017,tft,19.7081417149906,1.313473135889037
RWA-fed(KEN+TZA+UGA),2014,3,broad_money,2017,tgcn,19.7081417149906,
RWA-fed(KEN+TZA+UGA),2014,3,broad_money,2017,persistence_scarcity,19.7081417149906,0.4868664314383011
RWA-fed(KEN+TZA+UGA),2014,3,broad_money,2017,chronos_scarcity,19.7081417149906,1.0149714730263746
RWA-fed(KEN+TZA+UGA),2014,3,broad_money,2017,gnn_scarcity,19.7081417149906,0.47129860585974015
RWA-fed(KEN+TZA+UGA),2014,5,broad_money,2019,persistence,21.3544486905459,2.4055525331383016
RWA-fed(KEN+TZA+UGA),2014,5,broad_money,2019,arima,21.3544486905459,2.557455292336609
RWA-fed(KEN+TZA+UGA),2014,5,broad_money,2019,chronos,21.3544486905459,3.104315176141604
RWA-fed(KEN+TZA+UGA),2014,5,broad_money,2019,xgb_blind,21.3544486905459,3.474047079217776
RWA-fed(KEN+TZA+UGA),2014,5,broad_money,2019,xgb_lag,21.3544486905459,3.6462234403017604
RWA-fed(KEN+TZA+UGA),2014,5,broad_money,2019,xgb_typed,21.3544486905459,3.3975147153261744
RWA-fed(KEN+TZA+UGA),2014,5,broad_money,2019,lgbm_blind,21.3544486905459,5.72152861608301
RWA-fed(KEN+TZA+UGA),2014,5,broad_money,2019,lgbm_lag,21.3544486905459,5.72152861608301
RWA-fed(KEN+TZA+UGA),2014,5,broad_money,2019,lgbm_typed,21.3544486905459,5.72152861608301
RWA-fed(KEN+TZA+UGA),2014,5,broad_money,2019,tft,21.3544486905459,2.9597705747011744
RWA-fed(KEN+TZA+UGA),2014,5,broad_money,2019,tgcn,21.3544486905459,
RWA-fed(KEN+TZA+UGA),2014,5,broad_money,2019,persistence_scarcity,21.3544486905459,0.06562790585705969
RWA-fed(KEN+TZA+UGA),2014,5,broad_money,2019,chronos_scarcity,21.3544486905459,0.2989870695042427
RWA-fed(KEN+TZA+UGA),2014,5,broad_money,2019,gnn_scarcity,21.3544486905459,2.056099310052737
RWA-fed(KEN+TZA+UGA),2014,1,private_credit,2015,persistence,20.9997079033272,3.3693117514778983
RWA-fed(KEN+TZA+UGA),2014,1,private_credit,2015,arima,20.9997079033272,3.3071069756694236
RWA-fed(KEN+TZA+UGA),2014,1,private_credit,2015,chronos,20.9997079033272,3.8743550438301284
RWA-fed(KEN+TZA+UGA),2014,1,private_credit,2015,xgb_blind,20.9997079033272,5.602082933844777
RWA-fed(KEN+TZA+UGA),2014,1,private_credit,2015,xgb_lag,20.9997079033272,13.348249639929982
RWA-fed(KEN+TZA+UGA),2014,1,private_credit,2015,xgb_typed,20.9997079033272,4.305972780646535
RWA-fed(KEN+TZA+UGA),2014,1,private_credit,2015,lgbm_blind,20.9997079033272,10.731769051017018
RWA-fed(KEN+TZA+UGA),2014,1,private_credit,2015,lgbm_lag,20.9997079033272,10.731769051017018
RWA-fed(KEN+TZA+UGA),2014,1,private_credit,2015,lgbm_typed,20.9997079033272,10.731769051017018
RWA-fed(KEN+TZA+UGA),2014,1,private_credit,2015,tft,20.9997079033272,1.777782167853566
RWA-fed(KEN+TZA+UGA),2014,1,private_credit,2015,tgcn,20.9997079033272,
RWA-fed(KEN+TZA+UGA),2014,1,private_credit,2015,persistence_scarcity,20.9997079033272,3.012394429795922
RWA-fed(KEN+TZA+UGA),2014,1,private_credit,2015,chronos_scarcity,20.9997079033272,4.788582702080891
RWA-fed(KEN+TZA+UGA),2014,1,private_credit,2015,gnn_scarcity,20.9997079033272,5.630406107367726
RWA-fed(KEN+TZA+UGA),2014,3,private_credit,2017,persistence,20.5944112008927,2.9640150490434003
RWA-fed(KEN+TZA+UGA),2014,3,private_credit,2017,arima,20.5944112008927,2.8989531966531104
RWA-fed(KEN+TZA+UGA),2014,3,private_credit,2017,chronos,20.5944112008927,2.911832160365357
RWA-fed(KEN+TZA+UGA),2014,3,private_credit,2017,xgb_blind,20.5944112008927,4.514231986415162
RWA-fed(KEN+TZA+UGA),2014,3,private_credit,2017,xgb_lag,20.5944112008927,11.48725730837561
RWA-fed(KEN+TZA+UGA),2014,3,private_credit,2017,xgb_typed,20.5944112008927,5.100117034327759
RWA-fed(KEN+TZA+UGA),2014,3,private_credit,2017,lgbm_blind,20.5944112008927,9.883698854729039
RWA-fed(KEN+TZA+UGA),2014,3,private_credit,2017,lgbm_lag,20.5944112008927,9.883698854729039
RWA-fed(KEN+TZA+UGA),2014,3,private_credit,2017,lgbm_typed,20.5944112008927,9.883698854729039
RWA-fed(KEN+TZA+UGA),2014,3,private_credit,2017,tft,20.5944112008927,0.4871069723250727
RWA-fed(KEN+TZA+UGA),2014,3,private_credit,2017,tgcn,20.5944112008927,
RWA-fed(KEN+TZA+UGA),2014,3,private_credit,2017,persistence_scarcity,20.5944112008927,1.3272071304948163
RWA-fed(KEN+TZA+UGA),2014,3,private_credit,2017,chronos_scarcity,20.5944112008927,6.997892198735894
RWA-fed(KEN+TZA+UGA),2014,3,private_credit,2017,gnn_scarcity,20.5944112008927,6.451131171595826
RWA-fed(KEN+TZA+UGA),2014,5,private_credit,2019,persistence,21.4605470851456,3.8301509332962986
RWA-fed(KEN+TZA+UGA),2014,5,private_credit,2019,arima,21.4605470851456,3.7650835509504788
RWA-fed(KEN+TZA+UGA),2014,5,private_credit,2019,chronos,21.4605470851456,3.6665273860489194
RWA-fed(KEN+TZA+UGA),2014,5,private_credit,2019,xgb_blind,21.4605470851456,7.361963863710052
RWA-fed(KEN+TZA+UGA),2014,5,private_credit,2019,xgb_lag,21.4605470851456,12.37732946429599
RWA-fed(KEN+TZA+UGA),2014,5,private_credit,2019,xgb_typed,21.4605470851456,4.129896755555755
RWA-fed(KEN+TZA+UGA),2014,5,private_credit,2019,lgbm_blind,21.4605470851456,10.489334721902496
RWA-fed(KEN+TZA+UGA),2014,5,private_credit,2019,lgbm_lag,21.4605470851456,10.489334721902496
RWA-fed(KEN+TZA+UGA),2014,5,private_credit,2019,lgbm_typed,21.4605470851456,10.489334721902496
RWA-fed(KEN+TZA+UGA),2014,5,private_credit,2019,tft,21.4605470851456,0.26402532611239593
RWA-fed(KEN+TZA+UGA),2014,5,private_credit,2019,tgcn,21.4605470851456,
RWA-fed(KEN+TZA+UGA),2014,5,private_credit,2019,persistence_scarcity,21.4605470851456,0.23019823554239238
RWA-fed(KEN+TZA+UGA),2014,5,private_credit,2019,chronos_scarcity,21.4605470851456,2.914628725670113
RWA-fed(KEN+TZA+UGA),2014,5,private_credit,2019,gnn_scarcity,21.4605470851456,8.568307514527923
RWA-fed(KEN+TZA+UGA),2014,1,govt_consumption,2015,persistence,13.8497879923213,0.4316585026535993
RWA-fed(KEN+TZA+UGA),2014,1,govt_consumption,2015,arima,13.8497879923213,0.561016995977532
RWA-fed(KEN+TZA+UGA),2014,1,govt_consumption,2015,chronos,13.8497879923213,0.4563290654789931
RWA-fed(KEN+TZA+UGA),2014,1,govt_consumption,2015,xgb_blind,13.8497879923213,0.3062003076899522
RWA-fed(KEN+TZA+UGA),2014,1,govt_consumption,2015,xgb_lag,13.8497879923213,0.561016995977532
RWA-fed(KEN+TZA+UGA),2014,1,govt_consumption,2015,xgb_typed,13.8497879923213,0.561016995977532
RWA-fed(KEN+TZA+UGA),2014,1,govt_consumption,2015,lgbm_blind,13.8497879923213,0.10744679181063965
RWA-fed(KEN+TZA+UGA),2014,1,govt_consumption,2015,lgbm_lag,13.8497879923213,0.561016995977532
RWA-fed(KEN+TZA+UGA),2014,1,govt_consumption,2015,lgbm_typed,13.8497879923213,0.561016995977532
RWA-fed(KEN+TZA+UGA),2014,1,govt_consumption,2015,tft,13.8497879923213,0.05718012443895404
RWA-fed(KEN+TZA+UGA),2014,1,govt_consumption,2015,tgcn,13.8497879923213,
RWA-fed(KEN+TZA+UGA),2014,1,govt_consumption,2015,persistence_scarcity,13.8497879923213,0.4316585026535993
RWA-fed(KEN+TZA+UGA),2014,1,govt_consumption,2015,chronos_scarcity,13.8497879923213,0.4563290654789931
RWA-fed(KEN+TZA+UGA),2014,1,govt_consumption,2015,gnn_scarcity,13.8497879923213,0.2122357309687608
RWA-fed(KEN+TZA+UGA),2014,3,govt_consumption,2017,persistence,15.0074832365581,0.7260367415832008
RWA-fed(KEN+TZA+UGA),2014,3,govt_consumption,2017,arima,15.0074832365581,0.5837818627723816
RWA-fed(KEN+TZA+UGA),2014,3,govt_consumption,2017,chronos,15.0074832365581,1.4989192411967718
RWA-fed(KEN+TZA+UGA),2014,3,govt_consumption,2017,xgb_blind,15.0074832365581,1.0325896666118108
RWA-fed(KEN+TZA+UGA),2014,3,govt_consumption,2017,xgb_lag,15.0074832365581,0.5837818627723816
RWA-fed(KEN+TZA+UGA),2014,3,govt_consumption,2017,xgb_typed,15.0074832365581,0.5837818627723816
RWA-fed(KEN+TZA+UGA),2014,3,govt_consumption,2017,lgbm_blind,15.0074832365581,1.2220835828632541
RWA-fed(KEN+TZA+UGA),2014,3,govt_consumption,2017,lgbm_lag,15.0074832365581,0.5837818627723816
RWA-fed(KEN+TZA+UGA),2014,3,govt_consumption,2017,lgbm_typed,15.0074832365581,0.5837818627723816
RWA-fed(KEN+TZA+UGA),2014,3,govt_consumption,2017,tft,15.0074832365581,1.0952508375712835
RWA-fed(KEN+TZA+UGA),2014,3,govt_consumption,2017,tgcn,15.0074832365581,
RWA-fed(KEN+TZA+UGA),2014,3,govt_consumption,2017,persistence_scarcity,15.0074832365581,0.7260367415832008
RWA-fed(KEN+TZA+UGA),2014,3,govt_consumption,2017,chronos_scarcity,15.0074832365581,1.4989192411967718
RWA-fed(KEN+TZA+UGA),2014,3,govt_consumption,2017,gnn_scarcity,15.0074832365581,1.139643423325678
RWA-fed(KEN+TZA+UGA),2014,5,govt_consumption,2019,persistence,15.8165587890012,1.5351122940263
RWA-fed(KEN+TZA+UGA),2014,5,govt_consumption,2019,arima,15.8165587890012,1.3927497969604694
RWA-fed(KEN+TZA+UGA),2014,5,govt_consumption,2019,chronos,15.8165587890012,3.005859326110574
RWA-fed(KEN+TZA+UGA),2014,5,govt_consumption,2019,xgb_blind,15.8165587890012,2.126349400268289
RWA-fed(KEN+TZA+UGA),2014,5,govt_consumption,2019,xgb_lag,15.8165587890012,1.3927497969604694
RWA-fed(KEN+TZA+UGA),2014,5,govt_consumption,2019,xgb_typed,15.8165587890012,1.3927497969604694
RWA-fed(KEN+TZA+UGA),2014,5,govt_consumption,2019,lgbm_blind,15.8165587890012,1.9289273726803984
RWA-fed(KEN+TZA+UGA),2014,5,govt_consumption,2019,lgbm_lag,15.8165587890012,1.3927497969604694
RWA-fed(KEN+TZA+UGA),2014,5,govt_consumption,2019,lgbm_typed,15.8165587890012,1.3927497969604694
RWA-fed(KEN+TZA+UGA),2014,5,govt_consumption,2019,tft,15.8165587890012,1.9042644011838163
RWA-fed(KEN+TZA+UGA),2014,5,govt_consumption,2019,tgcn,15.8165587890012,
RWA-fed(KEN+TZA+UGA),2014,5,govt_consumption,2019,persistence_scarcity,15.8165587890012,1.5351122940263
RWA-fed(KEN+TZA+UGA),2014,5,govt_consumption,2019,chronos_scarcity,15.8165587890012,3.005859326110574
RWA-fed(KEN+TZA+UGA),2014,5,govt_consumption,2019,gnn_scarcity,15.8165587890012,1.9587697493893828
RWA-fed(KEN+TZA+UGA),2015,1,gdp_growth,2016,persistence,5.97074525431094,2.8861103431428594
RWA-fed(KEN+TZA+UGA),2015,1,gdp_growth,2016,arima,5.97074525431094,1.5575584732096717
RWA-fed(KEN+TZA+UGA),2015,1,gdp_growth,2016,chronos,5.97074525431094,1.867540191856052
RWA-fed(KEN+TZA+UGA),2015,1,gdp_growth,2016,xgb_blind,5.97074525431094,1.2963932268291964
RWA-fed(KEN+TZA+UGA),2015,1,gdp_growth,2016,xgb_lag,5.97074525431094,1.5575584732096717
RWA-fed(KEN+TZA+UGA),2015,1,gdp_growth,2016,xgb_typed,5.97074525431094,1.5575584732096717
RWA-fed(KEN+TZA+UGA),2015,1,gdp_growth,2016,lgbm_blind,5.97074525431094,0.08852689341006137
RWA-fed(KEN+TZA+UGA),2015,1,gdp_growth,2016,lgbm_lag,5.97074525431094,1.5575584732096717
RWA-fed(KEN+TZA+UGA),2015,1,gdp_growth,2016,lgbm_typed,5.97074525431094,1.5575584732096717
RWA-fed(KEN+TZA+UGA),2015,1,gdp_growth,2016,tft,5.97074525431094,4.1193140260845675
RWA-fed(KEN+TZA+UGA),2015,1,gdp_growth,2016,tgcn,5.97074525431094,
RWA-fed(KEN+TZA+UGA),2015,1,gdp_growth,2016,persistence_scarcity,5.97074525431094,2.8861103431428594
RWA-fed(KEN+TZA+UGA),2015,1,gdp_growth,2016,chronos_scarcity,5.97074525431094,1.867540191856052
RWA-fed(KEN+TZA+UGA),2015,1,gdp_growth,2016,gnn_scarcity,5.97074525431094,0.05782301351132535
RWA-fed(KEN+TZA+UGA),2015,3,gdp_growth,2018,persistence,8.51646722592409,0.34038837152970913
RWA-fed(KEN+TZA+UGA),2015,3,gdp_growth,2018,arima,8.51646722592409,0.6560742802347219
RWA-fed(KEN+TZA+UGA),2015,3,gdp_growth,2018,chronos,8.51646722592409,1.0222989443689148
RWA-fed(KEN+TZA+UGA),2015,3,gdp_growth,2018,xgb_blind,8.51646722592409,2.8466183070092956
RWA-fed(KEN+TZA+UGA),2015,3,gdp_growth,2018,xgb_lag,8.51646722592409,0.6560742802347219
RWA-fed(KEN+TZA+UGA),2015,3,gdp_growth,2018,xgb_typed,8.51646722592409,0.6560742802347219
RWA-fed(KEN+TZA+UGA),2015,3,gdp_growth,2018,lgbm_blind,8.51646722592409,2.2687666279951726
RWA-fed(KEN+TZA+UGA),2015,3,gdp_growth,2018,lgbm_lag,8.51646722592409,0.6560742802347219
RWA-fed(KEN+TZA+UGA),2015,3,gdp_growth,2018,lgbm_typed,8.51646722592409,0.6560742802347219
RWA-fed(KEN+TZA+UGA),2015,3,gdp_growth,2018,tft,8.51646722592409,3.382403242215558
RWA-fed(KEN+TZA+UGA),2015,3,gdp_growth,2018,tgcn,8.51646722592409,
RWA-fed(KEN+TZA+UGA),2015,3,gdp_growth,2018,persistence_scarcity,8.51646722592409,0.34038837152970913
RWA-fed(KEN+TZA+UGA),2015,3,gdp_growth,2018,chronos_scarcity,8.51646722592409,1.0222989443689148
RWA-fed(KEN+TZA+UGA),2015,3,gdp_growth,2018,gnn_scarcity,8.51646722592409,1.994244230166034
RWA-fed(KEN+TZA+UGA),2015,5,gdp_growth,2020,persistence,-3.37368746369782,12.23054306115162
RWA-fed(KEN+TZA+UGA),2015,5,gdp_growth,2020,arima,-3.37368746369782,11.31510326172815
RWA-fed(KEN+TZA+UGA),2015,5,gdp_growth,2020,chronos,-3.37368746369782,10.94432659715119
RWA-fed(KEN+TZA+UGA),2015,5,gdp_growth,2020,xgb_blind,-3.37368746369782,11.387388902601629
RWA-fed(KEN+TZA+UGA),2015,5,gdp_growth,2020,xgb_lag,-3.37368746369782,11.31510326172815
RWA-fed(KEN+TZA+UGA),2015,5,gdp_growth,2020,xgb_typed,-3.37368746369782,11.31510326172815
RWA-fed(KEN+TZA+UGA),2015,5,gdp_growth,2020,lgbm_blind,-3.37368746369782,12.995300409890243
RWA-fed(KEN+TZA+UGA),2015,5,gdp_growth,2020,lgbm_lag,-3.37368746369782,11.31510326172815
RWA-fed(KEN+TZA+UGA),2015,5,gdp_growth,2020,lgbm_typed,-3.37368746369782,11.31510326172815
RWA-fed(KEN+TZA+UGA),2015,5,gdp_growth,2020,tft,-3.37368746369782,16.69771738618317
RWA-fed(KEN+TZA+UGA),2015,5,gdp_growth,2020,tgcn,-3.37368746369782,
RWA-fed(KEN+TZA+UGA),2015,5,gdp_growth,2020,persistence_scarcity,-3.37368746369782,12.23054306115162
RWA-fed(KEN+TZA+UGA),2015,5,gdp_growth,2020,chronos_scarcity,-3.37368746369782,10.94432659715119
RWA-fed(KEN+TZA+UGA),2015,5,gdp_growth,2020,gnn_scarcity,-3.37368746369782,10.373028951582342
RWA-fed(KEN+TZA+UGA),2015,1,inflation_cpi,2016,persistence,7.17434301982009,4.64584017789588
RWA-fed(KEN+TZA+UGA),2015,1,inflation_cpi,2016,arima,7.17434301982009,4.707315232063232
RWA-fed(KEN+TZA+UGA),2015,1,inflation_cpi,2016,chronos,7.17434301982009,3.3184625209339815
RWA-fed(KEN+TZA+UGA),2015,1,inflation_cpi,2016,xgb_blind,7.17434301982009,1.8567451537617403
RWA-fed(KEN+TZA+UGA),2015,1,inflation_cpi,2016,xgb_lag,7.17434301982009,4.707315232063232
RWA-fed(KEN+TZA+UGA),2015,1,inflation_cpi,2016,xgb_typed,7.17434301982009,4.707315232063232
RWA-fed(KEN+TZA+UGA),2015,1,inflation_cpi,2016,lgbm_blind,7.17434301982009,0.7336420707932749
RWA-fed(KEN+TZA+UGA),2015,1,inflation_cpi,2016,lgbm_lag,7.17434301982009,4.707315232063232
RWA-fed(KEN+TZA+UGA),2015,1,inflation_cpi,2016,lgbm_typed,7.17434301982009,4.707315232063232
RWA-fed(KEN+TZA+UGA),2015,1,inflation_cpi,2016,tft,7.17434301982009,3.3279699386128145
RWA-fed(KEN+TZA+UGA),2015,1,inflation_cpi,2016,tgcn,7.17434301982009,
RWA-fed(KEN+TZA+UGA),2015,1,inflation_cpi,2016,persistence_scarcity,7.17434301982009,4.64584017789588
RWA-fed(KEN+TZA+UGA),2015,1,inflation_cpi,2016,chronos_scarcity,7.17434301982009,3.3184625209339815
RWA-fed(KEN+TZA+UGA),2015,1,inflation_cpi,2016,gnn_scarcity,7.17434301982009,0.7680397926799101
RWA-fed(KEN+TZA+UGA),2015,3,inflation_cpi,2018,persistence,-0.311210160390699,2.839713002314909
RWA-fed(KEN+TZA+UGA),2015,3,inflation_cpi,2018,arima,-0.311210160390699,2.792283351389569
RWA-fed(KEN+TZA+UGA),2015,3,inflation_cpi,2018,chronos,-0.311210160390699,4.021036629812086
RWA-fed(KEN+TZA+UGA),2015,3,inflation_cpi,2018,xgb_blind,-0.311210160390699,4.208659415380323
RWA-fed(KEN+TZA+UGA),2015,3,inflation_cpi,2018,xgb_lag,-0.311210160390699,2.792283351389569
RWA-fed(KEN+TZA+UGA),2015,3,inflation_cpi,2018,xgb_typed,-0.311210160390699,2.792283351389569
RWA-fed(KEN+TZA+UGA),2015,3,inflation_cpi,2018,lgbm_blind,-0.311210160390699,7.637386279630133
RWA-fed(KEN+TZA+UGA),2015,3,inflation_cpi,2018,lgbm_lag,-0.311210160390699,2.792283351389569
RWA-fed(KEN+TZA+UGA),2015,3,inflation_cpi,2018,lgbm_typed,-0.311210160390699,2.792283351389569
RWA-fed(KEN+TZA+UGA),2015,3,inflation_cpi,2018,tft,-0.311210160390699,4.175767903463209
RWA-fed(KEN+TZA+UGA),2015,3,inflation_cpi,2018,tgcn,-0.311210160390699,
RWA-fed(KEN+TZA+UGA),2015,3,inflation_cpi,2018,persistence_scarcity,-0.311210160390699,2.839713002314909
RWA-fed(KEN+TZA+UGA),2015,3,inflation_cpi,2018,chronos_scarcity,-0.311210160390699,4.021036629812086
RWA-fed(KEN+TZA+UGA),2015,3,inflation_cpi,2018,gnn_scarcity,-0.311210160390699,8.442147736684644
RWA-fed(KEN+TZA+UGA),2015,5,inflation_cpi,2020,persistence,9.85039902274207,7.321896180817861
RWA-fed(KEN+TZA+UGA),2015,5,inflation_cpi,2020,arima,9.85039902274207,7.367572871407986
RWA-fed(KEN+TZA+UGA),2015,5,inflation_cpi,2020,chronos,9.85039902274207,6.783219342871465
RWA-fed(KEN+TZA+UGA),2015,5,inflation_cpi,2020,xgb_blind,9.85039902274207,5.779410367651739
RWA-fed(KEN+TZA+UGA),2015,5,inflation_cpi,2020,xgb_lag,9.85039902274207,7.367572871407986
RWA-fed(KEN+TZA+UGA),2015,5,inflation_cpi,2020,xgb_typed,9.85039902274207,7.367572871407986
RWA-fed(KEN+TZA+UGA),2015,5,inflation_cpi,2020,lgbm_blind,9.85039902274207,3.003100338877341
RWA-fed(KEN+TZA+UGA),2015,5,inflation_cpi,2020,lgbm_lag,9.85039902274207,7.367572871407986
RWA-fed(KEN+TZA+UGA),2015,5,inflation_cpi,2020,lgbm_typed,9.85039902274207,7.367572871407986
RWA-fed(KEN+TZA+UGA),2015,5,inflation_cpi,2020,tft,9.85039902274207,5.968316798849859
RWA-fed(KEN+TZA+UGA),2015,5,inflation_cpi,2020,tgcn,9.85039902274207,
RWA-fed(KEN+TZA+UGA),2015,5,inflation_cpi,2020,persistence_scarcity,9.85039902274207,7.321896180817861
RWA-fed(KEN+TZA+UGA),2015,5,inflation_cpi,2020,chronos_scarcity,9.85039902274207,6.783219342871465
RWA-fed(KEN+TZA+UGA),2015,5,inflation_cpi,2020,gnn_scarcity,9.85039902274207,1.5372219139774224
RWA-fed(KEN+TZA+UGA),2015,1,unemployment,2016,persistence,11.788,0.04299999999999926
RWA-fed(KEN+TZA+UGA),2015,1,unemployment,2016,arima,11.788,0.04180356556825515
RWA-fed(KEN+TZA+UGA),2015,1,unemployment,2016,chronos,11.788,0.05292140197753881
RWA-fed(KEN+TZA+UGA),2015,1,unemployment,2016,xgb_blind,11.788,0.020541084289551037
RWA-fed(KEN+TZA+UGA),2015,1,unemployment,2016,xgb_lag,11.788,0.04180356556825515
RWA-fed(KEN+TZA+UGA),2015,1,unemployment,2016,xgb_typed,11.788,0.04180356556825515
RWA-fed(KEN+TZA+UGA),2015,1,unemployment,2016,lgbm_blind,11.788,0.06535996246337916
RWA-fed(KEN+TZA+UGA),2015,1,unemployment,2016,lgbm_lag,11.788,0.04180356556825515
RWA-fed(KEN+TZA+UGA),2015,1,unemployment,2016,lgbm_typed,11.788,0.04180356556825515
RWA-fed(KEN+TZA+UGA),2015,1,unemployment,2016,tft,11.788,0.09008227539062474
RWA-fed(KEN+TZA+UGA),2015,1,unemployment,2016,tgcn,11.788,
RWA-fed(KEN+TZA+UGA),2015,1,unemployment,2016,persistence_scarcity,11.788,0.04299999999999926
RWA-fed(KEN+TZA+UGA),2015,1,unemployment,2016,chronos_scarcity,11.788,0.05292140197753881
RWA-fed(KEN+TZA+UGA),2015,1,unemployment,2016,gnn_scarcity,11.788,0.03141773986816432
RWA-fed(KEN+TZA+UGA),2015,3,unemployment,2018,persistence,10.759,1.0719999999999992
RWA-fed(KEN+TZA+UGA),2015,3,unemployment,2018,arima,10.759,1.0705174162748001
RWA-fed(KEN+TZA+UGA),2015,3,unemployment,2018,chronos,10.759,0.9527452621459958
RWA-fed(KEN+TZA+UGA),2015,3,unemployment,2018,xgb_blind,10.759,1.0487840805053708
RWA-fed(KEN+TZA+UGA),2015,3,unemployment,2018,xgb_lag,10.759,1.0705174162748001
RWA-fed(KEN+TZA+UGA),2015,3,unemployment,2018,xgb_typed,10.759,1.0705174162748001
RWA-fed(KEN+TZA+UGA),2015,3,unemployment,2018,lgbm_blind,10.759,0.9200000252101734
RWA-fed(KEN+TZA+UGA),2015,3,unemployment,2018,lgbm_lag,10.759,1.0705174162748001
RWA-fed(KEN+TZA+UGA),2015,3,unemployment,2018,lgbm_typed,10.759,1.0705174162748001
RWA-fed(KEN+TZA+UGA),2015,3,unemployment,2018,tft,10.759,1.1474521789550778
RWA-fed(KEN+TZA+UGA),2015,3,unemployment,2018,tgcn,10.759,
RWA-fed(KEN+TZA+UGA),2015,3,unemployment,2018,persistence_scarcity,10.759,1.0719999999999992
RWA-fed(KEN+TZA+UGA),2015,3,unemployment,2018,chronos_scarcity,10.759,0.9527452621459958
RWA-fed(KEN+TZA+UGA),2015,3,unemployment,2018,gnn_scarcity,10.759,1.008616271972656
RWA-fed(KEN+TZA+UGA),2015,5,unemployment,2020,persistence,11.829,0.0019999999999988916
RWA-fed(KEN+TZA+UGA),2015,5,unemployment,2020,arima,11.829,0.0005060382209993719
RWA-fed(KEN+TZA+UGA),2015,5,unemployment,2020,chronos,11.829,0.37560129547119203
RWA-fed(KEN+TZA+UGA),2015,5,unemployment,2020,xgb_blind,11.829,0.07176733398437563
RWA-fed(KEN+TZA+UGA),2015,5,unemployment,2020,xgb_lag,11.829,0.0005060382209993719
RWA-fed(KEN+TZA+UGA),2015,5,unemployment,2020,xgb_typed,11.829,0.0005060382209993719
RWA-fed(KEN+TZA+UGA),2015,5,unemployment,2020,lgbm_blind,11.829,0.19919043877011333
RWA-fed(KEN+TZA+UGA),2015,5,unemployment,2020,lgbm_lag,11.829,0.0005060382209993719
RWA-fed(KEN+TZA+UGA),2015,5,unemployment,2020,lgbm_typed,11.829,0.0005060382209993719
RWA-fed(KEN+TZA+UGA),2015,5,unemployment,2020,tft,11.829,0.12932824707031187
RWA-fed(KEN+TZA+UGA),2015,5,unemployment,2020,tgcn,11.829,
RWA-fed(KEN+TZA+UGA),2015,5,unemployment,2020,persistence_scarcity,11.829,0.0019999999999988916
RWA-fed(KEN+TZA+UGA),2015,5,unemployment,2020,chronos_scarcity,11.829,0.37560129547119203
RWA-fed(KEN+TZA+UGA),2015,5,unemployment,2020,gnn_scarcity,11.829,0.05071974182128969
RWA-fed(KEN+TZA+UGA),2015,1,exports_gdp,2016,persistence,15.4218031562888,2.1900163203271994
RWA-fed(KEN+TZA+UGA),2015,1,exports_gdp,2016,arima,15.4218031562888,2.0504830025419984
RWA-fed(KEN+TZA+UGA),2015,1,exports_gdp,2016,chronos,15.4218031562888,2.752657572182354
RWA-fed(KEN+TZA+UGA),2015,1,exports_gdp,2016,xgb_blind,15.4218031562888,1.9752852119528619
RWA-fed(KEN+TZA+UGA),2015,1,exports_gdp,2016,xgb_lag,15.4218031562888,2.0504830025419984
RWA-fed(KEN+TZA+UGA),2015,1,exports_gdp,2016,xgb_typed,15.4218031562888,2.0504830025419984
RWA-fed(KEN+TZA+UGA),2015,1,exports_gdp,2016,lgbm_blind,15.4218031562888,6.453577429207501
RWA-fed(KEN+TZA+UGA),2015,1,exports_gdp,2016,lgbm_lag,15.4218031562888,2.0504830025419984
RWA-fed(KEN+TZA+UGA),2015,1,exports_gdp,2016,lgbm_typed,15.4218031562888,2.0504830025419984
RWA-fed(KEN+TZA+UGA),2015,1,exports_gdp,2016,tft,15.4218031562888,1.9177805580221978
RWA-fed(KEN+TZA+UGA),2015,1,exports_gdp,2016,tgcn,15.4218031562888,
RWA-fed(KEN+TZA+UGA),2015,1,exports_gdp,2016,persistence_scarcity,15.4218031562888,2.1900163203271994
RWA-fed(KEN+TZA+UGA),2015,1,exports_gdp,2016,chronos_scarcity,15.4218031562888,2.752657572182354
RWA-fed(KEN+TZA+UGA),2015,1,exports_gdp,2016,gnn_scarcity,15.4218031562888,6.475191751869854
RWA-fed(KEN+TZA+UGA),2015,3,exports_gdp,2018,persistence,21.10801098862,7.8762241526583985
RWA-fed(KEN+TZA+UGA),2015,3,exports_gdp,2018,arima,21.10801098862,7.760563583415685
RWA-fed(KEN+TZA+UGA),2015,3,exports_gdp,2018,chronos,21.10801098862,8.600872736361698
RWA-fed(KEN+TZA+UGA),2015,3,exports_gdp,2018,xgb_blind,21.10801098862,8.13954995193787
RWA-fed(KEN+TZA+UGA),2015,3,exports_gdp,2018,xgb_lag,21.10801098862,7.760563583415685
RWA-fed(KEN+TZA+UGA),2015,3,exports_gdp,2018,xgb_typed,21.10801098862,7.760563583415685
RWA-fed(KEN+TZA+UGA),2015,3,exports_gdp,2018,lgbm_blind,21.10801098862,11.920157486429368
RWA-fed(KEN+TZA+UGA),2015,3,exports_gdp,2018,lgbm_lag,21.10801098862,7.760563583415685
RWA-fed(KEN+TZA+UGA),2015,3,exports_gdp,2018,lgbm_typed,21.10801098862,7.760563583415685
RWA-fed(KEN+TZA+UGA),2015,3,exports_gdp,2018,tft,21.10801098862,7.56783364334412
RWA-fed(KEN+TZA+UGA),2015,3,exports_gdp,2018,tgcn,21.10801098862,
RWA-fed(KEN+TZA+UGA),2015,3,exports_gdp,2018,persistence_scarcity,21.10801098862,7.8762241526583985
RWA-fed(KEN+TZA+UGA),2015,3,exports_gdp,2018,chronos_scarcity,21.10801098862,8.600872736361698
RWA-fed(KEN+TZA+UGA),2015,3,exports_gdp,2018,gnn_scarcity,21.10801098862,12.047380190280155
RWA-fed(KEN+TZA+UGA),2015,5,exports_gdp,2020,persistence,19.3259418342726,6.0941549983110015
RWA-fed(KEN+TZA+UGA),2015,5,exports_gdp,2020,arima,19.3259418342726,5.979640338282062
RWA-fed(KEN+TZA+UGA),2015,5,exports_gdp,2020,chronos,19.3259418342726,7.88806799394057
RWA-fed(KEN+TZA+UGA),2015,5,exports_gdp,2020,xgb_blind,19.3259418342726,7.132015976728656
RWA-fed(KEN+TZA+UGA),2015,5,exports_gdp,2020,xgb_lag,19.3259418342726,5.979640338282062
RWA-fed(KEN+TZA+UGA),2015,5,exports_gdp,2020,xgb_typed,19.3259418342726,5.979640338282062
RWA-fed(KEN+TZA+UGA),2015,5,exports_gdp,2020,lgbm_blind,19.3259418342726,9.809618086183583
RWA-fed(KEN+TZA+UGA),2015,5,exports_gdp,2020,lgbm_lag,19.3259418342726,5.979640338282062
RWA-fed(KEN+TZA+UGA),2015,5,exports_gdp,2020,lgbm_typed,19.3259418342726,5.979640338282062
RWA-fed(KEN+TZA+UGA),2015,5,exports_gdp,2020,tft,19.3259418342726,5.763128075422504
RWA-fed(KEN+TZA+UGA),2015,5,exports_gdp,2020,tgcn,19.3259418342726,
RWA-fed(KEN+TZA+UGA),2015,5,exports_gdp,2020,persistence_scarcity,19.3259418342726,6.0941549983110015
RWA-fed(KEN+TZA+UGA),2015,5,exports_gdp,2020,chronos_scarcity,19.3259418342726,7.88806799394057
RWA-fed(KEN+TZA+UGA),2015,5,exports_gdp,2020,gnn_scarcity,19.3259418342726,10.155111107649066
RWA-fed(KEN+TZA+UGA),2015,1,imports_gdp,2016,persistence,34.0631039507003,2.0929151707516027
RWA-fed(KEN+TZA+UGA),2015,1,imports_gdp,2016,arima,34.0631039507003,2.95677933547109
RWA-fed(KEN+TZA+UGA),2015,1,imports_gdp,2016,chronos,34.0631039507003,0.7930996782393649
RWA-fed(KEN+TZA+UGA),2015,1,imports_gdp,2016,xgb_blind,34.0631039507003,3.6458580858321383
RWA-fed(KEN+TZA+UGA),2015,1,imports_gdp,2016,xgb_lag,34.0631039507003,2.95677933547109
RWA-fed(KEN+TZA+UGA),2015,1,imports_gdp,2016,xgb_typed,34.0631039507003,2.95677933547109
RWA-fed(KEN+TZA+UGA),2015,1,imports_gdp,2016,lgbm_blind,34.0631039507003,8.111553734025499
RWA-fed(KEN+TZA+UGA),2015,1,imports_gdp,2016,lgbm_lag,34.0631039507003,2.95677933547109
RWA-fed(KEN+TZA+UGA),2015,1,imports_gdp,2016,lgbm_typed,34.0631039507003,2.95677933547109
RWA-fed(KEN+TZA+UGA),2015,1,imports_gdp,2016,tft,34.0631039507003,2.090384208479385
RWA-fed(KEN+TZA+UGA),2015,1,imports_gdp,2016,tgcn,34.0631039507003,
RWA-fed(KEN+TZA+UGA),2015,1,imports_gdp,2016,persistence_scarcity,34.0631039507003,2.0929151707516027
RWA-fed(KEN+TZA+UGA),2015,1,imports_gdp,2016,chronos_scarcity,34.0631039507003,0.7930996782393649
RWA-fed(KEN+TZA+UGA),2015,1,imports_gdp,2016,gnn_scarcity,34.0631039507003,8.262677467546006
RWA-fed(KEN+TZA+UGA),2015,3,imports_gdp,2018,persistence,34.6761153853403,2.7059266053916033
RWA-fed(KEN+TZA+UGA),2015,3,imports_gdp,2018,arima,34.6761153853403,3.3563266249041632
RWA-fed(KEN+TZA+UGA),2015,3,imports_gdp,2018,chronos,34.6761153853403,0.47155987386569365
RWA-fed(KEN+TZA+UGA),2015,3,imports_gdp,2018,xgb_blind,34.6761153853403,3.8454497969613968
RWA-fed(KEN+TZA+UGA),2015,3,imports_gdp,2018,xgb_lag,34.6761153853403,3.3563266249041632
RWA-fed(KEN+TZA+UGA),2015,3,imports_gdp,2018,xgb_typed,34.6761153853403,3.3563266249041632
RWA-fed(KEN+TZA+UGA),2015,3,imports_gdp,2018,lgbm_blind,34.6761153853403,8.046969804550987
RWA-fed(KEN+TZA+UGA),2015,3,imports_gdp,2018,lgbm_lag,34.6761153853403,3.3563266249041632
RWA-fed(KEN+TZA+UGA),2015,3,imports_gdp,2018,lgbm_typed,34.6761153853403,3.3563266249041632
RWA-fed(KEN+TZA+UGA),2015,3,imports_gdp,2018,tft,34.6761153853403,2.5847946488393845
RWA-fed(KEN+TZA+UGA),2015,3,imports_gdp,2018,tgcn,34.6761153853403,
RWA-fed(KEN+TZA+UGA),2015,3,imports_gdp,2018,persistence_scarcity,34.6761153853403,2.7059266053916033
RWA-fed(KEN+TZA+UGA),2015,3,imports_gdp,2018,chronos_scarcity,34.6761153853403,0.47155987386569365
RWA-fed(KEN+TZA+UGA),2015,3,imports_gdp,2018,gnn_scarcity,34.6761153853403,8.550875059412569
RWA-fed(KEN+TZA+UGA),2015,5,imports_gdp,2020,persistence,35.8620097177129,3.8918209377642015
RWA-fed(KEN+TZA+UGA),2015,5,imports_gdp,2020,arima,35.8620097177129,4.499724492028566
RWA-fed(KEN+TZA+UGA),2015,5,imports_gdp,2020,chronos,35.8620097177129,0.9098040597539168
RWA-fed(KEN+TZA+UGA),2015,5,imports_gdp,2020,xgb_blind,35.8620097177129,6.669007016907237
RWA-fed(KEN+TZA+UGA),2015,5,imports_gdp,2020,xgb_lag,35.8620097177129,4.499724492028566
RWA-fed(KEN+TZA+UGA),2015,5,imports_gdp,2020,xgb_typed,35.8620097177129,4.499724492028566
RWA-fed(KEN+TZA+UGA),2015,5,imports_gdp,2020,lgbm_blind,35.8620097177129,10.758507716631708
RWA-fed(KEN+TZA+UGA),2015,5,imports_gdp,2020,lgbm_lag,35.8620097177129,4.499724492028566
RWA-fed(KEN+TZA+UGA),2015,5,imports_gdp,2020,lgbm_typed,35.8620097177129,4.499724492028566
RWA-fed(KEN+TZA+UGA),2015,5,imports_gdp,2020,tft,35.8620097177129,1.4725277883906145
RWA-fed(KEN+TZA+UGA),2015,5,imports_gdp,2020,tgcn,35.8620097177129,
RWA-fed(KEN+TZA+UGA),2015,5,imports_gdp,2020,persistence_scarcity,35.8620097177129,3.8918209377642015
RWA-fed(KEN+TZA+UGA),2015,5,imports_gdp,2020,chronos_scarcity,35.8620097177129,0.9098040597539168
RWA-fed(KEN+TZA+UGA),2015,5,imports_gdp,2020,gnn_scarcity,35.8620097177129,9.422835065613292
RWA-fed(KEN+TZA+UGA),2015,1,current_account,2016,persistence,-15.305126232999,2.6213492940884997
RWA-fed(KEN+TZA+UGA),2015,1,current_account,2016,arima,-15.305126232999,3.0062368797067727
RWA-fed(KEN+TZA+UGA),2015,1,current_account,2016,chronos,-15.305126232999,2.7350626419955812
RWA-fed(KEN+TZA+UGA),2015,1,current_account,2016,xgb_blind,-15.305126232999,3.9805794190341555
RWA-fed(KEN+TZA+UGA),2015,1,current_account,2016,xgb_lag,-15.305126232999,3.0062368797067727
RWA-fed(KEN+TZA+UGA),2015,1,current_account,2016,xgb_typed,-15.305126232999,3.0062368797067727
RWA-fed(KEN+TZA+UGA),2015,1,current_account,2016,lgbm_blind,-15.305126232999,8.166883187192115
RWA-fed(KEN+TZA+UGA),2015,1,current_account,2016,lgbm_lag,-15.305126232999,3.0062368797067727
RWA-fed(KEN+TZA+UGA),2015,1,current_account,2016,lgbm_typed,-15.305126232999,3.0062368797067727
RWA-fed(KEN+TZA+UGA),2015,1,current_account,2016,tft,-15.305126232999,0.7139397095614992
RWA-fed(KEN+TZA+UGA),2015,1,current_account,2016,tgcn,-15.305126232999,
RWA-fed(KEN+TZA+UGA),2015,1,current_account,2016,persistence_scarcity,-15.305126232999,2.6213492940884997
RWA-fed(KEN+TZA+UGA),2015,1,current_account,2016,chronos_scarcity,-15.305126232999,2.7350626419955812
RWA-fed(KEN+TZA+UGA),2015,1,current_account,2016,gnn_scarcity,-15.305126232999,8.245096249478491
RWA-fed(KEN+TZA+UGA),2015,3,current_account,2018,persistence,-10.1142510894979,2.5695258494125994
RWA-fed(KEN+TZA+UGA),2015,3,current_account,2018,arima,-10.1142510894979,2.263439885631433
RWA-fed(KEN+TZA+UGA),2015,3,current_account,2018,chronos,-10.1142510894979,2.3515005584513187
RWA-fed(KEN+TZA+UGA),2015,3,current_account,2018,xgb_blind,-10.1142510894979,2.142380761698389
RWA-fed(KEN+TZA+UGA),2015,3,current_account,2018,xgb_lag,-10.1142510894979,2.263439885631433
RWA-fed(KEN+TZA+UGA),2015,3,current_account,2018,xgb_typed,-10.1142510894979,2.263439885631433
RWA-fed(KEN+TZA+UGA),2015,3,current_account,2018,lgbm_blind,-10.1142510894979,2.9219756068225964
RWA-fed(KEN+TZA+UGA),2015,3,current_account,2018,lgbm_lag,-10.1142510894979,2.263439885631433
RWA-fed(KEN+TZA+UGA),2015,3,current_account,2018,lgbm_typed,-10.1142510894979,2.263439885631433
RWA-fed(KEN+TZA+UGA),2015,3,current_account,2018,tft,-10.1142510894979,2.6466494079386234
RWA-fed(KEN+TZA+UGA),2015,3,current_account,2018,tgcn,-10.1142510894979,
RWA-fed(KEN+TZA+UGA),2015,3,current_account,2018,persistence_scarcity,-10.1142510894979,2.5695258494125994
RWA-fed(KEN+TZA+UGA),2015,3,current_account,2018,chronos_scarcity,-10.1142510894979,2.3515005584513187
RWA-fed(KEN+TZA+UGA),2015,3,current_account,2018,gnn_scarcity,-10.1142510894979,3.111898374959326
RWA-fed(KEN+TZA+UGA),2015,5,current_account,2020,persistence,-12.0648128308305,0.6189641080800001
RWA-fed(KEN+TZA+UGA),2015,5,current_account,2020,arima,-12.0648128308305,0.31938046814129883
RWA-fed(KEN+TZA+UGA),2015,5,current_account,2020,chronos,-12.0648128308305,0.2966221056929381
RWA-fed(KEN+TZA+UGA),2015,5,current_account,2020,xgb_blind,-12.0648128308305,2.8017074383744447
RWA-fed(KEN+TZA+UGA),2015,5,current_account,2020,xgb_lag,-12.0648128308305,0.31938046814129883
RWA-fed(KEN+TZA+UGA),2015,5,current_account,2020,xgb_typed,-12.0648128308305,0.31938046814129883
RWA-fed(KEN+TZA+UGA),2015,5,current_account,2020,lgbm_blind,-12.0648128308305,4.808213018549935
RWA-fed(KEN+TZA+UGA),2015,5,current_account,2020,lgbm_lag,-12.0648128308305,0.31938046814129883
RWA-fed(KEN+TZA+UGA),2015,5,current_account,2020,lgbm_typed,-12.0648128308305,0.31938046814129883
RWA-fed(KEN+TZA+UGA),2015,5,current_account,2020,tft,-12.0648128308305,0.27121812925250843
RWA-fed(KEN+TZA+UGA),2015,5,current_account,2020,tgcn,-12.0648128308305,
RWA-fed(KEN+TZA+UGA),2015,5,current_account,2020,persistence_scarcity,-12.0648128308305,0.6189641080800001
RWA-fed(KEN+TZA+UGA),2015,5,current_account,2020,chronos_scarcity,-12.0648128308305,0.2966221056929381
RWA-fed(KEN+TZA+UGA),2015,5,current_account,2020,gnn_scarcity,-12.0648128308305,5.11820524110882
RWA-fed(KEN+TZA+UGA),2015,1,real_interest_rate,2016,persistence,11.6743123556092,5.091621685381199
RWA-fed(KEN+TZA+UGA),2015,1,real_interest_rate,2016,arima,11.6743123556092,3.10650184176934
RWA-fed(KEN+TZA+UGA),2015,1,real_interest_rate,2016,chronos,11.6743123556092,3.7993299936339646
RWA-fed(KEN+TZA+UGA),2015,1,real_interest_rate,2016,xgb_blind,11.6743123556092,2.7615416025206834
RWA-fed(KEN+TZA+UGA),2015,1,real_interest_rate,2016,xgb_lag,11.6743123556092,3.10650184176934
RWA-fed(KEN+TZA+UGA),2015,1,real_interest_rate,2016,xgb_typed,11.6743123556092,3.10650184176934
RWA-fed(KEN+TZA+UGA),2015,1,real_interest_rate,2016,lgbm_blind,11.6743123556092,2.8487148643448563
RWA-fed(KEN+TZA+UGA),2015,1,real_interest_rate,2016,lgbm_lag,11.6743123556092,3.10650184176934
RWA-fed(KEN+TZA+UGA),2015,1,real_interest_rate,2016,lgbm_typed,11.6743123556092,3.10650184176934
RWA-fed(KEN+TZA+UGA),2015,1,real_interest_rate,2016,tft,11.6743123556092,6.788412330059746
RWA-fed(KEN+TZA+UGA),2015,1,real_interest_rate,2016,tgcn,11.6743123556092,
RWA-fed(KEN+TZA+UGA),2015,1,real_interest_rate,2016,persistence_scarcity,11.6743123556092,5.091621685381199
RWA-fed(KEN+TZA+UGA),2015,1,real_interest_rate,2016,chronos_scarcity,11.6743123556092,3.7993299936339646
RWA-fed(KEN+TZA+UGA),2015,1,real_interest_rate,2016,gnn_scarcity,11.6743123556092,2.7379062200501174
RWA-fed(KEN+TZA+UGA),2015,3,real_interest_rate,2018,persistence,17.656522610566,0.890588569575602
RWA-fed(KEN+TZA+UGA),2015,3,real_interest_rate,2018,arima,17.656522610566,2.3944117969894485
RWA-fed(KEN+TZA+UGA),2015,3,real_interest_rate,2018,chronos,17.656522610566,5.026325085541586
RWA-fed(KEN+TZA+UGA),2015,3,real_interest_rate,2018,xgb_blind,17.656522610566,5.854631283661703
RWA-fed(KEN+TZA+UGA),2015,3,real_interest_rate,2018,xgb_lag,17.656522610566,2.3944117969894485
RWA-fed(KEN+TZA+UGA),2015,3,real_interest_rate,2018,xgb_typed,17.656522610566,2.3944117969894485
RWA-fed(KEN+TZA+UGA),2015,3,real_interest_rate,2018,lgbm_blind,17.656522610566,8.638461392511601
RWA-fed(KEN+TZA+UGA),2015,3,real_interest_rate,2018,lgbm_lag,17.656522610566,2.3944117969894485
RWA-fed(KEN+TZA+UGA),2015,3,real_interest_rate,2018,lgbm_typed,17.656522610566,2.3944117969894485
RWA-fed(KEN+TZA+UGA),2015,3,real_interest_rate,2018,tft,17.656522610566,0.8557034941703279
RWA-fed(KEN+TZA+UGA),2015,3,real_interest_rate,2018,tgcn,17.656522610566,
RWA-fed(KEN+TZA+UGA),2015,3,real_interest_rate,2018,persistence_scarcity,17.656522610566,0.890588569575602
RWA-fed(KEN+TZA+UGA),2015,3,real_interest_rate,2018,chronos_scarcity,17.656522610566,5.026325085541586
RWA-fed(KEN+TZA+UGA),2015,3,real_interest_rate,2018,gnn_scarcity,17.656522610566,8.512045720002035
RWA-fed(KEN+TZA+UGA),2015,5,real_interest_rate,2020,persistence,9.02726772141586,7.738666319574538
RWA-fed(KEN+TZA+UGA),2015,5,real_interest_rate,2020,arima,9.02726772141586,6.316985787169369
RWA-fed(KEN+TZA+UGA),2015,5,real_interest_rate,2020,chronos,9.02726772141586,4.859336587666171
RWA-fed(KEN+TZA+UGA),2015,5,real_interest_rate,2020,xgb_blind,9.02726772141586,5.057207795857089
RWA-fed(KEN+TZA+UGA),2015,5,real_interest_rate,2020,xgb_lag,9.02726772141586,6.316985787169369
RWA-fed(KEN+TZA+UGA),2015,5,real_interest_rate,2020,xgb_typed,9.02726772141586,6.316985787169369
RWA-fed(KEN+TZA+UGA),2015,5,real_interest_rate,2020,lgbm_blind,9.02726772141586,0.21991698091241219
RWA-fed(KEN+TZA+UGA),2015,5,real_interest_rate,2020,lgbm_lag,9.02726772141586,6.316985787169369
RWA-fed(KEN+TZA+UGA),2015,5,real_interest_rate,2020,lgbm_typed,9.02726772141586,6.316985787169369
RWA-fed(KEN+TZA+UGA),2015,5,real_interest_rate,2020,tft,9.02726772141586,9.48672268080582
RWA-fed(KEN+TZA+UGA),2015,5,real_interest_rate,2020,tgcn,9.02726772141586,
RWA-fed(KEN+TZA+UGA),2015,5,real_interest_rate,2020,persistence_scarcity,9.02726772141586,7.738666319574538
RWA-fed(KEN+TZA+UGA),2015,5,real_interest_rate,2020,chronos_scarcity,9.02726772141586,4.859336587666171
RWA-fed(KEN+TZA+UGA),2015,5,real_interest_rate,2020,gnn_scarcity,9.02726772141586,0.31830951857437384
RWA-fed(KEN+TZA+UGA),2015,1,broad_money,2016,persistence,20.288049168884,0.5282063092960989
RWA-fed(KEN+TZA+UGA),2015,1,broad_money,2016,arima,20.288049168884,0.2099001947426551
RWA-fed(KEN+TZA+UGA),2015,1,broad_money,2016,chronos,20.288049168884,0.35362381488009476
RWA-fed(KEN+TZA+UGA),2015,1,broad_money,2016,xgb_blind,20.288049168884,1.6933092549435713
RWA-fed(KEN+TZA+UGA),2015,1,broad_money,2016,xgb_lag,20.288049168884,0.2039865925900557
RWA-fed(KEN+TZA+UGA),2015,1,broad_money,2016,xgb_typed,20.288049168884,0.20270866900607132
RWA-fed(KEN+TZA+UGA),2015,1,broad_money,2016,lgbm_blind,20.288049168884,4.39415279894992
RWA-fed(KEN+TZA+UGA),2015,1,broad_money,2016,lgbm_lag,20.288049168884,4.39415279894992
RWA-fed(KEN+TZA+UGA),2015,1,broad_money,2016,lgbm_typed,20.288049168884,4.39415279894992
RWA-fed(KEN+TZA+UGA),2015,1,broad_money,2016,tft,20.288049168884,5.069654993713655
RWA-fed(KEN+TZA+UGA),2015,1,broad_money,2016,tgcn,20.288049168884,
RWA-fed(KEN+TZA+UGA),2015,1,broad_money,2016,persistence_scarcity,20.288049168884,1.8778270091786062
RWA-fed(KEN+TZA+UGA),2015,1,broad_money,2016,chronos_scarcity,20.288049168884,1.911031961336743
RWA-fed(KEN+TZA+UGA),2015,1,broad_money,2016,gnn_scarcity,20.288049168884,0.8906884714968584
RWA-fed(KEN+TZA+UGA),2015,3,broad_money,2018,persistence,21.7307882385639,0.9145327603837998
RWA-fed(KEN+TZA+UGA),2015,3,broad_money,2018,arima,21.7307882385639,1.1878297561481759
RWA-fed(KEN+TZA+UGA),2015,3,broad_money,2018,chronos,21.7307882385639,2.7843694763568685
RWA-fed(KEN+TZA+UGA),2015,3,broad_money,2018,xgb_blind,21.7307882385639,2.6438436584857747
RWA-fed(KEN+TZA+UGA),2015,3,broad_money,2018,xgb_lag,21.7307882385639,1.5243825989154622
RWA-fed(KEN+TZA+UGA),2015,3,broad_money,2018,xgb_typed,21.7307882385639,1.5237093048480794
RWA-fed(KEN+TZA+UGA),2015,3,broad_money,2018,lgbm_blind,21.7307882385639,5.666287927417287
RWA-fed(KEN+TZA+UGA),2015,3,broad_money,2018,lgbm_lag,21.7307882385639,5.666287927417287
RWA-fed(KEN+TZA+UGA),2015,3,broad_money,2018,lgbm_typed,21.7307882385639,5.666287927417287
RWA-fed(KEN+TZA+UGA),2015,3,broad_money,2018,tft,21.7307882385639,5.100222579917546
RWA-fed(KEN+TZA+UGA),2015,3,broad_money,2018,tgcn,21.7307882385639,
RWA-fed(KEN+TZA+UGA),2015,3,broad_money,2018,persistence_scarcity,21.7307882385639,1.8040968382337539
RWA-fed(KEN+TZA+UGA),2015,3,broad_money,2018,chronos_scarcity,21.7307882385639,5.924391678603065
RWA-fed(KEN+TZA+UGA),2015,3,broad_money,2018,gnn_scarcity,21.7307882385639,0.9857835692974284
RWA-fed(KEN+TZA+UGA),2015,5,broad_money,2020,persistence,25.1477472790838,4.331491800903699
RWA-fed(KEN+TZA+UGA),2015,5,broad_money,2020,arima,25.1477472790838,4.603481016686061
RWA-fed(KEN+TZA+UGA),2015,5,broad_money,2020,chronos,25.1477472790838,6.433792353546689
RWA-fed(KEN+TZA+UGA),2015,5,broad_money,2020,xgb_blind,25.1477472790838,6.344877482330869
RWA-fed(KEN+TZA+UGA),2015,5,broad_money,2020,xgb_lag,25.1477472790838,7.429657221710752
RWA-fed(KEN+TZA+UGA),2015,5,broad_money,2020,xgb_typed,25.1477472790838,7.318538905060361
RWA-fed(KEN+TZA+UGA),2015,5,broad_money,2020,lgbm_blind,25.1477472790838,9.268001704859236
RWA-fed(KEN+TZA+UGA),2015,5,broad_money,2020,lgbm_lag,25.1477472790838,9.268001704859236
RWA-fed(KEN+TZA+UGA),2015,5,broad_money,2020,lgbm_typed,25.1477472790838,9.268001704859236
RWA-fed(KEN+TZA+UGA),2015,5,broad_money,2020,tft,25.1477472790838,1.909263371550967
RWA-fed(KEN+TZA+UGA),2015,5,broad_money,2020,tgcn,25.1477472790838,
RWA-fed(KEN+TZA+UGA),2015,5,broad_money,2020,persistence_scarcity,25.1477472790838,2.154892059921643
RWA-fed(KEN+TZA+UGA),2015,5,broad_money,2020,chronos_scarcity,25.1477472790838,4.094133799819296
RWA-fed(KEN+TZA+UGA),2015,5,broad_money,2020,gnn_scarcity,25.1477472790838,3.9715006360173923
RWA-fed(KEN+TZA+UGA),2015,1,private_credit,2016,persistence,20.4751724214641,0.5245354818630972
RWA-fed(KEN+TZA+UGA),2015,1,private_credit,2016,arima,20.4751724214641,1.0232435337353039
RWA-fed(KEN+TZA+UGA),2015,1,private_credit,2016,chronos,20.4751724214641,0.7215782194050391
RWA-fed(KEN+TZA+UGA),2015,1,private_credit,2016,xgb_blind,20.4751724214641,2.9809936494914453
RWA-fed(KEN+TZA+UGA),2015,1,private_credit,2016,xgb_lag,20.4751724214641,1.8627170534221094
RWA-fed(KEN+TZA+UGA),2015,1,private_credit,2016,xgb_typed,20.4751724214641,0.6942771883098047
RWA-fed(KEN+TZA+UGA),2015,1,private_credit,2016,lgbm_blind,20.4751724214641,9.777962796219962
RWA-fed(KEN+TZA+UGA),2015,1,private_credit,2016,lgbm_lag,20.4751724214641,9.777962796219962
RWA-fed(KEN+TZA+UGA),2015,1,private_credit,2016,lgbm_typed,20.4751724214641,9.777962796219962
RWA-fed(KEN+TZA+UGA),2015,1,private_credit,2016,tft,20.4751724214641,1.5076881437214453
RWA-fed(KEN+TZA+UGA),2015,1,private_credit,2016,tgcn,20.4751724214641,
RWA-fed(KEN+TZA+UGA),2015,1,private_credit,2016,persistence_scarcity,20.4751724214641,3.2951584505368032
RWA-fed(KEN+TZA+UGA),2015,1,private_credit,2016,chronos_scarcity,20.4751724214641,12.059861938069872
RWA-fed(KEN+TZA+UGA),2015,1,private_credit,2016,gnn_scarcity,20.4751724214641,3.284281155594961
RWA-fed(KEN+TZA+UGA),2015,3,private_credit,2018,persistence,21.3998848838406,0.40017698051340034
RWA-fed(KEN+TZA+UGA),2015,3,private_credit,2018,arima,21.3998848838406,0.18327313891804664
RWA-fed(KEN+TZA+UGA),2015,3,private_credit,2018,chronos,21.3998848838406,0.16445702739528656
RWA-fed(KEN+TZA+UGA),2015,3,private_credit,2018,xgb_blind,21.3998848838406,1.378095333059349
RWA-fed(KEN+TZA+UGA),2015,3,private_credit,2018,xgb_lag,21.3998848838406,12.385128681142845
RWA-fed(KEN+TZA+UGA),2015,3,private_credit,2018,xgb_typed,21.3998848838406,1.5577771110134506
RWA-fed(KEN+TZA+UGA),2015,3,private_credit,2018,lgbm_blind,21.3998848838406,10.241824892916261
RWA-fed(KEN+TZA+UGA),2015,3,private_credit,2018,lgbm_lag,21.3998848838406,10.241824892916261
RWA-fed(KEN+TZA+UGA),2015,3,private_credit,2018,lgbm_typed,21.3998848838406,10.241824892916261
RWA-fed(KEN+TZA+UGA),2015,3,private_credit,2018,tft,21.3998848838406,0.6511977272433853
RWA-fed(KEN+TZA+UGA),2015,3,private_credit,2018,tgcn,21.3998848838406,
RWA-fed(KEN+TZA+UGA),2015,3,private_credit,2018,persistence_scarcity,21.3998848838406,3.97570135353201
RWA-fed(KEN+TZA+UGA),2015,3,private_credit,2018,chronos_scarcity,21.3998848838406,6.813207586474363
RWA-fed(KEN+TZA+UGA),2015,3,private_credit,2018,gnn_scarcity,21.3998848838406,6.154730503042259
RWA-fed(KEN+TZA+UGA),2015,5,private_credit,2020,persistence,25.0510689076079,4.0513610042807
RWA-fed(KEN+TZA+UGA),2015,5,private_credit,2020,arima,25.0510689076079,3.466054322996083
RWA-fed(KEN+TZA+UGA),2015,5,private_credit,2020,chronos,25.0510689076079,3.892999297012196
RWA-fed(KEN+TZA+UGA),2015,5,private_credit,2020,xgb_blind,25.0510689076079,8.81853259168993
RWA-fed(KEN+TZA+UGA),2015,5,private_credit,2020,xgb_lag,25.0510689076079,15.920141821731434
RWA-fed(KEN+TZA+UGA),2015,5,private_credit,2020,xgb_typed,25.0510689076079,8.470872526992665
RWA-fed(KEN+TZA+UGA),2015,5,private_credit,2020,lgbm_blind,25.0510689076079,13.602309124725934
RWA-fed(KEN+TZA+UGA),2015,5,private_credit,2020,lgbm_lag,25.0510689076079,13.602309124725934
RWA-fed(KEN+TZA+UGA),2015,5,private_credit,2020,lgbm_typed,25.0510689076079,13.602309124725934
RWA-fed(KEN+TZA+UGA),2015,5,private_credit,2020,tft,25.0510689076079,2.9978309925688365
RWA-fed(KEN+TZA+UGA),2015,5,private_credit,2020,tgcn,25.0510689076079,
RWA-fed(KEN+TZA+UGA),2015,5,private_credit,2020,persistence_scarcity,25.0510689076079,0.09892646448577835
RWA-fed(KEN+TZA+UGA),2015,5,private_credit,2020,chronos_scarcity,25.0510689076079,12.992998813726706
RWA-fed(KEN+TZA+UGA),2015,5,private_credit,2020,gnn_scarcity,25.0510689076079,12.58672106825243
RWA-fed(KEN+TZA+UGA),2015,1,govt_consumption,2016,persistence,15.0678995077858,1.2181115154645
RWA-fed(KEN+TZA+UGA),2015,1,govt_consumption,2016,arima,15.0678995077858,1.2531181473366377
RWA-fed(KEN+TZA+UGA),2015,1,govt_consumption,2016,chronos,15.0678995077858,1.1506650870094326
RWA-fed(KEN+TZA+UGA),2015,1,govt_consumption,2016,xgb_blind,15.0678995077858,0.8150136893043545
RWA-fed(KEN+TZA+UGA),2015,1,govt_consumption,2016,xgb_lag,15.0678995077858,1.2531181473366377
RWA-fed(KEN+TZA+UGA),2015,1,govt_consumption,2016,xgb_typed,15.0678995077858,1.2531181473366377
RWA-fed(KEN+TZA+UGA),2015,1,govt_consumption,2016,lgbm_blind,15.0678995077858,1.321260446811678
RWA-fed(KEN+TZA+UGA),2015,1,govt_consumption,2016,lgbm_lag,15.0678995077858,1.2531181473366377
RWA-fed(KEN+TZA+UGA),2015,1,govt_consumption,2016,lgbm_typed,15.0678995077858,1.2531181473366377
RWA-fed(KEN+TZA+UGA),2015,1,govt_consumption,2016,tft,15.0678995077858,1.0243261282691982
RWA-fed(KEN+TZA+UGA),2015,1,govt_consumption,2016,tgcn,15.0678995077858,
RWA-fed(KEN+TZA+UGA),2015,1,govt_consumption,2016,persistence_scarcity,15.0678995077858,1.2181115154645
RWA-fed(KEN+TZA+UGA),2015,1,govt_consumption,2016,chronos_scarcity,15.0678995077858,1.1506650870094326
RWA-fed(KEN+TZA+UGA),2015,1,govt_consumption,2016,gnn_scarcity,15.0678995077858,1.3790653174171474
RWA-fed(KEN+TZA+UGA),2015,3,govt_consumption,2018,persistence,14.7476601788797,0.8978721865584003
RWA-fed(KEN+TZA+UGA),2015,3,govt_consumption,2018,arima,14.7476601788797,0.9359480199915975
RWA-fed(KEN+TZA+UGA),2015,3,govt_consumption,2018,chronos,14.7476601788797,1.3791356274880986
RWA-fed(KEN+TZA+UGA),2015,3,govt_consumption,2018,xgb_blind,14.7476601788797,0.6056924054422002
RWA-fed(KEN+TZA+UGA),2015,3,govt_consumption,2018,xgb_lag,14.7476601788797,0.9359480199915975
RWA-fed(KEN+TZA+UGA),2015,3,govt_consumption,2018,xgb_typed,14.7476601788797,0.9359480199915975
RWA-fed(KEN+TZA+UGA),2015,3,govt_consumption,2018,lgbm_blind,14.7476601788797,0.9594610443847529
RWA-fed(KEN+TZA+UGA),2015,3,govt_consumption,2018,lgbm_lag,14.7476601788797,0.9359480199915975
RWA-fed(KEN+TZA+UGA),2015,3,govt_consumption,2018,lgbm_typed,14.7476601788797,0.9359480199915975
RWA-fed(KEN+TZA+UGA),2015,3,govt_consumption,2018,tft,14.7476601788797,0.699606437424622
RWA-fed(KEN+TZA+UGA),2015,3,govt_consumption,2018,tgcn,14.7476601788797,
RWA-fed(KEN+TZA+UGA),2015,3,govt_consumption,2018,persistence_scarcity,14.7476601788797,0.8978721865584003
RWA-fed(KEN+TZA+UGA),2015,3,govt_consumption,2018,chronos_scarcity,14.7476601788797,1.3791356274880986
RWA-fed(KEN+TZA+UGA),2015,3,govt_consumption,2018,gnn_scarcity,14.7476601788797,0.9729438016213994
RWA-fed(KEN+TZA+UGA),2015,5,govt_consumption,2020,persistence,16.383453875618,2.533665883296699
RWA-fed(KEN+TZA+UGA),2015,5,govt_consumption,2020,arima,16.383453875618,2.571761902506646
RWA-fed(KEN+TZA+UGA),2015,5,govt_consumption,2020,chronos,16.383453875618,3.9627003966140926
RWA-fed(KEN+TZA+UGA),2015,5,govt_consumption,2020,xgb_blind,16.383453875618,2.832336932258624
RWA-fed(KEN+TZA+UGA),2015,5,govt_consumption,2020,xgb_lag,16.383453875618,2.571761902506646
RWA-fed(KEN+TZA+UGA),2015,5,govt_consumption,2020,xgb_typed,16.383453875618,2.571761902506646
RWA-fed(KEN+TZA+UGA),2015,5,govt_consumption,2020,lgbm_blind,16.383453875618,2.4976245404507047
RWA-fed(KEN+TZA+UGA),2015,5,govt_consumption,2020,lgbm_lag,16.383453875618,2.571761902506646
RWA-fed(KEN+TZA+UGA),2015,5,govt_consumption,2020,lgbm_typed,16.383453875618,2.571761902506646
RWA-fed(KEN+TZA+UGA),2015,5,govt_consumption,2020,tft,16.383453875618,2.3351960478592098
RWA-fed(KEN+TZA+UGA),2015,5,govt_consumption,2020,tgcn,16.383453875618,
RWA-fed(KEN+TZA+UGA),2015,5,govt_consumption,2020,persistence_scarcity,16.383453875618,2.533665883296699
RWA-fed(KEN+TZA+UGA),2015,5,govt_consumption,2020,chronos_scarcity,16.383453875618,3.9627003966140926
RWA-fed(KEN+TZA+UGA),2015,5,govt_consumption,2020,gnn_scarcity,16.383453875618,2.525731593208331
RWA-fed(KEN+TZA+UGA),2016,1,gdp_growth,2017,persistence,3.91817093628465,2.05257431802629
RWA-fed(KEN+TZA+UGA),2016,1,gdp_growth,2017,arima,3.91817093628465,3.4812645988108533
RWA-fed(KEN+TZA+UGA),2016,1,gdp_growth,2017,chronos,3.91817093628465,2.2531537936347834
RWA-fed(KEN+TZA+UGA),2016,1,gdp_growth,2017,xgb_blind,3.91817093628465,4.854476921381366
RWA-fed(KEN+TZA+UGA),2016,1,gdp_growth,2017,xgb_lag,3.91817093628465,3.4812645988108533
RWA-fed(KEN+TZA+UGA),2016,1,gdp_growth,2017,xgb_typed,3.91817093628465,3.4812645988108533
RWA-fed(KEN+TZA+UGA),2016,1,gdp_growth,2017,lgbm_blind,3.91817093628465,1.9674522986842686
RWA-fed(KEN+TZA+UGA),2016,1,gdp_growth,2017,lgbm_lag,3.91817093628465,3.4812645988108533
RWA-fed(KEN+TZA+UGA),2016,1,gdp_growth,2017,lgbm_typed,3.91817093628465,3.4812645988108533
RWA-fed(KEN+TZA+UGA),2016,1,gdp_growth,2017,tft,3.91817093628465,3.6334476397651545
RWA-fed(KEN+TZA+UGA),2016,1,gdp_growth,2017,tgcn,3.91817093628465,
RWA-fed(KEN+TZA+UGA),2016,1,gdp_growth,2017,persistence_scarcity,3.91817093628465,2.05257431802629
RWA-fed(KEN+TZA+UGA),2016,1,gdp_growth,2017,chronos_scarcity,3.91817093628465,2.2531537936347834
RWA-fed(KEN+TZA+UGA),2016,1,gdp_growth,2017,gnn_scarcity,3.91817093628465,2.263270370783221
RWA-fed(KEN+TZA+UGA),2016,3,gdp_growth,2019,persistence,9.44738518613097,3.4766399318200305
RWA-fed(KEN+TZA+UGA),2016,3,gdp_growth,2019,arima,9.44738518613097,2.405086828271645
RWA-fed(KEN+TZA+UGA),2016,3,gdp_growth,2019,chronos,9.44738518613097,3.313688153202504
RWA-fed(KEN+TZA+UGA),2016,3,gdp_growth,2019,xgb_blind,9.44738518613097,2.2247217835735977
RWA-fed(KEN+TZA+UGA),2016,3,gdp_growth,2019,xgb_lag,9.44738518613097,2.405086828271645
RWA-fed(KEN+TZA+UGA),2016,3,gdp_growth,2019,xgb_typed,9.44738518613097,2.405086828271645
RWA-fed(KEN+TZA+UGA),2016,3,gdp_growth,2019,lgbm_blind,9.44738518613097,3.2112244011711777
RWA-fed(KEN+TZA+UGA),2016,3,gdp_growth,2019,lgbm_lag,9.44738518613097,2.405086828271645
RWA-fed(KEN+TZA+UGA),2016,3,gdp_growth,2019,lgbm_typed,9.44738518613097,2.405086828271645
RWA-fed(KEN+TZA+UGA),2016,3,gdp_growth,2019,tft,9.44738518613097,1.9009994210552872
RWA-fed(KEN+TZA+UGA),2016,3,gdp_growth,2019,tgcn,9.44738518613097,
RWA-fed(KEN+TZA+UGA),2016,3,gdp_growth,2019,persistence_scarcity,9.44738518613097,3.4766399318200305
RWA-fed(KEN+TZA+UGA),2016,3,gdp_growth,2019,chronos_scarcity,9.44738518613097,3.313688153202504
RWA-fed(KEN+TZA+UGA),2016,3,gdp_growth,2019,gnn_scarcity,9.44738518613097,2.5335401238751114
RWA-fed(KEN+TZA+UGA),2016,5,gdp_growth,2021,persistence,10.8584320184896,4.887686764178659
RWA-fed(KEN+TZA+UGA),2016,5,gdp_growth,2021,arima,10.8584320184896,3.9036492415245263
RWA-fed(KEN+TZA+UGA),2016,5,gdp_growth,2021,chronos,10.8584320184896,4.273174965114356
RWA-fed(KEN+TZA+UGA),2016,5,gdp_growth,2021,xgb_blind,10.8584320184896,3.3319494363973146
RWA-fed(KEN+TZA+UGA),2016,5,gdp_growth,2021,xgb_lag,10.8584320184896,3.9036492415245263
RWA-fed(KEN+TZA+UGA),2016,5,gdp_growth,2021,xgb_typed,10.8584320184896,3.9036492415245263
RWA-fed(KEN+TZA+UGA),2016,5,gdp_growth,2021,lgbm_blind,10.8584320184896,1.4027676113663805
RWA-fed(KEN+TZA+UGA),2016,5,gdp_growth,2021,lgbm_lag,10.8584320184896,3.9036492415245263
RWA-fed(KEN+TZA+UGA),2016,5,gdp_growth,2021,lgbm_typed,10.8584320184896,3.9036492415245263
RWA-fed(KEN+TZA+UGA),2016,5,gdp_growth,2021,tft,10.8584320184896,3.315254890651465
RWA-fed(KEN+TZA+UGA),2016,5,gdp_growth,2021,tgcn,10.8584320184896,
RWA-fed(KEN+TZA+UGA),2016,5,gdp_growth,2021,persistence_scarcity,10.8584320184896,4.887686764178659
RWA-fed(KEN+TZA+UGA),2016,5,gdp_growth,2021,chronos_scarcity,10.8584320184896,4.273174965114356
RWA-fed(KEN+TZA+UGA),2016,5,gdp_growth,2021,gnn_scarcity,10.8584320184896,3.9828755495259767
RWA-fed(KEN+TZA+UGA),2016,1,inflation_cpi,2017,persistence,8.27953672260832,1.1051937027882301
RWA-fed(KEN+TZA+UGA),2016,1,inflation_cpi,2017,arima,8.27953672260832,2.74235489306505
RWA-fed(KEN+TZA+UGA),2016,1,inflation_cpi,2017,chronos,8.27953672260832,0.6253447517831248
RWA-fed(KEN+TZA+UGA),2016,1,inflation_cpi,2017,xgb_blind,8.27953672260832,5.04885315746855
RWA-fed(KEN+TZA+UGA),2016,1,inflation_cpi,2017,xgb_lag,8.27953672260832,2.74235489306505
RWA-fed(KEN+TZA+UGA),2016,1,inflation_cpi,2017,xgb_typed,8.27953672260832,2.74235489306505
RWA-fed(KEN+TZA+UGA),2016,1,inflation_cpi,2017,lgbm_blind,8.27953672260832,0.3997686312827433
RWA-fed(KEN+TZA+UGA),2016,1,inflation_cpi,2017,lgbm_lag,8.27953672260832,2.74235489306505
RWA-fed(KEN+TZA+UGA),2016,1,inflation_cpi,2017,lgbm_typed,8.27953672260832,2.74235489306505
RWA-fed(KEN+TZA+UGA),2016,1,inflation_cpi,2017,tft,8.27953672260832,3.618065355725996
RWA-fed(KEN+TZA+UGA),2016,1,inflation_cpi,2017,tgcn,8.27953672260832,
RWA-fed(KEN+TZA+UGA),2016,1,inflation_cpi,2017,persistence_scarcity,8.27953672260832,1.1051937027882301
RWA-fed(KEN+TZA+UGA),2016,1,inflation_cpi,2017,chronos_scarcity,8.27953672260832,0.6253447517831248
RWA-fed(KEN+TZA+UGA),2016,1,inflation_cpi,2017,gnn_scarcity,8.27953672260832,0.3063378319222849
RWA-fed(KEN+TZA+UGA),2016,3,inflation_cpi,2019,persistence,3.34787655037648,3.82646646944361
RWA-fed(KEN+TZA+UGA),2016,3,inflation_cpi,2019,arima,3.34787655037648,2.562925354618309
RWA-fed(KEN+TZA+UGA),2016,3,inflation_cpi,2019,chronos,3.34787655037648,4.742863653480942
RWA-fed(KEN+TZA+UGA),2016,3,inflation_cpi,2019,xgb_blind,3.34787655037648,2.487912653267319
RWA-fed(KEN+TZA+UGA),2016,3,inflation_cpi,2019,xgb_lag,3.34787655037648,2.562925354618309
RWA-fed(KEN+TZA+UGA),2016,3,inflation_cpi,2019,xgb_typed,3.34787655037648,2.562925354618309
RWA-fed(KEN+TZA+UGA),2016,3,inflation_cpi,2019,lgbm_blind,3.34787655037648,3.9719731934417633
RWA-fed(KEN+TZA+UGA),2016,3,inflation_cpi,2019,lgbm_lag,3.34787655037648,2.562925354618309
RWA-fed(KEN+TZA+UGA),2016,3,inflation_cpi,2019,lgbm_typed,3.34787655037648,2.562925354618309
RWA-fed(KEN+TZA+UGA),2016,3,inflation_cpi,2019,tft,3.34787655037648,1.3129587157368015
RWA-fed(KEN+TZA+UGA),2016,3,inflation_cpi,2019,tgcn,3.34787655037648,
RWA-fed(KEN+TZA+UGA),2016,3,inflation_cpi,2019,persistence_scarcity,3.34787655037648,3.82646646944361
RWA-fed(KEN+TZA+UGA),2016,3,inflation_cpi,2019,chronos_scarcity,3.34787655037648,4.742863653480942
RWA-fed(KEN+TZA+UGA),2016,3,inflation_cpi,2019,gnn_scarcity,3.34787655037648,4.905134199440415
RWA-fed(KEN+TZA+UGA),2016,5,inflation_cpi,2021,persistence,-0.391346748300791,7.565689768120881
RWA-fed(KEN+TZA+UGA),2016,5,inflation_cpi,2021,arima,-0.391346748300791,6.348545082211668
RWA-fed(KEN+TZA+UGA),2016,5,inflation_cpi,2021,chronos,-0.391346748300791,7.463467891641855
RWA-fed(KEN+TZA+UGA),2016,5,inflation_cpi,2021,xgb_blind,-0.391346748300791,6.810260589548349
RWA-fed(KEN+TZA+UGA),2016,5,inflation_cpi,2021,xgb_lag,-0.391346748300791,6.348545082211668
RWA-fed(KEN+TZA+UGA),2016,5,inflation_cpi,2021,xgb_typed,-0.391346748300791,6.348545082211668
RWA-fed(KEN+TZA+UGA),2016,5,inflation_cpi,2021,lgbm_blind,-0.391346748300791,7.253511087859436
RWA-fed(KEN+TZA+UGA),2016,5,inflation_cpi,2021,lgbm_lag,-0.391346748300791,6.348545082211668
RWA-fed(KEN+TZA+UGA),2016,5,inflation_cpi,2021,lgbm_typed,-0.391346748300791,6.348545082211668
RWA-fed(KEN+TZA+UGA),2016,5,inflation_cpi,2021,tft,-0.391346748300791,5.051690872141123
RWA-fed(KEN+TZA+UGA),2016,5,inflation_cpi,2021,tgcn,-0.391346748300791,
RWA-fed(KEN+TZA+UGA),2016,5,inflation_cpi,2021,persistence_scarcity,-0.391346748300791,7.565689768120881
RWA-fed(KEN+TZA+UGA),2016,5,inflation_cpi,2021,chronos_scarcity,-0.391346748300791,7.463467891641855
RWA-fed(KEN+TZA+UGA),2016,5,inflation_cpi,2021,gnn_scarcity,-0.391346748300791,8.629730041452646
RWA-fed(KEN+TZA+UGA),2016,1,unemployment,2017,persistence,11.875,0.08699999999999974
RWA-fed(KEN+TZA+UGA),2016,1,unemployment,2017,arima,11.875,0.09559784906718605
RWA-fed(KEN+TZA+UGA),2016,1,unemployment,2017,chronos,11.875,0.0755777359008789
RWA-fed(KEN+TZA+UGA),2016,1,unemployment,2017,xgb_blind,11.875,0.05029296875
RWA-fed(KEN+TZA+UGA),2016,1,unemployment,2017,xgb_lag,11.875,0.09559784906718605
RWA-fed(KEN+TZA+UGA),2016,1,unemployment,2017,xgb_typed,11.875,0.09559784906718605
RWA-fed(KEN+TZA+UGA),2016,1,unemployment,2017,lgbm_blind,11.875,0.14984611364511302
RWA-fed(KEN+TZA+UGA),2016,1,unemployment,2017,lgbm_lag,11.875,0.09559784906718605
RWA-fed(KEN+TZA+UGA),2016,1,unemployment,2017,lgbm_typed,11.875,0.09559784906718605
RWA-fed(KEN+TZA+UGA),2016,1,unemployment,2017,tft,11.875,0.07368755340576172
RWA-fed(KEN+TZA+UGA),2016,1,unemployment,2017,tgcn,11.875,
RWA-fed(KEN+TZA+UGA),2016,1,unemployment,2017,persistence_scarcity,11.875,0.08699999999999974
RWA-fed(KEN+TZA+UGA),2016,1,unemployment,2017,chronos_scarcity,11.875,0.0755777359008789
RWA-fed(KEN+TZA+UGA),2016,1,unemployment,2017,gnn_scarcity,11.875,0.1137847900390625
RWA-fed(KEN+TZA+UGA),2016,3,unemployment,2019,persistence,11.236,0.5519999999999996
RWA-fed(KEN+TZA+UGA),2016,3,unemployment,2019,arima,11.236,0.541339269245734
RWA-fed(KEN+TZA+UGA),2016,3,unemployment,2019,chronos,11.236,0.3481026306152337
RWA-fed(KEN+TZA+UGA),2016,3,unemployment,2019,xgb_blind,11.236,0.5098982467651361
RWA-fed(KEN+TZA+UGA),2016,3,unemployment,2019,xgb_lag,11.236,0.541339269245734
RWA-fed(KEN+TZA+UGA),2016,3,unemployment,2019,xgb_typed,11.236,0.541339269245734
RWA-fed(KEN+TZA+UGA),2016,3,unemployment,2019,lgbm_blind,11.236,0.4475416952768949
RWA-fed(KEN+TZA+UGA),2016,3,unemployment,2019,lgbm_lag,11.236,0.541339269245734
RWA-fed(KEN+TZA+UGA),2016,3,unemployment,2019,lgbm_typed,11.236,0.541339269245734
RWA-fed(KEN+TZA+UGA),2016,3,unemployment,2019,tft,11.236,0.5657864227294915
RWA-fed(KEN+TZA+UGA),2016,3,unemployment,2019,tgcn,11.236,
RWA-fed(KEN+TZA+UGA),2016,3,unemployment,2019,persistence_scarcity,11.236,0.5519999999999996
RWA-fed(KEN+TZA+UGA),2016,3,unemployment,2019,chronos_scarcity,11.236,0.3481026306152337
RWA-fed(KEN+TZA+UGA),2016,3,unemployment,2019,gnn_scarcity,11.236,0.5415907516479486
RWA-fed(KEN+TZA+UGA),2016,5,unemployment,2021,persistence,15.775,3.987
RWA-fed(KEN+TZA+UGA),2016,5,unemployment,2021,arima,15.775,3.9977432047513766
RWA-fed(KEN+TZA+UGA),2016,5,unemployment,2021,chronos,15.775,4.4062236785888675
RWA-fed(KEN+TZA+UGA),2016,5,unemployment,2021,xgb_blind,15.775,4.000997924804688
RWA-fed(KEN+TZA+UGA),2016,5,unemployment,2021,xgb_lag,15.775,3.9977432047513766
RWA-fed(KEN+TZA+UGA),2016,5,unemployment,2021,xgb_typed,15.775,3.9977432047513766
RWA-fed(KEN+TZA+UGA),2016,5,unemployment,2021,lgbm_blind,15.775,4.137999959425493
RWA-fed(KEN+TZA+UGA),2016,5,unemployment,2021,lgbm_lag,15.775,3.9977432047513766
RWA-fed(KEN+TZA+UGA),2016,5,unemployment,2021,lgbm_typed,15.775,3.9977432047513766
RWA-fed(KEN+TZA+UGA),2016,5,unemployment,2021,tft,15.775,3.973419570922852
RWA-fed(KEN+TZA+UGA),2016,5,unemployment,2021,tgcn,15.775,
RWA-fed(KEN+TZA+UGA),2016,5,unemployment,2021,persistence_scarcity,15.775,3.987
RWA-fed(KEN+TZA+UGA),2016,5,unemployment,2021,chronos_scarcity,15.775,4.4062236785888675
RWA-fed(KEN+TZA+UGA),2016,5,unemployment,2021,gnn_scarcity,15.775,3.9982646942138675
RWA-fed(KEN+TZA+UGA),2016,1,exports_gdp,2017,persistence,20.5283808772972,5.106577721008399
RWA-fed(KEN+TZA+UGA),2016,1,exports_gdp,2017,arima,20.5283808772972,5.639824286185922
RWA-fed(KEN+TZA+UGA),2016,1,exports_gdp,2017,chronos,20.5283808772972,5.878314501564777
RWA-fed(KEN+TZA+UGA),2016,1,exports_gdp,2017,xgb_blind,20.5283808772972,7.1234002178123355
RWA-fed(KEN+TZA+UGA),2016,1,exports_gdp,2017,xgb_lag,20.5283808772972,5.639824286185922
RWA-fed(KEN+TZA+UGA),2016,1,exports_gdp,2017,xgb_typed,20.5283808772972,5.639824286185922
RWA-fed(KEN+TZA+UGA),2016,1,exports_gdp,2017,lgbm_blind,20.5283808772972,11.311940621471862
RWA-fed(KEN+TZA+UGA),2016,1,exports_gdp,2017,lgbm_lag,20.5283808772972,5.639824286185922
RWA-fed(KEN+TZA+UGA),2016,1,exports_gdp,2017,lgbm_typed,20.5283808772972,5.639824286185922
RWA-fed(KEN+TZA+UGA),2016,1,exports_gdp,2017,tft,20.5283808772972,5.30341292075423
RWA-fed(KEN+TZA+UGA),2016,1,exports_gdp,2017,tgcn,20.5283808772972,
RWA-fed(KEN+TZA+UGA),2016,1,exports_gdp,2017,persistence_scarcity,20.5283808772972,5.106577721008399
RWA-fed(KEN+TZA+UGA),2016,1,exports_gdp,2017,chronos_scarcity,20.5283808772972,5.878314501564777
RWA-fed(KEN+TZA+UGA),2016,1,exports_gdp,2017,gnn_scarcity,20.5283808772972,11.294840342324054
RWA-fed(KEN+TZA+UGA),2016,3,exports_gdp,2019,persistence,21.8254435390056,6.403640382716802
RWA-fed(KEN+TZA+UGA),2016,3,exports_gdp,2019,arima,21.8254435390056,6.838661597075172
RWA-fed(KEN+TZA+UGA),2016,3,exports_gdp,2019,chronos,21.8254435390056,7.3418562739909525
RWA-fed(KEN+TZA+UGA),2016,3,exports_gdp,2019,xgb_blind,21.8254435390056,7.858215603214585
RWA-fed(KEN+TZA+UGA),2016,3,exports_gdp,2019,xgb_lag,21.8254435390056,6.838661597075172
RWA-fed(KEN+TZA+UGA),2016,3,exports_gdp,2019,xgb_typed,21.8254435390056,6.838661597075172
RWA-fed(KEN+TZA+UGA),2016,3,exports_gdp,2019,lgbm_blind,21.8254435390056,12.377842121305152
RWA-fed(KEN+TZA+UGA),2016,3,exports_gdp,2019,lgbm_lag,21.8254435390056,6.838661597075172
RWA-fed(KEN+TZA+UGA),2016,3,exports_gdp,2019,lgbm_typed,21.8254435390056,6.838661597075172
RWA-fed(KEN+TZA+UGA),2016,3,exports_gdp,2019,tft,21.8254435390056,5.442339214664781
RWA-fed(KEN+TZA+UGA),2016,3,exports_gdp,2019,tgcn,21.8254435390056,
RWA-fed(KEN+TZA+UGA),2016,3,exports_gdp,2019,persistence_scarcity,21.8254435390056,6.403640382716802
RWA-fed(KEN+TZA+UGA),2016,3,exports_gdp,2019,chronos_scarcity,21.8254435390056,7.3418562739909525
RWA-fed(KEN+TZA+UGA),2016,3,exports_gdp,2019,gnn_scarcity,21.8254435390056,12.409001621586167
RWA-fed(KEN+TZA+UGA),2016,5,exports_gdp,2021,persistence,19.502494693488,4.0806915371992005
RWA-fed(KEN+TZA+UGA),2016,5,exports_gdp,2021,arima,19.502494693488,4.509889238958094
RWA-fed(KEN+TZA+UGA),2016,5,exports_gdp,2021,chronos,19.502494693488,4.885724902838586
RWA-fed(KEN+TZA+UGA),2016,5,exports_gdp,2021,xgb_blind,19.502494693488,6.225959659308312
RWA-fed(KEN+TZA+UGA),2016,5,exports_gdp,2021,xgb_lag,19.502494693488,4.509889238958094
RWA-fed(KEN+TZA+UGA),2016,5,exports_gdp,2021,xgb_typed,19.502494693488,4.509889238958094
RWA-fed(KEN+TZA+UGA),2016,5,exports_gdp,2021,lgbm_blind,19.502494693488,9.717740048747288
RWA-fed(KEN+TZA+UGA),2016,5,exports_gdp,2021,lgbm_lag,19.502494693488,4.509889238958094
RWA-fed(KEN+TZA+UGA),2016,5,exports_gdp,2021,lgbm_typed,19.502494693488,4.509889238958094
RWA-fed(KEN+TZA+UGA),2016,5,exports_gdp,2021,tft,19.502494693488,2.8183382756413202
RWA-fed(KEN+TZA+UGA),2016,5,exports_gdp,2021,tgcn,19.502494693488,
RWA-fed(KEN+TZA+UGA),2016,5,exports_gdp,2021,persistence_scarcity,19.502494693488,4.0806915371992005
RWA-fed(KEN+TZA+UGA),2016,5,exports_gdp,2021,chronos_scarcity,19.502494693488,4.885724902838586
RWA-fed(KEN+TZA+UGA),2016,5,exports_gdp,2021,gnn_scarcity,19.502494693488,10.095615268439172
RWA-fed(KEN+TZA+UGA),2016,1,imports_gdp,2017,persistence,33.1468865404281,0.9162174102722034
RWA-fed(KEN+TZA+UGA),2016,1,imports_gdp,2017,arima,33.1468865404281,0.015624288976411549
RWA-fed(KEN+TZA+UGA),2016,1,imports_gdp,2017,chronos,33.1468865404281,1.5780661573258072
RWA-fed(KEN+TZA+UGA),2016,1,imports_gdp,2017,xgb_blind,33.1468865404281,2.510217381492552
RWA-fed(KEN+TZA+UGA),2016,1,imports_gdp,2017,xgb_lag,33.1468865404281,0.015624288976411549
RWA-fed(KEN+TZA+UGA),2016,1,imports_gdp,2017,xgb_typed,33.1468865404281,0.015624288976411549
RWA-fed(KEN+TZA+UGA),2016,1,imports_gdp,2017,lgbm_blind,33.1468865404281,6.883353535080481
RWA-fed(KEN+TZA+UGA),2016,1,imports_gdp,2017,lgbm_lag,33.1468865404281,0.015624288976411549
RWA-fed(KEN+TZA+UGA),2016,1,imports_gdp,2017,lgbm_typed,33.1468865404281,0.015624288976411549
RWA-fed(KEN+TZA+UGA),2016,1,imports_gdp,2017,tft,33.1468865404281,3.144850062355104
RWA-fed(KEN+TZA+UGA),2016,1,imports_gdp,2017,tgcn,33.1468865404281,
RWA-fed(KEN+TZA+UGA),2016,1,imports_gdp,2017,persistence_scarcity,33.1468865404281,0.9162174102722034
RWA-fed(KEN+TZA+UGA),2016,1,imports_gdp,2017,chronos_scarcity,33.1468865404281,1.5780661573258072
RWA-fed(KEN+TZA+UGA),2016,1,imports_gdp,2017,gnn_scarcity,33.1468865404281,6.9315087328109115
RWA-fed(KEN+TZA+UGA),2016,3,imports_gdp,2019,persistence,36.1502193247898,2.0871153740894997
RWA-fed(KEN+TZA+UGA),2016,3,imports_gdp,2019,arima,36.1502193247898,2.7887913055835085
RWA-fed(KEN+TZA+UGA),2016,3,imports_gdp,2019,chronos,36.1502193247898,0.1006053721530833
RWA-fed(KEN+TZA+UGA),2016,3,imports_gdp,2019,xgb_blind,36.1502193247898,4.2086662089450755
RWA-fed(KEN+TZA+UGA),2016,3,imports_gdp,2019,xgb_lag,36.1502193247898,2.7887913055835085
RWA-fed(KEN+TZA+UGA),2016,3,imports_gdp,2019,xgb_typed,36.1502193247898,2.7887913055835085
RWA-fed(KEN+TZA+UGA),2016,3,imports_gdp,2019,lgbm_blind,36.1502193247898,9.211325529776374
RWA-fed(KEN+TZA+UGA),2016,3,imports_gdp,2019,lgbm_lag,36.1502193247898,2.7887913055835085
RWA-fed(KEN+TZA+UGA),2016,3,imports_gdp,2019,lgbm_typed,36.1502193247898,2.7887913055835085
RWA-fed(KEN+TZA+UGA),2016,3,imports_gdp,2019,tft,36.1502193247898,3.9201275074855886
RWA-fed(KEN+TZA+UGA),2016,3,imports_gdp,2019,tgcn,36.1502193247898,
RWA-fed(KEN+TZA+UGA),2016,3,imports_gdp,2019,persistence_scarcity,36.1502193247898,2.0871153740894997
RWA-fed(KEN+TZA+UGA),2016,3,imports_gdp,2019,chronos_scarcity,36.1502193247898,0.1006053721530833
RWA-fed(KEN+TZA+UGA),2016,3,imports_gdp,2019,gnn_scarcity,36.1502193247898,9.444511774740974
RWA-fed(KEN+TZA+UGA),2016,5,imports_gdp,2021,persistence,34.7913371528487,0.7282332021483953
RWA-fed(KEN+TZA+UGA),2016,5,imports_gdp,2021,arima,34.7913371528487,1.384282149694961
RWA-fed(KEN+TZA+UGA),2016,5,imports_gdp,2021,chronos,34.7913371528487,0.5013264213700523
RWA-fed(KEN+TZA+UGA),2016,5,imports_gdp,2021,xgb_blind,34.7913371528487,5.626921793351627
RWA-fed(KEN+TZA+UGA),2016,5,imports_gdp,2021,xgb_lag,34.7913371528487,1.384282149694961
RWA-fed(KEN+TZA+UGA),2016,5,imports_gdp,2021,xgb_typed,34.7913371528487,1.384282149694961
RWA-fed(KEN+TZA+UGA),2016,5,imports_gdp,2021,lgbm_blind,34.7913371528487,9.280580573536287
RWA-fed(KEN+TZA+UGA),2016,5,imports_gdp,2021,lgbm_lag,34.7913371528487,1.384282149694961
RWA-fed(KEN+TZA+UGA),2016,5,imports_gdp,2021,lgbm_typed,34.7913371528487,1.384282149694961
RWA-fed(KEN+TZA+UGA),2016,5,imports_gdp,2021,tft,34.7913371528487,5.396448949446224
RWA-fed(KEN+TZA+UGA),2016,5,imports_gdp,2021,tgcn,34.7913371528487,
RWA-fed(KEN+TZA+UGA),2016,5,imports_gdp,2021,persistence_scarcity,34.7913371528487,0.7282332021483953
RWA-fed(KEN+TZA+UGA),2016,5,imports_gdp,2021,chronos_scarcity,34.7913371528487,0.5013264213700523
RWA-fed(KEN+TZA+UGA),2016,5,imports_gdp,2021,gnn_scarcity,34.7913371528487,8.111262461076237
RWA-fed(KEN+TZA+UGA),2016,1,current_account,2017,persistence,-9.46048176908828,5.8446444639107185
RWA-fed(KEN+TZA+UGA),2016,1,current_account,2017,arima,-9.46048176908828,5.441356599680198
RWA-fed(KEN+TZA+UGA),2016,1,current_account,2017,chronos,-9.46048176908828,7.126033657547461
RWA-fed(KEN+TZA+UGA),2016,1,current_account,2017,xgb_blind,-9.46048176908828,2.8240507779087896
RWA-fed(KEN+TZA+UGA),2016,1,current_account,2017,xgb_lag,-9.46048176908828,5.441356599680198
RWA-fed(KEN+TZA+UGA),2016,1,current_account,2017,xgb_typed,-9.46048176908828,5.441356599680198
RWA-fed(KEN+TZA+UGA),2016,1,current_account,2017,lgbm_blind,-9.46048176908828,2.0081278331129857
RWA-fed(KEN+TZA+UGA),2016,1,current_account,2017,lgbm_lag,-9.46048176908828,5.441356599680198
RWA-fed(KEN+TZA+UGA),2016,1,current_account,2017,lgbm_typed,-9.46048176908828,5.441356599680198
RWA-fed(KEN+TZA+UGA),2016,1,current_account,2017,tft,-9.46048176908828,6.809516781326758
RWA-fed(KEN+TZA+UGA),2016,1,current_account,2017,tgcn,-9.46048176908828,
RWA-fed(KEN+TZA+UGA),2016,1,current_account,2017,persistence_scarcity,-9.46048176908828,5.8446444639107185
RWA-fed(KEN+TZA+UGA),2016,1,current_account,2017,chronos_scarcity,-9.46048176908828,7.126033657547461
RWA-fed(KEN+TZA+UGA),2016,1,current_account,2017,gnn_scarcity,-9.46048176908828,2.142921573165429
RWA-fed(KEN+TZA+UGA),2016,3,current_account,2019,persistence,-11.8932238048423,3.411902428156699
RWA-fed(KEN+TZA+UGA),2016,3,current_account,2019,arima,-11.8932238048423,3.0611139334381363
RWA-fed(KEN+TZA+UGA),2016,3,current_account,2019,chronos,-11.8932238048423,4.666098552335434
RWA-fed(KEN+TZA+UGA),2016,3,current_account,2019,xgb_blind,-11.8932238048423,1.1780690723549654
RWA-fed(KEN+TZA+UGA),2016,3,current_account,2019,xgb_lag,-11.8932238048423,3.0611139334381363
RWA-fed(KEN+TZA+UGA),2016,3,current_account,2019,xgb_typed,-11.8932238048423,3.0611139334381363
RWA-fed(KEN+TZA+UGA),2016,3,current_account,2019,lgbm_blind,-11.8932238048423,4.3629128760207365
RWA-fed(KEN+TZA+UGA),2016,3,current_account,2019,lgbm_lag,-11.8932238048423,3.0611139334381363
RWA-fed(KEN+TZA+UGA),2016,3,current_account,2019,lgbm_typed,-11.8932238048423,3.0611139334381363
RWA-fed(KEN+TZA+UGA),2016,3,current_account,2019,tft,-11.8932238048423,3.436357455838852
RWA-fed(KEN+TZA+UGA),2016,3,current_account,2019,tgcn,-11.8932238048423,
RWA-fed(KEN+TZA+UGA),2016,3,current_account,2019,persistence_scarcity,-11.8932238048423,3.411902428156699
RWA-fed(KEN+TZA+UGA),2016,3,current_account,2019,chronos_scarcity,-11.8932238048423,4.666098552335434
RWA-fed(KEN+TZA+UGA),2016,3,current_account,2019,gnn_scarcity,-11.8932238048423,4.697369140993423
RWA-fed(KEN+TZA+UGA),2016,5,current_account,2021,persistence,-10.9152624610396,4.3898637719594
RWA-fed(KEN+TZA+UGA),2016,5,current_account,2021,arima,-10.9152624610396,4.040317886558167
RWA-fed(KEN+TZA+UGA),2016,5,current_account,2021,chronos,-10.9152624610396,3.985408544209424
RWA-fed(KEN+TZA+UGA),2016,5,current_account,2021,xgb_blind,-10.9152624610396,0.3722445961503418
RWA-fed(KEN+TZA+UGA),2016,5,current_account,2021,xgb_lag,-10.9152624610396,4.040317886558167
RWA-fed(KEN+TZA+UGA),2016,5,current_account,2021,xgb_typed,-10.9152624610396,4.040317886558167
RWA-fed(KEN+TZA+UGA),2016,5,current_account,2021,lgbm_blind,-10.9152624610396,3.2928205406724453
RWA-fed(KEN+TZA+UGA),2016,5,current_account,2021,lgbm_lag,-10.9152624610396,4.040317886558167
RWA-fed(KEN+TZA+UGA),2016,5,current_account,2021,lgbm_typed,-10.9152624610396,4.040317886558167
RWA-fed(KEN+TZA+UGA),2016,5,current_account,2021,tft,-10.9152624610396,3.4827716347245605
RWA-fed(KEN+TZA+UGA),2016,5,current_account,2021,tgcn,-10.9152624610396,
RWA-fed(KEN+TZA+UGA),2016,5,current_account,2021,persistence_scarcity,-10.9152624610396,4.3898637719594
RWA-fed(KEN+TZA+UGA),2016,5,current_account,2021,chronos_scarcity,-10.9152624610396,3.985408544209424
RWA-fed(KEN+TZA+UGA),2016,5,current_account,2021,gnn_scarcity,-10.9152624610396,3.7130453589888184
RWA-fed(KEN+TZA+UGA),2016,1,real_interest_rate,2017,persistence,8.32839190737934,3.34592044822986
RWA-fed(KEN+TZA+UGA),2016,1,real_interest_rate,2017,arima,8.32839190737934,5.502532615976817
RWA-fed(KEN+TZA+UGA),2016,1,real_interest_rate,2017,chronos,8.32839190737934,3.7041569970396058
RWA-fed(KEN+TZA+UGA),2016,1,real_interest_rate,2017,xgb_blind,8.32839190737934,4.418804290130426
RWA-fed(KEN+TZA+UGA),2016,1,real_interest_rate,2017,xgb_lag,8.32839190737934,5.502532615976817
RWA-fed(KEN+TZA+UGA),2016,1,real_interest_rate,2017,xgb_typed,8.32839190737934,5.502532615976817
RWA-fed(KEN+TZA+UGA),2016,1,real_interest_rate,2017,lgbm_blind,8.32839190737934,0.6067715492807118
RWA-fed(KEN+TZA+UGA),2016,1,real_interest_rate,2017,lgbm_lag,8.32839190737934,5.502532615976817
RWA-fed(KEN+TZA+UGA),2016,1,real_interest_rate,2017,lgbm_typed,8.32839190737934,5.502532615976817
RWA-fed(KEN+TZA+UGA),2016,1,real_interest_rate,2017,tft,8.32839190737934,5.757593276336481
RWA-fed(KEN+TZA+UGA),2016,1,real_interest_rate,2017,tgcn,8.32839190737934,
RWA-fed(KEN+TZA+UGA),2016,1,real_interest_rate,2017,persistence_scarcity,8.32839190737934,3.34592044822986
RWA-fed(KEN+TZA+UGA),2016,1,real_interest_rate,2017,chronos_scarcity,8.32839190737934,3.7041569970396058
RWA-fed(KEN+TZA+UGA),2016,1,real_interest_rate,2017,gnn_scarcity,8.32839190737934,0.7760278008726136
RWA-fed(KEN+TZA+UGA),2016,3,real_interest_rate,2019,persistence,13.717350611345,2.0430382557358
RWA-fed(KEN+TZA+UGA),2016,3,real_interest_rate,2019,arima,13.717350611345,0.4129782027333153
RWA-fed(KEN+TZA+UGA),2016,3,real_interest_rate,2019,chronos,13.717350611345,1.818492540971464
RWA-fed(KEN+TZA+UGA),2016,3,real_interest_rate,2019,xgb_blind,13.717350611345,2.763999590532011
RWA-fed(KEN+TZA+UGA),2016,3,real_interest_rate,2019,xgb_lag,13.717350611345,0.4129782027333153
RWA-fed(KEN+TZA+UGA),2016,3,real_interest_rate,2019,xgb_typed,13.717350611345,0.4129782027333153
RWA-fed(KEN+TZA+UGA),2016,3,real_interest_rate,2019,lgbm_blind,13.717350611345,4.58861225272817
RWA-fed(KEN+TZA+UGA),2016,3,real_interest_rate,2019,lgbm_lag,13.717350611345,0.4129782027333153
RWA-fed(KEN+TZA+UGA),2016,3,real_interest_rate,2019,lgbm_typed,13.717350611345,0.4129782027333153
RWA-fed(KEN+TZA+UGA),2016,3,real_interest_rate,2019,tft,13.717350611345,0.47211586509543046
RWA-fed(KEN+TZA+UGA),2016,3,real_interest_rate,2019,tgcn,13.717350611345,
RWA-fed(KEN+TZA+UGA),2016,3,real_interest_rate,2019,persistence_scarcity,13.717350611345,2.0430382557358
RWA-fed(KEN+TZA+UGA),2016,3,real_interest_rate,2019,chronos_scarcity,13.717350611345,1.818492540971464
RWA-fed(KEN+TZA+UGA),2016,3,real_interest_rate,2019,gnn_scarcity,13.717350611345,4.302683481828398
RWA-fed(KEN+TZA+UGA),2016,5,real_interest_rate,2021,persistence,12.8518758011187,1.1775634455095005
RWA-fed(KEN+TZA+UGA),2016,5,real_interest_rate,2021,arima,12.8518758011187,0.35803111159729895
RWA-fed(KEN+TZA+UGA),2016,5,real_interest_rate,2021,chronos,12.8518758011187,1.0867171478594226
RWA-fed(KEN+TZA+UGA),2016,5,real_interest_rate,2021,xgb_blind,12.8518758011187,2.2441573334062976
RWA-fed(KEN+TZA+UGA),2016,5,real_interest_rate,2021,xgb_lag,12.8518758011187,0.35803111159729895
RWA-fed(KEN+TZA+UGA),2016,5,real_interest_rate,2021,xgb_typed,12.8518758011187,0.35803111159729895
RWA-fed(KEN+TZA+UGA),2016,5,real_interest_rate,2021,lgbm_blind,12.8518758011187,3.494367103825679
RWA-fed(KEN+TZA+UGA),2016,5,real_interest_rate,2021,lgbm_lag,12.8518758011187,0.35803111159729895
RWA-fed(KEN+TZA+UGA),2016,5,real_interest_rate,2021,lgbm_typed,12.8518758011187,0.35803111159729895
RWA-fed(KEN+TZA+UGA),2016,5,real_interest_rate,2021,tft,12.8518758011187,1.4068703460370617
RWA-fed(KEN+TZA+UGA),2016,5,real_interest_rate,2021,tgcn,12.8518758011187,
RWA-fed(KEN+TZA+UGA),2016,5,real_interest_rate,2021,persistence_scarcity,12.8518758011187,1.1775634455095005
RWA-fed(KEN+TZA+UGA),2016,5,real_interest_rate,2021,chronos_scarcity,12.8518758011187,1.0867171478594226
RWA-fed(KEN+TZA+UGA),2016,5,real_interest_rate,2021,gnn_scarcity,12.8518758011187,3.453426857026903
RWA-fed(KEN+TZA+UGA),2016,1,broad_money,2017,persistence,19.7081417149906,0.5799074538934015
RWA-fed(KEN+TZA+UGA),2016,1,broad_money,2017,arima,19.7081417149906,0.6717066564746297
RWA-fed(KEN+TZA+UGA),2016,1,broad_money,2017,chronos,19.7081417149906,0.19786223703576766
RWA-fed(KEN+TZA+UGA),2016,1,broad_money,2017,xgb_blind,19.7081417149906,0.3608936375980214
RWA-fed(KEN+TZA+UGA),2016,1,broad_money,2017,xgb_lag,19.7081417149906,0.4996848993892833
RWA-fed(KEN+TZA+UGA),2016,1,broad_money,2017,xgb_typed,19.7081417149906,0.4796329432125255
RWA-fed(KEN+TZA+UGA),2016,1,broad_money,2017,lgbm_blind,19.7081417149906,3.645239447827983
RWA-fed(KEN+TZA+UGA),2016,1,broad_money,2017,lgbm_lag,19.7081417149906,3.645239447827983
RWA-fed(KEN+TZA+UGA),2016,1,broad_money,2017,lgbm_typed,19.7081417149906,3.645239447827983
RWA-fed(KEN+TZA+UGA),2016,1,broad_money,2017,tft,19.7081417149906,1.6351982050533458
RWA-fed(KEN+TZA+UGA),2016,1,broad_money,2017,tgcn,19.7081417149906,
RWA-fed(KEN+TZA+UGA),2016,1,broad_money,2017,persistence_scarcity,19.7081417149906,1.4613214501130365
RWA-fed(KEN+TZA+UGA),2016,1,broad_money,2017,chronos_scarcity,19.7081417149906,1.9027156670385708
RWA-fed(KEN+TZA+UGA),2016,1,broad_money,2017,gnn_scarcity,19.7081417149906,1.183850853979127
RWA-fed(KEN+TZA+UGA),2016,3,broad_money,2019,persistence,21.3544486905459,1.0663995216619
RWA-fed(KEN+TZA+UGA),2016,3,broad_money,2019,arima,21.3544486905459,0.9877817471115584
RWA-fed(KEN+TZA+UGA),2016,3,broad_money,2019,chronos,21.3544486905459,1.5071605588320338
RWA-fed(KEN+TZA+UGA),2016,3,broad_money,2019,xgb_blind,21.3544486905459,2.6909603024843776
RWA-fed(KEN+TZA+UGA),2016,3,broad_money,2019,xgb_lag,21.3544486905459,1.1351379300478541
RWA-fed(KEN+TZA+UGA),2016,3,broad_money,2019,xgb_typed,21.3544486905459,1.1191619778994166
RWA-fed(KEN+TZA+UGA),2016,3,broad_money,2019,lgbm_blind,21.3544486905459,5.113967154952231
RWA-fed(KEN+TZA+UGA),2016,3,broad_money,2019,lgbm_lag,21.3544486905459,5.113967154952231
RWA-fed(KEN+TZA+UGA),2016,3,broad_money,2019,lgbm_typed,21.3544486905459,5.113967154952231
RWA-fed(KEN+TZA+UGA),2016,3,broad_money,2019,tft,21.3544486905459,0.9966007326718724
RWA-fed(KEN+TZA+UGA),2016,3,broad_money,2019,tgcn,21.3544486905459,
RWA-fed(KEN+TZA+UGA),2016,3,broad_money,2019,persistence_scarcity,21.3544486905459,1.6838713218439594
RWA-fed(KEN+TZA+UGA),2016,3,broad_money,2019,chronos_scarcity,21.3544486905459,1.0722325792413372
RWA-fed(KEN+TZA+UGA),2016,3,broad_money,2019,gnn_scarcity,21.3544486905459,0.6475387667294896
RWA-fed(KEN+TZA+UGA),2016,5,broad_money,2021,persistence,26.0617481878019,5.773699018917899
RWA-fed(KEN+TZA+UGA),2016,5,broad_money,2021,arima,26.0617481878019,5.69547938189158
RWA-fed(KEN+TZA+UGA),2016,5,broad_money,2021,chronos,26.0617481878019,6.390622775814595
RWA-fed(KEN+TZA+UGA),2016,5,broad_money,2021,xgb_blind,26.0617481878019,7.494453113339009
RWA-fed(KEN+TZA+UGA),2016,5,broad_money,2021,xgb_lag,26.0617481878019,7.633117358944478
RWA-fed(KEN+TZA+UGA),2016,5,broad_money,2021,xgb_typed,26.0617481878019,7.986222903988423
RWA-fed(KEN+TZA+UGA),2016,5,broad_money,2021,lgbm_blind,26.0617481878019,9.981625153411365
RWA-fed(KEN+TZA+UGA),2016,5,broad_money,2021,lgbm_lag,26.0617481878019,9.981625153411365
RWA-fed(KEN+TZA+UGA),2016,5,broad_money,2021,lgbm_typed,26.0617481878019,9.981625153411365
RWA-fed(KEN+TZA+UGA),2016,5,broad_money,2021,tft,26.0617481878019,2.981525104305806
RWA-fed(KEN+TZA+UGA),2016,5,broad_money,2021,tgcn,26.0617481878019,
RWA-fed(KEN+TZA+UGA),2016,5,broad_money,2021,persistence_scarcity,26.0617481878019,3.570902321301322
RWA-fed(KEN+TZA+UGA),2016,5,broad_money,2021,chronos_scarcity,26.0617481878019,7.620772831135454
RWA-fed(KEN+TZA+UGA),2016,5,broad_money,2021,gnn_scarcity,26.0617481878019,4.487537067196431
RWA-fed(KEN+TZA+UGA),2016,1,private_credit,2017,persistence,20.5944112008927,0.11923877942859917
RWA-fed(KEN+TZA+UGA),2016,1,private_credit,2017,arima,20.5944112008927,0.16473915152642604
RWA-fed(KEN+TZA+UGA),2016,1,private_credit,2017,chronos,20.5944112008927,0.4205830758927007
RWA-fed(KEN+TZA+UGA),2016,1,private_credit,2017,xgb_blind,20.5944112008927,2.9911301797745367
RWA-fed(KEN+TZA+UGA),2016,1,private_credit,2017,xgb_lag,20.5944112008927,0.6012255483748774
RWA-fed(KEN+TZA+UGA),2016,1,private_credit,2017,xgb_typed,20.5944112008927,0.3585847085831304
RWA-fed(KEN+TZA+UGA),2016,1,private_credit,2017,lgbm_blind,20.5944112008927,9.521126098048462
RWA-fed(KEN+TZA+UGA),2016,1,private_credit,2017,lgbm_lag,20.5944112008927,9.521126098048462
RWA-fed(KEN+TZA+UGA),2016,1,private_credit,2017,lgbm_typed,20.5944112008927,9.521126098048462
RWA-fed(KEN+TZA+UGA),2016,1,private_credit,2017,tft,20.5944112008927,1.5427805715682368
RWA-fed(KEN+TZA+UGA),2016,1,private_credit,2017,tgcn,20.5944112008927,
RWA-fed(KEN+TZA+UGA),2016,1,private_credit,2017,persistence_scarcity,20.5944112008927,2.2148898388117573
RWA-fed(KEN+TZA+UGA),2016,1,private_credit,2017,chronos_scarcity,20.5944112008927,5.209938031507072
RWA-fed(KEN+TZA+UGA),2016,1,private_credit,2017,gnn_scarcity,20.5944112008927,0.8428166574356695
RWA-fed(KEN+TZA+UGA),2016,3,private_credit,2019,persistence,21.4605470851456,0.9853746636814975
RWA-fed(KEN+TZA+UGA),2016,3,private_credit,2019,arima,21.4605470851456,1.0351642953310503
RWA-fed(KEN+TZA+UGA),2016,3,private_credit,2019,chronos,21.4605470851456,0.9264742091690366
RWA-fed(KEN+TZA+UGA),2016,3,private_credit,2019,xgb_blind,21.4605470851456,1.3012834743057553
RWA-fed(KEN+TZA+UGA),2016,3,private_credit,2019,xgb_lag,21.4605470851456,12.439958210328705
RWA-fed(KEN+TZA+UGA),2016,3,private_credit,2019,xgb_typed,21.4605470851456,0.9679132655655209
RWA-fed(KEN+TZA+UGA),2016,3,private_credit,2019,lgbm_blind,21.4605470851456,9.91427409205783
RWA-fed(KEN+TZA+UGA),2016,3,private_credit,2019,lgbm_lag,21.4605470851456,9.91427409205783
RWA-fed(KEN+TZA+UGA),2016,3,private_credit,2019,lgbm_typed,21.4605470851456,9.91427409205783
RWA-fed(KEN+TZA+UGA),2016,3,private_credit,2019,tft,21.4605470851456,3.181064014097565
RWA-fed(KEN+TZA+UGA),2016,3,private_credit,2019,tgcn,21.4605470851456,
RWA-fed(KEN+TZA+UGA),2016,3,private_credit,2019,persistence_scarcity,21.4605470851456,2.922143723159323
RWA-fed(KEN+TZA+UGA),2016,3,private_credit,2019,chronos_scarcity,21.4605470851456,15.924757140834686
RWA-fed(KEN+TZA+UGA),2016,3,private_credit,2019,gnn_scarcity,21.4605470851456,3.3164087489639584
RWA-fed(KEN+TZA+UGA),2016,5,private_credit,2021,persistence,25.3431515385739,4.8679791171097975
RWA-fed(KEN+TZA+UGA),2016,5,private_credit,2021,arima,25.3431515385739,4.917801023479221
RWA-fed(KEN+TZA+UGA),2016,5,private_credit,2021,chronos,25.3431515385739,4.92915770312468
RWA-fed(KEN+TZA+UGA),2016,5,private_credit,2021,xgb_blind,25.3431515385739,9.818038432799973
RWA-fed(KEN+TZA+UGA),2016,5,private_credit,2021,xgb_lag,25.3431515385739,16.05723902484099
RWA-fed(KEN+TZA+UGA),2016,5,private_credit,2021,xgb_typed,25.3431515385739,7.368799655639329
RWA-fed(KEN+TZA+UGA),2016,5,private_credit,2021,lgbm_blind,25.3431515385739,13.484100289329902
RWA-fed(KEN+TZA+UGA),2016,5,private_credit,2021,lgbm_lag,25.3431515385739,13.484100289329902
RWA-fed(KEN+TZA+UGA),2016,5,private_credit,2021,lgbm_typed,25.3431515385739,13.484100289329902
RWA-fed(KEN+TZA+UGA),2016,5,private_credit,2021,tft,25.3431515385739,0.729022533691726
RWA-fed(KEN+TZA+UGA),2016,5,private_credit,2021,tgcn,25.3431515385739,
RWA-fed(KEN+TZA+UGA),2016,5,private_credit,2021,persistence_scarcity,25.3431515385739,0.005901880934260362
RWA-fed(KEN+TZA+UGA),2016,5,private_credit,2021,chronos_scarcity,25.3431515385739,14.842981064150848
RWA-fed(KEN+TZA+UGA),2016,5,private_credit,2021,gnn_scarcity,25.3431515385739,11.082849948608079
RWA-fed(KEN+TZA+UGA),2016,1,govt_consumption,2017,persistence,15.0074832365581,0.06041627122769988
RWA-fed(KEN+TZA+UGA),2016,1,govt_consumption,2017,arima,15.0074832365581,0.15067254055475843
RWA-fed(KEN+TZA+UGA),2016,1,govt_consumption,2017,chronos,15.0074832365581,0.3338191435405218
RWA-fed(KEN+TZA+UGA),2016,1,govt_consumption,2017,xgb_blind,15.0074832365581,1.238128416306635
RWA-fed(KEN+TZA+UGA),2016,1,govt_consumption,2017,xgb_lag,15.0074832365581,0.15067254055475843
RWA-fed(KEN+TZA+UGA),2016,1,govt_consumption,2017,xgb_typed,15.0074832365581,0.15067254055475843
RWA-fed(KEN+TZA+UGA),2016,1,govt_consumption,2017,lgbm_blind,15.0074832365581,1.210026458545311
RWA-fed(KEN+TZA+UGA),2016,1,govt_consumption,2017,lgbm_lag,15.0074832365581,0.15067254055475843
RWA-fed(KEN+TZA+UGA),2016,1,govt_consumption,2017,lgbm_typed,15.0074832365581,0.15067254055475843
RWA-fed(KEN+TZA+UGA),2016,1,govt_consumption,2017,tft,15.0074832365581,0.3905747010639704
RWA-fed(KEN+TZA+UGA),2016,1,govt_consumption,2017,tgcn,15.0074832365581,
RWA-fed(KEN+TZA+UGA),2016,1,govt_consumption,2017,persistence_scarcity,15.0074832365581,0.06041627122769988
RWA-fed(KEN+TZA+UGA),2016,1,govt_consumption,2017,chronos_scarcity,15.0074832365581,0.3338191435405218
RWA-fed(KEN+TZA+UGA),2016,1,govt_consumption,2017,gnn_scarcity,15.0074832365581,1.2398412153789007
RWA-fed(KEN+TZA+UGA),2016,3,govt_consumption,2019,persistence,15.8165587890012,0.7486592812153994
RWA-fed(KEN+TZA+UGA),2016,3,govt_consumption,2019,arima,15.8165587890012,0.6512199352315946
RWA-fed(KEN+TZA+UGA),2016,3,govt_consumption,2019,chronos,15.8165587890012,2.194586704955789
RWA-fed(KEN+TZA+UGA),2016,3,govt_consumption,2019,xgb_blind,15.8165587890012,1.9961137282712187
RWA-fed(KEN+TZA+UGA),2016,3,govt_consumption,2019,xgb_lag,15.8165587890012,0.6512199352315946
RWA-fed(KEN+TZA+UGA),2016,3,govt_consumption,2019,xgb_typed,15.8165587890012,0.6512199352315946
RWA-fed(KEN+TZA+UGA),2016,3,govt_consumption,2019,lgbm_blind,15.8165587890012,1.9750387974443964
RWA-fed(KEN+TZA+UGA),2016,3,govt_consumption,2019,lgbm_lag,15.8165587890012,0.6512199352315946
RWA-fed(KEN+TZA+UGA),2016,3,govt_consumption,2019,lgbm_typed,15.8165587890012,0.6512199352315946
RWA-fed(KEN+TZA+UGA),2016,3,govt_consumption,2019,tft,15.8165587890012,0.561307955993918
RWA-fed(KEN+TZA+UGA),2016,3,govt_consumption,2019,tgcn,15.8165587890012,
RWA-fed(KEN+TZA+UGA),2016,3,govt_consumption,2019,persistence_scarcity,15.8165587890012,0.7486592812153994
RWA-fed(KEN+TZA+UGA),2016,3,govt_consumption,2019,chronos_scarcity,15.8165587890012,2.194586704955789
RWA-fed(KEN+TZA+UGA),2016,3,govt_consumption,2019,gnn_scarcity,15.8165587890012,1.9205703246457304
RWA-fed(KEN+TZA+UGA),2016,5,govt_consumption,2021,persistence,16.9437619532634,1.8758624454776012
RWA-fed(KEN+TZA+UGA),2016,5,govt_consumption,2021,arima,16.9437619532634,1.7783836636479613
RWA-fed(KEN+TZA+UGA),2016,5,govt_consumption,2021,chronos,16.9437619532634,3.9227649058390845
RWA-fed(KEN+TZA+UGA),2016,5,govt_consumption,2021,xgb_blind,16.9437619532634,3.0582438792277564
RWA-fed(KEN+TZA+UGA),2016,5,govt_consumption,2021,xgb_lag,16.9437619532634,1.7783836636479613
RWA-fed(KEN+TZA+UGA),2016,5,govt_consumption,2021,xgb_typed,16.9437619532634,1.7783836636479613
RWA-fed(KEN+TZA+UGA),2016,5,govt_consumption,2021,lgbm_blind,16.9437619532634,3.0042021467864615
RWA-fed(KEN+TZA+UGA),2016,5,govt_consumption,2021,lgbm_lag,16.9437619532634,1.7783836636479613
RWA-fed(KEN+TZA+UGA),2016,5,govt_consumption,2021,lgbm_typed,16.9437619532634,1.7783836636479613
RWA-fed(KEN+TZA+UGA),2016,5,govt_consumption,2021,tft,16.9437619532634,0.16051279649245842
RWA-fed(KEN+TZA+UGA),2016,5,govt_consumption,2021,tgcn,16.9437619532634,
RWA-fed(KEN+TZA+UGA),2016,5,govt_consumption,2021,persistence_scarcity,16.9437619532634,1.8758624454776012
RWA-fed(KEN+TZA+UGA),2016,5,govt_consumption,2021,chronos_scarcity,16.9437619532634,3.9227649058390845
RWA-fed(KEN+TZA+UGA),2016,5,govt_consumption,2021,gnn_scarcity,16.9437619532634,3.05448258772385
RWA-fed(KEN+TZA+UGA),2017,1,gdp_growth,2018,persistence,8.51646722592409,4.598296289639441
RWA-fed(KEN+TZA+UGA),2017,1,gdp_growth,2018,arima,8.51646722592409,3.582882808503765
RWA-fed(KEN+TZA+UGA),2017,1,gdp_growth,2018,chronos,8.51646722592409,2.8126117113977234
RWA-fed(KEN+TZA+UGA),2017,1,gdp_growth,2018,xgb_blind,8.51646722592409,3.2543865565210144
RWA-fed(KEN+TZA+UGA),2017,1,gdp_growth,2018,xgb_lag,8.51646722592409,3.582882808503765
RWA-fed(KEN+TZA+UGA),2017,1,gdp_growth,2018,xgb_typed,8.51646722592409,3.582882808503765
RWA-fed(KEN+TZA+UGA),2017,1,gdp_growth,2018,lgbm_blind,8.51646722592409,2.70371259488161
RWA-fed(KEN+TZA+UGA),2017,1,gdp_growth,2018,lgbm_lag,8.51646722592409,3.582882808503765
RWA-fed(KEN+TZA+UGA),2017,1,gdp_growth,2018,lgbm_typed,8.51646722592409,3.582882808503765
RWA-fed(KEN+TZA+UGA),2017,1,gdp_growth,2018,tft,8.51646722592409,0.9077407244592468
RWA-fed(KEN+TZA+UGA),2017,1,gdp_growth,2018,tgcn,8.51646722592409,
RWA-fed(KEN+TZA+UGA),2017,1,gdp_growth,2018,persistence_scarcity,8.51646722592409,4.598296289639441
RWA-fed(KEN+TZA+UGA),2017,1,gdp_growth,2018,chronos_scarcity,8.51646722592409,2.8126117113977234
RWA-fed(KEN+TZA+UGA),2017,1,gdp_growth,2018,gnn_scarcity,8.51646722592409,2.576548231020526
RWA-fed(KEN+TZA+UGA),2017,3,gdp_growth,2020,persistence,-3.37368746369782,7.29185839998247
RWA-fed(KEN+TZA+UGA),2017,3,gdp_growth,2020,arima,-3.37368746369782,8.053447007763875
RWA-fed(KEN+TZA+UGA),2017,3,gdp_growth,2020,chronos,-3.37368746369782,8.893545823988347
RWA-fed(KEN+TZA+UGA),2017,3,gdp_growth,2020,xgb_blind,-3.37368746369782,10.410912710127263
RWA-fed(KEN+TZA+UGA),2017,3,gdp_growth,2020,xgb_lag,-3.37368746369782,8.053447007763875
RWA-fed(KEN+TZA+UGA),2017,3,gdp_growth,2020,xgb_typed,-3.37368746369782,8.053447007763875
RWA-fed(KEN+TZA+UGA),2017,3,gdp_growth,2020,lgbm_blind,-3.37368746369782,9.517128654417425
RWA-fed(KEN+TZA+UGA),2017,3,gdp_growth,2020,lgbm_lag,-3.37368746369782,8.053447007763875
RWA-fed(KEN+TZA+UGA),2017,3,gdp_growth,2020,lgbm_typed,-3.37368746369782,8.053447007763875
RWA-fed(KEN+TZA+UGA),2017,3,gdp_growth,2020,tft,-3.37368746369782,11.016614156660467
RWA-fed(KEN+TZA+UGA),2017,3,gdp_growth,2020,tgcn,-3.37368746369782,
RWA-fed(KEN+TZA+UGA),2017,3,gdp_growth,2020,persistence_scarcity,-3.37368746369782,7.29185839998247
RWA-fed(KEN+TZA+UGA),2017,3,gdp_growth,2020,chronos_scarcity,-3.37368746369782,8.893545823988347
RWA-fed(KEN+TZA+UGA),2017,3,gdp_growth,2020,gnn_scarcity,-3.37368746369782,9.893369394239812
RWA-fed(KEN+TZA+UGA),2017,5,gdp_growth,2022,persistence,8.16120720872912,4.243036272444471
RWA-fed(KEN+TZA+UGA),2017,5,gdp_growth,2022,arima,8.16120720872912,3.543566348710625
RWA-fed(KEN+TZA+UGA),2017,5,gdp_growth,2022,chronos,8.16120720872912,2.1997604466441594
RWA-fed(KEN+TZA+UGA),2017,5,gdp_growth,2022,xgb_blind,8.16120720872912,1.606427202320429
RWA-fed(KEN+TZA+UGA),2017,5,gdp_growth,2022,xgb_lag,8.16120720872912,3.543566348710625
RWA-fed(KEN+TZA+UGA),2017,5,gdp_growth,2022,xgb_typed,8.16120720872912,3.543566348710625
RWA-fed(KEN+TZA+UGA),2017,5,gdp_growth,2022,lgbm_blind,8.16120720872912,1.0536966123867888
RWA-fed(KEN+TZA+UGA),2017,5,gdp_growth,2022,lgbm_lag,8.16120720872912,3.543566348710625
RWA-fed(KEN+TZA+UGA),2017,5,gdp_growth,2022,lgbm_typed,8.16120720872912,3.543566348710625
RWA-fed(KEN+TZA+UGA),2017,5,gdp_growth,2022,tft,8.16120720872912,0.5010109044078312
RWA-fed(KEN+TZA+UGA),2017,5,gdp_growth,2022,tgcn,8.16120720872912,
RWA-fed(KEN+TZA+UGA),2017,5,gdp_growth,2022,persistence_scarcity,8.16120720872912,4.243036272444471
RWA-fed(KEN+TZA+UGA),2017,5,gdp_growth,2022,chronos_scarcity,8.16120720872912,2.1997604466441594
RWA-fed(KEN+TZA+UGA),2017,5,gdp_growth,2022,gnn_scarcity,8.16120720872912,1.0805749989512883
RWA-fed(KEN+TZA+UGA),2017,1,inflation_cpi,2018,persistence,-0.311210160390699,8.590746882999019
RWA-fed(KEN+TZA+UGA),2017,1,inflation_cpi,2018,arima,-0.311210160390699,8.219494784259721
RWA-fed(KEN+TZA+UGA),2017,1,inflation_cpi,2018,chronos,-0.311210160390699,8.356036667959058
RWA-fed(KEN+TZA+UGA),2017,1,inflation_cpi,2018,xgb_blind,-0.311210160390699,12.783448701040113
RWA-fed(KEN+TZA+UGA),2017,1,inflation_cpi,2018,xgb_lag,-0.311210160390699,8.219494784259721
RWA-fed(KEN+TZA+UGA),2017,1,inflation_cpi,2018,xgb_typed,-0.311210160390699,8.219494784259721
RWA-fed(KEN+TZA+UGA),2017,1,inflation_cpi,2018,lgbm_blind,-0.311210160390699,8.205784479713603
RWA-fed(KEN+TZA+UGA),2017,1,inflation_cpi,2018,lgbm_lag,-0.311210160390699,8.219494784259721
RWA-fed(KEN+TZA+UGA),2017,1,inflation_cpi,2018,lgbm_typed,-0.311210160390699,8.219494784259721
RWA-fed(KEN+TZA+UGA),2017,1,inflation_cpi,2018,tft,-0.311210160390699,4.959856038228834
RWA-fed(KEN+TZA+UGA),2017,1,inflation_cpi,2018,tgcn,-0.311210160390699,
RWA-fed(KEN+TZA+UGA),2017,1,inflation_cpi,2018,persistence_scarcity,-0.311210160390699,8.590746882999019
RWA-fed(KEN+TZA+UGA),2017,1,inflation_cpi,2018,chronos_scarcity,-0.311210160390699,8.356036667959058
RWA-fed(KEN+TZA+UGA),2017,1,inflation_cpi,2018,gnn_scarcity,-0.311210160390699,8.233945374624097
RWA-fed(KEN+TZA+UGA),2017,3,inflation_cpi,2020,persistence,9.85039902274207,1.5708623001337507
RWA-fed(KEN+TZA+UGA),2017,3,inflation_cpi,2020,arima,9.85039902274207,1.8592968184325374
RWA-fed(KEN+TZA+UGA),2017,3,inflation_cpi,2020,chronos,9.85039902274207,1.1351718956668755
RWA-fed(KEN+TZA+UGA),2017,3,inflation_cpi,2020,xgb_blind,9.85039902274207,1.3950929695804497
RWA-fed(KEN+TZA+UGA),2017,3,inflation_cpi,2020,xgb_lag,9.85039902274207,1.8592968184325374
RWA-fed(KEN+TZA+UGA),2017,3,inflation_cpi,2020,xgb_typed,9.85039902274207,1.8592968184325374
RWA-fed(KEN+TZA+UGA),2017,3,inflation_cpi,2020,lgbm_blind,9.85039902274207,2.4921618187864203
RWA-fed(KEN+TZA+UGA),2017,3,inflation_cpi,2020,lgbm_lag,9.85039902274207,1.8592968184325374
RWA-fed(KEN+TZA+UGA),2017,3,inflation_cpi,2020,lgbm_typed,9.85039902274207,1.8592968184325374
RWA-fed(KEN+TZA+UGA),2017,3,inflation_cpi,2020,tft,9.85039902274207,5.192584043188848
RWA-fed(KEN+TZA+UGA),2017,3,inflation_cpi,2020,tgcn,9.85039902274207,
RWA-fed(KEN+TZA+UGA),2017,3,inflation_cpi,2020,persistence_scarcity,9.85039902274207,1.5708623001337507
RWA-fed(KEN+TZA+UGA),2017,3,inflation_cpi,2020,chronos_scarcity,9.85039902274207,1.1351718956668755
RWA-fed(KEN+TZA+UGA),2017,3,inflation_cpi,2020,gnn_scarcity,9.85039902274207,1.706185346289434
RWA-fed(KEN+TZA+UGA),2017,5,inflation_cpi,2022,persistence,17.6892095588153,9.40967283620698
RWA-fed(KEN+TZA+UGA),2017,5,inflation_cpi,2022,arima,17.6892095588153,9.688762262754347
RWA-fed(KEN+TZA+UGA),2017,5,inflation_cpi,2022,chronos,17.6892095588153,10.606268503517448
RWA-fed(KEN+TZA+UGA),2017,5,inflation_cpi,2022,xgb_blind,17.6892095588153,10.821940042824089
RWA-fed(KEN+TZA+UGA),2017,5,inflation_cpi,2022,xgb_lag,17.6892095588153,9.688762262754347
RWA-fed(KEN+TZA+UGA),2017,5,inflation_cpi,2022,xgb_typed,17.6892095588153,9.688762262754347
RWA-fed(KEN+TZA+UGA),2017,5,inflation_cpi,2022,lgbm_blind,17.6892095588153,10.765420353704709
RWA-fed(KEN+TZA+UGA),2017,5,inflation_cpi,2022,lgbm_lag,17.6892095588153,9.688762262754347
RWA-fed(KEN+TZA+UGA),2017,5,inflation_cpi,2022,lgbm_typed,17.6892095588153,9.688762262754347
RWA-fed(KEN+TZA+UGA),2017,5,inflation_cpi,2022,tft,17.6892095588153,13.031196215004265
RWA-fed(KEN+TZA+UGA),2017,5,inflation_cpi,2022,tgcn,17.6892095588153,
RWA-fed(KEN+TZA+UGA),2017,5,inflation_cpi,2022,persistence_scarcity,17.6892095588153,9.40967283620698
RWA-fed(KEN+TZA+UGA),2017,5,inflation_cpi,2022,chronos_scarcity,17.6892095588153,10.606268503517448
RWA-fed(KEN+TZA+UGA),2017,5,inflation_cpi,2022,gnn_scarcity,17.6892095588153,9.330705263466179
RWA-fed(KEN+TZA+UGA),2017,1,unemployment,2018,persistence,10.759,1.1159999999999997
RWA-fed(KEN+TZA+UGA),2017,1,unemployment,2018,arima,10.759,1.1330447630297886
RWA-fed(KEN+TZA+UGA),2017,1,unemployment,2018,chronos,10.759,1.0880649719238278
RWA-fed(KEN+TZA+UGA),2017,1,unemployment,2018,xgb_blind,10.759,1.074802223205566
RWA-fed(KEN+TZA+UGA),2017,1,unemployment,2018,xgb_lag,10.759,1.1330447630297886
RWA-fed(KEN+TZA+UGA),2017,1,unemployment,2018,xgb_typed,10.759,1.1330447630297886
RWA-fed(KEN+TZA+UGA),2017,1,unemployment,2018,lgbm_blind,10.759,0.9717037424158157
RWA-fed(KEN+TZA+UGA),2017,1,unemployment,2018,lgbm_lag,10.759,1.1330447630297886
RWA-fed(KEN+TZA+UGA),2017,1,unemployment,2018,lgbm_typed,10.759,1.1330447630297886
RWA-fed(KEN+TZA+UGA),2017,1,unemployment,2018,tft,10.759,1.1423013839721676
RWA-fed(KEN+TZA+UGA),2017,1,unemployment,2018,tgcn,10.759,
RWA-fed(KEN+TZA+UGA),2017,1,unemployment,2018,persistence_scarcity,10.759,1.1159999999999997
RWA-fed(KEN+TZA+UGA),2017,1,unemployment,2018,chronos_scarcity,10.759,1.0880649719238278
RWA-fed(KEN+TZA+UGA),2017,1,unemployment,2018,gnn_scarcity,10.759,1.0027158889770504
RWA-fed(KEN+TZA+UGA),2017,3,unemployment,2020,persistence,11.829,0.045999999999999375
RWA-fed(KEN+TZA+UGA),2017,3,unemployment,2020,arima,11.829,0.06703835467904362
RWA-fed(KEN+TZA+UGA),2017,3,unemployment,2020,chronos,11.829,0.28349924468994203
RWA-fed(KEN+TZA+UGA),2017,3,unemployment,2020,xgb_blind,11.829,0.09720659637451234
RWA-fed(KEN+TZA+UGA),2017,3,unemployment,2020,xgb_lag,11.829,0.06703835467904362
RWA-fed(KEN+TZA+UGA),2017,3,unemployment,2020,xgb_typed,11.829,0.06703835467904362
RWA-fed(KEN+TZA+UGA),2017,3,unemployment,2020,lgbm_blind,11.829,0.13779997253418053
RWA-fed(KEN+TZA+UGA),2017,3,unemployment,2020,lgbm_lag,11.829,0.06703835467904362
RWA-fed(KEN+TZA+UGA),2017,3,unemployment,2020,lgbm_typed,11.829,0.06703835467904362
RWA-fed(KEN+TZA+UGA),2017,3,unemployment,2020,tft,11.829,0.07516049957275328
RWA-fed(KEN+TZA+UGA),2017,3,unemployment,2020,tgcn,11.829,
RWA-fed(KEN+TZA+UGA),2017,3,unemployment,2020,persistence_scarcity,11.829,0.045999999999999375
RWA-fed(KEN+TZA+UGA),2017,3,unemployment,2020,chronos_scarcity,11.829,0.28349924468994203
RWA-fed(KEN+TZA+UGA),2017,3,unemployment,2020,gnn_scarcity,11.829,0.05428171539306703
RWA-fed(KEN+TZA+UGA),2017,5,unemployment,2022,persistence,15.084,3.2089999999999996
RWA-fed(KEN+TZA+UGA),2017,5,unemployment,2022,arima,15.084,3.1878083576993905
RWA-fed(KEN+TZA+UGA),2017,5,unemployment,2022,chronos,15.084,3.4954160537719723
RWA-fed(KEN+TZA+UGA),2017,5,unemployment,2022,xgb_blind,15.084,3.2869457092285153
RWA-fed(KEN+TZA+UGA),2017,5,unemployment,2022,xgb_lag,15.084,3.1878083576993905
RWA-fed(KEN+TZA+UGA),2017,5,unemployment,2022,xgb_typed,15.084,3.1878083576993905
RWA-fed(KEN+TZA+UGA),2017,5,unemployment,2022,lgbm_blind,15.084,3.4366521351026442
RWA-fed(KEN+TZA+UGA),2017,5,unemployment,2022,lgbm_lag,15.084,3.1878083576993905
RWA-fed(KEN+TZA+UGA),2017,5,unemployment,2022,lgbm_typed,15.084,3.1878083576993905
RWA-fed(KEN+TZA+UGA),2017,5,unemployment,2022,tft,15.084,3.179727920532226
RWA-fed(KEN+TZA+UGA),2017,5,unemployment,2022,tgcn,15.084,
RWA-fed(KEN+TZA+UGA),2017,5,unemployment,2022,persistence_scarcity,15.084,3.2089999999999996
RWA-fed(KEN+TZA+UGA),2017,5,unemployment,2022,chronos_scarcity,15.084,3.4954160537719723
RWA-fed(KEN+TZA+UGA),2017,5,unemployment,2022,gnn_scarcity,15.084,3.296700843811035
RWA-fed(KEN+TZA+UGA),2017,1,exports_gdp,2018,persistence,21.10801098862,0.5796301113227997
RWA-fed(KEN+TZA+UGA),2017,1,exports_gdp,2018,arima,21.10801098862,0.7201376537997284
RWA-fed(KEN+TZA+UGA),2017,1,exports_gdp,2018,chronos,21.10801098862,1.7277543357879672
RWA-fed(KEN+TZA+UGA),2017,1,exports_gdp,2018,xgb_blind,21.10801098862,6.939367990878299
RWA-fed(KEN+TZA+UGA),2017,1,exports_gdp,2018,xgb_lag,21.10801098862,0.7201376537997284
RWA-fed(KEN+TZA+UGA),2017,1,exports_gdp,2018,xgb_typed,21.10801098862,0.7201376537997284
RWA-fed(KEN+TZA+UGA),2017,1,exports_gdp,2018,lgbm_blind,21.10801098862,11.47260995161574
RWA-fed(KEN+TZA+UGA),2017,1,exports_gdp,2018,lgbm_lag,21.10801098862,0.7201376537997284
RWA-fed(KEN+TZA+UGA),2017,1,exports_gdp,2018,lgbm_typed,21.10801098862,0.7201376537997284
RWA-fed(KEN+TZA+UGA),2017,1,exports_gdp,2018,tft,21.10801098862,0.43268420180968903
RWA-fed(KEN+TZA+UGA),2017,1,exports_gdp,2018,tgcn,21.10801098862,
RWA-fed(KEN+TZA+UGA),2017,1,exports_gdp,2018,persistence_scarcity,21.10801098862,0.5796301113227997
RWA-fed(KEN+TZA+UGA),2017,1,exports_gdp,2018,chronos_scarcity,21.10801098862,1.7277543357879672
RWA-fed(KEN+TZA+UGA),2017,1,exports_gdp,2018,gnn_scarcity,21.10801098862,11.490345697787479
RWA-fed(KEN+TZA+UGA),2017,3,exports_gdp,2020,persistence,19.3259418342726,1.2024390430245973
RWA-fed(KEN+TZA+UGA),2017,3,exports_gdp,2020,arima,19.3259418342726,1.0656911922682042
RWA-fed(KEN+TZA+UGA),2017,3,exports_gdp,2020,chronos,19.3259418342726,0.019517150102398517
RWA-fed(KEN+TZA+UGA),2017,3,exports_gdp,2020,xgb_blind,19.3259418342726,0.30100515824721086
RWA-fed(KEN+TZA+UGA),2017,3,exports_gdp,2020,xgb_lag,19.3259418342726,1.0656911922682042
RWA-fed(KEN+TZA+UGA),2017,3,exports_gdp,2020,xgb_typed,19.3259418342726,1.0656911922682042
RWA-fed(KEN+TZA+UGA),2017,3,exports_gdp,2020,lgbm_blind,19.3259418342726,9.43510921937392
RWA-fed(KEN+TZA+UGA),2017,3,exports_gdp,2020,lgbm_lag,19.3259418342726,1.0656911922682042
RWA-fed(KEN+TZA+UGA),2017,3,exports_gdp,2020,lgbm_typed,19.3259418342726,1.0656911922682042
RWA-fed(KEN+TZA+UGA),2017,3,exports_gdp,2020,tft,19.3259418342726,2.3182327415330626
RWA-fed(KEN+TZA+UGA),2017,3,exports_gdp,2020,tgcn,19.3259418342726,
RWA-fed(KEN+TZA+UGA),2017,3,exports_gdp,2020,persistence_scarcity,19.3259418342726,1.2024390430245973
RWA-fed(KEN+TZA+UGA),2017,3,exports_gdp,2020,chronos_scarcity,19.3259418342726,0.019517150102398517
RWA-fed(KEN+TZA+UGA),2017,3,exports_gdp,2020,gnn_scarcity,19.3259418342726,9.534723076643207
RWA-fed(KEN+TZA+UGA),2017,5,exports_gdp,2022,persistence,22.4780615146911,1.9496806373939002
RWA-fed(KEN+TZA+UGA),2017,5,exports_gdp,2022,arima,22.4780615146911,2.0864256417785505
RWA-fed(KEN+TZA+UGA),2017,5,exports_gdp,2022,chronos,22.4780615146911,3.654514151409849
RWA-fed(KEN+TZA+UGA),2017,5,exports_gdp,2022,xgb_blind,22.4780615146911,6.052238303021177
RWA-fed(KEN+TZA+UGA),2017,5,exports_gdp,2022,xgb_lag,22.4780615146911,2.0864256417785505
RWA-fed(KEN+TZA+UGA),2017,5,exports_gdp,2022,xgb_typed,22.4780615146911,2.0864256417785505
RWA-fed(KEN+TZA+UGA),2017,5,exports_gdp,2022,lgbm_blind,22.4780615146911,12.226192665475798
RWA-fed(KEN+TZA+UGA),2017,5,exports_gdp,2022,lgbm_lag,22.4780615146911,2.0864256417785505
RWA-fed(KEN+TZA+UGA),2017,5,exports_gdp,2022,lgbm_typed,22.4780615146911,2.0864256417785505
RWA-fed(KEN+TZA+UGA),2017,5,exports_gdp,2022,tft,22.4780615146911,0.8303678806578958
RWA-fed(KEN+TZA+UGA),2017,5,exports_gdp,2022,tgcn,22.4780615146911,
RWA-fed(KEN+TZA+UGA),2017,5,exports_gdp,2022,persistence_scarcity,22.4780615146911,1.9496806373939002
RWA-fed(KEN+TZA+UGA),2017,5,exports_gdp,2022,chronos_scarcity,22.4780615146911,3.654514151409849
RWA-fed(KEN+TZA+UGA),2017,5,exports_gdp,2022,gnn_scarcity,22.4780615146911,12.518919783428892
RWA-fed(KEN+TZA+UGA),2017,1,imports_gdp,2018,persistence,34.6761153853403,1.529228844912204
RWA-fed(KEN+TZA+UGA),2017,1,imports_gdp,2018,arima,34.6761153853403,1.1207595122255753
RWA-fed(KEN+TZA+UGA),2017,1,imports_gdp,2018,chronos,34.6761153853403,1.1279929793344436
RWA-fed(KEN+TZA+UGA),2017,1,imports_gdp,2018,xgb_blind,34.6761153853403,2.2567695296274124
RWA-fed(KEN+TZA+UGA),2017,1,imports_gdp,2018,xgb_lag,34.6761153853403,1.1207595122255753
RWA-fed(KEN+TZA+UGA),2017,1,imports_gdp,2018,xgb_typed,34.6761153853403,1.1207595122255753
RWA-fed(KEN+TZA+UGA),2017,1,imports_gdp,2018,lgbm_blind,34.6761153853403,8.157643420256935
RWA-fed(KEN+TZA+UGA),2017,1,imports_gdp,2018,lgbm_lag,34.6761153853403,1.1207595122255753
RWA-fed(KEN+TZA+UGA),2017,1,imports_gdp,2018,lgbm_typed,34.6761153853403,1.1207595122255753
RWA-fed(KEN+TZA+UGA),2017,1,imports_gdp,2018,tft,34.6761153853403,1.2007507002817093
RWA-fed(KEN+TZA+UGA),2017,1,imports_gdp,2018,tgcn,34.6761153853403,
RWA-fed(KEN+TZA+UGA),2017,1,imports_gdp,2018,persistence_scarcity,34.6761153853403,1.529228844912204
RWA-fed(KEN+TZA+UGA),2017,1,imports_gdp,2018,chronos_scarcity,34.6761153853403,1.1279929793344436
RWA-fed(KEN+TZA+UGA),2017,1,imports_gdp,2018,gnn_scarcity,34.6761153853403,8.317345014856905
RWA-fed(KEN+TZA+UGA),2017,3,imports_gdp,2020,persistence,35.8620097177129,2.715123177284802
RWA-fed(KEN+TZA+UGA),2017,3,imports_gdp,2020,arima,35.8620097177129,2.407572189482849
RWA-fed(KEN+TZA+UGA),2017,3,imports_gdp,2020,chronos,35.8620097177129,2.3138873117070418
RWA-fed(KEN+TZA+UGA),2017,3,imports_gdp,2020,xgb_blind,35.8620097177129,4.043009473572276
RWA-fed(KEN+TZA+UGA),2017,3,imports_gdp,2020,xgb_lag,35.8620097177129,2.407572189482849
RWA-fed(KEN+TZA+UGA),2017,3,imports_gdp,2020,xgb_typed,35.8620097177129,2.407572189482849
RWA-fed(KEN+TZA+UGA),2017,3,imports_gdp,2020,lgbm_blind,35.8620097177129,8.674796277771495
RWA-fed(KEN+TZA+UGA),2017,3,imports_gdp,2020,lgbm_lag,35.8620097177129,2.407572189482849
RWA-fed(KEN+TZA+UGA),2017,3,imports_gdp,2020,lgbm_typed,35.8620097177129,2.407572189482849
RWA-fed(KEN+TZA+UGA),2017,3,imports_gdp,2020,tft,35.8620097177129,1.9730250375371199
RWA-fed(KEN+TZA+UGA),2017,3,imports_gdp,2020,tgcn,35.8620097177129,
RWA-fed(KEN+TZA+UGA),2017,3,imports_gdp,2020,persistence_scarcity,35.8620097177129,2.715123177284802
RWA-fed(KEN+TZA+UGA),2017,3,imports_gdp,2020,chronos_scarcity,35.8620097177129,2.3138873117070418
RWA-fed(KEN+TZA+UGA),2017,3,imports_gdp,2020,gnn_scarcity,35.8620097177129,9.110386564026378
RWA-fed(KEN+TZA+UGA),2017,5,imports_gdp,2022,persistence,38.667017988674,5.520131448245898
RWA-fed(KEN+TZA+UGA),2017,5,imports_gdp,2022,arima,38.667017988674,5.232638660137567
RWA-fed(KEN+TZA+UGA),2017,5,imports_gdp,2022,chronos,38.667017988674,7.12605195473845
RWA-fed(KEN+TZA+UGA),2017,5,imports_gdp,2022,xgb_blind,38.667017988674,7.774960569850755
RWA-fed(KEN+TZA+UGA),2017,5,imports_gdp,2022,xgb_lag,38.667017988674,5.232638660137567
RWA-fed(KEN+TZA+UGA),2017,5,imports_gdp,2022,xgb_typed,38.667017988674,5.232638660137567
RWA-fed(KEN+TZA+UGA),2017,5,imports_gdp,2022,lgbm_blind,38.667017988674,12.824255829409392
RWA-fed(KEN+TZA+UGA),2017,5,imports_gdp,2022,lgbm_lag,38.667017988674,5.232638660137567
RWA-fed(KEN+TZA+UGA),2017,5,imports_gdp,2022,lgbm_typed,38.667017988674,5.232638660137567
RWA-fed(KEN+TZA+UGA),2017,5,imports_gdp,2022,tft,38.667017988674,4.467619947902513
RWA-fed(KEN+TZA+UGA),2017,5,imports_gdp,2022,tgcn,38.667017988674,
RWA-fed(KEN+TZA+UGA),2017,5,imports_gdp,2022,persistence_scarcity,38.667017988674,5.520131448245898
RWA-fed(KEN+TZA+UGA),2017,5,imports_gdp,2022,chronos_scarcity,38.667017988674,7.12605195473845
RWA-fed(KEN+TZA+UGA),2017,5,imports_gdp,2022,gnn_scarcity,38.667017988674,11.535290770046068
RWA-fed(KEN+TZA+UGA),2017,1,current_account,2018,persistence,-10.1142510894979,0.6537693204096193
RWA-fed(KEN+TZA+UGA),2017,1,current_account,2018,arima,-10.1142510894979,2.339528034582642
RWA-fed(KEN+TZA+UGA),2017,1,current_account,2018,chronos,-10.1142510894979,1.135340643330908
RWA-fed(KEN+TZA+UGA),2017,1,current_account,2018,xgb_blind,-10.1142510894979,0.7728957657063962
RWA-fed(KEN+TZA+UGA),2017,1,current_account,2018,xgb_lag,-10.1142510894979,2.339528034582642
RWA-fed(KEN+TZA+UGA),2017,1,current_account,2018,xgb_typed,-10.1142510894979,2.339528034582642
RWA-fed(KEN+TZA+UGA),2017,1,current_account,2018,lgbm_blind,-10.1142510894979,2.5875220532373655
RWA-fed(KEN+TZA+UGA),2017,1,current_account,2018,lgbm_lag,-10.1142510894979,2.339528034582642
RWA-fed(KEN+TZA+UGA),2017,1,current_account,2018,lgbm_typed,-10.1142510894979,2.339528034582642
RWA-fed(KEN+TZA+UGA),2017,1,current_account,2018,tft,-10.1142510894979,0.3836316589559079
RWA-fed(KEN+TZA+UGA),2017,1,current_account,2018,tgcn,-10.1142510894979,
RWA-fed(KEN+TZA+UGA),2017,1,current_account,2018,persistence_scarcity,-10.1142510894979,0.6537693204096193
RWA-fed(KEN+TZA+UGA),2017,1,current_account,2018,chronos_scarcity,-10.1142510894979,1.135340643330908
RWA-fed(KEN+TZA+UGA),2017,1,current_account,2018,gnn_scarcity,-10.1142510894979,2.6945271019185544
RWA-fed(KEN+TZA+UGA),2017,3,current_account,2020,persistence,-12.0648128308305,2.6043310617422186
RWA-fed(KEN+TZA+UGA),2017,3,current_account,2020,arima,-12.0648128308305,0.35891663162872867
RWA-fed(KEN+TZA+UGA),2017,3,current_account,2020,chronos,-12.0648128308305,4.239154986287042
RWA-fed(KEN+TZA+UGA),2017,3,current_account,2020,xgb_blind,-12.0648128308305,0.35201532468707875
RWA-fed(KEN+TZA+UGA),2017,3,current_account,2020,xgb_lag,-12.0648128308305,0.35891663162872867
RWA-fed(KEN+TZA+UGA),2017,3,current_account,2020,xgb_typed,-12.0648128308305,0.35891663162872867
RWA-fed(KEN+TZA+UGA),2017,3,current_account,2020,lgbm_blind,-12.0648128308305,4.457295073414728
RWA-fed(KEN+TZA+UGA),2017,3,current_account,2020,lgbm_lag,-12.0648128308305,0.35891663162872867
RWA-fed(KEN+TZA+UGA),2017,3,current_account,2020,lgbm_typed,-12.0648128308305,0.35891663162872867
RWA-fed(KEN+TZA+UGA),2017,3,current_account,2020,tft,-12.0648128308305,4.056649378682062
RWA-fed(KEN+TZA+UGA),2017,3,current_account,2020,tgcn,-12.0648128308305,
RWA-fed(KEN+TZA+UGA),2017,3,current_account,2020,persistence_scarcity,-12.0648128308305,2.6043310617422186
RWA-fed(KEN+TZA+UGA),2017,3,current_account,2020,chronos_scarcity,-12.0648128308305,4.239154986287042
RWA-fed(KEN+TZA+UGA),2017,3,current_account,2020,gnn_scarcity,-12.0648128308305,4.7429067410477845
RWA-fed(KEN+TZA+UGA),2017,5,current_account,2022,persistence,-9.36601780213995,0.09446396694833048
RWA-fed(KEN+TZA+UGA),2017,5,current_account,2022,arima,-9.36601780213995,2.143715373775125
RWA-fed(KEN+TZA+UGA),2017,5,current_account,2022,chronos,-9.36601780213995,1.9247784451453214
RWA-fed(KEN+TZA+UGA),2017,5,current_account,2022,xgb_blind,-9.36601780213995,1.8632350131066318
RWA-fed(KEN+TZA+UGA),2017,5,current_account,2022,xgb_lag,-9.36601780213995,2.143715373775125
RWA-fed(KEN+TZA+UGA),2017,5,current_account,2022,xgb_typed,-9.36601780213995,2.143715373775125
RWA-fed(KEN+TZA+UGA),2017,5,current_account,2022,lgbm_blind,-9.36601780213995,1.6636611111941173
RWA-fed(KEN+TZA+UGA),2017,5,current_account,2022,lgbm_lag,-9.36601780213995,2.143715373775125
RWA-fed(KEN+TZA+UGA),2017,5,current_account,2022,lgbm_typed,-9.36601780213995,2.143715373775125
RWA-fed(KEN+TZA+UGA),2017,5,current_account,2022,tft,-9.36601780213995,2.6527666882483487
RWA-fed(KEN+TZA+UGA),2017,5,current_account,2022,tgcn,-9.36601780213995,
RWA-fed(KEN+TZA+UGA),2017,5,current_account,2022,persistence_scarcity,-9.36601780213995,0.09446396694833048
RWA-fed(KEN+TZA+UGA),2017,5,current_account,2022,chronos_scarcity,-9.36601780213995,1.9247784451453214
RWA-fed(KEN+TZA+UGA),2017,5,current_account,2022,gnn_scarcity,-9.36601780213995,2.1387557820288663
RWA-fed(KEN+TZA+UGA),2017,1,real_interest_rate,2018,persistence,17.656522610566,9.32813070318666
RWA-fed(KEN+TZA+UGA),2017,1,real_interest_rate,2018,arima,17.656522610566,7.971871962245913
RWA-fed(KEN+TZA+UGA),2017,1,real_interest_rate,2018,chronos,17.656522610566,8.7933052567452
RWA-fed(KEN+TZA+UGA),2017,1,real_interest_rate,2018,xgb_blind,17.656522610566,9.074500897309164
RWA-fed(KEN+TZA+UGA),2017,1,real_interest_rate,2018,xgb_lag,17.656522610566,7.971871962245913
RWA-fed(KEN+TZA+UGA),2017,1,real_interest_rate,2018,xgb_typed,17.656522610566,7.971871962245913
RWA-fed(KEN+TZA+UGA),2017,1,real_interest_rate,2018,lgbm_blind,17.656522610566,8.7438321697523
RWA-fed(KEN+TZA+UGA),2017,1,real_interest_rate,2018,lgbm_lag,17.656522610566,7.971871962245913
RWA-fed(KEN+TZA+UGA),2017,1,real_interest_rate,2018,lgbm_typed,17.656522610566,7.971871962245913
RWA-fed(KEN+TZA+UGA),2017,1,real_interest_rate,2018,tft,17.656522610566,3.591197827240805
RWA-fed(KEN+TZA+UGA),2017,1,real_interest_rate,2018,tgcn,17.656522610566,
RWA-fed(KEN+TZA+UGA),2017,1,real_interest_rate,2018,persistence_scarcity,17.656522610566,9.32813070318666
RWA-fed(KEN+TZA+UGA),2017,1,real_interest_rate,2018,chronos_scarcity,17.656522610566,8.7933052567452
RWA-fed(KEN+TZA+UGA),2017,1,real_interest_rate,2018,gnn_scarcity,17.656522610566,8.647910931488852
RWA-fed(KEN+TZA+UGA),2017,3,real_interest_rate,2020,persistence,9.02726772141586,0.698875814036521
RWA-fed(KEN+TZA+UGA),2017,3,real_interest_rate,2020,arima,9.02726772141586,0.3304692277271659
RWA-fed(KEN+TZA+UGA),2017,3,real_interest_rate,2020,chronos,9.02726772141586,1.063697603465421
RWA-fed(KEN+TZA+UGA),2017,3,real_interest_rate,2020,xgb_blind,9.02726772141586,0.29074165511001837
RWA-fed(KEN+TZA+UGA),2017,3,real_interest_rate,2020,xgb_lag,9.02726772141586,0.3304692277271659
RWA-fed(KEN+TZA+UGA),2017,3,real_interest_rate,2020,xgb_typed,9.02726772141586,0.3304692277271659
RWA-fed(KEN+TZA+UGA),2017,3,real_interest_rate,2020,lgbm_blind,9.02726772141586,0.0694567840086382
RWA-fed(KEN+TZA+UGA),2017,3,real_interest_rate,2020,lgbm_lag,9.02726772141586,0.3304692277271659
RWA-fed(KEN+TZA+UGA),2017,3,real_interest_rate,2020,lgbm_typed,9.02726772141586,0.3304692277271659
RWA-fed(KEN+TZA+UGA),2017,3,real_interest_rate,2020,tft,9.02726772141586,5.087424966572421
RWA-fed(KEN+TZA+UGA),2017,3,real_interest_rate,2020,tgcn,9.02726772141586,
RWA-fed(KEN+TZA+UGA),2017,3,real_interest_rate,2020,persistence_scarcity,9.02726772141586,0.698875814036521
RWA-fed(KEN+TZA+UGA),2017,3,real_interest_rate,2020,chronos_scarcity,9.02726772141586,1.063697603465421
RWA-fed(KEN+TZA+UGA),2017,3,real_interest_rate,2020,gnn_scarcity,9.02726772141586,0.22690078902115118
RWA-fed(KEN+TZA+UGA),2017,5,real_interest_rate,2022,persistence,0.495362461056007,7.833029446323333
RWA-fed(KEN+TZA+UGA),2017,5,real_interest_rate,2022,arima,0.495362461056007,8.808660549522436
RWA-fed(KEN+TZA+UGA),2017,5,real_interest_rate,2022,chronos,0.495362461056007,7.868051349673974
RWA-fed(KEN+TZA+UGA),2017,5,real_interest_rate,2022,xgb_blind,0.495362461056007,7.667820751224267
RWA-fed(KEN+TZA+UGA),2017,5,real_interest_rate,2022,xgb_lag,0.495362461056007,8.808660549522436
RWA-fed(KEN+TZA+UGA),2017,5,real_interest_rate,2022,xgb_typed,0.495362461056007,8.808660549522436
RWA-fed(KEN+TZA+UGA),2017,5,real_interest_rate,2022,lgbm_blind,0.495362461056007,8.81740203325943
RWA-fed(KEN+TZA+UGA),2017,5,real_interest_rate,2022,lgbm_lag,0.495362461056007,8.808660549522436
RWA-fed(KEN+TZA+UGA),2017,5,real_interest_rate,2022,lgbm_typed,0.495362461056007,8.808660549522436
RWA-fed(KEN+TZA+UGA),2017,5,real_interest_rate,2022,tft,0.495362461056007,13.644116222415672
RWA-fed(KEN+TZA+UGA),2017,5,real_interest_rate,2022,tgcn,0.495362461056007,
RWA-fed(KEN+TZA+UGA),2017,5,real_interest_rate,2022,persistence_scarcity,0.495362461056007,7.833029446323333
RWA-fed(KEN+TZA+UGA),2017,5,real_interest_rate,2022,chronos_scarcity,0.495362461056007,7.868051349673974
RWA-fed(KEN+TZA+UGA),2017,5,real_interest_rate,2022,gnn_scarcity,0.495362461056007,8.996394931827293
RWA-fed(KEN+TZA+UGA),2017,1,broad_money,2018,persistence,21.7307882385639,2.0226465235733
RWA-fed(KEN+TZA+UGA),2017,1,broad_money,2018,arima,21.7307882385639,1.923357397890186
RWA-fed(KEN+TZA+UGA),2017,1,broad_money,2018,chronos,21.7307882385639,1.8978567200092122
RWA-fed(KEN+TZA+UGA),2017,1,broad_money,2018,xgb_blind,21.7307882385639,1.877921112099056
RWA-fed(KEN+TZA+UGA),2017,1,broad_money,2018,xgb_lag,21.7307882385639,1.7574911194232747
RWA-fed(KEN+TZA+UGA),2017,1,broad_money,2018,xgb_typed,21.7307882385639,1.825970657387142
RWA-fed(KEN+TZA+UGA),2017,1,broad_money,2018,lgbm_blind,21.7307882385639,5.532877117336778
RWA-fed(KEN+TZA+UGA),2017,1,broad_money,2018,lgbm_lag,21.7307882385639,5.532877117336778
RWA-fed(KEN+TZA+UGA),2017,1,broad_money,2018,lgbm_typed,21.7307882385639,5.532877117336778
RWA-fed(KEN+TZA+UGA),2017,1,broad_money,2018,tft,21.7307882385639,1.8718538360980794
RWA-fed(KEN+TZA+UGA),2017,1,broad_money,2018,tgcn,21.7307882385639,
RWA-fed(KEN+TZA+UGA),2017,1,broad_money,2018,persistence_scarcity,21.7307882385639,2.3509292672656983
RWA-fed(KEN+TZA+UGA),2017,1,broad_money,2018,chronos_scarcity,21.7307882385639,1.0653507132635234
RWA-fed(KEN+TZA+UGA),2017,1,broad_money,2018,gnn_scarcity,21.7307882385639,1.2357359009174154
RWA-fed(KEN+TZA+UGA),2017,3,broad_money,2020,persistence,25.1477472790838,5.439605564093199
RWA-fed(KEN+TZA+UGA),2017,3,broad_money,2020,arima,25.1477472790838,5.3544056379276235
RWA-fed(KEN+TZA+UGA),2017,3,broad_money,2020,chronos,25.1477472790838,5.67003274050958
RWA-fed(KEN+TZA+UGA),2017,3,broad_money,2020,xgb_blind,25.1477472790838,5.028671503937314
RWA-fed(KEN+TZA+UGA),2017,3,broad_money,2020,xgb_lag,25.1477472790838,5.3983080395818455
RWA-fed(KEN+TZA+UGA),2017,3,broad_money,2020,xgb_typed,25.1477472790838,5.381559611237119
RWA-fed(KEN+TZA+UGA),2017,3,broad_money,2020,lgbm_blind,25.1477472790838,8.768559351837705
RWA-fed(KEN+TZA+UGA),2017,3,broad_money,2020,lgbm_lag,25.1477472790838,8.768559351837705
RWA-fed(KEN+TZA+UGA),2017,3,broad_money,2020,lgbm_typed,25.1477472790838,8.768559351837705
RWA-fed(KEN+TZA+UGA),2017,3,broad_money,2020,tft,25.1477472790838,5.281234980499814
RWA-fed(KEN+TZA+UGA),2017,3,broad_money,2020,tgcn,25.1477472790838,
RWA-fed(KEN+TZA+UGA),2017,3,broad_money,2020,persistence_scarcity,25.1477472790838,3.948127359366026
RWA-fed(KEN+TZA+UGA),2017,3,broad_money,2020,chronos_scarcity,25.1477472790838,3.203343070641832
RWA-fed(KEN+TZA+UGA),2017,3,broad_money,2020,gnn_scarcity,25.1477472790838,5.252277613556455
RWA-fed(KEN+TZA+UGA),2017,5,broad_money,2022,persistence,25.5730826285685,5.8649409135779
RWA-fed(KEN+TZA+UGA),2017,5,broad_money,2022,arima,25.5730826285685,5.780154008579839
RWA-fed(KEN+TZA+UGA),2017,5,broad_money,2022,chronos,25.5730826285685,6.213772478422015
RWA-fed(KEN+TZA+UGA),2017,5,broad_money,2022,xgb_blind,25.5730826285685,6.259951296171039
RWA-fed(KEN+TZA+UGA),2017,5,broad_money,2022,xgb_lag,25.5730826285685,6.1915137198770935
RWA-fed(KEN+TZA+UGA),2017,5,broad_money,2022,xgb_typed,25.5730826285685,6.233833971341937
RWA-fed(KEN+TZA+UGA),2017,5,broad_money,2022,lgbm_blind,25.5730826285685,9.335219668416496
RWA-fed(KEN+TZA+UGA),2017,5,broad_money,2022,lgbm_lag,25.5730826285685,9.335219668416496
RWA-fed(KEN+TZA+UGA),2017,5,broad_money,2022,lgbm_typed,25.5730826285685,9.335219668416496
RWA-fed(KEN+TZA+UGA),2017,5,broad_money,2022,tft,25.5730826285685,5.695509615262836
RWA-fed(KEN+TZA+UGA),2017,5,broad_money,2022,tgcn,25.5730826285685,
RWA-fed(KEN+TZA+UGA),2017,5,broad_money,2022,persistence_scarcity,25.5730826285685,3.5520539602240184
RWA-fed(KEN+TZA+UGA),2017,5,broad_money,2022,chronos_scarcity,25.5730826285685,1.8054867309821674
RWA-fed(KEN+TZA+UGA),2017,5,broad_money,2022,gnn_scarcity,25.5730826285685,5.117344560941547
RWA-fed(KEN+TZA+UGA),2017,1,private_credit,2018,persistence,21.3998848838406,0.8054736829478983
RWA-fed(KEN+TZA+UGA),2017,1,private_credit,2018,arima,21.3998848838406,0.7952987172807795
RWA-fed(KEN+TZA+UGA),2017,1,private_credit,2018,chronos,21.3998848838406,0.8354470176296616
RWA-fed(KEN+TZA+UGA),2017,1,private_credit,2018,xgb_blind,21.3998848838406,2.298108760793724
RWA-fed(KEN+TZA+UGA),2017,1,private_credit,2018,xgb_lag,21.3998848838406,0.43506974407009125
RWA-fed(KEN+TZA+UGA),2017,1,private_credit,2018,xgb_typed,21.3998848838406,1.0014111442165756
RWA-fed(KEN+TZA+UGA),2017,1,private_credit,2018,lgbm_blind,21.3998848838406,9.973965457028534
RWA-fed(KEN+TZA+UGA),2017,1,private_credit,2018,lgbm_lag,21.3998848838406,9.973965457028534
RWA-fed(KEN+TZA+UGA),2017,1,private_credit,2018,lgbm_typed,21.3998848838406,9.973965457028534
RWA-fed(KEN+TZA+UGA),2017,1,private_credit,2018,tft,21.3998848838406,0.7910553855495834
RWA-fed(KEN+TZA+UGA),2017,1,private_credit,2018,tgcn,21.3998848838406,
RWA-fed(KEN+TZA+UGA),2017,1,private_credit,2018,persistence_scarcity,21.3998848838406,1.8765476965229269
RWA-fed(KEN+TZA+UGA),2017,1,private_credit,2018,chronos_scarcity,21.3998848838406,8.791769043342162
RWA-fed(KEN+TZA+UGA),2017,1,private_credit,2018,gnn_scarcity,21.3998848838406,1.2254082603054428
RWA-fed(KEN+TZA+UGA),2017,3,private_credit,2020,persistence,25.0510689076079,4.456657706715198
RWA-fed(KEN+TZA+UGA),2017,3,private_credit,2020,arima,25.0510689076079,4.445540393148693
RWA-fed(KEN+TZA+UGA),2017,3,private_credit,2020,chronos,25.0510689076079,4.156283980239735
RWA-fed(KEN+TZA+UGA),2017,3,private_credit,2020,xgb_blind,25.0510689076079,4.781718855728016
RWA-fed(KEN+TZA+UGA),2017,3,private_credit,2020,xgb_lag,25.0510689076079,7.410930281509266
RWA-fed(KEN+TZA+UGA),2017,3,private_credit,2020,xgb_typed,25.0510689076079,4.505647307266102
RWA-fed(KEN+TZA+UGA),2017,3,private_credit,2020,lgbm_blind,25.0510689076079,13.142870360244618
RWA-fed(KEN+TZA+UGA),2017,3,private_credit,2020,lgbm_lag,25.0510689076079,13.142870360244618
RWA-fed(KEN+TZA+UGA),2017,3,private_credit,2020,lgbm_typed,25.0510689076079,13.142870360244618
RWA-fed(KEN+TZA+UGA),2017,3,private_credit,2020,tft,25.0510689076079,4.398946410049305
RWA-fed(KEN+TZA+UGA),2017,3,private_credit,2020,tgcn,25.0510689076079,
RWA-fed(KEN+TZA+UGA),2017,3,private_credit,2020,persistence_scarcity,25.0510689076079,1.5299561609998662
RWA-fed(KEN+TZA+UGA),2017,3,private_credit,2020,chronos_scarcity,25.0510689076079,11.516179770557386
RWA-fed(KEN+TZA+UGA),2017,3,private_credit,2020,gnn_scarcity,25.0510689076079,6.067056303848133
RWA-fed(KEN+TZA+UGA),2017,5,private_credit,2022,persistence,22.8466317008821,2.2522204999893987
RWA-fed(KEN+TZA+UGA),2017,5,private_credit,2022,arima,22.8466317008821,2.241096324558548
RWA-fed(KEN+TZA+UGA),2017,5,private_credit,2022,chronos,22.8466317008821,1.9105507682649119
RWA-fed(KEN+TZA+UGA),2017,5,private_credit,2022,xgb_blind,22.8466317008821,3.0966107200471384
RWA-fed(KEN+TZA+UGA),2017,5,private_credit,2022,xgb_lag,22.8466317008821,13.584609682449482
RWA-fed(KEN+TZA+UGA),2017,5,private_credit,2022,xgb_typed,22.8466317008821,2.5097443412629588
RWA-fed(KEN+TZA+UGA),2017,5,private_credit,2022,lgbm_blind,22.8466317008821,10.607782164649773
RWA-fed(KEN+TZA+UGA),2017,5,private_credit,2022,lgbm_lag,22.8466317008821,10.607782164649773
RWA-fed(KEN+TZA+UGA),2017,5,private_credit,2022,lgbm_typed,22.8466317008821,10.607782164649773
RWA-fed(KEN+TZA+UGA),2017,5,private_credit,2022,tft,22.8466317008821,2.1592404197541697
RWA-fed(KEN+TZA+UGA),2017,5,private_credit,2022,tgcn,22.8466317008821,
RWA-fed(KEN+TZA+UGA),2017,5,private_credit,2022,persistence_scarcity,22.8466317008821,2.390094410899273
RWA-fed(KEN+TZA+UGA),2017,5,private_credit,2022,chronos_scarcity,22.8466317008821,16.679205872901743
RWA-fed(KEN+TZA+UGA),2017,5,private_credit,2022,gnn_scarcity,22.8466317008821,7.902064020523213
RWA-fed(KEN+TZA+UGA),2017,1,govt_consumption,2018,persistence,14.7476601788797,0.25982305767839975
RWA-fed(KEN+TZA+UGA),2017,1,govt_consumption,2018,arima,14.7476601788797,0.2554823822177337
RWA-fed(KEN+TZA+UGA),2017,1,govt_consumption,2018,chronos,14.7476601788797,0.07264568303009078
RWA-fed(KEN+TZA+UGA),2017,1,govt_consumption,2018,xgb_blind,14.7476601788797,0.46099521611114547
RWA-fed(KEN+TZA+UGA),2017,1,govt_consumption,2018,xgb_lag,14.7476601788797,0.2554823822177337
RWA-fed(KEN+TZA+UGA),2017,1,govt_consumption,2018,xgb_typed,14.7476601788797,0.2554823822177337
RWA-fed(KEN+TZA+UGA),2017,1,govt_consumption,2018,lgbm_blind,14.7476601788797,0.9053875970021679
RWA-fed(KEN+TZA+UGA),2017,1,govt_consumption,2018,lgbm_lag,14.7476601788797,0.2554823822177337
RWA-fed(KEN+TZA+UGA),2017,1,govt_consumption,2018,lgbm_typed,14.7476601788797,0.2554823822177337
RWA-fed(KEN+TZA+UGA),2017,1,govt_consumption,2018,tft,14.7476601788797,0.4077105334005733
RWA-fed(KEN+TZA+UGA),2017,1,govt_consumption,2018,tgcn,14.7476601788797,
RWA-fed(KEN+TZA+UGA),2017,1,govt_consumption,2018,persistence_scarcity,14.7476601788797,0.25982305767839975
RWA-fed(KEN+TZA+UGA),2017,1,govt_consumption,2018,chronos_scarcity,14.7476601788797,0.07264568303009078
RWA-fed(KEN+TZA+UGA),2017,1,govt_consumption,2018,gnn_scarcity,14.7476601788797,0.9634671399392705
RWA-fed(KEN+TZA+UGA),2017,3,govt_consumption,2020,persistence,16.383453875618,1.375970639059899
RWA-fed(KEN+TZA+UGA),2017,3,govt_consumption,2020,arima,16.383453875618,1.3806455812559086
RWA-fed(KEN+TZA+UGA),2017,3,govt_consumption,2020,chronos,16.383453875618,1.7586922941971004
RWA-fed(KEN+TZA+UGA),2017,3,govt_consumption,2020,xgb_blind,16.383453875618,2.6443591414261043
RWA-fed(KEN+TZA+UGA),2017,3,govt_consumption,2020,xgb_lag,16.383453875618,1.3806455812559086
RWA-fed(KEN+TZA+UGA),2017,3,govt_consumption,2020,xgb_typed,16.383453875618,1.3806455812559086
RWA-fed(KEN+TZA+UGA),2017,3,govt_consumption,2020,lgbm_blind,16.383453875618,2.4952953444290333
RWA-fed(KEN+TZA+UGA),2017,3,govt_consumption,2020,lgbm_lag,16.383453875618,1.3806455812559086
RWA-fed(KEN+TZA+UGA),2017,3,govt_consumption,2020,lgbm_typed,16.383453875618,1.3806455812559086
RWA-fed(KEN+TZA+UGA),2017,3,govt_consumption,2020,tft,16.383453875618,0.8647170363235652
RWA-fed(KEN+TZA+UGA),2017,3,govt_consumption,2020,tgcn,16.383453875618,
RWA-fed(KEN+TZA+UGA),2017,3,govt_consumption,2020,persistence_scarcity,16.383453875618,1.375970639059899
RWA-fed(KEN+TZA+UGA),2017,3,govt_consumption,2020,chronos_scarcity,16.383453875618,1.7586922941971004
RWA-fed(KEN+TZA+UGA),2017,3,govt_consumption,2020,gnn_scarcity,16.383453875618,2.497070818977374
RWA-fed(KEN+TZA+UGA),2017,5,govt_consumption,2022,persistence,17.0328176794153,2.025334442857199
RWA-fed(KEN+TZA+UGA),2017,5,govt_consumption,2022,arima,17.0328176794153,2.030011110493584
RWA-fed(KEN+TZA+UGA),2017,5,govt_consumption,2022,chronos,17.0328176794153,2.910625296602799
RWA-fed(KEN+TZA+UGA),2017,5,govt_consumption,2022,xgb_blind,17.0328176794153,2.5529583273034824
RWA-fed(KEN+TZA+UGA),2017,5,govt_consumption,2022,xgb_lag,17.0328176794153,2.030011110493584
RWA-fed(KEN+TZA+UGA),2017,5,govt_consumption,2022,xgb_typed,17.0328176794153,2.030011110493584
RWA-fed(KEN+TZA+UGA),2017,5,govt_consumption,2022,lgbm_blind,17.0328176794153,3.046826408769494
RWA-fed(KEN+TZA+UGA),2017,5,govt_consumption,2022,lgbm_lag,17.0328176794153,2.030011110493584
RWA-fed(KEN+TZA+UGA),2017,5,govt_consumption,2022,lgbm_typed,17.0328176794153,2.030011110493584
RWA-fed(KEN+TZA+UGA),2017,5,govt_consumption,2022,tft,17.0328176794153,1.2754534063440097
RWA-fed(KEN+TZA+UGA),2017,5,govt_consumption,2022,tgcn,17.0328176794153,
RWA-fed(KEN+TZA+UGA),2017,5,govt_consumption,2022,persistence_scarcity,17.0328176794153,2.025334442857199
RWA-fed(KEN+TZA+UGA),2017,5,govt_consumption,2022,chronos_scarcity,17.0328176794153,2.910625296602799
RWA-fed(KEN+TZA+UGA),2017,5,govt_consumption,2022,gnn_scarcity,17.0328176794153,3.0475595769983066
RWA-fed(KEN+TZA+UGA),2018,1,gdp_growth,2019,persistence,9.44738518613097,0.9309179602068802
RWA-fed(KEN+TZA+UGA),2018,1,gdp_growth,2019,arima,9.44738518613097,3.21155180245671
RWA-fed(KEN+TZA+UGA),2018,1,gdp_growth,2019,chronos,9.44738518613097,1.9796293916058243
RWA-fed(KEN+TZA+UGA),2018,1,gdp_growth,2019,xgb_blind,9.44738518613097,1.7785118760418595
RWA-fed(KEN+TZA+UGA),2018,1,gdp_growth,2019,xgb_lag,9.44738518613097,3.21155180245671
RWA-fed(KEN+TZA+UGA),2018,1,gdp_growth,2019,xgb_typed,9.44738518613097,3.21155180245671
RWA-fed(KEN+TZA+UGA),2018,1,gdp_growth,2019,lgbm_blind,9.44738518613097,3.5380693956821005
RWA-fed(KEN+TZA+UGA),2018,1,gdp_growth,2019,lgbm_lag,9.44738518613097,3.21155180245671
RWA-fed(KEN+TZA+UGA),2018,1,gdp_growth,2019,lgbm_typed,9.44738518613097,3.21155180245671
RWA-fed(KEN+TZA+UGA),2018,1,gdp_growth,2019,tft,9.44738518613097,0.3686813058209122
RWA-fed(KEN+TZA+UGA),2018,1,gdp_growth,2019,tgcn,9.44738518613097,
RWA-fed(KEN+TZA+UGA),2018,1,gdp_growth,2019,persistence_scarcity,9.44738518613097,0.9309179602068802
RWA-fed(KEN+TZA+UGA),2018,1,gdp_growth,2019,chronos_scarcity,9.44738518613097,1.9796293916058243
RWA-fed(KEN+TZA+UGA),2018,1,gdp_growth,2019,gnn_scarcity,9.44738518613097,3.6613172234844864
RWA-fed(KEN+TZA+UGA),2018,3,gdp_growth,2021,persistence,10.8584320184896,2.341964792565509
RWA-fed(KEN+TZA+UGA),2018,3,gdp_growth,2021,arima,10.8584320184896,4.052477146544973
RWA-fed(KEN+TZA+UGA),2018,3,gdp_growth,2021,chronos,10.8584320184896,4.232629978389502
RWA-fed(KEN+TZA+UGA),2018,3,gdp_growth,2021,xgb_blind,10.8584320184896,4.369126045436621
RWA-fed(KEN+TZA+UGA),2018,3,gdp_growth,2021,xgb_lag,10.8584320184896,4.052477146544973
RWA-fed(KEN+TZA+UGA),2018,3,gdp_growth,2021,xgb_typed,10.8584320184896,4.052477146544973
RWA-fed(KEN+TZA+UGA),2018,3,gdp_growth,2021,lgbm_blind,10.8584320184896,4.623720600704542
RWA-fed(KEN+TZA+UGA),2018,3,gdp_growth,2021,lgbm_lag,10.8584320184896,4.052477146544973
RWA-fed(KEN+TZA+UGA),2018,3,gdp_growth,2021,lgbm_typed,10.8584320184896,4.052477146544973
RWA-fed(KEN+TZA+UGA),2018,3,gdp_growth,2021,tft,10.8584320184896,0.6157190439412599
RWA-fed(KEN+TZA+UGA),2018,3,gdp_growth,2021,tgcn,10.8584320184896,
RWA-fed(KEN+TZA+UGA),2018,3,gdp_growth,2021,persistence_scarcity,10.8584320184896,2.341964792565509
RWA-fed(KEN+TZA+UGA),2018,3,gdp_growth,2021,chronos_scarcity,10.8584320184896,4.232629978389502
RWA-fed(KEN+TZA+UGA),2018,3,gdp_growth,2021,gnn_scarcity,10.8584320184896,4.7294947740743165
RWA-fed(KEN+TZA+UGA),2018,5,gdp_growth,2023,persistence,8.24990302014558,0.26656420577851136
RWA-fed(KEN+TZA+UGA),2018,5,gdp_growth,2023,arima,8.24990302014558,1.3037040364004149
RWA-fed(KEN+TZA+UGA),2018,5,gdp_growth,2023,chronos,8.24990302014558,1.1848223774453839
RWA-fed(KEN+TZA+UGA),2018,5,gdp_growth,2023,xgb_blind,8.24990302014558,2.3274982540628155
RWA-fed(KEN+TZA+UGA),2018,5,gdp_growth,2023,xgb_lag,8.24990302014558,1.3037040364004149
RWA-fed(KEN+TZA+UGA),2018,5,gdp_growth,2023,xgb_typed,8.24990302014558,1.3037040364004149
RWA-fed(KEN+TZA+UGA),2018,5,gdp_growth,2023,lgbm_blind,8.24990302014558,0.9358992706913902
RWA-fed(KEN+TZA+UGA),2018,5,gdp_growth,2023,lgbm_lag,8.24990302014558,1.3037040364004149
RWA-fed(KEN+TZA+UGA),2018,5,gdp_growth,2023,lgbm_typed,8.24990302014558,1.3037040364004149
RWA-fed(KEN+TZA+UGA),2018,5,gdp_growth,2023,tft,8.24990302014558,3.247883501766042
RWA-fed(KEN+TZA+UGA),2018,5,gdp_growth,2023,tgcn,8.24990302014558,
RWA-fed(KEN+TZA+UGA),2018,5,gdp_growth,2023,persistence_scarcity,8.24990302014558,0.26656420577851136
RWA-fed(KEN+TZA+UGA),2018,5,gdp_growth,2023,chronos_scarcity,8.24990302014558,1.1848223774453839
RWA-fed(KEN+TZA+UGA),2018,5,gdp_growth,2023,gnn_scarcity,8.24990302014558,1.5641072361489972
RWA-fed(KEN+TZA+UGA),2018,1,inflation_cpi,2019,persistence,3.34787655037648,3.6590867107671787
RWA-fed(KEN+TZA+UGA),2018,1,inflation_cpi,2019,arima,3.34787655037648,0.6752096715339908
RWA-fed(KEN+TZA+UGA),2018,1,inflation_cpi,2019,chronos,3.34787655037648,0.42853164511912567
RWA-fed(KEN+TZA+UGA),2018,1,inflation_cpi,2019,xgb_blind,3.34787655037648,1.0386149899364163
RWA-fed(KEN+TZA+UGA),2018,1,inflation_cpi,2019,xgb_lag,3.34787655037648,0.6752096715339908
RWA-fed(KEN+TZA+UGA),2018,1,inflation_cpi,2019,xgb_typed,3.34787655037648,0.6752096715339908
RWA-fed(KEN+TZA+UGA),2018,1,inflation_cpi,2019,lgbm_blind,3.34787655037648,4.253634037703211
RWA-fed(KEN+TZA+UGA),2018,1,inflation_cpi,2019,lgbm_lag,3.34787655037648,0.6752096715339908
RWA-fed(KEN+TZA+UGA),2018,1,inflation_cpi,2019,lgbm_typed,3.34787655037648,0.6752096715339908
RWA-fed(KEN+TZA+UGA),2018,1,inflation_cpi,2019,tft,3.34787655037648,3.6043009774089505
RWA-fed(KEN+TZA+UGA),2018,1,inflation_cpi,2019,tgcn,3.34787655037648,
RWA-fed(KEN+TZA+UGA),2018,1,inflation_cpi,2019,persistence_scarcity,3.34787655037648,3.6590867107671787
RWA-fed(KEN+TZA+UGA),2018,1,inflation_cpi,2019,chronos_scarcity,3.34787655037648,0.42853164511912567
RWA-fed(KEN+TZA+UGA),2018,1,inflation_cpi,2019,gnn_scarcity,3.34787655037648,4.2009944899677585
RWA-fed(KEN+TZA+UGA),2018,3,inflation_cpi,2021,persistence,-0.391346748300791,0.08013658791009204
RWA-fed(KEN+TZA+UGA),2018,3,inflation_cpi,2021,arima,-0.391346748300791,2.38758734517432
RWA-fed(KEN+TZA+UGA),2018,3,inflation_cpi,2021,chronos,-0.391346748300791,5.097766693063974
RWA-fed(KEN+TZA+UGA),2018,3,inflation_cpi,2021,xgb_blind,-0.391346748300791,1.5124679164373878
RWA-fed(KEN+TZA+UGA),2018,3,inflation_cpi,2021,xgb_lag,-0.391346748300791,2.38758734517432
RWA-fed(KEN+TZA+UGA),2018,3,inflation_cpi,2021,xgb_typed,-0.391346748300791,2.38758734517432
RWA-fed(KEN+TZA+UGA),2018,3,inflation_cpi,2021,lgbm_blind,-0.391346748300791,7.454605207662491
RWA-fed(KEN+TZA+UGA),2018,3,inflation_cpi,2021,lgbm_lag,-0.391346748300791,2.38758734517432
RWA-fed(KEN+TZA+UGA),2018,3,inflation_cpi,2021,lgbm_typed,-0.391346748300791,2.38758734517432
RWA-fed(KEN+TZA+UGA),2018,3,inflation_cpi,2021,tft,-0.391346748300791,1.9989476756536964
RWA-fed(KEN+TZA+UGA),2018,3,inflation_cpi,2021,tgcn,-0.391346748300791,
RWA-fed(KEN+TZA+UGA),2018,3,inflation_cpi,2021,persistence_scarcity,-0.391346748300791,0.08013658791009204
RWA-fed(KEN+TZA+UGA),2018,3,inflation_cpi,2021,chronos_scarcity,-0.391346748300791,5.097766693063974
RWA-fed(KEN+TZA+UGA),2018,3,inflation_cpi,2021,gnn_scarcity,-0.391346748300791,8.077035243936777
RWA-fed(KEN+TZA+UGA),2018,5,inflation_cpi,2023,persistence,19.789546746467,20.1007569068577
RWA-fed(KEN+TZA+UGA),2018,5,inflation_cpi,2023,arima,19.789546746467,17.874911845407347
RWA-fed(KEN+TZA+UGA),2018,5,inflation_cpi,2023,chronos,19.789546746467,15.73131396219576
RWA-fed(KEN+TZA+UGA),2018,5,inflation_cpi,2023,xgb_blind,19.789546746467,17.890940922950154
RWA-fed(KEN+TZA+UGA),2018,5,inflation_cpi,2023,xgb_lag,19.789546746467,17.874911845407347
RWA-fed(KEN+TZA+UGA),2018,5,inflation_cpi,2023,xgb_typed,19.789546746467,17.874911845407347
RWA-fed(KEN+TZA+UGA),2018,5,inflation_cpi,2023,lgbm_blind,19.789546746467,13.167215848047977
RWA-fed(KEN+TZA+UGA),2018,5,inflation_cpi,2023,lgbm_lag,19.789546746467,17.874911845407347
RWA-fed(KEN+TZA+UGA),2018,5,inflation_cpi,2023,lgbm_typed,19.789546746467,17.874911845407347
RWA-fed(KEN+TZA+UGA),2018,5,inflation_cpi,2023,tft,19.789546746467,17.746878403876668
RWA-fed(KEN+TZA+UGA),2018,5,inflation_cpi,2023,tgcn,19.789546746467,
RWA-fed(KEN+TZA+UGA),2018,5,inflation_cpi,2023,persistence_scarcity,19.789546746467,20.1007569068577
RWA-fed(KEN+TZA+UGA),2018,5,inflation_cpi,2023,chronos_scarcity,19.789546746467,15.73131396219576
RWA-fed(KEN+TZA+UGA),2018,5,inflation_cpi,2023,gnn_scarcity,19.789546746467,11.88165118143404
RWA-fed(KEN+TZA+UGA),2018,1,unemployment,2019,persistence,11.236,0.4770000000000003
RWA-fed(KEN+TZA+UGA),2018,1,unemployment,2019,arima,11.236,0.5785481952761327
RWA-fed(KEN+TZA+UGA),2018,1,unemployment,2019,chronos,11.236,0.5402888641357428
RWA-fed(KEN+TZA+UGA),2018,1,unemployment,2019,xgb_blind,11.236,0.26990598297119206
RWA-fed(KEN+TZA+UGA),2018,1,unemployment,2019,xgb_lag,11.236,0.5785481952761327
RWA-fed(KEN+TZA+UGA),2018,1,unemployment,2019,xgb_typed,11.236,0.5785481952761327
RWA-fed(KEN+TZA+UGA),2018,1,unemployment,2019,lgbm_blind,11.236,0.46000003106253473
RWA-fed(KEN+TZA+UGA),2018,1,unemployment,2019,lgbm_lag,11.236,0.5785481952761327
RWA-fed(KEN+TZA+UGA),2018,1,unemployment,2019,lgbm_typed,11.236,0.5785481952761327
RWA-fed(KEN+TZA+UGA),2018,1,unemployment,2019,tft,11.236,0.4366799011230462
RWA-fed(KEN+TZA+UGA),2018,1,unemployment,2019,tgcn,11.236,
RWA-fed(KEN+TZA+UGA),2018,1,unemployment,2019,persistence_scarcity,11.236,0.4770000000000003
RWA-fed(KEN+TZA+UGA),2018,1,unemployment,2019,chronos_scarcity,11.236,0.5402888641357428
RWA-fed(KEN+TZA+UGA),2018,1,unemployment,2019,gnn_scarcity,11.236,0.4863768234252923
RWA-fed(KEN+TZA+UGA),2018,3,unemployment,2021,persistence,15.775,5.016
RWA-fed(KEN+TZA+UGA),2018,3,unemployment,2021,arima,15.775,5.127629162229116
RWA-fed(KEN+TZA+UGA),2018,3,unemployment,2021,chronos,15.775,5.20815601348877
RWA-fed(KEN+TZA+UGA),2018,3,unemployment,2021,xgb_blind,15.775,4.909466171264649
RWA-fed(KEN+TZA+UGA),2018,3,unemployment,2021,xgb_lag,15.775,5.127629162229116
RWA-fed(KEN+TZA+UGA),2018,3,unemployment,2021,xgb_typed,15.775,5.127629162229116
RWA-fed(KEN+TZA+UGA),2018,3,unemployment,2021,lgbm_blind,15.775,4.119653826493483
RWA-fed(KEN+TZA+UGA),2018,3,unemployment,2021,lgbm_lag,15.775,5.127629162229116
RWA-fed(KEN+TZA+UGA),2018,3,unemployment,2021,lgbm_typed,15.775,5.127629162229116
RWA-fed(KEN+TZA+UGA),2018,3,unemployment,2021,tft,15.775,4.073935890197754
RWA-fed(KEN+TZA+UGA),2018,3,unemployment,2021,tgcn,15.775,
RWA-fed(KEN+TZA+UGA),2018,3,unemployment,2021,persistence_scarcity,15.775,5.016
RWA-fed(KEN+TZA+UGA),2018,3,unemployment,2021,chronos_scarcity,15.775,5.20815601348877
RWA-fed(KEN+TZA+UGA),2018,3,unemployment,2021,gnn_scarcity,15.775,4.043503189086914
RWA-fed(KEN+TZA+UGA),2018,5,unemployment,2023,persistence,12.352,1.593
RWA-fed(KEN+TZA+UGA),2018,5,unemployment,2023,arima,12.352,1.7047126298857567
RWA-fed(KEN+TZA+UGA),2018,5,unemployment,2023,chronos,12.352,1.6562888641357425
RWA-fed(KEN+TZA+UGA),2018,5,unemployment,2023,xgb_blind,12.352,1.4525496978759769
RWA-fed(KEN+TZA+UGA),2018,5,unemployment,2023,xgb_lag,12.352,1.7047126298857567
RWA-fed(KEN+TZA+UGA),2018,5,unemployment,2023,xgb_typed,12.352,1.7047126298857567
RWA-fed(KEN+TZA+UGA),2018,5,unemployment,2023,lgbm_blind,12.352,0.7416666367848723
RWA-fed(KEN+TZA+UGA),2018,5,unemployment,2023,lgbm_lag,12.352,1.7047126298857567
RWA-fed(KEN+TZA+UGA),2018,5,unemployment,2023,lgbm_typed,12.352,1.7047126298857567
RWA-fed(KEN+TZA+UGA),2018,5,unemployment,2023,tft,12.352,0.6306731719970706
RWA-fed(KEN+TZA+UGA),2018,5,unemployment,2023,tgcn,12.352,
RWA-fed(KEN+TZA+UGA),2018,5,unemployment,2023,persistence_scarcity,12.352,1.593
RWA-fed(KEN+TZA+UGA),2018,5,unemployment,2023,chronos_scarcity,12.352,1.6562888641357425
RWA-fed(KEN+TZA+UGA),2018,5,unemployment,2023,gnn_scarcity,12.352,0.6056926269531253
RWA-fed(KEN+TZA+UGA),2018,1,exports_gdp,2019,persistence,21.8254435390056,0.7174325503856025
RWA-fed(KEN+TZA+UGA),2018,1,exports_gdp,2019,arima,21.8254435390056,0.7080660483960521
RWA-fed(KEN+TZA+UGA),2018,1,exports_gdp,2019,chronos,21.8254435390056,1.3372309535563822
RWA-fed(KEN+TZA+UGA),2018,1,exports_gdp,2019,xgb_blind,21.8254435390056,2.9486487239421244
RWA-fed(KEN+TZA+UGA),2018,1,exports_gdp,2019,xgb_lag,21.8254435390056,0.7080660483960521
RWA-fed(KEN+TZA+UGA),2018,1,exports_gdp,2019,xgb_typed,21.8254435390056,0.7080660483960521
RWA-fed(KEN+TZA+UGA),2018,1,exports_gdp,2019,lgbm_blind,21.8254435390056,11.780306423118368
RWA-fed(KEN+TZA+UGA),2018,1,exports_gdp,2019,lgbm_lag,21.8254435390056,0.7080660483960521
RWA-fed(KEN+TZA+UGA),2018,1,exports_gdp,2019,lgbm_typed,21.8254435390056,0.7080660483960521
RWA-fed(KEN+TZA+UGA),2018,1,exports_gdp,2019,tft,21.8254435390056,0.2405321925700541
RWA-fed(KEN+TZA+UGA),2018,1,exports_gdp,2019,tgcn,21.8254435390056,
RWA-fed(KEN+TZA+UGA),2018,1,exports_gdp,2019,persistence_scarcity,21.8254435390056,0.7174325503856025
RWA-fed(KEN+TZA+UGA),2018,1,exports_gdp,2019,chronos_scarcity,21.8254435390056,1.3372309535563822
RWA-fed(KEN+TZA+UGA),2018,1,exports_gdp,2019,gnn_scarcity,21.8254435390056,11.877113613468492
RWA-fed(KEN+TZA+UGA),2018,3,exports_gdp,2021,persistence,19.502494693488,1.6055162951319986
RWA-fed(KEN+TZA+UGA),2018,3,exports_gdp,2021,arima,19.502494693488,1.6150366004661691
RWA-fed(KEN+TZA+UGA),2018,3,exports_gdp,2021,chronos,19.502494693488,2.0010606043635626
RWA-fed(KEN+TZA+UGA),2018,3,exports_gdp,2021,xgb_blind,19.502494693488,0.23860156604659366
RWA-fed(KEN+TZA+UGA),2018,3,exports_gdp,2021,xgb_lag,19.502494693488,1.6150366004661691
RWA-fed(KEN+TZA+UGA),2018,3,exports_gdp,2021,xgb_typed,19.502494693488,1.6150366004661691
RWA-fed(KEN+TZA+UGA),2018,3,exports_gdp,2021,lgbm_blind,19.502494693488,9.180232131249747
RWA-fed(KEN+TZA+UGA),2018,3,exports_gdp,2021,lgbm_lag,19.502494693488,1.6150366004661691
RWA-fed(KEN+TZA+UGA),2018,3,exports_gdp,2021,lgbm_typed,19.502494693488,1.6150366004661691
RWA-fed(KEN+TZA+UGA),2018,3,exports_gdp,2021,tft,19.502494693488,5.790681957512977
RWA-fed(KEN+TZA+UGA),2018,3,exports_gdp,2021,tgcn,19.502494693488,
RWA-fed(KEN+TZA+UGA),2018,3,exports_gdp,2021,persistence_scarcity,19.502494693488,1.6055162951319986
RWA-fed(KEN+TZA+UGA),2018,3,exports_gdp,2021,chronos_scarcity,19.502494693488,2.0010606043635626
RWA-fed(KEN+TZA+UGA),2018,3,exports_gdp,2021,gnn_scarcity,19.502494693488,9.436617732733605
RWA-fed(KEN+TZA+UGA),2018,5,exports_gdp,2023,persistence,25.0057307202908,3.8977197316708008
RWA-fed(KEN+TZA+UGA),2018,5,exports_gdp,2023,arima,25.0057307202908,3.888199386174314
RWA-fed(KEN+TZA+UGA),2018,5,exports_gdp,2023,chronos,25.0057307202908,3.2846003491970492
RWA-fed(KEN+TZA+UGA),2018,5,exports_gdp,2023,xgb_blind,25.0057307202908,6.440590949782987
RWA-fed(KEN+TZA+UGA),2018,5,exports_gdp,2023,xgb_lag,25.0057307202908,3.888199386174314
RWA-fed(KEN+TZA+UGA),2018,5,exports_gdp,2023,xgb_typed,25.0057307202908,3.888199386174314
RWA-fed(KEN+TZA+UGA),2018,5,exports_gdp,2023,lgbm_blind,25.0057307202908,14.301522604554156
RWA-fed(KEN+TZA+UGA),2018,5,exports_gdp,2023,lgbm_lag,25.0057307202908,3.888199386174314
RWA-fed(KEN+TZA+UGA),2018,5,exports_gdp,2023,lgbm_typed,25.0057307202908,3.888199386174314
RWA-fed(KEN+TZA+UGA),2018,5,exports_gdp,2023,tft,25.0057307202908,2.11764803337131
RWA-fed(KEN+TZA+UGA),2018,5,exports_gdp,2023,tgcn,25.0057307202908,
RWA-fed(KEN+TZA+UGA),2018,5,exports_gdp,2023,persistence_scarcity,25.0057307202908,3.8977197316708008
RWA-fed(KEN+TZA+UGA),2018,5,exports_gdp,2023,chronos_scarcity,25.0057307202908,3.2846003491970492
RWA-fed(KEN+TZA+UGA),2018,5,exports_gdp,2023,gnn_scarcity,25.0057307202908,14.748944373855252
RWA-fed(KEN+TZA+UGA),2018,1,imports_gdp,2019,persistence,36.1502193247898,1.474103939449499
RWA-fed(KEN+TZA+UGA),2018,1,imports_gdp,2019,arima,36.1502193247898,2.1571260640191454
RWA-fed(KEN+TZA+UGA),2018,1,imports_gdp,2019,chronos,36.1502193247898,1.3504527842624583
RWA-fed(KEN+TZA+UGA),2018,1,imports_gdp,2019,xgb_blind,36.1502193247898,5.728102091513435
RWA-fed(KEN+TZA+UGA),2018,1,imports_gdp,2019,xgb_lag,36.1502193247898,2.1571260640191454
RWA-fed(KEN+TZA+UGA),2018,1,imports_gdp,2019,xgb_typed,36.1502193247898,2.1571260640191454
RWA-fed(KEN+TZA+UGA),2018,1,imports_gdp,2019,lgbm_blind,36.1502193247898,9.340402896196576
RWA-fed(KEN+TZA+UGA),2018,1,imports_gdp,2019,lgbm_lag,36.1502193247898,2.1571260640191454
RWA-fed(KEN+TZA+UGA),2018,1,imports_gdp,2019,lgbm_typed,36.1502193247898,2.1571260640191454
RWA-fed(KEN+TZA+UGA),2018,1,imports_gdp,2019,tft,36.1502193247898,1.1570590769870677
RWA-fed(KEN+TZA+UGA),2018,1,imports_gdp,2019,tgcn,36.1502193247898,
RWA-fed(KEN+TZA+UGA),2018,1,imports_gdp,2019,persistence_scarcity,36.1502193247898,1.474103939449499
RWA-fed(KEN+TZA+UGA),2018,1,imports_gdp,2019,chronos_scarcity,36.1502193247898,1.3504527842624583
RWA-fed(KEN+TZA+UGA),2018,1,imports_gdp,2019,gnn_scarcity,36.1502193247898,9.667356852255622
RWA-fed(KEN+TZA+UGA),2018,3,imports_gdp,2021,persistence,34.7913371528487,0.11522176750839463
RWA-fed(KEN+TZA+UGA),2018,3,imports_gdp,2021,arima,34.7913371528487,0.62943277224241
RWA-fed(KEN+TZA+UGA),2018,3,imports_gdp,2021,chronos,34.7913371528487,0.8615581001143227
RWA-fed(KEN+TZA+UGA),2018,3,imports_gdp,2021,xgb_blind,34.7913371528487,2.4877826179365883
RWA-fed(KEN+TZA+UGA),2018,3,imports_gdp,2021,xgb_lag,34.7913371528487,0.62943277224241
RWA-fed(KEN+TZA+UGA),2018,3,imports_gdp,2021,xgb_typed,34.7913371528487,0.62943277224241
RWA-fed(KEN+TZA+UGA),2018,3,imports_gdp,2021,lgbm_blind,34.7913371528487,7.316088962775829
RWA-fed(KEN+TZA+UGA),2018,3,imports_gdp,2021,lgbm_lag,34.7913371528487,0.62943277224241
RWA-fed(KEN+TZA+UGA),2018,3,imports_gdp,2021,lgbm_typed,34.7913371528487,0.62943277224241
RWA-fed(KEN+TZA+UGA),2018,3,imports_gdp,2021,tft,34.7913371528487,1.1564968620438805
RWA-fed(KEN+TZA+UGA),2018,3,imports_gdp,2021,tgcn,34.7913371528487,
RWA-fed(KEN+TZA+UGA),2018,3,imports_gdp,2021,persistence_scarcity,34.7913371528487,0.11522176750839463
RWA-fed(KEN+TZA+UGA),2018,3,imports_gdp,2021,chronos_scarcity,34.7913371528487,0.8615581001143227
RWA-fed(KEN+TZA+UGA),2018,3,imports_gdp,2021,gnn_scarcity,34.7913371528487,8.072491785417057
RWA-fed(KEN+TZA+UGA),2018,5,imports_gdp,2023,persistence,39.9011734217134,5.225058036373099
RWA-fed(KEN+TZA+UGA),2018,5,imports_gdp,2023,arima,39.9011734217134,5.705592643254093
RWA-fed(KEN+TZA+UGA),2018,5,imports_gdp,2023,chronos,39.9011734217134,8.00138551888137
RWA-fed(KEN+TZA+UGA),2018,5,imports_gdp,2023,xgb_blind,39.9011734217134,9.556950399252464
RWA-fed(KEN+TZA+UGA),2018,5,imports_gdp,2023,xgb_lag,39.9011734217134,5.705592643254093
RWA-fed(KEN+TZA+UGA),2018,5,imports_gdp,2023,xgb_typed,39.9011734217134,5.705592643254093
RWA-fed(KEN+TZA+UGA),2018,5,imports_gdp,2023,lgbm_blind,39.9011734217134,13.690354813111515
RWA-fed(KEN+TZA+UGA),2018,5,imports_gdp,2023,lgbm_lag,39.9011734217134,5.705592643254093
RWA-fed(KEN+TZA+UGA),2018,5,imports_gdp,2023,lgbm_typed,39.9011734217134,5.705592643254093
RWA-fed(KEN+TZA+UGA),2018,5,imports_gdp,2023,tft,39.9011734217134,3.226338216635277
RWA-fed(KEN+TZA+UGA),2018,5,imports_gdp,2023,tgcn,39.9011734217134,
RWA-fed(KEN+TZA+UGA),2018,5,imports_gdp,2023,persistence_scarcity,39.9011734217134,5.225058036373099
RWA-fed(KEN+TZA+UGA),2018,5,imports_gdp,2023,chronos_scarcity,39.9011734217134,8.00138551888137
RWA-fed(KEN+TZA+UGA),2018,5,imports_gdp,2023,gnn_scarcity,39.9011734217134,12.79906732735305
RWA-fed(KEN+TZA+UGA),2018,1,current_account,2019,persistence,-11.8932238048423,1.7789727153444002
RWA-fed(KEN+TZA+UGA),2018,1,current_account,2019,arima,-11.8932238048423,1.9931938285894457
RWA-fed(KEN+TZA+UGA),2018,1,current_account,2019,chronos,-11.8932238048423,2.1111174053061674
RWA-fed(KEN+TZA+UGA),2018,1,current_account,2019,xgb_blind,-11.8932238048423,2.597842174161606
RWA-fed(KEN+TZA+UGA),2018,1,current_account,2019,xgb_lag,-11.8932238048423,1.9931938285894457
RWA-fed(KEN+TZA+UGA),2018,1,current_account,2019,xgb_typed,-11.8932238048423,1.9931938285894457
RWA-fed(KEN+TZA+UGA),2018,1,current_account,2019,lgbm_blind,-11.8932238048423,4.274083264991793
RWA-fed(KEN+TZA+UGA),2018,1,current_account,2019,lgbm_lag,-11.8932238048423,1.9931938285894457
RWA-fed(KEN+TZA+UGA),2018,1,current_account,2019,lgbm_typed,-11.8932238048423,1.9931938285894457
RWA-fed(KEN+TZA+UGA),2018,1,current_account,2019,tft,-11.8932238048423,2.5001717037070463
RWA-fed(KEN+TZA+UGA),2018,1,current_account,2019,tgcn,-11.8932238048423,
RWA-fed(KEN+TZA+UGA),2018,1,current_account,2019,persistence_scarcity,-11.8932238048423,1.7789727153444002
RWA-fed(KEN+TZA+UGA),2018,1,current_account,2019,chronos_scarcity,-11.8932238048423,2.1111174053061674
RWA-fed(KEN+TZA+UGA),2018,1,current_account,2019,gnn_scarcity,-11.8932238048423,4.340296310793228
RWA-fed(KEN+TZA+UGA),2018,3,current_account,2021,persistence,-10.9152624610396,0.8010113715416995
RWA-fed(KEN+TZA+UGA),2018,3,current_account,2021,arima,-10.9152624610396,0.9680390068701232
RWA-fed(KEN+TZA+UGA),2018,3,current_account,2021,chronos,-10.9152624610396,1.3832685950728028
RWA-fed(KEN+TZA+UGA),2018,3,current_account,2021,xgb_blind,-10.9152624610396,1.368796587321338
RWA-fed(KEN+TZA+UGA),2018,3,current_account,2021,xgb_lag,-10.9152624610396,0.9680390068701232
RWA-fed(KEN+TZA+UGA),2018,3,current_account,2021,xgb_typed,-10.9152624610396,0.9680390068701232
RWA-fed(KEN+TZA+UGA),2018,3,current_account,2021,lgbm_blind,-10.9152624610396,3.2113318813405964
RWA-fed(KEN+TZA+UGA),2018,3,current_account,2021,lgbm_lag,-10.9152624610396,0.9680390068701232
RWA-fed(KEN+TZA+UGA),2018,3,current_account,2021,lgbm_typed,-10.9152624610396,0.9680390068701232
RWA-fed(KEN+TZA+UGA),2018,3,current_account,2021,tft,-10.9152624610396,2.446916818949756
RWA-fed(KEN+TZA+UGA),2018,3,current_account,2021,tgcn,-10.9152624610396,
RWA-fed(KEN+TZA+UGA),2018,3,current_account,2021,persistence_scarcity,-10.9152624610396,0.8010113715416995
RWA-fed(KEN+TZA+UGA),2018,3,current_account,2021,chronos_scarcity,-10.9152624610396,1.3832685950728028
RWA-fed(KEN+TZA+UGA),2018,3,current_account,2021,gnn_scarcity,-10.9152624610396,3.4215695861311524
RWA-fed(KEN+TZA+UGA),2018,5,current_account,2023,persistence,-11.4935434871962,1.3792923976983005
RWA-fed(KEN+TZA+UGA),2018,5,current_account,2023,arima,-11.4935434871962,1.541252956602424
RWA-fed(KEN+TZA+UGA),2018,5,current_account,2023,chronos,-11.4935434871962,2.2950295025160248
RWA-fed(KEN+TZA+UGA),2018,5,current_account,2023,xgb_blind,-11.4935434871962,0.10951505244278259
RWA-fed(KEN+TZA+UGA),2018,5,current_account,2023,xgb_lag,-11.4935434871962,1.541252956602424
RWA-fed(KEN+TZA+UGA),2018,5,current_account,2023,xgb_typed,-11.4935434871962,1.541252956602424
RWA-fed(KEN+TZA+UGA),2018,5,current_account,2023,lgbm_blind,-11.4935434871962,3.69069119434062
RWA-fed(KEN+TZA+UGA),2018,5,current_account,2023,lgbm_lag,-11.4935434871962,1.541252956602424
RWA-fed(KEN+TZA+UGA),2018,5,current_account,2023,lgbm_typed,-11.4935434871962,1.541252956602424
RWA-fed(KEN+TZA+UGA),2018,5,current_account,2023,tft,-11.4935434871962,3.8851278835585052
RWA-fed(KEN+TZA+UGA),2018,5,current_account,2023,tgcn,-11.4935434871962,
RWA-fed(KEN+TZA+UGA),2018,5,current_account,2023,persistence_scarcity,-11.4935434871962,1.3792923976983005
RWA-fed(KEN+TZA+UGA),2018,5,current_account,2023,chronos_scarcity,-11.4935434871962,2.2950295025160248
RWA-fed(KEN+TZA+UGA),2018,5,current_account,2023,gnn_scarcity,-11.4935434871962,4.09605346262955
RWA-fed(KEN+TZA+UGA),2018,1,real_interest_rate,2019,persistence,13.717350611345,3.939171999221001
RWA-fed(KEN+TZA+UGA),2018,1,real_interest_rate,2019,arima,13.717350611345,0.0021612020902761486
RWA-fed(KEN+TZA+UGA),2018,1,real_interest_rate,2019,chronos,13.717350611345,0.12807334388894454
RWA-fed(KEN+TZA+UGA),2018,1,real_interest_rate,2019,xgb_blind,13.717350611345,2.146880755082792
RWA-fed(KEN+TZA+UGA),2018,1,real_interest_rate,2019,xgb_lag,13.717350611345,0.0021612020902761486
RWA-fed(KEN+TZA+UGA),2018,1,real_interest_rate,2019,xgb_typed,13.717350611345,0.0021612020902761486
RWA-fed(KEN+TZA+UGA),2018,1,real_interest_rate,2019,lgbm_blind,13.717350611345,4.492380445172699
RWA-fed(KEN+TZA+UGA),2018,1,real_interest_rate,2019,lgbm_lag,13.717350611345,0.0021612020902761486
RWA-fed(KEN+TZA+UGA),2018,1,real_interest_rate,2019,lgbm_typed,13.717350611345,0.0021612020902761486
RWA-fed(KEN+TZA+UGA),2018,1,real_interest_rate,2019,tft,13.717350611345,4.692599645002657
RWA-fed(KEN+TZA+UGA),2018,1,real_interest_rate,2019,tgcn,13.717350611345,
RWA-fed(KEN+TZA+UGA),2018,1,real_interest_rate,2019,persistence_scarcity,13.717350611345,3.939171999221001
RWA-fed(KEN+TZA+UGA),2018,1,real_interest_rate,2019,chronos_scarcity,13.717350611345,0.12807334388894454
RWA-fed(KEN+TZA+UGA),2018,1,real_interest_rate,2019,gnn_scarcity,13.717350611345,4.510332712785429
RWA-fed(KEN+TZA+UGA),2018,3,real_interest_rate,2021,persistence,12.8518758011187,4.8046468094473
RWA-fed(KEN+TZA+UGA),2018,3,real_interest_rate,2021,arima,12.8518758011187,1.8249872399632086
RWA-fed(KEN+TZA+UGA),2018,3,real_interest_rate,2021,chronos,12.8518758011187,0.5653872298871594
RWA-fed(KEN+TZA+UGA),2018,3,real_interest_rate,2021,xgb_blind,12.8518758011187,5.211684684721144
RWA-fed(KEN+TZA+UGA),2018,3,real_interest_rate,2021,xgb_lag,12.8518758011187,1.8249872399632086
RWA-fed(KEN+TZA+UGA),2018,3,real_interest_rate,2021,xgb_typed,12.8518758011187,1.8249872399632086
RWA-fed(KEN+TZA+UGA),2018,3,real_interest_rate,2021,lgbm_blind,12.8518758011187,3.4259282862545852
RWA-fed(KEN+TZA+UGA),2018,3,real_interest_rate,2021,lgbm_lag,12.8518758011187,1.8249872399632086
RWA-fed(KEN+TZA+UGA),2018,3,real_interest_rate,2021,lgbm_typed,12.8518758011187,1.8249872399632086
RWA-fed(KEN+TZA+UGA),2018,3,real_interest_rate,2021,tft,12.8518758011187,9.094550590482863
RWA-fed(KEN+TZA+UGA),2018,3,real_interest_rate,2021,tgcn,12.8518758011187,
RWA-fed(KEN+TZA+UGA),2018,3,real_interest_rate,2021,persistence_scarcity,12.8518758011187,4.8046468094473
RWA-fed(KEN+TZA+UGA),2018,3,real_interest_rate,2021,chronos_scarcity,12.8518758011187,0.5653872298871594
RWA-fed(KEN+TZA+UGA),2018,3,real_interest_rate,2021,gnn_scarcity,12.8518758011187,3.4933448028887195
RWA-fed(KEN+TZA+UGA),2018,5,real_interest_rate,2023,persistence,3.67012650683346,13.98639610373254
RWA-fed(KEN+TZA+UGA),2018,5,real_interest_rate,2023,arima,3.67012650683346,11.178418535257345
RWA-fed(KEN+TZA+UGA),2018,5,real_interest_rate,2023,chronos,3.67012650683346,7.958165576906774
RWA-fed(KEN+TZA+UGA),2018,5,real_interest_rate,2023,xgb_blind,3.67012650683346,6.634301593752477
RWA-fed(KEN+TZA+UGA),2018,5,real_interest_rate,2023,xgb_lag,3.67012650683346,11.178418535257345
RWA-fed(KEN+TZA+UGA),2018,5,real_interest_rate,2023,xgb_typed,3.67012650683346,11.178418535257345
RWA-fed(KEN+TZA+UGA),2018,5,real_interest_rate,2023,lgbm_blind,3.67012650683346,5.990294581504438
RWA-fed(KEN+TZA+UGA),2018,5,real_interest_rate,2023,lgbm_lag,3.67012650683346,11.178418535257345
RWA-fed(KEN+TZA+UGA),2018,5,real_interest_rate,2023,lgbm_typed,3.67012650683346,11.178418535257345
RWA-fed(KEN+TZA+UGA),2018,5,real_interest_rate,2023,tft,3.67012650683346,21.192059925051307
RWA-fed(KEN+TZA+UGA),2018,5,real_interest_rate,2023,tgcn,3.67012650683346,
RWA-fed(KEN+TZA+UGA),2018,5,real_interest_rate,2023,persistence_scarcity,3.67012650683346,13.98639610373254
RWA-fed(KEN+TZA+UGA),2018,5,real_interest_rate,2023,chronos_scarcity,3.67012650683346,7.958165576906774
RWA-fed(KEN+TZA+UGA),2018,5,real_interest_rate,2023,gnn_scarcity,3.67012650683346,5.934478214235876
RWA-fed(KEN+TZA+UGA),2018,1,broad_money,2019,persistence,21.3544486905459,0.37633954801799874
RWA-fed(KEN+TZA+UGA),2018,1,broad_money,2019,arima,21.3544486905459,0.012257436491445617
RWA-fed(KEN+TZA+UGA),2018,1,broad_money,2019,chronos,21.3544486905459,0.5663246060732448
RWA-fed(KEN+TZA+UGA),2018,1,broad_money,2019,xgb_blind,21.3544486905459,2.963903799188479
RWA-fed(KEN+TZA+UGA),2018,1,broad_money,2019,xgb_lag,21.3544486905459,1.02746237767969
RWA-fed(KEN+TZA+UGA),2018,1,broad_money,2019,xgb_typed,21.3544486905459,1.1721786404970729
RWA-fed(KEN+TZA+UGA),2018,1,broad_money,2019,lgbm_blind,21.3544486905459,4.958934781342236
RWA-fed(KEN+TZA+UGA),2018,1,broad_money,2019,lgbm_lag,21.3544486905459,4.958934781342236
RWA-fed(KEN+TZA+UGA),2018,1,broad_money,2019,lgbm_typed,21.3544486905459,4.958934781342236
RWA-fed(KEN+TZA+UGA),2018,1,broad_money,2019,tft,21.3544486905459,0.34616814600195056
RWA-fed(KEN+TZA+UGA),2018,1,broad_money,2019,tgcn,21.3544486905459,
RWA-fed(KEN+TZA+UGA),2018,1,broad_money,2019,persistence_scarcity,21.3544486905459,0.0359347096944056
RWA-fed(KEN+TZA+UGA),2018,1,broad_money,2019,chronos_scarcity,21.3544486905459,0.5346910708882504
RWA-fed(KEN+TZA+UGA),2018,1,broad_money,2019,gnn_scarcity,21.3544486905459,0.2580417539003932
RWA-fed(KEN+TZA+UGA),2018,3,broad_money,2021,persistence,26.0617481878019,4.330959949238
RWA-fed(KEN+TZA+UGA),2018,3,broad_money,2021,arima,26.0617481878019,4.641302880160705
RWA-fed(KEN+TZA+UGA),2018,3,broad_money,2021,chronos,26.0617481878019,6.351968448422017
RWA-fed(KEN+TZA+UGA),2018,3,broad_money,2021,xgb_blind,26.0617481878019,7.54210821892983
RWA-fed(KEN+TZA+UGA),2018,3,broad_money,2021,xgb_lag,26.0617481878019,4.988874118588033
RWA-fed(KEN+TZA+UGA),2018,3,broad_money,2021,xgb_typed,26.0617481878019,5.00670782830483
RWA-fed(KEN+TZA+UGA),2018,3,broad_money,2021,lgbm_blind,26.0617481878019,9.476729442966413
RWA-fed(KEN+TZA+UGA),2018,3,broad_money,2021,lgbm_lag,26.0617481878019,9.476729442966413
RWA-fed(KEN+TZA+UGA),2018,3,broad_money,2021,lgbm_typed,26.0617481878019,9.476729442966413
RWA-fed(KEN+TZA+UGA),2018,3,broad_money,2021,tft,26.0617481878019,3.5088783910489703
RWA-fed(KEN+TZA+UGA),2018,3,broad_money,2021,tgcn,26.0617481878019,
RWA-fed(KEN+TZA+UGA),2018,3,broad_money,2021,persistence_scarcity,26.0617481878019,3.1606792542764524
RWA-fed(KEN+TZA+UGA),2018,3,broad_money,2021,chronos_scarcity,26.0617481878019,3.7422320364628696
RWA-fed(KEN+TZA+UGA),2018,3,broad_money,2021,gnn_scarcity,26.0617481878019,4.877853076717916
RWA-fed(KEN+TZA+UGA),2018,5,broad_money,2023,persistence,26.3281033455288,4.597315106964899
RWA-fed(KEN+TZA+UGA),2018,5,broad_money,2023,arima,26.3281033455288,4.905916833559935
RWA-fed(KEN+TZA+UGA),2018,5,broad_money,2023,chronos,26.3281033455288,7.037677091256338
RWA-fed(KEN+TZA+UGA),2018,5,broad_money,2023,xgb_blind,26.3281033455288,7.19950990070458
RWA-fed(KEN+TZA+UGA),2018,5,broad_money,2023,xgb_lag,26.3281033455288,5.231684964791494
RWA-fed(KEN+TZA+UGA),2018,5,broad_money,2023,xgb_typed,26.3281033455288,5.326777738228994
RWA-fed(KEN+TZA+UGA),2018,5,broad_money,2023,lgbm_blind,26.3281033455288,9.861368459359365
RWA-fed(KEN+TZA+UGA),2018,5,broad_money,2023,lgbm_lag,26.3281033455288,9.861368459359365
RWA-fed(KEN+TZA+UGA),2018,5,broad_money,2023,lgbm_typed,26.3281033455288,9.861368459359365
RWA-fed(KEN+TZA+UGA),2018,5,broad_money,2023,tft,26.3281033455288,3.244069379464346
RWA-fed(KEN+TZA+UGA),2018,5,broad_money,2023,tgcn,26.3281033455288,
RWA-fed(KEN+TZA+UGA),2018,5,broad_money,2023,persistence_scarcity,26.3281033455288,1.615782294846369
RWA-fed(KEN+TZA+UGA),2018,5,broad_money,2023,chronos_scarcity,26.3281033455288,1.291048647174108
RWA-fed(KEN+TZA+UGA),2018,5,broad_money,2023,gnn_scarcity,26.3281033455288,4.398858350411611
RWA-fed(KEN+TZA+UGA),2018,1,private_credit,2019,persistence,21.4605470851456,0.060662201304999996
RWA-fed(KEN+TZA+UGA),2018,1,private_credit,2019,arima,21.4605470851456,0.009493985540004246
RWA-fed(KEN+TZA+UGA),2018,1,private_credit,2019,chronos,21.4605470851456,0.38585722003329437
RWA-fed(KEN+TZA+UGA),2018,1,private_credit,2019,xgb_blind,21.4605470851456,5.130154247621185
RWA-fed(KEN+TZA+UGA),2018,1,private_credit,2019,xgb_lag,21.4605470851456,2.5360132411514584
RWA-fed(KEN+TZA+UGA),2018,1,private_credit,2019,xgb_typed,21.4605470851456,0.9622446254288022
RWA-fed(KEN+TZA+UGA),2018,1,private_credit,2019,lgbm_blind,21.4605470851456,9.678414595804954
RWA-fed(KEN+TZA+UGA),2018,1,private_credit,2019,lgbm_lag,21.4605470851456,9.678414595804954
RWA-fed(KEN+TZA+UGA),2018,1,private_credit,2019,lgbm_typed,21.4605470851456,9.678414595804954
RWA-fed(KEN+TZA+UGA),2018,1,private_credit,2019,tft,21.4605470851456,0.19207059893954437
RWA-fed(KEN+TZA+UGA),2018,1,private_credit,2019,tgcn,21.4605470851456,
RWA-fed(KEN+TZA+UGA),2018,1,private_credit,2019,persistence_scarcity,21.4605470851456,0.031870926429597546
RWA-fed(KEN+TZA+UGA),2018,1,private_credit,2019,chronos_scarcity,21.4605470851456,6.757954183079445
RWA-fed(KEN+TZA+UGA),2018,1,private_credit,2019,gnn_scarcity,21.4605470851456,0.33372938189852874
RWA-fed(KEN+TZA+UGA),2018,3,private_credit,2021,persistence,25.3431515385739,3.9432666547333
RWA-fed(KEN+TZA+UGA),2018,3,private_credit,2021,arima,25.3431515385739,3.8664676888077594
RWA-fed(KEN+TZA+UGA),2018,3,private_credit,2021,chronos,25.3431515385739,3.8001389195553443
RWA-fed(KEN+TZA+UGA),2018,3,private_credit,2021,xgb_blind,25.3431515385739,6.088657825194993
RWA-fed(KEN+TZA+UGA),2018,3,private_credit,2021,xgb_lag,25.3431515385739,5.670544116698899
RWA-fed(KEN+TZA+UGA),2018,3,private_credit,2021,xgb_typed,25.3431515385739,4.490164249145188
RWA-fed(KEN+TZA+UGA),2018,3,private_credit,2021,lgbm_blind,25.3431515385739,13.069888120816424
RWA-fed(KEN+TZA+UGA),2018,3,private_credit,2021,lgbm_lag,25.3431515385739,13.069888120816424
RWA-fed(KEN+TZA+UGA),2018,3,private_credit,2021,lgbm_typed,25.3431515385739,13.069888120816424
RWA-fed(KEN+TZA+UGA),2018,3,private_credit,2021,tft,25.3431515385739,3.508690326415696
RWA-fed(KEN+TZA+UGA),2018,3,private_credit,2021,tgcn,25.3431515385739,
RWA-fed(KEN+TZA+UGA),2018,3,private_credit,2021,persistence_scarcity,25.3431515385739,3.3588780410324333
RWA-fed(KEN+TZA+UGA),2018,3,private_credit,2021,chronos_scarcity,25.3431515385739,11.460145783646006
RWA-fed(KEN+TZA+UGA),2018,3,private_credit,2021,gnn_scarcity,25.3431515385739,4.817390887939133
RWA-fed(KEN+TZA+UGA),2018,5,private_credit,2023,persistence,22.3546156935488,0.9547308097082023
RWA-fed(KEN+TZA+UGA),2018,5,private_credit,2023,arima,22.3546156935488,0.8778814497572469
RWA-fed(KEN+TZA+UGA),2018,5,private_credit,2023,chronos,22.3546156935488,0.002671723822238903
RWA-fed(KEN+TZA+UGA),2018,5,private_credit,2023,xgb_blind,22.3546156935488,5.2830615095888405
RWA-fed(KEN+TZA+UGA),2018,5,private_credit,2023,xgb_lag,22.3546156935488,13.159155374029758
RWA-fed(KEN+TZA+UGA),2018,5,private_credit,2023,xgb_typed,22.3546156935488,1.7161021284853248
RWA-fed(KEN+TZA+UGA),2018,5,private_credit,2023,lgbm_blind,22.3546156935488,9.734056338925642
RWA-fed(KEN+TZA+UGA),2018,5,private_credit,2023,lgbm_lag,22.3546156935488,9.734056338925642
RWA-fed(KEN+TZA+UGA),2018,5,private_credit,2023,lgbm_typed,22.3546156935488,9.734056338925642
RWA-fed(KEN+TZA+UGA),2018,5,private_credit,2023,tft,22.3546156935488,0.31084585712302015
RWA-fed(KEN+TZA+UGA),2018,5,private_credit,2023,tgcn,22.3546156935488,
RWA-fed(KEN+TZA+UGA),2018,5,private_credit,2023,persistence_scarcity,22.3546156935488,3.7991544594568367
RWA-fed(KEN+TZA+UGA),2018,5,private_credit,2023,chronos_scarcity,22.3546156935488,20.76560418597696
RWA-fed(KEN+TZA+UGA),2018,5,private_credit,2023,gnn_scarcity,22.3546156935488,6.364652162054661
RWA-fed(KEN+TZA+UGA),2018,1,govt_consumption,2019,persistence,15.8165587890012,1.068898610121499
RWA-fed(KEN+TZA+UGA),2018,1,govt_consumption,2019,arima,15.8165587890012,1.087641808604955
RWA-fed(KEN+TZA+UGA),2018,1,govt_consumption,2019,chronos,15.8165587890012,1.6071204650265898
RWA-fed(KEN+TZA+UGA),2018,1,govt_consumption,2019,xgb_blind,15.8165587890012,0.7432307708127226
RWA-fed(KEN+TZA+UGA),2018,1,govt_consumption,2019,xgb_lag,15.8165587890012,1.087641808604955
RWA-fed(KEN+TZA+UGA),2018,1,govt_consumption,2019,xgb_typed,15.8165587890012,1.087641808604955
RWA-fed(KEN+TZA+UGA),2018,1,govt_consumption,2019,lgbm_blind,15.8165587890012,1.9419509194442277
RWA-fed(KEN+TZA+UGA),2018,1,govt_consumption,2019,lgbm_lag,15.8165587890012,1.087641808604955
RWA-fed(KEN+TZA+UGA),2018,1,govt_consumption,2019,lgbm_typed,15.8165587890012,1.087641808604955
RWA-fed(KEN+TZA+UGA),2018,1,govt_consumption,2019,tft,15.8165587890012,1.0764903533322538
RWA-fed(KEN+TZA+UGA),2018,1,govt_consumption,2019,tgcn,15.8165587890012,
RWA-fed(KEN+TZA+UGA),2018,1,govt_consumption,2019,persistence_scarcity,15.8165587890012,1.068898610121499
RWA-fed(KEN+TZA+UGA),2018,1,govt_consumption,2019,chronos_scarcity,15.8165587890012,1.6071204650265898
RWA-fed(KEN+TZA+UGA),2018,1,govt_consumption,2019,gnn_scarcity,15.8165587890012,2.0418452727658476
RWA-fed(KEN+TZA+UGA),2018,3,govt_consumption,2021,persistence,16.9437619532634,2.196101774383701
RWA-fed(KEN+TZA+UGA),2018,3,govt_consumption,2021,arima,16.9437619532634,2.2162946141126643
RWA-fed(KEN+TZA+UGA),2018,3,govt_consumption,2021,chronos,16.9437619532634,3.2382108058024635
RWA-fed(KEN+TZA+UGA),2018,3,govt_consumption,2021,xgb_blind,16.9437619532634,1.7347241725016822
RWA-fed(KEN+TZA+UGA),2018,3,govt_consumption,2021,xgb_lag,16.9437619532634,2.2162946141126643
RWA-fed(KEN+TZA+UGA),2018,3,govt_consumption,2021,xgb_typed,16.9437619532634,2.2162946141126643
RWA-fed(KEN+TZA+UGA),2018,3,govt_consumption,2021,lgbm_blind,16.9437619532634,3.022545648777786
RWA-fed(KEN+TZA+UGA),2018,3,govt_consumption,2021,lgbm_lag,16.9437619532634,2.2162946141126643
RWA-fed(KEN+TZA+UGA),2018,3,govt_consumption,2021,lgbm_typed,16.9437619532634,2.2162946141126643
RWA-fed(KEN+TZA+UGA),2018,3,govt_consumption,2021,tft,16.9437619532634,2.198797353654026
RWA-fed(KEN+TZA+UGA),2018,3,govt_consumption,2021,tgcn,16.9437619532634,
RWA-fed(KEN+TZA+UGA),2018,3,govt_consumption,2021,persistence_scarcity,16.9437619532634,2.196101774383701
RWA-fed(KEN+TZA+UGA),2018,3,govt_consumption,2021,chronos_scarcity,16.9437619532634,3.2382108058024635
RWA-fed(KEN+TZA+UGA),2018,3,govt_consumption,2021,gnn_scarcity,16.9437619532634,3.1084519709635963
RWA-fed(KEN+TZA+UGA),2018,5,govt_consumption,2023,persistence,16.2989613675996,1.5513011887198989
RWA-fed(KEN+TZA+UGA),2018,5,govt_consumption,2023,arima,16.2989613675996,1.5715015722905665
RWA-fed(KEN+TZA+UGA),2018,5,govt_consumption,2023,chronos,16.2989613675996,2.442243304245107
RWA-fed(KEN+TZA+UGA),2018,5,govt_consumption,2023,xgb_blind,16.2989613675996,1.3112933301850482
RWA-fed(KEN+TZA+UGA),2018,5,govt_consumption,2023,xgb_lag,16.2989613675996,1.5715015722905665
RWA-fed(KEN+TZA+UGA),2018,5,govt_consumption,2023,xgb_typed,16.2989613675996,1.5715015722905665
RWA-fed(KEN+TZA+UGA),2018,5,govt_consumption,2023,lgbm_blind,16.2989613675996,2.281233873359792
RWA-fed(KEN+TZA+UGA),2018,5,govt_consumption,2023,lgbm_lag,16.2989613675996,1.5715015722905665
RWA-fed(KEN+TZA+UGA),2018,5,govt_consumption,2023,lgbm_typed,16.2989613675996,1.5715015722905665
RWA-fed(KEN+TZA+UGA),2018,5,govt_consumption,2023,tft,16.2989613675996,1.547074046127431
RWA-fed(KEN+TZA+UGA),2018,5,govt_consumption,2023,tgcn,16.2989613675996,
RWA-fed(KEN+TZA+UGA),2018,5,govt_consumption,2023,persistence_scarcity,16.2989613675996,1.5513011887198989
RWA-fed(KEN+TZA+UGA),2018,5,govt_consumption,2023,chronos_scarcity,16.2989613675996,2.442243304245107
RWA-fed(KEN+TZA+UGA),2018,5,govt_consumption,2023,gnn_scarcity,16.2989613675996,2.365236010543935
RWA-fed(KEN+TZA+UGA),2019,1,gdp_growth,2020,persistence,-3.37368746369782,12.82107264982879
RWA-fed(KEN+TZA+UGA),2019,1,gdp_growth,2020,arima,-3.37368746369782,12.360138050567878
RWA-fed(KEN+TZA+UGA),2019,1,gdp_growth,2020,chronos,-3.37368746369782,11.229956346449285
RWA-fed(KEN+TZA+UGA),2019,1,gdp_growth,2020,xgb_blind,-3.37368746369782,10.677926736769109
RWA-fed(KEN+TZA+UGA),2019,1,gdp_growth,2020,xgb_lag,-3.37368746369782,12.360138050567878
RWA-fed(KEN+TZA+UGA),2019,1,gdp_growth,2020,xgb_typed,-3.37368746369782,12.360138050567878
RWA-fed(KEN+TZA+UGA),2019,1,gdp_growth,2020,lgbm_blind,-3.37368746369782,9.405005634968783
RWA-fed(KEN+TZA+UGA),2019,1,gdp_growth,2020,lgbm_lag,-3.37368746369782,12.360138050567878
RWA-fed(KEN+TZA+UGA),2019,1,gdp_growth,2020,lgbm_typed,-3.37368746369782,12.360138050567878
RWA-fed(KEN+TZA+UGA),2019,1,gdp_growth,2020,tft,-3.37368746369782,13.486856180128484
RWA-fed(KEN+TZA+UGA),2019,1,gdp_growth,2020,tgcn,-3.37368746369782,
RWA-fed(KEN+TZA+UGA),2019,1,gdp_growth,2020,persistence_scarcity,-3.37368746369782,12.82107264982879
RWA-fed(KEN+TZA+UGA),2019,1,gdp_growth,2020,chronos_scarcity,-3.37368746369782,11.229956346449285
RWA-fed(KEN+TZA+UGA),2019,1,gdp_growth,2020,gnn_scarcity,-3.37368746369782,9.441997247633367
RWA-fed(KEN+TZA+UGA),2019,3,gdp_growth,2022,persistence,8.16120720872912,1.2861779774018505
RWA-fed(KEN+TZA+UGA),2019,3,gdp_growth,2022,arima,8.16120720872912,0.9404661402899048
RWA-fed(KEN+TZA+UGA),2019,3,gdp_growth,2022,chronos,8.16120720872912,0.8895902729991398
RWA-fed(KEN+TZA+UGA),2019,3,gdp_growth,2022,xgb_blind,8.16120720872912,0.7249465085032902
RWA-fed(KEN+TZA+UGA),2019,3,gdp_growth,2022,xgb_lag,8.16120720872912,0.9404661402899048
RWA-fed(KEN+TZA+UGA),2019,3,gdp_growth,2022,xgb_typed,8.16120720872912,0.9404661402899048
RWA-fed(KEN+TZA+UGA),2019,3,gdp_growth,2022,lgbm_blind,8.16120720872912,1.8075078866290815
RWA-fed(KEN+TZA+UGA),2019,3,gdp_growth,2022,lgbm_lag,8.16120720872912,0.9404661402899048
RWA-fed(KEN+TZA+UGA),2019,3,gdp_growth,2022,lgbm_typed,8.16120720872912,0.9404661402899048
RWA-fed(KEN+TZA+UGA),2019,3,gdp_growth,2022,tft,8.16120720872912,4.091243734264044
RWA-fed(KEN+TZA+UGA),2019,3,gdp_growth,2022,tgcn,8.16120720872912,
RWA-fed(KEN+TZA+UGA),2019,3,gdp_growth,2022,persistence_scarcity,8.16120720872912,1.2861779774018505
RWA-fed(KEN+TZA+UGA),2019,3,gdp_growth,2022,chronos_scarcity,8.16120720872912,0.8895902729991398
RWA-fed(KEN+TZA+UGA),2019,3,gdp_growth,2022,gnn_scarcity,8.16120720872912,1.9101791478160344
RWA-fed(KEN+TZA+UGA),2019,1,inflation_cpi,2020,persistence,9.85039902274207,6.502522472365591
RWA-fed(KEN+TZA+UGA),2019,1,inflation_cpi,2020,arima,9.85039902274207,7.801099256512645
RWA-fed(KEN+TZA+UGA),2019,1,inflation_cpi,2020,chronos,9.85039902274207,4.817765241308965
RWA-fed(KEN+TZA+UGA),2019,1,inflation_cpi,2020,xgb_blind,9.85039902274207,3.5113244110782524
RWA-fed(KEN+TZA+UGA),2019,1,inflation_cpi,2020,xgb_lag,9.85039902274207,7.801099256512645
RWA-fed(KEN+TZA+UGA),2019,1,inflation_cpi,2020,xgb_typed,9.85039902274207,7.801099256512645
RWA-fed(KEN+TZA+UGA),2019,1,inflation_cpi,2020,lgbm_blind,9.85039902274207,2.3955654705007454
RWA-fed(KEN+TZA+UGA),2019,1,inflation_cpi,2020,lgbm_lag,9.85039902274207,7.801099256512645
RWA-fed(KEN+TZA+UGA),2019,1,inflation_cpi,2020,lgbm_typed,9.85039902274207,7.801099256512645
RWA-fed(KEN+TZA+UGA),2019,1,inflation_cpi,2020,tft,9.85039902274207,2.3654604012210747
RWA-fed(KEN+TZA+UGA),2019,1,inflation_cpi,2020,tgcn,9.85039902274207,
RWA-fed(KEN+TZA+UGA),2019,1,inflation_cpi,2020,persistence_scarcity,9.85039902274207,6.502522472365591
RWA-fed(KEN+TZA+UGA),2019,1,inflation_cpi,2020,chronos_scarcity,9.85039902274207,4.817765241308965
RWA-fed(KEN+TZA+UGA),2019,1,inflation_cpi,2020,gnn_scarcity,9.85039902274207,2.3764185959537407
RWA-fed(KEN+TZA+UGA),2019,3,inflation_cpi,2022,persistence,17.6892095588153,14.34133300843882
RWA-fed(KEN+TZA+UGA),2019,3,inflation_cpi,2022,arima,17.6892095588153,15.342609253121225
RWA-fed(KEN+TZA+UGA),2019,3,inflation_cpi,2022,chronos,17.6892095588153,13.264915563911735
RWA-fed(KEN+TZA+UGA),2019,3,inflation_cpi,2022,xgb_blind,17.6892095588153,16.115102865547478
RWA-fed(KEN+TZA+UGA),2019,3,inflation_cpi,2022,xgb_lag,17.6892095588153,15.342609253121225
RWA-fed(KEN+TZA+UGA),2019,3,inflation_cpi,2022,xgb_typed,17.6892095588153,15.342609253121225
RWA-fed(KEN+TZA+UGA),2019,3,inflation_cpi,2022,lgbm_blind,17.6892095588153,10.763557836883031
RWA-fed(KEN+TZA+UGA),2019,3,inflation_cpi,2022,lgbm_lag,17.6892095588153,15.342609253121225
RWA-fed(KEN+TZA+UGA),2019,3,inflation_cpi,2022,lgbm_typed,17.6892095588153,15.342609253121225
RWA-fed(KEN+TZA+UGA),2019,3,inflation_cpi,2022,tft,17.6892095588153,9.466019251198112
RWA-fed(KEN+TZA+UGA),2019,3,inflation_cpi,2022,tgcn,17.6892095588153,
RWA-fed(KEN+TZA+UGA),2019,3,inflation_cpi,2022,persistence_scarcity,17.6892095588153,14.34133300843882
RWA-fed(KEN+TZA+UGA),2019,3,inflation_cpi,2022,chronos_scarcity,17.6892095588153,13.264915563911735
RWA-fed(KEN+TZA+UGA),2019,3,inflation_cpi,2022,gnn_scarcity,17.6892095588153,10.141618349403679
RWA-fed(KEN+TZA+UGA),2019,1,unemployment,2020,persistence,11.829,0.593
RWA-fed(KEN+TZA+UGA),2019,1,unemployment,2020,arima,11.829,0.6852877897325342
RWA-fed(KEN+TZA+UGA),2019,1,unemployment,2020,chronos,11.829,0.5045218505859381
RWA-fed(KEN+TZA+UGA),2019,1,unemployment,2020,xgb_blind,11.829,0.5092177429199225
RWA-fed(KEN+TZA+UGA),2019,1,unemployment,2020,xgb_lag,11.829,0.6852877897325342
RWA-fed(KEN+TZA+UGA),2019,1,unemployment,2020,xgb_typed,11.829,0.6852877897325342
RWA-fed(KEN+TZA+UGA),2019,1,unemployment,2020,lgbm_blind,11.829,0.14886203686944377
RWA-fed(KEN+TZA+UGA),2019,1,unemployment,2020,lgbm_lag,11.829,0.6852877897325342
RWA-fed(KEN+TZA+UGA),2019,1,unemployment,2020,lgbm_typed,11.829,0.6852877897325342
RWA-fed(KEN+TZA+UGA),2019,1,unemployment,2020,tft,11.829,0.06453562164306703
RWA-fed(KEN+TZA+UGA),2019,1,unemployment,2020,tgcn,11.829,
RWA-fed(KEN+TZA+UGA),2019,1,unemployment,2020,persistence_scarcity,11.829,0.593
RWA-fed(KEN+TZA+UGA),2019,1,unemployment,2020,chronos_scarcity,11.829,0.5045218505859381
RWA-fed(KEN+TZA+UGA),2019,1,unemployment,2020,gnn_scarcity,11.829,0.1183037796020514
RWA-fed(KEN+TZA+UGA),2019,3,unemployment,2022,persistence,15.084,3.847999999999999
RWA-fed(KEN+TZA+UGA),2019,3,unemployment,2022,arima,15.084,3.925886953813025
RWA-fed(KEN+TZA+UGA),2019,3,unemployment,2022,chronos,15.084,3.6737302627563473
RWA-fed(KEN+TZA+UGA),2019,3,unemployment,2022,xgb_blind,15.084,4.159715065002441
RWA-fed(KEN+TZA+UGA),2019,3,unemployment,2022,xgb_lag,15.084,3.925886953813025
RWA-fed(KEN+TZA+UGA),2019,3,unemployment,2022,xgb_typed,15.084,3.925886953813025
RWA-fed(KEN+TZA+UGA),2019,3,unemployment,2022,lgbm_blind,15.084,3.4441851639924224
RWA-fed(KEN+TZA+UGA),2019,3,unemployment,2022,lgbm_lag,15.084,3.925886953813025
RWA-fed(KEN+TZA+UGA),2019,3,unemployment,2022,lgbm_typed,15.084,3.925886953813025
RWA-fed(KEN+TZA+UGA),2019,3,unemployment,2022,tft,15.084,3.2229770507812496
RWA-fed(KEN+TZA+UGA),2019,3,unemployment,2022,tgcn,15.084,
RWA-fed(KEN+TZA+UGA),2019,3,unemployment,2022,persistence_scarcity,15.084,3.847999999999999
RWA-fed(KEN+TZA+UGA),2019,3,unemployment,2022,chronos_scarcity,15.084,3.6737302627563473
RWA-fed(KEN+TZA+UGA),2019,3,unemployment,2022,gnn_scarcity,15.084,3.36828840637207
RWA-fed(KEN+TZA+UGA),2019,1,exports_gdp,2020,persistence,19.3259418342726,2.4995017047329995
RWA-fed(KEN+TZA+UGA),2019,1,exports_gdp,2020,arima,19.3259418342726,2.5145924063620058
RWA-fed(KEN+TZA+UGA),2019,1,exports_gdp,2020,chronos,19.3259418342726,2.589619841752789
RWA-fed(KEN+TZA+UGA),2019,1,exports_gdp,2020,xgb_blind,19.3259418342726,1.5407402183397032
RWA-fed(KEN+TZA+UGA),2019,1,exports_gdp,2020,xgb_lag,19.3259418342726,2.5145924063620058
RWA-fed(KEN+TZA+UGA),2019,1,exports_gdp,2020,xgb_typed,19.3259418342726,2.5145924063620058
RWA-fed(KEN+TZA+UGA),2019,1,exports_gdp,2020,lgbm_blind,19.3259418342726,8.874587264870367
RWA-fed(KEN+TZA+UGA),2019,1,exports_gdp,2020,lgbm_lag,19.3259418342726,2.5145924063620058
RWA-fed(KEN+TZA+UGA),2019,1,exports_gdp,2020,lgbm_typed,19.3259418342726,2.5145924063620058
RWA-fed(KEN+TZA+UGA),2019,1,exports_gdp,2020,tft,19.3259418342726,2.7832805778367735
RWA-fed(KEN+TZA+UGA),2019,1,exports_gdp,2020,tgcn,19.3259418342726,
RWA-fed(KEN+TZA+UGA),2019,1,exports_gdp,2020,persistence_scarcity,19.3259418342726,2.4995017047329995
RWA-fed(KEN+TZA+UGA),2019,1,exports_gdp,2020,chronos_scarcity,19.3259418342726,2.589619841752789
RWA-fed(KEN+TZA+UGA),2019,1,exports_gdp,2020,gnn_scarcity,19.3259418342726,8.913982186140277
RWA-fed(KEN+TZA+UGA),2019,3,exports_gdp,2022,persistence,22.4780615146911,0.652617975685498
RWA-fed(KEN+TZA+UGA),2019,3,exports_gdp,2022,arima,22.4780615146911,0.6372031747322424
RWA-fed(KEN+TZA+UGA),2019,3,exports_gdp,2022,chronos,22.4780615146911,0.14757903178094267
RWA-fed(KEN+TZA+UGA),2019,3,exports_gdp,2022,xgb_blind,22.4780615146911,4.833658057049497
RWA-fed(KEN+TZA+UGA),2019,3,exports_gdp,2022,xgb_lag,22.4780615146911,0.6372031747322424
RWA-fed(KEN+TZA+UGA),2019,3,exports_gdp,2022,xgb_typed,22.4780615146911,0.6372031747322424
RWA-fed(KEN+TZA+UGA),2019,3,exports_gdp,2022,lgbm_blind,22.4780615146911,11.7297552226164
RWA-fed(KEN+TZA+UGA),2019,3,exports_gdp,2022,lgbm_lag,22.4780615146911,0.6372031747322424
RWA-fed(KEN+TZA+UGA),2019,3,exports_gdp,2022,lgbm_typed,22.4780615146911,0.6372031747322424
RWA-fed(KEN+TZA+UGA),2019,3,exports_gdp,2022,tft,22.4780615146911,0.7138730708801901
RWA-fed(KEN+TZA+UGA),2019,3,exports_gdp,2022,tgcn,22.4780615146911,
RWA-fed(KEN+TZA+UGA),2019,3,exports_gdp,2022,persistence_scarcity,22.4780615146911,0.652617975685498
RWA-fed(KEN+TZA+UGA),2019,3,exports_gdp,2022,chronos_scarcity,22.4780615146911,0.14757903178094267
RWA-fed(KEN+TZA+UGA),2019,3,exports_gdp,2022,gnn_scarcity,22.4780615146911,11.996103125408872
RWA-fed(KEN+TZA+UGA),2019,1,imports_gdp,2020,persistence,35.8620097177129,0.2882096070769009
RWA-fed(KEN+TZA+UGA),2019,1,imports_gdp,2020,arima,35.8620097177129,0.3696066812079053
RWA-fed(KEN+TZA+UGA),2019,1,imports_gdp,2020,chronos,35.8620097177129,1.0315983755488176
RWA-fed(KEN+TZA+UGA),2019,1,imports_gdp,2020,xgb_blind,35.8620097177129,1.9353396432500105
RWA-fed(KEN+TZA+UGA),2019,1,imports_gdp,2020,xgb_lag,35.8620097177129,0.3696066812079053
RWA-fed(KEN+TZA+UGA),2019,1,imports_gdp,2020,xgb_typed,35.8620097177129,0.3696066812079053
RWA-fed(KEN+TZA+UGA),2019,1,imports_gdp,2020,lgbm_blind,35.8620097177129,8.730110443084165
RWA-fed(KEN+TZA+UGA),2019,1,imports_gdp,2020,lgbm_lag,35.8620097177129,0.3696066812079053
RWA-fed(KEN+TZA+UGA),2019,1,imports_gdp,2020,lgbm_typed,35.8620097177129,0.3696066812079053
RWA-fed(KEN+TZA+UGA),2019,1,imports_gdp,2020,tft,35.8620097177129,1.0746472341913957
RWA-fed(KEN+TZA+UGA),2019,1,imports_gdp,2020,tgcn,35.8620097177129,
RWA-fed(KEN+TZA+UGA),2019,1,imports_gdp,2020,persistence_scarcity,35.8620097177129,0.2882096070769009
RWA-fed(KEN+TZA+UGA),2019,1,imports_gdp,2020,chronos_scarcity,35.8620097177129,1.0315983755488176
RWA-fed(KEN+TZA+UGA),2019,1,imports_gdp,2020,gnn_scarcity,35.8620097177129,8.942427350769542
RWA-fed(KEN+TZA+UGA),2019,3,imports_gdp,2022,persistence,38.667017988674,2.5167986638841953
RWA-fed(KEN+TZA+UGA),2019,3,imports_gdp,2022,arima,38.667017988674,3.0120614769420797
RWA-fed(KEN+TZA+UGA),2019,3,imports_gdp,2022,chronos,38.667017988674,3.339190535060716
RWA-fed(KEN+TZA+UGA),2019,3,imports_gdp,2022,xgb_blind,38.667017988674,4.337897352687669
RWA-fed(KEN+TZA+UGA),2019,3,imports_gdp,2022,xgb_lag,38.667017988674,3.0120614769420797
RWA-fed(KEN+TZA+UGA),2019,3,imports_gdp,2022,xgb_typed,38.667017988674,3.0120614769420797
RWA-fed(KEN+TZA+UGA),2019,3,imports_gdp,2022,lgbm_blind,38.667017988674,10.87047458476594
RWA-fed(KEN+TZA+UGA),2019,3,imports_gdp,2022,lgbm_lag,38.667017988674,3.0120614769420797
RWA-fed(KEN+TZA+UGA),2019,3,imports_gdp,2022,lgbm_typed,38.667017988674,3.0120614769420797
RWA-fed(KEN+TZA+UGA),2019,3,imports_gdp,2022,tft,38.667017988674,1.0021218733865496
RWA-fed(KEN+TZA+UGA),2019,3,imports_gdp,2022,tgcn,38.667017988674,
RWA-fed(KEN+TZA+UGA),2019,3,imports_gdp,2022,persistence_scarcity,38.667017988674,2.5167986638841953
RWA-fed(KEN+TZA+UGA),2019,3,imports_gdp,2022,chronos_scarcity,38.667017988674,3.339190535060716
RWA-fed(KEN+TZA+UGA),2019,3,imports_gdp,2022,gnn_scarcity,38.667017988674,11.619254164211107
RWA-fed(KEN+TZA+UGA),2019,1,current_account,2020,persistence,-12.0648128308305,0.17158902598819914
RWA-fed(KEN+TZA+UGA),2019,1,current_account,2020,arima,-12.0648128308305,0.722596886866663
RWA-fed(KEN+TZA+UGA),2019,1,current_account,2020,chronos,-12.0648128308305,0.6813918866166322
RWA-fed(KEN+TZA+UGA),2019,1,current_account,2020,xgb_blind,-12.0648128308305,1.475842305277899
RWA-fed(KEN+TZA+UGA),2019,1,current_account,2020,xgb_lag,-12.0648128308305,0.722596886866663
RWA-fed(KEN+TZA+UGA),2019,1,current_account,2020,xgb_typed,-12.0648128308305,0.722596886866663
RWA-fed(KEN+TZA+UGA),2019,1,current_account,2020,lgbm_blind,-12.0648128308305,4.2982901108882094
RWA-fed(KEN+TZA+UGA),2019,1,current_account,2020,lgbm_lag,-12.0648128308305,0.722596886866663
RWA-fed(KEN+TZA+UGA),2019,1,current_account,2020,lgbm_typed,-12.0648128308305,0.722596886866663
RWA-fed(KEN+TZA+UGA),2019,1,current_account,2020,tft,-12.0648128308305,2.525575808430597
RWA-fed(KEN+TZA+UGA),2019,1,current_account,2020,tgcn,-12.0648128308305,
RWA-fed(KEN+TZA+UGA),2019,1,current_account,2020,persistence_scarcity,-12.0648128308305,0.17158902598819914
RWA-fed(KEN+TZA+UGA),2019,1,current_account,2020,chronos_scarcity,-12.0648128308305,0.6813918866166322
RWA-fed(KEN+TZA+UGA),2019,1,current_account,2020,gnn_scarcity,-12.0648128308305,4.398254088307306
RWA-fed(KEN+TZA+UGA),2019,3,current_account,2022,persistence,-9.36601780213995,2.52720600270235
RWA-fed(KEN+TZA+UGA),2019,3,current_account,2022,arima,-9.36601780213995,2.0940029325206844
RWA-fed(KEN+TZA+UGA),2019,3,current_account,2022,chronos,-9.36601780213995,1.2528433962853427
RWA-fed(KEN+TZA+UGA),2019,3,current_account,2022,xgb_blind,-9.36601780213995,2.5891719027550693
RWA-fed(KEN+TZA+UGA),2019,3,current_account,2022,xgb_lag,-9.36601780213995,2.0940029325206844
RWA-fed(KEN+TZA+UGA),2019,3,current_account,2022,xgb_typed,-9.36601780213995,2.0940029325206844
RWA-fed(KEN+TZA+UGA),2019,3,current_account,2022,lgbm_blind,-9.36601780213995,1.5069282156700883
RWA-fed(KEN+TZA+UGA),2019,3,current_account,2022,lgbm_lag,-9.36601780213995,2.0940029325206844
RWA-fed(KEN+TZA+UGA),2019,3,current_account,2022,lgbm_typed,-9.36601780213995,2.0940029325206844
RWA-fed(KEN+TZA+UGA),2019,3,current_account,2022,tft,-9.36601780213995,0.14121769227666903
RWA-fed(KEN+TZA+UGA),2019,3,current_account,2022,tgcn,-9.36601780213995,
RWA-fed(KEN+TZA+UGA),2019,3,current_account,2022,persistence_scarcity,-9.36601780213995,2.52720600270235
RWA-fed(KEN+TZA+UGA),2019,3,current_account,2022,chronos_scarcity,-9.36601780213995,1.2528433962853427
RWA-fed(KEN+TZA+UGA),2019,3,current_account,2022,gnn_scarcity,-9.36601780213995,1.7329611615149503
RWA-fed(KEN+TZA+UGA),2019,1,real_interest_rate,2020,persistence,9.02726772141586,4.690082889929139
RWA-fed(KEN+TZA+UGA),2019,1,real_interest_rate,2020,arima,9.02726772141586,6.356364935673701
RWA-fed(KEN+TZA+UGA),2019,1,real_interest_rate,2020,chronos,9.02726772141586,3.4785935609327723
RWA-fed(KEN+TZA+UGA),2019,1,real_interest_rate,2020,xgb_blind,9.02726772141586,0.5266001493943762
RWA-fed(KEN+TZA+UGA),2019,1,real_interest_rate,2020,xgb_lag,9.02726772141586,6.356364935673701
RWA-fed(KEN+TZA+UGA),2019,1,real_interest_rate,2020,xgb_typed,9.02726772141586,6.356364935673701
RWA-fed(KEN+TZA+UGA),2019,1,real_interest_rate,2020,lgbm_blind,9.02726772141586,0.35261212729456126
RWA-fed(KEN+TZA+UGA),2019,1,real_interest_rate,2020,lgbm_lag,9.02726772141586,6.356364935673701
RWA-fed(KEN+TZA+UGA),2019,1,real_interest_rate,2020,lgbm_typed,9.02726772141586,6.356364935673701
RWA-fed(KEN+TZA+UGA),2019,1,real_interest_rate,2020,tft,9.02726772141586,5.344910356281893
RWA-fed(KEN+TZA+UGA),2019,1,real_interest_rate,2020,tgcn,9.02726772141586,
RWA-fed(KEN+TZA+UGA),2019,1,real_interest_rate,2020,persistence_scarcity,9.02726772141586,4.690082889929139
RWA-fed(KEN+TZA+UGA),2019,1,real_interest_rate,2020,chronos_scarcity,9.02726772141586,3.4785935609327723
RWA-fed(KEN+TZA+UGA),2019,1,real_interest_rate,2020,gnn_scarcity,9.02726772141586,0.40223571944107306
RWA-fed(KEN+TZA+UGA),2019,3,real_interest_rate,2022,persistence,0.495362461056007,13.221988150288992
RWA-fed(KEN+TZA+UGA),2019,3,real_interest_rate,2022,arima,0.495362461056007,14.481578270256943
RWA-fed(KEN+TZA+UGA),2019,3,real_interest_rate,2022,chronos,0.495362461056007,12.39475899890493
RWA-fed(KEN+TZA+UGA),2019,3,real_interest_rate,2022,xgb_blind,0.495362461056007,10.39301282123159
RWA-fed(KEN+TZA+UGA),2019,3,real_interest_rate,2022,xgb_lag,0.495362461056007,14.481578270256943
RWA-fed(KEN+TZA+UGA),2019,3,real_interest_rate,2022,xgb_typed,0.495362461056007,14.481578270256943
RWA-fed(KEN+TZA+UGA),2019,3,real_interest_rate,2022,lgbm_blind,0.495362461056007,9.089525922138245
RWA-fed(KEN+TZA+UGA),2019,3,real_interest_rate,2022,lgbm_lag,0.495362461056007,14.481578270256943
RWA-fed(KEN+TZA+UGA),2019,3,real_interest_rate,2022,lgbm_typed,0.495362461056007,14.481578270256943
RWA-fed(KEN+TZA+UGA),2019,3,real_interest_rate,2022,tft,0.495362461056007,14.69240075305532
RWA-fed(KEN+TZA+UGA),2019,3,real_interest_rate,2022,tgcn,0.495362461056007,
RWA-fed(KEN+TZA+UGA),2019,3,real_interest_rate,2022,persistence_scarcity,0.495362461056007,13.221988150288992
RWA-fed(KEN+TZA+UGA),2019,3,real_interest_rate,2022,chronos_scarcity,0.495362461056007,12.39475899890493
RWA-fed(KEN+TZA+UGA),2019,3,real_interest_rate,2022,gnn_scarcity,0.495362461056007,9.0156591530187
RWA-fed(KEN+TZA+UGA),2019,1,broad_money,2020,persistence,25.1477472790838,3.7932985885378976
RWA-fed(KEN+TZA+UGA),2019,1,broad_money,2020,arima,25.1477472790838,3.725404775512242
RWA-fed(KEN+TZA+UGA),2019,1,broad_money,2020,chronos,25.1477472790838,4.086612940704892
RWA-fed(KEN+TZA+UGA),2019,1,broad_money,2020,xgb_blind,25.1477472790838,5.330707789337705
RWA-fed(KEN+TZA+UGA),2019,1,broad_money,2020,xgb_lag,25.1477472790838,4.350157023346494
RWA-fed(KEN+TZA+UGA),2019,1,broad_money,2020,xgb_typed,25.1477472790838,4.327739954865049
RWA-fed(KEN+TZA+UGA),2019,1,broad_money,2020,lgbm_blind,25.1477472790838,8.581235631629173
RWA-fed(KEN+TZA+UGA),2019,1,broad_money,2020,lgbm_lag,25.1477472790838,8.581235631629173
RWA-fed(KEN+TZA+UGA),2019,1,broad_money,2020,lgbm_typed,25.1477472790838,8.581235631629173
RWA-fed(KEN+TZA+UGA),2019,1,broad_money,2020,tft,25.1477472790838,3.595180750763486
RWA-fed(KEN+TZA+UGA),2019,1,broad_money,2020,tgcn,25.1477472790838,
RWA-fed(KEN+TZA+UGA),2019,1,broad_money,2020,persistence_scarcity,25.1477472790838,4.1748265786406655
RWA-fed(KEN+TZA+UGA),2019,1,broad_money,2020,chronos_scarcity,25.1477472790838,5.434706910945284
RWA-fed(KEN+TZA+UGA),2019,1,broad_money,2020,gnn_scarcity,25.1477472790838,3.511991740143369
RWA-fed(KEN+TZA+UGA),2019,3,broad_money,2022,persistence,25.5730826285685,4.218633938022599
RWA-fed(KEN+TZA+UGA),2019,3,broad_money,2022,arima,25.5730826285685,4.160778870665887
RWA-fed(KEN+TZA+UGA),2019,3,broad_money,2022,chronos,25.5730826285685,6.206526460965961
RWA-fed(KEN+TZA+UGA),2019,3,broad_money,2022,xgb_blind,25.5730826285685,5.049713793119281
RWA-fed(KEN+TZA+UGA),2019,3,broad_money,2022,xgb_lag,25.5730826285685,4.3365942862833435
RWA-fed(KEN+TZA+UGA),2019,3,broad_money,2022,xgb_typed,25.5730826285685,4.3554140952433045
RWA-fed(KEN+TZA+UGA),2019,3,broad_money,2022,lgbm_blind,25.5730826285685,8.811418343968349
RWA-fed(KEN+TZA+UGA),2019,3,broad_money,2022,lgbm_lag,25.5730826285685,8.811418343968349
RWA-fed(KEN+TZA+UGA),2019,3,broad_money,2022,lgbm_typed,25.5730826285685,8.811418343968349
RWA-fed(KEN+TZA+UGA),2019,3,broad_money,2022,tft,25.5730826285685,3.3154036429727967
RWA-fed(KEN+TZA+UGA),2019,3,broad_money,2022,tgcn,25.5730826285685,
RWA-fed(KEN+TZA+UGA),2019,3,broad_money,2022,persistence_scarcity,25.5730826285685,3.0446790935478063
RWA-fed(KEN+TZA+UGA),2019,3,broad_money,2022,chronos_scarcity,25.5730826285685,3.661139031013242
RWA-fed(KEN+TZA+UGA),2019,3,broad_money,2022,gnn_scarcity,25.5730826285685,4.131148042997211
RWA-fed(KEN+TZA+UGA),2019,1,private_credit,2020,persistence,25.0510689076079,3.5905218224623
RWA-fed(KEN+TZA+UGA),2019,1,private_credit,2020,arima,25.0510689076079,3.5852397117602237
RWA-fed(KEN+TZA+UGA),2019,1,private_credit,2020,chronos,25.0510689076079,3.6435219105375865
RWA-fed(KEN+TZA+UGA),2019,1,private_credit,2020,xgb_blind,25.0510689076079,4.869052534927235
RWA-fed(KEN+TZA+UGA),2019,1,private_credit,2020,xgb_lag,25.0510689076079,4.244783049453602
RWA-fed(KEN+TZA+UGA),2019,1,private_credit,2020,xgb_typed,25.0510689076079,4.11641085707079
RWA-fed(KEN+TZA+UGA),2019,1,private_credit,2020,lgbm_blind,25.0510689076079,12.93519800432968
RWA-fed(KEN+TZA+UGA),2019,1,private_credit,2020,lgbm_lag,25.0510689076079,12.93519800432968
RWA-fed(KEN+TZA+UGA),2019,1,private_credit,2020,lgbm_typed,25.0510689076079,12.93519800432968
RWA-fed(KEN+TZA+UGA),2019,1,private_credit,2020,tft,25.0510689076079,3.178060179580555
RWA-fed(KEN+TZA+UGA),2019,1,private_credit,2020,tgcn,25.0510689076079,
RWA-fed(KEN+TZA+UGA),2019,1,private_credit,2020,persistence_scarcity,25.0510689076079,3.523772018740395
RWA-fed(KEN+TZA+UGA),2019,1,private_credit,2020,chronos_scarcity,25.0510689076079,9.693933389437543
RWA-fed(KEN+TZA+UGA),2019,1,private_credit,2020,gnn_scarcity,25.0510689076079,4.586885100234852
RWA-fed(KEN+TZA+UGA),2019,3,private_credit,2022,persistence,22.8466317008821,1.3860846157365003
RWA-fed(KEN+TZA+UGA),2019,3,private_credit,2022,arima,22.8466317008821,1.3803025211485043
RWA-fed(KEN+TZA+UGA),2019,3,private_credit,2022,chronos,22.8466317008821,0.8699700187531931
RWA-fed(KEN+TZA+UGA),2019,3,private_credit,2022,xgb_blind,22.8466317008821,2.6329972099153025
RWA-fed(KEN+TZA+UGA),2019,3,private_credit,2022,xgb_lag,22.8466317008821,3.5388199638215525
RWA-fed(KEN+TZA+UGA),2019,3,private_credit,2022,xgb_typed,22.8466317008821,1.7431122611848338
RWA-fed(KEN+TZA+UGA),2019,3,private_credit,2022,lgbm_blind,22.8466317008821,10.233098539577485
RWA-fed(KEN+TZA+UGA),2019,3,private_credit,2022,lgbm_lag,22.8466317008821,10.233098539577485
RWA-fed(KEN+TZA+UGA),2019,3,private_credit,2022,lgbm_typed,22.8466317008821,10.233098539577485
RWA-fed(KEN+TZA+UGA),2019,3,private_credit,2022,tft,22.8466317008821,0.9039875816194041
RWA-fed(KEN+TZA+UGA),2019,3,private_credit,2022,tgcn,22.8466317008821,
RWA-fed(KEN+TZA+UGA),2019,3,private_credit,2022,persistence_scarcity,22.8466317008821,0.8437368865304151
RWA-fed(KEN+TZA+UGA),2019,3,private_credit,2022,chronos_scarcity,22.8466317008821,10.003044038557562
RWA-fed(KEN+TZA+UGA),2019,3,private_credit,2022,gnn_scarcity,22.8466317008821,3.8430115531770213
RWA-fed(KEN+TZA+UGA),2019,1,govt_consumption,2020,persistence,16.383453875618,0.5668950866167997
RWA-fed(KEN+TZA+UGA),2019,1,govt_consumption,2020,arima,16.383453875618,0.49358297288120134
RWA-fed(KEN+TZA+UGA),2019,1,govt_consumption,2020,chronos,16.383453875618,0.9885697661209285
RWA-fed(KEN+TZA+UGA),2019,1,govt_consumption,2020,xgb_blind,16.383453875618,1.1138015089798152
RWA-fed(KEN+TZA+UGA),2019,1,govt_consumption,2020,xgb_lag,16.383453875618,0.49358297288120134
RWA-fed(KEN+TZA+UGA),2019,1,govt_consumption,2020,xgb_typed,16.383453875618,0.49358297288120134
RWA-fed(KEN+TZA+UGA),2019,1,govt_consumption,2020,lgbm_blind,16.383453875618,2.441882179566763
RWA-fed(KEN+TZA+UGA),2019,1,govt_consumption,2020,lgbm_lag,16.383453875618,0.49358297288120134
RWA-fed(KEN+TZA+UGA),2019,1,govt_consumption,2020,lgbm_typed,16.383453875618,0.49358297288120134
RWA-fed(KEN+TZA+UGA),2019,1,govt_consumption,2020,tft,16.383453875618,0.6908622084427058
RWA-fed(KEN+TZA+UGA),2019,1,govt_consumption,2020,tgcn,16.383453875618,
RWA-fed(KEN+TZA+UGA),2019,1,govt_consumption,2020,persistence_scarcity,16.383453875618,0.5668950866167997
RWA-fed(KEN+TZA+UGA),2019,1,govt_consumption,2020,chronos_scarcity,16.383453875618,0.9885697661209285
RWA-fed(KEN+TZA+UGA),2019,1,govt_consumption,2020,gnn_scarcity,16.383453875618,2.5116553602981746
RWA-fed(KEN+TZA+UGA),2019,3,govt_consumption,2022,persistence,17.0328176794153,1.2162588904140996
RWA-fed(KEN+TZA+UGA),2019,3,govt_consumption,2022,arima,17.0328176794153,1.1375736795522933
RWA-fed(KEN+TZA+UGA),2019,3,govt_consumption,2022,chronos,17.0328176794153,2.448190527926041
RWA-fed(KEN+TZA+UGA),2019,3,govt_consumption,2022,xgb_blind,17.0328176794153,1.3537815389734043
RWA-fed(KEN+TZA+UGA),2019,3,govt_consumption,2022,xgb_lag,17.0328176794153,1.1375736795522933
RWA-fed(KEN+TZA+UGA),2019,3,govt_consumption,2022,xgb_typed,17.0328176794153,1.1375736795522933
RWA-fed(KEN+TZA+UGA),2019,3,govt_consumption,2022,lgbm_blind,17.0328176794153,3.0414035033220905
RWA-fed(KEN+TZA+UGA),2019,3,govt_consumption,2022,lgbm_lag,17.0328176794153,1.1375736795522933
RWA-fed(KEN+TZA+UGA),2019,3,govt_consumption,2022,lgbm_typed,17.0328176794153,1.1375736795522933
RWA-fed(KEN+TZA+UGA),2019,3,govt_consumption,2022,tft,17.0328176794153,1.331582861910416
RWA-fed(KEN+TZA+UGA),2019,3,govt_consumption,2022,tgcn,17.0328176794153,
RWA-fed(KEN+TZA+UGA),2019,3,govt_consumption,2022,persistence_scarcity,17.0328176794153,1.2162588904140996
RWA-fed(KEN+TZA+UGA),2019,3,govt_consumption,2022,chronos_scarcity,17.0328176794153,2.448190527926041
RWA-fed(KEN+TZA+UGA),2019,3,govt_consumption,2022,gnn_scarcity,17.0328176794153,3.1283176717859043
RWA-fed(KEN+TZA+UGA),2020,1,gdp_growth,2021,persistence,10.8584320184896,14.23211948218742
RWA-fed(KEN+TZA+UGA),2020,1,gdp_growth,2021,arima,10.8584320184896,7.867388287191286
RWA-fed(KEN+TZA+UGA),2020,1,gdp_growth,2021,chronos,10.8584320184896,5.279714786739111
RWA-fed(KEN+TZA+UGA),2020,1,gdp_growth,2021,xgb_blind,10.8584320184896,5.716165268153906
RWA-fed(KEN+TZA+UGA),2020,1,gdp_growth,2021,xgb_lag,10.8584320184896,7.867388287191286
RWA-fed(KEN+TZA+UGA),2020,1,gdp_growth,2021,xgb_typed,10.8584320184896,7.867388287191286
RWA-fed(KEN+TZA+UGA),2020,1,gdp_growth,2021,lgbm_blind,10.8584320184896,5.140614036451738
RWA-fed(KEN+TZA+UGA),2020,1,gdp_growth,2021,lgbm_lag,10.8584320184896,7.867388287191286
RWA-fed(KEN+TZA+UGA),2020,1,gdp_growth,2021,lgbm_typed,10.8584320184896,7.867388287191286
RWA-fed(KEN+TZA+UGA),2020,1,gdp_growth,2021,tft,10.8584320184896,12.560940944881201
RWA-fed(KEN+TZA+UGA),2020,1,gdp_growth,2021,tgcn,10.8584320184896,
RWA-fed(KEN+TZA+UGA),2020,1,gdp_growth,2021,persistence_scarcity,10.8584320184896,14.23211948218742
RWA-fed(KEN+TZA+UGA),2020,1,gdp_growth,2021,chronos_scarcity,10.8584320184896,5.279714786739111
RWA-fed(KEN+TZA+UGA),2020,1,gdp_growth,2021,gnn_scarcity,10.8584320184896,5.202532016963721
RWA-fed(KEN+TZA+UGA),2020,3,gdp_growth,2023,persistence,8.24990302014558,11.6235904838434
RWA-fed(KEN+TZA+UGA),2020,3,gdp_growth,2023,arima,8.24990302014558,6.849960849528959
RWA-fed(KEN+TZA+UGA),2020,3,gdp_growth,2023,chronos,8.24990302014558,1.5983574955484112
RWA-fed(KEN+TZA+UGA),2020,3,gdp_growth,2023,xgb_blind,8.24990302014558,0.34632557940276065
RWA-fed(KEN+TZA+UGA),2020,3,gdp_growth,2023,xgb_lag,8.24990302014558,6.849960849528959
RWA-fed(KEN+TZA+UGA),2020,3,gdp_growth,2023,xgb_typed,8.24990302014558,6.849960849528959
RWA-fed(KEN+TZA+UGA),2020,3,gdp_growth,2023,lgbm_blind,8.24990302014558,2.2436103704677572
RWA-fed(KEN+TZA+UGA),2020,3,gdp_growth,2023,lgbm_lag,8.24990302014558,6.849960849528959
RWA-fed(KEN+TZA+UGA),2020,3,gdp_growth,2023,lgbm_typed,8.24990302014558,6.849960849528959
RWA-fed(KEN+TZA+UGA),2020,3,gdp_growth,2023,tft,8.24990302014558,8.264071759464427
RWA-fed(KEN+TZA+UGA),2020,3,gdp_growth,2023,tgcn,8.24990302014558,
RWA-fed(KEN+TZA+UGA),2020,3,gdp_growth,2023,persistence_scarcity,8.24990302014558,11.6235904838434
RWA-fed(KEN+TZA+UGA),2020,3,gdp_growth,2023,chronos_scarcity,8.24990302014558,1.5983574955484112
RWA-fed(KEN+TZA+UGA),2020,3,gdp_growth,2023,gnn_scarcity,8.24990302014558,2.441106614353343
RWA-fed(KEN+TZA+UGA),2020,1,inflation_cpi,2021,persistence,-0.391346748300791,10.241745771042861
RWA-fed(KEN+TZA+UGA),2020,1,inflation_cpi,2021,arima,-0.391346748300791,8.158055999542318
RWA-fed(KEN+TZA+UGA),2020,1,inflation_cpi,2021,chronos,-0.391346748300791,9.075902755686045
RWA-fed(KEN+TZA+UGA),2020,1,inflation_cpi,2021,xgb_blind,-0.391346748300791,6.234891231485605
RWA-fed(KEN+TZA+UGA),2020,1,inflation_cpi,2021,xgb_lag,-0.391346748300791,8.158055999542318
RWA-fed(KEN+TZA+UGA),2020,1,inflation_cpi,2021,xgb_typed,-0.391346748300791,8.158055999542318
RWA-fed(KEN+TZA+UGA),2020,1,inflation_cpi,2021,lgbm_blind,-0.391346748300791,7.9260324827118716
RWA-fed(KEN+TZA+UGA),2020,1,inflation_cpi,2021,lgbm_lag,-0.391346748300791,8.158055999542318
RWA-fed(KEN+TZA+UGA),2020,1,inflation_cpi,2021,lgbm_typed,-0.391346748300791,8.158055999542318
RWA-fed(KEN+TZA+UGA),2020,1,inflation_cpi,2021,tft,-0.391346748300791,7.6361535148108
RWA-fed(KEN+TZA+UGA),2020,1,inflation_cpi,2021,tgcn,-0.391346748300791,
RWA-fed(KEN+TZA+UGA),2020,1,inflation_cpi,2021,persistence_scarcity,-0.391346748300791,10.241745771042861
RWA-fed(KEN+TZA+UGA),2020,1,inflation_cpi,2021,chronos_scarcity,-0.391346748300791,9.075902755686045
RWA-fed(KEN+TZA+UGA),2020,1,inflation_cpi,2021,gnn_scarcity,-0.391346748300791,7.898176963754892
RWA-fed(KEN+TZA+UGA),2020,3,inflation_cpi,2023,persistence,19.789546746467,9.939147723724929
RWA-fed(KEN+TZA+UGA),2020,3,inflation_cpi,2023,arima,19.789546746467,11.569094477143722
RWA-fed(KEN+TZA+UGA),2020,3,inflation_cpi,2023,chronos,19.789546746467,12.752547044013387
RWA-fed(KEN+TZA+UGA),2020,3,inflation_cpi,2023,xgb_blind,19.789546746467,14.34440400049532
RWA-fed(KEN+TZA+UGA),2020,3,inflation_cpi,2023,xgb_lag,19.789546746467,11.569094477143722
RWA-fed(KEN+TZA+UGA),2020,3,inflation_cpi,2023,xgb_typed,19.789546746467,11.569094477143722
RWA-fed(KEN+TZA+UGA),2020,3,inflation_cpi,2023,lgbm_blind,19.789546746467,12.75943976398467
RWA-fed(KEN+TZA+UGA),2020,3,inflation_cpi,2023,lgbm_lag,19.789546746467,11.569094477143722
RWA-fed(KEN+TZA+UGA),2020,3,inflation_cpi,2023,lgbm_typed,19.789546746467,11.569094477143722
RWA-fed(KEN+TZA+UGA),2020,3,inflation_cpi,2023,tft,19.789546746467,10.61923195764864
RWA-fed(KEN+TZA+UGA),2020,3,inflation_cpi,2023,tgcn,19.789546746467,
RWA-fed(KEN+TZA+UGA),2020,3,inflation_cpi,2023,persistence_scarcity,19.789546746467,9.939147723724929
RWA-fed(KEN+TZA+UGA),2020,3,inflation_cpi,2023,chronos_scarcity,19.789546746467,12.752547044013387
RWA-fed(KEN+TZA+UGA),2020,3,inflation_cpi,2023,gnn_scarcity,19.789546746467,12.221401471351033
RWA-fed(KEN+TZA+UGA),2020,1,unemployment,2021,persistence,15.775,3.9459999999999997
RWA-fed(KEN+TZA+UGA),2020,1,unemployment,2021,arima,15.775,3.9830231442108595
RWA-fed(KEN+TZA+UGA),2020,1,unemployment,2021,chronos,15.775,3.931621932983399
RWA-fed(KEN+TZA+UGA),2020,1,unemployment,2021,xgb_blind,15.775,4.03159465789795
RWA-fed(KEN+TZA+UGA),2020,1,unemployment,2021,xgb_lag,15.775,3.9830231442108595
RWA-fed(KEN+TZA+UGA),2020,1,unemployment,2021,xgb_typed,15.775,3.9830231442108595
RWA-fed(KEN+TZA+UGA),2020,1,unemployment,2021,lgbm_blind,15.775,4.0898999532063804
RWA-fed(KEN+TZA+UGA),2020,1,unemployment,2021,lgbm_lag,15.775,3.9830231442108595
RWA-fed(KEN+TZA+UGA),2020,1,unemployment,2021,lgbm_typed,15.775,3.9830231442108595
RWA-fed(KEN+TZA+UGA),2020,1,unemployment,2021,tft,15.775,4.172583961486817
RWA-fed(KEN+TZA+UGA),2020,1,unemployment,2021,tgcn,15.775,
RWA-fed(KEN+TZA+UGA),2020,1,unemployment,2021,persistence_scarcity,15.775,3.9459999999999997
RWA-fed(KEN+TZA+UGA),2020,1,unemployment,2021,chronos_scarcity,15.775,3.931621932983399
RWA-fed(KEN+TZA+UGA),2020,1,unemployment,2021,gnn_scarcity,15.775,4.063482666015625
RWA-fed(KEN+TZA+UGA),2020,3,unemployment,2023,persistence,12.352,0.5229999999999997
RWA-fed(KEN+TZA+UGA),2020,3,unemployment,2023,arima,12.352,0.5578559695021017
RWA-fed(KEN+TZA+UGA),2020,3,unemployment,2023,chronos,12.352,0.3798873443603519
RWA-fed(KEN+TZA+UGA),2020,3,unemployment,2023,xgb_blind,12.352,1.3328063507080081
RWA-fed(KEN+TZA+UGA),2020,3,unemployment,2023,xgb_lag,12.352,0.5578559695021017
RWA-fed(KEN+TZA+UGA),2020,3,unemployment,2023,xgb_typed,12.352,0.5578559695021017
RWA-fed(KEN+TZA+UGA),2020,3,unemployment,2023,lgbm_blind,12.352,0.7054285340990347
RWA-fed(KEN+TZA+UGA),2020,3,unemployment,2023,lgbm_lag,12.352,0.5578559695021017
RWA-fed(KEN+TZA+UGA),2020,3,unemployment,2023,lgbm_typed,12.352,0.5578559695021017
RWA-fed(KEN+TZA+UGA),2020,3,unemployment,2023,tft,12.352,0.6141135711669925
RWA-fed(KEN+TZA+UGA),2020,3,unemployment,2023,tgcn,12.352,
RWA-fed(KEN+TZA+UGA),2020,3,unemployment,2023,persistence_scarcity,12.352,0.5229999999999997
RWA-fed(KEN+TZA+UGA),2020,3,unemployment,2023,chronos_scarcity,12.352,0.3798873443603519
RWA-fed(KEN+TZA+UGA),2020,3,unemployment,2023,gnn_scarcity,12.352,0.6363122482299808
RWA-fed(KEN+TZA+UGA),2020,1,exports_gdp,2021,persistence,19.502494693488,0.17655285921539843
RWA-fed(KEN+TZA+UGA),2020,1,exports_gdp,2021,arima,19.502494693488,0.17602299489795925
RWA-fed(KEN+TZA+UGA),2020,1,exports_gdp,2021,chronos,19.502494693488,1.0777777440251093
RWA-fed(KEN+TZA+UGA),2020,1,exports_gdp,2021,xgb_blind,19.502494693488,0.8543339960871954
RWA-fed(KEN+TZA+UGA),2020,1,exports_gdp,2021,xgb_lag,19.502494693488,0.17602299489795925
RWA-fed(KEN+TZA+UGA),2020,1,exports_gdp,2021,xgb_typed,19.502494693488,0.17602299489795925
RWA-fed(KEN+TZA+UGA),2020,1,exports_gdp,2021,lgbm_blind,19.502494693488,8.75532057353866
RWA-fed(KEN+TZA+UGA),2020,1,exports_gdp,2021,lgbm_lag,19.502494693488,0.17602299489795925
RWA-fed(KEN+TZA+UGA),2020,1,exports_gdp,2021,lgbm_typed,19.502494693488,0.17602299489795925
RWA-fed(KEN+TZA+UGA),2020,1,exports_gdp,2021,tft,19.502494693488,0.06141460010421085
RWA-fed(KEN+TZA+UGA),2020,1,exports_gdp,2021,tgcn,19.502494693488,
RWA-fed(KEN+TZA+UGA),2020,1,exports_gdp,2021,persistence_scarcity,19.502494693488,0.17655285921539843
RWA-fed(KEN+TZA+UGA),2020,1,exports_gdp,2021,chronos_scarcity,19.502494693488,1.0777777440251093
RWA-fed(KEN+TZA+UGA),2020,1,exports_gdp,2021,gnn_scarcity,19.502494693488,8.840678096503137
RWA-fed(KEN+TZA+UGA),2020,3,exports_gdp,2023,persistence,25.0057307202908,5.679788886018198
RWA-fed(KEN+TZA+UGA),2020,3,exports_gdp,2023,arima,25.0057307202908,5.679259134001814
RWA-fed(KEN+TZA+UGA),2020,3,exports_gdp,2023,chronos,25.0057307202908,5.921605201491971
RWA-fed(KEN+TZA+UGA),2020,3,exports_gdp,2023,xgb_blind,25.0057307202908,4.516652198562284
RWA-fed(KEN+TZA+UGA),2020,3,exports_gdp,2023,xgb_lag,25.0057307202908,5.679259134001814
RWA-fed(KEN+TZA+UGA),2020,3,exports_gdp,2023,xgb_typed,25.0057307202908,5.679259134001814
RWA-fed(KEN+TZA+UGA),2020,3,exports_gdp,2023,lgbm_blind,25.0057307202908,13.951080328439646
RWA-fed(KEN+TZA+UGA),2020,3,exports_gdp,2023,lgbm_lag,25.0057307202908,5.679259134001814
RWA-fed(KEN+TZA+UGA),2020,3,exports_gdp,2023,lgbm_typed,25.0057307202908,5.679259134001814
RWA-fed(KEN+TZA+UGA),2020,3,exports_gdp,2023,tft,25.0057307202908,5.355088325271268
RWA-fed(KEN+TZA+UGA),2020,3,exports_gdp,2023,tgcn,25.0057307202908,
RWA-fed(KEN+TZA+UGA),2020,3,exports_gdp,2023,persistence_scarcity,25.0057307202908,5.679788886018198
RWA-fed(KEN+TZA+UGA),2020,3,exports_gdp,2023,chronos_scarcity,25.0057307202908,5.921605201491971
RWA-fed(KEN+TZA+UGA),2020,3,exports_gdp,2023,gnn_scarcity,25.0057307202908,14.28257283760037
RWA-fed(KEN+TZA+UGA),2020,1,imports_gdp,2021,persistence,34.7913371528487,1.0706725648642035
RWA-fed(KEN+TZA+UGA),2020,1,imports_gdp,2021,arima,34.7913371528487,1.1993823542496571
RWA-fed(KEN+TZA+UGA),2020,1,imports_gdp,2021,chronos,34.7913371528487,0.6309155021805992
RWA-fed(KEN+TZA+UGA),2020,1,imports_gdp,2021,xgb_blind,34.7913371528487,7.1989162956376305
RWA-fed(KEN+TZA+UGA),2020,1,imports_gdp,2021,xgb_lag,34.7913371528487,1.1993823542496571
RWA-fed(KEN+TZA+UGA),2020,1,imports_gdp,2021,xgb_typed,34.7913371528487,1.1993823542496571
RWA-fed(KEN+TZA+UGA),2020,1,imports_gdp,2021,lgbm_blind,34.7913371528487,7.368434155513899
RWA-fed(KEN+TZA+UGA),2020,1,imports_gdp,2021,lgbm_lag,34.7913371528487,1.1993823542496571
RWA-fed(KEN+TZA+UGA),2020,1,imports_gdp,2021,lgbm_typed,34.7913371528487,1.1993823542496571
RWA-fed(KEN+TZA+UGA),2020,1,imports_gdp,2021,tft,34.7913371528487,1.494433263411068
RWA-fed(KEN+TZA+UGA),2020,1,imports_gdp,2021,tgcn,34.7913371528487,
RWA-fed(KEN+TZA+UGA),2020,1,imports_gdp,2021,persistence_scarcity,34.7913371528487,1.0706725648642035
RWA-fed(KEN+TZA+UGA),2020,1,imports_gdp,2021,chronos_scarcity,34.7913371528487,0.6309155021805992
RWA-fed(KEN+TZA+UGA),2020,1,imports_gdp,2021,gnn_scarcity,34.7913371528487,7.657687326798893
RWA-fed(KEN+TZA+UGA),2020,3,imports_gdp,2023,persistence,39.9011734217134,4.039163704000501
RWA-fed(KEN+TZA+UGA),2020,3,imports_gdp,2023,arima,39.9011734217134,3.9422641178354922
RWA-fed(KEN+TZA+UGA),2020,3,imports_gdp,2023,chronos,39.9011734217134,4.6768234461274645
RWA-fed(KEN+TZA+UGA),2020,3,imports_gdp,2023,xgb_blind,39.9011734217134,3.9773704320463636
RWA-fed(KEN+TZA+UGA),2020,3,imports_gdp,2023,xgb_lag,39.9011734217134,3.9422641178354922
RWA-fed(KEN+TZA+UGA),2020,3,imports_gdp,2023,xgb_typed,39.9011734217134,3.9422641178354922
RWA-fed(KEN+TZA+UGA),2020,3,imports_gdp,2023,lgbm_blind,39.9011734217134,11.816577605237399
RWA-fed(KEN+TZA+UGA),2020,3,imports_gdp,2023,lgbm_lag,39.9011734217134,3.9422641178354922
RWA-fed(KEN+TZA+UGA),2020,3,imports_gdp,2023,lgbm_typed,39.9011734217134,3.9422641178354922
RWA-fed(KEN+TZA+UGA),2020,3,imports_gdp,2023,tft,39.9011734217134,2.877594777914574
RWA-fed(KEN+TZA+UGA),2020,3,imports_gdp,2023,tgcn,39.9011734217134,
RWA-fed(KEN+TZA+UGA),2020,3,imports_gdp,2023,persistence_scarcity,39.9011734217134,4.039163704000501
RWA-fed(KEN+TZA+UGA),2020,3,imports_gdp,2023,chronos_scarcity,39.9011734217134,4.6768234461274645
RWA-fed(KEN+TZA+UGA),2020,3,imports_gdp,2023,gnn_scarcity,39.9011734217134,12.659308263632347
RWA-fed(KEN+TZA+UGA),2020,1,current_account,2021,persistence,-10.9152624610396,1.1495503697908998
RWA-fed(KEN+TZA+UGA),2020,1,current_account,2021,arima,-10.9152624610396,1.0992282079113593
RWA-fed(KEN+TZA+UGA),2020,1,current_account,2021,chronos,-10.9152624610396,0.9627606865434082
RWA-fed(KEN+TZA+UGA),2020,1,current_account,2021,xgb_blind,-10.9152624610396,0.8420021537275879
RWA-fed(KEN+TZA+UGA),2020,1,current_account,2021,xgb_lag,-10.9152624610396,1.0992282079113593
RWA-fed(KEN+TZA+UGA),2020,1,current_account,2021,xgb_typed,-10.9152624610396,1.0992282079113593
RWA-fed(KEN+TZA+UGA),2020,1,current_account,2021,lgbm_blind,-10.9152624610396,3.0054634097548094
RWA-fed(KEN+TZA+UGA),2020,1,current_account,2021,lgbm_lag,-10.9152624610396,1.0992282079113593
RWA-fed(KEN+TZA+UGA),2020,1,current_account,2021,lgbm_typed,-10.9152624610396,1.0992282079113593
RWA-fed(KEN+TZA+UGA),2020,1,current_account,2021,tft,-10.9152624610396,0.3154156211348145
RWA-fed(KEN+TZA+UGA),2020,1,current_account,2021,tgcn,-10.9152624610396,
RWA-fed(KEN+TZA+UGA),2020,1,current_account,2021,persistence_scarcity,-10.9152624610396,1.1495503697908998
RWA-fed(KEN+TZA+UGA),2020,1,current_account,2021,chronos_scarcity,-10.9152624610396,0.9627606865434082
RWA-fed(KEN+TZA+UGA),2020,1,current_account,2021,gnn_scarcity,-10.9152624610396,3.0887992385359375
RWA-fed(KEN+TZA+UGA),2020,3,current_account,2023,persistence,-11.4935434871962,0.5712693436342988
RWA-fed(KEN+TZA+UGA),2020,3,current_account,2023,arima,-11.4935434871962,0.5313771193520669
RWA-fed(KEN+TZA+UGA),2020,3,current_account,2023,chronos,-11.4935434871962,0.2114993518540924
RWA-fed(KEN+TZA+UGA),2020,3,current_account,2023,xgb_blind,-11.4935434871962,0.1956740802476471
RWA-fed(KEN+TZA+UGA),2020,3,current_account,2023,xgb_lag,-11.4935434871962,0.5313771193520669
RWA-fed(KEN+TZA+UGA),2020,3,current_account,2023,xgb_typed,-11.4935434871962,0.5313771193520669
RWA-fed(KEN+TZA+UGA),2020,3,current_account,2023,lgbm_blind,-11.4935434871962,3.4842495052353595
RWA-fed(KEN+TZA+UGA),2020,3,current_account,2023,lgbm_lag,-11.4935434871962,0.5313771193520669
RWA-fed(KEN+TZA+UGA),2020,3,current_account,2023,lgbm_typed,-11.4935434871962,0.5313771193520669
RWA-fed(KEN+TZA+UGA),2020,3,current_account,2023,tft,-11.4935434871962,0.9125593715956146
RWA-fed(KEN+TZA+UGA),2020,3,current_account,2023,tgcn,-11.4935434871962,
RWA-fed(KEN+TZA+UGA),2020,3,current_account,2023,persistence_scarcity,-11.4935434871962,0.5712693436342988
RWA-fed(KEN+TZA+UGA),2020,3,current_account,2023,chronos_scarcity,-11.4935434871962,0.2114993518540924
RWA-fed(KEN+TZA+UGA),2020,3,current_account,2023,gnn_scarcity,-11.4935434871962,3.6964500957777435
RWA-fed(KEN+TZA+UGA),2020,1,real_interest_rate,2021,persistence,12.8518758011187,3.8246080797028394
RWA-fed(KEN+TZA+UGA),2020,1,real_interest_rate,2021,arima,12.8518758011187,1.9123620531051326
RWA-fed(KEN+TZA+UGA),2020,1,real_interest_rate,2021,chronos,12.8518758011187,2.3550467682207508
RWA-fed(KEN+TZA+UGA),2020,1,real_interest_rate,2021,xgb_blind,12.8518758011187,1.512022514375536
RWA-fed(KEN+TZA+UGA),2020,1,real_interest_rate,2021,xgb_lag,12.8518758011187,1.9123620531051326
RWA-fed(KEN+TZA+UGA),2020,1,real_interest_rate,2021,xgb_typed,12.8518758011187,1.9123620531051326
RWA-fed(KEN+TZA+UGA),2020,1,real_interest_rate,2021,lgbm_blind,12.8518758011187,3.4837496988301364
RWA-fed(KEN+TZA+UGA),2020,1,real_interest_rate,2021,lgbm_lag,12.8518758011187,1.9123620531051326
RWA-fed(KEN+TZA+UGA),2020,1,real_interest_rate,2021,lgbm_typed,12.8518758011187,1.9123620531051326
RWA-fed(KEN+TZA+UGA),2020,1,real_interest_rate,2021,tft,12.8518758011187,1.6434273528729992
RWA-fed(KEN+TZA+UGA),2020,1,real_interest_rate,2021,tgcn,12.8518758011187,
RWA-fed(KEN+TZA+UGA),2020,1,real_interest_rate,2021,persistence_scarcity,12.8518758011187,3.8246080797028394
RWA-fed(KEN+TZA+UGA),2020,1,real_interest_rate,2021,chronos_scarcity,12.8518758011187,2.3550467682207508
RWA-fed(KEN+TZA+UGA),2020,1,real_interest_rate,2021,gnn_scarcity,12.8518758011187,3.484214324983446
RWA-fed(KEN+TZA+UGA),2020,3,real_interest_rate,2023,persistence,3.67012650683346,5.3571412145824
RWA-fed(KEN+TZA+UGA),2020,3,real_interest_rate,2023,arima,3.67012650683346,6.807609245081721
RWA-fed(KEN+TZA+UGA),2020,3,real_interest_rate,2023,chronos,3.67012650683346,6.547717502565954
RWA-fed(KEN+TZA+UGA),2020,3,real_interest_rate,2023,xgb_blind,3.67012650683346,8.244073322268102
RWA-fed(KEN+TZA+UGA),2020,3,real_interest_rate,2023,xgb_lag,3.67012650683346,6.807609245081721
RWA-fed(KEN+TZA+UGA),2020,3,real_interest_rate,2023,xgb_typed,3.67012650683346,6.807609245081721
RWA-fed(KEN+TZA+UGA),2020,3,real_interest_rate,2023,lgbm_blind,3.67012650683346,5.894846843248665
RWA-fed(KEN+TZA+UGA),2020,3,real_interest_rate,2023,lgbm_lag,3.67012650683346,6.807609245081721
RWA-fed(KEN+TZA+UGA),2020,3,real_interest_rate,2023,lgbm_typed,3.67012650683346,6.807609245081721
RWA-fed(KEN+TZA+UGA),2020,3,real_interest_rate,2023,tft,3.67012650683346,10.88465636059818
RWA-fed(KEN+TZA+UGA),2020,3,real_interest_rate,2023,tgcn,3.67012650683346,
RWA-fed(KEN+TZA+UGA),2020,3,real_interest_rate,2023,persistence_scarcity,3.67012650683346,5.3571412145824
RWA-fed(KEN+TZA+UGA),2020,3,real_interest_rate,2023,chronos_scarcity,3.67012650683346,6.547717502565954
RWA-fed(KEN+TZA+UGA),2020,3,real_interest_rate,2023,gnn_scarcity,3.67012650683346,5.765167644472692
RWA-fed(KEN+TZA+UGA),2020,1,broad_money,2021,persistence,26.0617481878019,0.9140009087181014
RWA-fed(KEN+TZA+UGA),2020,1,broad_money,2021,arima,26.0617481878019,1.6369300074326318
RWA-fed(KEN+TZA+UGA),2020,1,broad_money,2021,chronos,26.0617481878019,2.8604542424894
RWA-fed(KEN+TZA+UGA),2020,1,broad_money,2021,xgb_blind,26.0617481878019,3.0812012365079546
RWA-fed(KEN+TZA+UGA),2020,1,broad_money,2021,xgb_lag,26.0617481878019,1.9069782903409624
RWA-fed(KEN+TZA+UGA),2020,1,broad_money,2021,xgb_typed,26.0617481878019,1.9654919316983843
RWA-fed(KEN+TZA+UGA),2020,1,broad_money,2021,lgbm_blind,26.0617481878019,9.2091953606026
RWA-fed(KEN+TZA+UGA),2020,1,broad_money,2021,lgbm_lag,26.0617481878019,9.2091953606026
RWA-fed(KEN+TZA+UGA),2020,1,broad_money,2021,lgbm_typed,26.0617481878019,9.2091953606026
RWA-fed(KEN+TZA+UGA),2020,1,broad_money,2021,tft,26.0617481878019,0.4956719091153765
RWA-fed(KEN+TZA+UGA),2020,1,broad_money,2021,tgcn,26.0617481878019,
RWA-fed(KEN+TZA+UGA),2020,1,broad_money,2021,persistence_scarcity,26.0617481878019,1.9236012298011858
RWA-fed(KEN+TZA+UGA),2020,1,broad_money,2021,chronos_scarcity,26.0617481878019,1.8666529195886312
RWA-fed(KEN+TZA+UGA),2020,1,broad_money,2021,gnn_scarcity,26.0617481878019,2.5106007268644
RWA-fed(KEN+TZA+UGA),2020,3,broad_money,2023,persistence,26.3281033455288,1.1803560664450004
RWA-fed(KEN+TZA+UGA),2020,3,broad_money,2023,arima,26.3281033455288,1.7917663889568907
RWA-fed(KEN+TZA+UGA),2020,3,broad_money,2023,chronos,26.3281033455288,3.557606977120596
RWA-fed(KEN+TZA+UGA),2020,3,broad_money,2023,xgb_blind,26.3281033455288,2.8365624367153224
RWA-fed(KEN+TZA+UGA),2020,3,broad_money,2023,xgb_lag,26.3281033455288,4.679312986031729
RWA-fed(KEN+TZA+UGA),2020,3,broad_money,2023,xgb_typed,26.3281033455288,4.791358274117666
RWA-fed(KEN+TZA+UGA),2020,3,broad_money,2023,lgbm_blind,26.3281033455288,9.266936105385977
RWA-fed(KEN+TZA+UGA),2020,3,broad_money,2023,lgbm_lag,26.3281033455288,9.266936105385977
RWA-fed(KEN+TZA+UGA),2020,3,broad_money,2023,lgbm_typed,26.3281033455288,9.266936105385977
RWA-fed(KEN+TZA+UGA),2020,3,broad_money,2023,tft,26.3281033455288,0.7197888313686427
RWA-fed(KEN+TZA+UGA),2020,3,broad_money,2023,tgcn,26.3281033455288,
RWA-fed(KEN+TZA+UGA),2020,3,broad_money,2023,persistence_scarcity,26.3281033455288,0.10894580580841762
RWA-fed(KEN+TZA+UGA),2020,3,broad_money,2023,chronos_scarcity,26.3281033455288,0.7271925103509211
RWA-fed(KEN+TZA+UGA),2020,3,broad_money,2023,gnn_scarcity,26.3281033455288,2.5640576301967677
RWA-fed(KEN+TZA+UGA),2020,1,private_credit,2021,persistence,25.3431515385739,0.29208263096600007
RWA-fed(KEN+TZA+UGA),2020,1,private_credit,2021,arima,25.3431515385739,0.03221775897268131
RWA-fed(KEN+TZA+UGA),2020,1,private_credit,2021,chronos,25.3431515385739,0.004654376708664643
RWA-fed(KEN+TZA+UGA),2020,1,private_credit,2021,xgb_blind,25.3431515385739,5.625452487670579
RWA-fed(KEN+TZA+UGA),2020,1,private_credit,2021,xgb_lag,25.3431515385739,15.620933978759446
RWA-fed(KEN+TZA+UGA),2020,1,private_credit,2021,xgb_typed,25.3431515385739,3.822309940063157
RWA-fed(KEN+TZA+UGA),2020,1,private_credit,2021,lgbm_blind,25.3431515385739,12.796107356750168
RWA-fed(KEN+TZA+UGA),2020,1,private_credit,2021,lgbm_lag,25.3431515385739,12.796107356750168
RWA-fed(KEN+TZA+UGA),2020,1,private_credit,2021,lgbm_typed,25.3431515385739,12.796107356750168
RWA-fed(KEN+TZA+UGA),2020,1,private_credit,2021,tft,25.3431515385739,3.2595371892086646
RWA-fed(KEN+TZA+UGA),2020,1,private_credit,2021,tgcn,25.3431515385739,
RWA-fed(KEN+TZA+UGA),2020,1,private_credit,2021,persistence_scarcity,25.3431515385739,0.5135293370744662
RWA-fed(KEN+TZA+UGA),2020,1,private_credit,2021,chronos_scarcity,25.3431515385739,5.95993988730995
RWA-fed(KEN+TZA+UGA),2020,1,private_credit,2021,gnn_scarcity,25.3431515385739,3.863596408569016
RWA-fed(KEN+TZA+UGA),2020,3,private_credit,2023,persistence,22.3546156935488,2.6964532140590975
RWA-fed(KEN+TZA+UGA),2020,3,private_credit,2023,arima,22.3546156935488,3.0526904367736236
RWA-fed(KEN+TZA+UGA),2020,3,private_credit,2023,chronos,22.3546156935488,3.845119947930691
RWA-fed(KEN+TZA+UGA),2020,3,private_credit,2023,xgb_blind,22.3546156935488,0.1924729294980736
RWA-fed(KEN+TZA+UGA),2020,3,private_credit,2023,xgb_lag,22.3546156935488,12.664931779364231
RWA-fed(KEN+TZA+UGA),2020,3,private_credit,2023,xgb_typed,22.3546156935488,0.8389038987363548
RWA-fed(KEN+TZA+UGA),2020,3,private_credit,2023,lgbm_blind,22.3546156935488,9.296884814446367
RWA-fed(KEN+TZA+UGA),2020,3,private_credit,2023,lgbm_lag,22.3546156935488,9.296884814446367
RWA-fed(KEN+TZA+UGA),2020,3,private_credit,2023,lgbm_typed,22.3546156935488,9.296884814446367
RWA-fed(KEN+TZA+UGA),2020,3,private_credit,2023,tft,22.3546156935488,0.26898718402731703
RWA-fed(KEN+TZA+UGA),2020,3,private_credit,2023,tgcn,22.3546156935488,
RWA-fed(KEN+TZA+UGA),2020,3,private_credit,2023,persistence_scarcity,22.3546156935488,3.0987698141434024
RWA-fed(KEN+TZA+UGA),2020,3,private_credit,2023,chronos_scarcity,22.3546156935488,17.007802077787836
RWA-fed(KEN+TZA+UGA),2020,3,private_credit,2023,gnn_scarcity,22.3546156935488,3.5951762251650123
RWA-fed(KEN+TZA+UGA),2020,1,govt_consumption,2021,persistence,16.9437619532634,0.5603080776454021
RWA-fed(KEN+TZA+UGA),2020,1,govt_consumption,2021,arima,16.9437619532634,0.5175964940767734
RWA-fed(KEN+TZA+UGA),2020,1,govt_consumption,2021,chronos,16.9437619532634,0.6923695887614478
RWA-fed(KEN+TZA+UGA),2020,1,govt_consumption,2021,xgb_blind,16.9437619532634,2.591051229386448
RWA-fed(KEN+TZA+UGA),2020,1,govt_consumption,2021,xgb_lag,16.9437619532634,0.5175964940767734
RWA-fed(KEN+TZA+UGA),2020,1,govt_consumption,2021,xgb_typed,16.9437619532634,0.5175964940767734
RWA-fed(KEN+TZA+UGA),2020,1,govt_consumption,2021,lgbm_blind,16.9437619532634,2.9207942014425186
RWA-fed(KEN+TZA+UGA),2020,1,govt_consumption,2021,lgbm_lag,16.9437619532634,0.5175964940767734
RWA-fed(KEN+TZA+UGA),2020,1,govt_consumption,2021,lgbm_typed,16.9437619532634,0.5175964940767734
RWA-fed(KEN+TZA+UGA),2020,1,govt_consumption,2021,tft,16.9437619532634,0.01166737928879158
RWA-fed(KEN+TZA+UGA),2020,1,govt_consumption,2021,tgcn,16.9437619532634,
RWA-fed(KEN+TZA+UGA),2020,1,govt_consumption,2021,persistence_scarcity,16.9437619532634,0.5603080776454021
RWA-fed(KEN+TZA+UGA),2020,1,govt_consumption,2021,chronos_scarcity,16.9437619532634,0.6923695887614478
RWA-fed(KEN+TZA+UGA),2020,1,govt_consumption,2021,gnn_scarcity,16.9437619532634,3.0097943629313697
RWA-fed(KEN+TZA+UGA),2020,3,govt_consumption,2023,persistence,16.2989613675996,0.0844925080183998
RWA-fed(KEN+TZA+UGA),2020,3,govt_consumption,2023,arima,16.2989613675996,0.13066456623323575
RWA-fed(KEN+TZA+UGA),2020,3,govt_consumption,2023,chronos,16.2989613675996,0.3532368802949115
RWA-fed(KEN+TZA+UGA),2020,3,govt_consumption,2023,xgb_blind,16.2989613675996,1.8433024549409076
RWA-fed(KEN+TZA+UGA),2020,3,govt_consumption,2023,xgb_lag,16.2989613675996,0.13066456623323575
RWA-fed(KEN+TZA+UGA),2020,3,govt_consumption,2023,xgb_typed,16.2989613675996,0.13066456623323575
RWA-fed(KEN+TZA+UGA),2020,3,govt_consumption,2023,lgbm_blind,16.2989613675996,2.222117220326126
RWA-fed(KEN+TZA+UGA),2020,3,govt_consumption,2023,lgbm_lag,16.2989613675996,0.13066456623323575
RWA-fed(KEN+TZA+UGA),2020,3,govt_consumption,2023,lgbm_typed,16.2989613675996,0.13066456623323575
RWA-fed(KEN+TZA+UGA),2020,3,govt_consumption,2023,tft,16.2989613675996,1.5147841310576275
RWA-fed(KEN+TZA+UGA),2020,3,govt_consumption,2023,tgcn,16.2989613675996,
RWA-fed(KEN+TZA+UGA),2020,3,govt_consumption,2023,persistence_scarcity,16.2989613675996,0.0844925080183998
RWA-fed(KEN+TZA+UGA),2020,3,govt_consumption,2023,chronos_scarcity,16.2989613675996,0.3532368802949115
RWA-fed(KEN+TZA+UGA),2020,3,govt_consumption,2023,gnn_scarcity,16.2989613675996,2.33728858470165
RWA-fed(KEN+TZA+UGA),2021,1,gdp_growth,2022,persistence,8.16120720872912,2.6972248097604794
RWA-fed(KEN+TZA+UGA),2021,1,gdp_growth,2022,arima,8.16120720872912,4.50508292690477
RWA-fed(KEN+TZA+UGA),2021,1,gdp_growth,2022,chronos,8.16120720872912,0.12876128187146563
RWA-fed(KEN+TZA+UGA),2021,1,gdp_growth,2022,xgb_blind,8.16120720872912,2.820473203754755
RWA-fed(KEN+TZA+UGA),2021,1,gdp_growth,2022,xgb_lag,8.16120720872912,4.50508292690477
RWA-fed(KEN+TZA+UGA),2021,1,gdp_growth,2022,xgb_typed,8.16120720872912,4.50508292690477
RWA-fed(KEN+TZA+UGA),2021,1,gdp_growth,2022,lgbm_blind,8.16120720872912,2.277562973979542
RWA-fed(KEN+TZA+UGA),2021,1,gdp_growth,2022,lgbm_lag,8.16120720872912,4.50508292690477
RWA-fed(KEN+TZA+UGA),2021,1,gdp_growth,2022,lgbm_typed,8.16120720872912,4.50508292690477
RWA-fed(KEN+TZA+UGA),2021,1,gdp_growth,2022,tft,8.16120720872912,2.0939731501575984
RWA-fed(KEN+TZA+UGA),2021,1,gdp_growth,2022,tgcn,8.16120720872912,
RWA-fed(KEN+TZA+UGA),2021,1,gdp_growth,2022,persistence_scarcity,8.16120720872912,2.6972248097604794
RWA-fed(KEN+TZA+UGA),2021,1,gdp_growth,2022,chronos_scarcity,8.16120720872912,0.12876128187146563
RWA-fed(KEN+TZA+UGA),2021,1,gdp_growth,2022,gnn_scarcity,8.16120720872912,2.148674974537226
RWA-fed(KEN+TZA+UGA),2021,1,inflation_cpi,2022,persistence,17.6892095588153,18.08055630711609
RWA-fed(KEN+TZA+UGA),2021,1,inflation_cpi,2022,arima,17.6892095588153,14.188475610294228
RWA-fed(KEN+TZA+UGA),2021,1,inflation_cpi,2022,chronos,17.6892095588153,14.979528524727165
RWA-fed(KEN+TZA+UGA),2021,1,inflation_cpi,2022,xgb_blind,17.6892095588153,8.672635652870476
RWA-fed(KEN+TZA+UGA),2021,1,inflation_cpi,2022,xgb_lag,17.6892095588153,14.188475610294228
RWA-fed(KEN+TZA+UGA),2021,1,inflation_cpi,2022,xgb_typed,17.6892095588153,14.188475610294228
RWA-fed(KEN+TZA+UGA),2021,1,inflation_cpi,2022,lgbm_blind,17.6892095588153,10.410202291728563
RWA-fed(KEN+TZA+UGA),2021,1,inflation_cpi,2022,lgbm_lag,17.6892095588153,14.188475610294228
RWA-fed(KEN+TZA+UGA),2021,1,inflation_cpi,2022,lgbm_typed,17.6892095588153,14.188475610294228
RWA-fed(KEN+TZA+UGA),2021,1,inflation_cpi,2022,tft,17.6892095588153,17.87560106143409
RWA-fed(KEN+TZA+UGA),2021,1,inflation_cpi,2022,tgcn,17.6892095588153,
RWA-fed(KEN+TZA+UGA),2021,1,inflation_cpi,2022,persistence_scarcity,17.6892095588153,18.08055630711609
RWA-fed(KEN+TZA+UGA),2021,1,inflation_cpi,2022,chronos_scarcity,17.6892095588153,14.979528524727165
RWA-fed(KEN+TZA+UGA),2021,1,inflation_cpi,2022,gnn_scarcity,17.6892095588153,10.345922567695915
RWA-fed(KEN+TZA+UGA),2021,1,unemployment,2022,persistence,15.084,0.6910000000000007
RWA-fed(KEN+TZA+UGA),2021,1,unemployment,2022,arima,15.084,3.0742382418643537
RWA-fed(KEN+TZA+UGA),2021,1,unemployment,2022,chronos,15.084,0.6184354934692387
RWA-fed(KEN+TZA+UGA),2021,1,unemployment,2022,xgb_blind,15.084,0.11936437225341834
RWA-fed(KEN+TZA+UGA),2021,1,unemployment,2022,xgb_lag,15.084,3.0742382418643537
RWA-fed(KEN+TZA+UGA),2021,1,unemployment,2022,xgb_typed,15.084,3.0742382418643537
RWA-fed(KEN+TZA+UGA),2021,1,unemployment,2022,lgbm_blind,15.084,3.2669677089568108
RWA-fed(KEN+TZA+UGA),2021,1,unemployment,2022,lgbm_lag,15.084,3.0742382418643537
RWA-fed(KEN+TZA+UGA),2021,1,unemployment,2022,lgbm_typed,15.084,3.0742382418643537
RWA-fed(KEN+TZA+UGA),2021,1,unemployment,2022,tft,15.084,1.3118454132080082
RWA-fed(KEN+TZA+UGA),2021,1,unemployment,2022,tgcn,15.084,
RWA-fed(KEN+TZA+UGA),2021,1,unemployment,2022,persistence_scarcity,15.084,0.6910000000000007
RWA-fed(KEN+TZA+UGA),2021,1,unemployment,2022,chronos_scarcity,15.084,0.6184354934692387
RWA-fed(KEN+TZA+UGA),2021,1,unemployment,2022,gnn_scarcity,15.084,3.2259296264648434
RWA-fed(KEN+TZA+UGA),2021,1,exports_gdp,2022,persistence,22.4780615146911,2.975566821203099
RWA-fed(KEN+TZA+UGA),2021,1,exports_gdp,2022,arima,22.4780615146911,2.9764563162616504
RWA-fed(KEN+TZA+UGA),2021,1,exports_gdp,2022,chronos,22.4780615146911,2.6522882755553567
RWA-fed(KEN+TZA+UGA),2021,1,exports_gdp,2022,xgb_blind,22.4780615146911,3.112104254559263
RWA-fed(KEN+TZA+UGA),2021,1,exports_gdp,2022,xgb_lag,22.4780615146911,2.9764563162616504
RWA-fed(KEN+TZA+UGA),2021,1,exports_gdp,2022,xgb_typed,22.4780615146911,2.9764563162616504
RWA-fed(KEN+TZA+UGA),2021,1,exports_gdp,2022,lgbm_blind,22.4780615146911,11.44845769499781
RWA-fed(KEN+TZA+UGA),2021,1,exports_gdp,2022,lgbm_lag,22.4780615146911,2.9764563162616504
RWA-fed(KEN+TZA+UGA),2021,1,exports_gdp,2022,lgbm_typed,22.4780615146911,2.9764563162616504
RWA-fed(KEN+TZA+UGA),2021,1,exports_gdp,2022,tft,22.4780615146911,2.3271082218444192
RWA-fed(KEN+TZA+UGA),2021,1,exports_gdp,2022,tgcn,22.4780615146911,
RWA-fed(KEN+TZA+UGA),2021,1,exports_gdp,2022,persistence_scarcity,22.4780615146911,2.975566821203099
RWA-fed(KEN+TZA+UGA),2021,1,exports_gdp,2022,chronos_scarcity,22.4780615146911,2.6522882755553567
RWA-fed(KEN+TZA+UGA),2021,1,exports_gdp,2022,gnn_scarcity,22.4780615146911,11.45492346842645
RWA-fed(KEN+TZA+UGA),2021,1,imports_gdp,2022,persistence,38.667017988674,3.8756808358252997
RWA-fed(KEN+TZA+UGA),2021,1,imports_gdp,2022,arima,38.667017988674,3.3971576640419414
RWA-fed(KEN+TZA+UGA),2021,1,imports_gdp,2022,chronos,38.667017988674,4.821848921291185
RWA-fed(KEN+TZA+UGA),2021,1,imports_gdp,2022,xgb_blind,38.667017988674,4.878623060695482
RWA-fed(KEN+TZA+UGA),2021,1,imports_gdp,2022,xgb_lag,38.667017988674,3.3971576640419414
RWA-fed(KEN+TZA+UGA),2021,1,imports_gdp,2022,xgb_typed,38.667017988674,3.3971576640419414
RWA-fed(KEN+TZA+UGA),2021,1,imports_gdp,2022,lgbm_blind,38.667017988674,11.006423602234829
RWA-fed(KEN+TZA+UGA),2021,1,imports_gdp,2022,lgbm_lag,38.667017988674,3.3971576640419414
RWA-fed(KEN+TZA+UGA),2021,1,imports_gdp,2022,lgbm_typed,38.667017988674,3.3971576640419414
RWA-fed(KEN+TZA+UGA),2021,1,imports_gdp,2022,tft,38.667017988674,3.4079237503927473
RWA-fed(KEN+TZA+UGA),2021,1,imports_gdp,2022,tgcn,38.667017988674,
RWA-fed(KEN+TZA+UGA),2021,1,imports_gdp,2022,persistence_scarcity,38.667017988674,3.8756808358252997
RWA-fed(KEN+TZA+UGA),2021,1,imports_gdp,2022,chronos_scarcity,38.667017988674,4.821848921291185
RWA-fed(KEN+TZA+UGA),2021,1,imports_gdp,2022,gnn_scarcity,38.667017988674,11.154156736842943
RWA-fed(KEN+TZA+UGA),2021,1,current_account,2022,persistence,-9.36601780213995,1.5492446588996494
RWA-fed(KEN+TZA+UGA),2021,1,current_account,2022,arima,-9.36601780213995,1.8893590408673226
RWA-fed(KEN+TZA+UGA),2021,1,current_account,2022,chronos,-9.36601780213995,0.4091429873497958
RWA-fed(KEN+TZA+UGA),2021,1,current_account,2022,xgb_blind,-9.36601780213995,3.3298974200280185
RWA-fed(KEN+TZA+UGA),2021,1,current_account,2022,xgb_lag,-9.36601780213995,1.8893590408673226
RWA-fed(KEN+TZA+UGA),2021,1,current_account,2022,xgb_typed,-9.36601780213995,1.8893590408673226
RWA-fed(KEN+TZA+UGA),2021,1,current_account,2022,lgbm_blind,-9.36601780213995,1.359268325984024
RWA-fed(KEN+TZA+UGA),2021,1,current_account,2022,lgbm_lag,-9.36601780213995,1.8893590408673226
RWA-fed(KEN+TZA+UGA),2021,1,current_account,2022,lgbm_typed,-9.36601780213995,1.8893590408673226
RWA-fed(KEN+TZA+UGA),2021,1,current_account,2022,tft,-9.36601780213995,0.8846860095055575
RWA-fed(KEN+TZA+UGA),2021,1,current_account,2022,tgcn,-9.36601780213995,
RWA-fed(KEN+TZA+UGA),2021,1,current_account,2022,persistence_scarcity,-9.36601780213995,1.5492446588996494
RWA-fed(KEN+TZA+UGA),2021,1,current_account,2022,chronos_scarcity,-9.36601780213995,0.4091429873497958
RWA-fed(KEN+TZA+UGA),2021,1,current_account,2022,gnn_scarcity,-9.36601780213995,1.4819760159461026
RWA-fed(KEN+TZA+UGA),2021,1,real_interest_rate,2022,persistence,0.495362461056007,12.356513340062692
RWA-fed(KEN+TZA+UGA),2021,1,real_interest_rate,2022,arima,0.495362461056007,10.774935671732212
RWA-fed(KEN+TZA+UGA),2021,1,real_interest_rate,2022,chronos,0.495362461056007,12.549216091190086
RWA-fed(KEN+TZA+UGA),2021,1,real_interest_rate,2022,xgb_blind,0.495362461056007,7.291460334811913
RWA-fed(KEN+TZA+UGA),2021,1,real_interest_rate,2022,xgb_lag,0.495362461056007,10.774935671732212
RWA-fed(KEN+TZA+UGA),2021,1,real_interest_rate,2022,xgb_typed,0.495362461056007,10.774935671732212
RWA-fed(KEN+TZA+UGA),2021,1,real_interest_rate,2022,lgbm_blind,0.495362461056007,8.985142678540994
RWA-fed(KEN+TZA+UGA),2021,1,real_interest_rate,2022,lgbm_lag,0.495362461056007,10.774935671732212
RWA-fed(KEN+TZA+UGA),2021,1,real_interest_rate,2022,lgbm_typed,0.495362461056007,10.774935671732212
RWA-fed(KEN+TZA+UGA),2021,1,real_interest_rate,2022,tft,0.495362461056007,13.330108463321434
RWA-fed(KEN+TZA+UGA),2021,1,real_interest_rate,2022,tgcn,0.495362461056007,
RWA-fed(KEN+TZA+UGA),2021,1,real_interest_rate,2022,persistence_scarcity,0.495362461056007,12.356513340062692
RWA-fed(KEN+TZA+UGA),2021,1,real_interest_rate,2022,chronos_scarcity,0.495362461056007,12.549216091190086
RWA-fed(KEN+TZA+UGA),2021,1,real_interest_rate,2022,gnn_scarcity,0.495362461056007,9.067645847354637
RWA-fed(KEN+TZA+UGA),2021,1,broad_money,2022,persistence,25.5730826285685,0.48866555923340016
RWA-fed(KEN+TZA+UGA),2021,1,broad_money,2022,arima,25.5730826285685,0.3532179532943367
RWA-fed(KEN+TZA+UGA),2021,1,broad_money,2022,chronos,25.5730826285685,0.09318608315834354
RWA-fed(KEN+TZA+UGA),2021,1,broad_money,2022,xgb_blind,25.5730826285685,1.92444867165932
RWA-fed(KEN+TZA+UGA),2021,1,broad_money,2022,xgb_lag,25.5730826285685,1.3193118003214295
RWA-fed(KEN+TZA+UGA),2021,1,broad_money,2022,xgb_typed,25.5730826285685,0.8763377097452576
RWA-fed(KEN+TZA+UGA),2021,1,broad_money,2022,lgbm_blind,25.5730826285685,8.423458973064704
RWA-fed(KEN+TZA+UGA),2021,1,broad_money,2022,lgbm_lag,25.5730826285685,8.423458973064704
RWA-fed(KEN+TZA+UGA),2021,1,broad_money,2022,lgbm_typed,25.5730826285685,8.423458973064704
RWA-fed(KEN+TZA+UGA),2021,1,broad_money,2022,tft,25.5730826285685,0.2476227852498596
RWA-fed(KEN+TZA+UGA),2021,1,broad_money,2022,tgcn,25.5730826285685,
RWA-fed(KEN+TZA+UGA),2021,1,broad_money,2022,persistence_scarcity,25.5730826285685,2.918754556120607
RWA-fed(KEN+TZA+UGA),2021,1,broad_money,2022,chronos_scarcity,25.5730826285685,3.0306403743591943
RWA-fed(KEN+TZA+UGA),2021,1,broad_money,2022,gnn_scarcity,25.5730826285685,0.04826802285560916
RWA-fed(KEN+TZA+UGA),2021,1,private_credit,2022,persistence,22.8466317008821,2.4965198376917996
RWA-fed(KEN+TZA+UGA),2021,1,private_credit,2022,arima,22.8466317008821,2.522448093991329
RWA-fed(KEN+TZA+UGA),2021,1,private_credit,2022,chronos,22.8466317008821,2.620661084762432
RWA-fed(KEN+TZA+UGA),2021,1,private_credit,2022,xgb_blind,22.8466317008821,0.5931513954313772
RWA-fed(KEN+TZA+UGA),2021,1,private_credit,2022,xgb_lag,22.8466317008821,0.39313537370286156
RWA-fed(KEN+TZA+UGA),2021,1,private_credit,2022,xgb_typed,22.8466317008821,1.7860739875944631
RWA-fed(KEN+TZA+UGA),2021,1,private_credit,2022,lgbm_blind,22.8466317008821,9.886809876777544
RWA-fed(KEN+TZA+UGA),2021,1,private_credit,2022,lgbm_lag,22.8466317008821,9.886809876777544
RWA-fed(KEN+TZA+UGA),2021,1,private_credit,2022,lgbm_typed,22.8466317008821,9.886809876777544
RWA-fed(KEN+TZA+UGA),2021,1,private_credit,2022,tft,22.8466317008821,0.7278687309113963
RWA-fed(KEN+TZA+UGA),2021,1,private_credit,2022,tgcn,22.8466317008821,
RWA-fed(KEN+TZA+UGA),2021,1,private_credit,2022,persistence_scarcity,22.8466317008821,4.637728247954861
RWA-fed(KEN+TZA+UGA),2021,1,private_credit,2022,chronos_scarcity,22.8466317008821,11.125551783576931
RWA-fed(KEN+TZA+UGA),2021,1,private_credit,2022,gnn_scarcity,22.8466317008821,0.3388541389616506
RWA-fed(KEN+TZA+UGA),2021,1,govt_consumption,2022,persistence,17.0328176794153,0.08905572615189783
RWA-fed(KEN+TZA+UGA),2021,1,govt_consumption,2022,arima,17.0328176794153,0.044725149627968364
RWA-fed(KEN+TZA+UGA),2021,1,govt_consumption,2022,chronos,17.0328176794153,0.46493895627076753
RWA-fed(KEN+TZA+UGA),2021,1,govt_consumption,2022,xgb_blind,17.0328176794153,2.6015356359582675
RWA-fed(KEN+TZA+UGA),2021,1,govt_consumption,2022,xgb_lag,17.0328176794153,0.044725149627968364
RWA-fed(KEN+TZA+UGA),2021,1,govt_consumption,2022,xgb_typed,17.0328176794153,0.044725149627968364
RWA-fed(KEN+TZA+UGA),2021,1,govt_consumption,2022,lgbm_blind,17.0328176794153,2.915630763925364
RWA-fed(KEN+TZA+UGA),2021,1,govt_consumption,2022,lgbm_lag,17.0328176794153,0.044725149627968364
RWA-fed(KEN+TZA+UGA),2021,1,govt_consumption,2022,lgbm_typed,17.0328176794153,0.044725149627968364
RWA-fed(KEN+TZA+UGA),2021,1,govt_consumption,2022,tft,17.0328176794153,0.18565003298704497
RWA-fed(KEN+TZA+UGA),2021,1,govt_consumption,2022,tgcn,17.0328176794153,
RWA-fed(KEN+TZA+UGA),2021,1,govt_consumption,2022,persistence_scarcity,17.0328176794153,0.08905572615189783
RWA-fed(KEN+TZA+UGA),2021,1,govt_consumption,2022,chronos_scarcity,17.0328176794153,0.46493895627076753
RWA-fed(KEN+TZA+UGA),2021,1,govt_consumption,2022,gnn_scarcity,17.0328176794153,2.967841940889908
RWA-fed(KEN+TZA+UGA),2022,1,gdp_growth,2023,persistence,8.24990302014558,0.08869581141645888
RWA-fed(KEN+TZA+UGA),2022,1,gdp_growth,2023,arima,8.24990302014558,1.2618601728867613
RWA-fed(KEN+TZA+UGA),2022,1,gdp_growth,2023,chronos,8.24990302014558,0.5730317204019268
RWA-fed(KEN+TZA+UGA),2022,1,gdp_growth,2023,xgb_blind,8.24990302014558,2.488517579319163
RWA-fed(KEN+TZA+UGA),2022,1,gdp_growth,2023,xgb_lag,8.24990302014558,1.2618601728867613
RWA-fed(KEN+TZA+UGA),2022,1,gdp_growth,2023,xgb_typed,8.24990302014558,1.2618601728867613
RWA-fed(KEN+TZA+UGA),2022,1,gdp_growth,2023,lgbm_blind,8.24990302014558,2.2950849427601536
RWA-fed(KEN+TZA+UGA),2022,1,gdp_growth,2023,lgbm_lag,8.24990302014558,1.2618601728867613
RWA-fed(KEN+TZA+UGA),2022,1,gdp_growth,2023,lgbm_typed,8.24990302014558,1.2618601728867613
RWA-fed(KEN+TZA+UGA),2022,1,gdp_growth,2023,tft,8.24990302014558,0.010707196476145597
RWA-fed(KEN+TZA+UGA),2022,1,gdp_growth,2023,tgcn,8.24990302014558,
RWA-fed(KEN+TZA+UGA),2022,1,gdp_growth,2023,persistence_scarcity,8.24990302014558,0.08869581141645888
RWA-fed(KEN+TZA+UGA),2022,1,gdp_growth,2023,chronos_scarcity,8.24990302014558,0.5730317204019268
RWA-fed(KEN+TZA+UGA),2022,1,gdp_growth,2023,gnn_scarcity,8.24990302014558,2.057820615055247
RWA-fed(KEN+TZA+UGA),2022,1,inflation_cpi,2023,persistence,19.789546746467,2.1003371876517
RWA-fed(KEN+TZA+UGA),2022,1,inflation_cpi,2023,arima,19.789546746467,11.52762702933011
RWA-fed(KEN+TZA+UGA),2022,1,inflation_cpi,2023,chronos,19.789546746467,10.921991128180867
RWA-fed(KEN+TZA+UGA),2022,1,inflation_cpi,2023,xgb_blind,19.789546746467,5.927589196418172
RWA-fed(KEN+TZA+UGA),2022,1,inflation_cpi,2023,xgb_lag,19.789546746467,11.52762702933011
RWA-fed(KEN+TZA+UGA),2022,1,inflation_cpi,2023,xgb_typed,19.789546746467,11.52762702933011
RWA-fed(KEN+TZA+UGA),2022,1,inflation_cpi,2023,lgbm_blind,19.789546746467,12.185220675715005
RWA-fed(KEN+TZA+UGA),2022,1,inflation_cpi,2023,lgbm_lag,19.789546746467,11.52762702933011
RWA-fed(KEN+TZA+UGA),2022,1,inflation_cpi,2023,lgbm_typed,19.789546746467,11.52762702933011
RWA-fed(KEN+TZA+UGA),2022,1,inflation_cpi,2023,tft,19.789546746467,3.863094549919719
RWA-fed(KEN+TZA+UGA),2022,1,inflation_cpi,2023,tgcn,19.789546746467,
RWA-fed(KEN+TZA+UGA),2022,1,inflation_cpi,2023,persistence_scarcity,19.789546746467,2.1003371876517
RWA-fed(KEN+TZA+UGA),2022,1,inflation_cpi,2023,chronos_scarcity,19.789546746467,10.921991128180867
RWA-fed(KEN+TZA+UGA),2022,1,inflation_cpi,2023,gnn_scarcity,19.789546746467,12.07251097605074
RWA-fed(KEN+TZA+UGA),2022,1,unemployment,2023,persistence,12.352,2.7319999999999993
RWA-fed(KEN+TZA+UGA),2022,1,unemployment,2023,arima,12.352,2.7518340672428305
RWA-fed(KEN+TZA+UGA),2022,1,unemployment,2023,chronos,12.352,2.6063997726440427
RWA-fed(KEN+TZA+UGA),2022,1,unemployment,2023,xgb_blind,12.352,0.3945367355346683
RWA-fed(KEN+TZA+UGA),2022,1,unemployment,2023,xgb_lag,12.352,2.7518340672428305
RWA-fed(KEN+TZA+UGA),2022,1,unemployment,2023,xgb_typed,12.352,2.7518340672428305
RWA-fed(KEN+TZA+UGA),2022,1,unemployment,2023,lgbm_blind,12.352,0.4328749794960025
RWA-fed(KEN+TZA+UGA),2022,1,unemployment,2023,lgbm_lag,12.352,2.7518340672428305
RWA-fed(KEN+TZA+UGA),2022,1,unemployment,2023,lgbm_typed,12.352,2.7518340672428305
RWA-fed(KEN+TZA+UGA),2022,1,unemployment,2023,tft,12.352,4.53615689086914
RWA-fed(KEN+TZA+UGA),2022,1,unemployment,2023,tgcn,12.352,
RWA-fed(KEN+TZA+UGA),2022,1,unemployment,2023,persistence_scarcity,12.352,2.7319999999999993
RWA-fed(KEN+TZA+UGA),2022,1,unemployment,2023,chronos_scarcity,12.352,2.6063997726440427
RWA-fed(KEN+TZA+UGA),2022,1,unemployment,2023,gnn_scarcity,12.352,0.3814942855834964
RWA-fed(KEN+TZA+UGA),2022,1,exports_gdp,2023,persistence,25.0057307202908,2.5276692055997003
RWA-fed(KEN+TZA+UGA),2022,1,exports_gdp,2023,arima,25.0057307202908,2.5255175756261146
RWA-fed(KEN+TZA+UGA),2022,1,exports_gdp,2023,chronos,25.0057307202908,2.97543057990994
RWA-fed(KEN+TZA+UGA),2022,1,exports_gdp,2023,xgb_blind,25.0057307202908,4.669053169021268
RWA-fed(KEN+TZA+UGA),2022,1,exports_gdp,2023,xgb_lag,25.0057307202908,2.5255175756261146
RWA-fed(KEN+TZA+UGA),2022,1,exports_gdp,2023,xgb_typed,25.0057307202908,2.5255175756261146
RWA-fed(KEN+TZA+UGA),2022,1,exports_gdp,2023,lgbm_blind,25.0057307202908,13.618362592587133
RWA-fed(KEN+TZA+UGA),2022,1,exports_gdp,2023,lgbm_lag,25.0057307202908,2.5255175756261146
RWA-fed(KEN+TZA+UGA),2022,1,exports_gdp,2023,lgbm_typed,25.0057307202908,2.5255175756261146
RWA-fed(KEN+TZA+UGA),2022,1,exports_gdp,2023,tft,25.0057307202908,3.497899146804471
RWA-fed(KEN+TZA+UGA),2022,1,exports_gdp,2023,tgcn,25.0057307202908,
RWA-fed(KEN+TZA+UGA),2022,1,exports_gdp,2023,persistence_scarcity,25.0057307202908,2.5276692055997003
RWA-fed(KEN+TZA+UGA),2022,1,exports_gdp,2023,chronos_scarcity,25.0057307202908,2.97543057990994
RWA-fed(KEN+TZA+UGA),2022,1,exports_gdp,2023,gnn_scarcity,25.0057307202908,13.572105499038358
RWA-fed(KEN+TZA+UGA),2022,1,imports_gdp,2023,persistence,39.9011734217134,1.2341554330394047
RWA-fed(KEN+TZA+UGA),2022,1,imports_gdp,2023,arima,39.9011734217134,2.9715957767031824
RWA-fed(KEN+TZA+UGA),2022,1,imports_gdp,2023,chronos,39.9011734217134,2.794525930258324
RWA-fed(KEN+TZA+UGA),2022,1,imports_gdp,2023,xgb_blind,39.9011734217134,3.5535858362641832
RWA-fed(KEN+TZA+UGA),2022,1,imports_gdp,2023,xgb_lag,39.9011734217134,2.9715957767031824
RWA-fed(KEN+TZA+UGA),2022,1,imports_gdp,2023,xgb_typed,39.9011734217134,2.9715957767031824
RWA-fed(KEN+TZA+UGA),2022,1,imports_gdp,2023,lgbm_blind,39.9011734217134,11.896628269526055
RWA-fed(KEN+TZA+UGA),2022,1,imports_gdp,2023,lgbm_lag,39.9011734217134,2.9715957767031824
RWA-fed(KEN+TZA+UGA),2022,1,imports_gdp,2023,lgbm_typed,39.9011734217134,2.9715957767031824
RWA-fed(KEN+TZA+UGA),2022,1,imports_gdp,2023,tft,39.9011734217134,1.1909836023774645
RWA-fed(KEN+TZA+UGA),2022,1,imports_gdp,2023,tgcn,39.9011734217134,
RWA-fed(KEN+TZA+UGA),2022,1,imports_gdp,2023,persistence_scarcity,39.9011734217134,1.2341554330394047
RWA-fed(KEN+TZA+UGA),2022,1,imports_gdp,2023,chronos_scarcity,39.9011734217134,2.794525930258324
RWA-fed(KEN+TZA+UGA),2022,1,imports_gdp,2023,gnn_scarcity,39.9011734217134,11.9597728937593
RWA-fed(KEN+TZA+UGA),2022,1,current_account,2023,persistence,-11.4935434871962,2.1275256850562503
RWA-fed(KEN+TZA+UGA),2022,1,current_account,2023,arima,-11.4935434871962,1.712497811793721
RWA-fed(KEN+TZA+UGA),2022,1,current_account,2023,chronos,-11.4935434871962,2.81015954554581
RWA-fed(KEN+TZA+UGA),2022,1,current_account,2023,xgb_blind,-11.4935434871962,2.1318491512587006
RWA-fed(KEN+TZA+UGA),2022,1,current_account,2023,xgb_lag,-11.4935434871962,1.712497811793721
RWA-fed(KEN+TZA+UGA),2022,1,current_account,2023,xgb_typed,-11.4935434871962,1.712497811793721
RWA-fed(KEN+TZA+UGA),2022,1,current_account,2023,lgbm_blind,-11.4935434871962,3.444316890244716
RWA-fed(KEN+TZA+UGA),2022,1,current_account,2023,lgbm_lag,-11.4935434871962,1.712497811793721
RWA-fed(KEN+TZA+UGA),2022,1,current_account,2023,lgbm_typed,-11.4935434871962,1.712497811793721
RWA-fed(KEN+TZA+UGA),2022,1,current_account,2023,tft,-11.4935434871962,1.5491550976087982
RWA-fed(KEN+TZA+UGA),2022,1,current_account,2023,tgcn,-11.4935434871962,
RWA-fed(KEN+TZA+UGA),2022,1,current_account,2023,persistence_scarcity,-11.4935434871962,2.1275256850562503
RWA-fed(KEN+TZA+UGA),2022,1,current_account,2023,chronos_scarcity,-11.4935434871962,2.81015954554581
RWA-fed(KEN+TZA+UGA),2022,1,current_account,2023,gnn_scarcity,-11.4935434871962,3.587506156568759
RWA-fed(KEN+TZA+UGA),2022,1,real_interest_rate,2023,persistence,3.67012650683346,3.1747640457774526
RWA-fed(KEN+TZA+UGA),2022,1,real_interest_rate,2023,arima,3.67012650683346,2.2306357754105224
RWA-fed(KEN+TZA+UGA),2022,1,real_interest_rate,2023,chronos,3.67012650683346,2.801665714235876
RWA-fed(KEN+TZA+UGA),2022,1,real_interest_rate,2023,xgb_blind,3.67012650683346,3.315250328035925
RWA-fed(KEN+TZA+UGA),2022,1,real_interest_rate,2023,xgb_lag,3.67012650683346,2.2306357754105224
RWA-fed(KEN+TZA+UGA),2022,1,real_interest_rate,2023,xgb_typed,3.67012650683346,2.2306357754105224
RWA-fed(KEN+TZA+UGA),2022,1,real_interest_rate,2023,lgbm_blind,3.67012650683346,5.529592924045298
RWA-fed(KEN+TZA+UGA),2022,1,real_interest_rate,2023,lgbm_lag,3.67012650683346,2.2306357754105224
RWA-fed(KEN+TZA+UGA),2022,1,real_interest_rate,2023,lgbm_typed,3.67012650683346,2.2306357754105224
RWA-fed(KEN+TZA+UGA),2022,1,real_interest_rate,2023,tft,3.67012650683346,0.5406771393102665
RWA-fed(KEN+TZA+UGA),2022,1,real_interest_rate,2023,tgcn,3.67012650683346,
RWA-fed(KEN+TZA+UGA),2022,1,real_interest_rate,2023,persistence_scarcity,3.67012650683346,3.1747640457774526
RWA-fed(KEN+TZA+UGA),2022,1,real_interest_rate,2023,chronos_scarcity,3.67012650683346,2.801665714235876
RWA-fed(KEN+TZA+UGA),2022,1,real_interest_rate,2023,gnn_scarcity,3.67012650683346,5.677489688845251
RWA-fed(KEN+TZA+UGA),2022,1,broad_money,2023,persistence,26.3281033455288,0.7550207169602992
RWA-fed(KEN+TZA+UGA),2022,1,broad_money,2023,arima,26.3281033455288,0.6814604038889662
RWA-fed(KEN+TZA+UGA),2022,1,broad_money,2023,chronos,26.3281033455288,1.5444806038295802
RWA-fed(KEN+TZA+UGA),2022,1,broad_money,2023,xgb_blind,26.3281033455288,1.7639401375209864
RWA-fed(KEN+TZA+UGA),2022,1,broad_money,2023,xgb_lag,26.3281033455288,1.2969963966762599
RWA-fed(KEN+TZA+UGA),2022,1,broad_money,2023,xgb_typed,26.3281033455288,0.9509270607387599
RWA-fed(KEN+TZA+UGA),2022,1,broad_money,2023,lgbm_blind,26.3281033455288,8.915246617690283
RWA-fed(KEN+TZA+UGA),2022,1,broad_money,2023,lgbm_lag,26.3281033455288,8.915246617690283
RWA-fed(KEN+TZA+UGA),2022,1,broad_money,2023,lgbm_typed,26.3281033455288,8.915246617690283
RWA-fed(KEN+TZA+UGA),2022,1,broad_money,2023,tft,26.3281033455288,0.4145214973842677
RWA-fed(KEN+TZA+UGA),2022,1,broad_money,2023,tgcn,26.3281033455288,
RWA-fed(KEN+TZA+UGA),2022,1,broad_money,2023,persistence_scarcity,26.3281033455288,0.12153617459045662
RWA-fed(KEN+TZA+UGA),2022,1,broad_money,2023,chronos_scarcity,26.3281033455288,7.38468531191387
RWA-fed(KEN+TZA+UGA),2022,1,broad_money,2023,gnn_scarcity,26.3281033455288,0.051676470145029185
RWA-fed(KEN+TZA+UGA),2022,1,private_credit,2023,persistence,22.3546156935488,0.492016007333298
RWA-fed(KEN+TZA+UGA),2022,1,private_credit,2023,arima,22.3546156935488,0.2970040688850091
RWA-fed(KEN+TZA+UGA),2022,1,private_credit,2023,chronos,22.3546156935488,0.11319685504782484
RWA-fed(KEN+TZA+UGA),2022,1,private_credit,2023,xgb_blind,22.3546156935488,0.014628892401340465
RWA-fed(KEN+TZA+UGA),2022,1,private_credit,2023,xgb_lag,22.3546156935488,1.2074456162656517
RWA-fed(KEN+TZA+UGA),2022,1,private_credit,2023,xgb_typed,22.3546156935488,2.041843885918972
RWA-fed(KEN+TZA+UGA),2022,1,private_credit,2023,lgbm_blind,22.3546156935488,9.085831051329258
RWA-fed(KEN+TZA+UGA),2022,1,private_credit,2023,lgbm_lag,22.3546156935488,9.085831051329258
RWA-fed(KEN+TZA+UGA),2022,1,private_credit,2023,lgbm_typed,22.3546156935488,9.085831051329258
RWA-fed(KEN+TZA+UGA),2022,1,private_credit,2023,tft,22.3546156935488,0.5745987839902611
RWA-fed(KEN+TZA+UGA),2022,1,private_credit,2023,tgcn,22.3546156935488,
RWA-fed(KEN+TZA+UGA),2022,1,private_credit,2023,persistence_scarcity,22.3546156935488,0.9402234453253939
RWA-fed(KEN+TZA+UGA),2022,1,private_credit,2023,chronos_scarcity,22.3546156935488,3.659711795647837
RWA-fed(KEN+TZA+UGA),2022,1,private_credit,2023,gnn_scarcity,22.3546156935488,0.737390989800808
RWA-fed(KEN+TZA+UGA),2022,1,govt_consumption,2023,persistence,16.2989613675996,0.7338563118156998
RWA-fed(KEN+TZA+UGA),2022,1,govt_consumption,2023,arima,16.2989613675996,0.7409371247394176
RWA-fed(KEN+TZA+UGA),2022,1,govt_consumption,2023,chronos,16.2989613675996,0.3779852724150494
RWA-fed(KEN+TZA+UGA),2022,1,govt_consumption,2023,xgb_blind,16.2989613675996,0.6959406995698139
RWA-fed(KEN+TZA+UGA),2022,1,govt_consumption,2023,xgb_lag,16.2989613675996,0.7409371247394176
RWA-fed(KEN+TZA+UGA),2022,1,govt_consumption,2023,xgb_typed,16.2989613675996,0.7409371247394176
RWA-fed(KEN+TZA+UGA),2022,1,govt_consumption,2023,lgbm_blind,16.2989613675996,2.090660985700719
RWA-fed(KEN+TZA+UGA),2022,1,govt_consumption,2023,lgbm_lag,16.2989613675996,0.7409371247394176
RWA-fed(KEN+TZA+UGA),2022,1,govt_consumption,2023,lgbm_typed,16.2989613675996,0.7409371247394176
RWA-fed(KEN+TZA+UGA),2022,1,govt_consumption,2023,tft,16.2989613675996,1.2168810701445416
RWA-fed(KEN+TZA+UGA),2022,1,govt_consumption,2023,tgcn,16.2989613675996,
RWA-fed(KEN+TZA+UGA),2022,1,govt_consumption,2023,persistence_scarcity,16.2989613675996,0.7338563118156998
RWA-fed(KEN+TZA+UGA),2022,1,govt_consumption,2023,chronos_scarcity,16.2989613675996,0.3779852724150494
RWA-fed(KEN+TZA+UGA),2022,1,govt_consumption,2023,gnn_scarcity,16.2989613675996,2.120398249618642
