label,cutoff,h,target,pred_yr,method,actual,ae
ZMB-fed(KEN+TZA+UGA),1999,1,gdp_growth,2000,persistence,3.89732294341896,0.7528668029551406
ZMB-fed(KEN+TZA+UGA),1999,1,gdp_growth,2000,arima,3.89732294341896,2.1326780058350057
ZMB-fed(KEN+TZA+UGA),1999,1,gdp_growth,2000,chronos,3.89732294341896,1.154004624098281
ZMB-fed(KEN+TZA+UGA),1999,1,gdp_growth,2000,xgb_blind,3.89732294341896,0.10793690940711897
ZMB-fed(KEN+TZA+UGA),1999,1,gdp_growth,2000,xgb_lag,3.89732294341896,2.1326780058350057
ZMB-fed(KEN+TZA+UGA),1999,1,gdp_growth,2000,xgb_typed,3.89732294341896,2.1326780058350057
ZMB-fed(KEN+TZA+UGA),1999,1,gdp_growth,2000,lgbm_blind,3.89732294341896,2.3862736732029983
ZMB-fed(KEN+TZA+UGA),1999,1,gdp_growth,2000,lgbm_lag,3.89732294341896,2.1326780058350057
ZMB-fed(KEN+TZA+UGA),1999,1,gdp_growth,2000,lgbm_typed,3.89732294341896,2.1326780058350057
ZMB-fed(KEN+TZA+UGA),1999,1,gdp_growth,2000,tft,3.89732294341896,2.1326780058350057
ZMB-fed(KEN+TZA+UGA),1999,1,gdp_growth,2000,tgcn,3.89732294341896,
ZMB-fed(KEN+TZA+UGA),1999,1,gdp_growth,2000,persistence_scarcity,3.89732294341896,0.7528668029551406
ZMB-fed(KEN+TZA+UGA),1999,1,gdp_growth,2000,chronos_scarcity,3.89732294341896,1.154004624098281
ZMB-fed(KEN+TZA+UGA),1999,1,gdp_growth,2000,gnn_scarcity,3.89732294341896,5.053982308119277
ZMB-fed(KEN+TZA+UGA),1999,3,gdp_growth,2002,persistence,4.50601428032604,0.1441754660480603
ZMB-fed(KEN+TZA+UGA),1999,3,gdp_growth,2002,arima,4.50601428032604,2.035356322603886
ZMB-fed(KEN+TZA+UGA),1999,3,gdp_growth,2002,chronos,4.50601428032604,1.9847745227881983
ZMB-fed(KEN+TZA+UGA),1999,3,gdp_growth,2002,xgb_blind,4.50601428032604,4.231282316453131
ZMB-fed(KEN+TZA+UGA),1999,3,gdp_growth,2002,xgb_lag,4.50601428032604,2.035356322603886
ZMB-fed(KEN+TZA+UGA),1999,3,gdp_growth,2002,xgb_typed,4.50601428032604,2.035356322603886
ZMB-fed(KEN+TZA+UGA),1999,3,gdp_growth,2002,lgbm_blind,4.50601428032604,2.3108001322473943
ZMB-fed(KEN+TZA+UGA),1999,3,gdp_growth,2002,lgbm_lag,4.50601428032604,2.035356322603886
ZMB-fed(KEN+TZA+UGA),1999,3,gdp_growth,2002,lgbm_typed,4.50601428032604,2.035356322603886
ZMB-fed(KEN+TZA+UGA),1999,3,gdp_growth,2002,tft,4.50601428032604,2.035356322603886
ZMB-fed(KEN+TZA+UGA),1999,3,gdp_growth,2002,tgcn,4.50601428032604,
ZMB-fed(KEN+TZA+UGA),1999,3,gdp_growth,2002,persistence_scarcity,4.50601428032604,0.1441754660480603
ZMB-fed(KEN+TZA+UGA),1999,3,gdp_growth,2002,chronos_scarcity,4.50601428032604,1.9847745227881983
ZMB-fed(KEN+TZA+UGA),1999,3,gdp_growth,2002,gnn_scarcity,4.50601428032604,5.1028838682242945
ZMB-fed(KEN+TZA+UGA),1999,5,gdp_growth,2004,persistence,7.03239511515218,2.38220536877808
ZMB-fed(KEN+TZA+UGA),1999,5,gdp_growth,2004,arima,7.03239511515218,4.3299400724911745
ZMB-fed(KEN+TZA+UGA),1999,5,gdp_growth,2004,chronos,7.03239511515218,5.3341507818849685
ZMB-fed(KEN+TZA+UGA),1999,5,gdp_growth,2004,xgb_blind,7.03239511515218,3.320562114969075
ZMB-fed(KEN+TZA+UGA),1999,5,gdp_growth,2004,xgb_lag,7.03239511515218,4.3299400724911745
ZMB-fed(KEN+TZA+UGA),1999,5,gdp_growth,2004,xgb_typed,7.03239511515218,4.3299400724911745
ZMB-fed(KEN+TZA+UGA),1999,5,gdp_growth,2004,lgbm_blind,7.03239511515218,3.59346182014066
ZMB-fed(KEN+TZA+UGA),1999,5,gdp_growth,2004,lgbm_lag,7.03239511515218,4.3299400724911745
ZMB-fed(KEN+TZA+UGA),1999,5,gdp_growth,2004,lgbm_typed,7.03239511515218,4.3299400724911745
ZMB-fed(KEN+TZA+UGA),1999,5,gdp_growth,2004,tft,7.03239511515218,4.3299400724911745
ZMB-fed(KEN+TZA+UGA),1999,5,gdp_growth,2004,tgcn,7.03239511515218,
ZMB-fed(KEN+TZA+UGA),1999,5,gdp_growth,2004,persistence_scarcity,7.03239511515218,2.38220536877808
ZMB-fed(KEN+TZA+UGA),1999,5,gdp_growth,2004,chronos_scarcity,7.03239511515218,5.3341507818849685
ZMB-fed(KEN+TZA+UGA),1999,5,gdp_growth,2004,gnn_scarcity,7.03239511515218,6.823099127069295
ZMB-fed(KEN+TZA+UGA),1999,1,inflation_cpi,2000,persistence,26.0304117888121,0.7572848901907996
ZMB-fed(KEN+TZA+UGA),1999,1,inflation_cpi,2000,arima,26.0304117888121,0.8052608914622894
ZMB-fed(KEN+TZA+UGA),1999,1,inflation_cpi,2000,chronos,26.0304117888121,0.8926344603208882
ZMB-fed(KEN+TZA+UGA),1999,1,inflation_cpi,2000,xgb_blind,26.0304117888121,3.3347826689390523
ZMB-fed(KEN+TZA+UGA),1999,1,inflation_cpi,2000,xgb_lag,26.0304117888121,0.8052608914622894
ZMB-fed(KEN+TZA+UGA),1999,1,inflation_cpi,2000,xgb_typed,26.0304117888121,0.8052608914622894
ZMB-fed(KEN+TZA+UGA),1999,1,inflation_cpi,2000,lgbm_blind,26.0304117888121,46.739563661491715
ZMB-fed(KEN+TZA+UGA),1999,1,inflation_cpi,2000,lgbm_lag,26.0304117888121,0.8052608914622894
ZMB-fed(KEN+TZA+UGA),1999,1,inflation_cpi,2000,lgbm_typed,26.0304117888121,0.8052608914622894
ZMB-fed(KEN+TZA+UGA),1999,1,inflation_cpi,2000,tft,26.0304117888121,0.8052608914622894
ZMB-fed(KEN+TZA+UGA),1999,1,inflation_cpi,2000,tgcn,26.0304117888121,
ZMB-fed(KEN+TZA+UGA),1999,1,inflation_cpi,2000,persistence_scarcity,26.0304117888121,0.7572848901907996
ZMB-fed(KEN+TZA+UGA),1999,1,inflation_cpi,2000,chronos_scarcity,26.0304117888121,0.8926344603208882
ZMB-fed(KEN+TZA+UGA),1999,1,inflation_cpi,2000,gnn_scarcity,26.0304117888121,18.149401596197666
ZMB-fed(KEN+TZA+UGA),1999,3,inflation_cpi,2002,persistence,22.2333446430947,4.554352035908199
ZMB-fed(KEN+TZA+UGA),1999,3,inflation_cpi,2002,arima,22.2333446430947,4.603336565732118
ZMB-fed(KEN+TZA+UGA),1999,3,inflation_cpi,2002,chronos,22.2333446430947,4.580246360323269
ZMB-fed(KEN+TZA+UGA),1999,3,inflation_cpi,2002,xgb_blind,22.2333446430947,103.38282814743265
ZMB-fed(KEN+TZA+UGA),1999,3,inflation_cpi,2002,xgb_lag,22.2333446430947,4.603336565732118
ZMB-fed(KEN+TZA+UGA),1999,3,inflation_cpi,2002,xgb_typed,22.2333446430947,4.603336565732118
ZMB-fed(KEN+TZA+UGA),1999,3,inflation_cpi,2002,lgbm_blind,22.2333446430947,33.706787498018585
ZMB-fed(KEN+TZA+UGA),1999,3,inflation_cpi,2002,lgbm_lag,22.2333446430947,4.603336565732118
ZMB-fed(KEN+TZA+UGA),1999,3,inflation_cpi,2002,lgbm_typed,22.2333446430947,4.603336565732118
ZMB-fed(KEN+TZA+UGA),1999,3,inflation_cpi,2002,tft,22.2333446430947,4.603336565732118
ZMB-fed(KEN+TZA+UGA),1999,3,inflation_cpi,2002,tgcn,22.2333446430947,
ZMB-fed(KEN+TZA+UGA),1999,3,inflation_cpi,2002,persistence_scarcity,22.2333446430947,4.554352035908199
ZMB-fed(KEN+TZA+UGA),1999,3,inflation_cpi,2002,chronos_scarcity,22.2333446430947,4.580246360323269
ZMB-fed(KEN+TZA+UGA),1999,3,inflation_cpi,2002,gnn_scarcity,22.2333446430947,29.206749351045925
ZMB-fed(KEN+TZA+UGA),1999,5,inflation_cpi,2004,persistence,17.9677891087286,8.8199075702743
ZMB-fed(KEN+TZA+UGA),1999,5,inflation_cpi,2004,arima,17.9677891087286,8.868892527964132
ZMB-fed(KEN+TZA+UGA),1999,5,inflation_cpi,2004,chronos,17.9677891087286,10.80097538712101
ZMB-fed(KEN+TZA+UGA),1999,5,inflation_cpi,2004,xgb_blind,17.9677891087286,12.240422790075112
ZMB-fed(KEN+TZA+UGA),1999,5,inflation_cpi,2004,xgb_lag,17.9677891087286,8.868892527964132
ZMB-fed(KEN+TZA+UGA),1999,5,inflation_cpi,2004,xgb_typed,17.9677891087286,8.868892527964132
ZMB-fed(KEN+TZA+UGA),1999,5,inflation_cpi,2004,lgbm_blind,17.9677891087286,12.765723006749916
ZMB-fed(KEN+TZA+UGA),1999,5,inflation_cpi,2004,lgbm_lag,17.9677891087286,8.868892527964132
ZMB-fed(KEN+TZA+UGA),1999,5,inflation_cpi,2004,lgbm_typed,17.9677891087286,8.868892527964132
ZMB-fed(KEN+TZA+UGA),1999,5,inflation_cpi,2004,tft,17.9677891087286,8.868892527964132
ZMB-fed(KEN+TZA+UGA),1999,5,inflation_cpi,2004,tgcn,17.9677891087286,
ZMB-fed(KEN+TZA+UGA),1999,5,inflation_cpi,2004,persistence_scarcity,17.9677891087286,8.8199075702743
ZMB-fed(KEN+TZA+UGA),1999,5,inflation_cpi,2004,chronos_scarcity,17.9677891087286,10.80097538712101
ZMB-fed(KEN+TZA+UGA),1999,5,inflation_cpi,2004,gnn_scarcity,17.9677891087286,43.92799336197453
ZMB-fed(KEN+TZA+UGA),1999,1,unemployment,2000,persistence,12.93,0.4320000000000004
ZMB-fed(KEN+TZA+UGA),1999,1,unemployment,2000,arima,12.93,0.09222711928405758
ZMB-fed(KEN+TZA+UGA),1999,1,unemployment,2000,chronos,12.93,0.5417820739746091
ZMB-fed(KEN+TZA+UGA),1999,1,unemployment,2000,xgb_blind,12.93,0.8883501815795896
ZMB-fed(KEN+TZA+UGA),1999,1,unemployment,2000,xgb_lag,12.93,0.09222711928405758
ZMB-fed(KEN+TZA+UGA),1999,1,unemployment,2000,xgb_typed,12.93,0.09222711928405758
ZMB-fed(KEN+TZA+UGA),1999,1,unemployment,2000,lgbm_blind,12.93,3.3768888982137035
ZMB-fed(KEN+TZA+UGA),1999,1,unemployment,2000,lgbm_lag,12.93,0.09222711928405758
ZMB-fed(KEN+TZA+UGA),1999,1,unemployment,2000,lgbm_typed,12.93,0.09222711928405758
ZMB-fed(KEN+TZA+UGA),1999,1,unemployment,2000,tft,12.93,0.09222711928405758
ZMB-fed(KEN+TZA+UGA),1999,1,unemployment,2000,tgcn,12.93,
ZMB-fed(KEN+TZA+UGA),1999,1,unemployment,2000,persistence_scarcity,12.93,0.4320000000000004
ZMB-fed(KEN+TZA+UGA),1999,1,unemployment,2000,chronos_scarcity,12.93,0.5417820739746091
ZMB-fed(KEN+TZA+UGA),1999,1,unemployment,2000,gnn_scarcity,12.93,1.9934228134155276
ZMB-fed(KEN+TZA+UGA),1999,3,unemployment,2002,persistence,14.131,1.633000000000001
ZMB-fed(KEN+TZA+UGA),1999,3,unemployment,2002,arima,14.131,0.9032446929946776
ZMB-fed(KEN+TZA+UGA),1999,3,unemployment,2002,chronos,14.131,0.8926186141967776
ZMB-fed(KEN+TZA+UGA),1999,3,unemployment,2002,xgb_blind,14.131,1.9078707275390627
ZMB-fed(KEN+TZA+UGA),1999,3,unemployment,2002,xgb_lag,14.131,0.9032446929946776
ZMB-fed(KEN+TZA+UGA),1999,3,unemployment,2002,xgb_typed,14.131,0.9032446929946776
ZMB-fed(KEN+TZA+UGA),1999,3,unemployment,2002,lgbm_blind,14.131,1.339571381705147
ZMB-fed(KEN+TZA+UGA),1999,3,unemployment,2002,lgbm_lag,14.131,0.9032446929946776
ZMB-fed(KEN+TZA+UGA),1999,3,unemployment,2002,lgbm_typed,14.131,0.9032446929946776
ZMB-fed(KEN+TZA+UGA),1999,3,unemployment,2002,tft,14.131,0.9032446929946776
ZMB-fed(KEN+TZA+UGA),1999,3,unemployment,2002,tgcn,14.131,
ZMB-fed(KEN+TZA+UGA),1999,3,unemployment,2002,persistence_scarcity,14.131,1.633000000000001
ZMB-fed(KEN+TZA+UGA),1999,3,unemployment,2002,chronos_scarcity,14.131,0.8926186141967776
ZMB-fed(KEN+TZA+UGA),1999,3,unemployment,2002,gnn_scarcity,14.131,1.1649613800048826
ZMB-fed(KEN+TZA+UGA),1999,5,unemployment,2004,persistence,15.332,2.8340000000000014
ZMB-fed(KEN+TZA+UGA),1999,5,unemployment,2004,arima,15.332,1.9227082690839605
ZMB-fed(KEN+TZA+UGA),1999,5,unemployment,2004,chronos,15.332,0.8790886230468757
ZMB-fed(KEN+TZA+UGA),1999,5,unemployment,2004,xgb_blind,15.332,2.390709144592286
ZMB-fed(KEN+TZA+UGA),1999,5,unemployment,2004,xgb_lag,15.332,1.9227082690839605
ZMB-fed(KEN+TZA+UGA),1999,5,unemployment,2004,xgb_typed,15.332,1.9227082690839605
ZMB-fed(KEN+TZA+UGA),1999,5,unemployment,2004,lgbm_blind,15.332,1.3510000534057625
ZMB-fed(KEN+TZA+UGA),1999,5,unemployment,2004,lgbm_lag,15.332,1.9227082690839605
ZMB-fed(KEN+TZA+UGA),1999,5,unemployment,2004,lgbm_typed,15.332,1.9227082690839605
ZMB-fed(KEN+TZA+UGA),1999,5,unemployment,2004,tft,15.332,1.9227082690839605
ZMB-fed(KEN+TZA+UGA),1999,5,unemployment,2004,tgcn,15.332,
ZMB-fed(KEN+TZA+UGA),1999,5,unemployment,2004,persistence_scarcity,15.332,2.8340000000000014
ZMB-fed(KEN+TZA+UGA),1999,5,unemployment,2004,chronos_scarcity,15.332,0.8790886230468757
ZMB-fed(KEN+TZA+UGA),1999,5,unemployment,2004,gnn_scarcity,15.332,0.5004623107910149
ZMB-fed(KEN+TZA+UGA),1999,1,exports_gdp,2000,persistence,23.9238608307712,1.1133585691497991
ZMB-fed(KEN+TZA+UGA),1999,1,exports_gdp,2000,arima,23.9238608307712,1.2067208380723677
ZMB-fed(KEN+TZA+UGA),1999,1,exports_gdp,2000,chronos,23.9238608307712,1.1911370329983306
ZMB-fed(KEN+TZA+UGA),1999,1,exports_gdp,2000,xgb_blind,23.9238608307712,0.8724915557034087
ZMB-fed(KEN+TZA+UGA),1999,1,exports_gdp,2000,xgb_lag,23.9238608307712,1.2067208380723677
ZMB-fed(KEN+TZA+UGA),1999,1,exports_gdp,2000,xgb_typed,23.9238608307712,1.2067208380723677
ZMB-fed(KEN+TZA+UGA),1999,1,exports_gdp,2000,lgbm_blind,23.9238608307712,6.099222750093599
ZMB-fed(KEN+TZA+UGA),1999,1,exports_gdp,2000,lgbm_lag,23.9238608307712,1.2067208380723677
ZMB-fed(KEN+TZA+UGA),1999,1,exports_gdp,2000,lgbm_typed,23.9238608307712,1.2067208380723677
ZMB-fed(KEN+TZA+UGA),1999,1,exports_gdp,2000,tft,23.9238608307712,1.2067208380723677
ZMB-fed(KEN+TZA+UGA),1999,1,exports_gdp,2000,tgcn,23.9238608307712,
ZMB-fed(KEN+TZA+UGA),1999,1,exports_gdp,2000,persistence_scarcity,23.9238608307712,1.1133585691497991
ZMB-fed(KEN+TZA+UGA),1999,1,exports_gdp,2000,chronos_scarcity,23.9238608307712,1.1911370329983306
ZMB-fed(KEN+TZA+UGA),1999,1,exports_gdp,2000,gnn_scarcity,23.9238608307712,4.481881814492471
ZMB-fed(KEN+TZA+UGA),1999,3,exports_gdp,2002,persistence,27.1336783308698,2.096458930948799
ZMB-fed(KEN+TZA+UGA),1999,3,exports_gdp,2002,arima,27.1336783308698,1.9776908158200008
ZMB-fed(KEN+TZA+UGA),1999,3,exports_gdp,2002,chronos,27.1336783308698,2.240936173887377
ZMB-fed(KEN+TZA+UGA),1999,3,exports_gdp,2002,xgb_blind,27.1336783308698,2.173656358213549
ZMB-fed(KEN+TZA+UGA),1999,3,exports_gdp,2002,xgb_lag,27.1336783308698,1.9776908158200008
ZMB-fed(KEN+TZA+UGA),1999,3,exports_gdp,2002,xgb_typed,27.1336783308698,1.9776908158200008
ZMB-fed(KEN+TZA+UGA),1999,3,exports_gdp,2002,lgbm_blind,27.1336783308698,2.0530309368827133
ZMB-fed(KEN+TZA+UGA),1999,3,exports_gdp,2002,lgbm_lag,27.1336783308698,1.9776908158200008
ZMB-fed(KEN+TZA+UGA),1999,3,exports_gdp,2002,lgbm_typed,27.1336783308698,1.9776908158200008
ZMB-fed(KEN+TZA+UGA),1999,3,exports_gdp,2002,tft,27.1336783308698,1.9776908158200008
ZMB-fed(KEN+TZA+UGA),1999,3,exports_gdp,2002,tgcn,27.1336783308698,
ZMB-fed(KEN+TZA+UGA),1999,3,exports_gdp,2002,persistence_scarcity,27.1336783308698,2.096458930948799
ZMB-fed(KEN+TZA+UGA),1999,3,exports_gdp,2002,chronos_scarcity,27.1336783308698,2.240936173887377
ZMB-fed(KEN+TZA+UGA),1999,3,exports_gdp,2002,gnn_scarcity,27.1336783308698,1.7052174668596933
ZMB-fed(KEN+TZA+UGA),1999,5,exports_gdp,2004,persistence,33.5399822510719,8.502762851150898
ZMB-fed(KEN+TZA+UGA),1999,5,exports_gdp,2004,arima,33.5399822510719,8.382736088915006
ZMB-fed(KEN+TZA+UGA),1999,5,exports_gdp,2004,chronos,33.5399822510719,8.53610461130139
ZMB-fed(KEN+TZA+UGA),1999,5,exports_gdp,2004,xgb_blind,33.5399822510719,7.945854596042601
ZMB-fed(KEN+TZA+UGA),1999,5,exports_gdp,2004,xgb_lag,33.5399822510719,8.382736088915006
ZMB-fed(KEN+TZA+UGA),1999,5,exports_gdp,2004,xgb_typed,33.5399822510719,8.382736088915006
ZMB-fed(KEN+TZA+UGA),1999,5,exports_gdp,2004,lgbm_blind,33.5399822510719,5.858746746921508
ZMB-fed(KEN+TZA+UGA),1999,5,exports_gdp,2004,lgbm_lag,33.5399822510719,8.382736088915006
ZMB-fed(KEN+TZA+UGA),1999,5,exports_gdp,2004,lgbm_typed,33.5399822510719,8.382736088915006
ZMB-fed(KEN+TZA+UGA),1999,5,exports_gdp,2004,tft,33.5399822510719,8.382736088915006
ZMB-fed(KEN+TZA+UGA),1999,5,exports_gdp,2004,tgcn,33.5399822510719,
ZMB-fed(KEN+TZA+UGA),1999,5,exports_gdp,2004,persistence_scarcity,33.5399822510719,8.502762851150898
ZMB-fed(KEN+TZA+UGA),1999,5,exports_gdp,2004,chronos_scarcity,33.5399822510719,8.53610461130139
ZMB-fed(KEN+TZA+UGA),1999,5,exports_gdp,2004,gnn_scarcity,33.5399822510719,4.07728999032971
ZMB-fed(KEN+TZA+UGA),1999,1,imports_gdp,2000,persistence,36.4636081577253,1.733293354730698
ZMB-fed(KEN+TZA+UGA),1999,1,imports_gdp,2000,arima,36.4636081577253,1.6562717163000755
ZMB-fed(KEN+TZA+UGA),1999,1,imports_gdp,2000,chronos,36.4636081577253,1.8296436191510779
ZMB-fed(KEN+TZA+UGA),1999,1,imports_gdp,2000,xgb_blind,36.4636081577253,3.9758762241315466
ZMB-fed(KEN+TZA+UGA),1999,1,imports_gdp,2000,xgb_lag,36.4636081577253,1.6562717163000755
ZMB-fed(KEN+TZA+UGA),1999,1,imports_gdp,2000,xgb_typed,36.4636081577253,1.6562717163000755
ZMB-fed(KEN+TZA+UGA),1999,1,imports_gdp,2000,lgbm_blind,36.4636081577253,2.715432430728768
ZMB-fed(KEN+TZA+UGA),1999,1,imports_gdp,2000,lgbm_lag,36.4636081577253,1.6562717163000755
ZMB-fed(KEN+TZA+UGA),1999,1,imports_gdp,2000,lgbm_typed,36.4636081577253,1.6562717163000755
ZMB-fed(KEN+TZA+UGA),1999,1,imports_gdp,2000,tft,36.4636081577253,1.6562717163000755
ZMB-fed(KEN+TZA+UGA),1999,1,imports_gdp,2000,tgcn,36.4636081577253,
ZMB-fed(KEN+TZA+UGA),1999,1,imports_gdp,2000,persistence_scarcity,36.4636081577253,1.733293354730698
ZMB-fed(KEN+TZA+UGA),1999,1,imports_gdp,2000,chronos_scarcity,36.4636081577253,1.8296436191510779
ZMB-fed(KEN+TZA+UGA),1999,1,imports_gdp,2000,gnn_scarcity,36.4636081577253,3.5742153049420935
ZMB-fed(KEN+TZA+UGA),1999,3,imports_gdp,2002,persistence,37.782818668195,3.0525038652004
ZMB-fed(KEN+TZA+UGA),1999,3,imports_gdp,2002,arima,37.782818668195,2.9735195797434315
ZMB-fed(KEN+TZA+UGA),1999,3,imports_gdp,2002,chronos,37.782818668195,4.138394229718436
ZMB-fed(KEN+TZA+UGA),1999,3,imports_gdp,2002,xgb_blind,37.782818668195,5.94305693418621
ZMB-fed(KEN+TZA+UGA),1999,3,imports_gdp,2002,xgb_lag,37.782818668195,2.9735195797434315
ZMB-fed(KEN+TZA+UGA),1999,3,imports_gdp,2002,xgb_typed,37.782818668195,2.9735195797434315
ZMB-fed(KEN+TZA+UGA),1999,3,imports_gdp,2002,lgbm_blind,37.782818668195,4.0209353412558215
ZMB-fed(KEN+TZA+UGA),1999,3,imports_gdp,2002,lgbm_lag,37.782818668195,2.9735195797434315
ZMB-fed(KEN+TZA+UGA),1999,3,imports_gdp,2002,lgbm_typed,37.782818668195,2.9735195797434315
ZMB-fed(KEN+TZA+UGA),1999,3,imports_gdp,2002,tft,37.782818668195,2.9735195797434315
ZMB-fed(KEN+TZA+UGA),1999,3,imports_gdp,2002,tgcn,37.782818668195,
ZMB-fed(KEN+TZA+UGA),1999,3,imports_gdp,2002,persistence_scarcity,37.782818668195,3.0525038652004
ZMB-fed(KEN+TZA+UGA),1999,3,imports_gdp,2002,chronos_scarcity,37.782818668195,4.138394229718436
ZMB-fed(KEN+TZA+UGA),1999,3,imports_gdp,2002,gnn_scarcity,37.782818668195,4.699765079327811
ZMB-fed(KEN+TZA+UGA),1999,5,imports_gdp,2004,persistence,37.2730926807002,2.5427778777056034
ZMB-fed(KEN+TZA+UGA),1999,5,imports_gdp,2004,arima,37.2730926807002,2.4637923789464224
ZMB-fed(KEN+TZA+UGA),1999,5,imports_gdp,2004,chronos,37.2730926807002,1.7732719714716865
ZMB-fed(KEN+TZA+UGA),1999,5,imports_gdp,2004,xgb_blind,37.2730926807002,2.331880980260749
ZMB-fed(KEN+TZA+UGA),1999,5,imports_gdp,2004,xgb_lag,37.2730926807002,2.4637923789464224
ZMB-fed(KEN+TZA+UGA),1999,5,imports_gdp,2004,xgb_typed,37.2730926807002,2.4637923789464224
ZMB-fed(KEN+TZA+UGA),1999,5,imports_gdp,2004,lgbm_blind,37.2730926807002,3.4865356738642674
ZMB-fed(KEN+TZA+UGA),1999,5,imports_gdp,2004,lgbm_lag,37.2730926807002,2.4637923789464224
ZMB-fed(KEN+TZA+UGA),1999,5,imports_gdp,2004,lgbm_typed,37.2730926807002,2.4637923789464224
ZMB-fed(KEN+TZA+UGA),1999,5,imports_gdp,2004,tft,37.2730926807002,2.4637923789464224
ZMB-fed(KEN+TZA+UGA),1999,5,imports_gdp,2004,tgcn,37.2730926807002,
ZMB-fed(KEN+TZA+UGA),1999,5,imports_gdp,2004,persistence_scarcity,37.2730926807002,2.5427778777056034
ZMB-fed(KEN+TZA+UGA),1999,5,imports_gdp,2004,chronos_scarcity,37.2730926807002,1.7732719714716865
ZMB-fed(KEN+TZA+UGA),1999,5,imports_gdp,2004,gnn_scarcity,37.2730926807002,3.911142760045905
ZMB-fed(KEN+TZA+UGA),1999,1,current_account,2000,persistence,-18.3980639927089,7.0476625890303985
ZMB-fed(KEN+TZA+UGA),1999,1,current_account,2000,arima,-18.3980639927089,4.2803133566768565
ZMB-fed(KEN+TZA+UGA),1999,1,current_account,2000,chronos,-18.3980639927089,9.31634268686173
ZMB-fed(KEN+TZA+UGA),1999,1,current_account,2000,xgb_blind,-18.3980639927089,6.6644233219325315
ZMB-fed(KEN+TZA+UGA),1999,1,current_account,2000,xgb_lag,-18.3980639927089,4.2803133566768565
ZMB-fed(KEN+TZA+UGA),1999,1,current_account,2000,xgb_typed,-18.3980639927089,4.2803133566768565
ZMB-fed(KEN+TZA+UGA),1999,1,current_account,2000,lgbm_blind,-18.3980639927089,8.840219989667313
ZMB-fed(KEN+TZA+UGA),1999,1,current_account,2000,lgbm_lag,-18.3980639927089,4.2803133566768565
ZMB-fed(KEN+TZA+UGA),1999,1,current_account,2000,lgbm_typed,-18.3980639927089,4.2803133566768565
ZMB-fed(KEN+TZA+UGA),1999,1,current_account,2000,tft,-18.3980639927089,4.2803133566768565
ZMB-fed(KEN+TZA+UGA),1999,1,current_account,2000,tgcn,-18.3980639927089,
ZMB-fed(KEN+TZA+UGA),1999,1,current_account,2000,persistence_scarcity,-18.3980639927089,7.0476625890303985
ZMB-fed(KEN+TZA+UGA),1999,1,current_account,2000,chronos_scarcity,-18.3980639927089,9.31634268686173
ZMB-fed(KEN+TZA+UGA),1999,1,current_account,2000,gnn_scarcity,-18.3980639927089,5.857899045199133
ZMB-fed(KEN+TZA+UGA),1999,3,current_account,2002,persistence,-15.8142108448002,4.4638094411217
ZMB-fed(KEN+TZA+UGA),1999,3,current_account,2002,arima,-15.8142108448002,2.370671700174615
ZMB-fed(KEN+TZA+UGA),1999,3,current_account,2002,chronos,-15.8142108448002,6.770650816724029
ZMB-fed(KEN+TZA+UGA),1999,3,current_account,2002,xgb_blind,-15.8142108448002,0.7934722431156302
ZMB-fed(KEN+TZA+UGA),1999,3,current_account,2002,xgb_lag,-15.8142108448002,2.370671700174615
ZMB-fed(KEN+TZA+UGA),1999,3,current_account,2002,xgb_typed,-15.8142108448002,2.370671700174615
ZMB-fed(KEN+TZA+UGA),1999,3,current_account,2002,lgbm_blind,-15.8142108448002,6.112106208199162
ZMB-fed(KEN+TZA+UGA),1999,3,current_account,2002,lgbm_lag,-15.8142108448002,2.370671700174615
ZMB-fed(KEN+TZA+UGA),1999,3,current_account,2002,lgbm_typed,-15.8142108448002,2.370671700174615
ZMB-fed(KEN+TZA+UGA),1999,3,current_account,2002,tft,-15.8142108448002,2.370671700174615
ZMB-fed(KEN+TZA+UGA),1999,3,current_account,2002,tgcn,-15.8142108448002,
ZMB-fed(KEN+TZA+UGA),1999,3,current_account,2002,persistence_scarcity,-15.8142108448002,4.4638094411217
ZMB-fed(KEN+TZA+UGA),1999,3,current_account,2002,chronos_scarcity,-15.8142108448002,6.770650816724029
ZMB-fed(KEN+TZA+UGA),1999,3,current_account,2002,gnn_scarcity,-15.8142108448002,3.75719351844522
ZMB-fed(KEN+TZA+UGA),1999,5,current_account,2004,persistence,-7.14878830806073,4.20161309561777
ZMB-fed(KEN+TZA+UGA),1999,5,current_account,2004,arima,-7.14878830806073,6.068096770573387
ZMB-fed(KEN+TZA+UGA),1999,5,current_account,2004,chronos,-7.14878830806073,1.8566161642903438
ZMB-fed(KEN+TZA+UGA),1999,5,current_account,2004,xgb_blind,-7.14878830806073,6.184067870222961
ZMB-fed(KEN+TZA+UGA),1999,5,current_account,2004,xgb_lag,-7.14878830806073,6.068096770573387
ZMB-fed(KEN+TZA+UGA),1999,5,current_account,2004,xgb_typed,-7.14878830806073,6.068096770573387
ZMB-fed(KEN+TZA+UGA),1999,5,current_account,2004,lgbm_blind,-7.14878830806073,2.8129854689473266
ZMB-fed(KEN+TZA+UGA),1999,5,current_account,2004,lgbm_lag,-7.14878830806073,6.068096770573387
ZMB-fed(KEN+TZA+UGA),1999,5,current_account,2004,lgbm_typed,-7.14878830806073,6.068096770573387
ZMB-fed(KEN+TZA+UGA),1999,5,current_account,2004,tft,-7.14878830806073,6.068096770573387
ZMB-fed(KEN+TZA+UGA),1999,5,current_account,2004,tgcn,-7.14878830806073,
ZMB-fed(KEN+TZA+UGA),1999,5,current_account,2004,persistence_scarcity,-7.14878830806073,4.20161309561777
ZMB-fed(KEN+TZA+UGA),1999,5,current_account,2004,chronos_scarcity,-7.14878830806073,1.8566161642903438
ZMB-fed(KEN+TZA+UGA),1999,5,current_account,2004,gnn_scarcity,-7.14878830806073,4.212436820113098
ZMB-fed(KEN+TZA+UGA),1999,1,real_interest_rate,2000,persistence,4.6647680701877,14.4940273567596
ZMB-fed(KEN+TZA+UGA),1999,1,real_interest_rate,2000,arima,4.6647680701877,13.92379801402951
ZMB-fed(KEN+TZA+UGA),1999,1,real_interest_rate,2000,chronos,4.6647680701877,14.344604640993941
ZMB-fed(KEN+TZA+UGA),1999,1,real_interest_rate,2000,xgb_blind,4.6647680701877,12.682891994509566
ZMB-fed(KEN+TZA+UGA),1999,1,real_interest_rate,2000,xgb_lag,4.6647680701877,13.92379801402951
ZMB-fed(KEN+TZA+UGA),1999,1,real_interest_rate,2000,xgb_typed,4.6647680701877,13.92379801402951
ZMB-fed(KEN+TZA+UGA),1999,1,real_interest_rate,2000,lgbm_blind,4.6647680701877,4.851928032311994
ZMB-fed(KEN+TZA+UGA),1999,1,real_interest_rate,2000,lgbm_lag,4.6647680701877,13.92379801402951
ZMB-fed(KEN+TZA+UGA),1999,1,real_interest_rate,2000,lgbm_typed,4.6647680701877,13.92379801402951
ZMB-fed(KEN+TZA+UGA),1999,1,real_interest_rate,2000,tft,4.6647680701877,13.92379801402951
ZMB-fed(KEN+TZA+UGA),1999,1,real_interest_rate,2000,tgcn,4.6647680701877,
ZMB-fed(KEN+TZA+UGA),1999,1,real_interest_rate,2000,persistence_scarcity,4.6647680701877,14.4940273567596
ZMB-fed(KEN+TZA+UGA),1999,1,real_interest_rate,2000,chronos_scarcity,4.6647680701877,14.344604640993941
ZMB-fed(KEN+TZA+UGA),1999,1,real_interest_rate,2000,gnn_scarcity,4.6647680701877,21.160627216305862
ZMB-fed(KEN+TZA+UGA),1999,3,real_interest_rate,2002,persistence,21.6156242816087,2.456828854661399
ZMB-fed(KEN+TZA+UGA),1999,3,real_interest_rate,2002,arima,21.6156242816087,2.9809052721901885
ZMB-fed(KEN+TZA+UGA),1999,3,real_interest_rate,2002,chronos,21.6156242816087,5.8992126910325275
ZMB-fed(KEN+TZA+UGA),1999,3,real_interest_rate,2002,xgb_blind,21.6156242816087,8.734583708488582
ZMB-fed(KEN+TZA+UGA),1999,3,real_interest_rate,2002,xgb_lag,21.6156242816087,2.9809052721901885
ZMB-fed(KEN+TZA+UGA),1999,3,real_interest_rate,2002,xgb_typed,21.6156242816087,2.9809052721901885
ZMB-fed(KEN+TZA+UGA),1999,3,real_interest_rate,2002,lgbm_blind,21.6156242816087,12.204239290371603
ZMB-fed(KEN+TZA+UGA),1999,3,real_interest_rate,2002,lgbm_lag,21.6156242816087,2.9809052721901885
ZMB-fed(KEN+TZA+UGA),1999,3,real_interest_rate,2002,lgbm_typed,21.6156242816087,2.9809052721901885
ZMB-fed(KEN+TZA+UGA),1999,3,real_interest_rate,2002,tft,21.6156242816087,2.9809052721901885
ZMB-fed(KEN+TZA+UGA),1999,3,real_interest_rate,2002,tgcn,21.6156242816087,
ZMB-fed(KEN+TZA+UGA),1999,3,real_interest_rate,2002,persistence_scarcity,21.6156242816087,2.456828854661399
ZMB-fed(KEN+TZA+UGA),1999,3,real_interest_rate,2002,chronos_scarcity,21.6156242816087,5.8992126910325275
ZMB-fed(KEN+TZA+UGA),1999,3,real_interest_rate,2002,gnn_scarcity,21.6156242816087,35.1921099154588
ZMB-fed(KEN+TZA+UGA),1999,5,real_interest_rate,2004,persistence,9.19693364690934,9.96186178003796
ZMB-fed(KEN+TZA+UGA),1999,5,real_interest_rate,2004,arima,9.19693364690934,9.438149527101718
ZMB-fed(KEN+TZA+UGA),1999,5,real_interest_rate,2004,chronos,9.19693364690934,3.8252373735984726
ZMB-fed(KEN+TZA+UGA),1999,5,real_interest_rate,2004,xgb_blind,9.19693364690934,8.331628898867027
ZMB-fed(KEN+TZA+UGA),1999,5,real_interest_rate,2004,xgb_lag,9.19693364690934,9.438149527101718
ZMB-fed(KEN+TZA+UGA),1999,5,real_interest_rate,2004,xgb_typed,9.19693364690934,9.438149527101718
ZMB-fed(KEN+TZA+UGA),1999,5,real_interest_rate,2004,lgbm_blind,9.19693364690934,7.597093300112146
ZMB-fed(KEN+TZA+UGA),1999,5,real_interest_rate,2004,lgbm_lag,9.19693364690934,9.438149527101718
ZMB-fed(KEN+TZA+UGA),1999,5,real_interest_rate,2004,lgbm_typed,9.19693364690934,9.438149527101718
ZMB-fed(KEN+TZA+UGA),1999,5,real_interest_rate,2004,tft,9.19693364690934,9.438149527101718
ZMB-fed(KEN+TZA+UGA),1999,5,real_interest_rate,2004,tgcn,9.19693364690934,
ZMB-fed(KEN+TZA+UGA),1999,5,real_interest_rate,2004,persistence_scarcity,9.19693364690934,9.96186178003796
ZMB-fed(KEN+TZA+UGA),1999,5,real_interest_rate,2004,chronos_scarcity,9.19693364690934,3.8252373735984726
ZMB-fed(KEN+TZA+UGA),1999,5,real_interest_rate,2004,gnn_scarcity,9.19693364690934,18.56916799139176
ZMB-fed(KEN+TZA+UGA),1999,1,broad_money,2000,persistence,21.6860252568239,4.490445501803499
ZMB-fed(KEN+TZA+UGA),1999,1,broad_money,2000,arima,21.6860252568239,4.465779719350568
ZMB-fed(KEN+TZA+UGA),1999,1,broad_money,2000,chronos,21.6860252568239,4.481200809192064
ZMB-fed(KEN+TZA+UGA),1999,1,broad_money,2000,xgb_blind,21.6860252568239,5.104377383899095
ZMB-fed(KEN+TZA+UGA),1999,1,broad_money,2000,xgb_lag,21.6860252568239,4.465779719350568
ZMB-fed(KEN+TZA+UGA),1999,1,broad_money,2000,xgb_typed,21.6860252568239,4.465779719350568
ZMB-fed(KEN+TZA+UGA),1999,1,broad_money,2000,lgbm_blind,21.6860252568239,4.652164626364645
ZMB-fed(KEN+TZA+UGA),1999,1,broad_money,2000,lgbm_lag,21.6860252568239,4.465779719350568
ZMB-fed(KEN+TZA+UGA),1999,1,broad_money,2000,lgbm_typed,21.6860252568239,4.465779719350568
ZMB-fed(KEN+TZA+UGA),1999,1,broad_money,2000,tft,21.6860252568239,4.465779719350568
ZMB-fed(KEN+TZA+UGA),1999,1,broad_money,2000,tgcn,21.6860252568239,
ZMB-fed(KEN+TZA+UGA),1999,1,broad_money,2000,persistence_scarcity,21.6860252568239,4.490445501803499
ZMB-fed(KEN+TZA+UGA),1999,1,broad_money,2000,chronos_scarcity,21.6860252568239,4.481200809192064
ZMB-fed(KEN+TZA+UGA),1999,1,broad_money,2000,gnn_scarcity,21.6860252568239,5.998059863757494
ZMB-fed(KEN+TZA+UGA),1999,3,broad_money,2002,persistence,18.3470905634688,1.1515108084483998
ZMB-fed(KEN+TZA+UGA),1999,3,broad_money,2002,arima,18.3470905634688,1.1257458719347326
ZMB-fed(KEN+TZA+UGA),1999,3,broad_money,2002,chronos,18.3470905634688,0.17930491893755018
ZMB-fed(KEN+TZA+UGA),1999,3,broad_money,2002,xgb_blind,18.3470905634688,1.5593136164473158
ZMB-fed(KEN+TZA+UGA),1999,3,broad_money,2002,xgb_lag,18.3470905634688,1.1257458719347326
ZMB-fed(KEN+TZA+UGA),1999,3,broad_money,2002,xgb_typed,18.3470905634688,1.1257458719347326
ZMB-fed(KEN+TZA+UGA),1999,3,broad_money,2002,lgbm_blind,18.3470905634688,2.835001106638094
ZMB-fed(KEN+TZA+UGA),1999,3,broad_money,2002,lgbm_lag,18.3470905634688,1.1257458719347326
ZMB-fed(KEN+TZA+UGA),1999,3,broad_money,2002,lgbm_typed,18.3470905634688,1.1257458719347326
ZMB-fed(KEN+TZA+UGA),1999,3,broad_money,2002,tft,18.3470905634688,1.1257458719347326
ZMB-fed(KEN+TZA+UGA),1999,3,broad_money,2002,tgcn,18.3470905634688,
ZMB-fed(KEN+TZA+UGA),1999,3,broad_money,2002,persistence_scarcity,18.3470905634688,1.1515108084483998
ZMB-fed(KEN+TZA+UGA),1999,3,broad_money,2002,chronos_scarcity,18.3470905634688,0.17930491893755018
ZMB-fed(KEN+TZA+UGA),1999,3,broad_money,2002,gnn_scarcity,18.3470905634688,2.2452629420088392
ZMB-fed(KEN+TZA+UGA),1999,5,broad_money,2004,persistence,18.7743104593352,1.5787307043148004
ZMB-fed(KEN+TZA+UGA),1999,5,broad_money,2004,arima,18.7743104593352,1.552963760384415
ZMB-fed(KEN+TZA+UGA),1999,5,broad_money,2004,chronos,18.7743104593352,0.34973846836840394
ZMB-fed(KEN+TZA+UGA),1999,5,broad_money,2004,xgb_blind,18.7743104593352,2.3153604166105914
ZMB-fed(KEN+TZA+UGA),1999,5,broad_money,2004,xgb_lag,18.7743104593352,1.552963760384415
ZMB-fed(KEN+TZA+UGA),1999,5,broad_money,2004,xgb_typed,18.7743104593352,1.552963760384415
ZMB-fed(KEN+TZA+UGA),1999,5,broad_money,2004,lgbm_blind,18.7743104593352,2.5844026224211376
ZMB-fed(KEN+TZA+UGA),1999,5,broad_money,2004,lgbm_lag,18.7743104593352,1.552963760384415
ZMB-fed(KEN+TZA+UGA),1999,5,broad_money,2004,lgbm_typed,18.7743104593352,1.552963760384415
ZMB-fed(KEN+TZA+UGA),1999,5,broad_money,2004,tft,18.7743104593352,1.552963760384415
ZMB-fed(KEN+TZA+UGA),1999,5,broad_money,2004,tgcn,18.7743104593352,
ZMB-fed(KEN+TZA+UGA),1999,5,broad_money,2004,persistence_scarcity,18.7743104593352,1.5787307043148004
ZMB-fed(KEN+TZA+UGA),1999,5,broad_money,2004,chronos_scarcity,18.7743104593352,0.34973846836840394
ZMB-fed(KEN+TZA+UGA),1999,5,broad_money,2004,gnn_scarcity,18.7743104593352,2.0764688150480914
ZMB-fed(KEN+TZA+UGA),1999,1,private_credit,2000,persistence,13.6929591153621,0.0
ZMB-fed(KEN+TZA+UGA),1999,1,private_credit,2000,arima,13.6929591153621,0.0
ZMB-fed(KEN+TZA+UGA),1999,1,private_credit,2000,chronos,13.6929591153621,0.040153786992959795
ZMB-fed(KEN+TZA+UGA),1999,1,private_credit,2000,xgb_blind,13.6929591153621,2.835749910445884e-07
ZMB-fed(KEN+TZA+UGA),1999,1,private_credit,2000,xgb_lag,13.6929591153621,0.0
ZMB-fed(KEN+TZA+UGA),1999,1,private_credit,2000,xgb_typed,13.6929591153621,0.0
ZMB-fed(KEN+TZA+UGA),1999,1,private_credit,2000,lgbm_blind,13.6929591153621,2.835749910445884e-07
ZMB-fed(KEN+TZA+UGA),1999,1,private_credit,2000,lgbm_lag,13.6929591153621,0.0
ZMB-fed(KEN+TZA+UGA),1999,1,private_credit,2000,lgbm_typed,13.6929591153621,0.0
ZMB-fed(KEN+TZA+UGA),1999,1,private_credit,2000,tft,13.6929591153621,0.0
ZMB-fed(KEN+TZA+UGA),1999,1,private_credit,2000,tgcn,13.6929591153621,
ZMB-fed(KEN+TZA+UGA),1999,1,private_credit,2000,persistence_scarcity,13.6929591153621,0.0
ZMB-fed(KEN+TZA+UGA),1999,1,private_credit,2000,chronos_scarcity,13.6929591153621,0.040153786992959795
ZMB-fed(KEN+TZA+UGA),1999,1,private_credit,2000,gnn_scarcity,13.6929591153621,6.700993253616616e-07
ZMB-fed(KEN+TZA+UGA),1999,3,private_credit,2002,persistence,13.6929591153621,0.0
ZMB-fed(KEN+TZA+UGA),1999,3,private_credit,2002,arima,13.6929591153621,0.0
ZMB-fed(KEN+TZA+UGA),1999,3,private_credit,2002,chronos,13.6929591153621,0.040153786992959795
ZMB-fed(KEN+TZA+UGA),1999,3,private_credit,2002,xgb_blind,13.6929591153621,2.835749910445884e-07
ZMB-fed(KEN+TZA+UGA),1999,3,private_credit,2002,xgb_lag,13.6929591153621,0.0
ZMB-fed(KEN+TZA+UGA),1999,3,private_credit,2002,xgb_typed,13.6929591153621,0.0
ZMB-fed(KEN+TZA+UGA),1999,3,private_credit,2002,lgbm_blind,13.6929591153621,2.835749910445884e-07
ZMB-fed(KEN+TZA+UGA),1999,3,private_credit,2002,lgbm_lag,13.6929591153621,0.0
ZMB-fed(KEN+TZA+UGA),1999,3,private_credit,2002,lgbm_typed,13.6929591153621,0.0
ZMB-fed(KEN+TZA+UGA),1999,3,private_credit,2002,tft,13.6929591153621,0.0
ZMB-fed(KEN+TZA+UGA),1999,3,private_credit,2002,tgcn,13.6929591153621,
ZMB-fed(KEN+TZA+UGA),1999,3,private_credit,2002,persistence_scarcity,13.6929591153621,0.0
ZMB-fed(KEN+TZA+UGA),1999,3,private_credit,2002,chronos_scarcity,13.6929591153621,0.040153786992959795
ZMB-fed(KEN+TZA+UGA),1999,3,private_credit,2002,gnn_scarcity,13.6929591153621,6.700993253616616e-07
ZMB-fed(KEN+TZA+UGA),1999,5,private_credit,2004,persistence,13.6929591153621,0.0
ZMB-fed(KEN+TZA+UGA),1999,5,private_credit,2004,arima,13.6929591153621,0.0
ZMB-fed(KEN+TZA+UGA),1999,5,private_credit,2004,chronos,13.6929591153621,0.040153786992959795
ZMB-fed(KEN+TZA+UGA),1999,5,private_credit,2004,xgb_blind,13.6929591153621,2.835749910445884e-07
ZMB-fed(KEN+TZA+UGA),1999,5,private_credit,2004,xgb_lag,13.6929591153621,0.0
ZMB-fed(KEN+TZA+UGA),1999,5,private_credit,2004,xgb_typed,13.6929591153621,0.0
ZMB-fed(KEN+TZA+UGA),1999,5,private_credit,2004,lgbm_blind,13.6929591153621,2.835749910445884e-07
ZMB-fed(KEN+TZA+UGA),1999,5,private_credit,2004,lgbm_lag,13.6929591153621,0.0
ZMB-fed(KEN+TZA+UGA),1999,5,private_credit,2004,lgbm_typed,13.6929591153621,0.0
ZMB-fed(KEN+TZA+UGA),1999,5,private_credit,2004,tft,13.6929591153621,0.0
ZMB-fed(KEN+TZA+UGA),1999,5,private_credit,2004,tgcn,13.6929591153621,
ZMB-fed(KEN+TZA+UGA),1999,5,private_credit,2004,persistence_scarcity,13.6929591153621,0.0
ZMB-fed(KEN+TZA+UGA),1999,5,private_credit,2004,chronos_scarcity,13.6929591153621,0.040153786992959795
ZMB-fed(KEN+TZA+UGA),1999,5,private_credit,2004,gnn_scarcity,13.6929591153621,6.700993253616616e-07
ZMB-fed(KEN+TZA+UGA),1999,1,govt_consumption,2000,persistence,8.65362421922944,0.0
ZMB-fed(KEN+TZA+UGA),1999,1,govt_consumption,2000,arima,8.65362421922944,0.0
ZMB-fed(KEN+TZA+UGA),1999,1,govt_consumption,2000,chronos,8.65362421922944,0.025376958182077303
ZMB-fed(KEN+TZA+UGA),1999,1,govt_consumption,2000,xgb_blind,8.65362421922944,3.153774930098052e-07
ZMB-fed(KEN+TZA+UGA),1999,1,govt_consumption,2000,xgb_lag,8.65362421922944,0.0
ZMB-fed(KEN+TZA+UGA),1999,1,govt_consumption,2000,xgb_typed,8.65362421922944,0.0
ZMB-fed(KEN+TZA+UGA),1999,1,govt_consumption,2000,lgbm_blind,8.65362421922944,3.153774930098052e-07
ZMB-fed(KEN+TZA+UGA),1999,1,govt_consumption,2000,lgbm_lag,8.65362421922944,0.0
ZMB-fed(KEN+TZA+UGA),1999,1,govt_consumption,2000,lgbm_typed,8.65362421922944,0.0
ZMB-fed(KEN+TZA+UGA),1999,1,govt_consumption,2000,tft,8.65362421922944,0.0
ZMB-fed(KEN+TZA+UGA),1999,1,govt_consumption,2000,tgcn,8.65362421922944,
ZMB-fed(KEN+TZA+UGA),1999,1,govt_consumption,2000,persistence_scarcity,8.65362421922944,0.0
ZMB-fed(KEN+TZA+UGA),1999,1,govt_consumption,2000,chronos_scarcity,8.65362421922944,0.025376958182077303
ZMB-fed(KEN+TZA+UGA),1999,1,govt_consumption,2000,gnn_scarcity,8.65362421922944,3.153774930098052e-07
ZMB-fed(KEN+TZA+UGA),1999,3,govt_consumption,2002,persistence,8.65362421922944,0.0
ZMB-fed(KEN+TZA+UGA),1999,3,govt_consumption,2002,arima,8.65362421922944,0.0
ZMB-fed(KEN+TZA+UGA),1999,3,govt_consumption,2002,chronos,8.65362421922944,0.025376958182077303
ZMB-fed(KEN+TZA+UGA),1999,3,govt_consumption,2002,xgb_blind,8.65362421922944,3.153774930098052e-07
ZMB-fed(KEN+TZA+UGA),1999,3,govt_consumption,2002,xgb_lag,8.65362421922944,0.0
ZMB-fed(KEN+TZA+UGA),1999,3,govt_consumption,2002,xgb_typed,8.65362421922944,0.0
ZMB-fed(KEN+TZA+UGA),1999,3,govt_consumption,2002,lgbm_blind,8.65362421922944,3.153774930098052e-07
ZMB-fed(KEN+TZA+UGA),1999,3,govt_consumption,2002,lgbm_lag,8.65362421922944,0.0
ZMB-fed(KEN+TZA+UGA),1999,3,govt_consumption,2002,lgbm_typed,8.65362421922944,0.0
ZMB-fed(KEN+TZA+UGA),1999,3,govt_consumption,2002,tft,8.65362421922944,0.0
ZMB-fed(KEN+TZA+UGA),1999,3,govt_consumption,2002,tgcn,8.65362421922944,
ZMB-fed(KEN+TZA+UGA),1999,3,govt_consumption,2002,persistence_scarcity,8.65362421922944,0.0
ZMB-fed(KEN+TZA+UGA),1999,3,govt_consumption,2002,chronos_scarcity,8.65362421922944,0.025376958182077303
ZMB-fed(KEN+TZA+UGA),1999,3,govt_consumption,2002,gnn_scarcity,8.65362421922944,3.153774930098052e-07
ZMB-fed(KEN+TZA+UGA),1999,5,govt_consumption,2004,persistence,8.65362421922944,0.0
ZMB-fed(KEN+TZA+UGA),1999,5,govt_consumption,2004,arima,8.65362421922944,0.0
ZMB-fed(KEN+TZA+UGA),1999,5,govt_consumption,2004,chronos,8.65362421922944,0.025376958182077303
ZMB-fed(KEN+TZA+UGA),1999,5,govt_consumption,2004,xgb_blind,8.65362421922944,3.153774930098052e-07
ZMB-fed(KEN+TZA+UGA),1999,5,govt_consumption,2004,xgb_lag,8.65362421922944,0.0
ZMB-fed(KEN+TZA+UGA),1999,5,govt_consumption,2004,xgb_typed,8.65362421922944,0.0
ZMB-fed(KEN+TZA+UGA),1999,5,govt_consumption,2004,lgbm_blind,8.65362421922944,3.153774930098052e-07
ZMB-fed(KEN+TZA+UGA),1999,5,govt_consumption,2004,lgbm_lag,8.65362421922944,0.0
ZMB-fed(KEN+TZA+UGA),1999,5,govt_consumption,2004,lgbm_typed,8.65362421922944,0.0
ZMB-fed(KEN+TZA+UGA),1999,5,govt_consumption,2004,tft,8.65362421922944,0.0
ZMB-fed(KEN+TZA+UGA),1999,5,govt_consumption,2004,tgcn,8.65362421922944,
ZMB-fed(KEN+TZA+UGA),1999,5,govt_consumption,2004,persistence_scarcity,8.65362421922944,0.0
ZMB-fed(KEN+TZA+UGA),1999,5,govt_consumption,2004,chronos_scarcity,8.65362421922944,0.025376958182077303
ZMB-fed(KEN+TZA+UGA),1999,5,govt_consumption,2004,gnn_scarcity,8.65362421922944,3.153774930098052e-07
ZMB-fed(KEN+TZA+UGA),2000,1,gdp_growth,2001,persistence,5.31686827418419,1.4195453307652306
ZMB-fed(KEN+TZA+UGA),2000,1,gdp_growth,2001,arima,5.31686827418419,0.9984974983596313
ZMB-fed(KEN+TZA+UGA),2000,1,gdp_growth,2001,chronos,5.31686827418419,2.4843306231221787
ZMB-fed(KEN+TZA+UGA),2000,1,gdp_growth,2001,xgb_blind,5.31686827418419,0.8877758669576279
ZMB-fed(KEN+TZA+UGA),2000,1,gdp_growth,2001,xgb_lag,5.31686827418419,0.9984974983596313
ZMB-fed(KEN+TZA+UGA),2000,1,gdp_growth,2001,xgb_typed,5.31686827418419,0.9984974983596313
ZMB-fed(KEN+TZA+UGA),2000,1,gdp_growth,2001,lgbm_blind,5.31686827418419,3.5671916416755547
ZMB-fed(KEN+TZA+UGA),2000,1,gdp_growth,2001,lgbm_lag,5.31686827418419,0.9984974983596313
ZMB-fed(KEN+TZA+UGA),2000,1,gdp_growth,2001,lgbm_typed,5.31686827418419,0.9984974983596313
ZMB-fed(KEN+TZA+UGA),2000,1,gdp_growth,2001,tft,5.31686827418419,2.0082273173055283
ZMB-fed(KEN+TZA+UGA),2000,1,gdp_growth,2001,tgcn,5.31686827418419,
ZMB-fed(KEN+TZA+UGA),2000,1,gdp_growth,2001,persistence_scarcity,5.31686827418419,1.4195453307652306
ZMB-fed(KEN+TZA+UGA),2000,1,gdp_growth,2001,chronos_scarcity,5.31686827418419,2.4843306231221787
ZMB-fed(KEN+TZA+UGA),2000,1,gdp_growth,2001,gnn_scarcity,5.31686827418419,5.403836338492357
ZMB-fed(KEN+TZA+UGA),2000,3,gdp_growth,2003,persistence,6.94497398221223,3.04765103879327
ZMB-fed(KEN+TZA+UGA),2000,3,gdp_growth,2003,arima,6.94497398221223,2.7303865809869654
ZMB-fed(KEN+TZA+UGA),2000,3,gdp_growth,2003,chronos,6.94497398221223,4.310054100391551
ZMB-fed(KEN+TZA+UGA),2000,3,gdp_growth,2003,xgb_blind,6.94497398221223,6.453712380764171
ZMB-fed(KEN+TZA+UGA),2000,3,gdp_growth,2003,xgb_lag,6.94497398221223,2.7303865809869654
ZMB-fed(KEN+TZA+UGA),2000,3,gdp_growth,2003,xgb_typed,6.94497398221223,2.7303865809869654
ZMB-fed(KEN+TZA+UGA),2000,3,gdp_growth,2003,lgbm_blind,6.94497398221223,4.536996241000577
ZMB-fed(KEN+TZA+UGA),2000,3,gdp_growth,2003,lgbm_lag,6.94497398221223,2.7303865809869654
ZMB-fed(KEN+TZA+UGA),2000,3,gdp_growth,2003,lgbm_typed,6.94497398221223,2.7303865809869654
ZMB-fed(KEN+TZA+UGA),2000,3,gdp_growth,2003,tft,6.94497398221223,3.771948850986644
ZMB-fed(KEN+TZA+UGA),2000,3,gdp_growth,2003,tgcn,6.94497398221223,
ZMB-fed(KEN+TZA+UGA),2000,3,gdp_growth,2003,persistence_scarcity,6.94497398221223,3.04765103879327
ZMB-fed(KEN+TZA+UGA),2000,3,gdp_growth,2003,chronos_scarcity,6.94497398221223,4.310054100391551
ZMB-fed(KEN+TZA+UGA),2000,3,gdp_growth,2003,gnn_scarcity,6.94497398221223,6.971605933544322
ZMB-fed(KEN+TZA+UGA),2000,5,gdp_growth,2005,persistence,7.23559900655543,3.33827606313647
ZMB-fed(KEN+TZA+UGA),2000,5,gdp_growth,2005,arima,7.23559900655543,3.053472042493776
ZMB-fed(KEN+TZA+UGA),2000,5,gdp_growth,2005,chronos,7.23559900655543,4.521631683252207
ZMB-fed(KEN+TZA+UGA),2000,5,gdp_growth,2005,xgb_blind,7.23559900655543,3.882501567743174
ZMB-fed(KEN+TZA+UGA),2000,5,gdp_growth,2005,xgb_lag,7.23559900655543,3.053472042493776
ZMB-fed(KEN+TZA+UGA),2000,5,gdp_growth,2005,xgb_typed,7.23559900655543,3.053472042493776
ZMB-fed(KEN+TZA+UGA),2000,5,gdp_growth,2005,lgbm_blind,7.23559900655543,3.7202674451887128
ZMB-fed(KEN+TZA+UGA),2000,5,gdp_growth,2005,lgbm_lag,7.23559900655543,3.053472042493776
ZMB-fed(KEN+TZA+UGA),2000,5,gdp_growth,2005,lgbm_typed,7.23559900655543,3.053472042493776
ZMB-fed(KEN+TZA+UGA),2000,5,gdp_growth,2005,tft,7.23559900655543,3.414630378625742
ZMB-fed(KEN+TZA+UGA),2000,5,gdp_growth,2005,tgcn,7.23559900655543,
ZMB-fed(KEN+TZA+UGA),2000,5,gdp_growth,2005,persistence_scarcity,7.23559900655543,3.33827606313647
ZMB-fed(KEN+TZA+UGA),2000,5,gdp_growth,2005,chronos_scarcity,7.23559900655543,4.521631683252207
ZMB-fed(KEN+TZA+UGA),2000,5,gdp_growth,2005,gnn_scarcity,7.23559900655543,6.684967006585947
ZMB-fed(KEN+TZA+UGA),2000,1,inflation_cpi,2001,persistence,21.3937821792546,4.636629609557499
ZMB-fed(KEN+TZA+UGA),2000,1,inflation_cpi,2001,arima,21.3937821792546,4.620922670571481
ZMB-fed(KEN+TZA+UGA),2000,1,inflation_cpi,2001,chronos,21.3937821792546,4.8653235031184465
ZMB-fed(KEN+TZA+UGA),2000,1,inflation_cpi,2001,xgb_blind,21.3937821792546,17.855561692815712
ZMB-fed(KEN+TZA+UGA),2000,1,inflation_cpi,2001,xgb_lag,21.3937821792546,4.620922670571481
ZMB-fed(KEN+TZA+UGA),2000,1,inflation_cpi,2001,xgb_typed,21.3937821792546,4.620922670571481
ZMB-fed(KEN+TZA+UGA),2000,1,inflation_cpi,2001,lgbm_blind,21.3937821792546,46.70223699341386
ZMB-fed(KEN+TZA+UGA),2000,1,inflation_cpi,2001,lgbm_lag,21.3937821792546,4.620922670571481
ZMB-fed(KEN+TZA+UGA),2000,1,inflation_cpi,2001,lgbm_typed,21.3937821792546,4.620922670571481
ZMB-fed(KEN+TZA+UGA),2000,1,inflation_cpi,2001,tft,21.3937821792546,4.222102601629189
ZMB-fed(KEN+TZA+UGA),2000,1,inflation_cpi,2001,tgcn,21.3937821792546,
ZMB-fed(KEN+TZA+UGA),2000,1,inflation_cpi,2001,persistence_scarcity,21.3937821792546,4.636629609557499
ZMB-fed(KEN+TZA+UGA),2000,1,inflation_cpi,2001,chronos_scarcity,21.3937821792546,4.8653235031184465
ZMB-fed(KEN+TZA+UGA),2000,1,inflation_cpi,2001,gnn_scarcity,21.3937821792546,28.647969682317665
ZMB-fed(KEN+TZA+UGA),2000,3,inflation_cpi,2003,persistence,21.4015783901995,4.628833398612599
ZMB-fed(KEN+TZA+UGA),2000,3,inflation_cpi,2003,arima,21.4015783901995,4.612793923040787
ZMB-fed(KEN+TZA+UGA),2000,3,inflation_cpi,2003,chronos,21.4015783901995,8.008621728819055
ZMB-fed(KEN+TZA+UGA),2000,3,inflation_cpi,2003,xgb_blind,21.4015783901995,104.32592252532784
ZMB-fed(KEN+TZA+UGA),2000,3,inflation_cpi,2003,xgb_lag,21.4015783901995,4.612793923040787
ZMB-fed(KEN+TZA+UGA),2000,3,inflation_cpi,2003,xgb_typed,21.4015783901995,4.612793923040787
ZMB-fed(KEN+TZA+UGA),2000,3,inflation_cpi,2003,lgbm_blind,21.4015783901995,30.799838817518395
ZMB-fed(KEN+TZA+UGA),2000,3,inflation_cpi,2003,lgbm_lag,21.4015783901995,4.612793923040787
ZMB-fed(KEN+TZA+UGA),2000,3,inflation_cpi,2003,lgbm_typed,21.4015783901995,4.612793923040787
ZMB-fed(KEN+TZA+UGA),2000,3,inflation_cpi,2003,tft,21.4015783901995,3.5554185275251093
ZMB-fed(KEN+TZA+UGA),2000,3,inflation_cpi,2003,tgcn,21.4015783901995,
ZMB-fed(KEN+TZA+UGA),2000,3,inflation_cpi,2003,persistence_scarcity,21.4015783901995,4.628833398612599
ZMB-fed(KEN+TZA+UGA),2000,3,inflation_cpi,2003,chronos_scarcity,21.4015783901995,8.008621728819055
ZMB-fed(KEN+TZA+UGA),2000,3,inflation_cpi,2003,gnn_scarcity,21.4015783901995,29.437578714292687
ZMB-fed(KEN+TZA+UGA),2000,5,inflation_cpi,2005,persistence,18.324439701174,7.705972087638099
ZMB-fed(KEN+TZA+UGA),2000,5,inflation_cpi,2005,arima,18.324439701174,7.68993246901098
ZMB-fed(KEN+TZA+UGA),2000,5,inflation_cpi,2005,chronos,18.324439701174,11.348367992307445
ZMB-fed(KEN+TZA+UGA),2000,5,inflation_cpi,2005,xgb_blind,18.324439701174,8.001131359006664
ZMB-fed(KEN+TZA+UGA),2000,5,inflation_cpi,2005,xgb_lag,18.324439701174,7.68993246901098
ZMB-fed(KEN+TZA+UGA),2000,5,inflation_cpi,2005,xgb_typed,18.324439701174,7.68993246901098
ZMB-fed(KEN+TZA+UGA),2000,5,inflation_cpi,2005,lgbm_blind,18.324439701174,11.625222507383128
ZMB-fed(KEN+TZA+UGA),2000,5,inflation_cpi,2005,lgbm_lag,18.324439701174,7.68993246901098
ZMB-fed(KEN+TZA+UGA),2000,5,inflation_cpi,2005,lgbm_typed,18.324439701174,7.68993246901098
ZMB-fed(KEN+TZA+UGA),2000,5,inflation_cpi,2005,tft,18.324439701174,5.987388912107249
ZMB-fed(KEN+TZA+UGA),2000,5,inflation_cpi,2005,tgcn,18.324439701174,
ZMB-fed(KEN+TZA+UGA),2000,5,inflation_cpi,2005,persistence_scarcity,18.324439701174,7.705972087638099
ZMB-fed(KEN+TZA+UGA),2000,5,inflation_cpi,2005,chronos_scarcity,18.324439701174,11.348367992307445
ZMB-fed(KEN+TZA+UGA),2000,5,inflation_cpi,2005,gnn_scarcity,18.324439701174,40.14390975561311
ZMB-fed(KEN+TZA+UGA),2000,1,unemployment,2001,persistence,13.404,0.4740000000000002
ZMB-fed(KEN+TZA+UGA),2000,1,unemployment,2001,arima,13.404,0.17578095435987073
ZMB-fed(KEN+TZA+UGA),2000,1,unemployment,2001,chronos,13.404,0.16537599182128915
ZMB-fed(KEN+TZA+UGA),2000,1,unemployment,2001,xgb_blind,13.404,0.6193631134033204
ZMB-fed(KEN+TZA+UGA),2000,1,unemployment,2001,xgb_lag,13.404,0.17578095435987073
ZMB-fed(KEN+TZA+UGA),2000,1,unemployment,2001,xgb_typed,13.404,0.17578095435987073
ZMB-fed(KEN+TZA+UGA),2000,1,unemployment,2001,lgbm_blind,13.404,2.5652000389099125
ZMB-fed(KEN+TZA+UGA),2000,1,unemployment,2001,lgbm_lag,13.404,0.17578095435987073
ZMB-fed(KEN+TZA+UGA),2000,1,unemployment,2001,lgbm_typed,13.404,0.17578095435987073
ZMB-fed(KEN+TZA+UGA),2000,1,unemployment,2001,tft,13.404,0.3154351272583007
ZMB-fed(KEN+TZA+UGA),2000,1,unemployment,2001,tgcn,13.404,
ZMB-fed(KEN+TZA+UGA),2000,1,unemployment,2001,persistence_scarcity,13.404,0.4740000000000002
ZMB-fed(KEN+TZA+UGA),2000,1,unemployment,2001,chronos_scarcity,13.404,0.16537599182128915
ZMB-fed(KEN+TZA+UGA),2000,1,unemployment,2001,gnn_scarcity,13.404,1.6874058685302735
ZMB-fed(KEN+TZA+UGA),2000,3,unemployment,2003,persistence,14.704,1.774000000000001
ZMB-fed(KEN+TZA+UGA),2000,3,unemployment,2003,arima,14.704,1.1277992470797784
ZMB-fed(KEN+TZA+UGA),2000,3,unemployment,2003,chronos,14.704,0.3609366455078131
ZMB-fed(KEN+TZA+UGA),2000,3,unemployment,2003,xgb_blind,14.704,1.910651687622071
ZMB-fed(KEN+TZA+UGA),2000,3,unemployment,2003,xgb_lag,14.704,1.1277992470797784
ZMB-fed(KEN+TZA+UGA),2000,3,unemployment,2003,xgb_typed,14.704,1.1277992470797784
ZMB-fed(KEN+TZA+UGA),2000,3,unemployment,2003,lgbm_blind,14.704,0.4489999971389764
ZMB-fed(KEN+TZA+UGA),2000,3,unemployment,2003,lgbm_lag,14.704,1.1277992470797784
ZMB-fed(KEN+TZA+UGA),2000,3,unemployment,2003,lgbm_typed,14.704,1.1277992470797784
ZMB-fed(KEN+TZA+UGA),2000,3,unemployment,2003,tft,14.704,1.9018540420532233
ZMB-fed(KEN+TZA+UGA),2000,3,unemployment,2003,tgcn,14.704,
ZMB-fed(KEN+TZA+UGA),2000,3,unemployment,2003,persistence_scarcity,14.704,1.774000000000001
ZMB-fed(KEN+TZA+UGA),2000,3,unemployment,2003,chronos_scarcity,14.704,0.3609366455078131
ZMB-fed(KEN+TZA+UGA),2000,3,unemployment,2003,gnn_scarcity,14.704,0.42966127014160094
ZMB-fed(KEN+TZA+UGA),2000,5,unemployment,2005,persistence,15.9,2.9700000000000006
ZMB-fed(KEN+TZA+UGA),2000,5,unemployment,2005,arima,15.9,2.157970555915723
ZMB-fed(KEN+TZA+UGA),2000,5,unemployment,2005,chronos,15.9,1.021299743652344
ZMB-fed(KEN+TZA+UGA),2000,5,unemployment,2005,xgb_blind,15.9,2.988729858398438
ZMB-fed(KEN+TZA+UGA),2000,5,unemployment,2005,xgb_lag,15.9,2.157970555915723
ZMB-fed(KEN+TZA+UGA),2000,5,unemployment,2005,xgb_typed,15.9,2.157970555915723
ZMB-fed(KEN+TZA+UGA),2000,5,unemployment,2005,lgbm_blind,15.9,2.0941666603088382
ZMB-fed(KEN+TZA+UGA),2000,5,unemployment,2005,lgbm_lag,15.9,2.157970555915723
ZMB-fed(KEN+TZA+UGA),2000,5,unemployment,2005,lgbm_typed,15.9,2.157970555915723
ZMB-fed(KEN+TZA+UGA),2000,5,unemployment,2005,tft,15.9,3.1028131484985355
ZMB-fed(KEN+TZA+UGA),2000,5,unemployment,2005,tgcn,15.9,
ZMB-fed(KEN+TZA+UGA),2000,5,unemployment,2005,persistence_scarcity,15.9,2.9700000000000006
ZMB-fed(KEN+TZA+UGA),2000,5,unemployment,2005,chronos_scarcity,15.9,1.021299743652344
ZMB-fed(KEN+TZA+UGA),2000,5,unemployment,2005,gnn_scarcity,15.9,0.36206378936767614
ZMB-fed(KEN+TZA+UGA),2000,1,exports_gdp,2001,persistence,25.109699098695,1.185838267923799
ZMB-fed(KEN+TZA+UGA),2000,1,exports_gdp,2001,arima,25.109699098695,1.41715859247563
ZMB-fed(KEN+TZA+UGA),2000,1,exports_gdp,2001,chronos,25.109699098695,1.5660818501598435
ZMB-fed(KEN+TZA+UGA),2000,1,exports_gdp,2001,xgb_blind,25.109699098695,0.8992994710094528
ZMB-fed(KEN+TZA+UGA),2000,1,exports_gdp,2001,xgb_lag,25.109699098695,1.41715859247563
ZMB-fed(KEN+TZA+UGA),2000,1,exports_gdp,2001,xgb_typed,25.109699098695,1.41715859247563
ZMB-fed(KEN+TZA+UGA),2000,1,exports_gdp,2001,lgbm_blind,25.109699098695,4.303462179075996
ZMB-fed(KEN+TZA+UGA),2000,1,exports_gdp,2001,lgbm_lag,25.109699098695,1.41715859247563
ZMB-fed(KEN+TZA+UGA),2000,1,exports_gdp,2001,lgbm_typed,25.109699098695,1.41715859247563
ZMB-fed(KEN+TZA+UGA),2000,1,exports_gdp,2001,tft,25.109699098695,1.0062864705211716
ZMB-fed(KEN+TZA+UGA),2000,1,exports_gdp,2001,tgcn,25.109699098695,
ZMB-fed(KEN+TZA+UGA),2000,1,exports_gdp,2001,persistence_scarcity,25.109699098695,1.185838267923799
ZMB-fed(KEN+TZA+UGA),2000,1,exports_gdp,2001,chronos_scarcity,25.109699098695,1.5660818501598435
ZMB-fed(KEN+TZA+UGA),2000,1,exports_gdp,2001,gnn_scarcity,25.109699098695,3.191703946959297
ZMB-fed(KEN+TZA+UGA),2000,3,exports_gdp,2003,persistence,25.6839640308427,1.760103200071498
ZMB-fed(KEN+TZA+UGA),2000,3,exports_gdp,2003,arima,25.6839640308427,2.049470027762787
ZMB-fed(KEN+TZA+UGA),2000,3,exports_gdp,2003,chronos,25.6839640308427,2.4673330951737533
ZMB-fed(KEN+TZA+UGA),2000,3,exports_gdp,2003,xgb_blind,25.6839640308427,1.3492682148026596
ZMB-fed(KEN+TZA+UGA),2000,3,exports_gdp,2003,xgb_lag,25.6839640308427,2.049470027762787
ZMB-fed(KEN+TZA+UGA),2000,3,exports_gdp,2003,xgb_typed,25.6839640308427,2.049470027762787
ZMB-fed(KEN+TZA+UGA),2000,3,exports_gdp,2003,lgbm_blind,25.6839640308427,2.8448891471815934
ZMB-fed(KEN+TZA+UGA),2000,3,exports_gdp,2003,lgbm_lag,25.6839640308427,2.049470027762787
ZMB-fed(KEN+TZA+UGA),2000,3,exports_gdp,2003,lgbm_typed,25.6839640308427,2.049470027762787
ZMB-fed(KEN+TZA+UGA),2000,3,exports_gdp,2003,tft,25.6839640308427,1.9173948932694564
ZMB-fed(KEN+TZA+UGA),2000,3,exports_gdp,2003,tgcn,25.6839640308427,
ZMB-fed(KEN+TZA+UGA),2000,3,exports_gdp,2003,persistence_scarcity,25.6839640308427,1.760103200071498
ZMB-fed(KEN+TZA+UGA),2000,3,exports_gdp,2003,chronos_scarcity,25.6839640308427,2.4673330951737533
ZMB-fed(KEN+TZA+UGA),2000,3,exports_gdp,2003,gnn_scarcity,25.6839640308427,2.670369846720778
ZMB-fed(KEN+TZA+UGA),2000,5,exports_gdp,2005,persistence,30.6107123143813,6.6868514836100985
ZMB-fed(KEN+TZA+UGA),2000,5,exports_gdp,2005,arima,30.6107123143813,6.978724037049371
ZMB-fed(KEN+TZA+UGA),2000,5,exports_gdp,2005,chronos,30.6107123143813,6.9580900914809085
ZMB-fed(KEN+TZA+UGA),2000,5,exports_gdp,2005,xgb_blind,30.6107123143813,6.364162708058057
ZMB-fed(KEN+TZA+UGA),2000,5,exports_gdp,2005,xgb_lag,30.6107123143813,6.978724037049371
ZMB-fed(KEN+TZA+UGA),2000,5,exports_gdp,2005,xgb_typed,30.6107123143813,6.978724037049371
ZMB-fed(KEN+TZA+UGA),2000,5,exports_gdp,2005,lgbm_blind,30.6107123143813,3.555705969268182
ZMB-fed(KEN+TZA+UGA),2000,5,exports_gdp,2005,lgbm_lag,30.6107123143813,6.978724037049371
ZMB-fed(KEN+TZA+UGA),2000,5,exports_gdp,2005,lgbm_typed,30.6107123143813,6.978724037049371
ZMB-fed(KEN+TZA+UGA),2000,5,exports_gdp,2005,tft,30.6107123143813,7.213405872120557
ZMB-fed(KEN+TZA+UGA),2000,5,exports_gdp,2005,tgcn,30.6107123143813,
ZMB-fed(KEN+TZA+UGA),2000,5,exports_gdp,2005,persistence_scarcity,30.6107123143813,6.6868514836100985
ZMB-fed(KEN+TZA+UGA),2000,5,exports_gdp,2005,chronos_scarcity,30.6107123143813,6.9580900914809085
ZMB-fed(KEN+TZA+UGA),2000,5,exports_gdp,2005,gnn_scarcity,30.6107123143813,1.7499621160170413
ZMB-fed(KEN+TZA+UGA),2000,1,imports_gdp,2001,persistence,39.558583610284,3.0949754525587068
ZMB-fed(KEN+TZA+UGA),2000,1,imports_gdp,2001,arima,39.558583610284,2.838852830375423
ZMB-fed(KEN+TZA+UGA),2000,1,imports_gdp,2001,chronos,39.558583610284,3.175610892998847
ZMB-fed(KEN+TZA+UGA),2000,1,imports_gdp,2001,xgb_blind,39.558583610284,3.5582479169246284
ZMB-fed(KEN+TZA+UGA),2000,1,imports_gdp,2001,xgb_lag,39.558583610284,2.838852830375423
ZMB-fed(KEN+TZA+UGA),2000,1,imports_gdp,2001,xgb_typed,39.558583610284,2.838852830375423
ZMB-fed(KEN+TZA+UGA),2000,1,imports_gdp,2001,lgbm_blind,39.558583610284,5.5388646771785375
ZMB-fed(KEN+TZA+UGA),2000,1,imports_gdp,2001,lgbm_lag,39.558583610284,2.838852830375423
ZMB-fed(KEN+TZA+UGA),2000,1,imports_gdp,2001,lgbm_typed,39.558583610284,2.838852830375423
ZMB-fed(KEN+TZA+UGA),2000,1,imports_gdp,2001,tft,39.558583610284,4.578904502617988
ZMB-fed(KEN+TZA+UGA),2000,1,imports_gdp,2001,tgcn,39.558583610284,
ZMB-fed(KEN+TZA+UGA),2000,1,imports_gdp,2001,persistence_scarcity,39.558583610284,3.0949754525587068
ZMB-fed(KEN+TZA+UGA),2000,1,imports_gdp,2001,chronos_scarcity,39.558583610284,3.175610892998847
ZMB-fed(KEN+TZA+UGA),2000,1,imports_gdp,2001,gnn_scarcity,39.558583610284,6.201287620293769
ZMB-fed(KEN+TZA+UGA),2000,3,imports_gdp,2003,persistence,36.6288806449202,0.16527248719490473
ZMB-fed(KEN+TZA+UGA),2000,3,imports_gdp,2003,arima,36.6288806449202,0.13428888668723005
ZMB-fed(KEN+TZA+UGA),2000,3,imports_gdp,2003,chronos,36.6288806449202,1.86568942177567
ZMB-fed(KEN+TZA+UGA),2000,3,imports_gdp,2003,xgb_blind,36.6288806449202,3.469479704978795
ZMB-fed(KEN+TZA+UGA),2000,3,imports_gdp,2003,xgb_lag,36.6288806449202,0.13428888668723005
ZMB-fed(KEN+TZA+UGA),2000,3,imports_gdp,2003,xgb_typed,36.6288806449202,0.13428888668723005
ZMB-fed(KEN+TZA+UGA),2000,3,imports_gdp,2003,lgbm_blind,36.6288806449202,2.529281760337682
ZMB-fed(KEN+TZA+UGA),2000,3,imports_gdp,2003,lgbm_lag,36.6288806449202,0.13428888668723005
ZMB-fed(KEN+TZA+UGA),2000,3,imports_gdp,2003,lgbm_typed,36.6288806449202,0.13428888668723005
ZMB-fed(KEN+TZA+UGA),2000,3,imports_gdp,2003,tft,36.6288806449202,2.808205748679967
ZMB-fed(KEN+TZA+UGA),2000,3,imports_gdp,2003,tgcn,36.6288806449202,
ZMB-fed(KEN+TZA+UGA),2000,3,imports_gdp,2003,persistence_scarcity,36.6288806449202,0.16527248719490473
ZMB-fed(KEN+TZA+UGA),2000,3,imports_gdp,2003,chronos_scarcity,36.6288806449202,1.86568942177567
ZMB-fed(KEN+TZA+UGA),2000,3,imports_gdp,2003,gnn_scarcity,36.6288806449202,3.24819674599442
ZMB-fed(KEN+TZA+UGA),2000,5,imports_gdp,2005,persistence,31.5895698769828,4.8740382807424965
ZMB-fed(KEN+TZA+UGA),2000,5,imports_gdp,2005,arima,31.5895698769828,5.174548136576647
ZMB-fed(KEN+TZA+UGA),2000,5,imports_gdp,2005,chronos,31.5895698769828,2.0522376791695436
ZMB-fed(KEN+TZA+UGA),2000,5,imports_gdp,2005,xgb_blind,31.5895698769828,4.657939125702747
ZMB-fed(KEN+TZA+UGA),2000,5,imports_gdp,2005,xgb_lag,31.5895698769828,5.174548136576647
ZMB-fed(KEN+TZA+UGA),2000,5,imports_gdp,2005,xgb_typed,31.5895698769828,5.174548136576647
ZMB-fed(KEN+TZA+UGA),2000,5,imports_gdp,2005,lgbm_blind,31.5895698769828,2.643162260061473
ZMB-fed(KEN+TZA+UGA),2000,5,imports_gdp,2005,lgbm_lag,31.5895698769828,5.174548136576647
ZMB-fed(KEN+TZA+UGA),2000,5,imports_gdp,2005,lgbm_typed,31.5895698769828,5.174548136576647
ZMB-fed(KEN+TZA+UGA),2000,5,imports_gdp,2005,tft,31.5895698769828,1.3762466208199342
ZMB-fed(KEN+TZA+UGA),2000,5,imports_gdp,2005,tgcn,31.5895698769828,
ZMB-fed(KEN+TZA+UGA),2000,5,imports_gdp,2005,persistence_scarcity,31.5895698769828,4.8740382807424965
ZMB-fed(KEN+TZA+UGA),2000,5,imports_gdp,2005,chronos_scarcity,31.5895698769828,2.0522376791695436
ZMB-fed(KEN+TZA+UGA),2000,5,imports_gdp,2005,gnn_scarcity,31.5895698769828,2.0148956076363405
ZMB-fed(KEN+TZA+UGA),2000,1,current_account,2001,persistence,-18.0007855963506,0.3972783963582991
ZMB-fed(KEN+TZA+UGA),2000,1,current_account,2001,arima,-18.0007855963506,4.254807317498816
ZMB-fed(KEN+TZA+UGA),2000,1,current_account,2001,chronos,-18.0007855963506,7.632355458716322
ZMB-fed(KEN+TZA+UGA),2000,1,current_account,2001,xgb_blind,-18.0007855963506,1.8594663214482559
ZMB-fed(KEN+TZA+UGA),2000,1,current_account,2001,xgb_lag,-18.0007855963506,4.254807317498816
ZMB-fed(KEN+TZA+UGA),2000,1,current_account,2001,xgb_typed,-18.0007855963506,4.254807317498816
ZMB-fed(KEN+TZA+UGA),2000,1,current_account,2001,lgbm_blind,-18.0007855963506,7.558919627646375
ZMB-fed(KEN+TZA+UGA),2000,1,current_account,2001,lgbm_lag,-18.0007855963506,4.254807317498816
ZMB-fed(KEN+TZA+UGA),2000,1,current_account,2001,lgbm_typed,-18.0007855963506,4.254807317498816
ZMB-fed(KEN+TZA+UGA),2000,1,current_account,2001,tft,-18.0007855963506,2.1320931982793105
ZMB-fed(KEN+TZA+UGA),2000,1,current_account,2001,tgcn,-18.0007855963506,
ZMB-fed(KEN+TZA+UGA),2000,1,current_account,2001,persistence_scarcity,-18.0007855963506,0.3972783963582991
ZMB-fed(KEN+TZA+UGA),2000,1,current_account,2001,chronos_scarcity,-18.0007855963506,7.632355458716322
ZMB-fed(KEN+TZA+UGA),2000,1,current_account,2001,gnn_scarcity,-18.0007855963506,5.2166879248418105
ZMB-fed(KEN+TZA+UGA),2000,3,current_account,2003,persistence,-13.5299667044381,4.868097288270798
ZMB-fed(KEN+TZA+UGA),2000,3,current_account,2003,arima,-13.5299667044381,1.2598068345305968
ZMB-fed(KEN+TZA+UGA),2000,3,current_account,2003,chronos,-13.5299667044381,4.141229979584585
ZMB-fed(KEN+TZA+UGA),2000,3,current_account,2003,xgb_blind,-13.5299667044381,3.9833999947806493
ZMB-fed(KEN+TZA+UGA),2000,3,current_account,2003,xgb_lag,-13.5299667044381,1.2598068345305968
ZMB-fed(KEN+TZA+UGA),2000,3,current_account,2003,xgb_typed,-13.5299667044381,1.2598068345305968
ZMB-fed(KEN+TZA+UGA),2000,3,current_account,2003,lgbm_blind,-13.5299667044381,2.740867189953695
ZMB-fed(KEN+TZA+UGA),2000,3,current_account,2003,lgbm_lag,-13.5299667044381,1.2598068345305968
ZMB-fed(KEN+TZA+UGA),2000,3,current_account,2003,lgbm_typed,-13.5299667044381,1.2598068345305968
ZMB-fed(KEN+TZA+UGA),2000,3,current_account,2003,tft,-13.5299667044381,5.360574372222056
ZMB-fed(KEN+TZA+UGA),2000,3,current_account,2003,tgcn,-13.5299667044381,
ZMB-fed(KEN+TZA+UGA),2000,3,current_account,2003,persistence_scarcity,-13.5299667044381,4.868097288270798
ZMB-fed(KEN+TZA+UGA),2000,3,current_account,2003,chronos_scarcity,-13.5299667044381,4.141229979584585
ZMB-fed(KEN+TZA+UGA),2000,3,current_account,2003,gnn_scarcity,-13.5299667044381,0.8067363424996241
ZMB-fed(KEN+TZA+UGA),2000,5,current_account,2005,persistence,-2.78498414861087,15.613079844098028
ZMB-fed(KEN+TZA+UGA),2000,5,current_account,2005,arima,-2.78498414861087,12.459589466420397
ZMB-fed(KEN+TZA+UGA),2000,5,current_account,2005,chronos,-2.78498414861087,6.440465413461884
ZMB-fed(KEN+TZA+UGA),2000,5,current_account,2005,xgb_blind,-2.78498414861087,14.700933896433074
ZMB-fed(KEN+TZA+UGA),2000,5,current_account,2005,xgb_lag,-2.78498414861087,12.459589466420397
ZMB-fed(KEN+TZA+UGA),2000,5,current_account,2005,xgb_typed,-2.78498414861087,12.459589466420397
ZMB-fed(KEN+TZA+UGA),2000,5,current_account,2005,lgbm_blind,-2.78498414861087,8.582837942173839
ZMB-fed(KEN+TZA+UGA),2000,5,current_account,2005,lgbm_lag,-2.78498414861087,12.459589466420397
ZMB-fed(KEN+TZA+UGA),2000,5,current_account,2005,lgbm_typed,-2.78498414861087,12.459589466420397
ZMB-fed(KEN+TZA+UGA),2000,5,current_account,2005,tft,-2.78498414861087,19.57330747736569
ZMB-fed(KEN+TZA+UGA),2000,5,current_account,2005,tgcn,-2.78498414861087,
ZMB-fed(KEN+TZA+UGA),2000,5,current_account,2005,persistence_scarcity,-2.78498414861087,15.613079844098028
ZMB-fed(KEN+TZA+UGA),2000,5,current_account,2005,chronos_scarcity,-2.78498414861087,6.440465413461884
ZMB-fed(KEN+TZA+UGA),2000,5,current_account,2005,gnn_scarcity,-2.78498414861087,9.355897389780242
ZMB-fed(KEN+TZA+UGA),2000,1,real_interest_rate,2001,persistence,16.6774634895963,12.0126954194086
ZMB-fed(KEN+TZA+UGA),2000,1,real_interest_rate,2001,arima,16.6774634895963,10.046996459660015
ZMB-fed(KEN+TZA+UGA),2000,1,real_interest_rate,2001,chronos,16.6774634895963,12.014870124880723
ZMB-fed(KEN+TZA+UGA),2000,1,real_interest_rate,2001,xgb_blind,16.6774634895963,6.871592479769639
ZMB-fed(KEN+TZA+UGA),2000,1,real_interest_rate,2001,xgb_lag,16.6774634895963,10.046996459660015
ZMB-fed(KEN+TZA+UGA),2000,1,real_interest_rate,2001,xgb_typed,16.6774634895963,10.046996459660015
ZMB-fed(KEN+TZA+UGA),2000,1,real_interest_rate,2001,lgbm_blind,16.6774634895963,16.37943063360875
ZMB-fed(KEN+TZA+UGA),2000,1,real_interest_rate,2001,lgbm_lag,16.6774634895963,10.046996459660015
ZMB-fed(KEN+TZA+UGA),2000,1,real_interest_rate,2001,lgbm_typed,16.6774634895963,10.046996459660015
ZMB-fed(KEN+TZA+UGA),2000,1,real_interest_rate,2001,tft,16.6774634895963,13.453941541735581
ZMB-fed(KEN+TZA+UGA),2000,1,real_interest_rate,2001,tgcn,16.6774634895963,
ZMB-fed(KEN+TZA+UGA),2000,1,real_interest_rate,2001,persistence_scarcity,16.6774634895963,12.0126954194086
ZMB-fed(KEN+TZA+UGA),2000,1,real_interest_rate,2001,chronos_scarcity,16.6774634895963,12.014870124880723
ZMB-fed(KEN+TZA+UGA),2000,1,real_interest_rate,2001,gnn_scarcity,16.6774634895963,27.98460002524083
ZMB-fed(KEN+TZA+UGA),2000,3,real_interest_rate,2003,persistence,19.5253414742067,14.860573404019002
ZMB-fed(KEN+TZA+UGA),2000,3,real_interest_rate,2003,arima,19.5253414742067,13.12530973489637
ZMB-fed(KEN+TZA+UGA),2000,3,real_interest_rate,2003,chronos,19.5253414742067,15.210707151086584
ZMB-fed(KEN+TZA+UGA),2000,3,real_interest_rate,2003,xgb_blind,19.5253414742067,13.808860265405432
ZMB-fed(KEN+TZA+UGA),2000,3,real_interest_rate,2003,xgb_lag,19.5253414742067,13.12530973489637
ZMB-fed(KEN+TZA+UGA),2000,3,real_interest_rate,2003,xgb_typed,19.5253414742067,13.12530973489637
ZMB-fed(KEN+TZA+UGA),2000,3,real_interest_rate,2003,lgbm_blind,19.5253414742067,10.707283579499975
ZMB-fed(KEN+TZA+UGA),2000,3,real_interest_rate,2003,lgbm_lag,19.5253414742067,13.12530973489637
ZMB-fed(KEN+TZA+UGA),2000,3,real_interest_rate,2003,lgbm_typed,19.5253414742067,13.12530973489637
ZMB-fed(KEN+TZA+UGA),2000,3,real_interest_rate,2003,tft,19.5253414742067,16.766288243921057
ZMB-fed(KEN+TZA+UGA),2000,3,real_interest_rate,2003,tgcn,19.5253414742067,
ZMB-fed(KEN+TZA+UGA),2000,3,real_interest_rate,2003,persistence_scarcity,19.5253414742067,14.860573404019002
ZMB-fed(KEN+TZA+UGA),2000,3,real_interest_rate,2003,chronos_scarcity,19.5253414742067,15.210707151086584
ZMB-fed(KEN+TZA+UGA),2000,3,real_interest_rate,2003,gnn_scarcity,19.5253414742067,30.520866834314123
ZMB-fed(KEN+TZA+UGA),2000,5,real_interest_rate,2005,persistence,9.90908518429273,5.24431711410503
ZMB-fed(KEN+TZA+UGA),2000,5,real_interest_rate,2005,arima,9.90908518429273,3.513291873405022
ZMB-fed(KEN+TZA+UGA),2000,5,real_interest_rate,2005,chronos,9.90908518429273,4.272219568448003
ZMB-fed(KEN+TZA+UGA),2000,5,real_interest_rate,2005,xgb_blind,9.90908518429273,3.6054209768342336
ZMB-fed(KEN+TZA+UGA),2000,5,real_interest_rate,2005,xgb_lag,9.90908518429273,3.513291873405022
ZMB-fed(KEN+TZA+UGA),2000,5,real_interest_rate,2005,xgb_typed,9.90908518429273,3.513291873405022
ZMB-fed(KEN+TZA+UGA),2000,5,real_interest_rate,2005,lgbm_blind,9.90908518429273,4.863398641390864
ZMB-fed(KEN+TZA+UGA),2000,5,real_interest_rate,2005,lgbm_lag,9.90908518429273,3.513291873405022
ZMB-fed(KEN+TZA+UGA),2000,5,real_interest_rate,2005,lgbm_typed,9.90908518429273,3.513291873405022
ZMB-fed(KEN+TZA+UGA),2000,5,real_interest_rate,2005,tft,9.90908518429273,7.4301091730164845
ZMB-fed(KEN+TZA+UGA),2000,5,real_interest_rate,2005,tgcn,9.90908518429273,
ZMB-fed(KEN+TZA+UGA),2000,5,real_interest_rate,2005,persistence_scarcity,9.90908518429273,5.24431711410503
ZMB-fed(KEN+TZA+UGA),2000,5,real_interest_rate,2005,chronos_scarcity,9.90908518429273,4.272219568448003
ZMB-fed(KEN+TZA+UGA),2000,5,real_interest_rate,2005,gnn_scarcity,9.90908518429273,17.923278719143802
ZMB-fed(KEN+TZA+UGA),2000,1,broad_money,2001,persistence,17.860977968843,3.825047287980901
ZMB-fed(KEN+TZA+UGA),2000,1,broad_money,2001,arima,17.860977968843,4.149797865043489
ZMB-fed(KEN+TZA+UGA),2000,1,broad_money,2001,chronos,17.860977968843,4.3732711461472356
ZMB-fed(KEN+TZA+UGA),2000,1,broad_money,2001,xgb_blind,17.860977968843,2.758410611479267
ZMB-fed(KEN+TZA+UGA),2000,1,broad_money,2001,xgb_lag,17.860977968843,4.149797865043489
ZMB-fed(KEN+TZA+UGA),2000,1,broad_money,2001,xgb_typed,17.860977968843,4.149797865043489
ZMB-fed(KEN+TZA+UGA),2000,1,broad_money,2001,lgbm_blind,17.860977968843,0.36190083947898444
ZMB-fed(KEN+TZA+UGA),2000,1,broad_money,2001,lgbm_lag,17.860977968843,4.149797865043489
ZMB-fed(KEN+TZA+UGA),2000,1,broad_money,2001,lgbm_typed,17.860977968843,4.149797865043489
ZMB-fed(KEN+TZA+UGA),2000,1,broad_money,2001,tft,17.860977968843,1.6903430608200871
ZMB-fed(KEN+TZA+UGA),2000,1,broad_money,2001,tgcn,17.860977968843,
ZMB-fed(KEN+TZA+UGA),2000,1,broad_money,2001,persistence_scarcity,17.860977968843,3.825047287980901
ZMB-fed(KEN+TZA+UGA),2000,1,broad_money,2001,chronos_scarcity,17.860977968843,4.3732711461472356
ZMB-fed(KEN+TZA+UGA),2000,1,broad_money,2001,gnn_scarcity,17.860977968843,1.2451237055373348
ZMB-fed(KEN+TZA+UGA),2000,3,broad_money,2003,persistence,18.2306925769917,3.4553326798321997
ZMB-fed(KEN+TZA+UGA),2000,3,broad_money,2003,arima,18.2306925769917,3.8052678523837713
ZMB-fed(KEN+TZA+UGA),2000,3,broad_money,2003,chronos,18.2306925769917,3.6756222728618155
ZMB-fed(KEN+TZA+UGA),2000,3,broad_money,2003,xgb_blind,18.2306925769917,2.786414432895995
ZMB-fed(KEN+TZA+UGA),2000,3,broad_money,2003,xgb_lag,18.2306925769917,3.8052678523837713
ZMB-fed(KEN+TZA+UGA),2000,3,broad_money,2003,xgb_typed,18.2306925769917,3.8052678523837713
ZMB-fed(KEN+TZA+UGA),2000,3,broad_money,2003,lgbm_blind,18.2306925769917,1.946861099826478
ZMB-fed(KEN+TZA+UGA),2000,3,broad_money,2003,lgbm_lag,18.2306925769917,3.8052678523837713
ZMB-fed(KEN+TZA+UGA),2000,3,broad_money,2003,lgbm_typed,18.2306925769917,3.8052678523837713
ZMB-fed(KEN+TZA+UGA),2000,3,broad_money,2003,tft,18.2306925769917,0.4641945842631827
ZMB-fed(KEN+TZA+UGA),2000,3,broad_money,2003,tgcn,18.2306925769917,
ZMB-fed(KEN+TZA+UGA),2000,3,broad_money,2003,persistence_scarcity,18.2306925769917,3.4553326798321997
ZMB-fed(KEN+TZA+UGA),2000,3,broad_money,2003,chronos_scarcity,18.2306925769917,3.6756222728618155
ZMB-fed(KEN+TZA+UGA),2000,3,broad_money,2003,gnn_scarcity,18.2306925769917,1.567700099574708
ZMB-fed(KEN+TZA+UGA),2000,5,broad_money,2005,persistence,15.4971016315143,6.1889236253096005
ZMB-fed(KEN+TZA+UGA),2000,5,broad_money,2005,arima,15.4971016315143,6.538990519153424
ZMB-fed(KEN+TZA+UGA),2000,5,broad_money,2005,chronos,15.4971016315143,6.605971488602888
ZMB-fed(KEN+TZA+UGA),2000,5,broad_money,2005,xgb_blind,15.4971016315143,5.412745628007185
ZMB-fed(KEN+TZA+UGA),2000,5,broad_money,2005,xgb_lag,15.4971016315143,6.538990519153424
ZMB-fed(KEN+TZA+UGA),2000,5,broad_money,2005,xgb_typed,15.4971016315143,6.538990519153424
ZMB-fed(KEN+TZA+UGA),2000,5,broad_money,2005,lgbm_blind,15.4971016315143,1.608825835831892
ZMB-fed(KEN+TZA+UGA),2000,5,broad_money,2005,lgbm_lag,15.4971016315143,6.538990519153424
ZMB-fed(KEN+TZA+UGA),2000,5,broad_money,2005,lgbm_typed,15.4971016315143,6.538990519153424
ZMB-fed(KEN+TZA+UGA),2000,5,broad_money,2005,tft,15.4971016315143,2.7142116161663647
ZMB-fed(KEN+TZA+UGA),2000,5,broad_money,2005,tgcn,15.4971016315143,
ZMB-fed(KEN+TZA+UGA),2000,5,broad_money,2005,persistence_scarcity,15.4971016315143,6.1889236253096005
ZMB-fed(KEN+TZA+UGA),2000,5,broad_money,2005,chronos_scarcity,15.4971016315143,6.605971488602888
ZMB-fed(KEN+TZA+UGA),2000,5,broad_money,2005,gnn_scarcity,15.4971016315143,1.6168929668743726
ZMB-fed(KEN+TZA+UGA),2000,1,private_credit,2001,persistence,13.6929591153621,0.0
ZMB-fed(KEN+TZA+UGA),2000,1,private_credit,2001,arima,13.6929591153621,0.0
ZMB-fed(KEN+TZA+UGA),2000,1,private_credit,2001,chronos,13.6929591153621,0.04015283331864339
ZMB-fed(KEN+TZA+UGA),2000,1,private_credit,2001,xgb_blind,13.6929591153621,2.835749910445884e-07
ZMB-fed(KEN+TZA+UGA),2000,1,private_credit,2001,xgb_lag,13.6929591153621,0.0
ZMB-fed(KEN+TZA+UGA),2000,1,private_credit,2001,xgb_typed,13.6929591153621,0.0
ZMB-fed(KEN+TZA+UGA),2000,1,private_credit,2001,lgbm_blind,13.6929591153621,2.835749910445884e-07
ZMB-fed(KEN+TZA+UGA),2000,1,private_credit,2001,lgbm_lag,13.6929591153621,0.0
ZMB-fed(KEN+TZA+UGA),2000,1,private_credit,2001,lgbm_typed,13.6929591153621,0.0
ZMB-fed(KEN+TZA+UGA),2000,1,private_credit,2001,tft,13.6929591153621,0.11982126488692302
ZMB-fed(KEN+TZA+UGA),2000,1,private_credit,2001,tgcn,13.6929591153621,
ZMB-fed(KEN+TZA+UGA),2000,1,private_credit,2001,persistence_scarcity,13.6929591153621,0.0
ZMB-fed(KEN+TZA+UGA),2000,1,private_credit,2001,chronos_scarcity,13.6929591153621,0.04015283331864339
ZMB-fed(KEN+TZA+UGA),2000,1,private_credit,2001,gnn_scarcity,13.6929591153621,1.6237736417679116e-06
ZMB-fed(KEN+TZA+UGA),2000,3,private_credit,2003,persistence,13.6929591153621,0.0
ZMB-fed(KEN+TZA+UGA),2000,3,private_credit,2003,arima,13.6929591153621,0.0
ZMB-fed(KEN+TZA+UGA),2000,3,private_credit,2003,chronos,13.6929591153621,0.04015283331864339
ZMB-fed(KEN+TZA+UGA),2000,3,private_credit,2003,xgb_blind,13.6929591153621,2.835749910445884e-07
ZMB-fed(KEN+TZA+UGA),2000,3,private_credit,2003,xgb_lag,13.6929591153621,0.0
ZMB-fed(KEN+TZA+UGA),2000,3,private_credit,2003,xgb_typed,13.6929591153621,0.0
ZMB-fed(KEN+TZA+UGA),2000,3,private_credit,2003,lgbm_blind,13.6929591153621,2.835749910445884e-07
ZMB-fed(KEN+TZA+UGA),2000,3,private_credit,2003,lgbm_lag,13.6929591153621,0.0
ZMB-fed(KEN+TZA+UGA),2000,3,private_credit,2003,lgbm_typed,13.6929591153621,0.0
ZMB-fed(KEN+TZA+UGA),2000,3,private_credit,2003,tft,13.6929591153621,0.08633737311356526
ZMB-fed(KEN+TZA+UGA),2000,3,private_credit,2003,tgcn,13.6929591153621,
ZMB-fed(KEN+TZA+UGA),2000,3,private_credit,2003,persistence_scarcity,13.6929591153621,0.0
ZMB-fed(KEN+TZA+UGA),2000,3,private_credit,2003,chronos_scarcity,13.6929591153621,0.04015283331864339
ZMB-fed(KEN+TZA+UGA),2000,3,private_credit,2003,gnn_scarcity,13.6929591153621,1.6237736417679116e-06
ZMB-fed(KEN+TZA+UGA),2000,5,private_credit,2005,persistence,13.6929591153621,0.0
ZMB-fed(KEN+TZA+UGA),2000,5,private_credit,2005,arima,13.6929591153621,0.0
ZMB-fed(KEN+TZA+UGA),2000,5,private_credit,2005,chronos,13.6929591153621,0.04015283331864339
ZMB-fed(KEN+TZA+UGA),2000,5,private_credit,2005,xgb_blind,13.6929591153621,2.835749910445884e-07
ZMB-fed(KEN+TZA+UGA),2000,5,private_credit,2005,xgb_lag,13.6929591153621,0.0
ZMB-fed(KEN+TZA+UGA),2000,5,private_credit,2005,xgb_typed,13.6929591153621,0.0
ZMB-fed(KEN+TZA+UGA),2000,5,private_credit,2005,lgbm_blind,13.6929591153621,2.835749910445884e-07
ZMB-fed(KEN+TZA+UGA),2000,5,private_credit,2005,lgbm_lag,13.6929591153621,0.0
ZMB-fed(KEN+TZA+UGA),2000,5,private_credit,2005,lgbm_typed,13.6929591153621,0.0
ZMB-fed(KEN+TZA+UGA),2000,5,private_credit,2005,tft,13.6929591153621,0.3474209760188387
ZMB-fed(KEN+TZA+UGA),2000,5,private_credit,2005,tgcn,13.6929591153621,
ZMB-fed(KEN+TZA+UGA),2000,5,private_credit,2005,persistence_scarcity,13.6929591153621,0.0
ZMB-fed(KEN+TZA+UGA),2000,5,private_credit,2005,chronos_scarcity,13.6929591153621,0.04015283331864339
ZMB-fed(KEN+TZA+UGA),2000,5,private_credit,2005,gnn_scarcity,13.6929591153621,1.6237736417679116e-06
ZMB-fed(KEN+TZA+UGA),2000,1,govt_consumption,2001,persistence,8.65362421922944,0.0
ZMB-fed(KEN+TZA+UGA),2000,1,govt_consumption,2001,arima,8.65362421922944,0.0
ZMB-fed(KEN+TZA+UGA),2000,1,govt_consumption,2001,chronos,8.65362421922944,0.025376958182077303
ZMB-fed(KEN+TZA+UGA),2000,1,govt_consumption,2001,xgb_blind,8.65362421922944,3.153774930098052e-07
ZMB-fed(KEN+TZA+UGA),2000,1,govt_consumption,2001,xgb_lag,8.65362421922944,0.0
ZMB-fed(KEN+TZA+UGA),2000,1,govt_consumption,2001,xgb_typed,8.65362421922944,0.0
ZMB-fed(KEN+TZA+UGA),2000,1,govt_consumption,2001,lgbm_blind,8.65362421922944,3.153774930098052e-07
ZMB-fed(KEN+TZA+UGA),2000,1,govt_consumption,2001,lgbm_lag,8.65362421922944,0.0
ZMB-fed(KEN+TZA+UGA),2000,1,govt_consumption,2001,lgbm_typed,8.65362421922944,0.0
ZMB-fed(KEN+TZA+UGA),2000,1,govt_consumption,2001,tft,8.65362421922944,0.16361077375151645
ZMB-fed(KEN+TZA+UGA),2000,1,govt_consumption,2001,tgcn,8.65362421922944,
ZMB-fed(KEN+TZA+UGA),2000,1,govt_consumption,2001,persistence_scarcity,8.65362421922944,0.0
ZMB-fed(KEN+TZA+UGA),2000,1,govt_consumption,2001,chronos_scarcity,8.65362421922944,0.025376958182077303
ZMB-fed(KEN+TZA+UGA),2000,1,govt_consumption,2001,gnn_scarcity,8.65362421922944,3.153774930098052e-07
ZMB-fed(KEN+TZA+UGA),2000,3,govt_consumption,2003,persistence,8.65362421922944,0.0
ZMB-fed(KEN+TZA+UGA),2000,3,govt_consumption,2003,arima,8.65362421922944,0.0
ZMB-fed(KEN+TZA+UGA),2000,3,govt_consumption,2003,chronos,8.65362421922944,0.025376958182077303
ZMB-fed(KEN+TZA+UGA),2000,3,govt_consumption,2003,xgb_blind,8.65362421922944,3.153774930098052e-07
ZMB-fed(KEN+TZA+UGA),2000,3,govt_consumption,2003,xgb_lag,8.65362421922944,0.0
ZMB-fed(KEN+TZA+UGA),2000,3,govt_consumption,2003,xgb_typed,8.65362421922944,0.0
ZMB-fed(KEN+TZA+UGA),2000,3,govt_consumption,2003,lgbm_blind,8.65362421922944,3.153774930098052e-07
ZMB-fed(KEN+TZA+UGA),2000,3,govt_consumption,2003,lgbm_lag,8.65362421922944,0.0
ZMB-fed(KEN+TZA+UGA),2000,3,govt_consumption,2003,lgbm_typed,8.65362421922944,0.0
ZMB-fed(KEN+TZA+UGA),2000,3,govt_consumption,2003,tft,8.65362421922944,0.04030449933745395
ZMB-fed(KEN+TZA+UGA),2000,3,govt_consumption,2003,tgcn,8.65362421922944,
ZMB-fed(KEN+TZA+UGA),2000,3,govt_consumption,2003,persistence_scarcity,8.65362421922944,0.0
ZMB-fed(KEN+TZA+UGA),2000,3,govt_consumption,2003,chronos_scarcity,8.65362421922944,0.025376958182077303
ZMB-fed(KEN+TZA+UGA),2000,3,govt_consumption,2003,gnn_scarcity,8.65362421922944,3.153774930098052e-07
ZMB-fed(KEN+TZA+UGA),2000,5,govt_consumption,2005,persistence,8.65362421922944,0.0
ZMB-fed(KEN+TZA+UGA),2000,5,govt_consumption,2005,arima,8.65362421922944,0.0
ZMB-fed(KEN+TZA+UGA),2000,5,govt_consumption,2005,chronos,8.65362421922944,0.025376958182077303
ZMB-fed(KEN+TZA+UGA),2000,5,govt_consumption,2005,xgb_blind,8.65362421922944,3.153774930098052e-07
ZMB-fed(KEN+TZA+UGA),2000,5,govt_consumption,2005,xgb_lag,8.65362421922944,0.0
ZMB-fed(KEN+TZA+UGA),2000,5,govt_consumption,2005,xgb_typed,8.65362421922944,0.0
ZMB-fed(KEN+TZA+UGA),2000,5,govt_consumption,2005,lgbm_blind,8.65362421922944,3.153774930098052e-07
ZMB-fed(KEN+TZA+UGA),2000,5,govt_consumption,2005,lgbm_lag,8.65362421922944,0.0
ZMB-fed(KEN+TZA+UGA),2000,5,govt_consumption,2005,lgbm_typed,8.65362421922944,0.0
ZMB-fed(KEN+TZA+UGA),2000,5,govt_consumption,2005,tft,8.65362421922944,0.07100264482758512
ZMB-fed(KEN+TZA+UGA),2000,5,govt_consumption,2005,tgcn,8.65362421922944,
ZMB-fed(KEN+TZA+UGA),2000,5,govt_consumption,2005,persistence_scarcity,8.65362421922944,0.0
ZMB-fed(KEN+TZA+UGA),2000,5,govt_consumption,2005,chronos_scarcity,8.65362421922944,0.025376958182077303
ZMB-fed(KEN+TZA+UGA),2000,5,govt_consumption,2005,gnn_scarcity,8.65362421922944,3.153774930098052e-07
ZMB-fed(KEN+TZA+UGA),2001,1,gdp_growth,2002,persistence,4.50601428032604,0.8108539938581503
ZMB-fed(KEN+TZA+UGA),2001,1,gdp_growth,2002,arima,4.50601428032604,0.009578652415523692
ZMB-fed(KEN+TZA+UGA),2001,1,gdp_growth,2002,chronos,4.50601428032604,0.3546475696631983
ZMB-fed(KEN+TZA+UGA),2001,1,gdp_growth,2002,xgb_blind,4.50601428032604,1.1767250824042872
ZMB-fed(KEN+TZA+UGA),2001,1,gdp_growth,2002,xgb_lag,4.50601428032604,0.009578652415523692
ZMB-fed(KEN+TZA+UGA),2001,1,gdp_growth,2002,xgb_typed,4.50601428032604,0.009578652415523692
ZMB-fed(KEN+TZA+UGA),2001,1,gdp_growth,2002,lgbm_blind,4.50601428032604,2.432047495753981
ZMB-fed(KEN+TZA+UGA),2001,1,gdp_growth,2002,lgbm_lag,4.50601428032604,0.009578652415523692
ZMB-fed(KEN+TZA+UGA),2001,1,gdp_growth,2002,lgbm_typed,4.50601428032604,0.009578652415523692
ZMB-fed(KEN+TZA+UGA),2001,1,gdp_growth,2002,tft,4.50601428032604,3.317817277901499
ZMB-fed(KEN+TZA+UGA),2001,1,gdp_growth,2002,tgcn,4.50601428032604,
ZMB-fed(KEN+TZA+UGA),2001,1,gdp_growth,2002,persistence_scarcity,4.50601428032604,0.8108539938581503
ZMB-fed(KEN+TZA+UGA),2001,1,gdp_growth,2002,chronos_scarcity,4.50601428032604,0.3546475696631983
ZMB-fed(KEN+TZA+UGA),2001,1,gdp_growth,2002,gnn_scarcity,4.50601428032604,3.793226413733633
ZMB-fed(KEN+TZA+UGA),2001,3,gdp_growth,2004,persistence,7.03239511515218,1.71552684096799
ZMB-fed(KEN+TZA+UGA),2001,3,gdp_growth,2004,arima,7.03239511515218,2.319812631005485
ZMB-fed(KEN+TZA+UGA),2001,3,gdp_growth,2004,chronos,7.03239511515218,3.031738987222493
ZMB-fed(KEN+TZA+UGA),2001,3,gdp_growth,2004,xgb_blind,7.03239511515218,5.731866708055318
ZMB-fed(KEN+TZA+UGA),2001,3,gdp_growth,2004,xgb_lag,7.03239511515218,2.319812631005485
ZMB-fed(KEN+TZA+UGA),2001,3,gdp_growth,2004,xgb_typed,7.03239511515218,2.319812631005485
ZMB-fed(KEN+TZA+UGA),2001,3,gdp_growth,2004,lgbm_blind,7.03239511515218,4.301207311274456
ZMB-fed(KEN+TZA+UGA),2001,3,gdp_growth,2004,lgbm_lag,7.03239511515218,2.319812631005485
ZMB-fed(KEN+TZA+UGA),2001,3,gdp_growth,2004,lgbm_typed,7.03239511515218,2.319812631005485
ZMB-fed(KEN+TZA+UGA),2001,3,gdp_growth,2004,tft,7.03239511515218,1.6808216664640305
ZMB-fed(KEN+TZA+UGA),2001,3,gdp_growth,2004,tgcn,7.03239511515218,
ZMB-fed(KEN+TZA+UGA),2001,3,gdp_growth,2004,persistence_scarcity,7.03239511515218,1.71552684096799
ZMB-fed(KEN+TZA+UGA),2001,3,gdp_growth,2004,chronos_scarcity,7.03239511515218,3.031738987222493
ZMB-fed(KEN+TZA+UGA),2001,3,gdp_growth,2004,gnn_scarcity,7.03239511515218,6.551607003465474
ZMB-fed(KEN+TZA+UGA),2001,5,gdp_growth,2006,persistence,7.90369444480079,2.5868261706165994
ZMB-fed(KEN+TZA+UGA),2001,5,gdp_growth,2006,arima,7.90369444480079,3.1283483071807776
ZMB-fed(KEN+TZA+UGA),2001,5,gdp_growth,2006,chronos,7.90369444480079,4.067448669578011
ZMB-fed(KEN+TZA+UGA),2001,5,gdp_growth,2006,xgb_blind,7.90369444480079,4.017244630958016
ZMB-fed(KEN+TZA+UGA),2001,5,gdp_growth,2006,xgb_lag,7.90369444480079,3.1283483071807776
ZMB-fed(KEN+TZA+UGA),2001,5,gdp_growth,2006,xgb_typed,7.90369444480079,3.1283483071807776
ZMB-fed(KEN+TZA+UGA),2001,5,gdp_growth,2006,lgbm_blind,7.90369444480079,4.131000491456989
ZMB-fed(KEN+TZA+UGA),2001,5,gdp_growth,2006,lgbm_lag,7.90369444480079,3.1283483071807776
ZMB-fed(KEN+TZA+UGA),2001,5,gdp_growth,2006,lgbm_typed,7.90369444480079,3.1283483071807776
ZMB-fed(KEN+TZA+UGA),2001,5,gdp_growth,2006,tft,7.90369444480079,0.9391390741811438
ZMB-fed(KEN+TZA+UGA),2001,5,gdp_growth,2006,tgcn,7.90369444480079,
ZMB-fed(KEN+TZA+UGA),2001,5,gdp_growth,2006,persistence_scarcity,7.90369444480079,2.5868261706165994
ZMB-fed(KEN+TZA+UGA),2001,5,gdp_growth,2006,chronos_scarcity,7.90369444480079,4.067448669578011
ZMB-fed(KEN+TZA+UGA),2001,5,gdp_growth,2006,gnn_scarcity,7.90369444480079,6.8597672521128015
ZMB-fed(KEN+TZA+UGA),2001,1,inflation_cpi,2002,persistence,22.2333446430947,0.8395624638400996
ZMB-fed(KEN+TZA+UGA),2001,1,inflation_cpi,2002,arima,22.2333446430947,0.9372260492658171
ZMB-fed(KEN+TZA+UGA),2001,1,inflation_cpi,2002,chronos,22.2333446430947,0.018621833345729755
ZMB-fed(KEN+TZA+UGA),2001,1,inflation_cpi,2002,xgb_blind,22.2333446430947,3.171144874117214
ZMB-fed(KEN+TZA+UGA),2001,1,inflation_cpi,2002,xgb_lag,22.2333446430947,0.9372260492658171
ZMB-fed(KEN+TZA+UGA),2001,1,inflation_cpi,2002,xgb_typed,22.2333446430947,0.9372260492658171
ZMB-fed(KEN+TZA+UGA),2001,1,inflation_cpi,2002,lgbm_blind,22.2333446430947,41.61701657405729
ZMB-fed(KEN+TZA+UGA),2001,1,inflation_cpi,2002,lgbm_lag,22.2333446430947,0.9372260492658171
ZMB-fed(KEN+TZA+UGA),2001,1,inflation_cpi,2002,lgbm_typed,22.2333446430947,0.9372260492658171
ZMB-fed(KEN+TZA+UGA),2001,1,inflation_cpi,2002,tft,22.2333446430947,1.9621215748573952
ZMB-fed(KEN+TZA+UGA),2001,1,inflation_cpi,2002,tgcn,22.2333446430947,
ZMB-fed(KEN+TZA+UGA),2001,1,inflation_cpi,2002,persistence_scarcity,22.2333446430947,0.8395624638400996
ZMB-fed(KEN+TZA+UGA),2001,1,inflation_cpi,2002,chronos_scarcity,22.2333446430947,0.018621833345729755
ZMB-fed(KEN+TZA+UGA),2001,1,inflation_cpi,2002,gnn_scarcity,22.2333446430947,30.031334311983425
ZMB-fed(KEN+TZA+UGA),2001,3,inflation_cpi,2004,persistence,17.9677891087286,3.425993070526001
ZMB-fed(KEN+TZA+UGA),2001,3,inflation_cpi,2004,arima,17.9677891087286,3.326229019033658
ZMB-fed(KEN+TZA+UGA),2001,3,inflation_cpi,2004,chronos,17.9677891087286,8.981792037511635
ZMB-fed(KEN+TZA+UGA),2001,3,inflation_cpi,2004,xgb_blind,17.9677891087286,106.72180134537297
ZMB-fed(KEN+TZA+UGA),2001,3,inflation_cpi,2004,xgb_lag,17.9677891087286,3.326229019033658
ZMB-fed(KEN+TZA+UGA),2001,3,inflation_cpi,2004,xgb_typed,17.9677891087286,3.326229019033658
ZMB-fed(KEN+TZA+UGA),2001,3,inflation_cpi,2004,lgbm_blind,17.9677891087286,30.810557482797005
ZMB-fed(KEN+TZA+UGA),2001,3,inflation_cpi,2004,lgbm_lag,17.9677891087286,3.326229019033658
ZMB-fed(KEN+TZA+UGA),2001,3,inflation_cpi,2004,lgbm_typed,17.9677891087286,3.326229019033658
ZMB-fed(KEN+TZA+UGA),2001,3,inflation_cpi,2004,tft,17.9677891087286,1.2370304417364117
ZMB-fed(KEN+TZA+UGA),2001,3,inflation_cpi,2004,tgcn,17.9677891087286,
ZMB-fed(KEN+TZA+UGA),2001,3,inflation_cpi,2004,persistence_scarcity,17.9677891087286,3.425993070526001
ZMB-fed(KEN+TZA+UGA),2001,3,inflation_cpi,2004,chronos_scarcity,17.9677891087286,8.981792037511635
ZMB-fed(KEN+TZA+UGA),2001,3,inflation_cpi,2004,gnn_scarcity,17.9677891087286,31.229148452306557
ZMB-fed(KEN+TZA+UGA),2001,5,inflation_cpi,2006,persistence,9.01957247226486,12.37420970698974
ZMB-fed(KEN+TZA+UGA),2001,5,inflation_cpi,2006,arima,9.01957247226486,12.274444723582638
ZMB-fed(KEN+TZA+UGA),2001,5,inflation_cpi,2006,chronos,9.01957247226486,16.94103314907303
ZMB-fed(KEN+TZA+UGA),2001,5,inflation_cpi,2006,xgb_blind,9.01957247226486,15.396153235742952
ZMB-fed(KEN+TZA+UGA),2001,5,inflation_cpi,2006,xgb_lag,9.01957247226486,12.274444723582638
ZMB-fed(KEN+TZA+UGA),2001,5,inflation_cpi,2006,xgb_typed,9.01957247226486,12.274444723582638
ZMB-fed(KEN+TZA+UGA),2001,5,inflation_cpi,2006,lgbm_blind,9.01957247226486,19.707821086782296
ZMB-fed(KEN+TZA+UGA),2001,5,inflation_cpi,2006,lgbm_lag,9.01957247226486,12.274444723582638
ZMB-fed(KEN+TZA+UGA),2001,5,inflation_cpi,2006,lgbm_typed,9.01957247226486,12.274444723582638
ZMB-fed(KEN+TZA+UGA),2001,5,inflation_cpi,2006,tft,9.01957247226486,6.009678626367952
ZMB-fed(KEN+TZA+UGA),2001,5,inflation_cpi,2006,tgcn,9.01957247226486,
ZMB-fed(KEN+TZA+UGA),2001,5,inflation_cpi,2006,persistence_scarcity,9.01957247226486,12.37420970698974
ZMB-fed(KEN+TZA+UGA),2001,5,inflation_cpi,2006,chronos_scarcity,9.01957247226486,16.94103314907303
ZMB-fed(KEN+TZA+UGA),2001,5,inflation_cpi,2006,gnn_scarcity,9.01957247226486,47.62377240688553
ZMB-fed(KEN+TZA+UGA),2001,1,unemployment,2002,persistence,14.131,0.7270000000000003
ZMB-fed(KEN+TZA+UGA),2001,1,unemployment,2002,arima,14.131,0.3955862690330729
ZMB-fed(KEN+TZA+UGA),2001,1,unemployment,2002,chronos,14.131,0.0036015930175778976
ZMB-fed(KEN+TZA+UGA),2001,1,unemployment,2002,xgb_blind,14.131,1.2902464447021487
ZMB-fed(KEN+TZA+UGA),2001,1,unemployment,2002,xgb_lag,14.131,0.3955862690330729
ZMB-fed(KEN+TZA+UGA),2001,1,unemployment,2002,xgb_typed,14.131,0.3955862690330729
ZMB-fed(KEN+TZA+UGA),2001,1,unemployment,2002,lgbm_blind,14.131,1.605000061035156
ZMB-fed(KEN+TZA+UGA),2001,1,unemployment,2002,lgbm_lag,14.131,0.3955862690330729
ZMB-fed(KEN+TZA+UGA),2001,1,unemployment,2002,lgbm_typed,14.131,0.3955862690330729
ZMB-fed(KEN+TZA+UGA),2001,1,unemployment,2002,tft,14.131,0.29006056213378884
ZMB-fed(KEN+TZA+UGA),2001,1,unemployment,2002,tgcn,14.131,
ZMB-fed(KEN+TZA+UGA),2001,1,unemployment,2002,persistence_scarcity,14.131,0.7270000000000003
ZMB-fed(KEN+TZA+UGA),2001,1,unemployment,2002,chronos_scarcity,14.131,0.0036015930175778976
ZMB-fed(KEN+TZA+UGA),2001,1,unemployment,2002,gnn_scarcity,14.131,1.060754341125488
ZMB-fed(KEN+TZA+UGA),2001,3,unemployment,2004,persistence,15.332,1.9280000000000008
ZMB-fed(KEN+TZA+UGA),2001,3,unemployment,2004,arima,15.332,1.2028518856092898
ZMB-fed(KEN+TZA+UGA),2001,3,unemployment,2004,chronos,15.332,0.6695549316406257
ZMB-fed(KEN+TZA+UGA),2001,3,unemployment,2004,xgb_blind,15.332,2.958639366149903
ZMB-fed(KEN+TZA+UGA),2001,3,unemployment,2004,xgb_lag,15.332,1.2028518856092898
ZMB-fed(KEN+TZA+UGA),2001,3,unemployment,2004,xgb_typed,15.332,1.2028518856092898
ZMB-fed(KEN+TZA+UGA),2001,3,unemployment,2004,lgbm_blind,15.332,0.37333330451117774
ZMB-fed(KEN+TZA+UGA),2001,3,unemployment,2004,lgbm_lag,15.332,1.2028518856092898
ZMB-fed(KEN+TZA+UGA),2001,3,unemployment,2004,lgbm_typed,15.332,1.2028518856092898
ZMB-fed(KEN+TZA+UGA),2001,3,unemployment,2004,tft,15.332,0.5476782150268562
ZMB-fed(KEN+TZA+UGA),2001,3,unemployment,2004,tgcn,15.332,
ZMB-fed(KEN+TZA+UGA),2001,3,unemployment,2004,persistence_scarcity,15.332,1.9280000000000008
ZMB-fed(KEN+TZA+UGA),2001,3,unemployment,2004,chronos_scarcity,15.332,0.6695549316406257
ZMB-fed(KEN+TZA+UGA),2001,3,unemployment,2004,gnn_scarcity,15.332,0.30348036956787183
ZMB-fed(KEN+TZA+UGA),2001,5,unemployment,2006,persistence,13.229,0.1750000000000007
ZMB-fed(KEN+TZA+UGA),2001,5,unemployment,2006,arima,13.229,1.092629020451243
ZMB-fed(KEN+TZA+UGA),2001,5,unemployment,2006,chronos,13.229,2.254549118041993
ZMB-fed(KEN+TZA+UGA),2001,5,unemployment,2006,xgb_blind,13.229,0.28675833129882733
ZMB-fed(KEN+TZA+UGA),2001,5,unemployment,2006,xgb_lag,13.229,1.092629020451243
ZMB-fed(KEN+TZA+UGA),2001,5,unemployment,2006,xgb_typed,13.229,1.092629020451243
ZMB-fed(KEN+TZA+UGA),2001,5,unemployment,2006,lgbm_blind,13.229,0.5194286172049392
ZMB-fed(KEN+TZA+UGA),2001,5,unemployment,2006,lgbm_lag,13.229,1.092629020451243
ZMB-fed(KEN+TZA+UGA),2001,5,unemployment,2006,lgbm_typed,13.229,1.092629020451243
ZMB-fed(KEN+TZA+UGA),2001,5,unemployment,2006,tft,13.229,1.6222802124023445
ZMB-fed(KEN+TZA+UGA),2001,5,unemployment,2006,tgcn,13.229,
ZMB-fed(KEN+TZA+UGA),2001,5,unemployment,2006,persistence_scarcity,13.229,0.1750000000000007
ZMB-fed(KEN+TZA+UGA),2001,5,unemployment,2006,chronos_scarcity,13.229,2.254549118041993
ZMB-fed(KEN+TZA+UGA),2001,5,unemployment,2006,gnn_scarcity,13.229,2.195743652343751
ZMB-fed(KEN+TZA+UGA),2001,1,exports_gdp,2002,persistence,27.1336783308698,2.023979232174799
ZMB-fed(KEN+TZA+UGA),2001,1,exports_gdp,2002,arima,27.1336783308698,1.8339809702384429
ZMB-fed(KEN+TZA+UGA),2001,1,exports_gdp,2002,chronos,27.1336783308698,1.851104630918627
ZMB-fed(KEN+TZA+UGA),2001,1,exports_gdp,2002,xgb_blind,27.1336783308698,2.3326338667584707
ZMB-fed(KEN+TZA+UGA),2001,1,exports_gdp,2002,xgb_lag,27.1336783308698,1.8339809702384429
ZMB-fed(KEN+TZA+UGA),2001,1,exports_gdp,2002,xgb_typed,27.1336783308698,1.8339809702384429
ZMB-fed(KEN+TZA+UGA),2001,1,exports_gdp,2002,lgbm_blind,27.1336783308698,1.8882591261281583
ZMB-fed(KEN+TZA+UGA),2001,1,exports_gdp,2002,lgbm_lag,27.1336783308698,1.8339809702384429
ZMB-fed(KEN+TZA+UGA),2001,1,exports_gdp,2002,lgbm_typed,27.1336783308698,1.8339809702384429
ZMB-fed(KEN+TZA+UGA),2001,1,exports_gdp,2002,tft,27.1336783308698,1.4552859205914785
ZMB-fed(KEN+TZA+UGA),2001,1,exports_gdp,2002,tgcn,27.1336783308698,
ZMB-fed(KEN+TZA+UGA),2001,1,exports_gdp,2002,persistence_scarcity,27.1336783308698,2.023979232174799
ZMB-fed(KEN+TZA+UGA),2001,1,exports_gdp,2002,chronos_scarcity,27.1336783308698,1.851104630918627
ZMB-fed(KEN+TZA+UGA),2001,1,exports_gdp,2002,gnn_scarcity,27.1336783308698,1.1787472825335215
ZMB-fed(KEN+TZA+UGA),2001,3,exports_gdp,2004,persistence,33.5399822510719,8.430283152376898
ZMB-fed(KEN+TZA+UGA),2001,3,exports_gdp,2004,arima,33.5399822510719,8.204965339764158
ZMB-fed(KEN+TZA+UGA),2001,3,exports_gdp,2004,chronos,33.5399822510719,7.289133480930296
ZMB-fed(KEN+TZA+UGA),2001,3,exports_gdp,2004,xgb_blind,33.5399822510719,9.302650860691038
ZMB-fed(KEN+TZA+UGA),2001,3,exports_gdp,2004,xgb_lag,33.5399822510719,8.204965339764158
ZMB-fed(KEN+TZA+UGA),2001,3,exports_gdp,2004,xgb_typed,33.5399822510719,8.204965339764158
ZMB-fed(KEN+TZA+UGA),2001,3,exports_gdp,2004,lgbm_blind,33.5399822510719,5.391035065131685
ZMB-fed(KEN+TZA+UGA),2001,3,exports_gdp,2004,lgbm_lag,33.5399822510719,8.204965339764158
ZMB-fed(KEN+TZA+UGA),2001,3,exports_gdp,2004,lgbm_typed,33.5399822510719,8.204965339764158
ZMB-fed(KEN+TZA+UGA),2001,3,exports_gdp,2004,tft,33.5399822510719,7.305550030612913
ZMB-fed(KEN+TZA+UGA),2001,3,exports_gdp,2004,tgcn,33.5399822510719,
ZMB-fed(KEN+TZA+UGA),2001,3,exports_gdp,2004,persistence_scarcity,33.5399822510719,8.430283152376898
ZMB-fed(KEN+TZA+UGA),2001,3,exports_gdp,2004,chronos_scarcity,33.5399822510719,7.289133480930296
ZMB-fed(KEN+TZA+UGA),2001,3,exports_gdp,2004,gnn_scarcity,33.5399822510719,5.437054089450804
ZMB-fed(KEN+TZA+UGA),2001,5,exports_gdp,2006,persistence,32.5929586871888,7.483259588493798
ZMB-fed(KEN+TZA+UGA),2001,5,exports_gdp,2006,arima,32.5929586871888,7.2570350761148354
ZMB-fed(KEN+TZA+UGA),2001,5,exports_gdp,2006,chronos,32.5929586871888,4.7283365710999306
ZMB-fed(KEN+TZA+UGA),2001,5,exports_gdp,2006,xgb_blind,32.5929586871888,7.623472450616532
ZMB-fed(KEN+TZA+UGA),2001,5,exports_gdp,2006,xgb_lag,32.5929586871888,7.2570350761148354
ZMB-fed(KEN+TZA+UGA),2001,5,exports_gdp,2006,xgb_typed,32.5929586871888,7.2570350761148354
ZMB-fed(KEN+TZA+UGA),2001,5,exports_gdp,2006,lgbm_blind,32.5929586871888,5.815853355767899
ZMB-fed(KEN+TZA+UGA),2001,5,exports_gdp,2006,lgbm_lag,32.5929586871888,7.2570350761148354
ZMB-fed(KEN+TZA+UGA),2001,5,exports_gdp,2006,lgbm_typed,32.5929586871888,7.2570350761148354
ZMB-fed(KEN+TZA+UGA),2001,5,exports_gdp,2006,tft,32.5929586871888,5.78146385991829
ZMB-fed(KEN+TZA+UGA),2001,5,exports_gdp,2006,tgcn,32.5929586871888,
ZMB-fed(KEN+TZA+UGA),2001,5,exports_gdp,2006,persistence_scarcity,32.5929586871888,7.483259588493798
ZMB-fed(KEN+TZA+UGA),2001,5,exports_gdp,2006,chronos_scarcity,32.5929586871888,4.7283365710999306
ZMB-fed(KEN+TZA+UGA),2001,5,exports_gdp,2006,gnn_scarcity,32.5929586871888,3.9815123065735634
ZMB-fed(KEN+TZA+UGA),2001,1,imports_gdp,2002,persistence,37.782818668195,1.7757649420890047
ZMB-fed(KEN+TZA+UGA),2001,1,imports_gdp,2002,arima,37.782818668195,2.5641371198192573
ZMB-fed(KEN+TZA+UGA),2001,1,imports_gdp,2002,chronos,37.782818668195,1.875418789080392
ZMB-fed(KEN+TZA+UGA),2001,1,imports_gdp,2002,xgb_blind,37.782818668195,2.775948398419608
ZMB-fed(KEN+TZA+UGA),2001,1,imports_gdp,2002,xgb_lag,37.782818668195,2.5641371198192573
ZMB-fed(KEN+TZA+UGA),2001,1,imports_gdp,2002,xgb_typed,37.782818668195,2.5641371198192573
ZMB-fed(KEN+TZA+UGA),2001,1,imports_gdp,2002,lgbm_blind,37.782818668195,3.2595667011983736
ZMB-fed(KEN+TZA+UGA),2001,1,imports_gdp,2002,lgbm_lag,37.782818668195,2.5641371198192573
ZMB-fed(KEN+TZA+UGA),2001,1,imports_gdp,2002,lgbm_typed,37.782818668195,2.5641371198192573
ZMB-fed(KEN+TZA+UGA),2001,1,imports_gdp,2002,tft,37.782818668195,5.559744960955392
ZMB-fed(KEN+TZA+UGA),2001,1,imports_gdp,2002,tgcn,37.782818668195,
ZMB-fed(KEN+TZA+UGA),2001,1,imports_gdp,2002,persistence_scarcity,37.782818668195,1.7757649420890047
ZMB-fed(KEN+TZA+UGA),2001,1,imports_gdp,2002,chronos_scarcity,37.782818668195,1.875418789080392
ZMB-fed(KEN+TZA+UGA),2001,1,imports_gdp,2002,gnn_scarcity,37.782818668195,3.932289951153983
ZMB-fed(KEN+TZA+UGA),2001,3,imports_gdp,2004,persistence,37.2730926807002,2.2854909295838013
ZMB-fed(KEN+TZA+UGA),2001,3,imports_gdp,2004,arima,37.2730926807002,3.3258363531729316
ZMB-fed(KEN+TZA+UGA),2001,3,imports_gdp,2004,chronos,37.2730926807002,1.8799453442021417
ZMB-fed(KEN+TZA+UGA),2001,3,imports_gdp,2004,xgb_blind,37.2730926807002,0.7600036327763604
ZMB-fed(KEN+TZA+UGA),2001,3,imports_gdp,2004,xgb_lag,37.2730926807002,3.3258363531729316
ZMB-fed(KEN+TZA+UGA),2001,3,imports_gdp,2004,xgb_typed,37.2730926807002,3.3258363531729316
ZMB-fed(KEN+TZA+UGA),2001,3,imports_gdp,2004,lgbm_blind,37.2730926807002,2.5669400826370534
ZMB-fed(KEN+TZA+UGA),2001,3,imports_gdp,2004,lgbm_lag,37.2730926807002,3.3258363531729316
ZMB-fed(KEN+TZA+UGA),2001,3,imports_gdp,2004,lgbm_typed,37.2730926807002,3.3258363531729316
ZMB-fed(KEN+TZA+UGA),2001,3,imports_gdp,2004,tft,37.2730926807002,7.451341218225579
ZMB-fed(KEN+TZA+UGA),2001,3,imports_gdp,2004,tgcn,37.2730926807002,
ZMB-fed(KEN+TZA+UGA),2001,3,imports_gdp,2004,persistence_scarcity,37.2730926807002,2.2854909295838013
ZMB-fed(KEN+TZA+UGA),2001,3,imports_gdp,2004,chronos_scarcity,37.2730926807002,1.8799453442021417
ZMB-fed(KEN+TZA+UGA),2001,3,imports_gdp,2004,gnn_scarcity,37.2730926807002,3.544626646764655
ZMB-fed(KEN+TZA+UGA),2001,5,imports_gdp,2006,persistence,25.2638601867139,14.294723423570105
ZMB-fed(KEN+TZA+UGA),2001,5,imports_gdp,2006,arima,25.2638601867139,15.351418276227456
ZMB-fed(KEN+TZA+UGA),2001,5,imports_gdp,2006,chronos,25.2638601867139,14.015467205864226
ZMB-fed(KEN+TZA+UGA),2001,5,imports_gdp,2006,xgb_blind,25.2638601867139,11.519648114067351
ZMB-fed(KEN+TZA+UGA),2001,5,imports_gdp,2006,xgb_lag,25.2638601867139,15.351418276227456
ZMB-fed(KEN+TZA+UGA),2001,5,imports_gdp,2006,xgb_typed,25.2638601867139,15.351418276227456
ZMB-fed(KEN+TZA+UGA),2001,5,imports_gdp,2006,lgbm_blind,25.2638601867139,9.729707688739502
ZMB-fed(KEN+TZA+UGA),2001,5,imports_gdp,2006,lgbm_lag,25.2638601867139,15.351418276227456
ZMB-fed(KEN+TZA+UGA),2001,5,imports_gdp,2006,lgbm_typed,25.2638601867139,15.351418276227456
ZMB-fed(KEN+TZA+UGA),2001,5,imports_gdp,2006,tft,25.2638601867139,19.682066479545867
ZMB-fed(KEN+TZA+UGA),2001,5,imports_gdp,2006,tgcn,25.2638601867139,
ZMB-fed(KEN+TZA+UGA),2001,5,imports_gdp,2006,persistence_scarcity,25.2638601867139,14.294723423570105
ZMB-fed(KEN+TZA+UGA),2001,5,imports_gdp,2006,chronos_scarcity,25.2638601867139,14.015467205864226
ZMB-fed(KEN+TZA+UGA),2001,5,imports_gdp,2006,gnn_scarcity,25.2638601867139,8.760893383842742
ZMB-fed(KEN+TZA+UGA),2001,1,current_account,2002,persistence,-15.8142108448002,2.186574751550399
ZMB-fed(KEN+TZA+UGA),2001,1,current_account,2002,arima,-15.8142108448002,2.410556883235863
ZMB-fed(KEN+TZA+UGA),2001,1,current_account,2002,chronos,-15.8142108448002,2.4257908336665963
ZMB-fed(KEN+TZA+UGA),2001,1,current_account,2002,xgb_blind,-15.8142108448002,2.3794632427242135
ZMB-fed(KEN+TZA+UGA),2001,1,current_account,2002,xgb_lag,-15.8142108448002,2.410556883235863
ZMB-fed(KEN+TZA+UGA),2001,1,current_account,2002,xgb_typed,-15.8142108448002,2.410556883235863
ZMB-fed(KEN+TZA+UGA),2001,1,current_account,2002,lgbm_blind,-15.8142108448002,4.6851703434657495
ZMB-fed(KEN+TZA+UGA),2001,1,current_account,2002,lgbm_lag,-15.8142108448002,2.410556883235863
ZMB-fed(KEN+TZA+UGA),2001,1,current_account,2002,lgbm_typed,-15.8142108448002,2.410556883235863
ZMB-fed(KEN+TZA+UGA),2001,1,current_account,2002,tft,-15.8142108448002,1.8073940746333932
ZMB-fed(KEN+TZA+UGA),2001,1,current_account,2002,tgcn,-15.8142108448002,
ZMB-fed(KEN+TZA+UGA),2001,1,current_account,2002,persistence_scarcity,-15.8142108448002,2.186574751550399
ZMB-fed(KEN+TZA+UGA),2001,1,current_account,2002,chronos_scarcity,-15.8142108448002,2.4257908336665963
ZMB-fed(KEN+TZA+UGA),2001,1,current_account,2002,gnn_scarcity,-15.8142108448002,2.869096709058013
ZMB-fed(KEN+TZA+UGA),2001,3,current_account,2004,persistence,-7.14878830806073,10.85199728828987
ZMB-fed(KEN+TZA+UGA),2001,3,current_account,2004,arima,-7.14878830806073,11.020895346276134
ZMB-fed(KEN+TZA+UGA),2001,3,current_account,2004,chronos,-7.14878830806073,10.447446967207824
ZMB-fed(KEN+TZA+UGA),2001,3,current_account,2004,xgb_blind,-7.14878830806073,10.545274878584777
ZMB-fed(KEN+TZA+UGA),2001,3,current_account,2004,xgb_lag,-7.14878830806073,11.020895346276134
ZMB-fed(KEN+TZA+UGA),2001,3,current_account,2004,xgb_typed,-7.14878830806073,11.020895346276134
ZMB-fed(KEN+TZA+UGA),2001,3,current_account,2004,lgbm_blind,-7.14878830806073,4.44160968566282
ZMB-fed(KEN+TZA+UGA),2001,3,current_account,2004,lgbm_lag,-7.14878830806073,11.020895346276134
ZMB-fed(KEN+TZA+UGA),2001,3,current_account,2004,lgbm_typed,-7.14878830806073,11.020895346276134
ZMB-fed(KEN+TZA+UGA),2001,3,current_account,2004,tft,-7.14878830806073,10.650333548628723
ZMB-fed(KEN+TZA+UGA),2001,3,current_account,2004,tgcn,-7.14878830806073,
ZMB-fed(KEN+TZA+UGA),2001,3,current_account,2004,persistence_scarcity,-7.14878830806073,10.85199728828987
ZMB-fed(KEN+TZA+UGA),2001,3,current_account,2004,chronos_scarcity,-7.14878830806073,10.447446967207824
ZMB-fed(KEN+TZA+UGA),2001,3,current_account,2004,gnn_scarcity,-7.14878830806073,6.0462914954060665
ZMB-fed(KEN+TZA+UGA),2001,5,current_account,2006,persistence,4.64474506229629,22.64553065864689
ZMB-fed(KEN+TZA+UGA),2001,5,current_account,2006,arima,4.64474506229629,22.79691965386699
ZMB-fed(KEN+TZA+UGA),2001,5,current_account,2006,chronos,4.64474506229629,19.580089758341213
ZMB-fed(KEN+TZA+UGA),2001,5,current_account,2006,xgb_blind,4.64474506229629,22.470701406900783
ZMB-fed(KEN+TZA+UGA),2001,5,current_account,2006,xgb_lag,4.64474506229629,22.79691965386699
ZMB-fed(KEN+TZA+UGA),2001,5,current_account,2006,xgb_typed,4.64474506229629,22.79691965386699
ZMB-fed(KEN+TZA+UGA),2001,5,current_account,2006,lgbm_blind,4.64474506229629,16.960133401202715
ZMB-fed(KEN+TZA+UGA),2001,5,current_account,2006,lgbm_lag,4.64474506229629,22.79691965386699
ZMB-fed(KEN+TZA+UGA),2001,5,current_account,2006,lgbm_typed,4.64474506229629,22.79691965386699
ZMB-fed(KEN+TZA+UGA),2001,5,current_account,2006,tft,4.64474506229629,22.54227275699844
ZMB-fed(KEN+TZA+UGA),2001,5,current_account,2006,tgcn,4.64474506229629,
ZMB-fed(KEN+TZA+UGA),2001,5,current_account,2006,persistence_scarcity,4.64474506229629,22.64553065864689
ZMB-fed(KEN+TZA+UGA),2001,5,current_account,2006,chronos_scarcity,4.64474506229629,19.580089758341213
ZMB-fed(KEN+TZA+UGA),2001,5,current_account,2006,gnn_scarcity,4.64474506229629,17.23307628483047
ZMB-fed(KEN+TZA+UGA),2001,1,real_interest_rate,2002,persistence,21.6156242816087,4.9381607920124
ZMB-fed(KEN+TZA+UGA),2001,1,real_interest_rate,2002,arima,21.6156242816087,7.399710594908157
ZMB-fed(KEN+TZA+UGA),2001,1,real_interest_rate,2002,chronos,21.6156242816087,6.5984314410325275
ZMB-fed(KEN+TZA+UGA),2001,1,real_interest_rate,2002,xgb_blind,21.6156242816087,26.406636568748592
ZMB-fed(KEN+TZA+UGA),2001,1,real_interest_rate,2002,xgb_lag,21.6156242816087,7.399710594908157
ZMB-fed(KEN+TZA+UGA),2001,1,real_interest_rate,2002,xgb_typed,21.6156242816087,7.399710594908157
ZMB-fed(KEN+TZA+UGA),2001,1,real_interest_rate,2002,lgbm_blind,21.6156242816087,19.82855227330237
ZMB-fed(KEN+TZA+UGA),2001,1,real_interest_rate,2002,lgbm_lag,21.6156242816087,7.399710594908157
ZMB-fed(KEN+TZA+UGA),2001,1,real_interest_rate,2002,lgbm_typed,21.6156242816087,7.399710594908157
ZMB-fed(KEN+TZA+UGA),2001,1,real_interest_rate,2002,tft,21.6156242816087,1.301440092765926
ZMB-fed(KEN+TZA+UGA),2001,1,real_interest_rate,2002,tgcn,21.6156242816087,
ZMB-fed(KEN+TZA+UGA),2001,1,real_interest_rate,2002,persistence_scarcity,21.6156242816087,4.9381607920124
ZMB-fed(KEN+TZA+UGA),2001,1,real_interest_rate,2002,chronos_scarcity,21.6156242816087,6.5984314410325275
ZMB-fed(KEN+TZA+UGA),2001,1,real_interest_rate,2002,gnn_scarcity,21.6156242816087,28.787460657798885
ZMB-fed(KEN+TZA+UGA),2001,3,real_interest_rate,2004,persistence,9.19693364690934,7.480529842686959
ZMB-fed(KEN+TZA+UGA),2001,3,real_interest_rate,2004,arima,9.19693364690934,5.42002382335645
ZMB-fed(KEN+TZA+UGA),2001,3,real_interest_rate,2004,chronos,9.19693364690934,3.615911583193199
ZMB-fed(KEN+TZA+UGA),2001,3,real_interest_rate,2004,xgb_blind,9.19693364690934,3.0670503575721817
ZMB-fed(KEN+TZA+UGA),2001,3,real_interest_rate,2004,xgb_lag,9.19693364690934,5.42002382335645
ZMB-fed(KEN+TZA+UGA),2001,3,real_interest_rate,2004,xgb_typed,9.19693364690934,5.42002382335645
ZMB-fed(KEN+TZA+UGA),2001,3,real_interest_rate,2004,lgbm_blind,9.19693364690934,0.49439154077376557
ZMB-fed(KEN+TZA+UGA),2001,3,real_interest_rate,2004,lgbm_lag,9.19693364690934,5.42002382335645
ZMB-fed(KEN+TZA+UGA),2001,3,real_interest_rate,2004,lgbm_typed,9.19693364690934,5.42002382335645
ZMB-fed(KEN+TZA+UGA),2001,3,real_interest_rate,2004,tft,9.19693364690934,13.934579948671715
ZMB-fed(KEN+TZA+UGA),2001,3,real_interest_rate,2004,tgcn,9.19693364690934,
ZMB-fed(KEN+TZA+UGA),2001,3,real_interest_rate,2004,persistence_scarcity,9.19693364690934,7.480529842686959
ZMB-fed(KEN+TZA+UGA),2001,3,real_interest_rate,2004,chronos_scarcity,9.19693364690934,3.615911583193199
ZMB-fed(KEN+TZA+UGA),2001,3,real_interest_rate,2004,gnn_scarcity,9.19693364690934,17.56724443029557
ZMB-fed(KEN+TZA+UGA),2001,5,real_interest_rate,2006,persistence,7.51782024205524,9.159643247541059
ZMB-fed(KEN+TZA+UGA),2001,5,real_interest_rate,2006,arima,7.51782024205524,7.115976686302181
ZMB-fed(KEN+TZA+UGA),2001,5,real_interest_rate,2006,chronos,7.51782024205524,3.2284299105326504
ZMB-fed(KEN+TZA+UGA),2001,5,real_interest_rate,2006,xgb_blind,7.51782024205524,1.98897850214642
ZMB-fed(KEN+TZA+UGA),2001,5,real_interest_rate,2006,xgb_lag,7.51782024205524,7.115976686302181
ZMB-fed(KEN+TZA+UGA),2001,5,real_interest_rate,2006,xgb_typed,7.51782024205524,7.115976686302181
ZMB-fed(KEN+TZA+UGA),2001,5,real_interest_rate,2006,lgbm_blind,7.51782024205524,7.526803541601289
ZMB-fed(KEN+TZA+UGA),2001,5,real_interest_rate,2006,lgbm_lag,7.51782024205524,7.115976686302181
ZMB-fed(KEN+TZA+UGA),2001,5,real_interest_rate,2006,lgbm_typed,7.51782024205524,7.115976686302181
ZMB-fed(KEN+TZA+UGA),2001,5,real_interest_rate,2006,tft,7.51782024205524,19.233764764658627
ZMB-fed(KEN+TZA+UGA),2001,5,real_interest_rate,2006,tgcn,7.51782024205524,
ZMB-fed(KEN+TZA+UGA),2001,5,real_interest_rate,2006,persistence_scarcity,7.51782024205524,9.159643247541059
ZMB-fed(KEN+TZA+UGA),2001,5,real_interest_rate,2006,chronos_scarcity,7.51782024205524,3.2284299105326504
ZMB-fed(KEN+TZA+UGA),2001,5,real_interest_rate,2006,gnn_scarcity,7.51782024205524,12.979040983327213
ZMB-fed(KEN+TZA+UGA),2001,1,broad_money,2002,persistence,18.3470905634688,0.48611259462580136
ZMB-fed(KEN+TZA+UGA),2001,1,broad_money,2002,arima,18.3470905634688,0.0893913928747736
ZMB-fed(KEN+TZA+UGA),2001,1,broad_money,2002,chronos,18.3470905634688,0.3786629053877455
ZMB-fed(KEN+TZA+UGA),2001,1,broad_money,2002,xgb_blind,18.3470905634688,0.27872355907426893
ZMB-fed(KEN+TZA+UGA),2001,1,broad_money,2002,xgb_lag,18.3470905634688,0.0893913928747736
ZMB-fed(KEN+TZA+UGA),2001,1,broad_money,2002,xgb_typed,18.3470905634688,0.0893913928747736
ZMB-fed(KEN+TZA+UGA),2001,1,broad_money,2002,lgbm_blind,18.3470905634688,0.8151134301513743
ZMB-fed(KEN+TZA+UGA),2001,1,broad_money,2002,lgbm_lag,18.3470905634688,0.0893913928747736
ZMB-fed(KEN+TZA+UGA),2001,1,broad_money,2002,lgbm_typed,18.3470905634688,0.0893913928747736
ZMB-fed(KEN+TZA+UGA),2001,1,broad_money,2002,tft,18.3470905634688,1.7152091649247545
ZMB-fed(KEN+TZA+UGA),2001,1,broad_money,2002,tgcn,18.3470905634688,
ZMB-fed(KEN+TZA+UGA),2001,1,broad_money,2002,persistence_scarcity,18.3470905634688,0.48611259462580136
ZMB-fed(KEN+TZA+UGA),2001,1,broad_money,2002,chronos_scarcity,18.3470905634688,0.3786629053877455
ZMB-fed(KEN+TZA+UGA),2001,1,broad_money,2002,gnn_scarcity,18.3470905634688,1.3260773035811049
ZMB-fed(KEN+TZA+UGA),2001,3,broad_money,2004,persistence,18.7743104593352,0.913332490492202
ZMB-fed(KEN+TZA+UGA),2001,3,broad_money,2004,arima,18.7743104593352,0.553490304999464
ZMB-fed(KEN+TZA+UGA),2001,3,broad_money,2004,chronos,18.7743104593352,0.21568619175707582
ZMB-fed(KEN+TZA+UGA),2001,3,broad_money,2004,xgb_blind,18.7743104593352,2.3038908346101117
ZMB-fed(KEN+TZA+UGA),2001,3,broad_money,2004,xgb_lag,18.7743104593352,0.553490304999464
ZMB-fed(KEN+TZA+UGA),2001,3,broad_money,2004,xgb_typed,18.7743104593352,0.553490304999464
ZMB-fed(KEN+TZA+UGA),2001,3,broad_money,2004,lgbm_blind,18.7743104593352,2.315240571538162
ZMB-fed(KEN+TZA+UGA),2001,3,broad_money,2004,lgbm_lag,18.7743104593352,0.553490304999464
ZMB-fed(KEN+TZA+UGA),2001,3,broad_money,2004,lgbm_typed,18.7743104593352,0.553490304999464
ZMB-fed(KEN+TZA+UGA),2001,3,broad_money,2004,tft,18.7743104593352,1.848259578506596
ZMB-fed(KEN+TZA+UGA),2001,3,broad_money,2004,tgcn,18.7743104593352,
ZMB-fed(KEN+TZA+UGA),2001,3,broad_money,2004,persistence_scarcity,18.7743104593352,0.913332490492202
ZMB-fed(KEN+TZA+UGA),2001,3,broad_money,2004,chronos_scarcity,18.7743104593352,0.21568619175707582
ZMB-fed(KEN+TZA+UGA),2001,3,broad_money,2004,gnn_scarcity,18.7743104593352,1.9288171426848102
ZMB-fed(KEN+TZA+UGA),2001,5,broad_money,2006,persistence,18.0615885624267,0.2006105935837006
ZMB-fed(KEN+TZA+UGA),2001,5,broad_money,2006,arima,18.0615885624267,0.15883487881758285
ZMB-fed(KEN+TZA+UGA),2001,5,broad_money,2006,chronos,18.0615885624267,0.8905064693115818
ZMB-fed(KEN+TZA+UGA),2001,5,broad_money,2006,xgb_blind,18.0615885624267,2.952647887768613
ZMB-fed(KEN+TZA+UGA),2001,5,broad_money,2006,xgb_lag,18.0615885624267,0.15883487881758285
ZMB-fed(KEN+TZA+UGA),2001,5,broad_money,2006,xgb_typed,18.0615885624267,0.15883487881758285
ZMB-fed(KEN+TZA+UGA),2001,5,broad_money,2006,lgbm_blind,18.0615885624267,0.8477968514368825
ZMB-fed(KEN+TZA+UGA),2001,5,broad_money,2006,lgbm_lag,18.0615885624267,0.15883487881758285
ZMB-fed(KEN+TZA+UGA),2001,5,broad_money,2006,lgbm_typed,18.0615885624267,0.15883487881758285
ZMB-fed(KEN+TZA+UGA),2001,5,broad_money,2006,tft,18.0615885624267,2.6654526820801365
ZMB-fed(KEN+TZA+UGA),2001,5,broad_money,2006,tgcn,18.0615885624267,
ZMB-fed(KEN+TZA+UGA),2001,5,broad_money,2006,persistence_scarcity,18.0615885624267,0.2006105935837006
ZMB-fed(KEN+TZA+UGA),2001,5,broad_money,2006,chronos_scarcity,18.0615885624267,0.8905064693115818
ZMB-fed(KEN+TZA+UGA),2001,5,broad_money,2006,gnn_scarcity,18.0615885624267,0.7900526890136135
ZMB-fed(KEN+TZA+UGA),2001,1,private_credit,2002,persistence,13.6929591153621,0.0
ZMB-fed(KEN+TZA+UGA),2001,1,private_credit,2002,arima,13.6929591153621,0.0
ZMB-fed(KEN+TZA+UGA),2001,1,private_credit,2002,chronos,13.6929591153621,0.04015283331864339
ZMB-fed(KEN+TZA+UGA),2001,1,private_credit,2002,xgb_blind,13.6929591153621,2.835749910445884e-07
ZMB-fed(KEN+TZA+UGA),2001,1,private_credit,2002,xgb_lag,13.6929591153621,0.0
ZMB-fed(KEN+TZA+UGA),2001,1,private_credit,2002,xgb_typed,13.6929591153621,0.0
ZMB-fed(KEN+TZA+UGA),2001,1,private_credit,2002,lgbm_blind,13.6929591153621,2.835749910445884e-07
ZMB-fed(KEN+TZA+UGA),2001,1,private_credit,2002,lgbm_lag,13.6929591153621,0.0
ZMB-fed(KEN+TZA+UGA),2001,1,private_credit,2002,lgbm_typed,13.6929591153621,0.0
ZMB-fed(KEN+TZA+UGA),2001,1,private_credit,2002,tft,13.6929591153621,0.004470155095987138
ZMB-fed(KEN+TZA+UGA),2001,1,private_credit,2002,tgcn,13.6929591153621,
ZMB-fed(KEN+TZA+UGA),2001,1,private_credit,2002,persistence_scarcity,13.6929591153621,0.0
ZMB-fed(KEN+TZA+UGA),2001,1,private_credit,2002,chronos_scarcity,13.6929591153621,0.04015283331864339
ZMB-fed(KEN+TZA+UGA),2001,1,private_credit,2002,gnn_scarcity,13.6929591153621,1.6237736417679116e-06
ZMB-fed(KEN+TZA+UGA),2001,3,private_credit,2004,persistence,13.6929591153621,0.0
ZMB-fed(KEN+TZA+UGA),2001,3,private_credit,2004,arima,13.6929591153621,0.0
ZMB-fed(KEN+TZA+UGA),2001,3,private_credit,2004,chronos,13.6929591153621,0.04015283331864339
ZMB-fed(KEN+TZA+UGA),2001,3,private_credit,2004,xgb_blind,13.6929591153621,2.835749910445884e-07
ZMB-fed(KEN+TZA+UGA),2001,3,private_credit,2004,xgb_lag,13.6929591153621,0.0
ZMB-fed(KEN+TZA+UGA),2001,3,private_credit,2004,xgb_typed,13.6929591153621,0.0
ZMB-fed(KEN+TZA+UGA),2001,3,private_credit,2004,lgbm_blind,13.6929591153621,2.835749910445884e-07
ZMB-fed(KEN+TZA+UGA),2001,3,private_credit,2004,lgbm_lag,13.6929591153621,0.0
ZMB-fed(KEN+TZA+UGA),2001,3,private_credit,2004,lgbm_typed,13.6929591153621,0.0
ZMB-fed(KEN+TZA+UGA),2001,3,private_credit,2004,tft,13.6929591153621,1.2681341104325838e-05
ZMB-fed(KEN+TZA+UGA),2001,3,private_credit,2004,tgcn,13.6929591153621,
ZMB-fed(KEN+TZA+UGA),2001,3,private_credit,2004,persistence_scarcity,13.6929591153621,0.0
ZMB-fed(KEN+TZA+UGA),2001,3,private_credit,2004,chronos_scarcity,13.6929591153621,0.04015283331864339
ZMB-fed(KEN+TZA+UGA),2001,3,private_credit,2004,gnn_scarcity,13.6929591153621,1.6237736417679116e-06
ZMB-fed(KEN+TZA+UGA),2001,5,private_credit,2006,persistence,13.6929591153621,0.0
ZMB-fed(KEN+TZA+UGA),2001,5,private_credit,2006,arima,13.6929591153621,0.0
ZMB-fed(KEN+TZA+UGA),2001,5,private_credit,2006,chronos,13.6929591153621,0.04015283331864339
ZMB-fed(KEN+TZA+UGA),2001,5,private_credit,2006,xgb_blind,13.6929591153621,2.835749910445884e-07
ZMB-fed(KEN+TZA+UGA),2001,5,private_credit,2006,xgb_lag,13.6929591153621,0.0
ZMB-fed(KEN+TZA+UGA),2001,5,private_credit,2006,xgb_typed,13.6929591153621,0.0
ZMB-fed(KEN+TZA+UGA),2001,5,private_credit,2006,lgbm_blind,13.6929591153621,2.835749910445884e-07
ZMB-fed(KEN+TZA+UGA),2001,5,private_credit,2006,lgbm_lag,13.6929591153621,0.0
ZMB-fed(KEN+TZA+UGA),2001,5,private_credit,2006,lgbm_typed,13.6929591153621,0.0
ZMB-fed(KEN+TZA+UGA),2001,5,private_credit,2006,tft,13.6929591153621,0.002465531682901201
ZMB-fed(KEN+TZA+UGA),2001,5,private_credit,2006,tgcn,13.6929591153621,
ZMB-fed(KEN+TZA+UGA),2001,5,private_credit,2006,persistence_scarcity,13.6929591153621,0.0
ZMB-fed(KEN+TZA+UGA),2001,5,private_credit,2006,chronos_scarcity,13.6929591153621,0.04015283331864339
ZMB-fed(KEN+TZA+UGA),2001,5,private_credit,2006,gnn_scarcity,13.6929591153621,1.6237736417679116e-06
ZMB-fed(KEN+TZA+UGA),2001,1,govt_consumption,2002,persistence,8.65362421922944,0.0
ZMB-fed(KEN+TZA+UGA),2001,1,govt_consumption,2002,arima,8.65362421922944,0.0
ZMB-fed(KEN+TZA+UGA),2001,1,govt_consumption,2002,chronos,8.65362421922944,0.025376958182077303
ZMB-fed(KEN+TZA+UGA),2001,1,govt_consumption,2002,xgb_blind,8.65362421922944,3.153774930098052e-07
ZMB-fed(KEN+TZA+UGA),2001,1,govt_consumption,2002,xgb_lag,8.65362421922944,0.0
ZMB-fed(KEN+TZA+UGA),2001,1,govt_consumption,2002,xgb_typed,8.65362421922944,0.0
ZMB-fed(KEN+TZA+UGA),2001,1,govt_consumption,2002,lgbm_blind,8.65362421922944,3.153774930098052e-07
ZMB-fed(KEN+TZA+UGA),2001,1,govt_consumption,2002,lgbm_lag,8.65362421922944,0.0
ZMB-fed(KEN+TZA+UGA),2001,1,govt_consumption,2002,lgbm_typed,8.65362421922944,0.0
ZMB-fed(KEN+TZA+UGA),2001,1,govt_consumption,2002,tft,8.65362421922944,0.004469556143503084
ZMB-fed(KEN+TZA+UGA),2001,1,govt_consumption,2002,tgcn,8.65362421922944,
ZMB-fed(KEN+TZA+UGA),2001,1,govt_consumption,2002,persistence_scarcity,8.65362421922944,0.0
ZMB-fed(KEN+TZA+UGA),2001,1,govt_consumption,2002,chronos_scarcity,8.65362421922944,0.025376958182077303
ZMB-fed(KEN+TZA+UGA),2001,1,govt_consumption,2002,gnn_scarcity,8.65362421922944,3.153774930098052e-07
ZMB-fed(KEN+TZA+UGA),2001,3,govt_consumption,2004,persistence,8.65362421922944,0.0
ZMB-fed(KEN+TZA+UGA),2001,3,govt_consumption,2004,arima,8.65362421922944,0.0
ZMB-fed(KEN+TZA+UGA),2001,3,govt_consumption,2004,chronos,8.65362421922944,0.025376958182077303
ZMB-fed(KEN+TZA+UGA),2001,3,govt_consumption,2004,xgb_blind,8.65362421922944,3.153774930098052e-07
ZMB-fed(KEN+TZA+UGA),2001,3,govt_consumption,2004,xgb_lag,8.65362421922944,0.0
ZMB-fed(KEN+TZA+UGA),2001,3,govt_consumption,2004,xgb_typed,8.65362421922944,0.0
ZMB-fed(KEN+TZA+UGA),2001,3,govt_consumption,2004,lgbm_blind,8.65362421922944,3.153774930098052e-07
ZMB-fed(KEN+TZA+UGA),2001,3,govt_consumption,2004,lgbm_lag,8.65362421922944,0.0
ZMB-fed(KEN+TZA+UGA),2001,3,govt_consumption,2004,lgbm_typed,8.65362421922944,0.0
ZMB-fed(KEN+TZA+UGA),2001,3,govt_consumption,2004,tft,8.65362421922944,1.2082388620271445e-05
ZMB-fed(KEN+TZA+UGA),2001,3,govt_consumption,2004,tgcn,8.65362421922944,
ZMB-fed(KEN+TZA+UGA),2001,3,govt_consumption,2004,persistence_scarcity,8.65362421922944,0.0
ZMB-fed(KEN+TZA+UGA),2001,3,govt_consumption,2004,chronos_scarcity,8.65362421922944,0.025376958182077303
ZMB-fed(KEN+TZA+UGA),2001,3,govt_consumption,2004,gnn_scarcity,8.65362421922944,3.153774930098052e-07
ZMB-fed(KEN+TZA+UGA),2001,5,govt_consumption,2006,persistence,8.65362421922944,0.0
ZMB-fed(KEN+TZA+UGA),2001,5,govt_consumption,2006,arima,8.65362421922944,0.0
ZMB-fed(KEN+TZA+UGA),2001,5,govt_consumption,2006,chronos,8.65362421922944,0.025376958182077303
ZMB-fed(KEN+TZA+UGA),2001,5,govt_consumption,2006,xgb_blind,8.65362421922944,3.153774930098052e-07
ZMB-fed(KEN+TZA+UGA),2001,5,govt_consumption,2006,xgb_lag,8.65362421922944,0.0
ZMB-fed(KEN+TZA+UGA),2001,5,govt_consumption,2006,xgb_typed,8.65362421922944,0.0
ZMB-fed(KEN+TZA+UGA),2001,5,govt_consumption,2006,lgbm_blind,8.65362421922944,3.153774930098052e-07
ZMB-fed(KEN+TZA+UGA),2001,5,govt_consumption,2006,lgbm_lag,8.65362421922944,0.0
ZMB-fed(KEN+TZA+UGA),2001,5,govt_consumption,2006,lgbm_typed,8.65362421922944,0.0
ZMB-fed(KEN+TZA+UGA),2001,5,govt_consumption,2006,tft,8.65362421922944,0.0024649327304171464
ZMB-fed(KEN+TZA+UGA),2001,5,govt_consumption,2006,tgcn,8.65362421922944,
ZMB-fed(KEN+TZA+UGA),2001,5,govt_consumption,2006,persistence_scarcity,8.65362421922944,0.0
ZMB-fed(KEN+TZA+UGA),2001,5,govt_consumption,2006,chronos_scarcity,8.65362421922944,0.025376958182077303
ZMB-fed(KEN+TZA+UGA),2001,5,govt_consumption,2006,gnn_scarcity,8.65362421922944,3.153774930098052e-07
ZMB-fed(KEN+TZA+UGA),2002,1,gdp_growth,2003,persistence,6.94497398221223,2.4389597018861897
ZMB-fed(KEN+TZA+UGA),2002,1,gdp_growth,2003,arima,6.94497398221223,1.9784452293862262
ZMB-fed(KEN+TZA+UGA),2002,1,gdp_growth,2003,chronos,6.94497398221223,2.6026978858682357
ZMB-fed(KEN+TZA+UGA),2002,1,gdp_growth,2003,xgb_blind,6.94497398221223,3.461664951679393
ZMB-fed(KEN+TZA+UGA),2002,1,gdp_growth,2003,xgb_lag,6.94497398221223,1.9784452293862262
ZMB-fed(KEN+TZA+UGA),2002,1,gdp_growth,2003,xgb_typed,6.94497398221223,1.9784452293862262
ZMB-fed(KEN+TZA+UGA),2002,1,gdp_growth,2003,lgbm_blind,6.94497398221223,4.668336567431474
ZMB-fed(KEN+TZA+UGA),2002,1,gdp_growth,2003,lgbm_lag,6.94497398221223,1.9784452293862262
ZMB-fed(KEN+TZA+UGA),2002,1,gdp_growth,2003,lgbm_typed,6.94497398221223,1.9784452293862262
ZMB-fed(KEN+TZA+UGA),2002,1,gdp_growth,2003,tft,6.94497398221223,2.4194646247598373
ZMB-fed(KEN+TZA+UGA),2002,1,gdp_growth,2003,tgcn,6.94497398221223,
ZMB-fed(KEN+TZA+UGA),2002,1,gdp_growth,2003,persistence_scarcity,6.94497398221223,2.4389597018861897
ZMB-fed(KEN+TZA+UGA),2002,1,gdp_growth,2003,chronos_scarcity,6.94497398221223,2.6026978858682357
ZMB-fed(KEN+TZA+UGA),2002,1,gdp_growth,2003,gnn_scarcity,6.94497398221223,5.798448360798045
ZMB-fed(KEN+TZA+UGA),2002,3,gdp_growth,2005,persistence,7.23559900655543,2.7295847262293895
ZMB-fed(KEN+TZA+UGA),2002,3,gdp_growth,2005,arima,7.23559900655543,2.382073359151862
ZMB-fed(KEN+TZA+UGA),2002,3,gdp_growth,2005,chronos,7.23559900655543,3.6309537543276464
ZMB-fed(KEN+TZA+UGA),2002,3,gdp_growth,2005,xgb_blind,7.23559900655543,6.60608765020167
ZMB-fed(KEN+TZA+UGA),2002,3,gdp_growth,2005,xgb_lag,7.23559900655543,2.382073359151862
ZMB-fed(KEN+TZA+UGA),2002,3,gdp_growth,2005,xgb_typed,7.23559900655543,2.382073359151862
ZMB-fed(KEN+TZA+UGA),2002,3,gdp_growth,2005,lgbm_blind,7.23559900655543,4.326928548357836
ZMB-fed(KEN+TZA+UGA),2002,3,gdp_growth,2005,lgbm_lag,7.23559900655543,2.382073359151862
ZMB-fed(KEN+TZA+UGA),2002,3,gdp_growth,2005,lgbm_typed,7.23559900655543,2.382073359151862
ZMB-fed(KEN+TZA+UGA),2002,3,gdp_growth,2005,tft,7.23559900655543,2.7244929923037207
ZMB-fed(KEN+TZA+UGA),2002,3,gdp_growth,2005,tgcn,7.23559900655543,
ZMB-fed(KEN+TZA+UGA),2002,3,gdp_growth,2005,persistence_scarcity,7.23559900655543,2.7295847262293895
ZMB-fed(KEN+TZA+UGA),2002,3,gdp_growth,2005,chronos_scarcity,7.23559900655543,3.6309537543276464
ZMB-fed(KEN+TZA+UGA),2002,3,gdp_growth,2005,gnn_scarcity,7.23559900655543,6.299477423570505
ZMB-fed(KEN+TZA+UGA),2002,5,gdp_growth,2007,persistence,8.35243624447406,3.8464219641480195
ZMB-fed(KEN+TZA+UGA),2002,5,gdp_growth,2007,arima,8.35243624447406,3.535360101213241
ZMB-fed(KEN+TZA+UGA),2002,5,gdp_growth,2007,chronos,8.35243624447406,4.63644856213153
ZMB-fed(KEN+TZA+UGA),2002,5,gdp_growth,2007,xgb_blind,8.35243624447406,4.549490630612976
ZMB-fed(KEN+TZA+UGA),2002,5,gdp_growth,2007,xgb_lag,8.35243624447406,3.535360101213241
ZMB-fed(KEN+TZA+UGA),2002,5,gdp_growth,2007,xgb_typed,8.35243624447406,3.535360101213241
ZMB-fed(KEN+TZA+UGA),2002,5,gdp_growth,2007,lgbm_blind,8.35243624447406,4.4880772419136825
ZMB-fed(KEN+TZA+UGA),2002,5,gdp_growth,2007,lgbm_lag,8.35243624447406,3.535360101213241
ZMB-fed(KEN+TZA+UGA),2002,5,gdp_growth,2007,lgbm_typed,8.35243624447406,3.535360101213241
ZMB-fed(KEN+TZA+UGA),2002,5,gdp_growth,2007,tft,8.35243624447406,3.843955695615417
ZMB-fed(KEN+TZA+UGA),2002,5,gdp_growth,2007,tgcn,8.35243624447406,
ZMB-fed(KEN+TZA+UGA),2002,5,gdp_growth,2007,persistence_scarcity,8.35243624447406,3.8464219641480195
ZMB-fed(KEN+TZA+UGA),2002,5,gdp_growth,2007,chronos_scarcity,8.35243624447406,4.63644856213153
ZMB-fed(KEN+TZA+UGA),2002,5,gdp_growth,2007,gnn_scarcity,8.35243624447406,6.965904176221496
ZMB-fed(KEN+TZA+UGA),2002,1,inflation_cpi,2003,persistence,21.4015783901995,0.8317662528951999
ZMB-fed(KEN+TZA+UGA),2002,1,inflation_cpi,2003,arima,21.4015783901995,0.8494272435913821
ZMB-fed(KEN+TZA+UGA),2002,1,inflation_cpi,2003,chronos,21.4015783901995,0.6409097079450312
ZMB-fed(KEN+TZA+UGA),2002,1,inflation_cpi,2003,xgb_blind,21.4015783901995,10.631277597349328
ZMB-fed(KEN+TZA+UGA),2002,1,inflation_cpi,2003,xgb_lag,21.4015783901995,0.8494272435913821
ZMB-fed(KEN+TZA+UGA),2002,1,inflation_cpi,2003,xgb_typed,21.4015783901995,0.8494272435913821
ZMB-fed(KEN+TZA+UGA),2002,1,inflation_cpi,2003,lgbm_blind,21.4015783901995,38.980698144834676
ZMB-fed(KEN+TZA+UGA),2002,1,inflation_cpi,2003,lgbm_lag,21.4015783901995,0.8494272435913821
ZMB-fed(KEN+TZA+UGA),2002,1,inflation_cpi,2003,lgbm_typed,21.4015783901995,0.8494272435913821
ZMB-fed(KEN+TZA+UGA),2002,1,inflation_cpi,2003,tft,21.4015783901995,2.6076035861188593
ZMB-fed(KEN+TZA+UGA),2002,1,inflation_cpi,2003,tgcn,21.4015783901995,
ZMB-fed(KEN+TZA+UGA),2002,1,inflation_cpi,2003,persistence_scarcity,21.4015783901995,0.8317662528951999
ZMB-fed(KEN+TZA+UGA),2002,1,inflation_cpi,2003,chronos_scarcity,21.4015783901995,0.6409097079450312
ZMB-fed(KEN+TZA+UGA),2002,1,inflation_cpi,2003,gnn_scarcity,21.4015783901995,30.308580911558312
ZMB-fed(KEN+TZA+UGA),2002,3,inflation_cpi,2005,persistence,18.324439701174,3.9089049419206994
ZMB-fed(KEN+TZA+UGA),2002,3,inflation_cpi,2005,arima,18.324439701174,3.9269452634475
ZMB-fed(KEN+TZA+UGA),2002,3,inflation_cpi,2005,chronos,18.324439701174,6.0629904898660385
ZMB-fed(KEN+TZA+UGA),2002,3,inflation_cpi,2005,xgb_blind,18.324439701174,5.500513378049632
ZMB-fed(KEN+TZA+UGA),2002,3,inflation_cpi,2005,xgb_lag,18.324439701174,3.9269452634475
ZMB-fed(KEN+TZA+UGA),2002,3,inflation_cpi,2005,xgb_typed,18.324439701174,3.9269452634475
ZMB-fed(KEN+TZA+UGA),2002,3,inflation_cpi,2005,lgbm_blind,18.324439701174,27.799406734372873
ZMB-fed(KEN+TZA+UGA),2002,3,inflation_cpi,2005,lgbm_lag,18.324439701174,3.9269452634475
ZMB-fed(KEN+TZA+UGA),2002,3,inflation_cpi,2005,lgbm_typed,18.324439701174,3.9269452634475
ZMB-fed(KEN+TZA+UGA),2002,3,inflation_cpi,2005,tft,18.324439701174,6.259826961423656
ZMB-fed(KEN+TZA+UGA),2002,3,inflation_cpi,2005,tgcn,18.324439701174,
ZMB-fed(KEN+TZA+UGA),2002,3,inflation_cpi,2005,persistence_scarcity,18.324439701174,3.9089049419206994
ZMB-fed(KEN+TZA+UGA),2002,3,inflation_cpi,2005,chronos_scarcity,18.324439701174,6.0629904898660385
ZMB-fed(KEN+TZA+UGA),2002,3,inflation_cpi,2005,gnn_scarcity,18.324439701174,30.575702968503734
ZMB-fed(KEN+TZA+UGA),2002,5,inflation_cpi,2007,persistence,10.6573496000153,11.5759950430794
ZMB-fed(KEN+TZA+UGA),2002,5,inflation_cpi,2007,arima,10.6573496000153,11.594035532464277
ZMB-fed(KEN+TZA+UGA),2002,5,inflation_cpi,2007,chronos,10.6573496000153,13.964560495199544
ZMB-fed(KEN+TZA+UGA),2002,5,inflation_cpi,2007,xgb_blind,10.6573496000153,12.365008340658528
ZMB-fed(KEN+TZA+UGA),2002,5,inflation_cpi,2007,xgb_lag,10.6573496000153,11.594035532464277
ZMB-fed(KEN+TZA+UGA),2002,5,inflation_cpi,2007,xgb_typed,10.6573496000153,11.594035532464277
ZMB-fed(KEN+TZA+UGA),2002,5,inflation_cpi,2007,lgbm_blind,10.6573496000153,17.258287893118244
ZMB-fed(KEN+TZA+UGA),2002,5,inflation_cpi,2007,lgbm_lag,10.6573496000153,11.594035532464277
ZMB-fed(KEN+TZA+UGA),2002,5,inflation_cpi,2007,lgbm_typed,10.6573496000153,11.594035532464277
ZMB-fed(KEN+TZA+UGA),2002,5,inflation_cpi,2007,tft,10.6573496000153,14.276213632406575
ZMB-fed(KEN+TZA+UGA),2002,5,inflation_cpi,2007,tgcn,10.6573496000153,
ZMB-fed(KEN+TZA+UGA),2002,5,inflation_cpi,2007,persistence_scarcity,10.6573496000153,11.5759950430794
ZMB-fed(KEN+TZA+UGA),2002,5,inflation_cpi,2007,chronos_scarcity,10.6573496000153,13.964560495199544
ZMB-fed(KEN+TZA+UGA),2002,5,inflation_cpi,2007,gnn_scarcity,10.6573496000153,44.25817011434017
ZMB-fed(KEN+TZA+UGA),2002,1,unemployment,2003,persistence,14.704,0.5730000000000004
ZMB-fed(KEN+TZA+UGA),2002,1,unemployment,2003,arima,14.704,0.05449230687699114
ZMB-fed(KEN+TZA+UGA),2002,1,unemployment,2003,chronos,14.704,0.582314964294433
ZMB-fed(KEN+TZA+UGA),2002,1,unemployment,2003,xgb_blind,14.704,0.7804751434326178
ZMB-fed(KEN+TZA+UGA),2002,1,unemployment,2003,xgb_lag,14.704,0.05449230687699114
ZMB-fed(KEN+TZA+UGA),2002,1,unemployment,2003,xgb_typed,14.704,0.05449230687699114
ZMB-fed(KEN+TZA+UGA),2002,1,unemployment,2003,lgbm_blind,14.704,0.898250019709268
ZMB-fed(KEN+TZA+UGA),2002,1,unemployment,2003,lgbm_lag,14.704,0.05449230687699114
ZMB-fed(KEN+TZA+UGA),2002,1,unemployment,2003,lgbm_typed,14.704,0.05449230687699114
ZMB-fed(KEN+TZA+UGA),2002,1,unemployment,2003,tft,14.704,0.7381415405273444
ZMB-fed(KEN+TZA+UGA),2002,1,unemployment,2003,tgcn,14.704,
ZMB-fed(KEN+TZA+UGA),2002,1,unemployment,2003,persistence_scarcity,14.704,0.5730000000000004
ZMB-fed(KEN+TZA+UGA),2002,1,unemployment,2003,chronos_scarcity,14.704,0.582314964294433
ZMB-fed(KEN+TZA+UGA),2002,1,unemployment,2003,gnn_scarcity,14.704,0.5059552154541009
ZMB-fed(KEN+TZA+UGA),2002,3,unemployment,2005,persistence,15.9,1.7690000000000001
ZMB-fed(KEN+TZA+UGA),2002,3,unemployment,2005,arima,15.9,0.6169319401661237
ZMB-fed(KEN+TZA+UGA),2002,3,unemployment,2005,chronos,15.9,1.3043800354003903
ZMB-fed(KEN+TZA+UGA),2002,3,unemployment,2005,xgb_blind,15.9,2.755629920959473
ZMB-fed(KEN+TZA+UGA),2002,3,unemployment,2005,xgb_lag,15.9,0.6169319401661237
ZMB-fed(KEN+TZA+UGA),2002,3,unemployment,2005,xgb_typed,15.9,0.6169319401661237
ZMB-fed(KEN+TZA+UGA),2002,3,unemployment,2005,lgbm_blind,15.9,1.0241000175476085
ZMB-fed(KEN+TZA+UGA),2002,3,unemployment,2005,lgbm_lag,15.9,0.6169319401661237
ZMB-fed(KEN+TZA+UGA),2002,3,unemployment,2005,lgbm_typed,15.9,0.6169319401661237
ZMB-fed(KEN+TZA+UGA),2002,3,unemployment,2005,tft,15.9,0.9201816558837894
ZMB-fed(KEN+TZA+UGA),2002,3,unemployment,2005,tgcn,15.9,
ZMB-fed(KEN+TZA+UGA),2002,3,unemployment,2005,persistence_scarcity,15.9,1.7690000000000001
ZMB-fed(KEN+TZA+UGA),2002,3,unemployment,2005,chronos_scarcity,15.9,1.3043800354003903
ZMB-fed(KEN+TZA+UGA),2002,3,unemployment,2005,gnn_scarcity,15.9,0.8381036758422855
ZMB-fed(KEN+TZA+UGA),2002,5,unemployment,2007,persistence,10.559,3.572000000000001
ZMB-fed(KEN+TZA+UGA),2002,5,unemployment,2007,arima,10.559,5.04634526493113
ZMB-fed(KEN+TZA+UGA),2002,5,unemployment,2007,chronos,10.559,8.214693084716798
ZMB-fed(KEN+TZA+UGA),2002,5,unemployment,2007,xgb_blind,10.559,3.4830274734497078
ZMB-fed(KEN+TZA+UGA),2002,5,unemployment,2007,xgb_lag,10.559,5.04634526493113
ZMB-fed(KEN+TZA+UGA),2002,5,unemployment,2007,xgb_typed,10.559,5.04634526493113
ZMB-fed(KEN+TZA+UGA),2002,5,unemployment,2007,lgbm_blind,10.559,3.237249985694886
ZMB-fed(KEN+TZA+UGA),2002,5,unemployment,2007,lgbm_lag,10.559,5.04634526493113
ZMB-fed(KEN+TZA+UGA),2002,5,unemployment,2007,lgbm_typed,10.559,5.04634526493113
ZMB-fed(KEN+TZA+UGA),2002,5,unemployment,2007,tft,10.559,5.489557281494141
ZMB-fed(KEN+TZA+UGA),2002,5,unemployment,2007,tgcn,10.559,
ZMB-fed(KEN+TZA+UGA),2002,5,unemployment,2007,persistence_scarcity,10.559,3.572000000000001
ZMB-fed(KEN+TZA+UGA),2002,5,unemployment,2007,chronos_scarcity,10.559,8.214693084716798
ZMB-fed(KEN+TZA+UGA),2002,5,unemployment,2007,gnn_scarcity,10.559,4.819844261169434
ZMB-fed(KEN+TZA+UGA),2002,1,exports_gdp,2003,persistence,25.6839640308427,1.4497143000271002
ZMB-fed(KEN+TZA+UGA),2002,1,exports_gdp,2003,arima,25.6839640308427,1.9019624721577664
ZMB-fed(KEN+TZA+UGA),2002,1,exports_gdp,2003,chronos,25.6839640308427,3.302386982340895
ZMB-fed(KEN+TZA+UGA),2002,1,exports_gdp,2003,xgb_blind,25.6839640308427,0.6578214000655045
ZMB-fed(KEN+TZA+UGA),2002,1,exports_gdp,2003,xgb_lag,25.6839640308427,1.9019624721577664
ZMB-fed(KEN+TZA+UGA),2002,1,exports_gdp,2003,xgb_typed,25.6839640308427,1.9019624721577664
ZMB-fed(KEN+TZA+UGA),2002,1,exports_gdp,2003,lgbm_blind,25.6839640308427,3.1806185077620377
ZMB-fed(KEN+TZA+UGA),2002,1,exports_gdp,2003,lgbm_lag,25.6839640308427,1.9019624721577664
ZMB-fed(KEN+TZA+UGA),2002,1,exports_gdp,2003,lgbm_typed,25.6839640308427,1.9019624721577664
ZMB-fed(KEN+TZA+UGA),2002,1,exports_gdp,2003,tft,25.6839640308427,0.08967043648234707
ZMB-fed(KEN+TZA+UGA),2002,1,exports_gdp,2003,tgcn,25.6839640308427,
ZMB-fed(KEN+TZA+UGA),2002,1,exports_gdp,2003,persistence_scarcity,25.6839640308427,1.4497143000271002
ZMB-fed(KEN+TZA+UGA),2002,1,exports_gdp,2003,chronos_scarcity,25.6839640308427,3.302386982340895
ZMB-fed(KEN+TZA+UGA),2002,1,exports_gdp,2003,gnn_scarcity,25.6839640308427,2.667703373332106
ZMB-fed(KEN+TZA+UGA),2002,3,exports_gdp,2005,persistence,30.6107123143813,3.4770339835115003
ZMB-fed(KEN+TZA+UGA),2002,3,exports_gdp,2005,arima,30.6107123143813,2.9011534790872595
ZMB-fed(KEN+TZA+UGA),2002,3,exports_gdp,2005,chronos,30.6107123143813,0.4078957788804196
ZMB-fed(KEN+TZA+UGA),2002,3,exports_gdp,2005,xgb_blind,30.6107123143813,5.093666339649854
ZMB-fed(KEN+TZA+UGA),2002,3,exports_gdp,2005,xgb_lag,30.6107123143813,2.9011534790872595
ZMB-fed(KEN+TZA+UGA),2002,3,exports_gdp,2005,xgb_typed,30.6107123143813,2.9011534790872595
ZMB-fed(KEN+TZA+UGA),2002,3,exports_gdp,2005,lgbm_blind,30.6107123143813,2.5632920034071773
ZMB-fed(KEN+TZA+UGA),2002,3,exports_gdp,2005,lgbm_lag,30.6107123143813,2.9011534790872595
ZMB-fed(KEN+TZA+UGA),2002,3,exports_gdp,2005,lgbm_typed,30.6107123143813,2.9011534790872595
ZMB-fed(KEN+TZA+UGA),2002,3,exports_gdp,2005,tft,30.6107123143813,5.024685168995557
ZMB-fed(KEN+TZA+UGA),2002,3,exports_gdp,2005,tgcn,30.6107123143813,
ZMB-fed(KEN+TZA+UGA),2002,3,exports_gdp,2005,persistence_scarcity,30.6107123143813,3.4770339835115003
ZMB-fed(KEN+TZA+UGA),2002,3,exports_gdp,2005,chronos_scarcity,30.6107123143813,0.4078957788804196
ZMB-fed(KEN+TZA+UGA),2002,3,exports_gdp,2005,gnn_scarcity,30.6107123143813,2.448644901051221
ZMB-fed(KEN+TZA+UGA),2002,5,exports_gdp,2007,persistence,33.5911932050133,6.457514874143499
ZMB-fed(KEN+TZA+UGA),2002,5,exports_gdp,2007,arima,33.5911932050133,5.87546169205574
ZMB-fed(KEN+TZA+UGA),2002,5,exports_gdp,2007,chronos,33.5911932050133,1.1821050702476725
ZMB-fed(KEN+TZA+UGA),2002,5,exports_gdp,2007,xgb_blind,33.5911932050133,6.731230741634391
ZMB-fed(KEN+TZA+UGA),2002,5,exports_gdp,2007,xgb_lag,33.5911932050133,5.87546169205574
ZMB-fed(KEN+TZA+UGA),2002,5,exports_gdp,2007,xgb_typed,33.5911932050133,5.87546169205574
ZMB-fed(KEN+TZA+UGA),2002,5,exports_gdp,2007,lgbm_blind,33.5911932050133,6.769516235485099
ZMB-fed(KEN+TZA+UGA),2002,5,exports_gdp,2007,lgbm_lag,33.5911932050133,5.87546169205574
ZMB-fed(KEN+TZA+UGA),2002,5,exports_gdp,2007,lgbm_typed,33.5911932050133,5.87546169205574
ZMB-fed(KEN+TZA+UGA),2002,5,exports_gdp,2007,tft,33.5911932050133,8.00743389715197
ZMB-fed(KEN+TZA+UGA),2002,5,exports_gdp,2007,tgcn,33.5911932050133,
ZMB-fed(KEN+TZA+UGA),2002,5,exports_gdp,2007,persistence_scarcity,33.5911932050133,6.457514874143499
ZMB-fed(KEN+TZA+UGA),2002,5,exports_gdp,2007,chronos_scarcity,33.5911932050133,1.1821050702476725
ZMB-fed(KEN+TZA+UGA),2002,5,exports_gdp,2007,gnn_scarcity,33.5911932050133,5.0232515393638835
ZMB-fed(KEN+TZA+UGA),2002,1,imports_gdp,2003,persistence,36.6288806449202,1.1539380232747973
ZMB-fed(KEN+TZA+UGA),2002,1,imports_gdp,2003,arima,36.6288806449202,0.9579777889314514
ZMB-fed(KEN+TZA+UGA),2002,1,imports_gdp,2003,chronos,36.6288806449202,0.524771546241908
ZMB-fed(KEN+TZA+UGA),2002,1,imports_gdp,2003,xgb_blind,36.6288806449202,0.4419620979997205
ZMB-fed(KEN+TZA+UGA),2002,1,imports_gdp,2003,xgb_lag,36.6288806449202,0.9579777889314514
ZMB-fed(KEN+TZA+UGA),2002,1,imports_gdp,2003,xgb_typed,36.6288806449202,0.9579777889314514
ZMB-fed(KEN+TZA+UGA),2002,1,imports_gdp,2003,lgbm_blind,36.6288806449202,1.8339981884586152
ZMB-fed(KEN+TZA+UGA),2002,1,imports_gdp,2003,lgbm_lag,36.6288806449202,0.9579777889314514
ZMB-fed(KEN+TZA+UGA),2002,1,imports_gdp,2003,lgbm_typed,36.6288806449202,0.9579777889314514
ZMB-fed(KEN+TZA+UGA),2002,1,imports_gdp,2003,tft,36.6288806449202,1.2333858956071424
ZMB-fed(KEN+TZA+UGA),2002,1,imports_gdp,2003,tgcn,36.6288806449202,
ZMB-fed(KEN+TZA+UGA),2002,1,imports_gdp,2003,persistence_scarcity,36.6288806449202,1.1539380232747973
ZMB-fed(KEN+TZA+UGA),2002,1,imports_gdp,2003,chronos_scarcity,36.6288806449202,0.524771546241908
ZMB-fed(KEN+TZA+UGA),2002,1,imports_gdp,2003,gnn_scarcity,36.6288806449202,2.4341975699690295
ZMB-fed(KEN+TZA+UGA),2002,3,imports_gdp,2005,persistence,31.5895698769828,6.1932487912121985
ZMB-fed(KEN+TZA+UGA),2002,3,imports_gdp,2005,arima,31.5895698769828,5.973277497214333
ZMB-fed(KEN+TZA+UGA),2002,3,imports_gdp,2005,chronos,31.5895698769828,5.05514447848595
ZMB-fed(KEN+TZA+UGA),2002,3,imports_gdp,2005,xgb_blind,31.5895698769828,4.8972503439644655
ZMB-fed(KEN+TZA+UGA),2002,3,imports_gdp,2005,xgb_lag,31.5895698769828,5.973277497214333
ZMB-fed(KEN+TZA+UGA),2002,3,imports_gdp,2005,xgb_typed,31.5895698769828,5.973277497214333
ZMB-fed(KEN+TZA+UGA),2002,3,imports_gdp,2005,lgbm_blind,31.5895698769828,3.4242492453316515
ZMB-fed(KEN+TZA+UGA),2002,3,imports_gdp,2005,lgbm_lag,31.5895698769828,5.973277497214333
ZMB-fed(KEN+TZA+UGA),2002,3,imports_gdp,2005,lgbm_typed,31.5895698769828,5.973277497214333
ZMB-fed(KEN+TZA+UGA),2002,3,imports_gdp,2005,tft,31.5895698769828,6.314742256806262
ZMB-fed(KEN+TZA+UGA),2002,3,imports_gdp,2005,tgcn,31.5895698769828,
ZMB-fed(KEN+TZA+UGA),2002,3,imports_gdp,2005,persistence_scarcity,31.5895698769828,6.1932487912121985
ZMB-fed(KEN+TZA+UGA),2002,3,imports_gdp,2005,chronos_scarcity,31.5895698769828,5.05514447848595
ZMB-fed(KEN+TZA+UGA),2002,3,imports_gdp,2005,gnn_scarcity,31.5895698769828,2.4868461386422
ZMB-fed(KEN+TZA+UGA),2002,5,imports_gdp,2007,persistence,32.1802654858934,5.602553182301598
ZMB-fed(KEN+TZA+UGA),2002,5,imports_gdp,2007,arima,32.1802654858934,5.382289489042101
ZMB-fed(KEN+TZA+UGA),2002,5,imports_gdp,2007,chronos,32.1802654858934,5.736833513130037
ZMB-fed(KEN+TZA+UGA),2002,5,imports_gdp,2007,xgb_blind,32.1802654858934,5.508073747505037
ZMB-fed(KEN+TZA+UGA),2002,5,imports_gdp,2007,xgb_lag,32.1802654858934,5.382289489042101
ZMB-fed(KEN+TZA+UGA),2002,5,imports_gdp,2007,xgb_typed,32.1802654858934,5.382289489042101
ZMB-fed(KEN+TZA+UGA),2002,5,imports_gdp,2007,lgbm_blind,32.1802654858934,3.1619586352003495
ZMB-fed(KEN+TZA+UGA),2002,5,imports_gdp,2007,lgbm_lag,32.1802654858934,5.382289489042101
ZMB-fed(KEN+TZA+UGA),2002,5,imports_gdp,2007,lgbm_typed,32.1802654858934,5.382289489042101
ZMB-fed(KEN+TZA+UGA),2002,5,imports_gdp,2007,tft,32.1802654858934,5.917104661811678
ZMB-fed(KEN+TZA+UGA),2002,5,imports_gdp,2007,tgcn,32.1802654858934,
ZMB-fed(KEN+TZA+UGA),2002,5,imports_gdp,2007,persistence_scarcity,32.1802654858934,5.602553182301598
ZMB-fed(KEN+TZA+UGA),2002,5,imports_gdp,2007,chronos_scarcity,32.1802654858934,5.736833513130037
ZMB-fed(KEN+TZA+UGA),2002,5,imports_gdp,2007,gnn_scarcity,32.1802654858934,2.1493243578565995
ZMB-fed(KEN+TZA+UGA),2002,1,current_account,2003,persistence,-13.5299667044381,2.2842441403621
ZMB-fed(KEN+TZA+UGA),2002,1,current_account,2003,arima,-13.5299667044381,3.517370188666769
ZMB-fed(KEN+TZA+UGA),2002,1,current_account,2003,chronos,-13.5299667044381,2.1168419198294774
ZMB-fed(KEN+TZA+UGA),2002,1,current_account,2003,xgb_blind,-13.5299667044381,5.0083824471732274
ZMB-fed(KEN+TZA+UGA),2002,1,current_account,2003,xgb_lag,-13.5299667044381,3.517370188666769
ZMB-fed(KEN+TZA+UGA),2002,1,current_account,2003,xgb_typed,-13.5299667044381,3.517370188666769
ZMB-fed(KEN+TZA+UGA),2002,1,current_account,2003,lgbm_blind,-13.5299667044381,2.0104953372378844
ZMB-fed(KEN+TZA+UGA),2002,1,current_account,2003,lgbm_lag,-13.5299667044381,3.517370188666769
ZMB-fed(KEN+TZA+UGA),2002,1,current_account,2003,lgbm_typed,-13.5299667044381,3.517370188666769
ZMB-fed(KEN+TZA+UGA),2002,1,current_account,2003,tft,-13.5299667044381,2.377857811858286
ZMB-fed(KEN+TZA+UGA),2002,1,current_account,2003,tgcn,-13.5299667044381,
ZMB-fed(KEN+TZA+UGA),2002,1,current_account,2003,persistence_scarcity,-13.5299667044381,2.2842441403621
ZMB-fed(KEN+TZA+UGA),2002,1,current_account,2003,chronos_scarcity,-13.5299667044381,2.1168419198294774
ZMB-fed(KEN+TZA+UGA),2002,1,current_account,2003,gnn_scarcity,-13.5299667044381,0.5012801810006007
ZMB-fed(KEN+TZA+UGA),2002,3,current_account,2005,persistence,-2.78498414861087,13.02922669618933
ZMB-fed(KEN+TZA+UGA),2002,3,current_account,2005,arima,-2.78498414861087,13.959114748372851
ZMB-fed(KEN+TZA+UGA),2002,3,current_account,2005,chronos,-2.78498414861087,12.553299390207489
ZMB-fed(KEN+TZA+UGA),2002,3,current_account,2005,xgb_blind,-2.78498414861087,15.09200330866452
ZMB-fed(KEN+TZA+UGA),2002,3,current_account,2005,xgb_lag,-2.78498414861087,13.959114748372851
ZMB-fed(KEN+TZA+UGA),2002,3,current_account,2005,xgb_typed,-2.78498414861087,13.959114748372851
ZMB-fed(KEN+TZA+UGA),2002,3,current_account,2005,lgbm_blind,-2.78498414861087,9.22779513491269
ZMB-fed(KEN+TZA+UGA),2002,3,current_account,2005,lgbm_lag,-2.78498414861087,13.959114748372851
ZMB-fed(KEN+TZA+UGA),2002,3,current_account,2005,lgbm_typed,-2.78498414861087,13.959114748372851
ZMB-fed(KEN+TZA+UGA),2002,3,current_account,2005,tft,-2.78498414861087,12.178373776804168
ZMB-fed(KEN+TZA+UGA),2002,3,current_account,2005,tgcn,-2.78498414861087,
ZMB-fed(KEN+TZA+UGA),2002,3,current_account,2005,persistence_scarcity,-2.78498414861087,13.02922669618933
ZMB-fed(KEN+TZA+UGA),2002,3,current_account,2005,chronos_scarcity,-2.78498414861087,12.553299390207489
ZMB-fed(KEN+TZA+UGA),2002,3,current_account,2005,gnn_scarcity,-2.78498414861087,10.474026166330535
ZMB-fed(KEN+TZA+UGA),2002,5,current_account,2007,persistence,-1.23802039926344,14.57619044553676
ZMB-fed(KEN+TZA+UGA),2002,5,current_account,2007,arima,-1.23802039926344,15.40963567706455
ZMB-fed(KEN+TZA+UGA),2002,5,current_account,2007,chronos,-1.23802039926344,12.33724357778734
ZMB-fed(KEN+TZA+UGA),2002,5,current_account,2007,xgb_blind,-1.23802039926344,16.118829271146716
ZMB-fed(KEN+TZA+UGA),2002,5,current_account,2007,xgb_lag,-1.23802039926344,15.40963567706455
ZMB-fed(KEN+TZA+UGA),2002,5,current_account,2007,xgb_typed,-1.23802039926344,15.40963567706455
ZMB-fed(KEN+TZA+UGA),2002,5,current_account,2007,lgbm_blind,-1.23802039926344,11.514720758745135
ZMB-fed(KEN+TZA+UGA),2002,5,current_account,2007,lgbm_lag,-1.23802039926344,15.40963567706455
ZMB-fed(KEN+TZA+UGA),2002,5,current_account,2007,lgbm_typed,-1.23802039926344,15.40963567706455
ZMB-fed(KEN+TZA+UGA),2002,5,current_account,2007,tft,-1.23802039926344,13.737872621366442
ZMB-fed(KEN+TZA+UGA),2002,5,current_account,2007,tgcn,-1.23802039926344,
ZMB-fed(KEN+TZA+UGA),2002,5,current_account,2007,persistence_scarcity,-1.23802039926344,14.57619044553676
ZMB-fed(KEN+TZA+UGA),2002,5,current_account,2007,chronos_scarcity,-1.23802039926344,12.33724357778734
ZMB-fed(KEN+TZA+UGA),2002,5,current_account,2007,gnn_scarcity,-1.23802039926344,11.527938386747302
ZMB-fed(KEN+TZA+UGA),2002,1,real_interest_rate,2003,persistence,19.5253414742067,2.090282807401998
ZMB-fed(KEN+TZA+UGA),2002,1,real_interest_rate,2003,arima,19.5253414742067,1.2677719257892441
ZMB-fed(KEN+TZA+UGA),2002,1,real_interest_rate,2003,chronos,19.5253414742067,0.6414112679078734
ZMB-fed(KEN+TZA+UGA),2002,1,real_interest_rate,2003,xgb_blind,19.5253414742067,1.276196993200525
ZMB-fed(KEN+TZA+UGA),2002,1,real_interest_rate,2003,xgb_lag,19.5253414742067,1.2677719257892441
ZMB-fed(KEN+TZA+UGA),2002,1,real_interest_rate,2003,xgb_typed,19.5253414742067,1.2677719257892441
ZMB-fed(KEN+TZA+UGA),2002,1,real_interest_rate,2003,lgbm_blind,19.5253414742067,16.085890177082476
ZMB-fed(KEN+TZA+UGA),2002,1,real_interest_rate,2003,lgbm_lag,19.5253414742067,1.2677719257892441
ZMB-fed(KEN+TZA+UGA),2002,1,real_interest_rate,2003,lgbm_typed,19.5253414742067,1.2677719257892441
ZMB-fed(KEN+TZA+UGA),2002,1,real_interest_rate,2003,tft,19.5253414742067,6.138856447546228
ZMB-fed(KEN+TZA+UGA),2002,1,real_interest_rate,2003,tgcn,19.5253414742067,
ZMB-fed(KEN+TZA+UGA),2002,1,real_interest_rate,2003,persistence_scarcity,19.5253414742067,2.090282807401998
ZMB-fed(KEN+TZA+UGA),2002,1,real_interest_rate,2003,chronos_scarcity,19.5253414742067,0.6414112679078734
ZMB-fed(KEN+TZA+UGA),2002,1,real_interest_rate,2003,gnn_scarcity,19.5253414742067,23.8755030266359
ZMB-fed(KEN+TZA+UGA),2002,3,real_interest_rate,2005,persistence,9.90908518429273,11.70653909731597
ZMB-fed(KEN+TZA+UGA),2002,3,real_interest_rate,2005,arima,9.90908518429273,10.99820854098809
ZMB-fed(KEN+TZA+UGA),2002,3,real_interest_rate,2005,chronos,9.90908518429273,7.3024607599211375
ZMB-fed(KEN+TZA+UGA),2002,3,real_interest_rate,2005,xgb_blind,9.90908518429273,1.0095395147370656
ZMB-fed(KEN+TZA+UGA),2002,3,real_interest_rate,2005,xgb_lag,9.90908518429273,10.99820854098809
ZMB-fed(KEN+TZA+UGA),2002,3,real_interest_rate,2005,xgb_typed,9.90908518429273,10.99820854098809
ZMB-fed(KEN+TZA+UGA),2002,3,real_interest_rate,2005,lgbm_blind,9.90908518429273,0.9746698320341753
ZMB-fed(KEN+TZA+UGA),2002,3,real_interest_rate,2005,lgbm_lag,9.90908518429273,10.99820854098809
ZMB-fed(KEN+TZA+UGA),2002,3,real_interest_rate,2005,lgbm_typed,9.90908518429273,10.99820854098809
ZMB-fed(KEN+TZA+UGA),2002,3,real_interest_rate,2005,tft,9.90908518429273,21.223979085726803
ZMB-fed(KEN+TZA+UGA),2002,3,real_interest_rate,2005,tgcn,9.90908518429273,
ZMB-fed(KEN+TZA+UGA),2002,3,real_interest_rate,2005,persistence_scarcity,9.90908518429273,11.70653909731597
ZMB-fed(KEN+TZA+UGA),2002,3,real_interest_rate,2005,chronos_scarcity,9.90908518429273,7.3024607599211375
ZMB-fed(KEN+TZA+UGA),2002,3,real_interest_rate,2005,gnn_scarcity,9.90908518429273,15.375051885800298
ZMB-fed(KEN+TZA+UGA),2002,5,real_interest_rate,2007,persistence,5.24087063421901,16.37475364738969
ZMB-fed(KEN+TZA+UGA),2002,5,real_interest_rate,2007,arima,5.24087063421901,15.669590791659765
ZMB-fed(KEN+TZA+UGA),2002,5,real_interest_rate,2007,chronos,5.24087063421901,9.531789621213118
ZMB-fed(KEN+TZA+UGA),2002,5,real_interest_rate,2007,xgb_blind,5.24087063421901,4.491687616208236
ZMB-fed(KEN+TZA+UGA),2002,5,real_interest_rate,2007,xgb_lag,5.24087063421901,15.669590791659765
ZMB-fed(KEN+TZA+UGA),2002,5,real_interest_rate,2007,xgb_typed,5.24087063421901,15.669590791659765
ZMB-fed(KEN+TZA+UGA),2002,5,real_interest_rate,2007,lgbm_blind,5.24087063421901,10.625128110745589
ZMB-fed(KEN+TZA+UGA),2002,5,real_interest_rate,2007,lgbm_lag,5.24087063421901,15.669590791659765
ZMB-fed(KEN+TZA+UGA),2002,5,real_interest_rate,2007,lgbm_typed,5.24087063421901,15.669590791659765
ZMB-fed(KEN+TZA+UGA),2002,5,real_interest_rate,2007,tft,5.24087063421901,26.95425876031224
ZMB-fed(KEN+TZA+UGA),2002,5,real_interest_rate,2007,tgcn,5.24087063421901,
ZMB-fed(KEN+TZA+UGA),2002,5,real_interest_rate,2007,persistence_scarcity,5.24087063421901,16.37475364738969
ZMB-fed(KEN+TZA+UGA),2002,5,real_interest_rate,2007,chronos_scarcity,5.24087063421901,9.531789621213118
ZMB-fed(KEN+TZA+UGA),2002,5,real_interest_rate,2007,gnn_scarcity,5.24087063421901,8.318241277834733
ZMB-fed(KEN+TZA+UGA),2002,1,broad_money,2003,persistence,18.2306925769917,0.11639798647710009
ZMB-fed(KEN+TZA+UGA),2002,1,broad_money,2003,arima,18.2306925769917,0.06424310753603635
ZMB-fed(KEN+TZA+UGA),2002,1,broad_money,2003,chronos,18.2306925769917,0.16730623282275303
ZMB-fed(KEN+TZA+UGA),2002,1,broad_money,2003,xgb_blind,18.2306925769917,0.6206862445942392
ZMB-fed(KEN+TZA+UGA),2002,1,broad_money,2003,xgb_lag,18.2306925769917,0.06424310753603635
ZMB-fed(KEN+TZA+UGA),2002,1,broad_money,2003,xgb_typed,18.2306925769917,0.06424310753603635
ZMB-fed(KEN+TZA+UGA),2002,1,broad_money,2003,lgbm_blind,18.2306925769917,0.6307893908293885
ZMB-fed(KEN+TZA+UGA),2002,1,broad_money,2003,lgbm_lag,18.2306925769917,0.06424310753603635
ZMB-fed(KEN+TZA+UGA),2002,1,broad_money,2003,lgbm_typed,18.2306925769917,0.06424310753603635
ZMB-fed(KEN+TZA+UGA),2002,1,broad_money,2003,tft,18.2306925769917,1.2308056835063468
ZMB-fed(KEN+TZA+UGA),2002,1,broad_money,2003,tgcn,18.2306925769917,
ZMB-fed(KEN+TZA+UGA),2002,1,broad_money,2003,persistence_scarcity,18.2306925769917,0.11639798647710009
ZMB-fed(KEN+TZA+UGA),2002,1,broad_money,2003,chronos_scarcity,18.2306925769917,0.16730623282275303
ZMB-fed(KEN+TZA+UGA),2002,1,broad_money,2003,gnn_scarcity,18.2306925769917,0.9903513904682626
ZMB-fed(KEN+TZA+UGA),2002,3,broad_money,2005,persistence,15.4971016315143,2.849988931954501
ZMB-fed(KEN+TZA+UGA),2002,3,broad_money,2005,arima,15.4971016315143,2.802829375737952
ZMB-fed(KEN+TZA+UGA),2002,3,broad_money,2005,chronos,15.4971016315143,3.229437980302107
ZMB-fed(KEN+TZA+UGA),2002,3,broad_money,2005,xgb_blind,15.4971016315143,5.620448264725935
ZMB-fed(KEN+TZA+UGA),2002,3,broad_money,2005,xgb_lag,15.4971016315143,2.802829375737952
ZMB-fed(KEN+TZA+UGA),2002,3,broad_money,2005,xgb_typed,15.4971016315143,2.802829375737952
ZMB-fed(KEN+TZA+UGA),2002,3,broad_money,2005,lgbm_blind,15.4971016315143,1.1507702442486387
ZMB-fed(KEN+TZA+UGA),2002,3,broad_money,2005,lgbm_lag,15.4971016315143,2.802829375737952
ZMB-fed(KEN+TZA+UGA),2002,3,broad_money,2005,lgbm_typed,15.4971016315143,2.802829375737952
ZMB-fed(KEN+TZA+UGA),2002,3,broad_money,2005,tft,15.4971016315143,5.365882072098982
ZMB-fed(KEN+TZA+UGA),2002,3,broad_money,2005,tgcn,15.4971016315143,
ZMB-fed(KEN+TZA+UGA),2002,3,broad_money,2005,persistence_scarcity,15.4971016315143,2.849988931954501
ZMB-fed(KEN+TZA+UGA),2002,3,broad_money,2005,chronos_scarcity,15.4971016315143,3.229437980302107
ZMB-fed(KEN+TZA+UGA),2002,3,broad_money,2005,gnn_scarcity,15.4971016315143,1.5863353344280835
ZMB-fed(KEN+TZA+UGA),2002,5,broad_money,2007,persistence,18.483666323897,0.13657576042820097
ZMB-fed(KEN+TZA+UGA),2002,5,broad_money,2007,arima,18.483666323897,0.18367781507669179
ZMB-fed(KEN+TZA+UGA),2002,5,broad_money,2007,chronos,18.483666323897,0.9656535155805379
ZMB-fed(KEN+TZA+UGA),2002,5,broad_money,2007,xgb_blind,18.483666323897,1.1975794799360067
ZMB-fed(KEN+TZA+UGA),2002,5,broad_money,2007,xgb_lag,18.483666323897,0.18367781507669179
ZMB-fed(KEN+TZA+UGA),2002,5,broad_money,2007,xgb_typed,18.483666323897,0.18367781507669179
ZMB-fed(KEN+TZA+UGA),2002,5,broad_money,2007,lgbm_blind,18.483666323897,1.1282123558489054
ZMB-fed(KEN+TZA+UGA),2002,5,broad_money,2007,lgbm_lag,18.483666323897,0.18367781507669179
ZMB-fed(KEN+TZA+UGA),2002,5,broad_money,2007,lgbm_typed,18.483666323897,0.18367781507669179
ZMB-fed(KEN+TZA+UGA),2002,5,broad_money,2007,tft,18.483666323897,2.838831997636202
ZMB-fed(KEN+TZA+UGA),2002,5,broad_money,2007,tgcn,18.483666323897,
ZMB-fed(KEN+TZA+UGA),2002,5,broad_money,2007,persistence_scarcity,18.483666323897,0.13657576042820097
ZMB-fed(KEN+TZA+UGA),2002,5,broad_money,2007,chronos_scarcity,18.483666323897,0.9656535155805379
ZMB-fed(KEN+TZA+UGA),2002,5,broad_money,2007,gnn_scarcity,18.483666323897,1.0643433563677043
ZMB-fed(KEN+TZA+UGA),2002,1,private_credit,2003,persistence,13.6929591153621,0.0
ZMB-fed(KEN+TZA+UGA),2002,1,private_credit,2003,arima,13.6929591153621,0.0
ZMB-fed(KEN+TZA+UGA),2002,1,private_credit,2003,chronos,13.6929591153621,0.04015283331864339
ZMB-fed(KEN+TZA+UGA),2002,1,private_credit,2003,xgb_blind,13.6929591153621,2.835749910445884e-07
ZMB-fed(KEN+TZA+UGA),2002,1,private_credit,2003,xgb_lag,13.6929591153621,0.0
ZMB-fed(KEN+TZA+UGA),2002,1,private_credit,2003,xgb_typed,13.6929591153621,0.0
ZMB-fed(KEN+TZA+UGA),2002,1,private_credit,2003,lgbm_blind,13.6929591153621,2.835749910445884e-07
ZMB-fed(KEN+TZA+UGA),2002,1,private_credit,2003,lgbm_lag,13.6929591153621,0.0
ZMB-fed(KEN+TZA+UGA),2002,1,private_credit,2003,lgbm_typed,13.6929591153621,0.0
ZMB-fed(KEN+TZA+UGA),2002,1,private_credit,2003,tft,13.6929591153621,0.06346254096024495
ZMB-fed(KEN+TZA+UGA),2002,1,private_credit,2003,tgcn,13.6929591153621,
ZMB-fed(KEN+TZA+UGA),2002,1,private_credit,2003,persistence_scarcity,13.6929591153621,0.0
ZMB-fed(KEN+TZA+UGA),2002,1,private_credit,2003,chronos_scarcity,13.6929591153621,0.04015283331864339
ZMB-fed(KEN+TZA+UGA),2002,1,private_credit,2003,gnn_scarcity,13.6929591153621,1.6237736417679116e-06
ZMB-fed(KEN+TZA+UGA),2002,3,private_credit,2005,persistence,13.6929591153621,0.0
ZMB-fed(KEN+TZA+UGA),2002,3,private_credit,2005,arima,13.6929591153621,0.0
ZMB-fed(KEN+TZA+UGA),2002,3,private_credit,2005,chronos,13.6929591153621,0.04015283331864339
ZMB-fed(KEN+TZA+UGA),2002,3,private_credit,2005,xgb_blind,13.6929591153621,2.835749910445884e-07
ZMB-fed(KEN+TZA+UGA),2002,3,private_credit,2005,xgb_lag,13.6929591153621,0.0
ZMB-fed(KEN+TZA+UGA),2002,3,private_credit,2005,xgb_typed,13.6929591153621,0.0
ZMB-fed(KEN+TZA+UGA),2002,3,private_credit,2005,lgbm_blind,13.6929591153621,2.835749910445884e-07
ZMB-fed(KEN+TZA+UGA),2002,3,private_credit,2005,lgbm_lag,13.6929591153621,0.0
ZMB-fed(KEN+TZA+UGA),2002,3,private_credit,2005,lgbm_typed,13.6929591153621,0.0
ZMB-fed(KEN+TZA+UGA),2002,3,private_credit,2005,tft,13.6929591153621,0.08875016913407308
ZMB-fed(KEN+TZA+UGA),2002,3,private_credit,2005,tgcn,13.6929591153621,
ZMB-fed(KEN+TZA+UGA),2002,3,private_credit,2005,persistence_scarcity,13.6929591153621,0.0
ZMB-fed(KEN+TZA+UGA),2002,3,private_credit,2005,chronos_scarcity,13.6929591153621,0.04015283331864339
ZMB-fed(KEN+TZA+UGA),2002,3,private_credit,2005,gnn_scarcity,13.6929591153621,1.6237736417679116e-06
ZMB-fed(KEN+TZA+UGA),2002,5,private_credit,2007,persistence,13.6929591153621,0.0
ZMB-fed(KEN+TZA+UGA),2002,5,private_credit,2007,arima,13.6929591153621,0.0
ZMB-fed(KEN+TZA+UGA),2002,5,private_credit,2007,chronos,13.6929591153621,0.04015283331864339
ZMB-fed(KEN+TZA+UGA),2002,5,private_credit,2007,xgb_blind,13.6929591153621,2.835749910445884e-07
ZMB-fed(KEN+TZA+UGA),2002,5,private_credit,2007,xgb_lag,13.6929591153621,0.0
ZMB-fed(KEN+TZA+UGA),2002,5,private_credit,2007,xgb_typed,13.6929591153621,0.0
ZMB-fed(KEN+TZA+UGA),2002,5,private_credit,2007,lgbm_blind,13.6929591153621,2.835749910445884e-07
ZMB-fed(KEN+TZA+UGA),2002,5,private_credit,2007,lgbm_lag,13.6929591153621,0.0
ZMB-fed(KEN+TZA+UGA),2002,5,private_credit,2007,lgbm_typed,13.6929591153621,0.0
ZMB-fed(KEN+TZA+UGA),2002,5,private_credit,2007,tft,13.6929591153621,0.08601312384598714
ZMB-fed(KEN+TZA+UGA),2002,5,private_credit,2007,tgcn,13.6929591153621,
ZMB-fed(KEN+TZA+UGA),2002,5,private_credit,2007,persistence_scarcity,13.6929591153621,0.0
ZMB-fed(KEN+TZA+UGA),2002,5,private_credit,2007,chronos_scarcity,13.6929591153621,0.04015283331864339
ZMB-fed(KEN+TZA+UGA),2002,5,private_credit,2007,gnn_scarcity,13.6929591153621,1.6237736417679116e-06
ZMB-fed(KEN+TZA+UGA),2002,1,govt_consumption,2003,persistence,8.65362421922944,0.0
ZMB-fed(KEN+TZA+UGA),2002,1,govt_consumption,2003,arima,8.65362421922944,0.0
ZMB-fed(KEN+TZA+UGA),2002,1,govt_consumption,2003,chronos,8.65362421922944,0.025376958182077303
ZMB-fed(KEN+TZA+UGA),2002,1,govt_consumption,2003,xgb_blind,8.65362421922944,3.153774930098052e-07
ZMB-fed(KEN+TZA+UGA),2002,1,govt_consumption,2003,xgb_lag,8.65362421922944,0.0
ZMB-fed(KEN+TZA+UGA),2002,1,govt_consumption,2003,xgb_typed,8.65362421922944,0.0
ZMB-fed(KEN+TZA+UGA),2002,1,govt_consumption,2003,lgbm_blind,8.65362421922944,3.153774930098052e-07
ZMB-fed(KEN+TZA+UGA),2002,1,govt_consumption,2003,lgbm_lag,8.65362421922944,0.0
ZMB-fed(KEN+TZA+UGA),2002,1,govt_consumption,2003,lgbm_typed,8.65362421922944,0.0
ZMB-fed(KEN+TZA+UGA),2002,1,govt_consumption,2003,tft,8.65362421922944,0.0634619420077609
ZMB-fed(KEN+TZA+UGA),2002,1,govt_consumption,2003,tgcn,8.65362421922944,
ZMB-fed(KEN+TZA+UGA),2002,1,govt_consumption,2003,persistence_scarcity,8.65362421922944,0.0
ZMB-fed(KEN+TZA+UGA),2002,1,govt_consumption,2003,chronos_scarcity,8.65362421922944,0.025376958182077303
ZMB-fed(KEN+TZA+UGA),2002,1,govt_consumption,2003,gnn_scarcity,8.65362421922944,3.153774930098052e-07
ZMB-fed(KEN+TZA+UGA),2002,3,govt_consumption,2005,persistence,8.65362421922944,0.0
ZMB-fed(KEN+TZA+UGA),2002,3,govt_consumption,2005,arima,8.65362421922944,0.0
ZMB-fed(KEN+TZA+UGA),2002,3,govt_consumption,2005,chronos,8.65362421922944,0.025376958182077303
ZMB-fed(KEN+TZA+UGA),2002,3,govt_consumption,2005,xgb_blind,8.65362421922944,3.153774930098052e-07
ZMB-fed(KEN+TZA+UGA),2002,3,govt_consumption,2005,xgb_lag,8.65362421922944,0.0
ZMB-fed(KEN+TZA+UGA),2002,3,govt_consumption,2005,xgb_typed,8.65362421922944,0.0
ZMB-fed(KEN+TZA+UGA),2002,3,govt_consumption,2005,lgbm_blind,8.65362421922944,3.153774930098052e-07
ZMB-fed(KEN+TZA+UGA),2002,3,govt_consumption,2005,lgbm_lag,8.65362421922944,0.0
ZMB-fed(KEN+TZA+UGA),2002,3,govt_consumption,2005,lgbm_typed,8.65362421922944,0.0
ZMB-fed(KEN+TZA+UGA),2002,3,govt_consumption,2005,tft,8.65362421922944,0.08874957018158902
ZMB-fed(KEN+TZA+UGA),2002,3,govt_consumption,2005,tgcn,8.65362421922944,
ZMB-fed(KEN+TZA+UGA),2002,3,govt_consumption,2005,persistence_scarcity,8.65362421922944,0.0
ZMB-fed(KEN+TZA+UGA),2002,3,govt_consumption,2005,chronos_scarcity,8.65362421922944,0.025376958182077303
ZMB-fed(KEN+TZA+UGA),2002,3,govt_consumption,2005,gnn_scarcity,8.65362421922944,3.153774930098052e-07
ZMB-fed(KEN+TZA+UGA),2002,5,govt_consumption,2007,persistence,8.65362421922944,0.0
ZMB-fed(KEN+TZA+UGA),2002,5,govt_consumption,2007,arima,8.65362421922944,0.0
ZMB-fed(KEN+TZA+UGA),2002,5,govt_consumption,2007,chronos,8.65362421922944,0.025376958182077303
ZMB-fed(KEN+TZA+UGA),2002,5,govt_consumption,2007,xgb_blind,8.65362421922944,3.153774930098052e-07
ZMB-fed(KEN+TZA+UGA),2002,5,govt_consumption,2007,xgb_lag,8.65362421922944,0.0
ZMB-fed(KEN+TZA+UGA),2002,5,govt_consumption,2007,xgb_typed,8.65362421922944,0.0
ZMB-fed(KEN+TZA+UGA),2002,5,govt_consumption,2007,lgbm_blind,8.65362421922944,3.153774930098052e-07
ZMB-fed(KEN+TZA+UGA),2002,5,govt_consumption,2007,lgbm_lag,8.65362421922944,0.0
ZMB-fed(KEN+TZA+UGA),2002,5,govt_consumption,2007,lgbm_typed,8.65362421922944,0.0
ZMB-fed(KEN+TZA+UGA),2002,5,govt_consumption,2007,tft,8.65362421922944,0.08601252489350308
ZMB-fed(KEN+TZA+UGA),2002,5,govt_consumption,2007,tgcn,8.65362421922944,
ZMB-fed(KEN+TZA+UGA),2002,5,govt_consumption,2007,persistence_scarcity,8.65362421922944,0.0
ZMB-fed(KEN+TZA+UGA),2002,5,govt_consumption,2007,chronos_scarcity,8.65362421922944,0.025376958182077303
ZMB-fed(KEN+TZA+UGA),2002,5,govt_consumption,2007,gnn_scarcity,8.65362421922944,3.153774930098052e-07
ZMB-fed(KEN+TZA+UGA),2003,1,gdp_growth,2004,persistence,7.03239511515218,0.08742113293995057
ZMB-fed(KEN+TZA+UGA),2003,1,gdp_growth,2004,arima,7.03239511515218,1.4855413077136967
ZMB-fed(KEN+TZA+UGA),2003,1,gdp_growth,2004,chronos,7.03239511515218,1.8285119440706374
ZMB-fed(KEN+TZA+UGA),2003,1,gdp_growth,2004,xgb_blind,7.03239511515218,1.0442783739717605
ZMB-fed(KEN+TZA+UGA),2003,1,gdp_growth,2004,xgb_lag,7.03239511515218,1.4855413077136967
ZMB-fed(KEN+TZA+UGA),2003,1,gdp_growth,2004,xgb_typed,7.03239511515218,1.4855413077136967
ZMB-fed(KEN+TZA+UGA),2003,1,gdp_growth,2004,lgbm_blind,7.03239511515218,4.396654890307046
ZMB-fed(KEN+TZA+UGA),2003,1,gdp_growth,2004,lgbm_lag,7.03239511515218,1.4855413077136967
ZMB-fed(KEN+TZA+UGA),2003,1,gdp_growth,2004,lgbm_typed,7.03239511515218,1.4855413077136967
ZMB-fed(KEN+TZA+UGA),2003,1,gdp_growth,2004,tft,7.03239511515218,2.248778590902507
ZMB-fed(KEN+TZA+UGA),2003,1,gdp_growth,2004,tgcn,7.03239511515218,
ZMB-fed(KEN+TZA+UGA),2003,1,gdp_growth,2004,persistence_scarcity,7.03239511515218,0.08742113293995057
ZMB-fed(KEN+TZA+UGA),2003,1,gdp_growth,2004,chronos_scarcity,7.03239511515218,1.8285119440706374
ZMB-fed(KEN+TZA+UGA),2003,1,gdp_growth,2004,gnn_scarcity,7.03239511515218,5.462704649225056
ZMB-fed(KEN+TZA+UGA),2003,3,gdp_growth,2006,persistence,7.90369444480079,0.9587204625885599
ZMB-fed(KEN+TZA+UGA),2003,3,gdp_growth,2006,arima,7.90369444480079,2.0148111633131034
ZMB-fed(KEN+TZA+UGA),2003,3,gdp_growth,2006,chronos,7.90369444480079,2.9799058972849206
ZMB-fed(KEN+TZA+UGA),2003,3,gdp_growth,2006,xgb_blind,7.90369444480079,3.691898161078866
ZMB-fed(KEN+TZA+UGA),2003,3,gdp_growth,2006,xgb_lag,7.90369444480079,2.0148111633131034
ZMB-fed(KEN+TZA+UGA),2003,3,gdp_growth,2006,xgb_typed,7.90369444480079,2.0148111633131034
ZMB-fed(KEN+TZA+UGA),2003,3,gdp_growth,2006,lgbm_blind,7.90369444480079,4.628087305928643
ZMB-fed(KEN+TZA+UGA),2003,3,gdp_growth,2006,lgbm_lag,7.90369444480079,2.0148111633131034
ZMB-fed(KEN+TZA+UGA),2003,3,gdp_growth,2006,lgbm_typed,7.90369444480079,2.0148111633131034
ZMB-fed(KEN+TZA+UGA),2003,3,gdp_growth,2006,tft,7.90369444480079,1.8180767954335852
ZMB-fed(KEN+TZA+UGA),2003,3,gdp_growth,2006,tgcn,7.90369444480079,
ZMB-fed(KEN+TZA+UGA),2003,3,gdp_growth,2006,persistence_scarcity,7.90369444480079,0.9587204625885599
ZMB-fed(KEN+TZA+UGA),2003,3,gdp_growth,2006,chronos_scarcity,7.90369444480079,2.9799058972849206
ZMB-fed(KEN+TZA+UGA),2003,3,gdp_growth,2006,gnn_scarcity,7.90369444480079,4.903694921637948
ZMB-fed(KEN+TZA+UGA),2003,5,gdp_growth,2008,persistence,7.77389581542363,0.8289218332114006
ZMB-fed(KEN+TZA+UGA),2003,5,gdp_growth,2008,arima,7.77389581542363,1.7726184923271306
ZMB-fed(KEN+TZA+UGA),2003,5,gdp_growth,2008,chronos,7.77389581542363,3.439783648065232
ZMB-fed(KEN+TZA+UGA),2003,5,gdp_growth,2008,xgb_blind,7.77389581542363,3.151237562707566
ZMB-fed(KEN+TZA+UGA),2003,5,gdp_growth,2008,xgb_lag,7.77389581542363,1.7726184923271306
ZMB-fed(KEN+TZA+UGA),2003,5,gdp_growth,2008,xgb_typed,7.77389581542363,1.7726184923271306
ZMB-fed(KEN+TZA+UGA),2003,5,gdp_growth,2008,lgbm_blind,7.77389581542363,3.5672462636346642
ZMB-fed(KEN+TZA+UGA),2003,5,gdp_growth,2008,lgbm_lag,7.77389581542363,1.7726184923271306
ZMB-fed(KEN+TZA+UGA),2003,5,gdp_growth,2008,lgbm_typed,7.77389581542363,1.7726184923271306
ZMB-fed(KEN+TZA+UGA),2003,5,gdp_growth,2008,tft,7.77389581542363,1.9416689123595727
ZMB-fed(KEN+TZA+UGA),2003,5,gdp_growth,2008,tgcn,7.77389581542363,
ZMB-fed(KEN+TZA+UGA),2003,5,gdp_growth,2008,persistence_scarcity,7.77389581542363,0.8289218332114006
ZMB-fed(KEN+TZA+UGA),2003,5,gdp_growth,2008,chronos_scarcity,7.77389581542363,3.439783648065232
ZMB-fed(KEN+TZA+UGA),2003,5,gdp_growth,2008,gnn_scarcity,7.77389581542363,5.973460033944749
ZMB-fed(KEN+TZA+UGA),2003,1,inflation_cpi,2004,persistence,17.9677891087286,3.433789281470901
ZMB-fed(KEN+TZA+UGA),2003,1,inflation_cpi,2004,arima,17.9677891087286,3.416213505099403
ZMB-fed(KEN+TZA+UGA),2003,1,inflation_cpi,2004,chronos,17.9677891087286,4.143708770299721
ZMB-fed(KEN+TZA+UGA),2003,1,inflation_cpi,2004,xgb_blind,17.9677891087286,12.068177764440346
ZMB-fed(KEN+TZA+UGA),2003,1,inflation_cpi,2004,xgb_lag,17.9677891087286,3.416213505099403
ZMB-fed(KEN+TZA+UGA),2003,1,inflation_cpi,2004,xgb_typed,17.9677891087286,3.416213505099403
ZMB-fed(KEN+TZA+UGA),2003,1,inflation_cpi,2004,lgbm_blind,17.9677891087286,39.415972223856656
ZMB-fed(KEN+TZA+UGA),2003,1,inflation_cpi,2004,lgbm_lag,17.9677891087286,3.416213505099403
ZMB-fed(KEN+TZA+UGA),2003,1,inflation_cpi,2004,lgbm_typed,17.9677891087286,3.416213505099403
ZMB-fed(KEN+TZA+UGA),2003,1,inflation_cpi,2004,tft,17.9677891087286,3.48397213699894
ZMB-fed(KEN+TZA+UGA),2003,1,inflation_cpi,2004,tgcn,17.9677891087286,
ZMB-fed(KEN+TZA+UGA),2003,1,inflation_cpi,2004,persistence_scarcity,17.9677891087286,3.433789281470901
ZMB-fed(KEN+TZA+UGA),2003,1,inflation_cpi,2004,chronos_scarcity,17.9677891087286,4.143708770299721
ZMB-fed(KEN+TZA+UGA),2003,1,inflation_cpi,2004,gnn_scarcity,17.9677891087286,32.00219685318547
ZMB-fed(KEN+TZA+UGA),2003,3,inflation_cpi,2006,persistence,9.01957247226486,12.38200591793464
ZMB-fed(KEN+TZA+UGA),2003,3,inflation_cpi,2006,arima,9.01957247226486,12.364050905997265
ZMB-fed(KEN+TZA+UGA),2003,3,inflation_cpi,2006,chronos,9.01957247226486,15.102074408838655
ZMB-fed(KEN+TZA+UGA),2003,3,inflation_cpi,2006,xgb_blind,9.01957247226486,94.1541717293953
ZMB-fed(KEN+TZA+UGA),2003,3,inflation_cpi,2006,xgb_lag,9.01957247226486,12.364050905997265
ZMB-fed(KEN+TZA+UGA),2003,3,inflation_cpi,2006,xgb_typed,9.01957247226486,12.364050905997265
ZMB-fed(KEN+TZA+UGA),2003,3,inflation_cpi,2006,lgbm_blind,9.01957247226486,34.856795096704865
ZMB-fed(KEN+TZA+UGA),2003,3,inflation_cpi,2006,lgbm_lag,9.01957247226486,12.364050905997265
ZMB-fed(KEN+TZA+UGA),2003,3,inflation_cpi,2006,lgbm_typed,9.01957247226486,12.364050905997265
ZMB-fed(KEN+TZA+UGA),2003,3,inflation_cpi,2006,tft,9.01957247226486,12.431381964991
ZMB-fed(KEN+TZA+UGA),2003,3,inflation_cpi,2006,tgcn,9.01957247226486,
ZMB-fed(KEN+TZA+UGA),2003,3,inflation_cpi,2006,persistence_scarcity,9.01957247226486,12.38200591793464
ZMB-fed(KEN+TZA+UGA),2003,3,inflation_cpi,2006,chronos_scarcity,9.01957247226486,15.102074408838655
ZMB-fed(KEN+TZA+UGA),2003,3,inflation_cpi,2006,gnn_scarcity,9.01957247226486,59.53599240810623
ZMB-fed(KEN+TZA+UGA),2003,5,inflation_cpi,2008,persistence,12.4455793463192,8.9559990438803
ZMB-fed(KEN+TZA+UGA),2003,5,inflation_cpi,2008,arima,12.4455793463192,8.938043862612304
ZMB-fed(KEN+TZA+UGA),2003,5,inflation_cpi,2008,chronos,12.4455793463192,14.802944365839004
ZMB-fed(KEN+TZA+UGA),2003,5,inflation_cpi,2008,xgb_blind,12.4455793463192,10.340812865594863
ZMB-fed(KEN+TZA+UGA),2003,5,inflation_cpi,2008,xgb_lag,12.4455793463192,8.938043862612304
ZMB-fed(KEN+TZA+UGA),2003,5,inflation_cpi,2008,xgb_typed,12.4455793463192,8.938043862612304
ZMB-fed(KEN+TZA+UGA),2003,5,inflation_cpi,2008,lgbm_blind,12.4455793463192,14.746273859043757
ZMB-fed(KEN+TZA+UGA),2003,5,inflation_cpi,2008,lgbm_lag,12.4455793463192,8.938043862612304
ZMB-fed(KEN+TZA+UGA),2003,5,inflation_cpi,2008,lgbm_typed,12.4455793463192,8.938043862612304
ZMB-fed(KEN+TZA+UGA),2003,5,inflation_cpi,2008,tft,12.4455793463192,9.003309432367324
ZMB-fed(KEN+TZA+UGA),2003,5,inflation_cpi,2008,tgcn,12.4455793463192,
ZMB-fed(KEN+TZA+UGA),2003,5,inflation_cpi,2008,persistence_scarcity,12.4455793463192,8.9559990438803
ZMB-fed(KEN+TZA+UGA),2003,5,inflation_cpi,2008,chronos_scarcity,12.4455793463192,14.802944365839004
ZMB-fed(KEN+TZA+UGA),2003,5,inflation_cpi,2008,gnn_scarcity,12.4455793463192,40.52273577819252
ZMB-fed(KEN+TZA+UGA),2003,1,unemployment,2004,persistence,15.332,0.6280000000000001
ZMB-fed(KEN+TZA+UGA),2003,1,unemployment,2004,arima,15.332,0.21607576279569862
ZMB-fed(KEN+TZA+UGA),2003,1,unemployment,2004,chronos,15.332,0.048451202392577386
ZMB-fed(KEN+TZA+UGA),2003,1,unemployment,2004,xgb_blind,15.332,0.7307045288085945
ZMB-fed(KEN+TZA+UGA),2003,1,unemployment,2004,xgb_lag,15.332,0.21607576279569862
ZMB-fed(KEN+TZA+UGA),2003,1,unemployment,2004,xgb_typed,15.332,0.21607576279569862
ZMB-fed(KEN+TZA+UGA),2003,1,unemployment,2004,lgbm_blind,15.332,0.2011539007333596
ZMB-fed(KEN+TZA+UGA),2003,1,unemployment,2004,lgbm_lag,15.332,0.21607576279569862
ZMB-fed(KEN+TZA+UGA),2003,1,unemployment,2004,lgbm_typed,15.332,0.21607576279569862
ZMB-fed(KEN+TZA+UGA),2003,1,unemployment,2004,tft,15.332,0.18156506347656176
ZMB-fed(KEN+TZA+UGA),2003,1,unemployment,2004,tgcn,15.332,
ZMB-fed(KEN+TZA+UGA),2003,1,unemployment,2004,persistence_scarcity,15.332,0.6280000000000001
ZMB-fed(KEN+TZA+UGA),2003,1,unemployment,2004,chronos_scarcity,15.332,0.048451202392577386
ZMB-fed(KEN+TZA+UGA),2003,1,unemployment,2004,gnn_scarcity,15.332,0.1268246002197273
ZMB-fed(KEN+TZA+UGA),2003,3,unemployment,2006,persistence,13.229,1.4750000000000014
ZMB-fed(KEN+TZA+UGA),2003,3,unemployment,2006,arima,13.229,2.3959365327606914
ZMB-fed(KEN+TZA+UGA),2003,3,unemployment,2006,chronos,13.229,4.1173878631591805
ZMB-fed(KEN+TZA+UGA),2003,3,unemployment,2006,xgb_blind,13.229,1.053651901245118
ZMB-fed(KEN+TZA+UGA),2003,3,unemployment,2006,xgb_lag,13.229,2.3959365327606914
ZMB-fed(KEN+TZA+UGA),2003,3,unemployment,2006,xgb_typed,13.229,2.3959365327606914
ZMB-fed(KEN+TZA+UGA),2003,3,unemployment,2006,lgbm_blind,13.229,1.6312727543223993
ZMB-fed(KEN+TZA+UGA),2003,3,unemployment,2006,lgbm_lag,13.229,2.3959365327606914
ZMB-fed(KEN+TZA+UGA),2003,3,unemployment,2006,lgbm_typed,13.229,2.3959365327606914
ZMB-fed(KEN+TZA+UGA),2003,3,unemployment,2006,tft,13.229,4.0961571655273445
ZMB-fed(KEN+TZA+UGA),2003,3,unemployment,2006,tgcn,13.229,
ZMB-fed(KEN+TZA+UGA),2003,3,unemployment,2006,persistence_scarcity,13.229,1.4750000000000014
ZMB-fed(KEN+TZA+UGA),2003,3,unemployment,2006,chronos_scarcity,13.229,4.1173878631591805
ZMB-fed(KEN+TZA+UGA),2003,3,unemployment,2006,gnn_scarcity,13.229,2.940208526611329
ZMB-fed(KEN+TZA+UGA),2003,5,unemployment,2008,persistence,7.93,6.774000000000001
ZMB-fed(KEN+TZA+UGA),2003,5,unemployment,2008,arima,7.93,7.95799586995704
ZMB-fed(KEN+TZA+UGA),2003,5,unemployment,2008,chronos,7.93,10.861913986206055
ZMB-fed(KEN+TZA+UGA),2003,5,unemployment,2008,xgb_blind,7.93,6.505715675354004
ZMB-fed(KEN+TZA+UGA),2003,5,unemployment,2008,xgb_lag,7.93,7.95799586995704
ZMB-fed(KEN+TZA+UGA),2003,5,unemployment,2008,xgb_typed,7.93,7.95799586995704
ZMB-fed(KEN+TZA+UGA),2003,5,unemployment,2008,lgbm_blind,7.93,5.967111150953505
ZMB-fed(KEN+TZA+UGA),2003,5,unemployment,2008,lgbm_lag,7.93,7.95799586995704
ZMB-fed(KEN+TZA+UGA),2003,5,unemployment,2008,lgbm_typed,7.93,7.95799586995704
ZMB-fed(KEN+TZA+UGA),2003,5,unemployment,2008,tft,7.93,9.475813217163086
ZMB-fed(KEN+TZA+UGA),2003,5,unemployment,2008,tgcn,7.93,
ZMB-fed(KEN+TZA+UGA),2003,5,unemployment,2008,persistence_scarcity,7.93,6.774000000000001
ZMB-fed(KEN+TZA+UGA),2003,5,unemployment,2008,chronos_scarcity,7.93,10.861913986206055
ZMB-fed(KEN+TZA+UGA),2003,5,unemployment,2008,gnn_scarcity,7.93,7.430698699951172
ZMB-fed(KEN+TZA+UGA),2003,1,exports_gdp,2004,persistence,33.5399822510719,7.856018220229199
ZMB-fed(KEN+TZA+UGA),2003,1,exports_gdp,2004,arima,33.5399822510719,8.034224087713852
ZMB-fed(KEN+TZA+UGA),2003,1,exports_gdp,2004,chronos,33.5399822510719,7.664856366062132
ZMB-fed(KEN+TZA+UGA),2003,1,exports_gdp,2004,xgb_blind,33.5399822510719,6.457872799777952
ZMB-fed(KEN+TZA+UGA),2003,1,exports_gdp,2004,xgb_lag,33.5399822510719,8.034224087713852
ZMB-fed(KEN+TZA+UGA),2003,1,exports_gdp,2004,xgb_typed,33.5399822510719,8.034224087713852
ZMB-fed(KEN+TZA+UGA),2003,1,exports_gdp,2004,lgbm_blind,33.5399822510719,4.920062694234083
ZMB-fed(KEN+TZA+UGA),2003,1,exports_gdp,2004,lgbm_lag,33.5399822510719,8.034224087713852
ZMB-fed(KEN+TZA+UGA),2003,1,exports_gdp,2004,lgbm_typed,33.5399822510719,8.034224087713852
ZMB-fed(KEN+TZA+UGA),2003,1,exports_gdp,2004,tft,33.5399822510719,7.504145077609984
ZMB-fed(KEN+TZA+UGA),2003,1,exports_gdp,2004,tgcn,33.5399822510719,
ZMB-fed(KEN+TZA+UGA),2003,1,exports_gdp,2004,persistence_scarcity,33.5399822510719,7.856018220229199
ZMB-fed(KEN+TZA+UGA),2003,1,exports_gdp,2004,chronos_scarcity,33.5399822510719,7.664856366062132
ZMB-fed(KEN+TZA+UGA),2003,1,exports_gdp,2004,gnn_scarcity,33.5399822510719,5.3576206482886946
ZMB-fed(KEN+TZA+UGA),2003,3,exports_gdp,2006,persistence,32.5929586871888,6.908994656346099
ZMB-fed(KEN+TZA+UGA),2003,3,exports_gdp,2006,arima,32.5929586871888,7.111799229510826
ZMB-fed(KEN+TZA+UGA),2003,3,exports_gdp,2006,chronos,32.5929586871888,4.596924064996415
ZMB-fed(KEN+TZA+UGA),2003,3,exports_gdp,2006,xgb_blind,32.5929586871888,6.106483696344071
ZMB-fed(KEN+TZA+UGA),2003,3,exports_gdp,2006,xgb_lag,32.5929586871888,7.111799229510826
ZMB-fed(KEN+TZA+UGA),2003,3,exports_gdp,2006,xgb_typed,32.5929586871888,7.111799229510826
ZMB-fed(KEN+TZA+UGA),2003,3,exports_gdp,2006,lgbm_blind,32.5929586871888,4.760398061245528
ZMB-fed(KEN+TZA+UGA),2003,3,exports_gdp,2006,lgbm_lag,32.5929586871888,7.111799229510826
ZMB-fed(KEN+TZA+UGA),2003,3,exports_gdp,2006,lgbm_typed,32.5929586871888,7.111799229510826
ZMB-fed(KEN+TZA+UGA),2003,3,exports_gdp,2006,tft,32.5929586871888,6.436666725518876
ZMB-fed(KEN+TZA+UGA),2003,3,exports_gdp,2006,tgcn,32.5929586871888,
ZMB-fed(KEN+TZA+UGA),2003,3,exports_gdp,2006,persistence_scarcity,32.5929586871888,6.908994656346099
ZMB-fed(KEN+TZA+UGA),2003,3,exports_gdp,2006,chronos_scarcity,32.5929586871888,4.596924064996415
ZMB-fed(KEN+TZA+UGA),2003,3,exports_gdp,2006,gnn_scarcity,32.5929586871888,3.1440069659973915
ZMB-fed(KEN+TZA+UGA),2003,5,exports_gdp,2008,persistence,28.9193597052566,3.235395674413901
ZMB-fed(KEN+TZA+UGA),2003,5,exports_gdp,2008,arima,28.9193597052566,3.438571946592628
ZMB-fed(KEN+TZA+UGA),2003,5,exports_gdp,2008,chronos,28.9193597052566,0.7112336371413654
ZMB-fed(KEN+TZA+UGA),2003,5,exports_gdp,2008,xgb_blind,28.9193597052566,2.4161267493239826
ZMB-fed(KEN+TZA+UGA),2003,5,exports_gdp,2008,xgb_lag,28.9193597052566,3.438571946592628
ZMB-fed(KEN+TZA+UGA),2003,5,exports_gdp,2008,xgb_typed,28.9193597052566,3.438571946592628
ZMB-fed(KEN+TZA+UGA),2003,5,exports_gdp,2008,lgbm_blind,28.9193597052566,2.2240953128276715
ZMB-fed(KEN+TZA+UGA),2003,5,exports_gdp,2008,lgbm_lag,28.9193597052566,3.438571946592628
ZMB-fed(KEN+TZA+UGA),2003,5,exports_gdp,2008,lgbm_typed,28.9193597052566,3.438571946592628
ZMB-fed(KEN+TZA+UGA),2003,5,exports_gdp,2008,tft,28.9193597052566,2.7244172308913654
ZMB-fed(KEN+TZA+UGA),2003,5,exports_gdp,2008,tgcn,28.9193597052566,
ZMB-fed(KEN+TZA+UGA),2003,5,exports_gdp,2008,persistence_scarcity,28.9193597052566,3.235395674413901
ZMB-fed(KEN+TZA+UGA),2003,5,exports_gdp,2008,chronos_scarcity,28.9193597052566,0.7112336371413654
ZMB-fed(KEN+TZA+UGA),2003,5,exports_gdp,2008,gnn_scarcity,28.9193597052566,0.5326638434401936
ZMB-fed(KEN+TZA+UGA),2003,1,imports_gdp,2004,persistence,37.2730926807002,0.6442120357800007
ZMB-fed(KEN+TZA+UGA),2003,1,imports_gdp,2004,arima,37.2730926807002,0.8061458812952509
ZMB-fed(KEN+TZA+UGA),2003,1,imports_gdp,2004,chronos,37.2730926807002,1.122438841588874
ZMB-fed(KEN+TZA+UGA),2003,1,imports_gdp,2004,xgb_blind,37.2730926807002,0.6458038623408271
ZMB-fed(KEN+TZA+UGA),2003,1,imports_gdp,2004,xgb_lag,37.2730926807002,0.8061458812952509
ZMB-fed(KEN+TZA+UGA),2003,1,imports_gdp,2004,xgb_typed,37.2730926807002,0.8061458812952509
ZMB-fed(KEN+TZA+UGA),2003,1,imports_gdp,2004,lgbm_blind,37.2730926807002,2.3371335249572667
ZMB-fed(KEN+TZA+UGA),2003,1,imports_gdp,2004,lgbm_lag,37.2730926807002,0.8061458812952509
ZMB-fed(KEN+TZA+UGA),2003,1,imports_gdp,2004,lgbm_typed,37.2730926807002,0.8061458812952509
ZMB-fed(KEN+TZA+UGA),2003,1,imports_gdp,2004,tft,37.2730926807002,0.4107909862919854
ZMB-fed(KEN+TZA+UGA),2003,1,imports_gdp,2004,tgcn,37.2730926807002,
ZMB-fed(KEN+TZA+UGA),2003,1,imports_gdp,2004,persistence_scarcity,37.2730926807002,0.6442120357800007
ZMB-fed(KEN+TZA+UGA),2003,1,imports_gdp,2004,chronos_scarcity,37.2730926807002,1.122438841588874
ZMB-fed(KEN+TZA+UGA),2003,1,imports_gdp,2004,gnn_scarcity,37.2730926807002,2.888075285680671
ZMB-fed(KEN+TZA+UGA),2003,3,imports_gdp,2006,persistence,25.2638601867139,11.365020458206303
ZMB-fed(KEN+TZA+UGA),2003,3,imports_gdp,2006,arima,25.2638601867139,11.177173242855524
ZMB-fed(KEN+TZA+UGA),2003,3,imports_gdp,2006,chronos,25.2638601867139,9.481653729301726
ZMB-fed(KEN+TZA+UGA),2003,3,imports_gdp,2006,xgb_blind,25.2638601867139,10.646124401909148
ZMB-fed(KEN+TZA+UGA),2003,3,imports_gdp,2006,xgb_lag,25.2638601867139,11.177173242855524
ZMB-fed(KEN+TZA+UGA),2003,3,imports_gdp,2006,xgb_typed,25.2638601867139,11.177173242855524
ZMB-fed(KEN+TZA+UGA),2003,3,imports_gdp,2006,lgbm_blind,25.2638601867139,9.896782610582797
ZMB-fed(KEN+TZA+UGA),2003,3,imports_gdp,2006,lgbm_lag,25.2638601867139,11.177173242855524
ZMB-fed(KEN+TZA+UGA),2003,3,imports_gdp,2006,lgbm_typed,25.2638601867139,11.177173242855524
ZMB-fed(KEN+TZA+UGA),2003,3,imports_gdp,2006,tft,25.2638601867139,12.401056805473601
ZMB-fed(KEN+TZA+UGA),2003,3,imports_gdp,2006,tgcn,25.2638601867139,
ZMB-fed(KEN+TZA+UGA),2003,3,imports_gdp,2006,persistence_scarcity,25.2638601867139,11.365020458206303
ZMB-fed(KEN+TZA+UGA),2003,3,imports_gdp,2006,chronos_scarcity,25.2638601867139,9.481653729301726
ZMB-fed(KEN+TZA+UGA),2003,3,imports_gdp,2006,gnn_scarcity,25.2638601867139,9.905779400688445
ZMB-fed(KEN+TZA+UGA),2003,5,imports_gdp,2008,persistence,30.5355294153308,6.093351229589402
ZMB-fed(KEN+TZA+UGA),2003,5,imports_gdp,2008,arima,30.5355294153308,5.904993704114851
ZMB-fed(KEN+TZA+UGA),2003,5,imports_gdp,2008,chronos,30.5355294153308,4.465450961866466
ZMB-fed(KEN+TZA+UGA),2003,5,imports_gdp,2008,xgb_blind,30.5355294153308,8.25969000605592
ZMB-fed(KEN+TZA+UGA),2003,5,imports_gdp,2008,xgb_lag,30.5355294153308,5.904993704114851
ZMB-fed(KEN+TZA+UGA),2003,5,imports_gdp,2008,xgb_typed,30.5355294153308,5.904993704114851
ZMB-fed(KEN+TZA+UGA),2003,5,imports_gdp,2008,lgbm_blind,30.5355294153308,4.949656419765773
ZMB-fed(KEN+TZA+UGA),2003,5,imports_gdp,2008,lgbm_lag,30.5355294153308,5.904993704114851
ZMB-fed(KEN+TZA+UGA),2003,5,imports_gdp,2008,lgbm_typed,30.5355294153308,5.904993704114851
ZMB-fed(KEN+TZA+UGA),2003,5,imports_gdp,2008,tft,30.5355294153308,7.081360538282482
ZMB-fed(KEN+TZA+UGA),2003,5,imports_gdp,2008,tgcn,30.5355294153308,
ZMB-fed(KEN+TZA+UGA),2003,5,imports_gdp,2008,persistence_scarcity,30.5355294153308,6.093351229589402
ZMB-fed(KEN+TZA+UGA),2003,5,imports_gdp,2008,chronos_scarcity,30.5355294153308,4.465450961866466
ZMB-fed(KEN+TZA+UGA),2003,5,imports_gdp,2008,gnn_scarcity,30.5355294153308,3.9760672643567005
ZMB-fed(KEN+TZA+UGA),2003,1,current_account,2004,persistence,-7.14878830806073,6.38117839637737
ZMB-fed(KEN+TZA+UGA),2003,1,current_account,2004,arima,-7.14878830806073,7.612431760356543
ZMB-fed(KEN+TZA+UGA),2003,1,current_account,2004,chronos,-7.14878830806073,5.258312369429504
ZMB-fed(KEN+TZA+UGA),2003,1,current_account,2004,xgb_blind,-7.14878830806073,6.12079062565509
ZMB-fed(KEN+TZA+UGA),2003,1,current_account,2004,xgb_lag,-7.14878830806073,7.612431760356543
ZMB-fed(KEN+TZA+UGA),2003,1,current_account,2004,xgb_typed,-7.14878830806073,7.612431760356543
ZMB-fed(KEN+TZA+UGA),2003,1,current_account,2004,lgbm_blind,-7.14878830806073,4.525336519691017
ZMB-fed(KEN+TZA+UGA),2003,1,current_account,2004,lgbm_lag,-7.14878830806073,7.612431760356543
ZMB-fed(KEN+TZA+UGA),2003,1,current_account,2004,lgbm_typed,-7.14878830806073,7.612431760356543
ZMB-fed(KEN+TZA+UGA),2003,1,current_account,2004,tft,-7.14878830806073,7.384540701949035
ZMB-fed(KEN+TZA+UGA),2003,1,current_account,2004,tgcn,-7.14878830806073,
ZMB-fed(KEN+TZA+UGA),2003,1,current_account,2004,persistence_scarcity,-7.14878830806073,6.38117839637737
ZMB-fed(KEN+TZA+UGA),2003,1,current_account,2004,chronos_scarcity,-7.14878830806073,5.258312369429504
ZMB-fed(KEN+TZA+UGA),2003,1,current_account,2004,gnn_scarcity,-7.14878830806073,5.865435744368469
ZMB-fed(KEN+TZA+UGA),2003,3,current_account,2006,persistence,4.64474506229629,18.17471176673439
ZMB-fed(KEN+TZA+UGA),2003,3,current_account,2006,arima,4.64474506229629,19.10002645101136
ZMB-fed(KEN+TZA+UGA),2003,3,current_account,2006,chronos,4.64474506229629,13.983417700235744
ZMB-fed(KEN+TZA+UGA),2003,3,current_account,2006,xgb_blind,4.64474506229629,20.57278270572891
ZMB-fed(KEN+TZA+UGA),2003,3,current_account,2006,xgb_lag,4.64474506229629,19.10002645101136
ZMB-fed(KEN+TZA+UGA),2003,3,current_account,2006,xgb_typed,4.64474506229629,19.10002645101136
ZMB-fed(KEN+TZA+UGA),2003,3,current_account,2006,lgbm_blind,4.64474506229629,16.795450443169536
ZMB-fed(KEN+TZA+UGA),2003,3,current_account,2006,lgbm_lag,4.64474506229629,19.10002645101136
ZMB-fed(KEN+TZA+UGA),2003,3,current_account,2006,lgbm_typed,4.64474506229629,19.10002645101136
ZMB-fed(KEN+TZA+UGA),2003,3,current_account,2006,tft,4.64474506229629,19.20570869297256
ZMB-fed(KEN+TZA+UGA),2003,3,current_account,2006,tgcn,4.64474506229629,
ZMB-fed(KEN+TZA+UGA),2003,3,current_account,2006,persistence_scarcity,4.64474506229629,18.17471176673439
ZMB-fed(KEN+TZA+UGA),2003,3,current_account,2006,chronos_scarcity,4.64474506229629,13.983417700235744
ZMB-fed(KEN+TZA+UGA),2003,3,current_account,2006,gnn_scarcity,4.64474506229629,16.161812017862697
ZMB-fed(KEN+TZA+UGA),2003,5,current_account,2008,persistence,-3.33057905300122,10.199387651436881
ZMB-fed(KEN+TZA+UGA),2003,5,current_account,2008,arima,-3.33057905300122,11.035814115762442
ZMB-fed(KEN+TZA+UGA),2003,5,current_account,2008,chronos,-3.33057905300122,5.830219973488038
ZMB-fed(KEN+TZA+UGA),2003,5,current_account,2008,xgb_blind,-3.33057905300122,13.319733370704835
ZMB-fed(KEN+TZA+UGA),2003,5,current_account,2008,xgb_lag,-3.33057905300122,11.035814115762442
ZMB-fed(KEN+TZA+UGA),2003,5,current_account,2008,xgb_typed,-3.33057905300122,11.035814115762442
ZMB-fed(KEN+TZA+UGA),2003,5,current_account,2008,lgbm_blind,-3.33057905300122,9.508520460158639
ZMB-fed(KEN+TZA+UGA),2003,5,current_account,2008,lgbm_lag,-3.33057905300122,11.035814115762442
ZMB-fed(KEN+TZA+UGA),2003,5,current_account,2008,lgbm_typed,-3.33057905300122,11.035814115762442
ZMB-fed(KEN+TZA+UGA),2003,5,current_account,2008,tft,-3.33057905300122,11.237200488014405
ZMB-fed(KEN+TZA+UGA),2003,5,current_account,2008,tgcn,-3.33057905300122,
ZMB-fed(KEN+TZA+UGA),2003,5,current_account,2008,persistence_scarcity,-3.33057905300122,10.199387651436881
ZMB-fed(KEN+TZA+UGA),2003,5,current_account,2008,chronos_scarcity,-3.33057905300122,5.830219973488038
ZMB-fed(KEN+TZA+UGA),2003,5,current_account,2008,gnn_scarcity,-3.33057905300122,9.4421155347063
ZMB-fed(KEN+TZA+UGA),2003,1,real_interest_rate,2004,persistence,9.19693364690934,10.328407827297362
ZMB-fed(KEN+TZA+UGA),2003,1,real_interest_rate,2004,arima,9.19693364690934,10.684454211049715
ZMB-fed(KEN+TZA+UGA),2003,1,real_interest_rate,2004,chronos,9.19693364690934,8.397075752504723
ZMB-fed(KEN+TZA+UGA),2003,1,real_interest_rate,2004,xgb_blind,9.19693364690934,8.109874824770348
ZMB-fed(KEN+TZA+UGA),2003,1,real_interest_rate,2004,xgb_lag,9.19693364690934,10.684454211049715
ZMB-fed(KEN+TZA+UGA),2003,1,real_interest_rate,2004,xgb_typed,9.19693364690934,10.684454211049715
ZMB-fed(KEN+TZA+UGA),2003,1,real_interest_rate,2004,lgbm_blind,9.19693364690934,4.520106216184242
ZMB-fed(KEN+TZA+UGA),2003,1,real_interest_rate,2004,lgbm_lag,9.19693364690934,10.684454211049715
ZMB-fed(KEN+TZA+UGA),2003,1,real_interest_rate,2004,lgbm_typed,9.19693364690934,10.684454211049715
ZMB-fed(KEN+TZA+UGA),2003,1,real_interest_rate,2004,tft,9.19693364690934,14.214763740785973
ZMB-fed(KEN+TZA+UGA),2003,1,real_interest_rate,2004,tgcn,9.19693364690934,
ZMB-fed(KEN+TZA+UGA),2003,1,real_interest_rate,2004,persistence_scarcity,9.19693364690934,10.328407827297362
ZMB-fed(KEN+TZA+UGA),2003,1,real_interest_rate,2004,chronos_scarcity,9.19693364690934,8.397075752504723
ZMB-fed(KEN+TZA+UGA),2003,1,real_interest_rate,2004,gnn_scarcity,9.19693364690934,11.697108407727821
ZMB-fed(KEN+TZA+UGA),2003,3,real_interest_rate,2006,persistence,7.51782024205524,12.007521232151461
ZMB-fed(KEN+TZA+UGA),2003,3,real_interest_rate,2006,arima,7.51782024205524,12.313251006935936
ZMB-fed(KEN+TZA+UGA),2003,3,real_interest_rate,2006,chronos,7.51782024205524,9.168558236948666
ZMB-fed(KEN+TZA+UGA),2003,3,real_interest_rate,2006,xgb_blind,7.51782024205524,5.46308624445599
ZMB-fed(KEN+TZA+UGA),2003,3,real_interest_rate,2006,xgb_lag,7.51782024205524,12.313251006935936
ZMB-fed(KEN+TZA+UGA),2003,3,real_interest_rate,2006,xgb_typed,7.51782024205524,12.313251006935936
ZMB-fed(KEN+TZA+UGA),2003,3,real_interest_rate,2006,lgbm_blind,7.51782024205524,4.151533503145178
ZMB-fed(KEN+TZA+UGA),2003,3,real_interest_rate,2006,lgbm_lag,7.51782024205524,12.313251006935936
ZMB-fed(KEN+TZA+UGA),2003,3,real_interest_rate,2006,lgbm_typed,7.51782024205524,12.313251006935936
ZMB-fed(KEN+TZA+UGA),2003,3,real_interest_rate,2006,tft,7.51782024205524,17.349859353892025
ZMB-fed(KEN+TZA+UGA),2003,3,real_interest_rate,2006,tgcn,7.51782024205524,
ZMB-fed(KEN+TZA+UGA),2003,3,real_interest_rate,2006,persistence_scarcity,7.51782024205524,12.007521232151461
ZMB-fed(KEN+TZA+UGA),2003,3,real_interest_rate,2006,chronos_scarcity,7.51782024205524,9.168558236948666
ZMB-fed(KEN+TZA+UGA),2003,3,real_interest_rate,2006,gnn_scarcity,7.51782024205524,2.597205045827213
ZMB-fed(KEN+TZA+UGA),2003,5,real_interest_rate,2008,persistence,7.61379538117008,11.911546093036621
ZMB-fed(KEN+TZA+UGA),2003,5,real_interest_rate,2008,arima,7.61379538117008,12.215815997007924
ZMB-fed(KEN+TZA+UGA),2003,5,real_interest_rate,2008,chronos,7.61379538117008,8.095139402765467
ZMB-fed(KEN+TZA+UGA),2003,5,real_interest_rate,2008,xgb_blind,7.61379538117008,2.1971138900701543
ZMB-fed(KEN+TZA+UGA),2003,5,real_interest_rate,2008,xgb_lag,7.61379538117008,12.215815997007924
ZMB-fed(KEN+TZA+UGA),2003,5,real_interest_rate,2008,xgb_typed,7.61379538117008,12.215815997007924
ZMB-fed(KEN+TZA+UGA),2003,5,real_interest_rate,2008,lgbm_blind,7.61379538117008,8.658796951457957
ZMB-fed(KEN+TZA+UGA),2003,5,real_interest_rate,2008,lgbm_lag,7.61379538117008,12.215815997007924
ZMB-fed(KEN+TZA+UGA),2003,5,real_interest_rate,2008,lgbm_typed,7.61379538117008,12.215815997007924
ZMB-fed(KEN+TZA+UGA),2003,5,real_interest_rate,2008,tft,7.61379538117008,16.845761198419765
ZMB-fed(KEN+TZA+UGA),2003,5,real_interest_rate,2008,tgcn,7.61379538117008,
ZMB-fed(KEN+TZA+UGA),2003,5,real_interest_rate,2008,persistence_scarcity,7.61379538117008,11.911546093036621
ZMB-fed(KEN+TZA+UGA),2003,5,real_interest_rate,2008,chronos_scarcity,7.61379538117008,8.095139402765467
ZMB-fed(KEN+TZA+UGA),2003,5,real_interest_rate,2008,gnn_scarcity,7.61379538117008,8.916807036977575
ZMB-fed(KEN+TZA+UGA),2003,1,broad_money,2004,persistence,18.7743104593352,0.5436178823435007
ZMB-fed(KEN+TZA+UGA),2003,1,broad_money,2004,arima,18.7743104593352,0.5310249645199008
ZMB-fed(KEN+TZA+UGA),2003,1,broad_money,2004,chronos,18.7743104593352,0.6828263895109821
ZMB-fed(KEN+TZA+UGA),2003,1,broad_money,2004,xgb_blind,18.7743104593352,0.8235276834562946
ZMB-fed(KEN+TZA+UGA),2003,1,broad_money,2004,xgb_lag,18.7743104593352,0.5310249645199008
ZMB-fed(KEN+TZA+UGA),2003,1,broad_money,2004,xgb_typed,18.7743104593352,0.5310249645199008
ZMB-fed(KEN+TZA+UGA),2003,1,broad_money,2004,lgbm_blind,18.7743104593352,1.1258850636630626
ZMB-fed(KEN+TZA+UGA),2003,1,broad_money,2004,lgbm_lag,18.7743104593352,0.5310249645199008
ZMB-fed(KEN+TZA+UGA),2003,1,broad_money,2004,lgbm_typed,18.7743104593352,0.5310249645199008
ZMB-fed(KEN+TZA+UGA),2003,1,broad_money,2004,tft,18.7743104593352,0.01908623142992738
ZMB-fed(KEN+TZA+UGA),2003,1,broad_money,2004,tgcn,18.7743104593352,
ZMB-fed(KEN+TZA+UGA),2003,1,broad_money,2004,persistence_scarcity,18.7743104593352,0.5436178823435007
ZMB-fed(KEN+TZA+UGA),2003,1,broad_money,2004,chronos_scarcity,18.7743104593352,0.6828263895109821
ZMB-fed(KEN+TZA+UGA),2003,1,broad_money,2004,gnn_scarcity,18.7743104593352,1.426764835555904
ZMB-fed(KEN+TZA+UGA),2003,3,broad_money,2006,persistence,18.0615885624267,0.16910401456500068
ZMB-fed(KEN+TZA+UGA),2003,3,broad_money,2006,arima,18.0615885624267,0.18048192095915994
ZMB-fed(KEN+TZA+UGA),2003,3,broad_money,2006,chronos,18.0615885624267,0.5561940303467381
ZMB-fed(KEN+TZA+UGA),2003,3,broad_money,2006,xgb_blind,18.0615885624267,2.0765664210938084
ZMB-fed(KEN+TZA+UGA),2003,3,broad_money,2006,xgb_lag,18.0615885624267,0.18048192095915994
ZMB-fed(KEN+TZA+UGA),2003,3,broad_money,2006,xgb_typed,18.0615885624267,0.18048192095915994
ZMB-fed(KEN+TZA+UGA),2003,3,broad_money,2006,lgbm_blind,18.0615885624267,1.2698239562976603
ZMB-fed(KEN+TZA+UGA),2003,3,broad_money,2006,lgbm_lag,18.0615885624267,0.18048192095915994
ZMB-fed(KEN+TZA+UGA),2003,3,broad_money,2006,lgbm_typed,18.0615885624267,0.18048192095915994
ZMB-fed(KEN+TZA+UGA),2003,3,broad_money,2006,tft,18.0615885624267,0.6098706355713475
ZMB-fed(KEN+TZA+UGA),2003,3,broad_money,2006,tgcn,18.0615885624267,
ZMB-fed(KEN+TZA+UGA),2003,3,broad_money,2006,persistence_scarcity,18.0615885624267,0.16910401456500068
ZMB-fed(KEN+TZA+UGA),2003,3,broad_money,2006,chronos_scarcity,18.0615885624267,0.5561940303467381
ZMB-fed(KEN+TZA+UGA),2003,3,broad_money,2006,gnn_scarcity,18.0615885624267,0.30211230427251934
ZMB-fed(KEN+TZA+UGA),2003,5,broad_money,2008,persistence,19.101743578019,0.8710510010273005
ZMB-fed(KEN+TZA+UGA),2003,5,broad_money,2008,arima,19.101743578019,0.8596873160270739
ZMB-fed(KEN+TZA+UGA),2003,5,broad_money,2008,chronos,19.101743578019,0.023446916642047455
ZMB-fed(KEN+TZA+UGA),2003,5,broad_money,2008,xgb_blind,19.101743578019,0.8065892466880307
ZMB-fed(KEN+TZA+UGA),2003,5,broad_money,2008,xgb_lag,19.101743578019,0.8596873160270739
ZMB-fed(KEN+TZA+UGA),2003,5,broad_money,2008,xgb_typed,19.101743578019,0.8596873160270739
ZMB-fed(KEN+TZA+UGA),2003,5,broad_money,2008,lgbm_blind,19.101743578019,1.6490409497773548
ZMB-fed(KEN+TZA+UGA),2003,5,broad_money,2008,lgbm_lag,19.101743578019,0.8596873160270739
ZMB-fed(KEN+TZA+UGA),2003,5,broad_money,2008,lgbm_typed,19.101743578019,0.8596873160270739
ZMB-fed(KEN+TZA+UGA),2003,5,broad_money,2008,tft,19.101743578019,0.5315741291664615
ZMB-fed(KEN+TZA+UGA),2003,5,broad_money,2008,tgcn,19.101743578019,
ZMB-fed(KEN+TZA+UGA),2003,5,broad_money,2008,persistence_scarcity,19.101743578019,0.8710510010273005
ZMB-fed(KEN+TZA+UGA),2003,5,broad_money,2008,chronos_scarcity,19.101743578019,0.023446916642047455
ZMB-fed(KEN+TZA+UGA),2003,5,broad_money,2008,gnn_scarcity,19.101743578019,1.590265153946735
ZMB-fed(KEN+TZA+UGA),2003,1,private_credit,2004,persistence,13.6929591153621,0.0
ZMB-fed(KEN+TZA+UGA),2003,1,private_credit,2004,arima,13.6929591153621,0.0
ZMB-fed(KEN+TZA+UGA),2003,1,private_credit,2004,chronos,13.6929591153621,0.04015283331864339
ZMB-fed(KEN+TZA+UGA),2003,1,private_credit,2004,xgb_blind,13.6929591153621,2.835749910445884e-07
ZMB-fed(KEN+TZA+UGA),2003,1,private_credit,2004,xgb_lag,13.6929591153621,0.0
ZMB-fed(KEN+TZA+UGA),2003,1,private_credit,2004,xgb_typed,13.6929591153621,0.0
ZMB-fed(KEN+TZA+UGA),2003,1,private_credit,2004,lgbm_blind,13.6929591153621,2.835749910445884e-07
ZMB-fed(KEN+TZA+UGA),2003,1,private_credit,2004,lgbm_lag,13.6929591153621,0.0
ZMB-fed(KEN+TZA+UGA),2003,1,private_credit,2004,lgbm_typed,13.6929591153621,0.0
ZMB-fed(KEN+TZA+UGA),2003,1,private_credit,2004,tft,13.6929591153621,0.018808648443155107
ZMB-fed(KEN+TZA+UGA),2003,1,private_credit,2004,tgcn,13.6929591153621,
ZMB-fed(KEN+TZA+UGA),2003,1,private_credit,2004,persistence_scarcity,13.6929591153621,0.0
ZMB-fed(KEN+TZA+UGA),2003,1,private_credit,2004,chronos_scarcity,13.6929591153621,0.04015283331864339
ZMB-fed(KEN+TZA+UGA),2003,1,private_credit,2004,gnn_scarcity,13.6929591153621,1.6237736417679116e-06
ZMB-fed(KEN+TZA+UGA),2003,3,private_credit,2006,persistence,13.6929591153621,0.0
ZMB-fed(KEN+TZA+UGA),2003,3,private_credit,2006,arima,13.6929591153621,0.0
ZMB-fed(KEN+TZA+UGA),2003,3,private_credit,2006,chronos,13.6929591153621,0.04015283331864339
ZMB-fed(KEN+TZA+UGA),2003,3,private_credit,2006,xgb_blind,13.6929591153621,2.835749910445884e-07
ZMB-fed(KEN+TZA+UGA),2003,3,private_credit,2006,xgb_lag,13.6929591153621,0.0
ZMB-fed(KEN+TZA+UGA),2003,3,private_credit,2006,xgb_typed,13.6929591153621,0.0
ZMB-fed(KEN+TZA+UGA),2003,3,private_credit,2006,lgbm_blind,13.6929591153621,2.835749910445884e-07
ZMB-fed(KEN+TZA+UGA),2003,3,private_credit,2006,lgbm_lag,13.6929591153621,0.0
ZMB-fed(KEN+TZA+UGA),2003,3,private_credit,2006,lgbm_typed,13.6929591153621,0.0
ZMB-fed(KEN+TZA+UGA),2003,3,private_credit,2006,tft,13.6929591153621,0.04635553107254964
ZMB-fed(KEN+TZA+UGA),2003,3,private_credit,2006,tgcn,13.6929591153621,
ZMB-fed(KEN+TZA+UGA),2003,3,private_credit,2006,persistence_scarcity,13.6929591153621,0.0
ZMB-fed(KEN+TZA+UGA),2003,3,private_credit,2006,chronos_scarcity,13.6929591153621,0.04015283331864339
ZMB-fed(KEN+TZA+UGA),2003,3,private_credit,2006,gnn_scarcity,13.6929591153621,2.5774479581741616e-06
ZMB-fed(KEN+TZA+UGA),2003,5,private_credit,2008,persistence,13.6929591153621,0.0
ZMB-fed(KEN+TZA+UGA),2003,5,private_credit,2008,arima,13.6929591153621,0.0
ZMB-fed(KEN+TZA+UGA),2003,5,private_credit,2008,chronos,13.6929591153621,0.04015283331864339
ZMB-fed(KEN+TZA+UGA),2003,5,private_credit,2008,xgb_blind,13.6929591153621,2.835749910445884e-07
ZMB-fed(KEN+TZA+UGA),2003,5,private_credit,2008,xgb_lag,13.6929591153621,0.0
ZMB-fed(KEN+TZA+UGA),2003,5,private_credit,2008,xgb_typed,13.6929591153621,0.0
ZMB-fed(KEN+TZA+UGA),2003,5,private_credit,2008,lgbm_blind,13.6929591153621,2.835749910445884e-07
ZMB-fed(KEN+TZA+UGA),2003,5,private_credit,2008,lgbm_lag,13.6929591153621,0.0
ZMB-fed(KEN+TZA+UGA),2003,5,private_credit,2008,lgbm_typed,13.6929591153621,0.0
ZMB-fed(KEN+TZA+UGA),2003,5,private_credit,2008,tft,13.6929591153621,0.07925824866288167
ZMB-fed(KEN+TZA+UGA),2003,5,private_credit,2008,tgcn,13.6929591153621,
ZMB-fed(KEN+TZA+UGA),2003,5,private_credit,2008,persistence_scarcity,13.6929591153621,0.0
ZMB-fed(KEN+TZA+UGA),2003,5,private_credit,2008,chronos_scarcity,13.6929591153621,0.04015283331864339
ZMB-fed(KEN+TZA+UGA),2003,5,private_credit,2008,gnn_scarcity,13.6929591153621,2.5774479581741616e-06
ZMB-fed(KEN+TZA+UGA),2003,1,govt_consumption,2004,persistence,8.65362421922944,0.0
ZMB-fed(KEN+TZA+UGA),2003,1,govt_consumption,2004,arima,8.65362421922944,0.0
ZMB-fed(KEN+TZA+UGA),2003,1,govt_consumption,2004,chronos,8.65362421922944,0.025376958182077303
ZMB-fed(KEN+TZA+UGA),2003,1,govt_consumption,2004,xgb_blind,8.65362421922944,3.153774930098052e-07
ZMB-fed(KEN+TZA+UGA),2003,1,govt_consumption,2004,xgb_lag,8.65362421922944,0.0
ZMB-fed(KEN+TZA+UGA),2003,1,govt_consumption,2004,xgb_typed,8.65362421922944,0.0
ZMB-fed(KEN+TZA+UGA),2003,1,govt_consumption,2004,lgbm_blind,8.65362421922944,3.153774930098052e-07
ZMB-fed(KEN+TZA+UGA),2003,1,govt_consumption,2004,lgbm_lag,8.65362421922944,0.0
ZMB-fed(KEN+TZA+UGA),2003,1,govt_consumption,2004,lgbm_typed,8.65362421922944,0.0
ZMB-fed(KEN+TZA+UGA),2003,1,govt_consumption,2004,tft,8.65362421922944,0.018808049490671053
ZMB-fed(KEN+TZA+UGA),2003,1,govt_consumption,2004,tgcn,8.65362421922944,
ZMB-fed(KEN+TZA+UGA),2003,1,govt_consumption,2004,persistence_scarcity,8.65362421922944,0.0
ZMB-fed(KEN+TZA+UGA),2003,1,govt_consumption,2004,chronos_scarcity,8.65362421922944,0.025376958182077303
ZMB-fed(KEN+TZA+UGA),2003,1,govt_consumption,2004,gnn_scarcity,8.65362421922944,3.153774930098052e-07
ZMB-fed(KEN+TZA+UGA),2003,3,govt_consumption,2006,persistence,8.65362421922944,0.0
ZMB-fed(KEN+TZA+UGA),2003,3,govt_consumption,2006,arima,8.65362421922944,0.0
ZMB-fed(KEN+TZA+UGA),2003,3,govt_consumption,2006,chronos,8.65362421922944,0.025376958182077303
ZMB-fed(KEN+TZA+UGA),2003,3,govt_consumption,2006,xgb_blind,8.65362421922944,3.153774930098052e-07
ZMB-fed(KEN+TZA+UGA),2003,3,govt_consumption,2006,xgb_lag,8.65362421922944,0.0
ZMB-fed(KEN+TZA+UGA),2003,3,govt_consumption,2006,xgb_typed,8.65362421922944,0.0
ZMB-fed(KEN+TZA+UGA),2003,3,govt_consumption,2006,lgbm_blind,8.65362421922944,3.153774930098052e-07
ZMB-fed(KEN+TZA+UGA),2003,3,govt_consumption,2006,lgbm_lag,8.65362421922944,0.0
ZMB-fed(KEN+TZA+UGA),2003,3,govt_consumption,2006,lgbm_typed,8.65362421922944,0.0
ZMB-fed(KEN+TZA+UGA),2003,3,govt_consumption,2006,tft,8.65362421922944,0.046354932120065584
ZMB-fed(KEN+TZA+UGA),2003,3,govt_consumption,2006,tgcn,8.65362421922944,
ZMB-fed(KEN+TZA+UGA),2003,3,govt_consumption,2006,persistence_scarcity,8.65362421922944,0.0
ZMB-fed(KEN+TZA+UGA),2003,3,govt_consumption,2006,chronos_scarcity,8.65362421922944,0.025376958182077303
ZMB-fed(KEN+TZA+UGA),2003,3,govt_consumption,2006,gnn_scarcity,8.65362421922944,3.153774930098052e-07
ZMB-fed(KEN+TZA+UGA),2003,5,govt_consumption,2008,persistence,8.65362421922944,0.0
ZMB-fed(KEN+TZA+UGA),2003,5,govt_consumption,2008,arima,8.65362421922944,0.0
ZMB-fed(KEN+TZA+UGA),2003,5,govt_consumption,2008,chronos,8.65362421922944,0.025376958182077303
ZMB-fed(KEN+TZA+UGA),2003,5,govt_consumption,2008,xgb_blind,8.65362421922944,3.153774930098052e-07
ZMB-fed(KEN+TZA+UGA),2003,5,govt_consumption,2008,xgb_lag,8.65362421922944,0.0
ZMB-fed(KEN+TZA+UGA),2003,5,govt_consumption,2008,xgb_typed,8.65362421922944,0.0
ZMB-fed(KEN+TZA+UGA),2003,5,govt_consumption,2008,lgbm_blind,8.65362421922944,3.153774930098052e-07
ZMB-fed(KEN+TZA+UGA),2003,5,govt_consumption,2008,lgbm_lag,8.65362421922944,0.0
ZMB-fed(KEN+TZA+UGA),2003,5,govt_consumption,2008,lgbm_typed,8.65362421922944,0.0
ZMB-fed(KEN+TZA+UGA),2003,5,govt_consumption,2008,tft,8.65362421922944,0.07925764971039762
ZMB-fed(KEN+TZA+UGA),2003,5,govt_consumption,2008,tgcn,8.65362421922944,
ZMB-fed(KEN+TZA+UGA),2003,5,govt_consumption,2008,persistence_scarcity,8.65362421922944,0.0
ZMB-fed(KEN+TZA+UGA),2003,5,govt_consumption,2008,chronos_scarcity,8.65362421922944,0.025376958182077303
ZMB-fed(KEN+TZA+UGA),2003,5,govt_consumption,2008,gnn_scarcity,8.65362421922944,3.153774930098052e-07
ZMB-fed(KEN+TZA+UGA),2004,1,gdp_growth,2005,persistence,7.23559900655543,0.20320389140324924
ZMB-fed(KEN+TZA+UGA),2004,1,gdp_growth,2005,arima,7.23559900655543,0.2529807746477628
ZMB-fed(KEN+TZA+UGA),2004,1,gdp_growth,2005,chronos,7.23559900655543,0.9516696585634863
ZMB-fed(KEN+TZA+UGA),2004,1,gdp_growth,2005,xgb_blind,7.23559900655543,2.3035936011294043
ZMB-fed(KEN+TZA+UGA),2004,1,gdp_growth,2005,xgb_lag,7.23559900655543,0.2529807746477628
ZMB-fed(KEN+TZA+UGA),2004,1,gdp_growth,2005,xgb_typed,7.23559900655543,0.2529807746477628
ZMB-fed(KEN+TZA+UGA),2004,1,gdp_growth,2005,lgbm_blind,7.23559900655543,4.28581202019803
ZMB-fed(KEN+TZA+UGA),2004,1,gdp_growth,2005,lgbm_lag,7.23559900655543,0.2529807746477628
ZMB-fed(KEN+TZA+UGA),2004,1,gdp_growth,2005,lgbm_typed,7.23559900655543,0.2529807746477628
ZMB-fed(KEN+TZA+UGA),2004,1,gdp_growth,2005,tft,7.23559900655543,1.1097407685300196
ZMB-fed(KEN+TZA+UGA),2004,1,gdp_growth,2005,tgcn,7.23559900655543,
ZMB-fed(KEN+TZA+UGA),2004,1,gdp_growth,2005,persistence_scarcity,7.23559900655543,0.20320389140324924
ZMB-fed(KEN+TZA+UGA),2004,1,gdp_growth,2005,chronos_scarcity,7.23559900655543,0.9516696585634863
ZMB-fed(KEN+TZA+UGA),2004,1,gdp_growth,2005,gnn_scarcity,7.23559900655543,5.25474282636439
ZMB-fed(KEN+TZA+UGA),2004,3,gdp_growth,2007,persistence,8.35243624447406,1.3200411293218792
ZMB-fed(KEN+TZA+UGA),2004,3,gdp_growth,2007,arima,8.35243624447406,1.3576134790472354
ZMB-fed(KEN+TZA+UGA),2004,3,gdp_growth,2007,chronos,8.35243624447406,2.2387620806557003
ZMB-fed(KEN+TZA+UGA),2004,3,gdp_growth,2007,xgb_blind,8.35243624447406,3.293395221219665
ZMB-fed(KEN+TZA+UGA),2004,3,gdp_growth,2007,xgb_lag,8.35243624447406,1.3576134790472354
ZMB-fed(KEN+TZA+UGA),2004,3,gdp_growth,2007,xgb_typed,8.35243624447406,1.3576134790472354
ZMB-fed(KEN+TZA+UGA),2004,3,gdp_growth,2007,lgbm_blind,8.35243624447406,4.763763460006521
ZMB-fed(KEN+TZA+UGA),2004,3,gdp_growth,2007,lgbm_lag,8.35243624447406,1.3576134790472354
ZMB-fed(KEN+TZA+UGA),2004,3,gdp_growth,2007,lgbm_typed,8.35243624447406,1.3576134790472354
ZMB-fed(KEN+TZA+UGA),2004,3,gdp_growth,2007,tft,8.35243624447406,1.4705675244468388
ZMB-fed(KEN+TZA+UGA),2004,3,gdp_growth,2007,tgcn,8.35243624447406,
ZMB-fed(KEN+TZA+UGA),2004,3,gdp_growth,2007,persistence_scarcity,8.35243624447406,1.3200411293218792
ZMB-fed(KEN+TZA+UGA),2004,3,gdp_growth,2007,chronos_scarcity,8.35243624447406,2.2387620806557003
ZMB-fed(KEN+TZA+UGA),2004,3,gdp_growth,2007,gnn_scarcity,8.35243624447406,4.104984462247497
ZMB-fed(KEN+TZA+UGA),2004,5,gdp_growth,2009,persistence,9.2203484058663,2.1879532907141197
ZMB-fed(KEN+TZA+UGA),2004,5,gdp_growth,2009,arima,9.2203484058663,2.2215688438603083
ZMB-fed(KEN+TZA+UGA),2004,5,gdp_growth,2009,chronos,9.2203484058663,3.0138082981392493
ZMB-fed(KEN+TZA+UGA),2004,5,gdp_growth,2009,xgb_blind,9.2203484058663,3.643845605878507
ZMB-fed(KEN+TZA+UGA),2004,5,gdp_growth,2009,xgb_lag,9.2203484058663,2.2215688438603083
ZMB-fed(KEN+TZA+UGA),2004,5,gdp_growth,2009,xgb_typed,9.2203484058663,2.2215688438603083
ZMB-fed(KEN+TZA+UGA),2004,5,gdp_growth,2009,lgbm_blind,9.2203484058663,4.731124320654546
ZMB-fed(KEN+TZA+UGA),2004,5,gdp_growth,2009,lgbm_lag,9.2203484058663,2.2215688438603083
ZMB-fed(KEN+TZA+UGA),2004,5,gdp_growth,2009,lgbm_typed,9.2203484058663,2.2215688438603083
ZMB-fed(KEN+TZA+UGA),2004,5,gdp_growth,2009,tft,9.2203484058663,1.8962916850760827
ZMB-fed(KEN+TZA+UGA),2004,5,gdp_growth,2009,tgcn,9.2203484058663,
ZMB-fed(KEN+TZA+UGA),2004,5,gdp_growth,2009,persistence_scarcity,9.2203484058663,2.1879532907141197
ZMB-fed(KEN+TZA+UGA),2004,5,gdp_growth,2009,chronos_scarcity,9.2203484058663,3.0138082981392493
ZMB-fed(KEN+TZA+UGA),2004,5,gdp_growth,2009,gnn_scarcity,9.2203484058663,6.22019176485983
ZMB-fed(KEN+TZA+UGA),2004,1,inflation_cpi,2005,persistence,18.324439701174,0.3566505924454013
ZMB-fed(KEN+TZA+UGA),2004,1,inflation_cpi,2005,arima,18.324439701174,0.4300116987957665
ZMB-fed(KEN+TZA+UGA),2004,1,inflation_cpi,2005,chronos,18.324439701174,0.23222893152068025
ZMB-fed(KEN+TZA+UGA),2004,1,inflation_cpi,2005,xgb_blind,18.324439701174,4.262531581784984
ZMB-fed(KEN+TZA+UGA),2004,1,inflation_cpi,2005,xgb_lag,18.324439701174,0.4300116987957665
ZMB-fed(KEN+TZA+UGA),2004,1,inflation_cpi,2005,xgb_typed,18.324439701174,0.4300116987957665
ZMB-fed(KEN+TZA+UGA),2004,1,inflation_cpi,2005,lgbm_blind,18.324439701174,36.24389501453296
ZMB-fed(KEN+TZA+UGA),2004,1,inflation_cpi,2005,lgbm_lag,18.324439701174,0.4300116987957665
ZMB-fed(KEN+TZA+UGA),2004,1,inflation_cpi,2005,lgbm_typed,18.324439701174,0.4300116987957665
ZMB-fed(KEN+TZA+UGA),2004,1,inflation_cpi,2005,tft,18.324439701174,3.0952551993386948
ZMB-fed(KEN+TZA+UGA),2004,1,inflation_cpi,2005,tgcn,18.324439701174,
ZMB-fed(KEN+TZA+UGA),2004,1,inflation_cpi,2005,persistence_scarcity,18.324439701174,0.3566505924454013
ZMB-fed(KEN+TZA+UGA),2004,1,inflation_cpi,2005,chronos_scarcity,18.324439701174,0.23222893152068025
ZMB-fed(KEN+TZA+UGA),2004,1,inflation_cpi,2005,gnn_scarcity,18.324439701174,30.305671993161937
ZMB-fed(KEN+TZA+UGA),2004,3,inflation_cpi,2007,persistence,10.6573496000153,7.3104395087133
ZMB-fed(KEN+TZA+UGA),2004,3,inflation_cpi,2007,arima,10.6573496000153,7.235477595814546
ZMB-fed(KEN+TZA+UGA),2004,3,inflation_cpi,2007,chronos,10.6573496000153,8.286257730306966
ZMB-fed(KEN+TZA+UGA),2004,3,inflation_cpi,2007,xgb_blind,10.6573496000153,90.63704584676205
ZMB-fed(KEN+TZA+UGA),2004,3,inflation_cpi,2007,xgb_lag,10.6573496000153,7.235477595814546
ZMB-fed(KEN+TZA+UGA),2004,3,inflation_cpi,2007,xgb_typed,10.6573496000153,7.235477595814546
ZMB-fed(KEN+TZA+UGA),2004,3,inflation_cpi,2007,lgbm_blind,10.6573496000153,31.059969729564372
ZMB-fed(KEN+TZA+UGA),2004,3,inflation_cpi,2007,lgbm_lag,10.6573496000153,7.235477595814546
ZMB-fed(KEN+TZA+UGA),2004,3,inflation_cpi,2007,lgbm_typed,10.6573496000153,7.235477595814546
ZMB-fed(KEN+TZA+UGA),2004,3,inflation_cpi,2007,tft,10.6573496000153,10.762867914022786
ZMB-fed(KEN+TZA+UGA),2004,3,inflation_cpi,2007,tgcn,10.6573496000153,
ZMB-fed(KEN+TZA+UGA),2004,3,inflation_cpi,2007,persistence_scarcity,10.6573496000153,7.3104395087133
ZMB-fed(KEN+TZA+UGA),2004,3,inflation_cpi,2007,chronos_scarcity,10.6573496000153,8.286257730306966
ZMB-fed(KEN+TZA+UGA),2004,3,inflation_cpi,2007,gnn_scarcity,10.6573496000153,66.86455439168392
ZMB-fed(KEN+TZA+UGA),2004,5,inflation_cpi,2009,persistence,13.3952546325895,4.572534476139099
ZMB-fed(KEN+TZA+UGA),2004,5,inflation_cpi,2009,arima,13.3952546325895,4.497571832566917
ZMB-fed(KEN+TZA+UGA),2004,5,inflation_cpi,2009,chronos,13.3952546325895,7.2511496337679215
ZMB-fed(KEN+TZA+UGA),2004,5,inflation_cpi,2009,xgb_blind,13.3952546325895,6.91044376218589
ZMB-fed(KEN+TZA+UGA),2004,5,inflation_cpi,2009,xgb_lag,13.3952546325895,4.497571832566917
ZMB-fed(KEN+TZA+UGA),2004,5,inflation_cpi,2009,xgb_typed,13.3952546325895,4.497571832566917
ZMB-fed(KEN+TZA+UGA),2004,5,inflation_cpi,2009,lgbm_blind,13.3952546325895,12.874192121866065
ZMB-fed(KEN+TZA+UGA),2004,5,inflation_cpi,2009,lgbm_lag,13.3952546325895,4.497571832566917
ZMB-fed(KEN+TZA+UGA),2004,5,inflation_cpi,2009,lgbm_typed,13.3952546325895,4.497571832566917
ZMB-fed(KEN+TZA+UGA),2004,5,inflation_cpi,2009,tft,13.3952546325895,8.025968054178078
ZMB-fed(KEN+TZA+UGA),2004,5,inflation_cpi,2009,tgcn,13.3952546325895,
ZMB-fed(KEN+TZA+UGA),2004,5,inflation_cpi,2009,persistence_scarcity,13.3952546325895,4.572534476139099
ZMB-fed(KEN+TZA+UGA),2004,5,inflation_cpi,2009,chronos_scarcity,13.3952546325895,7.2511496337679215
ZMB-fed(KEN+TZA+UGA),2004,5,inflation_cpi,2009,gnn_scarcity,13.3952546325895,48.22765109861167
ZMB-fed(KEN+TZA+UGA),2004,1,unemployment,2005,persistence,15.9,0.5679999999999996
ZMB-fed(KEN+TZA+UGA),2004,1,unemployment,2005,arima,15.9,0.11040629408314473
ZMB-fed(KEN+TZA+UGA),2004,1,unemployment,2005,chronos,15.9,0.028827095031738637
ZMB-fed(KEN+TZA+UGA),2004,1,unemployment,2005,xgb_blind,15.9,0.31746139526367223
ZMB-fed(KEN+TZA+UGA),2004,1,unemployment,2005,xgb_lag,15.9,0.11040629408314473
ZMB-fed(KEN+TZA+UGA),2004,1,unemployment,2005,xgb_typed,15.9,0.11040629408314473
ZMB-fed(KEN+TZA+UGA),2004,1,unemployment,2005,lgbm_blind,15.9,0.3812142508370542
ZMB-fed(KEN+TZA+UGA),2004,1,unemployment,2005,lgbm_lag,15.9,0.11040629408314473
ZMB-fed(KEN+TZA+UGA),2004,1,unemployment,2005,lgbm_typed,15.9,0.11040629408314473
ZMB-fed(KEN+TZA+UGA),2004,1,unemployment,2005,tft,15.9,0.5920234680175778
ZMB-fed(KEN+TZA+UGA),2004,1,unemployment,2005,tgcn,15.9,
ZMB-fed(KEN+TZA+UGA),2004,1,unemployment,2005,persistence_scarcity,15.9,0.5679999999999996
ZMB-fed(KEN+TZA+UGA),2004,1,unemployment,2005,chronos_scarcity,15.9,0.028827095031738637
ZMB-fed(KEN+TZA+UGA),2004,1,unemployment,2005,gnn_scarcity,15.9,0.6354316711425785
ZMB-fed(KEN+TZA+UGA),2004,3,unemployment,2007,persistence,10.559,4.7730000000000015
ZMB-fed(KEN+TZA+UGA),2004,3,unemployment,2007,arima,10.559,5.8069726587596
ZMB-fed(KEN+TZA+UGA),2004,3,unemployment,2007,chronos,10.559,6.177867904663087
ZMB-fed(KEN+TZA+UGA),2004,3,unemployment,2007,xgb_blind,10.559,4.908963218688966
ZMB-fed(KEN+TZA+UGA),2004,3,unemployment,2007,xgb_lag,10.559,5.8069726587596
ZMB-fed(KEN+TZA+UGA),2004,3,unemployment,2007,xgb_typed,10.559,5.8069726587596
ZMB-fed(KEN+TZA+UGA),2004,3,unemployment,2007,lgbm_blind,10.559,4.340583339691163
ZMB-fed(KEN+TZA+UGA),2004,3,unemployment,2007,lgbm_lag,10.559,5.8069726587596
ZMB-fed(KEN+TZA+UGA),2004,3,unemployment,2007,lgbm_typed,10.559,5.8069726587596
ZMB-fed(KEN+TZA+UGA),2004,3,unemployment,2007,tft,10.559,7.0256481323242195
ZMB-fed(KEN+TZA+UGA),2004,3,unemployment,2007,tgcn,10.559,
ZMB-fed(KEN+TZA+UGA),2004,3,unemployment,2007,persistence_scarcity,10.559,4.7730000000000015
ZMB-fed(KEN+TZA+UGA),2004,3,unemployment,2007,chronos_scarcity,10.559,6.177867904663087
ZMB-fed(KEN+TZA+UGA),2004,3,unemployment,2007,gnn_scarcity,10.559,6.174257293701173
ZMB-fed(KEN+TZA+UGA),2004,5,unemployment,2009,persistence,10.583,4.7490000000000006
ZMB-fed(KEN+TZA+UGA),2004,5,unemployment,2009,arima,10.583,6.088992024448094
ZMB-fed(KEN+TZA+UGA),2004,5,unemployment,2009,chronos,10.583,7.134998504638672
ZMB-fed(KEN+TZA+UGA),2004,5,unemployment,2009,xgb_blind,10.583,3.854047004699707
ZMB-fed(KEN+TZA+UGA),2004,5,unemployment,2009,xgb_lag,10.583,6.088992024448094
ZMB-fed(KEN+TZA+UGA),2004,5,unemployment,2009,xgb_typed,10.583,6.088992024448094
ZMB-fed(KEN+TZA+UGA),2004,5,unemployment,2009,lgbm_blind,10.583,3.4576000137329093
ZMB-fed(KEN+TZA+UGA),2004,5,unemployment,2009,lgbm_lag,10.583,6.088992024448094
ZMB-fed(KEN+TZA+UGA),2004,5,unemployment,2009,lgbm_typed,10.583,6.088992024448094
ZMB-fed(KEN+TZA+UGA),2004,5,unemployment,2009,tft,10.583,7.894434158325195
ZMB-fed(KEN+TZA+UGA),2004,5,unemployment,2009,tgcn,10.583,
ZMB-fed(KEN+TZA+UGA),2004,5,unemployment,2009,persistence_scarcity,10.583,4.7490000000000006
ZMB-fed(KEN+TZA+UGA),2004,5,unemployment,2009,chronos_scarcity,10.583,7.134998504638672
ZMB-fed(KEN+TZA+UGA),2004,5,unemployment,2009,gnn_scarcity,10.583,5.342045013427734
ZMB-fed(KEN+TZA+UGA),2004,1,exports_gdp,2005,persistence,30.6107123143813,2.9292699366905985
ZMB-fed(KEN+TZA+UGA),2004,1,exports_gdp,2005,arima,30.6107123143813,1.747863822963449
ZMB-fed(KEN+TZA+UGA),2004,1,exports_gdp,2005,chronos,30.6107123143813,2.934240078196826
ZMB-fed(KEN+TZA+UGA),2004,1,exports_gdp,2005,xgb_blind,30.6107123143813,2.4684350244858884
ZMB-fed(KEN+TZA+UGA),2004,1,exports_gdp,2005,xgb_lag,30.6107123143813,1.747863822963449
ZMB-fed(KEN+TZA+UGA),2004,1,exports_gdp,2005,xgb_typed,30.6107123143813,1.747863822963449
ZMB-fed(KEN+TZA+UGA),2004,1,exports_gdp,2005,lgbm_blind,30.6107123143813,1.6393597371718265
ZMB-fed(KEN+TZA+UGA),2004,1,exports_gdp,2005,lgbm_lag,30.6107123143813,1.747863822963449
ZMB-fed(KEN+TZA+UGA),2004,1,exports_gdp,2005,lgbm_typed,30.6107123143813,1.747863822963449
ZMB-fed(KEN+TZA+UGA),2004,1,exports_gdp,2005,tft,30.6107123143813,0.20548031257182586
ZMB-fed(KEN+TZA+UGA),2004,1,exports_gdp,2005,tgcn,30.6107123143813,
ZMB-fed(KEN+TZA+UGA),2004,1,exports_gdp,2005,persistence_scarcity,30.6107123143813,2.9292699366905985
ZMB-fed(KEN+TZA+UGA),2004,1,exports_gdp,2005,chronos_scarcity,30.6107123143813,2.934240078196826
ZMB-fed(KEN+TZA+UGA),2004,1,exports_gdp,2005,gnn_scarcity,30.6107123143813,2.0363867528578616
ZMB-fed(KEN+TZA+UGA),2004,3,exports_gdp,2007,persistence,33.5911932050133,0.05121095394139985
ZMB-fed(KEN+TZA+UGA),2004,3,exports_gdp,2007,arima,33.5911932050133,1.0816718021234735
ZMB-fed(KEN+TZA+UGA),2004,3,exports_gdp,2007,chronos,33.5911932050133,0.15342236150743815
ZMB-fed(KEN+TZA+UGA),2004,3,exports_gdp,2007,xgb_blind,33.5911932050133,0.6689863263511882
ZMB-fed(KEN+TZA+UGA),2004,3,exports_gdp,2007,xgb_lag,33.5911932050133,1.0816718021234735
ZMB-fed(KEN+TZA+UGA),2004,3,exports_gdp,2007,xgb_typed,33.5911932050133,1.0816718021234735
ZMB-fed(KEN+TZA+UGA),2004,3,exports_gdp,2007,lgbm_blind,33.5911932050133,5.283014144395214
ZMB-fed(KEN+TZA+UGA),2004,3,exports_gdp,2007,lgbm_lag,33.5911932050133,1.0816718021234735
ZMB-fed(KEN+TZA+UGA),2004,3,exports_gdp,2007,lgbm_typed,33.5911932050133,1.0816718021234735
ZMB-fed(KEN+TZA+UGA),2004,3,exports_gdp,2007,tft,33.5911932050133,2.79494381536486
ZMB-fed(KEN+TZA+UGA),2004,3,exports_gdp,2007,tgcn,33.5911932050133,
ZMB-fed(KEN+TZA+UGA),2004,3,exports_gdp,2007,persistence_scarcity,33.5911932050133,0.05121095394139985
ZMB-fed(KEN+TZA+UGA),2004,3,exports_gdp,2007,chronos_scarcity,33.5911932050133,0.15342236150743815
ZMB-fed(KEN+TZA+UGA),2004,3,exports_gdp,2007,gnn_scarcity,33.5911932050133,2.9888353406334147
ZMB-fed(KEN+TZA+UGA),2004,5,exports_gdp,2009,persistence,29.2509976693348,4.288984581737097
ZMB-fed(KEN+TZA+UGA),2004,5,exports_gdp,2009,arima,29.2509976693348,3.26193733614749
ZMB-fed(KEN+TZA+UGA),2004,5,exports_gdp,2009,chronos,29.2509976693348,4.1867731741710585
ZMB-fed(KEN+TZA+UGA),2004,5,exports_gdp,2009,xgb_blind,29.2509976693348,0.8394490548328477
ZMB-fed(KEN+TZA+UGA),2004,5,exports_gdp,2009,xgb_lag,29.2509976693348,3.26193733614749
ZMB-fed(KEN+TZA+UGA),2004,5,exports_gdp,2009,xgb_typed,29.2509976693348,3.26193733614749
ZMB-fed(KEN+TZA+UGA),2004,5,exports_gdp,2009,lgbm_blind,29.2509976693348,1.8712615319446648
ZMB-fed(KEN+TZA+UGA),2004,5,exports_gdp,2009,lgbm_lag,29.2509976693348,3.26193733614749
ZMB-fed(KEN+TZA+UGA),2004,5,exports_gdp,2009,lgbm_typed,29.2509976693348,3.26193733614749
ZMB-fed(KEN+TZA+UGA),2004,5,exports_gdp,2009,tft,29.2509976693348,1.5402144125743789
ZMB-fed(KEN+TZA+UGA),2004,5,exports_gdp,2009,tgcn,29.2509976693348,
ZMB-fed(KEN+TZA+UGA),2004,5,exports_gdp,2009,persistence_scarcity,29.2509976693348,4.288984581737097
ZMB-fed(KEN+TZA+UGA),2004,5,exports_gdp,2009,chronos_scarcity,29.2509976693348,4.1867731741710585
ZMB-fed(KEN+TZA+UGA),2004,5,exports_gdp,2009,gnn_scarcity,29.2509976693348,0.23534380710562885
ZMB-fed(KEN+TZA+UGA),2004,1,imports_gdp,2005,persistence,31.5895698769828,5.683522803717402
ZMB-fed(KEN+TZA+UGA),2004,1,imports_gdp,2005,arima,31.5895698769828,5.764132036948695
ZMB-fed(KEN+TZA+UGA),2004,1,imports_gdp,2005,chronos,31.5895698769828,5.113814522431262
ZMB-fed(KEN+TZA+UGA),2004,1,imports_gdp,2005,xgb_blind,31.5895698769828,5.122645546601184
ZMB-fed(KEN+TZA+UGA),2004,1,imports_gdp,2005,xgb_lag,31.5895698769828,5.764132036948695
ZMB-fed(KEN+TZA+UGA),2004,1,imports_gdp,2005,xgb_typed,31.5895698769828,5.764132036948695
ZMB-fed(KEN+TZA+UGA),2004,1,imports_gdp,2005,lgbm_blind,31.5895698769828,3.5133274945817945
ZMB-fed(KEN+TZA+UGA),2004,1,imports_gdp,2005,lgbm_lag,31.5895698769828,5.764132036948695
ZMB-fed(KEN+TZA+UGA),2004,1,imports_gdp,2005,lgbm_typed,31.5895698769828,5.764132036948695
ZMB-fed(KEN+TZA+UGA),2004,1,imports_gdp,2005,tft,31.5895698769828,5.759806801483997
ZMB-fed(KEN+TZA+UGA),2004,1,imports_gdp,2005,tgcn,31.5895698769828,
ZMB-fed(KEN+TZA+UGA),2004,1,imports_gdp,2005,persistence_scarcity,31.5895698769828,5.683522803717402
ZMB-fed(KEN+TZA+UGA),2004,1,imports_gdp,2005,chronos_scarcity,31.5895698769828,5.113814522431262
ZMB-fed(KEN+TZA+UGA),2004,1,imports_gdp,2005,gnn_scarcity,31.5895698769828,3.0150787131050905
ZMB-fed(KEN+TZA+UGA),2004,3,imports_gdp,2007,persistence,32.1802654858934,5.092827194806802
ZMB-fed(KEN+TZA+UGA),2004,3,imports_gdp,2007,arima,32.1802654858934,5.184785042439039
ZMB-fed(KEN+TZA+UGA),2004,3,imports_gdp,2007,chronos,32.1802654858934,2.726468980659334
ZMB-fed(KEN+TZA+UGA),2004,3,imports_gdp,2007,xgb_blind,32.1802654858934,4.32318681513199
ZMB-fed(KEN+TZA+UGA),2004,3,imports_gdp,2007,xgb_lag,32.1802654858934,5.184785042439039
ZMB-fed(KEN+TZA+UGA),2004,3,imports_gdp,2007,xgb_typed,32.1802654858934,5.184785042439039
ZMB-fed(KEN+TZA+UGA),2004,3,imports_gdp,2007,lgbm_blind,32.1802654858934,3.15641492639908
ZMB-fed(KEN+TZA+UGA),2004,3,imports_gdp,2007,lgbm_lag,32.1802654858934,5.184785042439039
ZMB-fed(KEN+TZA+UGA),2004,3,imports_gdp,2007,lgbm_typed,32.1802654858934,5.184785042439039
ZMB-fed(KEN+TZA+UGA),2004,3,imports_gdp,2007,tft,32.1802654858934,5.108209550727693
ZMB-fed(KEN+TZA+UGA),2004,3,imports_gdp,2007,tgcn,32.1802654858934,
ZMB-fed(KEN+TZA+UGA),2004,3,imports_gdp,2007,persistence_scarcity,32.1802654858934,5.092827194806802
ZMB-fed(KEN+TZA+UGA),2004,3,imports_gdp,2007,chronos_scarcity,32.1802654858934,2.726468980659334
ZMB-fed(KEN+TZA+UGA),2004,3,imports_gdp,2007,gnn_scarcity,32.1802654858934,3.6637286547315995
ZMB-fed(KEN+TZA+UGA),2004,5,imports_gdp,2009,persistence,26.8703832861816,10.402709394518602
ZMB-fed(KEN+TZA+UGA),2004,5,imports_gdp,2009,arima,26.8703832861816,10.494844928781085
ZMB-fed(KEN+TZA+UGA),2004,5,imports_gdp,2009,chronos,26.8703832861816,7.394677138623088
ZMB-fed(KEN+TZA+UGA),2004,5,imports_gdp,2009,xgb_blind,26.8703832861816,11.679684615429728
ZMB-fed(KEN+TZA+UGA),2004,5,imports_gdp,2009,xgb_lag,26.8703832861816,10.494844928781085
ZMB-fed(KEN+TZA+UGA),2004,5,imports_gdp,2009,xgb_typed,26.8703832861816,10.494844928781085
ZMB-fed(KEN+TZA+UGA),2004,5,imports_gdp,2009,lgbm_blind,26.8703832861816,8.793593383129924
ZMB-fed(KEN+TZA+UGA),2004,5,imports_gdp,2009,lgbm_lag,26.8703832861816,10.494844928781085
ZMB-fed(KEN+TZA+UGA),2004,5,imports_gdp,2009,lgbm_typed,26.8703832861816,10.494844928781085
ZMB-fed(KEN+TZA+UGA),2004,5,imports_gdp,2009,tft,26.8703832861816,10.401726699169963
ZMB-fed(KEN+TZA+UGA),2004,5,imports_gdp,2009,tgcn,26.8703832861816,
ZMB-fed(KEN+TZA+UGA),2004,5,imports_gdp,2009,persistence_scarcity,26.8703832861816,10.402709394518602
ZMB-fed(KEN+TZA+UGA),2004,5,imports_gdp,2009,chronos_scarcity,26.8703832861816,7.394677138623088
ZMB-fed(KEN+TZA+UGA),2004,5,imports_gdp,2009,gnn_scarcity,26.8703832861816,8.291607833203166
ZMB-fed(KEN+TZA+UGA),2004,1,current_account,2005,persistence,-2.78498414861087,4.36380415944986
ZMB-fed(KEN+TZA+UGA),2004,1,current_account,2005,arima,-2.78498414861087,7.382480682463352
ZMB-fed(KEN+TZA+UGA),2004,1,current_account,2005,chronos,-2.78498414861087,3.270335160623749
ZMB-fed(KEN+TZA+UGA),2004,1,current_account,2005,xgb_blind,-2.78498414861087,5.057105981241425
ZMB-fed(KEN+TZA+UGA),2004,1,current_account,2005,xgb_lag,-2.78498414861087,7.382480682463352
ZMB-fed(KEN+TZA+UGA),2004,1,current_account,2005,xgb_typed,-2.78498414861087,7.382480682463352
ZMB-fed(KEN+TZA+UGA),2004,1,current_account,2005,lgbm_blind,-2.78498414861087,8.565902366597783
ZMB-fed(KEN+TZA+UGA),2004,1,current_account,2005,lgbm_lag,-2.78498414861087,7.382480682463352
ZMB-fed(KEN+TZA+UGA),2004,1,current_account,2005,lgbm_typed,-2.78498414861087,7.382480682463352
ZMB-fed(KEN+TZA+UGA),2004,1,current_account,2005,tft,-2.78498414861087,1.748601399790009
ZMB-fed(KEN+TZA+UGA),2004,1,current_account,2005,tgcn,-2.78498414861087,
ZMB-fed(KEN+TZA+UGA),2004,1,current_account,2005,persistence_scarcity,-2.78498414861087,4.36380415944986
ZMB-fed(KEN+TZA+UGA),2004,1,current_account,2005,chronos_scarcity,-2.78498414861087,3.270335160623749
ZMB-fed(KEN+TZA+UGA),2004,1,current_account,2005,gnn_scarcity,-2.78498414861087,9.790880643259246
ZMB-fed(KEN+TZA+UGA),2004,3,current_account,2007,persistence,-1.23802039926344,5.910767908797291
ZMB-fed(KEN+TZA+UGA),2004,3,current_account,2007,arima,-1.23802039926344,8.17696624164992
ZMB-fed(KEN+TZA+UGA),2004,3,current_account,2007,chronos,-1.23802039926344,6.114864847013416
ZMB-fed(KEN+TZA+UGA),2004,3,current_account,2007,xgb_blind,-1.23802039926344,6.971366426298084
ZMB-fed(KEN+TZA+UGA),2004,3,current_account,2007,xgb_lag,-1.23802039926344,8.17696624164992
ZMB-fed(KEN+TZA+UGA),2004,3,current_account,2007,xgb_typed,-1.23802039926344,8.17696624164992
ZMB-fed(KEN+TZA+UGA),2004,3,current_account,2007,lgbm_blind,-1.23802039926344,10.495858570882739
ZMB-fed(KEN+TZA+UGA),2004,3,current_account,2007,lgbm_lag,-1.23802039926344,8.17696624164992
ZMB-fed(KEN+TZA+UGA),2004,3,current_account,2007,lgbm_typed,-1.23802039926344,8.17696624164992
ZMB-fed(KEN+TZA+UGA),2004,3,current_account,2007,tft,-1.23802039926344,0.7000193387776001
ZMB-fed(KEN+TZA+UGA),2004,3,current_account,2007,tgcn,-1.23802039926344,
ZMB-fed(KEN+TZA+UGA),2004,3,current_account,2007,persistence_scarcity,-1.23802039926344,5.910767908797291
ZMB-fed(KEN+TZA+UGA),2004,3,current_account,2007,chronos_scarcity,-1.23802039926344,6.114864847013416
ZMB-fed(KEN+TZA+UGA),2004,3,current_account,2007,gnn_scarcity,-1.23802039926344,8.959643861600817
ZMB-fed(KEN+TZA+UGA),2004,5,current_account,2009,persistence,5.95342818479561,13.10221649285634
ZMB-fed(KEN+TZA+UGA),2004,5,current_account,2009,arima,5.95342818479561,15.200021335387635
ZMB-fed(KEN+TZA+UGA),2004,5,current_account,2009,chronos,5.95342818479561,12.614272987652054
ZMB-fed(KEN+TZA+UGA),2004,5,current_account,2009,xgb_blind,5.95342818479561,21.427279388714066
ZMB-fed(KEN+TZA+UGA),2004,5,current_account,2009,xgb_lag,5.95342818479561,15.200021335387635
ZMB-fed(KEN+TZA+UGA),2004,5,current_account,2009,xgb_typed,5.95342818479561,15.200021335387635
ZMB-fed(KEN+TZA+UGA),2004,5,current_account,2009,lgbm_blind,5.95342818479561,18.223496591854325
ZMB-fed(KEN+TZA+UGA),2004,5,current_account,2009,lgbm_lag,5.95342818479561,15.200021335387635
ZMB-fed(KEN+TZA+UGA),2004,5,current_account,2009,lgbm_typed,5.95342818479561,15.200021335387635
ZMB-fed(KEN+TZA+UGA),2004,5,current_account,2009,tft,5.95342818479561,3.995416557598344
ZMB-fed(KEN+TZA+UGA),2004,5,current_account,2009,tgcn,5.95342818479561,
ZMB-fed(KEN+TZA+UGA),2004,5,current_account,2009,persistence_scarcity,5.95342818479561,13.10221649285634
ZMB-fed(KEN+TZA+UGA),2004,5,current_account,2009,chronos_scarcity,5.95342818479561,12.614272987652054
ZMB-fed(KEN+TZA+UGA),2004,5,current_account,2009,gnn_scarcity,5.95342818479561,17.459803497600785
ZMB-fed(KEN+TZA+UGA),2004,1,real_interest_rate,2005,persistence,9.90908518429273,0.7121515373833898
ZMB-fed(KEN+TZA+UGA),2004,1,real_interest_rate,2005,arima,9.90908518429273,0.9478708554013338
ZMB-fed(KEN+TZA+UGA),2004,1,real_interest_rate,2005,chronos,9.90908518429273,0.8760747015046437
ZMB-fed(KEN+TZA+UGA),2004,1,real_interest_rate,2005,xgb_blind,9.90908518429273,1.1852759420441945
ZMB-fed(KEN+TZA+UGA),2004,1,real_interest_rate,2005,xgb_lag,9.90908518429273,0.9478708554013338
ZMB-fed(KEN+TZA+UGA),2004,1,real_interest_rate,2005,xgb_typed,9.90908518429273,0.9478708554013338
ZMB-fed(KEN+TZA+UGA),2004,1,real_interest_rate,2005,lgbm_blind,9.90908518429273,4.9093930167381465
ZMB-fed(KEN+TZA+UGA),2004,1,real_interest_rate,2005,lgbm_lag,9.90908518429273,0.9478708554013338
ZMB-fed(KEN+TZA+UGA),2004,1,real_interest_rate,2005,lgbm_typed,9.90908518429273,0.9478708554013338
ZMB-fed(KEN+TZA+UGA),2004,1,real_interest_rate,2005,tft,9.90908518429273,1.6102076471281688
ZMB-fed(KEN+TZA+UGA),2004,1,real_interest_rate,2005,tgcn,9.90908518429273,
ZMB-fed(KEN+TZA+UGA),2004,1,real_interest_rate,2005,persistence_scarcity,9.90908518429273,0.7121515373833898
ZMB-fed(KEN+TZA+UGA),2004,1,real_interest_rate,2005,chronos_scarcity,9.90908518429273,0.8760747015046437
ZMB-fed(KEN+TZA+UGA),2004,1,real_interest_rate,2005,gnn_scarcity,9.90908518429273,11.2486394941377
ZMB-fed(KEN+TZA+UGA),2004,3,real_interest_rate,2007,persistence,5.24087063421901,3.95606301269033
ZMB-fed(KEN+TZA+UGA),2004,3,real_interest_rate,2007,arima,5.24087063421901,5.392162072168234
ZMB-fed(KEN+TZA+UGA),2004,3,real_interest_rate,2007,chronos,5.24087063421901,3.6573189104587245
ZMB-fed(KEN+TZA+UGA),2004,3,real_interest_rate,2007,xgb_blind,5.24087063421901,3.5757377947360682
ZMB-fed(KEN+TZA+UGA),2004,3,real_interest_rate,2007,xgb_lag,5.24087063421901,5.392162072168234
ZMB-fed(KEN+TZA+UGA),2004,3,real_interest_rate,2007,xgb_typed,5.24087063421901,5.392162072168234
ZMB-fed(KEN+TZA+UGA),2004,3,real_interest_rate,2007,lgbm_blind,5.24087063421901,6.222448111076196
ZMB-fed(KEN+TZA+UGA),2004,3,real_interest_rate,2007,lgbm_lag,5.24087063421901,5.392162072168234
ZMB-fed(KEN+TZA+UGA),2004,3,real_interest_rate,2007,lgbm_typed,5.24087063421901,5.392162072168234
ZMB-fed(KEN+TZA+UGA),2004,3,real_interest_rate,2007,tft,5.24087063421901,6.769625505307357
ZMB-fed(KEN+TZA+UGA),2004,3,real_interest_rate,2007,tgcn,5.24087063421901,
ZMB-fed(KEN+TZA+UGA),2004,3,real_interest_rate,2007,persistence_scarcity,5.24087063421901,3.95606301269033
ZMB-fed(KEN+TZA+UGA),2004,3,real_interest_rate,2007,chronos_scarcity,5.24087063421901,3.6573189104587245
ZMB-fed(KEN+TZA+UGA),2004,3,real_interest_rate,2007,gnn_scarcity,5.24087063421901,4.759589036801498
ZMB-fed(KEN+TZA+UGA),2004,5,real_interest_rate,2009,persistence,15.6336334619814,6.4366998150720605
ZMB-fed(KEN+TZA+UGA),2004,5,real_interest_rate,2009,arima,15.6336334619814,5.0063851844913305
ZMB-fed(KEN+TZA+UGA),2004,5,real_interest_rate,2009,chronos,15.6336334619814,6.128744927435502
ZMB-fed(KEN+TZA+UGA),2004,5,real_interest_rate,2009,xgb_blind,15.6336334619814,6.520977822332963
ZMB-fed(KEN+TZA+UGA),2004,5,real_interest_rate,2009,xgb_lag,15.6336334619814,5.0063851844913305
ZMB-fed(KEN+TZA+UGA),2004,5,real_interest_rate,2009,xgb_typed,15.6336334619814,5.0063851844913305
ZMB-fed(KEN+TZA+UGA),2004,5,real_interest_rate,2009,lgbm_blind,15.6336334619814,0.06860698798237763
ZMB-fed(KEN+TZA+UGA),2004,5,real_interest_rate,2009,lgbm_lag,15.6336334619814,5.0063851844913305
ZMB-fed(KEN+TZA+UGA),2004,5,real_interest_rate,2009,lgbm_typed,15.6336334619814,5.0063851844913305
ZMB-fed(KEN+TZA+UGA),2004,5,real_interest_rate,2009,tft,15.6336334619814,3.4950340662294472
ZMB-fed(KEN+TZA+UGA),2004,5,real_interest_rate,2009,tgcn,15.6336334619814,
ZMB-fed(KEN+TZA+UGA),2004,5,real_interest_rate,2009,persistence_scarcity,15.6336334619814,6.4366998150720605
ZMB-fed(KEN+TZA+UGA),2004,5,real_interest_rate,2009,chronos_scarcity,15.6336334619814,6.128744927435502
ZMB-fed(KEN+TZA+UGA),2004,5,real_interest_rate,2009,gnn_scarcity,15.6336334619814,11.873521891623124
ZMB-fed(KEN+TZA+UGA),2004,1,broad_money,2005,persistence,15.4971016315143,3.2772088278209015
ZMB-fed(KEN+TZA+UGA),2004,1,broad_money,2005,arima,15.4971016315143,3.2178219512751145
ZMB-fed(KEN+TZA+UGA),2004,1,broad_money,2005,chronos,15.4971016315143,3.705828818925154
ZMB-fed(KEN+TZA+UGA),2004,1,broad_money,2005,xgb_blind,15.4971016315143,2.615126762040388
ZMB-fed(KEN+TZA+UGA),2004,1,broad_money,2005,xgb_lag,15.4971016315143,3.2178219512751145
ZMB-fed(KEN+TZA+UGA),2004,1,broad_money,2005,xgb_typed,15.4971016315143,3.2178219512751145
ZMB-fed(KEN+TZA+UGA),2004,1,broad_money,2005,lgbm_blind,15.4971016315143,2.231744169157958
ZMB-fed(KEN+TZA+UGA),2004,1,broad_money,2005,lgbm_lag,15.4971016315143,3.2178219512751145
ZMB-fed(KEN+TZA+UGA),2004,1,broad_money,2005,lgbm_typed,15.4971016315143,3.2178219512751145
ZMB-fed(KEN+TZA+UGA),2004,1,broad_money,2005,tft,15.4971016315143,3.528823051102888
ZMB-fed(KEN+TZA+UGA),2004,1,broad_money,2005,tgcn,15.4971016315143,
ZMB-fed(KEN+TZA+UGA),2004,1,broad_money,2005,persistence_scarcity,15.4971016315143,3.2772088278209015
ZMB-fed(KEN+TZA+UGA),2004,1,broad_money,2005,chronos_scarcity,15.4971016315143,3.705828818925154
ZMB-fed(KEN+TZA+UGA),2004,1,broad_money,2005,gnn_scarcity,15.4971016315143,1.9983359905560132
ZMB-fed(KEN+TZA+UGA),2004,3,broad_money,2007,persistence,18.483666323897,0.29064413543819967
ZMB-fed(KEN+TZA+UGA),2004,3,broad_money,2007,arima,18.483666323897,0.2370361710594331
ZMB-fed(KEN+TZA+UGA),2004,3,broad_money,2007,chronos,18.483666323897,0.5213004119428426
ZMB-fed(KEN+TZA+UGA),2004,3,broad_money,2007,xgb_blind,18.483666323897,0.4639559752973348
ZMB-fed(KEN+TZA+UGA),2004,3,broad_money,2007,xgb_lag,18.483666323897,0.2370361710594331
ZMB-fed(KEN+TZA+UGA),2004,3,broad_money,2007,xgb_typed,18.483666323897,0.2370361710594331
ZMB-fed(KEN+TZA+UGA),2004,3,broad_money,2007,lgbm_blind,18.483666323897,1.5266895128058948
ZMB-fed(KEN+TZA+UGA),2004,3,broad_money,2007,lgbm_lag,18.483666323897,0.2370361710594331
ZMB-fed(KEN+TZA+UGA),2004,3,broad_money,2007,lgbm_typed,18.483666323897,0.2370361710594331
ZMB-fed(KEN+TZA+UGA),2004,3,broad_money,2007,tft,18.483666323897,0.7250567443403035
ZMB-fed(KEN+TZA+UGA),2004,3,broad_money,2007,tgcn,18.483666323897,
ZMB-fed(KEN+TZA+UGA),2004,3,broad_money,2007,persistence_scarcity,18.483666323897,0.29064413543819967
ZMB-fed(KEN+TZA+UGA),2004,3,broad_money,2007,chronos_scarcity,18.483666323897,0.5213004119428426
ZMB-fed(KEN+TZA+UGA),2004,3,broad_money,2007,gnn_scarcity,18.483666323897,0.562678433183077
ZMB-fed(KEN+TZA+UGA),2004,5,broad_money,2009,persistence,17.8373653191483,0.9369451401869
ZMB-fed(KEN+TZA+UGA),2004,5,broad_money,2009,arima,17.8373653191483,0.8834061425315234
ZMB-fed(KEN+TZA+UGA),2004,5,broad_money,2009,chronos,17.8373653191483,1.2995823126876367
ZMB-fed(KEN+TZA+UGA),2004,5,broad_money,2009,xgb_blind,17.8373653191483,1.8466652136886132
ZMB-fed(KEN+TZA+UGA),2004,5,broad_money,2009,xgb_lag,17.8373653191483,0.8834061425315234
ZMB-fed(KEN+TZA+UGA),2004,5,broad_money,2009,xgb_typed,17.8373653191483,0.8834061425315234
ZMB-fed(KEN+TZA+UGA),2004,5,broad_money,2009,lgbm_blind,17.8373653191483,0.2525018471634368
ZMB-fed(KEN+TZA+UGA),2004,5,broad_money,2009,lgbm_lag,17.8373653191483,0.8834061425315234
ZMB-fed(KEN+TZA+UGA),2004,5,broad_money,2009,lgbm_typed,17.8373653191483,0.8834061425315234
ZMB-fed(KEN+TZA+UGA),2004,5,broad_money,2009,tft,17.8373653191483,1.4016483527266992
ZMB-fed(KEN+TZA+UGA),2004,5,broad_money,2009,tgcn,17.8373653191483,
ZMB-fed(KEN+TZA+UGA),2004,5,broad_money,2009,persistence_scarcity,17.8373653191483,0.9369451401869
ZMB-fed(KEN+TZA+UGA),2004,5,broad_money,2009,chronos_scarcity,17.8373653191483,1.2995823126876367
ZMB-fed(KEN+TZA+UGA),2004,5,broad_money,2009,gnn_scarcity,17.8373653191483,0.3555248480880273
ZMB-fed(KEN+TZA+UGA),2004,1,private_credit,2005,persistence,13.6929591153621,0.0
ZMB-fed(KEN+TZA+UGA),2004,1,private_credit,2005,arima,13.6929591153621,0.0
ZMB-fed(KEN+TZA+UGA),2004,1,private_credit,2005,chronos,13.6929591153621,0.04015283331864339
ZMB-fed(KEN+TZA+UGA),2004,1,private_credit,2005,xgb_blind,13.6929591153621,2.835749910445884e-07
ZMB-fed(KEN+TZA+UGA),2004,1,private_credit,2005,xgb_lag,13.6929591153621,0.0
ZMB-fed(KEN+TZA+UGA),2004,1,private_credit,2005,xgb_typed,13.6929591153621,0.0
ZMB-fed(KEN+TZA+UGA),2004,1,private_credit,2005,lgbm_blind,13.6929591153621,2.835749910445884e-07
ZMB-fed(KEN+TZA+UGA),2004,1,private_credit,2005,lgbm_lag,13.6929591153621,0.0
ZMB-fed(KEN+TZA+UGA),2004,1,private_credit,2005,lgbm_typed,13.6929591153621,0.0
ZMB-fed(KEN+TZA+UGA),2004,1,private_credit,2005,tft,13.6929591153621,0.023062035894326982
ZMB-fed(KEN+TZA+UGA),2004,1,private_credit,2005,tgcn,13.6929591153621,
ZMB-fed(KEN+TZA+UGA),2004,1,private_credit,2005,persistence_scarcity,13.6929591153621,0.0
ZMB-fed(KEN+TZA+UGA),2004,1,private_credit,2005,chronos_scarcity,13.6929591153621,0.04015283331864339
ZMB-fed(KEN+TZA+UGA),2004,1,private_credit,2005,gnn_scarcity,13.6929591153621,1.6237736417679116e-06
ZMB-fed(KEN+TZA+UGA),2004,3,private_credit,2007,persistence,13.6929591153621,0.0
ZMB-fed(KEN+TZA+UGA),2004,3,private_credit,2007,arima,13.6929591153621,0.0
ZMB-fed(KEN+TZA+UGA),2004,3,private_credit,2007,chronos,13.6929591153621,0.04015283331864339
ZMB-fed(KEN+TZA+UGA),2004,3,private_credit,2007,xgb_blind,13.6929591153621,2.835749910445884e-07
ZMB-fed(KEN+TZA+UGA),2004,3,private_credit,2007,xgb_lag,13.6929591153621,0.0
ZMB-fed(KEN+TZA+UGA),2004,3,private_credit,2007,xgb_typed,13.6929591153621,0.0
ZMB-fed(KEN+TZA+UGA),2004,3,private_credit,2007,lgbm_blind,13.6929591153621,2.835749910445884e-07
ZMB-fed(KEN+TZA+UGA),2004,3,private_credit,2007,lgbm_lag,13.6929591153621,0.0
ZMB-fed(KEN+TZA+UGA),2004,3,private_credit,2007,lgbm_typed,13.6929591153621,0.0
ZMB-fed(KEN+TZA+UGA),2004,3,private_credit,2007,tft,13.6929591153621,0.07280473456376058
ZMB-fed(KEN+TZA+UGA),2004,3,private_credit,2007,tgcn,13.6929591153621,
ZMB-fed(KEN+TZA+UGA),2004,3,private_credit,2007,persistence_scarcity,13.6929591153621,0.0
ZMB-fed(KEN+TZA+UGA),2004,3,private_credit,2007,chronos_scarcity,13.6929591153621,0.04015283331864339
ZMB-fed(KEN+TZA+UGA),2004,3,private_credit,2007,gnn_scarcity,13.6929591153621,3.5311222745804116e-06
ZMB-fed(KEN+TZA+UGA),2004,5,private_credit,2009,persistence,13.6929591153621,0.0
ZMB-fed(KEN+TZA+UGA),2004,5,private_credit,2009,arima,13.6929591153621,0.0
ZMB-fed(KEN+TZA+UGA),2004,5,private_credit,2009,chronos,13.6929591153621,0.04015283331864339
ZMB-fed(KEN+TZA+UGA),2004,5,private_credit,2009,xgb_blind,13.6929591153621,2.835749910445884e-07
ZMB-fed(KEN+TZA+UGA),2004,5,private_credit,2009,xgb_lag,13.6929591153621,0.0
ZMB-fed(KEN+TZA+UGA),2004,5,private_credit,2009,xgb_typed,13.6929591153621,0.0
ZMB-fed(KEN+TZA+UGA),2004,5,private_credit,2009,lgbm_blind,13.6929591153621,2.835749910445884e-07
ZMB-fed(KEN+TZA+UGA),2004,5,private_credit,2009,lgbm_lag,13.6929591153621,0.0
ZMB-fed(KEN+TZA+UGA),2004,5,private_credit,2009,lgbm_typed,13.6929591153621,0.0
ZMB-fed(KEN+TZA+UGA),2004,5,private_credit,2009,tft,13.6929591153621,0.09194783911698323
ZMB-fed(KEN+TZA+UGA),2004,5,private_credit,2009,tgcn,13.6929591153621,
ZMB-fed(KEN+TZA+UGA),2004,5,private_credit,2009,persistence_scarcity,13.6929591153621,0.0
ZMB-fed(KEN+TZA+UGA),2004,5,private_credit,2009,chronos_scarcity,13.6929591153621,0.04015283331864339
ZMB-fed(KEN+TZA+UGA),2004,5,private_credit,2009,gnn_scarcity,13.6929591153621,2.5774479581741616e-06
ZMB-fed(KEN+TZA+UGA),2004,1,govt_consumption,2005,persistence,8.65362421922944,0.0
ZMB-fed(KEN+TZA+UGA),2004,1,govt_consumption,2005,arima,8.65362421922944,0.0
ZMB-fed(KEN+TZA+UGA),2004,1,govt_consumption,2005,chronos,8.65362421922944,0.025376958182077303
ZMB-fed(KEN+TZA+UGA),2004,1,govt_consumption,2005,xgb_blind,8.65362421922944,3.153774930098052e-07
ZMB-fed(KEN+TZA+UGA),2004,1,govt_consumption,2005,xgb_lag,8.65362421922944,0.0
ZMB-fed(KEN+TZA+UGA),2004,1,govt_consumption,2005,xgb_typed,8.65362421922944,0.0
ZMB-fed(KEN+TZA+UGA),2004,1,govt_consumption,2005,lgbm_blind,8.65362421922944,3.153774930098052e-07
ZMB-fed(KEN+TZA+UGA),2004,1,govt_consumption,2005,lgbm_lag,8.65362421922944,0.0
ZMB-fed(KEN+TZA+UGA),2004,1,govt_consumption,2005,lgbm_typed,8.65362421922944,0.0
ZMB-fed(KEN+TZA+UGA),2004,1,govt_consumption,2005,tft,8.65362421922944,0.023061436941842928
ZMB-fed(KEN+TZA+UGA),2004,1,govt_consumption,2005,tgcn,8.65362421922944,
ZMB-fed(KEN+TZA+UGA),2004,1,govt_consumption,2005,persistence_scarcity,8.65362421922944,0.0
ZMB-fed(KEN+TZA+UGA),2004,1,govt_consumption,2005,chronos_scarcity,8.65362421922944,0.025376958182077303
ZMB-fed(KEN+TZA+UGA),2004,1,govt_consumption,2005,gnn_scarcity,8.65362421922944,3.153774930098052e-07
ZMB-fed(KEN+TZA+UGA),2004,3,govt_consumption,2007,persistence,8.65362421922944,0.0
ZMB-fed(KEN+TZA+UGA),2004,3,govt_consumption,2007,arima,8.65362421922944,0.0
ZMB-fed(KEN+TZA+UGA),2004,3,govt_consumption,2007,chronos,8.65362421922944,0.025376958182077303
ZMB-fed(KEN+TZA+UGA),2004,3,govt_consumption,2007,xgb_blind,8.65362421922944,3.153774930098052e-07
ZMB-fed(KEN+TZA+UGA),2004,3,govt_consumption,2007,xgb_lag,8.65362421922944,0.0
ZMB-fed(KEN+TZA+UGA),2004,3,govt_consumption,2007,xgb_typed,8.65362421922944,0.0
ZMB-fed(KEN+TZA+UGA),2004,3,govt_consumption,2007,lgbm_blind,8.65362421922944,3.153774930098052e-07
ZMB-fed(KEN+TZA+UGA),2004,3,govt_consumption,2007,lgbm_lag,8.65362421922944,0.0
ZMB-fed(KEN+TZA+UGA),2004,3,govt_consumption,2007,lgbm_typed,8.65362421922944,0.0
ZMB-fed(KEN+TZA+UGA),2004,3,govt_consumption,2007,tft,8.65362421922944,0.07280413561127652
ZMB-fed(KEN+TZA+UGA),2004,3,govt_consumption,2007,tgcn,8.65362421922944,
ZMB-fed(KEN+TZA+UGA),2004,3,govt_consumption,2007,persistence_scarcity,8.65362421922944,0.0
ZMB-fed(KEN+TZA+UGA),2004,3,govt_consumption,2007,chronos_scarcity,8.65362421922944,0.025376958182077303
ZMB-fed(KEN+TZA+UGA),2004,3,govt_consumption,2007,gnn_scarcity,8.65362421922944,3.153774930098052e-07
ZMB-fed(KEN+TZA+UGA),2004,5,govt_consumption,2009,persistence,8.65362421922944,0.0
ZMB-fed(KEN+TZA+UGA),2004,5,govt_consumption,2009,arima,8.65362421922944,0.0
ZMB-fed(KEN+TZA+UGA),2004,5,govt_consumption,2009,chronos,8.65362421922944,0.025376958182077303
ZMB-fed(KEN+TZA+UGA),2004,5,govt_consumption,2009,xgb_blind,8.65362421922944,3.153774930098052e-07
ZMB-fed(KEN+TZA+UGA),2004,5,govt_consumption,2009,xgb_lag,8.65362421922944,0.0
ZMB-fed(KEN+TZA+UGA),2004,5,govt_consumption,2009,xgb_typed,8.65362421922944,0.0
ZMB-fed(KEN+TZA+UGA),2004,5,govt_consumption,2009,lgbm_blind,8.65362421922944,3.153774930098052e-07
ZMB-fed(KEN+TZA+UGA),2004,5,govt_consumption,2009,lgbm_lag,8.65362421922944,0.0
ZMB-fed(KEN+TZA+UGA),2004,5,govt_consumption,2009,lgbm_typed,8.65362421922944,0.0
ZMB-fed(KEN+TZA+UGA),2004,5,govt_consumption,2009,tft,8.65362421922944,0.09194724016449918
ZMB-fed(KEN+TZA+UGA),2004,5,govt_consumption,2009,tgcn,8.65362421922944,
ZMB-fed(KEN+TZA+UGA),2004,5,govt_consumption,2009,persistence_scarcity,8.65362421922944,0.0
ZMB-fed(KEN+TZA+UGA),2004,5,govt_consumption,2009,chronos_scarcity,8.65362421922944,0.025376958182077303
ZMB-fed(KEN+TZA+UGA),2004,5,govt_consumption,2009,gnn_scarcity,8.65362421922944,3.153774930098052e-07
ZMB-fed(KEN+TZA+UGA),2005,1,gdp_growth,2006,persistence,7.90369444480079,0.6680954382453601
ZMB-fed(KEN+TZA+UGA),2005,1,gdp_growth,2006,arima,7.90369444480079,0.7842498847438284
ZMB-fed(KEN+TZA+UGA),2005,1,gdp_growth,2006,chronos,7.90369444480079,1.0161154805673913
ZMB-fed(KEN+TZA+UGA),2005,1,gdp_growth,2006,xgb_blind,7.90369444480079,4.561073356772836
ZMB-fed(KEN+TZA+UGA),2005,1,gdp_growth,2006,xgb_lag,7.90369444480079,0.7842498847438284
ZMB-fed(KEN+TZA+UGA),2005,1,gdp_growth,2006,xgb_typed,7.90369444480079,0.7842498847438284
ZMB-fed(KEN+TZA+UGA),2005,1,gdp_growth,2006,lgbm_blind,7.90369444480079,4.668186654801543
ZMB-fed(KEN+TZA+UGA),2005,1,gdp_growth,2006,lgbm_lag,7.90369444480079,0.7842498847438284
ZMB-fed(KEN+TZA+UGA),2005,1,gdp_growth,2006,lgbm_typed,7.90369444480079,0.7842498847438284
ZMB-fed(KEN+TZA+UGA),2005,1,gdp_growth,2006,tft,7.90369444480079,0.5973227559580163
ZMB-fed(KEN+TZA+UGA),2005,1,gdp_growth,2006,tgcn,7.90369444480079,
ZMB-fed(KEN+TZA+UGA),2005,1,gdp_growth,2006,persistence_scarcity,7.90369444480079,0.6680954382453601
ZMB-fed(KEN+TZA+UGA),2005,1,gdp_growth,2006,chronos_scarcity,7.90369444480079,1.0161154805673913
ZMB-fed(KEN+TZA+UGA),2005,1,gdp_growth,2006,gnn_scarcity,7.90369444480079,5.622063690329965
ZMB-fed(KEN+TZA+UGA),2005,3,gdp_growth,2008,persistence,7.77389581542363,0.5382968088682007
ZMB-fed(KEN+TZA+UGA),2005,3,gdp_growth,2008,arima,7.77389581542363,0.6260083704376331
ZMB-fed(KEN+TZA+UGA),2005,3,gdp_growth,2008,chronos,7.77389581542363,0.9186530862366187
ZMB-fed(KEN+TZA+UGA),2005,3,gdp_growth,2008,xgb_blind,7.77389581542363,2.7025948319946753
ZMB-fed(KEN+TZA+UGA),2005,3,gdp_growth,2008,xgb_lag,7.77389581542363,0.6260083704376331
ZMB-fed(KEN+TZA+UGA),2005,3,gdp_growth,2008,xgb_typed,7.77389581542363,0.6260083704376331
ZMB-fed(KEN+TZA+UGA),2005,3,gdp_growth,2008,lgbm_blind,7.77389581542363,3.9046902419932024
ZMB-fed(KEN+TZA+UGA),2005,3,gdp_growth,2008,lgbm_lag,7.77389581542363,0.6260083704376331
ZMB-fed(KEN+TZA+UGA),2005,3,gdp_growth,2008,lgbm_typed,7.77389581542363,0.6260083704376331
ZMB-fed(KEN+TZA+UGA),2005,3,gdp_growth,2008,tft,7.77389581542363,0.2920823846374976
ZMB-fed(KEN+TZA+UGA),2005,3,gdp_growth,2008,tgcn,7.77389581542363,
ZMB-fed(KEN+TZA+UGA),2005,3,gdp_growth,2008,persistence_scarcity,7.77389581542363,0.5382968088682007
ZMB-fed(KEN+TZA+UGA),2005,3,gdp_growth,2008,chronos_scarcity,7.77389581542363,0.9186530862366187
ZMB-fed(KEN+TZA+UGA),2005,3,gdp_growth,2008,gnn_scarcity,7.77389581542363,3.966946438363694
ZMB-fed(KEN+TZA+UGA),2005,5,gdp_growth,2010,persistence,10.2982233241213,3.062624317565871
ZMB-fed(KEN+TZA+UGA),2005,5,gdp_growth,2010,arima,10.2982233241213,3.141042336781629
ZMB-fed(KEN+TZA+UGA),2005,5,gdp_growth,2010,chronos,10.2982233241213,3.3136366084230584
ZMB-fed(KEN+TZA+UGA),2005,5,gdp_growth,2010,xgb_blind,10.2982233241213,5.346649952234094
ZMB-fed(KEN+TZA+UGA),2005,5,gdp_growth,2010,xgb_lag,10.2982233241213,3.141042336781629
ZMB-fed(KEN+TZA+UGA),2005,5,gdp_growth,2010,xgb_typed,10.2982233241213,3.141042336781629
ZMB-fed(KEN+TZA+UGA),2005,5,gdp_growth,2010,lgbm_blind,10.2982233241213,5.559328788384696
ZMB-fed(KEN+TZA+UGA),2005,5,gdp_growth,2010,lgbm_lag,10.2982233241213,3.141042336781629
ZMB-fed(KEN+TZA+UGA),2005,5,gdp_growth,2010,lgbm_typed,10.2982233241213,3.141042336781629
ZMB-fed(KEN+TZA+UGA),2005,5,gdp_growth,2010,tft,10.2982233241213,2.78578025847799
ZMB-fed(KEN+TZA+UGA),2005,5,gdp_growth,2010,tgcn,10.2982233241213,
ZMB-fed(KEN+TZA+UGA),2005,5,gdp_growth,2010,persistence_scarcity,10.2982233241213,3.062624317565871
ZMB-fed(KEN+TZA+UGA),2005,5,gdp_growth,2010,chronos_scarcity,10.2982233241213,3.3136366084230584
ZMB-fed(KEN+TZA+UGA),2005,5,gdp_growth,2010,gnn_scarcity,10.2982233241213,7.388660259546105
ZMB-fed(KEN+TZA+UGA),2005,1,inflation_cpi,2006,persistence,9.01957247226486,9.30486722890914
ZMB-fed(KEN+TZA+UGA),2005,1,inflation_cpi,2006,arima,9.01957247226486,9.312501527032838
ZMB-fed(KEN+TZA+UGA),2005,1,inflation_cpi,2006,chronos,9.01957247226486,9.317461753199007
ZMB-fed(KEN+TZA+UGA),2005,1,inflation_cpi,2006,xgb_blind,9.01957247226486,12.745451712915804
ZMB-fed(KEN+TZA+UGA),2005,1,inflation_cpi,2006,xgb_lag,9.01957247226486,9.312501527032838
ZMB-fed(KEN+TZA+UGA),2005,1,inflation_cpi,2006,xgb_typed,9.01957247226486,9.312501527032838
ZMB-fed(KEN+TZA+UGA),2005,1,inflation_cpi,2006,lgbm_blind,9.01957247226486,43.13250259589106
ZMB-fed(KEN+TZA+UGA),2005,1,inflation_cpi,2006,lgbm_lag,9.01957247226486,9.312501527032838
ZMB-fed(KEN+TZA+UGA),2005,1,inflation_cpi,2006,lgbm_typed,9.01957247226486,9.312501527032838
ZMB-fed(KEN+TZA+UGA),2005,1,inflation_cpi,2006,tft,9.01957247226486,11.551396155664827
ZMB-fed(KEN+TZA+UGA),2005,1,inflation_cpi,2006,tgcn,9.01957247226486,
ZMB-fed(KEN+TZA+UGA),2005,1,inflation_cpi,2006,persistence_scarcity,9.01957247226486,9.30486722890914
ZMB-fed(KEN+TZA+UGA),2005,1,inflation_cpi,2006,chronos_scarcity,9.01957247226486,9.317461753199007
ZMB-fed(KEN+TZA+UGA),2005,1,inflation_cpi,2006,gnn_scarcity,9.01957247226486,37.53166272670975
ZMB-fed(KEN+TZA+UGA),2005,3,inflation_cpi,2008,persistence,12.4455793463192,5.878860354854801
ZMB-fed(KEN+TZA+UGA),2005,3,inflation_cpi,2008,arima,12.4455793463192,5.88666156725704
ZMB-fed(KEN+TZA+UGA),2005,3,inflation_cpi,2008,chronos,12.4455793463192,9.762584868768691
ZMB-fed(KEN+TZA+UGA),2005,3,inflation_cpi,2008,xgb_blind,12.4455793463192,17.58133715758705
ZMB-fed(KEN+TZA+UGA),2005,3,inflation_cpi,2008,xgb_lag,12.4455793463192,5.88666156725704
ZMB-fed(KEN+TZA+UGA),2005,3,inflation_cpi,2008,xgb_typed,12.4455793463192,5.88666156725704
ZMB-fed(KEN+TZA+UGA),2005,3,inflation_cpi,2008,lgbm_blind,12.4455793463192,27.47228772732676
ZMB-fed(KEN+TZA+UGA),2005,3,inflation_cpi,2008,lgbm_lag,12.4455793463192,5.88666156725704
ZMB-fed(KEN+TZA+UGA),2005,3,inflation_cpi,2008,lgbm_typed,12.4455793463192,5.88666156725704
ZMB-fed(KEN+TZA+UGA),2005,3,inflation_cpi,2008,tft,12.4455793463192,8.062206450799941
ZMB-fed(KEN+TZA+UGA),2005,3,inflation_cpi,2008,tgcn,12.4455793463192,
ZMB-fed(KEN+TZA+UGA),2005,3,inflation_cpi,2008,persistence_scarcity,12.4455793463192,5.878860354854801
ZMB-fed(KEN+TZA+UGA),2005,3,inflation_cpi,2008,chronos_scarcity,12.4455793463192,9.762584868768691
ZMB-fed(KEN+TZA+UGA),2005,3,inflation_cpi,2008,gnn_scarcity,12.4455793463192,53.1941911614933
ZMB-fed(KEN+TZA+UGA),2005,5,inflation_cpi,2010,persistence,8.50176133365265,9.82267836752135
ZMB-fed(KEN+TZA+UGA),2005,5,inflation_cpi,2010,arima,8.50176133365265,9.830479656403226
ZMB-fed(KEN+TZA+UGA),2005,5,inflation_cpi,2010,chronos,8.50176133365265,13.502673251918639
ZMB-fed(KEN+TZA+UGA),2005,5,inflation_cpi,2010,xgb_blind,8.50176133365265,11.730788333705748
ZMB-fed(KEN+TZA+UGA),2005,5,inflation_cpi,2010,xgb_lag,8.50176133365265,9.830479656403226
ZMB-fed(KEN+TZA+UGA),2005,5,inflation_cpi,2010,xgb_typed,8.50176133365265,9.830479656403226
ZMB-fed(KEN+TZA+UGA),2005,5,inflation_cpi,2010,lgbm_blind,8.50176133365265,17.045412079710722
ZMB-fed(KEN+TZA+UGA),2005,5,inflation_cpi,2010,lgbm_lag,8.50176133365265,9.830479656403226
ZMB-fed(KEN+TZA+UGA),2005,5,inflation_cpi,2010,lgbm_typed,8.50176133365265,9.830479656403226
ZMB-fed(KEN+TZA+UGA),2005,5,inflation_cpi,2010,tft,8.50176133365265,11.95104513912567
ZMB-fed(KEN+TZA+UGA),2005,5,inflation_cpi,2010,tgcn,8.50176133365265,
ZMB-fed(KEN+TZA+UGA),2005,5,inflation_cpi,2010,persistence_scarcity,8.50176133365265,9.82267836752135
ZMB-fed(KEN+TZA+UGA),2005,5,inflation_cpi,2010,chronos_scarcity,8.50176133365265,13.502673251918639
ZMB-fed(KEN+TZA+UGA),2005,5,inflation_cpi,2010,gnn_scarcity,8.50176133365265,45.907708270839535
ZMB-fed(KEN+TZA+UGA),2005,1,unemployment,2006,persistence,13.229,2.671000000000001
ZMB-fed(KEN+TZA+UGA),2005,1,unemployment,2006,arima,13.229,3.088529389598996
ZMB-fed(KEN+TZA+UGA),2005,1,unemployment,2006,chronos,13.229,3.402721496582032
ZMB-fed(KEN+TZA+UGA),2005,1,unemployment,2006,xgb_blind,13.229,1.820969673156739
ZMB-fed(KEN+TZA+UGA),2005,1,unemployment,2006,xgb_lag,13.229,3.088529389598996
ZMB-fed(KEN+TZA+UGA),2005,1,unemployment,2006,xgb_typed,13.229,3.088529389598996
ZMB-fed(KEN+TZA+UGA),2005,1,unemployment,2006,lgbm_blind,13.229,2.315200007120769
ZMB-fed(KEN+TZA+UGA),2005,1,unemployment,2006,lgbm_lag,13.229,3.088529389598996
ZMB-fed(KEN+TZA+UGA),2005,1,unemployment,2006,lgbm_typed,13.229,3.088529389598996
ZMB-fed(KEN+TZA+UGA),2005,1,unemployment,2006,tft,13.229,3.2760373077392586
ZMB-fed(KEN+TZA+UGA),2005,1,unemployment,2006,tgcn,13.229,
ZMB-fed(KEN+TZA+UGA),2005,1,unemployment,2006,persistence_scarcity,13.229,2.671000000000001
ZMB-fed(KEN+TZA+UGA),2005,1,unemployment,2006,chronos_scarcity,13.229,3.402721496582032
ZMB-fed(KEN+TZA+UGA),2005,1,unemployment,2006,gnn_scarcity,13.229,2.0737524948120125
ZMB-fed(KEN+TZA+UGA),2005,3,unemployment,2008,persistence,7.93,7.970000000000001
ZMB-fed(KEN+TZA+UGA),2005,3,unemployment,2008,arima,7.93,8.920062983562435
ZMB-fed(KEN+TZA+UGA),2005,3,unemployment,2008,chronos,7.93,9.221466369628907
ZMB-fed(KEN+TZA+UGA),2005,3,unemployment,2008,xgb_blind,7.93,7.62300521850586
ZMB-fed(KEN+TZA+UGA),2005,3,unemployment,2008,xgb_lag,7.93,8.920062983562435
ZMB-fed(KEN+TZA+UGA),2005,3,unemployment,2008,xgb_typed,7.93,8.920062983562435
ZMB-fed(KEN+TZA+UGA),2005,3,unemployment,2008,lgbm_blind,7.93,7.046538438063402
ZMB-fed(KEN+TZA+UGA),2005,3,unemployment,2008,lgbm_lag,7.93,8.920062983562435
ZMB-fed(KEN+TZA+UGA),2005,3,unemployment,2008,lgbm_typed,7.93,8.920062983562435
ZMB-fed(KEN+TZA+UGA),2005,3,unemployment,2008,tft,7.93,9.835264511108399
ZMB-fed(KEN+TZA+UGA),2005,3,unemployment,2008,tgcn,7.93,
ZMB-fed(KEN+TZA+UGA),2005,3,unemployment,2008,persistence_scarcity,7.93,7.970000000000001
ZMB-fed(KEN+TZA+UGA),2005,3,unemployment,2008,chronos_scarcity,7.93,9.221466369628907
ZMB-fed(KEN+TZA+UGA),2005,3,unemployment,2008,gnn_scarcity,7.93,8.326481170654297
ZMB-fed(KEN+TZA+UGA),2005,5,unemployment,2010,persistence,13.19,2.710000000000001
ZMB-fed(KEN+TZA+UGA),2005,5,unemployment,2010,arima,13.19,3.947819017722926
ZMB-fed(KEN+TZA+UGA),2005,5,unemployment,2010,chronos,13.19,4.53895622253418
ZMB-fed(KEN+TZA+UGA),2005,5,unemployment,2010,xgb_blind,13.19,0.7740293121337896
ZMB-fed(KEN+TZA+UGA),2005,5,unemployment,2010,xgb_lag,13.19,3.947819017722926
ZMB-fed(KEN+TZA+UGA),2005,5,unemployment,2010,xgb_typed,13.19,3.947819017722926
ZMB-fed(KEN+TZA+UGA),2005,5,unemployment,2010,lgbm_blind,13.19,1.0196363414417622
ZMB-fed(KEN+TZA+UGA),2005,5,unemployment,2010,lgbm_lag,13.19,3.947819017722926
ZMB-fed(KEN+TZA+UGA),2005,5,unemployment,2010,lgbm_typed,13.19,3.947819017722926
ZMB-fed(KEN+TZA+UGA),2005,5,unemployment,2010,tft,13.19,4.93855339050293
ZMB-fed(KEN+TZA+UGA),2005,5,unemployment,2010,tgcn,13.19,
ZMB-fed(KEN+TZA+UGA),2005,5,unemployment,2010,persistence_scarcity,13.19,2.710000000000001
ZMB-fed(KEN+TZA+UGA),2005,5,unemployment,2010,chronos_scarcity,13.19,4.53895622253418
ZMB-fed(KEN+TZA+UGA),2005,5,unemployment,2010,gnn_scarcity,13.19,2.5053763961791997
ZMB-fed(KEN+TZA+UGA),2005,1,exports_gdp,2006,persistence,32.5929586871888,1.9822463728074986
ZMB-fed(KEN+TZA+UGA),2005,1,exports_gdp,2006,arima,32.5929586871888,1.1631384503144062
ZMB-fed(KEN+TZA+UGA),2005,1,exports_gdp,2006,chronos,32.5929586871888,2.066601036431962
ZMB-fed(KEN+TZA+UGA),2005,1,exports_gdp,2006,xgb_blind,32.5929586871888,1.6967146381165321
ZMB-fed(KEN+TZA+UGA),2005,1,exports_gdp,2006,xgb_lag,32.5929586871888,1.1631384503144062
ZMB-fed(KEN+TZA+UGA),2005,1,exports_gdp,2006,xgb_typed,32.5929586871888,1.1631384503144062
ZMB-fed(KEN+TZA+UGA),2005,1,exports_gdp,2006,lgbm_blind,32.5929586871888,3.5123154783671815
ZMB-fed(KEN+TZA+UGA),2005,1,exports_gdp,2006,lgbm_lag,32.5929586871888,1.1631384503144062
ZMB-fed(KEN+TZA+UGA),2005,1,exports_gdp,2006,lgbm_typed,32.5929586871888,1.1631384503144062
ZMB-fed(KEN+TZA+UGA),2005,1,exports_gdp,2006,tft,32.5929586871888,1.8648607715393837
ZMB-fed(KEN+TZA+UGA),2005,1,exports_gdp,2006,tgcn,32.5929586871888,
ZMB-fed(KEN+TZA+UGA),2005,1,exports_gdp,2006,persistence_scarcity,32.5929586871888,1.9822463728074986
ZMB-fed(KEN+TZA+UGA),2005,1,exports_gdp,2006,chronos_scarcity,32.5929586871888,2.066601036431962
ZMB-fed(KEN+TZA+UGA),2005,1,exports_gdp,2006,gnn_scarcity,32.5929586871888,3.8960745319153602
ZMB-fed(KEN+TZA+UGA),2005,3,exports_gdp,2008,persistence,28.9193597052566,1.6913526091246993
ZMB-fed(KEN+TZA+UGA),2005,3,exports_gdp,2008,arima,28.9193597052566,2.3454623093611673
ZMB-fed(KEN+TZA+UGA),2005,3,exports_gdp,2008,chronos,28.9193597052566,3.0043349053391033
ZMB-fed(KEN+TZA+UGA),2005,3,exports_gdp,2008,xgb_blind,28.9193597052566,3.791337468815666
ZMB-fed(KEN+TZA+UGA),2005,3,exports_gdp,2008,xgb_lag,28.9193597052566,2.3454623093611673
ZMB-fed(KEN+TZA+UGA),2005,3,exports_gdp,2008,xgb_typed,28.9193597052566,2.3454623093611673
ZMB-fed(KEN+TZA+UGA),2005,3,exports_gdp,2008,lgbm_blind,28.9193597052566,0.4340627222713245
ZMB-fed(KEN+TZA+UGA),2005,3,exports_gdp,2008,lgbm_lag,28.9193597052566,2.3454623093611673
ZMB-fed(KEN+TZA+UGA),2005,3,exports_gdp,2008,lgbm_typed,28.9193597052566,2.3454623093611673
ZMB-fed(KEN+TZA+UGA),2005,3,exports_gdp,2008,tft,28.9193597052566,5.142289617253166
ZMB-fed(KEN+TZA+UGA),2005,3,exports_gdp,2008,tgcn,28.9193597052566,
ZMB-fed(KEN+TZA+UGA),2005,3,exports_gdp,2008,persistence_scarcity,28.9193597052566,1.6913526091246993
ZMB-fed(KEN+TZA+UGA),2005,3,exports_gdp,2008,chronos_scarcity,28.9193597052566,3.0043349053391033
ZMB-fed(KEN+TZA+UGA),2005,3,exports_gdp,2008,gnn_scarcity,28.9193597052566,1.0999769951828533
ZMB-fed(KEN+TZA+UGA),2005,5,exports_gdp,2010,persistence,37.0259333072124,6.415220992831099
ZMB-fed(KEN+TZA+UGA),2005,5,exports_gdp,2010,arima,37.0259333072124,5.774012867528061
ZMB-fed(KEN+TZA+UGA),2005,5,exports_gdp,2010,chronos,37.0259333072124,4.779782336753414
ZMB-fed(KEN+TZA+UGA),2005,5,exports_gdp,2010,xgb_blind,37.0259333072124,10.202715915244625
ZMB-fed(KEN+TZA+UGA),2005,5,exports_gdp,2010,xgb_lag,37.0259333072124,5.774012867528061
ZMB-fed(KEN+TZA+UGA),2005,5,exports_gdp,2010,xgb_typed,37.0259333072124,5.774012867528061
ZMB-fed(KEN+TZA+UGA),2005,5,exports_gdp,2010,lgbm_blind,37.0259333072124,9.352472086731218
ZMB-fed(KEN+TZA+UGA),2005,5,exports_gdp,2010,lgbm_lag,37.0259333072124,5.774012867528061
ZMB-fed(KEN+TZA+UGA),2005,5,exports_gdp,2010,lgbm_typed,37.0259333072124,5.774012867528061
ZMB-fed(KEN+TZA+UGA),2005,5,exports_gdp,2010,tft,37.0259333072124,1.3002176700053667
ZMB-fed(KEN+TZA+UGA),2005,5,exports_gdp,2010,tgcn,37.0259333072124,
ZMB-fed(KEN+TZA+UGA),2005,5,exports_gdp,2010,persistence_scarcity,37.0259333072124,6.415220992831099
ZMB-fed(KEN+TZA+UGA),2005,5,exports_gdp,2010,chronos_scarcity,37.0259333072124,4.779782336753414
ZMB-fed(KEN+TZA+UGA),2005,5,exports_gdp,2010,gnn_scarcity,37.0259333072124,7.784630816978023
ZMB-fed(KEN+TZA+UGA),2005,1,imports_gdp,2006,persistence,25.2638601867139,6.325709690268901
ZMB-fed(KEN+TZA+UGA),2005,1,imports_gdp,2006,arima,25.2638601867139,5.982505612206481
ZMB-fed(KEN+TZA+UGA),2005,1,imports_gdp,2006,chronos,25.2638601867139,6.751184979301726
ZMB-fed(KEN+TZA+UGA),2005,1,imports_gdp,2006,xgb_blind,25.2638601867139,6.97227720342282
ZMB-fed(KEN+TZA+UGA),2005,1,imports_gdp,2006,xgb_lag,25.2638601867139,5.982505612206481
ZMB-fed(KEN+TZA+UGA),2005,1,imports_gdp,2006,xgb_typed,25.2638601867139,5.982505612206481
ZMB-fed(KEN+TZA+UGA),2005,1,imports_gdp,2006,lgbm_blind,25.2638601867139,9.604815299532845
ZMB-fed(KEN+TZA+UGA),2005,1,imports_gdp,2006,lgbm_lag,25.2638601867139,5.982505612206481
ZMB-fed(KEN+TZA+UGA),2005,1,imports_gdp,2006,lgbm_typed,25.2638601867139,5.982505612206481
ZMB-fed(KEN+TZA+UGA),2005,1,imports_gdp,2006,tft,25.2638601867139,5.859482327324187
ZMB-fed(KEN+TZA+UGA),2005,1,imports_gdp,2006,tgcn,25.2638601867139,
ZMB-fed(KEN+TZA+UGA),2005,1,imports_gdp,2006,persistence_scarcity,25.2638601867139,6.325709690268901
ZMB-fed(KEN+TZA+UGA),2005,1,imports_gdp,2006,chronos_scarcity,25.2638601867139,6.751184979301726
ZMB-fed(KEN+TZA+UGA),2005,1,imports_gdp,2006,gnn_scarcity,25.2638601867139,9.12489942632321
ZMB-fed(KEN+TZA+UGA),2005,3,imports_gdp,2008,persistence,30.5355294153308,1.0540404616520007
ZMB-fed(KEN+TZA+UGA),2005,3,imports_gdp,2008,arima,30.5355294153308,0.68886025557617
ZMB-fed(KEN+TZA+UGA),2005,3,imports_gdp,2008,chronos,30.5355294153308,3.3927733495617787
ZMB-fed(KEN+TZA+UGA),2005,3,imports_gdp,2008,xgb_blind,30.5355294153308,2.638039310255138
ZMB-fed(KEN+TZA+UGA),2005,3,imports_gdp,2008,xgb_lag,30.5355294153308,0.68886025557617
ZMB-fed(KEN+TZA+UGA),2005,3,imports_gdp,2008,xgb_typed,30.5355294153308,0.68886025557617
ZMB-fed(KEN+TZA+UGA),2005,3,imports_gdp,2008,lgbm_blind,30.5355294153308,4.512911664615864
ZMB-fed(KEN+TZA+UGA),2005,3,imports_gdp,2008,lgbm_lag,30.5355294153308,0.68886025557617
ZMB-fed(KEN+TZA+UGA),2005,3,imports_gdp,2008,lgbm_typed,30.5355294153308,0.68886025557617
ZMB-fed(KEN+TZA+UGA),2005,3,imports_gdp,2008,tft,30.5355294153308,0.5238043859387318
ZMB-fed(KEN+TZA+UGA),2005,3,imports_gdp,2008,tgcn,30.5355294153308,
ZMB-fed(KEN+TZA+UGA),2005,3,imports_gdp,2008,persistence_scarcity,30.5355294153308,1.0540404616520007
ZMB-fed(KEN+TZA+UGA),2005,3,imports_gdp,2008,chronos_scarcity,30.5355294153308,3.3927733495617787
ZMB-fed(KEN+TZA+UGA),2005,3,imports_gdp,2008,gnn_scarcity,30.5355294153308,4.713318546094982
ZMB-fed(KEN+TZA+UGA),2005,5,imports_gdp,2010,persistence,27.9887692133998,3.6008006635830014
ZMB-fed(KEN+TZA+UGA),2005,5,imports_gdp,2010,arima,27.9887692133998,3.235540322765388
ZMB-fed(KEN+TZA+UGA),2005,5,imports_gdp,2010,chronos,27.9887692133998,5.1742328007603575
ZMB-fed(KEN+TZA+UGA),2005,5,imports_gdp,2010,xgb_blind,27.9887692133998,5.309788068094342
ZMB-fed(KEN+TZA+UGA),2005,5,imports_gdp,2010,xgb_lag,27.9887692133998,3.235540322765388
ZMB-fed(KEN+TZA+UGA),2005,5,imports_gdp,2010,xgb_typed,27.9887692133998,3.235540322765388
ZMB-fed(KEN+TZA+UGA),2005,5,imports_gdp,2010,lgbm_blind,27.9887692133998,7.304806767046756
ZMB-fed(KEN+TZA+UGA),2005,5,imports_gdp,2010,lgbm_lag,27.9887692133998,3.235540322765388
ZMB-fed(KEN+TZA+UGA),2005,5,imports_gdp,2010,lgbm_typed,27.9887692133998,3.235540322765388
ZMB-fed(KEN+TZA+UGA),2005,5,imports_gdp,2010,tft,27.9887692133998,3.043032010355084
ZMB-fed(KEN+TZA+UGA),2005,5,imports_gdp,2010,tgcn,27.9887692133998,
ZMB-fed(KEN+TZA+UGA),2005,5,imports_gdp,2010,persistence_scarcity,27.9887692133998,3.6008006635830014
ZMB-fed(KEN+TZA+UGA),2005,5,imports_gdp,2010,chronos_scarcity,27.9887692133998,5.1742328007603575
ZMB-fed(KEN+TZA+UGA),2005,5,imports_gdp,2010,gnn_scarcity,27.9887692133998,6.7540667851353575
ZMB-fed(KEN+TZA+UGA),2005,1,current_account,2006,persistence,4.64474506229629,7.42972921090716
ZMB-fed(KEN+TZA+UGA),2005,1,current_account,2006,arima,4.64474506229629,8.849821509010823
ZMB-fed(KEN+TZA+UGA),2005,1,current_account,2006,chronos,4.64474506229629,7.3219024643348645
ZMB-fed(KEN+TZA+UGA),2005,1,current_account,2006,xgb_blind,4.64474506229629,8.499041984980007
ZMB-fed(KEN+TZA+UGA),2005,1,current_account,2006,xgb_lag,4.64474506229629,8.849821509010823
ZMB-fed(KEN+TZA+UGA),2005,1,current_account,2006,xgb_typed,4.64474506229629,8.849821509010823
ZMB-fed(KEN+TZA+UGA),2005,1,current_account,2006,lgbm_blind,4.64474506229629,15.42457141727676
ZMB-fed(KEN+TZA+UGA),2005,1,current_account,2006,lgbm_lag,4.64474506229629,8.849821509010823
ZMB-fed(KEN+TZA+UGA),2005,1,current_account,2006,lgbm_typed,4.64474506229629,8.849821509010823
ZMB-fed(KEN+TZA+UGA),2005,1,current_account,2006,tft,4.64474506229629,7.02742500156631
ZMB-fed(KEN+TZA+UGA),2005,1,current_account,2006,tgcn,4.64474506229629,
ZMB-fed(KEN+TZA+UGA),2005,1,current_account,2006,persistence_scarcity,4.64474506229629,7.42972921090716
ZMB-fed(KEN+TZA+UGA),2005,1,current_account,2006,chronos_scarcity,4.64474506229629,7.3219024643348645
ZMB-fed(KEN+TZA+UGA),2005,1,current_account,2006,gnn_scarcity,4.64474506229629,16.70336551517715
ZMB-fed(KEN+TZA+UGA),2005,3,current_account,2008,persistence,-3.33057905300122,0.5455949043903501
ZMB-fed(KEN+TZA+UGA),2005,3,current_account,2008,arima,-3.33057905300122,0.5627535125293375
ZMB-fed(KEN+TZA+UGA),2005,3,current_account,2008,chronos,-3.33057905300122,0.5821881188585212
ZMB-fed(KEN+TZA+UGA),2005,3,current_account,2008,xgb_blind,-3.33057905300122,3.9735820187761237
ZMB-fed(KEN+TZA+UGA),2005,3,current_account,2008,xgb_lag,-3.33057905300122,0.5627535125293375
ZMB-fed(KEN+TZA+UGA),2005,3,current_account,2008,xgb_typed,-3.33057905300122,0.5627535125293375
ZMB-fed(KEN+TZA+UGA),2005,3,current_account,2008,lgbm_blind,-3.33057905300122,7.714923389578784
ZMB-fed(KEN+TZA+UGA),2005,3,current_account,2008,lgbm_lag,-3.33057905300122,0.5627535125293375
ZMB-fed(KEN+TZA+UGA),2005,3,current_account,2008,lgbm_typed,-3.33057905300122,0.5627535125293375
ZMB-fed(KEN+TZA+UGA),2005,3,current_account,2008,tft,-3.33057905300122,6.662354718284423
ZMB-fed(KEN+TZA+UGA),2005,3,current_account,2008,tgcn,-3.33057905300122,
ZMB-fed(KEN+TZA+UGA),2005,3,current_account,2008,persistence_scarcity,-3.33057905300122,0.5455949043903501
ZMB-fed(KEN+TZA+UGA),2005,3,current_account,2008,chronos_scarcity,-3.33057905300122,0.5821881188585212
ZMB-fed(KEN+TZA+UGA),2005,3,current_account,2008,gnn_scarcity,-3.33057905300122,6.988789309425538
ZMB-fed(KEN+TZA+UGA),2005,5,current_account,2010,persistence,7.52549147652086,10.31047562513173
ZMB-fed(KEN+TZA+UGA),2005,5,current_account,2010,arima,7.52549147652086,11.385809857228585
ZMB-fed(KEN+TZA+UGA),2005,5,current_account,2010,chronos,7.52549147652086,10.779266596302353
ZMB-fed(KEN+TZA+UGA),2005,5,current_account,2010,xgb_blind,7.52549147652086,22.820710897907578
ZMB-fed(KEN+TZA+UGA),2005,5,current_account,2010,xgb_lag,7.52549147652086,11.385809857228585
ZMB-fed(KEN+TZA+UGA),2005,5,current_account,2010,xgb_typed,7.52549147652086,11.385809857228585
ZMB-fed(KEN+TZA+UGA),2005,5,current_account,2010,lgbm_blind,7.52549147652086,18.933279493100226
ZMB-fed(KEN+TZA+UGA),2005,5,current_account,2010,lgbm_lag,7.52549147652086,11.385809857228585
ZMB-fed(KEN+TZA+UGA),2005,5,current_account,2010,lgbm_typed,7.52549147652086,11.385809857228585
ZMB-fed(KEN+TZA+UGA),2005,5,current_account,2010,tft,7.52549147652086,3.9890038971751567
ZMB-fed(KEN+TZA+UGA),2005,5,current_account,2010,tgcn,7.52549147652086,
ZMB-fed(KEN+TZA+UGA),2005,5,current_account,2010,persistence_scarcity,7.52549147652086,10.31047562513173
ZMB-fed(KEN+TZA+UGA),2005,5,current_account,2010,chronos_scarcity,7.52549147652086,10.779266596302353
ZMB-fed(KEN+TZA+UGA),2005,5,current_account,2010,gnn_scarcity,7.52549147652086,18.86810851143297
ZMB-fed(KEN+TZA+UGA),2005,1,real_interest_rate,2006,persistence,7.51782024205524,2.3912649422374894
ZMB-fed(KEN+TZA+UGA),2005,1,real_interest_rate,2006,arima,7.51782024205524,2.279241454778985
ZMB-fed(KEN+TZA+UGA),2005,1,real_interest_rate,2006,chronos,7.51782024205524,3.0879365175883144
ZMB-fed(KEN+TZA+UGA),2005,1,real_interest_rate,2006,xgb_blind,7.51782024205524,0.09131347834270898
ZMB-fed(KEN+TZA+UGA),2005,1,real_interest_rate,2006,xgb_lag,7.51782024205524,2.279241454778985
ZMB-fed(KEN+TZA+UGA),2005,1,real_interest_rate,2006,xgb_typed,7.51782024205524,2.279241454778985
ZMB-fed(KEN+TZA+UGA),2005,1,real_interest_rate,2006,lgbm_blind,7.51782024205524,2.190835200754784
ZMB-fed(KEN+TZA+UGA),2005,1,real_interest_rate,2006,lgbm_lag,7.51782024205524,2.279241454778985
ZMB-fed(KEN+TZA+UGA),2005,1,real_interest_rate,2006,lgbm_typed,7.51782024205524,2.279241454778985
ZMB-fed(KEN+TZA+UGA),2005,1,real_interest_rate,2006,tft,7.51782024205524,7.075740930430111
ZMB-fed(KEN+TZA+UGA),2005,1,real_interest_rate,2006,tgcn,7.51782024205524,
ZMB-fed(KEN+TZA+UGA),2005,1,real_interest_rate,2006,persistence_scarcity,7.51782024205524,2.3912649422374894
ZMB-fed(KEN+TZA+UGA),2005,1,real_interest_rate,2006,chronos_scarcity,7.51782024205524,3.0879365175883144
ZMB-fed(KEN+TZA+UGA),2005,1,real_interest_rate,2006,gnn_scarcity,7.51782024205524,8.180167797215763
ZMB-fed(KEN+TZA+UGA),2005,3,real_interest_rate,2008,persistence,7.61379538117008,2.2952898031226496
ZMB-fed(KEN+TZA+UGA),2005,3,real_interest_rate,2008,arima,7.61379538117008,2.1981160016927177
ZMB-fed(KEN+TZA+UGA),2005,3,real_interest_rate,2008,chronos,7.61379538117008,1.944481748956873
ZMB-fed(KEN+TZA+UGA),2005,3,real_interest_rate,2008,xgb_blind,7.61379538117008,3.5246924346868536
ZMB-fed(KEN+TZA+UGA),2005,3,real_interest_rate,2008,xgb_lag,7.61379538117008,2.1981160016927177
ZMB-fed(KEN+TZA+UGA),2005,3,real_interest_rate,2008,xgb_typed,7.61379538117008,2.1981160016927177
ZMB-fed(KEN+TZA+UGA),2005,3,real_interest_rate,2008,lgbm_blind,7.61379538117008,3.7299669432364713
ZMB-fed(KEN+TZA+UGA),2005,3,real_interest_rate,2008,lgbm_lag,7.61379538117008,2.1981160016927177
ZMB-fed(KEN+TZA+UGA),2005,3,real_interest_rate,2008,lgbm_typed,7.61379538117008,2.1981160016927177
ZMB-fed(KEN+TZA+UGA),2005,3,real_interest_rate,2008,tft,7.61379538117008,6.845394987482264
ZMB-fed(KEN+TZA+UGA),2005,3,real_interest_rate,2008,tgcn,7.61379538117008,
ZMB-fed(KEN+TZA+UGA),2005,3,real_interest_rate,2008,persistence_scarcity,7.61379538117008,2.2952898031226496
ZMB-fed(KEN+TZA+UGA),2005,3,real_interest_rate,2008,chronos_scarcity,7.61379538117008,1.944481748956873
ZMB-fed(KEN+TZA+UGA),2005,3,real_interest_rate,2008,gnn_scarcity,7.61379538117008,0.88259420929508
ZMB-fed(KEN+TZA+UGA),2005,5,real_interest_rate,2010,persistence,6.11294221169531,3.79614297259742
ZMB-fed(KEN+TZA+UGA),2005,5,real_interest_rate,2010,arima,6.11294221169531,3.699336614707538
ZMB-fed(KEN+TZA+UGA),2005,5,real_interest_rate,2010,chronos,6.11294221169531,3.5762696337026396
ZMB-fed(KEN+TZA+UGA),2005,5,real_interest_rate,2010,xgb_blind,6.11294221169531,9.578940875462894
ZMB-fed(KEN+TZA+UGA),2005,5,real_interest_rate,2010,xgb_lag,6.11294221169531,3.699336614707538
ZMB-fed(KEN+TZA+UGA),2005,5,real_interest_rate,2010,xgb_typed,6.11294221169531,3.699336614707538
ZMB-fed(KEN+TZA+UGA),2005,5,real_interest_rate,2010,lgbm_blind,6.11294221169531,8.937907789553137
ZMB-fed(KEN+TZA+UGA),2005,5,real_interest_rate,2010,lgbm_lag,6.11294221169531,3.699336614707538
ZMB-fed(KEN+TZA+UGA),2005,5,real_interest_rate,2010,lgbm_typed,6.11294221169531,3.699336614707538
ZMB-fed(KEN+TZA+UGA),2005,5,real_interest_rate,2010,tft,6.11294221169531,8.234415538243656
ZMB-fed(KEN+TZA+UGA),2005,5,real_interest_rate,2010,tgcn,6.11294221169531,
ZMB-fed(KEN+TZA+UGA),2005,5,real_interest_rate,2010,persistence_scarcity,6.11294221169531,3.79614297259742
ZMB-fed(KEN+TZA+UGA),2005,5,real_interest_rate,2010,chronos_scarcity,6.11294221169531,3.5762696337026396
ZMB-fed(KEN+TZA+UGA),2005,5,real_interest_rate,2010,gnn_scarcity,6.11294221169531,3.731566898890134
ZMB-fed(KEN+TZA+UGA),2005,1,broad_money,2006,persistence,18.0615885624267,2.5644869309124
ZMB-fed(KEN+TZA+UGA),2005,1,broad_money,2006,arima,18.0615885624267,2.1590269882877475
ZMB-fed(KEN+TZA+UGA),2005,1,broad_money,2006,chronos,18.0615885624267,2.231025970873965
ZMB-fed(KEN+TZA+UGA),2005,1,broad_money,2006,xgb_blind,18.0615885624267,2.065421379504336
ZMB-fed(KEN+TZA+UGA),2005,1,broad_money,2006,xgb_lag,18.0615885624267,2.1590269882877475
ZMB-fed(KEN+TZA+UGA),2005,1,broad_money,2006,xgb_typed,18.0615885624267,2.1590269882877475
ZMB-fed(KEN+TZA+UGA),2005,1,broad_money,2006,lgbm_blind,18.0615885624267,0.4815256962157619
ZMB-fed(KEN+TZA+UGA),2005,1,broad_money,2006,lgbm_lag,18.0615885624267,2.1590269882877475
ZMB-fed(KEN+TZA+UGA),2005,1,broad_money,2006,lgbm_typed,18.0615885624267,2.1590269882877475
ZMB-fed(KEN+TZA+UGA),2005,1,broad_money,2006,tft,18.0615885624267,0.854194916186465
ZMB-fed(KEN+TZA+UGA),2005,1,broad_money,2006,tgcn,18.0615885624267,
ZMB-fed(KEN+TZA+UGA),2005,1,broad_money,2006,persistence_scarcity,18.0615885624267,2.5644869309124
ZMB-fed(KEN+TZA+UGA),2005,1,broad_money,2006,chronos_scarcity,18.0615885624267,2.231025970873965
ZMB-fed(KEN+TZA+UGA),2005,1,broad_money,2006,gnn_scarcity,18.0615885624267,0.7040903934813869
ZMB-fed(KEN+TZA+UGA),2005,3,broad_money,2008,persistence,19.101743578019,3.6046419465047013
ZMB-fed(KEN+TZA+UGA),2005,3,broad_money,2008,arima,19.101743578019,3.2431396206275434
ZMB-fed(KEN+TZA+UGA),2005,3,broad_money,2008,chronos,19.101743578019,1.5703696003578678
ZMB-fed(KEN+TZA+UGA),2005,3,broad_money,2008,xgb_blind,19.101743578019,1.547712205948688
ZMB-fed(KEN+TZA+UGA),2005,3,broad_money,2008,xgb_lag,19.101743578019,3.2431396206275434
ZMB-fed(KEN+TZA+UGA),2005,3,broad_money,2008,xgb_typed,19.101743578019,3.2431396206275434
ZMB-fed(KEN+TZA+UGA),2005,3,broad_money,2008,lgbm_blind,19.101743578019,2.257064845953945
ZMB-fed(KEN+TZA+UGA),2005,3,broad_money,2008,lgbm_lag,19.101743578019,3.2431396206275434
ZMB-fed(KEN+TZA+UGA),2005,3,broad_money,2008,lgbm_typed,19.101743578019,3.2431396206275434
ZMB-fed(KEN+TZA+UGA),2005,3,broad_money,2008,tft,19.101743578019,1.9029711475990787
ZMB-fed(KEN+TZA+UGA),2005,3,broad_money,2008,tgcn,19.101743578019,
ZMB-fed(KEN+TZA+UGA),2005,3,broad_money,2008,persistence_scarcity,19.101743578019,3.6046419465047013
ZMB-fed(KEN+TZA+UGA),2005,3,broad_money,2008,chronos_scarcity,19.101743578019,1.5703696003578678
ZMB-fed(KEN+TZA+UGA),2005,3,broad_money,2008,gnn_scarcity,19.101743578019,0.7129687061928287
ZMB-fed(KEN+TZA+UGA),2005,5,broad_money,2010,persistence,18.4296329419961,2.932531310481801
ZMB-fed(KEN+TZA+UGA),2005,5,broad_money,2010,arima,18.4296329419961,2.5717018401179104
ZMB-fed(KEN+TZA+UGA),2005,5,broad_money,2010,chronos,18.4296329419961,0.5057571332802802
ZMB-fed(KEN+TZA+UGA),2005,5,broad_money,2010,xgb_blind,18.4296329419961,1.6331546705117255
ZMB-fed(KEN+TZA+UGA),2005,5,broad_money,2010,xgb_lag,18.4296329419961,2.5717018401179104
ZMB-fed(KEN+TZA+UGA),2005,5,broad_money,2010,xgb_typed,18.4296329419961,2.5717018401179104
ZMB-fed(KEN+TZA+UGA),2005,5,broad_money,2010,lgbm_blind,18.4296329419961,1.0345659871232762
ZMB-fed(KEN+TZA+UGA),2005,5,broad_money,2010,lgbm_lag,18.4296329419961,2.5717018401179104
ZMB-fed(KEN+TZA+UGA),2005,5,broad_money,2010,lgbm_typed,18.4296329419961,2.5717018401179104
ZMB-fed(KEN+TZA+UGA),2005,5,broad_money,2010,tft,18.4296329419961,1.2343089979043036
ZMB-fed(KEN+TZA+UGA),2005,5,broad_money,2010,tgcn,18.4296329419961,
ZMB-fed(KEN+TZA+UGA),2005,5,broad_money,2010,persistence_scarcity,18.4296329419961,2.932531310481801
ZMB-fed(KEN+TZA+UGA),2005,5,broad_money,2010,chronos_scarcity,18.4296329419961,0.5057571332802802
ZMB-fed(KEN+TZA+UGA),2005,5,broad_money,2010,gnn_scarcity,18.4296329419961,0.6475875776162177
ZMB-fed(KEN+TZA+UGA),2005,1,private_credit,2006,persistence,13.6929591153621,0.0
ZMB-fed(KEN+TZA+UGA),2005,1,private_credit,2006,arima,13.6929591153621,0.0
ZMB-fed(KEN+TZA+UGA),2005,1,private_credit,2006,chronos,13.6929591153621,0.040153786992959795
ZMB-fed(KEN+TZA+UGA),2005,1,private_credit,2006,xgb_blind,13.6929591153621,2.835749910445884e-07
ZMB-fed(KEN+TZA+UGA),2005,1,private_credit,2006,xgb_lag,13.6929591153621,0.0
ZMB-fed(KEN+TZA+UGA),2005,1,private_credit,2006,xgb_typed,13.6929591153621,0.0
ZMB-fed(KEN+TZA+UGA),2005,1,private_credit,2006,lgbm_blind,13.6929591153621,2.835749910445884e-07
ZMB-fed(KEN+TZA+UGA),2005,1,private_credit,2006,lgbm_lag,13.6929591153621,0.0
ZMB-fed(KEN+TZA+UGA),2005,1,private_credit,2006,lgbm_typed,13.6929591153621,0.0
ZMB-fed(KEN+TZA+UGA),2005,1,private_credit,2006,tft,13.6929591153621,0.0645068143367098
ZMB-fed(KEN+TZA+UGA),2005,1,private_credit,2006,tgcn,13.6929591153621,
ZMB-fed(KEN+TZA+UGA),2005,1,private_credit,2006,persistence_scarcity,13.6929591153621,0.0
ZMB-fed(KEN+TZA+UGA),2005,1,private_credit,2006,chronos_scarcity,13.6929591153621,0.040153786992959795
ZMB-fed(KEN+TZA+UGA),2005,1,private_credit,2006,gnn_scarcity,13.6929591153621,1.6237736417679116e-06
ZMB-fed(KEN+TZA+UGA),2005,3,private_credit,2008,persistence,13.6929591153621,0.0
ZMB-fed(KEN+TZA+UGA),2005,3,private_credit,2008,arima,13.6929591153621,0.0
ZMB-fed(KEN+TZA+UGA),2005,3,private_credit,2008,chronos,13.6929591153621,0.040153786992959795
ZMB-fed(KEN+TZA+UGA),2005,3,private_credit,2008,xgb_blind,13.6929591153621,2.835749910445884e-07
ZMB-fed(KEN+TZA+UGA),2005,3,private_credit,2008,xgb_lag,13.6929591153621,0.0
ZMB-fed(KEN+TZA+UGA),2005,3,private_credit,2008,xgb_typed,13.6929591153621,0.0
ZMB-fed(KEN+TZA+UGA),2005,3,private_credit,2008,lgbm_blind,13.6929591153621,2.835749910445884e-07
ZMB-fed(KEN+TZA+UGA),2005,3,private_credit,2008,lgbm_lag,13.6929591153621,0.0
ZMB-fed(KEN+TZA+UGA),2005,3,private_credit,2008,lgbm_typed,13.6929591153621,0.0
ZMB-fed(KEN+TZA+UGA),2005,3,private_credit,2008,tft,13.6929591153621,0.0406582807063387
ZMB-fed(KEN+TZA+UGA),2005,3,private_credit,2008,tgcn,13.6929591153621,
ZMB-fed(KEN+TZA+UGA),2005,3,private_credit,2008,persistence_scarcity,13.6929591153621,0.0
ZMB-fed(KEN+TZA+UGA),2005,3,private_credit,2008,chronos_scarcity,13.6929591153621,0.040153786992959795
ZMB-fed(KEN+TZA+UGA),2005,3,private_credit,2008,gnn_scarcity,13.6929591153621,3.5311222745804116e-06
ZMB-fed(KEN+TZA+UGA),2005,5,private_credit,2010,persistence,13.6929591153621,0.0
ZMB-fed(KEN+TZA+UGA),2005,5,private_credit,2010,arima,13.6929591153621,0.0
ZMB-fed(KEN+TZA+UGA),2005,5,private_credit,2010,chronos,13.6929591153621,0.040153786992959795
ZMB-fed(KEN+TZA+UGA),2005,5,private_credit,2010,xgb_blind,13.6929591153621,2.835749910445884e-07
ZMB-fed(KEN+TZA+UGA),2005,5,private_credit,2010,xgb_lag,13.6929591153621,0.0
ZMB-fed(KEN+TZA+UGA),2005,5,private_credit,2010,xgb_typed,13.6929591153621,0.0
ZMB-fed(KEN+TZA+UGA),2005,5,private_credit,2010,lgbm_blind,13.6929591153621,2.835749910445884e-07
ZMB-fed(KEN+TZA+UGA),2005,5,private_credit,2010,lgbm_lag,13.6929591153621,0.0
ZMB-fed(KEN+TZA+UGA),2005,5,private_credit,2010,lgbm_typed,13.6929591153621,0.0
ZMB-fed(KEN+TZA+UGA),2005,5,private_credit,2010,tft,13.6929591153621,0.03316335425370198
ZMB-fed(KEN+TZA+UGA),2005,5,private_credit,2010,tgcn,13.6929591153621,
ZMB-fed(KEN+TZA+UGA),2005,5,private_credit,2010,persistence_scarcity,13.6929591153621,0.0
ZMB-fed(KEN+TZA+UGA),2005,5,private_credit,2010,chronos_scarcity,13.6929591153621,0.040153786992959795
ZMB-fed(KEN+TZA+UGA),2005,5,private_credit,2010,gnn_scarcity,13.6929591153621,2.5774479581741616e-06
ZMB-fed(KEN+TZA+UGA),2005,1,govt_consumption,2006,persistence,8.65362421922944,0.0
ZMB-fed(KEN+TZA+UGA),2005,1,govt_consumption,2006,arima,8.65362421922944,0.0
ZMB-fed(KEN+TZA+UGA),2005,1,govt_consumption,2006,chronos,8.65362421922944,0.025376958182077303
ZMB-fed(KEN+TZA+UGA),2005,1,govt_consumption,2006,xgb_blind,8.65362421922944,3.153774930098052e-07
ZMB-fed(KEN+TZA+UGA),2005,1,govt_consumption,2006,xgb_lag,8.65362421922944,0.0
ZMB-fed(KEN+TZA+UGA),2005,1,govt_consumption,2006,xgb_typed,8.65362421922944,0.0
ZMB-fed(KEN+TZA+UGA),2005,1,govt_consumption,2006,lgbm_blind,8.65362421922944,3.153774930098052e-07
ZMB-fed(KEN+TZA+UGA),2005,1,govt_consumption,2006,lgbm_lag,8.65362421922944,0.0
ZMB-fed(KEN+TZA+UGA),2005,1,govt_consumption,2006,lgbm_typed,8.65362421922944,0.0
ZMB-fed(KEN+TZA+UGA),2005,1,govt_consumption,2006,tft,8.65362421922944,0.06450621538422574
ZMB-fed(KEN+TZA+UGA),2005,1,govt_consumption,2006,tgcn,8.65362421922944,
ZMB-fed(KEN+TZA+UGA),2005,1,govt_consumption,2006,persistence_scarcity,8.65362421922944,0.0
ZMB-fed(KEN+TZA+UGA),2005,1,govt_consumption,2006,chronos_scarcity,8.65362421922944,0.025376958182077303
ZMB-fed(KEN+TZA+UGA),2005,1,govt_consumption,2006,gnn_scarcity,8.65362421922944,3.153774930098052e-07
ZMB-fed(KEN+TZA+UGA),2005,3,govt_consumption,2008,persistence,8.65362421922944,0.0
ZMB-fed(KEN+TZA+UGA),2005,3,govt_consumption,2008,arima,8.65362421922944,0.0
ZMB-fed(KEN+TZA+UGA),2005,3,govt_consumption,2008,chronos,8.65362421922944,0.025376958182077303
ZMB-fed(KEN+TZA+UGA),2005,3,govt_consumption,2008,xgb_blind,8.65362421922944,3.153774930098052e-07
ZMB-fed(KEN+TZA+UGA),2005,3,govt_consumption,2008,xgb_lag,8.65362421922944,0.0
ZMB-fed(KEN+TZA+UGA),2005,3,govt_consumption,2008,xgb_typed,8.65362421922944,0.0
ZMB-fed(KEN+TZA+UGA),2005,3,govt_consumption,2008,lgbm_blind,8.65362421922944,3.153774930098052e-07
ZMB-fed(KEN+TZA+UGA),2005,3,govt_consumption,2008,lgbm_lag,8.65362421922944,0.0
ZMB-fed(KEN+TZA+UGA),2005,3,govt_consumption,2008,lgbm_typed,8.65362421922944,0.0
ZMB-fed(KEN+TZA+UGA),2005,3,govt_consumption,2008,tft,8.65362421922944,0.040657681753854646
ZMB-fed(KEN+TZA+UGA),2005,3,govt_consumption,2008,tgcn,8.65362421922944,
ZMB-fed(KEN+TZA+UGA),2005,3,govt_consumption,2008,persistence_scarcity,8.65362421922944,0.0
ZMB-fed(KEN+TZA+UGA),2005,3,govt_consumption,2008,chronos_scarcity,8.65362421922944,0.025376958182077303
ZMB-fed(KEN+TZA+UGA),2005,3,govt_consumption,2008,gnn_scarcity,8.65362421922944,3.153774930098052e-07
ZMB-fed(KEN+TZA+UGA),2005,5,govt_consumption,2010,persistence,8.65362421922944,0.0
ZMB-fed(KEN+TZA+UGA),2005,5,govt_consumption,2010,arima,8.65362421922944,0.0
ZMB-fed(KEN+TZA+UGA),2005,5,govt_consumption,2010,chronos,8.65362421922944,0.025376958182077303
ZMB-fed(KEN+TZA+UGA),2005,5,govt_consumption,2010,xgb_blind,8.65362421922944,3.153774930098052e-07
ZMB-fed(KEN+TZA+UGA),2005,5,govt_consumption,2010,xgb_lag,8.65362421922944,0.0
ZMB-fed(KEN+TZA+UGA),2005,5,govt_consumption,2010,xgb_typed,8.65362421922944,0.0
ZMB-fed(KEN+TZA+UGA),2005,5,govt_consumption,2010,lgbm_blind,8.65362421922944,3.153774930098052e-07
ZMB-fed(KEN+TZA+UGA),2005,5,govt_consumption,2010,lgbm_lag,8.65362421922944,0.0
ZMB-fed(KEN+TZA+UGA),2005,5,govt_consumption,2010,lgbm_typed,8.65362421922944,0.0
ZMB-fed(KEN+TZA+UGA),2005,5,govt_consumption,2010,tft,8.65362421922944,0.03316275530121793
ZMB-fed(KEN+TZA+UGA),2005,5,govt_consumption,2010,tgcn,8.65362421922944,
ZMB-fed(KEN+TZA+UGA),2005,5,govt_consumption,2010,persistence_scarcity,8.65362421922944,0.0
ZMB-fed(KEN+TZA+UGA),2005,5,govt_consumption,2010,chronos_scarcity,8.65362421922944,0.025376958182077303
ZMB-fed(KEN+TZA+UGA),2005,5,govt_consumption,2010,gnn_scarcity,8.65362421922944,3.153774930098052e-07
ZMB-fed(KEN+TZA+UGA),2006,1,gdp_growth,2007,persistence,8.35243624447406,0.4487417996732699
ZMB-fed(KEN+TZA+UGA),2006,1,gdp_growth,2007,arima,8.35243624447406,0.8317562493946289
ZMB-fed(KEN+TZA+UGA),2006,1,gdp_growth,2007,chronos,8.35243624447406,0.4840671419960323
ZMB-fed(KEN+TZA+UGA),2006,1,gdp_growth,2007,xgb_blind,8.35243624447406,3.0317036509376827
ZMB-fed(KEN+TZA+UGA),2006,1,gdp_growth,2007,xgb_lag,8.35243624447406,0.8317562493946289
ZMB-fed(KEN+TZA+UGA),2006,1,gdp_growth,2007,xgb_typed,8.35243624447406,0.8317562493946289
ZMB-fed(KEN+TZA+UGA),2006,1,gdp_growth,2007,lgbm_blind,8.35243624447406,4.825166776995442
ZMB-fed(KEN+TZA+UGA),2006,1,gdp_growth,2007,lgbm_lag,8.35243624447406,0.8317562493946289
ZMB-fed(KEN+TZA+UGA),2006,1,gdp_growth,2007,lgbm_typed,8.35243624447406,0.8317562493946289
ZMB-fed(KEN+TZA+UGA),2006,1,gdp_growth,2007,tft,8.35243624447406,0.45638054607928424
ZMB-fed(KEN+TZA+UGA),2006,1,gdp_growth,2007,tgcn,8.35243624447406,
ZMB-fed(KEN+TZA+UGA),2006,1,gdp_growth,2007,persistence_scarcity,8.35243624447406,0.4487417996732699
ZMB-fed(KEN+TZA+UGA),2006,1,gdp_growth,2007,chronos_scarcity,8.35243624447406,0.4840671419960323
ZMB-fed(KEN+TZA+UGA),2006,1,gdp_growth,2007,gnn_scarcity,8.35243624447406,5.782270848737365
ZMB-fed(KEN+TZA+UGA),2006,3,gdp_growth,2009,persistence,9.2203484058663,1.3166539610655104
ZMB-fed(KEN+TZA+UGA),2006,3,gdp_growth,2009,arima,9.2203484058663,1.6059723008111026
ZMB-fed(KEN+TZA+UGA),2006,3,gdp_growth,2009,chronos,9.2203484058663,1.7411661625191321
ZMB-fed(KEN+TZA+UGA),2006,3,gdp_growth,2009,xgb_blind,9.2203484058663,3.6255589008614173
ZMB-fed(KEN+TZA+UGA),2006,3,gdp_growth,2009,xgb_lag,9.2203484058663,1.6059723008111026
ZMB-fed(KEN+TZA+UGA),2006,3,gdp_growth,2009,xgb_typed,9.2203484058663,1.6059723008111026
ZMB-fed(KEN+TZA+UGA),2006,3,gdp_growth,2009,lgbm_blind,9.2203484058663,5.062965042704532
ZMB-fed(KEN+TZA+UGA),2006,3,gdp_growth,2009,lgbm_lag,9.2203484058663,1.6059723008111026
ZMB-fed(KEN+TZA+UGA),2006,3,gdp_growth,2009,lgbm_typed,9.2203484058663,1.6059723008111026
ZMB-fed(KEN+TZA+UGA),2006,3,gdp_growth,2009,tft,9.2203484058663,1.3171630382820716
ZMB-fed(KEN+TZA+UGA),2006,3,gdp_growth,2009,tgcn,9.2203484058663,
ZMB-fed(KEN+TZA+UGA),2006,3,gdp_growth,2009,persistence_scarcity,9.2203484058663,1.3166539610655104
ZMB-fed(KEN+TZA+UGA),2006,3,gdp_growth,2009,chronos_scarcity,9.2203484058663,1.7411661625191321
ZMB-fed(KEN+TZA+UGA),2006,3,gdp_growth,2009,gnn_scarcity,9.2203484058663,5.612835693387662
ZMB-fed(KEN+TZA+UGA),2006,5,gdp_growth,2011,persistence,5.56925219263019,2.3344422521706
ZMB-fed(KEN+TZA+UGA),2006,5,gdp_growth,2011,arima,5.56925219263019,2.075918533525642
ZMB-fed(KEN+TZA+UGA),2006,5,gdp_growth,2011,chronos,5.56925219263019,1.9606931809049666
ZMB-fed(KEN+TZA+UGA),2006,5,gdp_growth,2011,xgb_blind,5.56925219263019,0.24500483240069748
ZMB-fed(KEN+TZA+UGA),2006,5,gdp_growth,2011,xgb_lag,5.56925219263019,2.075918533525642
ZMB-fed(KEN+TZA+UGA),2006,5,gdp_growth,2011,xgb_typed,5.56925219263019,2.075918533525642
ZMB-fed(KEN+TZA+UGA),2006,5,gdp_growth,2011,lgbm_blind,5.56925219263019,0.566624315732537
ZMB-fed(KEN+TZA+UGA),2006,5,gdp_growth,2011,lgbm_lag,5.56925219263019,2.075918533525642
ZMB-fed(KEN+TZA+UGA),2006,5,gdp_growth,2011,lgbm_typed,5.56925219263019,2.075918533525642
ZMB-fed(KEN+TZA+UGA),2006,5,gdp_growth,2011,tft,5.56925219263019,2.3319867256742537
ZMB-fed(KEN+TZA+UGA),2006,5,gdp_growth,2011,tgcn,5.56925219263019,
ZMB-fed(KEN+TZA+UGA),2006,5,gdp_growth,2011,persistence_scarcity,5.56925219263019,2.3344422521706
ZMB-fed(KEN+TZA+UGA),2006,5,gdp_growth,2011,chronos_scarcity,5.56925219263019,1.9606931809049666
ZMB-fed(KEN+TZA+UGA),2006,5,gdp_growth,2011,gnn_scarcity,5.56925219263019,2.754072367801088
ZMB-fed(KEN+TZA+UGA),2006,1,inflation_cpi,2007,persistence,10.6573496000153,1.6377771277504394
ZMB-fed(KEN+TZA+UGA),2006,1,inflation_cpi,2007,arima,10.6573496000153,1.8364402457430433
ZMB-fed(KEN+TZA+UGA),2006,1,inflation_cpi,2007,chronos,10.6573496000153,2.5217380658966473
ZMB-fed(KEN+TZA+UGA),2006,1,inflation_cpi,2007,xgb_blind,10.6573496000153,4.8832273347991535
ZMB-fed(KEN+TZA+UGA),2006,1,inflation_cpi,2007,xgb_lag,10.6573496000153,1.8364402457430433
ZMB-fed(KEN+TZA+UGA),2006,1,inflation_cpi,2007,xgb_typed,10.6573496000153,1.8364402457430433
ZMB-fed(KEN+TZA+UGA),2006,1,inflation_cpi,2007,lgbm_blind,10.6573496000153,38.7989440425056
ZMB-fed(KEN+TZA+UGA),2006,1,inflation_cpi,2007,lgbm_lag,10.6573496000153,1.8364402457430433
ZMB-fed(KEN+TZA+UGA),2006,1,inflation_cpi,2007,lgbm_typed,10.6573496000153,1.8364402457430433
ZMB-fed(KEN+TZA+UGA),2006,1,inflation_cpi,2007,tft,10.6573496000153,4.346482263388021
ZMB-fed(KEN+TZA+UGA),2006,1,inflation_cpi,2007,tgcn,10.6573496000153,
ZMB-fed(KEN+TZA+UGA),2006,1,inflation_cpi,2007,persistence_scarcity,10.6573496000153,1.6377771277504394
ZMB-fed(KEN+TZA+UGA),2006,1,inflation_cpi,2007,chronos_scarcity,10.6573496000153,2.5217380658966473
ZMB-fed(KEN+TZA+UGA),2006,1,inflation_cpi,2007,gnn_scarcity,10.6573496000153,33.303877816976886
ZMB-fed(KEN+TZA+UGA),2006,3,inflation_cpi,2009,persistence,13.3952546325895,4.37568216032464
ZMB-fed(KEN+TZA+UGA),2006,3,inflation_cpi,2009,arima,13.3952546325895,4.578677384565529
ZMB-fed(KEN+TZA+UGA),2006,3,inflation_cpi,2009,chronos,13.3952546325895,5.065950891134422
ZMB-fed(KEN+TZA+UGA),2006,3,inflation_cpi,2009,xgb_blind,13.3952546325895,7.063027838113625
ZMB-fed(KEN+TZA+UGA),2006,3,inflation_cpi,2009,xgb_lag,13.3952546325895,4.578677384565529
ZMB-fed(KEN+TZA+UGA),2006,3,inflation_cpi,2009,xgb_typed,13.3952546325895,4.578677384565529
ZMB-fed(KEN+TZA+UGA),2006,3,inflation_cpi,2009,lgbm_blind,13.3952546325895,24.315591382795724
ZMB-fed(KEN+TZA+UGA),2006,3,inflation_cpi,2009,lgbm_lag,13.3952546325895,4.578677384565529
ZMB-fed(KEN+TZA+UGA),2006,3,inflation_cpi,2009,lgbm_typed,13.3952546325895,4.578677384565529
ZMB-fed(KEN+TZA+UGA),2006,3,inflation_cpi,2009,tft,13.3952546325895,1.6281733306673356
ZMB-fed(KEN+TZA+UGA),2006,3,inflation_cpi,2009,tgcn,13.3952546325895,
ZMB-fed(KEN+TZA+UGA),2006,3,inflation_cpi,2009,persistence_scarcity,13.3952546325895,4.37568216032464
ZMB-fed(KEN+TZA+UGA),2006,3,inflation_cpi,2009,chronos_scarcity,13.3952546325895,5.065950891134422
ZMB-fed(KEN+TZA+UGA),2006,3,inflation_cpi,2009,gnn_scarcity,13.3952546325895,43.3385214599398
ZMB-fed(KEN+TZA+UGA),2006,5,inflation_cpi,2011,persistence,6.4293968107234,2.59017566154146
ZMB-fed(KEN+TZA+UGA),2006,5,inflation_cpi,2011,arima,6.4293968107234,2.3871784625455206
ZMB-fed(KEN+TZA+UGA),2006,5,inflation_cpi,2011,chronos,6.4293968107234,7.90475731830492
ZMB-fed(KEN+TZA+UGA),2006,5,inflation_cpi,2011,xgb_blind,6.4293968107234,11.280722436713123
ZMB-fed(KEN+TZA+UGA),2006,5,inflation_cpi,2011,xgb_lag,6.4293968107234,2.3871784625455206
ZMB-fed(KEN+TZA+UGA),2006,5,inflation_cpi,2011,xgb_typed,6.4293968107234,2.3871784625455206
ZMB-fed(KEN+TZA+UGA),2006,5,inflation_cpi,2011,lgbm_blind,6.4293968107234,17.74047650635932
ZMB-fed(KEN+TZA+UGA),2006,5,inflation_cpi,2011,lgbm_lag,6.4293968107234,2.3871784625455206
ZMB-fed(KEN+TZA+UGA),2006,5,inflation_cpi,2011,lgbm_typed,6.4293968107234,2.3871784625455206
ZMB-fed(KEN+TZA+UGA),2006,5,inflation_cpi,2011,tft,6.4293968107234,8.617327508734608
ZMB-fed(KEN+TZA+UGA),2006,5,inflation_cpi,2011,tgcn,6.4293968107234,
ZMB-fed(KEN+TZA+UGA),2006,5,inflation_cpi,2011,persistence_scarcity,6.4293968107234,2.59017566154146
ZMB-fed(KEN+TZA+UGA),2006,5,inflation_cpi,2011,chronos_scarcity,6.4293968107234,7.90475731830492
ZMB-fed(KEN+TZA+UGA),2006,5,inflation_cpi,2011,gnn_scarcity,6.4293968107234,40.5486190889348
ZMB-fed(KEN+TZA+UGA),2006,1,unemployment,2007,persistence,10.559,2.67
ZMB-fed(KEN+TZA+UGA),2006,1,unemployment,2007,arima,10.559,1.0608731851306992
ZMB-fed(KEN+TZA+UGA),2006,1,unemployment,2007,chronos,10.559,2.540849700927735
ZMB-fed(KEN+TZA+UGA),2006,1,unemployment,2007,xgb_blind,10.559,2.864789024353028
ZMB-fed(KEN+TZA+UGA),2006,1,unemployment,2007,xgb_lag,10.559,1.0608731851306992
ZMB-fed(KEN+TZA+UGA),2006,1,unemployment,2007,xgb_typed,10.559,1.0608731851306992
ZMB-fed(KEN+TZA+UGA),2006,1,unemployment,2007,lgbm_blind,10.559,4.840500012397767
ZMB-fed(KEN+TZA+UGA),2006,1,unemployment,2007,lgbm_lag,10.559,1.0608731851306992
ZMB-fed(KEN+TZA+UGA),2006,1,unemployment,2007,lgbm_typed,10.559,1.0608731851306992
ZMB-fed(KEN+TZA+UGA),2006,1,unemployment,2007,tft,10.559,3.061460510253907
ZMB-fed(KEN+TZA+UGA),2006,1,unemployment,2007,tgcn,10.559,
ZMB-fed(KEN+TZA+UGA),2006,1,unemployment,2007,persistence_scarcity,10.559,2.67
ZMB-fed(KEN+TZA+UGA),2006,1,unemployment,2007,chronos_scarcity,10.559,2.540849700927735
ZMB-fed(KEN+TZA+UGA),2006,1,unemployment,2007,gnn_scarcity,10.559,4.600894943237305
ZMB-fed(KEN+TZA+UGA),2006,3,unemployment,2009,persistence,10.583,2.645999999999999
ZMB-fed(KEN+TZA+UGA),2006,3,unemployment,2009,arima,10.583,0.5165486484544086
ZMB-fed(KEN+TZA+UGA),2006,3,unemployment,2009,chronos,10.583,1.9448034210205076
ZMB-fed(KEN+TZA+UGA),2006,3,unemployment,2009,xgb_blind,10.583,3.1552965087890623
ZMB-fed(KEN+TZA+UGA),2006,3,unemployment,2009,xgb_lag,10.583,0.5165486484544086
ZMB-fed(KEN+TZA+UGA),2006,3,unemployment,2009,xgb_typed,10.583,0.5165486484544086
ZMB-fed(KEN+TZA+UGA),2006,3,unemployment,2009,lgbm_blind,10.583,4.268714270455497
ZMB-fed(KEN+TZA+UGA),2006,3,unemployment,2009,lgbm_lag,10.583,0.5165486484544086
ZMB-fed(KEN+TZA+UGA),2006,3,unemployment,2009,lgbm_typed,10.583,0.5165486484544086
ZMB-fed(KEN+TZA+UGA),2006,3,unemployment,2009,tft,10.583,3.1414510650634764
ZMB-fed(KEN+TZA+UGA),2006,3,unemployment,2009,tgcn,10.583,
ZMB-fed(KEN+TZA+UGA),2006,3,unemployment,2009,persistence_scarcity,10.583,2.645999999999999
ZMB-fed(KEN+TZA+UGA),2006,3,unemployment,2009,chronos_scarcity,10.583,1.9448034210205076
ZMB-fed(KEN+TZA+UGA),2006,3,unemployment,2009,gnn_scarcity,10.583,5.217603866577148
ZMB-fed(KEN+TZA+UGA),2006,5,unemployment,2011,persistence,10.548,2.680999999999999
ZMB-fed(KEN+TZA+UGA),2006,5,unemployment,2011,arima,10.548,1.0453448856770216
ZMB-fed(KEN+TZA+UGA),2006,5,unemployment,2011,chronos,10.548,2.8950770874023437
ZMB-fed(KEN+TZA+UGA),2006,5,unemployment,2011,xgb_blind,10.548,2.907277442932129
ZMB-fed(KEN+TZA+UGA),2006,5,unemployment,2011,xgb_lag,10.548,1.0453448856770216
ZMB-fed(KEN+TZA+UGA),2006,5,unemployment,2011,xgb_typed,10.548,1.0453448856770216
ZMB-fed(KEN+TZA+UGA),2006,5,unemployment,2011,lgbm_blind,10.548,3.5799166539510097
ZMB-fed(KEN+TZA+UGA),2006,5,unemployment,2011,lgbm_lag,10.548,1.0453448856770216
ZMB-fed(KEN+TZA+UGA),2006,5,unemployment,2011,lgbm_typed,10.548,1.0453448856770216
ZMB-fed(KEN+TZA+UGA),2006,5,unemployment,2011,tft,10.548,3.2170508880615234
ZMB-fed(KEN+TZA+UGA),2006,5,unemployment,2011,tgcn,10.548,
ZMB-fed(KEN+TZA+UGA),2006,5,unemployment,2011,persistence_scarcity,10.548,2.680999999999999
ZMB-fed(KEN+TZA+UGA),2006,5,unemployment,2011,chronos_scarcity,10.548,2.8950770874023437
ZMB-fed(KEN+TZA+UGA),2006,5,unemployment,2011,gnn_scarcity,10.548,4.763225891113281
ZMB-fed(KEN+TZA+UGA),2006,1,exports_gdp,2007,persistence,33.5911932050133,0.9982345178244998
ZMB-fed(KEN+TZA+UGA),2006,1,exports_gdp,2007,arima,33.5911932050133,1.6126078706572677
ZMB-fed(KEN+TZA+UGA),2006,1,exports_gdp,2007,chronos,33.5911932050133,1.1334676801109538
ZMB-fed(KEN+TZA+UGA),2006,1,exports_gdp,2007,xgb_blind,33.5911932050133,6.302760130062126
ZMB-fed(KEN+TZA+UGA),2006,1,exports_gdp,2007,xgb_lag,33.5911932050133,1.6126078706572677
ZMB-fed(KEN+TZA+UGA),2006,1,exports_gdp,2007,xgb_typed,33.5911932050133,1.6126078706572677
ZMB-fed(KEN+TZA+UGA),2006,1,exports_gdp,2007,lgbm_blind,33.5911932050133,4.291030174388908
ZMB-fed(KEN+TZA+UGA),2006,1,exports_gdp,2007,lgbm_lag,33.5911932050133,1.6126078706572677
ZMB-fed(KEN+TZA+UGA),2006,1,exports_gdp,2007,lgbm_typed,33.5911932050133,1.6126078706572677
ZMB-fed(KEN+TZA+UGA),2006,1,exports_gdp,2007,tft,33.5911932050133,1.272713655338265
ZMB-fed(KEN+TZA+UGA),2006,1,exports_gdp,2007,tgcn,33.5911932050133,
ZMB-fed(KEN+TZA+UGA),2006,1,exports_gdp,2007,persistence_scarcity,33.5911932050133,0.9982345178244998
ZMB-fed(KEN+TZA+UGA),2006,1,exports_gdp,2007,chronos_scarcity,33.5911932050133,1.1334676801109538
ZMB-fed(KEN+TZA+UGA),2006,1,exports_gdp,2007,gnn_scarcity,33.5911932050133,4.691998487606071
ZMB-fed(KEN+TZA+UGA),2006,3,exports_gdp,2009,persistence,29.2509976693348,3.341961017853997
ZMB-fed(KEN+TZA+UGA),2006,3,exports_gdp,2009,arima,29.2509976693348,2.858987633648603
ZMB-fed(KEN+TZA+UGA),2006,3,exports_gdp,2009,chronos,29.2509976693348,3.4231127432628554
ZMB-fed(KEN+TZA+UGA),2006,3,exports_gdp,2009,xgb_blind,29.2509976693348,3.851144664649574
ZMB-fed(KEN+TZA+UGA),2006,3,exports_gdp,2009,xgb_lag,29.2509976693348,2.858987633648603
ZMB-fed(KEN+TZA+UGA),2006,3,exports_gdp,2009,xgb_typed,29.2509976693348,2.858987633648603
ZMB-fed(KEN+TZA+UGA),2006,3,exports_gdp,2009,lgbm_blind,29.2509976693348,0.47229615958661597
ZMB-fed(KEN+TZA+UGA),2006,3,exports_gdp,2009,lgbm_lag,29.2509976693348,2.858987633648603
ZMB-fed(KEN+TZA+UGA),2006,3,exports_gdp,2009,lgbm_typed,29.2509976693348,2.858987633648603
ZMB-fed(KEN+TZA+UGA),2006,3,exports_gdp,2009,tft,29.2509976693348,7.0551508597179335
ZMB-fed(KEN+TZA+UGA),2006,3,exports_gdp,2009,tgcn,29.2509976693348,
ZMB-fed(KEN+TZA+UGA),2006,3,exports_gdp,2009,persistence_scarcity,29.2509976693348,3.341961017853997
ZMB-fed(KEN+TZA+UGA),2006,3,exports_gdp,2009,chronos_scarcity,29.2509976693348,3.4231127432628554
ZMB-fed(KEN+TZA+UGA),2006,3,exports_gdp,2009,gnn_scarcity,29.2509976693348,0.5336340597911757
ZMB-fed(KEN+TZA+UGA),2006,5,exports_gdp,2011,persistence,40.4712226732921,7.878263986103299
ZMB-fed(KEN+TZA+UGA),2006,5,exports_gdp,2011,arima,40.4712226732921,8.34861488890644
ZMB-fed(KEN+TZA+UGA),2006,5,exports_gdp,2011,chronos,40.4712226732921,7.5807426317881905
ZMB-fed(KEN+TZA+UGA),2006,5,exports_gdp,2011,xgb_blind,40.4712226732921,12.238896165723737
ZMB-fed(KEN+TZA+UGA),2006,5,exports_gdp,2011,xgb_lag,40.4712226732921,8.34861488890644
ZMB-fed(KEN+TZA+UGA),2006,5,exports_gdp,2011,xgb_typed,40.4712226732921,8.34861488890644
ZMB-fed(KEN+TZA+UGA),2006,5,exports_gdp,2011,lgbm_blind,40.4712226732921,12.387803191378847
ZMB-fed(KEN+TZA+UGA),2006,5,exports_gdp,2011,lgbm_lag,40.4712226732921,8.34861488890644
ZMB-fed(KEN+TZA+UGA),2006,5,exports_gdp,2011,lgbm_typed,40.4712226732921,8.34861488890644
ZMB-fed(KEN+TZA+UGA),2006,5,exports_gdp,2011,tft,40.4712226732921,3.377125535840925
ZMB-fed(KEN+TZA+UGA),2006,5,exports_gdp,2011,tgcn,40.4712226732921,
ZMB-fed(KEN+TZA+UGA),2006,5,exports_gdp,2011,persistence_scarcity,40.4712226732921,7.878263986103299
ZMB-fed(KEN+TZA+UGA),2006,5,exports_gdp,2011,chronos_scarcity,40.4712226732921,7.5807426317881905
ZMB-fed(KEN+TZA+UGA),2006,5,exports_gdp,2011,gnn_scarcity,40.4712226732921,11.362892900342878
ZMB-fed(KEN+TZA+UGA),2006,1,imports_gdp,2007,persistence,32.1802654858934,6.916405299179502
ZMB-fed(KEN+TZA+UGA),2006,1,imports_gdp,2007,arima,32.1802654858934,9.534524342153109
ZMB-fed(KEN+TZA+UGA),2006,1,imports_gdp,2007,chronos,32.1802654858934,6.579355299125822
ZMB-fed(KEN+TZA+UGA),2006,1,imports_gdp,2007,xgb_blind,32.1802654858934,5.351291715751799
ZMB-fed(KEN+TZA+UGA),2006,1,imports_gdp,2007,xgb_lag,32.1802654858934,9.534524342153109
ZMB-fed(KEN+TZA+UGA),2006,1,imports_gdp,2007,xgb_typed,32.1802654858934,9.534524342153109
ZMB-fed(KEN+TZA+UGA),2006,1,imports_gdp,2007,lgbm_blind,32.1802654858934,2.0881090763700882
ZMB-fed(KEN+TZA+UGA),2006,1,imports_gdp,2007,lgbm_lag,32.1802654858934,9.534524342153109
ZMB-fed(KEN+TZA+UGA),2006,1,imports_gdp,2007,lgbm_typed,32.1802654858934,9.534524342153109
ZMB-fed(KEN+TZA+UGA),2006,1,imports_gdp,2007,tft,32.1802654858934,9.944177686821135
ZMB-fed(KEN+TZA+UGA),2006,1,imports_gdp,2007,tgcn,32.1802654858934,
ZMB-fed(KEN+TZA+UGA),2006,1,imports_gdp,2007,persistence_scarcity,32.1802654858934,6.916405299179502
ZMB-fed(KEN+TZA+UGA),2006,1,imports_gdp,2007,chronos_scarcity,32.1802654858934,6.579355299125822
ZMB-fed(KEN+TZA+UGA),2006,1,imports_gdp,2007,gnn_scarcity,32.1802654858934,1.5055217150343339
ZMB-fed(KEN+TZA+UGA),2006,3,imports_gdp,2009,persistence,26.8703832861816,1.6065230994677009
ZMB-fed(KEN+TZA+UGA),2006,3,imports_gdp,2009,arima,26.8703832861816,5.756730244661103
ZMB-fed(KEN+TZA+UGA),2006,3,imports_gdp,2009,chronos,26.8703832861816,1.2404355767334394
ZMB-fed(KEN+TZA+UGA),2006,3,imports_gdp,2009,xgb_blind,26.8703832861816,4.2572908166016035
ZMB-fed(KEN+TZA+UGA),2006,3,imports_gdp,2009,xgb_lag,26.8703832861816,5.756730244661103
ZMB-fed(KEN+TZA+UGA),2006,3,imports_gdp,2009,xgb_typed,26.8703832861816,5.756730244661103
ZMB-fed(KEN+TZA+UGA),2006,3,imports_gdp,2009,lgbm_blind,26.8703832861816,7.479159195377065
ZMB-fed(KEN+TZA+UGA),2006,3,imports_gdp,2009,lgbm_lag,26.8703832861816,5.756730244661103
ZMB-fed(KEN+TZA+UGA),2006,3,imports_gdp,2009,lgbm_typed,26.8703832861816,5.756730244661103
ZMB-fed(KEN+TZA+UGA),2006,3,imports_gdp,2009,tft,26.8703832861816,3.5120172736083575
ZMB-fed(KEN+TZA+UGA),2006,3,imports_gdp,2009,tgcn,26.8703832861816,
ZMB-fed(KEN+TZA+UGA),2006,3,imports_gdp,2009,persistence_scarcity,26.8703832861816,1.6065230994677009
ZMB-fed(KEN+TZA+UGA),2006,3,imports_gdp,2009,chronos_scarcity,26.8703832861816,1.2404355767334394
ZMB-fed(KEN+TZA+UGA),2006,3,imports_gdp,2009,gnn_scarcity,26.8703832861816,7.605175948437541
ZMB-fed(KEN+TZA+UGA),2006,5,imports_gdp,2011,persistence,32.3242097651362,7.060349578422304
ZMB-fed(KEN+TZA+UGA),2006,5,imports_gdp,2011,arima,32.3242097651362,11.473005169686573
ZMB-fed(KEN+TZA+UGA),2006,5,imports_gdp,2011,chronos,32.3242097651362,1.2015367304682343
ZMB-fed(KEN+TZA+UGA),2006,5,imports_gdp,2011,xgb_blind,32.3242097651362,6.510449007689914
ZMB-fed(KEN+TZA+UGA),2006,5,imports_gdp,2011,xgb_lag,32.3242097651362,11.473005169686573
ZMB-fed(KEN+TZA+UGA),2006,5,imports_gdp,2011,xgb_typed,32.3242097651362,11.473005169686573
ZMB-fed(KEN+TZA+UGA),2006,5,imports_gdp,2011,lgbm_blind,32.3242097651362,2.133556608816029
ZMB-fed(KEN+TZA+UGA),2006,5,imports_gdp,2011,lgbm_lag,32.3242097651362,11.473005169686573
ZMB-fed(KEN+TZA+UGA),2006,5,imports_gdp,2011,lgbm_typed,32.3242097651362,11.473005169686573
ZMB-fed(KEN+TZA+UGA),2006,5,imports_gdp,2011,tft,32.3242097651362,8.317259386718234
ZMB-fed(KEN+TZA+UGA),2006,5,imports_gdp,2011,tgcn,32.3242097651362,
ZMB-fed(KEN+TZA+UGA),2006,5,imports_gdp,2011,persistence_scarcity,32.3242097651362,7.060349578422304
ZMB-fed(KEN+TZA+UGA),2006,5,imports_gdp,2011,chronos_scarcity,32.3242097651362,1.2015367304682343
ZMB-fed(KEN+TZA+UGA),2006,5,imports_gdp,2011,gnn_scarcity,32.3242097651362,1.5481161320805938
ZMB-fed(KEN+TZA+UGA),2006,1,current_account,2007,persistence,-1.23802039926344,5.88276546155973
ZMB-fed(KEN+TZA+UGA),2006,1,current_account,2007,arima,-1.23802039926344,4.333402297723908
ZMB-fed(KEN+TZA+UGA),2006,1,current_account,2007,chronos,-1.23802039926344,5.652023771455823
ZMB-fed(KEN+TZA+UGA),2006,1,current_account,2007,xgb_blind,-1.23802039926344,3.9452738970012087
ZMB-fed(KEN+TZA+UGA),2006,1,current_account,2007,xgb_lag,-1.23802039926344,4.333402297723908
ZMB-fed(KEN+TZA+UGA),2006,1,current_account,2007,xgb_typed,-1.23802039926344,4.333402297723908
ZMB-fed(KEN+TZA+UGA),2006,1,current_account,2007,lgbm_blind,-1.23802039926344,8.57777025396532
ZMB-fed(KEN+TZA+UGA),2006,1,current_account,2007,lgbm_lag,-1.23802039926344,4.333402297723908
ZMB-fed(KEN+TZA+UGA),2006,1,current_account,2007,lgbm_typed,-1.23802039926344,4.333402297723908
ZMB-fed(KEN+TZA+UGA),2006,1,current_account,2007,tft,-1.23802039926344,11.745048978975355
ZMB-fed(KEN+TZA+UGA),2006,1,current_account,2007,tgcn,-1.23802039926344,
ZMB-fed(KEN+TZA+UGA),2006,1,current_account,2007,persistence_scarcity,-1.23802039926344,5.88276546155973
ZMB-fed(KEN+TZA+UGA),2006,1,current_account,2007,chronos_scarcity,-1.23802039926344,5.652023771455823
ZMB-fed(KEN+TZA+UGA),2006,1,current_account,2007,gnn_scarcity,-1.23802039926344,10.082477113553942
ZMB-fed(KEN+TZA+UGA),2006,3,current_account,2009,persistence,5.95342818479561,1.3086831224993194
ZMB-fed(KEN+TZA+UGA),2006,3,current_account,2009,arima,5.95342818479561,2.6023261995200504
ZMB-fed(KEN+TZA+UGA),2006,3,current_account,2009,chronos,5.95342818479561,2.8914612887384807
ZMB-fed(KEN+TZA+UGA),2006,3,current_account,2009,xgb_blind,5.95342818479561,9.336326038646927
ZMB-fed(KEN+TZA+UGA),2006,3,current_account,2009,xgb_lag,5.95342818479561,2.6023261995200504
ZMB-fed(KEN+TZA+UGA),2006,3,current_account,2009,xgb_typed,5.95342818479561,2.6023261995200504
ZMB-fed(KEN+TZA+UGA),2006,3,current_account,2009,lgbm_blind,5.95342818479561,15.878198676259409
ZMB-fed(KEN+TZA+UGA),2006,3,current_account,2009,lgbm_lag,5.95342818479561,2.6023261995200504
ZMB-fed(KEN+TZA+UGA),2006,3,current_account,2009,lgbm_typed,5.95342818479561,2.6023261995200504
ZMB-fed(KEN+TZA+UGA),2006,3,current_account,2009,tft,5.95342818479561,10.680042350482712
ZMB-fed(KEN+TZA+UGA),2006,3,current_account,2009,tgcn,5.95342818479561,
ZMB-fed(KEN+TZA+UGA),2006,3,current_account,2009,persistence_scarcity,5.95342818479561,1.3086831224993194
ZMB-fed(KEN+TZA+UGA),2006,3,current_account,2009,chronos_scarcity,5.95342818479561,2.8914612887384807
ZMB-fed(KEN+TZA+UGA),2006,3,current_account,2009,gnn_scarcity,5.95342818479561,15.808727180767288
ZMB-fed(KEN+TZA+UGA),2006,5,current_account,2011,persistence,4.65823655766585,0.013491495369559736
ZMB-fed(KEN+TZA+UGA),2006,5,current_account,2011,arima,4.65823655766585,1.2960140465119254
ZMB-fed(KEN+TZA+UGA),2006,5,current_account,2011,chronos,4.65823655766585,3.0676057879362357
ZMB-fed(KEN+TZA+UGA),2006,5,current_account,2011,xgb_blind,4.65823655766585,6.523489052477862
ZMB-fed(KEN+TZA+UGA),2006,5,current_account,2011,xgb_lag,4.65823655766585,1.2960140465119254
ZMB-fed(KEN+TZA+UGA),2006,5,current_account,2011,xgb_typed,4.65823655766585,1.2960140465119254
ZMB-fed(KEN+TZA+UGA),2006,5,current_account,2011,lgbm_blind,4.65823655766585,14.728313500109698
ZMB-fed(KEN+TZA+UGA),2006,5,current_account,2011,lgbm_lag,4.65823655766585,1.2960140465119254
ZMB-fed(KEN+TZA+UGA),2006,5,current_account,2011,lgbm_typed,4.65823655766585,1.2960140465119254
ZMB-fed(KEN+TZA+UGA),2006,5,current_account,2011,tft,4.65823655766585,12.785971587475752
ZMB-fed(KEN+TZA+UGA),2006,5,current_account,2011,tgcn,4.65823655766585,
ZMB-fed(KEN+TZA+UGA),2006,5,current_account,2011,persistence_scarcity,4.65823655766585,0.013491495369559736
ZMB-fed(KEN+TZA+UGA),2006,5,current_account,2011,chronos_scarcity,4.65823655766585,3.0676057879362357
ZMB-fed(KEN+TZA+UGA),2006,5,current_account,2011,gnn_scarcity,4.65823655766585,15.632664734545733
ZMB-fed(KEN+TZA+UGA),2006,1,real_interest_rate,2007,persistence,5.24087063421901,2.2769496078362303
ZMB-fed(KEN+TZA+UGA),2006,1,real_interest_rate,2007,arima,5.24087063421901,2.656214489330206
ZMB-fed(KEN+TZA+UGA),2006,1,real_interest_rate,2007,chronos,5.24087063421901,2.4741199816257167
ZMB-fed(KEN+TZA+UGA),2006,1,real_interest_rate,2007,xgb_blind,5.24087063421901,2.0997422541171717
ZMB-fed(KEN+TZA+UGA),2006,1,real_interest_rate,2007,xgb_lag,5.24087063421901,2.656214489330206
ZMB-fed(KEN+TZA+UGA),2006,1,real_interest_rate,2007,xgb_typed,5.24087063421901,2.656214489330206
ZMB-fed(KEN+TZA+UGA),2006,1,real_interest_rate,2007,lgbm_blind,5.24087063421901,0.2230416143924403
ZMB-fed(KEN+TZA+UGA),2006,1,real_interest_rate,2007,lgbm_lag,5.24087063421901,2.656214489330206
ZMB-fed(KEN+TZA+UGA),2006,1,real_interest_rate,2007,lgbm_typed,5.24087063421901,2.656214489330206
ZMB-fed(KEN+TZA+UGA),2006,1,real_interest_rate,2007,tft,5.24087063421901,6.528973420956771
ZMB-fed(KEN+TZA+UGA),2006,1,real_interest_rate,2007,tgcn,5.24087063421901,
ZMB-fed(KEN+TZA+UGA),2006,1,real_interest_rate,2007,persistence_scarcity,5.24087063421901,2.2769496078362303
ZMB-fed(KEN+TZA+UGA),2006,1,real_interest_rate,2007,chronos_scarcity,5.24087063421901,2.4741199816257167
ZMB-fed(KEN+TZA+UGA),2006,1,real_interest_rate,2007,gnn_scarcity,5.24087063421901,5.49719182600673
ZMB-fed(KEN+TZA+UGA),2006,3,real_interest_rate,2009,persistence,15.6336334619814,8.11581321992616
ZMB-fed(KEN+TZA+UGA),2006,3,real_interest_rate,2009,arima,15.6336334619814,7.7871608462576845
ZMB-fed(KEN+TZA+UGA),2006,3,real_interest_rate,2009,chronos,15.6336334619814,8.171593037634477
ZMB-fed(KEN+TZA+UGA),2006,3,real_interest_rate,2009,xgb_blind,15.6336334619814,6.665745583563432
ZMB-fed(KEN+TZA+UGA),2006,3,real_interest_rate,2009,xgb_lag,15.6336334619814,7.7871608462576845
ZMB-fed(KEN+TZA+UGA),2006,3,real_interest_rate,2009,xgb_typed,15.6336334619814,7.7871608462576845
ZMB-fed(KEN+TZA+UGA),2006,3,real_interest_rate,2009,lgbm_blind,15.6336334619814,4.563152706584148
ZMB-fed(KEN+TZA+UGA),2006,3,real_interest_rate,2009,lgbm_lag,15.6336334619814,7.7871608462576845
ZMB-fed(KEN+TZA+UGA),2006,3,real_interest_rate,2009,lgbm_typed,15.6336334619814,7.7871608462576845
ZMB-fed(KEN+TZA+UGA),2006,3,real_interest_rate,2009,tft,15.6336334619814,3.7866390619569863
ZMB-fed(KEN+TZA+UGA),2006,3,real_interest_rate,2009,tgcn,15.6336334619814,
ZMB-fed(KEN+TZA+UGA),2006,3,real_interest_rate,2009,persistence_scarcity,15.6336334619814,8.11581321992616
ZMB-fed(KEN+TZA+UGA),2006,3,real_interest_rate,2009,chronos_scarcity,15.6336334619814,8.171593037634477
ZMB-fed(KEN+TZA+UGA),2006,3,real_interest_rate,2009,gnn_scarcity,15.6336334619814,11.047617283850297
ZMB-fed(KEN+TZA+UGA),2006,5,real_interest_rate,2011,persistence,6.95655957659878,0.5612606654564605
ZMB-fed(KEN+TZA+UGA),2006,5,real_interest_rate,2011,arima,6.95655957659878,0.8886398652327641
ZMB-fed(KEN+TZA+UGA),2006,5,real_interest_rate,2011,chronos,6.95655957659878,0.4422393659671382
ZMB-fed(KEN+TZA+UGA),2006,5,real_interest_rate,2011,xgb_blind,6.95655957659878,9.581305108459814
ZMB-fed(KEN+TZA+UGA),2006,5,real_interest_rate,2011,xgb_lag,6.95655957659878,0.8886398652327641
ZMB-fed(KEN+TZA+UGA),2006,5,real_interest_rate,2011,xgb_typed,6.95655957659878,0.8886398652327641
ZMB-fed(KEN+TZA+UGA),2006,5,real_interest_rate,2011,lgbm_blind,6.95655957659878,7.466537954401993
ZMB-fed(KEN+TZA+UGA),2006,5,real_interest_rate,2011,lgbm_lag,6.95655957659878,0.8886398652327641
ZMB-fed(KEN+TZA+UGA),2006,5,real_interest_rate,2011,lgbm_typed,6.95655957659878,0.8886398652327641
ZMB-fed(KEN+TZA+UGA),2006,5,real_interest_rate,2011,tft,6.95655957659878,4.9237533430179194
ZMB-fed(KEN+TZA+UGA),2006,5,real_interest_rate,2011,tgcn,6.95655957659878,
ZMB-fed(KEN+TZA+UGA),2006,5,real_interest_rate,2011,persistence_scarcity,6.95655957659878,0.5612606654564605
ZMB-fed(KEN+TZA+UGA),2006,5,real_interest_rate,2011,chronos_scarcity,6.95655957659878,0.4422393659671382
ZMB-fed(KEN+TZA+UGA),2006,5,real_interest_rate,2011,gnn_scarcity,6.95655957659878,6.069153227416651
ZMB-fed(KEN+TZA+UGA),2006,1,broad_money,2007,persistence,18.483666323897,0.42207776147030174
ZMB-fed(KEN+TZA+UGA),2006,1,broad_money,2007,arima,18.483666323897,0.8793302025810306
ZMB-fed(KEN+TZA+UGA),2006,1,broad_money,2007,chronos,18.483666323897,0.4815567963091105
ZMB-fed(KEN+TZA+UGA),2006,1,broad_money,2007,xgb_blind,18.483666323897,1.1734017364946574
ZMB-fed(KEN+TZA+UGA),2006,1,broad_money,2007,xgb_lag,18.483666323897,0.8793302025810306
ZMB-fed(KEN+TZA+UGA),2006,1,broad_money,2007,xgb_typed,18.483666323897,0.8793302025810306
ZMB-fed(KEN+TZA+UGA),2006,1,broad_money,2007,lgbm_blind,18.483666323897,0.8735081188646525
ZMB-fed(KEN+TZA+UGA),2006,1,broad_money,2007,lgbm_lag,18.483666323897,0.8793302025810306
ZMB-fed(KEN+TZA+UGA),2006,1,broad_money,2007,lgbm_typed,18.483666323897,0.8793302025810306
ZMB-fed(KEN+TZA+UGA),2006,1,broad_money,2007,tft,18.483666323897,0.3939179413286418
ZMB-fed(KEN+TZA+UGA),2006,1,broad_money,2007,tgcn,18.483666323897,
ZMB-fed(KEN+TZA+UGA),2006,1,broad_money,2007,persistence_scarcity,18.483666323897,0.42207776147030174
ZMB-fed(KEN+TZA+UGA),2006,1,broad_money,2007,chronos_scarcity,18.483666323897,0.4815567963091105
ZMB-fed(KEN+TZA+UGA),2006,1,broad_money,2007,gnn_scarcity,18.483666323897,1.0945729248491496
ZMB-fed(KEN+TZA+UGA),2006,3,broad_money,2009,persistence,17.8373653191483,0.2242232432783986
ZMB-fed(KEN+TZA+UGA),2006,3,broad_money,2009,arima,17.8373653191483,0.16603704242932338
ZMB-fed(KEN+TZA+UGA),2006,3,broad_money,2009,chronos,17.8373653191483,0.6884411078536523
ZMB-fed(KEN+TZA+UGA),2006,3,broad_money,2009,xgb_blind,17.8373653191483,2.551920722111465
ZMB-fed(KEN+TZA+UGA),2006,3,broad_money,2009,xgb_lag,17.8373653191483,0.16603704242932338
ZMB-fed(KEN+TZA+UGA),2006,3,broad_money,2009,xgb_typed,17.8373653191483,0.16603704242932338
ZMB-fed(KEN+TZA+UGA),2006,3,broad_money,2009,lgbm_blind,17.8373653191483,0.9057644759912122
ZMB-fed(KEN+TZA+UGA),2006,3,broad_money,2009,lgbm_lag,17.8373653191483,0.16603704242932338
ZMB-fed(KEN+TZA+UGA),2006,3,broad_money,2009,lgbm_typed,17.8373653191483,0.16603704242932338
ZMB-fed(KEN+TZA+UGA),2006,3,broad_money,2009,tft,17.8373653191483,0.2543762427413476
ZMB-fed(KEN+TZA+UGA),2006,3,broad_money,2009,tgcn,17.8373653191483,
ZMB-fed(KEN+TZA+UGA),2006,3,broad_money,2009,persistence_scarcity,17.8373653191483,0.2242232432783986
ZMB-fed(KEN+TZA+UGA),2006,3,broad_money,2009,chronos_scarcity,17.8373653191483,0.6884411078536523
ZMB-fed(KEN+TZA+UGA),2006,3,broad_money,2009,gnn_scarcity,17.8373653191483,0.22620088873744137
ZMB-fed(KEN+TZA+UGA),2006,5,broad_money,2011,persistence,19.1220235564735,1.0604349940468012
ZMB-fed(KEN+TZA+UGA),2006,5,broad_money,2011,arima,19.1220235564735,1.4485654983242853
ZMB-fed(KEN+TZA+UGA),2006,5,broad_money,2011,chronos,19.1220235564735,0.13797852778697717
ZMB-fed(KEN+TZA+UGA),2006,5,broad_money,2011,xgb_blind,19.1220235564735,2.1856107451942037
ZMB-fed(KEN+TZA+UGA),2006,5,broad_money,2011,xgb_lag,19.1220235564735,1.4485654983242853
ZMB-fed(KEN+TZA+UGA),2006,5,broad_money,2011,xgb_typed,19.1220235564735,1.4485654983242853
ZMB-fed(KEN+TZA+UGA),2006,5,broad_money,2011,lgbm_blind,19.1220235564735,1.6714131572272848
ZMB-fed(KEN+TZA+UGA),2006,5,broad_money,2011,lgbm_lag,19.1220235564735,1.4485654983242853
ZMB-fed(KEN+TZA+UGA),2006,5,broad_money,2011,lgbm_typed,19.1220235564735,1.4485654983242853
ZMB-fed(KEN+TZA+UGA),2006,5,broad_money,2011,tft,19.1220235564735,1.0289373137977194
ZMB-fed(KEN+TZA+UGA),2006,5,broad_money,2011,tgcn,19.1220235564735,
ZMB-fed(KEN+TZA+UGA),2006,5,broad_money,2011,persistence_scarcity,19.1220235564735,1.0604349940468012
ZMB-fed(KEN+TZA+UGA),2006,5,broad_money,2011,chronos_scarcity,19.1220235564735,0.13797852778697717
ZMB-fed(KEN+TZA+UGA),2006,5,broad_money,2011,gnn_scarcity,19.1220235564735,1.5736245849158834
ZMB-fed(KEN+TZA+UGA),2006,1,private_credit,2007,persistence,13.6929591153621,0.0
ZMB-fed(KEN+TZA+UGA),2006,1,private_credit,2007,arima,13.6929591153621,0.0
ZMB-fed(KEN+TZA+UGA),2006,1,private_credit,2007,chronos,13.6929591153621,0.040153786992959795
ZMB-fed(KEN+TZA+UGA),2006,1,private_credit,2007,xgb_blind,13.6929591153621,2.835749910445884e-07
ZMB-fed(KEN+TZA+UGA),2006,1,private_credit,2007,xgb_lag,13.6929591153621,0.0
ZMB-fed(KEN+TZA+UGA),2006,1,private_credit,2007,xgb_typed,13.6929591153621,0.0
ZMB-fed(KEN+TZA+UGA),2006,1,private_credit,2007,lgbm_blind,13.6929591153621,2.835749910445884e-07
ZMB-fed(KEN+TZA+UGA),2006,1,private_credit,2007,lgbm_lag,13.6929591153621,0.0
ZMB-fed(KEN+TZA+UGA),2006,1,private_credit,2007,lgbm_typed,13.6929591153621,0.0
ZMB-fed(KEN+TZA+UGA),2006,1,private_credit,2007,tft,13.6929591153621,0.05114908471114177
ZMB-fed(KEN+TZA+UGA),2006,1,private_credit,2007,tgcn,13.6929591153621,
ZMB-fed(KEN+TZA+UGA),2006,1,private_credit,2007,persistence_scarcity,13.6929591153621,0.0
ZMB-fed(KEN+TZA+UGA),2006,1,private_credit,2007,chronos_scarcity,13.6929591153621,0.040153786992959795
ZMB-fed(KEN+TZA+UGA),2006,1,private_credit,2007,gnn_scarcity,13.6929591153621,1.6237736417679116e-06
ZMB-fed(KEN+TZA+UGA),2006,3,private_credit,2009,persistence,13.6929591153621,0.0
ZMB-fed(KEN+TZA+UGA),2006,3,private_credit,2009,arima,13.6929591153621,0.0
ZMB-fed(KEN+TZA+UGA),2006,3,private_credit,2009,chronos,13.6929591153621,0.040153786992959795
ZMB-fed(KEN+TZA+UGA),2006,3,private_credit,2009,xgb_blind,13.6929591153621,2.835749910445884e-07
ZMB-fed(KEN+TZA+UGA),2006,3,private_credit,2009,xgb_lag,13.6929591153621,0.0
ZMB-fed(KEN+TZA+UGA),2006,3,private_credit,2009,xgb_typed,13.6929591153621,0.0
ZMB-fed(KEN+TZA+UGA),2006,3,private_credit,2009,lgbm_blind,13.6929591153621,2.835749910445884e-07
ZMB-fed(KEN+TZA+UGA),2006,3,private_credit,2009,lgbm_lag,13.6929591153621,0.0
ZMB-fed(KEN+TZA+UGA),2006,3,private_credit,2009,lgbm_typed,13.6929591153621,0.0
ZMB-fed(KEN+TZA+UGA),2006,3,private_credit,2009,tft,13.6929591153621,0.04702158226973552
ZMB-fed(KEN+TZA+UGA),2006,3,private_credit,2009,tgcn,13.6929591153621,
ZMB-fed(KEN+TZA+UGA),2006,3,private_credit,2009,persistence_scarcity,13.6929591153621,0.0
ZMB-fed(KEN+TZA+UGA),2006,3,private_credit,2009,chronos_scarcity,13.6929591153621,0.040153786992959795
ZMB-fed(KEN+TZA+UGA),2006,3,private_credit,2009,gnn_scarcity,13.6929591153621,2.5774479581741616e-06
ZMB-fed(KEN+TZA+UGA),2006,5,private_credit,2011,persistence,13.6929591153621,0.0
ZMB-fed(KEN+TZA+UGA),2006,5,private_credit,2011,arima,13.6929591153621,0.0
ZMB-fed(KEN+TZA+UGA),2006,5,private_credit,2011,chronos,13.6929591153621,0.040153786992959795
ZMB-fed(KEN+TZA+UGA),2006,5,private_credit,2011,xgb_blind,13.6929591153621,2.835749910445884e-07
ZMB-fed(KEN+TZA+UGA),2006,5,private_credit,2011,xgb_lag,13.6929591153621,0.0
ZMB-fed(KEN+TZA+UGA),2006,5,private_credit,2011,xgb_typed,13.6929591153621,0.0
ZMB-fed(KEN+TZA+UGA),2006,5,private_credit,2011,lgbm_blind,13.6929591153621,2.835749910445884e-07
ZMB-fed(KEN+TZA+UGA),2006,5,private_credit,2011,lgbm_lag,13.6929591153621,0.0
ZMB-fed(KEN+TZA+UGA),2006,5,private_credit,2011,lgbm_typed,13.6929591153621,0.0
ZMB-fed(KEN+TZA+UGA),2006,5,private_credit,2011,tft,13.6929591153621,0.04826708092696208
ZMB-fed(KEN+TZA+UGA),2006,5,private_credit,2011,tgcn,13.6929591153621,
ZMB-fed(KEN+TZA+UGA),2006,5,private_credit,2011,persistence_scarcity,13.6929591153621,0.0
ZMB-fed(KEN+TZA+UGA),2006,5,private_credit,2011,chronos_scarcity,13.6929591153621,0.040153786992959795
ZMB-fed(KEN+TZA+UGA),2006,5,private_credit,2011,gnn_scarcity,13.6929591153621,2.5774479581741616e-06
ZMB-fed(KEN+TZA+UGA),2006,1,govt_consumption,2007,persistence,8.65362421922944,0.0
ZMB-fed(KEN+TZA+UGA),2006,1,govt_consumption,2007,arima,8.65362421922944,0.0
ZMB-fed(KEN+TZA+UGA),2006,1,govt_consumption,2007,chronos,8.65362421922944,0.025376958182077303
ZMB-fed(KEN+TZA+UGA),2006,1,govt_consumption,2007,xgb_blind,8.65362421922944,3.153774930098052e-07
ZMB-fed(KEN+TZA+UGA),2006,1,govt_consumption,2007,xgb_lag,8.65362421922944,0.0
ZMB-fed(KEN+TZA+UGA),2006,1,govt_consumption,2007,xgb_typed,8.65362421922944,0.0
ZMB-fed(KEN+TZA+UGA),2006,1,govt_consumption,2007,lgbm_blind,8.65362421922944,3.153774930098052e-07
ZMB-fed(KEN+TZA+UGA),2006,1,govt_consumption,2007,lgbm_lag,8.65362421922944,0.0
ZMB-fed(KEN+TZA+UGA),2006,1,govt_consumption,2007,lgbm_typed,8.65362421922944,0.0
ZMB-fed(KEN+TZA+UGA),2006,1,govt_consumption,2007,tft,8.65362421922944,0.05114968366362582
ZMB-fed(KEN+TZA+UGA),2006,1,govt_consumption,2007,tgcn,8.65362421922944,
ZMB-fed(KEN+TZA+UGA),2006,1,govt_consumption,2007,persistence_scarcity,8.65362421922944,0.0
ZMB-fed(KEN+TZA+UGA),2006,1,govt_consumption,2007,chronos_scarcity,8.65362421922944,0.025376958182077303
ZMB-fed(KEN+TZA+UGA),2006,1,govt_consumption,2007,gnn_scarcity,8.65362421922944,3.153774930098052e-07
ZMB-fed(KEN+TZA+UGA),2006,3,govt_consumption,2009,persistence,8.65362421922944,0.0
ZMB-fed(KEN+TZA+UGA),2006,3,govt_consumption,2009,arima,8.65362421922944,0.0
ZMB-fed(KEN+TZA+UGA),2006,3,govt_consumption,2009,chronos,8.65362421922944,0.025376958182077303
ZMB-fed(KEN+TZA+UGA),2006,3,govt_consumption,2009,xgb_blind,8.65362421922944,3.153774930098052e-07
ZMB-fed(KEN+TZA+UGA),2006,3,govt_consumption,2009,xgb_lag,8.65362421922944,0.0
ZMB-fed(KEN+TZA+UGA),2006,3,govt_consumption,2009,xgb_typed,8.65362421922944,0.0
ZMB-fed(KEN+TZA+UGA),2006,3,govt_consumption,2009,lgbm_blind,8.65362421922944,3.153774930098052e-07
ZMB-fed(KEN+TZA+UGA),2006,3,govt_consumption,2009,lgbm_lag,8.65362421922944,0.0
ZMB-fed(KEN+TZA+UGA),2006,3,govt_consumption,2009,lgbm_typed,8.65362421922944,0.0
ZMB-fed(KEN+TZA+UGA),2006,3,govt_consumption,2009,tft,8.65362421922944,0.04702218122221957
ZMB-fed(KEN+TZA+UGA),2006,3,govt_consumption,2009,tgcn,8.65362421922944,
ZMB-fed(KEN+TZA+UGA),2006,3,govt_consumption,2009,persistence_scarcity,8.65362421922944,0.0
ZMB-fed(KEN+TZA+UGA),2006,3,govt_consumption,2009,chronos_scarcity,8.65362421922944,0.025376958182077303
ZMB-fed(KEN+TZA+UGA),2006,3,govt_consumption,2009,gnn_scarcity,8.65362421922944,3.153774930098052e-07
ZMB-fed(KEN+TZA+UGA),2006,5,govt_consumption,2011,persistence,10.2458003430842,1.5921761238547596
ZMB-fed(KEN+TZA+UGA),2006,5,govt_consumption,2011,arima,10.2458003430842,1.5921761238547596
ZMB-fed(KEN+TZA+UGA),2006,5,govt_consumption,2011,chronos,10.2458003430842,1.617553082036837
ZMB-fed(KEN+TZA+UGA),2006,5,govt_consumption,2011,xgb_blind,10.2458003430842,1.5921758084772666
ZMB-fed(KEN+TZA+UGA),2006,5,govt_consumption,2011,xgb_lag,10.2458003430842,1.5921761238547596
ZMB-fed(KEN+TZA+UGA),2006,5,govt_consumption,2011,xgb_typed,10.2458003430842,1.5921761238547596
ZMB-fed(KEN+TZA+UGA),2006,5,govt_consumption,2011,lgbm_blind,10.2458003430842,1.5921758084772666
ZMB-fed(KEN+TZA+UGA),2006,5,govt_consumption,2011,lgbm_lag,10.2458003430842,1.5921761238547596
ZMB-fed(KEN+TZA+UGA),2006,5,govt_consumption,2011,lgbm_typed,10.2458003430842,1.5921761238547596
ZMB-fed(KEN+TZA+UGA),2006,5,govt_consumption,2011,tft,10.2458003430842,1.5439084439753135
ZMB-fed(KEN+TZA+UGA),2006,5,govt_consumption,2011,tgcn,10.2458003430842,
ZMB-fed(KEN+TZA+UGA),2006,5,govt_consumption,2011,persistence_scarcity,10.2458003430842,1.5921761238547596
ZMB-fed(KEN+TZA+UGA),2006,5,govt_consumption,2011,chronos_scarcity,10.2458003430842,1.617553082036837
ZMB-fed(KEN+TZA+UGA),2006,5,govt_consumption,2011,gnn_scarcity,10.2458003430842,1.5921758084772666
ZMB-fed(KEN+TZA+UGA),2007,1,gdp_growth,2008,persistence,7.77389581542363,0.5785404290504292
ZMB-fed(KEN+TZA+UGA),2007,1,gdp_growth,2008,arima,7.77389581542363,0.3209376231772332
ZMB-fed(KEN+TZA+UGA),2007,1,gdp_growth,2008,chronos,7.77389581542363,0.5720676626647485
ZMB-fed(KEN+TZA+UGA),2007,1,gdp_growth,2008,xgb_blind,7.77389581542363,0.6892529283081519
ZMB-fed(KEN+TZA+UGA),2007,1,gdp_growth,2008,xgb_lag,7.77389581542363,0.3209376231772332
ZMB-fed(KEN+TZA+UGA),2007,1,gdp_growth,2008,xgb_typed,7.77389581542363,0.3209376231772332
ZMB-fed(KEN+TZA+UGA),2007,1,gdp_growth,2008,lgbm_blind,7.77389581542363,3.962793018639412
ZMB-fed(KEN+TZA+UGA),2007,1,gdp_growth,2008,lgbm_lag,7.77389581542363,0.3209376231772332
ZMB-fed(KEN+TZA+UGA),2007,1,gdp_growth,2008,lgbm_typed,7.77389581542363,0.3209376231772332
ZMB-fed(KEN+TZA+UGA),2007,1,gdp_growth,2008,tft,7.77389581542363,1.0491413320983423
ZMB-fed(KEN+TZA+UGA),2007,1,gdp_growth,2008,tgcn,7.77389581542363,
ZMB-fed(KEN+TZA+UGA),2007,1,gdp_growth,2008,persistence_scarcity,7.77389581542363,0.5785404290504292
ZMB-fed(KEN+TZA+UGA),2007,1,gdp_growth,2008,chronos_scarcity,7.77389581542363,0.5720676626647485
ZMB-fed(KEN+TZA+UGA),2007,1,gdp_growth,2008,gnn_scarcity,7.77389581542363,4.887675837091111
ZMB-fed(KEN+TZA+UGA),2007,3,gdp_growth,2010,persistence,10.2982233241213,1.945787079647241
ZMB-fed(KEN+TZA+UGA),2007,3,gdp_growth,2010,arima,10.2982233241213,2.1404019429163483
ZMB-fed(KEN+TZA+UGA),2007,3,gdp_growth,2010,chronos,10.2982233241213,2.4119947627199334
ZMB-fed(KEN+TZA+UGA),2007,3,gdp_growth,2010,xgb_blind,10.2982233241213,3.226122684778039
ZMB-fed(KEN+TZA+UGA),2007,3,gdp_growth,2010,xgb_lag,10.2982233241213,2.1404019429163483
ZMB-fed(KEN+TZA+UGA),2007,3,gdp_growth,2010,xgb_typed,10.2982233241213,2.1404019429163483
ZMB-fed(KEN+TZA+UGA),2007,3,gdp_growth,2010,lgbm_blind,10.2982233241213,5.8611697807920615
ZMB-fed(KEN+TZA+UGA),2007,3,gdp_growth,2010,lgbm_lag,10.2982233241213,2.1404019429163483
ZMB-fed(KEN+TZA+UGA),2007,3,gdp_growth,2010,lgbm_typed,10.2982233241213,2.1404019429163483
ZMB-fed(KEN+TZA+UGA),2007,3,gdp_growth,2010,tft,10.2982233241213,1.127218075097863
ZMB-fed(KEN+TZA+UGA),2007,3,gdp_growth,2010,tgcn,10.2982233241213,
ZMB-fed(KEN+TZA+UGA),2007,3,gdp_growth,2010,persistence_scarcity,10.2982233241213,1.945787079647241
ZMB-fed(KEN+TZA+UGA),2007,3,gdp_growth,2010,chronos_scarcity,10.2982233241213,2.4119947627199334
ZMB-fed(KEN+TZA+UGA),2007,3,gdp_growth,2010,gnn_scarcity,10.2982233241213,6.557885237039391
ZMB-fed(KEN+TZA+UGA),2007,5,gdp_growth,2012,persistence,7.59738104901994,0.75505519545412
ZMB-fed(KEN+TZA+UGA),2007,5,gdp_growth,2012,arima,7.59738104901994,0.5811973783251956
ZMB-fed(KEN+TZA+UGA),2007,5,gdp_growth,2012,chronos,7.59738104901994,0.14739090837752133
ZMB-fed(KEN+TZA+UGA),2007,5,gdp_growth,2012,xgb_blind,7.59738104901994,1.4615992840358087
ZMB-fed(KEN+TZA+UGA),2007,5,gdp_growth,2012,xgb_lag,7.59738104901994,0.5811973783251956
ZMB-fed(KEN+TZA+UGA),2007,5,gdp_growth,2012,xgb_typed,7.59738104901994,0.5811973783251956
ZMB-fed(KEN+TZA+UGA),2007,5,gdp_growth,2012,lgbm_blind,7.59738104901994,2.3370756191395037
ZMB-fed(KEN+TZA+UGA),2007,5,gdp_growth,2012,lgbm_lag,7.59738104901994,0.5811973783251956
ZMB-fed(KEN+TZA+UGA),2007,5,gdp_growth,2012,lgbm_typed,7.59738104901994,0.5811973783251956
ZMB-fed(KEN+TZA+UGA),2007,5,gdp_growth,2012,tft,7.59738104901994,1.5933595363072088
ZMB-fed(KEN+TZA+UGA),2007,5,gdp_growth,2012,tgcn,7.59738104901994,
ZMB-fed(KEN+TZA+UGA),2007,5,gdp_growth,2012,persistence_scarcity,7.59738104901994,0.75505519545412
ZMB-fed(KEN+TZA+UGA),2007,5,gdp_growth,2012,chronos_scarcity,7.59738104901994,0.14739090837752133
ZMB-fed(KEN+TZA+UGA),2007,5,gdp_growth,2012,gnn_scarcity,7.59738104901994,4.487615042550213
ZMB-fed(KEN+TZA+UGA),2007,1,inflation_cpi,2008,persistence,12.4455793463192,1.7882297463038999
ZMB-fed(KEN+TZA+UGA),2007,1,inflation_cpi,2008,arima,12.4455793463192,1.7543107152209405
ZMB-fed(KEN+TZA+UGA),2007,1,inflation_cpi,2008,chronos,12.4455793463192,3.930337723394395
ZMB-fed(KEN+TZA+UGA),2007,1,inflation_cpi,2008,xgb_blind,12.4455793463192,0.29409712920570286
ZMB-fed(KEN+TZA+UGA),2007,1,inflation_cpi,2008,xgb_lag,12.4455793463192,1.7543107152209405
ZMB-fed(KEN+TZA+UGA),2007,1,inflation_cpi,2008,xgb_typed,12.4455793463192,1.7543107152209405
ZMB-fed(KEN+TZA+UGA),2007,1,inflation_cpi,2008,lgbm_blind,12.4455793463192,34.72842346937617
ZMB-fed(KEN+TZA+UGA),2007,1,inflation_cpi,2008,lgbm_lag,12.4455793463192,1.7543107152209405
ZMB-fed(KEN+TZA+UGA),2007,1,inflation_cpi,2008,lgbm_typed,12.4455793463192,1.7543107152209405
ZMB-fed(KEN+TZA+UGA),2007,1,inflation_cpi,2008,tft,12.4455793463192,0.7607467733821878
ZMB-fed(KEN+TZA+UGA),2007,1,inflation_cpi,2008,tgcn,12.4455793463192,
ZMB-fed(KEN+TZA+UGA),2007,1,inflation_cpi,2008,persistence_scarcity,12.4455793463192,1.7882297463038999
ZMB-fed(KEN+TZA+UGA),2007,1,inflation_cpi,2008,chronos_scarcity,12.4455793463192,3.930337723394395
ZMB-fed(KEN+TZA+UGA),2007,1,inflation_cpi,2008,gnn_scarcity,12.4455793463192,29.774559203485488
ZMB-fed(KEN+TZA+UGA),2007,3,inflation_cpi,2010,persistence,8.50176133365265,2.155588266362649
ZMB-fed(KEN+TZA+UGA),2007,3,inflation_cpi,2010,arima,8.50176133365265,2.1902243229718312
ZMB-fed(KEN+TZA+UGA),2007,3,inflation_cpi,2010,chronos,8.50176133365265,8.528699024013365
ZMB-fed(KEN+TZA+UGA),2007,3,inflation_cpi,2010,xgb_blind,8.50176133365265,7.041728122524107
ZMB-fed(KEN+TZA+UGA),2007,3,inflation_cpi,2010,xgb_lag,8.50176133365265,2.1902243229718312
ZMB-fed(KEN+TZA+UGA),2007,3,inflation_cpi,2010,xgb_typed,8.50176133365265,2.1902243229718312
ZMB-fed(KEN+TZA+UGA),2007,3,inflation_cpi,2010,lgbm_blind,8.50176133365265,27.40551825313934
ZMB-fed(KEN+TZA+UGA),2007,3,inflation_cpi,2010,lgbm_lag,8.50176133365265,2.1902243229718312
ZMB-fed(KEN+TZA+UGA),2007,3,inflation_cpi,2010,lgbm_typed,8.50176133365265,2.1902243229718312
ZMB-fed(KEN+TZA+UGA),2007,3,inflation_cpi,2010,tft,8.50176133365265,3.1484204366720565
ZMB-fed(KEN+TZA+UGA),2007,3,inflation_cpi,2010,tgcn,8.50176133365265,
ZMB-fed(KEN+TZA+UGA),2007,3,inflation_cpi,2010,persistence_scarcity,8.50176133365265,2.155588266362649
ZMB-fed(KEN+TZA+UGA),2007,3,inflation_cpi,2010,chronos_scarcity,8.50176133365265,8.528699024013365
ZMB-fed(KEN+TZA+UGA),2007,3,inflation_cpi,2010,gnn_scarcity,8.50176133365265,44.01968870907196
ZMB-fed(KEN+TZA+UGA),2007,5,inflation_cpi,2012,persistence,6.57589970757698,4.08144989243832
ZMB-fed(KEN+TZA+UGA),2007,5,inflation_cpi,2012,arima,6.57589970757698,4.11608625659478
ZMB-fed(KEN+TZA+UGA),2007,5,inflation_cpi,2012,chronos,6.57589970757698,14.341929805972825
ZMB-fed(KEN+TZA+UGA),2007,5,inflation_cpi,2012,xgb_blind,6.57589970757698,11.495042217471848
ZMB-fed(KEN+TZA+UGA),2007,5,inflation_cpi,2012,xgb_lag,6.57589970757698,4.11608625659478
ZMB-fed(KEN+TZA+UGA),2007,5,inflation_cpi,2012,xgb_typed,6.57589970757698,4.11608625659478
ZMB-fed(KEN+TZA+UGA),2007,5,inflation_cpi,2012,lgbm_blind,6.57589970757698,16.55454870715221
ZMB-fed(KEN+TZA+UGA),2007,5,inflation_cpi,2012,lgbm_lag,6.57589970757698,4.11608625659478
ZMB-fed(KEN+TZA+UGA),2007,5,inflation_cpi,2012,lgbm_typed,6.57589970757698,4.11608625659478
ZMB-fed(KEN+TZA+UGA),2007,5,inflation_cpi,2012,tft,6.57589970757698,5.073879612186204
ZMB-fed(KEN+TZA+UGA),2007,5,inflation_cpi,2012,tgcn,6.57589970757698,
ZMB-fed(KEN+TZA+UGA),2007,5,inflation_cpi,2012,persistence_scarcity,6.57589970757698,4.08144989243832
ZMB-fed(KEN+TZA+UGA),2007,5,inflation_cpi,2012,chronos_scarcity,6.57589970757698,14.341929805972825
ZMB-fed(KEN+TZA+UGA),2007,5,inflation_cpi,2012,gnn_scarcity,6.57589970757698,38.34037150213982
ZMB-fed(KEN+TZA+UGA),2007,1,unemployment,2008,persistence,7.93,2.6289999999999996
ZMB-fed(KEN+TZA+UGA),2007,1,unemployment,2008,arima,7.93,0.7348808770885977
ZMB-fed(KEN+TZA+UGA),2007,1,unemployment,2008,chronos,7.93,1.1706536483764651
ZMB-fed(KEN+TZA+UGA),2007,1,unemployment,2008,xgb_blind,7.93,6.65748722076416
ZMB-fed(KEN+TZA+UGA),2007,1,unemployment,2008,xgb_lag,7.93,0.7348808770885977
ZMB-fed(KEN+TZA+UGA),2007,1,unemployment,2008,xgb_typed,7.93,0.7348808770885977
ZMB-fed(KEN+TZA+UGA),2007,1,unemployment,2008,lgbm_blind,7.93,7.184764718448415
ZMB-fed(KEN+TZA+UGA),2007,1,unemployment,2008,lgbm_lag,7.93,0.7348808770885977
ZMB-fed(KEN+TZA+UGA),2007,1,unemployment,2008,lgbm_typed,7.93,0.7348808770885977
ZMB-fed(KEN+TZA+UGA),2007,1,unemployment,2008,tft,7.93,0.20457380294799776
ZMB-fed(KEN+TZA+UGA),2007,1,unemployment,2008,tgcn,7.93,
ZMB-fed(KEN+TZA+UGA),2007,1,unemployment,2008,persistence_scarcity,7.93,2.6289999999999996
ZMB-fed(KEN+TZA+UGA),2007,1,unemployment,2008,chronos_scarcity,7.93,1.1706536483764651
ZMB-fed(KEN+TZA+UGA),2007,1,unemployment,2008,gnn_scarcity,7.93,6.946346588134766
ZMB-fed(KEN+TZA+UGA),2007,3,unemployment,2010,persistence,13.19,2.6310000000000002
ZMB-fed(KEN+TZA+UGA),2007,3,unemployment,2010,arima,13.19,6.82205581621169
ZMB-fed(KEN+TZA+UGA),2007,3,unemployment,2010,chronos,13.19,5.549936237335205
ZMB-fed(KEN+TZA+UGA),2007,3,unemployment,2010,xgb_blind,13.19,1.697853507995605
ZMB-fed(KEN+TZA+UGA),2007,3,unemployment,2010,xgb_lag,13.19,6.82205581621169
ZMB-fed(KEN+TZA+UGA),2007,3,unemployment,2010,xgb_typed,13.19,6.82205581621169
ZMB-fed(KEN+TZA+UGA),2007,3,unemployment,2010,lgbm_blind,13.19,1.3755333201090494
ZMB-fed(KEN+TZA+UGA),2007,3,unemployment,2010,lgbm_lag,13.19,6.82205581621169
ZMB-fed(KEN+TZA+UGA),2007,3,unemployment,2010,lgbm_typed,13.19,6.82205581621169
ZMB-fed(KEN+TZA+UGA),2007,3,unemployment,2010,tft,13.19,4.985106887817382
ZMB-fed(KEN+TZA+UGA),2007,3,unemployment,2010,tgcn,13.19,
ZMB-fed(KEN+TZA+UGA),2007,3,unemployment,2010,persistence_scarcity,13.19,2.6310000000000002
ZMB-fed(KEN+TZA+UGA),2007,3,unemployment,2010,chronos_scarcity,13.19,5.549936237335205
ZMB-fed(KEN+TZA+UGA),2007,3,unemployment,2010,gnn_scarcity,13.19,2.2446694946289067
ZMB-fed(KEN+TZA+UGA),2007,5,unemployment,2012,persistence,7.85,2.7089999999999996
ZMB-fed(KEN+TZA+UGA),2007,5,unemployment,2012,arima,7.85,2.6380112220521523
ZMB-fed(KEN+TZA+UGA),2007,5,unemployment,2012,chronos,7.85,0.4080051422119144
ZMB-fed(KEN+TZA+UGA),2007,5,unemployment,2012,xgb_blind,7.85,4.2308038711547855
ZMB-fed(KEN+TZA+UGA),2007,5,unemployment,2012,xgb_lag,7.85,2.6380112220521523
ZMB-fed(KEN+TZA+UGA),2007,5,unemployment,2012,xgb_typed,7.85,2.6380112220521523
ZMB-fed(KEN+TZA+UGA),2007,5,unemployment,2012,lgbm_blind,7.85,6.003384604820839
ZMB-fed(KEN+TZA+UGA),2007,5,unemployment,2012,lgbm_lag,7.85,2.6380112220521523
ZMB-fed(KEN+TZA+UGA),2007,5,unemployment,2012,lgbm_typed,7.85,2.6380112220521523
ZMB-fed(KEN+TZA+UGA),2007,5,unemployment,2012,tft,7.85,0.7590240478515629
ZMB-fed(KEN+TZA+UGA),2007,5,unemployment,2012,tgcn,7.85,
ZMB-fed(KEN+TZA+UGA),2007,5,unemployment,2012,persistence_scarcity,7.85,2.7089999999999996
ZMB-fed(KEN+TZA+UGA),2007,5,unemployment,2012,chronos_scarcity,7.85,0.4080051422119144
ZMB-fed(KEN+TZA+UGA),2007,5,unemployment,2012,gnn_scarcity,7.85,7.1724752426147464
ZMB-fed(KEN+TZA+UGA),2007,1,exports_gdp,2008,persistence,28.9193597052566,4.671833499756698
ZMB-fed(KEN+TZA+UGA),2007,1,exports_gdp,2008,arima,28.9193597052566,4.388527403083987
ZMB-fed(KEN+TZA+UGA),2007,1,exports_gdp,2008,chronos,28.9193597052566,4.005456426335197
ZMB-fed(KEN+TZA+UGA),2007,1,exports_gdp,2008,xgb_blind,28.9193597052566,3.270104863835197
ZMB-fed(KEN+TZA+UGA),2007,1,exports_gdp,2008,xgb_lag,28.9193597052566,4.388527403083987
ZMB-fed(KEN+TZA+UGA),2007,1,exports_gdp,2008,xgb_typed,28.9193597052566,4.388527403083987
ZMB-fed(KEN+TZA+UGA),2007,1,exports_gdp,2008,lgbm_blind,28.9193597052566,0.6332169207917673
ZMB-fed(KEN+TZA+UGA),2007,1,exports_gdp,2008,lgbm_lag,28.9193597052566,4.388527403083987
ZMB-fed(KEN+TZA+UGA),2007,1,exports_gdp,2008,lgbm_typed,28.9193597052566,4.388527403083987
ZMB-fed(KEN+TZA+UGA),2007,1,exports_gdp,2008,tft,28.9193597052566,4.641625859928947
ZMB-fed(KEN+TZA+UGA),2007,1,exports_gdp,2008,tgcn,28.9193597052566,
ZMB-fed(KEN+TZA+UGA),2007,1,exports_gdp,2008,persistence_scarcity,28.9193597052566,4.671833499756698
ZMB-fed(KEN+TZA+UGA),2007,1,exports_gdp,2008,chronos_scarcity,28.9193597052566,4.005456426335197
ZMB-fed(KEN+TZA+UGA),2007,1,exports_gdp,2008,gnn_scarcity,28.9193597052566,0.23848483820043143
ZMB-fed(KEN+TZA+UGA),2007,3,exports_gdp,2010,persistence,37.0259333072124,3.4347401021991004
ZMB-fed(KEN+TZA+UGA),2007,3,exports_gdp,2010,arima,37.0259333072124,3.66046121667236
ZMB-fed(KEN+TZA+UGA),2007,3,exports_gdp,2010,chronos,37.0259333072124,4.101117175620601
ZMB-fed(KEN+TZA+UGA),2007,3,exports_gdp,2010,xgb_blind,37.0259333072124,3.7963762698588823
ZMB-fed(KEN+TZA+UGA),2007,3,exports_gdp,2010,xgb_lag,37.0259333072124,3.66046121667236
ZMB-fed(KEN+TZA+UGA),2007,3,exports_gdp,2010,xgb_typed,37.0259333072124,3.66046121667236
ZMB-fed(KEN+TZA+UGA),2007,3,exports_gdp,2010,lgbm_blind,37.0259333072124,7.926398954591956
ZMB-fed(KEN+TZA+UGA),2007,3,exports_gdp,2010,lgbm_lag,37.0259333072124,3.66046121667236
ZMB-fed(KEN+TZA+UGA),2007,3,exports_gdp,2010,lgbm_typed,37.0259333072124,3.66046121667236
ZMB-fed(KEN+TZA+UGA),2007,3,exports_gdp,2010,tft,37.0259333072124,3.407055896323726
ZMB-fed(KEN+TZA+UGA),2007,3,exports_gdp,2010,tgcn,37.0259333072124,
ZMB-fed(KEN+TZA+UGA),2007,3,exports_gdp,2010,persistence_scarcity,37.0259333072124,3.4347401021991004
ZMB-fed(KEN+TZA+UGA),2007,3,exports_gdp,2010,chronos_scarcity,37.0259333072124,4.101117175620601
ZMB-fed(KEN+TZA+UGA),2007,3,exports_gdp,2010,gnn_scarcity,37.0259333072124,7.142041247886226
ZMB-fed(KEN+TZA+UGA),2007,5,exports_gdp,2012,persistence,40.0829109943526,6.4917177893393045
ZMB-fed(KEN+TZA+UGA),2007,5,exports_gdp,2012,arima,40.0829109943526,6.712800635033759
ZMB-fed(KEN+TZA+UGA),2007,5,exports_gdp,2012,chronos,40.0829109943526,7.158094862760805
ZMB-fed(KEN+TZA+UGA),2007,5,exports_gdp,2012,xgb_blind,40.0829109943526,11.856289366544985
ZMB-fed(KEN+TZA+UGA),2007,5,exports_gdp,2012,xgb_lag,40.0829109943526,6.712800635033759
ZMB-fed(KEN+TZA+UGA),2007,5,exports_gdp,2012,xgb_typed,40.0829109943526,6.712800635033759
ZMB-fed(KEN+TZA+UGA),2007,5,exports_gdp,2012,lgbm_blind,40.0829109943526,11.575816537753294
ZMB-fed(KEN+TZA+UGA),2007,5,exports_gdp,2012,lgbm_lag,40.0829109943526,6.712800635033759
ZMB-fed(KEN+TZA+UGA),2007,5,exports_gdp,2012,lgbm_typed,40.0829109943526,6.712800635033759
ZMB-fed(KEN+TZA+UGA),2007,5,exports_gdp,2012,tft,40.0829109943526,6.4297089374678364
ZMB-fed(KEN+TZA+UGA),2007,5,exports_gdp,2012,tgcn,40.0829109943526,
ZMB-fed(KEN+TZA+UGA),2007,5,exports_gdp,2012,persistence_scarcity,40.0829109943526,6.4917177893393045
ZMB-fed(KEN+TZA+UGA),2007,5,exports_gdp,2012,chronos_scarcity,40.0829109943526,7.158094862760805
ZMB-fed(KEN+TZA+UGA),2007,5,exports_gdp,2012,gnn_scarcity,40.0829109943526,10.735039213957094
ZMB-fed(KEN+TZA+UGA),2007,1,imports_gdp,2008,persistence,30.5355294153308,1.644736070562601
ZMB-fed(KEN+TZA+UGA),2007,1,imports_gdp,2008,arima,30.5355294153308,1.438336993199183
ZMB-fed(KEN+TZA+UGA),2007,1,imports_gdp,2008,chronos,30.5355294153308,4.610901553907482
ZMB-fed(KEN+TZA+UGA),2007,1,imports_gdp,2008,xgb_blind,30.5355294153308,1.2630717351818959
ZMB-fed(KEN+TZA+UGA),2007,1,imports_gdp,2008,xgb_lag,30.5355294153308,1.438336993199183
ZMB-fed(KEN+TZA+UGA),2007,1,imports_gdp,2008,xgb_typed,30.5355294153308,1.438336993199183
ZMB-fed(KEN+TZA+UGA),2007,1,imports_gdp,2008,lgbm_blind,30.5355294153308,3.610015309975097
ZMB-fed(KEN+TZA+UGA),2007,1,imports_gdp,2008,lgbm_lag,30.5355294153308,1.438336993199183
ZMB-fed(KEN+TZA+UGA),2007,1,imports_gdp,2008,lgbm_typed,30.5355294153308,1.438336993199183
ZMB-fed(KEN+TZA+UGA),2007,1,imports_gdp,2008,tft,30.5355294153308,2.239571292677013
ZMB-fed(KEN+TZA+UGA),2007,1,imports_gdp,2008,tgcn,30.5355294153308,
ZMB-fed(KEN+TZA+UGA),2007,1,imports_gdp,2008,persistence_scarcity,30.5355294153308,1.644736070562601
ZMB-fed(KEN+TZA+UGA),2007,1,imports_gdp,2008,chronos_scarcity,30.5355294153308,4.610901553907482
ZMB-fed(KEN+TZA+UGA),2007,1,imports_gdp,2008,gnn_scarcity,30.5355294153308,3.076843936719982
ZMB-fed(KEN+TZA+UGA),2007,3,imports_gdp,2010,persistence,27.9887692133998,4.191496272493602
ZMB-fed(KEN+TZA+UGA),2007,3,imports_gdp,2010,arima,27.9887692133998,3.991072740612225
ZMB-fed(KEN+TZA+UGA),2007,3,imports_gdp,2010,chronos,27.9887692133998,5.781833966531842
ZMB-fed(KEN+TZA+UGA),2007,3,imports_gdp,2010,xgb_blind,27.9887692133998,3.6576426823521544
ZMB-fed(KEN+TZA+UGA),2007,3,imports_gdp,2010,xgb_lag,27.9887692133998,3.991072740612225
ZMB-fed(KEN+TZA+UGA),2007,3,imports_gdp,2010,xgb_typed,27.9887692133998,3.991072740612225
ZMB-fed(KEN+TZA+UGA),2007,3,imports_gdp,2010,lgbm_blind,27.9887692133998,6.216154924987244
ZMB-fed(KEN+TZA+UGA),2007,3,imports_gdp,2010,lgbm_lag,27.9887692133998,3.991072740612225
ZMB-fed(KEN+TZA+UGA),2007,3,imports_gdp,2010,lgbm_typed,27.9887692133998,3.991072740612225
ZMB-fed(KEN+TZA+UGA),2007,3,imports_gdp,2010,tft,27.9887692133998,4.80663331345567
ZMB-fed(KEN+TZA+UGA),2007,3,imports_gdp,2010,tgcn,27.9887692133998,
ZMB-fed(KEN+TZA+UGA),2007,3,imports_gdp,2010,persistence_scarcity,27.9887692133998,4.191496272493602
ZMB-fed(KEN+TZA+UGA),2007,3,imports_gdp,2010,chronos_scarcity,27.9887692133998,5.781833966531842
ZMB-fed(KEN+TZA+UGA),2007,3,imports_gdp,2010,gnn_scarcity,27.9887692133998,6.256241162576764
ZMB-fed(KEN+TZA+UGA),2007,5,imports_gdp,2012,persistence,35.2847988615544,3.104533375660999
ZMB-fed(KEN+TZA+UGA),2007,5,imports_gdp,2012,arima,35.2847988615544,3.3049515860653713
ZMB-fed(KEN+TZA+UGA),2007,5,imports_gdp,2012,chronos,35.2847988615544,1.514195681622759
ZMB-fed(KEN+TZA+UGA),2007,5,imports_gdp,2012,xgb_blind,35.2847988615544,5.118554354718462
ZMB-fed(KEN+TZA+UGA),2007,5,imports_gdp,2012,xgb_lag,35.2847988615544,3.3049515860653713
ZMB-fed(KEN+TZA+UGA),2007,5,imports_gdp,2012,xgb_typed,35.2847988615544,3.3049515860653713
ZMB-fed(KEN+TZA+UGA),2007,5,imports_gdp,2012,lgbm_blind,35.2847988615544,1.0022247214458488
ZMB-fed(KEN+TZA+UGA),2007,5,imports_gdp,2012,lgbm_lag,35.2847988615544,3.3049515860653713
ZMB-fed(KEN+TZA+UGA),2007,5,imports_gdp,2012,lgbm_typed,35.2847988615544,3.3049515860653713
ZMB-fed(KEN+TZA+UGA),2007,5,imports_gdp,2012,tft,35.2847988615544,2.4862377653629935
ZMB-fed(KEN+TZA+UGA),2007,5,imports_gdp,2012,tgcn,35.2847988615544,
ZMB-fed(KEN+TZA+UGA),2007,5,imports_gdp,2012,persistence_scarcity,35.2847988615544,3.104533375660999
ZMB-fed(KEN+TZA+UGA),2007,5,imports_gdp,2012,chronos_scarcity,35.2847988615544,1.514195681622759
ZMB-fed(KEN+TZA+UGA),2007,5,imports_gdp,2012,gnn_scarcity,35.2847988615544,1.5068447599918997
ZMB-fed(KEN+TZA+UGA),2007,1,current_account,2008,persistence,-3.33057905300122,2.09255865373778
ZMB-fed(KEN+TZA+UGA),2007,1,current_account,2008,arima,-3.33057905300122,3.8024457258575746
ZMB-fed(KEN+TZA+UGA),2007,1,current_account,2008,chronos,-3.33057905300122,3.179344321923072
ZMB-fed(KEN+TZA+UGA),2007,1,current_account,2008,xgb_blind,-3.33057905300122,1.8629795418546746
ZMB-fed(KEN+TZA+UGA),2007,1,current_account,2008,xgb_lag,-3.33057905300122,3.8024457258575746
ZMB-fed(KEN+TZA+UGA),2007,1,current_account,2008,xgb_typed,-3.33057905300122,3.8024457258575746
ZMB-fed(KEN+TZA+UGA),2007,1,current_account,2008,lgbm_blind,-3.33057905300122,5.980636880630229
ZMB-fed(KEN+TZA+UGA),2007,1,current_account,2008,lgbm_lag,-3.33057905300122,3.8024457258575746
ZMB-fed(KEN+TZA+UGA),2007,1,current_account,2008,lgbm_typed,-3.33057905300122,3.8024457258575746
ZMB-fed(KEN+TZA+UGA),2007,1,current_account,2008,tft,-3.33057905300122,3.3263924227521966
ZMB-fed(KEN+TZA+UGA),2007,1,current_account,2008,tgcn,-3.33057905300122,
ZMB-fed(KEN+TZA+UGA),2007,1,current_account,2008,persistence_scarcity,-3.33057905300122,2.09255865373778
ZMB-fed(KEN+TZA+UGA),2007,1,current_account,2008,chronos_scarcity,-3.33057905300122,3.179344321923072
ZMB-fed(KEN+TZA+UGA),2007,1,current_account,2008,gnn_scarcity,-3.33057905300122,7.458883990211671
ZMB-fed(KEN+TZA+UGA),2007,3,current_account,2010,persistence,7.52549147652086,8.7635118757843
ZMB-fed(KEN+TZA+UGA),2007,3,current_account,2010,arima,7.52549147652086,7.4061640874224945
ZMB-fed(KEN+TZA+UGA),2007,3,current_account,2010,chronos,7.52549147652086,7.941389441952073
ZMB-fed(KEN+TZA+UGA),2007,3,current_account,2010,xgb_blind,7.52549147652086,10.729548454746567
ZMB-fed(KEN+TZA+UGA),2007,3,current_account,2010,xgb_lag,7.52549147652086,7.4061640874224945
ZMB-fed(KEN+TZA+UGA),2007,3,current_account,2010,xgb_typed,7.52549147652086,7.4061640874224945
ZMB-fed(KEN+TZA+UGA),2007,3,current_account,2010,lgbm_blind,7.52549147652086,16.8711452965587
ZMB-fed(KEN+TZA+UGA),2007,3,current_account,2010,lgbm_lag,7.52549147652086,7.4061640874224945
ZMB-fed(KEN+TZA+UGA),2007,3,current_account,2010,lgbm_typed,7.52549147652086,7.4061640874224945
ZMB-fed(KEN+TZA+UGA),2007,3,current_account,2010,tft,7.52549147652086,7.564547777637803
ZMB-fed(KEN+TZA+UGA),2007,3,current_account,2010,tgcn,7.52549147652086,
ZMB-fed(KEN+TZA+UGA),2007,3,current_account,2010,persistence_scarcity,7.52549147652086,8.7635118757843
ZMB-fed(KEN+TZA+UGA),2007,3,current_account,2010,chronos_scarcity,7.52549147652086,7.941389441952073
ZMB-fed(KEN+TZA+UGA),2007,3,current_account,2010,gnn_scarcity,7.52549147652086,17.081453085407578
ZMB-fed(KEN+TZA+UGA),2007,5,current_account,2012,persistence,5.37898486156031,6.61700526082375
ZMB-fed(KEN+TZA+UGA),2007,5,current_account,2012,arima,5.37898486156031,5.289441217635808
ZMB-fed(KEN+TZA+UGA),2007,5,current_account,2012,chronos,5.37898486156031,5.530219592638458
ZMB-fed(KEN+TZA+UGA),2007,5,current_account,2012,xgb_blind,5.37898486156031,9.211489372439827
ZMB-fed(KEN+TZA+UGA),2007,5,current_account,2012,xgb_lag,5.37898486156031,5.289441217635808
ZMB-fed(KEN+TZA+UGA),2007,5,current_account,2012,xgb_typed,5.37898486156031,5.289441217635808
ZMB-fed(KEN+TZA+UGA),2007,5,current_account,2012,lgbm_blind,5.37898486156031,14.769672840744974
ZMB-fed(KEN+TZA+UGA),2007,5,current_account,2012,lgbm_lag,5.37898486156031,5.289441217635808
ZMB-fed(KEN+TZA+UGA),2007,5,current_account,2012,lgbm_typed,5.37898486156031,5.289441217635808
ZMB-fed(KEN+TZA+UGA),2007,5,current_account,2012,tft,5.37898486156031,5.599262647815193
ZMB-fed(KEN+TZA+UGA),2007,5,current_account,2012,tgcn,5.37898486156031,
ZMB-fed(KEN+TZA+UGA),2007,5,current_account,2012,persistence_scarcity,5.37898486156031,6.61700526082375
ZMB-fed(KEN+TZA+UGA),2007,5,current_account,2012,chronos_scarcity,5.37898486156031,5.530219592638458
ZMB-fed(KEN+TZA+UGA),2007,5,current_account,2012,gnn_scarcity,5.37898486156031,15.845607214160408
ZMB-fed(KEN+TZA+UGA),2007,1,real_interest_rate,2008,persistence,7.61379538117008,2.37292474695107
ZMB-fed(KEN+TZA+UGA),2007,1,real_interest_rate,2008,arima,7.61379538117008,2.016734443495319
ZMB-fed(KEN+TZA+UGA),2007,1,real_interest_rate,2008,chronos,7.61379538117008,1.2914548927362421
ZMB-fed(KEN+TZA+UGA),2007,1,real_interest_rate,2008,xgb_blind,7.61379538117008,2.8931079917963007
ZMB-fed(KEN+TZA+UGA),2007,1,real_interest_rate,2008,xgb_lag,7.61379538117008,2.016734443495319
ZMB-fed(KEN+TZA+UGA),2007,1,real_interest_rate,2008,xgb_typed,7.61379538117008,2.016734443495319
ZMB-fed(KEN+TZA+UGA),2007,1,real_interest_rate,2008,lgbm_blind,7.61379538117008,2.163003236843477
ZMB-fed(KEN+TZA+UGA),2007,1,real_interest_rate,2008,lgbm_lag,7.61379538117008,2.016734443495319
ZMB-fed(KEN+TZA+UGA),2007,1,real_interest_rate,2008,lgbm_typed,7.61379538117008,2.016734443495319
ZMB-fed(KEN+TZA+UGA),2007,1,real_interest_rate,2008,tft,7.61379538117008,4.512107472997473
ZMB-fed(KEN+TZA+UGA),2007,1,real_interest_rate,2008,tgcn,7.61379538117008,
ZMB-fed(KEN+TZA+UGA),2007,1,real_interest_rate,2008,persistence_scarcity,7.61379538117008,2.37292474695107
ZMB-fed(KEN+TZA+UGA),2007,1,real_interest_rate,2008,chronos_scarcity,7.61379538117008,1.2914548927362421
ZMB-fed(KEN+TZA+UGA),2007,1,real_interest_rate,2008,gnn_scarcity,7.61379538117008,7.467794519048498
ZMB-fed(KEN+TZA+UGA),2007,3,real_interest_rate,2010,persistence,6.11294221169531,0.8720715774762997
ZMB-fed(KEN+TZA+UGA),2007,3,real_interest_rate,2010,arima,6.11294221169531,0.5628847842530185
ZMB-fed(KEN+TZA+UGA),2007,3,real_interest_rate,2010,chronos,6.11294221169531,0.5133528780263701
ZMB-fed(KEN+TZA+UGA),2007,3,real_interest_rate,2010,xgb_blind,6.11294221169531,0.43648194558202835
ZMB-fed(KEN+TZA+UGA),2007,3,real_interest_rate,2010,xgb_lag,6.11294221169531,0.5628847842530185
ZMB-fed(KEN+TZA+UGA),2007,3,real_interest_rate,2010,xgb_typed,6.11294221169531,0.5628847842530185
ZMB-fed(KEN+TZA+UGA),2007,3,real_interest_rate,2010,lgbm_blind,6.11294221169531,4.568897858393394
ZMB-fed(KEN+TZA+UGA),2007,3,real_interest_rate,2010,lgbm_lag,6.11294221169531,0.5628847842530185
ZMB-fed(KEN+TZA+UGA),2007,3,real_interest_rate,2010,lgbm_typed,6.11294221169531,0.5628847842530185
ZMB-fed(KEN+TZA+UGA),2007,3,real_interest_rate,2010,tft,6.11294221169531,2.6206135678964815
ZMB-fed(KEN+TZA+UGA),2007,3,real_interest_rate,2010,tgcn,6.11294221169531,
ZMB-fed(KEN+TZA+UGA),2007,3,real_interest_rate,2010,persistence_scarcity,6.11294221169531,0.8720715774762997
ZMB-fed(KEN+TZA+UGA),2007,3,real_interest_rate,2010,chronos_scarcity,6.11294221169531,0.5133528780263701
ZMB-fed(KEN+TZA+UGA),2007,3,real_interest_rate,2010,gnn_scarcity,6.11294221169531,2.1306214261728487
ZMB-fed(KEN+TZA+UGA),2007,5,real_interest_rate,2012,persistence,4.82147742594943,0.4193932082695797
ZMB-fed(KEN+TZA+UGA),2007,5,real_interest_rate,2012,arima,4.82147742594943,0.7274297636837117
ZMB-fed(KEN+TZA+UGA),2007,5,real_interest_rate,2012,chronos,4.82147742594943,1.926400648696566
ZMB-fed(KEN+TZA+UGA),2007,5,real_interest_rate,2012,xgb_blind,4.82147742594943,10.579326140029574
ZMB-fed(KEN+TZA+UGA),2007,5,real_interest_rate,2012,xgb_lag,4.82147742594943,0.7274297636837117
ZMB-fed(KEN+TZA+UGA),2007,5,real_interest_rate,2012,xgb_typed,4.82147742594943,0.7274297636837117
ZMB-fed(KEN+TZA+UGA),2007,5,real_interest_rate,2012,lgbm_blind,4.82147742594943,8.895294946956595
ZMB-fed(KEN+TZA+UGA),2007,5,real_interest_rate,2012,lgbm_lag,4.82147742594943,0.7274297636837117
ZMB-fed(KEN+TZA+UGA),2007,5,real_interest_rate,2012,lgbm_typed,4.82147742594943,0.7274297636837117
ZMB-fed(KEN+TZA+UGA),2007,5,real_interest_rate,2012,tft,4.82147742594943,0.9984676965640542
ZMB-fed(KEN+TZA+UGA),2007,5,real_interest_rate,2012,tgcn,4.82147742594943,
ZMB-fed(KEN+TZA+UGA),2007,5,real_interest_rate,2012,persistence_scarcity,4.82147742594943,0.4193932082695797
ZMB-fed(KEN+TZA+UGA),2007,5,real_interest_rate,2012,chronos_scarcity,4.82147742594943,1.926400648696566
ZMB-fed(KEN+TZA+UGA),2007,5,real_interest_rate,2012,gnn_scarcity,4.82147742594943,3.671407712356901
ZMB-fed(KEN+TZA+UGA),2007,1,broad_money,2008,persistence,19.101743578019,0.6180772541219994
ZMB-fed(KEN+TZA+UGA),2007,1,broad_money,2008,arima,19.101743578019,0.6865944776429131
ZMB-fed(KEN+TZA+UGA),2007,1,broad_money,2008,chronos,19.101743578019,0.7366560688637271
ZMB-fed(KEN+TZA+UGA),2007,1,broad_money,2008,xgb_blind,19.101743578019,0.984857439102985
ZMB-fed(KEN+TZA+UGA),2007,1,broad_money,2008,xgb_lag,19.101743578019,0.6865944776429131
ZMB-fed(KEN+TZA+UGA),2007,1,broad_money,2008,xgb_typed,19.101743578019,0.6865944776429131
ZMB-fed(KEN+TZA+UGA),2007,1,broad_money,2008,lgbm_blind,19.101743578019,1.4402025929115787
ZMB-fed(KEN+TZA+UGA),2007,1,broad_money,2008,lgbm_lag,19.101743578019,0.6865944776429131
ZMB-fed(KEN+TZA+UGA),2007,1,broad_money,2008,lgbm_typed,19.101743578019,0.6865944776429131
ZMB-fed(KEN+TZA+UGA),2007,1,broad_money,2008,tft,19.101743578019,0.6206072559975162
ZMB-fed(KEN+TZA+UGA),2007,1,broad_money,2008,tgcn,19.101743578019,
ZMB-fed(KEN+TZA+UGA),2007,1,broad_money,2008,persistence_scarcity,19.101743578019,0.6180772541219994
ZMB-fed(KEN+TZA+UGA),2007,1,broad_money,2008,chronos_scarcity,19.101743578019,0.7366560688637271
ZMB-fed(KEN+TZA+UGA),2007,1,broad_money,2008,gnn_scarcity,19.101743578019,1.6388262501381412
ZMB-fed(KEN+TZA+UGA),2007,3,broad_money,2010,persistence,18.4296329419961,0.05403338190090068
ZMB-fed(KEN+TZA+UGA),2007,3,broad_money,2010,arima,18.4296329419961,0.005166793104411482
ZMB-fed(KEN+TZA+UGA),2007,3,broad_money,2010,chronos,18.4296329419961,0.13222618886327453
ZMB-fed(KEN+TZA+UGA),2007,3,broad_money,2010,xgb_blind,18.4296329419961,0.23493309804296203
ZMB-fed(KEN+TZA+UGA),2007,3,broad_money,2010,xgb_lag,18.4296329419961,0.005166793104411482
ZMB-fed(KEN+TZA+UGA),2007,3,broad_money,2010,xgb_typed,18.4296329419961,0.005166793104411482
ZMB-fed(KEN+TZA+UGA),2007,3,broad_money,2010,lgbm_blind,18.4296329419961,1.394561123962248
ZMB-fed(KEN+TZA+UGA),2007,3,broad_money,2010,lgbm_lag,18.4296329419961,0.005166793104411482
ZMB-fed(KEN+TZA+UGA),2007,3,broad_money,2010,lgbm_typed,18.4296329419961,0.005166793104411482
ZMB-fed(KEN+TZA+UGA),2007,3,broad_money,2010,tft,18.4296329419961,0.07224579640721984
ZMB-fed(KEN+TZA+UGA),2007,3,broad_money,2010,tgcn,18.4296329419961,
ZMB-fed(KEN+TZA+UGA),2007,3,broad_money,2010,persistence_scarcity,18.4296329419961,0.05403338190090068
ZMB-fed(KEN+TZA+UGA),2007,3,broad_money,2010,chronos_scarcity,18.4296329419961,0.13222618886327453
ZMB-fed(KEN+TZA+UGA),2007,3,broad_money,2010,gnn_scarcity,18.4296329419961,0.4317615430703192
ZMB-fed(KEN+TZA+UGA),2007,5,broad_money,2012,persistence,19.57691458578,1.093248261882998
ZMB-fed(KEN+TZA+UGA),2007,5,broad_money,2012,arima,19.57691458578,1.152202913466649
ZMB-fed(KEN+TZA+UGA),2007,5,broad_money,2012,chronos,19.57691458578,0.5559223067272647
ZMB-fed(KEN+TZA+UGA),2007,5,broad_money,2012,xgb_blind,19.57691458578,2.7817352187145694
ZMB-fed(KEN+TZA+UGA),2007,5,broad_money,2012,xgb_lag,19.57691458578,1.152202913466649
ZMB-fed(KEN+TZA+UGA),2007,5,broad_money,2012,xgb_typed,19.57691458578,1.152202913466649
ZMB-fed(KEN+TZA+UGA),2007,5,broad_money,2012,lgbm_blind,19.57691458578,2.0468384121443712
ZMB-fed(KEN+TZA+UGA),2007,5,broad_money,2012,lgbm_lag,19.57691458578,1.152202913466649
ZMB-fed(KEN+TZA+UGA),2007,5,broad_money,2012,lgbm_typed,19.57691458578,1.152202913466649
ZMB-fed(KEN+TZA+UGA),2007,5,broad_money,2012,tft,19.57691458578,1.0617015730846866
ZMB-fed(KEN+TZA+UGA),2007,5,broad_money,2012,tgcn,19.57691458578,
ZMB-fed(KEN+TZA+UGA),2007,5,broad_money,2012,persistence_scarcity,19.57691458578,1.093248261882998
ZMB-fed(KEN+TZA+UGA),2007,5,broad_money,2012,chronos_scarcity,19.57691458578,0.5559223067272647
ZMB-fed(KEN+TZA+UGA),2007,5,broad_money,2012,gnn_scarcity,19.57691458578,1.9739845168102725
ZMB-fed(KEN+TZA+UGA),2007,1,private_credit,2008,persistence,13.6929591153621,0.0
ZMB-fed(KEN+TZA+UGA),2007,1,private_credit,2008,arima,13.6929591153621,0.0
ZMB-fed(KEN+TZA+UGA),2007,1,private_credit,2008,chronos,13.6929591153621,0.040153786992959795
ZMB-fed(KEN+TZA+UGA),2007,1,private_credit,2008,xgb_blind,13.6929591153621,2.835749910445884e-07
ZMB-fed(KEN+TZA+UGA),2007,1,private_credit,2008,xgb_lag,13.6929591153621,0.0
ZMB-fed(KEN+TZA+UGA),2007,1,private_credit,2008,xgb_typed,13.6929591153621,0.0
ZMB-fed(KEN+TZA+UGA),2007,1,private_credit,2008,lgbm_blind,13.6929591153621,2.835749910445884e-07
ZMB-fed(KEN+TZA+UGA),2007,1,private_credit,2008,lgbm_lag,13.6929591153621,0.0
ZMB-fed(KEN+TZA+UGA),2007,1,private_credit,2008,lgbm_typed,13.6929591153621,0.0
ZMB-fed(KEN+TZA+UGA),2007,1,private_credit,2008,tft,13.6929591153621,0.28213529334061604
ZMB-fed(KEN+TZA+UGA),2007,1,private_credit,2008,tgcn,13.6929591153621,
ZMB-fed(KEN+TZA+UGA),2007,1,private_credit,2008,persistence_scarcity,13.6929591153621,0.0
ZMB-fed(KEN+TZA+UGA),2007,1,private_credit,2008,chronos_scarcity,13.6929591153621,0.040153786992959795
ZMB-fed(KEN+TZA+UGA),2007,1,private_credit,2008,gnn_scarcity,13.6929591153621,2.5774479581741616e-06
ZMB-fed(KEN+TZA+UGA),2007,3,private_credit,2010,persistence,13.6929591153621,0.0
ZMB-fed(KEN+TZA+UGA),2007,3,private_credit,2010,arima,13.6929591153621,0.0
ZMB-fed(KEN+TZA+UGA),2007,3,private_credit,2010,chronos,13.6929591153621,0.040153786992959795
ZMB-fed(KEN+TZA+UGA),2007,3,private_credit,2010,xgb_blind,13.6929591153621,2.835749910445884e-07
ZMB-fed(KEN+TZA+UGA),2007,3,private_credit,2010,xgb_lag,13.6929591153621,0.0
ZMB-fed(KEN+TZA+UGA),2007,3,private_credit,2010,xgb_typed,13.6929591153621,0.0
ZMB-fed(KEN+TZA+UGA),2007,3,private_credit,2010,lgbm_blind,13.6929591153621,2.835749910445884e-07
ZMB-fed(KEN+TZA+UGA),2007,3,private_credit,2010,lgbm_lag,13.6929591153621,0.0
ZMB-fed(KEN+TZA+UGA),2007,3,private_credit,2010,lgbm_typed,13.6929591153621,0.0
ZMB-fed(KEN+TZA+UGA),2007,3,private_credit,2010,tft,13.6929591153621,0.2900975202082918
ZMB-fed(KEN+TZA+UGA),2007,3,private_credit,2010,tgcn,13.6929591153621,
ZMB-fed(KEN+TZA+UGA),2007,3,private_credit,2010,persistence_scarcity,13.6929591153621,0.0
ZMB-fed(KEN+TZA+UGA),2007,3,private_credit,2010,chronos_scarcity,13.6929591153621,0.040153786992959795
ZMB-fed(KEN+TZA+UGA),2007,3,private_credit,2010,gnn_scarcity,13.6929591153621,2.5774479581741616e-06
ZMB-fed(KEN+TZA+UGA),2007,5,private_credit,2012,persistence,15.8590190469567,2.1660599315945994
ZMB-fed(KEN+TZA+UGA),2007,5,private_credit,2012,arima,15.8590190469567,2.1660599315945994
ZMB-fed(KEN+TZA+UGA),2007,5,private_credit,2012,chronos,15.8590190469567,2.206213718587559
ZMB-fed(KEN+TZA+UGA),2007,5,private_credit,2012,xgb_blind,15.8590190469567,2.1660602151695905
ZMB-fed(KEN+TZA+UGA),2007,5,private_credit,2012,xgb_lag,15.8590190469567,2.1660599315945994
ZMB-fed(KEN+TZA+UGA),2007,5,private_credit,2012,xgb_typed,15.8590190469567,2.1660599315945994
ZMB-fed(KEN+TZA+UGA),2007,5,private_credit,2012,lgbm_blind,15.8590190469567,2.1660602151695905
ZMB-fed(KEN+TZA+UGA),2007,5,private_credit,2012,lgbm_lag,15.8590190469567,2.1660599315945994
ZMB-fed(KEN+TZA+UGA),2007,5,private_credit,2012,lgbm_typed,15.8590190469567,2.1660599315945994
ZMB-fed(KEN+TZA+UGA),2007,5,private_credit,2012,tft,15.8590190469567,2.455227619344395
ZMB-fed(KEN+TZA+UGA),2007,5,private_credit,2012,tgcn,15.8590190469567,
ZMB-fed(KEN+TZA+UGA),2007,5,private_credit,2012,persistence_scarcity,15.8590190469567,2.1660599315945994
ZMB-fed(KEN+TZA+UGA),2007,5,private_credit,2012,chronos_scarcity,15.8590190469567,2.206213718587559
ZMB-fed(KEN+TZA+UGA),2007,5,private_credit,2012,gnn_scarcity,15.8590190469567,2.1660573541466412
ZMB-fed(KEN+TZA+UGA),2007,1,govt_consumption,2008,persistence,8.65362421922944,0.0
ZMB-fed(KEN+TZA+UGA),2007,1,govt_consumption,2008,arima,8.65362421922944,0.0
ZMB-fed(KEN+TZA+UGA),2007,1,govt_consumption,2008,chronos,8.65362421922944,0.025376958182077303
ZMB-fed(KEN+TZA+UGA),2007,1,govt_consumption,2008,xgb_blind,8.65362421922944,3.153774930098052e-07
ZMB-fed(KEN+TZA+UGA),2007,1,govt_consumption,2008,xgb_lag,8.65362421922944,0.0
ZMB-fed(KEN+TZA+UGA),2007,1,govt_consumption,2008,xgb_typed,8.65362421922944,0.0
ZMB-fed(KEN+TZA+UGA),2007,1,govt_consumption,2008,lgbm_blind,8.65362421922944,3.153774930098052e-07
ZMB-fed(KEN+TZA+UGA),2007,1,govt_consumption,2008,lgbm_lag,8.65362421922944,0.0
ZMB-fed(KEN+TZA+UGA),2007,1,govt_consumption,2008,lgbm_typed,8.65362421922944,0.0
ZMB-fed(KEN+TZA+UGA),2007,1,govt_consumption,2008,tft,8.65362421922944,0.2821356480624484
ZMB-fed(KEN+TZA+UGA),2007,1,govt_consumption,2008,tgcn,8.65362421922944,
ZMB-fed(KEN+TZA+UGA),2007,1,govt_consumption,2008,persistence_scarcity,8.65362421922944,0.0
ZMB-fed(KEN+TZA+UGA),2007,1,govt_consumption,2008,chronos_scarcity,8.65362421922944,0.025376958182077303
ZMB-fed(KEN+TZA+UGA),2007,1,govt_consumption,2008,gnn_scarcity,8.65362421922944,3.153774930098052e-07
ZMB-fed(KEN+TZA+UGA),2007,3,govt_consumption,2010,persistence,8.65362421922944,0.0
ZMB-fed(KEN+TZA+UGA),2007,3,govt_consumption,2010,arima,8.65362421922944,0.0
ZMB-fed(KEN+TZA+UGA),2007,3,govt_consumption,2010,chronos,8.65362421922944,0.025376958182077303
ZMB-fed(KEN+TZA+UGA),2007,3,govt_consumption,2010,xgb_blind,8.65362421922944,3.153774930098052e-07
ZMB-fed(KEN+TZA+UGA),2007,3,govt_consumption,2010,xgb_lag,8.65362421922944,0.0
ZMB-fed(KEN+TZA+UGA),2007,3,govt_consumption,2010,xgb_typed,8.65362421922944,0.0
ZMB-fed(KEN+TZA+UGA),2007,3,govt_consumption,2010,lgbm_blind,8.65362421922944,3.153774930098052e-07
ZMB-fed(KEN+TZA+UGA),2007,3,govt_consumption,2010,lgbm_lag,8.65362421922944,0.0
ZMB-fed(KEN+TZA+UGA),2007,3,govt_consumption,2010,lgbm_typed,8.65362421922944,0.0
ZMB-fed(KEN+TZA+UGA),2007,3,govt_consumption,2010,tft,8.65362421922944,0.29009692125580777
ZMB-fed(KEN+TZA+UGA),2007,3,govt_consumption,2010,tgcn,8.65362421922944,
ZMB-fed(KEN+TZA+UGA),2007,3,govt_consumption,2010,persistence_scarcity,8.65362421922944,0.0
ZMB-fed(KEN+TZA+UGA),2007,3,govt_consumption,2010,chronos_scarcity,8.65362421922944,0.025376958182077303
ZMB-fed(KEN+TZA+UGA),2007,3,govt_consumption,2010,gnn_scarcity,8.65362421922944,3.153774930098052e-07
ZMB-fed(KEN+TZA+UGA),2007,5,govt_consumption,2012,persistence,11.897397961769,3.2437737425395596
ZMB-fed(KEN+TZA+UGA),2007,5,govt_consumption,2012,arima,11.897397961769,3.2437737425395596
ZMB-fed(KEN+TZA+UGA),2007,5,govt_consumption,2012,chronos,11.897397961769,3.269150700721637
ZMB-fed(KEN+TZA+UGA),2007,5,govt_consumption,2012,xgb_blind,11.897397961769,3.2437734271620666
ZMB-fed(KEN+TZA+UGA),2007,5,govt_consumption,2012,xgb_lag,11.897397961769,3.2437737425395596
ZMB-fed(KEN+TZA+UGA),2007,5,govt_consumption,2012,xgb_typed,11.897397961769,3.2437737425395596
ZMB-fed(KEN+TZA+UGA),2007,5,govt_consumption,2012,lgbm_blind,11.897397961769,3.2437734271620666
ZMB-fed(KEN+TZA+UGA),2007,5,govt_consumption,2012,lgbm_lag,11.897397961769,3.2437737425395596
ZMB-fed(KEN+TZA+UGA),2007,5,govt_consumption,2012,lgbm_typed,11.897397961769,3.2437737425395596
ZMB-fed(KEN+TZA+UGA),2007,5,govt_consumption,2012,tft,11.897397961769,3.5329408313368713
ZMB-fed(KEN+TZA+UGA),2007,5,govt_consumption,2012,tgcn,11.897397961769,
ZMB-fed(KEN+TZA+UGA),2007,5,govt_consumption,2012,persistence_scarcity,11.897397961769,3.2437737425395596
ZMB-fed(KEN+TZA+UGA),2007,5,govt_consumption,2012,chronos_scarcity,11.897397961769,3.269150700721637
ZMB-fed(KEN+TZA+UGA),2007,5,govt_consumption,2012,gnn_scarcity,11.897397961769,3.2437734271620666
ZMB-fed(KEN+TZA+UGA),2008,1,gdp_growth,2009,persistence,9.2203484058663,1.4464525904426697
ZMB-fed(KEN+TZA+UGA),2008,1,gdp_growth,2009,arima,9.2203484058663,1.1132641550850177
ZMB-fed(KEN+TZA+UGA),2008,1,gdp_growth,2009,chronos,9.2203484058663,1.5000429630562415
ZMB-fed(KEN+TZA+UGA),2008,1,gdp_growth,2009,xgb_blind,9.2203484058663,1.4043837070747962
ZMB-fed(KEN+TZA+UGA),2008,1,gdp_growth,2009,xgb_lag,9.2203484058663,1.1132641550850177
ZMB-fed(KEN+TZA+UGA),2008,1,gdp_growth,2009,xgb_typed,9.2203484058663,1.1132641550850177
ZMB-fed(KEN+TZA+UGA),2008,1,gdp_growth,2009,lgbm_blind,9.2203484058663,5.189090445541814
ZMB-fed(KEN+TZA+UGA),2008,1,gdp_growth,2009,lgbm_lag,9.2203484058663,1.1132641550850177
ZMB-fed(KEN+TZA+UGA),2008,1,gdp_growth,2009,lgbm_typed,9.2203484058663,1.1132641550850177
ZMB-fed(KEN+TZA+UGA),2008,1,gdp_growth,2009,tft,9.2203484058663,1.4070377826973548
ZMB-fed(KEN+TZA+UGA),2008,1,gdp_growth,2009,tgcn,9.2203484058663,
ZMB-fed(KEN+TZA+UGA),2008,1,gdp_growth,2009,persistence_scarcity,9.2203484058663,1.4464525904426697
ZMB-fed(KEN+TZA+UGA),2008,1,gdp_growth,2009,chronos_scarcity,9.2203484058663,1.5000429630562415
ZMB-fed(KEN+TZA+UGA),2008,1,gdp_growth,2009,gnn_scarcity,9.2203484058663,6.078218984632169
ZMB-fed(KEN+TZA+UGA),2008,3,gdp_growth,2011,persistence,5.56925219263019,2.2046436227934407
ZMB-fed(KEN+TZA+UGA),2008,3,gdp_growth,2011,arima,5.56925219263019,2.456454996793216
ZMB-fed(KEN+TZA+UGA),2008,3,gdp_growth,2011,chronos,5.56925219263019,2.0963009003263533
ZMB-fed(KEN+TZA+UGA),2008,3,gdp_growth,2011,xgb_blind,5.56925219263019,2.183221638546568
ZMB-fed(KEN+TZA+UGA),2008,3,gdp_growth,2011,xgb_lag,5.56925219263019,2.456454996793216
ZMB-fed(KEN+TZA+UGA),2008,3,gdp_growth,2011,xgb_typed,5.56925219263019,2.456454996793216
ZMB-fed(KEN+TZA+UGA),2008,3,gdp_growth,2011,lgbm_blind,5.56925219263019,0.9236460119772136
ZMB-fed(KEN+TZA+UGA),2008,3,gdp_growth,2011,lgbm_lag,5.56925219263019,2.456454996793216
ZMB-fed(KEN+TZA+UGA),2008,3,gdp_growth,2011,lgbm_typed,5.56925219263019,2.456454996793216
ZMB-fed(KEN+TZA+UGA),2008,3,gdp_growth,2011,tft,5.56925219263019,2.2407758835416853
ZMB-fed(KEN+TZA+UGA),2008,3,gdp_growth,2011,tgcn,5.56925219263019,
ZMB-fed(KEN+TZA+UGA),2008,3,gdp_growth,2011,persistence_scarcity,5.56925219263019,2.2046436227934407
ZMB-fed(KEN+TZA+UGA),2008,3,gdp_growth,2011,chronos_scarcity,5.56925219263019,2.0963009003263533
ZMB-fed(KEN+TZA+UGA),2008,3,gdp_growth,2011,gnn_scarcity,5.56925219263019,1.6048497554201067
ZMB-fed(KEN+TZA+UGA),2008,5,gdp_growth,2013,persistence,5.05753695047252,2.7163588649511103
ZMB-fed(KEN+TZA+UGA),2008,5,gdp_growth,2013,arima,5.05753695047252,2.9411795224069808
ZMB-fed(KEN+TZA+UGA),2008,5,gdp_growth,2013,chronos,5.05753695047252,2.261237749692275
ZMB-fed(KEN+TZA+UGA),2008,5,gdp_growth,2013,xgb_blind,5.05753695047252,0.91817105733998
ZMB-fed(KEN+TZA+UGA),2008,5,gdp_growth,2013,xgb_lag,5.05753695047252,2.9411795224069808
ZMB-fed(KEN+TZA+UGA),2008,5,gdp_growth,2013,xgb_typed,5.05753695047252,2.9411795224069808
ZMB-fed(KEN+TZA+UGA),2008,5,gdp_growth,2013,lgbm_blind,5.05753695047252,0.38231064445281504
ZMB-fed(KEN+TZA+UGA),2008,5,gdp_growth,2013,lgbm_lag,5.05753695047252,2.9411795224069808
ZMB-fed(KEN+TZA+UGA),2008,5,gdp_growth,2013,lgbm_typed,5.05753695047252,2.9411795224069808
ZMB-fed(KEN+TZA+UGA),2008,5,gdp_growth,2013,tft,5.05753695047252,2.7521191927159565
ZMB-fed(KEN+TZA+UGA),2008,5,gdp_growth,2013,tgcn,5.05753695047252,
ZMB-fed(KEN+TZA+UGA),2008,5,gdp_growth,2013,persistence_scarcity,5.05753695047252,2.7163588649511103
ZMB-fed(KEN+TZA+UGA),2008,5,gdp_growth,2013,chronos_scarcity,5.05753695047252,2.261237749692275
ZMB-fed(KEN+TZA+UGA),2008,5,gdp_growth,2013,gnn_scarcity,5.05753695047252,1.737783065203355
ZMB-fed(KEN+TZA+UGA),2008,1,inflation_cpi,2009,persistence,13.3952546325895,0.9496752862703008
ZMB-fed(KEN+TZA+UGA),2008,1,inflation_cpi,2009,arima,13.3952546325895,0.9123039577902592
ZMB-fed(KEN+TZA+UGA),2008,1,inflation_cpi,2009,chronos,13.3952546325895,0.24012138521401205
ZMB-fed(KEN+TZA+UGA),2008,1,inflation_cpi,2009,xgb_blind,13.3952546325895,1.5764804092618636
ZMB-fed(KEN+TZA+UGA),2008,1,inflation_cpi,2009,xgb_lag,13.3952546325895,0.9123039577902592
ZMB-fed(KEN+TZA+UGA),2008,1,inflation_cpi,2009,xgb_typed,13.3952546325895,0.9123039577902592
ZMB-fed(KEN+TZA+UGA),2008,1,inflation_cpi,2009,lgbm_blind,13.3952546325895,31.849391333834383
ZMB-fed(KEN+TZA+UGA),2008,1,inflation_cpi,2009,lgbm_lag,13.3952546325895,0.9123039577902592
ZMB-fed(KEN+TZA+UGA),2008,1,inflation_cpi,2009,lgbm_typed,13.3952546325895,0.9123039577902592
ZMB-fed(KEN+TZA+UGA),2008,1,inflation_cpi,2009,tft,13.3952546325895,0.17596962129799643
ZMB-fed(KEN+TZA+UGA),2008,1,inflation_cpi,2009,tgcn,13.3952546325895,
ZMB-fed(KEN+TZA+UGA),2008,1,inflation_cpi,2009,persistence_scarcity,13.3952546325895,0.9496752862703008
ZMB-fed(KEN+TZA+UGA),2008,1,inflation_cpi,2009,chronos_scarcity,13.3952546325895,0.24012138521401205
ZMB-fed(KEN+TZA+UGA),2008,1,inflation_cpi,2009,gnn_scarcity,13.3952546325895,27.326344946267923
ZMB-fed(KEN+TZA+UGA),2008,3,inflation_cpi,2011,persistence,6.4293968107234,6.016182535595799
ZMB-fed(KEN+TZA+UGA),2008,3,inflation_cpi,2011,arima,6.4293968107234,6.054351190809687
ZMB-fed(KEN+TZA+UGA),2008,3,inflation_cpi,2011,chronos,6.4293968107234,13.658821878241444
ZMB-fed(KEN+TZA+UGA),2008,3,inflation_cpi,2011,xgb_blind,6.4293968107234,4.954438028143787
ZMB-fed(KEN+TZA+UGA),2008,3,inflation_cpi,2011,xgb_lag,6.4293968107234,6.054351190809687
ZMB-fed(KEN+TZA+UGA),2008,3,inflation_cpi,2011,xgb_typed,6.4293968107234,6.054351190809687
ZMB-fed(KEN+TZA+UGA),2008,3,inflation_cpi,2011,lgbm_blind,6.4293968107234,28.01152652244463
ZMB-fed(KEN+TZA+UGA),2008,3,inflation_cpi,2011,lgbm_lag,6.4293968107234,6.054351190809687
ZMB-fed(KEN+TZA+UGA),2008,3,inflation_cpi,2011,lgbm_typed,6.4293968107234,6.054351190809687
ZMB-fed(KEN+TZA+UGA),2008,3,inflation_cpi,2011,tft,6.4293968107234,6.91452294330492
ZMB-fed(KEN+TZA+UGA),2008,3,inflation_cpi,2011,tgcn,6.4293968107234,
ZMB-fed(KEN+TZA+UGA),2008,3,inflation_cpi,2011,persistence_scarcity,6.4293968107234,6.016182535595799
ZMB-fed(KEN+TZA+UGA),2008,3,inflation_cpi,2011,chronos_scarcity,6.4293968107234,13.658821878241444
ZMB-fed(KEN+TZA+UGA),2008,3,inflation_cpi,2011,gnn_scarcity,6.4293968107234,44.102604684637924
ZMB-fed(KEN+TZA+UGA),2008,5,inflation_cpi,2013,persistence,6.97767605490307,5.467903291416129
ZMB-fed(KEN+TZA+UGA),2008,5,inflation_cpi,2013,arima,6.97767605490307,5.506072294860485
ZMB-fed(KEN+TZA+UGA),2008,5,inflation_cpi,2013,chronos,6.97767605490307,17.554848053983648
ZMB-fed(KEN+TZA+UGA),2008,5,inflation_cpi,2013,xgb_blind,6.97767605490307,11.234281876615483
ZMB-fed(KEN+TZA+UGA),2008,5,inflation_cpi,2013,xgb_lag,6.97767605490307,5.506072294860485
ZMB-fed(KEN+TZA+UGA),2008,5,inflation_cpi,2013,xgb_typed,6.97767605490307,5.506072294860485
ZMB-fed(KEN+TZA+UGA),2008,5,inflation_cpi,2013,lgbm_blind,6.97767605490307,15.38956743940322
ZMB-fed(KEN+TZA+UGA),2008,5,inflation_cpi,2013,lgbm_lag,6.97767605490307,5.506072294860485
ZMB-fed(KEN+TZA+UGA),2008,5,inflation_cpi,2013,lgbm_typed,6.97767605490307,5.506072294860485
ZMB-fed(KEN+TZA+UGA),2008,5,inflation_cpi,2013,tft,6.97767605490307,6.483992913297613
ZMB-fed(KEN+TZA+UGA),2008,5,inflation_cpi,2013,tgcn,6.97767605490307,
ZMB-fed(KEN+TZA+UGA),2008,5,inflation_cpi,2013,persistence_scarcity,6.97767605490307,5.467903291416129
ZMB-fed(KEN+TZA+UGA),2008,5,inflation_cpi,2013,chronos_scarcity,6.97767605490307,17.554848053983648
ZMB-fed(KEN+TZA+UGA),2008,5,inflation_cpi,2013,gnn_scarcity,6.97767605490307,35.863128998807866
ZMB-fed(KEN+TZA+UGA),2008,1,unemployment,2009,persistence,10.583,2.6530000000000005
ZMB-fed(KEN+TZA+UGA),2008,1,unemployment,2009,arima,10.583,4.66378840988617
ZMB-fed(KEN+TZA+UGA),2008,1,unemployment,2009,chronos,10.583,4.012981231689453
ZMB-fed(KEN+TZA+UGA),2008,1,unemployment,2009,xgb_blind,10.583,1.9231388015747068
ZMB-fed(KEN+TZA+UGA),2008,1,unemployment,2009,xgb_lag,10.583,4.66378840988617
ZMB-fed(KEN+TZA+UGA),2008,1,unemployment,2009,xgb_typed,10.583,4.66378840988617
ZMB-fed(KEN+TZA+UGA),2008,1,unemployment,2009,lgbm_blind,10.583,4.132611113442314
ZMB-fed(KEN+TZA+UGA),2008,1,unemployment,2009,lgbm_lag,10.583,4.66378840988617
ZMB-fed(KEN+TZA+UGA),2008,1,unemployment,2009,lgbm_typed,10.583,4.66378840988617
ZMB-fed(KEN+TZA+UGA),2008,1,unemployment,2009,tft,10.583,5.203875835418701
ZMB-fed(KEN+TZA+UGA),2008,1,unemployment,2009,tgcn,10.583,
ZMB-fed(KEN+TZA+UGA),2008,1,unemployment,2009,persistence_scarcity,10.583,2.6530000000000005
ZMB-fed(KEN+TZA+UGA),2008,1,unemployment,2009,chronos_scarcity,10.583,4.012981231689453
ZMB-fed(KEN+TZA+UGA),2008,1,unemployment,2009,gnn_scarcity,10.583,3.8658191604614256
ZMB-fed(KEN+TZA+UGA),2008,3,unemployment,2011,persistence,10.548,2.6180000000000003
ZMB-fed(KEN+TZA+UGA),2008,3,unemployment,2011,arima,10.548,7.343037807408013
ZMB-fed(KEN+TZA+UGA),2008,3,unemployment,2011,chronos,10.548,4.799236438751221
ZMB-fed(KEN+TZA+UGA),2008,3,unemployment,2011,xgb_blind,10.548,1.1835838775634766
ZMB-fed(KEN+TZA+UGA),2008,3,unemployment,2011,xgb_lag,10.548,7.343037807408013
ZMB-fed(KEN+TZA+UGA),2008,3,unemployment,2011,xgb_typed,10.548,7.343037807408013
ZMB-fed(KEN+TZA+UGA),2008,3,unemployment,2011,lgbm_blind,10.548,3.602812476873398
ZMB-fed(KEN+TZA+UGA),2008,3,unemployment,2011,lgbm_lag,10.548,7.343037807408013
ZMB-fed(KEN+TZA+UGA),2008,3,unemployment,2011,lgbm_typed,10.548,7.343037807408013
ZMB-fed(KEN+TZA+UGA),2008,3,unemployment,2011,tft,10.548,4.73034920501709
ZMB-fed(KEN+TZA+UGA),2008,3,unemployment,2011,tgcn,10.548,
ZMB-fed(KEN+TZA+UGA),2008,3,unemployment,2011,persistence_scarcity,10.548,2.6180000000000003
ZMB-fed(KEN+TZA+UGA),2008,3,unemployment,2011,chronos_scarcity,10.548,4.799236438751221
ZMB-fed(KEN+TZA+UGA),2008,3,unemployment,2011,gnn_scarcity,10.548,4.515370704650879
ZMB-fed(KEN+TZA+UGA),2008,5,unemployment,2013,persistence,7.272,0.6579999999999995
ZMB-fed(KEN+TZA+UGA),2008,5,unemployment,2013,arima,7.272,5.654858014090332
ZMB-fed(KEN+TZA+UGA),2008,5,unemployment,2013,chronos,7.272,1.4684893341064456
ZMB-fed(KEN+TZA+UGA),2008,5,unemployment,2013,xgb_blind,7.272,1.6589949874877927
ZMB-fed(KEN+TZA+UGA),2008,5,unemployment,2013,xgb_lag,7.272,5.654858014090332
ZMB-fed(KEN+TZA+UGA),2008,5,unemployment,2013,xgb_typed,7.272,5.654858014090332
ZMB-fed(KEN+TZA+UGA),2008,5,unemployment,2013,lgbm_blind,7.272,6.158285692214966
ZMB-fed(KEN+TZA+UGA),2008,5,unemployment,2013,lgbm_lag,7.272,5.654858014090332
ZMB-fed(KEN+TZA+UGA),2008,5,unemployment,2013,lgbm_typed,7.272,5.654858014090332
ZMB-fed(KEN+TZA+UGA),2008,5,unemployment,2013,tft,7.272,1.2018334121704104
ZMB-fed(KEN+TZA+UGA),2008,5,unemployment,2013,tgcn,7.272,
ZMB-fed(KEN+TZA+UGA),2008,5,unemployment,2013,persistence_scarcity,7.272,0.6579999999999995
ZMB-fed(KEN+TZA+UGA),2008,5,unemployment,2013,chronos_scarcity,7.272,1.4684893341064456
ZMB-fed(KEN+TZA+UGA),2008,5,unemployment,2013,gnn_scarcity,7.272,7.309572532653808
ZMB-fed(KEN+TZA+UGA),2008,1,exports_gdp,2009,persistence,29.2509976693348,0.331637964078201
ZMB-fed(KEN+TZA+UGA),2008,1,exports_gdp,2009,arima,29.2509976693348,1.1541386776760802
ZMB-fed(KEN+TZA+UGA),2008,1,exports_gdp,2009,chronos,29.2509976693348,0.25113665378531635
ZMB-fed(KEN+TZA+UGA),2008,1,exports_gdp,2009,xgb_blind,29.2509976693348,1.7210730246349257
ZMB-fed(KEN+TZA+UGA),2008,1,exports_gdp,2009,xgb_lag,29.2509976693348,1.1541386776760802
ZMB-fed(KEN+TZA+UGA),2008,1,exports_gdp,2009,xgb_typed,29.2509976693348,1.1541386776760802
ZMB-fed(KEN+TZA+UGA),2008,1,exports_gdp,2009,lgbm_blind,29.2509976693348,0.2664002112193984
ZMB-fed(KEN+TZA+UGA),2008,1,exports_gdp,2009,lgbm_lag,29.2509976693348,1.1541386776760802
ZMB-fed(KEN+TZA+UGA),2008,1,exports_gdp,2009,lgbm_typed,29.2509976693348,1.1541386776760802
ZMB-fed(KEN+TZA+UGA),2008,1,exports_gdp,2009,tft,29.2509976693348,1.7076531716541368
ZMB-fed(KEN+TZA+UGA),2008,1,exports_gdp,2009,tgcn,29.2509976693348,
ZMB-fed(KEN+TZA+UGA),2008,1,exports_gdp,2009,persistence_scarcity,29.2509976693348,0.331637964078201
ZMB-fed(KEN+TZA+UGA),2008,1,exports_gdp,2009,chronos_scarcity,29.2509976693348,0.25113665378531635
ZMB-fed(KEN+TZA+UGA),2008,1,exports_gdp,2009,gnn_scarcity,29.2509976693348,0.0937959023670274
ZMB-fed(KEN+TZA+UGA),2008,3,exports_gdp,2011,persistence,40.4712226732921,11.551862968035497
ZMB-fed(KEN+TZA+UGA),2008,3,exports_gdp,2011,arima,40.4712226732921,10.388331084588366
ZMB-fed(KEN+TZA+UGA),2008,3,exports_gdp,2011,chronos,40.4712226732921,10.09817770564073
ZMB-fed(KEN+TZA+UGA),2008,3,exports_gdp,2011,xgb_blind,40.4712226732921,10.65635183894151
ZMB-fed(KEN+TZA+UGA),2008,3,exports_gdp,2011,xgb_lag,40.4712226732921,10.388331084588366
ZMB-fed(KEN+TZA+UGA),2008,3,exports_gdp,2011,xgb_typed,40.4712226732921,10.388331084588366
ZMB-fed(KEN+TZA+UGA),2008,3,exports_gdp,2011,lgbm_blind,40.4712226732921,11.38294926726335
ZMB-fed(KEN+TZA+UGA),2008,3,exports_gdp,2011,lgbm_lag,40.4712226732921,10.388331084588366
ZMB-fed(KEN+TZA+UGA),2008,3,exports_gdp,2011,lgbm_typed,40.4712226732921,10.388331084588366
ZMB-fed(KEN+TZA+UGA),2008,3,exports_gdp,2011,tft,40.4712226732921,12.786637102003034
ZMB-fed(KEN+TZA+UGA),2008,3,exports_gdp,2011,tgcn,40.4712226732921,
ZMB-fed(KEN+TZA+UGA),2008,3,exports_gdp,2011,persistence_scarcity,40.4712226732921,11.551862968035497
ZMB-fed(KEN+TZA+UGA),2008,3,exports_gdp,2011,chronos_scarcity,40.4712226732921,10.09817770564073
ZMB-fed(KEN+TZA+UGA),2008,3,exports_gdp,2011,gnn_scarcity,40.4712226732921,10.631504808301862
ZMB-fed(KEN+TZA+UGA),2008,5,exports_gdp,2013,persistence,40.4827166938697,11.563356988613098
ZMB-fed(KEN+TZA+UGA),2008,5,exports_gdp,2013,arima,40.4827166938697,10.432417644748433
ZMB-fed(KEN+TZA+UGA),2008,5,exports_gdp,2013,chronos,40.4827166938697,9.23876108168708
ZMB-fed(KEN+TZA+UGA),2008,5,exports_gdp,2013,xgb_blind,40.4827166938697,12.516495838156807
ZMB-fed(KEN+TZA+UGA),2008,5,exports_gdp,2013,xgb_lag,40.4827166938697,10.432417644748433
ZMB-fed(KEN+TZA+UGA),2008,5,exports_gdp,2013,xgb_typed,40.4827166938697,10.432417644748433
ZMB-fed(KEN+TZA+UGA),2008,5,exports_gdp,2013,lgbm_blind,40.4827166938697,11.94617475508796
ZMB-fed(KEN+TZA+UGA),2008,5,exports_gdp,2013,lgbm_lag,40.4827166938697,10.432417644748433
ZMB-fed(KEN+TZA+UGA),2008,5,exports_gdp,2013,lgbm_typed,40.4827166938697,10.432417644748433
ZMB-fed(KEN+TZA+UGA),2008,5,exports_gdp,2013,tft,40.4827166938697,12.727839603415596
ZMB-fed(KEN+TZA+UGA),2008,5,exports_gdp,2013,tgcn,40.4827166938697,
ZMB-fed(KEN+TZA+UGA),2008,5,exports_gdp,2013,persistence_scarcity,40.4827166938697,11.563356988613098
ZMB-fed(KEN+TZA+UGA),2008,5,exports_gdp,2013,chronos_scarcity,40.4827166938697,9.23876108168708
ZMB-fed(KEN+TZA+UGA),2008,5,exports_gdp,2013,gnn_scarcity,40.4827166938697,11.178080692282784
ZMB-fed(KEN+TZA+UGA),2008,1,imports_gdp,2009,persistence,26.8703832861816,3.6651461291492
ZMB-fed(KEN+TZA+UGA),2008,1,imports_gdp,2009,arima,26.8703832861816,3.802653267615259
ZMB-fed(KEN+TZA+UGA),2008,1,imports_gdp,2009,chronos,26.8703832861816,3.9769887688721113
ZMB-fed(KEN+TZA+UGA),2008,1,imports_gdp,2009,xgb_blind,26.8703832861816,2.221211409863322
ZMB-fed(KEN+TZA+UGA),2008,1,imports_gdp,2009,xgb_lag,26.8703832861816,3.802653267615259
ZMB-fed(KEN+TZA+UGA),2008,1,imports_gdp,2009,xgb_typed,26.8703832861816,3.802653267615259
ZMB-fed(KEN+TZA+UGA),2008,1,imports_gdp,2009,lgbm_blind,26.8703832861816,7.074605070514636
ZMB-fed(KEN+TZA+UGA),2008,1,imports_gdp,2009,lgbm_lag,26.8703832861816,3.802653267615259
ZMB-fed(KEN+TZA+UGA),2008,1,imports_gdp,2009,lgbm_typed,26.8703832861816,3.802653267615259
ZMB-fed(KEN+TZA+UGA),2008,1,imports_gdp,2009,tft,26.8703832861816,3.8204221489990644
ZMB-fed(KEN+TZA+UGA),2008,1,imports_gdp,2009,tgcn,26.8703832861816,
ZMB-fed(KEN+TZA+UGA),2008,1,imports_gdp,2009,persistence_scarcity,26.8703832861816,3.6651461291492
ZMB-fed(KEN+TZA+UGA),2008,1,imports_gdp,2009,chronos_scarcity,26.8703832861816,3.9769887688721113
ZMB-fed(KEN+TZA+UGA),2008,1,imports_gdp,2009,gnn_scarcity,26.8703832861816,6.5751924279297285
ZMB-fed(KEN+TZA+UGA),2008,3,imports_gdp,2011,persistence,32.3242097651362,1.7886803498054036
ZMB-fed(KEN+TZA+UGA),2008,3,imports_gdp,2011,arima,32.3242097651362,1.6617082777338332
ZMB-fed(KEN+TZA+UGA),2008,3,imports_gdp,2011,chronos,32.3242097651362,0.14016859179739072
ZMB-fed(KEN+TZA+UGA),2008,3,imports_gdp,2011,xgb_blind,32.3242097651362,1.9665426457524688
ZMB-fed(KEN+TZA+UGA),2008,3,imports_gdp,2011,xgb_lag,32.3242097651362,1.6617082777338332
ZMB-fed(KEN+TZA+UGA),2008,3,imports_gdp,2011,xgb_typed,32.3242097651362,1.6617082777338332
ZMB-fed(KEN+TZA+UGA),2008,3,imports_gdp,2011,lgbm_blind,32.3242097651362,1.651377245247403
ZMB-fed(KEN+TZA+UGA),2008,3,imports_gdp,2011,lgbm_lag,32.3242097651362,1.6617082777338332
ZMB-fed(KEN+TZA+UGA),2008,3,imports_gdp,2011,lgbm_typed,32.3242097651362,1.6617082777338332
ZMB-fed(KEN+TZA+UGA),2008,3,imports_gdp,2011,tft,32.3242097651362,1.6442151820063202
ZMB-fed(KEN+TZA+UGA),2008,3,imports_gdp,2011,tgcn,32.3242097651362,
ZMB-fed(KEN+TZA+UGA),2008,3,imports_gdp,2011,persistence_scarcity,32.3242097651362,1.7886803498054036
ZMB-fed(KEN+TZA+UGA),2008,3,imports_gdp,2011,chronos_scarcity,32.3242097651362,0.14016859179739072
ZMB-fed(KEN+TZA+UGA),2008,3,imports_gdp,2011,gnn_scarcity,32.3242097651362,1.7352918828130157
ZMB-fed(KEN+TZA+UGA),2008,5,imports_gdp,2013,persistence,39.9735243274676,9.437994912136801
ZMB-fed(KEN+TZA+UGA),2008,5,imports_gdp,2013,arima,39.9735243274676,9.311096476937223
ZMB-fed(KEN+TZA+UGA),2008,5,imports_gdp,2013,chronos,39.9735243274676,8.753008122633616
ZMB-fed(KEN+TZA+UGA),2008,5,imports_gdp,2013,xgb_blind,39.9735243274676,13.102234120558421
ZMB-fed(KEN+TZA+UGA),2008,5,imports_gdp,2013,xgb_lag,39.9735243274676,9.311096476937223
ZMB-fed(KEN+TZA+UGA),2008,5,imports_gdp,2013,xgb_typed,39.9735243274676,9.311096476937223
ZMB-fed(KEN+TZA+UGA),2008,5,imports_gdp,2013,lgbm_blind,39.9735243274676,5.95859619091452
ZMB-fed(KEN+TZA+UGA),2008,5,imports_gdp,2013,lgbm_lag,39.9735243274676,9.311096476937223
ZMB-fed(KEN+TZA+UGA),2008,5,imports_gdp,2013,lgbm_typed,39.9735243274676,9.311096476937223
ZMB-fed(KEN+TZA+UGA),2008,5,imports_gdp,2013,tft,39.9735243274676,9.2923719837176
ZMB-fed(KEN+TZA+UGA),2008,5,imports_gdp,2013,tgcn,39.9735243274676,
ZMB-fed(KEN+TZA+UGA),2008,5,imports_gdp,2013,persistence_scarcity,39.9735243274676,9.437994912136801
ZMB-fed(KEN+TZA+UGA),2008,5,imports_gdp,2013,chronos_scarcity,39.9735243274676,8.753008122633616
ZMB-fed(KEN+TZA+UGA),2008,5,imports_gdp,2013,gnn_scarcity,39.9735243274676,6.39533066291682
ZMB-fed(KEN+TZA+UGA),2008,1,current_account,2009,persistence,5.95342818479561,9.28400723779683
ZMB-fed(KEN+TZA+UGA),2008,1,current_account,2009,arima,5.95342818479561,8.784019818607085
ZMB-fed(KEN+TZA+UGA),2008,1,current_account,2009,chronos,5.95342818479561,9.781869327831497
ZMB-fed(KEN+TZA+UGA),2008,1,current_account,2009,xgb_blind,5.95342818479561,4.385633504200212
ZMB-fed(KEN+TZA+UGA),2008,1,current_account,2009,xgb_lag,5.95342818479561,8.784019818607085
ZMB-fed(KEN+TZA+UGA),2008,1,current_account,2009,xgb_typed,5.95342818479561,8.784019818607085
ZMB-fed(KEN+TZA+UGA),2008,1,current_account,2009,lgbm_blind,5.95342818479561,14.932386513360573
ZMB-fed(KEN+TZA+UGA),2008,1,current_account,2009,lgbm_lag,5.95342818479561,8.784019818607085
ZMB-fed(KEN+TZA+UGA),2008,1,current_account,2009,lgbm_typed,5.95342818479561,8.784019818607085
ZMB-fed(KEN+TZA+UGA),2008,1,current_account,2009,tft,5.95342818479561,9.530996477413407
ZMB-fed(KEN+TZA+UGA),2008,1,current_account,2009,tgcn,5.95342818479561,
ZMB-fed(KEN+TZA+UGA),2008,1,current_account,2009,persistence_scarcity,5.95342818479561,9.28400723779683
ZMB-fed(KEN+TZA+UGA),2008,1,current_account,2009,chronos_scarcity,5.95342818479561,9.781869327831497
ZMB-fed(KEN+TZA+UGA),2008,1,current_account,2009,gnn_scarcity,5.95342818479561,16.35539523344063
ZMB-fed(KEN+TZA+UGA),2008,3,current_account,2011,persistence,4.65823655766585,7.98881561066707
ZMB-fed(KEN+TZA+UGA),2008,3,current_account,2011,arima,4.65823655766585,7.579748675794941
ZMB-fed(KEN+TZA+UGA),2008,3,current_account,2011,chronos,4.65823655766585,8.668982083025957
ZMB-fed(KEN+TZA+UGA),2008,3,current_account,2011,xgb_blind,4.65823655766585,10.211307102862383
ZMB-fed(KEN+TZA+UGA),2008,3,current_account,2011,xgb_lag,4.65823655766585,7.579748675794941
ZMB-fed(KEN+TZA+UGA),2008,3,current_account,2011,xgb_typed,4.65823655766585,7.579748675794941
ZMB-fed(KEN+TZA+UGA),2008,3,current_account,2011,lgbm_blind,4.65823655766585,13.627948204103495
ZMB-fed(KEN+TZA+UGA),2008,3,current_account,2011,lgbm_lag,4.65823655766585,7.579748675794941
ZMB-fed(KEN+TZA+UGA),2008,3,current_account,2011,lgbm_typed,4.65823655766585,7.579748675794941
ZMB-fed(KEN+TZA+UGA),2008,3,current_account,2011,tft,4.65823655766585,8.19691448849776
ZMB-fed(KEN+TZA+UGA),2008,3,current_account,2011,tgcn,4.65823655766585,
ZMB-fed(KEN+TZA+UGA),2008,3,current_account,2011,persistence_scarcity,4.65823655766585,7.98881561066707
ZMB-fed(KEN+TZA+UGA),2008,3,current_account,2011,chronos_scarcity,4.65823655766585,8.668982083025957
ZMB-fed(KEN+TZA+UGA),2008,3,current_account,2011,gnn_scarcity,4.65823655766585,13.868722016039873
ZMB-fed(KEN+TZA+UGA),2008,5,current_account,2013,persistence,-0.575955750525117,2.754623302476103
ZMB-fed(KEN+TZA+UGA),2008,5,current_account,2013,arima,-0.575955750525117,2.35074705188184
ZMB-fed(KEN+TZA+UGA),2008,5,current_account,2013,chronos,-0.575955750525117,4.091093657433867
ZMB-fed(KEN+TZA+UGA),2008,5,current_account,2013,xgb_blind,-0.575955750525117,2.2643522004483936
ZMB-fed(KEN+TZA+UGA),2008,5,current_account,2013,xgb_lag,-0.575955750525117,2.35074705188184
ZMB-fed(KEN+TZA+UGA),2008,5,current_account,2013,xgb_typed,-0.575955750525117,2.35074705188184
ZMB-fed(KEN+TZA+UGA),2008,5,current_account,2013,lgbm_blind,-0.575955750525117,8.38186730460598
ZMB-fed(KEN+TZA+UGA),2008,5,current_account,2013,lgbm_lag,-0.575955750525117,2.35074705188184
ZMB-fed(KEN+TZA+UGA),2008,5,current_account,2013,lgbm_typed,-0.575955750525117,2.35074705188184
ZMB-fed(KEN+TZA+UGA),2008,5,current_account,2013,tft,-0.575955750525117,2.9426170567868946
ZMB-fed(KEN+TZA+UGA),2008,5,current_account,2013,tgcn,-0.575955750525117,
ZMB-fed(KEN+TZA+UGA),2008,5,current_account,2013,persistence_scarcity,-0.575955750525117,2.754623302476103
ZMB-fed(KEN+TZA+UGA),2008,5,current_account,2013,chronos_scarcity,-0.575955750525117,4.091093657433867
ZMB-fed(KEN+TZA+UGA),2008,5,current_account,2013,gnn_scarcity,-0.575955750525117,9.568631766259552
ZMB-fed(KEN+TZA+UGA),2008,1,real_interest_rate,2009,persistence,15.6336334619814,8.01983808081132
ZMB-fed(KEN+TZA+UGA),2008,1,real_interest_rate,2009,arima,15.6336334619814,8.396836207735152
ZMB-fed(KEN+TZA+UGA),2008,1,real_interest_rate,2009,chronos,15.6336334619814,8.428179589300736
ZMB-fed(KEN+TZA+UGA),2008,1,real_interest_rate,2009,xgb_blind,15.6336334619814,8.42553838828145
ZMB-fed(KEN+TZA+UGA),2008,1,real_interest_rate,2009,xgb_lag,15.6336334619814,8.396836207735152
ZMB-fed(KEN+TZA+UGA),2008,1,real_interest_rate,2009,xgb_typed,15.6336334619814,8.396836207735152
ZMB-fed(KEN+TZA+UGA),2008,1,real_interest_rate,2009,lgbm_blind,15.6336334619814,10.06267447675869
ZMB-fed(KEN+TZA+UGA),2008,1,real_interest_rate,2009,lgbm_lag,15.6336334619814,8.396836207735152
ZMB-fed(KEN+TZA+UGA),2008,1,real_interest_rate,2009,lgbm_typed,15.6336334619814,8.396836207735152
ZMB-fed(KEN+TZA+UGA),2008,1,real_interest_rate,2009,tft,15.6336334619814,7.9723928842836465
ZMB-fed(KEN+TZA+UGA),2008,1,real_interest_rate,2009,tgcn,15.6336334619814,
ZMB-fed(KEN+TZA+UGA),2008,1,real_interest_rate,2009,persistence_scarcity,15.6336334619814,8.01983808081132
ZMB-fed(KEN+TZA+UGA),2008,1,real_interest_rate,2009,chronos_scarcity,15.6336334619814,8.428179589300736
ZMB-fed(KEN+TZA+UGA),2008,1,real_interest_rate,2009,gnn_scarcity,15.6336334619814,15.03174194434224
ZMB-fed(KEN+TZA+UGA),2008,3,real_interest_rate,2011,persistence,6.95655957659878,0.6572358045713003
ZMB-fed(KEN+TZA+UGA),2008,3,real_interest_rate,2011,arima,6.95655957659878,0.33061731352321466
ZMB-fed(KEN+TZA+UGA),2008,3,real_interest_rate,2011,chronos,6.95655957659878,0.012650571258886245
ZMB-fed(KEN+TZA+UGA),2008,3,real_interest_rate,2011,xgb_blind,6.95655957659878,0.2963747163692876
ZMB-fed(KEN+TZA+UGA),2008,3,real_interest_rate,2011,xgb_lag,6.95655957659878,0.33061731352321466
ZMB-fed(KEN+TZA+UGA),2008,3,real_interest_rate,2011,xgb_typed,6.95655957659878,0.33061731352321466
ZMB-fed(KEN+TZA+UGA),2008,3,real_interest_rate,2011,lgbm_blind,6.95655957659878,3.5335276941379146
ZMB-fed(KEN+TZA+UGA),2008,3,real_interest_rate,2011,lgbm_lag,6.95655957659878,0.33061731352321466
ZMB-fed(KEN+TZA+UGA),2008,3,real_interest_rate,2011,lgbm_typed,6.95655957659878,0.33061731352321466
ZMB-fed(KEN+TZA+UGA),2008,3,real_interest_rate,2011,tft,6.95655957659878,0.7090416769107417
ZMB-fed(KEN+TZA+UGA),2008,3,real_interest_rate,2011,tgcn,6.95655957659878,
ZMB-fed(KEN+TZA+UGA),2008,3,real_interest_rate,2011,persistence_scarcity,6.95655957659878,0.6572358045713003
ZMB-fed(KEN+TZA+UGA),2008,3,real_interest_rate,2011,chronos_scarcity,6.95655957659878,0.012650571258886245
ZMB-fed(KEN+TZA+UGA),2008,3,real_interest_rate,2011,gnn_scarcity,6.95655957659878,2.748263754455225
ZMB-fed(KEN+TZA+UGA),2008,5,real_interest_rate,2013,persistence,-0.191430038192798,7.805225419362878
ZMB-fed(KEN+TZA+UGA),2008,5,real_interest_rate,2013,arima,-0.191430038192798,7.479878572114472
ZMB-fed(KEN+TZA+UGA),2008,5,real_interest_rate,2013,chronos,-0.191430038192798,7.101575320938159
ZMB-fed(KEN+TZA+UGA),2008,5,real_interest_rate,2013,xgb_blind,-0.191430038192798,15.987414306381275
ZMB-fed(KEN+TZA+UGA),2008,5,real_interest_rate,2013,xgb_lag,-0.191430038192798,7.479878572114472
ZMB-fed(KEN+TZA+UGA),2008,5,real_interest_rate,2013,xgb_typed,-0.191430038192798,7.479878572114472
ZMB-fed(KEN+TZA+UGA),2008,5,real_interest_rate,2013,lgbm_blind,-0.191430038192798,13.47227547592386
ZMB-fed(KEN+TZA+UGA),2008,5,real_interest_rate,2013,lgbm_lag,-0.191430038192798,7.479878572114472
ZMB-fed(KEN+TZA+UGA),2008,5,real_interest_rate,2013,lgbm_typed,-0.191430038192798,7.479878572114472
ZMB-fed(KEN+TZA+UGA),2008,5,real_interest_rate,2013,tft,-0.191430038192798,7.861052936294604
ZMB-fed(KEN+TZA+UGA),2008,5,real_interest_rate,2013,tgcn,-0.191430038192798,
ZMB-fed(KEN+TZA+UGA),2008,5,real_interest_rate,2013,persistence_scarcity,-0.191430038192798,7.805225419362878
ZMB-fed(KEN+TZA+UGA),2008,5,real_interest_rate,2013,chronos_scarcity,-0.191430038192798,7.101575320938159
ZMB-fed(KEN+TZA+UGA),2008,5,real_interest_rate,2013,gnn_scarcity,-0.191430038192798,1.5723640382080568
ZMB-fed(KEN+TZA+UGA),2008,1,broad_money,2009,persistence,17.8373653191483,1.2643782588706998
ZMB-fed(KEN+TZA+UGA),2008,1,broad_money,2009,arima,17.8373653191483,1.165069889860682
ZMB-fed(KEN+TZA+UGA),2008,1,broad_money,2009,chronos,17.8373653191483,1.580370734318496
ZMB-fed(KEN+TZA+UGA),2008,1,broad_money,2009,xgb_blind,17.8373653191483,1.0492790442550195
ZMB-fed(KEN+TZA+UGA),2008,1,broad_money,2009,xgb_lag,17.8373653191483,1.165069889860682
ZMB-fed(KEN+TZA+UGA),2008,1,broad_money,2009,xgb_typed,17.8373653191483,1.165069889860682
ZMB-fed(KEN+TZA+UGA),2008,1,broad_money,2009,lgbm_blind,17.8373653191483,0.0958130722068411
ZMB-fed(KEN+TZA+UGA),2008,1,broad_money,2009,lgbm_lag,17.8373653191483,1.165069889860682
ZMB-fed(KEN+TZA+UGA),2008,1,broad_money,2009,lgbm_typed,17.8373653191483,1.165069889860682
ZMB-fed(KEN+TZA+UGA),2008,1,broad_money,2009,tft,17.8373653191483,1.8832214575850976
ZMB-fed(KEN+TZA+UGA),2008,1,broad_money,2009,tgcn,17.8373653191483,
ZMB-fed(KEN+TZA+UGA),2008,1,broad_money,2009,persistence_scarcity,17.8373653191483,1.2643782588706998
ZMB-fed(KEN+TZA+UGA),2008,1,broad_money,2009,chronos_scarcity,17.8373653191483,1.580370734318496
ZMB-fed(KEN+TZA+UGA),2008,1,broad_money,2009,gnn_scarcity,17.8373653191483,0.2810413140213477
ZMB-fed(KEN+TZA+UGA),2008,3,broad_money,2011,persistence,19.1220235564735,0.020279978454500025
ZMB-fed(KEN+TZA+UGA),2008,3,broad_money,2011,arima,19.1220235564735,0.10619589554838882
ZMB-fed(KEN+TZA+UGA),2008,3,broad_money,2011,chronos,19.1220235564735,0.16504189753795373
ZMB-fed(KEN+TZA+UGA),2008,3,broad_money,2011,xgb_blind,19.1220235564735,1.2101564667198588
ZMB-fed(KEN+TZA+UGA),2008,3,broad_money,2011,xgb_lag,19.1220235564735,0.10619589554838882
ZMB-fed(KEN+TZA+UGA),2008,3,broad_money,2011,xgb_typed,19.1220235564735,0.10619589554838882
ZMB-fed(KEN+TZA+UGA),2008,3,broad_money,2011,lgbm_blind,19.1220235564735,1.957784745934255
ZMB-fed(KEN+TZA+UGA),2008,3,broad_money,2011,lgbm_lag,19.1220235564735,0.10619589554838882
ZMB-fed(KEN+TZA+UGA),2008,3,broad_money,2011,lgbm_typed,19.1220235564735,0.10619589554838882
ZMB-fed(KEN+TZA+UGA),2008,3,broad_money,2011,tft,19.1220235564735,1.4740686676475931
ZMB-fed(KEN+TZA+UGA),2008,3,broad_money,2011,tgcn,19.1220235564735,
ZMB-fed(KEN+TZA+UGA),2008,3,broad_money,2011,persistence_scarcity,19.1220235564735,0.020279978454500025
ZMB-fed(KEN+TZA+UGA),2008,3,broad_money,2011,chronos_scarcity,19.1220235564735,0.16504189753795373
ZMB-fed(KEN+TZA+UGA),2008,3,broad_money,2011,gnn_scarcity,19.1220235564735,1.0607747771766256
ZMB-fed(KEN+TZA+UGA),2008,5,broad_money,2013,persistence,20.5127924174127,1.4110488393937004
ZMB-fed(KEN+TZA+UGA),2008,5,broad_money,2013,arima,20.5127924174127,1.496619019159322
ZMB-fed(KEN+TZA+UGA),2008,5,broad_money,2013,chronos,20.5127924174127,0.5026548594293025
ZMB-fed(KEN+TZA+UGA),2008,5,broad_money,2013,xgb_blind,20.5127924174127,3.427242109185162
ZMB-fed(KEN+TZA+UGA),2008,5,broad_money,2013,xgb_lag,20.5127924174127,1.496619019159322
ZMB-fed(KEN+TZA+UGA),2008,5,broad_money,2013,xgb_typed,20.5127924174127,1.496619019159322
ZMB-fed(KEN+TZA+UGA),2008,5,broad_money,2013,lgbm_blind,20.5127924174127,2.870454277742464
ZMB-fed(KEN+TZA+UGA),2008,5,broad_money,2013,lgbm_lag,20.5127924174127,1.496619019159322
ZMB-fed(KEN+TZA+UGA),2008,5,broad_money,2013,lgbm_typed,20.5127924174127,1.496619019159322
ZMB-fed(KEN+TZA+UGA),2008,5,broad_money,2013,tft,20.5127924174127,0.3846055775824162
ZMB-fed(KEN+TZA+UGA),2008,5,broad_money,2013,tgcn,20.5127924174127,
ZMB-fed(KEN+TZA+UGA),2008,5,broad_money,2013,persistence_scarcity,20.5127924174127,1.4110488393937004
ZMB-fed(KEN+TZA+UGA),2008,5,broad_money,2013,chronos_scarcity,20.5127924174127,0.5026548594293025
ZMB-fed(KEN+TZA+UGA),2008,5,broad_money,2013,gnn_scarcity,20.5127924174127,2.8473947733697322
ZMB-fed(KEN+TZA+UGA),2008,1,private_credit,2009,persistence,13.6929591153621,0.0
ZMB-fed(KEN+TZA+UGA),2008,1,private_credit,2009,arima,13.6929591153621,0.0
ZMB-fed(KEN+TZA+UGA),2008,1,private_credit,2009,chronos,13.6929591153621,0.040153786992959795
ZMB-fed(KEN+TZA+UGA),2008,1,private_credit,2009,xgb_blind,13.6929591153621,2.835749910445884e-07
ZMB-fed(KEN+TZA+UGA),2008,1,private_credit,2009,xgb_lag,13.6929591153621,0.0
ZMB-fed(KEN+TZA+UGA),2008,1,private_credit,2009,xgb_typed,13.6929591153621,0.0
ZMB-fed(KEN+TZA+UGA),2008,1,private_credit,2009,lgbm_blind,13.6929591153621,2.835749910445884e-07
ZMB-fed(KEN+TZA+UGA),2008,1,private_credit,2009,lgbm_lag,13.6929591153621,0.0
ZMB-fed(KEN+TZA+UGA),2008,1,private_credit,2009,lgbm_typed,13.6929591153621,0.0
ZMB-fed(KEN+TZA+UGA),2008,1,private_credit,2009,tft,13.6929591153621,0.012936308527059737
ZMB-fed(KEN+TZA+UGA),2008,1,private_credit,2009,tgcn,13.6929591153621,
ZMB-fed(KEN+TZA+UGA),2008,1,private_credit,2009,persistence_scarcity,13.6929591153621,0.0
ZMB-fed(KEN+TZA+UGA),2008,1,private_credit,2009,chronos_scarcity,13.6929591153621,0.040153786992959795
ZMB-fed(KEN+TZA+UGA),2008,1,private_credit,2009,gnn_scarcity,13.6929591153621,1.6237736417679116e-06
ZMB-fed(KEN+TZA+UGA),2008,3,private_credit,2011,persistence,13.6929591153621,0.0
ZMB-fed(KEN+TZA+UGA),2008,3,private_credit,2011,arima,13.6929591153621,0.0
ZMB-fed(KEN+TZA+UGA),2008,3,private_credit,2011,chronos,13.6929591153621,0.040153786992959795
ZMB-fed(KEN+TZA+UGA),2008,3,private_credit,2011,xgb_blind,13.6929591153621,2.835749910445884e-07
ZMB-fed(KEN+TZA+UGA),2008,3,private_credit,2011,xgb_lag,13.6929591153621,0.0
ZMB-fed(KEN+TZA+UGA),2008,3,private_credit,2011,xgb_typed,13.6929591153621,0.0
ZMB-fed(KEN+TZA+UGA),2008,3,private_credit,2011,lgbm_blind,13.6929591153621,2.835749910445884e-07
ZMB-fed(KEN+TZA+UGA),2008,3,private_credit,2011,lgbm_lag,13.6929591153621,0.0
ZMB-fed(KEN+TZA+UGA),2008,3,private_credit,2011,lgbm_typed,13.6929591153621,0.0
ZMB-fed(KEN+TZA+UGA),2008,3,private_credit,2011,tft,13.6929591153621,0.01791258111006755
ZMB-fed(KEN+TZA+UGA),2008,3,private_credit,2011,tgcn,13.6929591153621,
ZMB-fed(KEN+TZA+UGA),2008,3,private_credit,2011,persistence_scarcity,13.6929591153621,0.0
ZMB-fed(KEN+TZA+UGA),2008,3,private_credit,2011,chronos_scarcity,13.6929591153621,0.040153786992959795
ZMB-fed(KEN+TZA+UGA),2008,3,private_credit,2011,gnn_scarcity,13.6929591153621,1.6237736417679116e-06
ZMB-fed(KEN+TZA+UGA),2008,5,private_credit,2013,persistence,15.8169736426664,2.1240145273042987
ZMB-fed(KEN+TZA+UGA),2008,5,private_credit,2013,arima,15.8169736426664,2.1240145273042987
ZMB-fed(KEN+TZA+UGA),2008,5,private_credit,2013,chronos,15.8169736426664,2.1641683142972585
ZMB-fed(KEN+TZA+UGA),2008,5,private_credit,2013,xgb_blind,15.8169736426664,2.12401481087929
ZMB-fed(KEN+TZA+UGA),2008,5,private_credit,2013,xgb_lag,15.8169736426664,2.1240145273042987
ZMB-fed(KEN+TZA+UGA),2008,5,private_credit,2013,xgb_typed,15.8169736426664,2.1240145273042987
ZMB-fed(KEN+TZA+UGA),2008,5,private_credit,2013,lgbm_blind,15.8169736426664,2.12401481087929
ZMB-fed(KEN+TZA+UGA),2008,5,private_credit,2013,lgbm_lag,15.8169736426664,2.1240145273042987
ZMB-fed(KEN+TZA+UGA),2008,5,private_credit,2013,lgbm_typed,15.8169736426664,2.1240145273042987
ZMB-fed(KEN+TZA+UGA),2008,5,private_credit,2013,tft,15.8169736426664,2.099878267605364
ZMB-fed(KEN+TZA+UGA),2008,5,private_credit,2013,tgcn,15.8169736426664,
ZMB-fed(KEN+TZA+UGA),2008,5,private_credit,2013,persistence_scarcity,15.8169736426664,2.1240145273042987
ZMB-fed(KEN+TZA+UGA),2008,5,private_credit,2013,chronos_scarcity,15.8169736426664,2.1641683142972585
ZMB-fed(KEN+TZA+UGA),2008,5,private_credit,2013,gnn_scarcity,15.8169736426664,2.124012903530657
ZMB-fed(KEN+TZA+UGA),2008,1,govt_consumption,2009,persistence,8.65362421922944,0.0
ZMB-fed(KEN+TZA+UGA),2008,1,govt_consumption,2009,arima,8.65362421922944,0.0
ZMB-fed(KEN+TZA+UGA),2008,1,govt_consumption,2009,chronos,8.65362421922944,0.025376958182077303
ZMB-fed(KEN+TZA+UGA),2008,1,govt_consumption,2009,xgb_blind,8.65362421922944,3.153774930098052e-07
ZMB-fed(KEN+TZA+UGA),2008,1,govt_consumption,2009,xgb_lag,8.65362421922944,0.0
ZMB-fed(KEN+TZA+UGA),2008,1,govt_consumption,2009,xgb_typed,8.65362421922944,0.0
ZMB-fed(KEN+TZA+UGA),2008,1,govt_consumption,2009,lgbm_blind,8.65362421922944,3.153774930098052e-07
ZMB-fed(KEN+TZA+UGA),2008,1,govt_consumption,2009,lgbm_lag,8.65362421922944,0.0
ZMB-fed(KEN+TZA+UGA),2008,1,govt_consumption,2009,lgbm_typed,8.65362421922944,0.0
ZMB-fed(KEN+TZA+UGA),2008,1,govt_consumption,2009,tft,8.65362421922944,0.012936907479543791
ZMB-fed(KEN+TZA+UGA),2008,1,govt_consumption,2009,tgcn,8.65362421922944,
ZMB-fed(KEN+TZA+UGA),2008,1,govt_consumption,2009,persistence_scarcity,8.65362421922944,0.0
ZMB-fed(KEN+TZA+UGA),2008,1,govt_consumption,2009,chronos_scarcity,8.65362421922944,0.025376958182077303
ZMB-fed(KEN+TZA+UGA),2008,1,govt_consumption,2009,gnn_scarcity,8.65362421922944,3.153774930098052e-07
ZMB-fed(KEN+TZA+UGA),2008,3,govt_consumption,2011,persistence,10.2458003430842,1.5921761238547596
ZMB-fed(KEN+TZA+UGA),2008,3,govt_consumption,2011,arima,10.2458003430842,1.5921761238547596
ZMB-fed(KEN+TZA+UGA),2008,3,govt_consumption,2011,chronos,10.2458003430842,1.617553082036837
ZMB-fed(KEN+TZA+UGA),2008,3,govt_consumption,2011,xgb_blind,10.2458003430842,1.5921758084772666
ZMB-fed(KEN+TZA+UGA),2008,3,govt_consumption,2011,xgb_lag,10.2458003430842,1.5921761238547596
ZMB-fed(KEN+TZA+UGA),2008,3,govt_consumption,2011,xgb_typed,10.2458003430842,1.5921761238547596
ZMB-fed(KEN+TZA+UGA),2008,3,govt_consumption,2011,lgbm_blind,10.2458003430842,1.5921758084772666
ZMB-fed(KEN+TZA+UGA),2008,3,govt_consumption,2011,lgbm_lag,10.2458003430842,1.5921761238547596
ZMB-fed(KEN+TZA+UGA),2008,3,govt_consumption,2011,lgbm_typed,10.2458003430842,1.5921761238547596
ZMB-fed(KEN+TZA+UGA),2008,3,govt_consumption,2011,tft,10.2458003430842,1.574262943792208
ZMB-fed(KEN+TZA+UGA),2008,3,govt_consumption,2011,tgcn,10.2458003430842,
ZMB-fed(KEN+TZA+UGA),2008,3,govt_consumption,2011,persistence_scarcity,10.2458003430842,1.5921761238547596
ZMB-fed(KEN+TZA+UGA),2008,3,govt_consumption,2011,chronos_scarcity,10.2458003430842,1.617553082036837
ZMB-fed(KEN+TZA+UGA),2008,3,govt_consumption,2011,gnn_scarcity,10.2458003430842,1.5921758084772666
ZMB-fed(KEN+TZA+UGA),2008,5,govt_consumption,2013,persistence,12.1843034143698,3.53067919514036
ZMB-fed(KEN+TZA+UGA),2008,5,govt_consumption,2013,arima,12.1843034143698,3.53067919514036
ZMB-fed(KEN+TZA+UGA),2008,5,govt_consumption,2013,chronos,12.1843034143698,3.5560561533224373
ZMB-fed(KEN+TZA+UGA),2008,5,govt_consumption,2013,xgb_blind,12.1843034143698,3.530678879762867
ZMB-fed(KEN+TZA+UGA),2008,5,govt_consumption,2013,xgb_lag,12.1843034143698,3.53067919514036
ZMB-fed(KEN+TZA+UGA),2008,5,govt_consumption,2013,xgb_typed,12.1843034143698,3.53067919514036
ZMB-fed(KEN+TZA+UGA),2008,5,govt_consumption,2013,lgbm_blind,12.1843034143698,3.530678879762867
ZMB-fed(KEN+TZA+UGA),2008,5,govt_consumption,2013,lgbm_lag,12.1843034143698,3.53067919514036
ZMB-fed(KEN+TZA+UGA),2008,5,govt_consumption,2013,lgbm_typed,12.1843034143698,3.53067919514036
ZMB-fed(KEN+TZA+UGA),2008,5,govt_consumption,2013,tft,12.1843034143698,3.506542336488941
ZMB-fed(KEN+TZA+UGA),2008,5,govt_consumption,2013,tgcn,12.1843034143698,
ZMB-fed(KEN+TZA+UGA),2008,5,govt_consumption,2013,persistence_scarcity,12.1843034143698,3.53067919514036
ZMB-fed(KEN+TZA+UGA),2008,5,govt_consumption,2013,chronos_scarcity,12.1843034143698,3.5560561533224373
ZMB-fed(KEN+TZA+UGA),2008,5,govt_consumption,2013,gnn_scarcity,12.1843034143698,3.530678879762867
ZMB-fed(KEN+TZA+UGA),2009,1,gdp_growth,2010,persistence,10.2982233241213,1.0778749182550005
ZMB-fed(KEN+TZA+UGA),2009,1,gdp_growth,2010,arima,10.2982233241213,1.9145103104101242
ZMB-fed(KEN+TZA+UGA),2009,1,gdp_growth,2010,chronos,10.2982233241213,1.3547361567629022
ZMB-fed(KEN+TZA+UGA),2009,1,gdp_growth,2010,xgb_blind,10.2982233241213,2.64155418425924
ZMB-fed(KEN+TZA+UGA),2009,1,gdp_growth,2010,xgb_lag,10.2982233241213,1.9145103104101242
ZMB-fed(KEN+TZA+UGA),2009,1,gdp_growth,2010,xgb_typed,10.2982233241213,1.9145103104101242
ZMB-fed(KEN+TZA+UGA),2009,1,gdp_growth,2010,lgbm_blind,10.2982233241213,5.993855342858404
ZMB-fed(KEN+TZA+UGA),2009,1,gdp_growth,2010,lgbm_lag,10.2982233241213,1.9145103104101242
ZMB-fed(KEN+TZA+UGA),2009,1,gdp_growth,2010,lgbm_typed,10.2982233241213,1.9145103104101242
ZMB-fed(KEN+TZA+UGA),2009,1,gdp_growth,2010,tft,10.2982233241213,1.1512134745729607
ZMB-fed(KEN+TZA+UGA),2009,1,gdp_growth,2010,tgcn,10.2982233241213,
ZMB-fed(KEN+TZA+UGA),2009,1,gdp_growth,2010,persistence_scarcity,10.2982233241213,1.0778749182550005
ZMB-fed(KEN+TZA+UGA),2009,1,gdp_growth,2010,chronos_scarcity,10.2982233241213,1.3547361567629022
ZMB-fed(KEN+TZA+UGA),2009,1,gdp_growth,2010,gnn_scarcity,10.2982233241213,6.415778465570275
ZMB-fed(KEN+TZA+UGA),2009,3,gdp_growth,2012,persistence,7.59738104901994,1.6229673568463605
ZMB-fed(KEN+TZA+UGA),2009,3,gdp_growth,2012,arima,7.59738104901994,0.990347728821626
ZMB-fed(KEN+TZA+UGA),2009,3,gdp_growth,2012,chronos,7.59738104901994,0.6801019374302557
ZMB-fed(KEN+TZA+UGA),2009,3,gdp_growth,2012,xgb_blind,7.59738104901994,0.8027406398228338
ZMB-fed(KEN+TZA+UGA),2009,3,gdp_growth,2012,xgb_lag,7.59738104901994,0.990347728821626
ZMB-fed(KEN+TZA+UGA),2009,3,gdp_growth,2012,xgb_typed,7.59738104901994,0.990347728821626
ZMB-fed(KEN+TZA+UGA),2009,3,gdp_growth,2012,lgbm_blind,7.59738104901994,2.6826723873374743
ZMB-fed(KEN+TZA+UGA),2009,3,gdp_growth,2012,lgbm_lag,7.59738104901994,0.990347728821626
ZMB-fed(KEN+TZA+UGA),2009,3,gdp_growth,2012,lgbm_typed,7.59738104901994,0.990347728821626
ZMB-fed(KEN+TZA+UGA),2009,3,gdp_growth,2012,tft,7.59738104901994,1.5950113002232245
ZMB-fed(KEN+TZA+UGA),2009,3,gdp_growth,2012,tgcn,7.59738104901994,
ZMB-fed(KEN+TZA+UGA),2009,3,gdp_growth,2012,persistence_scarcity,7.59738104901994,1.6229673568463605
ZMB-fed(KEN+TZA+UGA),2009,3,gdp_growth,2012,chronos_scarcity,7.59738104901994,0.6801019374302557
ZMB-fed(KEN+TZA+UGA),2009,3,gdp_growth,2012,gnn_scarcity,7.59738104901994,3.248847895486004
ZMB-fed(KEN+TZA+UGA),2009,5,gdp_growth,2014,persistence,4.69328316376705,4.52706524209925
ZMB-fed(KEN+TZA+UGA),2009,5,gdp_growth,2014,arima,4.69328316376705,3.96269956317695
ZMB-fed(KEN+TZA+UGA),2009,5,gdp_growth,2014,chronos,4.69328316376705,3.4890574581811924
ZMB-fed(KEN+TZA+UGA),2009,5,gdp_growth,2014,xgb_blind,4.69328316376705,3.329616463918497
ZMB-fed(KEN+TZA+UGA),2009,5,gdp_growth,2014,xgb_lag,4.69328316376705,3.96269956317695
ZMB-fed(KEN+TZA+UGA),2009,5,gdp_growth,2014,xgb_typed,4.69328316376705,3.96269956317695
ZMB-fed(KEN+TZA+UGA),2009,5,gdp_growth,2014,lgbm_blind,4.69328316376705,0.9985978153735502
ZMB-fed(KEN+TZA+UGA),2009,5,gdp_growth,2014,lgbm_lag,4.69328316376705,3.96269956317695
ZMB-fed(KEN+TZA+UGA),2009,5,gdp_growth,2014,lgbm_typed,4.69328316376705,3.96269956317695
ZMB-fed(KEN+TZA+UGA),2009,5,gdp_growth,2014,tft,4.69328316376705,4.499444878835489
ZMB-fed(KEN+TZA+UGA),2009,5,gdp_growth,2014,tgcn,4.69328316376705,
ZMB-fed(KEN+TZA+UGA),2009,5,gdp_growth,2014,persistence_scarcity,4.69328316376705,4.52706524209925
ZMB-fed(KEN+TZA+UGA),2009,5,gdp_growth,2014,chronos_scarcity,4.69328316376705,3.4890574581811924
ZMB-fed(KEN+TZA+UGA),2009,5,gdp_growth,2014,gnn_scarcity,4.69328316376705,0.4200163714696865
ZMB-fed(KEN+TZA+UGA),2009,1,inflation_cpi,2010,persistence,8.50176133365265,4.89349329893685
ZMB-fed(KEN+TZA+UGA),2009,1,inflation_cpi,2010,arima,8.50176133365265,4.9134627190191935
ZMB-fed(KEN+TZA+UGA),2009,1,inflation_cpi,2010,chronos,8.50176133365265,7.0900355413473495
ZMB-fed(KEN+TZA+UGA),2009,1,inflation_cpi,2010,xgb_blind,8.50176133365265,4.234598262599791
ZMB-fed(KEN+TZA+UGA),2009,1,inflation_cpi,2010,xgb_lag,8.50176133365265,4.9134627190191935
ZMB-fed(KEN+TZA+UGA),2009,1,inflation_cpi,2010,xgb_typed,8.50176133365265,4.9134627190191935
ZMB-fed(KEN+TZA+UGA),2009,1,inflation_cpi,2010,lgbm_blind,8.50176133365265,35.0666009023703
ZMB-fed(KEN+TZA+UGA),2009,1,inflation_cpi,2010,lgbm_lag,8.50176133365265,4.9134627190191935
ZMB-fed(KEN+TZA+UGA),2009,1,inflation_cpi,2010,lgbm_typed,8.50176133365265,4.9134627190191935
ZMB-fed(KEN+TZA+UGA),2009,1,inflation_cpi,2010,tft,8.50176133365265,6.396119220546568
ZMB-fed(KEN+TZA+UGA),2009,1,inflation_cpi,2010,tgcn,8.50176133365265,
ZMB-fed(KEN+TZA+UGA),2009,1,inflation_cpi,2010,persistence_scarcity,8.50176133365265,4.89349329893685
ZMB-fed(KEN+TZA+UGA),2009,1,inflation_cpi,2010,chronos_scarcity,8.50176133365265,7.0900355413473495
ZMB-fed(KEN+TZA+UGA),2009,1,inflation_cpi,2010,gnn_scarcity,8.50176133365265,36.11944304256805
ZMB-fed(KEN+TZA+UGA),2009,3,inflation_cpi,2012,persistence,6.57589970757698,6.8193549250125205
ZMB-fed(KEN+TZA+UGA),2009,3,inflation_cpi,2012,arima,6.57589970757698,6.839753084364862
ZMB-fed(KEN+TZA+UGA),2009,3,inflation_cpi,2012,chronos,6.57589970757698,18.782191646793137
ZMB-fed(KEN+TZA+UGA),2009,3,inflation_cpi,2012,xgb_blind,6.57589970757698,87.79328669379021
ZMB-fed(KEN+TZA+UGA),2009,3,inflation_cpi,2012,xgb_lag,6.57589970757698,6.839753084364862
ZMB-fed(KEN+TZA+UGA),2009,3,inflation_cpi,2012,xgb_typed,6.57589970757698,6.839753084364862
ZMB-fed(KEN+TZA+UGA),2009,3,inflation_cpi,2012,lgbm_blind,6.57589970757698,26.627043140628587
ZMB-fed(KEN+TZA+UGA),2009,3,inflation_cpi,2012,lgbm_lag,6.57589970757698,6.839753084364862
ZMB-fed(KEN+TZA+UGA),2009,3,inflation_cpi,2012,lgbm_typed,6.57589970757698,6.839753084364862
ZMB-fed(KEN+TZA+UGA),2009,3,inflation_cpi,2012,tft,6.57589970757698,10.589894664981614
ZMB-fed(KEN+TZA+UGA),2009,3,inflation_cpi,2012,tgcn,6.57589970757698,
ZMB-fed(KEN+TZA+UGA),2009,3,inflation_cpi,2012,persistence_scarcity,6.57589970757698,6.8193549250125205
ZMB-fed(KEN+TZA+UGA),2009,3,inflation_cpi,2012,chronos_scarcity,6.57589970757698,18.782191646793137
ZMB-fed(KEN+TZA+UGA),2009,3,inflation_cpi,2012,gnn_scarcity,6.57589970757698,43.45490778754021
ZMB-fed(KEN+TZA+UGA),2009,5,inflation_cpi,2014,persistence,7.80687553566333,5.58837909692617
ZMB-fed(KEN+TZA+UGA),2009,5,inflation_cpi,2014,arima,7.80687553566333,5.608777445850382
ZMB-fed(KEN+TZA+UGA),2009,5,inflation_cpi,2014,chronos,7.80687553566333,22.520038297954834
ZMB-fed(KEN+TZA+UGA),2009,5,inflation_cpi,2014,xgb_blind,7.80687553566333,10.40301101523999
ZMB-fed(KEN+TZA+UGA),2009,5,inflation_cpi,2014,xgb_lag,7.80687553566333,5.608777445850382
ZMB-fed(KEN+TZA+UGA),2009,5,inflation_cpi,2014,xgb_typed,7.80687553566333,5.608777445850382
ZMB-fed(KEN+TZA+UGA),2009,5,inflation_cpi,2014,lgbm_blind,7.80687553566333,13.962235398276285
ZMB-fed(KEN+TZA+UGA),2009,5,inflation_cpi,2014,lgbm_lag,7.80687553566333,5.608777445850382
ZMB-fed(KEN+TZA+UGA),2009,5,inflation_cpi,2014,lgbm_typed,7.80687553566333,5.608777445850382
ZMB-fed(KEN+TZA+UGA),2009,5,inflation_cpi,2014,tft,7.80687553566333,10.843133619610107
ZMB-fed(KEN+TZA+UGA),2009,5,inflation_cpi,2014,tgcn,7.80687553566333,
ZMB-fed(KEN+TZA+UGA),2009,5,inflation_cpi,2014,persistence_scarcity,7.80687553566333,5.58837909692617
ZMB-fed(KEN+TZA+UGA),2009,5,inflation_cpi,2014,chronos_scarcity,7.80687553566333,22.520038297954834
ZMB-fed(KEN+TZA+UGA),2009,5,inflation_cpi,2014,gnn_scarcity,7.80687553566333,41.35036628562573
ZMB-fed(KEN+TZA+UGA),2009,1,unemployment,2010,persistence,13.19,2.6069999999999993
ZMB-fed(KEN+TZA+UGA),2009,1,unemployment,2010,arima,13.19,1.4229224679037085
ZMB-fed(KEN+TZA+UGA),2009,1,unemployment,2010,chronos,13.19,1.3204893493652339
ZMB-fed(KEN+TZA+UGA),2009,1,unemployment,2010,xgb_blind,13.19,5.0374426269531245
ZMB-fed(KEN+TZA+UGA),2009,1,unemployment,2010,xgb_lag,13.19,1.4229224679037085
ZMB-fed(KEN+TZA+UGA),2009,1,unemployment,2010,xgb_typed,13.19,1.4229224679037085
ZMB-fed(KEN+TZA+UGA),2009,1,unemployment,2010,lgbm_blind,13.19,1.308105275003534
ZMB-fed(KEN+TZA+UGA),2009,1,unemployment,2010,lgbm_lag,13.19,1.4229224679037085
ZMB-fed(KEN+TZA+UGA),2009,1,unemployment,2010,lgbm_typed,13.19,1.4229224679037085
ZMB-fed(KEN+TZA+UGA),2009,1,unemployment,2010,tft,13.19,2.5914511108398433
ZMB-fed(KEN+TZA+UGA),2009,1,unemployment,2010,tgcn,13.19,
ZMB-fed(KEN+TZA+UGA),2009,1,unemployment,2010,persistence_scarcity,13.19,2.6069999999999993
ZMB-fed(KEN+TZA+UGA),2009,1,unemployment,2010,chronos_scarcity,13.19,1.3204893493652339
ZMB-fed(KEN+TZA+UGA),2009,1,unemployment,2010,gnn_scarcity,13.19,1.390903053283692
ZMB-fed(KEN+TZA+UGA),2009,3,unemployment,2012,persistence,7.85,2.7330000000000005
ZMB-fed(KEN+TZA+UGA),2009,3,unemployment,2012,arima,7.85,4.681417123046733
ZMB-fed(KEN+TZA+UGA),2009,3,unemployment,2012,chronos,7.85,5.206461334228516
ZMB-fed(KEN+TZA+UGA),2009,3,unemployment,2012,xgb_blind,7.85,2.589463615417481
ZMB-fed(KEN+TZA+UGA),2009,3,unemployment,2012,xgb_lag,7.85,4.681417123046733
ZMB-fed(KEN+TZA+UGA),2009,3,unemployment,2012,xgb_typed,7.85,4.681417123046733
ZMB-fed(KEN+TZA+UGA),2009,3,unemployment,2012,lgbm_blind,7.85,6.090941165475284
ZMB-fed(KEN+TZA+UGA),2009,3,unemployment,2012,lgbm_lag,7.85,4.681417123046733
ZMB-fed(KEN+TZA+UGA),2009,3,unemployment,2012,lgbm_typed,7.85,4.681417123046733
ZMB-fed(KEN+TZA+UGA),2009,3,unemployment,2012,tft,7.85,2.7578519821166996
ZMB-fed(KEN+TZA+UGA),2009,3,unemployment,2012,tgcn,7.85,
ZMB-fed(KEN+TZA+UGA),2009,3,unemployment,2012,persistence_scarcity,7.85,2.7330000000000005
ZMB-fed(KEN+TZA+UGA),2009,3,unemployment,2012,chronos_scarcity,7.85,5.206461334228516
ZMB-fed(KEN+TZA+UGA),2009,3,unemployment,2012,gnn_scarcity,7.85,7.081252479553223
ZMB-fed(KEN+TZA+UGA),2009,5,unemployment,2014,persistence,6.576,4.007000000000001
ZMB-fed(KEN+TZA+UGA),2009,5,unemployment,2014,arima,6.576,6.107672323888379
ZMB-fed(KEN+TZA+UGA),2009,5,unemployment,2014,chronos,6.576,8.854376052856445
ZMB-fed(KEN+TZA+UGA),2009,5,unemployment,2014,xgb_blind,6.576,3.198655342102051
ZMB-fed(KEN+TZA+UGA),2009,5,unemployment,2014,xgb_lag,6.576,6.107672323888379
ZMB-fed(KEN+TZA+UGA),2009,5,unemployment,2014,xgb_typed,6.576,6.107672323888379
ZMB-fed(KEN+TZA+UGA),2009,5,unemployment,2014,lgbm_blind,6.576,6.664466658274333
ZMB-fed(KEN+TZA+UGA),2009,5,unemployment,2014,lgbm_lag,6.576,6.107672323888379
ZMB-fed(KEN+TZA+UGA),2009,5,unemployment,2014,lgbm_typed,6.576,6.107672323888379
ZMB-fed(KEN+TZA+UGA),2009,5,unemployment,2014,tft,6.576,4.040527557373047
ZMB-fed(KEN+TZA+UGA),2009,5,unemployment,2014,tgcn,6.576,
ZMB-fed(KEN+TZA+UGA),2009,5,unemployment,2014,persistence_scarcity,6.576,4.007000000000001
ZMB-fed(KEN+TZA+UGA),2009,5,unemployment,2014,chronos_scarcity,6.576,8.854376052856445
ZMB-fed(KEN+TZA+UGA),2009,5,unemployment,2014,gnn_scarcity,6.576,8.298676704406738
ZMB-fed(KEN+TZA+UGA),2009,1,exports_gdp,2010,persistence,37.0259333072124,7.774935637877597
ZMB-fed(KEN+TZA+UGA),2009,1,exports_gdp,2010,arima,37.0259333072124,7.8681326183294615
ZMB-fed(KEN+TZA+UGA),2009,1,exports_gdp,2010,chronos,37.0259333072124,7.546004336875484
ZMB-fed(KEN+TZA+UGA),2009,1,exports_gdp,2010,xgb_blind,37.0259333072124,7.355187457603023
ZMB-fed(KEN+TZA+UGA),2009,1,exports_gdp,2010,xgb_lag,37.0259333072124,7.8681326183294615
ZMB-fed(KEN+TZA+UGA),2009,1,exports_gdp,2010,xgb_typed,37.0259333072124,7.8681326183294615
ZMB-fed(KEN+TZA+UGA),2009,1,exports_gdp,2010,lgbm_blind,37.0259333072124,7.52255649703816
ZMB-fed(KEN+TZA+UGA),2009,1,exports_gdp,2010,lgbm_lag,37.0259333072124,7.8681326183294615
ZMB-fed(KEN+TZA+UGA),2009,1,exports_gdp,2010,lgbm_typed,37.0259333072124,7.8681326183294615
ZMB-fed(KEN+TZA+UGA),2009,1,exports_gdp,2010,tft,37.0259333072124,7.654889148276851
ZMB-fed(KEN+TZA+UGA),2009,1,exports_gdp,2010,tgcn,37.0259333072124,
ZMB-fed(KEN+TZA+UGA),2009,1,exports_gdp,2010,persistence_scarcity,37.0259333072124,7.774935637877597
ZMB-fed(KEN+TZA+UGA),2009,1,exports_gdp,2010,chronos_scarcity,37.0259333072124,7.546004336875484
ZMB-fed(KEN+TZA+UGA),2009,1,exports_gdp,2010,gnn_scarcity,37.0259333072124,7.495997470420406
ZMB-fed(KEN+TZA+UGA),2009,3,exports_gdp,2012,persistence,40.0829109943526,10.831913325017801
ZMB-fed(KEN+TZA+UGA),2009,3,exports_gdp,2012,arima,40.0829109943526,10.906280054548098
ZMB-fed(KEN+TZA+UGA),2009,3,exports_gdp,2012,chronos,40.0829109943526,9.732725600065493
ZMB-fed(KEN+TZA+UGA),2009,3,exports_gdp,2012,xgb_blind,40.0829109943526,10.682705382169985
ZMB-fed(KEN+TZA+UGA),2009,3,exports_gdp,2012,xgb_lag,40.0829109943526,10.906280054548098
ZMB-fed(KEN+TZA+UGA),2009,3,exports_gdp,2012,xgb_typed,40.0829109943526,10.906280054548098
ZMB-fed(KEN+TZA+UGA),2009,3,exports_gdp,2012,lgbm_blind,40.0829109943526,10.985065580247017
ZMB-fed(KEN+TZA+UGA),2009,3,exports_gdp,2012,lgbm_lag,40.0829109943526,10.906280054548098
ZMB-fed(KEN+TZA+UGA),2009,3,exports_gdp,2012,lgbm_typed,40.0829109943526,10.906280054548098
ZMB-fed(KEN+TZA+UGA),2009,3,exports_gdp,2012,tft,40.0829109943526,10.770882109464907
ZMB-fed(KEN+TZA+UGA),2009,3,exports_gdp,2012,tgcn,40.0829109943526,
ZMB-fed(KEN+TZA+UGA),2009,3,exports_gdp,2012,persistence_scarcity,40.0829109943526,10.831913325017801
ZMB-fed(KEN+TZA+UGA),2009,3,exports_gdp,2012,chronos_scarcity,40.0829109943526,9.732725600065493
ZMB-fed(KEN+TZA+UGA),2009,3,exports_gdp,2012,gnn_scarcity,40.0829109943526,10.180941084684633
ZMB-fed(KEN+TZA+UGA),2009,5,exports_gdp,2014,persistence,38.8222899319378,9.571292262603002
ZMB-fed(KEN+TZA+UGA),2009,5,exports_gdp,2014,arima,38.8222899319378,9.64417192248455
ZMB-fed(KEN+TZA+UGA),2009,5,exports_gdp,2014,chronos,38.8222899319378,7.710639465018858
ZMB-fed(KEN+TZA+UGA),2009,5,exports_gdp,2014,xgb_blind,38.8222899319378,9.739882934257139
ZMB-fed(KEN+TZA+UGA),2009,5,exports_gdp,2014,xgb_lag,38.8222899319378,9.64417192248455
ZMB-fed(KEN+TZA+UGA),2009,5,exports_gdp,2014,xgb_typed,38.8222899319378,9.64417192248455
ZMB-fed(KEN+TZA+UGA),2009,5,exports_gdp,2014,lgbm_blind,38.8222899319378,10.238117619519183
ZMB-fed(KEN+TZA+UGA),2009,5,exports_gdp,2014,lgbm_lag,38.8222899319378,9.64417192248455
ZMB-fed(KEN+TZA+UGA),2009,5,exports_gdp,2014,lgbm_typed,38.8222899319378,9.64417192248455
ZMB-fed(KEN+TZA+UGA),2009,5,exports_gdp,2014,tft,38.8222899319378,9.529618728324522
ZMB-fed(KEN+TZA+UGA),2009,5,exports_gdp,2014,tgcn,38.8222899319378,
ZMB-fed(KEN+TZA+UGA),2009,5,exports_gdp,2014,persistence_scarcity,38.8222899319378,9.571292262603002
ZMB-fed(KEN+TZA+UGA),2009,5,exports_gdp,2014,chronos_scarcity,38.8222899319378,7.710639465018858
ZMB-fed(KEN+TZA+UGA),2009,5,exports_gdp,2014,gnn_scarcity,38.8222899319378,8.980397689506162
ZMB-fed(KEN+TZA+UGA),2009,1,imports_gdp,2010,persistence,27.9887692133998,1.118385927218199
ZMB-fed(KEN+TZA+UGA),2009,1,imports_gdp,2010,arima,27.9887692133998,0.9340869199208939
ZMB-fed(KEN+TZA+UGA),2009,1,imports_gdp,2010,chronos,27.9887692133998,1.8936306635951112
ZMB-fed(KEN+TZA+UGA),2009,1,imports_gdp,2010,xgb_blind,27.9887692133998,0.5274407069300722
ZMB-fed(KEN+TZA+UGA),2009,1,imports_gdp,2010,xgb_lag,27.9887692133998,0.9340869199208939
ZMB-fed(KEN+TZA+UGA),2009,1,imports_gdp,2010,xgb_typed,27.9887692133998,0.9340869199208939
ZMB-fed(KEN+TZA+UGA),2009,1,imports_gdp,2010,lgbm_blind,27.9887692133998,5.583871556960247
ZMB-fed(KEN+TZA+UGA),2009,1,imports_gdp,2010,lgbm_lag,27.9887692133998,0.9340869199208939
ZMB-fed(KEN+TZA+UGA),2009,1,imports_gdp,2010,lgbm_typed,27.9887692133998,0.9340869199208939
ZMB-fed(KEN+TZA+UGA),2009,1,imports_gdp,2010,tft,27.9887692133998,0.6231838862513612
ZMB-fed(KEN+TZA+UGA),2009,1,imports_gdp,2010,tgcn,27.9887692133998,
ZMB-fed(KEN+TZA+UGA),2009,1,imports_gdp,2010,persistence_scarcity,27.9887692133998,1.118385927218199
ZMB-fed(KEN+TZA+UGA),2009,1,imports_gdp,2010,chronos_scarcity,27.9887692133998,1.8936306635951112
ZMB-fed(KEN+TZA+UGA),2009,1,imports_gdp,2010,gnn_scarcity,27.9887692133998,5.443699200906842
ZMB-fed(KEN+TZA+UGA),2009,3,imports_gdp,2012,persistence,35.2847988615544,8.4144155753728
ZMB-fed(KEN+TZA+UGA),2009,3,imports_gdp,2012,arima,35.2847988615544,8.238917899035453
ZMB-fed(KEN+TZA+UGA),2009,3,imports_gdp,2012,chronos,35.2847988615544,6.850957156232134
ZMB-fed(KEN+TZA+UGA),2009,3,imports_gdp,2012,xgb_blind,35.2847988615544,7.523820162823931
ZMB-fed(KEN+TZA+UGA),2009,3,imports_gdp,2012,xgb_lag,35.2847988615544,8.238917899035453
ZMB-fed(KEN+TZA+UGA),2009,3,imports_gdp,2012,xgb_typed,35.2847988615544,8.238917899035453
ZMB-fed(KEN+TZA+UGA),2009,3,imports_gdp,2012,lgbm_blind,35.2847988615544,1.7271649567046197
ZMB-fed(KEN+TZA+UGA),2009,3,imports_gdp,2012,lgbm_lag,35.2847988615544,8.238917899035453
ZMB-fed(KEN+TZA+UGA),2009,3,imports_gdp,2012,lgbm_typed,35.2847988615544,8.238917899035453
ZMB-fed(KEN+TZA+UGA),2009,3,imports_gdp,2012,tft,35.2847988615544,8.067672015240923
ZMB-fed(KEN+TZA+UGA),2009,3,imports_gdp,2012,tgcn,35.2847988615544,
ZMB-fed(KEN+TZA+UGA),2009,3,imports_gdp,2012,persistence_scarcity,35.2847988615544,8.4144155753728
ZMB-fed(KEN+TZA+UGA),2009,3,imports_gdp,2012,chronos_scarcity,35.2847988615544,6.850957156232134
ZMB-fed(KEN+TZA+UGA),2009,3,imports_gdp,2012,gnn_scarcity,35.2847988615544,1.478368044904009
ZMB-fed(KEN+TZA+UGA),2009,5,imports_gdp,2014,persistence,37.3712097956936,10.500826509512002
ZMB-fed(KEN+TZA+UGA),2009,5,imports_gdp,2014,arima,37.3712097956936,10.325351087362773
ZMB-fed(KEN+TZA+UGA),2009,5,imports_gdp,2014,chronos,37.3712097956936,7.829564745644774
ZMB-fed(KEN+TZA+UGA),2009,5,imports_gdp,2014,xgb_blind,37.3712097956936,10.352292711953368
ZMB-fed(KEN+TZA+UGA),2009,5,imports_gdp,2014,xgb_lag,37.3712097956936,10.325351087362773
ZMB-fed(KEN+TZA+UGA),2009,5,imports_gdp,2014,xgb_typed,37.3712097956936,10.325351087362773
ZMB-fed(KEN+TZA+UGA),2009,5,imports_gdp,2014,lgbm_blind,37.3712097956936,3.8325845871568163
ZMB-fed(KEN+TZA+UGA),2009,5,imports_gdp,2014,lgbm_lag,37.3712097956936,10.325351087362773
ZMB-fed(KEN+TZA+UGA),2009,5,imports_gdp,2014,lgbm_typed,37.3712097956936,10.325351087362773
ZMB-fed(KEN+TZA+UGA),2009,5,imports_gdp,2014,tft,37.3712097956936,10.223464663247313
ZMB-fed(KEN+TZA+UGA),2009,5,imports_gdp,2014,tgcn,37.3712097956936,
ZMB-fed(KEN+TZA+UGA),2009,5,imports_gdp,2014,persistence_scarcity,37.3712097956936,10.500826509512002
ZMB-fed(KEN+TZA+UGA),2009,5,imports_gdp,2014,chronos_scarcity,37.3712097956936,7.829564745644774
ZMB-fed(KEN+TZA+UGA),2009,5,imports_gdp,2014,gnn_scarcity,37.3712097956936,3.6251694514553208
ZMB-fed(KEN+TZA+UGA),2009,1,current_account,2010,persistence,7.52549147652086,1.5720632917252502
ZMB-fed(KEN+TZA+UGA),2009,1,current_account,2010,arima,7.52549147652086,4.167664116706581
ZMB-fed(KEN+TZA+UGA),2009,1,current_account,2010,chronos,7.52549147652086,7.8113315408080455
ZMB-fed(KEN+TZA+UGA),2009,1,current_account,2010,xgb_blind,7.52549147652086,5.876495957836473
ZMB-fed(KEN+TZA+UGA),2009,1,current_account,2010,xgb_lag,7.52549147652086,4.167664116706581
ZMB-fed(KEN+TZA+UGA),2009,1,current_account,2010,xgb_typed,7.52549147652086,4.167664116706581
ZMB-fed(KEN+TZA+UGA),2009,1,current_account,2010,lgbm_blind,7.52549147652086,15.718534721033318
ZMB-fed(KEN+TZA+UGA),2009,1,current_account,2010,lgbm_lag,7.52549147652086,4.167664116706581
ZMB-fed(KEN+TZA+UGA),2009,1,current_account,2010,lgbm_typed,7.52549147652086,4.167664116706581
ZMB-fed(KEN+TZA+UGA),2009,1,current_account,2010,tft,7.52549147652086,1.3321149353831645
ZMB-fed(KEN+TZA+UGA),2009,1,current_account,2010,tgcn,7.52549147652086,
ZMB-fed(KEN+TZA+UGA),2009,1,current_account,2010,persistence_scarcity,7.52549147652086,1.5720632917252502
ZMB-fed(KEN+TZA+UGA),2009,1,current_account,2010,chronos_scarcity,7.52549147652086,7.8113315408080455
ZMB-fed(KEN+TZA+UGA),2009,1,current_account,2010,gnn_scarcity,7.52549147652086,16.504507780536972
ZMB-fed(KEN+TZA+UGA),2009,3,current_account,2012,persistence,5.37898486156031,0.5744433232352995
ZMB-fed(KEN+TZA+UGA),2009,3,current_account,2012,arima,5.37898486156031,1.498367201781682
ZMB-fed(KEN+TZA+UGA),2009,3,current_account,2012,chronos,5.37898486156031,7.951508455462898
ZMB-fed(KEN+TZA+UGA),2009,3,current_account,2012,xgb_blind,5.37898486156031,2.321197681613411
ZMB-fed(KEN+TZA+UGA),2009,3,current_account,2012,xgb_lag,5.37898486156031,1.498367201781682
ZMB-fed(KEN+TZA+UGA),2009,3,current_account,2012,xgb_typed,5.37898486156031,1.498367201781682
ZMB-fed(KEN+TZA+UGA),2009,3,current_account,2012,lgbm_blind,5.37898486156031,13.470864748299704
ZMB-fed(KEN+TZA+UGA),2009,3,current_account,2012,lgbm_lag,5.37898486156031,1.498367201781682
ZMB-fed(KEN+TZA+UGA),2009,3,current_account,2012,lgbm_typed,5.37898486156031,1.498367201781682
ZMB-fed(KEN+TZA+UGA),2009,3,current_account,2012,tft,5.37898486156031,4.524190492443596
ZMB-fed(KEN+TZA+UGA),2009,3,current_account,2012,tgcn,5.37898486156031,
ZMB-fed(KEN+TZA+UGA),2009,3,current_account,2012,persistence_scarcity,5.37898486156031,0.5744433232352995
ZMB-fed(KEN+TZA+UGA),2009,3,current_account,2012,chronos_scarcity,5.37898486156031,7.951508455462898
ZMB-fed(KEN+TZA+UGA),2009,3,current_account,2012,gnn_scarcity,5.37898486156031,13.613295965381111
ZMB-fed(KEN+TZA+UGA),2009,5,current_account,2014,persistence,-1.4270939600475,7.38052214484311
ZMB-fed(KEN+TZA+UGA),2009,5,current_account,2014,arima,-1.4270939600475,5.348574821143131
ZMB-fed(KEN+TZA+UGA),2009,5,current_account,2014,chronos,-1.4270939600475,1.645636581181748
ZMB-fed(KEN+TZA+UGA),2009,5,current_account,2014,xgb_blind,-1.4270939600475,2.512136958836777
ZMB-fed(KEN+TZA+UGA),2009,5,current_account,2014,xgb_lag,-1.4270939600475,5.348574821143131
ZMB-fed(KEN+TZA+UGA),2009,5,current_account,2014,xgb_typed,-1.4270939600475,5.348574821143131
ZMB-fed(KEN+TZA+UGA),2009,5,current_account,2014,lgbm_blind,-1.4270939600475,6.53664567351268
ZMB-fed(KEN+TZA+UGA),2009,5,current_account,2014,lgbm_lag,-1.4270939600475,5.348574821143131
ZMB-fed(KEN+TZA+UGA),2009,5,current_account,2014,lgbm_typed,-1.4270939600475,5.348574821143131
ZMB-fed(KEN+TZA+UGA),2009,5,current_account,2014,tft,-1.4270939600475,13.814539409876602
ZMB-fed(KEN+TZA+UGA),2009,5,current_account,2014,tgcn,-1.4270939600475,
ZMB-fed(KEN+TZA+UGA),2009,5,current_account,2014,persistence_scarcity,-1.4270939600475,7.38052214484311
ZMB-fed(KEN+TZA+UGA),2009,5,current_account,2014,chronos_scarcity,-1.4270939600475,1.645636581181748
ZMB-fed(KEN+TZA+UGA),2009,5,current_account,2014,gnn_scarcity,-1.4270939600475,6.927475475072129
ZMB-fed(KEN+TZA+UGA),2009,1,real_interest_rate,2010,persistence,6.11294221169531,9.520691250286092
ZMB-fed(KEN+TZA+UGA),2009,1,real_interest_rate,2010,arima,6.11294221169531,8.313110564115632
ZMB-fed(KEN+TZA+UGA),2009,1,real_interest_rate,2010,chronos,6.11294221169531,8.158633716039066
ZMB-fed(KEN+TZA+UGA),2009,1,real_interest_rate,2010,xgb_blind,6.11294221169531,3.9076228212636748
ZMB-fed(KEN+TZA+UGA),2009,1,real_interest_rate,2010,xgb_lag,6.11294221169531,8.313110564115632
ZMB-fed(KEN+TZA+UGA),2009,1,real_interest_rate,2010,xgb_typed,6.11294221169531,8.313110564115632
ZMB-fed(KEN+TZA+UGA),2009,1,real_interest_rate,2010,lgbm_blind,6.11294221169531,0.012368772348192891
ZMB-fed(KEN+TZA+UGA),2009,1,real_interest_rate,2010,lgbm_lag,6.11294221169531,8.313110564115632
ZMB-fed(KEN+TZA+UGA),2009,1,real_interest_rate,2010,lgbm_typed,6.11294221169531,8.313110564115632
ZMB-fed(KEN+TZA+UGA),2009,1,real_interest_rate,2010,tft,6.11294221169531,2.3500619005483427
ZMB-fed(KEN+TZA+UGA),2009,1,real_interest_rate,2010,tgcn,6.11294221169531,
ZMB-fed(KEN+TZA+UGA),2009,1,real_interest_rate,2010,persistence_scarcity,6.11294221169531,9.520691250286092
ZMB-fed(KEN+TZA+UGA),2009,1,real_interest_rate,2010,chronos_scarcity,6.11294221169531,8.158633716039066
ZMB-fed(KEN+TZA+UGA),2009,1,real_interest_rate,2010,gnn_scarcity,6.11294221169531,2.8226447034555635
ZMB-fed(KEN+TZA+UGA),2009,3,real_interest_rate,2012,persistence,4.82147742594943,10.81215603603197
ZMB-fed(KEN+TZA+UGA),2009,3,real_interest_rate,2012,arima,4.82147742594943,9.759026862396581
ZMB-fed(KEN+TZA+UGA),2009,3,real_interest_rate,2012,chronos,4.82147742594943,6.796291815383578
ZMB-fed(KEN+TZA+UGA),2009,3,real_interest_rate,2012,xgb_blind,4.82147742594943,8.160330282790804
ZMB-fed(KEN+TZA+UGA),2009,3,real_interest_rate,2012,xgb_lag,4.82147742594943,9.759026862396581
ZMB-fed(KEN+TZA+UGA),2009,3,real_interest_rate,2012,xgb_typed,4.82147742594943,9.759026862396581
ZMB-fed(KEN+TZA+UGA),2009,3,real_interest_rate,2012,lgbm_blind,4.82147742594943,5.97117139436666
ZMB-fed(KEN+TZA+UGA),2009,3,real_interest_rate,2012,lgbm_lag,4.82147742594943,9.759026862396581
ZMB-fed(KEN+TZA+UGA),2009,3,real_interest_rate,2012,lgbm_typed,4.82147742594943,9.759026862396581
ZMB-fed(KEN+TZA+UGA),2009,3,real_interest_rate,2012,tft,4.82147742594943,3.6462130418850425
ZMB-fed(KEN+TZA+UGA),2009,3,real_interest_rate,2012,tgcn,4.82147742594943,
ZMB-fed(KEN+TZA+UGA),2009,3,real_interest_rate,2012,persistence_scarcity,4.82147742594943,10.81215603603197
ZMB-fed(KEN+TZA+UGA),2009,3,real_interest_rate,2012,chronos_scarcity,4.82147742594943,6.796291815383578
ZMB-fed(KEN+TZA+UGA),2009,3,real_interest_rate,2012,gnn_scarcity,4.82147742594943,0.45486591969265966
ZMB-fed(KEN+TZA+UGA),2009,5,real_interest_rate,2014,persistence,5.81636783051129,9.81726563147011
ZMB-fed(KEN+TZA+UGA),2009,5,real_interest_rate,2014,arima,5.81636783051129,8.767638273509382
ZMB-fed(KEN+TZA+UGA),2009,5,real_interest_rate,2014,chronos,5.81636783051129,2.9117091043031635
ZMB-fed(KEN+TZA+UGA),2009,5,real_interest_rate,2014,xgb_blind,5.81636783051129,11.523666654351992
ZMB-fed(KEN+TZA+UGA),2009,5,real_interest_rate,2014,xgb_lag,5.81636783051129,8.767638273509382
ZMB-fed(KEN+TZA+UGA),2009,5,real_interest_rate,2014,xgb_typed,5.81636783051129,8.767638273509382
ZMB-fed(KEN+TZA+UGA),2009,5,real_interest_rate,2014,lgbm_blind,5.81636783051129,7.621330152276796
ZMB-fed(KEN+TZA+UGA),2009,5,real_interest_rate,2014,lgbm_lag,5.81636783051129,8.767638273509382
ZMB-fed(KEN+TZA+UGA),2009,5,real_interest_rate,2014,lgbm_typed,5.81636783051129,8.767638273509382
ZMB-fed(KEN+TZA+UGA),2009,5,real_interest_rate,2014,tft,5.81636783051129,2.6506989343202534
ZMB-fed(KEN+TZA+UGA),2009,5,real_interest_rate,2014,tgcn,5.81636783051129,
ZMB-fed(KEN+TZA+UGA),2009,5,real_interest_rate,2014,persistence_scarcity,5.81636783051129,9.81726563147011
ZMB-fed(KEN+TZA+UGA),2009,5,real_interest_rate,2014,chronos_scarcity,5.81636783051129,2.9117091043031635
ZMB-fed(KEN+TZA+UGA),2009,5,real_interest_rate,2014,gnn_scarcity,5.81636783051129,0.8607408659421978
ZMB-fed(KEN+TZA+UGA),2009,1,broad_money,2010,persistence,18.4296329419961,0.5922676228477997
ZMB-fed(KEN+TZA+UGA),2009,1,broad_money,2010,arima,18.4296329419961,0.3819783245184105
ZMB-fed(KEN+TZA+UGA),2009,1,broad_money,2010,chronos,18.4296329419961,0.33435324839258485
ZMB-fed(KEN+TZA+UGA),2009,1,broad_money,2010,xgb_blind,18.4296329419961,0.06659773996973328
ZMB-fed(KEN+TZA+UGA),2009,1,broad_money,2010,xgb_lag,18.4296329419961,0.3819783245184105
ZMB-fed(KEN+TZA+UGA),2009,1,broad_money,2010,xgb_typed,18.4296329419961,0.3819783245184105
ZMB-fed(KEN+TZA+UGA),2009,1,broad_money,2010,lgbm_blind,18.4296329419961,0.6830378604659799
ZMB-fed(KEN+TZA+UGA),2009,1,broad_money,2010,lgbm_lag,18.4296329419961,0.3819783245184105
ZMB-fed(KEN+TZA+UGA),2009,1,broad_money,2010,lgbm_typed,18.4296329419961,0.3819783245184105
ZMB-fed(KEN+TZA+UGA),2009,1,broad_money,2010,tft,18.4296329419961,0.42506865671778016
ZMB-fed(KEN+TZA+UGA),2009,1,broad_money,2010,tgcn,18.4296329419961,
ZMB-fed(KEN+TZA+UGA),2009,1,broad_money,2010,persistence_scarcity,18.4296329419961,0.5922676228477997
ZMB-fed(KEN+TZA+UGA),2009,1,broad_money,2010,chronos_scarcity,18.4296329419961,0.33435324839258485
ZMB-fed(KEN+TZA+UGA),2009,1,broad_money,2010,gnn_scarcity,18.4296329419961,0.5869377057900458
ZMB-fed(KEN+TZA+UGA),2009,3,broad_money,2012,persistence,19.57691458578,1.7395492666316983
ZMB-fed(KEN+TZA+UGA),2009,3,broad_money,2012,arima,19.57691458578,1.55841795743941
ZMB-fed(KEN+TZA+UGA),2009,3,broad_money,2012,chronos,19.57691458578,0.9552295577038272
ZMB-fed(KEN+TZA+UGA),2009,3,broad_money,2012,xgb_blind,19.57691458578,1.1028526198376163
ZMB-fed(KEN+TZA+UGA),2009,3,broad_money,2012,xgb_lag,19.57691458578,1.55841795743941
ZMB-fed(KEN+TZA+UGA),2009,3,broad_money,2012,xgb_typed,19.57691458578,1.55841795743941
ZMB-fed(KEN+TZA+UGA),2009,3,broad_money,2012,lgbm_blind,19.57691458578,2.373080052088593
ZMB-fed(KEN+TZA+UGA),2009,3,broad_money,2012,lgbm_lag,19.57691458578,1.55841795743941
ZMB-fed(KEN+TZA+UGA),2009,3,broad_money,2012,lgbm_typed,19.57691458578,1.55841795743941
ZMB-fed(KEN+TZA+UGA),2009,3,broad_money,2012,tft,19.57691458578,1.5661495100964054
ZMB-fed(KEN+TZA+UGA),2009,3,broad_money,2012,tgcn,19.57691458578,
ZMB-fed(KEN+TZA+UGA),2009,3,broad_money,2012,persistence_scarcity,19.57691458578,1.7395492666316983
ZMB-fed(KEN+TZA+UGA),2009,3,broad_money,2012,chronos_scarcity,19.57691458578,0.9552295577038272
ZMB-fed(KEN+TZA+UGA),2009,3,broad_money,2012,gnn_scarcity,19.57691458578,1.459088123988007
ZMB-fed(KEN+TZA+UGA),2009,5,broad_money,2014,persistence,20.9269794142477,3.0896140950993995
ZMB-fed(KEN+TZA+UGA),2009,5,broad_money,2014,arima,20.9269794142477,2.9092893481256183
ZMB-fed(KEN+TZA+UGA),2009,5,broad_money,2014,chronos,20.9269794142477,2.5027011549703566
ZMB-fed(KEN+TZA+UGA),2009,5,broad_money,2014,xgb_blind,20.9269794142477,2.7097133314840285
ZMB-fed(KEN+TZA+UGA),2009,5,broad_money,2014,xgb_lag,20.9269794142477,2.9092893481256183
ZMB-fed(KEN+TZA+UGA),2009,5,broad_money,2014,xgb_typed,20.9269794142477,2.9092893481256183
ZMB-fed(KEN+TZA+UGA),2009,5,broad_money,2014,lgbm_blind,20.9269794142477,3.2716394102804145
ZMB-fed(KEN+TZA+UGA),2009,5,broad_money,2014,lgbm_lag,20.9269794142477,2.9092893481256183
ZMB-fed(KEN+TZA+UGA),2009,5,broad_money,2014,lgbm_typed,20.9269794142477,2.9092893481256183
ZMB-fed(KEN+TZA+UGA),2009,5,broad_money,2014,tft,20.9269794142477,2.9143527662984816
ZMB-fed(KEN+TZA+UGA),2009,5,broad_money,2014,tgcn,20.9269794142477,
ZMB-fed(KEN+TZA+UGA),2009,5,broad_money,2014,persistence_scarcity,20.9269794142477,3.0896140950993995
ZMB-fed(KEN+TZA+UGA),2009,5,broad_money,2014,chronos_scarcity,20.9269794142477,2.5027011549703566
ZMB-fed(KEN+TZA+UGA),2009,5,broad_money,2014,gnn_scarcity,20.9269794142477,2.8535827315084425
ZMB-fed(KEN+TZA+UGA),2009,1,private_credit,2010,persistence,13.6929591153621,0.0
ZMB-fed(KEN+TZA+UGA),2009,1,private_credit,2010,arima,13.6929591153621,0.0
ZMB-fed(KEN+TZA+UGA),2009,1,private_credit,2010,chronos,13.6929591153621,0.040153786992959795
ZMB-fed(KEN+TZA+UGA),2009,1,private_credit,2010,xgb_blind,13.6929591153621,2.835749910445884e-07
ZMB-fed(KEN+TZA+UGA),2009,1,private_credit,2010,xgb_lag,13.6929591153621,2.835749910445884e-07
ZMB-fed(KEN+TZA+UGA),2009,1,private_credit,2010,xgb_typed,13.6929591153621,2.835749910445884e-07
ZMB-fed(KEN+TZA+UGA),2009,1,private_credit,2010,lgbm_blind,13.6929591153621,2.835749910445884e-07
ZMB-fed(KEN+TZA+UGA),2009,1,private_credit,2010,lgbm_lag,13.6929591153621,2.835749910445884e-07
ZMB-fed(KEN+TZA+UGA),2009,1,private_credit,2010,lgbm_typed,13.6929591153621,2.835749910445884e-07
ZMB-fed(KEN+TZA+UGA),2009,1,private_credit,2010,tft,13.6929591153621,0.06236486182206136
ZMB-fed(KEN+TZA+UGA),2009,1,private_credit,2010,tgcn,13.6929591153621,
ZMB-fed(KEN+TZA+UGA),2009,1,private_credit,2010,persistence_scarcity,13.6929591153621,0.0
ZMB-fed(KEN+TZA+UGA),2009,1,private_credit,2010,chronos_scarcity,13.6929591153621,0.0
ZMB-fed(KEN+TZA+UGA),2009,1,private_credit,2010,gnn_scarcity,13.6929591153621,2.835749910445884e-07
ZMB-fed(KEN+TZA+UGA),2009,3,private_credit,2012,persistence,15.8590190469567,2.1660599315945994
ZMB-fed(KEN+TZA+UGA),2009,3,private_credit,2012,arima,15.8590190469567,2.1660599315945994
ZMB-fed(KEN+TZA+UGA),2009,3,private_credit,2012,chronos,15.8590190469567,2.206213718587559
ZMB-fed(KEN+TZA+UGA),2009,3,private_credit,2012,xgb_blind,15.8590190469567,2.1660602151695905
ZMB-fed(KEN+TZA+UGA),2009,3,private_credit,2012,xgb_lag,15.8590190469567,2.1660602151695905
ZMB-fed(KEN+TZA+UGA),2009,3,private_credit,2012,xgb_typed,15.8590190469567,2.1660602151695905
ZMB-fed(KEN+TZA+UGA),2009,3,private_credit,2012,lgbm_blind,15.8590190469567,2.1660602151695905
ZMB-fed(KEN+TZA+UGA),2009,3,private_credit,2012,lgbm_lag,15.8590190469567,2.1660602151695905
ZMB-fed(KEN+TZA+UGA),2009,3,private_credit,2012,lgbm_typed,15.8590190469567,2.1660602151695905
ZMB-fed(KEN+TZA+UGA),2009,3,private_credit,2012,tft,15.8590190469567,2.242224460775059
ZMB-fed(KEN+TZA+UGA),2009,3,private_credit,2012,tgcn,15.8590190469567,
ZMB-fed(KEN+TZA+UGA),2009,3,private_credit,2012,persistence_scarcity,15.8590190469567,2.1660599315945994
ZMB-fed(KEN+TZA+UGA),2009,3,private_credit,2012,chronos_scarcity,15.8590190469567,2.1660599315945994
ZMB-fed(KEN+TZA+UGA),2009,3,private_credit,2012,gnn_scarcity,15.8590190469567,2.1660602151695905
ZMB-fed(KEN+TZA+UGA),2009,5,private_credit,2014,persistence,17.0881246939801,3.3951655786179984
ZMB-fed(KEN+TZA+UGA),2009,5,private_credit,2014,arima,17.0881246939801,3.3951655786179984
ZMB-fed(KEN+TZA+UGA),2009,5,private_credit,2014,chronos,17.0881246939801,3.435319365610958
ZMB-fed(KEN+TZA+UGA),2009,5,private_credit,2014,xgb_blind,17.0881246939801,3.3951658621929894
ZMB-fed(KEN+TZA+UGA),2009,5,private_credit,2014,xgb_lag,17.0881246939801,3.3951658621929894
ZMB-fed(KEN+TZA+UGA),2009,5,private_credit,2014,xgb_typed,17.0881246939801,3.3951658621929894
ZMB-fed(KEN+TZA+UGA),2009,5,private_credit,2014,lgbm_blind,17.0881246939801,3.3951658621929894
ZMB-fed(KEN+TZA+UGA),2009,5,private_credit,2014,lgbm_lag,17.0881246939801,3.3951658621929894
ZMB-fed(KEN+TZA+UGA),2009,5,private_credit,2014,lgbm_typed,17.0881246939801,3.3951658621929894
ZMB-fed(KEN+TZA+UGA),2009,5,private_credit,2014,tft,17.0881246939801,3.469606818308712
ZMB-fed(KEN+TZA+UGA),2009,5,private_credit,2014,tgcn,17.0881246939801,
ZMB-fed(KEN+TZA+UGA),2009,5,private_credit,2014,persistence_scarcity,17.0881246939801,3.3951655786179984
ZMB-fed(KEN+TZA+UGA),2009,5,private_credit,2014,chronos_scarcity,17.0881246939801,3.3951655786179984
ZMB-fed(KEN+TZA+UGA),2009,5,private_credit,2014,gnn_scarcity,17.0881246939801,3.3951658621929894
ZMB-fed(KEN+TZA+UGA),2009,1,govt_consumption,2010,persistence,8.65362421922944,0.0
ZMB-fed(KEN+TZA+UGA),2009,1,govt_consumption,2010,arima,8.65362421922944,0.0
ZMB-fed(KEN+TZA+UGA),2009,1,govt_consumption,2010,chronos,8.65362421922944,0.025376958182077303
ZMB-fed(KEN+TZA+UGA),2009,1,govt_consumption,2010,xgb_blind,8.65362421922944,3.153774930098052e-07
ZMB-fed(KEN+TZA+UGA),2009,1,govt_consumption,2010,xgb_lag,8.65362421922944,0.0
ZMB-fed(KEN+TZA+UGA),2009,1,govt_consumption,2010,xgb_typed,8.65362421922944,0.0
ZMB-fed(KEN+TZA+UGA),2009,1,govt_consumption,2010,lgbm_blind,8.65362421922944,3.153774930098052e-07
ZMB-fed(KEN+TZA+UGA),2009,1,govt_consumption,2010,lgbm_lag,8.65362421922944,0.0
ZMB-fed(KEN+TZA+UGA),2009,1,govt_consumption,2010,lgbm_typed,8.65362421922944,0.0
ZMB-fed(KEN+TZA+UGA),2009,1,govt_consumption,2010,tft,8.65362421922944,0.0623642628695773
ZMB-fed(KEN+TZA+UGA),2009,1,govt_consumption,2010,tgcn,8.65362421922944,
ZMB-fed(KEN+TZA+UGA),2009,1,govt_consumption,2010,persistence_scarcity,8.65362421922944,0.0
ZMB-fed(KEN+TZA+UGA),2009,1,govt_consumption,2010,chronos_scarcity,8.65362421922944,0.025376958182077303
ZMB-fed(KEN+TZA+UGA),2009,1,govt_consumption,2010,gnn_scarcity,8.65362421922944,3.153774930098052e-07
ZMB-fed(KEN+TZA+UGA),2009,3,govt_consumption,2012,persistence,11.897397961769,3.2437737425395596
ZMB-fed(KEN+TZA+UGA),2009,3,govt_consumption,2012,arima,11.897397961769,3.2437737425395596
ZMB-fed(KEN+TZA+UGA),2009,3,govt_consumption,2012,chronos,11.897397961769,3.269150700721637
ZMB-fed(KEN+TZA+UGA),2009,3,govt_consumption,2012,xgb_blind,11.897397961769,3.2437734271620666
ZMB-fed(KEN+TZA+UGA),2009,3,govt_consumption,2012,xgb_lag,11.897397961769,3.2437737425395596
ZMB-fed(KEN+TZA+UGA),2009,3,govt_consumption,2012,xgb_typed,11.897397961769,3.2437737425395596
ZMB-fed(KEN+TZA+UGA),2009,3,govt_consumption,2012,lgbm_blind,11.897397961769,3.2437734271620666
ZMB-fed(KEN+TZA+UGA),2009,3,govt_consumption,2012,lgbm_lag,11.897397961769,3.2437737425395596
ZMB-fed(KEN+TZA+UGA),2009,3,govt_consumption,2012,lgbm_typed,11.897397961769,3.2437737425395596
ZMB-fed(KEN+TZA+UGA),2009,3,govt_consumption,2012,tft,11.897397961769,3.3199376727675354
ZMB-fed(KEN+TZA+UGA),2009,3,govt_consumption,2012,tgcn,11.897397961769,
ZMB-fed(KEN+TZA+UGA),2009,3,govt_consumption,2012,persistence_scarcity,11.897397961769,3.2437737425395596
ZMB-fed(KEN+TZA+UGA),2009,3,govt_consumption,2012,chronos_scarcity,11.897397961769,3.269150700721637
ZMB-fed(KEN+TZA+UGA),2009,3,govt_consumption,2012,gnn_scarcity,11.897397961769,3.2437734271620666
ZMB-fed(KEN+TZA+UGA),2009,5,govt_consumption,2014,persistence,14.5238685926023,5.870244373372859
ZMB-fed(KEN+TZA+UGA),2009,5,govt_consumption,2014,arima,14.5238685926023,5.870244373372859
ZMB-fed(KEN+TZA+UGA),2009,5,govt_consumption,2014,chronos,14.5238685926023,5.895621331554937
ZMB-fed(KEN+TZA+UGA),2009,5,govt_consumption,2014,xgb_blind,14.5238685926023,5.870244057995366
ZMB-fed(KEN+TZA+UGA),2009,5,govt_consumption,2014,xgb_lag,14.5238685926023,5.870244373372859
ZMB-fed(KEN+TZA+UGA),2009,5,govt_consumption,2014,xgb_typed,14.5238685926023,5.870244373372859
ZMB-fed(KEN+TZA+UGA),2009,5,govt_consumption,2014,lgbm_blind,14.5238685926023,5.870244057995366
ZMB-fed(KEN+TZA+UGA),2009,5,govt_consumption,2014,lgbm_lag,14.5238685926023,5.870244373372859
ZMB-fed(KEN+TZA+UGA),2009,5,govt_consumption,2014,lgbm_typed,14.5238685926023,5.870244373372859
ZMB-fed(KEN+TZA+UGA),2009,5,govt_consumption,2014,tft,14.5238685926023,5.944685014111089
ZMB-fed(KEN+TZA+UGA),2009,5,govt_consumption,2014,tgcn,14.5238685926023,
ZMB-fed(KEN+TZA+UGA),2009,5,govt_consumption,2014,persistence_scarcity,14.5238685926023,5.870244373372859
ZMB-fed(KEN+TZA+UGA),2009,5,govt_consumption,2014,chronos_scarcity,14.5238685926023,5.895621331554937
ZMB-fed(KEN+TZA+UGA),2009,5,govt_consumption,2014,gnn_scarcity,14.5238685926023,5.870244057995366
ZMB-fed(KEN+TZA+UGA),2010,1,gdp_growth,2011,persistence,5.56925219263019,4.728971131491111
ZMB-fed(KEN+TZA+UGA),2010,1,gdp_growth,2011,arima,5.56925219263019,4.109662629795858
ZMB-fed(KEN+TZA+UGA),2010,1,gdp_growth,2011,chronos,5.56925219263019,4.64980298315106
ZMB-fed(KEN+TZA+UGA),2010,1,gdp_growth,2011,xgb_blind,5.56925219263019,3.562409222469908
ZMB-fed(KEN+TZA+UGA),2010,1,gdp_growth,2011,xgb_lag,5.56925219263019,4.109662629795858
ZMB-fed(KEN+TZA+UGA),2010,1,gdp_growth,2011,xgb_typed,5.56925219263019,4.109662629795858
ZMB-fed(KEN+TZA+UGA),2010,1,gdp_growth,2011,lgbm_blind,5.56925219263019,0.9651914356562674
ZMB-fed(KEN+TZA+UGA),2010,1,gdp_growth,2011,lgbm_lag,5.56925219263019,4.109662629795858
ZMB-fed(KEN+TZA+UGA),2010,1,gdp_growth,2011,lgbm_typed,5.56925219263019,4.109662629795858
ZMB-fed(KEN+TZA+UGA),2010,1,gdp_growth,2011,tft,5.56925219263019,6.152484715328795
ZMB-fed(KEN+TZA+UGA),2010,1,gdp_growth,2011,tgcn,5.56925219263019,
ZMB-fed(KEN+TZA+UGA),2010,1,gdp_growth,2011,persistence_scarcity,5.56925219263019,4.728971131491111
ZMB-fed(KEN+TZA+UGA),2010,1,gdp_growth,2011,chronos_scarcity,5.56925219263019,4.64980298315106
ZMB-fed(KEN+TZA+UGA),2010,1,gdp_growth,2011,gnn_scarcity,5.56925219263019,1.3927256461519182
ZMB-fed(KEN+TZA+UGA),2010,3,gdp_growth,2013,persistence,5.05753695047252,5.2406863736487805
ZMB-fed(KEN+TZA+UGA),2010,3,gdp_growth,2013,arima,5.05753695047252,4.772761739786477
ZMB-fed(KEN+TZA+UGA),2010,3,gdp_growth,2013,chronos,5.05753695047252,4.484232077237441
ZMB-fed(KEN+TZA+UGA),2010,3,gdp_growth,2013,xgb_blind,5.05753695047252,3.146045813199355
ZMB-fed(KEN+TZA+UGA),2010,3,gdp_growth,2013,xgb_lag,5.05753695047252,4.772761739786477
ZMB-fed(KEN+TZA+UGA),2010,3,gdp_growth,2013,xgb_typed,5.05753695047252,4.772761739786477
ZMB-fed(KEN+TZA+UGA),2010,3,gdp_growth,2013,lgbm_blind,5.05753695047252,0.1562558686433304
ZMB-fed(KEN+TZA+UGA),2010,3,gdp_growth,2013,lgbm_lag,5.05753695047252,4.772761739786477
ZMB-fed(KEN+TZA+UGA),2010,3,gdp_growth,2013,lgbm_typed,5.05753695047252,4.772761739786477
ZMB-fed(KEN+TZA+UGA),2010,3,gdp_growth,2013,tft,5.05753695047252,7.934280523892714
ZMB-fed(KEN+TZA+UGA),2010,3,gdp_growth,2013,tgcn,5.05753695047252,
ZMB-fed(KEN+TZA+UGA),2010,3,gdp_growth,2013,persistence_scarcity,5.05753695047252,5.2406863736487805
ZMB-fed(KEN+TZA+UGA),2010,3,gdp_growth,2013,chronos_scarcity,5.05753695047252,4.484232077237441
ZMB-fed(KEN+TZA+UGA),2010,3,gdp_growth,2013,gnn_scarcity,5.05753695047252,0.3456715253626568
ZMB-fed(KEN+TZA+UGA),2010,5,gdp_growth,2015,persistence,2.92037511217961,7.377848211941691
ZMB-fed(KEN+TZA+UGA),2010,5,gdp_growth,2015,arima,2.92037511217961,6.959899055158569
ZMB-fed(KEN+TZA+UGA),2010,5,gdp_growth,2015,chronos,2.92037511217961,6.760836359378008
ZMB-fed(KEN+TZA+UGA),2010,5,gdp_growth,2015,xgb_blind,2.92037511217961,6.30357622754207
ZMB-fed(KEN+TZA+UGA),2010,5,gdp_growth,2015,xgb_lag,2.92037511217961,6.959899055158569
ZMB-fed(KEN+TZA+UGA),2010,5,gdp_growth,2015,xgb_typed,2.92037511217961,6.959899055158569
ZMB-fed(KEN+TZA+UGA),2010,5,gdp_growth,2015,lgbm_blind,2.92037511217961,3.0594022742324145
ZMB-fed(KEN+TZA+UGA),2010,5,gdp_growth,2015,lgbm_lag,2.92037511217961,6.959899055158569
ZMB-fed(KEN+TZA+UGA),2010,5,gdp_growth,2015,lgbm_typed,2.92037511217961,6.959899055158569
ZMB-fed(KEN+TZA+UGA),2010,5,gdp_growth,2015,tft,2.92037511217961,10.497795816775469
ZMB-fed(KEN+TZA+UGA),2010,5,gdp_growth,2015,tgcn,2.92037511217961,
ZMB-fed(KEN+TZA+UGA),2010,5,gdp_growth,2015,persistence_scarcity,2.92037511217961,7.377848211941691
ZMB-fed(KEN+TZA+UGA),2010,5,gdp_growth,2015,chronos_scarcity,2.92037511217961,6.760836359378008
ZMB-fed(KEN+TZA+UGA),2010,5,gdp_growth,2015,gnn_scarcity,2.92037511217961,1.9940578902923138
ZMB-fed(KEN+TZA+UGA),2010,1,inflation_cpi,2011,persistence,6.4293968107234,2.0723645229292504
ZMB-fed(KEN+TZA+UGA),2010,1,inflation_cpi,2011,arima,6.4293968107234,1.9701757056301794
ZMB-fed(KEN+TZA+UGA),2010,1,inflation_cpi,2011,chronos,6.4293968107234,2.133098420905018
ZMB-fed(KEN+TZA+UGA),2010,1,inflation_cpi,2011,xgb_blind,6.4293968107234,4.544767198370838
ZMB-fed(KEN+TZA+UGA),2010,1,inflation_cpi,2011,xgb_lag,6.4293968107234,1.9701757056301794
ZMB-fed(KEN+TZA+UGA),2010,1,inflation_cpi,2011,xgb_typed,6.4293968107234,1.9701757056301794
ZMB-fed(KEN+TZA+UGA),2010,1,inflation_cpi,2011,lgbm_blind,6.4293968107234,35.38563538532152
ZMB-fed(KEN+TZA+UGA),2010,1,inflation_cpi,2011,lgbm_lag,6.4293968107234,1.9701757056301794
ZMB-fed(KEN+TZA+UGA),2010,1,inflation_cpi,2011,lgbm_typed,6.4293968107234,1.9701757056301794
ZMB-fed(KEN+TZA+UGA),2010,1,inflation_cpi,2011,tft,6.4293968107234,1.3742421243657112
ZMB-fed(KEN+TZA+UGA),2010,1,inflation_cpi,2011,tgcn,6.4293968107234,
ZMB-fed(KEN+TZA+UGA),2010,1,inflation_cpi,2011,persistence_scarcity,6.4293968107234,2.0723645229292504
ZMB-fed(KEN+TZA+UGA),2010,1,inflation_cpi,2011,chronos_scarcity,6.4293968107234,2.133098420905018
ZMB-fed(KEN+TZA+UGA),2010,1,inflation_cpi,2011,gnn_scarcity,6.4293968107234,36.41115265827074
ZMB-fed(KEN+TZA+UGA),2010,3,inflation_cpi,2013,persistence,6.97767605490307,1.5240852787495802
ZMB-fed(KEN+TZA+UGA),2010,3,inflation_cpi,2013,arima,6.97767605490307,1.4197179314479156
ZMB-fed(KEN+TZA+UGA),2010,3,inflation_cpi,2013,chronos,6.97767605490307,6.524742463163336
ZMB-fed(KEN+TZA+UGA),2010,3,inflation_cpi,2013,xgb_blind,6.97767605490307,85.38772616677662
ZMB-fed(KEN+TZA+UGA),2010,3,inflation_cpi,2013,xgb_lag,6.97767605490307,1.4197179314479156
ZMB-fed(KEN+TZA+UGA),2010,3,inflation_cpi,2013,xgb_typed,6.97767605490307,1.4197179314479156
ZMB-fed(KEN+TZA+UGA),2010,3,inflation_cpi,2013,lgbm_blind,6.97767605490307,24.85297893709454
ZMB-fed(KEN+TZA+UGA),2010,3,inflation_cpi,2013,lgbm_lag,6.97767605490307,1.4197179314479156
ZMB-fed(KEN+TZA+UGA),2010,3,inflation_cpi,2013,lgbm_typed,6.97767605490307,1.4197179314479156
ZMB-fed(KEN+TZA+UGA),2010,3,inflation_cpi,2013,tft,6.97767605490307,0.9281219034709531
ZMB-fed(KEN+TZA+UGA),2010,3,inflation_cpi,2013,tgcn,6.97767605490307,
ZMB-fed(KEN+TZA+UGA),2010,3,inflation_cpi,2013,persistence_scarcity,6.97767605490307,1.5240852787495802
ZMB-fed(KEN+TZA+UGA),2010,3,inflation_cpi,2013,chronos_scarcity,6.97767605490307,6.524742463163336
ZMB-fed(KEN+TZA+UGA),2010,3,inflation_cpi,2013,gnn_scarcity,6.97767605490307,41.86832461648365
ZMB-fed(KEN+TZA+UGA),2010,5,inflation_cpi,2015,persistence,10.1105928909618,1.6088315573091503
ZMB-fed(KEN+TZA+UGA),2010,5,inflation_cpi,2015,arima,10.1105928909618,1.7131998546298242
ZMB-fed(KEN+TZA+UGA),2010,5,inflation_cpi,2015,chronos,10.1105928909618,4.37978453518566
ZMB-fed(KEN+TZA+UGA),2010,5,inflation_cpi,2015,xgb_blind,10.1105928909618,5.264975498930777
ZMB-fed(KEN+TZA+UGA),2010,5,inflation_cpi,2015,xgb_lag,10.1105928909618,1.7131998546298242
ZMB-fed(KEN+TZA+UGA),2010,5,inflation_cpi,2015,xgb_typed,10.1105928909618,1.7131998546298242
ZMB-fed(KEN+TZA+UGA),2010,5,inflation_cpi,2015,lgbm_blind,10.1105928909618,10.82930869938549
ZMB-fed(KEN+TZA+UGA),2010,5,inflation_cpi,2015,lgbm_lag,10.1105928909618,1.7131998546298242
ZMB-fed(KEN+TZA+UGA),2010,5,inflation_cpi,2015,lgbm_typed,10.1105928909618,1.7131998546298242
ZMB-fed(KEN+TZA+UGA),2010,5,inflation_cpi,2015,tft,10.1105928909618,2.200145770295297
ZMB-fed(KEN+TZA+UGA),2010,5,inflation_cpi,2015,tgcn,10.1105928909618,
ZMB-fed(KEN+TZA+UGA),2010,5,inflation_cpi,2015,persistence_scarcity,10.1105928909618,1.6088315573091503
ZMB-fed(KEN+TZA+UGA),2010,5,inflation_cpi,2015,chronos_scarcity,10.1105928909618,4.37978453518566
ZMB-fed(KEN+TZA+UGA),2010,5,inflation_cpi,2015,gnn_scarcity,10.1105928909618,41.0078153121632
ZMB-fed(KEN+TZA+UGA),2010,1,unemployment,2011,persistence,10.548,2.6419999999999995
ZMB-fed(KEN+TZA+UGA),2010,1,unemployment,2011,arima,10.548,4.013765251531863
ZMB-fed(KEN+TZA+UGA),2010,1,unemployment,2011,chronos,10.548,4.859766342163086
ZMB-fed(KEN+TZA+UGA),2010,1,unemployment,2011,xgb_blind,10.548,0.33265366363525395
ZMB-fed(KEN+TZA+UGA),2010,1,unemployment,2011,xgb_lag,10.548,4.013765251531863
ZMB-fed(KEN+TZA+UGA),2010,1,unemployment,2011,xgb_typed,10.548,4.013765251531863
ZMB-fed(KEN+TZA+UGA),2010,1,unemployment,2011,lgbm_blind,10.548,3.884699990272521
ZMB-fed(KEN+TZA+UGA),2010,1,unemployment,2011,lgbm_lag,10.548,4.013765251531863
ZMB-fed(KEN+TZA+UGA),2010,1,unemployment,2011,lgbm_typed,10.548,4.013765251531863
ZMB-fed(KEN+TZA+UGA),2010,1,unemployment,2011,tft,10.548,0.2469304580688476
ZMB-fed(KEN+TZA+UGA),2010,1,unemployment,2011,tgcn,10.548,
ZMB-fed(KEN+TZA+UGA),2010,1,unemployment,2011,persistence_scarcity,10.548,2.6419999999999995
ZMB-fed(KEN+TZA+UGA),2010,1,unemployment,2011,chronos_scarcity,10.548,4.859766342163086
ZMB-fed(KEN+TZA+UGA),2010,1,unemployment,2011,gnn_scarcity,10.548,3.9638837356567382
ZMB-fed(KEN+TZA+UGA),2010,3,unemployment,2013,persistence,7.272,5.917999999999999
ZMB-fed(KEN+TZA+UGA),2010,3,unemployment,2013,arima,7.272,8.39137012602873
ZMB-fed(KEN+TZA+UGA),2010,3,unemployment,2013,chronos,7.272,10.014754608154297
ZMB-fed(KEN+TZA+UGA),2010,3,unemployment,2013,xgb_blind,7.272,3.6481002120971677
ZMB-fed(KEN+TZA+UGA),2010,3,unemployment,2013,xgb_lag,7.272,8.39137012602873
ZMB-fed(KEN+TZA+UGA),2010,3,unemployment,2013,xgb_typed,7.272,8.39137012602873
ZMB-fed(KEN+TZA+UGA),2010,3,unemployment,2013,lgbm_blind,7.272,6.62722218852573
ZMB-fed(KEN+TZA+UGA),2010,3,unemployment,2013,lgbm_lag,7.272,8.39137012602873
ZMB-fed(KEN+TZA+UGA),2010,3,unemployment,2013,lgbm_typed,7.272,8.39137012602873
ZMB-fed(KEN+TZA+UGA),2010,3,unemployment,2013,tft,7.272,3.523302391052246
ZMB-fed(KEN+TZA+UGA),2010,3,unemployment,2013,tgcn,7.272,
ZMB-fed(KEN+TZA+UGA),2010,3,unemployment,2013,persistence_scarcity,7.272,5.917999999999999
ZMB-fed(KEN+TZA+UGA),2010,3,unemployment,2013,chronos_scarcity,7.272,10.014754608154297
ZMB-fed(KEN+TZA+UGA),2010,3,unemployment,2013,gnn_scarcity,7.272,7.625520065307617
ZMB-fed(KEN+TZA+UGA),2010,5,unemployment,2015,persistence,5.951,7.239
ZMB-fed(KEN+TZA+UGA),2010,5,unemployment,2015,arima,5.951,10.017372613684426
ZMB-fed(KEN+TZA+UGA),2010,5,unemployment,2015,chronos,5.951,11.228391860961914
ZMB-fed(KEN+TZA+UGA),2010,5,unemployment,2015,xgb_blind,5.951,6.975609992980957
ZMB-fed(KEN+TZA+UGA),2010,5,unemployment,2015,xgb_lag,5.951,10.017372613684426
ZMB-fed(KEN+TZA+UGA),2010,5,unemployment,2015,xgb_typed,5.951,10.017372613684426
ZMB-fed(KEN+TZA+UGA),2010,5,unemployment,2015,lgbm_blind,5.951,7.286312465906144
ZMB-fed(KEN+TZA+UGA),2010,5,unemployment,2015,lgbm_lag,5.951,10.017372613684426
ZMB-fed(KEN+TZA+UGA),2010,5,unemployment,2015,lgbm_typed,5.951,10.017372613684426
ZMB-fed(KEN+TZA+UGA),2010,5,unemployment,2015,tft,5.951,4.8439409484863285
ZMB-fed(KEN+TZA+UGA),2010,5,unemployment,2015,tgcn,5.951,
ZMB-fed(KEN+TZA+UGA),2010,5,unemployment,2015,persistence_scarcity,5.951,7.239
ZMB-fed(KEN+TZA+UGA),2010,5,unemployment,2015,chronos_scarcity,5.951,11.228391860961914
ZMB-fed(KEN+TZA+UGA),2010,5,unemployment,2015,gnn_scarcity,5.951,9.092441772460937
ZMB-fed(KEN+TZA+UGA),2010,1,exports_gdp,2011,persistence,40.4712226732921,3.445289366079699
ZMB-fed(KEN+TZA+UGA),2010,1,exports_gdp,2011,arima,40.4712226732921,5.446228781997142
ZMB-fed(KEN+TZA+UGA),2010,1,exports_gdp,2011,chronos,40.4712226732921,5.250405107374128
ZMB-fed(KEN+TZA+UGA),2010,1,exports_gdp,2011,xgb_blind,40.4712226732921,6.186234269971784
ZMB-fed(KEN+TZA+UGA),2010,1,exports_gdp,2011,xgb_lag,40.4712226732921,5.446228781997142
ZMB-fed(KEN+TZA+UGA),2010,1,exports_gdp,2011,xgb_typed,40.4712226732921,5.446228781997142
ZMB-fed(KEN+TZA+UGA),2010,1,exports_gdp,2011,lgbm_blind,40.4712226732921,10.591718088025985
ZMB-fed(KEN+TZA+UGA),2010,1,exports_gdp,2011,lgbm_lag,40.4712226732921,5.446228781997142
ZMB-fed(KEN+TZA+UGA),2010,1,exports_gdp,2011,lgbm_typed,40.4712226732921,5.446228781997142
ZMB-fed(KEN+TZA+UGA),2010,1,exports_gdp,2011,tft,40.4712226732921,8.08116224848741
ZMB-fed(KEN+TZA+UGA),2010,1,exports_gdp,2011,tgcn,40.4712226732921,
ZMB-fed(KEN+TZA+UGA),2010,1,exports_gdp,2011,persistence_scarcity,40.4712226732921,3.445289366079699
ZMB-fed(KEN+TZA+UGA),2010,1,exports_gdp,2011,chronos_scarcity,40.4712226732921,5.250405107374128
ZMB-fed(KEN+TZA+UGA),2010,1,exports_gdp,2011,gnn_scarcity,40.4712226732921,10.60124281489366
ZMB-fed(KEN+TZA+UGA),2010,3,exports_gdp,2013,persistence,40.4827166938697,3.4567833866572997
ZMB-fed(KEN+TZA+UGA),2010,3,exports_gdp,2013,arima,40.4827166938697,5.075293845646499
ZMB-fed(KEN+TZA+UGA),2010,3,exports_gdp,2013,chronos,40.4827166938697,4.711583271018135
ZMB-fed(KEN+TZA+UGA),2010,3,exports_gdp,2013,xgb_blind,40.4827166938697,6.801015033713448
ZMB-fed(KEN+TZA+UGA),2010,3,exports_gdp,2013,xgb_lag,40.4827166938697,5.075293845646499
ZMB-fed(KEN+TZA+UGA),2010,3,exports_gdp,2013,xgb_typed,40.4827166938697,5.075293845646499
ZMB-fed(KEN+TZA+UGA),2010,3,exports_gdp,2013,lgbm_blind,40.4827166938697,10.944422007658218
ZMB-fed(KEN+TZA+UGA),2010,3,exports_gdp,2013,lgbm_lag,40.4827166938697,5.075293845646499
ZMB-fed(KEN+TZA+UGA),2010,3,exports_gdp,2013,lgbm_typed,40.4827166938697,5.075293845646499
ZMB-fed(KEN+TZA+UGA),2010,3,exports_gdp,2013,tft,40.4827166938697,7.948258533469307
ZMB-fed(KEN+TZA+UGA),2010,3,exports_gdp,2013,tgcn,40.4827166938697,
ZMB-fed(KEN+TZA+UGA),2010,3,exports_gdp,2013,persistence_scarcity,40.4827166938697,3.4567833866572997
ZMB-fed(KEN+TZA+UGA),2010,3,exports_gdp,2013,chronos_scarcity,40.4827166938697,4.711583271018135
ZMB-fed(KEN+TZA+UGA),2010,3,exports_gdp,2013,gnn_scarcity,40.4827166938697,10.16294778823005
ZMB-fed(KEN+TZA+UGA),2010,5,exports_gdp,2015,persistence,37.1385258014734,0.11259249426100126
ZMB-fed(KEN+TZA+UGA),2010,5,exports_gdp,2015,arima,37.1385258014734,1.7057735450768803
ZMB-fed(KEN+TZA+UGA),2010,5,exports_gdp,2015,chronos,37.1385258014734,2.4680393512780867
ZMB-fed(KEN+TZA+UGA),2010,5,exports_gdp,2015,xgb_blind,37.1385258014734,4.268957930379649
ZMB-fed(KEN+TZA+UGA),2010,5,exports_gdp,2015,xgb_lag,37.1385258014734,1.7057735450768803
ZMB-fed(KEN+TZA+UGA),2010,5,exports_gdp,2015,xgb_typed,37.1385258014734,1.7057735450768803
ZMB-fed(KEN+TZA+UGA),2010,5,exports_gdp,2015,lgbm_blind,37.1385258014734,8.02674348908021
ZMB-fed(KEN+TZA+UGA),2010,5,exports_gdp,2015,lgbm_lag,37.1385258014734,1.7057735450768803
ZMB-fed(KEN+TZA+UGA),2010,5,exports_gdp,2015,lgbm_typed,37.1385258014734,1.7057735450768803
ZMB-fed(KEN+TZA+UGA),2010,5,exports_gdp,2015,tft,37.1385258014734,4.616453963094493
ZMB-fed(KEN+TZA+UGA),2010,5,exports_gdp,2015,tgcn,37.1385258014734,
ZMB-fed(KEN+TZA+UGA),2010,5,exports_gdp,2015,persistence_scarcity,37.1385258014734,0.11259249426100126
ZMB-fed(KEN+TZA+UGA),2010,5,exports_gdp,2015,chronos_scarcity,37.1385258014734,2.4680393512780867
ZMB-fed(KEN+TZA+UGA),2010,5,exports_gdp,2015,gnn_scarcity,37.1385258014734,6.648560362630626
ZMB-fed(KEN+TZA+UGA),2010,1,imports_gdp,2011,persistence,32.3242097651362,4.335440551736404
ZMB-fed(KEN+TZA+UGA),2010,1,imports_gdp,2011,arima,32.3242097651362,4.410839397690626
ZMB-fed(KEN+TZA+UGA),2010,1,imports_gdp,2011,chronos,32.3242097651362,5.092693880736789
ZMB-fed(KEN+TZA+UGA),2010,1,imports_gdp,2011,xgb_blind,32.3242097651362,0.7272840296625702
ZMB-fed(KEN+TZA+UGA),2010,1,imports_gdp,2011,xgb_lag,32.3242097651362,4.410839397690626
ZMB-fed(KEN+TZA+UGA),2010,1,imports_gdp,2011,xgb_typed,32.3242097651362,4.410839397690626
ZMB-fed(KEN+TZA+UGA),2010,1,imports_gdp,2011,lgbm_blind,32.3242097651362,0.9692374432683408
ZMB-fed(KEN+TZA+UGA),2010,1,imports_gdp,2011,lgbm_lag,32.3242097651362,4.410839397690626
ZMB-fed(KEN+TZA+UGA),2010,1,imports_gdp,2011,lgbm_typed,32.3242097651362,4.410839397690626
ZMB-fed(KEN+TZA+UGA),2010,1,imports_gdp,2011,tft,32.3242097651362,4.342846468627414
ZMB-fed(KEN+TZA+UGA),2010,1,imports_gdp,2011,tgcn,32.3242097651362,
ZMB-fed(KEN+TZA+UGA),2010,1,imports_gdp,2011,persistence_scarcity,32.3242097651362,4.335440551736404
ZMB-fed(KEN+TZA+UGA),2010,1,imports_gdp,2011,chronos_scarcity,32.3242097651362,5.092693880736789
ZMB-fed(KEN+TZA+UGA),2010,1,imports_gdp,2011,gnn_scarcity,32.3242097651362,0.838174268066922
ZMB-fed(KEN+TZA+UGA),2010,3,imports_gdp,2013,persistence,39.9735243274676,11.984755114067802
ZMB-fed(KEN+TZA+UGA),2010,3,imports_gdp,2013,arima,39.9735243274676,12.055413451417849
ZMB-fed(KEN+TZA+UGA),2010,3,imports_gdp,2013,chronos,39.9735243274676,10.177599187086741
ZMB-fed(KEN+TZA+UGA),2010,3,imports_gdp,2013,xgb_blind,39.9735243274676,11.934717412184398
ZMB-fed(KEN+TZA+UGA),2010,3,imports_gdp,2013,xgb_lag,39.9735243274676,12.055413451417849
ZMB-fed(KEN+TZA+UGA),2010,3,imports_gdp,2013,xgb_typed,39.9735243274676,12.055413451417849
ZMB-fed(KEN+TZA+UGA),2010,3,imports_gdp,2013,lgbm_blind,39.9735243274676,6.725271776706698
ZMB-fed(KEN+TZA+UGA),2010,3,imports_gdp,2013,lgbm_lag,39.9735243274676,12.055413451417849
ZMB-fed(KEN+TZA+UGA),2010,3,imports_gdp,2013,lgbm_typed,39.9735243274676,12.055413451417849
ZMB-fed(KEN+TZA+UGA),2010,3,imports_gdp,2013,tft,39.9735243274676,11.991737599562327
ZMB-fed(KEN+TZA+UGA),2010,3,imports_gdp,2013,tgcn,39.9735243274676,
ZMB-fed(KEN+TZA+UGA),2010,3,imports_gdp,2013,persistence_scarcity,39.9735243274676,11.984755114067802
ZMB-fed(KEN+TZA+UGA),2010,3,imports_gdp,2013,chronos_scarcity,39.9735243274676,10.177599187086741
ZMB-fed(KEN+TZA+UGA),2010,3,imports_gdp,2013,gnn_scarcity,39.9735243274676,6.37674927253596
ZMB-fed(KEN+TZA+UGA),2010,5,imports_gdp,2015,persistence,42.7267429559224,14.737973742522598
ZMB-fed(KEN+TZA+UGA),2010,5,imports_gdp,2015,arima,42.7267429559224,14.808610533659628
ZMB-fed(KEN+TZA+UGA),2010,5,imports_gdp,2015,chronos,42.7267429559224,12.930834981679233
ZMB-fed(KEN+TZA+UGA),2010,5,imports_gdp,2015,xgb_blind,42.7267429559224,15.763900014638217
ZMB-fed(KEN+TZA+UGA),2010,5,imports_gdp,2015,xgb_lag,42.7267429559224,14.808610533659628
ZMB-fed(KEN+TZA+UGA),2010,5,imports_gdp,2015,xgb_typed,42.7267429559224,14.808610533659628
ZMB-fed(KEN+TZA+UGA),2010,5,imports_gdp,2015,lgbm_blind,42.7267429559224,9.534983727216037
ZMB-fed(KEN+TZA+UGA),2010,5,imports_gdp,2015,lgbm_lag,42.7267429559224,14.808610533659628
ZMB-fed(KEN+TZA+UGA),2010,5,imports_gdp,2015,lgbm_typed,42.7267429559224,14.808610533659628
ZMB-fed(KEN+TZA+UGA),2010,5,imports_gdp,2015,tft,42.7267429559224,14.743863317250522
ZMB-fed(KEN+TZA+UGA),2010,5,imports_gdp,2015,tgcn,42.7267429559224,
ZMB-fed(KEN+TZA+UGA),2010,5,imports_gdp,2015,persistence_scarcity,42.7267429559224,14.737973742522598
ZMB-fed(KEN+TZA+UGA),2010,5,imports_gdp,2015,chronos_scarcity,42.7267429559224,12.930834981679233
ZMB-fed(KEN+TZA+UGA),2010,5,imports_gdp,2015,gnn_scarcity,42.7267429559224,8.96559641051224
ZMB-fed(KEN+TZA+UGA),2010,1,current_account,2011,persistence,4.65823655766585,2.86725491885501
ZMB-fed(KEN+TZA+UGA),2010,1,current_account,2011,arima,4.65823655766585,2.5440788408971295
ZMB-fed(KEN+TZA+UGA),2010,1,current_account,2011,chronos,4.65823655766585,0.8413386885557426
ZMB-fed(KEN+TZA+UGA),2010,1,current_account,2011,xgb_blind,4.65823655766585,6.995455557528521
ZMB-fed(KEN+TZA+UGA),2010,1,current_account,2011,xgb_lag,4.65823655766585,2.5440788408971295
ZMB-fed(KEN+TZA+UGA),2010,1,current_account,2011,xgb_typed,4.65823655766585,2.5440788408971295
ZMB-fed(KEN+TZA+UGA),2010,1,current_account,2011,lgbm_blind,4.65823655766585,12.065353054228808
ZMB-fed(KEN+TZA+UGA),2010,1,current_account,2011,lgbm_lag,4.65823655766585,2.5440788408971295
ZMB-fed(KEN+TZA+UGA),2010,1,current_account,2011,lgbm_typed,4.65823655766585,2.5440788408971295
ZMB-fed(KEN+TZA+UGA),2010,1,current_account,2011,tft,4.65823655766585,3.7718419488038766
ZMB-fed(KEN+TZA+UGA),2010,1,current_account,2011,tgcn,4.65823655766585,
ZMB-fed(KEN+TZA+UGA),2010,1,current_account,2011,persistence_scarcity,4.65823655766585,2.86725491885501
ZMB-fed(KEN+TZA+UGA),2010,1,current_account,2011,chronos_scarcity,4.65823655766585,0.8413386885557426
ZMB-fed(KEN+TZA+UGA),2010,1,current_account,2011,gnn_scarcity,4.65823655766585,12.891121918383623
ZMB-fed(KEN+TZA+UGA),2010,3,current_account,2013,persistence,-0.575955750525117,8.101447227045977
ZMB-fed(KEN+TZA+UGA),2010,3,current_account,2013,arima,-0.575955750525117,7.8310502001619176
ZMB-fed(KEN+TZA+UGA),2010,3,current_account,2013,chronos,-0.575955750525117,0.6112996955515148
ZMB-fed(KEN+TZA+UGA),2010,3,current_account,2013,xgb_blind,-0.575955750525117,6.733296277105928
ZMB-fed(KEN+TZA+UGA),2010,3,current_account,2013,xgb_lag,-0.575955750525117,7.8310502001619176
ZMB-fed(KEN+TZA+UGA),2010,3,current_account,2013,xgb_typed,-0.575955750525117,7.8310502001619176
ZMB-fed(KEN+TZA+UGA),2010,3,current_account,2013,lgbm_blind,-0.575955750525117,6.648292380591114
ZMB-fed(KEN+TZA+UGA),2010,3,current_account,2013,lgbm_lag,-0.575955750525117,7.8310502001619176
ZMB-fed(KEN+TZA+UGA),2010,3,current_account,2013,lgbm_typed,-0.575955750525117,7.8310502001619176
ZMB-fed(KEN+TZA+UGA),2010,3,current_account,2013,tft,-0.575955750525117,14.050456406653046
ZMB-fed(KEN+TZA+UGA),2010,3,current_account,2013,tgcn,-0.575955750525117,
ZMB-fed(KEN+TZA+UGA),2010,3,current_account,2013,persistence_scarcity,-0.575955750525117,8.101447227045977
ZMB-fed(KEN+TZA+UGA),2010,3,current_account,2013,chronos_scarcity,-0.575955750525117,0.6112996955515148
ZMB-fed(KEN+TZA+UGA),2010,3,current_account,2013,gnn_scarcity,-0.575955750525117,6.739393828332305
ZMB-fed(KEN+TZA+UGA),2010,5,current_account,2015,persistence,-3.61227207947561,11.13776355599647
ZMB-fed(KEN+TZA+UGA),2010,5,current_account,2015,arima,-3.61227207947561,10.869597017343489
ZMB-fed(KEN+TZA+UGA),2010,5,current_account,2015,chronos,-3.61227207947561,3.5769281344492123
ZMB-fed(KEN+TZA+UGA),2010,5,current_account,2015,xgb_blind,-3.61227207947561,9.925273712166039
ZMB-fed(KEN+TZA+UGA),2010,5,current_account,2015,xgb_lag,-3.61227207947561,10.869597017343489
ZMB-fed(KEN+TZA+UGA),2010,5,current_account,2015,xgb_typed,-3.61227207947561,10.869597017343489
ZMB-fed(KEN+TZA+UGA),2010,5,current_account,2015,lgbm_blind,-3.61227207947561,3.383390594832213
ZMB-fed(KEN+TZA+UGA),2010,5,current_account,2015,lgbm_lag,-3.61227207947561,10.869597017343489
ZMB-fed(KEN+TZA+UGA),2010,5,current_account,2015,lgbm_typed,-3.61227207947561,10.869597017343489
ZMB-fed(KEN+TZA+UGA),2010,5,current_account,2015,tft,-3.61227207947561,19.29210835266897
ZMB-fed(KEN+TZA+UGA),2010,5,current_account,2015,tgcn,-3.61227207947561,
ZMB-fed(KEN+TZA+UGA),2010,5,current_account,2015,persistence_scarcity,-3.61227207947561,11.13776355599647
ZMB-fed(KEN+TZA+UGA),2010,5,current_account,2015,chronos_scarcity,-3.61227207947561,3.5769281344492123
ZMB-fed(KEN+TZA+UGA),2010,5,current_account,2015,gnn_scarcity,-3.61227207947561,3.3558904571454837
ZMB-fed(KEN+TZA+UGA),2010,1,real_interest_rate,2011,persistence,6.95655957659878,0.8436173649034702
ZMB-fed(KEN+TZA+UGA),2010,1,real_interest_rate,2011,arima,6.95655957659878,0.8551995064143165
ZMB-fed(KEN+TZA+UGA),2010,1,real_interest_rate,2011,chronos,6.95655957659878,0.26039067706264696
ZMB-fed(KEN+TZA+UGA),2010,1,real_interest_rate,2011,xgb_blind,6.95655957659878,0.23527391949497023
ZMB-fed(KEN+TZA+UGA),2010,1,real_interest_rate,2011,xgb_lag,6.95655957659878,0.8551995064143165
ZMB-fed(KEN+TZA+UGA),2010,1,real_interest_rate,2011,xgb_typed,6.95655957659878,0.8551995064143165
ZMB-fed(KEN+TZA+UGA),2010,1,real_interest_rate,2011,lgbm_blind,6.95655957659878,0.8553676982799931
ZMB-fed(KEN+TZA+UGA),2010,1,real_interest_rate,2011,lgbm_lag,6.95655957659878,0.8551995064143165
ZMB-fed(KEN+TZA+UGA),2010,1,real_interest_rate,2011,lgbm_typed,6.95655957659878,0.8551995064143165
ZMB-fed(KEN+TZA+UGA),2010,1,real_interest_rate,2011,tft,6.95655957659878,0.8385967393795415
ZMB-fed(KEN+TZA+UGA),2010,1,real_interest_rate,2011,tgcn,6.95655957659878,
ZMB-fed(KEN+TZA+UGA),2010,1,real_interest_rate,2011,persistence_scarcity,6.95655957659878,0.8436173649034702
ZMB-fed(KEN+TZA+UGA),2010,1,real_interest_rate,2011,chronos_scarcity,6.95655957659878,0.26039067706264696
ZMB-fed(KEN+TZA+UGA),2010,1,real_interest_rate,2011,gnn_scarcity,6.95655957659878,3.543854155151026
ZMB-fed(KEN+TZA+UGA),2010,3,real_interest_rate,2013,persistence,-0.191430038192798,6.304372249888107
ZMB-fed(KEN+TZA+UGA),2010,3,real_interest_rate,2013,arima,-0.191430038192798,7.754150327166153
ZMB-fed(KEN+TZA+UGA),2010,3,real_interest_rate,2013,chronos,-0.191430038192798,7.002063697555591
ZMB-fed(KEN+TZA+UGA),2010,3,real_interest_rate,2013,xgb_blind,-0.191430038192798,9.54072851536565
ZMB-fed(KEN+TZA+UGA),2010,3,real_interest_rate,2013,xgb_lag,-0.191430038192798,7.754150327166153
ZMB-fed(KEN+TZA+UGA),2010,3,real_interest_rate,2013,xgb_typed,-0.191430038192798,7.754150327166153
ZMB-fed(KEN+TZA+UGA),2010,3,real_interest_rate,2013,lgbm_blind,-0.191430038192798,10.72409515842358
ZMB-fed(KEN+TZA+UGA),2010,3,real_interest_rate,2013,lgbm_lag,-0.191430038192798,7.754150327166153
ZMB-fed(KEN+TZA+UGA),2010,3,real_interest_rate,2013,lgbm_typed,-0.191430038192798,7.754150327166153
ZMB-fed(KEN+TZA+UGA),2010,3,real_interest_rate,2013,tft,-0.191430038192798,6.3006452977448
ZMB-fed(KEN+TZA+UGA),2010,3,real_interest_rate,2013,tgcn,-0.191430038192798,
ZMB-fed(KEN+TZA+UGA),2010,3,real_interest_rate,2013,persistence_scarcity,-0.191430038192798,6.304372249888107
ZMB-fed(KEN+TZA+UGA),2010,3,real_interest_rate,2013,chronos_scarcity,-0.191430038192798,7.002063697555591
ZMB-fed(KEN+TZA+UGA),2010,3,real_interest_rate,2013,gnn_scarcity,-0.191430038192798,5.779267257431079
ZMB-fed(KEN+TZA+UGA),2010,5,real_interest_rate,2015,persistence,6.17921585248158,0.06627364078627007
ZMB-fed(KEN+TZA+UGA),2010,5,real_interest_rate,2015,arima,6.17921585248158,1.3755753496857368
ZMB-fed(KEN+TZA+UGA),2010,5,real_interest_rate,2015,chronos,6.17921585248158,0.9175744612391235
ZMB-fed(KEN+TZA+UGA),2010,5,real_interest_rate,2015,xgb_blind,6.17921585248158,8.039346273678088
ZMB-fed(KEN+TZA+UGA),2010,5,real_interest_rate,2015,xgb_lag,6.17921585248158,1.3755753496857368
ZMB-fed(KEN+TZA+UGA),2010,5,real_interest_rate,2015,xgb_typed,6.17921585248158,1.3755753496857368
ZMB-fed(KEN+TZA+UGA),2010,5,real_interest_rate,2015,lgbm_blind,6.17921585248158,6.800684895056033
ZMB-fed(KEN+TZA+UGA),2010,5,real_interest_rate,2015,lgbm_lag,6.17921585248158,1.3755753496857368
ZMB-fed(KEN+TZA+UGA),2010,5,real_interest_rate,2015,lgbm_typed,6.17921585248158,1.3755753496857368
ZMB-fed(KEN+TZA+UGA),2010,5,real_interest_rate,2015,tft,6.17921585248158,0.07048172162220467
ZMB-fed(KEN+TZA+UGA),2010,5,real_interest_rate,2015,tgcn,6.17921585248158,
ZMB-fed(KEN+TZA+UGA),2010,5,real_interest_rate,2015,persistence_scarcity,6.17921585248158,0.06627364078627007
ZMB-fed(KEN+TZA+UGA),2010,5,real_interest_rate,2015,chronos_scarcity,6.17921585248158,0.9175744612391235
ZMB-fed(KEN+TZA+UGA),2010,5,real_interest_rate,2015,gnn_scarcity,6.17921585248158,0.23167186571910392
ZMB-fed(KEN+TZA+UGA),2010,1,broad_money,2011,persistence,19.1220235564735,0.6923906144774001
ZMB-fed(KEN+TZA+UGA),2010,1,broad_money,2011,arima,19.1220235564735,0.7932206629404028
ZMB-fed(KEN+TZA+UGA),2010,1,broad_money,2011,chronos,19.1220235564735,0.674326870682485
ZMB-fed(KEN+TZA+UGA),2010,1,broad_money,2011,xgb_blind,19.1220235564735,0.5030984618690084
ZMB-fed(KEN+TZA+UGA),2010,1,broad_money,2011,xgb_lag,19.1220235564735,0.7932206629404028
ZMB-fed(KEN+TZA+UGA),2010,1,broad_money,2011,xgb_typed,19.1220235564735,0.7932206629404028
ZMB-fed(KEN+TZA+UGA),2010,1,broad_money,2011,lgbm_blind,19.1220235564735,1.341276619675405
ZMB-fed(KEN+TZA+UGA),2010,1,broad_money,2011,lgbm_lag,19.1220235564735,0.7932206629404028
ZMB-fed(KEN+TZA+UGA),2010,1,broad_money,2011,lgbm_typed,19.1220235564735,0.7932206629404028
ZMB-fed(KEN+TZA+UGA),2010,1,broad_money,2011,tft,19.1220235564735,0.6925077178504537
ZMB-fed(KEN+TZA+UGA),2010,1,broad_money,2011,tgcn,19.1220235564735,
ZMB-fed(KEN+TZA+UGA),2010,1,broad_money,2011,persistence_scarcity,19.1220235564735,0.6923906144774001
ZMB-fed(KEN+TZA+UGA),2010,1,broad_money,2011,chronos_scarcity,19.1220235564735,0.674326870682485
ZMB-fed(KEN+TZA+UGA),2010,1,broad_money,2011,gnn_scarcity,19.1220235564735,1.2531003692176412
ZMB-fed(KEN+TZA+UGA),2010,3,broad_money,2013,persistence,20.5127924174127,2.0831594754166005
ZMB-fed(KEN+TZA+UGA),2010,3,broad_money,2013,arima,20.5127924174127,2.1697461679633285
ZMB-fed(KEN+TZA+UGA),2010,3,broad_money,2013,chronos,20.5127924174127,1.6697805613335994
ZMB-fed(KEN+TZA+UGA),2010,3,broad_money,2013,xgb_blind,20.5127924174127,1.9227331370171932
ZMB-fed(KEN+TZA+UGA),2010,3,broad_money,2013,xgb_lag,20.5127924174127,2.1697461679633285
ZMB-fed(KEN+TZA+UGA),2010,3,broad_money,2013,xgb_typed,20.5127924174127,2.1697461679633285
ZMB-fed(KEN+TZA+UGA),2010,3,broad_money,2013,lgbm_blind,20.5127924174127,3.240858014099171
ZMB-fed(KEN+TZA+UGA),2010,3,broad_money,2013,lgbm_lag,20.5127924174127,2.1697461679633285
ZMB-fed(KEN+TZA+UGA),2010,3,broad_money,2013,lgbm_typed,20.5127924174127,2.1697461679633285
ZMB-fed(KEN+TZA+UGA),2010,3,broad_money,2013,tft,20.5127924174127,2.083431074028912
ZMB-fed(KEN+TZA+UGA),2010,3,broad_money,2013,tgcn,20.5127924174127,
ZMB-fed(KEN+TZA+UGA),2010,3,broad_money,2013,persistence_scarcity,20.5127924174127,2.0831594754166005
ZMB-fed(KEN+TZA+UGA),2010,3,broad_money,2013,chronos_scarcity,20.5127924174127,1.6697805613335994
ZMB-fed(KEN+TZA+UGA),2010,3,broad_money,2013,gnn_scarcity,20.5127924174127,2.3423746317681697
ZMB-fed(KEN+TZA+UGA),2010,5,broad_money,2015,persistence,25.7726453305593,7.343012388563199
ZMB-fed(KEN+TZA+UGA),2010,5,broad_money,2015,arima,25.7726453305593,7.429186265325519
ZMB-fed(KEN+TZA+UGA),2010,5,broad_money,2015,chronos,25.7726453305593,6.995522833000706
ZMB-fed(KEN+TZA+UGA),2010,5,broad_money,2015,xgb_blind,25.7726453305593,8.626223898064183
ZMB-fed(KEN+TZA+UGA),2010,5,broad_money,2015,xgb_lag,25.7726453305593,7.429186265325519
ZMB-fed(KEN+TZA+UGA),2010,5,broad_money,2015,xgb_typed,25.7726453305593,7.429186265325519
ZMB-fed(KEN+TZA+UGA),2010,5,broad_money,2015,lgbm_blind,25.7726453305593,8.068912065159367
ZMB-fed(KEN+TZA+UGA),2010,5,broad_money,2015,lgbm_lag,25.7726453305593,7.429186265325519
ZMB-fed(KEN+TZA+UGA),2010,5,broad_money,2015,lgbm_typed,25.7726453305593,7.429186265325519
ZMB-fed(KEN+TZA+UGA),2010,5,broad_money,2015,tft,25.7726453305593,7.343276357780979
ZMB-fed(KEN+TZA+UGA),2010,5,broad_money,2015,tgcn,25.7726453305593,
ZMB-fed(KEN+TZA+UGA),2010,5,broad_money,2015,persistence_scarcity,25.7726453305593,7.343012388563199
ZMB-fed(KEN+TZA+UGA),2010,5,broad_money,2015,chronos_scarcity,25.7726453305593,6.995522833000706
ZMB-fed(KEN+TZA+UGA),2010,5,broad_money,2015,gnn_scarcity,25.7726453305593,7.488145208488987
ZMB-fed(KEN+TZA+UGA),2010,1,private_credit,2011,persistence,13.6929591153621,0.0
ZMB-fed(KEN+TZA+UGA),2010,1,private_credit,2011,arima,13.6929591153621,0.0
ZMB-fed(KEN+TZA+UGA),2010,1,private_credit,2011,chronos,13.6929591153621,0.040153786992959795
ZMB-fed(KEN+TZA+UGA),2010,1,private_credit,2011,xgb_blind,13.6929591153621,2.835749910445884e-07
ZMB-fed(KEN+TZA+UGA),2010,1,private_credit,2011,xgb_lag,13.6929591153621,2.835749910445884e-07
ZMB-fed(KEN+TZA+UGA),2010,1,private_credit,2011,xgb_typed,13.6929591153621,2.835749910445884e-07
ZMB-fed(KEN+TZA+UGA),2010,1,private_credit,2011,lgbm_blind,13.6929591153621,2.835749910445884e-07
ZMB-fed(KEN+TZA+UGA),2010,1,private_credit,2011,lgbm_lag,13.6929591153621,2.835749910445884e-07
ZMB-fed(KEN+TZA+UGA),2010,1,private_credit,2011,lgbm_typed,13.6929591153621,2.835749910445884e-07
ZMB-fed(KEN+TZA+UGA),2010,1,private_credit,2011,tft,13.6929591153621,0.008592889165811357
ZMB-fed(KEN+TZA+UGA),2010,1,private_credit,2011,tgcn,13.6929591153621,
ZMB-fed(KEN+TZA+UGA),2010,1,private_credit,2011,persistence_scarcity,13.6929591153621,0.0
ZMB-fed(KEN+TZA+UGA),2010,1,private_credit,2011,chronos_scarcity,13.6929591153621,0.0
ZMB-fed(KEN+TZA+UGA),2010,1,private_credit,2011,gnn_scarcity,13.6929591153621,2.835749910445884e-07
ZMB-fed(KEN+TZA+UGA),2010,3,private_credit,2013,persistence,15.8169736426664,2.1240145273042987
ZMB-fed(KEN+TZA+UGA),2010,3,private_credit,2013,arima,15.8169736426664,2.1240145273042987
ZMB-fed(KEN+TZA+UGA),2010,3,private_credit,2013,chronos,15.8169736426664,2.1641683142972585
ZMB-fed(KEN+TZA+UGA),2010,3,private_credit,2013,xgb_blind,15.8169736426664,2.12401481087929
ZMB-fed(KEN+TZA+UGA),2010,3,private_credit,2013,xgb_lag,15.8169736426664,2.12401481087929
ZMB-fed(KEN+TZA+UGA),2010,3,private_credit,2013,xgb_typed,15.8169736426664,2.12401481087929
ZMB-fed(KEN+TZA+UGA),2010,3,private_credit,2013,lgbm_blind,15.8169736426664,2.12401481087929
ZMB-fed(KEN+TZA+UGA),2010,3,private_credit,2013,lgbm_lag,15.8169736426664,2.12401481087929
ZMB-fed(KEN+TZA+UGA),2010,3,private_credit,2013,lgbm_typed,15.8169736426664,2.12401481087929
ZMB-fed(KEN+TZA+UGA),2010,3,private_credit,2013,tft,15.8169736426664,2.1321105521512624
ZMB-fed(KEN+TZA+UGA),2010,3,private_credit,2013,tgcn,15.8169736426664,
ZMB-fed(KEN+TZA+UGA),2010,3,private_credit,2013,persistence_scarcity,15.8169736426664,2.1240145273042987
ZMB-fed(KEN+TZA+UGA),2010,3,private_credit,2013,chronos_scarcity,15.8169736426664,2.1240145273042987
ZMB-fed(KEN+TZA+UGA),2010,3,private_credit,2013,gnn_scarcity,15.8169736426664,2.12401481087929
ZMB-fed(KEN+TZA+UGA),2010,5,private_credit,2015,persistence,19.7648340604039,6.071874945041799
ZMB-fed(KEN+TZA+UGA),2010,5,private_credit,2015,arima,19.7648340604039,6.071874945041799
ZMB-fed(KEN+TZA+UGA),2010,5,private_credit,2015,chronos,19.7648340604039,6.112028732034759
ZMB-fed(KEN+TZA+UGA),2010,5,private_credit,2015,xgb_blind,19.7648340604039,6.07187522861679
ZMB-fed(KEN+TZA+UGA),2010,5,private_credit,2015,xgb_lag,19.7648340604039,6.07187522861679
ZMB-fed(KEN+TZA+UGA),2010,5,private_credit,2015,xgb_typed,19.7648340604039,6.07187522861679
ZMB-fed(KEN+TZA+UGA),2010,5,private_credit,2015,lgbm_blind,19.7648340604039,6.07187522861679
ZMB-fed(KEN+TZA+UGA),2010,5,private_credit,2015,lgbm_lag,19.7648340604039,6.07187522861679
ZMB-fed(KEN+TZA+UGA),2010,5,private_credit,2015,lgbm_typed,19.7648340604039,6.07187522861679
ZMB-fed(KEN+TZA+UGA),2010,5,private_credit,2015,tft,19.7648340604039,6.077891959878997
ZMB-fed(KEN+TZA+UGA),2010,5,private_credit,2015,tgcn,19.7648340604039,
ZMB-fed(KEN+TZA+UGA),2010,5,private_credit,2015,persistence_scarcity,19.7648340604039,6.071874945041799
ZMB-fed(KEN+TZA+UGA),2010,5,private_credit,2015,chronos_scarcity,19.7648340604039,6.071874945041799
ZMB-fed(KEN+TZA+UGA),2010,5,private_credit,2015,gnn_scarcity,19.7648340604039,6.07187522861679
ZMB-fed(KEN+TZA+UGA),2010,1,govt_consumption,2011,persistence,10.2458003430842,1.5921761238547596
ZMB-fed(KEN+TZA+UGA),2010,1,govt_consumption,2011,arima,10.2458003430842,1.5921761238547596
ZMB-fed(KEN+TZA+UGA),2010,1,govt_consumption,2011,chronos,10.2458003430842,1.617553082036837
ZMB-fed(KEN+TZA+UGA),2010,1,govt_consumption,2011,xgb_blind,10.2458003430842,1.5921758084772666
ZMB-fed(KEN+TZA+UGA),2010,1,govt_consumption,2011,xgb_lag,10.2458003430842,1.5921761238547596
ZMB-fed(KEN+TZA+UGA),2010,1,govt_consumption,2011,xgb_typed,10.2458003430842,1.5921761238547596
ZMB-fed(KEN+TZA+UGA),2010,1,govt_consumption,2011,lgbm_blind,10.2458003430842,1.5921758084772666
ZMB-fed(KEN+TZA+UGA),2010,1,govt_consumption,2011,lgbm_lag,10.2458003430842,1.5921761238547596
ZMB-fed(KEN+TZA+UGA),2010,1,govt_consumption,2011,lgbm_typed,10.2458003430842,1.5921761238547596
ZMB-fed(KEN+TZA+UGA),2010,1,govt_consumption,2011,tft,10.2458003430842,1.600768414068087
ZMB-fed(KEN+TZA+UGA),2010,1,govt_consumption,2011,tgcn,10.2458003430842,
ZMB-fed(KEN+TZA+UGA),2010,1,govt_consumption,2011,persistence_scarcity,10.2458003430842,1.5921761238547596
ZMB-fed(KEN+TZA+UGA),2010,1,govt_consumption,2011,chronos_scarcity,10.2458003430842,1.617553082036837
ZMB-fed(KEN+TZA+UGA),2010,1,govt_consumption,2011,gnn_scarcity,10.2458003430842,1.5921758084772666
ZMB-fed(KEN+TZA+UGA),2010,3,govt_consumption,2013,persistence,12.1843034143698,3.53067919514036
ZMB-fed(KEN+TZA+UGA),2010,3,govt_consumption,2013,arima,12.1843034143698,3.53067919514036
ZMB-fed(KEN+TZA+UGA),2010,3,govt_consumption,2013,chronos,12.1843034143698,3.5560561533224373
ZMB-fed(KEN+TZA+UGA),2010,3,govt_consumption,2013,xgb_blind,12.1843034143698,3.530678879762867
ZMB-fed(KEN+TZA+UGA),2010,3,govt_consumption,2013,xgb_lag,12.1843034143698,3.53067919514036
ZMB-fed(KEN+TZA+UGA),2010,3,govt_consumption,2013,xgb_typed,12.1843034143698,3.53067919514036
ZMB-fed(KEN+TZA+UGA),2010,3,govt_consumption,2013,lgbm_blind,12.1843034143698,3.530678879762867
ZMB-fed(KEN+TZA+UGA),2010,3,govt_consumption,2013,lgbm_lag,12.1843034143698,3.53067919514036
ZMB-fed(KEN+TZA+UGA),2010,3,govt_consumption,2013,lgbm_typed,12.1843034143698,3.53067919514036
ZMB-fed(KEN+TZA+UGA),2010,3,govt_consumption,2013,tft,12.1843034143698,3.5387746210348396
ZMB-fed(KEN+TZA+UGA),2010,3,govt_consumption,2013,tgcn,12.1843034143698,
ZMB-fed(KEN+TZA+UGA),2010,3,govt_consumption,2013,persistence_scarcity,12.1843034143698,3.53067919514036
ZMB-fed(KEN+TZA+UGA),2010,3,govt_consumption,2013,chronos_scarcity,12.1843034143698,3.5560561533224373
ZMB-fed(KEN+TZA+UGA),2010,3,govt_consumption,2013,gnn_scarcity,12.1843034143698,3.530678879762867
ZMB-fed(KEN+TZA+UGA),2010,5,govt_consumption,2015,persistence,14.7806073693567,6.126983150127259
ZMB-fed(KEN+TZA+UGA),2010,5,govt_consumption,2015,arima,14.7806073693567,6.126983150127259
ZMB-fed(KEN+TZA+UGA),2010,5,govt_consumption,2015,chronos,14.7806073693567,6.152360108309336
ZMB-fed(KEN+TZA+UGA),2010,5,govt_consumption,2015,xgb_blind,14.7806073693567,6.126982834749766
ZMB-fed(KEN+TZA+UGA),2010,5,govt_consumption,2015,xgb_lag,14.7806073693567,6.126983150127259
ZMB-fed(KEN+TZA+UGA),2010,5,govt_consumption,2015,xgb_typed,14.7806073693567,6.126983150127259
ZMB-fed(KEN+TZA+UGA),2010,5,govt_consumption,2015,lgbm_blind,14.7806073693567,6.126982834749766
ZMB-fed(KEN+TZA+UGA),2010,5,govt_consumption,2015,lgbm_lag,14.7806073693567,6.126983150127259
ZMB-fed(KEN+TZA+UGA),2010,5,govt_consumption,2015,lgbm_typed,14.7806073693567,6.126983150127259
ZMB-fed(KEN+TZA+UGA),2010,5,govt_consumption,2015,tft,14.7806073693567,6.132999566011973
ZMB-fed(KEN+TZA+UGA),2010,5,govt_consumption,2015,tgcn,14.7806073693567,
ZMB-fed(KEN+TZA+UGA),2010,5,govt_consumption,2015,persistence_scarcity,14.7806073693567,6.126983150127259
ZMB-fed(KEN+TZA+UGA),2010,5,govt_consumption,2015,chronos_scarcity,14.7806073693567,6.152360108309336
ZMB-fed(KEN+TZA+UGA),2010,5,govt_consumption,2015,gnn_scarcity,14.7806073693567,6.126982834749766
ZMB-fed(KEN+TZA+UGA),2011,1,gdp_growth,2012,persistence,7.59738104901994,2.02812885638975
ZMB-fed(KEN+TZA+UGA),2011,1,gdp_growth,2012,arima,7.59738104901994,0.7257359110139143
ZMB-fed(KEN+TZA+UGA),2011,1,gdp_growth,2012,chronos,7.59738104901994,1.4151491459437677
ZMB-fed(KEN+TZA+UGA),2011,1,gdp_growth,2012,xgb_blind,7.59738104901994,0.29223162569319516
ZMB-fed(KEN+TZA+UGA),2011,1,gdp_growth,2012,xgb_lag,7.59738104901994,0.7257359110139143
ZMB-fed(KEN+TZA+UGA),2011,1,gdp_growth,2012,xgb_typed,7.59738104901994,0.7257359110139143
ZMB-fed(KEN+TZA+UGA),2011,1,gdp_growth,2012,lgbm_blind,7.59738104901994,2.9473588036085774
ZMB-fed(KEN+TZA+UGA),2011,1,gdp_growth,2012,lgbm_lag,7.59738104901994,0.7257359110139143
ZMB-fed(KEN+TZA+UGA),2011,1,gdp_growth,2012,lgbm_typed,7.59738104901994,0.7257359110139143
ZMB-fed(KEN+TZA+UGA),2011,1,gdp_growth,2012,tft,7.59738104901994,2.112425261361248
ZMB-fed(KEN+TZA+UGA),2011,1,gdp_growth,2012,tgcn,7.59738104901994,
ZMB-fed(KEN+TZA+UGA),2011,1,gdp_growth,2012,persistence_scarcity,7.59738104901994,2.02812885638975
ZMB-fed(KEN+TZA+UGA),2011,1,gdp_growth,2012,chronos_scarcity,7.59738104901994,1.4151491459437677
ZMB-fed(KEN+TZA+UGA),2011,1,gdp_growth,2012,gnn_scarcity,7.59738104901994,3.2323412235804865
ZMB-fed(KEN+TZA+UGA),2011,3,gdp_growth,2014,persistence,4.69328316376705,0.8759690288631399
ZMB-fed(KEN+TZA+UGA),2011,3,gdp_growth,2014,arima,4.69328316376705,2.9600380543845484
ZMB-fed(KEN+TZA+UGA),2011,3,gdp_growth,2014,chronos,4.69328316376705,0.49181548430423927
ZMB-fed(KEN+TZA+UGA),2011,3,gdp_growth,2014,xgb_blind,4.69328316376705,2.514210141439249
ZMB-fed(KEN+TZA+UGA),2011,3,gdp_growth,2014,xgb_lag,4.69328316376705,2.9600380543845484
ZMB-fed(KEN+TZA+UGA),2011,3,gdp_growth,2014,xgb_typed,4.69328316376705,2.9600380543845484
ZMB-fed(KEN+TZA+UGA),2011,3,gdp_growth,2014,lgbm_blind,4.69328316376705,0.5392180340353434
ZMB-fed(KEN+TZA+UGA),2011,3,gdp_growth,2014,lgbm_lag,4.69328316376705,2.9600380543845484
ZMB-fed(KEN+TZA+UGA),2011,3,gdp_growth,2014,lgbm_typed,4.69328316376705,2.9600380543845484
ZMB-fed(KEN+TZA+UGA),2011,3,gdp_growth,2014,tft,4.69328316376705,0.7280859120080967
ZMB-fed(KEN+TZA+UGA),2011,3,gdp_growth,2014,tgcn,4.69328316376705,
ZMB-fed(KEN+TZA+UGA),2011,3,gdp_growth,2014,persistence_scarcity,4.69328316376705,0.8759690288631399
ZMB-fed(KEN+TZA+UGA),2011,3,gdp_growth,2014,chronos_scarcity,4.69328316376705,0.49181548430423927
ZMB-fed(KEN+TZA+UGA),2011,3,gdp_growth,2014,gnn_scarcity,4.69328316376705,0.6288694508264561
ZMB-fed(KEN+TZA+UGA),2011,5,gdp_growth,2016,persistence,3.75510031678988,1.8141518758403095
ZMB-fed(KEN+TZA+UGA),2011,5,gdp_growth,2016,arima,3.75510031678988,3.6710805589473594
ZMB-fed(KEN+TZA+UGA),2011,5,gdp_growth,2016,chronos,3.75510031678988,1.5895394613473268
ZMB-fed(KEN+TZA+UGA),2011,5,gdp_growth,2016,xgb_blind,3.75510031678988,1.8443455030648561
ZMB-fed(KEN+TZA+UGA),2011,5,gdp_growth,2016,xgb_lag,3.75510031678988,3.6710805589473594
ZMB-fed(KEN+TZA+UGA),2011,5,gdp_growth,2016,xgb_typed,3.75510031678988,3.6710805589473594
ZMB-fed(KEN+TZA+UGA),2011,5,gdp_growth,2016,lgbm_blind,3.75510031678988,2.2005285183132113
ZMB-fed(KEN+TZA+UGA),2011,5,gdp_growth,2016,lgbm_lag,3.75510031678988,3.6710805589473594
ZMB-fed(KEN+TZA+UGA),2011,5,gdp_growth,2016,lgbm_typed,3.75510031678988,3.6710805589473594
ZMB-fed(KEN+TZA+UGA),2011,5,gdp_growth,2016,tft,3.75510031678988,1.6488904287545534
ZMB-fed(KEN+TZA+UGA),2011,5,gdp_growth,2016,tgcn,3.75510031678988,
ZMB-fed(KEN+TZA+UGA),2011,5,gdp_growth,2016,persistence_scarcity,3.75510031678988,1.8141518758403095
ZMB-fed(KEN+TZA+UGA),2011,5,gdp_growth,2016,chronos_scarcity,3.75510031678988,1.5895394613473268
ZMB-fed(KEN+TZA+UGA),2011,5,gdp_growth,2016,gnn_scarcity,3.75510031678988,2.6287392904488893
ZMB-fed(KEN+TZA+UGA),2011,1,inflation_cpi,2012,persistence,6.57589970757698,0.14650289685357976
ZMB-fed(KEN+TZA+UGA),2011,1,inflation_cpi,2012,arima,6.57589970757698,0.19072938958609598
ZMB-fed(KEN+TZA+UGA),2011,1,inflation_cpi,2012,chronos,6.57589970757698,0.07061899969841079
ZMB-fed(KEN+TZA+UGA),2011,1,inflation_cpi,2012,xgb_blind,6.57589970757698,7.680769336917649
ZMB-fed(KEN+TZA+UGA),2011,1,inflation_cpi,2012,xgb_lag,6.57589970757698,0.19072938958609598
ZMB-fed(KEN+TZA+UGA),2011,1,inflation_cpi,2012,xgb_typed,6.57589970757698,0.19072938958609598
ZMB-fed(KEN+TZA+UGA),2011,1,inflation_cpi,2012,lgbm_blind,6.57589970757698,33.554102223386444
ZMB-fed(KEN+TZA+UGA),2011,1,inflation_cpi,2012,lgbm_lag,6.57589970757698,0.19072938958609598
ZMB-fed(KEN+TZA+UGA),2011,1,inflation_cpi,2012,lgbm_typed,6.57589970757698,0.19072938958609598
ZMB-fed(KEN+TZA+UGA),2011,1,inflation_cpi,2012,tft,6.57589970757698,0.7748857610437767
ZMB-fed(KEN+TZA+UGA),2011,1,inflation_cpi,2012,tgcn,6.57589970757698,
ZMB-fed(KEN+TZA+UGA),2011,1,inflation_cpi,2012,persistence_scarcity,6.57589970757698,0.14650289685357976
ZMB-fed(KEN+TZA+UGA),2011,1,inflation_cpi,2012,chronos_scarcity,6.57589970757698,0.07061899969841079
ZMB-fed(KEN+TZA+UGA),2011,1,inflation_cpi,2012,gnn_scarcity,6.57589970757698,36.007192028262864
ZMB-fed(KEN+TZA+UGA),2011,3,inflation_cpi,2014,persistence,7.80687553566333,1.3774787249399303
ZMB-fed(KEN+TZA+UGA),2011,3,inflation_cpi,2014,arima,7.80687553566333,1.4226692012842257
ZMB-fed(KEN+TZA+UGA),2011,3,inflation_cpi,2014,chronos,7.80687553566333,1.3716427596247556
ZMB-fed(KEN+TZA+UGA),2011,3,inflation_cpi,2014,xgb_blind,7.80687553566333,81.60701911765699
ZMB-fed(KEN+TZA+UGA),2011,3,inflation_cpi,2014,xgb_lag,7.80687553566333,1.4226692012842257
ZMB-fed(KEN+TZA+UGA),2011,3,inflation_cpi,2014,xgb_typed,7.80687553566333,1.4226692012842257
ZMB-fed(KEN+TZA+UGA),2011,3,inflation_cpi,2014,lgbm_blind,7.80687553566333,22.686871121457223
ZMB-fed(KEN+TZA+UGA),2011,3,inflation_cpi,2014,lgbm_lag,7.80687553566333,1.4226692012842257
ZMB-fed(KEN+TZA+UGA),2011,3,inflation_cpi,2014,lgbm_typed,7.80687553566333,1.4226692012842257
ZMB-fed(KEN+TZA+UGA),2011,3,inflation_cpi,2014,tft,7.80687553566333,1.9641068665349124
ZMB-fed(KEN+TZA+UGA),2011,3,inflation_cpi,2014,tgcn,7.80687553566333,
ZMB-fed(KEN+TZA+UGA),2011,3,inflation_cpi,2014,persistence_scarcity,7.80687553566333,1.3774787249399303
ZMB-fed(KEN+TZA+UGA),2011,3,inflation_cpi,2014,chronos_scarcity,7.80687553566333,1.3716427596247556
ZMB-fed(KEN+TZA+UGA),2011,3,inflation_cpi,2014,gnn_scarcity,7.80687553566333,45.64236610252026
ZMB-fed(KEN+TZA+UGA),2011,5,inflation_cpi,2016,persistence,17.8697300795268,11.4403332688034
ZMB-fed(KEN+TZA+UGA),2011,5,inflation_cpi,2016,arima,17.8697300795268,11.48552418418594
ZMB-fed(KEN+TZA+UGA),2011,5,inflation_cpi,2016,chronos,17.8697300795268,8.374712074155706
ZMB-fed(KEN+TZA+UGA),2011,5,inflation_cpi,2016,xgb_blind,17.8697300795268,1.6478386763285577
ZMB-fed(KEN+TZA+UGA),2011,5,inflation_cpi,2016,xgb_lag,17.8697300795268,11.48552418418594
ZMB-fed(KEN+TZA+UGA),2011,5,inflation_cpi,2016,xgb_typed,17.8697300795268,11.48552418418594
ZMB-fed(KEN+TZA+UGA),2011,5,inflation_cpi,2016,lgbm_blind,17.8697300795268,2.2166123954667363
ZMB-fed(KEN+TZA+UGA),2011,5,inflation_cpi,2016,lgbm_lag,17.8697300795268,11.48552418418594
ZMB-fed(KEN+TZA+UGA),2011,5,inflation_cpi,2016,lgbm_typed,17.8697300795268,11.48552418418594
ZMB-fed(KEN+TZA+UGA),2011,5,inflation_cpi,2016,tft,17.8697300795268,12.009300315732855
ZMB-fed(KEN+TZA+UGA),2011,5,inflation_cpi,2016,tgcn,17.8697300795268,
ZMB-fed(KEN+TZA+UGA),2011,5,inflation_cpi,2016,persistence_scarcity,17.8697300795268,11.4403332688034
ZMB-fed(KEN+TZA+UGA),2011,5,inflation_cpi,2016,chronos_scarcity,17.8697300795268,8.374712074155706
ZMB-fed(KEN+TZA+UGA),2011,5,inflation_cpi,2016,gnn_scarcity,17.8697300795268,47.63290206158648
ZMB-fed(KEN+TZA+UGA),2011,1,unemployment,2012,persistence,7.85,2.6980000000000004
ZMB-fed(KEN+TZA+UGA),2011,1,unemployment,2012,arima,7.85,1.8345179423463787
ZMB-fed(KEN+TZA+UGA),2011,1,unemployment,2012,chronos,7.85,2.856575393676758
ZMB-fed(KEN+TZA+UGA),2011,1,unemployment,2012,xgb_blind,7.85,2.9971946716308597
ZMB-fed(KEN+TZA+UGA),2011,1,unemployment,2012,xgb_lag,7.85,1.8345179423463787
ZMB-fed(KEN+TZA+UGA),2011,1,unemployment,2012,xgb_typed,7.85,1.8345179423463787
ZMB-fed(KEN+TZA+UGA),2011,1,unemployment,2012,lgbm_blind,7.85,6.397714292435419
ZMB-fed(KEN+TZA+UGA),2011,1,unemployment,2012,lgbm_lag,7.85,1.8345179423463787
ZMB-fed(KEN+TZA+UGA),2011,1,unemployment,2012,lgbm_typed,7.85,1.8345179423463787
ZMB-fed(KEN+TZA+UGA),2011,1,unemployment,2012,tft,7.85,2.7108148574829105
ZMB-fed(KEN+TZA+UGA),2011,1,unemployment,2012,tgcn,7.85,
ZMB-fed(KEN+TZA+UGA),2011,1,unemployment,2012,persistence_scarcity,7.85,2.6980000000000004
ZMB-fed(KEN+TZA+UGA),2011,1,unemployment,2012,chronos_scarcity,7.85,2.856575393676758
ZMB-fed(KEN+TZA+UGA),2011,1,unemployment,2012,gnn_scarcity,7.85,6.570574188232422
ZMB-fed(KEN+TZA+UGA),2011,3,unemployment,2014,persistence,6.576,3.9720000000000004
ZMB-fed(KEN+TZA+UGA),2011,3,unemployment,2014,arima,6.576,2.7340723200473454
ZMB-fed(KEN+TZA+UGA),2011,3,unemployment,2014,chronos,6.576,5.084626411437989
ZMB-fed(KEN+TZA+UGA),2011,3,unemployment,2014,xgb_blind,6.576,4.686837409973145
ZMB-fed(KEN+TZA+UGA),2011,3,unemployment,2014,xgb_lag,6.576,2.7340723200473454
ZMB-fed(KEN+TZA+UGA),2011,3,unemployment,2014,xgb_typed,6.576,2.7340723200473454
ZMB-fed(KEN+TZA+UGA),2011,3,unemployment,2014,lgbm_blind,6.576,7.146842091008238
ZMB-fed(KEN+TZA+UGA),2011,3,unemployment,2014,lgbm_lag,6.576,2.7340723200473454
ZMB-fed(KEN+TZA+UGA),2011,3,unemployment,2014,lgbm_typed,6.576,2.7340723200473454
ZMB-fed(KEN+TZA+UGA),2011,3,unemployment,2014,tft,6.576,3.9799558868408207
ZMB-fed(KEN+TZA+UGA),2011,3,unemployment,2014,tgcn,6.576,
ZMB-fed(KEN+TZA+UGA),2011,3,unemployment,2014,persistence_scarcity,6.576,3.9720000000000004
ZMB-fed(KEN+TZA+UGA),2011,3,unemployment,2014,chronos_scarcity,6.576,5.084626411437989
ZMB-fed(KEN+TZA+UGA),2011,3,unemployment,2014,gnn_scarcity,6.576,8.55860636138916
ZMB-fed(KEN+TZA+UGA),2011,5,unemployment,2016,persistence,5.244,5.304
ZMB-fed(KEN+TZA+UGA),2011,5,unemployment,2016,arima,5.244,4.026075103757851
ZMB-fed(KEN+TZA+UGA),2011,5,unemployment,2016,chronos,5.244,8.218728500366211
ZMB-fed(KEN+TZA+UGA),2011,5,unemployment,2016,xgb_blind,5.244,5.527016120910645
ZMB-fed(KEN+TZA+UGA),2011,5,unemployment,2016,xgb_lag,5.244,4.026075103757851
ZMB-fed(KEN+TZA+UGA),2011,5,unemployment,2016,xgb_typed,5.244,4.026075103757851
ZMB-fed(KEN+TZA+UGA),2011,5,unemployment,2016,lgbm_blind,5.244,7.835117634717156
ZMB-fed(KEN+TZA+UGA),2011,5,unemployment,2016,lgbm_lag,5.244,4.026075103757851
ZMB-fed(KEN+TZA+UGA),2011,5,unemployment,2016,lgbm_typed,5.244,4.026075103757851
ZMB-fed(KEN+TZA+UGA),2011,5,unemployment,2016,tft,5.244,5.3110260543823244
ZMB-fed(KEN+TZA+UGA),2011,5,unemployment,2016,tgcn,5.244,
ZMB-fed(KEN+TZA+UGA),2011,5,unemployment,2016,persistence_scarcity,5.244,5.304
ZMB-fed(KEN+TZA+UGA),2011,5,unemployment,2016,chronos_scarcity,5.244,8.218728500366211
ZMB-fed(KEN+TZA+UGA),2011,5,unemployment,2016,gnn_scarcity,5.244,10.682653861999512
ZMB-fed(KEN+TZA+UGA),2011,1,exports_gdp,2012,persistence,40.0829109943526,0.3883116789394947
ZMB-fed(KEN+TZA+UGA),2011,1,exports_gdp,2012,arima,40.0829109943526,0.2136347531187468
ZMB-fed(KEN+TZA+UGA),2011,1,exports_gdp,2012,chronos,40.0829109943526,0.16835639840533645
ZMB-fed(KEN+TZA+UGA),2011,1,exports_gdp,2012,xgb_blind,40.0829109943526,10.05298850900104
ZMB-fed(KEN+TZA+UGA),2011,1,exports_gdp,2012,xgb_lag,40.0829109943526,0.2136347531187468
ZMB-fed(KEN+TZA+UGA),2011,1,exports_gdp,2012,xgb_typed,40.0829109943526,0.2136347531187468
ZMB-fed(KEN+TZA+UGA),2011,1,exports_gdp,2012,lgbm_blind,40.0829109943526,9.699038916774011
ZMB-fed(KEN+TZA+UGA),2011,1,exports_gdp,2012,lgbm_lag,40.0829109943526,0.2136347531187468
ZMB-fed(KEN+TZA+UGA),2011,1,exports_gdp,2012,lgbm_typed,40.0829109943526,0.2136347531187468
ZMB-fed(KEN+TZA+UGA),2011,1,exports_gdp,2012,tft,40.0829109943526,7.522791365446352
ZMB-fed(KEN+TZA+UGA),2011,1,exports_gdp,2012,tgcn,40.0829109943526,
ZMB-fed(KEN+TZA+UGA),2011,1,exports_gdp,2012,persistence_scarcity,40.0829109943526,0.3883116789394947
ZMB-fed(KEN+TZA+UGA),2011,1,exports_gdp,2012,chronos_scarcity,40.0829109943526,0.16835639840533645
ZMB-fed(KEN+TZA+UGA),2011,1,exports_gdp,2012,gnn_scarcity,40.0829109943526,9.633076170744204
ZMB-fed(KEN+TZA+UGA),2011,3,exports_gdp,2014,persistence,38.8222899319378,1.6489327413542938
ZMB-fed(KEN+TZA+UGA),2011,3,exports_gdp,2014,arima,38.8222899319378,1.4826629647770062
ZMB-fed(KEN+TZA+UGA),2011,3,exports_gdp,2014,chronos,38.8222899319378,0.24939869658624048
ZMB-fed(KEN+TZA+UGA),2011,3,exports_gdp,2014,xgb_blind,38.8222899319378,0.7434172512737405
ZMB-fed(KEN+TZA+UGA),2011,3,exports_gdp,2014,xgb_lag,38.8222899319378,1.4826629647770062
ZMB-fed(KEN+TZA+UGA),2011,3,exports_gdp,2014,xgb_typed,38.8222899319378,1.4826629647770062
ZMB-fed(KEN+TZA+UGA),2011,3,exports_gdp,2014,lgbm_blind,38.8222899319378,8.708578022693867
ZMB-fed(KEN+TZA+UGA),2011,3,exports_gdp,2014,lgbm_lag,38.8222899319378,1.4826629647770062
ZMB-fed(KEN+TZA+UGA),2011,3,exports_gdp,2014,lgbm_typed,38.8222899319378,1.4826629647770062
ZMB-fed(KEN+TZA+UGA),2011,3,exports_gdp,2014,tft,38.8222899319378,6.266877639457334
ZMB-fed(KEN+TZA+UGA),2011,3,exports_gdp,2014,tgcn,38.8222899319378,
ZMB-fed(KEN+TZA+UGA),2011,3,exports_gdp,2014,persistence_scarcity,38.8222899319378,1.6489327413542938
ZMB-fed(KEN+TZA+UGA),2011,3,exports_gdp,2014,chronos_scarcity,38.8222899319378,0.24939869658624048
ZMB-fed(KEN+TZA+UGA),2011,3,exports_gdp,2014,gnn_scarcity,38.8222899319378,7.434844482108701
ZMB-fed(KEN+TZA+UGA),2011,5,exports_gdp,2016,persistence,35.3246757489657,5.146546924326394
ZMB-fed(KEN+TZA+UGA),2011,5,exports_gdp,2016,arima,35.3246757489657,4.980298758428965
ZMB-fed(KEN+TZA+UGA),2011,5,exports_gdp,2016,chronos,35.3246757489657,0.5648887651944534
ZMB-fed(KEN+TZA+UGA),2011,5,exports_gdp,2016,xgb_blind,35.3246757489657,5.8726932507967575
ZMB-fed(KEN+TZA+UGA),2011,5,exports_gdp,2016,xgb_lag,35.3246757489657,4.980298758428965
ZMB-fed(KEN+TZA+UGA),2011,5,exports_gdp,2016,xgb_typed,35.3246757489657,4.980298758428965
ZMB-fed(KEN+TZA+UGA),2011,5,exports_gdp,2016,lgbm_blind,35.3246757489657,5.544691106488106
ZMB-fed(KEN+TZA+UGA),2011,5,exports_gdp,2016,lgbm_lag,35.3246757489657,4.980298758428965
ZMB-fed(KEN+TZA+UGA),2011,5,exports_gdp,2016,lgbm_typed,35.3246757489657,4.980298758428965
ZMB-fed(KEN+TZA+UGA),2011,5,exports_gdp,2016,tft,35.3246757489657,2.769896696231328
ZMB-fed(KEN+TZA+UGA),2011,5,exports_gdp,2016,tgcn,35.3246757489657,
ZMB-fed(KEN+TZA+UGA),2011,5,exports_gdp,2016,persistence_scarcity,35.3246757489657,5.146546924326394
ZMB-fed(KEN+TZA+UGA),2011,5,exports_gdp,2016,chronos_scarcity,35.3246757489657,0.5648887651944534
ZMB-fed(KEN+TZA+UGA),2011,5,exports_gdp,2016,gnn_scarcity,35.3246757489657,2.897174070498906
ZMB-fed(KEN+TZA+UGA),2011,1,imports_gdp,2012,persistence,35.2847988615544,2.9605890964181967
ZMB-fed(KEN+TZA+UGA),2011,1,imports_gdp,2012,arima,35.2847988615544,3.1467873225058725
ZMB-fed(KEN+TZA+UGA),2011,1,imports_gdp,2012,chronos,35.2847988615544,1.5047237883122122
ZMB-fed(KEN+TZA+UGA),2011,1,imports_gdp,2012,xgb_blind,35.2847988615544,4.559035540631548
ZMB-fed(KEN+TZA+UGA),2011,1,imports_gdp,2012,xgb_lag,35.2847988615544,3.1467873225058725
ZMB-fed(KEN+TZA+UGA),2011,1,imports_gdp,2012,xgb_typed,35.2847988615544,3.1467873225058725
ZMB-fed(KEN+TZA+UGA),2011,1,imports_gdp,2012,lgbm_blind,35.2847988615544,2.037505752568862
ZMB-fed(KEN+TZA+UGA),2011,1,imports_gdp,2012,lgbm_lag,35.2847988615544,3.1467873225058725
ZMB-fed(KEN+TZA+UGA),2011,1,imports_gdp,2012,lgbm_typed,35.2847988615544,3.1467873225058725
ZMB-fed(KEN+TZA+UGA),2011,1,imports_gdp,2012,tft,35.2847988615544,1.8906948576481497
ZMB-fed(KEN+TZA+UGA),2011,1,imports_gdp,2012,tgcn,35.2847988615544,
ZMB-fed(KEN+TZA+UGA),2011,1,imports_gdp,2012,persistence_scarcity,35.2847988615544,2.9605890964181967
ZMB-fed(KEN+TZA+UGA),2011,1,imports_gdp,2012,chronos_scarcity,35.2847988615544,1.5047237883122122
ZMB-fed(KEN+TZA+UGA),2011,1,imports_gdp,2012,gnn_scarcity,35.2847988615544,2.058915377667681
ZMB-fed(KEN+TZA+UGA),2011,3,imports_gdp,2014,persistence,37.3712097956936,5.047000030557399
ZMB-fed(KEN+TZA+UGA),2011,3,imports_gdp,2014,arima,37.3712097956936,5.225544874361631
ZMB-fed(KEN+TZA+UGA),2011,3,imports_gdp,2014,chronos,37.3712097956936,4.2008759333889145
ZMB-fed(KEN+TZA+UGA),2011,3,imports_gdp,2014,xgb_blind,37.3712097956936,4.959741289834227
ZMB-fed(KEN+TZA+UGA),2011,3,imports_gdp,2014,xgb_lag,37.3712097956936,5.225544874361631
ZMB-fed(KEN+TZA+UGA),2011,3,imports_gdp,2014,xgb_typed,37.3712097956936,5.225544874361631
ZMB-fed(KEN+TZA+UGA),2011,3,imports_gdp,2014,lgbm_blind,37.3712097956936,4.171591004414559
ZMB-fed(KEN+TZA+UGA),2011,3,imports_gdp,2014,lgbm_lag,37.3712097956936,5.225544874361631
ZMB-fed(KEN+TZA+UGA),2011,3,imports_gdp,2014,lgbm_typed,37.3712097956936,5.225544874361631
ZMB-fed(KEN+TZA+UGA),2011,3,imports_gdp,2014,tft,37.3712097956936,1.3750212834079605
ZMB-fed(KEN+TZA+UGA),2011,3,imports_gdp,2014,tgcn,37.3712097956936,
ZMB-fed(KEN+TZA+UGA),2011,3,imports_gdp,2014,persistence_scarcity,37.3712097956936,5.047000030557399
ZMB-fed(KEN+TZA+UGA),2011,3,imports_gdp,2014,chronos_scarcity,37.3712097956936,4.2008759333889145
ZMB-fed(KEN+TZA+UGA),2011,3,imports_gdp,2014,gnn_scarcity,37.3712097956936,3.36866539261743
ZMB-fed(KEN+TZA+UGA),2011,5,imports_gdp,2016,persistence,38.6338855056502,6.309675740513995
ZMB-fed(KEN+TZA+UGA),2011,5,imports_gdp,2016,arima,38.6338855056502,6.488206467461275
ZMB-fed(KEN+TZA+UGA),2011,5,imports_gdp,2016,chronos,38.6338855056502,5.3416072158552765
ZMB-fed(KEN+TZA+UGA),2011,5,imports_gdp,2016,xgb_blind,38.6338855056502,8.391881111118948
ZMB-fed(KEN+TZA+UGA),2011,5,imports_gdp,2016,xgb_lag,38.6338855056502,6.488206467461275
ZMB-fed(KEN+TZA+UGA),2011,5,imports_gdp,2016,xgb_typed,38.6338855056502,6.488206467461275
ZMB-fed(KEN+TZA+UGA),2011,5,imports_gdp,2016,lgbm_blind,38.6338855056502,5.493158518596829
ZMB-fed(KEN+TZA+UGA),2011,5,imports_gdp,2016,lgbm_lag,38.6338855056502,6.488206467461275
ZMB-fed(KEN+TZA+UGA),2011,5,imports_gdp,2016,lgbm_typed,38.6338855056502,6.488206467461275
ZMB-fed(KEN+TZA+UGA),2011,5,imports_gdp,2016,tft,38.6338855056502,0.34228789522870784
ZMB-fed(KEN+TZA+UGA),2011,5,imports_gdp,2016,tgcn,38.6338855056502,
ZMB-fed(KEN+TZA+UGA),2011,5,imports_gdp,2016,persistence_scarcity,38.6338855056502,6.309675740513995
ZMB-fed(KEN+TZA+UGA),2011,5,imports_gdp,2016,chronos_scarcity,38.6338855056502,5.3416072158552765
ZMB-fed(KEN+TZA+UGA),2011,5,imports_gdp,2016,gnn_scarcity,38.6338855056502,3.769826057408011
ZMB-fed(KEN+TZA+UGA),2011,1,current_account,2012,persistence,5.37898486156031,0.7207483038944602
ZMB-fed(KEN+TZA+UGA),2011,1,current_account,2012,arima,5.37898486156031,0.10808359693184677
ZMB-fed(KEN+TZA+UGA),2011,1,current_account,2012,chronos,5.37898486156031,5.37898486156031
ZMB-fed(KEN+TZA+UGA),2011,1,current_account,2012,xgb_blind,5.37898486156031,16.346338682361093
ZMB-fed(KEN+TZA+UGA),2011,1,current_account,2012,xgb_lag,5.37898486156031,0.10808359693184677
ZMB-fed(KEN+TZA+UGA),2011,1,current_account,2012,xgb_typed,5.37898486156031,0.10808359693184677
ZMB-fed(KEN+TZA+UGA),2011,1,current_account,2012,lgbm_blind,5.37898486156031,12.211560739067838
ZMB-fed(KEN+TZA+UGA),2011,1,current_account,2012,lgbm_lag,5.37898486156031,0.10808359693184677
ZMB-fed(KEN+TZA+UGA),2011,1,current_account,2012,lgbm_typed,5.37898486156031,0.10808359693184677
ZMB-fed(KEN+TZA+UGA),2011,1,current_account,2012,tft,5.37898486156031,0.5710381795839918
ZMB-fed(KEN+TZA+UGA),2011,1,current_account,2012,tgcn,5.37898486156031,
ZMB-fed(KEN+TZA+UGA),2011,1,current_account,2012,persistence_scarcity,5.37898486156031,0.7207483038944602
ZMB-fed(KEN+TZA+UGA),2011,1,current_account,2012,chronos_scarcity,5.37898486156031,5.37898486156031
ZMB-fed(KEN+TZA+UGA),2011,1,current_account,2012,gnn_scarcity,5.37898486156031,12.816606455035652
ZMB-fed(KEN+TZA+UGA),2011,3,current_account,2014,persistence,-1.4270939600475,6.08533051771335
ZMB-fed(KEN+TZA+UGA),2011,3,current_account,2014,arima,-1.4270939600475,6.595056038451888
ZMB-fed(KEN+TZA+UGA),2011,3,current_account,2014,chronos,-1.4270939600475,0.9784438383586573
ZMB-fed(KEN+TZA+UGA),2011,3,current_account,2014,xgb_blind,-1.4270939600475,5.3152334463603665
ZMB-fed(KEN+TZA+UGA),2011,3,current_account,2014,xgb_lag,-1.4270939600475,6.595056038451888
ZMB-fed(KEN+TZA+UGA),2011,3,current_account,2014,xgb_typed,-1.4270939600475,6.595056038451888
ZMB-fed(KEN+TZA+UGA),2011,3,current_account,2014,lgbm_blind,-1.4270939600475,5.171760242925715
ZMB-fed(KEN+TZA+UGA),2011,3,current_account,2014,lgbm_lag,-1.4270939600475,6.595056038451888
ZMB-fed(KEN+TZA+UGA),2011,3,current_account,2014,lgbm_typed,-1.4270939600475,6.595056038451888
ZMB-fed(KEN+TZA+UGA),2011,3,current_account,2014,tft,-1.4270939600475,6.1512179148204496
ZMB-fed(KEN+TZA+UGA),2011,3,current_account,2014,tgcn,-1.4270939600475,
ZMB-fed(KEN+TZA+UGA),2011,3,current_account,2014,persistence_scarcity,-1.4270939600475,6.08533051771335
ZMB-fed(KEN+TZA+UGA),2011,3,current_account,2014,chronos_scarcity,-1.4270939600475,0.9784438383586573
ZMB-fed(KEN+TZA+UGA),2011,3,current_account,2014,gnn_scarcity,-1.4270939600475,4.272198699712021
ZMB-fed(KEN+TZA+UGA),2011,5,current_account,2016,persistence,-4.55168827542136,9.20992483308721
ZMB-fed(KEN+TZA+UGA),2011,5,current_account,2016,arima,-4.55168827542136,9.714950397263983
ZMB-fed(KEN+TZA+UGA),2011,5,current_account,2016,chronos,-4.55168827542136,4.55168827542136
ZMB-fed(KEN+TZA+UGA),2011,5,current_account,2016,xgb_blind,-4.55168827542136,8.205887398803927
ZMB-fed(KEN+TZA+UGA),2011,5,current_account,2016,xgb_lag,-4.55168827542136,9.714950397263983
ZMB-fed(KEN+TZA+UGA),2011,5,current_account,2016,xgb_typed,-4.55168827542136,9.714950397263983
ZMB-fed(KEN+TZA+UGA),2011,5,current_account,2016,lgbm_blind,-4.55168827542136,1.7584509178329988
ZMB-fed(KEN+TZA+UGA),2011,5,current_account,2016,lgbm_lag,-4.55168827542136,9.714950397263983
ZMB-fed(KEN+TZA+UGA),2011,5,current_account,2016,lgbm_typed,-4.55168827542136,9.714950397263983
ZMB-fed(KEN+TZA+UGA),2011,5,current_account,2016,tft,-4.55168827542136,9.269702038849093
ZMB-fed(KEN+TZA+UGA),2011,5,current_account,2016,tgcn,-4.55168827542136,
ZMB-fed(KEN+TZA+UGA),2011,5,current_account,2016,persistence_scarcity,-4.55168827542136,9.20992483308721
ZMB-fed(KEN+TZA+UGA),2011,5,current_account,2016,chronos_scarcity,-4.55168827542136,4.55168827542136
ZMB-fed(KEN+TZA+UGA),2011,5,current_account,2016,gnn_scarcity,-4.55168827542136,0.7806545115358619
ZMB-fed(KEN+TZA+UGA),2011,1,real_interest_rate,2012,persistence,4.82147742594943,2.1350821506493496
ZMB-fed(KEN+TZA+UGA),2011,1,real_interest_rate,2012,arima,4.82147742594943,1.986957482581155
ZMB-fed(KEN+TZA+UGA),2011,1,real_interest_rate,2012,chronos,4.82147742594943,2.3196287027431968
ZMB-fed(KEN+TZA+UGA),2011,1,real_interest_rate,2012,xgb_blind,4.82147742594943,8.848364340407992
ZMB-fed(KEN+TZA+UGA),2011,1,real_interest_rate,2012,xgb_lag,4.82147742594943,1.986957482581155
ZMB-fed(KEN+TZA+UGA),2011,1,real_interest_rate,2012,xgb_typed,4.82147742594943,1.986957482581155
ZMB-fed(KEN+TZA+UGA),2011,1,real_interest_rate,2012,lgbm_blind,4.82147742594943,1.320446251404202
ZMB-fed(KEN+TZA+UGA),2011,1,real_interest_rate,2012,lgbm_lag,4.82147742594943,1.986957482581155
ZMB-fed(KEN+TZA+UGA),2011,1,real_interest_rate,2012,lgbm_typed,4.82147742594943,1.986957482581155
ZMB-fed(KEN+TZA+UGA),2011,1,real_interest_rate,2012,tft,4.82147742594943,2.332362162215853
ZMB-fed(KEN+TZA+UGA),2011,1,real_interest_rate,2012,tgcn,4.82147742594943,
ZMB-fed(KEN+TZA+UGA),2011,1,real_interest_rate,2012,persistence_scarcity,4.82147742594943,2.1350821506493496
ZMB-fed(KEN+TZA+UGA),2011,1,real_interest_rate,2012,chronos_scarcity,4.82147742594943,2.3196287027431968
ZMB-fed(KEN+TZA+UGA),2011,1,real_interest_rate,2012,gnn_scarcity,4.82147742594943,0.738715661423063
ZMB-fed(KEN+TZA+UGA),2011,3,real_interest_rate,2014,persistence,5.81636783051129,1.1401917460874902
ZMB-fed(KEN+TZA+UGA),2011,3,real_interest_rate,2014,arima,5.81636783051129,1.0135086357164607
ZMB-fed(KEN+TZA+UGA),2011,3,real_interest_rate,2014,chronos,5.81636783051129,0.8226263864076557
ZMB-fed(KEN+TZA+UGA),2011,3,real_interest_rate,2014,xgb_blind,5.81636783051129,2.8698246820009174
ZMB-fed(KEN+TZA+UGA),2011,3,real_interest_rate,2014,xgb_lag,5.81636783051129,1.0135086357164607
ZMB-fed(KEN+TZA+UGA),2011,3,real_interest_rate,2014,xgb_typed,5.81636783051129,1.0135086357164607
ZMB-fed(KEN+TZA+UGA),2011,3,real_interest_rate,2014,lgbm_blind,5.81636783051129,4.528081212762636
ZMB-fed(KEN+TZA+UGA),2011,3,real_interest_rate,2014,lgbm_lag,5.81636783051129,1.0135086357164607
ZMB-fed(KEN+TZA+UGA),2011,3,real_interest_rate,2014,lgbm_typed,5.81636783051129,1.0135086357164607
ZMB-fed(KEN+TZA+UGA),2011,3,real_interest_rate,2014,tft,5.81636783051129,1.2727792604005757
ZMB-fed(KEN+TZA+UGA),2011,3,real_interest_rate,2014,tgcn,5.81636783051129,
ZMB-fed(KEN+TZA+UGA),2011,3,real_interest_rate,2014,persistence_scarcity,5.81636783051129,1.1401917460874902
ZMB-fed(KEN+TZA+UGA),2011,3,real_interest_rate,2014,chronos_scarcity,5.81636783051129,0.8226263864076557
ZMB-fed(KEN+TZA+UGA),2011,3,real_interest_rate,2014,gnn_scarcity,5.81636783051129,2.1507294518983784
ZMB-fed(KEN+TZA+UGA),2011,5,real_interest_rate,2016,persistence,1.69392927805065,5.26263029854813
ZMB-fed(KEN+TZA+UGA),2011,5,real_interest_rate,2016,arima,1.69392927805065,5.136608216536668
ZMB-fed(KEN+TZA+UGA),2011,5,real_interest_rate,2016,chronos,1.69392927805065,4.9450649388682955
ZMB-fed(KEN+TZA+UGA),2011,5,real_interest_rate,2016,xgb_blind,1.69392927805065,11.593795216883432
ZMB-fed(KEN+TZA+UGA),2011,5,real_interest_rate,2016,xgb_lag,1.69392927805065,5.136608216536668
ZMB-fed(KEN+TZA+UGA),2011,5,real_interest_rate,2016,xgb_typed,1.69392927805065,5.136608216536668
ZMB-fed(KEN+TZA+UGA),2011,5,real_interest_rate,2016,lgbm_blind,1.69392927805065,10.93165728775243
ZMB-fed(KEN+TZA+UGA),2011,5,real_interest_rate,2016,lgbm_lag,1.69392927805065,5.136608216536668
ZMB-fed(KEN+TZA+UGA),2011,5,real_interest_rate,2016,lgbm_typed,1.69392927805065,5.136608216536668
ZMB-fed(KEN+TZA+UGA),2011,5,real_interest_rate,2016,tft,1.69392927805065,5.382552064265024
ZMB-fed(KEN+TZA+UGA),2011,5,real_interest_rate,2016,tgcn,1.69392927805065,
ZMB-fed(KEN+TZA+UGA),2011,5,real_interest_rate,2016,persistence_scarcity,1.69392927805065,5.26263029854813
ZMB-fed(KEN+TZA+UGA),2011,5,real_interest_rate,2016,chronos_scarcity,1.69392927805065,4.9450649388682955
ZMB-fed(KEN+TZA+UGA),2011,5,real_interest_rate,2016,gnn_scarcity,1.69392927805065,10.581906712855112
ZMB-fed(KEN+TZA+UGA),2011,1,broad_money,2012,persistence,19.57691458578,0.4548910293064985
ZMB-fed(KEN+TZA+UGA),2011,1,broad_money,2012,arima,19.57691458578,0.5706380869374819
ZMB-fed(KEN+TZA+UGA),2011,1,broad_money,2012,chronos,19.57691458578,0.4441253769885556
ZMB-fed(KEN+TZA+UGA),2011,1,broad_money,2012,xgb_blind,19.57691458578,0.6047771346081241
ZMB-fed(KEN+TZA+UGA),2011,1,broad_money,2012,xgb_lag,19.57691458578,0.5706380869374819
ZMB-fed(KEN+TZA+UGA),2011,1,broad_money,2012,xgb_typed,19.57691458578,0.5706380869374819
ZMB-fed(KEN+TZA+UGA),2011,1,broad_money,2012,lgbm_blind,19.57691458578,1.7322973779349482
ZMB-fed(KEN+TZA+UGA),2011,1,broad_money,2012,lgbm_lag,19.57691458578,0.5706380869374819
ZMB-fed(KEN+TZA+UGA),2011,1,broad_money,2012,lgbm_typed,19.57691458578,0.5706380869374819
ZMB-fed(KEN+TZA+UGA),2011,1,broad_money,2012,tft,19.57691458578,0.3629749190319522
ZMB-fed(KEN+TZA+UGA),2011,1,broad_money,2012,tgcn,19.57691458578,
ZMB-fed(KEN+TZA+UGA),2011,1,broad_money,2012,persistence_scarcity,19.57691458578,0.4548910293064985
ZMB-fed(KEN+TZA+UGA),2011,1,broad_money,2012,chronos_scarcity,19.57691458578,0.4441253769885556
ZMB-fed(KEN+TZA+UGA),2011,1,broad_money,2012,gnn_scarcity,19.57691458578,1.5806110274303897
ZMB-fed(KEN+TZA+UGA),2011,3,broad_money,2014,persistence,20.9269794142477,1.8049558577741998
ZMB-fed(KEN+TZA+UGA),2011,3,broad_money,2014,arima,20.9269794142477,1.9045881117356984
ZMB-fed(KEN+TZA+UGA),2011,3,broad_money,2014,chronos,20.9269794142477,1.897076002382466
ZMB-fed(KEN+TZA+UGA),2011,3,broad_money,2014,xgb_blind,20.9269794142477,2.5339111006490675
ZMB-fed(KEN+TZA+UGA),2011,3,broad_money,2014,xgb_lag,20.9269794142477,1.9045881117356984
ZMB-fed(KEN+TZA+UGA),2011,3,broad_money,2014,xgb_typed,20.9269794142477,1.9045881117356984
ZMB-fed(KEN+TZA+UGA),2011,3,broad_money,2014,lgbm_blind,20.9269794142477,3.5576719464357147
ZMB-fed(KEN+TZA+UGA),2011,3,broad_money,2014,lgbm_lag,20.9269794142477,1.9045881117356984
ZMB-fed(KEN+TZA+UGA),2011,3,broad_money,2014,lgbm_typed,20.9269794142477,1.9045881117356984
ZMB-fed(KEN+TZA+UGA),2011,3,broad_money,2014,tft,20.9269794142477,1.6130012190572707
ZMB-fed(KEN+TZA+UGA),2011,3,broad_money,2014,tgcn,20.9269794142477,
ZMB-fed(KEN+TZA+UGA),2011,3,broad_money,2014,persistence_scarcity,20.9269794142477,1.8049558577741998
ZMB-fed(KEN+TZA+UGA),2011,3,broad_money,2014,chronos_scarcity,20.9269794142477,1.897076002382466
ZMB-fed(KEN+TZA+UGA),2011,3,broad_money,2014,gnn_scarcity,20.9269794142477,2.3899387037984816
ZMB-fed(KEN+TZA+UGA),2011,5,broad_money,2016,persistence,20.6235684850474,1.5015449285738995
ZMB-fed(KEN+TZA+UGA),2011,5,broad_money,2016,arima,20.6235684850474,1.6007268403886385
ZMB-fed(KEN+TZA+UGA),2011,5,broad_money,2016,chronos,20.6235684850474,1.791895816590369
ZMB-fed(KEN+TZA+UGA),2011,5,broad_money,2016,xgb_blind,20.6235684850474,3.476649234559119
ZMB-fed(KEN+TZA+UGA),2011,5,broad_money,2016,xgb_lag,20.6235684850474,1.6007268403886385
ZMB-fed(KEN+TZA+UGA),2011,5,broad_money,2016,xgb_typed,20.6235684850474,1.6007268403886385
ZMB-fed(KEN+TZA+UGA),2011,5,broad_money,2016,lgbm_blind,20.6235684850474,2.83640643356604
ZMB-fed(KEN+TZA+UGA),2011,5,broad_money,2016,lgbm_lag,20.6235684850474,1.6007268403886385
ZMB-fed(KEN+TZA+UGA),2011,5,broad_money,2016,lgbm_typed,20.6235684850474,1.6007268403886385
ZMB-fed(KEN+TZA+UGA),2011,5,broad_money,2016,tft,20.6235684850474,1.100874851014197
ZMB-fed(KEN+TZA+UGA),2011,5,broad_money,2016,tgcn,20.6235684850474,
ZMB-fed(KEN+TZA+UGA),2011,5,broad_money,2016,persistence_scarcity,20.6235684850474,1.5015449285738995
ZMB-fed(KEN+TZA+UGA),2011,5,broad_money,2016,chronos_scarcity,20.6235684850474,1.791895816590369
ZMB-fed(KEN+TZA+UGA),2011,5,broad_money,2016,gnn_scarcity,20.6235684850474,1.4867104985972048
ZMB-fed(KEN+TZA+UGA),2011,1,private_credit,2012,persistence,15.8590190469567,2.1660599315945994
ZMB-fed(KEN+TZA+UGA),2011,1,private_credit,2012,arima,15.8590190469567,2.1660599315945994
ZMB-fed(KEN+TZA+UGA),2011,1,private_credit,2012,chronos,15.8590190469567,2.206212764913243
ZMB-fed(KEN+TZA+UGA),2011,1,private_credit,2012,xgb_blind,15.8590190469567,2.1660602151695905
ZMB-fed(KEN+TZA+UGA),2011,1,private_credit,2012,xgb_lag,15.8590190469567,2.1660602151695905
ZMB-fed(KEN+TZA+UGA),2011,1,private_credit,2012,xgb_typed,15.8590190469567,2.1660602151695905
ZMB-fed(KEN+TZA+UGA),2011,1,private_credit,2012,lgbm_blind,15.8590190469567,2.1660602151695905
ZMB-fed(KEN+TZA+UGA),2011,1,private_credit,2012,lgbm_lag,15.8590190469567,2.1660602151695905
ZMB-fed(KEN+TZA+UGA),2011,1,private_credit,2012,lgbm_typed,15.8590190469567,2.1660602151695905
ZMB-fed(KEN+TZA+UGA),2011,1,private_credit,2012,tft,15.8590190469567,2.229209667379063
ZMB-fed(KEN+TZA+UGA),2011,1,private_credit,2012,tgcn,15.8590190469567,
ZMB-fed(KEN+TZA+UGA),2011,1,private_credit,2012,persistence_scarcity,15.8590190469567,2.1660599315945994
ZMB-fed(KEN+TZA+UGA),2011,1,private_credit,2012,chronos_scarcity,15.8590190469567,2.1660599315945994
ZMB-fed(KEN+TZA+UGA),2011,1,private_credit,2012,gnn_scarcity,15.8590190469567,2.1660602151695905
ZMB-fed(KEN+TZA+UGA),2011,3,private_credit,2014,persistence,17.0881246939801,3.3951655786179984
ZMB-fed(KEN+TZA+UGA),2011,3,private_credit,2014,arima,17.0881246939801,3.3951655786179984
ZMB-fed(KEN+TZA+UGA),2011,3,private_credit,2014,chronos,17.0881246939801,3.435318411936642
ZMB-fed(KEN+TZA+UGA),2011,3,private_credit,2014,xgb_blind,17.0881246939801,3.3951658621929894
ZMB-fed(KEN+TZA+UGA),2011,3,private_credit,2014,xgb_lag,17.0881246939801,3.3951658621929894
ZMB-fed(KEN+TZA+UGA),2011,3,private_credit,2014,xgb_typed,17.0881246939801,3.3951658621929894
ZMB-fed(KEN+TZA+UGA),2011,3,private_credit,2014,lgbm_blind,17.0881246939801,3.3951658621929894
ZMB-fed(KEN+TZA+UGA),2011,3,private_credit,2014,lgbm_lag,17.0881246939801,3.3951658621929894
ZMB-fed(KEN+TZA+UGA),2011,3,private_credit,2014,lgbm_typed,17.0881246939801,3.3951658621929894
ZMB-fed(KEN+TZA+UGA),2011,3,private_credit,2014,tft,17.0881246939801,3.463848532786251
ZMB-fed(KEN+TZA+UGA),2011,3,private_credit,2014,tgcn,17.0881246939801,
ZMB-fed(KEN+TZA+UGA),2011,3,private_credit,2014,persistence_scarcity,17.0881246939801,3.3951655786179984
ZMB-fed(KEN+TZA+UGA),2011,3,private_credit,2014,chronos_scarcity,17.0881246939801,3.3951655786179984
ZMB-fed(KEN+TZA+UGA),2011,3,private_credit,2014,gnn_scarcity,17.0881246939801,3.3951658621929894
ZMB-fed(KEN+TZA+UGA),2011,5,private_credit,2016,persistence,15.4421205069545,1.7491613915924002
ZMB-fed(KEN+TZA+UGA),2011,5,private_credit,2016,arima,15.4421205069545,1.7491613915924002
ZMB-fed(KEN+TZA+UGA),2011,5,private_credit,2016,chronos,15.4421205069545,1.7893142249110436
ZMB-fed(KEN+TZA+UGA),2011,5,private_credit,2016,xgb_blind,15.4421205069545,1.7491616751673913
ZMB-fed(KEN+TZA+UGA),2011,5,private_credit,2016,xgb_lag,15.4421205069545,1.7491616751673913
ZMB-fed(KEN+TZA+UGA),2011,5,private_credit,2016,xgb_typed,15.4421205069545,1.7491616751673913
ZMB-fed(KEN+TZA+UGA),2011,5,private_credit,2016,lgbm_blind,15.4421205069545,1.7491616751673913
ZMB-fed(KEN+TZA+UGA),2011,5,private_credit,2016,lgbm_lag,15.4421205069545,1.7491616751673913
ZMB-fed(KEN+TZA+UGA),2011,5,private_credit,2016,lgbm_typed,15.4421205069545,1.7491616751673913
ZMB-fed(KEN+TZA+UGA),2011,5,private_credit,2016,tft,15.4421205069545,1.8133210684779382
ZMB-fed(KEN+TZA+UGA),2011,5,private_credit,2016,tgcn,15.4421205069545,
ZMB-fed(KEN+TZA+UGA),2011,5,private_credit,2016,persistence_scarcity,15.4421205069545,1.7491613915924002
ZMB-fed(KEN+TZA+UGA),2011,5,private_credit,2016,chronos_scarcity,15.4421205069545,1.7491613915924002
ZMB-fed(KEN+TZA+UGA),2011,5,private_credit,2016,gnn_scarcity,15.4421205069545,1.7491616751673913
ZMB-fed(KEN+TZA+UGA),2011,1,govt_consumption,2012,persistence,11.897397961769,1.6515976186848
ZMB-fed(KEN+TZA+UGA),2011,1,govt_consumption,2012,arima,11.897397961769,1.6515976186869015
ZMB-fed(KEN+TZA+UGA),2011,1,govt_consumption,2012,chronos,11.897397961769,1.661625828895465
ZMB-fed(KEN+TZA+UGA),2011,1,govt_consumption,2012,xgb_blind,11.897397961769,3.2499818469618713
ZMB-fed(KEN+TZA+UGA),2011,1,govt_consumption,2012,xgb_lag,11.897397961769,1.6515976186869015
ZMB-fed(KEN+TZA+UGA),2011,1,govt_consumption,2012,xgb_typed,11.897397961769,1.6515976186869015
ZMB-fed(KEN+TZA+UGA),2011,1,govt_consumption,2012,lgbm_blind,11.897397961769,3.167955546985704
ZMB-fed(KEN+TZA+UGA),2011,1,govt_consumption,2012,lgbm_lag,11.897397961769,1.6515976186869015
ZMB-fed(KEN+TZA+UGA),2011,1,govt_consumption,2012,lgbm_typed,11.897397961769,1.6515976186869015
ZMB-fed(KEN+TZA+UGA),2011,1,govt_consumption,2012,tft,11.897397961769,1.8493728305434143
ZMB-fed(KEN+TZA+UGA),2011,1,govt_consumption,2012,tgcn,11.897397961769,
ZMB-fed(KEN+TZA+UGA),2011,1,govt_consumption,2012,persistence_scarcity,11.897397961769,1.6515976186848
ZMB-fed(KEN+TZA+UGA),2011,1,govt_consumption,2012,chronos_scarcity,11.897397961769,1.661625828895465
ZMB-fed(KEN+TZA+UGA),2011,1,govt_consumption,2012,gnn_scarcity,11.897397961769,3.1753930713271057
ZMB-fed(KEN+TZA+UGA),2011,3,govt_consumption,2014,persistence,14.5238685926023,4.2780682495181
ZMB-fed(KEN+TZA+UGA),2011,3,govt_consumption,2014,arima,14.5238685926023,4.278068249520201
ZMB-fed(KEN+TZA+UGA),2011,3,govt_consumption,2014,chronos,14.5238685926023,5.183721574169683
ZMB-fed(KEN+TZA+UGA),2011,3,govt_consumption,2014,xgb_blind,14.5238685926023,4.568588288647222
ZMB-fed(KEN+TZA+UGA),2011,3,govt_consumption,2014,xgb_lag,14.5238685926023,4.278068249520201
ZMB-fed(KEN+TZA+UGA),2011,3,govt_consumption,2014,xgb_typed,14.5238685926023,4.278068249520201
ZMB-fed(KEN+TZA+UGA),2011,3,govt_consumption,2014,lgbm_blind,14.5238685926023,5.786445348326755
ZMB-fed(KEN+TZA+UGA),2011,3,govt_consumption,2014,lgbm_lag,14.5238685926023,4.278068249520201
ZMB-fed(KEN+TZA+UGA),2011,3,govt_consumption,2014,lgbm_typed,14.5238685926023,4.278068249520201
ZMB-fed(KEN+TZA+UGA),2011,3,govt_consumption,2014,tft,14.5238685926023,3.704767258984136
ZMB-fed(KEN+TZA+UGA),2011,3,govt_consumption,2014,tgcn,14.5238685926023,
ZMB-fed(KEN+TZA+UGA),2011,3,govt_consumption,2014,persistence_scarcity,14.5238685926023,4.2780682495181
ZMB-fed(KEN+TZA+UGA),2011,3,govt_consumption,2014,chronos_scarcity,14.5238685926023,5.183721574169683
ZMB-fed(KEN+TZA+UGA),2011,3,govt_consumption,2014,gnn_scarcity,14.5238685926023,5.728027375561284
ZMB-fed(KEN+TZA+UGA),2011,5,govt_consumption,2016,persistence,16.0718741959666,5.8260738528824
ZMB-fed(KEN+TZA+UGA),2011,5,govt_consumption,2016,arima,16.0718741959666,5.826073852884502
ZMB-fed(KEN+TZA+UGA),2011,5,govt_consumption,2016,chronos,16.0718741959666,7.435435826215624
ZMB-fed(KEN+TZA+UGA),2011,5,govt_consumption,2016,xgb_blind,16.0718741959666,7.417548710737108
ZMB-fed(KEN+TZA+UGA),2011,5,govt_consumption,2016,xgb_lag,16.0718741959666,5.826073852884502
ZMB-fed(KEN+TZA+UGA),2011,5,govt_consumption,2016,xgb_typed,16.0718741959666,5.826073852884502
ZMB-fed(KEN+TZA+UGA),2011,5,govt_consumption,2016,lgbm_blind,16.0718741959666,7.324592279965337
ZMB-fed(KEN+TZA+UGA),2011,5,govt_consumption,2016,lgbm_lag,16.0718741959666,5.826073852884502
ZMB-fed(KEN+TZA+UGA),2011,5,govt_consumption,2016,lgbm_typed,16.0718741959666,5.826073852884502
ZMB-fed(KEN+TZA+UGA),2011,5,govt_consumption,2016,tft,16.0718741959666,4.840371663007616
ZMB-fed(KEN+TZA+UGA),2011,5,govt_consumption,2016,tgcn,16.0718741959666,
ZMB-fed(KEN+TZA+UGA),2011,5,govt_consumption,2016,persistence_scarcity,16.0718741959666,5.8260738528824
ZMB-fed(KEN+TZA+UGA),2011,5,govt_consumption,2016,chronos_scarcity,16.0718741959666,7.435435826215624
ZMB-fed(KEN+TZA+UGA),2011,5,govt_consumption,2016,gnn_scarcity,16.0718741959666,7.194128567609667
ZMB-fed(KEN+TZA+UGA),2012,1,gdp_growth,2013,persistence,5.05753695047252,2.5398440985474195
ZMB-fed(KEN+TZA+UGA),2012,1,gdp_growth,2013,arima,5.05753695047252,1.3683819457041295
ZMB-fed(KEN+TZA+UGA),2012,1,gdp_growth,2013,chronos,5.05753695047252,2.4484530779088276
ZMB-fed(KEN+TZA+UGA),2012,1,gdp_growth,2013,xgb_blind,5.05753695047252,2.3989764543736714
ZMB-fed(KEN+TZA+UGA),2012,1,gdp_growth,2013,xgb_lag,5.05753695047252,1.3683819457041295
ZMB-fed(KEN+TZA+UGA),2012,1,gdp_growth,2013,xgb_typed,5.05753695047252,1.3683819457041295
ZMB-fed(KEN+TZA+UGA),2012,1,gdp_growth,2013,lgbm_blind,5.05753695047252,0.2735438473544143
ZMB-fed(KEN+TZA+UGA),2012,1,gdp_growth,2013,lgbm_lag,5.05753695047252,1.3683819457041295
ZMB-fed(KEN+TZA+UGA),2012,1,gdp_growth,2013,lgbm_typed,5.05753695047252,1.3683819457041295
ZMB-fed(KEN+TZA+UGA),2012,1,gdp_growth,2013,tft,5.05753695047252,3.041959890958144
ZMB-fed(KEN+TZA+UGA),2012,1,gdp_growth,2013,tgcn,5.05753695047252,
ZMB-fed(KEN+TZA+UGA),2012,1,gdp_growth,2013,persistence_scarcity,5.05753695047252,2.5398440985474195
ZMB-fed(KEN+TZA+UGA),2012,1,gdp_growth,2013,chronos_scarcity,5.05753695047252,2.4484530779088276
ZMB-fed(KEN+TZA+UGA),2012,1,gdp_growth,2013,gnn_scarcity,5.05753695047252,0.5590647367274029
ZMB-fed(KEN+TZA+UGA),2012,3,gdp_growth,2015,persistence,2.92037511217961,4.677005936840329
ZMB-fed(KEN+TZA+UGA),2012,3,gdp_growth,2015,arima,2.92037511217961,3.791353720229139
ZMB-fed(KEN+TZA+UGA),2012,3,gdp_growth,2015,chronos,2.92037511217961,4.24074720990291
ZMB-fed(KEN+TZA+UGA),2012,3,gdp_growth,2015,xgb_blind,2.92037511217961,3.907995935794023
ZMB-fed(KEN+TZA+UGA),2012,3,gdp_growth,2015,xgb_lag,2.92037511217961,3.791353720229139
ZMB-fed(KEN+TZA+UGA),2012,3,gdp_growth,2015,xgb_typed,2.92037511217961,3.791353720229139
ZMB-fed(KEN+TZA+UGA),2012,3,gdp_growth,2015,lgbm_blind,2.92037511217961,2.4303700814806493
ZMB-fed(KEN+TZA+UGA),2012,3,gdp_growth,2015,lgbm_lag,2.92037511217961,3.791353720229139
ZMB-fed(KEN+TZA+UGA),2012,3,gdp_growth,2015,lgbm_typed,2.92037511217961,3.791353720229139
ZMB-fed(KEN+TZA+UGA),2012,3,gdp_growth,2015,tft,2.92037511217961,5.119534250613359
ZMB-fed(KEN+TZA+UGA),2012,3,gdp_growth,2015,tgcn,2.92037511217961,
ZMB-fed(KEN+TZA+UGA),2012,3,gdp_growth,2015,persistence_scarcity,2.92037511217961,4.677005936840329
ZMB-fed(KEN+TZA+UGA),2012,3,gdp_growth,2015,chronos_scarcity,2.92037511217961,4.24074720990291
ZMB-fed(KEN+TZA+UGA),2012,3,gdp_growth,2015,gnn_scarcity,2.92037511217961,1.682283636447099
ZMB-fed(KEN+TZA+UGA),2012,5,gdp_growth,2017,persistence,3.52586277149926,4.0715182775206795
ZMB-fed(KEN+TZA+UGA),2012,5,gdp_growth,2017,arima,3.52586277149926,3.2812209046437255
ZMB-fed(KEN+TZA+UGA),2012,5,gdp_growth,2017,chronos,3.52586277149926,3.188957613479988
ZMB-fed(KEN+TZA+UGA),2012,5,gdp_growth,2017,xgb_blind,3.52586277149926,3.020167749893562
ZMB-fed(KEN+TZA+UGA),2012,5,gdp_growth,2017,xgb_lag,3.52586277149926,3.2812209046437255
ZMB-fed(KEN+TZA+UGA),2012,5,gdp_growth,2017,xgb_typed,3.52586277149926,3.2812209046437255
ZMB-fed(KEN+TZA+UGA),2012,5,gdp_growth,2017,lgbm_blind,3.52586277149926,2.520974523595866
ZMB-fed(KEN+TZA+UGA),2012,5,gdp_growth,2017,lgbm_lag,3.52586277149926,3.2812209046437255
ZMB-fed(KEN+TZA+UGA),2012,5,gdp_growth,2017,lgbm_typed,3.52586277149926,3.2812209046437255
ZMB-fed(KEN+TZA+UGA),2012,5,gdp_growth,2017,tft,3.52586277149926,4.4963273224948805
ZMB-fed(KEN+TZA+UGA),2012,5,gdp_growth,2017,tgcn,3.52586277149926,
ZMB-fed(KEN+TZA+UGA),2012,5,gdp_growth,2017,persistence_scarcity,3.52586277149926,4.0715182775206795
ZMB-fed(KEN+TZA+UGA),2012,5,gdp_growth,2017,chronos_scarcity,3.52586277149926,3.188957613479988
ZMB-fed(KEN+TZA+UGA),2012,5,gdp_growth,2017,gnn_scarcity,3.52586277149926,3.0590523896335524
ZMB-fed(KEN+TZA+UGA),2012,1,inflation_cpi,2013,persistence,6.97767605490307,0.40177634732609047
ZMB-fed(KEN+TZA+UGA),2012,1,inflation_cpi,2013,arima,6.97767605490307,0.3986456627225463
ZMB-fed(KEN+TZA+UGA),2012,1,inflation_cpi,2013,chronos,6.97767605490307,0.5761176557026308
ZMB-fed(KEN+TZA+UGA),2012,1,inflation_cpi,2013,xgb_blind,6.97767605490307,7.231587746671637
ZMB-fed(KEN+TZA+UGA),2012,1,inflation_cpi,2013,xgb_lag,6.97767605490307,0.3986456627225463
ZMB-fed(KEN+TZA+UGA),2012,1,inflation_cpi,2013,xgb_typed,6.97767605490307,0.3986456627225463
ZMB-fed(KEN+TZA+UGA),2012,1,inflation_cpi,2013,lgbm_blind,6.97767605490307,31.627139406515774
ZMB-fed(KEN+TZA+UGA),2012,1,inflation_cpi,2013,lgbm_lag,6.97767605490307,0.3986456627225463
ZMB-fed(KEN+TZA+UGA),2012,1,inflation_cpi,2013,lgbm_typed,6.97767605490307,0.3986456627225463
ZMB-fed(KEN+TZA+UGA),2012,1,inflation_cpi,2013,tft,6.97767605490307,0.18462290472606835
ZMB-fed(KEN+TZA+UGA),2012,1,inflation_cpi,2013,tgcn,6.97767605490307,
ZMB-fed(KEN+TZA+UGA),2012,1,inflation_cpi,2013,persistence_scarcity,6.97767605490307,0.40177634732609047
ZMB-fed(KEN+TZA+UGA),2012,1,inflation_cpi,2013,chronos_scarcity,6.97767605490307,0.5761176557026308
ZMB-fed(KEN+TZA+UGA),2012,1,inflation_cpi,2013,gnn_scarcity,6.97767605490307,33.95903048806568
ZMB-fed(KEN+TZA+UGA),2012,3,inflation_cpi,2015,persistence,10.1105928909618,3.534693183384821
ZMB-fed(KEN+TZA+UGA),2012,3,inflation_cpi,2015,arima,10.1105928909618,3.5314941681738796
ZMB-fed(KEN+TZA+UGA),2012,3,inflation_cpi,2015,chronos,10.1105928909618,2.794549037202035
ZMB-fed(KEN+TZA+UGA),2012,3,inflation_cpi,2015,xgb_blind,10.1105928909618,4.655462216154898
ZMB-fed(KEN+TZA+UGA),2012,3,inflation_cpi,2015,xgb_lag,10.1105928909618,3.5314941681738796
ZMB-fed(KEN+TZA+UGA),2012,3,inflation_cpi,2015,xgb_typed,10.1105928909618,3.5314941681738796
ZMB-fed(KEN+TZA+UGA),2012,3,inflation_cpi,2015,lgbm_blind,10.1105928909618,19.18726141335186
ZMB-fed(KEN+TZA+UGA),2012,3,inflation_cpi,2015,lgbm_lag,10.1105928909618,3.5314941681738796
ZMB-fed(KEN+TZA+UGA),2012,3,inflation_cpi,2015,lgbm_typed,10.1105928909618,3.5314941681738796
ZMB-fed(KEN+TZA+UGA),2012,3,inflation_cpi,2015,tft,10.1105928909618,3.391415644868051
ZMB-fed(KEN+TZA+UGA),2012,3,inflation_cpi,2015,tgcn,10.1105928909618,
ZMB-fed(KEN+TZA+UGA),2012,3,inflation_cpi,2015,persistence_scarcity,10.1105928909618,3.534693183384821
ZMB-fed(KEN+TZA+UGA),2012,3,inflation_cpi,2015,chronos_scarcity,10.1105928909618,2.794549037202035
ZMB-fed(KEN+TZA+UGA),2012,3,inflation_cpi,2015,gnn_scarcity,10.1105928909618,32.009322117583125
ZMB-fed(KEN+TZA+UGA),2012,5,inflation_cpi,2017,persistence,6.57731154205644,0.0014118344794598059
ZMB-fed(KEN+TZA+UGA),2012,5,inflation_cpi,2017,arima,6.57731154205644,0.0017872119348512072
ZMB-fed(KEN+TZA+UGA),2012,5,inflation_cpi,2017,chronos,6.57731154205644,0.8911599850431697
ZMB-fed(KEN+TZA+UGA),2012,5,inflation_cpi,2017,xgb_blind,6.57731154205644,3.929875347591998
ZMB-fed(KEN+TZA+UGA),2012,5,inflation_cpi,2017,xgb_lag,6.57731154205644,0.0017872119348512072
ZMB-fed(KEN+TZA+UGA),2012,5,inflation_cpi,2017,xgb_typed,6.57731154205644,0.0017872119348512072
ZMB-fed(KEN+TZA+UGA),2012,5,inflation_cpi,2017,lgbm_blind,6.57731154205644,12.758450773269828
ZMB-fed(KEN+TZA+UGA),2012,5,inflation_cpi,2017,lgbm_lag,6.57731154205644,0.0017872119348512072
ZMB-fed(KEN+TZA+UGA),2012,5,inflation_cpi,2017,lgbm_typed,6.57731154205644,0.0017872119348512072
ZMB-fed(KEN+TZA+UGA),2012,5,inflation_cpi,2017,tft,6.57731154205644,0.11742589233076739
ZMB-fed(KEN+TZA+UGA),2012,5,inflation_cpi,2017,tgcn,6.57731154205644,
ZMB-fed(KEN+TZA+UGA),2012,5,inflation_cpi,2017,persistence_scarcity,6.57731154205644,0.0014118344794598059
ZMB-fed(KEN+TZA+UGA),2012,5,inflation_cpi,2017,chronos_scarcity,6.57731154205644,0.8911599850431697
ZMB-fed(KEN+TZA+UGA),2012,5,inflation_cpi,2017,gnn_scarcity,6.57731154205644,58.05434128997481
ZMB-fed(KEN+TZA+UGA),2012,1,unemployment,2013,persistence,7.272,0.5779999999999994
ZMB-fed(KEN+TZA+UGA),2012,1,unemployment,2013,arima,7.272,0.5179912809506391
ZMB-fed(KEN+TZA+UGA),2012,1,unemployment,2013,chronos,7.272,0.8840754776000974
ZMB-fed(KEN+TZA+UGA),2012,1,unemployment,2013,xgb_blind,7.272,2.8366845397949216
ZMB-fed(KEN+TZA+UGA),2012,1,unemployment,2013,xgb_lag,7.272,0.5179912809506391
ZMB-fed(KEN+TZA+UGA),2012,1,unemployment,2013,xgb_typed,7.272,0.5179912809506391
ZMB-fed(KEN+TZA+UGA),2012,1,unemployment,2013,lgbm_blind,7.272,6.684909092989834
ZMB-fed(KEN+TZA+UGA),2012,1,unemployment,2013,lgbm_lag,7.272,0.5179912809506391
ZMB-fed(KEN+TZA+UGA),2012,1,unemployment,2013,lgbm_typed,7.272,0.5179912809506391
ZMB-fed(KEN+TZA+UGA),2012,1,unemployment,2013,tft,7.272,2.95888264465332
ZMB-fed(KEN+TZA+UGA),2012,1,unemployment,2013,tgcn,7.272,
ZMB-fed(KEN+TZA+UGA),2012,1,unemployment,2013,persistence_scarcity,7.272,0.5779999999999994
ZMB-fed(KEN+TZA+UGA),2012,1,unemployment,2013,chronos_scarcity,7.272,0.8840754776000974
ZMB-fed(KEN+TZA+UGA),2012,1,unemployment,2013,gnn_scarcity,7.272,6.8544009475708005
ZMB-fed(KEN+TZA+UGA),2012,3,unemployment,2015,persistence,5.951,1.899
ZMB-fed(KEN+TZA+UGA),2012,3,unemployment,2015,arima,5.951,0.17693332406484696
ZMB-fed(KEN+TZA+UGA),2012,3,unemployment,2015,chronos,5.951,2.36092684173584
ZMB-fed(KEN+TZA+UGA),2012,3,unemployment,2015,xgb_blind,5.951,4.945457672119141
ZMB-fed(KEN+TZA+UGA),2012,3,unemployment,2015,xgb_lag,5.951,0.17693332406484696
ZMB-fed(KEN+TZA+UGA),2012,3,unemployment,2015,xgb_typed,5.951,0.17693332406484696
ZMB-fed(KEN+TZA+UGA),2012,3,unemployment,2015,lgbm_blind,5.951,7.478199981689454
ZMB-fed(KEN+TZA+UGA),2012,3,unemployment,2015,lgbm_lag,5.951,0.17693332406484696
ZMB-fed(KEN+TZA+UGA),2012,3,unemployment,2015,lgbm_typed,5.951,0.17693332406484696
ZMB-fed(KEN+TZA+UGA),2012,3,unemployment,2015,tft,5.951,4.277610038757325
ZMB-fed(KEN+TZA+UGA),2012,3,unemployment,2015,tgcn,5.951,
ZMB-fed(KEN+TZA+UGA),2012,3,unemployment,2015,persistence_scarcity,5.951,1.899
ZMB-fed(KEN+TZA+UGA),2012,3,unemployment,2015,chronos_scarcity,5.951,2.36092684173584
ZMB-fed(KEN+TZA+UGA),2012,3,unemployment,2015,gnn_scarcity,5.951,8.259009574890136
ZMB-fed(KEN+TZA+UGA),2012,5,unemployment,2017,persistence,4.529,3.3209999999999997
ZMB-fed(KEN+TZA+UGA),2012,5,unemployment,2017,arima,4.529,1.4956198551665203
ZMB-fed(KEN+TZA+UGA),2012,5,unemployment,2017,chronos,4.529,3.367331310272217
ZMB-fed(KEN+TZA+UGA),2012,5,unemployment,2017,xgb_blind,4.529,5.028765007019043
ZMB-fed(KEN+TZA+UGA),2012,5,unemployment,2017,xgb_lag,4.529,1.4956198551665203
ZMB-fed(KEN+TZA+UGA),2012,5,unemployment,2017,xgb_typed,4.529,1.4956198551665203
ZMB-fed(KEN+TZA+UGA),2012,5,unemployment,2017,lgbm_blind,4.529,8.2596110941569
ZMB-fed(KEN+TZA+UGA),2012,5,unemployment,2017,lgbm_lag,4.529,1.4956198551665203
ZMB-fed(KEN+TZA+UGA),2012,5,unemployment,2017,lgbm_typed,4.529,1.4956198551665203
ZMB-fed(KEN+TZA+UGA),2012,5,unemployment,2017,tft,4.529,5.699200912475586
ZMB-fed(KEN+TZA+UGA),2012,5,unemployment,2017,tgcn,4.529,
ZMB-fed(KEN+TZA+UGA),2012,5,unemployment,2017,persistence_scarcity,4.529,3.3209999999999997
ZMB-fed(KEN+TZA+UGA),2012,5,unemployment,2017,chronos_scarcity,4.529,3.367331310272217
ZMB-fed(KEN+TZA+UGA),2012,5,unemployment,2017,gnn_scarcity,4.529,11.271753593444824
ZMB-fed(KEN+TZA+UGA),2012,1,exports_gdp,2013,persistence,40.4827166938697,0.39980569951709555
ZMB-fed(KEN+TZA+UGA),2012,1,exports_gdp,2013,arima,40.4827166938697,0.3787565168855309
ZMB-fed(KEN+TZA+UGA),2012,1,exports_gdp,2013,chronos,40.4827166938697,1.2695971870337601
ZMB-fed(KEN+TZA+UGA),2012,1,exports_gdp,2013,xgb_blind,40.4827166938697,1.3014956855689164
ZMB-fed(KEN+TZA+UGA),2012,1,exports_gdp,2013,xgb_lag,40.4827166938697,0.3787565168855309
ZMB-fed(KEN+TZA+UGA),2012,1,exports_gdp,2013,xgb_typed,40.4827166938697,0.3787565168855309
ZMB-fed(KEN+TZA+UGA),2012,1,exports_gdp,2013,lgbm_blind,40.4827166938697,9.657979145041573
ZMB-fed(KEN+TZA+UGA),2012,1,exports_gdp,2013,lgbm_lag,40.4827166938697,0.3787565168855309
ZMB-fed(KEN+TZA+UGA),2012,1,exports_gdp,2013,lgbm_typed,40.4827166938697,0.3787565168855309
ZMB-fed(KEN+TZA+UGA),2012,1,exports_gdp,2013,tft,40.4827166938697,0.09291566847907262
ZMB-fed(KEN+TZA+UGA),2012,1,exports_gdp,2013,tgcn,40.4827166938697,
ZMB-fed(KEN+TZA+UGA),2012,1,exports_gdp,2013,persistence_scarcity,40.4827166938697,0.39980569951709555
ZMB-fed(KEN+TZA+UGA),2012,1,exports_gdp,2013,chronos_scarcity,40.4827166938697,1.2695971870337601
ZMB-fed(KEN+TZA+UGA),2012,1,exports_gdp,2013,gnn_scarcity,40.4827166938697,9.626219882956612
ZMB-fed(KEN+TZA+UGA),2012,3,exports_gdp,2015,persistence,37.1385258014734,2.944385192879203
ZMB-fed(KEN+TZA+UGA),2012,3,exports_gdp,2015,arima,37.1385258014734,2.964355214741637
ZMB-fed(KEN+TZA+UGA),2012,3,exports_gdp,2015,chronos,37.1385258014734,2.867913407510976
ZMB-fed(KEN+TZA+UGA),2012,3,exports_gdp,2015,xgb_blind,37.1385258014734,0.558106583780507
ZMB-fed(KEN+TZA+UGA),2012,3,exports_gdp,2015,xgb_lag,37.1385258014734,2.964355214741637
ZMB-fed(KEN+TZA+UGA),2012,3,exports_gdp,2015,xgb_typed,37.1385258014734,2.964355214741637
ZMB-fed(KEN+TZA+UGA),2012,3,exports_gdp,2015,lgbm_blind,37.1385258014734,6.526353865438242
ZMB-fed(KEN+TZA+UGA),2012,3,exports_gdp,2015,lgbm_lag,37.1385258014734,2.964355214741637
ZMB-fed(KEN+TZA+UGA),2012,3,exports_gdp,2015,lgbm_typed,37.1385258014734,2.964355214741637
ZMB-fed(KEN+TZA+UGA),2012,3,exports_gdp,2015,tft,37.1385258014734,2.9519321147863664
ZMB-fed(KEN+TZA+UGA),2012,3,exports_gdp,2015,tgcn,37.1385258014734,
ZMB-fed(KEN+TZA+UGA),2012,3,exports_gdp,2015,persistence_scarcity,37.1385258014734,2.944385192879203
ZMB-fed(KEN+TZA+UGA),2012,3,exports_gdp,2015,chronos_scarcity,37.1385258014734,2.867913407510976
ZMB-fed(KEN+TZA+UGA),2012,3,exports_gdp,2015,gnn_scarcity,37.1385258014734,6.170380430990001
ZMB-fed(KEN+TZA+UGA),2012,5,exports_gdp,2017,persistence,34.9928577635918,5.090053230760802
ZMB-fed(KEN+TZA+UGA),2012,5,exports_gdp,2017,arima,34.9928577635918,5.110020081627077
ZMB-fed(KEN+TZA+UGA),2012,5,exports_gdp,2017,chronos,34.9928577635918,2.066933801349606
ZMB-fed(KEN+TZA+UGA),2012,5,exports_gdp,2017,xgb_blind,34.9928577635918,2.563588311847653
ZMB-fed(KEN+TZA+UGA),2012,5,exports_gdp,2017,xgb_lag,34.9928577635918,5.110020081627077
ZMB-fed(KEN+TZA+UGA),2012,5,exports_gdp,2017,xgb_typed,34.9928577635918,5.110020081627077
ZMB-fed(KEN+TZA+UGA),2012,5,exports_gdp,2017,lgbm_blind,34.9928577635918,4.640488243192493
ZMB-fed(KEN+TZA+UGA),2012,5,exports_gdp,2017,lgbm_lag,34.9928577635918,5.110020081627077
ZMB-fed(KEN+TZA+UGA),2012,5,exports_gdp,2017,lgbm_typed,34.9928577635918,5.110020081627077
ZMB-fed(KEN+TZA+UGA),2012,5,exports_gdp,2017,tft,34.9928577635918,5.073075463947262
ZMB-fed(KEN+TZA+UGA),2012,5,exports_gdp,2017,tgcn,34.9928577635918,
ZMB-fed(KEN+TZA+UGA),2012,5,exports_gdp,2017,persistence_scarcity,34.9928577635918,5.090053230760802
ZMB-fed(KEN+TZA+UGA),2012,5,exports_gdp,2017,chronos_scarcity,34.9928577635918,2.066933801349606
ZMB-fed(KEN+TZA+UGA),2012,5,exports_gdp,2017,gnn_scarcity,34.9928577635918,1.9005077574882847
ZMB-fed(KEN+TZA+UGA),2012,1,imports_gdp,2013,persistence,39.9735243274676,4.688725465913201
ZMB-fed(KEN+TZA+UGA),2012,1,imports_gdp,2013,arima,39.9735243274676,4.633599468319964
ZMB-fed(KEN+TZA+UGA),2012,1,imports_gdp,2013,chronos,39.9735243274676,4.270349736403148
ZMB-fed(KEN+TZA+UGA),2012,1,imports_gdp,2013,xgb_blind,39.9735243274676,8.840946431349437
ZMB-fed(KEN+TZA+UGA),2012,1,imports_gdp,2013,xgb_lag,39.9735243274676,4.633599468319964
ZMB-fed(KEN+TZA+UGA),2012,1,imports_gdp,2013,xgb_typed,39.9735243274676,4.633599468319964
ZMB-fed(KEN+TZA+UGA),2012,1,imports_gdp,2013,lgbm_blind,39.9735243274676,6.633617374869722
ZMB-fed(KEN+TZA+UGA),2012,1,imports_gdp,2013,lgbm_lag,39.9735243274676,4.633599468319964
ZMB-fed(KEN+TZA+UGA),2012,1,imports_gdp,2013,lgbm_typed,39.9735243274676,4.633599468319964
ZMB-fed(KEN+TZA+UGA),2012,1,imports_gdp,2013,tft,39.9735243274676,0.8284056140886946
ZMB-fed(KEN+TZA+UGA),2012,1,imports_gdp,2013,tgcn,39.9735243274676,
ZMB-fed(KEN+TZA+UGA),2012,1,imports_gdp,2013,persistence_scarcity,39.9735243274676,4.688725465913201
ZMB-fed(KEN+TZA+UGA),2012,1,imports_gdp,2013,chronos_scarcity,39.9735243274676,4.270349736403148
ZMB-fed(KEN+TZA+UGA),2012,1,imports_gdp,2013,gnn_scarcity,39.9735243274676,6.663679356764476
ZMB-fed(KEN+TZA+UGA),2012,3,imports_gdp,2015,persistence,42.7267429559224,7.441944094367997
ZMB-fed(KEN+TZA+UGA),2012,3,imports_gdp,2015,arima,42.7267429559224,7.38577254158362
ZMB-fed(KEN+TZA+UGA),2012,3,imports_gdp,2015,chronos,42.7267429559224,8.2462627618306
ZMB-fed(KEN+TZA+UGA),2012,3,imports_gdp,2015,xgb_blind,42.7267429559224,10.4741680352681
ZMB-fed(KEN+TZA+UGA),2012,3,imports_gdp,2015,xgb_lag,42.7267429559224,7.38577254158362
ZMB-fed(KEN+TZA+UGA),2012,3,imports_gdp,2015,xgb_typed,42.7267429559224,7.38577254158362
ZMB-fed(KEN+TZA+UGA),2012,3,imports_gdp,2015,lgbm_blind,42.7267429559224,9.422865220784459
ZMB-fed(KEN+TZA+UGA),2012,3,imports_gdp,2015,lgbm_lag,42.7267429559224,7.38577254158362
ZMB-fed(KEN+TZA+UGA),2012,3,imports_gdp,2015,lgbm_typed,42.7267429559224,7.38577254158362
ZMB-fed(KEN+TZA+UGA),2012,3,imports_gdp,2015,tft,42.7267429559224,3.456235143422397
ZMB-fed(KEN+TZA+UGA),2012,3,imports_gdp,2015,tgcn,42.7267429559224,
ZMB-fed(KEN+TZA+UGA),2012,3,imports_gdp,2015,persistence_scarcity,42.7267429559224,7.441944094367997
ZMB-fed(KEN+TZA+UGA),2012,3,imports_gdp,2015,chronos_scarcity,42.7267429559224,8.2462627618306
ZMB-fed(KEN+TZA+UGA),2012,3,imports_gdp,2015,gnn_scarcity,42.7267429559224,9.332738134145053
ZMB-fed(KEN+TZA+UGA),2012,5,imports_gdp,2017,persistence,36.5928368906648,1.3080380291103992
ZMB-fed(KEN+TZA+UGA),2012,5,imports_gdp,2017,arima,36.5928368906648,1.251866113829692
ZMB-fed(KEN+TZA+UGA),2012,5,imports_gdp,2017,chronos,36.5928368906648,3.9464288096101114
ZMB-fed(KEN+TZA+UGA),2012,5,imports_gdp,2017,xgb_blind,36.5928368906648,4.997824225869877
ZMB-fed(KEN+TZA+UGA),2012,5,imports_gdp,2017,xgb_lag,36.5928368906648,1.251866113829692
ZMB-fed(KEN+TZA+UGA),2012,5,imports_gdp,2017,xgb_typed,36.5928368906648,1.251866113829692
ZMB-fed(KEN+TZA+UGA),2012,5,imports_gdp,2017,lgbm_blind,36.5928368906648,3.3329948657556727
ZMB-fed(KEN+TZA+UGA),2012,5,imports_gdp,2017,lgbm_lag,36.5928368906648,1.251866113829692
ZMB-fed(KEN+TZA+UGA),2012,5,imports_gdp,2017,lgbm_typed,36.5928368906648,1.251866113829692
ZMB-fed(KEN+TZA+UGA),2012,5,imports_gdp,2017,tft,36.5928368906648,2.673306908163326
ZMB-fed(KEN+TZA+UGA),2012,5,imports_gdp,2017,tgcn,36.5928368906648,
ZMB-fed(KEN+TZA+UGA),2012,5,imports_gdp,2017,persistence_scarcity,36.5928368906648,1.3080380291103992
ZMB-fed(KEN+TZA+UGA),2012,5,imports_gdp,2017,chronos_scarcity,36.5928368906648,3.9464288096101114
ZMB-fed(KEN+TZA+UGA),2012,5,imports_gdp,2017,gnn_scarcity,36.5928368906648,1.5976090769440958
ZMB-fed(KEN+TZA+UGA),2012,1,current_account,2013,persistence,-0.575955750525117,5.954940612085427
ZMB-fed(KEN+TZA+UGA),2012,1,current_account,2013,arima,-0.575955750525117,5.800141137854831
ZMB-fed(KEN+TZA+UGA),2012,1,current_account,2013,chronos,-0.575955750525117,6.062608124792695
ZMB-fed(KEN+TZA+UGA),2012,1,current_account,2013,xgb_blind,-0.575955750525117,4.929804684698701
ZMB-fed(KEN+TZA+UGA),2012,1,current_account,2013,xgb_lag,-0.575955750525117,5.800141137854831
ZMB-fed(KEN+TZA+UGA),2012,1,current_account,2013,xgb_typed,-0.575955750525117,5.800141137854831
ZMB-fed(KEN+TZA+UGA),2012,1,current_account,2013,lgbm_blind,-0.575955750525117,5.701549181271564
ZMB-fed(KEN+TZA+UGA),2012,1,current_account,2013,lgbm_lag,-0.575955750525117,5.800141137854831
ZMB-fed(KEN+TZA+UGA),2012,1,current_account,2013,lgbm_typed,-0.575955750525117,5.800141137854831
ZMB-fed(KEN+TZA+UGA),2012,1,current_account,2013,tft,-0.575955750525117,6.362797143042207
ZMB-fed(KEN+TZA+UGA),2012,1,current_account,2013,tgcn,-0.575955750525117,
ZMB-fed(KEN+TZA+UGA),2012,1,current_account,2013,persistence_scarcity,-0.575955750525117,5.954940612085427
ZMB-fed(KEN+TZA+UGA),2012,1,current_account,2013,chronos_scarcity,-0.575955750525117,6.062608124792695
ZMB-fed(KEN+TZA+UGA),2012,1,current_account,2013,gnn_scarcity,-0.575955750525117,6.32182705205667
ZMB-fed(KEN+TZA+UGA),2012,3,current_account,2015,persistence,-3.61227207947561,8.991256941035921
ZMB-fed(KEN+TZA+UGA),2012,3,current_account,2015,arima,-3.61227207947561,8.862563979978068
ZMB-fed(KEN+TZA+UGA),2012,3,current_account,2015,chronos,-3.61227207947561,8.523163612373558
ZMB-fed(KEN+TZA+UGA),2012,3,current_account,2015,xgb_blind,-3.61227207947561,7.803430850990503
ZMB-fed(KEN+TZA+UGA),2012,3,current_account,2015,xgb_lag,-3.61227207947561,8.862563979978068
ZMB-fed(KEN+TZA+UGA),2012,3,current_account,2015,xgb_typed,-3.61227207947561,8.862563979978068
ZMB-fed(KEN+TZA+UGA),2012,3,current_account,2015,lgbm_blind,-3.61227207947561,2.387690166942389
ZMB-fed(KEN+TZA+UGA),2012,3,current_account,2015,lgbm_lag,-3.61227207947561,8.862563979978068
ZMB-fed(KEN+TZA+UGA),2012,3,current_account,2015,lgbm_typed,-3.61227207947561,8.862563979978068
ZMB-fed(KEN+TZA+UGA),2012,3,current_account,2015,tft,-3.61227207947561,9.309564407356469
ZMB-fed(KEN+TZA+UGA),2012,3,current_account,2015,tgcn,-3.61227207947561,
ZMB-fed(KEN+TZA+UGA),2012,3,current_account,2015,persistence_scarcity,-3.61227207947561,8.991256941035921
ZMB-fed(KEN+TZA+UGA),2012,3,current_account,2015,chronos_scarcity,-3.61227207947561,8.523163612373558
ZMB-fed(KEN+TZA+UGA),2012,3,current_account,2015,gnn_scarcity,-3.61227207947561,3.087998096458228
ZMB-fed(KEN+TZA+UGA),2012,5,current_account,2017,persistence,-1.68127057617849,7.0602554377388005
ZMB-fed(KEN+TZA+UGA),2012,5,current_account,2017,arima,-1.68127057617849,6.932766737551041
ZMB-fed(KEN+TZA+UGA),2012,5,current_account,2017,chronos,-1.68127057617849,6.050266719519555
ZMB-fed(KEN+TZA+UGA),2012,5,current_account,2017,xgb_blind,-1.68127057617849,6.701551414191186
ZMB-fed(KEN+TZA+UGA),2012,5,current_account,2017,xgb_lag,-1.68127057617849,6.932766737551041
ZMB-fed(KEN+TZA+UGA),2012,5,current_account,2017,xgb_typed,-1.68127057617849,6.932766737551041
ZMB-fed(KEN+TZA+UGA),2012,5,current_account,2017,lgbm_blind,-1.68127057617849,3.979472832554454
ZMB-fed(KEN+TZA+UGA),2012,5,current_account,2017,lgbm_lag,-1.68127057617849,6.932766737551041
ZMB-fed(KEN+TZA+UGA),2012,5,current_account,2017,lgbm_typed,-1.68127057617849,6.932766737551041
ZMB-fed(KEN+TZA+UGA),2012,5,current_account,2017,tft,-1.68127057617849,7.3521976239079825
ZMB-fed(KEN+TZA+UGA),2012,5,current_account,2017,tgcn,-1.68127057617849,
ZMB-fed(KEN+TZA+UGA),2012,5,current_account,2017,persistence_scarcity,-1.68127057617849,7.0602554377388005
ZMB-fed(KEN+TZA+UGA),2012,5,current_account,2017,chronos_scarcity,-1.68127057617849,6.050266719519555
ZMB-fed(KEN+TZA+UGA),2012,5,current_account,2017,gnn_scarcity,-1.68127057617849,1.2611084216242443
ZMB-fed(KEN+TZA+UGA),2012,1,real_interest_rate,2013,persistence,-0.191430038192798,5.012907464142228
ZMB-fed(KEN+TZA+UGA),2012,1,real_interest_rate,2013,arima,-0.191430038192798,5.389996279134814
ZMB-fed(KEN+TZA+UGA),2012,1,real_interest_rate,2013,chronos,-0.191430038192798,6.146025603988696
ZMB-fed(KEN+TZA+UGA),2012,1,real_interest_rate,2013,xgb_blind,-0.191430038192798,7.900174087265063
ZMB-fed(KEN+TZA+UGA),2012,1,real_interest_rate,2013,xgb_lag,-0.191430038192798,5.389996279134814
ZMB-fed(KEN+TZA+UGA),2012,1,real_interest_rate,2013,xgb_typed,-0.191430038192798,5.389996279134814
ZMB-fed(KEN+TZA+UGA),2012,1,real_interest_rate,2013,lgbm_blind,-0.191430038192798,6.27333343081115
ZMB-fed(KEN+TZA+UGA),2012,1,real_interest_rate,2013,lgbm_lag,-0.191430038192798,5.389996279134814
ZMB-fed(KEN+TZA+UGA),2012,1,real_interest_rate,2013,lgbm_typed,-0.191430038192798,5.389996279134814
ZMB-fed(KEN+TZA+UGA),2012,1,real_interest_rate,2013,tft,-0.191430038192798,5.483185714462329
ZMB-fed(KEN+TZA+UGA),2012,1,real_interest_rate,2013,tgcn,-0.191430038192798,
ZMB-fed(KEN+TZA+UGA),2012,1,real_interest_rate,2013,persistence_scarcity,-0.191430038192798,5.012907464142228
ZMB-fed(KEN+TZA+UGA),2012,1,real_interest_rate,2013,chronos_scarcity,-0.191430038192798,6.146025603988696
ZMB-fed(KEN+TZA+UGA),2012,1,real_interest_rate,2013,gnn_scarcity,-0.191430038192798,4.28016132710271
ZMB-fed(KEN+TZA+UGA),2012,3,real_interest_rate,2015,persistence,6.17921585248158,1.3577384265321495
ZMB-fed(KEN+TZA+UGA),2012,3,real_interest_rate,2015,arima,6.17921585248158,1.03548682097819
ZMB-fed(KEN+TZA+UGA),2012,3,real_interest_rate,2015,chronos,6.17921585248158,0.04603916003062736
ZMB-fed(KEN+TZA+UGA),2012,3,real_interest_rate,2015,xgb_blind,6.17921585248158,0.8535117547337769
ZMB-fed(KEN+TZA+UGA),2012,3,real_interest_rate,2015,xgb_lag,6.17921585248158,1.03548682097819
ZMB-fed(KEN+TZA+UGA),2012,3,real_interest_rate,2015,xgb_typed,6.17921585248158,1.03548682097819
ZMB-fed(KEN+TZA+UGA),2012,3,real_interest_rate,2015,lgbm_blind,6.17921585248158,3.889084609287524
ZMB-fed(KEN+TZA+UGA),2012,3,real_interest_rate,2015,lgbm_lag,6.17921585248158,1.03548682097819
ZMB-fed(KEN+TZA+UGA),2012,3,real_interest_rate,2015,lgbm_typed,6.17921585248158,1.03548682097819
ZMB-fed(KEN+TZA+UGA),2012,3,real_interest_rate,2015,tft,6.17921585248158,0.6883935372655152
ZMB-fed(KEN+TZA+UGA),2012,3,real_interest_rate,2015,tgcn,6.17921585248158,
ZMB-fed(KEN+TZA+UGA),2012,3,real_interest_rate,2015,persistence_scarcity,6.17921585248158,1.3577384265321495
ZMB-fed(KEN+TZA+UGA),2012,3,real_interest_rate,2015,chronos_scarcity,6.17921585248158,0.04603916003062736
ZMB-fed(KEN+TZA+UGA),2012,3,real_interest_rate,2015,gnn_scarcity,6.17921585248158,1.6725906770055055
ZMB-fed(KEN+TZA+UGA),2012,5,real_interest_rate,2017,persistence,2.0914904852687,2.72998694068073
ZMB-fed(KEN+TZA+UGA),2012,5,real_interest_rate,2017,arima,2.0914904852687,3.050528005313957
ZMB-fed(KEN+TZA+UGA),2012,5,real_interest_rate,2017,chronos,2.0914904852687,4.3502953271092295
ZMB-fed(KEN+TZA+UGA),2012,5,real_interest_rate,2017,xgb_blind,2.0914904852687,9.37024047176255
ZMB-fed(KEN+TZA+UGA),2012,5,real_interest_rate,2017,xgb_lag,2.0914904852687,3.050528005313957
ZMB-fed(KEN+TZA+UGA),2012,5,real_interest_rate,2017,xgb_typed,2.0914904852687,3.050528005313957
ZMB-fed(KEN+TZA+UGA),2012,5,real_interest_rate,2017,lgbm_blind,2.0914904852687,10.100534460944068
ZMB-fed(KEN+TZA+UGA),2012,5,real_interest_rate,2017,lgbm_lag,2.0914904852687,3.050528005313957
ZMB-fed(KEN+TZA+UGA),2012,5,real_interest_rate,2017,lgbm_typed,2.0914904852687,3.050528005313957
ZMB-fed(KEN+TZA+UGA),2012,5,real_interest_rate,2017,tft,2.0914904852687,3.711922429007423
ZMB-fed(KEN+TZA+UGA),2012,5,real_interest_rate,2017,tgcn,2.0914904852687,
ZMB-fed(KEN+TZA+UGA),2012,5,real_interest_rate,2017,persistence_scarcity,2.0914904852687,2.72998694068073
ZMB-fed(KEN+TZA+UGA),2012,5,real_interest_rate,2017,chronos_scarcity,2.0914904852687,4.3502953271092295
ZMB-fed(KEN+TZA+UGA),2012,5,real_interest_rate,2017,gnn_scarcity,2.0914904852687,10.366007111472022
ZMB-fed(KEN+TZA+UGA),2012,1,broad_money,2013,persistence,20.5127924174127,0.9358778316327019
ZMB-fed(KEN+TZA+UGA),2012,1,broad_money,2013,arima,20.5127924174127,1.0107651384161365
ZMB-fed(KEN+TZA+UGA),2012,1,broad_money,2013,chronos,20.5127924174127,0.5116903096380803
ZMB-fed(KEN+TZA+UGA),2012,1,broad_money,2013,xgb_blind,20.5127924174127,1.232417890435162
ZMB-fed(KEN+TZA+UGA),2012,1,broad_money,2013,xgb_lag,20.5127924174127,1.0107651384161365
ZMB-fed(KEN+TZA+UGA),2012,1,broad_money,2013,xgb_typed,20.5127924174127,1.0107651384161365
ZMB-fed(KEN+TZA+UGA),2012,1,broad_money,2013,lgbm_blind,20.5127924174127,2.5894344538506893
ZMB-fed(KEN+TZA+UGA),2012,1,broad_money,2013,lgbm_lag,20.5127924174127,1.0107651384161365
ZMB-fed(KEN+TZA+UGA),2012,1,broad_money,2013,lgbm_typed,20.5127924174127,1.0107651384161365
ZMB-fed(KEN+TZA+UGA),2012,1,broad_money,2013,tft,20.5127924174127,0.257329770928326
ZMB-fed(KEN+TZA+UGA),2012,1,broad_money,2013,tgcn,20.5127924174127,
ZMB-fed(KEN+TZA+UGA),2012,1,broad_money,2013,persistence_scarcity,20.5127924174127,0.9358778316327019
ZMB-fed(KEN+TZA+UGA),2012,1,broad_money,2013,chronos_scarcity,20.5127924174127,0.5116903096380803
ZMB-fed(KEN+TZA+UGA),2012,1,broad_money,2013,gnn_scarcity,20.5127924174127,2.451684781914654
ZMB-fed(KEN+TZA+UGA),2012,3,broad_money,2015,persistence,25.7726453305593,6.195730744779301
ZMB-fed(KEN+TZA+UGA),2012,3,broad_money,2015,arima,25.7726453305593,6.260319182649649
ZMB-fed(KEN+TZA+UGA),2012,3,broad_money,2015,chronos,25.7726453305593,6.339919424187229
ZMB-fed(KEN+TZA+UGA),2012,3,broad_money,2015,xgb_blind,25.7726453305593,7.208396291863011
ZMB-fed(KEN+TZA+UGA),2012,3,broad_money,2015,xgb_lag,25.7726453305593,6.260319182649649
ZMB-fed(KEN+TZA+UGA),2012,3,broad_money,2015,xgb_typed,25.7726453305593,6.260319182649649
ZMB-fed(KEN+TZA+UGA),2012,3,broad_money,2015,lgbm_blind,25.7726453305593,8.292957544457003
ZMB-fed(KEN+TZA+UGA),2012,3,broad_money,2015,lgbm_lag,25.7726453305593,6.260319182649649
ZMB-fed(KEN+TZA+UGA),2012,3,broad_money,2015,lgbm_typed,25.7726453305593,6.260319182649649
ZMB-fed(KEN+TZA+UGA),2012,3,broad_money,2015,tft,25.7726453305593,4.317090368401097
ZMB-fed(KEN+TZA+UGA),2012,3,broad_money,2015,tgcn,25.7726453305593,
ZMB-fed(KEN+TZA+UGA),2012,3,broad_money,2015,persistence_scarcity,25.7726453305593,6.195730744779301
ZMB-fed(KEN+TZA+UGA),2012,3,broad_money,2015,chronos_scarcity,25.7726453305593,6.339919424187229
ZMB-fed(KEN+TZA+UGA),2012,3,broad_money,2015,gnn_scarcity,25.7726453305593,7.652850484978245
ZMB-fed(KEN+TZA+UGA),2012,5,broad_money,2017,persistence,21.9632481696508,2.386333583870801
ZMB-fed(KEN+TZA+UGA),2012,5,broad_money,2017,arima,21.9632481696508,2.450642901578366
ZMB-fed(KEN+TZA+UGA),2012,5,broad_money,2017,chronos,21.9632481696508,3.3927277686498236
ZMB-fed(KEN+TZA+UGA),2012,5,broad_money,2017,xgb_blind,21.9632481696508,4.365370667209394
ZMB-fed(KEN+TZA+UGA),2012,5,broad_money,2017,xgb_lag,21.9632481696508,2.450642901578366
ZMB-fed(KEN+TZA+UGA),2012,5,broad_money,2017,xgb_typed,21.9632481696508,2.450642901578366
ZMB-fed(KEN+TZA+UGA),2012,5,broad_money,2017,lgbm_blind,21.9632481696508,4.076655463606286
ZMB-fed(KEN+TZA+UGA),2012,5,broad_money,2017,lgbm_lag,21.9632481696508,2.450642901578366
ZMB-fed(KEN+TZA+UGA),2012,5,broad_money,2017,lgbm_typed,21.9632481696508,2.450642901578366
ZMB-fed(KEN+TZA+UGA),2012,5,broad_money,2017,tft,21.9632481696508,0.5735331413843561
ZMB-fed(KEN+TZA+UGA),2012,5,broad_money,2017,tgcn,21.9632481696508,
ZMB-fed(KEN+TZA+UGA),2012,5,broad_money,2017,persistence_scarcity,21.9632481696508,2.386333583870801
ZMB-fed(KEN+TZA+UGA),2012,5,broad_money,2017,chronos_scarcity,21.9632481696508,3.3927277686498236
ZMB-fed(KEN+TZA+UGA),2012,5,broad_money,2017,gnn_scarcity,21.9632481696508,2.726862824191816
ZMB-fed(KEN+TZA+UGA),2012,1,private_credit,2013,persistence,15.8169736426664,0.04204540429030068
ZMB-fed(KEN+TZA+UGA),2012,1,private_credit,2013,arima,15.8169736426664,0.04204540428718495
ZMB-fed(KEN+TZA+UGA),2012,1,private_credit,2013,chronos,15.8169736426664,0.0523891884493235
ZMB-fed(KEN+TZA+UGA),2012,1,private_credit,2013,xgb_blind,15.8169736426664,0.2013940375638601
ZMB-fed(KEN+TZA+UGA),2012,1,private_credit,2013,xgb_lag,15.8169736426664,0.21298022683387963
ZMB-fed(KEN+TZA+UGA),2012,1,private_credit,2013,xgb_typed,15.8169736426664,2.123325304348528
ZMB-fed(KEN+TZA+UGA),2012,1,private_credit,2013,lgbm_blind,15.8169736426664,2.0255575178023406
ZMB-fed(KEN+TZA+UGA),2012,1,private_credit,2013,lgbm_lag,15.8169736426664,2.0255575178023406
ZMB-fed(KEN+TZA+UGA),2012,1,private_credit,2013,lgbm_typed,15.8169736426664,2.0255575178023406
ZMB-fed(KEN+TZA+UGA),2012,1,private_credit,2013,tft,15.8169736426664,0.790375753085554
ZMB-fed(KEN+TZA+UGA),2012,1,private_credit,2013,tgcn,15.8169736426664,
ZMB-fed(KEN+TZA+UGA),2012,1,private_credit,2013,persistence_scarcity,15.8169736426664,0.04273477909712575
ZMB-fed(KEN+TZA+UGA),2012,1,private_credit,2013,chronos_scarcity,15.8169736426664,1.883338149053543
ZMB-fed(KEN+TZA+UGA),2012,1,private_credit,2013,gnn_scarcity,15.8169736426664,0.5747861426663992
ZMB-fed(KEN+TZA+UGA),2012,3,private_credit,2015,persistence,19.7648340604039,3.9058150134471994
ZMB-fed(KEN+TZA+UGA),2012,3,private_credit,2015,arima,19.7648340604039,3.905815013450315
ZMB-fed(KEN+TZA+UGA),2012,3,private_credit,2015,chronos,19.7648340604039,5.007341994974212
ZMB-fed(KEN+TZA+UGA),2012,3,private_credit,2015,xgb_blind,19.7648340604039,6.067356719705657
ZMB-fed(KEN+TZA+UGA),2012,3,private_credit,2015,xgb_lag,19.7648340604039,4.174909248087005
ZMB-fed(KEN+TZA+UGA),2012,3,private_credit,2015,xgb_typed,19.7648340604039,4.214301719400481
ZMB-fed(KEN+TZA+UGA),2012,3,private_credit,2015,lgbm_blind,19.7648340604039,5.963572206232147
ZMB-fed(KEN+TZA+UGA),2012,3,private_credit,2015,lgbm_lag,19.7648340604039,5.963572206232147
ZMB-fed(KEN+TZA+UGA),2012,3,private_credit,2015,lgbm_typed,19.7648340604039,5.963572206232147
ZMB-fed(KEN+TZA+UGA),2012,3,private_credit,2015,tft,19.7648340604039,1.7480169675083914
ZMB-fed(KEN+TZA+UGA),2012,3,private_credit,2015,tgcn,19.7648340604039,
ZMB-fed(KEN+TZA+UGA),2012,3,private_credit,2015,persistence_scarcity,19.7648340604039,2.048243292370234
ZMB-fed(KEN+TZA+UGA),2012,3,private_credit,2015,chronos_scarcity,19.7648340604039,5.801118309330482
ZMB-fed(KEN+TZA+UGA),2012,3,private_credit,2015,gnn_scarcity,19.7648340604039,4.921254768106536
ZMB-fed(KEN+TZA+UGA),2012,5,private_credit,2017,persistence,14.9060105438137,0.9530085031429998
ZMB-fed(KEN+TZA+UGA),2012,5,private_credit,2017,arima,14.9060105438137,0.9530085031398841
ZMB-fed(KEN+TZA+UGA),2012,5,private_credit,2017,chronos,14.9060105438137,0.25579556275368276
ZMB-fed(KEN+TZA+UGA),2012,5,private_credit,2017,xgb_blind,14.9060105438137,1.2235678787136024
ZMB-fed(KEN+TZA+UGA),2012,5,private_credit,2017,xgb_lag,14.9060105438137,1.2119778747463172
ZMB-fed(KEN+TZA+UGA),2012,5,private_credit,2017,xgb_typed,14.9060105438137,0.913660919179911
ZMB-fed(KEN+TZA+UGA),2012,5,private_credit,2017,lgbm_blind,14.9060105438137,1.0927150204880984
ZMB-fed(KEN+TZA+UGA),2012,5,private_credit,2017,lgbm_lag,14.9060105438137,1.0927150204880984
ZMB-fed(KEN+TZA+UGA),2012,5,private_credit,2017,lgbm_typed,14.9060105438137,1.0927150204880984
ZMB-fed(KEN+TZA+UGA),2012,5,private_credit,2017,tft,14.9060105438137,4.3955489044284874
ZMB-fed(KEN+TZA+UGA),2012,5,private_credit,2017,tgcn,14.9060105438137,
ZMB-fed(KEN+TZA+UGA),2012,5,private_credit,2017,persistence_scarcity,14.9060105438137,1.2523996238152257
ZMB-fed(KEN+TZA+UGA),2012,5,private_credit,2017,chronos_scarcity,14.9060105438137,0.9422958852306511
ZMB-fed(KEN+TZA+UGA),2012,5,private_credit,2017,gnn_scarcity,14.9060105438137,0.44419583130837026
ZMB-fed(KEN+TZA+UGA),2012,1,govt_consumption,2013,persistence,12.1843034143698,0.28690545260080036
ZMB-fed(KEN+TZA+UGA),2012,1,govt_consumption,2013,arima,12.1843034143698,1.1500460002855757
ZMB-fed(KEN+TZA+UGA),2012,1,govt_consumption,2013,chronos,12.1843034143698,0.2921410913717537
ZMB-fed(KEN+TZA+UGA),2012,1,govt_consumption,2013,xgb_blind,12.1843034143698,1.8198644037496834
ZMB-fed(KEN+TZA+UGA),2012,1,govt_consumption,2013,xgb_lag,12.1843034143698,1.1500460002855757
ZMB-fed(KEN+TZA+UGA),2012,1,govt_consumption,2013,xgb_typed,12.1843034143698,1.1500460002855757
ZMB-fed(KEN+TZA+UGA),2012,1,govt_consumption,2013,lgbm_blind,12.1843034143698,3.310863018667785
ZMB-fed(KEN+TZA+UGA),2012,1,govt_consumption,2013,lgbm_lag,12.1843034143698,1.1500460002855757
ZMB-fed(KEN+TZA+UGA),2012,1,govt_consumption,2013,lgbm_typed,12.1843034143698,1.1500460002855757
ZMB-fed(KEN+TZA+UGA),2012,1,govt_consumption,2013,tft,12.1843034143698,0.8704928045022697
ZMB-fed(KEN+TZA+UGA),2012,1,govt_consumption,2013,tgcn,12.1843034143698,
ZMB-fed(KEN+TZA+UGA),2012,1,govt_consumption,2013,persistence_scarcity,12.1843034143698,0.28690545260080036
ZMB-fed(KEN+TZA+UGA),2012,1,govt_consumption,2013,chronos_scarcity,12.1843034143698,0.2921410913717537
ZMB-fed(KEN+TZA+UGA),2012,1,govt_consumption,2013,gnn_scarcity,12.1843034143698,3.330046784425953
ZMB-fed(KEN+TZA+UGA),2012,3,govt_consumption,2015,persistence,14.7806073693567,2.8832094075876995
ZMB-fed(KEN+TZA+UGA),2012,3,govt_consumption,2015,arima,14.7806073693567,0.8916650346877653
ZMB-fed(KEN+TZA+UGA),2012,3,govt_consumption,2015,chronos,14.7806073693567,2.888445046358653
ZMB-fed(KEN+TZA+UGA),2012,3,govt_consumption,2015,xgb_blind,14.7806073693567,4.9366132287317
ZMB-fed(KEN+TZA+UGA),2012,3,govt_consumption,2015,xgb_lag,14.7806073693567,0.8916650346877653
ZMB-fed(KEN+TZA+UGA),2012,3,govt_consumption,2015,xgb_typed,14.7806073693567,0.8916650346877653
ZMB-fed(KEN+TZA+UGA),2012,3,govt_consumption,2015,lgbm_blind,14.7806073693567,5.885185387545176
ZMB-fed(KEN+TZA+UGA),2012,3,govt_consumption,2015,lgbm_lag,14.7806073693567,0.8916650346877653
ZMB-fed(KEN+TZA+UGA),2012,3,govt_consumption,2015,lgbm_typed,14.7806073693567,0.8916650346877653
ZMB-fed(KEN+TZA+UGA),2012,3,govt_consumption,2015,tft,14.7806073693567,0.30697426516478465
ZMB-fed(KEN+TZA+UGA),2012,3,govt_consumption,2015,tgcn,14.7806073693567,
ZMB-fed(KEN+TZA+UGA),2012,3,govt_consumption,2015,persistence_scarcity,14.7806073693567,2.8832094075876995
ZMB-fed(KEN+TZA+UGA),2012,3,govt_consumption,2015,chronos_scarcity,14.7806073693567,2.888445046358653
ZMB-fed(KEN+TZA+UGA),2012,3,govt_consumption,2015,gnn_scarcity,14.7806073693567,5.908631470614024
ZMB-fed(KEN+TZA+UGA),2012,5,govt_consumption,2017,persistence,13.7207952422721,1.8233972805030998
ZMB-fed(KEN+TZA+UGA),2012,5,govt_consumption,2017,arima,13.7207952422721,3.7212026146153256
ZMB-fed(KEN+TZA+UGA),2012,5,govt_consumption,2017,chronos,13.7207952422721,1.7311578673941703
ZMB-fed(KEN+TZA+UGA),2012,5,govt_consumption,2017,xgb_blind,13.7207952422721,4.986651985130987
ZMB-fed(KEN+TZA+UGA),2012,5,govt_consumption,2017,xgb_lag,13.7207952422721,3.7212026146153256
ZMB-fed(KEN+TZA+UGA),2012,5,govt_consumption,2017,xgb_typed,13.7207952422721,3.7212026146153256
ZMB-fed(KEN+TZA+UGA),2012,5,govt_consumption,2017,lgbm_blind,13.7207952422721,4.798506877437845
ZMB-fed(KEN+TZA+UGA),2012,5,govt_consumption,2017,lgbm_lag,13.7207952422721,3.7212026146153256
ZMB-fed(KEN+TZA+UGA),2012,5,govt_consumption,2017,lgbm_typed,13.7207952422721,3.7212026146153256
ZMB-fed(KEN+TZA+UGA),2012,5,govt_consumption,2017,tft,13.7207952422721,3.175128372229853
ZMB-fed(KEN+TZA+UGA),2012,5,govt_consumption,2017,tgcn,13.7207952422721,
ZMB-fed(KEN+TZA+UGA),2012,5,govt_consumption,2017,persistence_scarcity,13.7207952422721,1.8233972805030998
ZMB-fed(KEN+TZA+UGA),2012,5,govt_consumption,2017,chronos_scarcity,13.7207952422721,1.7311578673941703
ZMB-fed(KEN+TZA+UGA),2012,5,govt_consumption,2017,gnn_scarcity,13.7207952422721,4.511693565331182
ZMB-fed(KEN+TZA+UGA),2013,1,gdp_growth,2014,persistence,4.69328316376705,0.36425378670547026
ZMB-fed(KEN+TZA+UGA),2013,1,gdp_growth,2014,arima,4.69328316376705,1.8454751088887074
ZMB-fed(KEN+TZA+UGA),2013,1,gdp_growth,2014,chronos,4.69328316376705,0.3399199612329502
ZMB-fed(KEN+TZA+UGA),2013,1,gdp_growth,2014,xgb_blind,4.69328316376705,0.986007130880167
ZMB-fed(KEN+TZA+UGA),2013,1,gdp_growth,2014,xgb_lag,4.69328316376705,1.8454751088887074
ZMB-fed(KEN+TZA+UGA),2013,1,gdp_growth,2014,xgb_typed,4.69328316376705,1.8454751088887074
ZMB-fed(KEN+TZA+UGA),2013,1,gdp_growth,2014,lgbm_blind,4.69328316376705,0.10260315568754752
ZMB-fed(KEN+TZA+UGA),2013,1,gdp_growth,2014,lgbm_lag,4.69328316376705,1.8454751088887074
ZMB-fed(KEN+TZA+UGA),2013,1,gdp_growth,2014,lgbm_typed,4.69328316376705,1.8454751088887074
ZMB-fed(KEN+TZA+UGA),2013,1,gdp_growth,2014,tft,4.69328316376705,0.4539350636194248
ZMB-fed(KEN+TZA+UGA),2013,1,gdp_growth,2014,tgcn,4.69328316376705,
ZMB-fed(KEN+TZA+UGA),2013,1,gdp_growth,2014,persistence_scarcity,4.69328316376705,0.36425378670547026
ZMB-fed(KEN+TZA+UGA),2013,1,gdp_growth,2014,chronos_scarcity,4.69328316376705,0.3399199612329502
ZMB-fed(KEN+TZA+UGA),2013,1,gdp_growth,2014,gnn_scarcity,4.69328316376705,0.14086493180293846
ZMB-fed(KEN+TZA+UGA),2013,3,gdp_growth,2016,persistence,3.75510031678988,1.3024366336826398
ZMB-fed(KEN+TZA+UGA),2013,3,gdp_growth,2016,arima,3.75510031678988,2.423604465837082
ZMB-fed(KEN+TZA+UGA),2013,3,gdp_growth,2016,chronos,3.75510031678988,1.2376756002633424
ZMB-fed(KEN+TZA+UGA),2013,3,gdp_growth,2016,xgb_blind,3.75510031678988,0.9310845663277956
ZMB-fed(KEN+TZA+UGA),2013,3,gdp_growth,2016,xgb_lag,3.75510031678988,2.423604465837082
ZMB-fed(KEN+TZA+UGA),2013,3,gdp_growth,2016,xgb_typed,3.75510031678988,2.423604465837082
ZMB-fed(KEN+TZA+UGA),2013,3,gdp_growth,2016,lgbm_blind,3.75510031678988,1.5816825856892915
ZMB-fed(KEN+TZA+UGA),2013,3,gdp_growth,2016,lgbm_lag,3.75510031678988,2.423604465837082
ZMB-fed(KEN+TZA+UGA),2013,3,gdp_growth,2016,lgbm_typed,3.75510031678988,2.423604465837082
ZMB-fed(KEN+TZA+UGA),2013,3,gdp_growth,2016,tft,3.75510031678988,1.4040769865243288
ZMB-fed(KEN+TZA+UGA),2013,3,gdp_growth,2016,tgcn,3.75510031678988,
ZMB-fed(KEN+TZA+UGA),2013,3,gdp_growth,2016,persistence_scarcity,3.75510031678988,1.3024366336826398
ZMB-fed(KEN+TZA+UGA),2013,3,gdp_growth,2016,chronos_scarcity,3.75510031678988,1.2376756002633424
ZMB-fed(KEN+TZA+UGA),2013,3,gdp_growth,2016,gnn_scarcity,3.75510031678988,1.1957210828988405
ZMB-fed(KEN+TZA+UGA),2013,5,gdp_growth,2018,persistence,4.03449389667165,1.02304305380087
ZMB-fed(KEN+TZA+UGA),2013,5,gdp_growth,2018,arima,4.03449389667165,2.021751291682123
ZMB-fed(KEN+TZA+UGA),2013,5,gdp_growth,2018,chronos,4.03449389667165,0.6146483686481741
ZMB-fed(KEN+TZA+UGA),2013,5,gdp_growth,2018,xgb_blind,4.03449389667165,2.8042860296283987
ZMB-fed(KEN+TZA+UGA),2013,5,gdp_growth,2018,xgb_lag,4.03449389667165,2.021751291682123
ZMB-fed(KEN+TZA+UGA),2013,5,gdp_growth,2018,xgb_typed,4.03449389667165,2.021751291682123
ZMB-fed(KEN+TZA+UGA),2013,5,gdp_growth,2018,lgbm_blind,4.03449389667165,1.9602749659899121
ZMB-fed(KEN+TZA+UGA),2013,5,gdp_growth,2018,lgbm_lag,4.03449389667165,2.021751291682123
ZMB-fed(KEN+TZA+UGA),2013,5,gdp_growth,2018,lgbm_typed,4.03449389667165,2.021751291682123
ZMB-fed(KEN+TZA+UGA),2013,5,gdp_growth,2018,tft,4.03449389667165,1.128538158229473
ZMB-fed(KEN+TZA+UGA),2013,5,gdp_growth,2018,tgcn,4.03449389667165,
ZMB-fed(KEN+TZA+UGA),2013,5,gdp_growth,2018,persistence_scarcity,4.03449389667165,1.02304305380087
ZMB-fed(KEN+TZA+UGA),2013,5,gdp_growth,2018,chronos_scarcity,4.03449389667165,0.6146483686481741
ZMB-fed(KEN+TZA+UGA),2013,5,gdp_growth,2018,gnn_scarcity,4.03449389667165,3.967224624446514
ZMB-fed(KEN+TZA+UGA),2013,1,inflation_cpi,2014,persistence,7.80687553566333,0.8291994807602601
ZMB-fed(KEN+TZA+UGA),2013,1,inflation_cpi,2014,arima,7.80687553566333,0.8205980488779581
ZMB-fed(KEN+TZA+UGA),2013,1,inflation_cpi,2014,chronos,7.80687553566333,1.3330419747197269
ZMB-fed(KEN+TZA+UGA),2013,1,inflation_cpi,2014,xgb_blind,7.80687553566333,5.78730171043042
ZMB-fed(KEN+TZA+UGA),2013,1,inflation_cpi,2014,xgb_lag,7.80687553566333,0.8205980488779581
ZMB-fed(KEN+TZA+UGA),2013,1,inflation_cpi,2014,xgb_typed,7.80687553566333,0.8205980488779581
ZMB-fed(KEN+TZA+UGA),2013,1,inflation_cpi,2014,lgbm_blind,7.80687553566333,29.42284690198793
ZMB-fed(KEN+TZA+UGA),2013,1,inflation_cpi,2014,lgbm_lag,7.80687553566333,0.8205980488779581
ZMB-fed(KEN+TZA+UGA),2013,1,inflation_cpi,2014,lgbm_typed,7.80687553566333,0.8205980488779581
ZMB-fed(KEN+TZA+UGA),2013,1,inflation_cpi,2014,tft,7.80687553566333,0.7442820755803226
ZMB-fed(KEN+TZA+UGA),2013,1,inflation_cpi,2014,tgcn,7.80687553566333,
ZMB-fed(KEN+TZA+UGA),2013,1,inflation_cpi,2014,persistence_scarcity,7.80687553566333,0.8291994807602601
ZMB-fed(KEN+TZA+UGA),2013,1,inflation_cpi,2014,chronos_scarcity,7.80687553566333,1.3330419747197269
ZMB-fed(KEN+TZA+UGA),2013,1,inflation_cpi,2014,gnn_scarcity,7.80687553566333,32.06020133811597
ZMB-fed(KEN+TZA+UGA),2013,3,inflation_cpi,2016,persistence,17.8697300795268,10.892054024623729
ZMB-fed(KEN+TZA+UGA),2013,3,inflation_cpi,2016,arima,17.8697300795268,10.883264506679536
ZMB-fed(KEN+TZA+UGA),2013,3,inflation_cpi,2016,chronos,17.8697300795268,10.807366454954046
ZMB-fed(KEN+TZA+UGA),2013,3,inflation_cpi,2016,xgb_blind,17.8697300795268,9.055686080808538
ZMB-fed(KEN+TZA+UGA),2013,3,inflation_cpi,2016,xgb_lag,17.8697300795268,10.883264506679536
ZMB-fed(KEN+TZA+UGA),2013,3,inflation_cpi,2016,xgb_typed,17.8697300795268,10.883264506679536
ZMB-fed(KEN+TZA+UGA),2013,3,inflation_cpi,2016,lgbm_blind,17.8697300795268,10.365258587189278
ZMB-fed(KEN+TZA+UGA),2013,3,inflation_cpi,2016,lgbm_lag,17.8697300795268,10.883264506679536
ZMB-fed(KEN+TZA+UGA),2013,3,inflation_cpi,2016,lgbm_typed,17.8697300795268,10.883264506679536
ZMB-fed(KEN+TZA+UGA),2013,3,inflation_cpi,2016,tft,17.8697300795268,10.434348667020696
ZMB-fed(KEN+TZA+UGA),2013,3,inflation_cpi,2016,tgcn,17.8697300795268,
ZMB-fed(KEN+TZA+UGA),2013,3,inflation_cpi,2016,persistence_scarcity,17.8697300795268,10.892054024623729
ZMB-fed(KEN+TZA+UGA),2013,3,inflation_cpi,2016,chronos_scarcity,17.8697300795268,10.807366454954046
ZMB-fed(KEN+TZA+UGA),2013,3,inflation_cpi,2016,gnn_scarcity,17.8697300795268,26.5686244126607
ZMB-fed(KEN+TZA+UGA),2013,5,inflation_cpi,2018,persistence,7.4945719272852,0.51689587238213
ZMB-fed(KEN+TZA+UGA),2013,5,inflation_cpi,2018,arima,7.4945719272852,0.5081062682335453
ZMB-fed(KEN+TZA+UGA),2013,5,inflation_cpi,2018,chronos,7.4945719272852,0.30346464803218254
ZMB-fed(KEN+TZA+UGA),2013,5,inflation_cpi,2018,xgb_blind,7.4945719272852,3.6099717586278857
ZMB-fed(KEN+TZA+UGA),2013,5,inflation_cpi,2018,xgb_lag,7.4945719272852,0.5081062682335453
ZMB-fed(KEN+TZA+UGA),2013,5,inflation_cpi,2018,xgb_typed,7.4945719272852,0.5081062682335453
ZMB-fed(KEN+TZA+UGA),2013,5,inflation_cpi,2018,lgbm_blind,7.4945719272852,11.190764788011496
ZMB-fed(KEN+TZA+UGA),2013,5,inflation_cpi,2018,lgbm_lag,7.4945719272852,0.5081062682335453
ZMB-fed(KEN+TZA+UGA),2013,5,inflation_cpi,2018,lgbm_typed,7.4945719272852,0.5081062682335453
ZMB-fed(KEN+TZA+UGA),2013,5,inflation_cpi,2018,tft,7.4945719272852,0.2433240382909716
ZMB-fed(KEN+TZA+UGA),2013,5,inflation_cpi,2018,tgcn,7.4945719272852,
ZMB-fed(KEN+TZA+UGA),2013,5,inflation_cpi,2018,persistence_scarcity,7.4945719272852,0.51689587238213
ZMB-fed(KEN+TZA+UGA),2013,5,inflation_cpi,2018,chronos_scarcity,7.4945719272852,0.30346464803218254
ZMB-fed(KEN+TZA+UGA),2013,5,inflation_cpi,2018,gnn_scarcity,7.4945719272852,71.94977926900387
ZMB-fed(KEN+TZA+UGA),2013,1,unemployment,2014,persistence,6.576,0.6960000000000006
ZMB-fed(KEN+TZA+UGA),2013,1,unemployment,2014,arima,6.576,0.47262862888476764
ZMB-fed(KEN+TZA+UGA),2013,1,unemployment,2014,chronos,6.576,0.09132740402221717
ZMB-fed(KEN+TZA+UGA),2013,1,unemployment,2014,xgb_blind,6.576,1.7646648635864262
ZMB-fed(KEN+TZA+UGA),2013,1,unemployment,2014,xgb_lag,6.576,0.47262862888476764
ZMB-fed(KEN+TZA+UGA),2013,1,unemployment,2014,xgb_typed,6.576,0.47262862888476764
ZMB-fed(KEN+TZA+UGA),2013,1,unemployment,2014,lgbm_blind,6.576,7.090260864423668
ZMB-fed(KEN+TZA+UGA),2013,1,unemployment,2014,lgbm_lag,6.576,0.47262862888476764
ZMB-fed(KEN+TZA+UGA),2013,1,unemployment,2014,lgbm_typed,6.576,0.47262862888476764
ZMB-fed(KEN+TZA+UGA),2013,1,unemployment,2014,tft,6.576,0.7784144630432133
ZMB-fed(KEN+TZA+UGA),2013,1,unemployment,2014,tgcn,6.576,
ZMB-fed(KEN+TZA+UGA),2013,1,unemployment,2014,persistence_scarcity,6.576,0.6960000000000006
ZMB-fed(KEN+TZA+UGA),2013,1,unemployment,2014,chronos_scarcity,6.576,0.09132740402221717
ZMB-fed(KEN+TZA+UGA),2013,1,unemployment,2014,gnn_scarcity,6.576,7.287856315612793
ZMB-fed(KEN+TZA+UGA),2013,3,unemployment,2016,persistence,5.244,2.0280000000000005
ZMB-fed(KEN+TZA+UGA),2013,3,unemployment,2016,arima,5.244,1.6849454360568492
ZMB-fed(KEN+TZA+UGA),2013,3,unemployment,2016,chronos,5.244,0.7107886848449709
ZMB-fed(KEN+TZA+UGA),2013,3,unemployment,2016,xgb_blind,5.244,6.5055450973510744
ZMB-fed(KEN+TZA+UGA),2013,3,unemployment,2016,xgb_lag,5.244,1.6849454360568492
ZMB-fed(KEN+TZA+UGA),2013,3,unemployment,2016,xgb_typed,5.244,1.6849454360568492
ZMB-fed(KEN+TZA+UGA),2013,3,unemployment,2016,lgbm_blind,5.244,7.8919999747503375
ZMB-fed(KEN+TZA+UGA),2013,3,unemployment,2016,lgbm_lag,5.244,1.6849454360568492
ZMB-fed(KEN+TZA+UGA),2013,3,unemployment,2016,lgbm_typed,5.244,1.6849454360568492
ZMB-fed(KEN+TZA+UGA),2013,3,unemployment,2016,tft,5.244,2.1387075958251955
ZMB-fed(KEN+TZA+UGA),2013,3,unemployment,2016,tgcn,5.244,
ZMB-fed(KEN+TZA+UGA),2013,3,unemployment,2016,persistence_scarcity,5.244,2.0280000000000005
ZMB-fed(KEN+TZA+UGA),2013,3,unemployment,2016,chronos_scarcity,5.244,0.7107886848449709
ZMB-fed(KEN+TZA+UGA),2013,3,unemployment,2016,gnn_scarcity,5.244,8.965609031677246
ZMB-fed(KEN+TZA+UGA),2013,5,unemployment,2018,persistence,5.032,2.24
ZMB-fed(KEN+TZA+UGA),2013,5,unemployment,2018,arima,5.032,1.879070993367999
ZMB-fed(KEN+TZA+UGA),2013,5,unemployment,2018,chronos,5.032,0.4647250823974609
ZMB-fed(KEN+TZA+UGA),2013,5,unemployment,2018,xgb_blind,5.032,5.005358283996582
ZMB-fed(KEN+TZA+UGA),2013,5,unemployment,2018,xgb_lag,5.032,1.879070993367999
ZMB-fed(KEN+TZA+UGA),2013,5,unemployment,2018,xgb_typed,5.032,1.879070993367999
ZMB-fed(KEN+TZA+UGA),2013,5,unemployment,2018,lgbm_blind,5.032,7.4662631331995915
ZMB-fed(KEN+TZA+UGA),2013,5,unemployment,2018,lgbm_lag,5.032,1.879070993367999
ZMB-fed(KEN+TZA+UGA),2013,5,unemployment,2018,lgbm_typed,5.032,1.879070993367999
ZMB-fed(KEN+TZA+UGA),2013,5,unemployment,2018,tft,5.032,2.357972686767578
ZMB-fed(KEN+TZA+UGA),2013,5,unemployment,2018,tgcn,5.032,
ZMB-fed(KEN+TZA+UGA),2013,5,unemployment,2018,persistence_scarcity,5.032,2.24
ZMB-fed(KEN+TZA+UGA),2013,5,unemployment,2018,chronos_scarcity,5.032,0.4647250823974609
ZMB-fed(KEN+TZA+UGA),2013,5,unemployment,2018,gnn_scarcity,5.032,11.825316970825195
ZMB-fed(KEN+TZA+UGA),2013,1,exports_gdp,2014,persistence,38.8222899319378,1.6604267619318946
ZMB-fed(KEN+TZA+UGA),2013,1,exports_gdp,2014,arima,38.8222899319378,1.6384420075213129
ZMB-fed(KEN+TZA+UGA),2013,1,exports_gdp,2014,chronos,38.8222899319378,1.585089218452822
ZMB-fed(KEN+TZA+UGA),2013,1,exports_gdp,2014,xgb_blind,38.8222899319378,5.044461715385069
ZMB-fed(KEN+TZA+UGA),2013,1,exports_gdp,2014,xgb_lag,38.8222899319378,1.6384420075213129
ZMB-fed(KEN+TZA+UGA),2013,1,exports_gdp,2014,xgb_typed,38.8222899319378,1.6384420075213129
ZMB-fed(KEN+TZA+UGA),2013,1,exports_gdp,2014,lgbm_blind,38.8222899319378,7.577640293637447
ZMB-fed(KEN+TZA+UGA),2013,1,exports_gdp,2014,lgbm_lag,38.8222899319378,1.6384420075213129
ZMB-fed(KEN+TZA+UGA),2013,1,exports_gdp,2014,lgbm_typed,38.8222899319378,1.6384420075213129
ZMB-fed(KEN+TZA+UGA),2013,1,exports_gdp,2014,tft,38.8222899319378,1.716600906685244
ZMB-fed(KEN+TZA+UGA),2013,1,exports_gdp,2014,tgcn,38.8222899319378,
ZMB-fed(KEN+TZA+UGA),2013,1,exports_gdp,2014,persistence_scarcity,38.8222899319378,1.6604267619318946
ZMB-fed(KEN+TZA+UGA),2013,1,exports_gdp,2014,chronos_scarcity,38.8222899319378,1.585089218452822
ZMB-fed(KEN+TZA+UGA),2013,1,exports_gdp,2014,gnn_scarcity,38.8222899319378,7.5340666653362405
ZMB-fed(KEN+TZA+UGA),2013,3,exports_gdp,2016,persistence,35.3246757489657,5.158040944903995
ZMB-fed(KEN+TZA+UGA),2013,3,exports_gdp,2016,arima,35.3246757489657,5.137198624981188
ZMB-fed(KEN+TZA+UGA),2013,3,exports_gdp,2016,chronos,35.3246757489657,5.082703401424922
ZMB-fed(KEN+TZA+UGA),2013,3,exports_gdp,2016,xgb_blind,35.3246757489657,1.931500245907344
ZMB-fed(KEN+TZA+UGA),2013,3,exports_gdp,2016,xgb_lag,35.3246757489657,5.137198624981188
ZMB-fed(KEN+TZA+UGA),2013,3,exports_gdp,2016,xgb_typed,35.3246757489657,5.137198624981188
ZMB-fed(KEN+TZA+UGA),2013,3,exports_gdp,2016,lgbm_blind,35.3246757489657,4.242477923851769
ZMB-fed(KEN+TZA+UGA),2013,3,exports_gdp,2016,lgbm_lag,35.3246757489657,5.137198624981188
ZMB-fed(KEN+TZA+UGA),2013,3,exports_gdp,2016,lgbm_typed,35.3246757489657,5.137198624981188
ZMB-fed(KEN+TZA+UGA),2013,3,exports_gdp,2016,tft,35.3246757489657,5.2466400164151565
ZMB-fed(KEN+TZA+UGA),2013,3,exports_gdp,2016,tgcn,35.3246757489657,
ZMB-fed(KEN+TZA+UGA),2013,3,exports_gdp,2016,persistence_scarcity,35.3246757489657,5.158040944903995
ZMB-fed(KEN+TZA+UGA),2013,3,exports_gdp,2016,chronos_scarcity,35.3246757489657,5.082703401424922
ZMB-fed(KEN+TZA+UGA),2013,3,exports_gdp,2016,gnn_scarcity,35.3246757489657,3.5721446973299606
ZMB-fed(KEN+TZA+UGA),2013,5,exports_gdp,2018,persistence,37.9574045480394,2.5253121458302985
ZMB-fed(KEN+TZA+UGA),2013,5,exports_gdp,2018,arima,37.9574045480394,2.5044732803389493
ZMB-fed(KEN+TZA+UGA),2013,5,exports_gdp,2018,chronos,37.9574045480394,1.4168401419020071
ZMB-fed(KEN+TZA+UGA),2013,5,exports_gdp,2018,xgb_blind,37.9574045480394,7.750153952946626
ZMB-fed(KEN+TZA+UGA),2013,5,exports_gdp,2018,xgb_lag,37.9574045480394,2.5044732803389493
ZMB-fed(KEN+TZA+UGA),2013,5,exports_gdp,2018,xgb_typed,37.9574045480394,2.5044732803389493
ZMB-fed(KEN+TZA+UGA),2013,5,exports_gdp,2018,lgbm_blind,37.9574045480394,7.07185891783535
ZMB-fed(KEN+TZA+UGA),2013,5,exports_gdp,2018,lgbm_lag,37.9574045480394,2.5044732803389493
ZMB-fed(KEN+TZA+UGA),2013,5,exports_gdp,2018,lgbm_typed,37.9574045480394,2.5044732803389493
ZMB-fed(KEN+TZA+UGA),2013,5,exports_gdp,2018,tft,37.9574045480394,2.6837011038160696
ZMB-fed(KEN+TZA+UGA),2013,5,exports_gdp,2018,tgcn,37.9574045480394,
ZMB-fed(KEN+TZA+UGA),2013,5,exports_gdp,2018,persistence_scarcity,37.9574045480394,2.5253121458302985
ZMB-fed(KEN+TZA+UGA),2013,5,exports_gdp,2018,chronos_scarcity,37.9574045480394,1.4168401419020071
ZMB-fed(KEN+TZA+UGA),2013,5,exports_gdp,2018,gnn_scarcity,37.9574045480394,2.649291449894868
ZMB-fed(KEN+TZA+UGA),2013,1,imports_gdp,2014,persistence,37.3712097956936,2.602314531773999
ZMB-fed(KEN+TZA+UGA),2013,1,imports_gdp,2014,arima,37.3712097956936,2.9680677016804893
ZMB-fed(KEN+TZA+UGA),2013,1,imports_gdp,2014,chronos,37.3712097956936,2.079016034384523
ZMB-fed(KEN+TZA+UGA),2013,1,imports_gdp,2014,xgb_blind,37.3712097956936,0.6643845393459458
ZMB-fed(KEN+TZA+UGA),2013,1,imports_gdp,2014,xgb_lag,37.3712097956936,2.9680677016804893
ZMB-fed(KEN+TZA+UGA),2013,1,imports_gdp,2014,xgb_typed,37.3712097956936,2.9680677016804893
ZMB-fed(KEN+TZA+UGA),2013,1,imports_gdp,2014,lgbm_blind,37.3712097956936,3.7428846236010003
ZMB-fed(KEN+TZA+UGA),2013,1,imports_gdp,2014,lgbm_lag,37.3712097956936,2.9680677016804893
ZMB-fed(KEN+TZA+UGA),2013,1,imports_gdp,2014,lgbm_typed,37.3712097956936,2.9680677016804893
ZMB-fed(KEN+TZA+UGA),2013,1,imports_gdp,2014,tft,37.3712097956936,4.1378081486423355
ZMB-fed(KEN+TZA+UGA),2013,1,imports_gdp,2014,tgcn,37.3712097956936,
ZMB-fed(KEN+TZA+UGA),2013,1,imports_gdp,2014,persistence_scarcity,37.3712097956936,2.602314531773999
ZMB-fed(KEN+TZA+UGA),2013,1,imports_gdp,2014,chronos_scarcity,37.3712097956936,2.079016034384523
ZMB-fed(KEN+TZA+UGA),2013,1,imports_gdp,2014,gnn_scarcity,37.3712097956936,3.7603661372463364
ZMB-fed(KEN+TZA+UGA),2013,3,imports_gdp,2016,persistence,38.6338855056502,1.3396388218174025
ZMB-fed(KEN+TZA+UGA),2013,3,imports_gdp,2016,arima,38.6338855056502,1.7361489195366389
ZMB-fed(KEN+TZA+UGA),2013,3,imports_gdp,2016,chronos,38.6338855056502,2.512265327427542
ZMB-fed(KEN+TZA+UGA),2013,3,imports_gdp,2016,xgb_blind,38.6338855056502,5.198704841587698
ZMB-fed(KEN+TZA+UGA),2013,3,imports_gdp,2016,xgb_lag,38.6338855056502,1.7361489195366389
ZMB-fed(KEN+TZA+UGA),2013,3,imports_gdp,2016,xgb_typed,38.6338855056502,1.7361489195366389
ZMB-fed(KEN+TZA+UGA),2013,3,imports_gdp,2016,lgbm_blind,38.6338855056502,5.012405472138994
ZMB-fed(KEN+TZA+UGA),2013,3,imports_gdp,2016,lgbm_lag,38.6338855056502,1.7361489195366389
ZMB-fed(KEN+TZA+UGA),2013,3,imports_gdp,2016,lgbm_typed,38.6338855056502,1.7361489195366389
ZMB-fed(KEN+TZA+UGA),2013,3,imports_gdp,2016,tft,38.6338855056502,8.500109550502145
ZMB-fed(KEN+TZA+UGA),2013,3,imports_gdp,2016,tgcn,38.6338855056502,
ZMB-fed(KEN+TZA+UGA),2013,3,imports_gdp,2016,persistence_scarcity,38.6338855056502,1.3396388218174025
ZMB-fed(KEN+TZA+UGA),2013,3,imports_gdp,2016,chronos_scarcity,38.6338855056502,2.512265327427542
ZMB-fed(KEN+TZA+UGA),2013,3,imports_gdp,2016,gnn_scarcity,38.6338855056502,4.67735016629473
ZMB-fed(KEN+TZA+UGA),2013,5,imports_gdp,2018,persistence,36.9309649794271,3.0425593480404984
ZMB-fed(KEN+TZA+UGA),2013,5,imports_gdp,2018,arima,36.9309649794271,3.4392566042535435
ZMB-fed(KEN+TZA+UGA),2013,5,imports_gdp,2018,chronos,36.9309649794271,0.1929240553548368
ZMB-fed(KEN+TZA+UGA),2013,5,imports_gdp,2018,xgb_blind,36.9309649794271,0.24499467303061806
ZMB-fed(KEN+TZA+UGA),2013,5,imports_gdp,2018,xgb_lag,36.9309649794271,3.4392566042535435
ZMB-fed(KEN+TZA+UGA),2013,5,imports_gdp,2018,xgb_typed,36.9309649794271,3.4392566042535435
ZMB-fed(KEN+TZA+UGA),2013,5,imports_gdp,2018,lgbm_blind,36.9309649794271,3.317771166303899
ZMB-fed(KEN+TZA+UGA),2013,5,imports_gdp,2018,lgbm_lag,36.9309649794271,3.4392566042535435
ZMB-fed(KEN+TZA+UGA),2013,5,imports_gdp,2018,lgbm_typed,36.9309649794271,3.4392566042535435
ZMB-fed(KEN+TZA+UGA),2013,5,imports_gdp,2018,tft,36.9309649794271,13.420284715397116
ZMB-fed(KEN+TZA+UGA),2013,5,imports_gdp,2018,tgcn,36.9309649794271,
ZMB-fed(KEN+TZA+UGA),2013,5,imports_gdp,2018,persistence_scarcity,36.9309649794271,3.0425593480404984
ZMB-fed(KEN+TZA+UGA),2013,5,imports_gdp,2018,chronos_scarcity,36.9309649794271,0.1929240553548368
ZMB-fed(KEN+TZA+UGA),2013,5,imports_gdp,2018,gnn_scarcity,36.9309649794271,0.32717469622397743
ZMB-fed(KEN+TZA+UGA),2013,1,current_account,2014,persistence,-1.4270939600475,0.8511382095223831
ZMB-fed(KEN+TZA+UGA),2013,1,current_account,2014,arima,-1.4270939600475,2.1763079952422917
ZMB-fed(KEN+TZA+UGA),2013,1,current_account,2014,chronos,-1.4270939600475,0.8836007344715429
ZMB-fed(KEN+TZA+UGA),2013,1,current_account,2014,xgb_blind,-1.4270939600475,3.3264098393909762
ZMB-fed(KEN+TZA+UGA),2013,1,current_account,2014,xgb_lag,-1.4270939600475,2.1763079952422917
ZMB-fed(KEN+TZA+UGA),2013,1,current_account,2014,xgb_typed,-1.4270939600475,2.1763079952422917
ZMB-fed(KEN+TZA+UGA),2013,1,current_account,2014,lgbm_blind,-1.4270939600475,4.602517528999675
ZMB-fed(KEN+TZA+UGA),2013,1,current_account,2014,lgbm_lag,-1.4270939600475,2.1763079952422917
ZMB-fed(KEN+TZA+UGA),2013,1,current_account,2014,lgbm_typed,-1.4270939600475,2.1763079952422917
ZMB-fed(KEN+TZA+UGA),2013,1,current_account,2014,tft,-1.4270939600475,0.45697448372914073
ZMB-fed(KEN+TZA+UGA),2013,1,current_account,2014,tgcn,-1.4270939600475,
ZMB-fed(KEN+TZA+UGA),2013,1,current_account,2014,persistence_scarcity,-1.4270939600475,0.8511382095223831
ZMB-fed(KEN+TZA+UGA),2013,1,current_account,2014,chronos_scarcity,-1.4270939600475,0.8836007344715429
ZMB-fed(KEN+TZA+UGA),2013,1,current_account,2014,gnn_scarcity,-1.4270939600475,5.149708293675644
ZMB-fed(KEN+TZA+UGA),2013,3,current_account,2016,persistence,-4.55168827542136,3.9757325248962427
ZMB-fed(KEN+TZA+UGA),2013,3,current_account,2016,arima,-4.55168827542136,5.071632076115601
ZMB-fed(KEN+TZA+UGA),2013,3,current_account,2016,chronos,-4.55168827542136,2.2735405779726294
ZMB-fed(KEN+TZA+UGA),2013,3,current_account,2016,xgb_blind,-4.55168827542136,4.38822439977
ZMB-fed(KEN+TZA+UGA),2013,3,current_account,2016,xgb_lag,-4.55168827542136,5.071632076115601
ZMB-fed(KEN+TZA+UGA),2013,3,current_account,2016,xgb_typed,-4.55168827542136,5.071632076115601
ZMB-fed(KEN+TZA+UGA),2013,3,current_account,2016,lgbm_blind,-4.55168827542136,1.1899879472890227
ZMB-fed(KEN+TZA+UGA),2013,3,current_account,2016,lgbm_lag,-4.55168827542136,5.071632076115601
ZMB-fed(KEN+TZA+UGA),2013,3,current_account,2016,lgbm_typed,-4.55168827542136,5.071632076115601
ZMB-fed(KEN+TZA+UGA),2013,3,current_account,2016,tft,-4.55168827542136,3.565294346893528
ZMB-fed(KEN+TZA+UGA),2013,3,current_account,2016,tgcn,-4.55168827542136,
ZMB-fed(KEN+TZA+UGA),2013,3,current_account,2016,persistence_scarcity,-4.55168827542136,3.9757325248962427
ZMB-fed(KEN+TZA+UGA),2013,3,current_account,2016,chronos_scarcity,-4.55168827542136,2.2735405779726294
ZMB-fed(KEN+TZA+UGA),2013,3,current_account,2016,gnn_scarcity,-4.55168827542136,1.2607721470945092
ZMB-fed(KEN+TZA+UGA),2013,5,current_account,2018,persistence,-1.30116677554112,0.725211025016003
ZMB-fed(KEN+TZA+UGA),2013,5,current_account,2018,arima,-1.30116677554112,1.8097569169724466
ZMB-fed(KEN+TZA+UGA),2013,5,current_account,2018,chronos,-1.30116677554112,0.5213514539434381
ZMB-fed(KEN+TZA+UGA),2013,5,current_account,2018,xgb_blind,-1.30116677554112,1.927840473966413
ZMB-fed(KEN+TZA+UGA),2013,5,current_account,2018,xgb_lag,-1.30116677554112,1.8097569169724466
ZMB-fed(KEN+TZA+UGA),2013,5,current_account,2018,xgb_typed,-1.30116677554112,1.8097569169724466
ZMB-fed(KEN+TZA+UGA),2013,5,current_account,2018,lgbm_blind,-1.30116677554112,4.091956230024724
ZMB-fed(KEN+TZA+UGA),2013,5,current_account,2018,lgbm_lag,-1.30116677554112,1.8097569169724466
ZMB-fed(KEN+TZA+UGA),2013,5,current_account,2018,lgbm_typed,-1.30116677554112,1.8097569169724466
ZMB-fed(KEN+TZA+UGA),2013,5,current_account,2018,tft,-1.30116677554112,0.29207301409702824
ZMB-fed(KEN+TZA+UGA),2013,5,current_account,2018,tgcn,-1.30116677554112,
ZMB-fed(KEN+TZA+UGA),2013,5,current_account,2018,persistence_scarcity,-1.30116677554112,0.725211025016003
ZMB-fed(KEN+TZA+UGA),2013,5,current_account,2018,chronos_scarcity,-1.30116677554112,0.5213514539434381
ZMB-fed(KEN+TZA+UGA),2013,5,current_account,2018,gnn_scarcity,-1.30116677554112,1.3418929603860907
ZMB-fed(KEN+TZA+UGA),2013,1,real_interest_rate,2014,persistence,5.81636783051129,6.007797868704087
ZMB-fed(KEN+TZA+UGA),2013,1,real_interest_rate,2014,arima,5.81636783051129,5.144356628890557
ZMB-fed(KEN+TZA+UGA),2013,1,real_interest_rate,2014,chronos,5.81636783051129,5.0896724121534405
ZMB-fed(KEN+TZA+UGA),2013,1,real_interest_rate,2014,xgb_blind,5.81636783051129,1.6268394334352436
ZMB-fed(KEN+TZA+UGA),2013,1,real_interest_rate,2014,xgb_lag,5.81636783051129,5.144356628890557
ZMB-fed(KEN+TZA+UGA),2013,1,real_interest_rate,2014,xgb_typed,5.81636783051129,5.144356628890557
ZMB-fed(KEN+TZA+UGA),2013,1,real_interest_rate,2014,lgbm_blind,5.81636783051129,0.0072180650612683195
ZMB-fed(KEN+TZA+UGA),2013,1,real_interest_rate,2014,lgbm_lag,5.81636783051129,5.144356628890557
ZMB-fed(KEN+TZA+UGA),2013,1,real_interest_rate,2014,lgbm_typed,5.81636783051129,5.144356628890557
ZMB-fed(KEN+TZA+UGA),2013,1,real_interest_rate,2014,tft,5.81636783051129,7.359661783453184
ZMB-fed(KEN+TZA+UGA),2013,1,real_interest_rate,2014,tgcn,5.81636783051129,
ZMB-fed(KEN+TZA+UGA),2013,1,real_interest_rate,2014,persistence_scarcity,5.81636783051129,6.007797868704087
ZMB-fed(KEN+TZA+UGA),2013,1,real_interest_rate,2014,chronos_scarcity,5.81636783051129,5.0896724121534405
ZMB-fed(KEN+TZA+UGA),2013,1,real_interest_rate,2014,gnn_scarcity,5.81636783051129,1.7831427710020122
ZMB-fed(KEN+TZA+UGA),2013,3,real_interest_rate,2016,persistence,1.69392927805065,1.885359316243448
ZMB-fed(KEN+TZA+UGA),2013,3,real_interest_rate,2016,arima,1.69392927805065,1.145023853416994
ZMB-fed(KEN+TZA+UGA),2013,3,real_interest_rate,2016,chronos,1.69392927805065,0.07088605245472102
ZMB-fed(KEN+TZA+UGA),2013,3,real_interest_rate,2016,xgb_blind,1.69392927805065,2.462816155756723
ZMB-fed(KEN+TZA+UGA),2013,3,real_interest_rate,2016,xgb_lag,1.69392927805065,1.145023853416994
ZMB-fed(KEN+TZA+UGA),2013,3,real_interest_rate,2016,xgb_typed,1.69392927805065,1.145023853416994
ZMB-fed(KEN+TZA+UGA),2013,3,real_interest_rate,2016,lgbm_blind,1.69392927805065,7.885812588765008
ZMB-fed(KEN+TZA+UGA),2013,3,real_interest_rate,2016,lgbm_lag,1.69392927805065,1.145023853416994
ZMB-fed(KEN+TZA+UGA),2013,3,real_interest_rate,2016,lgbm_typed,1.69392927805065,1.145023853416994
ZMB-fed(KEN+TZA+UGA),2013,3,real_interest_rate,2016,tft,1.69392927805065,3.1617484919178374
ZMB-fed(KEN+TZA+UGA),2013,3,real_interest_rate,2016,tgcn,1.69392927805065,
ZMB-fed(KEN+TZA+UGA),2013,3,real_interest_rate,2016,persistence_scarcity,1.69392927805065,1.885359316243448
ZMB-fed(KEN+TZA+UGA),2013,3,real_interest_rate,2016,chronos_scarcity,1.69392927805065,0.07088605245472102
ZMB-fed(KEN+TZA+UGA),2013,3,real_interest_rate,2016,gnn_scarcity,1.69392927805065,3.939155019129526
ZMB-fed(KEN+TZA+UGA),2013,5,real_interest_rate,2018,persistence,2.21586529013412,2.4072953283269176
ZMB-fed(KEN+TZA+UGA),2013,5,real_interest_rate,2018,arima,2.21586529013412,1.6706121502783797
ZMB-fed(KEN+TZA+UGA),2013,5,real_interest_rate,2018,chronos,2.21586529013412,1.884738767177892
ZMB-fed(KEN+TZA+UGA),2013,5,real_interest_rate,2018,xgb_blind,2.21586529013412,5.354707562954259
ZMB-fed(KEN+TZA+UGA),2013,5,real_interest_rate,2018,xgb_lag,2.21586529013412,1.6706121502783797
ZMB-fed(KEN+TZA+UGA),2013,5,real_interest_rate,2018,xgb_typed,2.21586529013412,1.6706121502783797
ZMB-fed(KEN+TZA+UGA),2013,5,real_interest_rate,2018,lgbm_blind,2.21586529013412,9.324398867738331
ZMB-fed(KEN+TZA+UGA),2013,5,real_interest_rate,2018,lgbm_lag,2.21586529013412,1.6706121502783797
ZMB-fed(KEN+TZA+UGA),2013,5,real_interest_rate,2018,lgbm_typed,2.21586529013412,1.6706121502783797
ZMB-fed(KEN+TZA+UGA),2013,5,real_interest_rate,2018,tft,2.21586529013412,3.7274304985691784
ZMB-fed(KEN+TZA+UGA),2013,5,real_interest_rate,2018,tgcn,2.21586529013412,
ZMB-fed(KEN+TZA+UGA),2013,5,real_interest_rate,2018,persistence_scarcity,2.21586529013412,2.4072953283269176
ZMB-fed(KEN+TZA+UGA),2013,5,real_interest_rate,2018,chronos_scarcity,2.21586529013412,1.884738767177892
ZMB-fed(KEN+TZA+UGA),2013,5,real_interest_rate,2018,gnn_scarcity,2.21586529013412,15.668644750149083
ZMB-fed(KEN+TZA+UGA),2013,1,broad_money,2014,persistence,20.9269794142477,0.4141869968349994
ZMB-fed(KEN+TZA+UGA),2013,1,broad_money,2014,arima,20.9269794142477,0.565374781884163
ZMB-fed(KEN+TZA+UGA),2013,1,broad_money,2014,chronos,20.9269794142477,0.3480507218606981
ZMB-fed(KEN+TZA+UGA),2013,1,broad_money,2014,xgb_blind,20.9269794142477,0.48898731830043474
ZMB-fed(KEN+TZA+UGA),2013,1,broad_money,2014,xgb_lag,20.9269794142477,0.565374781884163
ZMB-fed(KEN+TZA+UGA),2013,1,broad_money,2014,xgb_typed,20.9269794142477,0.565374781884163
ZMB-fed(KEN+TZA+UGA),2013,1,broad_money,2014,lgbm_blind,20.9269794142477,2.8910373366109816
ZMB-fed(KEN+TZA+UGA),2013,1,broad_money,2014,lgbm_lag,20.9269794142477,0.565374781884163
ZMB-fed(KEN+TZA+UGA),2013,1,broad_money,2014,lgbm_typed,20.9269794142477,0.565374781884163
ZMB-fed(KEN+TZA+UGA),2013,1,broad_money,2014,tft,20.9269794142477,0.1848148024312941
ZMB-fed(KEN+TZA+UGA),2013,1,broad_money,2014,tgcn,20.9269794142477,
ZMB-fed(KEN+TZA+UGA),2013,1,broad_money,2014,persistence_scarcity,20.9269794142477,0.4141869968349994
ZMB-fed(KEN+TZA+UGA),2013,1,broad_money,2014,chronos_scarcity,20.9269794142477,0.3480507218606981
ZMB-fed(KEN+TZA+UGA),2013,1,broad_money,2014,gnn_scarcity,20.9269794142477,2.7467292464010207
ZMB-fed(KEN+TZA+UGA),2013,3,broad_money,2016,persistence,20.6235684850474,0.11077606763469916
ZMB-fed(KEN+TZA+UGA),2013,3,broad_money,2016,arima,20.6235684850474,0.24148558420152
ZMB-fed(KEN+TZA+UGA),2013,3,broad_money,2016,chronos,20.6235684850474,1.6160954931040408
ZMB-fed(KEN+TZA+UGA),2013,3,broad_money,2016,xgb_blind,20.6235684850474,1.238642642762244
ZMB-fed(KEN+TZA+UGA),2013,3,broad_money,2016,xgb_lag,20.6235684850474,0.24148558420152
ZMB-fed(KEN+TZA+UGA),2013,3,broad_money,2016,xgb_typed,20.6235684850474,0.24148558420152
ZMB-fed(KEN+TZA+UGA),2013,3,broad_money,2016,lgbm_blind,20.6235684850474,2.999447136984248
ZMB-fed(KEN+TZA+UGA),2013,3,broad_money,2016,lgbm_lag,20.6235684850474,0.24148558420152
ZMB-fed(KEN+TZA+UGA),2013,3,broad_money,2016,lgbm_typed,20.6235684850474,0.24148558420152
ZMB-fed(KEN+TZA+UGA),2013,3,broad_money,2016,tft,20.6235684850474,1.0649805567006467
ZMB-fed(KEN+TZA+UGA),2013,3,broad_money,2016,tgcn,20.6235684850474,
ZMB-fed(KEN+TZA+UGA),2013,3,broad_money,2016,persistence_scarcity,20.6235684850474,0.11077606763469916
ZMB-fed(KEN+TZA+UGA),2013,3,broad_money,2016,chronos_scarcity,20.6235684850474,1.6160954931040408
ZMB-fed(KEN+TZA+UGA),2013,3,broad_money,2016,gnn_scarcity,20.6235684850474,2.214249561097205
ZMB-fed(KEN+TZA+UGA),2013,5,broad_money,2018,persistence,22.8934937900932,2.380701372680498
ZMB-fed(KEN+TZA+UGA),2013,5,broad_money,2018,arima,22.8934937900932,2.510876462333325
ZMB-fed(KEN+TZA+UGA),2013,5,broad_money,2018,chronos,22.8934937900932,4.552948135796324
ZMB-fed(KEN+TZA+UGA),2013,5,broad_money,2018,xgb_blind,22.8934937900932,5.272989410820738
ZMB-fed(KEN+TZA+UGA),2013,5,broad_money,2018,xgb_lag,22.8934937900932,2.510876462333325
ZMB-fed(KEN+TZA+UGA),2013,5,broad_money,2018,xgb_typed,22.8934937900932,2.510876462333325
ZMB-fed(KEN+TZA+UGA),2013,5,broad_money,2018,lgbm_blind,22.8934937900932,4.868680037667854
ZMB-fed(KEN+TZA+UGA),2013,5,broad_money,2018,lgbm_lag,22.8934937900932,2.510876462333325
ZMB-fed(KEN+TZA+UGA),2013,5,broad_money,2018,lgbm_typed,22.8934937900932,2.510876462333325
ZMB-fed(KEN+TZA+UGA),2013,5,broad_money,2018,tft,22.8934937900932,0.7750245518119492
ZMB-fed(KEN+TZA+UGA),2013,5,broad_money,2018,tgcn,22.8934937900932,
ZMB-fed(KEN+TZA+UGA),2013,5,broad_money,2018,persistence_scarcity,22.8934937900932,2.380701372680498
ZMB-fed(KEN+TZA+UGA),2013,5,broad_money,2018,chronos_scarcity,22.8934937900932,4.552948135796324
ZMB-fed(KEN+TZA+UGA),2013,5,broad_money,2018,gnn_scarcity,22.8934937900932,2.730011124077574
ZMB-fed(KEN+TZA+UGA),2013,1,private_credit,2014,persistence,17.0881246939801,1.2711510513136997
ZMB-fed(KEN+TZA+UGA),2013,1,private_credit,2014,arima,17.0881246939801,1.270369156600383
ZMB-fed(KEN+TZA+UGA),2013,1,private_credit,2014,chronos,17.0881246939801,1.2231192008160363
ZMB-fed(KEN+TZA+UGA),2013,1,private_credit,2014,xgb_blind,17.0881246939801,1.5010475531719933
ZMB-fed(KEN+TZA+UGA),2013,1,private_credit,2014,xgb_lag,17.0881246939801,1.3308329001568566
ZMB-fed(KEN+TZA+UGA),2013,1,private_credit,2014,xgb_typed,17.0881246939801,1.3308329001568566
ZMB-fed(KEN+TZA+UGA),2013,1,private_credit,2014,lgbm_blind,17.0881246939801,3.208640849057163
ZMB-fed(KEN+TZA+UGA),2013,1,private_credit,2014,lgbm_lag,17.0881246939801,3.208640849057163
ZMB-fed(KEN+TZA+UGA),2013,1,private_credit,2014,lgbm_typed,17.0881246939801,3.208640849057163
ZMB-fed(KEN+TZA+UGA),2013,1,private_credit,2014,tft,17.0881246939801,1.4090608969830285
ZMB-fed(KEN+TZA+UGA),2013,1,private_credit,2014,tgcn,17.0881246939801,
ZMB-fed(KEN+TZA+UGA),2013,1,private_credit,2014,persistence_scarcity,17.0881246939801,0.6338925506760447
ZMB-fed(KEN+TZA+UGA),2013,1,private_credit,2014,chronos_scarcity,17.0881246939801,1.5867973400491362
ZMB-fed(KEN+TZA+UGA),2013,1,private_credit,2014,gnn_scarcity,17.0881246939801,1.1264242545269738
ZMB-fed(KEN+TZA+UGA),2013,3,private_credit,2016,persistence,15.4421205069545,0.3748531357118985
ZMB-fed(KEN+TZA+UGA),2013,3,private_credit,2016,arima,15.4421205069545,0.37562076037008474
ZMB-fed(KEN+TZA+UGA),2013,3,private_credit,2016,chronos,15.4421205069545,0.42288498620956183
ZMB-fed(KEN+TZA+UGA),2013,3,private_credit,2016,xgb_blind,15.4421205069545,1.724176361751864
ZMB-fed(KEN+TZA+UGA),2013,3,private_credit,2016,xgb_lag,15.4421205069545,0.311982199954679
ZMB-fed(KEN+TZA+UGA),2013,3,private_credit,2016,xgb_typed,15.4421205069545,0.4304647896763587
ZMB-fed(KEN+TZA+UGA),2013,3,private_credit,2016,lgbm_blind,15.4421205069545,1.544872375066248
ZMB-fed(KEN+TZA+UGA),2013,3,private_credit,2016,lgbm_lag,15.4421205069545,1.544872375066248
ZMB-fed(KEN+TZA+UGA),2013,3,private_credit,2016,lgbm_typed,15.4421205069545,1.544872375066248
ZMB-fed(KEN+TZA+UGA),2013,3,private_credit,2016,tft,15.4421205069545,1.480448767947843
ZMB-fed(KEN+TZA+UGA),2013,3,private_credit,2016,tgcn,15.4421205069545,
ZMB-fed(KEN+TZA+UGA),2013,3,private_credit,2016,persistence_scarcity,15.4421205069545,2.5544786468813303
ZMB-fed(KEN+TZA+UGA),2013,3,private_credit,2016,chronos_scarcity,15.4421205069545,1.2724894686640997
ZMB-fed(KEN+TZA+UGA),2013,3,private_credit,2016,gnn_scarcity,15.4421205069545,0.2731132958409095
ZMB-fed(KEN+TZA+UGA),2013,5,private_credit,2018,persistence,14.973719234617,0.8432544080493987
ZMB-fed(KEN+TZA+UGA),2013,5,private_credit,2018,arima,14.973719234617,0.844022027772608
ZMB-fed(KEN+TZA+UGA),2013,5,private_credit,2018,chronos,14.973719234617,0.891286258547062
ZMB-fed(KEN+TZA+UGA),2013,5,private_credit,2018,xgb_blind,14.973719234617,0.09465921386932763
ZMB-fed(KEN+TZA+UGA),2013,5,private_credit,2018,xgb_lag,14.973719234617,0.798162098081356
ZMB-fed(KEN+TZA+UGA),2013,5,private_credit,2018,xgb_typed,14.973719234617,0.6550926016256753
ZMB-fed(KEN+TZA+UGA),2013,5,private_credit,2018,lgbm_blind,14.973719234617,1.0549669658759946
ZMB-fed(KEN+TZA+UGA),2013,5,private_credit,2018,lgbm_lag,14.973719234617,1.0549669658759946
ZMB-fed(KEN+TZA+UGA),2013,5,private_credit,2018,lgbm_typed,14.973719234617,1.0549669658759946
ZMB-fed(KEN+TZA+UGA),2013,5,private_credit,2018,tft,14.973719234617,2.9016240881369058
ZMB-fed(KEN+TZA+UGA),2013,5,private_credit,2018,tgcn,14.973719234617,
ZMB-fed(KEN+TZA+UGA),2013,5,private_credit,2018,persistence_scarcity,14.973719234617,2.779107174086384
ZMB-fed(KEN+TZA+UGA),2013,5,private_credit,2018,chronos_scarcity,14.973719234617,0.7445053373162462
ZMB-fed(KEN+TZA+UGA),2013,5,private_credit,2018,gnn_scarcity,14.973719234617,1.3244203375265542
ZMB-fed(KEN+TZA+UGA),2013,1,govt_consumption,2014,persistence,14.5238685926023,2.3395651782324993
ZMB-fed(KEN+TZA+UGA),2013,1,govt_consumption,2014,arima,14.5238685926023,2.177308626042109
ZMB-fed(KEN+TZA+UGA),2013,1,govt_consumption,2014,chronos,14.5238685926023,2.3140917142453663
ZMB-fed(KEN+TZA+UGA),2013,1,govt_consumption,2014,xgb_blind,14.5238685926023,2.6294651349606983
ZMB-fed(KEN+TZA+UGA),2013,1,govt_consumption,2014,xgb_lag,14.5238685926023,2.177308626042109
ZMB-fed(KEN+TZA+UGA),2013,1,govt_consumption,2014,xgb_typed,14.5238685926023,2.177308626042109
ZMB-fed(KEN+TZA+UGA),2013,1,govt_consumption,2014,lgbm_blind,14.5238685926023,5.506477636552919
ZMB-fed(KEN+TZA+UGA),2013,1,govt_consumption,2014,lgbm_lag,14.5238685926023,2.177308626042109
ZMB-fed(KEN+TZA+UGA),2013,1,govt_consumption,2014,lgbm_typed,14.5238685926023,2.177308626042109
ZMB-fed(KEN+TZA+UGA),2013,1,govt_consumption,2014,tft,14.5238685926023,1.7576694806638233
ZMB-fed(KEN+TZA+UGA),2013,1,govt_consumption,2014,tgcn,14.5238685926023,
ZMB-fed(KEN+TZA+UGA),2013,1,govt_consumption,2014,persistence_scarcity,14.5238685926023,2.3395651782324993
ZMB-fed(KEN+TZA+UGA),2013,1,govt_consumption,2014,chronos_scarcity,14.5238685926023,2.3140917142453663
ZMB-fed(KEN+TZA+UGA),2013,1,govt_consumption,2014,gnn_scarcity,14.5238685926023,5.527131112438726
ZMB-fed(KEN+TZA+UGA),2013,3,govt_consumption,2016,persistence,16.0718741959666,3.8875707815968
ZMB-fed(KEN+TZA+UGA),2013,3,govt_consumption,2016,arima,16.0718741959666,3.581656203492056
ZMB-fed(KEN+TZA+UGA),2013,3,govt_consumption,2016,chronos,16.0718741959666,3.8291001862620107
ZMB-fed(KEN+TZA+UGA),2013,3,govt_consumption,2016,xgb_blind,16.0718741959666,6.351813847455858
ZMB-fed(KEN+TZA+UGA),2013,3,govt_consumption,2016,xgb_lag,16.0718741959666,3.581656203492056
ZMB-fed(KEN+TZA+UGA),2013,3,govt_consumption,2016,xgb_typed,16.0718741959666,3.581656203492056
ZMB-fed(KEN+TZA+UGA),2013,3,govt_consumption,2016,lgbm_blind,16.0718741959666,7.019838818827463
ZMB-fed(KEN+TZA+UGA),2013,3,govt_consumption,2016,lgbm_lag,16.0718741959666,3.581656203492056
ZMB-fed(KEN+TZA+UGA),2013,3,govt_consumption,2016,lgbm_typed,16.0718741959666,3.581656203492056
ZMB-fed(KEN+TZA+UGA),2013,3,govt_consumption,2016,tft,16.0718741959666,2.7000108307932607
ZMB-fed(KEN+TZA+UGA),2013,3,govt_consumption,2016,tgcn,16.0718741959666,
ZMB-fed(KEN+TZA+UGA),2013,3,govt_consumption,2016,persistence_scarcity,16.0718741959666,3.8875707815968
ZMB-fed(KEN+TZA+UGA),2013,3,govt_consumption,2016,chronos_scarcity,16.0718741959666,3.8291001862620107
ZMB-fed(KEN+TZA+UGA),2013,3,govt_consumption,2016,gnn_scarcity,16.0718741959666,6.982320362958788
ZMB-fed(KEN+TZA+UGA),2013,5,govt_consumption,2018,persistence,12.7086519245005,0.5243485101307002
ZMB-fed(KEN+TZA+UGA),2013,5,govt_consumption,2018,arima,12.7086519245005,0.17248697260047408
ZMB-fed(KEN+TZA+UGA),2013,5,govt_consumption,2018,chronos,12.7086519245005,0.49887504614356715
ZMB-fed(KEN+TZA+UGA),2013,5,govt_consumption,2018,xgb_blind,12.7086519245005,2.8654932025766726
ZMB-fed(KEN+TZA+UGA),2013,5,govt_consumption,2018,xgb_lag,12.7086519245005,0.17248697260047408
ZMB-fed(KEN+TZA+UGA),2013,5,govt_consumption,2018,xgb_typed,12.7086519245005,0.17248697260047408
ZMB-fed(KEN+TZA+UGA),2013,5,govt_consumption,2018,lgbm_blind,12.7086519245005,3.6146785639369217
ZMB-fed(KEN+TZA+UGA),2013,5,govt_consumption,2018,lgbm_lag,12.7086519245005,0.17248697260047408
ZMB-fed(KEN+TZA+UGA),2013,5,govt_consumption,2018,lgbm_typed,12.7086519245005,0.17248697260047408
ZMB-fed(KEN+TZA+UGA),2013,5,govt_consumption,2018,tft,12.7086519245005,1.4486509319448118
ZMB-fed(KEN+TZA+UGA),2013,5,govt_consumption,2018,tgcn,12.7086519245005,
ZMB-fed(KEN+TZA+UGA),2013,5,govt_consumption,2018,persistence_scarcity,12.7086519245005,0.5243485101307002
ZMB-fed(KEN+TZA+UGA),2013,5,govt_consumption,2018,chronos_scarcity,12.7086519245005,0.49887504614356715
ZMB-fed(KEN+TZA+UGA),2013,5,govt_consumption,2018,gnn_scarcity,12.7086519245005,2.9083322528696414
ZMB-fed(KEN+TZA+UGA),2014,1,gdp_growth,2015,persistence,2.92037511217961,1.7729080515874398
ZMB-fed(KEN+TZA+UGA),2014,1,gdp_growth,2015,arima,2.92037511217961,1.982742971335505
ZMB-fed(KEN+TZA+UGA),2014,1,gdp_growth,2015,chronos,2.92037511217961,1.2791221107207806
ZMB-fed(KEN+TZA+UGA),2014,1,gdp_growth,2015,xgb_blind,2.92037511217961,2.189424749728349
ZMB-fed(KEN+TZA+UGA),2014,1,gdp_growth,2015,xgb_lag,2.92037511217961,1.982742971335505
ZMB-fed(KEN+TZA+UGA),2014,1,gdp_growth,2015,xgb_typed,2.92037511217961,1.982742971335505
ZMB-fed(KEN+TZA+UGA),2014,1,gdp_growth,2015,lgbm_blind,2.92037511217961,1.8712360723416581
ZMB-fed(KEN+TZA+UGA),2014,1,gdp_growth,2015,lgbm_lag,2.92037511217961,1.982742971335505
ZMB-fed(KEN+TZA+UGA),2014,1,gdp_growth,2015,lgbm_typed,2.92037511217961,1.982742971335505
ZMB-fed(KEN+TZA+UGA),2014,1,gdp_growth,2015,tft,2.92037511217961,1.7400662864409955
ZMB-fed(KEN+TZA+UGA),2014,1,gdp_growth,2015,tgcn,2.92037511217961,
ZMB-fed(KEN+TZA+UGA),2014,1,gdp_growth,2015,persistence_scarcity,2.92037511217961,1.7729080515874398
ZMB-fed(KEN+TZA+UGA),2014,1,gdp_growth,2015,chronos_scarcity,2.92037511217961,1.2791221107207806
ZMB-fed(KEN+TZA+UGA),2014,1,gdp_growth,2015,gnn_scarcity,2.92037511217961,1.6701810325347455
ZMB-fed(KEN+TZA+UGA),2014,3,gdp_growth,2017,persistence,3.52586277149926,1.1674203922677897
ZMB-fed(KEN+TZA+UGA),2014,3,gdp_growth,2017,arima,3.52586277149926,1.3260107557129697
ZMB-fed(KEN+TZA+UGA),2014,3,gdp_growth,2017,chronos,3.52586277149926,0.6937288460849684
ZMB-fed(KEN+TZA+UGA),2014,3,gdp_growth,2017,xgb_blind,3.52586277149926,0.22295657969702898
ZMB-fed(KEN+TZA+UGA),2014,3,gdp_growth,2017,xgb_lag,3.52586277149926,1.3260107557129697
ZMB-fed(KEN+TZA+UGA),2014,3,gdp_growth,2017,xgb_typed,3.52586277149926,1.3260107557129697
ZMB-fed(KEN+TZA+UGA),2014,3,gdp_growth,2017,lgbm_blind,3.52586277149926,1.7816701390969802
ZMB-fed(KEN+TZA+UGA),2014,3,gdp_growth,2017,lgbm_lag,3.52586277149926,1.3260107557129697
ZMB-fed(KEN+TZA+UGA),2014,3,gdp_growth,2017,lgbm_typed,3.52586277149926,1.3260107557129697
ZMB-fed(KEN+TZA+UGA),2014,3,gdp_growth,2017,tft,3.52586277149926,1.1391910729526442
ZMB-fed(KEN+TZA+UGA),2014,3,gdp_growth,2017,tgcn,3.52586277149926,
ZMB-fed(KEN+TZA+UGA),2014,3,gdp_growth,2017,persistence_scarcity,3.52586277149926,1.1674203922677897
ZMB-fed(KEN+TZA+UGA),2014,3,gdp_growth,2017,chronos_scarcity,3.52586277149926,0.6937288460849684
ZMB-fed(KEN+TZA+UGA),2014,3,gdp_growth,2017,gnn_scarcity,3.52586277149926,1.873845022690193
ZMB-fed(KEN+TZA+UGA),2014,5,gdp_growth,2019,persistence,1.44130602603785,3.2519771377291997
ZMB-fed(KEN+TZA+UGA),2014,5,gdp_growth,2019,arima,1.44130602603785,3.393561777700162
ZMB-fed(KEN+TZA+UGA),2014,5,gdp_growth,2019,chronos,1.44130602603785,2.9591236996091226
ZMB-fed(KEN+TZA+UGA),2014,5,gdp_growth,2019,xgb_blind,1.44130602603785,5.433659641686759
ZMB-fed(KEN+TZA+UGA),2014,5,gdp_growth,2019,xgb_lag,1.44130602603785,3.393561777700162
ZMB-fed(KEN+TZA+UGA),2014,5,gdp_growth,2019,xgb_typed,1.44130602603785,3.393561777700162
ZMB-fed(KEN+TZA+UGA),2014,5,gdp_growth,2019,lgbm_blind,1.44130602603785,4.4883885475433685
ZMB-fed(KEN+TZA+UGA),2014,5,gdp_growth,2019,lgbm_lag,1.44130602603785,3.393561777700162
ZMB-fed(KEN+TZA+UGA),2014,5,gdp_growth,2019,lgbm_typed,1.44130602603785,3.393561777700162
ZMB-fed(KEN+TZA+UGA),2014,5,gdp_growth,2019,tft,1.44130602603785,3.2251616405881265
ZMB-fed(KEN+TZA+UGA),2014,5,gdp_growth,2019,tgcn,1.44130602603785,
ZMB-fed(KEN+TZA+UGA),2014,5,gdp_growth,2019,persistence_scarcity,1.44130602603785,3.2519771377291997
ZMB-fed(KEN+TZA+UGA),2014,5,gdp_growth,2019,chronos_scarcity,1.44130602603785,2.9591236996091226
ZMB-fed(KEN+TZA+UGA),2014,5,gdp_growth,2019,gnn_scarcity,1.44130602603785,6.089494793359123
ZMB-fed(KEN+TZA+UGA),2014,1,inflation_cpi,2015,persistence,10.1105928909618,2.3037173552984704
ZMB-fed(KEN+TZA+UGA),2014,1,inflation_cpi,2015,arima,10.1105928909618,2.285922887339992
ZMB-fed(KEN+TZA+UGA),2014,1,inflation_cpi,2015,chronos,10.1105928909618,2.848592807038461
ZMB-fed(KEN+TZA+UGA),2014,1,inflation_cpi,2015,xgb_blind,10.1105928909618,0.0179481017750156
ZMB-fed(KEN+TZA+UGA),2014,1,inflation_cpi,2015,xgb_lag,10.1105928909618,2.285922887339992
ZMB-fed(KEN+TZA+UGA),2014,1,inflation_cpi,2015,xgb_typed,10.1105928909618,2.285922887339992
ZMB-fed(KEN+TZA+UGA),2014,1,inflation_cpi,2015,lgbm_blind,10.1105928909618,25.893177599525618
ZMB-fed(KEN+TZA+UGA),2014,1,inflation_cpi,2015,lgbm_lag,10.1105928909618,2.285922887339992
ZMB-fed(KEN+TZA+UGA),2014,1,inflation_cpi,2015,lgbm_typed,10.1105928909618,2.285922887339992
ZMB-fed(KEN+TZA+UGA),2014,1,inflation_cpi,2015,tft,10.1105928909618,2.1155243408519375
ZMB-fed(KEN+TZA+UGA),2014,1,inflation_cpi,2015,tgcn,10.1105928909618,
ZMB-fed(KEN+TZA+UGA),2014,1,inflation_cpi,2015,persistence_scarcity,10.1105928909618,2.3037173552984704
ZMB-fed(KEN+TZA+UGA),2014,1,inflation_cpi,2015,chronos_scarcity,10.1105928909618,2.848592807038461
ZMB-fed(KEN+TZA+UGA),2014,1,inflation_cpi,2015,gnn_scarcity,10.1105928909618,28.848044346587027
ZMB-fed(KEN+TZA+UGA),2014,3,inflation_cpi,2017,persistence,6.57731154205644,1.2295639936068907
ZMB-fed(KEN+TZA+UGA),2014,3,inflation_cpi,2017,arima,6.57731154205644,1.2477485223405536
ZMB-fed(KEN+TZA+UGA),2014,3,inflation_cpi,2017,chronos,6.57731154205644,2.25100991485274
ZMB-fed(KEN+TZA+UGA),2014,3,inflation_cpi,2017,xgb_blind,6.57731154205644,4.086482021786334
ZMB-fed(KEN+TZA+UGA),2014,3,inflation_cpi,2017,xgb_lag,6.57731154205644,1.2477485223405536
ZMB-fed(KEN+TZA+UGA),2014,3,inflation_cpi,2017,xgb_typed,6.57731154205644,1.2477485223405536
ZMB-fed(KEN+TZA+UGA),2014,3,inflation_cpi,2017,lgbm_blind,6.57731154205644,20.729126535523406
ZMB-fed(KEN+TZA+UGA),2014,3,inflation_cpi,2017,lgbm_lag,6.57731154205644,1.2477485223405536
ZMB-fed(KEN+TZA+UGA),2014,3,inflation_cpi,2017,lgbm_typed,6.57731154205644,1.2477485223405536
ZMB-fed(KEN+TZA+UGA),2014,3,inflation_cpi,2017,tft,6.57731154205644,1.426736805416705
ZMB-fed(KEN+TZA+UGA),2014,3,inflation_cpi,2017,tgcn,6.57731154205644,
ZMB-fed(KEN+TZA+UGA),2014,3,inflation_cpi,2017,persistence_scarcity,6.57731154205644,1.2295639936068907
ZMB-fed(KEN+TZA+UGA),2014,3,inflation_cpi,2017,chronos_scarcity,6.57731154205644,2.25100991485274
ZMB-fed(KEN+TZA+UGA),2014,3,inflation_cpi,2017,gnn_scarcity,6.57731154205644,41.749951336361526
ZMB-fed(KEN+TZA+UGA),2014,5,inflation_cpi,2019,persistence,9.15031644316296,1.3434409074996303
ZMB-fed(KEN+TZA+UGA),2014,5,inflation_cpi,2019,arima,9.15031644316296,1.325256199133741
ZMB-fed(KEN+TZA+UGA),2014,5,inflation_cpi,2019,chronos,9.15031644316296,2.3834436276378206
ZMB-fed(KEN+TZA+UGA),2014,5,inflation_cpi,2019,xgb_blind,9.15031644316296,2.2856281140269807
ZMB-fed(KEN+TZA+UGA),2014,5,inflation_cpi,2019,xgb_lag,9.15031644316296,1.325256199133741
ZMB-fed(KEN+TZA+UGA),2014,5,inflation_cpi,2019,xgb_typed,9.15031644316296,1.325256199133741
ZMB-fed(KEN+TZA+UGA),2014,5,inflation_cpi,2019,lgbm_blind,9.15031644316296,8.99109722165485
ZMB-fed(KEN+TZA+UGA),2014,5,inflation_cpi,2019,lgbm_lag,9.15031644316296,1.325256199133741
ZMB-fed(KEN+TZA+UGA),2014,5,inflation_cpi,2019,lgbm_typed,9.15031644316296,1.325256199133741
ZMB-fed(KEN+TZA+UGA),2014,5,inflation_cpi,2019,tft,9.15031644316296,1.146049704271359
ZMB-fed(KEN+TZA+UGA),2014,5,inflation_cpi,2019,tgcn,9.15031644316296,
ZMB-fed(KEN+TZA+UGA),2014,5,inflation_cpi,2019,persistence_scarcity,9.15031644316296,1.3434409074996303
ZMB-fed(KEN+TZA+UGA),2014,5,inflation_cpi,2019,chronos_scarcity,9.15031644316296,2.3834436276378206
ZMB-fed(KEN+TZA+UGA),2014,5,inflation_cpi,2019,gnn_scarcity,9.15031644316296,63.85143831757922
ZMB-fed(KEN+TZA+UGA),2014,1,unemployment,2015,persistence,5.951,0.625
ZMB-fed(KEN+TZA+UGA),2014,1,unemployment,2015,arima,5.951,0.35283741759802467
ZMB-fed(KEN+TZA+UGA),2014,1,unemployment,2015,chronos,5.951,0.17141654586791955
ZMB-fed(KEN+TZA+UGA),2014,1,unemployment,2015,xgb_blind,5.951,1.2547051658630375
ZMB-fed(KEN+TZA+UGA),2014,1,unemployment,2015,xgb_lag,5.951,0.35283741759802467
ZMB-fed(KEN+TZA+UGA),2014,1,unemployment,2015,xgb_typed,5.951,0.35283741759802467
ZMB-fed(KEN+TZA+UGA),2014,1,unemployment,2015,lgbm_blind,5.951,7.419833337306977
ZMB-fed(KEN+TZA+UGA),2014,1,unemployment,2015,lgbm_lag,5.951,0.35283741759802467
ZMB-fed(KEN+TZA+UGA),2014,1,unemployment,2015,lgbm_typed,5.951,0.35283741759802467
ZMB-fed(KEN+TZA+UGA),2014,1,unemployment,2015,tft,5.951,0.5577218284606937
ZMB-fed(KEN+TZA+UGA),2014,1,unemployment,2015,tgcn,5.951,
ZMB-fed(KEN+TZA+UGA),2014,1,unemployment,2015,persistence_scarcity,5.951,0.625
ZMB-fed(KEN+TZA+UGA),2014,1,unemployment,2015,chronos_scarcity,5.951,0.17141654586791955
ZMB-fed(KEN+TZA+UGA),2014,1,unemployment,2015,gnn_scarcity,5.951,7.650221084594727
ZMB-fed(KEN+TZA+UGA),2014,3,unemployment,2017,persistence,4.529,2.0469999999999997
ZMB-fed(KEN+TZA+UGA),2014,3,unemployment,2017,arima,4.529,1.6267948363048816
ZMB-fed(KEN+TZA+UGA),2014,3,unemployment,2017,chronos,4.529,0.3039305648803712
ZMB-fed(KEN+TZA+UGA),2014,3,unemployment,2017,xgb_blind,4.529,4.4384339294433595
ZMB-fed(KEN+TZA+UGA),2014,3,unemployment,2017,xgb_lag,4.529,1.6267948363048816
ZMB-fed(KEN+TZA+UGA),2014,3,unemployment,2017,xgb_typed,4.529,1.6267948363048816
ZMB-fed(KEN+TZA+UGA),2014,3,unemployment,2017,lgbm_blind,4.529,8.30881816742637
ZMB-fed(KEN+TZA+UGA),2014,3,unemployment,2017,lgbm_lag,4.529,1.6267948363048816
ZMB-fed(KEN+TZA+UGA),2014,3,unemployment,2017,lgbm_typed,4.529,1.6267948363048816
ZMB-fed(KEN+TZA+UGA),2014,3,unemployment,2017,tft,4.529,1.9958727798461915
ZMB-fed(KEN+TZA+UGA),2014,3,unemployment,2017,tgcn,4.529,
ZMB-fed(KEN+TZA+UGA),2014,3,unemployment,2017,persistence_scarcity,4.529,2.0469999999999997
ZMB-fed(KEN+TZA+UGA),2014,3,unemployment,2017,chronos_scarcity,4.529,0.3039305648803712
ZMB-fed(KEN+TZA+UGA),2014,3,unemployment,2017,gnn_scarcity,4.529,9.829647346496582
ZMB-fed(KEN+TZA+UGA),2014,5,unemployment,2019,persistence,5.538,1.0379999999999994
ZMB-fed(KEN+TZA+UGA),2014,5,unemployment,2019,arima,5.538,0.5951575166291274
ZMB-fed(KEN+TZA+UGA),2014,5,unemployment,2019,chronos,5.538,0.5057734375000003
ZMB-fed(KEN+TZA+UGA),2014,5,unemployment,2019,xgb_blind,5.538,4.861483680725097
ZMB-fed(KEN+TZA+UGA),2014,5,unemployment,2019,xgb_lag,5.538,0.5951575166291274
ZMB-fed(KEN+TZA+UGA),2014,5,unemployment,2019,xgb_typed,5.538,0.5951575166291274
ZMB-fed(KEN+TZA+UGA),2014,5,unemployment,2019,lgbm_blind,5.538,6.664149987220764
ZMB-fed(KEN+TZA+UGA),2014,5,unemployment,2019,lgbm_lag,5.538,0.5951575166291274
ZMB-fed(KEN+TZA+UGA),2014,5,unemployment,2019,lgbm_typed,5.538,0.5951575166291274
ZMB-fed(KEN+TZA+UGA),2014,5,unemployment,2019,tft,5.538,0.9916497344970701
ZMB-fed(KEN+TZA+UGA),2014,5,unemployment,2019,tgcn,5.538,
ZMB-fed(KEN+TZA+UGA),2014,5,unemployment,2019,persistence_scarcity,5.538,1.0379999999999994
ZMB-fed(KEN+TZA+UGA),2014,5,unemployment,2019,chronos_scarcity,5.538,0.5057734375000003
ZMB-fed(KEN+TZA+UGA),2014,5,unemployment,2019,gnn_scarcity,5.538,10.815507995605468
ZMB-fed(KEN+TZA+UGA),2014,1,exports_gdp,2015,persistence,37.1385258014734,1.6837641304644038
ZMB-fed(KEN+TZA+UGA),2014,1,exports_gdp,2015,arima,37.1385258014734,1.7802160334670418
ZMB-fed(KEN+TZA+UGA),2014,1,exports_gdp,2015,chronos,37.1385258014734,1.2225124065344133
ZMB-fed(KEN+TZA+UGA),2014,1,exports_gdp,2015,xgb_blind,37.1385258014734,4.142615156942149
ZMB-fed(KEN+TZA+UGA),2014,1,exports_gdp,2015,xgb_lag,37.1385258014734,1.7802160334670418
ZMB-fed(KEN+TZA+UGA),2014,1,exports_gdp,2015,xgb_typed,37.1385258014734,1.7802160334670418
ZMB-fed(KEN+TZA+UGA),2014,1,exports_gdp,2015,lgbm_blind,37.1385258014734,5.578141210052909
ZMB-fed(KEN+TZA+UGA),2014,1,exports_gdp,2015,lgbm_lag,37.1385258014734,1.7802160334670418
ZMB-fed(KEN+TZA+UGA),2014,1,exports_gdp,2015,lgbm_typed,37.1385258014734,1.7802160334670418
ZMB-fed(KEN+TZA+UGA),2014,1,exports_gdp,2015,tft,37.1385258014734,1.566071671671132
ZMB-fed(KEN+TZA+UGA),2014,1,exports_gdp,2015,tgcn,37.1385258014734,
ZMB-fed(KEN+TZA+UGA),2014,1,exports_gdp,2015,persistence_scarcity,37.1385258014734,1.6837641304644038
ZMB-fed(KEN+TZA+UGA),2014,1,exports_gdp,2015,chronos_scarcity,37.1385258014734,1.2225124065344133
ZMB-fed(KEN+TZA+UGA),2014,1,exports_gdp,2015,gnn_scarcity,37.1385258014734,5.510523634725352
ZMB-fed(KEN+TZA+UGA),2014,3,exports_gdp,2017,persistence,34.9928577635918,3.8294321683460026
ZMB-fed(KEN+TZA+UGA),2014,3,exports_gdp,2017,arima,34.9928577635918,3.9206067696892504
ZMB-fed(KEN+TZA+UGA),2014,3,exports_gdp,2017,chronos,34.9928577635918,0.10864526969531596
ZMB-fed(KEN+TZA+UGA),2014,3,exports_gdp,2017,xgb_blind,34.9928577635918,1.9307796265449184
ZMB-fed(KEN+TZA+UGA),2014,3,exports_gdp,2017,xgb_lag,34.9928577635918,3.9206067696892504
ZMB-fed(KEN+TZA+UGA),2014,3,exports_gdp,2017,xgb_typed,34.9928577635918,3.9206067696892504
ZMB-fed(KEN+TZA+UGA),2014,3,exports_gdp,2017,lgbm_blind,34.9928577635918,3.5588376344747026
ZMB-fed(KEN+TZA+UGA),2014,3,exports_gdp,2017,lgbm_lag,34.9928577635918,3.9206067696892504
ZMB-fed(KEN+TZA+UGA),2014,3,exports_gdp,2017,lgbm_typed,34.9928577635918,3.9206067696892504
ZMB-fed(KEN+TZA+UGA),2014,3,exports_gdp,2017,tft,34.9928577635918,3.791512658771481
ZMB-fed(KEN+TZA+UGA),2014,3,exports_gdp,2017,tgcn,34.9928577635918,
ZMB-fed(KEN+TZA+UGA),2014,3,exports_gdp,2017,persistence_scarcity,34.9928577635918,3.8294321683460026
ZMB-fed(KEN+TZA+UGA),2014,3,exports_gdp,2017,chronos_scarcity,34.9928577635918,0.10864526969531596
ZMB-fed(KEN+TZA+UGA),2014,3,exports_gdp,2017,gnn_scarcity,34.9928577635918,2.377810308757816
ZMB-fed(KEN+TZA+UGA),2014,5,exports_gdp,2019,persistence,34.6361926031881,4.186097328749703
ZMB-fed(KEN+TZA+UGA),2014,5,exports_gdp,2019,arima,34.6361926031881,4.277254122957089
ZMB-fed(KEN+TZA+UGA),2014,5,exports_gdp,2019,chronos,34.6361926031881,1.0592724847025252
ZMB-fed(KEN+TZA+UGA),2014,5,exports_gdp,2019,xgb_blind,34.6361926031881,4.431976599770131
ZMB-fed(KEN+TZA+UGA),2014,5,exports_gdp,2019,xgb_lag,34.6361926031881,4.277254122957089
ZMB-fed(KEN+TZA+UGA),2014,5,exports_gdp,2019,xgb_typed,34.6361926031881,4.277254122957089
ZMB-fed(KEN+TZA+UGA),2014,5,exports_gdp,2019,lgbm_blind,34.6361926031881,3.3538098288350717
ZMB-fed(KEN+TZA+UGA),2014,5,exports_gdp,2019,lgbm_lag,34.6361926031881,4.277254122957089
ZMB-fed(KEN+TZA+UGA),2014,5,exports_gdp,2019,lgbm_typed,34.6361926031881,4.277254122957089
ZMB-fed(KEN+TZA+UGA),2014,5,exports_gdp,2019,tft,34.6361926031881,4.171222405356822
ZMB-fed(KEN+TZA+UGA),2014,5,exports_gdp,2019,tgcn,34.6361926031881,
ZMB-fed(KEN+TZA+UGA),2014,5,exports_gdp,2019,persistence_scarcity,34.6361926031881,4.186097328749703
ZMB-fed(KEN+TZA+UGA),2014,5,exports_gdp,2019,chronos_scarcity,34.6361926031881,1.0592724847025252
ZMB-fed(KEN+TZA+UGA),2014,5,exports_gdp,2019,gnn_scarcity,34.6361926031881,0.5784718560404158
ZMB-fed(KEN+TZA+UGA),2014,1,imports_gdp,2015,persistence,42.7267429559224,5.355533160228795
ZMB-fed(KEN+TZA+UGA),2014,1,imports_gdp,2015,arima,42.7267429559224,5.415324802154373
ZMB-fed(KEN+TZA+UGA),2014,1,imports_gdp,2015,chronos,42.7267429559224,6.3206302850239595
ZMB-fed(KEN+TZA+UGA),2014,1,imports_gdp,2015,xgb_blind,42.7267429559224,4.700173589467319
ZMB-fed(KEN+TZA+UGA),2014,1,imports_gdp,2015,xgb_lag,42.7267429559224,5.415324802154373
ZMB-fed(KEN+TZA+UGA),2014,1,imports_gdp,2015,xgb_typed,42.7267429559224,5.415324802154373
ZMB-fed(KEN+TZA+UGA),2014,1,imports_gdp,2015,lgbm_blind,42.7267429559224,8.94246432471207
ZMB-fed(KEN+TZA+UGA),2014,1,imports_gdp,2015,lgbm_lag,42.7267429559224,5.415324802154373
ZMB-fed(KEN+TZA+UGA),2014,1,imports_gdp,2015,lgbm_typed,42.7267429559224,5.415324802154373
ZMB-fed(KEN+TZA+UGA),2014,1,imports_gdp,2015,tft,42.7267429559224,4.8311588494770845
ZMB-fed(KEN+TZA+UGA),2014,1,imports_gdp,2015,tgcn,42.7267429559224,
ZMB-fed(KEN+TZA+UGA),2014,1,imports_gdp,2015,persistence_scarcity,42.7267429559224,5.355533160228795
ZMB-fed(KEN+TZA+UGA),2014,1,imports_gdp,2015,chronos_scarcity,42.7267429559224,6.3206302850239595
ZMB-fed(KEN+TZA+UGA),2014,1,imports_gdp,2015,gnn_scarcity,42.7267429559224,8.937100621938022
ZMB-fed(KEN+TZA+UGA),2014,3,imports_gdp,2017,persistence,36.5928368906648,0.7783729050288031
ZMB-fed(KEN+TZA+UGA),2014,3,imports_gdp,2017,arima,36.5928368906648,0.717175905789702
ZMB-fed(KEN+TZA+UGA),2014,3,imports_gdp,2017,chronos,36.5928368906648,2.1679864267976114
ZMB-fed(KEN+TZA+UGA),2014,3,imports_gdp,2017,xgb_blind,36.5928368906648,0.9967131276457479
ZMB-fed(KEN+TZA+UGA),2014,3,imports_gdp,2017,xgb_lag,36.5928368906648,0.717175905789702
ZMB-fed(KEN+TZA+UGA),2014,3,imports_gdp,2017,xgb_typed,36.5928368906648,0.717175905789702
ZMB-fed(KEN+TZA+UGA),2014,3,imports_gdp,2017,lgbm_blind,36.5928368906648,2.8009146681805603
ZMB-fed(KEN+TZA+UGA),2014,3,imports_gdp,2017,lgbm_lag,36.5928368906648,0.717175905789702
ZMB-fed(KEN+TZA+UGA),2014,3,imports_gdp,2017,lgbm_typed,36.5928368906648,0.717175905789702
ZMB-fed(KEN+TZA+UGA),2014,3,imports_gdp,2017,tft,36.5928368906648,1.9448141713469198
ZMB-fed(KEN+TZA+UGA),2014,3,imports_gdp,2017,tgcn,36.5928368906648,
ZMB-fed(KEN+TZA+UGA),2014,3,imports_gdp,2017,persistence_scarcity,36.5928368906648,0.7783729050288031
ZMB-fed(KEN+TZA+UGA),2014,3,imports_gdp,2017,chronos_scarcity,36.5928368906648,2.1679864267976114
ZMB-fed(KEN+TZA+UGA),2014,3,imports_gdp,2017,gnn_scarcity,36.5928368906648,2.086233649698002
ZMB-fed(KEN+TZA+UGA),2014,5,imports_gdp,2019,persistence,34.1550123329079,3.2161974627857006
ZMB-fed(KEN+TZA+UGA),2014,5,imports_gdp,2019,arima,34.1550123329079,3.1549997216418646
ZMB-fed(KEN+TZA+UGA),2014,5,imports_gdp,2019,chronos,34.1550123329079,1.0923063392555576
ZMB-fed(KEN+TZA+UGA),2014,5,imports_gdp,2019,xgb_blind,34.1550123329079,1.7225244407737392
ZMB-fed(KEN+TZA+UGA),2014,5,imports_gdp,2019,xgb_lag,34.1550123329079,3.1549997216418646
ZMB-fed(KEN+TZA+UGA),2014,5,imports_gdp,2019,xgb_typed,34.1550123329079,3.1549997216418646
ZMB-fed(KEN+TZA+UGA),2014,5,imports_gdp,2019,lgbm_blind,34.1550123329079,0.35391780089496194
ZMB-fed(KEN+TZA+UGA),2014,5,imports_gdp,2019,lgbm_lag,34.1550123329079,3.1549997216418646
ZMB-fed(KEN+TZA+UGA),2014,5,imports_gdp,2019,lgbm_typed,34.1550123329079,3.1549997216418646
ZMB-fed(KEN+TZA+UGA),2014,5,imports_gdp,2019,tft,34.1550123329079,5.290548122414364
ZMB-fed(KEN+TZA+UGA),2014,5,imports_gdp,2019,tgcn,34.1550123329079,
ZMB-fed(KEN+TZA+UGA),2014,5,imports_gdp,2019,persistence_scarcity,34.1550123329079,3.2161974627857006
ZMB-fed(KEN+TZA+UGA),2014,5,imports_gdp,2019,chronos_scarcity,34.1550123329079,1.0923063392555576
ZMB-fed(KEN+TZA+UGA),2014,5,imports_gdp,2019,gnn_scarcity,34.1550123329079,2.2398774986350674
ZMB-fed(KEN+TZA+UGA),2014,1,current_account,2015,persistence,-3.61227207947561,2.1851781194281097
ZMB-fed(KEN+TZA+UGA),2014,1,current_account,2015,arima,-3.61227207947561,2.355286195761914
ZMB-fed(KEN+TZA+UGA),2014,1,current_account,2015,chronos,-3.61227207947561,1.5993133144457028
ZMB-fed(KEN+TZA+UGA),2014,1,current_account,2015,xgb_blind,-3.61227207947561,1.1123757915575192
ZMB-fed(KEN+TZA+UGA),2014,1,current_account,2015,xgb_lag,-3.61227207947561,2.355286195761914
ZMB-fed(KEN+TZA+UGA),2014,1,current_account,2015,xgb_typed,-3.61227207947561,2.355286195761914
ZMB-fed(KEN+TZA+UGA),2014,1,current_account,2015,lgbm_blind,-3.61227207947561,2.225567846806955
ZMB-fed(KEN+TZA+UGA),2014,1,current_account,2015,lgbm_lag,-3.61227207947561,2.355286195761914
ZMB-fed(KEN+TZA+UGA),2014,1,current_account,2015,lgbm_typed,-3.61227207947561,2.355286195761914
ZMB-fed(KEN+TZA+UGA),2014,1,current_account,2015,tft,-3.61227207947561,2.1087818698961422
ZMB-fed(KEN+TZA+UGA),2014,1,current_account,2015,tgcn,-3.61227207947561,
ZMB-fed(KEN+TZA+UGA),2014,1,current_account,2015,persistence_scarcity,-3.61227207947561,2.1851781194281097
ZMB-fed(KEN+TZA+UGA),2014,1,current_account,2015,chronos_scarcity,-3.61227207947561,1.5993133144457028
ZMB-fed(KEN+TZA+UGA),2014,1,current_account,2015,gnn_scarcity,-3.61227207947561,2.6960312766950443
ZMB-fed(KEN+TZA+UGA),2014,3,current_account,2017,persistence,-1.68127057617849,0.25417661613098996
ZMB-fed(KEN+TZA+UGA),2014,3,current_account,2017,arima,-1.68127057617849,0.3970817413990084
ZMB-fed(KEN+TZA+UGA),2014,3,current_account,2017,chronos,-1.68127057617849,0.7091131442194591
ZMB-fed(KEN+TZA+UGA),2014,3,current_account,2017,xgb_blind,-1.68127057617849,0.6537604563837658
ZMB-fed(KEN+TZA+UGA),2014,3,current_account,2017,xgb_lag,-1.68127057617849,0.3970817413990084
ZMB-fed(KEN+TZA+UGA),2014,3,current_account,2017,xgb_typed,-1.68127057617849,0.3970817413990084
ZMB-fed(KEN+TZA+UGA),2014,3,current_account,2017,lgbm_blind,-1.68127057617849,3.8642882719858083
ZMB-fed(KEN+TZA+UGA),2014,3,current_account,2017,lgbm_lag,-1.68127057617849,0.3970817413990084
ZMB-fed(KEN+TZA+UGA),2014,3,current_account,2017,lgbm_typed,-1.68127057617849,0.3970817413990084
ZMB-fed(KEN+TZA+UGA),2014,3,current_account,2017,tft,-1.68127057617849,0.18837854927724496
ZMB-fed(KEN+TZA+UGA),2014,3,current_account,2017,tgcn,-1.68127057617849,
ZMB-fed(KEN+TZA+UGA),2014,3,current_account,2017,persistence_scarcity,-1.68127057617849,0.25417661613098996
ZMB-fed(KEN+TZA+UGA),2014,3,current_account,2017,chronos_scarcity,-1.68127057617849,0.7091131442194591
ZMB-fed(KEN+TZA+UGA),2014,3,current_account,2017,gnn_scarcity,-1.68127057617849,3.0620761149531015
ZMB-fed(KEN+TZA+UGA),2014,5,current_account,2019,persistence,0.603690808802682,2.0307847688501823
ZMB-fed(KEN+TZA+UGA),2014,5,current_account,2019,arima,0.603690808802682,1.8889662336031117
ZMB-fed(KEN+TZA+UGA),2014,5,current_account,2019,chronos,0.603690808802682,3.1827890334425746
ZMB-fed(KEN+TZA+UGA),2014,5,current_account,2019,xgb_blind,0.603690808802682,1.8251832070054235
ZMB-fed(KEN+TZA+UGA),2014,5,current_account,2019,xgb_lag,0.603690808802682,1.8889662336031117
ZMB-fed(KEN+TZA+UGA),2014,5,current_account,2019,xgb_typed,0.603690808802682,1.8889662336031117
ZMB-fed(KEN+TZA+UGA),2014,5,current_account,2019,lgbm_blind,0.603690808802682,5.79851236322506
ZMB-fed(KEN+TZA+UGA),2014,5,current_account,2019,lgbm_lag,0.603690808802682,1.8889662336031117
ZMB-fed(KEN+TZA+UGA),2014,5,current_account,2019,lgbm_typed,0.603690808802682,1.8889662336031117
ZMB-fed(KEN+TZA+UGA),2014,5,current_account,2019,tft,0.603690808802682,2.093305533915597
ZMB-fed(KEN+TZA+UGA),2014,5,current_account,2019,tgcn,0.603690808802682,
ZMB-fed(KEN+TZA+UGA),2014,5,current_account,2019,persistence_scarcity,0.603690808802682,2.0307847688501823
ZMB-fed(KEN+TZA+UGA),2014,5,current_account,2019,chronos_scarcity,0.603690808802682,3.1827890334425746
ZMB-fed(KEN+TZA+UGA),2014,5,current_account,2019,gnn_scarcity,0.603690808802682,1.2253534255324183
ZMB-fed(KEN+TZA+UGA),2014,1,real_interest_rate,2015,persistence,6.17921585248158,0.3628480219702901
ZMB-fed(KEN+TZA+UGA),2014,1,real_interest_rate,2015,arima,6.17921585248158,1.460717817131278
ZMB-fed(KEN+TZA+UGA),2014,1,real_interest_rate,2015,chronos,6.17921585248158,0.004106577175402748
ZMB-fed(KEN+TZA+UGA),2014,1,real_interest_rate,2015,xgb_blind,6.17921585248158,2.436757620113635
ZMB-fed(KEN+TZA+UGA),2014,1,real_interest_rate,2015,xgb_lag,6.17921585248158,1.460717817131278
ZMB-fed(KEN+TZA+UGA),2014,1,real_interest_rate,2015,xgb_typed,6.17921585248158,1.460717817131278
ZMB-fed(KEN+TZA+UGA),2014,1,real_interest_rate,2015,lgbm_blind,6.17921585248158,0.36976534283405105
ZMB-fed(KEN+TZA+UGA),2014,1,real_interest_rate,2015,lgbm_lag,6.17921585248158,1.460717817131278
ZMB-fed(KEN+TZA+UGA),2014,1,real_interest_rate,2015,lgbm_typed,6.17921585248158,1.460717817131278
ZMB-fed(KEN+TZA+UGA),2014,1,real_interest_rate,2015,tft,6.17921585248158,0.052624646884655846
ZMB-fed(KEN+TZA+UGA),2014,1,real_interest_rate,2015,tgcn,6.17921585248158,
ZMB-fed(KEN+TZA+UGA),2014,1,real_interest_rate,2015,persistence_scarcity,6.17921585248158,0.3628480219702901
ZMB-fed(KEN+TZA+UGA),2014,1,real_interest_rate,2015,chronos_scarcity,6.17921585248158,0.004106577175402748
ZMB-fed(KEN+TZA+UGA),2014,1,real_interest_rate,2015,gnn_scarcity,6.17921585248158,1.9441356103245973
ZMB-fed(KEN+TZA+UGA),2014,3,real_interest_rate,2017,persistence,2.0914904852687,3.7248773452425894
ZMB-fed(KEN+TZA+UGA),2014,3,real_interest_rate,2017,arima,2.0914904852687,2.7909706719900527
ZMB-fed(KEN+TZA+UGA),2014,3,real_interest_rate,2017,chronos,2.0914904852687,3.8891003350438
ZMB-fed(KEN+TZA+UGA),2014,3,real_interest_rate,2017,xgb_blind,2.0914904852687,3.048984787863624
ZMB-fed(KEN+TZA+UGA),2014,3,real_interest_rate,2017,xgb_lag,2.0914904852687,2.7909706719900527
ZMB-fed(KEN+TZA+UGA),2014,3,real_interest_rate,2017,xgb_typed,2.0914904852687,2.7909706719900527
ZMB-fed(KEN+TZA+UGA),2014,3,real_interest_rate,2017,lgbm_blind,2.0914904852687,7.317188916063982
ZMB-fed(KEN+TZA+UGA),2014,3,real_interest_rate,2017,lgbm_lag,2.0914904852687,2.7909706719900527
ZMB-fed(KEN+TZA+UGA),2014,3,real_interest_rate,2017,lgbm_typed,2.0914904852687,2.7909706719900527
ZMB-fed(KEN+TZA+UGA),2014,3,real_interest_rate,2017,tft,2.0914904852687,4.3389780739964365
ZMB-fed(KEN+TZA+UGA),2014,3,real_interest_rate,2017,tgcn,2.0914904852687,
ZMB-fed(KEN+TZA+UGA),2014,3,real_interest_rate,2017,persistence_scarcity,2.0914904852687,3.7248773452425894
ZMB-fed(KEN+TZA+UGA),2014,3,real_interest_rate,2017,chronos_scarcity,2.0914904852687,3.8891003350438
ZMB-fed(KEN+TZA+UGA),2014,3,real_interest_rate,2017,gnn_scarcity,2.0914904852687,5.3934948662938
ZMB-fed(KEN+TZA+UGA),2014,5,real_interest_rate,2019,persistence,2.46967432530594,3.3466935052053497
ZMB-fed(KEN+TZA+UGA),2014,5,real_interest_rate,2019,arima,2.46967432530594,2.4182622492997243
ZMB-fed(KEN+TZA+UGA),2014,5,real_interest_rate,2019,chronos,2.46967432530594,3.815007471721648
ZMB-fed(KEN+TZA+UGA),2014,5,real_interest_rate,2019,xgb_blind,2.46967432530594,4.514784598033904
ZMB-fed(KEN+TZA+UGA),2014,5,real_interest_rate,2019,xgb_lag,2.46967432530594,2.4182622492997243
ZMB-fed(KEN+TZA+UGA),2014,5,real_interest_rate,2019,xgb_typed,2.46967432530594,2.4182622492997243
ZMB-fed(KEN+TZA+UGA),2014,5,real_interest_rate,2019,lgbm_blind,2.46967432530594,8.784395005982399
ZMB-fed(KEN+TZA+UGA),2014,5,real_interest_rate,2019,lgbm_lag,2.46967432530594,2.4182622492997243
ZMB-fed(KEN+TZA+UGA),2014,5,real_interest_rate,2019,lgbm_typed,2.46967432530594,2.4182622492997243
ZMB-fed(KEN+TZA+UGA),2014,5,real_interest_rate,2019,tft,2.46967432530594,4.420586371105193
ZMB-fed(KEN+TZA+UGA),2014,5,real_interest_rate,2019,tgcn,2.46967432530594,
ZMB-fed(KEN+TZA+UGA),2014,5,real_interest_rate,2019,persistence_scarcity,2.46967432530594,3.3466935052053497
ZMB-fed(KEN+TZA+UGA),2014,5,real_interest_rate,2019,chronos_scarcity,2.46967432530594,3.815007471721648
ZMB-fed(KEN+TZA+UGA),2014,5,real_interest_rate,2019,gnn_scarcity,2.46967432530594,13.574705862682341
ZMB-fed(KEN+TZA+UGA),2014,1,broad_money,2015,persistence,25.7726453305593,4.845665916311599
ZMB-fed(KEN+TZA+UGA),2014,1,broad_money,2015,arima,25.7726453305593,4.911101675111862
ZMB-fed(KEN+TZA+UGA),2014,1,broad_money,2015,chronos,25.7726453305593,4.168488836418675
ZMB-fed(KEN+TZA+UGA),2014,1,broad_money,2015,xgb_blind,25.7726453305593,6.15036520970969
ZMB-fed(KEN+TZA+UGA),2014,1,broad_money,2015,xgb_lag,25.7726453305593,4.911101675111862
ZMB-fed(KEN+TZA+UGA),2014,1,broad_money,2015,xgb_typed,25.7726453305593,4.911101675111862
ZMB-fed(KEN+TZA+UGA),2014,1,broad_money,2015,lgbm_blind,25.7726453305593,7.6162433784515535
ZMB-fed(KEN+TZA+UGA),2014,1,broad_money,2015,lgbm_lag,25.7726453305593,4.911101675111862
ZMB-fed(KEN+TZA+UGA),2014,1,broad_money,2015,lgbm_typed,25.7726453305593,4.911101675111862
ZMB-fed(KEN+TZA+UGA),2014,1,broad_money,2015,tft,25.7726453305593,4.31393942845969
ZMB-fed(KEN+TZA+UGA),2014,1,broad_money,2015,tgcn,25.7726453305593,
ZMB-fed(KEN+TZA+UGA),2014,1,broad_money,2015,persistence_scarcity,25.7726453305593,4.845665916311599
ZMB-fed(KEN+TZA+UGA),2014,1,broad_money,2015,chronos_scarcity,25.7726453305593,4.168488836418675
ZMB-fed(KEN+TZA+UGA),2014,1,broad_money,2015,gnn_scarcity,25.7726453305593,7.463692999016331
ZMB-fed(KEN+TZA+UGA),2014,3,broad_money,2017,persistence,21.9632481696508,1.0362687554030998
ZMB-fed(KEN+TZA+UGA),2014,3,broad_money,2017,arima,21.9632481696508,1.0929998279332906
ZMB-fed(KEN+TZA+UGA),2014,3,broad_money,2017,chronos,21.9632481696508,2.8415593268773627
ZMB-fed(KEN+TZA+UGA),2014,3,broad_money,2017,xgb_blind,21.9632481696508,1.7361802222631049
ZMB-fed(KEN+TZA+UGA),2014,3,broad_money,2017,xgb_lag,21.9632481696508,1.0929998279332906
ZMB-fed(KEN+TZA+UGA),2014,3,broad_money,2017,xgb_typed,21.9632481696508,1.0929998279332906
ZMB-fed(KEN+TZA+UGA),2014,3,broad_money,2017,lgbm_blind,21.9632481696508,4.18899692536591
ZMB-fed(KEN+TZA+UGA),2014,3,broad_money,2017,lgbm_lag,21.9632481696508,1.0929998279332906
ZMB-fed(KEN+TZA+UGA),2014,3,broad_money,2017,lgbm_typed,21.9632481696508,1.0929998279332906
ZMB-fed(KEN+TZA+UGA),2014,3,broad_money,2017,tft,21.9632481696508,0.6688280937769342
ZMB-fed(KEN+TZA+UGA),2014,3,broad_money,2017,tgcn,21.9632481696508,
ZMB-fed(KEN+TZA+UGA),2014,3,broad_money,2017,persistence_scarcity,21.9632481696508,1.0362687554030998
ZMB-fed(KEN+TZA+UGA),2014,3,broad_money,2017,chronos_scarcity,21.9632481696508,2.8415593268773627
ZMB-fed(KEN+TZA+UGA),2014,3,broad_money,2017,gnn_scarcity,21.9632481696508,3.177105820407636
ZMB-fed(KEN+TZA+UGA),2014,5,broad_money,2019,persistence,23.5980964890188,2.6711170747711
ZMB-fed(KEN+TZA+UGA),2014,5,broad_money,2019,arima,23.5980964890188,2.727630881941927
ZMB-fed(KEN+TZA+UGA),2014,5,broad_money,2019,chronos,23.5980964890188,4.811879753178957
ZMB-fed(KEN+TZA+UGA),2014,5,broad_money,2019,xgb_blind,23.5980964890188,4.103368400639894
ZMB-fed(KEN+TZA+UGA),2014,5,broad_money,2019,xgb_lag,23.5980964890188,2.727630881941927
ZMB-fed(KEN+TZA+UGA),2014,5,broad_money,2019,xgb_typed,23.5980964890188,2.727630881941927
ZMB-fed(KEN+TZA+UGA),2014,5,broad_money,2019,lgbm_blind,23.5980964890188,5.4281744709676545
ZMB-fed(KEN+TZA+UGA),2014,5,broad_money,2019,lgbm_lag,23.5980964890188,2.727630881941927
ZMB-fed(KEN+TZA+UGA),2014,5,broad_money,2019,lgbm_typed,23.5980964890188,2.727630881941927
ZMB-fed(KEN+TZA+UGA),2014,5,broad_money,2019,tft,23.5980964890188,0.32038843542993334
ZMB-fed(KEN+TZA+UGA),2014,5,broad_money,2019,tgcn,23.5980964890188,
ZMB-fed(KEN+TZA+UGA),2014,5,broad_money,2019,persistence_scarcity,23.5980964890188,2.6711170747711
ZMB-fed(KEN+TZA+UGA),2014,5,broad_money,2019,chronos_scarcity,23.5980964890188,4.811879753178957
ZMB-fed(KEN+TZA+UGA),2014,5,broad_money,2019,gnn_scarcity,23.5980964890188,3.555163978642824
ZMB-fed(KEN+TZA+UGA),2014,1,private_credit,2015,persistence,19.7648340604039,2.6767093664238004
ZMB-fed(KEN+TZA+UGA),2014,1,private_credit,2015,arima,19.7648340604039,2.7137686239494947
ZMB-fed(KEN+TZA+UGA),2014,1,private_credit,2015,chronos,19.7648340604039,2.7262674710484305
ZMB-fed(KEN+TZA+UGA),2014,1,private_credit,2015,xgb_blind,19.7648340604039,3.1505419156285086
ZMB-fed(KEN+TZA+UGA),2014,1,private_credit,2015,xgb_lag,19.7648340604039,3.0331140897007742
ZMB-fed(KEN+TZA+UGA),2014,1,private_credit,2015,xgb_typed,19.7648340604039,3.0340277096958914
ZMB-fed(KEN+TZA+UGA),2014,1,private_credit,2015,lgbm_blind,19.7648340604039,5.751656824482675
ZMB-fed(KEN+TZA+UGA),2014,1,private_credit,2015,lgbm_lag,19.7648340604039,5.751656824482675
ZMB-fed(KEN+TZA+UGA),2014,1,private_credit,2015,lgbm_typed,19.7648340604039,5.751656824482675
ZMB-fed(KEN+TZA+UGA),2014,1,private_credit,2015,tft,19.7648340604039,3.541977538797454
ZMB-fed(KEN+TZA+UGA),2014,1,private_credit,2015,tgcn,19.7648340604039,
ZMB-fed(KEN+TZA+UGA),2014,1,private_credit,2015,persistence_scarcity,19.7648340604039,1.4130703931877164
ZMB-fed(KEN+TZA+UGA),2014,1,private_credit,2015,chronos_scarcity,19.7648340604039,2.3705747357722657
ZMB-fed(KEN+TZA+UGA),2014,1,private_credit,2015,gnn_scarcity,19.7648340604039,2.7637525937290945
ZMB-fed(KEN+TZA+UGA),2014,3,private_credit,2017,persistence,14.9060105438137,2.1821141501663988
ZMB-fed(KEN+TZA+UGA),2014,3,private_credit,2017,arima,14.9060105438137,2.1461038227951867
ZMB-fed(KEN+TZA+UGA),2014,3,private_credit,2017,chronos,14.9060105438137,2.594447219858175
ZMB-fed(KEN+TZA+UGA),2014,3,private_credit,2017,xgb_blind,14.9060105438137,0.26399604033469615
ZMB-fed(KEN+TZA+UGA),2014,3,private_credit,2017,xgb_lag,14.9060105438137,1.8591299896335656
ZMB-fed(KEN+TZA+UGA),2014,3,private_credit,2017,xgb_typed,14.9060105438137,1.8680621032810265
ZMB-fed(KEN+TZA+UGA),2014,3,private_credit,2017,lgbm_blind,14.9060105438137,0.863722543880284
ZMB-fed(KEN+TZA+UGA),2014,3,private_credit,2017,lgbm_lag,14.9060105438137,0.863722543880284
ZMB-fed(KEN+TZA+UGA),2014,3,private_credit,2017,lgbm_typed,14.9060105438137,0.863722543880284
ZMB-fed(KEN+TZA+UGA),2014,3,private_credit,2017,tft,14.9060105438137,1.321120346078878
ZMB-fed(KEN+TZA+UGA),2014,3,private_credit,2017,tgcn,14.9060105438137,
ZMB-fed(KEN+TZA+UGA),2014,3,private_credit,2017,persistence_scarcity,14.9060105438137,5.2632270117996995
ZMB-fed(KEN+TZA+UGA),2014,3,private_credit,2017,chronos_scarcity,14.9060105438137,0.3591328105743532
ZMB-fed(KEN+TZA+UGA),2014,3,private_credit,2017,gnn_scarcity,14.9060105438137,2.092370117197042
ZMB-fed(KEN+TZA+UGA),2014,5,private_credit,2019,persistence,15.6261899079478,1.4619347860322982
ZMB-fed(KEN+TZA+UGA),2014,5,private_credit,2019,arima,15.6261899079478,1.4259253502110276
ZMB-fed(KEN+TZA+UGA),2014,5,private_credit,2019,chronos,15.6261899079478,1.4123766814076681
ZMB-fed(KEN+TZA+UGA),2014,5,private_credit,2019,xgb_blind,15.6261899079478,0.6647879685557108
ZMB-fed(KEN+TZA+UGA),2014,5,private_credit,2019,xgb_lag,15.6261899079478,1.0826800261342306
ZMB-fed(KEN+TZA+UGA),2014,5,private_credit,2019,xgb_typed,15.6261899079478,1.0174925719105978
ZMB-fed(KEN+TZA+UGA),2014,5,private_credit,2019,lgbm_blind,15.6261899079478,1.5489689911997537
ZMB-fed(KEN+TZA+UGA),2014,5,private_credit,2019,lgbm_lag,15.6261899079478,1.5489689911997537
ZMB-fed(KEN+TZA+UGA),2014,5,private_credit,2019,lgbm_typed,15.6261899079478,1.5489689911997537
ZMB-fed(KEN+TZA+UGA),2014,5,private_credit,2019,tft,15.6261899079478,0.6007845793568869
ZMB-fed(KEN+TZA+UGA),2014,5,private_credit,2019,tgcn,15.6261899079478,
ZMB-fed(KEN+TZA+UGA),2014,5,private_credit,2019,persistence_scarcity,15.6261899079478,4.412659626196483
ZMB-fed(KEN+TZA+UGA),2014,5,private_credit,2019,chronos_scarcity,15.6261899079478,0.9725850935110074
ZMB-fed(KEN+TZA+UGA),2014,5,private_credit,2019,gnn_scarcity,15.6261899079478,0.6090319548451681
ZMB-fed(KEN+TZA+UGA),2014,1,govt_consumption,2015,persistence,14.7806073693567,0.2567387767543998
ZMB-fed(KEN+TZA+UGA),2014,1,govt_consumption,2015,arima,14.7806073693567,1.2351698867197545
ZMB-fed(KEN+TZA+UGA),2014,1,govt_consumption,2015,chronos,14.7806073693567,0.23059925753539012
ZMB-fed(KEN+TZA+UGA),2014,1,govt_consumption,2015,xgb_blind,14.7806073693567,0.9100848702722271
ZMB-fed(KEN+TZA+UGA),2014,1,govt_consumption,2015,xgb_lag,14.7806073693567,1.2351698867197545
ZMB-fed(KEN+TZA+UGA),2014,1,govt_consumption,2015,xgb_typed,14.7806073693567,1.2351698867197545
ZMB-fed(KEN+TZA+UGA),2014,1,govt_consumption,2015,lgbm_blind,14.7806073693567,5.533779846443085
ZMB-fed(KEN+TZA+UGA),2014,1,govt_consumption,2015,lgbm_lag,14.7806073693567,1.2351698867197545
ZMB-fed(KEN+TZA+UGA),2014,1,govt_consumption,2015,lgbm_typed,14.7806073693567,1.2351698867197545
ZMB-fed(KEN+TZA+UGA),2014,1,govt_consumption,2015,tft,14.7806073693567,0.10170092862183644
ZMB-fed(KEN+TZA+UGA),2014,1,govt_consumption,2015,tgcn,14.7806073693567,
ZMB-fed(KEN+TZA+UGA),2014,1,govt_consumption,2015,persistence_scarcity,14.7806073693567,0.2567387767543998
ZMB-fed(KEN+TZA+UGA),2014,1,govt_consumption,2015,chronos_scarcity,14.7806073693567,0.23059925753539012
ZMB-fed(KEN+TZA+UGA),2014,1,govt_consumption,2015,gnn_scarcity,14.7806073693567,5.554030564241954
ZMB-fed(KEN+TZA+UGA),2014,3,govt_consumption,2017,persistence,13.7207952422721,0.8030733503301999
ZMB-fed(KEN+TZA+UGA),2014,3,govt_consumption,2017,arima,13.7207952422721,3.8530271651642387
ZMB-fed(KEN+TZA+UGA),2014,3,govt_consumption,2017,chronos,13.7207952422721,2.47372380069665
ZMB-fed(KEN+TZA+UGA),2014,3,govt_consumption,2017,xgb_blind,13.7207952422721,2.2218223495108695
ZMB-fed(KEN+TZA+UGA),2014,3,govt_consumption,2017,xgb_lag,13.7207952422721,3.8530271651642387
ZMB-fed(KEN+TZA+UGA),2014,3,govt_consumption,2017,xgb_typed,13.7207952422721,3.8530271651642387
ZMB-fed(KEN+TZA+UGA),2014,3,govt_consumption,2017,lgbm_blind,13.7207952422721,4.420040174966969
ZMB-fed(KEN+TZA+UGA),2014,3,govt_consumption,2017,lgbm_lag,13.7207952422721,3.8530271651642387
ZMB-fed(KEN+TZA+UGA),2014,3,govt_consumption,2017,lgbm_typed,13.7207952422721,3.8530271651642387
ZMB-fed(KEN+TZA+UGA),2014,3,govt_consumption,2017,tft,13.7207952422721,0.9750589447396187
ZMB-fed(KEN+TZA+UGA),2014,3,govt_consumption,2017,tgcn,13.7207952422721,
ZMB-fed(KEN+TZA+UGA),2014,3,govt_consumption,2017,persistence_scarcity,13.7207952422721,0.8030733503301999
ZMB-fed(KEN+TZA+UGA),2014,3,govt_consumption,2017,chronos_scarcity,13.7207952422721,2.47372380069665
ZMB-fed(KEN+TZA+UGA),2014,3,govt_consumption,2017,gnn_scarcity,13.7207952422721,4.2086645049674125
ZMB-fed(KEN+TZA+UGA),2014,5,govt_consumption,2019,persistence,17.6842563810264,3.160387788424101
ZMB-fed(KEN+TZA+UGA),2014,5,govt_consumption,2019,arima,17.6842563810264,0.5231354552944545
ZMB-fed(KEN+TZA+UGA),2014,5,govt_consumption,2019,chronos,17.6842563810264,1.6587837400351901
ZMB-fed(KEN+TZA+UGA),2014,5,govt_consumption,2019,xgb_blind,17.6842563810264,7.1451900663291354
ZMB-fed(KEN+TZA+UGA),2014,5,govt_consumption,2019,xgb_lag,17.6842563810264,0.5231354552944545
ZMB-fed(KEN+TZA+UGA),2014,5,govt_consumption,2019,xgb_typed,17.6842563810264,0.5231354552944545
ZMB-fed(KEN+TZA+UGA),2014,5,govt_consumption,2019,lgbm_blind,17.6842563810264,8.31878826045145
ZMB-fed(KEN+TZA+UGA),2014,5,govt_consumption,2019,lgbm_lag,17.6842563810264,0.5231354552944545
ZMB-fed(KEN+TZA+UGA),2014,5,govt_consumption,2019,lgbm_typed,17.6842563810264,0.5231354552944545
ZMB-fed(KEN+TZA+UGA),2014,5,govt_consumption,2019,tft,17.6842563810264,2.988126582137241
ZMB-fed(KEN+TZA+UGA),2014,5,govt_consumption,2019,tgcn,17.6842563810264,
ZMB-fed(KEN+TZA+UGA),2014,5,govt_consumption,2019,persistence_scarcity,17.6842563810264,3.160387788424101
ZMB-fed(KEN+TZA+UGA),2014,5,govt_consumption,2019,chronos_scarcity,17.6842563810264,1.6587837400351901
ZMB-fed(KEN+TZA+UGA),2014,5,govt_consumption,2019,gnn_scarcity,17.6842563810264,7.420050448409214
ZMB-fed(KEN+TZA+UGA),2015,1,gdp_growth,2016,persistence,3.75510031678988,0.8347252046102702
ZMB-fed(KEN+TZA+UGA),2015,1,gdp_growth,2016,arima,3.75510031678988,0.18555201935082577
ZMB-fed(KEN+TZA+UGA),2015,1,gdp_growth,2016,chronos,3.75510031678988,0.7755358884604124
ZMB-fed(KEN+TZA+UGA),2015,1,gdp_growth,2016,xgb_blind,3.75510031678988,0.9248890211312624
ZMB-fed(KEN+TZA+UGA),2015,1,gdp_growth,2016,xgb_lag,3.75510031678988,0.18555201935082577
ZMB-fed(KEN+TZA+UGA),2015,1,gdp_growth,2016,xgb_typed,3.75510031678988,0.18555201935082577
ZMB-fed(KEN+TZA+UGA),2015,1,gdp_growth,2016,lgbm_blind,3.75510031678988,0.9616614246992921
ZMB-fed(KEN+TZA+UGA),2015,1,gdp_growth,2016,lgbm_lag,3.75510031678988,0.18555201935082577
ZMB-fed(KEN+TZA+UGA),2015,1,gdp_growth,2016,lgbm_typed,3.75510031678988,0.18555201935082577
ZMB-fed(KEN+TZA+UGA),2015,1,gdp_growth,2016,tft,3.75510031678988,0.11267501809908431
ZMB-fed(KEN+TZA+UGA),2015,1,gdp_growth,2016,tgcn,3.75510031678988,
ZMB-fed(KEN+TZA+UGA),2015,1,gdp_growth,2016,persistence_scarcity,3.75510031678988,0.8347252046102702
ZMB-fed(KEN+TZA+UGA),2015,1,gdp_growth,2016,chronos_scarcity,3.75510031678988,0.7755358884604124
ZMB-fed(KEN+TZA+UGA),2015,1,gdp_growth,2016,gnn_scarcity,3.75510031678988,0.9248418142526003
ZMB-fed(KEN+TZA+UGA),2015,3,gdp_growth,2018,persistence,4.03449389667165,1.1141187844920402
ZMB-fed(KEN+TZA+UGA),2015,3,gdp_growth,2018,arima,4.03449389667165,0.3430977560483517
ZMB-fed(KEN+TZA+UGA),2015,3,gdp_growth,2018,chronos,4.03449389667165,1.2325203153575632
ZMB-fed(KEN+TZA+UGA),2015,3,gdp_growth,2018,xgb_blind,4.03449389667165,5.230867120930073
ZMB-fed(KEN+TZA+UGA),2015,3,gdp_growth,2018,xgb_lag,4.03449389667165,0.3430977560483517
ZMB-fed(KEN+TZA+UGA),2015,3,gdp_growth,2018,xgb_typed,4.03449389667165,0.3430977560483517
ZMB-fed(KEN+TZA+UGA),2015,3,gdp_growth,2018,lgbm_blind,4.03449389667165,1.169249544277748
ZMB-fed(KEN+TZA+UGA),2015,3,gdp_growth,2018,lgbm_lag,4.03449389667165,0.3430977560483517
ZMB-fed(KEN+TZA+UGA),2015,3,gdp_growth,2018,lgbm_typed,4.03449389667165,0.3430977560483517
ZMB-fed(KEN+TZA+UGA),2015,3,gdp_growth,2018,tft,4.03449389667165,0.3604781362498972
ZMB-fed(KEN+TZA+UGA),2015,3,gdp_growth,2018,tgcn,4.03449389667165,
ZMB-fed(KEN+TZA+UGA),2015,3,gdp_growth,2018,persistence_scarcity,4.03449389667165,1.1141187844920402
ZMB-fed(KEN+TZA+UGA),2015,3,gdp_growth,2018,chronos_scarcity,4.03449389667165,1.2325203153575632
ZMB-fed(KEN+TZA+UGA),2015,3,gdp_growth,2018,gnn_scarcity,4.03449389667165,2.086715724757793
ZMB-fed(KEN+TZA+UGA),2015,5,gdp_growth,2020,persistence,-2.78505506545167,5.70543017763128
ZMB-fed(KEN+TZA+UGA),2015,5,gdp_growth,2020,arima,-2.78505506545167,6.393902566392278
ZMB-fed(KEN+TZA+UGA),2015,5,gdp_growth,2020,chronos,-2.78505506545167,5.310775423346568
ZMB-fed(KEN+TZA+UGA),2015,5,gdp_growth,2020,xgb_blind,-2.78505506545167,7.473945999442149
ZMB-fed(KEN+TZA+UGA),2015,5,gdp_growth,2020,xgb_lag,-2.78505506545167,6.393902566392278
ZMB-fed(KEN+TZA+UGA),2015,5,gdp_growth,2020,xgb_typed,-2.78505506545167,6.393902566392278
ZMB-fed(KEN+TZA+UGA),2015,5,gdp_growth,2020,lgbm_blind,-2.78505506545167,8.571448712134682
ZMB-fed(KEN+TZA+UGA),2015,5,gdp_growth,2020,lgbm_lag,-2.78505506545167,6.393902566392278
ZMB-fed(KEN+TZA+UGA),2015,5,gdp_growth,2020,lgbm_typed,-2.78505506545167,6.393902566392278
ZMB-fed(KEN+TZA+UGA),2015,5,gdp_growth,2020,tft,-2.78505506545167,6.554569149313975
ZMB-fed(KEN+TZA+UGA),2015,5,gdp_growth,2020,tgcn,-2.78505506545167,
ZMB-fed(KEN+TZA+UGA),2015,5,gdp_growth,2020,persistence_scarcity,-2.78505506545167,5.70543017763128
ZMB-fed(KEN+TZA+UGA),2015,5,gdp_growth,2020,chronos_scarcity,-2.78505506545167,5.310775423346568
ZMB-fed(KEN+TZA+UGA),2015,5,gdp_growth,2020,gnn_scarcity,-2.78505506545167,10.24324598342042
ZMB-fed(KEN+TZA+UGA),2015,1,inflation_cpi,2016,persistence,17.8697300795268,7.759137188564999
ZMB-fed(KEN+TZA+UGA),2015,1,inflation_cpi,2016,arima,17.8697300795268,7.709417236262185
ZMB-fed(KEN+TZA+UGA),2015,1,inflation_cpi,2016,chronos,17.8697300795268,5.2807045820902765
ZMB-fed(KEN+TZA+UGA),2015,1,inflation_cpi,2016,xgb_blind,17.8697300795268,30.135076439027888
ZMB-fed(KEN+TZA+UGA),2015,1,inflation_cpi,2016,xgb_lag,17.8697300795268,7.709417236262185
ZMB-fed(KEN+TZA+UGA),2015,1,inflation_cpi,2016,xgb_typed,17.8697300795268,7.709417236262185
ZMB-fed(KEN+TZA+UGA),2015,1,inflation_cpi,2016,lgbm_blind,17.8697300795268,17.098313305025204
ZMB-fed(KEN+TZA+UGA),2015,1,inflation_cpi,2016,lgbm_lag,17.8697300795268,7.709417236262185
ZMB-fed(KEN+TZA+UGA),2015,1,inflation_cpi,2016,lgbm_typed,17.8697300795268,7.709417236262185
ZMB-fed(KEN+TZA+UGA),2015,1,inflation_cpi,2016,tft,17.8697300795268,6.940475547666448
ZMB-fed(KEN+TZA+UGA),2015,1,inflation_cpi,2016,tgcn,17.8697300795268,
ZMB-fed(KEN+TZA+UGA),2015,1,inflation_cpi,2016,persistence_scarcity,17.8697300795268,7.759137188564999
ZMB-fed(KEN+TZA+UGA),2015,1,inflation_cpi,2016,chronos_scarcity,17.8697300795268,5.2807045820902765
ZMB-fed(KEN+TZA+UGA),2015,1,inflation_cpi,2016,gnn_scarcity,17.8697300795268,21.765432273988825
ZMB-fed(KEN+TZA+UGA),2015,3,inflation_cpi,2018,persistence,7.4945719272852,2.6160209636766005
ZMB-fed(KEN+TZA+UGA),2015,3,inflation_cpi,2018,arima,7.4945719272852,2.666837155998339
ZMB-fed(KEN+TZA+UGA),2015,3,inflation_cpi,2018,chronos,7.4945719272852,9.659692522788042
ZMB-fed(KEN+TZA+UGA),2015,3,inflation_cpi,2018,xgb_blind,7.4945719272852,0.9763057262659132
ZMB-fed(KEN+TZA+UGA),2015,3,inflation_cpi,2018,xgb_lag,7.4945719272852,2.666837155998339
ZMB-fed(KEN+TZA+UGA),2015,3,inflation_cpi,2018,xgb_typed,7.4945719272852,2.666837155998339
ZMB-fed(KEN+TZA+UGA),2015,3,inflation_cpi,2018,lgbm_blind,7.4945719272852,19.064220705273872
ZMB-fed(KEN+TZA+UGA),2015,3,inflation_cpi,2018,lgbm_lag,7.4945719272852,2.666837155998339
ZMB-fed(KEN+TZA+UGA),2015,3,inflation_cpi,2018,lgbm_typed,7.4945719272852,2.666837155998339
ZMB-fed(KEN+TZA+UGA),2015,3,inflation_cpi,2018,tft,7.4945719272852,3.5118548839330614
ZMB-fed(KEN+TZA+UGA),2015,3,inflation_cpi,2018,tgcn,7.4945719272852,
ZMB-fed(KEN+TZA+UGA),2015,3,inflation_cpi,2018,persistence_scarcity,7.4945719272852,2.6160209636766005
ZMB-fed(KEN+TZA+UGA),2015,3,inflation_cpi,2018,chronos_scarcity,7.4945719272852,9.659692522788042
ZMB-fed(KEN+TZA+UGA),2015,3,inflation_cpi,2018,gnn_scarcity,7.4945719272852,48.89304709126949
ZMB-fed(KEN+TZA+UGA),2015,5,inflation_cpi,2020,persistence,15.7330604721369,5.6224675811750995
ZMB-fed(KEN+TZA+UGA),2015,5,inflation_cpi,2020,arima,15.7330604721369,5.571650878220606
ZMB-fed(KEN+TZA+UGA),2015,5,inflation_cpi,2020,chronos,15.7330604721369,3.3579944442449357
ZMB-fed(KEN+TZA+UGA),2015,5,inflation_cpi,2020,xgb_blind,15.7330604721369,2.5018650223077987
ZMB-fed(KEN+TZA+UGA),2015,5,inflation_cpi,2020,xgb_lag,15.7330604721369,5.571650878220606
ZMB-fed(KEN+TZA+UGA),2015,5,inflation_cpi,2020,xgb_typed,15.7330604721369,5.571650878220606
ZMB-fed(KEN+TZA+UGA),2015,5,inflation_cpi,2020,lgbm_blind,15.7330604721369,2.025933153503969
ZMB-fed(KEN+TZA+UGA),2015,5,inflation_cpi,2020,lgbm_lag,15.7330604721369,5.571650878220606
ZMB-fed(KEN+TZA+UGA),2015,5,inflation_cpi,2020,lgbm_typed,15.7330604721369,5.571650878220606
ZMB-fed(KEN+TZA+UGA),2015,5,inflation_cpi,2020,tft,15.7330604721369,4.730135553008482
ZMB-fed(KEN+TZA+UGA),2015,5,inflation_cpi,2020,tgcn,15.7330604721369,
ZMB-fed(KEN+TZA+UGA),2015,5,inflation_cpi,2020,persistence_scarcity,15.7330604721369,5.6224675811750995
ZMB-fed(KEN+TZA+UGA),2015,5,inflation_cpi,2020,chronos_scarcity,15.7330604721369,3.3579944442449357
ZMB-fed(KEN+TZA+UGA),2015,5,inflation_cpi,2020,gnn_scarcity,15.7330604721369,56.19484937893732
ZMB-fed(KEN+TZA+UGA),2015,1,unemployment,2016,persistence,5.244,0.7069999999999999
ZMB-fed(KEN+TZA+UGA),2015,1,unemployment,2016,arima,5.244,0.4600115157912299
ZMB-fed(KEN+TZA+UGA),2015,1,unemployment,2016,chronos,5.244,0.41061826324462913
ZMB-fed(KEN+TZA+UGA),2015,1,unemployment,2016,xgb_blind,5.244,2.17553182220459
ZMB-fed(KEN+TZA+UGA),2015,1,unemployment,2016,xgb_lag,5.244,0.4600115157912299
ZMB-fed(KEN+TZA+UGA),2015,1,unemployment,2016,xgb_typed,5.244,0.4600115157912299
ZMB-fed(KEN+TZA+UGA),2015,1,unemployment,2016,lgbm_blind,5.244,7.830040012359619
ZMB-fed(KEN+TZA+UGA),2015,1,unemployment,2016,lgbm_lag,5.244,0.4600115157912299
ZMB-fed(KEN+TZA+UGA),2015,1,unemployment,2016,lgbm_typed,5.244,0.4600115157912299
ZMB-fed(KEN+TZA+UGA),2015,1,unemployment,2016,tft,5.244,0.320025402069092
ZMB-fed(KEN+TZA+UGA),2015,1,unemployment,2016,tgcn,5.244,
ZMB-fed(KEN+TZA+UGA),2015,1,unemployment,2016,persistence_scarcity,5.244,0.7069999999999999
ZMB-fed(KEN+TZA+UGA),2015,1,unemployment,2016,chronos_scarcity,5.244,0.41061826324462913
ZMB-fed(KEN+TZA+UGA),2015,1,unemployment,2016,gnn_scarcity,5.244,8.21758790588379
ZMB-fed(KEN+TZA+UGA),2015,3,unemployment,2018,persistence,5.032,0.9189999999999996
ZMB-fed(KEN+TZA+UGA),2015,3,unemployment,2018,arima,5.032,0.5358344022427257
ZMB-fed(KEN+TZA+UGA),2015,3,unemployment,2018,chronos,5.032,0.28139454650878903
ZMB-fed(KEN+TZA+UGA),2015,3,unemployment,2018,xgb_blind,5.032,5.287374084472656
ZMB-fed(KEN+TZA+UGA),2015,3,unemployment,2018,xgb_lag,5.032,0.5358344022427257
ZMB-fed(KEN+TZA+UGA),2015,3,unemployment,2018,xgb_typed,5.032,0.5358344022427257
ZMB-fed(KEN+TZA+UGA),2015,3,unemployment,2018,lgbm_blind,5.032,7.506391299869703
ZMB-fed(KEN+TZA+UGA),2015,3,unemployment,2018,lgbm_lag,5.032,0.5358344022427257
ZMB-fed(KEN+TZA+UGA),2015,3,unemployment,2018,lgbm_typed,5.032,0.5358344022427257
ZMB-fed(KEN+TZA+UGA),2015,3,unemployment,2018,tft,5.032,0.6744242362976074
ZMB-fed(KEN+TZA+UGA),2015,3,unemployment,2018,tgcn,5.032,
ZMB-fed(KEN+TZA+UGA),2015,3,unemployment,2018,persistence_scarcity,5.032,0.9189999999999996
ZMB-fed(KEN+TZA+UGA),2015,3,unemployment,2018,chronos_scarcity,5.032,0.28139454650878903
ZMB-fed(KEN+TZA+UGA),2015,3,unemployment,2018,gnn_scarcity,5.032,9.874182289123535
ZMB-fed(KEN+TZA+UGA),2015,5,unemployment,2020,persistence,6.032,0.0810000000000004
ZMB-fed(KEN+TZA+UGA),2015,5,unemployment,2020,arima,6.032,0.48543217018366214
ZMB-fed(KEN+TZA+UGA),2015,5,unemployment,2020,chronos,6.032,0.8160986251831055
ZMB-fed(KEN+TZA+UGA),2015,5,unemployment,2020,xgb_blind,6.032,2.900135581970215
ZMB-fed(KEN+TZA+UGA),2015,5,unemployment,2020,xgb_lag,6.032,0.48543217018366214
ZMB-fed(KEN+TZA+UGA),2015,5,unemployment,2020,xgb_typed,6.032,0.48543217018366214
ZMB-fed(KEN+TZA+UGA),2015,5,unemployment,2020,lgbm_blind,6.032,5.872476188478016
ZMB-fed(KEN+TZA+UGA),2015,5,unemployment,2020,lgbm_lag,6.032,0.48543217018366214
ZMB-fed(KEN+TZA+UGA),2015,5,unemployment,2020,lgbm_typed,6.032,0.48543217018366214
ZMB-fed(KEN+TZA+UGA),2015,5,unemployment,2020,tft,6.032,0.14593928527832034
ZMB-fed(KEN+TZA+UGA),2015,5,unemployment,2020,tgcn,6.032,
ZMB-fed(KEN+TZA+UGA),2015,5,unemployment,2020,persistence_scarcity,6.032,0.0810000000000004
ZMB-fed(KEN+TZA+UGA),2015,5,unemployment,2020,chronos_scarcity,6.032,0.8160986251831055
ZMB-fed(KEN+TZA+UGA),2015,5,unemployment,2020,gnn_scarcity,6.032,10.21425015258789
ZMB-fed(KEN+TZA+UGA),2015,1,exports_gdp,2016,persistence,35.3246757489657,1.8138500525076964
ZMB-fed(KEN+TZA+UGA),2015,1,exports_gdp,2016,arima,35.3246757489657,1.888978236506233
ZMB-fed(KEN+TZA+UGA),2015,1,exports_gdp,2016,chronos,35.3246757489657,1.7773445147061722
ZMB-fed(KEN+TZA+UGA),2015,1,exports_gdp,2016,xgb_blind,35.3246757489657,0.06921310248132784
ZMB-fed(KEN+TZA+UGA),2015,1,exports_gdp,2016,xgb_lag,35.3246757489657,1.888978236506233
ZMB-fed(KEN+TZA+UGA),2015,1,exports_gdp,2016,xgb_typed,35.3246757489657,1.888978236506233
ZMB-fed(KEN+TZA+UGA),2015,1,exports_gdp,2016,lgbm_blind,35.3246757489657,3.5411654645418764
ZMB-fed(KEN+TZA+UGA),2015,1,exports_gdp,2016,lgbm_lag,35.3246757489657,1.888978236506233
ZMB-fed(KEN+TZA+UGA),2015,1,exports_gdp,2016,lgbm_typed,35.3246757489657,1.888978236506233
ZMB-fed(KEN+TZA+UGA),2015,1,exports_gdp,2016,tft,35.3246757489657,1.0469253557706253
ZMB-fed(KEN+TZA+UGA),2015,1,exports_gdp,2016,tgcn,35.3246757489657,
ZMB-fed(KEN+TZA+UGA),2015,1,exports_gdp,2016,persistence_scarcity,35.3246757489657,1.8138500525076964
ZMB-fed(KEN+TZA+UGA),2015,1,exports_gdp,2016,chronos_scarcity,35.3246757489657,1.7773445147061722
ZMB-fed(KEN+TZA+UGA),2015,1,exports_gdp,2016,gnn_scarcity,35.3246757489657,3.293322752139531
ZMB-fed(KEN+TZA+UGA),2015,3,exports_gdp,2018,persistence,37.9574045480394,0.8188787465659999
ZMB-fed(KEN+TZA+UGA),2015,3,exports_gdp,2018,arima,37.9574045480394,0.7469531503659468
ZMB-fed(KEN+TZA+UGA),2015,3,exports_gdp,2018,chronos,37.9574045480394,4.23890631805893
ZMB-fed(KEN+TZA+UGA),2015,3,exports_gdp,2018,xgb_blind,37.9574045480394,0.14615303863052276
ZMB-fed(KEN+TZA+UGA),2015,3,exports_gdp,2018,xgb_lag,37.9574045480394,0.7469531503659468
ZMB-fed(KEN+TZA+UGA),2015,3,exports_gdp,2018,xgb_typed,37.9574045480394,0.7469531503659468
ZMB-fed(KEN+TZA+UGA),2015,3,exports_gdp,2018,lgbm_blind,37.9574045480394,6.275362384688091
ZMB-fed(KEN+TZA+UGA),2015,3,exports_gdp,2018,lgbm_lag,37.9574045480394,0.7469531503659468
ZMB-fed(KEN+TZA+UGA),2015,3,exports_gdp,2018,lgbm_typed,37.9574045480394,0.7469531503659468
ZMB-fed(KEN+TZA+UGA),2015,3,exports_gdp,2018,tft,37.9574045480394,1.329699927678071
ZMB-fed(KEN+TZA+UGA),2015,3,exports_gdp,2018,tgcn,37.9574045480394,
ZMB-fed(KEN+TZA+UGA),2015,3,exports_gdp,2018,persistence_scarcity,37.9574045480394,0.8188787465659999
ZMB-fed(KEN+TZA+UGA),2015,3,exports_gdp,2018,chronos_scarcity,37.9574045480394,4.23890631805893
ZMB-fed(KEN+TZA+UGA),2015,3,exports_gdp,2018,gnn_scarcity,37.9574045480394,4.132506781926118
ZMB-fed(KEN+TZA+UGA),2015,5,exports_gdp,2020,persistence,46.7201864691576,9.581660667684204
ZMB-fed(KEN+TZA+UGA),2015,5,exports_gdp,2020,arima,46.7201864691576,9.509741447425604
ZMB-fed(KEN+TZA+UGA),2015,5,exports_gdp,2020,chronos,46.7201864691576,17.901962515910533
ZMB-fed(KEN+TZA+UGA),2015,5,exports_gdp,2020,xgb_blind,46.7201864691576,16.547819373210338
ZMB-fed(KEN+TZA+UGA),2015,5,exports_gdp,2020,xgb_lag,46.7201864691576,9.509741447425604
ZMB-fed(KEN+TZA+UGA),2015,5,exports_gdp,2020,xgb_typed,46.7201864691576,9.509741447425604
ZMB-fed(KEN+TZA+UGA),2015,5,exports_gdp,2020,lgbm_blind,46.7201864691576,15.158939688035488
ZMB-fed(KEN+TZA+UGA),2015,5,exports_gdp,2020,lgbm_lag,46.7201864691576,9.509741447425604
ZMB-fed(KEN+TZA+UGA),2015,5,exports_gdp,2020,lgbm_typed,46.7201864691576,9.509741447425604
ZMB-fed(KEN+TZA+UGA),2015,5,exports_gdp,2020,tft,46.7201864691576,9.733682868083385
ZMB-fed(KEN+TZA+UGA),2015,5,exports_gdp,2020,tgcn,46.7201864691576,
ZMB-fed(KEN+TZA+UGA),2015,5,exports_gdp,2020,persistence_scarcity,46.7201864691576,9.581660667684204
ZMB-fed(KEN+TZA+UGA),2015,5,exports_gdp,2020,chronos_scarcity,46.7201864691576,17.901962515910533
ZMB-fed(KEN+TZA+UGA),2015,5,exports_gdp,2020,gnn_scarcity,46.7201864691576,11.231519934733775
ZMB-fed(KEN+TZA+UGA),2015,1,imports_gdp,2016,persistence,38.6338855056502,4.092857450272199
ZMB-fed(KEN+TZA+UGA),2015,1,imports_gdp,2016,arima,38.6338855056502,3.9254693626942228
ZMB-fed(KEN+TZA+UGA),2015,1,imports_gdp,2016,chronos,38.6338855056502,3.647066947963083
ZMB-fed(KEN+TZA+UGA),2015,1,imports_gdp,2016,xgb_blind,38.6338855056502,0.15830719754472966
ZMB-fed(KEN+TZA+UGA),2015,1,imports_gdp,2016,xgb_lag,38.6338855056502,3.9254693626942228
ZMB-fed(KEN+TZA+UGA),2015,1,imports_gdp,2016,xgb_typed,38.6338855056502,3.9254693626942228
ZMB-fed(KEN+TZA+UGA),2015,1,imports_gdp,2016,lgbm_blind,38.6338855056502,4.491908348057422
ZMB-fed(KEN+TZA+UGA),2015,1,imports_gdp,2016,lgbm_lag,38.6338855056502,3.9254693626942228
ZMB-fed(KEN+TZA+UGA),2015,1,imports_gdp,2016,lgbm_typed,38.6338855056502,3.9254693626942228
ZMB-fed(KEN+TZA+UGA),2015,1,imports_gdp,2016,tft,38.6338855056502,5.652678367640817
ZMB-fed(KEN+TZA+UGA),2015,1,imports_gdp,2016,tgcn,38.6338855056502,
ZMB-fed(KEN+TZA+UGA),2015,1,imports_gdp,2016,persistence_scarcity,38.6338855056502,4.092857450272199
ZMB-fed(KEN+TZA+UGA),2015,1,imports_gdp,2016,chronos_scarcity,38.6338855056502,3.647066947963083
ZMB-fed(KEN+TZA+UGA),2015,1,imports_gdp,2016,gnn_scarcity,38.6338855056502,4.348790290806448
ZMB-fed(KEN+TZA+UGA),2015,3,imports_gdp,2018,persistence,36.9309649794271,5.795777976495295
ZMB-fed(KEN+TZA+UGA),2015,3,imports_gdp,2018,arima,36.9309649794271,5.633458112684181
ZMB-fed(KEN+TZA+UGA),2015,3,imports_gdp,2018,chronos,36.9309649794271,0.8467106492350069
ZMB-fed(KEN+TZA+UGA),2015,3,imports_gdp,2018,xgb_blind,36.9309649794271,0.12886473248696007
ZMB-fed(KEN+TZA+UGA),2015,3,imports_gdp,2018,xgb_lag,36.9309649794271,5.633458112684181
ZMB-fed(KEN+TZA+UGA),2015,3,imports_gdp,2018,xgb_typed,36.9309649794271,5.633458112684181
ZMB-fed(KEN+TZA+UGA),2015,3,imports_gdp,2018,lgbm_blind,36.9309649794271,2.7505723409303684
ZMB-fed(KEN+TZA+UGA),2015,3,imports_gdp,2018,lgbm_lag,36.9309649794271,5.633458112684181
ZMB-fed(KEN+TZA+UGA),2015,3,imports_gdp,2018,lgbm_typed,36.9309649794271,5.633458112684181
ZMB-fed(KEN+TZA+UGA),2015,3,imports_gdp,2018,tft,36.9309649794271,11.18721434186196
ZMB-fed(KEN+TZA+UGA),2015,3,imports_gdp,2018,tgcn,36.9309649794271,
ZMB-fed(KEN+TZA+UGA),2015,3,imports_gdp,2018,persistence_scarcity,36.9309649794271,5.795777976495295
ZMB-fed(KEN+TZA+UGA),2015,3,imports_gdp,2018,chronos_scarcity,36.9309649794271,0.8467106492350069
ZMB-fed(KEN+TZA+UGA),2015,3,imports_gdp,2018,gnn_scarcity,36.9309649794271,1.230987104671243
ZMB-fed(KEN+TZA+UGA),2015,5,imports_gdp,2020,persistence,32.4866629404379,10.240080015484494
ZMB-fed(KEN+TZA+UGA),2015,5,imports_gdp,2020,arima,32.4866629404379,10.077765102747762
ZMB-fed(KEN+TZA+UGA),2015,5,imports_gdp,2020,chronos,32.4866629404379,7.042279167716394
ZMB-fed(KEN+TZA+UGA),2015,5,imports_gdp,2020,xgb_blind,32.4866629404379,6.394379540030847
ZMB-fed(KEN+TZA+UGA),2015,5,imports_gdp,2020,xgb_lag,32.4866629404379,10.077765102747762
ZMB-fed(KEN+TZA+UGA),2015,5,imports_gdp,2020,xgb_typed,32.4866629404379,10.077765102747762
ZMB-fed(KEN+TZA+UGA),2015,5,imports_gdp,2020,lgbm_blind,32.4866629404379,1.7394624134206822
ZMB-fed(KEN+TZA+UGA),2015,5,imports_gdp,2020,lgbm_lag,32.4866629404379,10.077765102747762
ZMB-fed(KEN+TZA+UGA),2015,5,imports_gdp,2020,lgbm_typed,32.4866629404379,10.077765102747762
ZMB-fed(KEN+TZA+UGA),2015,5,imports_gdp,2020,tft,32.4866629404379,18.522362633292566
ZMB-fed(KEN+TZA+UGA),2015,5,imports_gdp,2020,tgcn,32.4866629404379,
ZMB-fed(KEN+TZA+UGA),2015,5,imports_gdp,2020,persistence_scarcity,32.4866629404379,10.240080015484494
ZMB-fed(KEN+TZA+UGA),2015,5,imports_gdp,2020,chronos_scarcity,32.4866629404379,7.042279167716394
ZMB-fed(KEN+TZA+UGA),2015,5,imports_gdp,2020,gnn_scarcity,32.4866629404379,4.525818749015222
ZMB-fed(KEN+TZA+UGA),2015,1,current_account,2016,persistence,-4.55168827542136,0.9394161959457499
ZMB-fed(KEN+TZA+UGA),2015,1,current_account,2016,arima,-4.55168827542136,1.3689701010169277
ZMB-fed(KEN+TZA+UGA),2015,1,current_account,2016,chronos,-4.55168827542136,0.7691903925783423
ZMB-fed(KEN+TZA+UGA),2015,1,current_account,2016,xgb_blind,-4.55168827542136,3.3099381543047217
ZMB-fed(KEN+TZA+UGA),2015,1,current_account,2016,xgb_lag,-4.55168827542136,1.3689701010169277
ZMB-fed(KEN+TZA+UGA),2015,1,current_account,2016,xgb_typed,-4.55168827542136,1.3689701010169277
ZMB-fed(KEN+TZA+UGA),2015,1,current_account,2016,lgbm_blind,-4.55168827542136,1.1971289347760887
ZMB-fed(KEN+TZA+UGA),2015,1,current_account,2016,lgbm_lag,-4.55168827542136,1.3689701010169277
ZMB-fed(KEN+TZA+UGA),2015,1,current_account,2016,lgbm_typed,-4.55168827542136,1.3689701010169277
ZMB-fed(KEN+TZA+UGA),2015,1,current_account,2016,tft,-4.55168827542136,1.1110342360384253
ZMB-fed(KEN+TZA+UGA),2015,1,current_account,2016,tgcn,-4.55168827542136,
ZMB-fed(KEN+TZA+UGA),2015,1,current_account,2016,persistence_scarcity,-4.55168827542136,0.9394161959457499
ZMB-fed(KEN+TZA+UGA),2015,1,current_account,2016,chronos_scarcity,-4.55168827542136,0.7691903925783423
ZMB-fed(KEN+TZA+UGA),2015,1,current_account,2016,gnn_scarcity,-4.55168827542136,1.3560861729734155
ZMB-fed(KEN+TZA+UGA),2015,3,current_account,2018,persistence,-1.30116677554112,2.31110530393449
ZMB-fed(KEN+TZA+UGA),2015,3,current_account,2018,arima,-1.30116677554112,1.9493925516318802
ZMB-fed(KEN+TZA+UGA),2015,3,current_account,2018,chronos,-1.30116677554112,1.4357631179525323
ZMB-fed(KEN+TZA+UGA),2015,3,current_account,2018,xgb_blind,-1.30116677554112,2.043220761136823
ZMB-fed(KEN+TZA+UGA),2015,3,current_account,2018,xgb_lag,-1.30116677554112,1.9493925516318802
ZMB-fed(KEN+TZA+UGA),2015,3,current_account,2018,xgb_typed,-1.30116677554112,1.9493925516318802
ZMB-fed(KEN+TZA+UGA),2015,3,current_account,2018,lgbm_blind,-1.30116677554112,4.1603361237531935
ZMB-fed(KEN+TZA+UGA),2015,3,current_account,2018,lgbm_lag,-1.30116677554112,1.9493925516318802
ZMB-fed(KEN+TZA+UGA),2015,3,current_account,2018,lgbm_typed,-1.30116677554112,1.9493925516318802
ZMB-fed(KEN+TZA+UGA),2015,3,current_account,2018,tft,-1.30116677554112,1.976343867464251
ZMB-fed(KEN+TZA+UGA),2015,3,current_account,2018,tgcn,-1.30116677554112,
ZMB-fed(KEN+TZA+UGA),2015,3,current_account,2018,persistence_scarcity,-1.30116677554112,2.31110530393449
ZMB-fed(KEN+TZA+UGA),2015,3,current_account,2018,chronos_scarcity,-1.30116677554112,1.4357631179525323
ZMB-fed(KEN+TZA+UGA),2015,3,current_account,2018,gnn_scarcity,-1.30116677554112,1.8216090175344415
ZMB-fed(KEN+TZA+UGA),2015,5,current_account,2020,persistence,11.790957110182,15.403229189657608
ZMB-fed(KEN+TZA+UGA),2015,5,current_account,2020,arima,11.790957110182,15.044137967618328
ZMB-fed(KEN+TZA+UGA),2015,5,current_account,2020,chronos,11.790957110182,15.296689169660759
ZMB-fed(KEN+TZA+UGA),2015,5,current_account,2020,xgb_blind,11.790957110182,10.941862302080345
ZMB-fed(KEN+TZA+UGA),2015,5,current_account,2020,xgb_lag,11.790957110182,15.044137967618328
ZMB-fed(KEN+TZA+UGA),2015,5,current_account,2020,xgb_typed,11.790957110182,15.044137967618328
ZMB-fed(KEN+TZA+UGA),2015,5,current_account,2020,lgbm_blind,11.790957110182,16.91041916316306
ZMB-fed(KEN+TZA+UGA),2015,5,current_account,2020,lgbm_lag,11.790957110182,15.044137967618328
ZMB-fed(KEN+TZA+UGA),2015,5,current_account,2020,lgbm_typed,11.790957110182,15.044137967618328
ZMB-fed(KEN+TZA+UGA),2015,5,current_account,2020,tft,11.790957110182,14.806787388578606
ZMB-fed(KEN+TZA+UGA),2015,5,current_account,2020,tgcn,11.790957110182,
ZMB-fed(KEN+TZA+UGA),2015,5,current_account,2020,persistence_scarcity,11.790957110182,15.403229189657608
ZMB-fed(KEN+TZA+UGA),2015,5,current_account,2020,chronos_scarcity,11.790957110182,15.296689169660759
ZMB-fed(KEN+TZA+UGA),2015,5,current_account,2020,gnn_scarcity,11.790957110182,12.330248968855095
ZMB-fed(KEN+TZA+UGA),2015,1,real_interest_rate,2016,persistence,1.69392927805065,4.48528657443093
ZMB-fed(KEN+TZA+UGA),2015,1,real_interest_rate,2016,arima,1.69392927805065,4.420124721534341
ZMB-fed(KEN+TZA+UGA),2015,1,real_interest_rate,2016,chronos,1.69392927805065,4.6554884084117525
ZMB-fed(KEN+TZA+UGA),2015,1,real_interest_rate,2016,xgb_blind,1.69392927805065,1.9998794130432496
ZMB-fed(KEN+TZA+UGA),2015,1,real_interest_rate,2016,xgb_lag,1.69392927805065,4.420124721534341
ZMB-fed(KEN+TZA+UGA),2015,1,real_interest_rate,2016,xgb_typed,1.69392927805065,4.420124721534341
ZMB-fed(KEN+TZA+UGA),2015,1,real_interest_rate,2016,lgbm_blind,1.69392927805065,4.130311847532999
ZMB-fed(KEN+TZA+UGA),2015,1,real_interest_rate,2016,lgbm_lag,1.69392927805065,4.420124721534341
ZMB-fed(KEN+TZA+UGA),2015,1,real_interest_rate,2016,lgbm_typed,1.69392927805065,4.420124721534341
ZMB-fed(KEN+TZA+UGA),2015,1,real_interest_rate,2016,tft,1.69392927805065,4.999262727106821
ZMB-fed(KEN+TZA+UGA),2015,1,real_interest_rate,2016,tgcn,1.69392927805065,
ZMB-fed(KEN+TZA+UGA),2015,1,real_interest_rate,2016,persistence_scarcity,1.69392927805065,4.48528657443093
ZMB-fed(KEN+TZA+UGA),2015,1,real_interest_rate,2016,chronos_scarcity,1.69392927805065,4.6554884084117525
ZMB-fed(KEN+TZA+UGA),2015,1,real_interest_rate,2016,gnn_scarcity,1.69392927805065,3.231056130732309
ZMB-fed(KEN+TZA+UGA),2015,3,real_interest_rate,2018,persistence,2.21586529013412,3.96335056234746
ZMB-fed(KEN+TZA+UGA),2015,3,real_interest_rate,2018,arima,2.21586529013412,3.907789256660552
ZMB-fed(KEN+TZA+UGA),2015,3,real_interest_rate,2018,chronos,2.21586529013412,3.6871064544032337
ZMB-fed(KEN+TZA+UGA),2015,3,real_interest_rate,2018,xgb_blind,2.21586529013412,3.4270141959498646
ZMB-fed(KEN+TZA+UGA),2015,3,real_interest_rate,2018,xgb_lag,2.21586529013412,3.907789256660552
ZMB-fed(KEN+TZA+UGA),2015,3,real_interest_rate,2018,xgb_typed,2.21586529013412,3.907789256660552
ZMB-fed(KEN+TZA+UGA),2015,3,real_interest_rate,2018,lgbm_blind,2.21586529013412,7.052402654968903
ZMB-fed(KEN+TZA+UGA),2015,3,real_interest_rate,2018,lgbm_lag,2.21586529013412,3.907789256660552
ZMB-fed(KEN+TZA+UGA),2015,3,real_interest_rate,2018,lgbm_typed,2.21586529013412,3.907789256660552
ZMB-fed(KEN+TZA+UGA),2015,3,real_interest_rate,2018,tft,2.21586529013412,5.350896203548741
ZMB-fed(KEN+TZA+UGA),2015,3,real_interest_rate,2018,tgcn,2.21586529013412,
ZMB-fed(KEN+TZA+UGA),2015,3,real_interest_rate,2018,persistence_scarcity,2.21586529013412,3.96335056234746
ZMB-fed(KEN+TZA+UGA),2015,3,real_interest_rate,2018,chronos_scarcity,2.21586529013412,3.6871064544032337
ZMB-fed(KEN+TZA+UGA),2015,3,real_interest_rate,2018,gnn_scarcity,2.21586529013412,8.481167638332677
ZMB-fed(KEN+TZA+UGA),2015,5,real_interest_rate,2020,persistence,-3.89303245264567,10.07224830512725
ZMB-fed(KEN+TZA+UGA),2015,5,real_interest_rate,2020,arima,-3.89303245264567,10.016996622514238
ZMB-fed(KEN+TZA+UGA),2015,5,real_interest_rate,2020,chronos,-3.89303245264567,10.540079018655192
ZMB-fed(KEN+TZA+UGA),2015,5,real_interest_rate,2020,xgb_blind,-3.89303245264567,8.780155560555826
ZMB-fed(KEN+TZA+UGA),2015,5,real_interest_rate,2020,xgb_lag,-3.89303245264567,10.016996622514238
ZMB-fed(KEN+TZA+UGA),2015,5,real_interest_rate,2020,xgb_typed,-3.89303245264567,10.016996622514238
ZMB-fed(KEN+TZA+UGA),2015,5,real_interest_rate,2020,lgbm_blind,-3.89303245264567,14.905442097113161
ZMB-fed(KEN+TZA+UGA),2015,5,real_interest_rate,2020,lgbm_lag,-3.89303245264567,10.016996622514238
ZMB-fed(KEN+TZA+UGA),2015,5,real_interest_rate,2020,lgbm_typed,-3.89303245264567,10.016996622514238
ZMB-fed(KEN+TZA+UGA),2015,5,real_interest_rate,2020,tft,-3.89303245264567,12.513307950082194
ZMB-fed(KEN+TZA+UGA),2015,5,real_interest_rate,2020,tgcn,-3.89303245264567,
ZMB-fed(KEN+TZA+UGA),2015,5,real_interest_rate,2020,persistence_scarcity,-3.89303245264567,10.07224830512725
ZMB-fed(KEN+TZA+UGA),2015,5,real_interest_rate,2020,chronos_scarcity,-3.89303245264567,10.540079018655192
ZMB-fed(KEN+TZA+UGA),2015,5,real_interest_rate,2020,gnn_scarcity,-3.89303245264567,19.944466015878092
ZMB-fed(KEN+TZA+UGA),2015,1,broad_money,2016,persistence,20.6235684850474,5.1490768455119
ZMB-fed(KEN+TZA+UGA),2015,1,broad_money,2016,arima,20.6235684850474,4.458520332616935
ZMB-fed(KEN+TZA+UGA),2015,1,broad_money,2016,chronos,20.6235684850474,3.4322329065541624
ZMB-fed(KEN+TZA+UGA),2015,1,broad_money,2016,xgb_blind,20.6235684850474,3.6444712183217405
ZMB-fed(KEN+TZA+UGA),2015,1,broad_money,2016,xgb_lag,20.6235684850474,4.458520332616935
ZMB-fed(KEN+TZA+UGA),2015,1,broad_money,2016,xgb_typed,20.6235684850474,4.458520332616935
ZMB-fed(KEN+TZA+UGA),2015,1,broad_money,2016,lgbm_blind,20.6235684850474,2.1625167730112658
ZMB-fed(KEN+TZA+UGA),2015,1,broad_money,2016,lgbm_lag,20.6235684850474,4.458520332616935
ZMB-fed(KEN+TZA+UGA),2015,1,broad_money,2016,lgbm_typed,20.6235684850474,4.458520332616935
ZMB-fed(KEN+TZA+UGA),2015,1,broad_money,2016,tft,20.6235684850474,3.9831038019399045
ZMB-fed(KEN+TZA+UGA),2015,1,broad_money,2016,tgcn,20.6235684850474,
ZMB-fed(KEN+TZA+UGA),2015,1,broad_money,2016,persistence_scarcity,20.6235684850474,5.1490768455119
ZMB-fed(KEN+TZA+UGA),2015,1,broad_money,2016,chronos_scarcity,20.6235684850474,3.4322329065541624
ZMB-fed(KEN+TZA+UGA),2015,1,broad_money,2016,gnn_scarcity,20.6235684850474,1.9208993413706423
ZMB-fed(KEN+TZA+UGA),2015,3,broad_money,2018,persistence,22.8934937900932,2.8791515404661006
ZMB-fed(KEN+TZA+UGA),2015,3,broad_money,2018,arima,22.8934937900932,2.2729817224494653
ZMB-fed(KEN+TZA+UGA),2015,3,broad_money,2018,chronos,22.8934937900932,2.3131677097709336
ZMB-fed(KEN+TZA+UGA),2015,3,broad_money,2018,xgb_blind,22.8934937900932,0.021406035956605507
ZMB-fed(KEN+TZA+UGA),2015,3,broad_money,2018,xgb_lag,22.8934937900932,2.2729817224494653
ZMB-fed(KEN+TZA+UGA),2015,3,broad_money,2018,xgb_typed,22.8934937900932,2.2729817224494653
ZMB-fed(KEN+TZA+UGA),2015,3,broad_money,2018,lgbm_blind,22.8934937900932,4.77148625424168
ZMB-fed(KEN+TZA+UGA),2015,3,broad_money,2018,lgbm_lag,22.8934937900932,2.2729817224494653
ZMB-fed(KEN+TZA+UGA),2015,3,broad_money,2018,lgbm_typed,22.8934937900932,2.2729817224494653
ZMB-fed(KEN+TZA+UGA),2015,3,broad_money,2018,tft,22.8934937900932,1.7558287196724258
ZMB-fed(KEN+TZA+UGA),2015,3,broad_money,2018,tgcn,22.8934937900932,
ZMB-fed(KEN+TZA+UGA),2015,3,broad_money,2018,persistence_scarcity,22.8934937900932,2.8791515404661006
ZMB-fed(KEN+TZA+UGA),2015,3,broad_money,2018,chronos_scarcity,22.8934937900932,2.3131677097709336
ZMB-fed(KEN+TZA+UGA),2015,3,broad_money,2018,gnn_scarcity,22.8934937900932,3.198988098564879
ZMB-fed(KEN+TZA+UGA),2015,5,broad_money,2020,persistence,31.2059620192927,5.433316688733399
ZMB-fed(KEN+TZA+UGA),2015,5,broad_money,2020,arima,31.2059620192927,6.037772685624979
ZMB-fed(KEN+TZA+UGA),2015,5,broad_money,2020,chronos,31.2059620192927,10.148615675298558
ZMB-fed(KEN+TZA+UGA),2015,5,broad_money,2020,xgb_blind,31.2059620192927,10.270203428594456
ZMB-fed(KEN+TZA+UGA),2015,5,broad_money,2020,xgb_lag,31.2059620192927,6.037772685624979
ZMB-fed(KEN+TZA+UGA),2015,5,broad_money,2020,xgb_typed,31.2059620192927,6.037772685624979
ZMB-fed(KEN+TZA+UGA),2015,5,broad_money,2020,lgbm_blind,31.2059620192927,12.674005528276492
ZMB-fed(KEN+TZA+UGA),2015,5,broad_money,2020,lgbm_lag,31.2059620192927,6.037772685624979
ZMB-fed(KEN+TZA+UGA),2015,5,broad_money,2020,lgbm_typed,31.2059620192927,6.037772685624979
ZMB-fed(KEN+TZA+UGA),2015,5,broad_money,2020,tft,31.2059620192927,6.560883360235081
ZMB-fed(KEN+TZA+UGA),2015,5,broad_money,2020,tgcn,31.2059620192927,
ZMB-fed(KEN+TZA+UGA),2015,5,broad_money,2020,persistence_scarcity,31.2059620192927,5.433316688733399
ZMB-fed(KEN+TZA+UGA),2015,5,broad_money,2020,chronos_scarcity,31.2059620192927,10.148615675298558
ZMB-fed(KEN+TZA+UGA),2015,5,broad_money,2020,gnn_scarcity,31.2059620192927,10.591385679571019
ZMB-fed(KEN+TZA+UGA),2015,1,private_credit,2016,persistence,15.4421205069545,4.322713553449399
ZMB-fed(KEN+TZA+UGA),2015,1,private_credit,2016,arima,15.4421205069545,5.5836138115727305
ZMB-fed(KEN+TZA+UGA),2015,1,private_credit,2016,chronos,15.4421205069545,4.47295288782089
ZMB-fed(KEN+TZA+UGA),2015,1,private_credit,2016,xgb_blind,15.4421205069545,1.3927259896275306
ZMB-fed(KEN+TZA+UGA),2015,1,private_credit,2016,xgb_lag,15.4421205069545,3.607272193240812
ZMB-fed(KEN+TZA+UGA),2015,1,private_credit,2016,xgb_typed,15.4421205069545,3.6084223244663978
ZMB-fed(KEN+TZA+UGA),2015,1,private_credit,2016,lgbm_blind,15.4421205069545,1.198877022457431
ZMB-fed(KEN+TZA+UGA),2015,1,private_credit,2016,lgbm_lag,15.4421205069545,1.198877022457431
ZMB-fed(KEN+TZA+UGA),2015,1,private_credit,2016,lgbm_typed,15.4421205069545,1.198877022457431
ZMB-fed(KEN+TZA+UGA),2015,1,private_credit,2016,tft,15.4421205069545,0.8349333260533118
ZMB-fed(KEN+TZA+UGA),2015,1,private_credit,2016,tgcn,15.4421205069545,
ZMB-fed(KEN+TZA+UGA),2015,1,private_credit,2016,persistence_scarcity,15.4421205069545,6.177805721303708
ZMB-fed(KEN+TZA+UGA),2015,1,private_credit,2016,chronos_scarcity,15.4421205069545,7.095243767363259
ZMB-fed(KEN+TZA+UGA),2015,1,private_credit,2016,gnn_scarcity,15.4421205069545,3.55974488000839
ZMB-fed(KEN+TZA+UGA),2015,3,private_credit,2018,persistence,14.973719234617,4.791114825786899
ZMB-fed(KEN+TZA+UGA),2015,3,private_credit,2018,arima,14.973719234617,6.92577413572247
ZMB-fed(KEN+TZA+UGA),2015,3,private_credit,2018,chronos,14.973719234617,4.837087039797062
ZMB-fed(KEN+TZA+UGA),2015,3,private_credit,2018,xgb_blind,14.973719234617,0.48070657715057763
ZMB-fed(KEN+TZA+UGA),2015,3,private_credit,2018,xgb_lag,14.973719234617,4.2228750036642495
ZMB-fed(KEN+TZA+UGA),2015,3,private_credit,2018,xgb_typed,14.973719234617,4.21596467956757
ZMB-fed(KEN+TZA+UGA),2015,3,private_credit,2018,lgbm_blind,14.973719234617,0.6826249107538462
ZMB-fed(KEN+TZA+UGA),2015,3,private_credit,2018,lgbm_lag,14.973719234617,0.6826249107538462
ZMB-fed(KEN+TZA+UGA),2015,3,private_credit,2018,lgbm_typed,14.973719234617,0.6826249107538462
ZMB-fed(KEN+TZA+UGA),2015,3,private_credit,2018,tft,14.973719234617,1.304799442140812
ZMB-fed(KEN+TZA+UGA),2015,3,private_credit,2018,tgcn,14.973719234617,
ZMB-fed(KEN+TZA+UGA),2015,3,private_credit,2018,persistence_scarcity,14.973719234617,8.389460343899081
ZMB-fed(KEN+TZA+UGA),2015,3,private_credit,2018,chronos_scarcity,14.973719234617,0.1124637039061902
ZMB-fed(KEN+TZA+UGA),2015,3,private_credit,2018,gnn_scarcity,14.973719234617,4.5387014196798745
ZMB-fed(KEN+TZA+UGA),2015,5,private_credit,2020,persistence,15.1635545633961,4.601279497007798
ZMB-fed(KEN+TZA+UGA),2015,5,private_credit,2020,arima,15.1635545633961,6.92982671189576
ZMB-fed(KEN+TZA+UGA),2015,5,private_credit,2020,chronos,15.1635545633961,4.647251711017962
ZMB-fed(KEN+TZA+UGA),2015,5,private_credit,2020,xgb_blind,15.1635545633961,0.3651756189991282
ZMB-fed(KEN+TZA+UGA),2015,5,private_credit,2020,xgb_lag,15.1635545633961,3.8301550008128835
ZMB-fed(KEN+TZA+UGA),2015,5,private_credit,2020,xgb_typed,15.1635545633961,3.9013849355052663
ZMB-fed(KEN+TZA+UGA),2015,5,private_credit,2020,lgbm_blind,15.1635545633961,0.8154949545733245
ZMB-fed(KEN+TZA+UGA),2015,5,private_credit,2020,lgbm_lag,15.1635545633961,0.8154949545733245
ZMB-fed(KEN+TZA+UGA),2015,5,private_credit,2020,lgbm_typed,15.1635545633961,0.8154949545733245
ZMB-fed(KEN+TZA+UGA),2015,5,private_credit,2020,tft,15.1635545633961,1.114624605305071
ZMB-fed(KEN+TZA+UGA),2015,5,private_credit,2020,tgcn,15.1635545633961,
ZMB-fed(KEN+TZA+UGA),2015,5,private_credit,2020,persistence_scarcity,15.1635545633961,9.973265886167955
ZMB-fed(KEN+TZA+UGA),2015,5,private_credit,2020,chronos_scarcity,15.1635545633961,0.05794595276769421
ZMB-fed(KEN+TZA+UGA),2015,5,private_credit,2020,gnn_scarcity,15.1635545633961,1.5968290425609304
ZMB-fed(KEN+TZA+UGA),2015,1,govt_consumption,2016,persistence,16.0718741959666,1.2912668266099008
ZMB-fed(KEN+TZA+UGA),2015,1,govt_consumption,2016,arima,16.0718741959666,1.1913990504710483
ZMB-fed(KEN+TZA+UGA),2015,1,govt_consumption,2016,chronos,16.0718741959666,1.4738135880564442
ZMB-fed(KEN+TZA+UGA),2015,1,govt_consumption,2016,xgb_blind,16.0718741959666,4.439665371808886
ZMB-fed(KEN+TZA+UGA),2015,1,govt_consumption,2016,xgb_lag,16.0718741959666,1.1913990504710483
ZMB-fed(KEN+TZA+UGA),2015,1,govt_consumption,2016,xgb_typed,16.0718741959666,1.1913990504710483
ZMB-fed(KEN+TZA+UGA),2015,1,govt_consumption,2016,lgbm_blind,16.0718741959666,6.6036954850291
ZMB-fed(KEN+TZA+UGA),2015,1,govt_consumption,2016,lgbm_lag,16.0718741959666,1.1913990504710483
ZMB-fed(KEN+TZA+UGA),2015,1,govt_consumption,2016,lgbm_typed,16.0718741959666,1.1913990504710483
ZMB-fed(KEN+TZA+UGA),2015,1,govt_consumption,2016,tft,16.0718741959666,1.037388379011034
ZMB-fed(KEN+TZA+UGA),2015,1,govt_consumption,2016,tgcn,16.0718741959666,
ZMB-fed(KEN+TZA+UGA),2015,1,govt_consumption,2016,persistence_scarcity,16.0718741959666,1.2912668266099008
ZMB-fed(KEN+TZA+UGA),2015,1,govt_consumption,2016,chronos_scarcity,16.0718741959666,1.4738135880564442
ZMB-fed(KEN+TZA+UGA),2015,1,govt_consumption,2016,gnn_scarcity,16.0718741959666,6.563076550397753
ZMB-fed(KEN+TZA+UGA),2015,3,govt_consumption,2018,persistence,12.7086519245005,2.071955444856199
ZMB-fed(KEN+TZA+UGA),2015,3,govt_consumption,2018,arima,12.7086519245005,2.2257813823188375
ZMB-fed(KEN+TZA+UGA),2015,3,govt_consumption,2018,chronos,12.7086519245005,2.0969682689809446
ZMB-fed(KEN+TZA+UGA),2015,3,govt_consumption,2018,xgb_blind,12.7086519245005,1.792648697266614
ZMB-fed(KEN+TZA+UGA),2015,3,govt_consumption,2018,xgb_lag,12.7086519245005,2.2257813823188375
ZMB-fed(KEN+TZA+UGA),2015,3,govt_consumption,2018,xgb_typed,12.7086519245005,2.2257813823188375
ZMB-fed(KEN+TZA+UGA),2015,3,govt_consumption,2018,lgbm_blind,12.7086519245005,3.1696424156212117
ZMB-fed(KEN+TZA+UGA),2015,3,govt_consumption,2018,lgbm_lag,12.7086519245005,2.2257813823188375
ZMB-fed(KEN+TZA+UGA),2015,3,govt_consumption,2018,lgbm_typed,12.7086519245005,2.2257813823188375
ZMB-fed(KEN+TZA+UGA),2015,3,govt_consumption,2018,tft,12.7086519245005,2.350004768004382
ZMB-fed(KEN+TZA+UGA),2015,3,govt_consumption,2018,tgcn,12.7086519245005,
ZMB-fed(KEN+TZA+UGA),2015,3,govt_consumption,2018,persistence_scarcity,12.7086519245005,2.071955444856199
ZMB-fed(KEN+TZA+UGA),2015,3,govt_consumption,2018,chronos_scarcity,12.7086519245005,2.0969682689809446
ZMB-fed(KEN+TZA+UGA),2015,3,govt_consumption,2018,gnn_scarcity,12.7086519245005,2.5640548709726687
ZMB-fed(KEN+TZA+UGA),2015,5,govt_consumption,2020,persistence,14.6896417176015,0.09096565175519977
ZMB-fed(KEN+TZA+UGA),2015,5,govt_consumption,2020,arima,14.6896417176015,0.25295600220975345
ZMB-fed(KEN+TZA+UGA),2015,5,govt_consumption,2020,chronos,14.6896417176015,0.05698657386370698
ZMB-fed(KEN+TZA+UGA),2015,5,govt_consumption,2020,xgb_blind,14.6896417176015,3.822764161754332
ZMB-fed(KEN+TZA+UGA),2015,5,govt_consumption,2020,xgb_lag,14.6896417176015,0.25295600220975345
ZMB-fed(KEN+TZA+UGA),2015,5,govt_consumption,2020,xgb_typed,14.6896417176015,0.25295600220975345
ZMB-fed(KEN+TZA+UGA),2015,5,govt_consumption,2020,lgbm_blind,14.6896417176015,5.066309830220083
ZMB-fed(KEN+TZA+UGA),2015,5,govt_consumption,2020,lgbm_lag,14.6896417176015,0.25295600220975345
ZMB-fed(KEN+TZA+UGA),2015,5,govt_consumption,2020,lgbm_typed,14.6896417176015,0.25295600220975345
ZMB-fed(KEN+TZA+UGA),2015,5,govt_consumption,2020,tft,14.6896417176015,0.36669373161725005
ZMB-fed(KEN+TZA+UGA),2015,5,govt_consumption,2020,tgcn,14.6896417176015,
ZMB-fed(KEN+TZA+UGA),2015,5,govt_consumption,2020,persistence_scarcity,14.6896417176015,0.09096565175519977
ZMB-fed(KEN+TZA+UGA),2015,5,govt_consumption,2020,chronos_scarcity,14.6896417176015,0.05698657386370698
ZMB-fed(KEN+TZA+UGA),2015,5,govt_consumption,2020,gnn_scarcity,14.6896417176015,3.9552495514638046
ZMB-fed(KEN+TZA+UGA),2016,1,gdp_growth,2017,persistence,3.52586277149926,0.22923754529062013
ZMB-fed(KEN+TZA+UGA),2016,1,gdp_growth,2017,arima,3.52586277149926,0.25133460445739964
ZMB-fed(KEN+TZA+UGA),2016,1,gdp_growth,2017,chronos,3.52586277149926,0.38455851696739973
ZMB-fed(KEN+TZA+UGA),2016,1,gdp_growth,2017,xgb_blind,3.52586277149926,1.3019279656528395
ZMB-fed(KEN+TZA+UGA),2016,1,gdp_growth,2017,xgb_lag,3.52586277149926,0.25133460445739964
ZMB-fed(KEN+TZA+UGA),2016,1,gdp_growth,2017,xgb_typed,3.52586277149926,0.25133460445739964
ZMB-fed(KEN+TZA+UGA),2016,1,gdp_growth,2017,lgbm_blind,3.52586277149926,1.153911989557411
ZMB-fed(KEN+TZA+UGA),2016,1,gdp_growth,2017,lgbm_lag,3.52586277149926,0.25133460445739964
ZMB-fed(KEN+TZA+UGA),2016,1,gdp_growth,2017,lgbm_typed,3.52586277149926,0.25133460445739964
ZMB-fed(KEN+TZA+UGA),2016,1,gdp_growth,2017,tft,3.52586277149926,0.15100304461707292
ZMB-fed(KEN+TZA+UGA),2016,1,gdp_growth,2017,tgcn,3.52586277149926,
ZMB-fed(KEN+TZA+UGA),2016,1,gdp_growth,2017,persistence_scarcity,3.52586277149926,0.22923754529062013
ZMB-fed(KEN+TZA+UGA),2016,1,gdp_growth,2017,chronos_scarcity,3.52586277149926,0.38455851696739973
ZMB-fed(KEN+TZA+UGA),2016,1,gdp_growth,2017,gnn_scarcity,3.52586277149926,1.1259383378147048
ZMB-fed(KEN+TZA+UGA),2016,3,gdp_growth,2019,persistence,1.44130602603785,2.31379429075203
ZMB-fed(KEN+TZA+UGA),2016,3,gdp_growth,2019,arima,1.44130602603785,1.950609446905108
ZMB-fed(KEN+TZA+UGA),2016,3,gdp_growth,2019,chronos,1.44130602603785,1.4853738235867837
ZMB-fed(KEN+TZA+UGA),2016,3,gdp_growth,2019,xgb_blind,1.44130602603785,2.1466372894681314
ZMB-fed(KEN+TZA+UGA),2016,3,gdp_growth,2019,xgb_lag,1.44130602603785,1.950609446905108
ZMB-fed(KEN+TZA+UGA),2016,3,gdp_growth,2019,xgb_typed,1.44130602603785,1.950609446905108
ZMB-fed(KEN+TZA+UGA),2016,3,gdp_growth,2019,lgbm_blind,1.44130602603785,3.7020772819654963
ZMB-fed(KEN+TZA+UGA),2016,3,gdp_growth,2019,lgbm_lag,1.44130602603785,1.950609446905108
ZMB-fed(KEN+TZA+UGA),2016,3,gdp_growth,2019,lgbm_typed,1.44130602603785,1.950609446905108
ZMB-fed(KEN+TZA+UGA),2016,3,gdp_growth,2019,tft,1.44130602603785,2.235736458245597
ZMB-fed(KEN+TZA+UGA),2016,3,gdp_growth,2019,tgcn,1.44130602603785,
ZMB-fed(KEN+TZA+UGA),2016,3,gdp_growth,2019,persistence_scarcity,1.44130602603785,2.31379429075203
ZMB-fed(KEN+TZA+UGA),2016,3,gdp_growth,2019,chronos_scarcity,1.44130602603785,1.4853738235867837
ZMB-fed(KEN+TZA+UGA),2016,3,gdp_growth,2019,gnn_scarcity,1.44130602603785,6.169236748162589
ZMB-fed(KEN+TZA+UGA),2016,5,gdp_growth,2021,persistence,6.23492204726448,2.4798217304746
ZMB-fed(KEN+TZA+UGA),2016,5,gdp_growth,2021,arima,6.23492204726448,2.8040974659641837
ZMB-fed(KEN+TZA+UGA),2016,5,gdp_growth,2021,chronos,6.23492204726448,2.703394051201248
ZMB-fed(KEN+TZA+UGA),2016,5,gdp_growth,2021,xgb_blind,6.23492204726448,2.410725708610916
ZMB-fed(KEN+TZA+UGA),2016,5,gdp_growth,2021,xgb_lag,6.23492204726448,2.8040974659641837
ZMB-fed(KEN+TZA+UGA),2016,5,gdp_growth,2021,xgb_typed,6.23492204726448,2.8040974659641837
ZMB-fed(KEN+TZA+UGA),2016,5,gdp_growth,2021,lgbm_blind,6.23492204726448,0.5408599186014174
ZMB-fed(KEN+TZA+UGA),2016,5,gdp_growth,2021,lgbm_lag,6.23492204726448,2.8040974659641837
ZMB-fed(KEN+TZA+UGA),2016,5,gdp_growth,2021,lgbm_typed,6.23492204726448,2.8040974659641837
ZMB-fed(KEN+TZA+UGA),2016,5,gdp_growth,2021,tft,6.23492204726448,2.55367433608284
ZMB-fed(KEN+TZA+UGA),2016,5,gdp_growth,2021,tgcn,6.23492204726448,
ZMB-fed(KEN+TZA+UGA),2016,5,gdp_growth,2021,persistence_scarcity,6.23492204726448,2.4798217304746
ZMB-fed(KEN+TZA+UGA),2016,5,gdp_growth,2021,chronos_scarcity,6.23492204726448,2.703394051201248
ZMB-fed(KEN+TZA+UGA),2016,5,gdp_growth,2021,gnn_scarcity,6.23492204726448,0.4954270166088106
ZMB-fed(KEN+TZA+UGA),2016,1,inflation_cpi,2017,persistence,6.57731154205644,11.292418537470361
ZMB-fed(KEN+TZA+UGA),2016,1,inflation_cpi,2017,arima,6.57731154205644,11.466025137205538
ZMB-fed(KEN+TZA+UGA),2016,1,inflation_cpi,2017,chronos,6.57731154205644,16.210783932186725
ZMB-fed(KEN+TZA+UGA),2016,1,inflation_cpi,2017,xgb_blind,6.57731154205644,9.905447933651569
ZMB-fed(KEN+TZA+UGA),2016,1,inflation_cpi,2017,xgb_lag,6.57731154205644,11.466025137205538
ZMB-fed(KEN+TZA+UGA),2016,1,inflation_cpi,2017,xgb_typed,6.57731154205644,11.466025137205538
ZMB-fed(KEN+TZA+UGA),2016,1,inflation_cpi,2017,lgbm_blind,6.57731154205644,27.733104404463855
ZMB-fed(KEN+TZA+UGA),2016,1,inflation_cpi,2017,lgbm_lag,6.57731154205644,11.466025137205538
ZMB-fed(KEN+TZA+UGA),2016,1,inflation_cpi,2017,lgbm_typed,6.57731154205644,11.466025137205538
ZMB-fed(KEN+TZA+UGA),2016,1,inflation_cpi,2017,tft,6.57731154205644,9.33333871123946
ZMB-fed(KEN+TZA+UGA),2016,1,inflation_cpi,2017,tgcn,6.57731154205644,
ZMB-fed(KEN+TZA+UGA),2016,1,inflation_cpi,2017,persistence_scarcity,6.57731154205644,11.292418537470361
ZMB-fed(KEN+TZA+UGA),2016,1,inflation_cpi,2017,chronos_scarcity,6.57731154205644,16.210783932186725
ZMB-fed(KEN+TZA+UGA),2016,1,inflation_cpi,2017,gnn_scarcity,6.57731154205644,32.327858898617386
ZMB-fed(KEN+TZA+UGA),2016,3,inflation_cpi,2019,persistence,9.15031644316296,8.71941363636384
ZMB-fed(KEN+TZA+UGA),2016,3,inflation_cpi,2019,arima,9.15031644316296,8.896991502564415
ZMB-fed(KEN+TZA+UGA),2016,3,inflation_cpi,2019,chronos,9.15031644316296,18.113996300977664
ZMB-fed(KEN+TZA+UGA),2016,3,inflation_cpi,2019,xgb_blind,9.15031644316296,6.333654198926883
ZMB-fed(KEN+TZA+UGA),2016,3,inflation_cpi,2019,xgb_lag,9.15031644316296,8.896991502564415
ZMB-fed(KEN+TZA+UGA),2016,3,inflation_cpi,2019,xgb_typed,9.15031644316296,8.896991502564415
ZMB-fed(KEN+TZA+UGA),2016,3,inflation_cpi,2019,lgbm_blind,9.15031644316296,17.046431912861465
ZMB-fed(KEN+TZA+UGA),2016,3,inflation_cpi,2019,lgbm_lag,9.15031644316296,8.896991502564415
ZMB-fed(KEN+TZA+UGA),2016,3,inflation_cpi,2019,lgbm_typed,9.15031644316296,8.896991502564415
ZMB-fed(KEN+TZA+UGA),2016,3,inflation_cpi,2019,tft,9.15031644316296,6.75775126008411
ZMB-fed(KEN+TZA+UGA),2016,3,inflation_cpi,2019,tgcn,9.15031644316296,
ZMB-fed(KEN+TZA+UGA),2016,3,inflation_cpi,2019,persistence_scarcity,9.15031644316296,8.71941363636384
ZMB-fed(KEN+TZA+UGA),2016,3,inflation_cpi,2019,chronos_scarcity,9.15031644316296,18.113996300977664
ZMB-fed(KEN+TZA+UGA),2016,3,inflation_cpi,2019,gnn_scarcity,9.15031644316296,64.23782137421985
ZMB-fed(KEN+TZA+UGA),2016,5,inflation_cpi,2021,persistence,22.0207676245777,4.151037545050901
ZMB-fed(KEN+TZA+UGA),2016,5,inflation_cpi,2021,arima,22.0207676245777,3.973457690766786
ZMB-fed(KEN+TZA+UGA),2016,5,inflation_cpi,2021,chronos,22.0207676245777,5.379180495539487
ZMB-fed(KEN+TZA+UGA),2016,5,inflation_cpi,2021,xgb_blind,22.0207676245777,5.411787445744693
ZMB-fed(KEN+TZA+UGA),2016,5,inflation_cpi,2021,xgb_lag,22.0207676245777,3.973457690766786
ZMB-fed(KEN+TZA+UGA),2016,5,inflation_cpi,2021,xgb_typed,22.0207676245777,3.973457690766786
ZMB-fed(KEN+TZA+UGA),2016,5,inflation_cpi,2021,lgbm_blind,22.0207676245777,4.2567405275692565
ZMB-fed(KEN+TZA+UGA),2016,5,inflation_cpi,2021,lgbm_lag,22.0207676245777,3.973457690766786
ZMB-fed(KEN+TZA+UGA),2016,5,inflation_cpi,2021,lgbm_typed,22.0207676245777,3.973457690766786
ZMB-fed(KEN+TZA+UGA),2016,5,inflation_cpi,2021,tft,22.0207676245777,6.115271027287662
ZMB-fed(KEN+TZA+UGA),2016,5,inflation_cpi,2021,tgcn,22.0207676245777,
ZMB-fed(KEN+TZA+UGA),2016,5,inflation_cpi,2021,persistence_scarcity,22.0207676245777,4.151037545050901
ZMB-fed(KEN+TZA+UGA),2016,5,inflation_cpi,2021,chronos_scarcity,22.0207676245777,5.379180495539487
ZMB-fed(KEN+TZA+UGA),2016,5,inflation_cpi,2021,gnn_scarcity,22.0207676245777,41.10906178216058
ZMB-fed(KEN+TZA+UGA),2016,1,unemployment,2017,persistence,4.529,0.7149999999999999
ZMB-fed(KEN+TZA+UGA),2016,1,unemployment,2017,arima,4.529,0.4323034594306847
ZMB-fed(KEN+TZA+UGA),2016,1,unemployment,2017,chronos,4.529,0.1410172424316407
ZMB-fed(KEN+TZA+UGA),2016,1,unemployment,2017,xgb_blind,4.529,10.534885688781738
ZMB-fed(KEN+TZA+UGA),2016,1,unemployment,2017,xgb_lag,4.529,0.4323034594306847
ZMB-fed(KEN+TZA+UGA),2016,1,unemployment,2017,xgb_typed,4.529,0.4323034594306847
ZMB-fed(KEN+TZA+UGA),2016,1,unemployment,2017,lgbm_blind,4.529,8.243884625654955
ZMB-fed(KEN+TZA+UGA),2016,1,unemployment,2017,lgbm_lag,4.529,0.4323034594306847
ZMB-fed(KEN+TZA+UGA),2016,1,unemployment,2017,lgbm_typed,4.529,0.4323034594306847
ZMB-fed(KEN+TZA+UGA),2016,1,unemployment,2017,tft,4.529,0.3962781867980958
ZMB-fed(KEN+TZA+UGA),2016,1,unemployment,2017,tgcn,4.529,
ZMB-fed(KEN+TZA+UGA),2016,1,unemployment,2017,persistence_scarcity,4.529,0.7149999999999999
ZMB-fed(KEN+TZA+UGA),2016,1,unemployment,2017,chronos_scarcity,4.529,0.1410172424316407
ZMB-fed(KEN+TZA+UGA),2016,1,unemployment,2017,gnn_scarcity,4.529,8.645952507019043
ZMB-fed(KEN+TZA+UGA),2016,3,unemployment,2019,persistence,5.538,0.2940000000000005
ZMB-fed(KEN+TZA+UGA),2016,3,unemployment,2019,arima,5.538,0.7349321458034304
ZMB-fed(KEN+TZA+UGA),2016,3,unemployment,2019,chronos,5.538,1.2492026214599612
ZMB-fed(KEN+TZA+UGA),2016,3,unemployment,2019,xgb_blind,5.538,3.4930974121093747
ZMB-fed(KEN+TZA+UGA),2016,3,unemployment,2019,xgb_lag,5.538,0.7349321458034304
ZMB-fed(KEN+TZA+UGA),2016,3,unemployment,2019,xgb_typed,5.538,0.7349321458034304
ZMB-fed(KEN+TZA+UGA),2016,3,unemployment,2019,lgbm_blind,5.538,6.696458327293396
ZMB-fed(KEN+TZA+UGA),2016,3,unemployment,2019,lgbm_lag,5.538,0.7349321458034304
ZMB-fed(KEN+TZA+UGA),2016,3,unemployment,2019,lgbm_typed,5.538,0.7349321458034304
ZMB-fed(KEN+TZA+UGA),2016,3,unemployment,2019,tft,5.538,0.42329586791992213
ZMB-fed(KEN+TZA+UGA),2016,3,unemployment,2019,tgcn,5.538,
ZMB-fed(KEN+TZA+UGA),2016,3,unemployment,2019,persistence_scarcity,5.538,0.2940000000000005
ZMB-fed(KEN+TZA+UGA),2016,3,unemployment,2019,chronos_scarcity,5.538,1.2492026214599612
ZMB-fed(KEN+TZA+UGA),2016,3,unemployment,2019,gnn_scarcity,5.538,10.81275569152832
ZMB-fed(KEN+TZA+UGA),2016,5,unemployment,2021,persistence,5.197,0.04699999999999971
ZMB-fed(KEN+TZA+UGA),2016,5,unemployment,2021,arima,5.197,0.41923132159867293
ZMB-fed(KEN+TZA+UGA),2016,5,unemployment,2021,chronos,5.197,1.0988216133117676
ZMB-fed(KEN+TZA+UGA),2016,5,unemployment,2021,xgb_blind,5.197,3.50091316986084
ZMB-fed(KEN+TZA+UGA),2016,5,unemployment,2021,xgb_lag,5.197,0.41923132159867293
ZMB-fed(KEN+TZA+UGA),2016,5,unemployment,2021,xgb_typed,5.197,0.41923132159867293
ZMB-fed(KEN+TZA+UGA),2016,5,unemployment,2021,lgbm_blind,5.197,6.404727268912576
ZMB-fed(KEN+TZA+UGA),2016,5,unemployment,2021,lgbm_lag,5.197,0.41923132159867293
ZMB-fed(KEN+TZA+UGA),2016,5,unemployment,2021,lgbm_typed,5.197,0.41923132159867293
ZMB-fed(KEN+TZA+UGA),2016,5,unemployment,2021,tft,5.197,0.05073353958129889
ZMB-fed(KEN+TZA+UGA),2016,5,unemployment,2021,tgcn,5.197,
ZMB-fed(KEN+TZA+UGA),2016,5,unemployment,2021,persistence_scarcity,5.197,0.04699999999999971
ZMB-fed(KEN+TZA+UGA),2016,5,unemployment,2021,chronos_scarcity,5.197,1.0988216133117676
ZMB-fed(KEN+TZA+UGA),2016,5,unemployment,2021,gnn_scarcity,5.197,10.208988693237306
ZMB-fed(KEN+TZA+UGA),2016,1,exports_gdp,2017,persistence,34.9928577635918,0.3318179853739025
ZMB-fed(KEN+TZA+UGA),2016,1,exports_gdp,2017,arima,34.9928577635918,0.3867276321083324
ZMB-fed(KEN+TZA+UGA),2016,1,exports_gdp,2017,chronos,34.9928577635918,0.9028843138847691
ZMB-fed(KEN+TZA+UGA),2016,1,exports_gdp,2017,xgb_blind,34.9928577635918,0.7717235778007847
ZMB-fed(KEN+TZA+UGA),2016,1,exports_gdp,2017,xgb_lag,34.9928577635918,0.3867276321083324
ZMB-fed(KEN+TZA+UGA),2016,1,exports_gdp,2017,xgb_typed,34.9928577635918,0.3867276321083324
ZMB-fed(KEN+TZA+UGA),2016,1,exports_gdp,2017,lgbm_blind,34.9928577635918,3.0731487780430484
ZMB-fed(KEN+TZA+UGA),2016,1,exports_gdp,2017,lgbm_lag,34.9928577635918,0.3867276321083324
ZMB-fed(KEN+TZA+UGA),2016,1,exports_gdp,2017,lgbm_typed,34.9928577635918,0.3867276321083324
ZMB-fed(KEN+TZA+UGA),2016,1,exports_gdp,2017,tft,34.9928577635918,0.5151775572929722
ZMB-fed(KEN+TZA+UGA),2016,1,exports_gdp,2017,tgcn,34.9928577635918,
ZMB-fed(KEN+TZA+UGA),2016,1,exports_gdp,2017,persistence_scarcity,34.9928577635918,0.3318179853739025
ZMB-fed(KEN+TZA+UGA),2016,1,exports_gdp,2017,chronos_scarcity,34.9928577635918,0.9028843138847691
ZMB-fed(KEN+TZA+UGA),2016,1,exports_gdp,2017,gnn_scarcity,34.9928577635918,2.8302295897636753
ZMB-fed(KEN+TZA+UGA),2016,3,exports_gdp,2019,persistence,34.6361926031881,0.6884831457776031
ZMB-fed(KEN+TZA+UGA),2016,3,exports_gdp,2019,arima,34.6361926031881,0.7417808644315755
ZMB-fed(KEN+TZA+UGA),2016,3,exports_gdp,2019,chronos,34.6361926031881,3.240619940834584
ZMB-fed(KEN+TZA+UGA),2016,3,exports_gdp,2019,xgb_blind,34.6361926031881,0.8773991631693221
ZMB-fed(KEN+TZA+UGA),2016,3,exports_gdp,2019,xgb_lag,34.6361926031881,0.7417808644315755
ZMB-fed(KEN+TZA+UGA),2016,3,exports_gdp,2019,xgb_typed,34.6361926031881,0.7417808644315755
ZMB-fed(KEN+TZA+UGA),2016,3,exports_gdp,2019,lgbm_blind,34.6361926031881,2.802374008573434
ZMB-fed(KEN+TZA+UGA),2016,3,exports_gdp,2019,lgbm_lag,34.6361926031881,0.7417808644315755
ZMB-fed(KEN+TZA+UGA),2016,3,exports_gdp,2019,lgbm_typed,34.6361926031881,0.7417808644315755
ZMB-fed(KEN+TZA+UGA),2016,3,exports_gdp,2019,tft,34.6361926031881,0.3249241875833846
ZMB-fed(KEN+TZA+UGA),2016,3,exports_gdp,2019,tgcn,34.6361926031881,
ZMB-fed(KEN+TZA+UGA),2016,3,exports_gdp,2019,persistence_scarcity,34.6361926031881,0.6884831457776031
ZMB-fed(KEN+TZA+UGA),2016,3,exports_gdp,2019,chronos_scarcity,34.6361926031881,3.240619940834584
ZMB-fed(KEN+TZA+UGA),2016,3,exports_gdp,2019,gnn_scarcity,34.6361926031881,1.2391202019876815
ZMB-fed(KEN+TZA+UGA),2016,5,exports_gdp,2021,persistence,52.2160900183192,16.891414269353497
ZMB-fed(KEN+TZA+UGA),2016,5,exports_gdp,2021,arima,52.2160900183192,16.83811802790258
ZMB-fed(KEN+TZA+UGA),2016,5,exports_gdp,2021,chronos,52.2160900183192,23.5149181433192
ZMB-fed(KEN+TZA+UGA),2016,5,exports_gdp,2021,xgb_blind,52.2160900183192,20.84306412415416
ZMB-fed(KEN+TZA+UGA),2016,5,exports_gdp,2021,xgb_lag,52.2160900183192,16.83811802790258
ZMB-fed(KEN+TZA+UGA),2016,5,exports_gdp,2021,xgb_typed,52.2160900183192,16.83811802790258
ZMB-fed(KEN+TZA+UGA),2016,5,exports_gdp,2021,lgbm_blind,52.2160900183192,20.48377824935391
ZMB-fed(KEN+TZA+UGA),2016,5,exports_gdp,2021,lgbm_lag,52.2160900183192,16.83811802790258
ZMB-fed(KEN+TZA+UGA),2016,5,exports_gdp,2021,lgbm_typed,52.2160900183192,16.83811802790258
ZMB-fed(KEN+TZA+UGA),2016,5,exports_gdp,2021,tft,52.2160900183192,17.17683678345592
ZMB-fed(KEN+TZA+UGA),2016,5,exports_gdp,2021,tgcn,52.2160900183192,
ZMB-fed(KEN+TZA+UGA),2016,5,exports_gdp,2021,persistence_scarcity,52.2160900183192,16.891414269353497
ZMB-fed(KEN+TZA+UGA),2016,5,exports_gdp,2021,chronos_scarcity,52.2160900183192,23.5149181433192
ZMB-fed(KEN+TZA+UGA),2016,5,exports_gdp,2021,gnn_scarcity,52.2160900183192,17.445261771248887
ZMB-fed(KEN+TZA+UGA),2016,1,imports_gdp,2017,persistence,36.5928368906648,2.0410486149853995
ZMB-fed(KEN+TZA+UGA),2016,1,imports_gdp,2017,arima,36.5928368906648,2.46653739088098
ZMB-fed(KEN+TZA+UGA),2016,1,imports_gdp,2017,chronos,36.5928368906648,0.9925894399016073
ZMB-fed(KEN+TZA+UGA),2016,1,imports_gdp,2017,xgb_blind,36.5928368906648,0.4159559865324667
ZMB-fed(KEN+TZA+UGA),2016,1,imports_gdp,2017,xgb_lag,36.5928368906648,2.46653739088098
ZMB-fed(KEN+TZA+UGA),2016,1,imports_gdp,2017,xgb_typed,36.5928368906648,2.46653739088098
ZMB-fed(KEN+TZA+UGA),2016,1,imports_gdp,2017,lgbm_blind,36.5928368906648,2.278094068751301
ZMB-fed(KEN+TZA+UGA),2016,1,imports_gdp,2017,lgbm_lag,36.5928368906648,2.46653739088098
ZMB-fed(KEN+TZA+UGA),2016,1,imports_gdp,2017,lgbm_typed,36.5928368906648,2.46653739088098
ZMB-fed(KEN+TZA+UGA),2016,1,imports_gdp,2017,tft,36.5928368906648,1.9278692860930136
ZMB-fed(KEN+TZA+UGA),2016,1,imports_gdp,2017,tgcn,36.5928368906648,
ZMB-fed(KEN+TZA+UGA),2016,1,imports_gdp,2017,persistence_scarcity,36.5928368906648,2.0410486149853995
ZMB-fed(KEN+TZA+UGA),2016,1,imports_gdp,2017,chronos_scarcity,36.5928368906648,0.9925894399016073
ZMB-fed(KEN+TZA+UGA),2016,1,imports_gdp,2017,gnn_scarcity,36.5928368906648,2.1369500498444864
ZMB-fed(KEN+TZA+UGA),2016,3,imports_gdp,2019,persistence,34.1550123329079,4.478873172742297
ZMB-fed(KEN+TZA+UGA),2016,3,imports_gdp,2019,arima,34.1550123329079,4.86472706846088
ZMB-fed(KEN+TZA+UGA),2016,3,imports_gdp,2019,chronos,34.1550123329079,1.4191530113303799
ZMB-fed(KEN+TZA+UGA),2016,3,imports_gdp,2019,xgb_blind,34.1550123329079,2.2569749717795986
ZMB-fed(KEN+TZA+UGA),2016,3,imports_gdp,2019,xgb_lag,34.1550123329079,4.86472706846088
ZMB-fed(KEN+TZA+UGA),2016,3,imports_gdp,2019,xgb_typed,34.1550123329079,4.86472706846088
ZMB-fed(KEN+TZA+UGA),2016,3,imports_gdp,2019,lgbm_blind,34.1550123329079,0.21094246356528146
ZMB-fed(KEN+TZA+UGA),2016,3,imports_gdp,2019,lgbm_lag,34.1550123329079,4.86472706846088
ZMB-fed(KEN+TZA+UGA),2016,3,imports_gdp,2019,lgbm_typed,34.1550123329079,4.86472706846088
ZMB-fed(KEN+TZA+UGA),2016,3,imports_gdp,2019,tft,34.1550123329079,4.361497676857724
ZMB-fed(KEN+TZA+UGA),2016,3,imports_gdp,2019,tgcn,34.1550123329079,
ZMB-fed(KEN+TZA+UGA),2016,3,imports_gdp,2019,persistence_scarcity,34.1550123329079,4.478873172742297
ZMB-fed(KEN+TZA+UGA),2016,3,imports_gdp,2019,chronos_scarcity,34.1550123329079,1.4191530113303799
ZMB-fed(KEN+TZA+UGA),2016,3,imports_gdp,2019,gnn_scarcity,34.1550123329079,3.2730195884788174
ZMB-fed(KEN+TZA+UGA),2016,5,imports_gdp,2021,persistence,33.9924211751453,4.6414643305048955
ZMB-fed(KEN+TZA+UGA),2016,5,imports_gdp,2021,arima,33.9924211751453,5.026889874490635
ZMB-fed(KEN+TZA+UGA),2016,5,imports_gdp,2021,chronos,33.9924211751453,0.4295168172351467
ZMB-fed(KEN+TZA+UGA),2016,5,imports_gdp,2021,xgb_blind,33.9924211751453,2.415190671778525
ZMB-fed(KEN+TZA+UGA),2016,5,imports_gdp,2021,xgb_lag,33.9924211751453,5.026889874490635
ZMB-fed(KEN+TZA+UGA),2016,5,imports_gdp,2021,xgb_typed,33.9924211751453,5.026889874490635
ZMB-fed(KEN+TZA+UGA),2016,5,imports_gdp,2021,lgbm_blind,33.9924211751453,0.4340568639893263
ZMB-fed(KEN+TZA+UGA),2016,5,imports_gdp,2021,lgbm_lag,33.9924211751453,5.026889874490635
ZMB-fed(KEN+TZA+UGA),2016,5,imports_gdp,2021,lgbm_typed,33.9924211751453,5.026889874490635
ZMB-fed(KEN+TZA+UGA),2016,5,imports_gdp,2021,tft,33.9924211751453,4.529849027491416
ZMB-fed(KEN+TZA+UGA),2016,5,imports_gdp,2021,tgcn,33.9924211751453,
ZMB-fed(KEN+TZA+UGA),2016,5,imports_gdp,2021,persistence_scarcity,33.9924211751453,4.6414643305048955
ZMB-fed(KEN+TZA+UGA),2016,5,imports_gdp,2021,chronos_scarcity,33.9924211751453,0.4295168172351467
ZMB-fed(KEN+TZA+UGA),2016,5,imports_gdp,2021,gnn_scarcity,33.9924211751453,2.5514287699230564
ZMB-fed(KEN+TZA+UGA),2016,1,current_account,2017,persistence,-1.68127057617849,2.8704176992428696
ZMB-fed(KEN+TZA+UGA),2016,1,current_account,2017,arima,-1.68127057617849,2.6904315200959337
ZMB-fed(KEN+TZA+UGA),2016,1,current_account,2017,chronos,-1.68127057617849,2.7929249041681894
ZMB-fed(KEN+TZA+UGA),2016,1,current_account,2017,xgb_blind,-1.68127057617849,2.819798492730201
ZMB-fed(KEN+TZA+UGA),2016,1,current_account,2017,xgb_lag,-1.68127057617849,2.6904315200959337
ZMB-fed(KEN+TZA+UGA),2016,1,current_account,2017,xgb_typed,-1.68127057617849,2.6904315200959337
ZMB-fed(KEN+TZA+UGA),2016,1,current_account,2017,lgbm_blind,-1.68127057617849,4.021503210329629
ZMB-fed(KEN+TZA+UGA),2016,1,current_account,2017,lgbm_lag,-1.68127057617849,2.6904315200959337
ZMB-fed(KEN+TZA+UGA),2016,1,current_account,2017,lgbm_typed,-1.68127057617849,2.6904315200959337
ZMB-fed(KEN+TZA+UGA),2016,1,current_account,2017,tft,-1.68127057617849,3.330486797631324
ZMB-fed(KEN+TZA+UGA),2016,1,current_account,2017,tgcn,-1.68127057617849,
ZMB-fed(KEN+TZA+UGA),2016,1,current_account,2017,persistence_scarcity,-1.68127057617849,2.8704176992428696
ZMB-fed(KEN+TZA+UGA),2016,1,current_account,2017,chronos_scarcity,-1.68127057617849,2.7929249041681894
ZMB-fed(KEN+TZA+UGA),2016,1,current_account,2017,gnn_scarcity,-1.68127057617849,4.1644063227778085
ZMB-fed(KEN+TZA+UGA),2016,3,current_account,2019,persistence,0.603690808802682,5.155379084224042
ZMB-fed(KEN+TZA+UGA),2016,3,current_account,2019,arima,0.603690808802682,5.003270158770614
ZMB-fed(KEN+TZA+UGA),2016,3,current_account,2019,chronos,0.603690808802682,5.108114903956491
ZMB-fed(KEN+TZA+UGA),2016,3,current_account,2019,xgb_blind,0.603690808802682,2.5842549262343226
ZMB-fed(KEN+TZA+UGA),2016,3,current_account,2019,xgb_lag,0.603690808802682,5.003270158770614
ZMB-fed(KEN+TZA+UGA),2016,3,current_account,2019,xgb_typed,0.603690808802682,5.003270158770614
ZMB-fed(KEN+TZA+UGA),2016,3,current_account,2019,lgbm_blind,0.603690808802682,6.027284762054521
ZMB-fed(KEN+TZA+UGA),2016,3,current_account,2019,lgbm_lag,0.603690808802682,5.003270158770614
ZMB-fed(KEN+TZA+UGA),2016,3,current_account,2019,lgbm_typed,0.603690808802682,5.003270158770614
ZMB-fed(KEN+TZA+UGA),2016,3,current_account,2019,tft,0.603690808802682,5.368368333369332
ZMB-fed(KEN+TZA+UGA),2016,3,current_account,2019,tgcn,0.603690808802682,
ZMB-fed(KEN+TZA+UGA),2016,3,current_account,2019,persistence_scarcity,0.603690808802682,5.155379084224042
ZMB-fed(KEN+TZA+UGA),2016,3,current_account,2019,chronos_scarcity,0.603690808802682,5.108114903956491
ZMB-fed(KEN+TZA+UGA),2016,3,current_account,2019,gnn_scarcity,0.603690808802682,0.7310130057631312
ZMB-fed(KEN+TZA+UGA),2016,5,current_account,2021,persistence,11.9003513535048,16.45203962892616
ZMB-fed(KEN+TZA+UGA),2016,5,current_account,2021,arima,11.9003513535048,16.30095402524867
ZMB-fed(KEN+TZA+UGA),2016,5,current_account,2021,chronos,11.9003513535048,16.314080544331215
ZMB-fed(KEN+TZA+UGA),2016,5,current_account,2021,xgb_blind,11.9003513535048,13.112791367390297
ZMB-fed(KEN+TZA+UGA),2016,5,current_account,2021,xgb_lag,11.9003513535048,16.30095402524867
ZMB-fed(KEN+TZA+UGA),2016,5,current_account,2021,xgb_typed,11.9003513535048,16.30095402524867
ZMB-fed(KEN+TZA+UGA),2016,5,current_account,2021,lgbm_blind,11.9003513535048,16.994005503817398
ZMB-fed(KEN+TZA+UGA),2016,5,current_account,2021,lgbm_lag,11.9003513535048,16.30095402524867
ZMB-fed(KEN+TZA+UGA),2016,5,current_account,2021,lgbm_typed,11.9003513535048,16.30095402524867
ZMB-fed(KEN+TZA+UGA),2016,5,current_account,2021,tft,11.9003513535048,16.626812287190102
ZMB-fed(KEN+TZA+UGA),2016,5,current_account,2021,tgcn,11.9003513535048,
ZMB-fed(KEN+TZA+UGA),2016,5,current_account,2021,persistence_scarcity,11.9003513535048,16.45203962892616
ZMB-fed(KEN+TZA+UGA),2016,5,current_account,2021,chronos_scarcity,11.9003513535048,16.314080544331215
ZMB-fed(KEN+TZA+UGA),2016,5,current_account,2021,gnn_scarcity,11.9003513535048,13.728822537281655
ZMB-fed(KEN+TZA+UGA),2016,1,real_interest_rate,2017,persistence,2.0914904852687,0.3975612072180501
ZMB-fed(KEN+TZA+UGA),2016,1,real_interest_rate,2017,arima,2.0914904852687,0.41173322745459995
ZMB-fed(KEN+TZA+UGA),2016,1,real_interest_rate,2017,chronos,2.0914904852687,1.2203428963841318
ZMB-fed(KEN+TZA+UGA),2016,1,real_interest_rate,2017,xgb_blind,2.0914904852687,4.9397595147313
ZMB-fed(KEN+TZA+UGA),2016,1,real_interest_rate,2017,xgb_lag,2.0914904852687,0.41173322745459995
ZMB-fed(KEN+TZA+UGA),2016,1,real_interest_rate,2017,xgb_typed,2.0914904852687,0.41173322745459995
ZMB-fed(KEN+TZA+UGA),2016,1,real_interest_rate,2017,lgbm_blind,2.0914904852687,3.5738924937391676
ZMB-fed(KEN+TZA+UGA),2016,1,real_interest_rate,2017,lgbm_lag,2.0914904852687,0.41173322745459995
ZMB-fed(KEN+TZA+UGA),2016,1,real_interest_rate,2017,lgbm_typed,2.0914904852687,0.41173322745459995
ZMB-fed(KEN+TZA+UGA),2016,1,real_interest_rate,2017,tft,2.0914904852687,0.5626665135203481
ZMB-fed(KEN+TZA+UGA),2016,1,real_interest_rate,2017,tgcn,2.0914904852687,
ZMB-fed(KEN+TZA+UGA),2016,1,real_interest_rate,2017,persistence_scarcity,2.0914904852687,0.3975612072180501
ZMB-fed(KEN+TZA+UGA),2016,1,real_interest_rate,2017,chronos_scarcity,2.0914904852687,1.2203428963841318
ZMB-fed(KEN+TZA+UGA),2016,1,real_interest_rate,2017,gnn_scarcity,2.0914904852687,2.738179943961036
ZMB-fed(KEN+TZA+UGA),2016,3,real_interest_rate,2019,persistence,2.46967432530594,0.7757450472552898
ZMB-fed(KEN+TZA+UGA),2016,3,real_interest_rate,2019,arima,2.46967432530594,0.08612667436369392
ZMB-fed(KEN+TZA+UGA),2016,3,real_interest_rate,2019,chronos,2.46967432530594,2.6180646654777515
ZMB-fed(KEN+TZA+UGA),2016,3,real_interest_rate,2019,xgb_blind,2.46967432530594,0.18218448130416753
ZMB-fed(KEN+TZA+UGA),2016,3,real_interest_rate,2019,xgb_lag,2.46967432530594,0.08612667436369392
ZMB-fed(KEN+TZA+UGA),2016,3,real_interest_rate,2019,xgb_typed,2.46967432530594,0.08612667436369392
ZMB-fed(KEN+TZA+UGA),2016,3,real_interest_rate,2019,lgbm_blind,2.46967432530594,6.482996176860013
ZMB-fed(KEN+TZA+UGA),2016,3,real_interest_rate,2019,lgbm_lag,2.46967432530594,0.08612667436369392
ZMB-fed(KEN+TZA+UGA),2016,3,real_interest_rate,2019,lgbm_typed,2.46967432530594,0.08612667436369392
ZMB-fed(KEN+TZA+UGA),2016,3,real_interest_rate,2019,tft,2.46967432530594,0.9506690266914379
ZMB-fed(KEN+TZA+UGA),2016,3,real_interest_rate,2019,tgcn,2.46967432530594,
ZMB-fed(KEN+TZA+UGA),2016,3,real_interest_rate,2019,persistence_scarcity,2.46967432530594,0.7757450472552898
ZMB-fed(KEN+TZA+UGA),2016,3,real_interest_rate,2019,chronos_scarcity,2.46967432530594,2.6180646654777515
ZMB-fed(KEN+TZA+UGA),2016,3,real_interest_rate,2019,gnn_scarcity,2.46967432530594,14.207033896129607
ZMB-fed(KEN+TZA+UGA),2016,5,real_interest_rate,2021,persistence,-3.89303245264567,5.58696173069632
ZMB-fed(KEN+TZA+UGA),2016,5,real_interest_rate,2021,arima,-3.89303245264567,6.27268391469009
ZMB-fed(KEN+TZA+UGA),2016,5,real_interest_rate,2021,chronos,-3.89303245264567,10.372709652963053
ZMB-fed(KEN+TZA+UGA),2016,5,real_interest_rate,2021,xgb_blind,-3.89303245264567,6.602718016686808
ZMB-fed(KEN+TZA+UGA),2016,5,real_interest_rate,2021,xgb_lag,-3.89303245264567,6.27268391469009
ZMB-fed(KEN+TZA+UGA),2016,5,real_interest_rate,2021,xgb_typed,-3.89303245264567,6.27268391469009
ZMB-fed(KEN+TZA+UGA),2016,5,real_interest_rate,2021,lgbm_blind,-3.89303245264567,14.481874809392517
ZMB-fed(KEN+TZA+UGA),2016,5,real_interest_rate,2021,lgbm_lag,-3.89303245264567,6.27268391469009
ZMB-fed(KEN+TZA+UGA),2016,5,real_interest_rate,2021,lgbm_typed,-3.89303245264567,6.27268391469009
ZMB-fed(KEN+TZA+UGA),2016,5,real_interest_rate,2021,tft,-3.89303245264567,5.420287868562113
ZMB-fed(KEN+TZA+UGA),2016,5,real_interest_rate,2021,tgcn,-3.89303245264567,
ZMB-fed(KEN+TZA+UGA),2016,5,real_interest_rate,2021,persistence_scarcity,-3.89303245264567,5.58696173069632
ZMB-fed(KEN+TZA+UGA),2016,5,real_interest_rate,2021,chronos_scarcity,-3.89303245264567,10.372709652963053
ZMB-fed(KEN+TZA+UGA),2016,5,real_interest_rate,2021,gnn_scarcity,-3.89303245264567,17.045375248971354
ZMB-fed(KEN+TZA+UGA),2016,1,broad_money,2017,persistence,21.9632481696508,1.3396796846034
ZMB-fed(KEN+TZA+UGA),2016,1,broad_money,2017,arima,21.9632481696508,0.07189259860079389
ZMB-fed(KEN+TZA+UGA),2016,1,broad_money,2017,chronos,21.9632481696508,2.8048714759252142
ZMB-fed(KEN+TZA+UGA),2016,1,broad_money,2017,xgb_blind,21.9632481696508,0.551903641452558
ZMB-fed(KEN+TZA+UGA),2016,1,broad_money,2017,xgb_lag,21.9632481696508,0.07189259860079389
ZMB-fed(KEN+TZA+UGA),2016,1,broad_money,2017,xgb_typed,21.9632481696508,0.07189259860079389
ZMB-fed(KEN+TZA+UGA),2016,1,broad_money,2017,lgbm_blind,21.9632481696508,3.419022770340028
ZMB-fed(KEN+TZA+UGA),2016,1,broad_money,2017,lgbm_lag,21.9632481696508,0.07189259860079389
ZMB-fed(KEN+TZA+UGA),2016,1,broad_money,2017,lgbm_typed,21.9632481696508,0.07189259860079389
ZMB-fed(KEN+TZA+UGA),2016,1,broad_money,2017,tft,21.9632481696508,1.3491925361058783
ZMB-fed(KEN+TZA+UGA),2016,1,broad_money,2017,tgcn,21.9632481696508,
ZMB-fed(KEN+TZA+UGA),2016,1,broad_money,2017,persistence_scarcity,21.9632481696508,1.3396796846034
ZMB-fed(KEN+TZA+UGA),2016,1,broad_money,2017,chronos_scarcity,21.9632481696508,2.8048714759252142
ZMB-fed(KEN+TZA+UGA),2016,1,broad_money,2017,gnn_scarcity,21.9632481696508,3.1841820838353705
ZMB-fed(KEN+TZA+UGA),2016,3,broad_money,2019,persistence,23.5980964890188,2.9745280039714004
ZMB-fed(KEN+TZA+UGA),2016,3,broad_money,2019,arima,23.5980964890188,1.8438411617784496
ZMB-fed(KEN+TZA+UGA),2016,3,broad_money,2019,chronos,23.5980964890188,4.371293663091066
ZMB-fed(KEN+TZA+UGA),2016,3,broad_money,2019,xgb_blind,23.5980964890188,3.349639534062746
ZMB-fed(KEN+TZA+UGA),2016,3,broad_money,2019,xgb_lag,23.5980964890188,1.8438411617784496
ZMB-fed(KEN+TZA+UGA),2016,3,broad_money,2019,xgb_typed,23.5980964890188,1.8438411617784496
ZMB-fed(KEN+TZA+UGA),2016,3,broad_money,2019,lgbm_blind,23.5980964890188,5.371857284612062
ZMB-fed(KEN+TZA+UGA),2016,3,broad_money,2019,lgbm_lag,23.5980964890188,1.8438411617784496
ZMB-fed(KEN+TZA+UGA),2016,3,broad_money,2019,lgbm_typed,23.5980964890188,1.8438411617784496
ZMB-fed(KEN+TZA+UGA),2016,3,broad_money,2019,tft,23.5980964890188,2.984740852422121
ZMB-fed(KEN+TZA+UGA),2016,3,broad_money,2019,tgcn,23.5980964890188,
ZMB-fed(KEN+TZA+UGA),2016,3,broad_money,2019,persistence_scarcity,23.5980964890188,2.9745280039714004
ZMB-fed(KEN+TZA+UGA),2016,3,broad_money,2019,chronos_scarcity,23.5980964890188,4.371293663091066
ZMB-fed(KEN+TZA+UGA),2016,3,broad_money,2019,gnn_scarcity,23.5980964890188,2.7639709702199724
ZMB-fed(KEN+TZA+UGA),2016,5,broad_money,2021,persistence,24.3311828486537,3.7076143636063
ZMB-fed(KEN+TZA+UGA),2016,5,broad_money,2021,arima,24.3311828486537,2.5980369621262085
ZMB-fed(KEN+TZA+UGA),2016,5,broad_money,2021,chronos,24.3311828486537,5.514913927755263
ZMB-fed(KEN+TZA+UGA),2016,5,broad_money,2021,xgb_blind,24.3311828486537,4.183193575582411
ZMB-fed(KEN+TZA+UGA),2016,5,broad_money,2021,xgb_lag,24.3311828486537,2.5980369621262085
ZMB-fed(KEN+TZA+UGA),2016,5,broad_money,2021,xgb_typed,24.3311828486537,2.5980369621262085
ZMB-fed(KEN+TZA+UGA),2016,5,broad_money,2021,lgbm_blind,24.3311828486537,5.7041531262665615
ZMB-fed(KEN+TZA+UGA),2016,5,broad_money,2021,lgbm_lag,24.3311828486537,2.5980369621262085
ZMB-fed(KEN+TZA+UGA),2016,5,broad_money,2021,lgbm_typed,24.3311828486537,2.5980369621262085
ZMB-fed(KEN+TZA+UGA),2016,5,broad_money,2021,tft,24.3311828486537,3.717384707174208
ZMB-fed(KEN+TZA+UGA),2016,5,broad_money,2021,tgcn,24.3311828486537,
ZMB-fed(KEN+TZA+UGA),2016,5,broad_money,2021,persistence_scarcity,24.3311828486537,3.7076143636063
ZMB-fed(KEN+TZA+UGA),2016,5,broad_money,2021,chronos_scarcity,24.3311828486537,5.514913927755263
ZMB-fed(KEN+TZA+UGA),2016,5,broad_money,2021,gnn_scarcity,24.3311828486537,4.108415972432997
ZMB-fed(KEN+TZA+UGA),2016,1,private_credit,2017,persistence,14.9060105438137,0.5361099631408006
ZMB-fed(KEN+TZA+UGA),2016,1,private_credit,2017,arima,14.9060105438137,2.934942067036662
ZMB-fed(KEN+TZA+UGA),2016,1,private_credit,2017,chronos,14.9060105438137,0.9406977539157921
ZMB-fed(KEN+TZA+UGA),2016,1,private_credit,2017,xgb_blind,14.9060105438137,1.2441588287448937
ZMB-fed(KEN+TZA+UGA),2016,1,private_credit,2017,xgb_lag,14.9060105438137,0.6158505325412804
ZMB-fed(KEN+TZA+UGA),2016,1,private_credit,2017,xgb_typed,14.9060105438137,2.6907034759616906
ZMB-fed(KEN+TZA+UGA),2016,1,private_credit,2017,lgbm_blind,14.9060105438137,0.6166564028717865
ZMB-fed(KEN+TZA+UGA),2016,1,private_credit,2017,lgbm_lag,14.9060105438137,0.6166564028717865
ZMB-fed(KEN+TZA+UGA),2016,1,private_credit,2017,lgbm_typed,14.9060105438137,0.6166564028717865
ZMB-fed(KEN+TZA+UGA),2016,1,private_credit,2017,tft,14.9060105438137,0.3527689819431359
ZMB-fed(KEN+TZA+UGA),2016,1,private_credit,2017,tgcn,14.9060105438137,
ZMB-fed(KEN+TZA+UGA),2016,1,private_credit,2017,persistence_scarcity,14.9060105438137,2.1628687769988346
ZMB-fed(KEN+TZA+UGA),2016,1,private_credit,2017,chronos_scarcity,14.9060105438137,0.7156831729024287
ZMB-fed(KEN+TZA+UGA),2016,1,private_credit,2017,gnn_scarcity,14.9060105438137,3.5845423584079796
ZMB-fed(KEN+TZA+UGA),2016,3,private_credit,2019,persistence,15.6261899079478,0.18406940099329994
ZMB-fed(KEN+TZA+UGA),2016,3,private_credit,2019,arima,15.6261899079478,1.622294432874181
ZMB-fed(KEN+TZA+UGA),2016,3,private_credit,2019,chronos,15.6261899079478,0.7208687867319803
ZMB-fed(KEN+TZA+UGA),2016,3,private_credit,2019,xgb_blind,15.6261899079478,0.6234356965220194
ZMB-fed(KEN+TZA+UGA),2016,3,private_credit,2019,xgb_lag,15.6261899079478,0.0034697447621603317
ZMB-fed(KEN+TZA+UGA),2016,3,private_credit,2019,xgb_typed,15.6261899079478,0.001509944041945488
ZMB-fed(KEN+TZA+UGA),2016,3,private_credit,2019,lgbm_blind,15.6261899079478,1.2871361579096536
ZMB-fed(KEN+TZA+UGA),2016,3,private_credit,2019,lgbm_lag,15.6261899079478,1.2871361579096536
ZMB-fed(KEN+TZA+UGA),2016,3,private_credit,2019,lgbm_typed,15.6261899079478,1.2871361579096536
ZMB-fed(KEN+TZA+UGA),2016,3,private_credit,2019,tft,15.6261899079478,0.2687651719248514
ZMB-fed(KEN+TZA+UGA),2016,3,private_credit,2019,tgcn,15.6261899079478,
ZMB-fed(KEN+TZA+UGA),2016,3,private_credit,2019,persistence_scarcity,15.6261899079478,0.21469311077625797
ZMB-fed(KEN+TZA+UGA),2016,3,private_credit,2019,chronos_scarcity,15.6261899079478,0.5748801591560344
ZMB-fed(KEN+TZA+UGA),2016,3,private_credit,2019,gnn_scarcity,15.6261899079478,2.0363161955678244
ZMB-fed(KEN+TZA+UGA),2016,5,private_credit,2021,persistence,11.3595044648168,4.082616042137701
ZMB-fed(KEN+TZA+UGA),2016,5,private_credit,2021,arima,11.3595044648168,5.706526507544316
ZMB-fed(KEN+TZA+UGA),2016,5,private_credit,2021,chronos,11.3595044648168,3.0228226149561497
ZMB-fed(KEN+TZA+UGA),2016,5,private_credit,2021,xgb_blind,11.3595044648168,3.9565985167505833
ZMB-fed(KEN+TZA+UGA),2016,5,private_credit,2021,xgb_lag,11.3595044648168,4.164014097500095
ZMB-fed(KEN+TZA+UGA),2016,5,private_credit,2021,xgb_typed,11.3595044648168,4.168068167019138
ZMB-fed(KEN+TZA+UGA),2016,5,private_credit,2021,lgbm_blind,11.3595044648168,3.0382851868805325
ZMB-fed(KEN+TZA+UGA),2016,5,private_credit,2021,lgbm_lag,11.3595044648168,3.0382851868805325
ZMB-fed(KEN+TZA+UGA),2016,5,private_credit,2021,lgbm_typed,11.3595044648168,3.0382851868805325
ZMB-fed(KEN+TZA+UGA),2016,5,private_credit,2021,tft,11.3595044648168,4.013032194423923
ZMB-fed(KEN+TZA+UGA),2016,5,private_credit,2021,tgcn,11.3595044648168,
ZMB-fed(KEN+TZA+UGA),2016,5,private_credit,2021,persistence_scarcity,11.3595044648168,5.917227100372871
ZMB-fed(KEN+TZA+UGA),2016,5,private_credit,2021,chronos_scarcity,11.3595044648168,4.056371868570878
ZMB-fed(KEN+TZA+UGA),2016,5,private_credit,2021,gnn_scarcity,11.3595044648168,4.376071211147556
ZMB-fed(KEN+TZA+UGA),2016,1,govt_consumption,2017,persistence,13.7207952422721,2.3510789536945005
ZMB-fed(KEN+TZA+UGA),2016,1,govt_consumption,2017,arima,13.7207952422721,2.885503162554869
ZMB-fed(KEN+TZA+UGA),2016,1,govt_consumption,2017,chronos,13.7207952422721,2.7836221771614937
ZMB-fed(KEN+TZA+UGA),2016,1,govt_consumption,2017,xgb_blind,13.7207952422721,0.694158164940557
ZMB-fed(KEN+TZA+UGA),2016,1,govt_consumption,2017,xgb_lag,13.7207952422721,2.885503162554869
ZMB-fed(KEN+TZA+UGA),2016,1,govt_consumption,2017,xgb_typed,13.7207952422721,2.885503162554869
ZMB-fed(KEN+TZA+UGA),2016,1,govt_consumption,2017,lgbm_blind,13.7207952422721,3.9986282271964164
ZMB-fed(KEN+TZA+UGA),2016,1,govt_consumption,2017,lgbm_lag,13.7207952422721,2.885503162554869
ZMB-fed(KEN+TZA+UGA),2016,1,govt_consumption,2017,lgbm_typed,13.7207952422721,2.885503162554869
ZMB-fed(KEN+TZA+UGA),2016,1,govt_consumption,2017,tft,13.7207952422721,2.357341201819697
ZMB-fed(KEN+TZA+UGA),2016,1,govt_consumption,2017,tgcn,13.7207952422721,
ZMB-fed(KEN+TZA+UGA),2016,1,govt_consumption,2017,persistence_scarcity,13.7207952422721,2.3510789536945005
ZMB-fed(KEN+TZA+UGA),2016,1,govt_consumption,2017,chronos_scarcity,13.7207952422721,2.7836221771614937
ZMB-fed(KEN+TZA+UGA),2016,1,govt_consumption,2017,gnn_scarcity,13.7207952422721,3.949529258690557
ZMB-fed(KEN+TZA+UGA),2016,3,govt_consumption,2019,persistence,17.6842563810264,1.6123821850598006
ZMB-fed(KEN+TZA+UGA),2016,3,govt_consumption,2019,arima,17.6842563810264,0.765229418925081
ZMB-fed(KEN+TZA+UGA),2016,3,govt_consumption,2019,chronos,17.6842563810264,0.6474350156699558
ZMB-fed(KEN+TZA+UGA),2016,3,govt_consumption,2019,xgb_blind,17.6842563810264,5.12968332194437
ZMB-fed(KEN+TZA+UGA),2016,3,govt_consumption,2019,xgb_lag,17.6842563810264,0.765229418925081
ZMB-fed(KEN+TZA+UGA),2016,3,govt_consumption,2019,xgb_typed,17.6842563810264,0.765229418925081
ZMB-fed(KEN+TZA+UGA),2016,3,govt_consumption,2019,lgbm_blind,17.6842563810264,7.873044159244989
ZMB-fed(KEN+TZA+UGA),2016,3,govt_consumption,2019,lgbm_lag,17.6842563810264,0.765229418925081
ZMB-fed(KEN+TZA+UGA),2016,3,govt_consumption,2019,lgbm_typed,17.6842563810264,0.765229418925081
ZMB-fed(KEN+TZA+UGA),2016,3,govt_consumption,2019,tft,17.6842563810264,0.9759567441855808
ZMB-fed(KEN+TZA+UGA),2016,3,govt_consumption,2019,tgcn,17.6842563810264,
ZMB-fed(KEN+TZA+UGA),2016,3,govt_consumption,2019,persistence_scarcity,17.6842563810264,1.6123821850598006
ZMB-fed(KEN+TZA+UGA),2016,3,govt_consumption,2019,chronos_scarcity,17.6842563810264,0.6474350156699558
ZMB-fed(KEN+TZA+UGA),2016,3,govt_consumption,2019,gnn_scarcity,17.6842563810264,6.305044001570835
ZMB-fed(KEN+TZA+UGA),2016,5,govt_consumption,2021,persistence,11.5310478017208,4.540826394245801
ZMB-fed(KEN+TZA+UGA),2016,5,govt_consumption,2021,arima,11.5310478017208,5.441547452405196
ZMB-fed(KEN+TZA+UGA),2016,5,govt_consumption,2021,chronos,11.5310478017208,5.931690235388576
ZMB-fed(KEN+TZA+UGA),2016,5,govt_consumption,2021,xgb_blind,11.5310478017208,0.2462387278202165
ZMB-fed(KEN+TZA+UGA),2016,5,govt_consumption,2021,xgb_lag,11.5310478017208,5.441547452405196
ZMB-fed(KEN+TZA+UGA),2016,5,govt_consumption,2021,xgb_typed,11.5310478017208,5.441547452405196
ZMB-fed(KEN+TZA+UGA),2016,5,govt_consumption,2021,lgbm_blind,11.5310478017208,1.6146003356507972
ZMB-fed(KEN+TZA+UGA),2016,5,govt_consumption,2021,lgbm_lag,11.5310478017208,5.441547452405196
ZMB-fed(KEN+TZA+UGA),2016,5,govt_consumption,2021,lgbm_typed,11.5310478017208,5.441547452405196
ZMB-fed(KEN+TZA+UGA),2016,5,govt_consumption,2021,tft,11.5310478017208,5.347236652624904
ZMB-fed(KEN+TZA+UGA),2016,5,govt_consumption,2021,tgcn,11.5310478017208,
ZMB-fed(KEN+TZA+UGA),2016,5,govt_consumption,2021,persistence_scarcity,11.5310478017208,4.540826394245801
ZMB-fed(KEN+TZA+UGA),2016,5,govt_consumption,2021,chronos_scarcity,11.5310478017208,5.931690235388576
ZMB-fed(KEN+TZA+UGA),2016,5,govt_consumption,2021,gnn_scarcity,11.5310478017208,0.6301822469112288
ZMB-fed(KEN+TZA+UGA),2017,1,gdp_growth,2018,persistence,4.03449389667165,0.5086311251723901
ZMB-fed(KEN+TZA+UGA),2017,1,gdp_growth,2018,arima,4.03449389667165,0.37656548410168167
ZMB-fed(KEN+TZA+UGA),2017,1,gdp_growth,2018,chronos,4.03449389667165,0.5648174020732615
ZMB-fed(KEN+TZA+UGA),2017,1,gdp_growth,2018,xgb_blind,4.03449389667165,0.029994991115215086
ZMB-fed(KEN+TZA+UGA),2017,1,gdp_growth,2018,xgb_lag,4.03449389667165,0.37656548410168167
ZMB-fed(KEN+TZA+UGA),2017,1,gdp_growth,2018,xgb_typed,4.03449389667165,0.37656548410168167
ZMB-fed(KEN+TZA+UGA),2017,1,gdp_growth,2018,lgbm_blind,4.03449389667165,0.6025433804120555
ZMB-fed(KEN+TZA+UGA),2017,1,gdp_growth,2018,lgbm_lag,4.03449389667165,0.37656548410168167
ZMB-fed(KEN+TZA+UGA),2017,1,gdp_growth,2018,lgbm_typed,4.03449389667165,0.37656548410168167
ZMB-fed(KEN+TZA+UGA),2017,1,gdp_growth,2018,tft,4.03449389667165,0.43789288730275366
ZMB-fed(KEN+TZA+UGA),2017,1,gdp_growth,2018,tgcn,4.03449389667165,
ZMB-fed(KEN+TZA+UGA),2017,1,gdp_growth,2018,persistence_scarcity,4.03449389667165,0.5086311251723901
ZMB-fed(KEN+TZA+UGA),2017,1,gdp_growth,2018,chronos_scarcity,4.03449389667165,0.5648174020732615
ZMB-fed(KEN+TZA+UGA),2017,1,gdp_growth,2018,gnn_scarcity,4.03449389667165,0.5918855932270315
ZMB-fed(KEN+TZA+UGA),2017,3,gdp_growth,2020,persistence,-2.78505506545167,6.31091783695093
ZMB-fed(KEN+TZA+UGA),2017,3,gdp_growth,2020,arima,-2.78505506545167,6.410732053454067
ZMB-fed(KEN+TZA+UGA),2017,3,gdp_growth,2020,chronos,-2.78505506545167,5.946316385565806
ZMB-fed(KEN+TZA+UGA),2017,3,gdp_growth,2020,xgb_blind,-2.78505506545167,6.427973890601207
ZMB-fed(KEN+TZA+UGA),2017,3,gdp_growth,2020,xgb_lag,-2.78505506545167,6.410732053454067
ZMB-fed(KEN+TZA+UGA),2017,3,gdp_growth,2020,xgb_typed,-2.78505506545167,6.410732053454067
ZMB-fed(KEN+TZA+UGA),2017,3,gdp_growth,2020,lgbm_blind,-2.78505506545167,7.863737548886347
ZMB-fed(KEN+TZA+UGA),2017,3,gdp_growth,2020,lgbm_lag,-2.78505506545167,6.410732053454067
ZMB-fed(KEN+TZA+UGA),2017,3,gdp_growth,2020,lgbm_typed,-2.78505506545167,6.410732053454067
ZMB-fed(KEN+TZA+UGA),2017,3,gdp_growth,2020,tft,-2.78505506545167,6.3657526019201764
ZMB-fed(KEN+TZA+UGA),2017,3,gdp_growth,2020,tgcn,-2.78505506545167,
ZMB-fed(KEN+TZA+UGA),2017,3,gdp_growth,2020,persistence_scarcity,-2.78505506545167,6.31091783695093
ZMB-fed(KEN+TZA+UGA),2017,3,gdp_growth,2020,chronos_scarcity,-2.78505506545167,5.946316385565806
ZMB-fed(KEN+TZA+UGA),2017,3,gdp_growth,2020,gnn_scarcity,-2.78505506545167,8.384338760672618
ZMB-fed(KEN+TZA+UGA),2017,5,gdp_growth,2022,persistence,5.21122360356247,1.6853608320632096
ZMB-fed(KEN+TZA+UGA),2017,5,gdp_growth,2022,arima,5.21122360356247,1.5962508864600626
ZMB-fed(KEN+TZA+UGA),2017,5,gdp_growth,2022,chronos,5.21122360356247,1.587339402512665
ZMB-fed(KEN+TZA+UGA),2017,5,gdp_growth,2022,xgb_blind,5.21122360356247,1.7877593053141787
ZMB-fed(KEN+TZA+UGA),2017,5,gdp_growth,2022,xgb_lag,5.21122360356247,1.5962508864600626
ZMB-fed(KEN+TZA+UGA),2017,5,gdp_growth,2022,xgb_typed,5.21122360356247,1.5962508864600626
ZMB-fed(KEN+TZA+UGA),2017,5,gdp_growth,2022,lgbm_blind,5.21122360356247,0.3885689844537916
ZMB-fed(KEN+TZA+UGA),2017,5,gdp_growth,2022,lgbm_lag,5.21122360356247,1.5962508864600626
ZMB-fed(KEN+TZA+UGA),2017,5,gdp_growth,2022,lgbm_typed,5.21122360356247,1.5962508864600626
ZMB-fed(KEN+TZA+UGA),2017,5,gdp_growth,2022,tft,5.21122360356247,1.6324877751628115
ZMB-fed(KEN+TZA+UGA),2017,5,gdp_growth,2022,tgcn,5.21122360356247,
ZMB-fed(KEN+TZA+UGA),2017,5,gdp_growth,2022,persistence_scarcity,5.21122360356247,1.6853608320632096
ZMB-fed(KEN+TZA+UGA),2017,5,gdp_growth,2022,chronos_scarcity,5.21122360356247,1.587339402512665
ZMB-fed(KEN+TZA+UGA),2017,5,gdp_growth,2022,gnn_scarcity,5.21122360356247,1.4881439196308897
ZMB-fed(KEN+TZA+UGA),2017,1,inflation_cpi,2018,persistence,7.4945719272852,0.9172603852287606
ZMB-fed(KEN+TZA+UGA),2017,1,inflation_cpi,2018,arima,7.4945719272852,1.1272860851160473
ZMB-fed(KEN+TZA+UGA),2017,1,inflation_cpi,2018,chronos,7.4945719272852,0.9115603000879346
ZMB-fed(KEN+TZA+UGA),2017,1,inflation_cpi,2018,xgb_blind,7.4945719272852,3.588443514609331
ZMB-fed(KEN+TZA+UGA),2017,1,inflation_cpi,2018,xgb_lag,7.4945719272852,1.1272860851160473
ZMB-fed(KEN+TZA+UGA),2017,1,inflation_cpi,2018,xgb_typed,7.4945719272852,1.1272860851160473
ZMB-fed(KEN+TZA+UGA),2017,1,inflation_cpi,2018,lgbm_blind,7.4945719272852,25.78869200328279
ZMB-fed(KEN+TZA+UGA),2017,1,inflation_cpi,2018,lgbm_lag,7.4945719272852,1.1272860851160473
ZMB-fed(KEN+TZA+UGA),2017,1,inflation_cpi,2018,lgbm_typed,7.4945719272852,1.1272860851160473
ZMB-fed(KEN+TZA+UGA),2017,1,inflation_cpi,2018,tft,7.4945719272852,0.690243008828169
ZMB-fed(KEN+TZA+UGA),2017,1,inflation_cpi,2018,tgcn,7.4945719272852,
ZMB-fed(KEN+TZA+UGA),2017,1,inflation_cpi,2018,persistence_scarcity,7.4945719272852,0.9172603852287606
ZMB-fed(KEN+TZA+UGA),2017,1,inflation_cpi,2018,chronos_scarcity,7.4945719272852,0.9115603000879346
ZMB-fed(KEN+TZA+UGA),2017,1,inflation_cpi,2018,gnn_scarcity,7.4945719272852,30.441905733847612
ZMB-fed(KEN+TZA+UGA),2017,3,inflation_cpi,2020,persistence,15.7330604721369,9.15574893008046
ZMB-fed(KEN+TZA+UGA),2017,3,inflation_cpi,2020,arima,15.7330604721369,9.369753512201871
ZMB-fed(KEN+TZA+UGA),2017,3,inflation_cpi,2020,chronos,15.7330604721369,6.648519151336119
ZMB-fed(KEN+TZA+UGA),2017,3,inflation_cpi,2020,xgb_blind,15.7330604721369,10.054009549743101
ZMB-fed(KEN+TZA+UGA),2017,3,inflation_cpi,2020,xgb_lag,15.7330604721369,9.369753512201871
ZMB-fed(KEN+TZA+UGA),2017,3,inflation_cpi,2020,xgb_typed,15.7330604721369,9.369753512201871
ZMB-fed(KEN+TZA+UGA),2017,3,inflation_cpi,2020,lgbm_blind,15.7330604721369,9.678910410278872
ZMB-fed(KEN+TZA+UGA),2017,3,inflation_cpi,2020,lgbm_lag,15.7330604721369,9.369753512201871
ZMB-fed(KEN+TZA+UGA),2017,3,inflation_cpi,2020,lgbm_typed,15.7330604721369,9.369753512201871
ZMB-fed(KEN+TZA+UGA),2017,3,inflation_cpi,2020,tft,15.7330604721369,8.719248883849547
ZMB-fed(KEN+TZA+UGA),2017,3,inflation_cpi,2020,tgcn,15.7330604721369,
ZMB-fed(KEN+TZA+UGA),2017,3,inflation_cpi,2020,persistence_scarcity,15.7330604721369,9.15574893008046
ZMB-fed(KEN+TZA+UGA),2017,3,inflation_cpi,2020,chronos_scarcity,15.7330604721369,6.648519151336119
ZMB-fed(KEN+TZA+UGA),2017,3,inflation_cpi,2020,gnn_scarcity,15.7330604721369,33.61850965725763
ZMB-fed(KEN+TZA+UGA),2017,5,inflation_cpi,2022,persistence,10.9932039209136,4.415892378857161
ZMB-fed(KEN+TZA+UGA),2017,5,inflation_cpi,2022,arima,10.9932039209136,4.629898337338544
ZMB-fed(KEN+TZA+UGA),2017,5,inflation_cpi,2022,chronos,10.9932039209136,0.855384630752468
ZMB-fed(KEN+TZA+UGA),2017,5,inflation_cpi,2022,xgb_blind,10.9932039209136,5.242069440292454
ZMB-fed(KEN+TZA+UGA),2017,5,inflation_cpi,2022,xgb_lag,10.9932039209136,4.629898337338544
ZMB-fed(KEN+TZA+UGA),2017,5,inflation_cpi,2022,xgb_typed,10.9932039209136,4.629898337338544
ZMB-fed(KEN+TZA+UGA),2017,5,inflation_cpi,2022,lgbm_blind,10.9932039209136,6.284444237781788
ZMB-fed(KEN+TZA+UGA),2017,5,inflation_cpi,2022,lgbm_lag,10.9932039209136,4.629898337338544
ZMB-fed(KEN+TZA+UGA),2017,5,inflation_cpi,2022,lgbm_typed,10.9932039209136,4.629898337338544
ZMB-fed(KEN+TZA+UGA),2017,5,inflation_cpi,2022,tft,10.9932039209136,3.9395420976408957
ZMB-fed(KEN+TZA+UGA),2017,5,inflation_cpi,2022,tgcn,10.9932039209136,
ZMB-fed(KEN+TZA+UGA),2017,5,inflation_cpi,2022,persistence_scarcity,10.9932039209136,4.415892378857161
ZMB-fed(KEN+TZA+UGA),2017,5,inflation_cpi,2022,chronos_scarcity,10.9932039209136,0.855384630752468
ZMB-fed(KEN+TZA+UGA),2017,5,inflation_cpi,2022,gnn_scarcity,10.9932039209136,51.265657620834446
ZMB-fed(KEN+TZA+UGA),2017,1,unemployment,2018,persistence,5.032,0.5030000000000001
ZMB-fed(KEN+TZA+UGA),2017,1,unemployment,2018,arima,5.032,0.792388368652416
ZMB-fed(KEN+TZA+UGA),2017,1,unemployment,2018,chronos,5.032,0.7033809967041016
ZMB-fed(KEN+TZA+UGA),2017,1,unemployment,2018,xgb_blind,5.032,0.8909230880737304
ZMB-fed(KEN+TZA+UGA),2017,1,unemployment,2018,xgb_lag,5.032,0.792388368652416
ZMB-fed(KEN+TZA+UGA),2017,1,unemployment,2018,xgb_typed,5.032,0.792388368652416
ZMB-fed(KEN+TZA+UGA),2017,1,unemployment,2018,lgbm_blind,5.032,7.435555558239972
ZMB-fed(KEN+TZA+UGA),2017,1,unemployment,2018,lgbm_lag,5.032,0.792388368652416
ZMB-fed(KEN+TZA+UGA),2017,1,unemployment,2018,lgbm_typed,5.032,0.792388368652416
ZMB-fed(KEN+TZA+UGA),2017,1,unemployment,2018,tft,5.032,0.7861003227233887
ZMB-fed(KEN+TZA+UGA),2017,1,unemployment,2018,tgcn,5.032,
ZMB-fed(KEN+TZA+UGA),2017,1,unemployment,2018,persistence_scarcity,5.032,0.5030000000000001
ZMB-fed(KEN+TZA+UGA),2017,1,unemployment,2018,chronos_scarcity,5.032,0.7033809967041016
ZMB-fed(KEN+TZA+UGA),2017,1,unemployment,2018,gnn_scarcity,5.032,7.862609451293945
ZMB-fed(KEN+TZA+UGA),2017,3,unemployment,2020,persistence,6.032,1.5030000000000001
ZMB-fed(KEN+TZA+UGA),2017,3,unemployment,2020,arima,6.032,1.9569208829066271
ZMB-fed(KEN+TZA+UGA),2017,3,unemployment,2020,chronos,6.032,1.6102923698425293
ZMB-fed(KEN+TZA+UGA),2017,3,unemployment,2020,xgb_blind,6.032,0.6597298927307129
ZMB-fed(KEN+TZA+UGA),2017,3,unemployment,2020,xgb_lag,6.032,1.9569208829066271
ZMB-fed(KEN+TZA+UGA),2017,3,unemployment,2020,xgb_typed,6.032,1.9569208829066271
ZMB-fed(KEN+TZA+UGA),2017,3,unemployment,2020,lgbm_blind,6.032,5.894239986419677
ZMB-fed(KEN+TZA+UGA),2017,3,unemployment,2020,lgbm_lag,6.032,1.9569208829066271
ZMB-fed(KEN+TZA+UGA),2017,3,unemployment,2020,lgbm_typed,6.032,1.9569208829066271
ZMB-fed(KEN+TZA+UGA),2017,3,unemployment,2020,tft,6.032,1.5677704162597657
ZMB-fed(KEN+TZA+UGA),2017,3,unemployment,2020,tgcn,6.032,
ZMB-fed(KEN+TZA+UGA),2017,3,unemployment,2020,persistence_scarcity,6.032,1.5030000000000001
ZMB-fed(KEN+TZA+UGA),2017,3,unemployment,2020,chronos_scarcity,6.032,1.6102923698425293
ZMB-fed(KEN+TZA+UGA),2017,3,unemployment,2020,gnn_scarcity,6.032,7.977914398193359
ZMB-fed(KEN+TZA+UGA),2017,5,unemployment,2022,persistence,5.993,1.4640000000000004
ZMB-fed(KEN+TZA+UGA),2017,5,unemployment,2022,arima,5.993,1.9448735529013357
ZMB-fed(KEN+TZA+UGA),2017,5,unemployment,2022,chronos,5.993,1.8040170364379886
ZMB-fed(KEN+TZA+UGA),2017,5,unemployment,2022,xgb_blind,5.993,0.3511500663757321
ZMB-fed(KEN+TZA+UGA),2017,5,unemployment,2022,xgb_lag,5.993,1.9448735529013357
ZMB-fed(KEN+TZA+UGA),2017,5,unemployment,2022,xgb_typed,5.993,1.9448735529013357
ZMB-fed(KEN+TZA+UGA),2017,5,unemployment,2022,lgbm_blind,5.993,5.30121737919683
ZMB-fed(KEN+TZA+UGA),2017,5,unemployment,2022,lgbm_lag,5.993,1.9448735529013357
ZMB-fed(KEN+TZA+UGA),2017,5,unemployment,2022,lgbm_typed,5.993,1.9448735529013357
ZMB-fed(KEN+TZA+UGA),2017,5,unemployment,2022,tft,5.993,1.4851998977661136
ZMB-fed(KEN+TZA+UGA),2017,5,unemployment,2022,tgcn,5.993,
ZMB-fed(KEN+TZA+UGA),2017,5,unemployment,2022,persistence_scarcity,5.993,1.4640000000000004
ZMB-fed(KEN+TZA+UGA),2017,5,unemployment,2022,chronos_scarcity,5.993,1.8040170364379886
ZMB-fed(KEN+TZA+UGA),2017,5,unemployment,2022,gnn_scarcity,5.993,9.278014213562011
ZMB-fed(KEN+TZA+UGA),2017,1,exports_gdp,2018,persistence,37.9574045480394,2.964546784447599
ZMB-fed(KEN+TZA+UGA),2017,1,exports_gdp,2018,arima,37.9574045480394,2.955527250539724
ZMB-fed(KEN+TZA+UGA),2017,1,exports_gdp,2018,chronos,37.9574045480394,4.10444586884018
ZMB-fed(KEN+TZA+UGA),2017,1,exports_gdp,2018,xgb_blind,37.9574045480394,2.946959906926118
ZMB-fed(KEN+TZA+UGA),2017,1,exports_gdp,2018,xgb_lag,37.9574045480394,2.955527250539724
ZMB-fed(KEN+TZA+UGA),2017,1,exports_gdp,2018,xgb_typed,37.9574045480394,2.955527250539724
ZMB-fed(KEN+TZA+UGA),2017,1,exports_gdp,2018,lgbm_blind,37.9574045480394,5.923875195780646
ZMB-fed(KEN+TZA+UGA),2017,1,exports_gdp,2018,lgbm_lag,37.9574045480394,2.955527250539724
ZMB-fed(KEN+TZA+UGA),2017,1,exports_gdp,2018,lgbm_typed,37.9574045480394,2.955527250539724
ZMB-fed(KEN+TZA+UGA),2017,1,exports_gdp,2018,tft,37.9574045480394,2.9344324411058054
ZMB-fed(KEN+TZA+UGA),2017,1,exports_gdp,2018,tgcn,37.9574045480394,
ZMB-fed(KEN+TZA+UGA),2017,1,exports_gdp,2018,persistence_scarcity,37.9574045480394,2.964546784447599
ZMB-fed(KEN+TZA+UGA),2017,1,exports_gdp,2018,chronos_scarcity,37.9574045480394,4.10444586884018
ZMB-fed(KEN+TZA+UGA),2017,1,exports_gdp,2018,gnn_scarcity,37.9574045480394,5.6739229501390085
ZMB-fed(KEN+TZA+UGA),2017,3,exports_gdp,2020,persistence,46.7201864691576,11.727328705565803
ZMB-fed(KEN+TZA+UGA),2017,3,exports_gdp,2020,arima,46.7201864691576,11.71854767792184
ZMB-fed(KEN+TZA+UGA),2017,3,exports_gdp,2020,chronos,46.7201864691576,17.569023367961314
ZMB-fed(KEN+TZA+UGA),2017,3,exports_gdp,2020,xgb_blind,46.7201864691576,12.028558966716197
ZMB-fed(KEN+TZA+UGA),2017,3,exports_gdp,2020,xgb_lag,46.7201864691576,11.71854767792184
ZMB-fed(KEN+TZA+UGA),2017,3,exports_gdp,2020,xgb_typed,46.7201864691576,11.71854767792184
ZMB-fed(KEN+TZA+UGA),2017,3,exports_gdp,2020,lgbm_blind,46.7201864691576,14.760006262858774
ZMB-fed(KEN+TZA+UGA),2017,3,exports_gdp,2020,lgbm_lag,46.7201864691576,11.71854767792184
ZMB-fed(KEN+TZA+UGA),2017,3,exports_gdp,2020,lgbm_typed,46.7201864691576,11.71854767792184
ZMB-fed(KEN+TZA+UGA),2017,3,exports_gdp,2020,tft,46.7201864691576,11.615350958903697
ZMB-fed(KEN+TZA+UGA),2017,3,exports_gdp,2020,tgcn,46.7201864691576,
ZMB-fed(KEN+TZA+UGA),2017,3,exports_gdp,2020,persistence_scarcity,46.7201864691576,11.727328705565803
ZMB-fed(KEN+TZA+UGA),2017,3,exports_gdp,2020,chronos_scarcity,46.7201864691576,17.569023367961314
ZMB-fed(KEN+TZA+UGA),2017,3,exports_gdp,2020,gnn_scarcity,46.7201864691576,13.209017035563853
ZMB-fed(KEN+TZA+UGA),2017,5,exports_gdp,2022,persistence,40.1939977114306,5.201139947838797
ZMB-fed(KEN+TZA+UGA),2017,5,exports_gdp,2022,arima,40.1939977114306,5.192359096420084
ZMB-fed(KEN+TZA+UGA),2017,5,exports_gdp,2022,chronos,40.1939977114306,13.981465667973566
ZMB-fed(KEN+TZA+UGA),2017,5,exports_gdp,2022,xgb_blind,40.1939977114306,6.925729126225519
ZMB-fed(KEN+TZA+UGA),2017,5,exports_gdp,2022,xgb_lag,40.1939977114306,5.192359096420084
ZMB-fed(KEN+TZA+UGA),2017,5,exports_gdp,2022,xgb_typed,40.1939977114306,5.192359096420084
ZMB-fed(KEN+TZA+UGA),2017,5,exports_gdp,2022,lgbm_blind,40.1939977114306,8.319923024302117
ZMB-fed(KEN+TZA+UGA),2017,5,exports_gdp,2022,lgbm_lag,40.1939977114306,5.192359096420084
ZMB-fed(KEN+TZA+UGA),2017,5,exports_gdp,2022,lgbm_typed,40.1939977114306,5.192359096420084
ZMB-fed(KEN+TZA+UGA),2017,5,exports_gdp,2022,tft,40.1939977114306,5.073037475834894
ZMB-fed(KEN+TZA+UGA),2017,5,exports_gdp,2022,tgcn,40.1939977114306,
ZMB-fed(KEN+TZA+UGA),2017,5,exports_gdp,2022,persistence_scarcity,40.1939977114306,5.201139947838797
ZMB-fed(KEN+TZA+UGA),2017,5,exports_gdp,2022,chronos_scarcity,40.1939977114306,13.981465667973566
ZMB-fed(KEN+TZA+UGA),2017,5,exports_gdp,2022,gnn_scarcity,40.1939977114306,5.294652313481379
ZMB-fed(KEN+TZA+UGA),2017,1,imports_gdp,2018,persistence,36.9309649794271,0.3381280887623035
ZMB-fed(KEN+TZA+UGA),2017,1,imports_gdp,2018,arima,36.9309649794271,0.1931923695578206
ZMB-fed(KEN+TZA+UGA),2017,1,imports_gdp,2018,chronos,36.9309649794271,0.011500868098977435
ZMB-fed(KEN+TZA+UGA),2017,1,imports_gdp,2018,xgb_blind,36.9309649794271,0.5890164048502413
ZMB-fed(KEN+TZA+UGA),2017,1,imports_gdp,2018,xgb_lag,36.9309649794271,0.1931923695578206
ZMB-fed(KEN+TZA+UGA),2017,1,imports_gdp,2018,xgb_typed,36.9309649794271,0.1931923695578206
ZMB-fed(KEN+TZA+UGA),2017,1,imports_gdp,2018,lgbm_blind,36.9309649794271,2.5318482513861937
ZMB-fed(KEN+TZA+UGA),2017,1,imports_gdp,2018,lgbm_lag,36.9309649794271,0.1931923695578206
ZMB-fed(KEN+TZA+UGA),2017,1,imports_gdp,2018,lgbm_typed,36.9309649794271,0.1931923695578206
ZMB-fed(KEN+TZA+UGA),2017,1,imports_gdp,2018,tft,36.9309649794271,0.2871127455403837
ZMB-fed(KEN+TZA+UGA),2017,1,imports_gdp,2018,tgcn,36.9309649794271,
ZMB-fed(KEN+TZA+UGA),2017,1,imports_gdp,2018,persistence_scarcity,36.9309649794271,0.3381280887623035
ZMB-fed(KEN+TZA+UGA),2017,1,imports_gdp,2018,chronos_scarcity,36.9309649794271,0.011500868098977435
ZMB-fed(KEN+TZA+UGA),2017,1,imports_gdp,2018,gnn_scarcity,36.9309649794271,2.383044752376321
ZMB-fed(KEN+TZA+UGA),2017,3,imports_gdp,2020,persistence,32.4866629404379,4.106173950226896
ZMB-fed(KEN+TZA+UGA),2017,3,imports_gdp,2020,arima,32.4866629404379,4.241548558577932
ZMB-fed(KEN+TZA+UGA),2017,3,imports_gdp,2020,chronos,32.4866629404379,2.6687325673745974
ZMB-fed(KEN+TZA+UGA),2017,3,imports_gdp,2020,xgb_blind,32.4866629404379,4.837246819083582
ZMB-fed(KEN+TZA+UGA),2017,3,imports_gdp,2020,xgb_lag,32.4866629404379,4.241548558577932
ZMB-fed(KEN+TZA+UGA),2017,3,imports_gdp,2020,xgb_typed,32.4866629404379,4.241548558577932
ZMB-fed(KEN+TZA+UGA),2017,3,imports_gdp,2020,lgbm_blind,32.4866629404379,1.9683671956704956
ZMB-fed(KEN+TZA+UGA),2017,3,imports_gdp,2020,lgbm_lag,32.4866629404379,4.241548558577932
ZMB-fed(KEN+TZA+UGA),2017,3,imports_gdp,2020,lgbm_typed,32.4866629404379,4.241548558577932
ZMB-fed(KEN+TZA+UGA),2017,3,imports_gdp,2020,tft,32.4866629404379,4.339264793937097
ZMB-fed(KEN+TZA+UGA),2017,3,imports_gdp,2020,tgcn,32.4866629404379,
ZMB-fed(KEN+TZA+UGA),2017,3,imports_gdp,2020,persistence_scarcity,32.4866629404379,4.106173950226896
ZMB-fed(KEN+TZA+UGA),2017,3,imports_gdp,2020,chronos_scarcity,32.4866629404379,2.6687325673745974
ZMB-fed(KEN+TZA+UGA),2017,3,imports_gdp,2020,gnn_scarcity,32.4866629404379,3.043393059317957
ZMB-fed(KEN+TZA+UGA),2017,5,imports_gdp,2022,persistence,29.1033177078897,7.489519182775098
ZMB-fed(KEN+TZA+UGA),2017,5,imports_gdp,2022,arima,29.1033177078897,7.624845579418405
ZMB-fed(KEN+TZA+UGA),2017,5,imports_gdp,2022,chronos,29.1033177078897,2.6499209700888144
ZMB-fed(KEN+TZA+UGA),2017,5,imports_gdp,2022,xgb_blind,29.1033177078897,7.050094157344674
ZMB-fed(KEN+TZA+UGA),2017,5,imports_gdp,2022,xgb_lag,29.1033177078897,7.624845579418405
ZMB-fed(KEN+TZA+UGA),2017,5,imports_gdp,2022,xgb_typed,29.1033177078897,7.624845579418405
ZMB-fed(KEN+TZA+UGA),2017,5,imports_gdp,2022,lgbm_blind,29.1033177078897,5.417349907254447
ZMB-fed(KEN+TZA+UGA),2017,5,imports_gdp,2022,lgbm_lag,29.1033177078897,7.624845579418405
ZMB-fed(KEN+TZA+UGA),2017,5,imports_gdp,2022,lgbm_typed,29.1033177078897,7.624845579418405
ZMB-fed(KEN+TZA+UGA),2017,5,imports_gdp,2022,tft,29.1033177078897,7.756450205928658
ZMB-fed(KEN+TZA+UGA),2017,5,imports_gdp,2022,tgcn,29.1033177078897,
ZMB-fed(KEN+TZA+UGA),2017,5,imports_gdp,2022,persistence_scarcity,29.1033177078897,7.489519182775098
ZMB-fed(KEN+TZA+UGA),2017,5,imports_gdp,2022,chronos_scarcity,29.1033177078897,2.6499209700888144
ZMB-fed(KEN+TZA+UGA),2017,5,imports_gdp,2022,gnn_scarcity,29.1033177078897,7.537265330440377
ZMB-fed(KEN+TZA+UGA),2017,1,current_account,2018,persistence,-1.30116677554112,0.38010380063737004
ZMB-fed(KEN+TZA+UGA),2017,1,current_account,2018,arima,-1.30116677554112,0.9434745752807285
ZMB-fed(KEN+TZA+UGA),2017,1,current_account,2018,chronos,-1.30116677554112,0.5198656293584771
ZMB-fed(KEN+TZA+UGA),2017,1,current_account,2018,xgb_blind,-1.30116677554112,2.0205931636526056
ZMB-fed(KEN+TZA+UGA),2017,1,current_account,2018,xgb_lag,-1.30116677554112,0.9434745752807285
ZMB-fed(KEN+TZA+UGA),2017,1,current_account,2018,xgb_typed,-1.30116677554112,0.9434745752807285
ZMB-fed(KEN+TZA+UGA),2017,1,current_account,2018,lgbm_blind,-1.30116677554112,4.252662448480226
ZMB-fed(KEN+TZA+UGA),2017,1,current_account,2018,lgbm_lag,-1.30116677554112,0.9434745752807285
ZMB-fed(KEN+TZA+UGA),2017,1,current_account,2018,lgbm_typed,-1.30116677554112,0.9434745752807285
ZMB-fed(KEN+TZA+UGA),2017,1,current_account,2018,tft,-1.30116677554112,0.025069234056658285
ZMB-fed(KEN+TZA+UGA),2017,1,current_account,2018,tgcn,-1.30116677554112,
ZMB-fed(KEN+TZA+UGA),2017,1,current_account,2018,persistence_scarcity,-1.30116677554112,0.38010380063737004
ZMB-fed(KEN+TZA+UGA),2017,1,current_account,2018,chronos_scarcity,-1.30116677554112,0.5198656293584771
ZMB-fed(KEN+TZA+UGA),2017,1,current_account,2018,gnn_scarcity,-1.30116677554112,4.365505454225726
ZMB-fed(KEN+TZA+UGA),2017,3,current_account,2020,persistence,11.790957110182,13.472227686360489
ZMB-fed(KEN+TZA+UGA),2017,3,current_account,2020,arima,11.790957110182,13.946728527107016
ZMB-fed(KEN+TZA+UGA),2017,3,current_account,2020,chronos,11.790957110182,14.170044558302116
ZMB-fed(KEN+TZA+UGA),2017,3,current_account,2020,xgb_blind,11.790957110182,14.88280691410656
ZMB-fed(KEN+TZA+UGA),2017,3,current_account,2020,xgb_lag,11.790957110182,13.946728527107016
ZMB-fed(KEN+TZA+UGA),2017,3,current_account,2020,xgb_typed,11.790957110182,13.946728527107016
ZMB-fed(KEN+TZA+UGA),2017,3,current_account,2020,lgbm_blind,11.790957110182,17.064858129278374
ZMB-fed(KEN+TZA+UGA),2017,3,current_account,2020,lgbm_lag,11.790957110182,13.946728527107016
ZMB-fed(KEN+TZA+UGA),2017,3,current_account,2020,lgbm_typed,11.790957110182,13.946728527107016
ZMB-fed(KEN+TZA+UGA),2017,3,current_account,2020,tft,11.790957110182,11.546569960371208
ZMB-fed(KEN+TZA+UGA),2017,3,current_account,2020,tgcn,11.790957110182,
ZMB-fed(KEN+TZA+UGA),2017,3,current_account,2020,persistence_scarcity,11.790957110182,13.472227686360489
ZMB-fed(KEN+TZA+UGA),2017,3,current_account,2020,chronos_scarcity,11.790957110182,14.170044558302116
ZMB-fed(KEN+TZA+UGA),2017,3,current_account,2020,gnn_scarcity,11.790957110182,15.567741530195427
ZMB-fed(KEN+TZA+UGA),2017,5,current_account,2022,persistence,3.74784661580661,5.4291171919851005
ZMB-fed(KEN+TZA+UGA),2017,5,current_account,2022,arima,3.74784661580661,5.900194667100605
ZMB-fed(KEN+TZA+UGA),2017,5,current_account,2022,chronos,3.74784661580661,7.125562680259735
ZMB-fed(KEN+TZA+UGA),2017,5,current_account,2022,xgb_blind,3.74784661580661,5.8640020017776795
ZMB-fed(KEN+TZA+UGA),2017,5,current_account,2022,xgb_lag,3.74784661580661,5.900194667100605
ZMB-fed(KEN+TZA+UGA),2017,5,current_account,2022,xgb_typed,3.74784661580661,5.900194667100605
ZMB-fed(KEN+TZA+UGA),2017,5,current_account,2022,lgbm_blind,3.74784661580661,8.693136263904105
ZMB-fed(KEN+TZA+UGA),2017,5,current_account,2022,lgbm_lag,3.74784661580661,5.900194667100605
ZMB-fed(KEN+TZA+UGA),2017,5,current_account,2022,lgbm_typed,3.74784661580661,5.900194667100605
ZMB-fed(KEN+TZA+UGA),2017,5,current_account,2022,tft,3.74784661580661,2.303277743354828
ZMB-fed(KEN+TZA+UGA),2017,5,current_account,2022,tgcn,3.74784661580661,
ZMB-fed(KEN+TZA+UGA),2017,5,current_account,2022,persistence_scarcity,3.74784661580661,5.4291171919851005
ZMB-fed(KEN+TZA+UGA),2017,5,current_account,2022,chronos_scarcity,3.74784661580661,7.125562680259735
ZMB-fed(KEN+TZA+UGA),2017,5,current_account,2022,gnn_scarcity,3.74784661580661,5.387693894401581
ZMB-fed(KEN+TZA+UGA),2017,1,real_interest_rate,2018,persistence,2.21586529013412,0.12437480486541963
ZMB-fed(KEN+TZA+UGA),2017,1,real_interest_rate,2018,arima,2.21586529013412,0.19591818849430753
ZMB-fed(KEN+TZA+UGA),2017,1,real_interest_rate,2018,chronos,2.21586529013412,1.4155987143824817
ZMB-fed(KEN+TZA+UGA),2017,1,real_interest_rate,2018,xgb_blind,2.21586529013412,1.7561504602123974
ZMB-fed(KEN+TZA+UGA),2017,1,real_interest_rate,2018,xgb_lag,2.21586529013412,0.19591818849430753
ZMB-fed(KEN+TZA+UGA),2017,1,real_interest_rate,2018,xgb_typed,2.21586529013412,0.19591818849430753
ZMB-fed(KEN+TZA+UGA),2017,1,real_interest_rate,2018,lgbm_blind,2.21586529013412,3.3171513010262657
ZMB-fed(KEN+TZA+UGA),2017,1,real_interest_rate,2018,lgbm_lag,2.21586529013412,0.19591818849430753
ZMB-fed(KEN+TZA+UGA),2017,1,real_interest_rate,2018,lgbm_typed,2.21586529013412,0.19591818849430753
ZMB-fed(KEN+TZA+UGA),2017,1,real_interest_rate,2018,tft,2.21586529013412,0.063494527370763
ZMB-fed(KEN+TZA+UGA),2017,1,real_interest_rate,2018,tgcn,2.21586529013412,
ZMB-fed(KEN+TZA+UGA),2017,1,real_interest_rate,2018,persistence_scarcity,2.21586529013412,0.12437480486541963
ZMB-fed(KEN+TZA+UGA),2017,1,real_interest_rate,2018,chronos_scarcity,2.21586529013412,1.4155987143824817
ZMB-fed(KEN+TZA+UGA),2017,1,real_interest_rate,2018,gnn_scarcity,2.21586529013412,2.5747173667262317
ZMB-fed(KEN+TZA+UGA),2017,3,real_interest_rate,2020,persistence,-3.89303245264567,5.98452293791437
ZMB-fed(KEN+TZA+UGA),2017,3,real_interest_rate,2020,arima,-3.89303245264567,5.923537326670097
ZMB-fed(KEN+TZA+UGA),2017,3,real_interest_rate,2020,chronos,-3.89303245264567,8.82809104639567
ZMB-fed(KEN+TZA+UGA),2017,3,real_interest_rate,2020,xgb_blind,-3.89303245264567,6.745664736810099
ZMB-fed(KEN+TZA+UGA),2017,3,real_interest_rate,2020,xgb_lag,-3.89303245264567,5.923537326670097
ZMB-fed(KEN+TZA+UGA),2017,3,real_interest_rate,2020,xgb_typed,-3.89303245264567,5.923537326670097
ZMB-fed(KEN+TZA+UGA),2017,3,real_interest_rate,2020,lgbm_blind,-3.89303245264567,12.57125575501002
ZMB-fed(KEN+TZA+UGA),2017,3,real_interest_rate,2020,lgbm_lag,-3.89303245264567,5.923537326670097
ZMB-fed(KEN+TZA+UGA),2017,3,real_interest_rate,2020,lgbm_typed,-3.89303245264567,5.923537326670097
ZMB-fed(KEN+TZA+UGA),2017,3,real_interest_rate,2020,tft,-3.89303245264567,6.098549267831217
ZMB-fed(KEN+TZA+UGA),2017,3,real_interest_rate,2020,tgcn,-3.89303245264567,
ZMB-fed(KEN+TZA+UGA),2017,3,real_interest_rate,2020,persistence_scarcity,-3.89303245264567,5.98452293791437
ZMB-fed(KEN+TZA+UGA),2017,3,real_interest_rate,2020,chronos_scarcity,-3.89303245264567,8.82809104639567
ZMB-fed(KEN+TZA+UGA),2017,3,real_interest_rate,2020,gnn_scarcity,-3.89303245264567,12.576271435799967
ZMB-fed(KEN+TZA+UGA),2017,5,real_interest_rate,2022,persistence,-3.89303245264567,5.98452293791437
ZMB-fed(KEN+TZA+UGA),2017,5,real_interest_rate,2022,arima,-3.89303245264567,5.923879229933233
ZMB-fed(KEN+TZA+UGA),2017,5,real_interest_rate,2022,chronos,-3.89303245264567,9.898908040109049
ZMB-fed(KEN+TZA+UGA),2017,5,real_interest_rate,2022,xgb_blind,-3.89303245264567,6.868901392999064
ZMB-fed(KEN+TZA+UGA),2017,5,real_interest_rate,2022,xgb_lag,-3.89303245264567,5.923879229933233
ZMB-fed(KEN+TZA+UGA),2017,5,real_interest_rate,2022,xgb_typed,-3.89303245264567,5.923879229933233
ZMB-fed(KEN+TZA+UGA),2017,5,real_interest_rate,2022,lgbm_blind,-3.89303245264567,14.112424728974213
ZMB-fed(KEN+TZA+UGA),2017,5,real_interest_rate,2022,lgbm_lag,-3.89303245264567,5.923879229933233
ZMB-fed(KEN+TZA+UGA),2017,5,real_interest_rate,2022,lgbm_typed,-3.89303245264567,5.923879229933233
ZMB-fed(KEN+TZA+UGA),2017,5,real_interest_rate,2022,tft,-3.89303245264567,6.085168978753458
ZMB-fed(KEN+TZA+UGA),2017,5,real_interest_rate,2022,tgcn,-3.89303245264567,
ZMB-fed(KEN+TZA+UGA),2017,5,real_interest_rate,2022,persistence_scarcity,-3.89303245264567,5.98452293791437
ZMB-fed(KEN+TZA+UGA),2017,5,real_interest_rate,2022,chronos_scarcity,-3.89303245264567,9.898908040109049
ZMB-fed(KEN+TZA+UGA),2017,5,real_interest_rate,2022,gnn_scarcity,-3.89303245264567,16.97778358179606
ZMB-fed(KEN+TZA+UGA),2017,1,broad_money,2018,persistence,22.8934937900932,0.930245620442399
ZMB-fed(KEN+TZA+UGA),2017,1,broad_money,2018,arima,22.8934937900932,1.2954042194181454
ZMB-fed(KEN+TZA+UGA),2017,1,broad_money,2018,chronos,22.8934937900932,0.7223454899223007
ZMB-fed(KEN+TZA+UGA),2017,1,broad_money,2018,xgb_blind,22.8934937900932,0.11421408123089449
ZMB-fed(KEN+TZA+UGA),2017,1,broad_money,2018,xgb_lag,22.8934937900932,1.2954042194181454
ZMB-fed(KEN+TZA+UGA),2017,1,broad_money,2018,xgb_typed,22.8934937900932,1.2954042194181454
ZMB-fed(KEN+TZA+UGA),2017,1,broad_money,2018,lgbm_blind,22.8934937900932,4.222637950046
ZMB-fed(KEN+TZA+UGA),2017,1,broad_money,2018,lgbm_lag,22.8934937900932,1.2954042194181454
ZMB-fed(KEN+TZA+UGA),2017,1,broad_money,2018,lgbm_typed,22.8934937900932,1.2954042194181454
ZMB-fed(KEN+TZA+UGA),2017,1,broad_money,2018,tft,22.8934937900932,0.6156388706596054
ZMB-fed(KEN+TZA+UGA),2017,1,broad_money,2018,tgcn,22.8934937900932,
ZMB-fed(KEN+TZA+UGA),2017,1,broad_money,2018,persistence_scarcity,22.8934937900932,0.930245620442399
ZMB-fed(KEN+TZA+UGA),2017,1,broad_money,2018,chronos_scarcity,22.8934937900932,0.7223454899223007
ZMB-fed(KEN+TZA+UGA),2017,1,broad_money,2018,gnn_scarcity,22.8934937900932,3.9875070042045273
ZMB-fed(KEN+TZA+UGA),2017,3,broad_money,2020,persistence,31.2059620192927,9.242713849641898
ZMB-fed(KEN+TZA+UGA),2017,3,broad_money,2020,arima,31.2059620192927,9.5354701488283
ZMB-fed(KEN+TZA+UGA),2017,3,broad_money,2020,chronos,31.2059620192927,11.031596021978245
ZMB-fed(KEN+TZA+UGA),2017,3,broad_money,2020,xgb_blind,31.2059620192927,7.652592497197972
ZMB-fed(KEN+TZA+UGA),2017,3,broad_money,2020,xgb_lag,31.2059620192927,9.5354701488283
ZMB-fed(KEN+TZA+UGA),2017,3,broad_money,2020,xgb_typed,31.2059620192927,9.5354701488283
ZMB-fed(KEN+TZA+UGA),2017,3,broad_money,2020,lgbm_blind,31.2059620192927,12.830242491094456
ZMB-fed(KEN+TZA+UGA),2017,3,broad_money,2020,lgbm_lag,31.2059620192927,9.5354701488283
ZMB-fed(KEN+TZA+UGA),2017,3,broad_money,2020,lgbm_typed,31.2059620192927,9.5354701488283
ZMB-fed(KEN+TZA+UGA),2017,3,broad_money,2020,tft,31.2059620192927,8.13779337915598
ZMB-fed(KEN+TZA+UGA),2017,3,broad_money,2020,tgcn,31.2059620192927,
ZMB-fed(KEN+TZA+UGA),2017,3,broad_money,2020,persistence_scarcity,31.2059620192927,9.242713849641898
ZMB-fed(KEN+TZA+UGA),2017,3,broad_money,2020,chronos_scarcity,31.2059620192927,11.031596021978245
ZMB-fed(KEN+TZA+UGA),2017,3,broad_money,2020,gnn_scarcity,31.2059620192927,11.607685880987034
ZMB-fed(KEN+TZA+UGA),2017,5,broad_money,2022,persistence,27.1271206443926,5.163872474741801
ZMB-fed(KEN+TZA+UGA),2017,5,broad_money,2022,arima,27.1271206443926,5.4512496260656285
ZMB-fed(KEN+TZA+UGA),2017,5,broad_money,2022,chronos,27.1271206443926,6.7461868827959215
ZMB-fed(KEN+TZA+UGA),2017,5,broad_money,2022,xgb_blind,27.1271206443926,6.677041680159203
ZMB-fed(KEN+TZA+UGA),2017,5,broad_money,2022,xgb_lag,27.1271206443926,5.4512496260656285
ZMB-fed(KEN+TZA+UGA),2017,5,broad_money,2022,xgb_typed,27.1271206443926,5.4512496260656285
ZMB-fed(KEN+TZA+UGA),2017,5,broad_money,2022,lgbm_blind,27.1271206443926,8.35503798388341
ZMB-fed(KEN+TZA+UGA),2017,5,broad_money,2022,lgbm_lag,27.1271206443926,5.4512496260656285
ZMB-fed(KEN+TZA+UGA),2017,5,broad_money,2022,lgbm_typed,27.1271206443926,5.4512496260656285
ZMB-fed(KEN+TZA+UGA),2017,5,broad_money,2022,tft,27.1271206443926,3.8142086570879137
ZMB-fed(KEN+TZA+UGA),2017,5,broad_money,2022,tgcn,27.1271206443926,
ZMB-fed(KEN+TZA+UGA),2017,5,broad_money,2022,persistence_scarcity,27.1271206443926,5.163872474741801
ZMB-fed(KEN+TZA+UGA),2017,5,broad_money,2022,chronos_scarcity,27.1271206443926,6.7461868827959215
ZMB-fed(KEN+TZA+UGA),2017,5,broad_money,2022,gnn_scarcity,27.1271206443926,6.74605718308889
ZMB-fed(KEN+TZA+UGA),2017,1,private_credit,2018,persistence,14.973719234617,0.06770869080330044
ZMB-fed(KEN+TZA+UGA),2017,1,private_credit,2018,arima,14.973719234617,0.028636133141585418
ZMB-fed(KEN+TZA+UGA),2017,1,private_credit,2018,chronos,14.973719234617,0.09695302978301612
ZMB-fed(KEN+TZA+UGA),2017,1,private_credit,2018,xgb_blind,14.973719234617,2.2103933142111245
ZMB-fed(KEN+TZA+UGA),2017,1,private_credit,2018,xgb_lag,14.973719234617,0.08399999603485497
ZMB-fed(KEN+TZA+UGA),2017,1,private_credit,2018,xgb_typed,14.973719234617,0.10398637786651221
ZMB-fed(KEN+TZA+UGA),2017,1,private_credit,2018,lgbm_blind,14.973719234617,0.6615259645341727
ZMB-fed(KEN+TZA+UGA),2017,1,private_credit,2018,lgbm_lag,14.973719234617,0.6615259645341727
ZMB-fed(KEN+TZA+UGA),2017,1,private_credit,2018,lgbm_typed,14.973719234617,0.6615259645341727
ZMB-fed(KEN+TZA+UGA),2017,1,private_credit,2018,tft,14.973719234617,0.002568836362605964
ZMB-fed(KEN+TZA+UGA),2017,1,private_credit,2018,tgcn,14.973719234617,
ZMB-fed(KEN+TZA+UGA),2017,1,private_credit,2018,persistence_scarcity,14.973719234617,0.5946988660504928
ZMB-fed(KEN+TZA+UGA),2017,1,private_credit,2018,chronos_scarcity,14.973719234617,0.10599028301201052
ZMB-fed(KEN+TZA+UGA),2017,1,private_credit,2018,gnn_scarcity,14.973719234617,1.134318713991398
ZMB-fed(KEN+TZA+UGA),2017,3,private_credit,2020,persistence,15.1635545633961,0.2575440195824008
ZMB-fed(KEN+TZA+UGA),2017,3,private_credit,2020,arima,15.1635545633961,0.17540185979360068
ZMB-fed(KEN+TZA+UGA),2017,3,private_credit,2020,chronos,15.1635545633961,0.2867883585621165
ZMB-fed(KEN+TZA+UGA),2017,3,private_credit,2020,xgb_blind,15.1635545633961,0.8705793477367116
ZMB-fed(KEN+TZA+UGA),2017,3,private_credit,2020,xgb_lag,15.1635545633961,0.20600069987071024
ZMB-fed(KEN+TZA+UGA),2017,3,private_credit,2020,xgb_typed,15.1635545633961,0.22642670644032492
ZMB-fed(KEN+TZA+UGA),2017,3,private_credit,2020,lgbm_blind,15.1635545633961,0.8018225382496169
ZMB-fed(KEN+TZA+UGA),2017,3,private_credit,2020,lgbm_lag,15.1635545633961,0.8018225382496169
ZMB-fed(KEN+TZA+UGA),2017,3,private_credit,2020,lgbm_typed,15.1635545633961,0.8018225382496169
ZMB-fed(KEN+TZA+UGA),2017,3,private_credit,2020,tft,15.1635545633961,0.07378615366709695
ZMB-fed(KEN+TZA+UGA),2017,3,private_credit,2020,tgcn,15.1635545633961,
ZMB-fed(KEN+TZA+UGA),2017,3,private_credit,2020,persistence_scarcity,15.1635545633961,0.4705175546432834
ZMB-fed(KEN+TZA+UGA),2017,3,private_credit,2020,chronos_scarcity,15.1635545633961,0.23606020971251596
ZMB-fed(KEN+TZA+UGA),2017,3,private_credit,2020,gnn_scarcity,15.1635545633961,1.4597345448802663
ZMB-fed(KEN+TZA+UGA),2017,5,private_credit,2022,persistence,12.9750888260207,1.9309217177929998
ZMB-fed(KEN+TZA+UGA),2017,5,private_credit,2022,arima,12.9750888260207,2.0126051880424267
ZMB-fed(KEN+TZA+UGA),2017,5,private_credit,2022,chronos,12.9750888260207,1.8492977706589873
ZMB-fed(KEN+TZA+UGA),2017,5,private_credit,2022,xgb_blind,12.9750888260207,1.767604121366995
ZMB-fed(KEN+TZA+UGA),2017,5,private_credit,2022,xgb_lag,12.9750888260207,1.9109346954026396
ZMB-fed(KEN+TZA+UGA),2017,5,private_credit,2022,xgb_typed,12.9750888260207,1.9831736175217802
ZMB-fed(KEN+TZA+UGA),2017,5,private_credit,2022,lgbm_blind,12.9750888260207,1.4447973898526865
ZMB-fed(KEN+TZA+UGA),2017,5,private_credit,2022,lgbm_lag,12.9750888260207,1.4447973898526865
ZMB-fed(KEN+TZA+UGA),2017,5,private_credit,2022,lgbm_typed,12.9750888260207,1.4447973898526865
ZMB-fed(KEN+TZA+UGA),2017,5,private_credit,2022,tft,12.9750888260207,2.13736177364971
ZMB-fed(KEN+TZA+UGA),2017,5,private_credit,2022,tgcn,12.9750888260207,
ZMB-fed(KEN+TZA+UGA),2017,5,private_credit,2022,persistence_scarcity,12.9750888260207,1.3296323262753607
ZMB-fed(KEN+TZA+UGA),2017,5,private_credit,2022,chronos_scarcity,12.9750888260207,2.1506912874355333
ZMB-fed(KEN+TZA+UGA),2017,5,private_credit,2022,gnn_scarcity,12.9750888260207,1.970221766630667
ZMB-fed(KEN+TZA+UGA),2017,1,govt_consumption,2018,persistence,12.7086519245005,1.0121433177715993
ZMB-fed(KEN+TZA+UGA),2017,1,govt_consumption,2018,arima,12.7086519245005,0.715047623684816
ZMB-fed(KEN+TZA+UGA),2017,1,govt_consumption,2018,chronos,12.7086519245005,0.24502697027686793
ZMB-fed(KEN+TZA+UGA),2017,1,govt_consumption,2018,xgb_blind,12.7086519245005,0.9608121868276243
ZMB-fed(KEN+TZA+UGA),2017,1,govt_consumption,2018,xgb_lag,12.7086519245005,0.715047623684816
ZMB-fed(KEN+TZA+UGA),2017,1,govt_consumption,2018,xgb_typed,12.7086519245005,0.715047623684816
ZMB-fed(KEN+TZA+UGA),2017,1,govt_consumption,2018,lgbm_blind,12.7086519245005,2.838387553264335
ZMB-fed(KEN+TZA+UGA),2017,1,govt_consumption,2018,lgbm_lag,12.7086519245005,0.715047623684816
ZMB-fed(KEN+TZA+UGA),2017,1,govt_consumption,2018,lgbm_typed,12.7086519245005,0.715047623684816
ZMB-fed(KEN+TZA+UGA),2017,1,govt_consumption,2018,tft,12.7086519245005,0.8858896251821164
ZMB-fed(KEN+TZA+UGA),2017,1,govt_consumption,2018,tgcn,12.7086519245005,
ZMB-fed(KEN+TZA+UGA),2017,1,govt_consumption,2018,persistence_scarcity,12.7086519245005,1.0121433177715993
ZMB-fed(KEN+TZA+UGA),2017,1,govt_consumption,2018,chronos_scarcity,12.7086519245005,0.24502697027686793
ZMB-fed(KEN+TZA+UGA),2017,1,govt_consumption,2018,gnn_scarcity,12.7086519245005,2.7826427463388796
ZMB-fed(KEN+TZA+UGA),2017,3,govt_consumption,2020,persistence,14.6896417176015,0.9688464753293999
ZMB-fed(KEN+TZA+UGA),2017,3,govt_consumption,2020,arima,14.6896417176015,1.308228978097702
ZMB-fed(KEN+TZA+UGA),2017,3,govt_consumption,2020,chronos,14.6896417176015,3.48678470008441
ZMB-fed(KEN+TZA+UGA),2017,3,govt_consumption,2020,xgb_blind,14.6896417176015,0.2621633971445938
ZMB-fed(KEN+TZA+UGA),2017,3,govt_consumption,2020,xgb_lag,14.6896417176015,1.308228978097702
ZMB-fed(KEN+TZA+UGA),2017,3,govt_consumption,2020,xgb_typed,14.6896417176015,1.308228978097702
ZMB-fed(KEN+TZA+UGA),2017,3,govt_consumption,2020,lgbm_blind,14.6896417176015,4.722046159434996
ZMB-fed(KEN+TZA+UGA),2017,3,govt_consumption,2020,lgbm_lag,14.6896417176015,1.308228978097702
ZMB-fed(KEN+TZA+UGA),2017,3,govt_consumption,2020,lgbm_typed,14.6896417176015,1.308228978097702
ZMB-fed(KEN+TZA+UGA),2017,3,govt_consumption,2020,tft,14.6896417176015,0.9326331650502304
ZMB-fed(KEN+TZA+UGA),2017,3,govt_consumption,2020,tgcn,14.6896417176015,
ZMB-fed(KEN+TZA+UGA),2017,3,govt_consumption,2020,persistence_scarcity,14.6896417176015,0.9688464753293999
ZMB-fed(KEN+TZA+UGA),2017,3,govt_consumption,2020,chronos_scarcity,14.6896417176015,3.48678470008441
ZMB-fed(KEN+TZA+UGA),2017,3,govt_consumption,2020,gnn_scarcity,14.6896417176015,4.202965501476012
ZMB-fed(KEN+TZA+UGA),2017,5,govt_consumption,2022,persistence,14.4528290197612,0.7320337774891001
ZMB-fed(KEN+TZA+UGA),2017,5,govt_consumption,2022,arima,14.4528290197612,1.0720915280889471
ZMB-fed(KEN+TZA+UGA),2017,5,govt_consumption,2022,chronos,14.4528290197612,3.9343925878764345
ZMB-fed(KEN+TZA+UGA),2017,5,govt_consumption,2022,xgb_blind,14.4528290197612,3.0103184149028017
ZMB-fed(KEN+TZA+UGA),2017,5,govt_consumption,2022,xgb_lag,14.4528290197612,1.0720915280889471
ZMB-fed(KEN+TZA+UGA),2017,5,govt_consumption,2022,xgb_typed,14.4528290197612,1.0720915280889471
ZMB-fed(KEN+TZA+UGA),2017,5,govt_consumption,2022,lgbm_blind,14.4528290197612,4.37097511171995
ZMB-fed(KEN+TZA+UGA),2017,5,govt_consumption,2022,lgbm_lag,14.4528290197612,1.0720915280889471
ZMB-fed(KEN+TZA+UGA),2017,5,govt_consumption,2022,lgbm_typed,14.4528290197612,1.0720915280889471
ZMB-fed(KEN+TZA+UGA),2017,5,govt_consumption,2022,tft,14.4528290197612,0.6126362249613955
ZMB-fed(KEN+TZA+UGA),2017,5,govt_consumption,2022,tgcn,14.4528290197612,
ZMB-fed(KEN+TZA+UGA),2017,5,govt_consumption,2022,persistence_scarcity,14.4528290197612,0.7320337774891001
ZMB-fed(KEN+TZA+UGA),2017,5,govt_consumption,2022,chronos_scarcity,14.4528290197612,3.9343925878764345
ZMB-fed(KEN+TZA+UGA),2017,5,govt_consumption,2022,gnn_scarcity,14.4528290197612,3.332194940781708
ZMB-fed(KEN+TZA+UGA),2018,1,gdp_growth,2019,persistence,1.44130602603785,2.5931878706338
ZMB-fed(KEN+TZA+UGA),2018,1,gdp_growth,2019,arima,1.44130602603785,2.299740817321438
ZMB-fed(KEN+TZA+UGA),2018,1,gdp_growth,2019,chronos,1.44130602603785,2.4785509991086343
ZMB-fed(KEN+TZA+UGA),2018,1,gdp_growth,2019,xgb_blind,1.44130602603785,1.7149542259610513
ZMB-fed(KEN+TZA+UGA),2018,1,gdp_growth,2019,xgb_lag,1.44130602603785,2.299740817321438
ZMB-fed(KEN+TZA+UGA),2018,1,gdp_growth,2019,xgb_typed,1.44130602603785,2.299740817321438
ZMB-fed(KEN+TZA+UGA),2018,1,gdp_growth,2019,lgbm_blind,1.44130602603785,3.1742118455495545
ZMB-fed(KEN+TZA+UGA),2018,1,gdp_growth,2019,lgbm_lag,1.44130602603785,2.299740817321438
ZMB-fed(KEN+TZA+UGA),2018,1,gdp_growth,2019,lgbm_typed,1.44130602603785,2.299740817321438
ZMB-fed(KEN+TZA+UGA),2018,1,gdp_growth,2019,tft,1.44130602603785,2.7707105564511636
ZMB-fed(KEN+TZA+UGA),2018,1,gdp_growth,2019,tgcn,1.44130602603785,
ZMB-fed(KEN+TZA+UGA),2018,1,gdp_growth,2019,persistence_scarcity,1.44130602603785,2.5931878706338
ZMB-fed(KEN+TZA+UGA),2018,1,gdp_growth,2019,chronos_scarcity,1.44130602603785,2.4785509991086343
ZMB-fed(KEN+TZA+UGA),2018,1,gdp_growth,2019,gnn_scarcity,1.44130602603785,3.2255583691037515
ZMB-fed(KEN+TZA+UGA),2018,3,gdp_growth,2021,persistence,6.23492204726448,2.2004281505928303
ZMB-fed(KEN+TZA+UGA),2018,3,gdp_growth,2021,arima,6.23492204726448,2.422250348006076
ZMB-fed(KEN+TZA+UGA),2018,3,gdp_growth,2021,chronos,6.23492204726448,2.4871548372577665
ZMB-fed(KEN+TZA+UGA),2018,3,gdp_growth,2021,xgb_blind,6.23492204726448,3.1717811781238554
ZMB-fed(KEN+TZA+UGA),2018,3,gdp_growth,2021,xgb_lag,6.23492204726448,2.422250348006076
ZMB-fed(KEN+TZA+UGA),2018,3,gdp_growth,2021,xgb_typed,6.23492204726448,2.422250348006076
ZMB-fed(KEN+TZA+UGA),2018,3,gdp_growth,2021,lgbm_blind,6.23492204726448,1.1964006623008583
ZMB-fed(KEN+TZA+UGA),2018,3,gdp_growth,2021,lgbm_lag,6.23492204726448,2.422250348006076
ZMB-fed(KEN+TZA+UGA),2018,3,gdp_growth,2021,lgbm_typed,6.23492204726448,2.422250348006076
ZMB-fed(KEN+TZA+UGA),2018,3,gdp_growth,2021,tft,6.23492204726448,1.605108852989578
ZMB-fed(KEN+TZA+UGA),2018,3,gdp_growth,2021,tgcn,6.23492204726448,
ZMB-fed(KEN+TZA+UGA),2018,3,gdp_growth,2021,persistence_scarcity,6.23492204726448,2.2004281505928303
ZMB-fed(KEN+TZA+UGA),2018,3,gdp_growth,2021,chronos_scarcity,6.23492204726448,2.4871548372577665
ZMB-fed(KEN+TZA+UGA),2018,3,gdp_growth,2021,gnn_scarcity,6.23492204726448,0.7118316847156523
ZMB-fed(KEN+TZA+UGA),2018,5,gdp_growth,2023,persistence,5.36794285493059,1.3334489582589395
ZMB-fed(KEN+TZA+UGA),2018,5,gdp_growth,2023,arima,5.36794285493059,1.5314305435942326
ZMB-fed(KEN+TZA+UGA),2018,5,gdp_growth,2023,chronos,5.36794285493059,1.2186308355824451
ZMB-fed(KEN+TZA+UGA),2018,5,gdp_growth,2023,xgb_blind,5.36794285493059,1.4722772093312244
ZMB-fed(KEN+TZA+UGA),2018,5,gdp_growth,2023,xgb_lag,5.36794285493059,1.5314305435942326
ZMB-fed(KEN+TZA+UGA),2018,5,gdp_growth,2023,xgb_typed,5.36794285493059,1.5314305435942326
ZMB-fed(KEN+TZA+UGA),2018,5,gdp_growth,2023,lgbm_blind,5.36794285493059,0.16662895538446332
ZMB-fed(KEN+TZA+UGA),2018,5,gdp_growth,2023,lgbm_lag,5.36794285493059,1.5314305435942326
ZMB-fed(KEN+TZA+UGA),2018,5,gdp_growth,2023,lgbm_typed,5.36794285493059,1.5314305435942326
ZMB-fed(KEN+TZA+UGA),2018,5,gdp_growth,2023,tft,5.36794285493059,0.4500117750660877
ZMB-fed(KEN+TZA+UGA),2018,5,gdp_growth,2023,tgcn,5.36794285493059,
ZMB-fed(KEN+TZA+UGA),2018,5,gdp_growth,2023,persistence_scarcity,5.36794285493059,1.3334489582589395
ZMB-fed(KEN+TZA+UGA),2018,5,gdp_growth,2023,chronos_scarcity,5.36794285493059,1.2186308355824451
ZMB-fed(KEN+TZA+UGA),2018,5,gdp_growth,2023,gnn_scarcity,5.36794285493059,1.082214310596754
ZMB-fed(KEN+TZA+UGA),2018,1,inflation_cpi,2019,persistence,9.15031644316296,1.6557445158777604
ZMB-fed(KEN+TZA+UGA),2018,1,inflation_cpi,2019,arima,9.15031644316296,1.639159274736171
ZMB-fed(KEN+TZA+UGA),2018,1,inflation_cpi,2019,chronos,9.15031644316296,1.466282095628781
ZMB-fed(KEN+TZA+UGA),2018,1,inflation_cpi,2019,xgb_blind,9.15031644316296,2.0765159466685823
ZMB-fed(KEN+TZA+UGA),2018,1,inflation_cpi,2019,xgb_lag,9.15031644316296,1.639159274736171
ZMB-fed(KEN+TZA+UGA),2018,1,inflation_cpi,2019,xgb_typed,9.15031644316296,1.639159274736171
ZMB-fed(KEN+TZA+UGA),2018,1,inflation_cpi,2019,lgbm_blind,9.15031644316296,23.21192278140718
ZMB-fed(KEN+TZA+UGA),2018,1,inflation_cpi,2019,lgbm_lag,9.15031644316296,1.639159274736171
ZMB-fed(KEN+TZA+UGA),2018,1,inflation_cpi,2019,lgbm_typed,9.15031644316296,1.639159274736171
ZMB-fed(KEN+TZA+UGA),2018,1,inflation_cpi,2019,tft,9.15031644316296,1.3014161250172087
ZMB-fed(KEN+TZA+UGA),2018,1,inflation_cpi,2019,tgcn,9.15031644316296,
ZMB-fed(KEN+TZA+UGA),2018,1,inflation_cpi,2019,persistence_scarcity,9.15031644316296,1.6557445158777604
ZMB-fed(KEN+TZA+UGA),2018,1,inflation_cpi,2019,chronos_scarcity,9.15031644316296,1.466282095628781
ZMB-fed(KEN+TZA+UGA),2018,1,inflation_cpi,2019,gnn_scarcity,9.15031644316296,28.46825579194446
ZMB-fed(KEN+TZA+UGA),2018,3,inflation_cpi,2021,persistence,22.0207676245777,14.5261956972925
ZMB-fed(KEN+TZA+UGA),2018,3,inflation_cpi,2021,arima,22.0207676245777,14.509305151517946
ZMB-fed(KEN+TZA+UGA),2018,3,inflation_cpi,2021,chronos,22.0207676245777,11.519237930974185
ZMB-fed(KEN+TZA+UGA),2018,3,inflation_cpi,2021,xgb_blind,22.0207676245777,12.124490196904361
ZMB-fed(KEN+TZA+UGA),2018,3,inflation_cpi,2021,xgb_lag,22.0207676245777,14.509305151517946
ZMB-fed(KEN+TZA+UGA),2018,3,inflation_cpi,2021,xgb_typed,22.0207676245777,14.509305151517946
ZMB-fed(KEN+TZA+UGA),2018,3,inflation_cpi,2021,lgbm_blind,22.0207676245777,2.7020725378462416
ZMB-fed(KEN+TZA+UGA),2018,3,inflation_cpi,2021,lgbm_lag,22.0207676245777,14.509305151517946
ZMB-fed(KEN+TZA+UGA),2018,3,inflation_cpi,2021,lgbm_typed,22.0207676245777,14.509305151517946
ZMB-fed(KEN+TZA+UGA),2018,3,inflation_cpi,2021,tft,22.0207676245777,14.230196411809146
ZMB-fed(KEN+TZA+UGA),2018,3,inflation_cpi,2021,tgcn,22.0207676245777,
ZMB-fed(KEN+TZA+UGA),2018,3,inflation_cpi,2021,persistence_scarcity,22.0207676245777,14.5261956972925
ZMB-fed(KEN+TZA+UGA),2018,3,inflation_cpi,2021,chronos_scarcity,22.0207676245777,11.519237930974185
ZMB-fed(KEN+TZA+UGA),2018,3,inflation_cpi,2021,gnn_scarcity,22.0207676245777,25.70930058220941
ZMB-fed(KEN+TZA+UGA),2018,5,inflation_cpi,2023,persistence,10.884531691282,3.3899597639967993
ZMB-fed(KEN+TZA+UGA),2018,5,inflation_cpi,2023,arima,10.884531691282,3.373069118408191
ZMB-fed(KEN+TZA+UGA),2018,5,inflation_cpi,2023,chronos,10.884531691282,0.5110775973488941
ZMB-fed(KEN+TZA+UGA),2018,5,inflation_cpi,2023,xgb_blind,10.884531691282,1.060471251218523
ZMB-fed(KEN+TZA+UGA),2018,5,inflation_cpi,2023,xgb_lag,10.884531691282,3.373069118408191
ZMB-fed(KEN+TZA+UGA),2018,5,inflation_cpi,2023,xgb_typed,10.884531691282,3.373069118408191
ZMB-fed(KEN+TZA+UGA),2018,5,inflation_cpi,2023,lgbm_blind,10.884531691282,5.9854883009105855
ZMB-fed(KEN+TZA+UGA),2018,5,inflation_cpi,2023,lgbm_lag,10.884531691282,3.373069118408191
ZMB-fed(KEN+TZA+UGA),2018,5,inflation_cpi,2023,lgbm_typed,10.884531691282,3.373069118408191
ZMB-fed(KEN+TZA+UGA),2018,5,inflation_cpi,2023,tft,10.884531691282,3.1018816973855152
ZMB-fed(KEN+TZA+UGA),2018,5,inflation_cpi,2023,tgcn,10.884531691282,
ZMB-fed(KEN+TZA+UGA),2018,5,inflation_cpi,2023,persistence_scarcity,10.884531691282,3.3899597639967993
ZMB-fed(KEN+TZA+UGA),2018,5,inflation_cpi,2023,chronos_scarcity,10.884531691282,0.5110775973488941
ZMB-fed(KEN+TZA+UGA),2018,5,inflation_cpi,2023,gnn_scarcity,10.884531691282,47.79361467102269
ZMB-fed(KEN+TZA+UGA),2018,1,unemployment,2019,persistence,5.538,0.5060000000000002
ZMB-fed(KEN+TZA+UGA),2018,1,unemployment,2019,arima,5.538,0.3063126003504708
ZMB-fed(KEN+TZA+UGA),2018,1,unemployment,2019,chronos,5.538,0.4335616950988772
ZMB-fed(KEN+TZA+UGA),2018,1,unemployment,2019,xgb_blind,5.538,0.37116776657104467
ZMB-fed(KEN+TZA+UGA),2018,1,unemployment,2019,xgb_lag,5.538,0.3063126003504708
ZMB-fed(KEN+TZA+UGA),2018,1,unemployment,2019,xgb_typed,5.538,0.3063126003504708
ZMB-fed(KEN+TZA+UGA),2018,1,unemployment,2019,lgbm_blind,5.538,6.66400000490461
ZMB-fed(KEN+TZA+UGA),2018,1,unemployment,2019,lgbm_lag,5.538,0.3063126003504708
ZMB-fed(KEN+TZA+UGA),2018,1,unemployment,2019,lgbm_typed,5.538,0.3063126003504708
ZMB-fed(KEN+TZA+UGA),2018,1,unemployment,2019,tft,5.538,0.4365548019409182
ZMB-fed(KEN+TZA+UGA),2018,1,unemployment,2019,tgcn,5.538,
ZMB-fed(KEN+TZA+UGA),2018,1,unemployment,2019,persistence_scarcity,5.538,0.5060000000000002
ZMB-fed(KEN+TZA+UGA),2018,1,unemployment,2019,chronos_scarcity,5.538,0.4335616950988772
ZMB-fed(KEN+TZA+UGA),2018,1,unemployment,2019,gnn_scarcity,5.538,7.168270217895508
ZMB-fed(KEN+TZA+UGA),2018,3,unemployment,2021,persistence,5.197,0.16500000000000004
ZMB-fed(KEN+TZA+UGA),2018,3,unemployment,2021,arima,5.197,0.145433264503807
ZMB-fed(KEN+TZA+UGA),2018,3,unemployment,2021,chronos,5.197,0.7306103439331055
ZMB-fed(KEN+TZA+UGA),2018,3,unemployment,2021,xgb_blind,5.197,0.3657398490905761
ZMB-fed(KEN+TZA+UGA),2018,3,unemployment,2021,xgb_lag,5.197,0.145433264503807
ZMB-fed(KEN+TZA+UGA),2018,3,unemployment,2021,xgb_typed,5.197,0.145433264503807
ZMB-fed(KEN+TZA+UGA),2018,3,unemployment,2021,lgbm_blind,5.197,6.464076912513145
ZMB-fed(KEN+TZA+UGA),2018,3,unemployment,2021,lgbm_lag,5.197,0.145433264503807
ZMB-fed(KEN+TZA+UGA),2018,3,unemployment,2021,lgbm_typed,5.197,0.145433264503807
ZMB-fed(KEN+TZA+UGA),2018,3,unemployment,2021,tft,5.197,0.10424039077758795
ZMB-fed(KEN+TZA+UGA),2018,3,unemployment,2021,tgcn,5.197,
ZMB-fed(KEN+TZA+UGA),2018,3,unemployment,2021,persistence_scarcity,5.197,0.16500000000000004
ZMB-fed(KEN+TZA+UGA),2018,3,unemployment,2021,chronos_scarcity,5.197,0.7306103439331055
ZMB-fed(KEN+TZA+UGA),2018,3,unemployment,2021,gnn_scarcity,5.197,8.539749649047852
ZMB-fed(KEN+TZA+UGA),2018,5,unemployment,2023,persistence,5.861,0.8289999999999997
ZMB-fed(KEN+TZA+UGA),2018,5,unemployment,2023,arima,5.861,0.5011128198739128
ZMB-fed(KEN+TZA+UGA),2018,5,unemployment,2023,chronos,5.861,1.2123150215148923
ZMB-fed(KEN+TZA+UGA),2018,5,unemployment,2023,xgb_blind,5.861,1.258670867919922
ZMB-fed(KEN+TZA+UGA),2018,5,unemployment,2023,xgb_lag,5.861,0.5011128198739128
ZMB-fed(KEN+TZA+UGA),2018,5,unemployment,2023,xgb_typed,5.861,0.5011128198739128
ZMB-fed(KEN+TZA+UGA),2018,5,unemployment,2023,lgbm_blind,5.861,5.172291657765707
ZMB-fed(KEN+TZA+UGA),2018,5,unemployment,2023,lgbm_lag,5.861,0.5011128198739128
ZMB-fed(KEN+TZA+UGA),2018,5,unemployment,2023,lgbm_typed,5.861,0.5011128198739128
ZMB-fed(KEN+TZA+UGA),2018,5,unemployment,2023,tft,5.861,0.7685889587402341
ZMB-fed(KEN+TZA+UGA),2018,5,unemployment,2023,tgcn,5.861,
ZMB-fed(KEN+TZA+UGA),2018,5,unemployment,2023,persistence_scarcity,5.861,0.8289999999999997
ZMB-fed(KEN+TZA+UGA),2018,5,unemployment,2023,chronos_scarcity,5.861,1.2123150215148923
ZMB-fed(KEN+TZA+UGA),2018,5,unemployment,2023,gnn_scarcity,5.861,8.991486610412597
ZMB-fed(KEN+TZA+UGA),2018,1,exports_gdp,2019,persistence,34.6361926031881,3.3212119448512993
ZMB-fed(KEN+TZA+UGA),2018,1,exports_gdp,2019,arima,34.6361926031881,3.227671282962575
ZMB-fed(KEN+TZA+UGA),2018,1,exports_gdp,2019,chronos,34.6361926031881,2.506763176841197
ZMB-fed(KEN+TZA+UGA),2018,1,exports_gdp,2019,xgb_blind,34.6361926031881,3.772960381431041
ZMB-fed(KEN+TZA+UGA),2018,1,exports_gdp,2019,xgb_lag,34.6361926031881,3.227671282962575
ZMB-fed(KEN+TZA+UGA),2018,1,exports_gdp,2019,xgb_typed,34.6361926031881,3.227671282962575
ZMB-fed(KEN+TZA+UGA),2018,1,exports_gdp,2019,lgbm_blind,34.6361926031881,2.3910962602838737
ZMB-fed(KEN+TZA+UGA),2018,1,exports_gdp,2019,lgbm_lag,34.6361926031881,3.227671282962575
ZMB-fed(KEN+TZA+UGA),2018,1,exports_gdp,2019,lgbm_typed,34.6361926031881,3.227671282962575
ZMB-fed(KEN+TZA+UGA),2018,1,exports_gdp,2019,tft,34.6361926031881,2.640533165854869
ZMB-fed(KEN+TZA+UGA),2018,1,exports_gdp,2019,tgcn,34.6361926031881,
ZMB-fed(KEN+TZA+UGA),2018,1,exports_gdp,2019,persistence_scarcity,34.6361926031881,3.3212119448512993
ZMB-fed(KEN+TZA+UGA),2018,1,exports_gdp,2019,chronos_scarcity,34.6361926031881,2.506763176841197
ZMB-fed(KEN+TZA+UGA),2018,1,exports_gdp,2019,gnn_scarcity,34.6361926031881,2.073192877846303
ZMB-fed(KEN+TZA+UGA),2018,3,exports_gdp,2021,persistence,52.2160900183192,14.2586854702798
ZMB-fed(KEN+TZA+UGA),2018,3,exports_gdp,2021,arima,52.2160900183192,14.349367762603727
ZMB-fed(KEN+TZA+UGA),2018,3,exports_gdp,2021,chronos,52.2160900183192,19.568152243660997
ZMB-fed(KEN+TZA+UGA),2018,3,exports_gdp,2021,xgb_blind,52.2160900183192,17.70767479615123
ZMB-fed(KEN+TZA+UGA),2018,3,exports_gdp,2021,xgb_lag,52.2160900183192,14.349367762603727
ZMB-fed(KEN+TZA+UGA),2018,3,exports_gdp,2021,xgb_typed,52.2160900183192,14.349367762603727
ZMB-fed(KEN+TZA+UGA),2018,3,exports_gdp,2021,lgbm_blind,52.2160900183192,20.02524731648063
ZMB-fed(KEN+TZA+UGA),2018,3,exports_gdp,2021,lgbm_lag,52.2160900183192,14.349367762603727
ZMB-fed(KEN+TZA+UGA),2018,3,exports_gdp,2021,lgbm_typed,52.2160900183192,14.349367762603727
ZMB-fed(KEN+TZA+UGA),2018,3,exports_gdp,2021,tft,52.2160900183192,14.042868430184434
ZMB-fed(KEN+TZA+UGA),2018,3,exports_gdp,2021,tgcn,52.2160900183192,
ZMB-fed(KEN+TZA+UGA),2018,3,exports_gdp,2021,persistence_scarcity,52.2160900183192,14.2586854702798
ZMB-fed(KEN+TZA+UGA),2018,3,exports_gdp,2021,chronos_scarcity,52.2160900183192,19.568152243660997
ZMB-fed(KEN+TZA+UGA),2018,3,exports_gdp,2021,gnn_scarcity,52.2160900183192,18.546164328621934
ZMB-fed(KEN+TZA+UGA),2018,5,exports_gdp,2023,persistence,40.8461239686718,2.8887194206323983
ZMB-fed(KEN+TZA+UGA),2018,5,exports_gdp,2023,arima,40.8461239686718,2.9793988671677027
ZMB-fed(KEN+TZA+UGA),2018,5,exports_gdp,2023,chronos,40.8461239686718,8.671342169355391
ZMB-fed(KEN+TZA+UGA),2018,5,exports_gdp,2023,xgb_blind,40.8461239686718,3.7003529420604693
ZMB-fed(KEN+TZA+UGA),2018,5,exports_gdp,2023,xgb_lag,40.8461239686718,2.9793988671677027
ZMB-fed(KEN+TZA+UGA),2018,5,exports_gdp,2023,xgb_typed,40.8461239686718,2.9793988671677027
ZMB-fed(KEN+TZA+UGA),2018,5,exports_gdp,2023,lgbm_blind,40.8461239686718,8.718577181409835
ZMB-fed(KEN+TZA+UGA),2018,5,exports_gdp,2023,lgbm_lag,40.8461239686718,2.9793988671677027
ZMB-fed(KEN+TZA+UGA),2018,5,exports_gdp,2023,lgbm_typed,40.8461239686718,2.9793988671677027
ZMB-fed(KEN+TZA+UGA),2018,5,exports_gdp,2023,tft,40.8461239686718,2.5989506593456255
ZMB-fed(KEN+TZA+UGA),2018,5,exports_gdp,2023,tgcn,40.8461239686718,
ZMB-fed(KEN+TZA+UGA),2018,5,exports_gdp,2023,persistence_scarcity,40.8461239686718,2.8887194206323983
ZMB-fed(KEN+TZA+UGA),2018,5,exports_gdp,2023,chronos_scarcity,40.8461239686718,8.671342169355391
ZMB-fed(KEN+TZA+UGA),2018,5,exports_gdp,2023,gnn_scarcity,40.8461239686718,5.977685247968672
ZMB-fed(KEN+TZA+UGA),2018,1,imports_gdp,2019,persistence,34.1550123329079,2.775952646519201
ZMB-fed(KEN+TZA+UGA),2018,1,imports_gdp,2019,arima,34.1550123329079,2.7514806275646393
ZMB-fed(KEN+TZA+UGA),2018,1,imports_gdp,2019,chronos,34.1550123329079,2.6064851646506924
ZMB-fed(KEN+TZA+UGA),2018,1,imports_gdp,2019,xgb_blind,34.1550123329079,2.9861238365256924
ZMB-fed(KEN+TZA+UGA),2018,1,imports_gdp,2019,xgb_lag,34.1550123329079,2.7514806275646393
ZMB-fed(KEN+TZA+UGA),2018,1,imports_gdp,2019,xgb_typed,34.1550123329079,2.7514806275646393
ZMB-fed(KEN+TZA+UGA),2018,1,imports_gdp,2019,lgbm_blind,34.1550123329079,0.33452756283097074
ZMB-fed(KEN+TZA+UGA),2018,1,imports_gdp,2019,lgbm_lag,34.1550123329079,2.7514806275646393
ZMB-fed(KEN+TZA+UGA),2018,1,imports_gdp,2019,lgbm_typed,34.1550123329079,2.7514806275646393
ZMB-fed(KEN+TZA+UGA),2018,1,imports_gdp,2019,tft,34.1550123329079,2.9180658226096767
ZMB-fed(KEN+TZA+UGA),2018,1,imports_gdp,2019,tgcn,34.1550123329079,
ZMB-fed(KEN+TZA+UGA),2018,1,imports_gdp,2019,persistence_scarcity,34.1550123329079,2.775952646519201
ZMB-fed(KEN+TZA+UGA),2018,1,imports_gdp,2019,chronos_scarcity,34.1550123329079,2.6064851646506924
ZMB-fed(KEN+TZA+UGA),2018,1,imports_gdp,2019,gnn_scarcity,34.1550123329079,0.5381868248069424
ZMB-fed(KEN+TZA+UGA),2018,3,imports_gdp,2021,persistence,33.9924211751453,2.9385438042817995
ZMB-fed(KEN+TZA+UGA),2018,3,imports_gdp,2021,arima,33.9924211751453,2.9157147597314435
ZMB-fed(KEN+TZA+UGA),2018,3,imports_gdp,2021,chronos,33.9924211751453,0.7478284586437596
ZMB-fed(KEN+TZA+UGA),2018,3,imports_gdp,2021,xgb_blind,33.9924211751453,3.552714322901572
ZMB-fed(KEN+TZA+UGA),2018,3,imports_gdp,2021,xgb_lag,33.9924211751453,2.9157147597314435
ZMB-fed(KEN+TZA+UGA),2018,3,imports_gdp,2021,xgb_typed,33.9924211751453,2.9157147597314435
ZMB-fed(KEN+TZA+UGA),2018,3,imports_gdp,2021,lgbm_blind,33.9924211751453,0.557837241250617
ZMB-fed(KEN+TZA+UGA),2018,3,imports_gdp,2021,lgbm_lag,33.9924211751453,2.9157147597314435
ZMB-fed(KEN+TZA+UGA),2018,3,imports_gdp,2021,lgbm_typed,33.9924211751453,2.9157147597314435
ZMB-fed(KEN+TZA+UGA),2018,3,imports_gdp,2021,tft,33.9924211751453,3.0565862406261814
ZMB-fed(KEN+TZA+UGA),2018,3,imports_gdp,2021,tgcn,33.9924211751453,
ZMB-fed(KEN+TZA+UGA),2018,3,imports_gdp,2021,persistence_scarcity,33.9924211751453,2.9385438042817995
ZMB-fed(KEN+TZA+UGA),2018,3,imports_gdp,2021,chronos_scarcity,33.9924211751453,0.7478284586437596
ZMB-fed(KEN+TZA+UGA),2018,3,imports_gdp,2021,gnn_scarcity,33.9924211751453,1.5712957132824314
ZMB-fed(KEN+TZA+UGA),2018,5,imports_gdp,2023,persistence,37.3957630764767,0.46479809704959507
ZMB-fed(KEN+TZA+UGA),2018,5,imports_gdp,2023,arima,37.3957630764767,0.48761853547001266
ZMB-fed(KEN+TZA+UGA),2018,5,imports_gdp,2023,chronos,37.3957630764767,4.676780379943494
ZMB-fed(KEN+TZA+UGA),2018,5,imports_gdp,2023,xgb_blind,37.3957630764767,1.2611729275509163
ZMB-fed(KEN+TZA+UGA),2018,5,imports_gdp,2023,xgb_lag,37.3957630764767,0.48761853547001266
ZMB-fed(KEN+TZA+UGA),2018,5,imports_gdp,2023,xgb_typed,37.3957630764767,0.48761853547001266
ZMB-fed(KEN+TZA+UGA),2018,5,imports_gdp,2023,lgbm_blind,37.3957630764767,2.774666385980886
ZMB-fed(KEN+TZA+UGA),2018,5,imports_gdp,2023,lgbm_lag,37.3957630764767,0.48761853547001266
ZMB-fed(KEN+TZA+UGA),2018,5,imports_gdp,2023,lgbm_typed,37.3957630764767,0.48761853547001266
ZMB-fed(KEN+TZA+UGA),2018,5,imports_gdp,2023,tft,37.3957630764767,0.3503643643184944
ZMB-fed(KEN+TZA+UGA),2018,5,imports_gdp,2023,tgcn,37.3957630764767,
ZMB-fed(KEN+TZA+UGA),2018,5,imports_gdp,2023,persistence_scarcity,37.3957630764767,0.46479809704959507
ZMB-fed(KEN+TZA+UGA),2018,5,imports_gdp,2023,chronos_scarcity,37.3957630764767,4.676780379943494
ZMB-fed(KEN+TZA+UGA),2018,5,imports_gdp,2023,gnn_scarcity,37.3957630764767,0.8895069729610725
ZMB-fed(KEN+TZA+UGA),2018,1,current_account,2019,persistence,0.603690808802682,1.904857584343802
ZMB-fed(KEN+TZA+UGA),2018,1,current_account,2019,arima,0.603690808802682,1.977768041984653
ZMB-fed(KEN+TZA+UGA),2018,1,current_account,2019,chronos,0.603690808802682,2.372126287013131
ZMB-fed(KEN+TZA+UGA),2018,1,current_account,2019,xgb_blind,0.603690808802682,2.5810328183470546
ZMB-fed(KEN+TZA+UGA),2018,1,current_account,2019,xgb_lag,0.603690808802682,1.977768041984653
ZMB-fed(KEN+TZA+UGA),2018,1,current_account,2019,xgb_typed,0.603690808802682,1.977768041984653
ZMB-fed(KEN+TZA+UGA),2018,1,current_account,2019,lgbm_blind,0.603690808802682,6.005639230996209
ZMB-fed(KEN+TZA+UGA),2018,1,current_account,2019,lgbm_lag,0.603690808802682,1.977768041984653
ZMB-fed(KEN+TZA+UGA),2018,1,current_account,2019,lgbm_typed,0.603690808802682,1.977768041984653
ZMB-fed(KEN+TZA+UGA),2018,1,current_account,2019,tft,0.603690808802682,1.4522149024306117
ZMB-fed(KEN+TZA+UGA),2018,1,current_account,2019,tgcn,0.603690808802682,
ZMB-fed(KEN+TZA+UGA),2018,1,current_account,2019,persistence_scarcity,0.603690808802682,1.904857584343802
ZMB-fed(KEN+TZA+UGA),2018,1,current_account,2019,chronos_scarcity,0.603690808802682,2.372126287013131
ZMB-fed(KEN+TZA+UGA),2018,1,current_account,2019,gnn_scarcity,0.603690808802682,5.998675054102975
ZMB-fed(KEN+TZA+UGA),2018,3,current_account,2021,persistence,11.9003513535048,13.201518129045919
ZMB-fed(KEN+TZA+UGA),2018,3,current_account,2021,arima,11.9003513535048,13.263125761146162
ZMB-fed(KEN+TZA+UGA),2018,3,current_account,2021,chronos,11.9003513535048,13.868446656086586
ZMB-fed(KEN+TZA+UGA),2018,3,current_account,2021,xgb_blind,11.9003513535048,16.12876112065568
ZMB-fed(KEN+TZA+UGA),2018,3,current_account,2021,xgb_lag,11.9003513535048,13.263125761146162
ZMB-fed(KEN+TZA+UGA),2018,3,current_account,2021,xgb_typed,11.9003513535048,13.263125761146162
ZMB-fed(KEN+TZA+UGA),2018,3,current_account,2021,lgbm_blind,11.9003513535048,17.021454901591405
ZMB-fed(KEN+TZA+UGA),2018,3,current_account,2021,lgbm_lag,11.9003513535048,13.263125761146162
ZMB-fed(KEN+TZA+UGA),2018,3,current_account,2021,lgbm_typed,11.9003513535048,13.263125761146162
ZMB-fed(KEN+TZA+UGA),2018,3,current_account,2021,tft,11.9003513535048,10.991749354221962
ZMB-fed(KEN+TZA+UGA),2018,3,current_account,2021,tgcn,11.9003513535048,
ZMB-fed(KEN+TZA+UGA),2018,3,current_account,2021,persistence_scarcity,11.9003513535048,13.201518129045919
ZMB-fed(KEN+TZA+UGA),2018,3,current_account,2021,chronos_scarcity,11.9003513535048,13.868446656086586
ZMB-fed(KEN+TZA+UGA),2018,3,current_account,2021,gnn_scarcity,11.9003513535048,15.621299811222695
ZMB-fed(KEN+TZA+UGA),2018,5,current_account,2023,persistence,-3.03751016927581,1.73634339373469
ZMB-fed(KEN+TZA+UGA),2018,5,current_account,2023,arima,-3.03751016927581,1.675151636093038
ZMB-fed(KEN+TZA+UGA),2018,5,current_account,2023,chronos,-3.03751016927581,0.6986167557321088
ZMB-fed(KEN+TZA+UGA),2018,5,current_account,2023,xgb_blind,-3.03751016927581,1.207031858690788
ZMB-fed(KEN+TZA+UGA),2018,5,current_account,2023,xgb_lag,-3.03751016927581,1.675151636093038
ZMB-fed(KEN+TZA+UGA),2018,5,current_account,2023,xgb_typed,-3.03751016927581,1.675151636093038
ZMB-fed(KEN+TZA+UGA),2018,5,current_account,2023,lgbm_blind,-3.03751016927581,1.7559410256860555
ZMB-fed(KEN+TZA+UGA),2018,5,current_account,2023,lgbm_lag,-3.03751016927581,1.675151636093038
ZMB-fed(KEN+TZA+UGA),2018,5,current_account,2023,lgbm_typed,-3.03751016927581,1.675151636093038
ZMB-fed(KEN+TZA+UGA),2018,5,current_account,2023,tft,-3.03751016927581,5.246841920145561
ZMB-fed(KEN+TZA+UGA),2018,5,current_account,2023,tgcn,-3.03751016927581,
ZMB-fed(KEN+TZA+UGA),2018,5,current_account,2023,persistence_scarcity,-3.03751016927581,1.73634339373469
ZMB-fed(KEN+TZA+UGA),2018,5,current_account,2023,chronos_scarcity,-3.03751016927581,0.6986167557321088
ZMB-fed(KEN+TZA+UGA),2018,5,current_account,2023,gnn_scarcity,-3.03751016927581,1.1291012890420453
ZMB-fed(KEN+TZA+UGA),2018,1,real_interest_rate,2019,persistence,2.46967432530594,0.2538090351718201
ZMB-fed(KEN+TZA+UGA),2018,1,real_interest_rate,2019,arima,2.46967432530594,0.2762169842715161
ZMB-fed(KEN+TZA+UGA),2018,1,real_interest_rate,2019,chronos,2.46967432530594,0.3799336191825855
ZMB-fed(KEN+TZA+UGA),2018,1,real_interest_rate,2019,xgb_blind,2.46967432530594,2.372439169567107
ZMB-fed(KEN+TZA+UGA),2018,1,real_interest_rate,2019,xgb_lag,2.46967432530594,0.2762169842715161
ZMB-fed(KEN+TZA+UGA),2018,1,real_interest_rate,2019,xgb_typed,2.46967432530594,0.2762169842715161
ZMB-fed(KEN+TZA+UGA),2018,1,real_interest_rate,2019,lgbm_blind,2.46967432530594,2.9448725795134125
ZMB-fed(KEN+TZA+UGA),2018,1,real_interest_rate,2019,lgbm_lag,2.46967432530594,0.2762169842715161
ZMB-fed(KEN+TZA+UGA),2018,1,real_interest_rate,2019,lgbm_typed,2.46967432530594,0.2762169842715161
ZMB-fed(KEN+TZA+UGA),2018,1,real_interest_rate,2019,tft,2.46967432530594,0.1927578213996899
ZMB-fed(KEN+TZA+UGA),2018,1,real_interest_rate,2019,tgcn,2.46967432530594,
ZMB-fed(KEN+TZA+UGA),2018,1,real_interest_rate,2019,persistence_scarcity,2.46967432530594,0.2538090351718201
ZMB-fed(KEN+TZA+UGA),2018,1,real_interest_rate,2019,chronos_scarcity,2.46967432530594,0.3799336191825855
ZMB-fed(KEN+TZA+UGA),2018,1,real_interest_rate,2019,gnn_scarcity,2.46967432530594,2.47581603495407
ZMB-fed(KEN+TZA+UGA),2018,3,real_interest_rate,2021,persistence,-3.89303245264567,6.10889774277979
ZMB-fed(KEN+TZA+UGA),2018,3,real_interest_rate,2021,arima,-3.89303245264567,6.089799568301151
ZMB-fed(KEN+TZA+UGA),2018,3,real_interest_rate,2021,chronos,-3.89303245264567,7.194958827081095
ZMB-fed(KEN+TZA+UGA),2018,3,real_interest_rate,2021,xgb_blind,-3.89303245264567,6.087842366280924
ZMB-fed(KEN+TZA+UGA),2018,3,real_interest_rate,2021,xgb_lag,-3.89303245264567,6.089799568301151
ZMB-fed(KEN+TZA+UGA),2018,3,real_interest_rate,2021,xgb_typed,-3.89303245264567,6.089799568301151
ZMB-fed(KEN+TZA+UGA),2018,3,real_interest_rate,2021,lgbm_blind,-3.89303245264567,12.322703526981062
ZMB-fed(KEN+TZA+UGA),2018,3,real_interest_rate,2021,lgbm_lag,-3.89303245264567,6.089799568301151
ZMB-fed(KEN+TZA+UGA),2018,3,real_interest_rate,2021,lgbm_typed,-3.89303245264567,6.089799568301151
ZMB-fed(KEN+TZA+UGA),2018,3,real_interest_rate,2021,tft,-3.89303245264567,6.158451458993326
ZMB-fed(KEN+TZA+UGA),2018,3,real_interest_rate,2021,tgcn,-3.89303245264567,
ZMB-fed(KEN+TZA+UGA),2018,3,real_interest_rate,2021,persistence_scarcity,-3.89303245264567,6.10889774277979
ZMB-fed(KEN+TZA+UGA),2018,3,real_interest_rate,2021,chronos_scarcity,-3.89303245264567,7.194958827081095
ZMB-fed(KEN+TZA+UGA),2018,3,real_interest_rate,2021,gnn_scarcity,-3.89303245264567,12.264521977486979
ZMB-fed(KEN+TZA+UGA),2018,5,real_interest_rate,2023,persistence,-3.89303245264567,6.10889774277979
ZMB-fed(KEN+TZA+UGA),2018,5,real_interest_rate,2023,arima,-3.89303245264567,6.089907001328873
ZMB-fed(KEN+TZA+UGA),2018,5,real_interest_rate,2023,chronos,-3.89303245264567,8.144830128732096
ZMB-fed(KEN+TZA+UGA),2018,5,real_interest_rate,2023,xgb_blind,-3.89303245264567,10.8510536165861
ZMB-fed(KEN+TZA+UGA),2018,5,real_interest_rate,2023,xgb_lag,-3.89303245264567,6.089907001328873
ZMB-fed(KEN+TZA+UGA),2018,5,real_interest_rate,2023,xgb_typed,-3.89303245264567,6.089907001328873
ZMB-fed(KEN+TZA+UGA),2018,5,real_interest_rate,2023,lgbm_blind,-3.89303245264567,13.778944441361
ZMB-fed(KEN+TZA+UGA),2018,5,real_interest_rate,2023,lgbm_lag,-3.89303245264567,6.089907001328873
ZMB-fed(KEN+TZA+UGA),2018,5,real_interest_rate,2023,lgbm_typed,-3.89303245264567,6.089907001328873
ZMB-fed(KEN+TZA+UGA),2018,5,real_interest_rate,2023,tft,-3.89303245264567,6.1515385122922766
ZMB-fed(KEN+TZA+UGA),2018,5,real_interest_rate,2023,tgcn,-3.89303245264567,
ZMB-fed(KEN+TZA+UGA),2018,5,real_interest_rate,2023,persistence_scarcity,-3.89303245264567,6.10889774277979
ZMB-fed(KEN+TZA+UGA),2018,5,real_interest_rate,2023,chronos_scarcity,-3.89303245264567,8.144830128732096
ZMB-fed(KEN+TZA+UGA),2018,5,real_interest_rate,2023,gnn_scarcity,-3.89303245264567,15.97397556025065
ZMB-fed(KEN+TZA+UGA),2018,1,broad_money,2019,persistence,23.5980964890188,0.7046026989256013
ZMB-fed(KEN+TZA+UGA),2018,1,broad_money,2019,arima,23.5980964890188,0.9499940501819601
ZMB-fed(KEN+TZA+UGA),2018,1,broad_money,2019,chronos,23.5980964890188,0.49655496985376146
ZMB-fed(KEN+TZA+UGA),2018,1,broad_money,2019,xgb_blind,23.5980964890188,0.34438741295873854
ZMB-fed(KEN+TZA+UGA),2018,1,broad_money,2019,xgb_lag,23.5980964890188,0.9499940501819601
ZMB-fed(KEN+TZA+UGA),2018,1,broad_money,2019,xgb_typed,23.5980964890188,0.9499940501819601
ZMB-fed(KEN+TZA+UGA),2018,1,broad_money,2019,lgbm_blind,23.5980964890188,4.776432155675295
ZMB-fed(KEN+TZA+UGA),2018,1,broad_money,2019,lgbm_lag,23.5980964890188,0.9499940501819601
ZMB-fed(KEN+TZA+UGA),2018,1,broad_money,2019,lgbm_typed,23.5980964890188,0.9499940501819601
ZMB-fed(KEN+TZA+UGA),2018,1,broad_money,2019,tft,23.5980964890188,0.2818199387258318
ZMB-fed(KEN+TZA+UGA),2018,1,broad_money,2019,tgcn,23.5980964890188,
ZMB-fed(KEN+TZA+UGA),2018,1,broad_money,2019,persistence_scarcity,23.5980964890188,0.7046026989256013
ZMB-fed(KEN+TZA+UGA),2018,1,broad_money,2019,chronos_scarcity,23.5980964890188,0.49655496985376146
ZMB-fed(KEN+TZA+UGA),2018,1,broad_money,2019,gnn_scarcity,23.5980964890188,4.505239128178957
ZMB-fed(KEN+TZA+UGA),2018,3,broad_money,2021,persistence,24.3311828486537,1.437689058560501
ZMB-fed(KEN+TZA+UGA),2018,3,broad_money,2021,arima,24.3311828486537,1.635423991041126
ZMB-fed(KEN+TZA+UGA),2018,3,broad_money,2021,chronos,24.3311828486537,1.7152637354945206
ZMB-fed(KEN+TZA+UGA),2018,3,broad_money,2021,xgb_blind,24.3311828486537,0.9371894709681534
ZMB-fed(KEN+TZA+UGA),2018,3,broad_money,2021,xgb_lag,24.3311828486537,1.635423991041126
ZMB-fed(KEN+TZA+UGA),2018,3,broad_money,2021,xgb_typed,24.3311828486537,1.635423991041126
ZMB-fed(KEN+TZA+UGA),2018,3,broad_money,2021,lgbm_blind,24.3311828486537,5.781702777219092
ZMB-fed(KEN+TZA+UGA),2018,3,broad_money,2021,lgbm_lag,24.3311828486537,1.635423991041126
ZMB-fed(KEN+TZA+UGA),2018,3,broad_money,2021,lgbm_typed,24.3311828486537,1.635423991041126
ZMB-fed(KEN+TZA+UGA),2018,3,broad_money,2021,tft,24.3311828486537,1.094450365743544
ZMB-fed(KEN+TZA+UGA),2018,3,broad_money,2021,tgcn,24.3311828486537,
ZMB-fed(KEN+TZA+UGA),2018,3,broad_money,2021,persistence_scarcity,24.3311828486537,1.437689058560501
ZMB-fed(KEN+TZA+UGA),2018,3,broad_money,2021,chronos_scarcity,24.3311828486537,1.7152637354945206
ZMB-fed(KEN+TZA+UGA),2018,3,broad_money,2021,gnn_scarcity,24.3311828486537,4.606291186056044
ZMB-fed(KEN+TZA+UGA),2018,5,broad_money,2023,persistence,29.9485428239886,7.055049033895401
ZMB-fed(KEN+TZA+UGA),2018,5,broad_money,2023,arima,29.9485428239886,7.249467736408988
ZMB-fed(KEN+TZA+UGA),2018,5,broad_money,2023,chronos,29.9485428239886,7.54074024220149
ZMB-fed(KEN+TZA+UGA),2018,5,broad_money,2023,xgb_blind,29.9485428239886,8.476241340834303
ZMB-fed(KEN+TZA+UGA),2018,5,broad_money,2023,xgb_lag,29.9485428239886,7.249467736408988
ZMB-fed(KEN+TZA+UGA),2018,5,broad_money,2023,xgb_typed,29.9485428239886,7.249467736408988
ZMB-fed(KEN+TZA+UGA),2018,5,broad_money,2023,lgbm_blind,29.9485428239886,11.0047347054863
ZMB-fed(KEN+TZA+UGA),2018,5,broad_money,2023,lgbm_lag,29.9485428239886,7.249467736408988
ZMB-fed(KEN+TZA+UGA),2018,5,broad_money,2023,lgbm_typed,29.9485428239886,7.249467736408988
ZMB-fed(KEN+TZA+UGA),2018,5,broad_money,2023,tft,29.9485428239886,6.758116951185865
ZMB-fed(KEN+TZA+UGA),2018,5,broad_money,2023,tgcn,29.9485428239886,
ZMB-fed(KEN+TZA+UGA),2018,5,broad_money,2023,persistence_scarcity,29.9485428239886,7.055049033895401
ZMB-fed(KEN+TZA+UGA),2018,5,broad_money,2023,chronos_scarcity,29.9485428239886,7.54074024220149
ZMB-fed(KEN+TZA+UGA),2018,5,broad_money,2023,gnn_scarcity,29.9485428239886,9.53932308216731
ZMB-fed(KEN+TZA+UGA),2018,1,private_credit,2019,persistence,15.6261899079478,0.6524706733308001
ZMB-fed(KEN+TZA+UGA),2018,1,private_credit,2019,arima,15.6261899079478,0.6646233409013735
ZMB-fed(KEN+TZA+UGA),2018,1,private_credit,2019,chronos,15.6261899079478,0.6724087800181131
ZMB-fed(KEN+TZA+UGA),2018,1,private_credit,2019,xgb_blind,15.6261899079478,0.4649069701039572
ZMB-fed(KEN+TZA+UGA),2018,1,private_credit,2019,xgb_lag,15.6261899079478,0.6600319947397928
ZMB-fed(KEN+TZA+UGA),2018,1,private_credit,2019,xgb_typed,15.6261899079478,0.034617146412156075
ZMB-fed(KEN+TZA+UGA),2018,1,private_credit,2019,lgbm_blind,15.6261899079478,1.2903706976228317
ZMB-fed(KEN+TZA+UGA),2018,1,private_credit,2019,lgbm_lag,15.6261899079478,1.2903706976228317
ZMB-fed(KEN+TZA+UGA),2018,1,private_credit,2019,lgbm_typed,15.6261899079478,1.2903706976228317
ZMB-fed(KEN+TZA+UGA),2018,1,private_credit,2019,tft,15.6261899079478,0.6216551865732889
ZMB-fed(KEN+TZA+UGA),2018,1,private_credit,2019,tgcn,15.6261899079478,
ZMB-fed(KEN+TZA+UGA),2018,1,private_credit,2019,persistence_scarcity,15.6261899079478,0.6035420048155622
ZMB-fed(KEN+TZA+UGA),2018,1,private_credit,2019,chronos_scarcity,15.6261899079478,0.5220793621283963
ZMB-fed(KEN+TZA+UGA),2018,1,private_credit,2019,gnn_scarcity,15.6261899079478,0.2398068513071756
ZMB-fed(KEN+TZA+UGA),2018,3,private_credit,2021,persistence,11.3595044648168,3.614214769800201
ZMB-fed(KEN+TZA+UGA),2018,3,private_credit,2021,arima,11.3595044648168,3.6038518241373456
ZMB-fed(KEN+TZA+UGA),2018,3,private_credit,2021,chronos,11.3595044648168,3.5418035948755833
ZMB-fed(KEN+TZA+UGA),2018,3,private_credit,2021,xgb_blind,11.3595044648168,4.505615469265232
ZMB-fed(KEN+TZA+UGA),2018,3,private_credit,2021,xgb_lag,11.3595044648168,3.5958454573633762
ZMB-fed(KEN+TZA+UGA),2018,3,private_credit,2021,xgb_typed,11.3595044648168,3.637428518581638
ZMB-fed(KEN+TZA+UGA),2018,3,private_credit,2021,lgbm_blind,11.3595044648168,3.0257655438572346
ZMB-fed(KEN+TZA+UGA),2018,3,private_credit,2021,lgbm_lag,11.3595044648168,3.0257655438572346
ZMB-fed(KEN+TZA+UGA),2018,3,private_credit,2021,lgbm_typed,11.3595044648168,3.0257655438572346
ZMB-fed(KEN+TZA+UGA),2018,3,private_credit,2021,tft,11.3595044648168,3.6395094359400364
ZMB-fed(KEN+TZA+UGA),2018,3,private_credit,2021,tgcn,11.3595044648168,
ZMB-fed(KEN+TZA+UGA),2018,3,private_credit,2021,persistence_scarcity,11.3595044648168,1.8877842344837337
ZMB-fed(KEN+TZA+UGA),2018,3,private_credit,2021,chronos_scarcity,11.3595044648168,3.968269876581955
ZMB-fed(KEN+TZA+UGA),2018,3,private_credit,2021,gnn_scarcity,11.3595044648168,4.081383940029392
ZMB-fed(KEN+TZA+UGA),2018,5,private_credit,2023,persistence,15.6263060649433,0.6525868303262996
ZMB-fed(KEN+TZA+UGA),2018,5,private_credit,2023,arima,15.6263060649433,0.6628921205933835
ZMB-fed(KEN+TZA+UGA),2018,5,private_credit,2023,chronos,15.6263060649433,0.7774634440936907
ZMB-fed(KEN+TZA+UGA),2018,5,private_credit,2023,xgb_blind,15.6263060649433,0.808969982484804
ZMB-fed(KEN+TZA+UGA),2018,5,private_credit,2023,xgb_lag,15.6263060649433,0.6944851954974993
ZMB-fed(KEN+TZA+UGA),2018,5,private_credit,2023,xgb_typed,15.6263060649433,0.6841807445087298
ZMB-fed(KEN+TZA+UGA),2018,5,private_credit,2023,lgbm_blind,15.6263060649433,1.1833434581953544
ZMB-fed(KEN+TZA+UGA),2018,5,private_credit,2023,lgbm_lag,15.6263060649433,1.1833434581953544
ZMB-fed(KEN+TZA+UGA),2018,5,private_credit,2023,lgbm_typed,15.6263060649433,1.1833434581953544
ZMB-fed(KEN+TZA+UGA),2018,5,private_credit,2023,tft,15.6263060649433,0.6282000621356829
ZMB-fed(KEN+TZA+UGA),2018,5,private_credit,2023,tgcn,15.6263060649433,
ZMB-fed(KEN+TZA+UGA),2018,5,private_credit,2023,persistence_scarcity,15.6263060649433,1.4719441062891292
ZMB-fed(KEN+TZA+UGA),2018,5,private_credit,2023,chronos_scarcity,15.6263060649433,0.34192015415298904
ZMB-fed(KEN+TZA+UGA),2018,5,private_credit,2023,gnn_scarcity,15.6263060649433,0.9464640697040423
ZMB-fed(KEN+TZA+UGA),2018,1,govt_consumption,2019,persistence,17.6842563810264,4.9756044565259
ZMB-fed(KEN+TZA+UGA),2018,1,govt_consumption,2019,arima,17.6842563810264,5.19413483776013
ZMB-fed(KEN+TZA+UGA),2018,1,govt_consumption,2019,chronos,17.6842563810264,6.1134050550376315
ZMB-fed(KEN+TZA+UGA),2018,1,govt_consumption,2019,xgb_blind,17.6842563810264,3.5342090787803073
ZMB-fed(KEN+TZA+UGA),2018,1,govt_consumption,2019,xgb_lag,17.6842563810264,5.19413483776013
ZMB-fed(KEN+TZA+UGA),2018,1,govt_consumption,2019,xgb_typed,17.6842563810264,5.19413483776013
ZMB-fed(KEN+TZA+UGA),2018,1,govt_consumption,2019,lgbm_blind,17.6842563810264,7.712621039382114
ZMB-fed(KEN+TZA+UGA),2018,1,govt_consumption,2019,lgbm_lag,17.6842563810264,5.19413483776013
ZMB-fed(KEN+TZA+UGA),2018,1,govt_consumption,2019,lgbm_typed,17.6842563810264,5.19413483776013
ZMB-fed(KEN+TZA+UGA),2018,1,govt_consumption,2019,tft,17.6842563810264,5.200516528121128
ZMB-fed(KEN+TZA+UGA),2018,1,govt_consumption,2019,tgcn,17.6842563810264,
ZMB-fed(KEN+TZA+UGA),2018,1,govt_consumption,2019,persistence_scarcity,17.6842563810264,4.9756044565259
ZMB-fed(KEN+TZA+UGA),2018,1,govt_consumption,2019,chronos_scarcity,17.6842563810264,6.1134050550376315
ZMB-fed(KEN+TZA+UGA),2018,1,govt_consumption,2019,gnn_scarcity,17.6842563810264,7.623525446883335
ZMB-fed(KEN+TZA+UGA),2018,3,govt_consumption,2021,persistence,11.5310478017208,1.1776041227797016
ZMB-fed(KEN+TZA+UGA),2018,3,govt_consumption,2021,arima,11.5310478017208,0.9017040464620365
ZMB-fed(KEN+TZA+UGA),2018,3,govt_consumption,2021,chronos,11.5310478017208,0.0398035242679704
ZMB-fed(KEN+TZA+UGA),2018,3,govt_consumption,2021,xgb_blind,11.5310478017208,3.7340669825199235
ZMB-fed(KEN+TZA+UGA),2018,3,govt_consumption,2021,xgb_lag,11.5310478017208,0.9017040464620365
ZMB-fed(KEN+TZA+UGA),2018,3,govt_consumption,2021,xgb_typed,11.5310478017208,0.9017040464620365
ZMB-fed(KEN+TZA+UGA),2018,3,govt_consumption,2021,lgbm_blind,11.5310478017208,1.4580270133813311
ZMB-fed(KEN+TZA+UGA),2018,3,govt_consumption,2021,lgbm_lag,11.5310478017208,0.9017040464620365
ZMB-fed(KEN+TZA+UGA),2018,3,govt_consumption,2021,lgbm_typed,11.5310478017208,0.9017040464620365
ZMB-fed(KEN+TZA+UGA),2018,3,govt_consumption,2021,tft,11.5310478017208,1.0508527948978532
ZMB-fed(KEN+TZA+UGA),2018,3,govt_consumption,2021,tgcn,11.5310478017208,
ZMB-fed(KEN+TZA+UGA),2018,3,govt_consumption,2021,persistence_scarcity,11.5310478017208,1.1776041227797016
ZMB-fed(KEN+TZA+UGA),2018,3,govt_consumption,2021,chronos_scarcity,11.5310478017208,0.0398035242679704
ZMB-fed(KEN+TZA+UGA),2018,3,govt_consumption,2021,gnn_scarcity,11.5310478017208,0.9630279347774398
ZMB-fed(KEN+TZA+UGA),2018,5,govt_consumption,2023,persistence,13.312782708599,0.6041307840984995
ZMB-fed(KEN+TZA+UGA),2018,5,govt_consumption,2023,arima,13.312782708599,0.882705234554999
ZMB-fed(KEN+TZA+UGA),2018,5,govt_consumption,2023,chronos,13.312782708599,3.4157051481741956
ZMB-fed(KEN+TZA+UGA),2018,5,govt_consumption,2023,xgb_blind,13.312782708599,1.404078904582887
ZMB-fed(KEN+TZA+UGA),2018,5,govt_consumption,2023,xgb_lag,13.312782708599,0.882705234554999
ZMB-fed(KEN+TZA+UGA),2018,5,govt_consumption,2023,xgb_typed,13.312782708599,0.882705234554999
ZMB-fed(KEN+TZA+UGA),2018,5,govt_consumption,2023,lgbm_blind,13.312782708599,3.1214788991151536
ZMB-fed(KEN+TZA+UGA),2018,5,govt_consumption,2023,lgbm_lag,13.312782708599,0.882705234554999
ZMB-fed(KEN+TZA+UGA),2018,5,govt_consumption,2023,lgbm_typed,13.312782708599,0.882705234554999
ZMB-fed(KEN+TZA+UGA),2018,5,govt_consumption,2023,tft,13.312782708599,0.7097248472708753
ZMB-fed(KEN+TZA+UGA),2018,5,govt_consumption,2023,tgcn,13.312782708599,
ZMB-fed(KEN+TZA+UGA),2018,5,govt_consumption,2023,persistence_scarcity,13.312782708599,0.6041307840984995
ZMB-fed(KEN+TZA+UGA),2018,5,govt_consumption,2023,chronos_scarcity,13.312782708599,3.4157051481741956
ZMB-fed(KEN+TZA+UGA),2018,5,govt_consumption,2023,gnn_scarcity,13.312782708599,2.1955017485159924
ZMB-fed(KEN+TZA+UGA),2019,1,gdp_growth,2020,persistence,-2.78505506545167,4.226361091489521
ZMB-fed(KEN+TZA+UGA),2019,1,gdp_growth,2020,arima,-2.78505506545167,5.728549794083239
ZMB-fed(KEN+TZA+UGA),2019,1,gdp_growth,2020,chronos,-2.78505506545167,5.266832971869517
ZMB-fed(KEN+TZA+UGA),2019,1,gdp_growth,2020,xgb_blind,-2.78505506545167,5.4920391085730085
ZMB-fed(KEN+TZA+UGA),2019,1,gdp_growth,2020,xgb_lag,-2.78505506545167,5.728549794083239
ZMB-fed(KEN+TZA+UGA),2019,1,gdp_growth,2020,xgb_typed,-2.78505506545167,5.728549794083239
ZMB-fed(KEN+TZA+UGA),2019,1,gdp_growth,2020,lgbm_blind,-2.78505506545167,7.291117355087353
ZMB-fed(KEN+TZA+UGA),2019,1,gdp_growth,2020,lgbm_lag,-2.78505506545167,5.728549794083239
ZMB-fed(KEN+TZA+UGA),2019,1,gdp_growth,2020,lgbm_typed,-2.78505506545167,5.728549794083239
ZMB-fed(KEN+TZA+UGA),2019,1,gdp_growth,2020,tft,-2.78505506545167,5.00626792937379
ZMB-fed(KEN+TZA+UGA),2019,1,gdp_growth,2020,tgcn,-2.78505506545167,
ZMB-fed(KEN+TZA+UGA),2019,1,gdp_growth,2020,persistence_scarcity,-2.78505506545167,4.226361091489521
ZMB-fed(KEN+TZA+UGA),2019,1,gdp_growth,2020,chronos_scarcity,-2.78505506545167,5.266832971869517
ZMB-fed(KEN+TZA+UGA),2019,1,gdp_growth,2020,gnn_scarcity,-2.78505506545167,7.290966892539073
ZMB-fed(KEN+TZA+UGA),2019,3,gdp_growth,2022,persistence,5.21122360356247,3.7699175775246196
ZMB-fed(KEN+TZA+UGA),2019,3,gdp_growth,2022,arima,5.21122360356247,2.6338336886677904
ZMB-fed(KEN+TZA+UGA),2019,3,gdp_growth,2022,chronos,5.21122360356247,2.356243850068207
ZMB-fed(KEN+TZA+UGA),2019,3,gdp_growth,2022,xgb_blind,5.21122360356247,1.6988887799540713
ZMB-fed(KEN+TZA+UGA),2019,3,gdp_growth,2022,xgb_lag,5.21122360356247,2.6338336886677904
ZMB-fed(KEN+TZA+UGA),2019,3,gdp_growth,2022,xgb_typed,5.21122360356247,2.6338336886677904
ZMB-fed(KEN+TZA+UGA),2019,3,gdp_growth,2022,lgbm_blind,5.21122360356247,0.3059324182275933
ZMB-fed(KEN+TZA+UGA),2019,3,gdp_growth,2022,lgbm_lag,5.21122360356247,2.6338336886677904
ZMB-fed(KEN+TZA+UGA),2019,3,gdp_growth,2022,lgbm_typed,5.21122360356247,2.6338336886677904
ZMB-fed(KEN+TZA+UGA),2019,3,gdp_growth,2022,tft,5.21122360356247,3.027383805588837
ZMB-fed(KEN+TZA+UGA),2019,3,gdp_growth,2022,tgcn,5.21122360356247,
ZMB-fed(KEN+TZA+UGA),2019,3,gdp_growth,2022,persistence_scarcity,5.21122360356247,3.7699175775246196
ZMB-fed(KEN+TZA+UGA),2019,3,gdp_growth,2022,chronos_scarcity,5.21122360356247,2.356243850068207
ZMB-fed(KEN+TZA+UGA),2019,3,gdp_growth,2022,gnn_scarcity,5.21122360356247,0.24221658833419824
ZMB-fed(KEN+TZA+UGA),2019,1,inflation_cpi,2020,persistence,15.7330604721369,6.58274402897394
ZMB-fed(KEN+TZA+UGA),2019,1,inflation_cpi,2020,arima,15.7330604721369,6.552662744666021
ZMB-fed(KEN+TZA+UGA),2019,1,inflation_cpi,2020,chronos,15.7330604721369,6.7390800644220565
ZMB-fed(KEN+TZA+UGA),2019,1,inflation_cpi,2020,xgb_blind,15.7330604721369,13.178123838776186
ZMB-fed(KEN+TZA+UGA),2019,1,inflation_cpi,2020,xgb_lag,15.7330604721369,6.552662744666021
ZMB-fed(KEN+TZA+UGA),2019,1,inflation_cpi,2020,xgb_typed,15.7330604721369,6.552662744666021
ZMB-fed(KEN+TZA+UGA),2019,1,inflation_cpi,2020,lgbm_blind,15.7330604721369,15.828767614979208
ZMB-fed(KEN+TZA+UGA),2019,1,inflation_cpi,2020,lgbm_lag,15.7330604721369,6.552662744666021
ZMB-fed(KEN+TZA+UGA),2019,1,inflation_cpi,2020,lgbm_typed,15.7330604721369,6.552662744666021
ZMB-fed(KEN+TZA+UGA),2019,1,inflation_cpi,2020,tft,15.7330604721369,5.45615731967108
ZMB-fed(KEN+TZA+UGA),2019,1,inflation_cpi,2020,tgcn,15.7330604721369,
ZMB-fed(KEN+TZA+UGA),2019,1,inflation_cpi,2020,persistence_scarcity,15.7330604721369,6.58274402897394
ZMB-fed(KEN+TZA+UGA),2019,1,inflation_cpi,2020,chronos_scarcity,15.7330604721369,6.7390800644220565
ZMB-fed(KEN+TZA+UGA),2019,1,inflation_cpi,2020,gnn_scarcity,15.7330604721369,20.29620207058771
ZMB-fed(KEN+TZA+UGA),2019,3,inflation_cpi,2022,persistence,10.9932039209136,1.84288747775064
ZMB-fed(KEN+TZA+UGA),2019,3,inflation_cpi,2022,arima,10.9932039209136,1.8122497528632309
ZMB-fed(KEN+TZA+UGA),2019,3,inflation_cpi,2022,chronos,10.9932039209136,0.24928780119333283
ZMB-fed(KEN+TZA+UGA),2019,3,inflation_cpi,2022,xgb_blind,10.9932039209136,4.035793585372829
ZMB-fed(KEN+TZA+UGA),2019,3,inflation_cpi,2022,xgb_lag,10.9932039209136,1.8122497528632309
ZMB-fed(KEN+TZA+UGA),2019,3,inflation_cpi,2022,xgb_typed,10.9932039209136,1.8122497528632309
ZMB-fed(KEN+TZA+UGA),2019,3,inflation_cpi,2022,lgbm_blind,10.9932039209136,13.152876096176243
ZMB-fed(KEN+TZA+UGA),2019,3,inflation_cpi,2022,lgbm_lag,10.9932039209136,1.8122497528632309
ZMB-fed(KEN+TZA+UGA),2019,3,inflation_cpi,2022,lgbm_typed,10.9932039209136,1.8122497528632309
ZMB-fed(KEN+TZA+UGA),2019,3,inflation_cpi,2022,tft,10.9932039209136,0.8075925878754617
ZMB-fed(KEN+TZA+UGA),2019,3,inflation_cpi,2022,tgcn,10.9932039209136,
ZMB-fed(KEN+TZA+UGA),2019,3,inflation_cpi,2022,persistence_scarcity,10.9932039209136,1.84288747775064
ZMB-fed(KEN+TZA+UGA),2019,3,inflation_cpi,2022,chronos_scarcity,10.9932039209136,0.24928780119333283
ZMB-fed(KEN+TZA+UGA),2019,3,inflation_cpi,2022,gnn_scarcity,10.9932039209136,30.478872495102024
ZMB-fed(KEN+TZA+UGA),2019,1,unemployment,2020,persistence,6.032,0.4939999999999998
ZMB-fed(KEN+TZA+UGA),2019,1,unemployment,2020,arima,6.032,0.29178706766608364
ZMB-fed(KEN+TZA+UGA),2019,1,unemployment,2020,chronos,6.032,0.03779214096069339
ZMB-fed(KEN+TZA+UGA),2019,1,unemployment,2020,xgb_blind,6.032,1.3643135375976563
ZMB-fed(KEN+TZA+UGA),2019,1,unemployment,2020,xgb_lag,6.032,0.29178706766608364
ZMB-fed(KEN+TZA+UGA),2019,1,unemployment,2020,xgb_typed,6.032,0.29178706766608364
ZMB-fed(KEN+TZA+UGA),2019,1,unemployment,2020,lgbm_blind,6.032,5.940206904970367
ZMB-fed(KEN+TZA+UGA),2019,1,unemployment,2020,lgbm_lag,6.032,0.29178706766608364
ZMB-fed(KEN+TZA+UGA),2019,1,unemployment,2020,lgbm_typed,6.032,0.29178706766608364
ZMB-fed(KEN+TZA+UGA),2019,1,unemployment,2020,tft,6.032,0.37245553207397464
ZMB-fed(KEN+TZA+UGA),2019,1,unemployment,2020,tgcn,6.032,
ZMB-fed(KEN+TZA+UGA),2019,1,unemployment,2020,persistence_scarcity,6.032,0.4939999999999998
ZMB-fed(KEN+TZA+UGA),2019,1,unemployment,2020,chronos_scarcity,6.032,0.03779214096069339
ZMB-fed(KEN+TZA+UGA),2019,1,unemployment,2020,gnn_scarcity,6.032,6.3763099365234375
ZMB-fed(KEN+TZA+UGA),2019,3,unemployment,2022,persistence,5.993,0.45500000000000007
ZMB-fed(KEN+TZA+UGA),2019,3,unemployment,2022,arima,5.993,0.13968236215505758
ZMB-fed(KEN+TZA+UGA),2019,3,unemployment,2022,chronos,5.993,0.5827379531860348
ZMB-fed(KEN+TZA+UGA),2019,3,unemployment,2022,xgb_blind,5.993,0.23822590637207064
ZMB-fed(KEN+TZA+UGA),2019,3,unemployment,2022,xgb_lag,5.993,0.13968236215505758
ZMB-fed(KEN+TZA+UGA),2019,3,unemployment,2022,xgb_typed,5.993,0.13968236215505758
ZMB-fed(KEN+TZA+UGA),2019,3,unemployment,2022,lgbm_blind,5.993,5.441296290079752
ZMB-fed(KEN+TZA+UGA),2019,3,unemployment,2022,lgbm_lag,5.993,0.13968236215505758
ZMB-fed(KEN+TZA+UGA),2019,3,unemployment,2022,lgbm_typed,5.993,0.13968236215505758
ZMB-fed(KEN+TZA+UGA),2019,3,unemployment,2022,tft,5.993,0.04960540008544889
ZMB-fed(KEN+TZA+UGA),2019,3,unemployment,2022,tgcn,5.993,
ZMB-fed(KEN+TZA+UGA),2019,3,unemployment,2022,persistence_scarcity,5.993,0.45500000000000007
ZMB-fed(KEN+TZA+UGA),2019,3,unemployment,2022,chronos_scarcity,5.993,0.5827379531860348
ZMB-fed(KEN+TZA+UGA),2019,3,unemployment,2022,gnn_scarcity,5.993,6.987401992797851
ZMB-fed(KEN+TZA+UGA),2019,1,exports_gdp,2020,persistence,46.7201864691576,12.083993865969504
ZMB-fed(KEN+TZA+UGA),2019,1,exports_gdp,2020,arima,46.7201864691576,11.842906568180986
ZMB-fed(KEN+TZA+UGA),2019,1,exports_gdp,2020,chronos,46.7201864691576,13.162367102702525
ZMB-fed(KEN+TZA+UGA),2019,1,exports_gdp,2020,xgb_blind,46.7201864691576,12.073927161296275
ZMB-fed(KEN+TZA+UGA),2019,1,exports_gdp,2020,xgb_lag,46.7201864691576,11.842906568180986
ZMB-fed(KEN+TZA+UGA),2019,1,exports_gdp,2020,xgb_typed,46.7201864691576,11.842906568180986
ZMB-fed(KEN+TZA+UGA),2019,1,exports_gdp,2020,lgbm_blind,46.7201864691576,14.392638540774996
ZMB-fed(KEN+TZA+UGA),2019,1,exports_gdp,2020,lgbm_lag,46.7201864691576,11.842906568180986
ZMB-fed(KEN+TZA+UGA),2019,1,exports_gdp,2020,lgbm_typed,46.7201864691576,11.842906568180986
ZMB-fed(KEN+TZA+UGA),2019,1,exports_gdp,2020,tft,46.7201864691576,12.081575629313853
ZMB-fed(KEN+TZA+UGA),2019,1,exports_gdp,2020,tgcn,46.7201864691576,
ZMB-fed(KEN+TZA+UGA),2019,1,exports_gdp,2020,persistence_scarcity,46.7201864691576,12.083993865969504
ZMB-fed(KEN+TZA+UGA),2019,1,exports_gdp,2020,chronos_scarcity,46.7201864691576,13.162367102702525
ZMB-fed(KEN+TZA+UGA),2019,1,exports_gdp,2020,gnn_scarcity,46.7201864691576,14.158529517253307
ZMB-fed(KEN+TZA+UGA),2019,3,exports_gdp,2022,persistence,40.1939977114306,5.557805108242498
ZMB-fed(KEN+TZA+UGA),2019,3,exports_gdp,2022,arima,40.1939977114306,5.332948006584459
ZMB-fed(KEN+TZA+UGA),2019,3,exports_gdp,2022,chronos,40.1939977114306,10.786458343754816
ZMB-fed(KEN+TZA+UGA),2019,3,exports_gdp,2022,xgb_blind,40.1939977114306,5.029271454106379
ZMB-fed(KEN+TZA+UGA),2019,3,exports_gdp,2022,xgb_lag,40.1939977114306,5.332948006584459
ZMB-fed(KEN+TZA+UGA),2019,3,exports_gdp,2022,xgb_typed,40.1939977114306,5.332948006584459
ZMB-fed(KEN+TZA+UGA),2019,3,exports_gdp,2022,lgbm_blind,40.1939977114306,7.912586505149854
ZMB-fed(KEN+TZA+UGA),2019,3,exports_gdp,2022,lgbm_lag,40.1939977114306,5.332948006584459
ZMB-fed(KEN+TZA+UGA),2019,3,exports_gdp,2022,lgbm_typed,40.1939977114306,5.332948006584459
ZMB-fed(KEN+TZA+UGA),2019,3,exports_gdp,2022,tft,40.1939977114306,5.573029846440363
ZMB-fed(KEN+TZA+UGA),2019,3,exports_gdp,2022,tgcn,40.1939977114306,
ZMB-fed(KEN+TZA+UGA),2019,3,exports_gdp,2022,persistence_scarcity,40.1939977114306,5.557805108242498
ZMB-fed(KEN+TZA+UGA),2019,3,exports_gdp,2022,chronos_scarcity,40.1939977114306,10.786458343754816
ZMB-fed(KEN+TZA+UGA),2019,3,exports_gdp,2022,gnn_scarcity,40.1939977114306,7.037461609135676
ZMB-fed(KEN+TZA+UGA),2019,1,imports_gdp,2020,persistence,32.4866629404379,1.6683493924699988
ZMB-fed(KEN+TZA+UGA),2019,1,imports_gdp,2020,arima,32.4866629404379,1.8776734254404062
ZMB-fed(KEN+TZA+UGA),2019,1,imports_gdp,2020,chronos,32.4866629404379,1.864396019523035
ZMB-fed(KEN+TZA+UGA),2019,1,imports_gdp,2020,xgb_blind,32.4866629404379,3.5123185353921755
ZMB-fed(KEN+TZA+UGA),2019,1,imports_gdp,2020,xgb_lag,32.4866629404379,1.8776734254404062
ZMB-fed(KEN+TZA+UGA),2019,1,imports_gdp,2020,xgb_typed,32.4866629404379,1.8776734254404062
ZMB-fed(KEN+TZA+UGA),2019,1,imports_gdp,2020,lgbm_blind,32.4866629404379,1.991341580899146
ZMB-fed(KEN+TZA+UGA),2019,1,imports_gdp,2020,lgbm_lag,32.4866629404379,1.8776734254404062
ZMB-fed(KEN+TZA+UGA),2019,1,imports_gdp,2020,lgbm_typed,32.4866629404379,1.8776734254404062
ZMB-fed(KEN+TZA+UGA),2019,1,imports_gdp,2020,tft,32.4866629404379,2.3513573842691287
ZMB-fed(KEN+TZA+UGA),2019,1,imports_gdp,2020,tgcn,32.4866629404379,
ZMB-fed(KEN+TZA+UGA),2019,1,imports_gdp,2020,persistence_scarcity,32.4866629404379,1.6683493924699988
ZMB-fed(KEN+TZA+UGA),2019,1,imports_gdp,2020,chronos_scarcity,32.4866629404379,1.864396019523035
ZMB-fed(KEN+TZA+UGA),2019,1,imports_gdp,2020,gnn_scarcity,32.4866629404379,2.132573051993738
ZMB-fed(KEN+TZA+UGA),2019,3,imports_gdp,2022,persistence,29.1033177078897,5.0516946250182
ZMB-fed(KEN+TZA+UGA),2019,3,imports_gdp,2022,arima,29.1033177078897,5.246424564909766
ZMB-fed(KEN+TZA+UGA),2019,3,imports_gdp,2022,chronos,29.1033177078897,4.742564707881783
ZMB-fed(KEN+TZA+UGA),2019,3,imports_gdp,2022,xgb_blind,29.1033177078897,6.879939585811471
ZMB-fed(KEN+TZA+UGA),2019,3,imports_gdp,2022,xgb_lag,29.1033177078897,5.246424564909766
ZMB-fed(KEN+TZA+UGA),2019,3,imports_gdp,2022,xgb_typed,29.1033177078897,5.246424564909766
ZMB-fed(KEN+TZA+UGA),2019,3,imports_gdp,2022,lgbm_blind,29.1033177078897,5.432302027828072
ZMB-fed(KEN+TZA+UGA),2019,3,imports_gdp,2022,lgbm_lag,29.1033177078897,5.246424564909766
ZMB-fed(KEN+TZA+UGA),2019,3,imports_gdp,2022,lgbm_typed,29.1033177078897,5.246424564909766
ZMB-fed(KEN+TZA+UGA),2019,3,imports_gdp,2022,tft,29.1033177078897,5.664680033809518
ZMB-fed(KEN+TZA+UGA),2019,3,imports_gdp,2022,tgcn,29.1033177078897,
ZMB-fed(KEN+TZA+UGA),2019,3,imports_gdp,2022,persistence_scarcity,29.1033177078897,5.0516946250182
ZMB-fed(KEN+TZA+UGA),2019,3,imports_gdp,2022,chronos_scarcity,29.1033177078897,4.742564707881783
ZMB-fed(KEN+TZA+UGA),2019,3,imports_gdp,2022,gnn_scarcity,29.1033177078897,5.982001811153268
ZMB-fed(KEN+TZA+UGA),2019,1,current_account,2020,persistence,11.790957110182,11.187266301379317
ZMB-fed(KEN+TZA+UGA),2019,1,current_account,2020,arima,11.790957110182,11.550555811796835
ZMB-fed(KEN+TZA+UGA),2019,1,current_account,2020,chronos,11.790957110182,10.933926599279594
ZMB-fed(KEN+TZA+UGA),2019,1,current_account,2020,xgb_blind,11.790957110182,13.589510457769585
ZMB-fed(KEN+TZA+UGA),2019,1,current_account,2020,xgb_lag,11.790957110182,11.550555811796835
ZMB-fed(KEN+TZA+UGA),2019,1,current_account,2020,xgb_typed,11.790957110182,11.550555811796835
ZMB-fed(KEN+TZA+UGA),2019,1,current_account,2020,lgbm_blind,11.790957110182,16.98581452460847
ZMB-fed(KEN+TZA+UGA),2019,1,current_account,2020,lgbm_lag,11.790957110182,11.550555811796835
ZMB-fed(KEN+TZA+UGA),2019,1,current_account,2020,lgbm_typed,11.790957110182,11.550555811796835
ZMB-fed(KEN+TZA+UGA),2019,1,current_account,2020,tft,11.790957110182,11.421791212812614
ZMB-fed(KEN+TZA+UGA),2019,1,current_account,2020,tgcn,11.790957110182,
ZMB-fed(KEN+TZA+UGA),2019,1,current_account,2020,persistence_scarcity,11.790957110182,11.187266301379317
ZMB-fed(KEN+TZA+UGA),2019,1,current_account,2020,chronos_scarcity,11.790957110182,10.933926599279594
ZMB-fed(KEN+TZA+UGA),2019,1,current_account,2020,gnn_scarcity,11.790957110182,17.089775221601677
ZMB-fed(KEN+TZA+UGA),2019,3,current_account,2022,persistence,3.74784661580661,3.144155807003928
ZMB-fed(KEN+TZA+UGA),2019,3,current_account,2022,arima,3.74784661580661,3.4513736590275017
ZMB-fed(KEN+TZA+UGA),2019,3,current_account,2022,chronos,3.74784661580661,3.664906551435978
ZMB-fed(KEN+TZA+UGA),2019,3,current_account,2022,xgb_blind,3.74784661580661,5.056399357811005
ZMB-fed(KEN+TZA+UGA),2019,3,current_account,2022,xgb_lag,3.74784661580661,3.4513736590275017
ZMB-fed(KEN+TZA+UGA),2019,3,current_account,2022,xgb_typed,3.74784661580661,3.4513736590275017
ZMB-fed(KEN+TZA+UGA),2019,3,current_account,2022,lgbm_blind,3.74784661580661,8.656920743480713
ZMB-fed(KEN+TZA+UGA),2019,3,current_account,2022,lgbm_lag,3.74784661580661,3.4513736590275017
ZMB-fed(KEN+TZA+UGA),2019,3,current_account,2022,lgbm_typed,3.74784661580661,3.4513736590275017
ZMB-fed(KEN+TZA+UGA),2019,3,current_account,2022,tft,3.74784661580661,2.2428565149460145
ZMB-fed(KEN+TZA+UGA),2019,3,current_account,2022,tgcn,3.74784661580661,
ZMB-fed(KEN+TZA+UGA),2019,3,current_account,2022,persistence_scarcity,3.74784661580661,3.144155807003928
ZMB-fed(KEN+TZA+UGA),2019,3,current_account,2022,chronos_scarcity,3.74784661580661,3.664906551435978
ZMB-fed(KEN+TZA+UGA),2019,3,current_account,2022,gnn_scarcity,3.74784661580661,8.139350903526337
ZMB-fed(KEN+TZA+UGA),2019,1,real_interest_rate,2020,persistence,-3.89303245264567,6.36270677795161
ZMB-fed(KEN+TZA+UGA),2019,1,real_interest_rate,2020,arima,-3.89303245264567,6.31692644132375
ZMB-fed(KEN+TZA+UGA),2019,1,real_interest_rate,2020,chronos,-3.89303245264567,6.534584424081217
ZMB-fed(KEN+TZA+UGA),2019,1,real_interest_rate,2020,xgb_blind,-3.89303245264567,7.385656258645426
ZMB-fed(KEN+TZA+UGA),2019,1,real_interest_rate,2020,xgb_lag,-3.89303245264567,6.31692644132375
ZMB-fed(KEN+TZA+UGA),2019,1,real_interest_rate,2020,xgb_typed,-3.89303245264567,6.31692644132375
ZMB-fed(KEN+TZA+UGA),2019,1,real_interest_rate,2020,lgbm_blind,-3.89303245264567,9.20603202794819
ZMB-fed(KEN+TZA+UGA),2019,1,real_interest_rate,2020,lgbm_lag,-3.89303245264567,6.31692644132375
ZMB-fed(KEN+TZA+UGA),2019,1,real_interest_rate,2020,lgbm_typed,-3.89303245264567,6.31692644132375
ZMB-fed(KEN+TZA+UGA),2019,1,real_interest_rate,2020,tft,-3.89303245264567,6.442865035119425
ZMB-fed(KEN+TZA+UGA),2019,1,real_interest_rate,2020,tgcn,-3.89303245264567,
ZMB-fed(KEN+TZA+UGA),2019,1,real_interest_rate,2020,persistence_scarcity,-3.89303245264567,6.36270677795161
ZMB-fed(KEN+TZA+UGA),2019,1,real_interest_rate,2020,chronos_scarcity,-3.89303245264567,6.534584424081217
ZMB-fed(KEN+TZA+UGA),2019,1,real_interest_rate,2020,gnn_scarcity,-3.89303245264567,8.535547158303629
ZMB-fed(KEN+TZA+UGA),2019,3,real_interest_rate,2022,persistence,-3.89303245264567,6.36270677795161
ZMB-fed(KEN+TZA+UGA),2019,3,real_interest_rate,2022,arima,-3.89303245264567,6.323694545880218
ZMB-fed(KEN+TZA+UGA),2019,3,real_interest_rate,2022,chronos,-3.89303245264567,6.9748488875059
ZMB-fed(KEN+TZA+UGA),2019,3,real_interest_rate,2022,xgb_blind,-3.89303245264567,0.6905333014158117
ZMB-fed(KEN+TZA+UGA),2019,3,real_interest_rate,2022,xgb_lag,-3.89303245264567,6.323694545880218
ZMB-fed(KEN+TZA+UGA),2019,3,real_interest_rate,2022,xgb_typed,-3.89303245264567,6.323694545880218
ZMB-fed(KEN+TZA+UGA),2019,3,real_interest_rate,2022,lgbm_blind,-3.89303245264567,12.101962907517942
ZMB-fed(KEN+TZA+UGA),2019,3,real_interest_rate,2022,lgbm_lag,-3.89303245264567,6.323694545880218
ZMB-fed(KEN+TZA+UGA),2019,3,real_interest_rate,2022,lgbm_typed,-3.89303245264567,6.323694545880218
ZMB-fed(KEN+TZA+UGA),2019,3,real_interest_rate,2022,tft,-3.89303245264567,6.681031128945719
ZMB-fed(KEN+TZA+UGA),2019,3,real_interest_rate,2022,tgcn,-3.89303245264567,
ZMB-fed(KEN+TZA+UGA),2019,3,real_interest_rate,2022,persistence_scarcity,-3.89303245264567,6.36270677795161
ZMB-fed(KEN+TZA+UGA),2019,3,real_interest_rate,2022,chronos_scarcity,-3.89303245264567,6.9748488875059
ZMB-fed(KEN+TZA+UGA),2019,3,real_interest_rate,2022,gnn_scarcity,-3.89303245264567,10.369999310555826
ZMB-fed(KEN+TZA+UGA),2019,1,broad_money,2020,persistence,31.2059620192927,7.607865530273898
ZMB-fed(KEN+TZA+UGA),2019,1,broad_money,2020,arima,31.2059620192927,7.790687679142152
ZMB-fed(KEN+TZA+UGA),2019,1,broad_money,2020,chronos,31.2059620192927,7.914286451665745
ZMB-fed(KEN+TZA+UGA),2019,1,broad_money,2020,xgb_blind,31.2059620192927,8.66961939844309
ZMB-fed(KEN+TZA+UGA),2019,1,broad_money,2020,xgb_lag,31.2059620192927,7.790687679142152
ZMB-fed(KEN+TZA+UGA),2019,1,broad_money,2020,xgb_typed,31.2059620192927,7.790687679142152
ZMB-fed(KEN+TZA+UGA),2019,1,broad_money,2020,lgbm_blind,31.2059620192927,12.219593116494341
ZMB-fed(KEN+TZA+UGA),2019,1,broad_money,2020,lgbm_lag,31.2059620192927,7.790687679142152
ZMB-fed(KEN+TZA+UGA),2019,1,broad_money,2020,lgbm_typed,31.2059620192927,7.790687679142152
ZMB-fed(KEN+TZA+UGA),2019,1,broad_money,2020,tft,31.2059620192927,6.7603042891901595
ZMB-fed(KEN+TZA+UGA),2019,1,broad_money,2020,tgcn,31.2059620192927,
ZMB-fed(KEN+TZA+UGA),2019,1,broad_money,2020,persistence_scarcity,31.2059620192927,7.607865530273898
ZMB-fed(KEN+TZA+UGA),2019,1,broad_money,2020,chronos_scarcity,31.2059620192927,7.914286451665745
ZMB-fed(KEN+TZA+UGA),2019,1,broad_money,2020,gnn_scarcity,31.2059620192927,11.99815829309641
ZMB-fed(KEN+TZA+UGA),2019,3,broad_money,2022,persistence,27.1271206443926,3.5290241553738007
ZMB-fed(KEN+TZA+UGA),2019,3,broad_money,2022,arima,27.1271206443926,3.676718023086867
ZMB-fed(KEN+TZA+UGA),2019,3,broad_money,2022,chronos,27.1271206443926,4.255115181746117
ZMB-fed(KEN+TZA+UGA),2019,3,broad_money,2022,xgb_blind,27.1271206443926,4.069898278059593
ZMB-fed(KEN+TZA+UGA),2019,3,broad_money,2022,xgb_lag,27.1271206443926,3.676718023086867
ZMB-fed(KEN+TZA+UGA),2019,3,broad_money,2022,xgb_typed,27.1271206443926,3.676718023086867
ZMB-fed(KEN+TZA+UGA),2019,3,broad_money,2022,lgbm_blind,27.1271206443926,8.390654766435787
ZMB-fed(KEN+TZA+UGA),2019,3,broad_money,2022,lgbm_lag,27.1271206443926,3.676718023086867
ZMB-fed(KEN+TZA+UGA),2019,3,broad_money,2022,lgbm_typed,27.1271206443926,3.676718023086867
ZMB-fed(KEN+TZA+UGA),2019,3,broad_money,2022,tft,27.1271206443926,1.1869503563066637
ZMB-fed(KEN+TZA+UGA),2019,3,broad_money,2022,tgcn,27.1271206443926,
ZMB-fed(KEN+TZA+UGA),2019,3,broad_money,2022,persistence_scarcity,27.1271206443926,3.5290241553738007
ZMB-fed(KEN+TZA+UGA),2019,3,broad_money,2022,chronos_scarcity,27.1271206443926,4.255115181746117
ZMB-fed(KEN+TZA+UGA),2019,3,broad_money,2022,gnn_scarcity,27.1271206443926,7.565721184553734
ZMB-fed(KEN+TZA+UGA),2019,1,private_credit,2020,persistence,15.1635545633961,0.46263534455169975
ZMB-fed(KEN+TZA+UGA),2019,1,private_credit,2020,arima,15.1635545633961,0.3463151118053407
ZMB-fed(KEN+TZA+UGA),2019,1,private_credit,2020,chronos,15.1635545633961,0.3622308827708913
ZMB-fed(KEN+TZA+UGA),2019,1,private_credit,2020,xgb_blind,15.1635545633961,0.24736441599619852
ZMB-fed(KEN+TZA+UGA),2019,1,private_credit,2020,xgb_lag,15.1635545633961,0.3864770985912038
ZMB-fed(KEN+TZA+UGA),2019,1,private_credit,2020,xgb_typed,15.1635545633961,0.17034472452891336
ZMB-fed(KEN+TZA+UGA),2019,1,private_credit,2020,lgbm_blind,15.1635545633961,0.7832398022014111
ZMB-fed(KEN+TZA+UGA),2019,1,private_credit,2020,lgbm_lag,15.1635545633961,0.7832398022014111
ZMB-fed(KEN+TZA+UGA),2019,1,private_credit,2020,lgbm_typed,15.1635545633961,0.7832398022014111
ZMB-fed(KEN+TZA+UGA),2019,1,private_credit,2020,tft,15.1635545633961,0.4247757054637624
ZMB-fed(KEN+TZA+UGA),2019,1,private_credit,2020,tgcn,15.1635545633961,
ZMB-fed(KEN+TZA+UGA),2019,1,private_credit,2020,persistence_scarcity,15.1635545633961,1.1411459508406097
ZMB-fed(KEN+TZA+UGA),2019,1,private_credit,2020,chronos_scarcity,15.1635545633961,0.281562723308582
ZMB-fed(KEN+TZA+UGA),2019,1,private_credit,2020,gnn_scarcity,15.1635545633961,0.10710106862294211
ZMB-fed(KEN+TZA+UGA),2019,3,private_credit,2022,persistence,12.9750888260207,2.6511010819271004
ZMB-fed(KEN+TZA+UGA),2019,3,private_credit,2022,arima,12.9750888260207,2.5518210692744834
ZMB-fed(KEN+TZA+UGA),2019,3,private_credit,2022,chronos,12.9750888260207,2.4980709640183623
ZMB-fed(KEN+TZA+UGA),2019,3,private_credit,2022,xgb_blind,12.9750888260207,2.320844897429007
ZMB-fed(KEN+TZA+UGA),2019,3,private_credit,2022,xgb_lag,12.9750888260207,2.05514741818096
ZMB-fed(KEN+TZA+UGA),2019,3,private_credit,2022,xgb_typed,12.9750888260207,1.6835291473069365
ZMB-fed(KEN+TZA+UGA),2019,3,private_credit,2022,lgbm_blind,12.9750888260207,1.45614118920418
ZMB-fed(KEN+TZA+UGA),2019,3,private_credit,2022,lgbm_lag,12.9750888260207,1.45614118920418
ZMB-fed(KEN+TZA+UGA),2019,3,private_credit,2022,lgbm_typed,12.9750888260207,1.45614118920418
ZMB-fed(KEN+TZA+UGA),2019,3,private_credit,2022,tft,12.9750888260207,2.621443041960257
ZMB-fed(KEN+TZA+UGA),2019,3,private_credit,2022,tgcn,12.9750888260207,
ZMB-fed(KEN+TZA+UGA),2019,3,private_credit,2022,persistence_scarcity,12.9750888260207,0.021544725339134985
ZMB-fed(KEN+TZA+UGA),2019,3,private_credit,2022,chronos_scarcity,12.9750888260207,2.9565248490593685
ZMB-fed(KEN+TZA+UGA),2019,3,private_credit,2022,gnn_scarcity,12.9750888260207,3.032925852934378
ZMB-fed(KEN+TZA+UGA),2019,1,govt_consumption,2020,persistence,14.6896417176015,2.994614663424901
ZMB-fed(KEN+TZA+UGA),2019,1,govt_consumption,2020,arima,14.6896417176015,2.75684628204133
ZMB-fed(KEN+TZA+UGA),2019,1,govt_consumption,2020,chronos,14.6896417176015,2.3721201384776016
ZMB-fed(KEN+TZA+UGA),2019,1,govt_consumption,2020,xgb_blind,14.6896417176015,0.04514575355120698
ZMB-fed(KEN+TZA+UGA),2019,1,govt_consumption,2020,xgb_lag,14.6896417176015,2.75684628204133
ZMB-fed(KEN+TZA+UGA),2019,1,govt_consumption,2020,xgb_typed,14.6896417176015,2.75684628204133
ZMB-fed(KEN+TZA+UGA),2019,1,govt_consumption,2020,lgbm_blind,14.6896417176015,4.452053953256133
ZMB-fed(KEN+TZA+UGA),2019,1,govt_consumption,2020,lgbm_lag,14.6896417176015,2.75684628204133
ZMB-fed(KEN+TZA+UGA),2019,1,govt_consumption,2020,lgbm_typed,14.6896417176015,2.75684628204133
ZMB-fed(KEN+TZA+UGA),2019,1,govt_consumption,2020,tft,14.6896417176015,2.399370428394594
ZMB-fed(KEN+TZA+UGA),2019,1,govt_consumption,2020,tgcn,14.6896417176015,
ZMB-fed(KEN+TZA+UGA),2019,1,govt_consumption,2020,persistence_scarcity,14.6896417176015,2.994614663424901
ZMB-fed(KEN+TZA+UGA),2019,1,govt_consumption,2020,chronos_scarcity,14.6896417176015,2.3721201384776016
ZMB-fed(KEN+TZA+UGA),2019,1,govt_consumption,2020,gnn_scarcity,14.6896417176015,4.389858964610777
ZMB-fed(KEN+TZA+UGA),2019,3,govt_consumption,2022,persistence,14.4528290197612,3.231427361265201
ZMB-fed(KEN+TZA+UGA),2019,3,govt_consumption,2022,arima,14.4528290197612,3.0044782144530373
ZMB-fed(KEN+TZA+UGA),2019,3,govt_consumption,2022,chronos,14.4528290197612,2.011583669447784
ZMB-fed(KEN+TZA+UGA),2019,3,govt_consumption,2022,xgb_blind,14.4528290197612,0.4690109655619814
ZMB-fed(KEN+TZA+UGA),2019,3,govt_consumption,2022,xgb_lag,14.4528290197612,3.0044782144530373
ZMB-fed(KEN+TZA+UGA),2019,3,govt_consumption,2022,xgb_typed,14.4528290197612,3.0044782144530373
ZMB-fed(KEN+TZA+UGA),2019,3,govt_consumption,2022,lgbm_blind,14.4528290197612,4.09791064580558
ZMB-fed(KEN+TZA+UGA),2019,3,govt_consumption,2022,lgbm_lag,14.4528290197612,3.0044782144530373
ZMB-fed(KEN+TZA+UGA),2019,3,govt_consumption,2022,lgbm_typed,14.4528290197612,3.0044782144530373
ZMB-fed(KEN+TZA+UGA),2019,3,govt_consumption,2022,tft,14.4528290197612,4.996439321303253
ZMB-fed(KEN+TZA+UGA),2019,3,govt_consumption,2022,tgcn,14.4528290197612,
ZMB-fed(KEN+TZA+UGA),2019,3,govt_consumption,2022,persistence_scarcity,14.4528290197612,3.231427361265201
ZMB-fed(KEN+TZA+UGA),2019,3,govt_consumption,2022,chronos_scarcity,14.4528290197612,2.011583669447784
ZMB-fed(KEN+TZA+UGA),2019,3,govt_consumption,2022,gnn_scarcity,14.4528290197612,3.8324095175028994
ZMB-fed(KEN+TZA+UGA),2020,1,gdp_growth,2021,persistence,6.23492204726448,9.01997711271615
ZMB-fed(KEN+TZA+UGA),2020,1,gdp_growth,2021,arima,6.23492204726448,6.6802862838441275
ZMB-fed(KEN+TZA+UGA),2020,1,gdp_growth,2021,chronos,6.23492204726448,6.970416720516586
ZMB-fed(KEN+TZA+UGA),2020,1,gdp_growth,2021,xgb_blind,6.23492204726448,5.668813820488357
ZMB-fed(KEN+TZA+UGA),2020,1,gdp_growth,2021,xgb_lag,6.23492204726448,6.6802862838441275
ZMB-fed(KEN+TZA+UGA),2020,1,gdp_growth,2021,xgb_typed,6.23492204726448,6.6802862838441275
ZMB-fed(KEN+TZA+UGA),2020,1,gdp_growth,2021,lgbm_blind,6.23492204726448,1.971897005967402
ZMB-fed(KEN+TZA+UGA),2020,1,gdp_growth,2021,lgbm_lag,6.23492204726448,6.6802862838441275
ZMB-fed(KEN+TZA+UGA),2020,1,gdp_growth,2021,lgbm_typed,6.23492204726448,6.6802862838441275
ZMB-fed(KEN+TZA+UGA),2020,1,gdp_growth,2021,tft,6.23492204726448,9.7651210981678
ZMB-fed(KEN+TZA+UGA),2020,1,gdp_growth,2021,tgcn,6.23492204726448,
ZMB-fed(KEN+TZA+UGA),2020,1,gdp_growth,2021,persistence_scarcity,6.23492204726448,9.01997711271615
ZMB-fed(KEN+TZA+UGA),2020,1,gdp_growth,2021,chronos_scarcity,6.23492204726448,6.970416720516586
ZMB-fed(KEN+TZA+UGA),2020,1,gdp_growth,2021,gnn_scarcity,6.23492204726448,2.053230877525711
ZMB-fed(KEN+TZA+UGA),2020,3,gdp_growth,2023,persistence,5.36794285493059,8.15299792038226
ZMB-fed(KEN+TZA+UGA),2020,3,gdp_growth,2023,arima,5.36794285493059,6.3915093059378645
ZMB-fed(KEN+TZA+UGA),2020,3,gdp_growth,2023,chronos,5.36794285493059,4.522121593524645
ZMB-fed(KEN+TZA+UGA),2020,3,gdp_growth,2023,xgb_blind,5.36794285493059,6.0326223822133045
ZMB-fed(KEN+TZA+UGA),2020,3,gdp_growth,2023,xgb_lag,5.36794285493059,6.3915093059378645
ZMB-fed(KEN+TZA+UGA),2020,3,gdp_growth,2023,xgb_typed,5.36794285493059,6.3915093059378645
ZMB-fed(KEN+TZA+UGA),2020,3,gdp_growth,2023,lgbm_blind,5.36794285493059,0.7373068962334752
ZMB-fed(KEN+TZA+UGA),2020,3,gdp_growth,2023,lgbm_lag,5.36794285493059,6.3915093059378645
ZMB-fed(KEN+TZA+UGA),2020,3,gdp_growth,2023,lgbm_typed,5.36794285493059,6.3915093059378645
ZMB-fed(KEN+TZA+UGA),2020,3,gdp_growth,2023,tft,5.36794285493059,8.636830374767015
ZMB-fed(KEN+TZA+UGA),2020,3,gdp_growth,2023,tgcn,5.36794285493059,
ZMB-fed(KEN+TZA+UGA),2020,3,gdp_growth,2023,persistence_scarcity,5.36794285493059,8.15299792038226
ZMB-fed(KEN+TZA+UGA),2020,3,gdp_growth,2023,chronos_scarcity,5.36794285493059,4.522121593524645
ZMB-fed(KEN+TZA+UGA),2020,3,gdp_growth,2023,gnn_scarcity,5.36794285493059,0.690897032787035
ZMB-fed(KEN+TZA+UGA),2020,1,inflation_cpi,2021,persistence,22.0207676245777,6.287707152440801
ZMB-fed(KEN+TZA+UGA),2020,1,inflation_cpi,2021,arima,22.0207676245777,6.164932070309799
ZMB-fed(KEN+TZA+UGA),2020,1,inflation_cpi,2021,chronos,22.0207676245777,6.309121544560611
ZMB-fed(KEN+TZA+UGA),2020,1,inflation_cpi,2021,xgb_blind,22.0207676245777,2.3334747002514007
ZMB-fed(KEN+TZA+UGA),2020,1,inflation_cpi,2021,xgb_lag,22.0207676245777,6.164932070309799
ZMB-fed(KEN+TZA+UGA),2020,1,inflation_cpi,2021,xgb_typed,22.0207676245777,6.164932070309799
ZMB-fed(KEN+TZA+UGA),2020,1,inflation_cpi,2021,lgbm_blind,22.0207676245777,9.013434887527605
ZMB-fed(KEN+TZA+UGA),2020,1,inflation_cpi,2021,lgbm_lag,22.0207676245777,6.164932070309799
ZMB-fed(KEN+TZA+UGA),2020,1,inflation_cpi,2021,lgbm_typed,22.0207676245777,6.164932070309799
ZMB-fed(KEN+TZA+UGA),2020,1,inflation_cpi,2021,tft,22.0207676245777,5.784899170598209
ZMB-fed(KEN+TZA+UGA),2020,1,inflation_cpi,2021,tgcn,22.0207676245777,
ZMB-fed(KEN+TZA+UGA),2020,1,inflation_cpi,2021,persistence_scarcity,22.0207676245777,6.287707152440801
ZMB-fed(KEN+TZA+UGA),2020,1,inflation_cpi,2021,chronos_scarcity,22.0207676245777,6.309121544560611
ZMB-fed(KEN+TZA+UGA),2020,1,inflation_cpi,2021,gnn_scarcity,22.0207676245777,12.265193526545346
ZMB-fed(KEN+TZA+UGA),2020,3,inflation_cpi,2023,persistence,10.884531691282,4.848528780854901
ZMB-fed(KEN+TZA+UGA),2020,3,inflation_cpi,2023,arima,10.884531691282,4.973636455812144
ZMB-fed(KEN+TZA+UGA),2020,3,inflation_cpi,2023,chronos,10.884531691282,3.9678919766257152
ZMB-fed(KEN+TZA+UGA),2020,3,inflation_cpi,2023,xgb_blind,10.884531691282,8.014489457399641
ZMB-fed(KEN+TZA+UGA),2020,3,inflation_cpi,2023,xgb_lag,10.884531691282,4.973636455812144
ZMB-fed(KEN+TZA+UGA),2020,3,inflation_cpi,2023,xgb_typed,10.884531691282,4.973636455812144
ZMB-fed(KEN+TZA+UGA),2020,3,inflation_cpi,2023,lgbm_blind,10.884531691282,12.96108335508292
ZMB-fed(KEN+TZA+UGA),2020,3,inflation_cpi,2023,lgbm_lag,10.884531691282,4.973636455812144
ZMB-fed(KEN+TZA+UGA),2020,3,inflation_cpi,2023,lgbm_typed,10.884531691282,4.973636455812144
ZMB-fed(KEN+TZA+UGA),2020,3,inflation_cpi,2023,tft,10.884531691282,5.350583359987532
ZMB-fed(KEN+TZA+UGA),2020,3,inflation_cpi,2023,tgcn,10.884531691282,
ZMB-fed(KEN+TZA+UGA),2020,3,inflation_cpi,2023,persistence_scarcity,10.884531691282,4.848528780854901
ZMB-fed(KEN+TZA+UGA),2020,3,inflation_cpi,2023,chronos_scarcity,10.884531691282,3.9678919766257152
ZMB-fed(KEN+TZA+UGA),2020,3,inflation_cpi,2023,gnn_scarcity,10.884531691282,28.931626603395735
ZMB-fed(KEN+TZA+UGA),2020,1,unemployment,2021,persistence,5.197,0.835
ZMB-fed(KEN+TZA+UGA),2020,1,unemployment,2021,arima,5.197,1.033660046623491
ZMB-fed(KEN+TZA+UGA),2020,1,unemployment,2021,chronos,5.197,1.227461841583252
ZMB-fed(KEN+TZA+UGA),2020,1,unemployment,2021,xgb_blind,5.197,1.7210774688720702
ZMB-fed(KEN+TZA+UGA),2020,1,unemployment,2021,xgb_lag,5.197,1.033660046623491
ZMB-fed(KEN+TZA+UGA),2020,1,unemployment,2021,xgb_typed,5.197,1.033660046623491
ZMB-fed(KEN+TZA+UGA),2020,1,unemployment,2021,lgbm_blind,5.197,6.577200010299683
ZMB-fed(KEN+TZA+UGA),2020,1,unemployment,2021,lgbm_lag,5.197,1.033660046623491
ZMB-fed(KEN+TZA+UGA),2020,1,unemployment,2021,lgbm_typed,5.197,1.033660046623491
ZMB-fed(KEN+TZA+UGA),2020,1,unemployment,2021,tft,5.197,1.4067511825561523
ZMB-fed(KEN+TZA+UGA),2020,1,unemployment,2021,tgcn,5.197,
ZMB-fed(KEN+TZA+UGA),2020,1,unemployment,2021,persistence_scarcity,5.197,0.835
ZMB-fed(KEN+TZA+UGA),2020,1,unemployment,2021,chronos_scarcity,5.197,1.227461841583252
ZMB-fed(KEN+TZA+UGA),2020,1,unemployment,2021,gnn_scarcity,5.197,6.893298652648926
ZMB-fed(KEN+TZA+UGA),2020,3,unemployment,2023,persistence,5.861,0.17100000000000026
ZMB-fed(KEN+TZA+UGA),2020,3,unemployment,2023,arima,5.861,0.48167791550953254
ZMB-fed(KEN+TZA+UGA),2020,3,unemployment,2023,chronos,5.861,1.223511756896973
ZMB-fed(KEN+TZA+UGA),2020,3,unemployment,2023,xgb_blind,5.861,0.06913286590576195
ZMB-fed(KEN+TZA+UGA),2020,3,unemployment,2023,xgb_lag,5.861,0.48167791550953254
ZMB-fed(KEN+TZA+UGA),2020,3,unemployment,2023,xgb_typed,5.861,0.48167791550953254
ZMB-fed(KEN+TZA+UGA),2020,3,unemployment,2023,lgbm_blind,5.861,5.3803571391786855
ZMB-fed(KEN+TZA+UGA),2020,3,unemployment,2023,lgbm_lag,5.861,0.48167791550953254
ZMB-fed(KEN+TZA+UGA),2020,3,unemployment,2023,lgbm_typed,5.861,0.48167791550953254
ZMB-fed(KEN+TZA+UGA),2020,3,unemployment,2023,tft,5.861,1.6244435920715334
ZMB-fed(KEN+TZA+UGA),2020,3,unemployment,2023,tgcn,5.861,
ZMB-fed(KEN+TZA+UGA),2020,3,unemployment,2023,persistence_scarcity,5.861,0.17100000000000026
ZMB-fed(KEN+TZA+UGA),2020,3,unemployment,2023,chronos_scarcity,5.861,1.223511756896973
ZMB-fed(KEN+TZA+UGA),2020,3,unemployment,2023,gnn_scarcity,5.861,6.82506185913086
ZMB-fed(KEN+TZA+UGA),2020,1,exports_gdp,2021,persistence,52.2160900183192,5.495903549161596
ZMB-fed(KEN+TZA+UGA),2020,1,exports_gdp,2021,arima,52.2160900183192,8.265399253735133
ZMB-fed(KEN+TZA+UGA),2020,1,exports_gdp,2021,chronos,52.2160900183192,9.15645867066295
ZMB-fed(KEN+TZA+UGA),2020,1,exports_gdp,2021,xgb_blind,52.2160900183192,13.140482718514512
ZMB-fed(KEN+TZA+UGA),2020,1,exports_gdp,2021,xgb_lag,52.2160900183192,8.265399253735133
ZMB-fed(KEN+TZA+UGA),2020,1,exports_gdp,2021,xgb_typed,52.2160900183192,8.265399253735133
ZMB-fed(KEN+TZA+UGA),2020,1,exports_gdp,2021,lgbm_blind,52.2160900183192,19.40878741618704
ZMB-fed(KEN+TZA+UGA),2020,1,exports_gdp,2021,lgbm_lag,52.2160900183192,8.265399253735133
ZMB-fed(KEN+TZA+UGA),2020,1,exports_gdp,2021,lgbm_typed,52.2160900183192,8.265399253735133
ZMB-fed(KEN+TZA+UGA),2020,1,exports_gdp,2021,tft,52.2160900183192,13.922304923104356
ZMB-fed(KEN+TZA+UGA),2020,1,exports_gdp,2021,tgcn,52.2160900183192,
ZMB-fed(KEN+TZA+UGA),2020,1,exports_gdp,2021,persistence_scarcity,52.2160900183192,5.495903549161596
ZMB-fed(KEN+TZA+UGA),2020,1,exports_gdp,2021,chronos_scarcity,52.2160900183192,9.15645867066295
ZMB-fed(KEN+TZA+UGA),2020,1,exports_gdp,2021,gnn_scarcity,52.2160900183192,19.30538445191295
ZMB-fed(KEN+TZA+UGA),2020,3,exports_gdp,2023,persistence,40.8461239686718,5.874062500485806
ZMB-fed(KEN+TZA+UGA),2020,3,exports_gdp,2023,arima,40.8461239686718,3.5938269647239665
ZMB-fed(KEN+TZA+UGA),2020,3,exports_gdp,2023,chronos,40.8461239686718,1.6354077211132036
ZMB-fed(KEN+TZA+UGA),2020,3,exports_gdp,2023,xgb_blind,40.8461239686718,3.4939205995311724
ZMB-fed(KEN+TZA+UGA),2020,3,exports_gdp,2023,xgb_lag,40.8461239686718,3.5938269647239665
ZMB-fed(KEN+TZA+UGA),2020,3,exports_gdp,2023,xgb_typed,40.8461239686718,3.5938269647239665
ZMB-fed(KEN+TZA+UGA),2020,3,exports_gdp,2023,lgbm_blind,40.8461239686718,8.049042157584324
ZMB-fed(KEN+TZA+UGA),2020,3,exports_gdp,2023,lgbm_lag,40.8461239686718,3.5938269647239665
ZMB-fed(KEN+TZA+UGA),2020,3,exports_gdp,2023,lgbm_typed,40.8461239686718,3.5938269647239665
ZMB-fed(KEN+TZA+UGA),2020,3,exports_gdp,2023,tft,40.8461239686718,2.4682629457225786
ZMB-fed(KEN+TZA+UGA),2020,3,exports_gdp,2023,tgcn,40.8461239686718,
ZMB-fed(KEN+TZA+UGA),2020,3,exports_gdp,2023,persistence_scarcity,40.8461239686718,5.874062500485806
ZMB-fed(KEN+TZA+UGA),2020,3,exports_gdp,2023,chronos_scarcity,40.8461239686718,1.6354077211132036
ZMB-fed(KEN+TZA+UGA),2020,3,exports_gdp,2023,gnn_scarcity,40.8461239686718,7.252908026288985
ZMB-fed(KEN+TZA+UGA),2020,1,imports_gdp,2021,persistence,33.9924211751453,1.5057582347074003
ZMB-fed(KEN+TZA+UGA),2020,1,imports_gdp,2021,arima,33.9924211751453,1.4073027244058878
ZMB-fed(KEN+TZA+UGA),2020,1,imports_gdp,2021,chronos,33.9924211751453,1.2172899495593654
ZMB-fed(KEN+TZA+UGA),2020,1,imports_gdp,2021,xgb_blind,33.9924211751453,0.09035589804569355
ZMB-fed(KEN+TZA+UGA),2020,1,imports_gdp,2021,xgb_lag,33.9924211751453,1.4073027244058878
ZMB-fed(KEN+TZA+UGA),2020,1,imports_gdp,2021,xgb_typed,33.9924211751453,1.4073027244058878
ZMB-fed(KEN+TZA+UGA),2020,1,imports_gdp,2021,lgbm_blind,33.9924211751453,0.41920532275915434
ZMB-fed(KEN+TZA+UGA),2020,1,imports_gdp,2021,lgbm_lag,33.9924211751453,1.4073027244058878
ZMB-fed(KEN+TZA+UGA),2020,1,imports_gdp,2021,lgbm_typed,33.9924211751453,1.4073027244058878
ZMB-fed(KEN+TZA+UGA),2020,1,imports_gdp,2021,tft,33.9924211751453,1.907265688084756
ZMB-fed(KEN+TZA+UGA),2020,1,imports_gdp,2021,tgcn,33.9924211751453,
ZMB-fed(KEN+TZA+UGA),2020,1,imports_gdp,2021,persistence_scarcity,33.9924211751453,1.5057582347074003
ZMB-fed(KEN+TZA+UGA),2020,1,imports_gdp,2021,chronos_scarcity,33.9924211751453,1.2172899495593654
ZMB-fed(KEN+TZA+UGA),2020,1,imports_gdp,2021,gnn_scarcity,33.9924211751453,0.4649076212414158
ZMB-fed(KEN+TZA+UGA),2020,3,imports_gdp,2023,persistence,37.3957630764767,4.909100136038795
ZMB-fed(KEN+TZA+UGA),2020,3,imports_gdp,2023,arima,37.3957630764767,4.8161119689419465
ZMB-fed(KEN+TZA+UGA),2020,3,imports_gdp,2023,chronos,37.3957630764767,3.9903484951778694
ZMB-fed(KEN+TZA+UGA),2020,3,imports_gdp,2023,xgb_blind,37.3957630764767,0.3422962796016975
ZMB-fed(KEN+TZA+UGA),2020,3,imports_gdp,2023,xgb_lag,37.3957630764767,4.8161119689419465
ZMB-fed(KEN+TZA+UGA),2020,3,imports_gdp,2023,xgb_typed,37.3957630764767,4.8161119689419465
ZMB-fed(KEN+TZA+UGA),2020,3,imports_gdp,2023,lgbm_blind,37.3957630764767,2.9333203378074373
ZMB-fed(KEN+TZA+UGA),2020,3,imports_gdp,2023,lgbm_lag,37.3957630764767,4.8161119689419465
ZMB-fed(KEN+TZA+UGA),2020,3,imports_gdp,2023,lgbm_typed,37.3957630764767,4.8161119689419465
ZMB-fed(KEN+TZA+UGA),2020,3,imports_gdp,2023,tft,37.3957630764767,5.231002486877088
ZMB-fed(KEN+TZA+UGA),2020,3,imports_gdp,2023,tgcn,37.3957630764767,
ZMB-fed(KEN+TZA+UGA),2020,3,imports_gdp,2023,persistence_scarcity,37.3957630764767,4.909100136038795
ZMB-fed(KEN+TZA+UGA),2020,3,imports_gdp,2023,chronos_scarcity,37.3957630764767,3.9903484951778694
ZMB-fed(KEN+TZA+UGA),2020,3,imports_gdp,2023,gnn_scarcity,37.3957630764767,2.4641338955684944
ZMB-fed(KEN+TZA+UGA),2020,1,current_account,2021,persistence,11.9003513535048,0.10939424332280012
ZMB-fed(KEN+TZA+UGA),2020,1,current_account,2021,arima,11.9003513535048,1.8041447184208526
ZMB-fed(KEN+TZA+UGA),2020,1,current_account,2021,chronos,11.9003513535048,2.6394737442518696
ZMB-fed(KEN+TZA+UGA),2020,1,current_account,2021,xgb_blind,11.9003513535048,4.081253834583901
ZMB-fed(KEN+TZA+UGA),2020,1,current_account,2021,xgb_lag,11.9003513535048,1.8041447184208526
ZMB-fed(KEN+TZA+UGA),2020,1,current_account,2021,xgb_typed,11.9003513535048,1.8041447184208526
ZMB-fed(KEN+TZA+UGA),2020,1,current_account,2021,lgbm_blind,11.9003513535048,16.529014939088167
ZMB-fed(KEN+TZA+UGA),2020,1,current_account,2021,lgbm_lag,11.9003513535048,1.8041447184208526
ZMB-fed(KEN+TZA+UGA),2020,1,current_account,2021,lgbm_typed,11.9003513535048,1.8041447184208526
ZMB-fed(KEN+TZA+UGA),2020,1,current_account,2021,tft,11.9003513535048,9.603945322849892
ZMB-fed(KEN+TZA+UGA),2020,1,current_account,2021,tgcn,11.9003513535048,
ZMB-fed(KEN+TZA+UGA),2020,1,current_account,2021,persistence_scarcity,11.9003513535048,0.10939424332280012
ZMB-fed(KEN+TZA+UGA),2020,1,current_account,2021,chronos_scarcity,11.9003513535048,2.6394737442518696
ZMB-fed(KEN+TZA+UGA),2020,1,current_account,2021,gnn_scarcity,11.9003513535048,16.81835729680314
ZMB-fed(KEN+TZA+UGA),2020,3,current_account,2023,persistence,-3.03751016927581,14.82846727945781
ZMB-fed(KEN+TZA+UGA),2020,3,current_account,2023,arima,-3.03751016927581,13.351560454967574
ZMB-fed(KEN+TZA+UGA),2020,3,current_account,2023,chronos,-3.03751016927581,10.243538153894951
ZMB-fed(KEN+TZA+UGA),2020,3,current_account,2023,xgb_blind,-3.03751016927581,3.554000747927238
ZMB-fed(KEN+TZA+UGA),2020,3,current_account,2023,xgb_lag,-3.03751016927581,13.351560454967574
ZMB-fed(KEN+TZA+UGA),2020,3,current_account,2023,xgb_typed,-3.03751016927581,13.351560454967574
ZMB-fed(KEN+TZA+UGA),2020,3,current_account,2023,lgbm_blind,-3.03751016927581,1.2751342591646924
ZMB-fed(KEN+TZA+UGA),2020,3,current_account,2023,lgbm_lag,-3.03751016927581,13.351560454967574
ZMB-fed(KEN+TZA+UGA),2020,3,current_account,2023,lgbm_typed,-3.03751016927581,13.351560454967574
ZMB-fed(KEN+TZA+UGA),2020,3,current_account,2023,tft,-3.03751016927581,5.3204975254617235
ZMB-fed(KEN+TZA+UGA),2020,3,current_account,2023,tgcn,-3.03751016927581,
ZMB-fed(KEN+TZA+UGA),2020,3,current_account,2023,persistence_scarcity,-3.03751016927581,14.82846727945781
ZMB-fed(KEN+TZA+UGA),2020,3,current_account,2023,chronos_scarcity,-3.03751016927581,10.243538153894951
ZMB-fed(KEN+TZA+UGA),2020,3,current_account,2023,gnn_scarcity,-3.03751016927581,0.8826482169546588
ZMB-fed(KEN+TZA+UGA),2020,1,real_interest_rate,2021,persistence,-3.89303245264567,0.0
ZMB-fed(KEN+TZA+UGA),2020,1,real_interest_rate,2021,arima,-3.89303245264567,1.152358922800354
ZMB-fed(KEN+TZA+UGA),2020,1,real_interest_rate,2021,chronos,-3.89303245264567,3.3762402744916784
ZMB-fed(KEN+TZA+UGA),2020,1,real_interest_rate,2021,xgb_blind,-3.89303245264567,5.210251471581827
ZMB-fed(KEN+TZA+UGA),2020,1,real_interest_rate,2021,xgb_lag,-3.89303245264567,1.152358922800354
ZMB-fed(KEN+TZA+UGA),2020,1,real_interest_rate,2021,xgb_typed,-3.89303245264567,1.152358922800354
ZMB-fed(KEN+TZA+UGA),2020,1,real_interest_rate,2021,lgbm_blind,-3.89303245264567,8.899164290411047
ZMB-fed(KEN+TZA+UGA),2020,1,real_interest_rate,2021,lgbm_lag,-3.89303245264567,1.152358922800354
ZMB-fed(KEN+TZA+UGA),2020,1,real_interest_rate,2021,lgbm_typed,-3.89303245264567,1.152358922800354
ZMB-fed(KEN+TZA+UGA),2020,1,real_interest_rate,2021,tft,-3.89303245264567,5.050196787896525
ZMB-fed(KEN+TZA+UGA),2020,1,real_interest_rate,2021,tgcn,-3.89303245264567,
ZMB-fed(KEN+TZA+UGA),2020,1,real_interest_rate,2021,persistence_scarcity,-3.89303245264567,0.0
ZMB-fed(KEN+TZA+UGA),2020,1,real_interest_rate,2021,chronos_scarcity,-3.89303245264567,3.3762402744916784
ZMB-fed(KEN+TZA+UGA),2020,1,real_interest_rate,2021,gnn_scarcity,-3.89303245264567,7.893767258706461
ZMB-fed(KEN+TZA+UGA),2020,3,real_interest_rate,2023,persistence,-3.89303245264567,0.0
ZMB-fed(KEN+TZA+UGA),2020,3,real_interest_rate,2023,arima,-3.89303245264567,0.981452478908551
ZMB-fed(KEN+TZA+UGA),2020,3,real_interest_rate,2023,chronos,-3.89303245264567,5.055817744317423
ZMB-fed(KEN+TZA+UGA),2020,3,real_interest_rate,2023,xgb_blind,-3.89303245264567,2.4107128171297205
ZMB-fed(KEN+TZA+UGA),2020,3,real_interest_rate,2023,xgb_lag,-3.89303245264567,0.981452478908551
ZMB-fed(KEN+TZA+UGA),2020,3,real_interest_rate,2023,xgb_typed,-3.89303245264567,0.981452478908551
ZMB-fed(KEN+TZA+UGA),2020,3,real_interest_rate,2023,lgbm_blind,-3.89303245264567,11.669749943029228
ZMB-fed(KEN+TZA+UGA),2020,3,real_interest_rate,2023,lgbm_lag,-3.89303245264567,0.981452478908551
ZMB-fed(KEN+TZA+UGA),2020,3,real_interest_rate,2023,lgbm_typed,-3.89303245264567,0.981452478908551
ZMB-fed(KEN+TZA+UGA),2020,3,real_interest_rate,2023,tft,-3.89303245264567,5.037336370530497
ZMB-fed(KEN+TZA+UGA),2020,3,real_interest_rate,2023,tgcn,-3.89303245264567,
ZMB-fed(KEN+TZA+UGA),2020,3,real_interest_rate,2023,persistence_scarcity,-3.89303245264567,0.0
ZMB-fed(KEN+TZA+UGA),2020,3,real_interest_rate,2023,chronos_scarcity,-3.89303245264567,5.055817744317423
ZMB-fed(KEN+TZA+UGA),2020,3,real_interest_rate,2023,gnn_scarcity,-3.89303245264567,9.76084079462565
ZMB-fed(KEN+TZA+UGA),2020,1,broad_money,2021,persistence,24.3311828486537,6.874779170638998
ZMB-fed(KEN+TZA+UGA),2020,1,broad_money,2021,arima,24.3311828486537,5.1344178086330245
ZMB-fed(KEN+TZA+UGA),2020,1,broad_money,2021,chronos,24.3311828486537,6.575811017313097
ZMB-fed(KEN+TZA+UGA),2020,1,broad_money,2021,xgb_blind,24.3311828486537,0.69044912978163
ZMB-fed(KEN+TZA+UGA),2020,1,broad_money,2021,xgb_lag,24.3311828486537,5.1344178086330245
ZMB-fed(KEN+TZA+UGA),2020,1,broad_money,2021,xgb_typed,24.3311828486537,5.1344178086330245
ZMB-fed(KEN+TZA+UGA),2020,1,broad_money,2021,lgbm_blind,24.3311828486537,4.937494201701391
ZMB-fed(KEN+TZA+UGA),2020,1,broad_money,2021,lgbm_lag,24.3311828486537,5.1344178086330245
ZMB-fed(KEN+TZA+UGA),2020,1,broad_money,2021,lgbm_typed,24.3311828486537,5.1344178086330245
ZMB-fed(KEN+TZA+UGA),2020,1,broad_money,2021,tft,24.3311828486537,5.272773373880479
ZMB-fed(KEN+TZA+UGA),2020,1,broad_money,2021,tgcn,24.3311828486537,
ZMB-fed(KEN+TZA+UGA),2020,1,broad_money,2021,persistence_scarcity,24.3311828486537,6.874779170638998
ZMB-fed(KEN+TZA+UGA),2020,1,broad_money,2021,chronos_scarcity,24.3311828486537,6.575811017313097
ZMB-fed(KEN+TZA+UGA),2020,1,broad_money,2021,gnn_scarcity,24.3311828486537,4.794123064718153
ZMB-fed(KEN+TZA+UGA),2020,3,broad_money,2023,persistence,29.9485428239886,1.2574191953040987
ZMB-fed(KEN+TZA+UGA),2020,3,broad_money,2023,arima,29.9485428239886,0.17589392342486576
ZMB-fed(KEN+TZA+UGA),2020,3,broad_money,2023,chronos,29.9485428239886,0.25498127003352167
ZMB-fed(KEN+TZA+UGA),2020,3,broad_money,2023,xgb_blind,29.9485428239886,5.560570945936842
ZMB-fed(KEN+TZA+UGA),2020,3,broad_money,2023,xgb_lag,29.9485428239886,0.17589392342486576
ZMB-fed(KEN+TZA+UGA),2020,3,broad_money,2023,xgb_typed,29.9485428239886,0.17589392342486576
ZMB-fed(KEN+TZA+UGA),2020,3,broad_money,2023,lgbm_blind,29.9485428239886,10.766737826408207
ZMB-fed(KEN+TZA+UGA),2020,3,broad_money,2023,lgbm_lag,29.9485428239886,0.17589392342486576
ZMB-fed(KEN+TZA+UGA),2020,3,broad_money,2023,lgbm_typed,29.9485428239886,0.17589392342486576
ZMB-fed(KEN+TZA+UGA),2020,3,broad_money,2023,tft,29.9485428239886,0.35435794850031854
ZMB-fed(KEN+TZA+UGA),2020,3,broad_money,2023,tgcn,29.9485428239886,
ZMB-fed(KEN+TZA+UGA),2020,3,broad_money,2023,persistence_scarcity,29.9485428239886,1.2574191953040987
ZMB-fed(KEN+TZA+UGA),2020,3,broad_money,2023,chronos_scarcity,29.9485428239886,0.25498127003352167
ZMB-fed(KEN+TZA+UGA),2020,3,broad_money,2023,gnn_scarcity,29.9485428239886,9.962804069716139
ZMB-fed(KEN+TZA+UGA),2020,1,private_credit,2021,persistence,11.3595044648168,3.8040500985793013
ZMB-fed(KEN+TZA+UGA),2020,1,private_credit,2021,arima,11.3595044648168,3.8896786240757564
ZMB-fed(KEN+TZA+UGA),2020,1,private_credit,2021,chronos,11.3595044648168,3.9835035765650364
ZMB-fed(KEN+TZA+UGA),2020,1,private_credit,2021,xgb_blind,11.3595044648168,6.851476904201755
ZMB-fed(KEN+TZA+UGA),2020,1,private_credit,2021,xgb_lag,11.3595044648168,6.140255209255466
ZMB-fed(KEN+TZA+UGA),2020,1,private_credit,2021,xgb_typed,11.3595044648168,3.9952604735376926
ZMB-fed(KEN+TZA+UGA),2020,1,private_credit,2021,lgbm_blind,11.3595044648168,3.046918277391045
ZMB-fed(KEN+TZA+UGA),2020,1,private_credit,2021,lgbm_lag,11.3595044648168,3.046918277391045
ZMB-fed(KEN+TZA+UGA),2020,1,private_credit,2021,lgbm_typed,11.3595044648168,3.046918277391045
ZMB-fed(KEN+TZA+UGA),2020,1,private_credit,2021,tft,11.3595044648168,3.8739931548121067
ZMB-fed(KEN+TZA+UGA),2020,1,private_credit,2021,tgcn,11.3595044648168,
ZMB-fed(KEN+TZA+UGA),2020,1,private_credit,2021,persistence_scarcity,11.3595044648168,3.7451356830409903
ZMB-fed(KEN+TZA+UGA),2020,1,private_credit,2021,chronos_scarcity,11.3595044648168,4.087310644242644
ZMB-fed(KEN+TZA+UGA),2020,1,private_credit,2021,gnn_scarcity,11.3595044648168,4.216621633816013
ZMB-fed(KEN+TZA+UGA),2020,3,private_credit,2023,persistence,15.6263060649433,0.46275150154719924
ZMB-fed(KEN+TZA+UGA),2020,3,private_credit,2023,arima,15.6263060649433,0.39003839560425035
ZMB-fed(KEN+TZA+UGA),2020,3,private_credit,2023,chronos,15.6263060649433,0.2305693706073626
ZMB-fed(KEN+TZA+UGA),2020,3,private_credit,2023,xgb_blind,15.6263060649433,0.9424176136455671
ZMB-fed(KEN+TZA+UGA),2020,3,private_credit,2023,xgb_lag,15.6263060649433,1.6485905567608015
ZMB-fed(KEN+TZA+UGA),2020,3,private_credit,2023,xgb_typed,15.6263060649433,2.2415261188945905
ZMB-fed(KEN+TZA+UGA),2020,3,private_credit,2023,lgbm_blind,15.6263060649433,1.1689216148482604
ZMB-fed(KEN+TZA+UGA),2020,3,private_credit,2023,lgbm_lag,15.6263060649433,1.1689216148482604
ZMB-fed(KEN+TZA+UGA),2020,3,private_credit,2023,lgbm_typed,15.6263060649433,1.1689216148482604
ZMB-fed(KEN+TZA+UGA),2020,3,private_credit,2023,tft,15.6263060649433,0.2534546931781634
ZMB-fed(KEN+TZA+UGA),2020,3,private_credit,2023,tgcn,15.6263060649433,
ZMB-fed(KEN+TZA+UGA),2020,3,private_credit,2023,persistence_scarcity,15.6263060649433,3.3125277819763603
ZMB-fed(KEN+TZA+UGA),2020,3,private_credit,2023,chronos_scarcity,15.6263060649433,0.24982538434252177
ZMB-fed(KEN+TZA+UGA),2020,3,private_credit,2023,gnn_scarcity,15.6263060649433,0.0671782573261126
ZMB-fed(KEN+TZA+UGA),2020,1,govt_consumption,2021,persistence,11.5310478017208,3.158593915880701
ZMB-fed(KEN+TZA+UGA),2020,1,govt_consumption,2021,arima,11.5310478017208,4.200737515487861
ZMB-fed(KEN+TZA+UGA),2020,1,govt_consumption,2021,chronos,11.5310478017208,3.161328335058986
ZMB-fed(KEN+TZA+UGA),2020,1,govt_consumption,2021,xgb_blind,11.5310478017208,2.7828884317997087
ZMB-fed(KEN+TZA+UGA),2020,1,govt_consumption,2021,xgb_lag,11.5310478017208,4.200737515487861
ZMB-fed(KEN+TZA+UGA),2020,1,govt_consumption,2021,xgb_typed,11.5310478017208,4.200737515487861
ZMB-fed(KEN+TZA+UGA),2020,1,govt_consumption,2021,lgbm_blind,11.5310478017208,1.145058231103123
ZMB-fed(KEN+TZA+UGA),2020,1,govt_consumption,2021,lgbm_lag,11.5310478017208,4.200737515487861
ZMB-fed(KEN+TZA+UGA),2020,1,govt_consumption,2021,lgbm_typed,11.5310478017208,4.200737515487861
ZMB-fed(KEN+TZA+UGA),2020,1,govt_consumption,2021,tft,11.5310478017208,3.850871105444728
ZMB-fed(KEN+TZA+UGA),2020,1,govt_consumption,2021,tgcn,11.5310478017208,
ZMB-fed(KEN+TZA+UGA),2020,1,govt_consumption,2021,persistence_scarcity,11.5310478017208,3.158593915880701
ZMB-fed(KEN+TZA+UGA),2020,1,govt_consumption,2021,chronos_scarcity,11.5310478017208,3.161328335058986
ZMB-fed(KEN+TZA+UGA),2020,1,govt_consumption,2021,gnn_scarcity,11.5310478017208,1.1517219350215804
ZMB-fed(KEN+TZA+UGA),2020,3,govt_consumption,2023,persistence,13.312782708599,1.3768590090024997
ZMB-fed(KEN+TZA+UGA),2020,3,govt_consumption,2023,arima,13.312782708599,2.182542522264775
ZMB-fed(KEN+TZA+UGA),2020,3,govt_consumption,2023,chronos,13.312782708599,0.7737231812935779
ZMB-fed(KEN+TZA+UGA),2020,3,govt_consumption,2023,xgb_blind,13.312782708599,0.9528527818184802
ZMB-fed(KEN+TZA+UGA),2020,3,govt_consumption,2023,xgb_lag,13.312782708599,2.182542522264775
ZMB-fed(KEN+TZA+UGA),2020,3,govt_consumption,2023,xgb_typed,13.312782708599,2.182542522264775
ZMB-fed(KEN+TZA+UGA),2020,3,govt_consumption,2023,lgbm_blind,13.312782708599,2.803052778266272
ZMB-fed(KEN+TZA+UGA),2020,3,govt_consumption,2023,lgbm_lag,13.312782708599,2.182542522264775
ZMB-fed(KEN+TZA+UGA),2020,3,govt_consumption,2023,lgbm_typed,13.312782708599,2.182542522264775
ZMB-fed(KEN+TZA+UGA),2020,3,govt_consumption,2023,tft,13.312782708599,2.860423620746703
ZMB-fed(KEN+TZA+UGA),2020,3,govt_consumption,2023,tgcn,13.312782708599,
ZMB-fed(KEN+TZA+UGA),2020,3,govt_consumption,2023,persistence_scarcity,13.312782708599,1.3768590090024997
ZMB-fed(KEN+TZA+UGA),2020,3,govt_consumption,2023,chronos_scarcity,13.312782708599,0.7737231812935779
ZMB-fed(KEN+TZA+UGA),2020,3,govt_consumption,2023,gnn_scarcity,13.312782708599,2.5934204496878674
ZMB-fed(KEN+TZA+UGA),2021,1,gdp_growth,2022,persistence,5.21122360356247,1.0236984437020107
ZMB-fed(KEN+TZA+UGA),2021,1,gdp_growth,2022,arima,5.21122360356247,4.36729832719407
ZMB-fed(KEN+TZA+UGA),2021,1,gdp_growth,2022,chronos,5.21122360356247,0.14308166377151466
ZMB-fed(KEN+TZA+UGA),2021,1,gdp_growth,2022,xgb_blind,5.21122360356247,1.0911221516886904
ZMB-fed(KEN+TZA+UGA),2021,1,gdp_growth,2022,xgb_lag,5.21122360356247,4.36729832719407
ZMB-fed(KEN+TZA+UGA),2021,1,gdp_growth,2022,xgb_typed,5.21122360356247,4.36729832719407
ZMB-fed(KEN+TZA+UGA),2021,1,gdp_growth,2022,lgbm_blind,5.21122360356247,0.8845889851388309
ZMB-fed(KEN+TZA+UGA),2021,1,gdp_growth,2022,lgbm_lag,5.21122360356247,4.36729832719407
ZMB-fed(KEN+TZA+UGA),2021,1,gdp_growth,2022,lgbm_typed,5.21122360356247,4.36729832719407
ZMB-fed(KEN+TZA+UGA),2021,1,gdp_growth,2022,tft,5.21122360356247,4.207415579481964
ZMB-fed(KEN+TZA+UGA),2021,1,gdp_growth,2022,tgcn,5.21122360356247,
ZMB-fed(KEN+TZA+UGA),2021,1,gdp_growth,2022,persistence_scarcity,5.21122360356247,1.0236984437020107
ZMB-fed(KEN+TZA+UGA),2021,1,gdp_growth,2022,chronos_scarcity,5.21122360356247,0.14308166377151466
ZMB-fed(KEN+TZA+UGA),2021,1,gdp_growth,2022,gnn_scarcity,5.21122360356247,0.9223179829875185
ZMB-fed(KEN+TZA+UGA),2021,1,inflation_cpi,2022,persistence,10.9932039209136,11.0275637036641
ZMB-fed(KEN+TZA+UGA),2021,1,inflation_cpi,2022,arima,10.9932039209136,11.155842761780441
ZMB-fed(KEN+TZA+UGA),2021,1,inflation_cpi,2022,chronos,10.9932039209136,12.443567471908665
ZMB-fed(KEN+TZA+UGA),2021,1,inflation_cpi,2022,xgb_blind,10.9932039209136,0.07950667817678436
ZMB-fed(KEN+TZA+UGA),2021,1,inflation_cpi,2022,xgb_lag,10.9932039209136,11.155842761780441
ZMB-fed(KEN+TZA+UGA),2021,1,inflation_cpi,2022,xgb_typed,10.9932039209136,11.155842761780441
ZMB-fed(KEN+TZA+UGA),2021,1,inflation_cpi,2022,lgbm_blind,10.9932039209136,19.750242613766183
ZMB-fed(KEN+TZA+UGA),2021,1,inflation_cpi,2022,lgbm_lag,10.9932039209136,11.155842761780441
ZMB-fed(KEN+TZA+UGA),2021,1,inflation_cpi,2022,lgbm_typed,10.9932039209136,11.155842761780441
ZMB-fed(KEN+TZA+UGA),2021,1,inflation_cpi,2022,tft,10.9932039209136,12.082903104232884
ZMB-fed(KEN+TZA+UGA),2021,1,inflation_cpi,2022,tgcn,10.9932039209136,
ZMB-fed(KEN+TZA+UGA),2021,1,inflation_cpi,2022,persistence_scarcity,10.9932039209136,11.0275637036641
ZMB-fed(KEN+TZA+UGA),2021,1,inflation_cpi,2022,chronos_scarcity,10.9932039209136,12.443567471908665
ZMB-fed(KEN+TZA+UGA),2021,1,inflation_cpi,2022,gnn_scarcity,10.9932039209136,23.38572903196726
ZMB-fed(KEN+TZA+UGA),2021,1,unemployment,2022,persistence,5.993,0.7960000000000003
ZMB-fed(KEN+TZA+UGA),2021,1,unemployment,2022,arima,5.993,1.1258876940638878
ZMB-fed(KEN+TZA+UGA),2021,1,unemployment,2022,chronos,5.993,1.368097751617432
ZMB-fed(KEN+TZA+UGA),2021,1,unemployment,2022,xgb_blind,5.993,4.286637336730957
ZMB-fed(KEN+TZA+UGA),2021,1,unemployment,2022,xgb_lag,5.993,1.1258876940638878
ZMB-fed(KEN+TZA+UGA),2021,1,unemployment,2022,xgb_typed,5.993,1.1258876940638878
ZMB-fed(KEN+TZA+UGA),2021,1,unemployment,2022,lgbm_blind,5.993,5.569032268893334
ZMB-fed(KEN+TZA+UGA),2021,1,unemployment,2022,lgbm_lag,5.993,1.1258876940638878
ZMB-fed(KEN+TZA+UGA),2021,1,unemployment,2022,lgbm_typed,5.993,1.1258876940638878
ZMB-fed(KEN+TZA+UGA),2021,1,unemployment,2022,tft,5.993,0.745994537353516
ZMB-fed(KEN+TZA+UGA),2021,1,unemployment,2022,tgcn,5.993,
ZMB-fed(KEN+TZA+UGA),2021,1,unemployment,2022,persistence_scarcity,5.993,0.7960000000000003
ZMB-fed(KEN+TZA+UGA),2021,1,unemployment,2022,chronos_scarcity,5.993,1.368097751617432
ZMB-fed(KEN+TZA+UGA),2021,1,unemployment,2022,gnn_scarcity,5.993,5.937344581604004
ZMB-fed(KEN+TZA+UGA),2021,1,exports_gdp,2022,persistence,40.1939977114306,12.022092306888602
ZMB-fed(KEN+TZA+UGA),2021,1,exports_gdp,2022,arima,40.1939977114306,12.152210166939952
ZMB-fed(KEN+TZA+UGA),2021,1,exports_gdp,2022,chronos,40.1939977114306,11.011477142085027
ZMB-fed(KEN+TZA+UGA),2021,1,exports_gdp,2022,xgb_blind,40.1939977114306,1.201562256108332
ZMB-fed(KEN+TZA+UGA),2021,1,exports_gdp,2022,xgb_lag,40.1939977114306,12.152210166939952
ZMB-fed(KEN+TZA+UGA),2021,1,exports_gdp,2022,xgb_typed,40.1939977114306,12.152210166939952
ZMB-fed(KEN+TZA+UGA),2021,1,exports_gdp,2022,lgbm_blind,40.1939977114306,6.7606051559476725
ZMB-fed(KEN+TZA+UGA),2021,1,exports_gdp,2022,lgbm_lag,40.1939977114306,12.152210166939952
ZMB-fed(KEN+TZA+UGA),2021,1,exports_gdp,2022,lgbm_typed,40.1939977114306,12.152210166939952
ZMB-fed(KEN+TZA+UGA),2021,1,exports_gdp,2022,tft,40.1939977114306,10.603830962885809
ZMB-fed(KEN+TZA+UGA),2021,1,exports_gdp,2022,tgcn,40.1939977114306,
ZMB-fed(KEN+TZA+UGA),2021,1,exports_gdp,2022,persistence_scarcity,40.1939977114306,12.022092306888602
ZMB-fed(KEN+TZA+UGA),2021,1,exports_gdp,2022,chronos_scarcity,40.1939977114306,11.011477142085027
ZMB-fed(KEN+TZA+UGA),2021,1,exports_gdp,2022,gnn_scarcity,40.1939977114306,6.5930150454149725
ZMB-fed(KEN+TZA+UGA),2021,1,imports_gdp,2022,persistence,29.1033177078897,4.889103467255602
ZMB-fed(KEN+TZA+UGA),2021,1,imports_gdp,2022,arima,29.1033177078897,4.789098849895694
ZMB-fed(KEN+TZA+UGA),2021,1,imports_gdp,2022,chronos,29.1033177078897,5.802238017207955
ZMB-fed(KEN+TZA+UGA),2021,1,imports_gdp,2022,xgb_blind,29.1033177078897,4.732032328731393
ZMB-fed(KEN+TZA+UGA),2021,1,imports_gdp,2022,xgb_lag,29.1033177078897,4.789098849895694
ZMB-fed(KEN+TZA+UGA),2021,1,imports_gdp,2022,xgb_typed,29.1033177078897,4.789098849895694
ZMB-fed(KEN+TZA+UGA),2021,1,imports_gdp,2022,lgbm_blind,29.1033177078897,5.294786006099557
ZMB-fed(KEN+TZA+UGA),2021,1,imports_gdp,2022,lgbm_lag,29.1033177078897,4.789098849895694
ZMB-fed(KEN+TZA+UGA),2021,1,imports_gdp,2022,lgbm_typed,29.1033177078897,4.789098849895694
ZMB-fed(KEN+TZA+UGA),2021,1,imports_gdp,2022,tft,29.1033177078897,4.929244547969674
ZMB-fed(KEN+TZA+UGA),2021,1,imports_gdp,2022,tgcn,29.1033177078897,
ZMB-fed(KEN+TZA+UGA),2021,1,imports_gdp,2022,persistence_scarcity,29.1033177078897,4.889103467255602
ZMB-fed(KEN+TZA+UGA),2021,1,imports_gdp,2022,chronos_scarcity,29.1033177078897,5.802238017207955
ZMB-fed(KEN+TZA+UGA),2021,1,imports_gdp,2022,gnn_scarcity,29.1033177078897,5.380233317500924
ZMB-fed(KEN+TZA+UGA),2021,1,current_account,2022,persistence,3.74784661580661,8.15250473769819
ZMB-fed(KEN+TZA+UGA),2021,1,current_account,2022,arima,3.74784661580661,8.139055470427142
ZMB-fed(KEN+TZA+UGA),2021,1,current_account,2022,chronos,3.74784661580661,8.07722662638089
ZMB-fed(KEN+TZA+UGA),2021,1,current_account,2022,xgb_blind,3.74784661580661,8.227314007774384
ZMB-fed(KEN+TZA+UGA),2021,1,current_account,2022,xgb_lag,3.74784661580661,8.139055470427142
ZMB-fed(KEN+TZA+UGA),2021,1,current_account,2022,xgb_typed,3.74784661580661,8.139055470427142
ZMB-fed(KEN+TZA+UGA),2021,1,current_account,2022,lgbm_blind,3.74784661580661,7.84331616558558
ZMB-fed(KEN+TZA+UGA),2021,1,current_account,2022,lgbm_lag,3.74784661580661,8.139055470427142
ZMB-fed(KEN+TZA+UGA),2021,1,current_account,2022,lgbm_typed,3.74784661580661,8.139055470427142
ZMB-fed(KEN+TZA+UGA),2021,1,current_account,2022,tft,3.74784661580661,7.294493662818878
ZMB-fed(KEN+TZA+UGA),2021,1,current_account,2022,tgcn,3.74784661580661,
ZMB-fed(KEN+TZA+UGA),2021,1,current_account,2022,persistence_scarcity,3.74784661580661,8.15250473769819
ZMB-fed(KEN+TZA+UGA),2021,1,current_account,2022,chronos_scarcity,3.74784661580661,8.07722662638089
ZMB-fed(KEN+TZA+UGA),2021,1,current_account,2022,gnn_scarcity,3.74784661580661,8.038937104240448
ZMB-fed(KEN+TZA+UGA),2021,1,real_interest_rate,2022,persistence,-3.89303245264567,0.0
ZMB-fed(KEN+TZA+UGA),2021,1,real_interest_rate,2022,arima,-3.89303245264567,0.0
ZMB-fed(KEN+TZA+UGA),2021,1,real_interest_rate,2022,chronos,-3.89303245264567,3.091872593942057
ZMB-fed(KEN+TZA+UGA),2021,1,real_interest_rate,2022,xgb_blind,-3.89303245264567,4.005437380257021
ZMB-fed(KEN+TZA+UGA),2021,1,real_interest_rate,2022,xgb_lag,-3.89303245264567,0.0
ZMB-fed(KEN+TZA+UGA),2021,1,real_interest_rate,2022,xgb_typed,-3.89303245264567,0.0
ZMB-fed(KEN+TZA+UGA),2021,1,real_interest_rate,2022,lgbm_blind,-3.89303245264567,8.612094471424687
ZMB-fed(KEN+TZA+UGA),2021,1,real_interest_rate,2022,lgbm_lag,-3.89303245264567,0.0
ZMB-fed(KEN+TZA+UGA),2021,1,real_interest_rate,2022,lgbm_typed,-3.89303245264567,0.0
ZMB-fed(KEN+TZA+UGA),2021,1,real_interest_rate,2022,tft,-3.89303245264567,0.0628086118074549
ZMB-fed(KEN+TZA+UGA),2021,1,real_interest_rate,2022,tgcn,-3.89303245264567,
ZMB-fed(KEN+TZA+UGA),2021,1,real_interest_rate,2022,persistence_scarcity,-3.89303245264567,0.0
ZMB-fed(KEN+TZA+UGA),2021,1,real_interest_rate,2022,chronos_scarcity,-3.89303245264567,3.091872593942057
ZMB-fed(KEN+TZA+UGA),2021,1,real_interest_rate,2022,gnn_scarcity,-3.89303245264567,7.809173008981119
ZMB-fed(KEN+TZA+UGA),2021,1,broad_money,2022,persistence,27.1271206443926,2.795937795738901
ZMB-fed(KEN+TZA+UGA),2021,1,broad_money,2022,arima,27.1271206443926,0.17142195957601558
ZMB-fed(KEN+TZA+UGA),2021,1,broad_money,2022,chronos,27.1271206443926,3.3884579246660387
ZMB-fed(KEN+TZA+UGA),2021,1,broad_money,2022,xgb_blind,27.1271206443926,3.4892078941484606
ZMB-fed(KEN+TZA+UGA),2021,1,broad_money,2022,xgb_lag,27.1271206443926,0.17142195957601558
ZMB-fed(KEN+TZA+UGA),2021,1,broad_money,2022,xgb_typed,27.1271206443926,0.17142195957601558
ZMB-fed(KEN+TZA+UGA),2021,1,broad_money,2022,lgbm_blind,27.1271206443926,7.574158002830416
ZMB-fed(KEN+TZA+UGA),2021,1,broad_money,2022,lgbm_lag,27.1271206443926,0.17142195957601558
ZMB-fed(KEN+TZA+UGA),2021,1,broad_money,2022,lgbm_typed,27.1271206443926,0.17142195957601558
ZMB-fed(KEN+TZA+UGA),2021,1,broad_money,2022,tft,27.1271206443926,2.396869332136742
ZMB-fed(KEN+TZA+UGA),2021,1,broad_money,2022,tgcn,27.1271206443926,
ZMB-fed(KEN+TZA+UGA),2021,1,broad_money,2022,persistence_scarcity,27.1271206443926,2.795937795738901
ZMB-fed(KEN+TZA+UGA),2021,1,broad_money,2022,chronos_scarcity,27.1271206443926,3.3884579246660387
ZMB-fed(KEN+TZA+UGA),2021,1,broad_money,2022,gnn_scarcity,27.1271206443926,7.398799568953148
ZMB-fed(KEN+TZA+UGA),2021,1,private_credit,2022,persistence,12.9750888260207,1.6155843612039007
ZMB-fed(KEN+TZA+UGA),2021,1,private_credit,2022,arima,12.9750888260207,1.118099981951449
ZMB-fed(KEN+TZA+UGA),2021,1,private_credit,2022,chronos,12.9750888260207,1.6612841995558565
ZMB-fed(KEN+TZA+UGA),2021,1,private_credit,2022,xgb_blind,12.9750888260207,0.5509560195603544
ZMB-fed(KEN+TZA+UGA),2021,1,private_credit,2022,xgb_lag,12.9750888260207,0.7787787826857393
ZMB-fed(KEN+TZA+UGA),2021,1,private_credit,2022,xgb_typed,12.9750888260207,0.6606371490159209
ZMB-fed(KEN+TZA+UGA),2021,1,private_credit,2022,lgbm_blind,12.9750888260207,1.3330462373967968
ZMB-fed(KEN+TZA+UGA),2021,1,private_credit,2022,lgbm_lag,12.9750888260207,1.3330462373967968
ZMB-fed(KEN+TZA+UGA),2021,1,private_credit,2022,lgbm_typed,12.9750888260207,1.3330462373967968
ZMB-fed(KEN+TZA+UGA),2021,1,private_credit,2022,tft,12.9750888260207,0.5309174148240263
ZMB-fed(KEN+TZA+UGA),2021,1,private_credit,2022,tgcn,12.9750888260207,
ZMB-fed(KEN+TZA+UGA),2021,1,private_credit,2022,persistence_scarcity,12.9750888260207,2.028999882587186
ZMB-fed(KEN+TZA+UGA),2021,1,private_credit,2022,chronos_scarcity,12.9750888260207,0.6069052167025397
ZMB-fed(KEN+TZA+UGA),2021,1,private_credit,2022,gnn_scarcity,12.9750888260207,2.061178454557913
ZMB-fed(KEN+TZA+UGA),2021,1,govt_consumption,2022,persistence,14.4528290197612,2.921781218040401
ZMB-fed(KEN+TZA+UGA),2021,1,govt_consumption,2022,arima,14.4528290197612,2.5517326315676048
ZMB-fed(KEN+TZA+UGA),2021,1,govt_consumption,2022,chronos,14.4528290197612,3.583528177476044
ZMB-fed(KEN+TZA+UGA),2021,1,govt_consumption,2022,xgb_blind,14.4528290197612,2.744368211960907
ZMB-fed(KEN+TZA+UGA),2021,1,govt_consumption,2022,xgb_lag,14.4528290197612,2.5517326315676048
ZMB-fed(KEN+TZA+UGA),2021,1,govt_consumption,2022,xgb_typed,14.4528290197612,2.5517326315676048
ZMB-fed(KEN+TZA+UGA),2021,1,govt_consumption,2022,lgbm_blind,14.4528290197612,4.029902086226516
ZMB-fed(KEN+TZA+UGA),2021,1,govt_consumption,2022,lgbm_lag,14.4528290197612,2.5517326315676048
ZMB-fed(KEN+TZA+UGA),2021,1,govt_consumption,2022,lgbm_typed,14.4528290197612,2.5517326315676048
ZMB-fed(KEN+TZA+UGA),2021,1,govt_consumption,2022,tft,14.4528290197612,2.774157182908173
ZMB-fed(KEN+TZA+UGA),2021,1,govt_consumption,2022,tgcn,14.4528290197612,
ZMB-fed(KEN+TZA+UGA),2021,1,govt_consumption,2022,persistence_scarcity,14.4528290197612,2.921781218040401
ZMB-fed(KEN+TZA+UGA),2021,1,govt_consumption,2022,chronos_scarcity,14.4528290197612,3.583528177476044
ZMB-fed(KEN+TZA+UGA),2021,1,govt_consumption,2022,gnn_scarcity,14.4528290197612,4.008072511887665
ZMB-fed(KEN+TZA+UGA),2022,1,gdp_growth,2023,persistence,5.36794285493059,0.15671925136811993
ZMB-fed(KEN+TZA+UGA),2022,1,gdp_growth,2023,arima,5.36794285493059,0.3976888513390948
ZMB-fed(KEN+TZA+UGA),2022,1,gdp_growth,2023,chronos,5.36794285493059,0.398029372264574
ZMB-fed(KEN+TZA+UGA),2022,1,gdp_growth,2023,xgb_blind,5.36794285493059,0.3511548491017322
ZMB-fed(KEN+TZA+UGA),2022,1,gdp_growth,2023,xgb_lag,5.36794285493059,0.3976888513390948
ZMB-fed(KEN+TZA+UGA),2022,1,gdp_growth,2023,xgb_typed,5.36794285493059,0.3976888513390948
ZMB-fed(KEN+TZA+UGA),2022,1,gdp_growth,2023,lgbm_blind,5.36794285493059,1.0136648307609732
ZMB-fed(KEN+TZA+UGA),2022,1,gdp_growth,2023,lgbm_lag,5.36794285493059,0.3976888513390948
ZMB-fed(KEN+TZA+UGA),2022,1,gdp_growth,2023,lgbm_typed,5.36794285493059,0.3976888513390948
ZMB-fed(KEN+TZA+UGA),2022,1,gdp_growth,2023,tft,5.36794285493059,1.078995659778883
ZMB-fed(KEN+TZA+UGA),2022,1,gdp_growth,2023,tgcn,5.36794285493059,
ZMB-fed(KEN+TZA+UGA),2022,1,gdp_growth,2023,persistence_scarcity,5.36794285493059,0.15671925136811993
ZMB-fed(KEN+TZA+UGA),2022,1,gdp_growth,2023,chronos_scarcity,5.36794285493059,0.398029372264574
ZMB-fed(KEN+TZA+UGA),2022,1,gdp_growth,2023,gnn_scarcity,5.36794285493059,1.0599427671925525
ZMB-fed(KEN+TZA+UGA),2022,1,inflation_cpi,2023,persistence,10.884531691282,0.10867222963160117
ZMB-fed(KEN+TZA+UGA),2022,1,inflation_cpi,2023,arima,10.884531691282,0.0834735887319642
ZMB-fed(KEN+TZA+UGA),2022,1,inflation_cpi,2023,chronos,10.884531691282,1.1285597827126637
ZMB-fed(KEN+TZA+UGA),2022,1,inflation_cpi,2023,xgb_blind,10.884531691282,0.7297938320944652
ZMB-fed(KEN+TZA+UGA),2022,1,inflation_cpi,2023,xgb_lag,10.884531691282,0.0834735887319642
ZMB-fed(KEN+TZA+UGA),2022,1,inflation_cpi,2023,xgb_typed,10.884531691282,0.0834735887319642
ZMB-fed(KEN+TZA+UGA),2022,1,inflation_cpi,2023,lgbm_blind,10.884531691282,19.241719767839705
ZMB-fed(KEN+TZA+UGA),2022,1,inflation_cpi,2023,lgbm_lag,10.884531691282,0.0834735887319642
ZMB-fed(KEN+TZA+UGA),2022,1,inflation_cpi,2023,lgbm_typed,10.884531691282,0.0834735887319642
ZMB-fed(KEN+TZA+UGA),2022,1,inflation_cpi,2023,tft,10.884531691282,0.5789568875143871
ZMB-fed(KEN+TZA+UGA),2022,1,inflation_cpi,2023,tgcn,10.884531691282,
ZMB-fed(KEN+TZA+UGA),2022,1,inflation_cpi,2023,persistence_scarcity,10.884531691282,0.10867222963160117
ZMB-fed(KEN+TZA+UGA),2022,1,inflation_cpi,2023,chronos_scarcity,10.884531691282,1.1285597827126637
ZMB-fed(KEN+TZA+UGA),2022,1,inflation_cpi,2023,gnn_scarcity,10.884531691282,22.69045381286839
ZMB-fed(KEN+TZA+UGA),2022,1,unemployment,2023,persistence,5.861,0.13200000000000056
ZMB-fed(KEN+TZA+UGA),2022,1,unemployment,2023,arima,5.861,0.4360448335024252
ZMB-fed(KEN+TZA+UGA),2022,1,unemployment,2023,chronos,5.861,0.3981614723205569
ZMB-fed(KEN+TZA+UGA),2022,1,unemployment,2023,xgb_blind,5.861,0.06227213287353539
ZMB-fed(KEN+TZA+UGA),2022,1,unemployment,2023,xgb_lag,5.861,0.4360448335024252
ZMB-fed(KEN+TZA+UGA),2022,1,unemployment,2023,xgb_typed,5.861,0.4360448335024252
ZMB-fed(KEN+TZA+UGA),2022,1,unemployment,2023,lgbm_blind,5.861,5.527000011444092
ZMB-fed(KEN+TZA+UGA),2022,1,unemployment,2023,lgbm_lag,5.861,0.4360448335024252
ZMB-fed(KEN+TZA+UGA),2022,1,unemployment,2023,lgbm_typed,5.861,0.4360448335024252
ZMB-fed(KEN+TZA+UGA),2022,1,unemployment,2023,tft,5.861,0.37189871215820336
ZMB-fed(KEN+TZA+UGA),2022,1,unemployment,2023,tgcn,5.861,
ZMB-fed(KEN+TZA+UGA),2022,1,unemployment,2023,persistence_scarcity,5.861,0.13200000000000056
ZMB-fed(KEN+TZA+UGA),2022,1,unemployment,2023,chronos_scarcity,5.861,0.3981614723205569
ZMB-fed(KEN+TZA+UGA),2022,1,unemployment,2023,gnn_scarcity,5.861,5.881059707641602
ZMB-fed(KEN+TZA+UGA),2022,1,exports_gdp,2023,persistence,40.8461239686718,0.6521262572411999
ZMB-fed(KEN+TZA+UGA),2022,1,exports_gdp,2023,arima,40.8461239686718,0.9346311240302398
ZMB-fed(KEN+TZA+UGA),2022,1,exports_gdp,2023,chronos,40.8461239686718,1.6514218202342974
ZMB-fed(KEN+TZA+UGA),2022,1,exports_gdp,2023,xgb_blind,40.8461239686718,0.2908122190723432
ZMB-fed(KEN+TZA+UGA),2022,1,exports_gdp,2023,xgb_lag,40.8461239686718,0.9346311240302398
ZMB-fed(KEN+TZA+UGA),2022,1,exports_gdp,2023,xgb_typed,40.8461239686718,0.9346311240302398
ZMB-fed(KEN+TZA+UGA),2022,1,exports_gdp,2023,lgbm_blind,40.8461239686718,7.201462542127608
ZMB-fed(KEN+TZA+UGA),2022,1,exports_gdp,2023,lgbm_lag,40.8461239686718,0.9346311240302398
ZMB-fed(KEN+TZA+UGA),2022,1,exports_gdp,2023,lgbm_typed,40.8461239686718,0.9346311240302398
ZMB-fed(KEN+TZA+UGA),2022,1,exports_gdp,2023,tft,40.8461239686718,0.7674815305957807
ZMB-fed(KEN+TZA+UGA),2022,1,exports_gdp,2023,tgcn,40.8461239686718,
ZMB-fed(KEN+TZA+UGA),2022,1,exports_gdp,2023,persistence_scarcity,40.8461239686718,0.6521262572411999
ZMB-fed(KEN+TZA+UGA),2022,1,exports_gdp,2023,chronos_scarcity,40.8461239686718,1.6514218202342974
ZMB-fed(KEN+TZA+UGA),2022,1,exports_gdp,2023,gnn_scarcity,40.8461239686718,7.057091986249922
ZMB-fed(KEN+TZA+UGA),2022,1,imports_gdp,2023,persistence,37.3957630764767,8.292445368586996
ZMB-fed(KEN+TZA+UGA),2022,1,imports_gdp,2023,arima,37.3957630764767,7.8586965850578885
ZMB-fed(KEN+TZA+UGA),2022,1,imports_gdp,2023,chronos,37.3957630764767,6.540698684386854
ZMB-fed(KEN+TZA+UGA),2022,1,imports_gdp,2023,xgb_blind,37.3957630764767,4.5595509182735725
ZMB-fed(KEN+TZA+UGA),2022,1,imports_gdp,2023,xgb_lag,37.3957630764767,7.8586965850578885
ZMB-fed(KEN+TZA+UGA),2022,1,imports_gdp,2023,xgb_typed,37.3957630764767,7.8586965850578885
ZMB-fed(KEN+TZA+UGA),2022,1,imports_gdp,2023,lgbm_blind,37.3957630764767,3.1631214391514106
ZMB-fed(KEN+TZA+UGA),2022,1,imports_gdp,2023,lgbm_lag,37.3957630764767,7.8586965850578885
ZMB-fed(KEN+TZA+UGA),2022,1,imports_gdp,2023,lgbm_typed,37.3957630764767,7.8586965850578885
ZMB-fed(KEN+TZA+UGA),2022,1,imports_gdp,2023,tft,37.3957630764767,9.842448867492323
ZMB-fed(KEN+TZA+UGA),2022,1,imports_gdp,2023,tgcn,37.3957630764767,
ZMB-fed(KEN+TZA+UGA),2022,1,imports_gdp,2023,persistence_scarcity,37.3957630764767,8.292445368586996
ZMB-fed(KEN+TZA+UGA),2022,1,imports_gdp,2023,chronos_scarcity,37.3957630764767,6.540698684386854
ZMB-fed(KEN+TZA+UGA),2022,1,imports_gdp,2023,gnn_scarcity,37.3957630764767,3.0809055935665413
ZMB-fed(KEN+TZA+UGA),2022,1,current_account,2023,persistence,-3.03751016927581,6.785356785082421
ZMB-fed(KEN+TZA+UGA),2022,1,current_account,2023,arima,-3.03751016927581,7.796061870901509
ZMB-fed(KEN+TZA+UGA),2022,1,current_account,2023,chronos,-3.03751016927581,4.418370259531548
ZMB-fed(KEN+TZA+UGA),2022,1,current_account,2023,xgb_blind,-3.03751016927581,9.08694626165252
ZMB-fed(KEN+TZA+UGA),2022,1,current_account,2023,xgb_lag,-3.03751016927581,7.796061870901509
ZMB-fed(KEN+TZA+UGA),2022,1,current_account,2023,xgb_typed,-3.03751016927581,7.796061870901509
ZMB-fed(KEN+TZA+UGA),2022,1,current_account,2023,lgbm_blind,-3.03751016927581,0.8128557507165177
ZMB-fed(KEN+TZA+UGA),2022,1,current_account,2023,lgbm_lag,-3.03751016927581,7.796061870901509
ZMB-fed(KEN+TZA+UGA),2022,1,current_account,2023,lgbm_typed,-3.03751016927581,7.796061870901509
ZMB-fed(KEN+TZA+UGA),2022,1,current_account,2023,tft,-3.03751016927581,7.587351573236992
ZMB-fed(KEN+TZA+UGA),2022,1,current_account,2023,tgcn,-3.03751016927581,
ZMB-fed(KEN+TZA+UGA),2022,1,current_account,2023,persistence_scarcity,-3.03751016927581,6.785356785082421
ZMB-fed(KEN+TZA+UGA),2022,1,current_account,2023,chronos_scarcity,-3.03751016927581,4.418370259531548
ZMB-fed(KEN+TZA+UGA),2022,1,current_account,2023,gnn_scarcity,-3.03751016927581,1.026004063359688
ZMB-fed(KEN+TZA+UGA),2022,1,real_interest_rate,2023,persistence,-3.89303245264567,0.0
ZMB-fed(KEN+TZA+UGA),2022,1,real_interest_rate,2023,arima,-3.89303245264567,0.0
ZMB-fed(KEN+TZA+UGA),2022,1,real_interest_rate,2023,chronos,-3.89303245264567,0.7939661951688635
ZMB-fed(KEN+TZA+UGA),2022,1,real_interest_rate,2023,xgb_blind,-3.89303245264567,0.7542830916074621
ZMB-fed(KEN+TZA+UGA),2022,1,real_interest_rate,2023,xgb_lag,-3.89303245264567,0.0
ZMB-fed(KEN+TZA+UGA),2022,1,real_interest_rate,2023,xgb_typed,-3.89303245264567,0.0
ZMB-fed(KEN+TZA+UGA),2022,1,real_interest_rate,2023,lgbm_blind,-3.89303245264567,8.342966516124974
ZMB-fed(KEN+TZA+UGA),2022,1,real_interest_rate,2023,lgbm_lag,-3.89303245264567,0.0
ZMB-fed(KEN+TZA+UGA),2022,1,real_interest_rate,2023,lgbm_typed,-3.89303245264567,0.0
ZMB-fed(KEN+TZA+UGA),2022,1,real_interest_rate,2023,tft,-3.89303245264567,0.2130996199277746
ZMB-fed(KEN+TZA+UGA),2022,1,real_interest_rate,2023,tgcn,-3.89303245264567,
ZMB-fed(KEN+TZA+UGA),2022,1,real_interest_rate,2023,persistence_scarcity,-3.89303245264567,0.0
ZMB-fed(KEN+TZA+UGA),2022,1,real_interest_rate,2023,chronos_scarcity,-3.89303245264567,0.7939661951688635
ZMB-fed(KEN+TZA+UGA),2022,1,real_interest_rate,2023,gnn_scarcity,-3.89303245264567,7.540218255105387
ZMB-fed(KEN+TZA+UGA),2022,1,broad_money,2023,persistence,29.9485428239886,2.8214221795959986
ZMB-fed(KEN+TZA+UGA),2022,1,broad_money,2023,arima,29.9485428239886,3.9007083427079543
ZMB-fed(KEN+TZA+UGA),2022,1,broad_money,2023,chronos,29.9485428239886,4.333926429945631
ZMB-fed(KEN+TZA+UGA),2022,1,broad_money,2023,xgb_blind,29.9485428239886,3.294173469740553
ZMB-fed(KEN+TZA+UGA),2022,1,broad_money,2023,xgb_lag,29.9485428239886,3.9007083427079543
ZMB-fed(KEN+TZA+UGA),2022,1,broad_money,2023,xgb_typed,29.9485428239886,3.9007083427079543
ZMB-fed(KEN+TZA+UGA),2022,1,broad_money,2023,lgbm_blind,29.9485428239886,10.158887734610243
ZMB-fed(KEN+TZA+UGA),2022,1,broad_money,2023,lgbm_lag,29.9485428239886,3.9007083427079543
ZMB-fed(KEN+TZA+UGA),2022,1,broad_money,2023,lgbm_typed,29.9485428239886,3.9007083427079543
ZMB-fed(KEN+TZA+UGA),2022,1,broad_money,2023,tft,29.9485428239886,1.2981064226214123
ZMB-fed(KEN+TZA+UGA),2022,1,broad_money,2023,tgcn,29.9485428239886,
ZMB-fed(KEN+TZA+UGA),2022,1,broad_money,2023,persistence_scarcity,29.9485428239886,2.8214221795959986
ZMB-fed(KEN+TZA+UGA),2022,1,broad_money,2023,chronos_scarcity,29.9485428239886,4.333926429945631
ZMB-fed(KEN+TZA+UGA),2022,1,broad_money,2023,gnn_scarcity,29.9485428239886,9.998414268690748
ZMB-fed(KEN+TZA+UGA),2022,1,private_credit,2023,persistence,15.6263060649433,2.6512172389226
ZMB-fed(KEN+TZA+UGA),2022,1,private_credit,2023,arima,15.6263060649433,3.0022497176907823
ZMB-fed(KEN+TZA+UGA),2022,1,private_credit,2023,chronos,15.6263060649433,2.5681128581561907
ZMB-fed(KEN+TZA+UGA),2022,1,private_credit,2023,xgb_blind,15.6263060649433,2.6345086177387103
ZMB-fed(KEN+TZA+UGA),2022,1,private_credit,2023,xgb_lag,15.6263060649433,3.65463972888373
ZMB-fed(KEN+TZA+UGA),2022,1,private_credit,2023,xgb_typed,15.6263060649433,2.4425540050067767
ZMB-fed(KEN+TZA+UGA),2022,1,private_credit,2023,lgbm_blind,15.6263060649433,1.3598286887206896
ZMB-fed(KEN+TZA+UGA),2022,1,private_credit,2023,lgbm_lag,15.6263060649433,1.3598286887206896
ZMB-fed(KEN+TZA+UGA),2022,1,private_credit,2023,lgbm_typed,15.6263060649433,1.3598286887206896
ZMB-fed(KEN+TZA+UGA),2022,1,private_credit,2023,tft,15.6263060649433,2.16617537341498
ZMB-fed(KEN+TZA+UGA),2022,1,private_credit,2023,tgcn,15.6263060649433,
ZMB-fed(KEN+TZA+UGA),2022,1,private_credit,2023,persistence_scarcity,15.6263060649433,6.044929044266228
ZMB-fed(KEN+TZA+UGA),2022,1,private_credit,2023,chronos_scarcity,15.6263060649433,1.5803461990101226
ZMB-fed(KEN+TZA+UGA),2022,1,private_credit,2023,gnn_scarcity,15.6263060649433,3.7280097087421282
ZMB-fed(KEN+TZA+UGA),2022,1,govt_consumption,2023,persistence,13.312782708599,1.1400463111622
ZMB-fed(KEN+TZA+UGA),2022,1,govt_consumption,2023,arima,13.312782708599,0.43678588550913666
ZMB-fed(KEN+TZA+UGA),2022,1,govt_consumption,2023,chronos,13.312782708599,1.801334913776488
ZMB-fed(KEN+TZA+UGA),2022,1,govt_consumption,2023,xgb_blind,13.312782708599,1.2337707914847424
ZMB-fed(KEN+TZA+UGA),2022,1,govt_consumption,2023,xgb_lag,13.312782708599,0.43678588550913666
ZMB-fed(KEN+TZA+UGA),2022,1,govt_consumption,2023,xgb_typed,13.312782708599,0.43678588550913666
ZMB-fed(KEN+TZA+UGA),2022,1,govt_consumption,2023,lgbm_blind,13.312782708599,2.7639213242072156
ZMB-fed(KEN+TZA+UGA),2022,1,govt_consumption,2023,lgbm_lag,13.312782708599,0.43678588550913666
ZMB-fed(KEN+TZA+UGA),2022,1,govt_consumption,2023,lgbm_typed,13.312782708599,0.43678588550913666
ZMB-fed(KEN+TZA+UGA),2022,1,govt_consumption,2023,tft,13.312782708599,1.1979804597359607
ZMB-fed(KEN+TZA+UGA),2022,1,govt_consumption,2023,tgcn,13.312782708599,
ZMB-fed(KEN+TZA+UGA),2022,1,govt_consumption,2023,persistence_scarcity,13.312782708599,1.1400463111622
ZMB-fed(KEN+TZA+UGA),2022,1,govt_consumption,2023,chronos_scarcity,13.312782708599,1.801334913776488
ZMB-fed(KEN+TZA+UGA),2022,1,govt_consumption,2023,gnn_scarcity,13.312782708599,2.750307504131227
