label,cutoff,h,target,pred_yr,method,actual,ae
KEN-single,1999,1,gdp_growth,2000,persistence,0.599695390807426,1.705693204416694
KEN-single,1999,1,gdp_growth,2000,arima,0.599695390807426,1.7623211129541536
KEN-single,1999,1,gdp_growth,2000,prophet,0.599695390807426,2.163750725606451
KEN-single,1999,1,gdp_growth,2000,prophet_graph,0.599695390807426,2.163750725606451
KEN-single,1999,1,gdp_growth,2000,bvar,0.599695390807426,2.0564374523713234
KEN-single,1999,1,gdp_growth,2000,xgb_blind,0.599695390807426,1.1153283652197956
KEN-single,1999,1,gdp_growth,2000,xgb_graph,0.599695390807426,1.1153283652197956
KEN-single,1999,1,gdp_growth,2000,lgbm_blind,0.599695390807426,1.427904033316338
KEN-single,1999,1,gdp_growth,2000,lgbm_graph,0.599695390807426,1.427904033316338
KEN-single,1999,1,gdp_growth,2000,tft,0.599695390807426,0.5066205092982999
KEN-single,1999,1,gdp_growth,2000,chronos,0.599695390807426,1.9734402235877155
KEN-single,1999,1,inflation_cpi,2000,persistence,9.98002515350979,4.2380240583049495
KEN-single,1999,1,inflation_cpi,2000,arima,9.98002515350979,4.302857852895078
KEN-single,1999,1,inflation_cpi,2000,prophet,9.98002515350979,6.519491725647779
KEN-single,1999,1,inflation_cpi,2000,prophet_graph,9.98002515350979,6.519491725647779
KEN-single,1999,1,inflation_cpi,2000,bvar,9.98002515350979,7.14745081514798
KEN-single,1999,1,inflation_cpi,2000,xgb_blind,9.98002515350979,0.4840143731753166
KEN-single,1999,1,inflation_cpi,2000,xgb_graph,9.98002515350979,0.4840143731753166
KEN-single,1999,1,inflation_cpi,2000,lgbm_blind,9.98002515350979,7.403844891834247
KEN-single,1999,1,inflation_cpi,2000,lgbm_graph,9.98002515350979,7.403844891834247
KEN-single,1999,1,inflation_cpi,2000,tft,9.98002515350979,1.1520074896395016
KEN-single,1999,1,inflation_cpi,2000,chronos,9.98002515350979,4.359493594519311
KEN-single,1999,1,unemployment,2000,persistence,2.889,0.001000000000000334
KEN-single,1999,1,unemployment,2000,arima,2.889,0.016007990242029813
KEN-single,1999,1,unemployment,2000,prophet,2.889,0.019011794137683058
KEN-single,1999,1,unemployment,2000,prophet_graph,2.889,0.019011794137683058
KEN-single,1999,1,unemployment,2000,bvar,2.889,0.03936365218825566
KEN-single,1999,1,unemployment,2000,xgb_blind,2.889,0.001842798233032017
KEN-single,1999,1,unemployment,2000,xgb_graph,2.889,0.001842798233032017
KEN-single,1999,1,unemployment,2000,lgbm_blind,2.889,0.01700002098083475
KEN-single,1999,1,unemployment,2000,lgbm_graph,2.889,0.01700002098083475
KEN-single,1999,1,unemployment,2000,tft,2.889,0.006130844169263572
KEN-single,1999,1,unemployment,2000,chronos,2.889,0.029593645095825405
KEN-single,1999,1,exports_gdp,2000,persistence,21.5875711417625,0.7548359432549994
KEN-single,1999,1,exports_gdp,2000,arima,21.5875711417625,0.6837043922444828
KEN-single,1999,1,exports_gdp,2000,prophet,21.5875711417625,0.8854709841996815
KEN-single,1999,1,exports_gdp,2000,prophet_graph,21.5875711417625,0.8854709841996815
KEN-single,1999,1,exports_gdp,2000,bvar,21.5875711417625,1.9581013312658264
KEN-single,1999,1,exports_gdp,2000,xgb_blind,21.5875711417625,0.24948024515605383
KEN-single,1999,1,exports_gdp,2000,xgb_graph,21.5875711417625,0.24948024515605383
KEN-single,1999,1,exports_gdp,2000,lgbm_blind,21.5875711417625,6.270940041234464
KEN-single,1999,1,exports_gdp,2000,lgbm_graph,21.5875711417625,6.270940041234464
KEN-single,1999,1,exports_gdp,2000,tft,21.5875711417625,4.425001708481748
KEN-single,1999,1,exports_gdp,2000,chronos,21.5875711417625,0.7142782187888663
KEN-single,1999,1,imports_gdp,2000,persistence,31.7214732444648,4.3619334540628
KEN-single,1999,1,imports_gdp,2000,arima,31.7214732444648,4.103921087941224
KEN-single,1999,1,imports_gdp,2000,prophet,31.7214732444648,0.7555624500478118
KEN-single,1999,1,imports_gdp,2000,prophet_graph,31.7214732444648,0.7555624500478118
KEN-single,1999,1,imports_gdp,2000,bvar,31.7214732444648,6.452144687206673
KEN-single,1999,1,imports_gdp,2000,xgb_blind,31.7214732444648,0.7109256065253469
KEN-single,1999,1,imports_gdp,2000,xgb_graph,31.7214732444648,0.7109256065253469
KEN-single,1999,1,imports_gdp,2000,lgbm_blind,31.7214732444648,0.37357772817519574
KEN-single,1999,1,imports_gdp,2000,lgbm_graph,31.7214732444648,0.37357772817519574
KEN-single,1999,1,imports_gdp,2000,tft,31.7214732444648,2.041477832917643
KEN-single,1999,1,imports_gdp,2000,chronos,31.7214732444648,3.6847834861640187
KEN-single,2000,1,gdp_growth,2001,persistence,3.77990649795343,3.180211107146004
KEN-single,2000,1,gdp_growth,2001,arima,3.77990649795343,3.152332957340902
KEN-single,2000,1,gdp_growth,2001,prophet,3.77990649795343,1.7086650576160594
KEN-single,2000,1,gdp_growth,2001,prophet_graph,3.77990649795343,1.7086650576160594
KEN-single,2000,1,gdp_growth,2001,bvar,3.77990649795343,3.7420874384222014
KEN-single,2000,1,gdp_growth,2001,xgb_blind,3.77990649795343,2.796159850118652
KEN-single,2000,1,gdp_growth,2001,xgb_graph,3.77990649795343,2.796159850118652
KEN-single,2000,1,gdp_growth,2001,lgbm_blind,3.77990649795343,1.8950974777918013
KEN-single,2000,1,gdp_growth,2001,lgbm_graph,3.77990649795343,1.8950974777918013
KEN-single,2000,1,gdp_growth,2001,tft,3.77990649795343,1.129723337010533
KEN-single,2000,1,gdp_growth,2001,chronos,3.77990649795343,3.2708330616932066
KEN-single,2000,1,inflation_cpi,2001,persistence,5.73859814341467,4.241427010095119
KEN-single,2000,1,inflation_cpi,2001,arima,5.73859814341467,4.513497298069462
KEN-single,2000,1,inflation_cpi,2001,prophet,5.73859814341467,2.4895270674621512
KEN-single,2000,1,inflation_cpi,2001,prophet_graph,5.73859814341467,2.4895270674621512
KEN-single,2000,1,inflation_cpi,2001,bvar,5.73859814341467,4.824217110413947
KEN-single,2000,1,inflation_cpi,2001,xgb_blind,5.73859814341467,14.948428834124392
KEN-single,2000,1,inflation_cpi,2001,xgb_graph,5.73859814341467,14.948428834124392
KEN-single,2000,1,inflation_cpi,2001,lgbm_blind,5.73859814341467,10.904887426539247
KEN-single,2000,1,inflation_cpi,2001,lgbm_graph,5.73859814341467,10.904887426539247
KEN-single,2000,1,inflation_cpi,2001,tft,5.73859814341467,13.865550750515993
KEN-single,2000,1,inflation_cpi,2001,chronos,5.73859814341467,3.5925652629574003
KEN-single,2000,1,unemployment,2001,persistence,2.881,0.008000000000000007
KEN-single,2000,1,unemployment,2001,arima,2.881,0.007635547670559628
KEN-single,2000,1,unemployment,2001,prophet,2.881,0.002599518219043695
KEN-single,2000,1,unemployment,2001,prophet_graph,2.881,0.002599518219043695
KEN-single,2000,1,unemployment,2001,bvar,2.881,0.0287386839292072
KEN-single,2000,1,unemployment,2001,xgb_blind,2.881,0.004983943939209201
KEN-single,2000,1,unemployment,2001,xgb_graph,2.881,0.004983943939209201
KEN-single,2000,1,unemployment,2001,lgbm_blind,2.881,0.0073000249862666955
KEN-single,2000,1,unemployment,2001,lgbm_graph,2.881,0.0073000249862666955
KEN-single,2000,1,unemployment,2001,tft,2.881,0.006191782211891095
KEN-single,2000,1,unemployment,2001,chronos,2.881,0.018894714355468967
KEN-single,2000,1,exports_gdp,2001,persistence,22.9315763643367,1.3440052225742
KEN-single,2000,1,exports_gdp,2001,arima,22.9315763643367,1.2610362864239448
KEN-single,2000,1,exports_gdp,2001,prophet,22.9315763643367,1.7183379699130086
KEN-single,2000,1,exports_gdp,2001,prophet_graph,22.9315763643367,1.7183379699130086
KEN-single,2000,1,exports_gdp,2001,bvar,22.9315763643367,0.890100808114326
KEN-single,2000,1,exports_gdp,2001,xgb_blind,22.9315763643367,0.9847577878849805
KEN-single,2000,1,exports_gdp,2001,xgb_graph,22.9315763643367,0.9847577878849805
KEN-single,2000,1,exports_gdp,2001,lgbm_blind,22.9315763643367,4.299840719403534
KEN-single,2000,1,exports_gdp,2001,lgbm_graph,22.9315763643367,4.299840719403534
KEN-single,2000,1,exports_gdp,2001,tft,22.9315763643367,0.3150527515303807
KEN-single,2000,1,exports_gdp,2001,chronos,22.9315763643367,1.2821966341120898
KEN-single,2000,1,imports_gdp,2001,persistence,33.0152596643276,1.2937864198628013
KEN-single,2000,1,imports_gdp,2001,arima,33.0152596643276,2.2709223316644938
KEN-single,2000,1,imports_gdp,2001,prophet,33.0152596643276,1.9058300110672484
KEN-single,2000,1,imports_gdp,2001,prophet_graph,33.0152596643276,1.9058300110672484
KEN-single,2000,1,imports_gdp,2001,bvar,33.0152596643276,0.6906322805654526
KEN-single,2000,1,imports_gdp,2001,xgb_blind,33.0152596643276,1.125613134176234
KEN-single,2000,1,imports_gdp,2001,xgb_graph,33.0152596643276,1.125613134176234
KEN-single,2000,1,imports_gdp,2001,lgbm_blind,33.0152596643276,1.6300063302821926
KEN-single,2000,1,imports_gdp,2001,lgbm_graph,33.0152596643276,1.6300063302821926
KEN-single,2000,1,imports_gdp,2001,tft,33.0152596643276,4.057423572085181
KEN-single,2000,1,imports_gdp,2001,chronos,33.0152596643276,2.1873234918422497
KEN-single,2001,1,gdp_growth,2002,persistence,0.546859530175595,3.233046967777835
KEN-single,2001,1,gdp_growth,2002,arima,0.546859530175595,2.8041056135110183
KEN-single,2001,1,gdp_growth,2002,prophet,0.546859530175595,2.095603768437268
KEN-single,2001,1,gdp_growth,2002,prophet_graph,0.546859530175595,2.095603768437268
KEN-single,2001,1,gdp_growth,2002,bvar,0.546859530175595,4.551171220210062
KEN-single,2001,1,gdp_growth,2002,xgb_blind,0.546859530175595,0.7309756005159334
KEN-single,2001,1,gdp_growth,2002,xgb_graph,0.546859530175595,0.7309756005159334
KEN-single,2001,1,gdp_growth,2002,lgbm_blind,0.546859530175595,1.5102310800901368
KEN-single,2001,1,gdp_growth,2002,lgbm_graph,0.546859530175595,1.5102310800901368
KEN-single,2001,1,gdp_growth,2002,tft,0.546859530175595,3.1555279459350243
KEN-single,2001,1,gdp_growth,2002,chronos,0.546859530175595,2.561038943564029
KEN-single,2001,1,inflation_cpi,2002,persistence,1.96130821739162,3.77728992602305
KEN-single,2001,1,inflation_cpi,2002,arima,1.96130821739162,3.5512699400048966
KEN-single,2001,1,inflation_cpi,2002,prophet,1.96130821739162,0.11407688822464856
KEN-single,2001,1,inflation_cpi,2002,prophet_graph,1.96130821739162,0.11407688822464856
KEN-single,2001,1,inflation_cpi,2002,bvar,1.96130821739162,2.1478771867741226
KEN-single,2001,1,inflation_cpi,2002,xgb_blind,1.96130821739162,5.370145105972638
KEN-single,2001,1,inflation_cpi,2002,xgb_graph,1.96130821739162,5.370145105972638
KEN-single,2001,1,inflation_cpi,2002,lgbm_blind,1.96130821739162,13.690823968631051
KEN-single,2001,1,inflation_cpi,2002,lgbm_graph,1.96130821739162,13.690823968631051
KEN-single,2001,1,inflation_cpi,2002,tft,1.96130821739162,4.77236504450136
KEN-single,2001,1,inflation_cpi,2002,chronos,1.96130821739162,2.796860956802716
KEN-single,2001,1,unemployment,2002,persistence,2.919,0.038000000000000256
KEN-single,2001,1,unemployment,2002,arima,2.919,0.04093939159230109
KEN-single,2001,1,unemployment,2002,prophet,2.919,0.03786344965210553
KEN-single,2001,1,unemployment,2002,prophet_graph,2.919,0.03786344965210553
KEN-single,2001,1,unemployment,2002,bvar,2.919,0.0370740169037469
KEN-single,2001,1,unemployment,2002,xgb_blind,2.919,0.05294808769226078
KEN-single,2001,1,unemployment,2002,xgb_graph,2.919,0.05294808769226078
KEN-single,2001,1,unemployment,2002,lgbm_blind,2.919,0.04463638253645463
KEN-single,2001,1,unemployment,2002,lgbm_graph,2.919,0.04463638253645463
KEN-single,2001,1,unemployment,2002,tft,2.919,0.021194443703755006
KEN-single,2001,1,unemployment,2002,chronos,2.919,0.03888496780395512
KEN-single,2001,1,exports_gdp,2002,persistence,24.8979726147002,1.966396250363502
KEN-single,2001,1,exports_gdp,2002,arima,24.8979726147002,1.812870380358337
KEN-single,2001,1,exports_gdp,2002,prophet,24.8979726147002,4.090529218876476
KEN-single,2001,1,exports_gdp,2002,prophet_graph,24.8979726147002,4.090529218876476
KEN-single,2001,1,exports_gdp,2002,bvar,24.8979726147002,1.1080750425348
KEN-single,2001,1,exports_gdp,2002,xgb_blind,24.8979726147002,1.1295953106230527
KEN-single,2001,1,exports_gdp,2002,xgb_graph,24.8979726147002,1.1295953106230527
KEN-single,2001,1,exports_gdp,2002,lgbm_blind,24.8979726147002,1.9425498046224199
KEN-single,2001,1,exports_gdp,2002,lgbm_graph,24.8979726147002,1.9425498046224199
KEN-single,2001,1,exports_gdp,2002,tft,24.8979726147002,1.9921284833147368
KEN-single,2001,1,exports_gdp,2002,chronos,24.8979726147002,2.3491597484892637
KEN-single,2001,1,imports_gdp,2002,persistence,30.2746996493051,2.7405600150225027
KEN-single,2001,1,imports_gdp,2002,arima,30.2746996493051,2.521976621725308
KEN-single,2001,1,imports_gdp,2002,prophet,30.2746996493051,1.5088140952912212
KEN-single,2001,1,imports_gdp,2002,prophet_graph,30.2746996493051,1.5088140952912212
KEN-single,2001,1,imports_gdp,2002,bvar,30.2746996493051,3.64334061091877
KEN-single,2001,1,imports_gdp,2002,xgb_blind,30.2746996493051,1.305565395860917
KEN-single,2001,1,imports_gdp,2002,xgb_graph,30.2746996493051,1.305565395860917
KEN-single,2001,1,imports_gdp,2002,lgbm_blind,30.2746996493051,1.2587359988327727
KEN-single,2001,1,imports_gdp,2002,lgbm_graph,30.2746996493051,1.2587359988327727
KEN-single,2001,1,imports_gdp,2002,tft,30.2746996493051,3.357853099405574
KEN-single,2001,1,imports_gdp,2002,chronos,30.2746996493051,3.2287564664175576
KEN-single,2002,1,gdp_growth,2003,persistence,2.93247554570904,2.385616015533445
KEN-single,2002,1,gdp_growth,2003,arima,2.93247554570904,1.4373125669422901
KEN-single,2002,1,gdp_growth,2003,prophet,2.93247554570904,0.8771816641951453
KEN-single,2002,1,gdp_growth,2003,prophet_graph,2.93247554570904,0.8771816641951453
KEN-single,2002,1,gdp_growth,2003,bvar,2.93247554570904,3.906684349267503
KEN-single,2002,1,gdp_growth,2003,xgb_blind,2.93247554570904,1.7078989532636664
KEN-single,2002,1,gdp_growth,2003,xgb_graph,2.93247554570904,1.7078989532636664
KEN-single,2002,1,gdp_growth,2003,lgbm_blind,2.93247554570904,1.0012375277327559
KEN-single,2002,1,gdp_growth,2003,lgbm_graph,2.93247554570904,1.0012375277327559
KEN-single,2002,1,gdp_growth,2003,tft,2.93247554570904,2.3382537195179465
KEN-single,2002,1,gdp_growth,2003,chronos,2.93247554570904,2.377073147599604
KEN-single,2002,1,inflation_cpi,2003,persistence,9.81569062979654,7.85438241240492
KEN-single,2002,1,inflation_cpi,2003,arima,9.81569062979654,8.090659592413852
KEN-single,2002,1,inflation_cpi,2003,prophet,9.81569062979654,10.181545929296476
KEN-single,2002,1,inflation_cpi,2003,prophet_graph,9.81569062979654,10.181545929296476
KEN-single,2002,1,inflation_cpi,2003,bvar,9.81569062979654,11.524979799931918
KEN-single,2002,1,inflation_cpi,2003,xgb_blind,9.81569062979654,1.8781872919364329
KEN-single,2002,1,inflation_cpi,2003,xgb_graph,9.81569062979654,1.8781872919364329
KEN-single,2002,1,inflation_cpi,2003,lgbm_blind,9.81569062979654,4.695539560798451
KEN-single,2002,1,inflation_cpi,2003,lgbm_graph,9.81569062979654,4.695539560798451
KEN-single,2002,1,inflation_cpi,2003,tft,9.81569062979654,7.859069828078985
KEN-single,2002,1,inflation_cpi,2003,chronos,9.81569062979654,7.434594028310334
KEN-single,2002,1,unemployment,2003,persistence,2.873,0.04599999999999982
KEN-single,2002,1,unemployment,2003,arima,2.873,0.059728692151215235
KEN-single,2002,1,unemployment,2003,prophet,2.873,0.022400259320467075
KEN-single,2002,1,unemployment,2003,prophet_graph,2.873,0.022400259320467075
KEN-single,2002,1,unemployment,2003,bvar,2.873,0.0742577760691221
KEN-single,2002,1,unemployment,2003,xgb_blind,2.873,0.030018951416015405
KEN-single,2002,1,unemployment,2003,xgb_graph,2.873,0.030018951416015405
KEN-single,2002,1,unemployment,2003,lgbm_blind,2.873,0.0050833085378010345
KEN-single,2002,1,unemployment,2003,lgbm_graph,2.873,0.0050833085378010345
KEN-single,2002,1,unemployment,2003,tft,2.873,0.04668752319703984
KEN-single,2002,1,unemployment,2003,chronos,2.873,0.05319752883911111
KEN-single,2002,1,exports_gdp,2003,persistence,24.086815305421,0.8111573092792028
KEN-single,2002,1,exports_gdp,2003,arima,24.086815305421,1.0544917367037066
KEN-single,2002,1,exports_gdp,2003,prophet,24.086815305421,2.929540369997582
KEN-single,2002,1,exports_gdp,2003,prophet_graph,24.086815305421,2.929540369997582
KEN-single,2002,1,exports_gdp,2003,bvar,24.086815305421,3.3842944918946927
KEN-single,2002,1,exports_gdp,2003,xgb_blind,24.086815305421,2.413490720460061
KEN-single,2002,1,exports_gdp,2003,xgb_graph,24.086815305421,2.413490720460061
KEN-single,2002,1,exports_gdp,2003,lgbm_blind,24.086815305421,2.591827921202537
KEN-single,2002,1,exports_gdp,2003,lgbm_graph,24.086815305421,2.591827921202537
KEN-single,2002,1,exports_gdp,2003,tft,24.086815305421,1.7014982493613537
KEN-single,2002,1,exports_gdp,2003,chronos,24.086815305421,2.04789500646865
KEN-single,2002,1,imports_gdp,2003,persistence,30.045450590308,0.22924905899709813
KEN-single,2002,1,imports_gdp,2003,arima,30.045450590308,0.7449545805448459
KEN-single,2002,1,imports_gdp,2003,prophet,30.045450590308,1.2851940481815554
KEN-single,2002,1,imports_gdp,2003,prophet_graph,30.045450590308,1.2851940481815554
KEN-single,2002,1,imports_gdp,2003,bvar,30.045450590308,0.513329308842362
KEN-single,2002,1,imports_gdp,2003,xgb_blind,30.045450590308,1.1505809801265698
KEN-single,2002,1,imports_gdp,2003,xgb_graph,30.045450590308,1.1505809801265698
KEN-single,2002,1,imports_gdp,2003,lgbm_blind,30.045450590308,1.3830904342179586
KEN-single,2002,1,imports_gdp,2003,lgbm_graph,30.045450590308,1.3830904342179586
KEN-single,2002,1,imports_gdp,2003,tft,30.045450590308,0.46743646832890207
KEN-single,2002,1,imports_gdp,2003,chronos,30.045450590308,1.283238984887312
KEN-single,2003,1,gdp_growth,2004,persistence,5.10429977629738,2.1718242305883404
KEN-single,2003,1,gdp_growth,2004,arima,5.10429977629738,3.039062951928943
KEN-single,2003,1,gdp_growth,2004,prophet,5.10429977629738,2.8023825801887425
KEN-single,2003,1,gdp_growth,2004,prophet_graph,5.10429977629738,2.8023825801887425
KEN-single,2003,1,gdp_growth,2004,bvar,5.10429977629738,1.6055806354510507
KEN-single,2003,1,gdp_growth,2004,xgb_blind,5.10429977629738,2.59676861022072
KEN-single,2003,1,gdp_growth,2004,xgb_graph,5.10429977629738,2.59676861022072
KEN-single,2003,1,gdp_growth,2004,lgbm_blind,5.10429977629738,3.0960434853297323
KEN-single,2003,1,gdp_growth,2004,lgbm_graph,5.10429977629738,3.0960434853297323
KEN-single,2003,1,gdp_growth,2004,tft,5.10429977629738,2.0861442884159405
KEN-single,2003,1,gdp_growth,2004,chronos,5.10429977629738,4.452834896784593
KEN-single,2003,1,inflation_cpi,2004,persistence,11.6240355442426,1.8083449144460602
KEN-single,2003,1,inflation_cpi,2004,arima,11.6240355442426,1.4570037686896598
KEN-single,2003,1,inflation_cpi,2004,prophet,11.6240355442426,11.193624254099554
KEN-single,2003,1,inflation_cpi,2004,prophet_graph,11.6240355442426,11.193624254099554
KEN-single,2003,1,inflation_cpi,2004,bvar,11.6240355442426,3.4659118084721587
KEN-single,2003,1,inflation_cpi,2004,xgb_blind,11.6240355442426,5.123328499946853
KEN-single,2003,1,inflation_cpi,2004,xgb_graph,11.6240355442426,5.123328499946853
KEN-single,2003,1,inflation_cpi,2004,lgbm_blind,11.6240355442426,2.525999323557599
KEN-single,2003,1,inflation_cpi,2004,lgbm_graph,11.6240355442426,2.525999323557599
KEN-single,2003,1,inflation_cpi,2004,tft,11.6240355442426,1.03739933300497
KEN-single,2003,1,inflation_cpi,2004,chronos,11.6240355442426,5.391208834495286
KEN-single,2003,1,unemployment,2004,persistence,2.848,0.025000000000000355
KEN-single,2003,1,unemployment,2004,arima,2.848,0.010673898021575923
KEN-single,2003,1,unemployment,2004,prophet,2.848,0.04418847929257019
KEN-single,2003,1,unemployment,2004,prophet_graph,2.848,0.04418847929257019
KEN-single,2003,1,unemployment,2004,bvar,2.848,0.008591196021060288
KEN-single,2003,1,unemployment,2004,xgb_blind,2.848,0.038555671691894666
KEN-single,2003,1,unemployment,2004,xgb_graph,2.848,0.038555671691894666
KEN-single,2003,1,unemployment,2004,lgbm_blind,2.848,0.02969227761488691
KEN-single,2003,1,unemployment,2004,lgbm_graph,2.848,0.02969227761488691
KEN-single,2003,1,unemployment,2004,tft,2.848,0.03197021140274359
KEN-single,2003,1,unemployment,2004,chronos,2.848,0.036204149246215955
KEN-single,2003,1,exports_gdp,2004,persistence,26.6102585752973,2.523443269876303
KEN-single,2003,1,exports_gdp,2004,arima,26.6102585752973,2.618343814915704
KEN-single,2003,1,exports_gdp,2004,prophet,26.6102585752973,5.417965341115234
KEN-single,2003,1,exports_gdp,2004,prophet_graph,26.6102585752973,5.417965341115234
KEN-single,2003,1,exports_gdp,2004,bvar,26.6102585752973,1.4933798531215885
KEN-single,2003,1,exports_gdp,2004,xgb_blind,26.6102585752973,3.53151559434027
KEN-single,2003,1,exports_gdp,2004,xgb_graph,26.6102585752973,3.53151559434027
KEN-single,2003,1,exports_gdp,2004,lgbm_blind,26.6102585752973,0.13098675992395314
KEN-single,2003,1,exports_gdp,2004,lgbm_graph,26.6102585752973,0.13098675992395314
KEN-single,2003,1,exports_gdp,2004,tft,26.6102585752973,1.499683031827665
KEN-single,2003,1,exports_gdp,2004,chronos,26.6102585752973,3.557873245097106
KEN-single,2003,1,imports_gdp,2004,persistence,32.8667447731316,2.8212941828236
KEN-single,2003,1,imports_gdp,2004,arima,32.8667447731316,2.780464093552329
KEN-single,2003,1,imports_gdp,2004,prophet,32.8667447731316,1.920952510884593
KEN-single,2003,1,imports_gdp,2004,prophet_graph,32.8667447731316,1.920952510884593
KEN-single,2003,1,imports_gdp,2004,bvar,32.8667447731316,3.950123175475561
KEN-single,2003,1,imports_gdp,2004,xgb_blind,32.8667447731316,3.428983466368905
KEN-single,2003,1,imports_gdp,2004,xgb_graph,32.8667447731316,3.428983466368905
KEN-single,2003,1,imports_gdp,2004,lgbm_blind,32.8667447731316,1.5445953496790779
KEN-single,2003,1,imports_gdp,2004,lgbm_graph,32.8667447731316,1.5445953496790779
KEN-single,2003,1,imports_gdp,2004,tft,32.8667447731316,3.559080472715454
KEN-single,2003,1,imports_gdp,2004,chronos,32.8667447731316,2.3249356911003503
KEN-single,2004,1,gdp_growth,2005,persistence,5.90666607980057,0.8023663035031898
KEN-single,2004,1,gdp_growth,2005,arima,5.90666607980057,1.3738568897980885
KEN-single,2004,1,gdp_growth,2005,prophet,5.90666607980057,2.841984316447496
KEN-single,2004,1,gdp_growth,2005,prophet_graph,5.90666607980057,2.841984316447496
KEN-single,2004,1,gdp_growth,2005,bvar,5.90666607980057,0.5409208142728952
KEN-single,2004,1,gdp_growth,2005,xgb_blind,5.90666607980057,2.7487712300233484
KEN-single,2004,1,gdp_growth,2005,xgb_graph,5.90666607980057,2.7487712300233484
KEN-single,2004,1,gdp_growth,2005,lgbm_blind,5.90666607980057,3.677263842095748
KEN-single,2004,1,gdp_growth,2005,lgbm_graph,5.90666607980057,3.677263842095748
KEN-single,2004,1,gdp_growth,2005,tft,5.90666607980057,1.0704697368972447
KEN-single,2004,1,gdp_growth,2005,chronos,5.90666607980057,2.488530436795199
KEN-single,2004,1,inflation_cpi,2005,persistence,10.3127783574683,1.3112571867743004
KEN-single,2004,1,inflation_cpi,2005,arima,10.3127783574683,1.4043829367439997
KEN-single,2004,1,inflation_cpi,2005,prophet,10.3127783574683,8.756397643863748
KEN-single,2004,1,inflation_cpi,2005,prophet_graph,10.3127783574683,8.756397643863748
KEN-single,2004,1,inflation_cpi,2005,bvar,10.3127783574683,6.737917719147209
KEN-single,2004,1,inflation_cpi,2005,xgb_blind,10.3127783574683,2.773271676101036
KEN-single,2004,1,inflation_cpi,2005,xgb_graph,10.3127783574683,2.773271676101036
KEN-single,2004,1,inflation_cpi,2005,lgbm_blind,10.3127783574683,3.656828008008036
KEN-single,2004,1,inflation_cpi,2005,lgbm_graph,10.3127783574683,3.656828008008036
KEN-single,2004,1,inflation_cpi,2005,tft,10.3127783574683,0.8273400631489416
KEN-single,2004,1,inflation_cpi,2005,chronos,10.3127783574683,1.6575630941016009
KEN-single,2004,1,unemployment,2005,persistence,2.745,0.10299999999999976
KEN-single,2004,1,unemployment,2005,arima,2.745,0.0949209566538487
KEN-single,2004,1,unemployment,2005,prophet,2.745,0.13777839283414917
KEN-single,2004,1,unemployment,2005,prophet_graph,2.745,0.13777839283414917
KEN-single,2004,1,unemployment,2005,bvar,2.745,0.07595240284403193
KEN-single,2004,1,unemployment,2005,xgb_blind,2.745,0.05931771278381337
KEN-single,2004,1,unemployment,2005,xgb_graph,2.745,0.05931771278381337
KEN-single,2004,1,unemployment,2005,lgbm_blind,2.745,0.130571404184614
KEN-single,2004,1,unemployment,2005,lgbm_graph,2.745,0.130571404184614
KEN-single,2004,1,unemployment,2005,tft,2.745,0.11617757479120439
KEN-single,2004,1,unemployment,2005,chronos,2.745,0.09554374694824208
KEN-single,2004,1,exports_gdp,2005,persistence,28.5090302142012,1.8987716389038987
KEN-single,2004,1,exports_gdp,2005,arima,28.5090302142012,1.6218442675396005
KEN-single,2004,1,exports_gdp,2005,prophet,28.5090302142012,6.552709521806712
KEN-single,2004,1,exports_gdp,2005,prophet_graph,28.5090302142012,6.552709521806712
KEN-single,2004,1,exports_gdp,2005,bvar,28.5090302142012,0.07702148985647383
KEN-single,2004,1,exports_gdp,2005,xgb_blind,28.5090302142012,2.5105007799970984
KEN-single,2004,1,exports_gdp,2005,xgb_graph,28.5090302142012,2.5105007799970984
KEN-single,2004,1,exports_gdp,2005,lgbm_blind,28.5090302142012,2.020402235467593
KEN-single,2004,1,exports_gdp,2005,lgbm_graph,28.5090302142012,2.020402235467593
KEN-single,2004,1,exports_gdp,2005,tft,28.5090302142012,0.9069701780727399
KEN-single,2004,1,exports_gdp,2005,chronos,28.5090302142012,2.538611284147489
KEN-single,2004,1,imports_gdp,2005,persistence,35.9698359497784,3.1030911766467995
KEN-single,2004,1,imports_gdp,2005,arima,35.9698359497784,3.6165317133987145
KEN-single,2004,1,imports_gdp,2005,prophet,35.9698359497784,4.508482477452162
KEN-single,2004,1,imports_gdp,2005,prophet_graph,35.9698359497784,4.508482477452162
KEN-single,2004,1,imports_gdp,2005,bvar,35.9698359497784,2.45286299011633
KEN-single,2004,1,imports_gdp,2005,xgb_blind,35.9698359497784,7.250103665232501
KEN-single,2004,1,imports_gdp,2005,xgb_graph,35.9698359497784,7.250103665232501
KEN-single,2004,1,imports_gdp,2005,lgbm_blind,35.9698359497784,4.537358271206973
KEN-single,2004,1,imports_gdp,2005,lgbm_graph,35.9698359497784,4.537358271206973
KEN-single,2004,1,imports_gdp,2005,tft,35.9698359497784,5.149753680133593
KEN-single,2004,1,imports_gdp,2005,chronos,35.9698359497784,4.866833401560626
KEN-single,2005,1,gdp_growth,2006,persistence,6.47249430015484,0.5658282203542697
KEN-single,2005,1,gdp_growth,2006,arima,6.47249430015484,0.7465330343363901
KEN-single,2005,1,gdp_growth,2006,prophet,6.47249430015484,2.644268955740849
KEN-single,2005,1,gdp_growth,2006,prophet_graph,6.47249430015484,2.644268955740849
KEN-single,2005,1,gdp_growth,2006,bvar,6.47249430015484,0.06642280367312292
KEN-single,2005,1,gdp_growth,2006,xgb_blind,6.47249430015484,2.1872855980674375
KEN-single,2005,1,gdp_growth,2006,xgb_graph,6.47249430015484,2.1872855980674375
KEN-single,2005,1,gdp_growth,2006,lgbm_blind,6.47249430015484,3.9979411263743985
KEN-single,2005,1,gdp_growth,2006,lgbm_graph,6.47249430015484,3.9979411263743985
KEN-single,2005,1,gdp_growth,2006,tft,6.47249430015484,0.8663603710135819
KEN-single,2005,1,gdp_growth,2006,chronos,6.47249430015484,1.4391409714500059
KEN-single,2005,1,inflation_cpi,2006,persistence,14.4537342081708,4.1409558507025
KEN-single,2005,1,inflation_cpi,2006,arima,14.4537342081708,4.206870733178025
KEN-single,2005,1,inflation_cpi,2006,prophet,14.4537342081708,12.277166791195793
KEN-single,2005,1,inflation_cpi,2006,prophet_graph,14.4537342081708,5.218962048620696
KEN-single,2005,1,inflation_cpi,2006,bvar,14.4537342081708,2.2838981143457175
KEN-single,2005,1,inflation_cpi,2006,xgb_blind,14.4537342081708,5.9473560343426755
KEN-single,2005,1,inflation_cpi,2006,xgb_graph,14.4537342081708,4.712813187662988
KEN-single,2005,1,inflation_cpi,2006,lgbm_blind,14.4537342081708,0.7279163688661949
KEN-single,2005,1,inflation_cpi,2006,lgbm_graph,14.4537342081708,0.7279163688661949
KEN-single,2005,1,inflation_cpi,2006,tft,14.4537342081708,5.4229943316394085
KEN-single,2005,1,inflation_cpi,2006,chronos,14.4537342081708,5.1273582468670895
KEN-single,2005,1,unemployment,2006,persistence,2.68,0.06499999999999995
KEN-single,2005,1,unemployment,2006,arima,2.68,0.02701488179461009
KEN-single,2005,1,unemployment,2006,prophet,2.68,0.16988575294582686
KEN-single,2005,1,unemployment,2006,prophet_graph,2.68,0.16988575294582686
KEN-single,2005,1,unemployment,2006,bvar,2.68,0.02183338537639079
KEN-single,2005,1,unemployment,2006,xgb_blind,2.68,0.08637959480285629
KEN-single,2005,1,unemployment,2006,xgb_graph,2.68,0.08637959480285629
KEN-single,2005,1,unemployment,2006,lgbm_blind,2.68,0.18686663627624478
KEN-single,2005,1,unemployment,2006,lgbm_graph,2.68,0.18686663627624478
KEN-single,2005,1,unemployment,2006,tft,2.68,0.06400447522791008
KEN-single,2005,1,unemployment,2006,chronos,2.68,0.1108415794372557
KEN-single,2005,1,exports_gdp,2006,persistence,22.9849396441861,5.524090570015101
KEN-single,2005,1,exports_gdp,2006,arima,22.9849396441861,5.760716944585173
KEN-single,2005,1,exports_gdp,2006,prophet,22.9849396441861,0.052245011239051564
KEN-single,2005,1,exports_gdp,2006,prophet_graph,22.9849396441861,0.052245011239051564
KEN-single,2005,1,exports_gdp,2006,bvar,22.9849396441861,6.814039166547424
KEN-single,2005,1,exports_gdp,2006,xgb_blind,22.9849396441861,3.6698798443392917
KEN-single,2005,1,exports_gdp,2006,xgb_graph,22.9849396441861,3.6698798443392917
KEN-single,2005,1,exports_gdp,2006,lgbm_blind,22.9849396441861,3.638381761860451
KEN-single,2005,1,exports_gdp,2006,lgbm_graph,22.9849396441861,3.638381761860451
KEN-single,2005,1,exports_gdp,2006,tft,22.9849396441861,6.237125205906658
KEN-single,2005,1,exports_gdp,2006,chronos,22.9849396441861,4.281343391092221
KEN-single,2005,1,imports_gdp,2006,persistence,32.2515454815442,3.7182904682342013
KEN-single,2005,1,imports_gdp,2006,arima,32.2515454815442,3.32035081288182
KEN-single,2005,1,imports_gdp,2006,prophet,32.2515454815442,0.29591998515911655
KEN-single,2005,1,imports_gdp,2006,prophet_graph,32.2515454815442,0.29591998515911655
KEN-single,2005,1,imports_gdp,2006,bvar,32.2515454815442,5.17803688633316
KEN-single,2005,1,imports_gdp,2006,xgb_blind,32.2515454815442,0.5543703509753328
KEN-single,2005,1,imports_gdp,2006,xgb_graph,32.2515454815442,0.5543703509753328
KEN-single,2005,1,imports_gdp,2006,lgbm_blind,32.2515454815442,0.5165771689628187
KEN-single,2005,1,imports_gdp,2006,lgbm_graph,32.2515454815442,0.5165771689628187
KEN-single,2005,1,imports_gdp,2006,tft,32.2515454815442,3.9285938133830527
KEN-single,2005,1,imports_gdp,2006,chronos,32.2515454815442,2.6196588946765047
KEN-single,2006,1,gdp_growth,2007,persistence,6.85072976998784,0.37823546983300016
KEN-single,2006,1,gdp_growth,2007,arima,6.85072976998784,0.5017574813557362
KEN-single,2006,1,gdp_growth,2007,prophet,6.85072976998784,2.2032815082621173
KEN-single,2006,1,gdp_growth,2007,prophet_graph,6.85072976998784,2.2032815082621173
KEN-single,2006,1,gdp_growth,2007,bvar,6.85072976998784,0.25559542632113086
KEN-single,2006,1,gdp_growth,2007,xgb_blind,6.85072976998784,4.349703139586229
KEN-single,2006,1,gdp_growth,2007,xgb_graph,6.85072976998784,4.349703139586229
KEN-single,2006,1,gdp_growth,2007,lgbm_blind,6.85072976998784,4.126305286733288
KEN-single,2006,1,gdp_growth,2007,lgbm_graph,6.85072976998784,4.126305286733288
KEN-single,2006,1,gdp_growth,2007,tft,6.85072976998784,1.497999028616527
KEN-single,2006,1,gdp_growth,2007,chronos,6.85072976998784,0.9516571228931134
KEN-single,2006,1,inflation_cpi,2007,persistence,9.75888023027529,4.6948539778955105
KEN-single,2006,1,inflation_cpi,2007,arima,9.75888023027529,4.890580831267952
KEN-single,2006,1,inflation_cpi,2007,prophet,9.75888023027529,6.062444873518764
KEN-single,2006,1,inflation_cpi,2007,prophet_graph,9.75888023027529,6.220856809818475
KEN-single,2006,1,inflation_cpi,2007,bvar,9.75888023027529,9.777180110121718
KEN-single,2006,1,inflation_cpi,2007,xgb_blind,9.75888023027529,3.9661640202129913
KEN-single,2006,1,inflation_cpi,2007,xgb_graph,9.75888023027529,16.29381981244932
KEN-single,2006,1,inflation_cpi,2007,lgbm_blind,9.75888023027529,4.01243239394079
KEN-single,2006,1,inflation_cpi,2007,lgbm_graph,9.75888023027529,4.01243239394079
KEN-single,2006,1,inflation_cpi,2007,tft,9.75888023027529,5.6511883452326845
KEN-single,2006,1,inflation_cpi,2007,chronos,9.75888023027529,2.2561096226299835
KEN-single,2006,1,unemployment,2007,persistence,2.65,0.03000000000000025
KEN-single,2006,1,unemployment,2007,arima,2.65,0.002941878163285505
KEN-single,2006,1,unemployment,2007,prophet,2.65,0.10286243209380252
KEN-single,2006,1,unemployment,2007,prophet_graph,2.65,0.10286243209380252
KEN-single,2006,1,unemployment,2007,bvar,2.65,0.03294160072846708
KEN-single,2006,1,unemployment,2007,xgb_blind,2.65,0.06050286293029794
KEN-single,2006,1,unemployment,2007,xgb_graph,2.65,0.06050286293029794
KEN-single,2006,1,unemployment,2007,lgbm_blind,2.65,0.20518747568130502
KEN-single,2006,1,unemployment,2007,lgbm_graph,2.65,0.20518747568130502
KEN-single,2006,1,unemployment,2007,tft,2.65,0.07208138397393071
KEN-single,2006,1,unemployment,2007,chronos,2.65,0.04677090644836435
KEN-single,2006,1,exports_gdp,2007,persistence,21.9189912933699,1.0659483508161998
KEN-single,2006,1,exports_gdp,2007,arima,21.9189912933699,0.589937615612719
KEN-single,2006,1,exports_gdp,2007,prophet,21.9189912933699,0.6895363014990892
KEN-single,2006,1,exports_gdp,2007,prophet_graph,21.9189912933699,3.953204712668416
KEN-single,2006,1,exports_gdp,2007,bvar,21.9189912933699,1.4602975654815324
KEN-single,2006,1,exports_gdp,2007,xgb_blind,21.9189912933699,3.8282964568742415
KEN-single,2006,1,exports_gdp,2007,xgb_graph,21.9189912933699,5.72086695247971
KEN-single,2006,1,exports_gdp,2007,lgbm_blind,21.9189912933699,4.476931248248448
KEN-single,2006,1,exports_gdp,2007,lgbm_graph,21.9189912933699,4.476931248248448
KEN-single,2006,1,exports_gdp,2007,tft,21.9189912933699,0.8587959666791178
KEN-single,2006,1,exports_gdp,2007,chronos,21.9189912933699,0.30074862057053053
KEN-single,2006,1,imports_gdp,2007,persistence,31.975797511236,0.2757479703081991
KEN-single,2006,1,imports_gdp,2007,arima,31.975797511236,0.9451622504975141
KEN-single,2006,1,imports_gdp,2007,prophet,31.975797511236,0.60256472171449
KEN-single,2006,1,imports_gdp,2007,prophet_graph,31.975797511236,0.60256472171449
KEN-single,2006,1,imports_gdp,2007,bvar,31.975797511236,1.2701559411290617
KEN-single,2006,1,imports_gdp,2007,xgb_blind,31.975797511236,0.37864861597232746
KEN-single,2006,1,imports_gdp,2007,xgb_graph,31.975797511236,0.37864861597232746
KEN-single,2006,1,imports_gdp,2007,lgbm_blind,31.975797511236,0.20854315866641926
KEN-single,2006,1,imports_gdp,2007,lgbm_graph,31.975797511236,0.20854315866641926
KEN-single,2006,1,imports_gdp,2007,tft,31.975797511236,0.9565035906725434
KEN-single,2006,1,imports_gdp,2007,chronos,31.975797511236,0.3706914414007194
KEN-single,2007,1,gdp_growth,2008,persistence,0.232282744812977,6.618447025174863
KEN-single,2007,1,gdp_growth,2008,arima,0.232282744812977,6.536973808841679
KEN-single,2007,1,gdp_growth,2008,prophet,0.232282744812977,5.0934450380263545
KEN-single,2007,1,gdp_growth,2008,prophet_graph,0.232282744812977,5.0934450380263545
KEN-single,2007,1,gdp_growth,2008,bvar,0.232282744812977,6.927450342589668
KEN-single,2007,1,gdp_growth,2008,xgb_blind,0.232282744812977,3.892424477171886
KEN-single,2007,1,gdp_growth,2008,xgb_graph,0.232282744812977,3.892424477171886
KEN-single,2007,1,gdp_growth,2008,lgbm_blind,0.232282744812977,2.734865588974941
KEN-single,2007,1,gdp_growth,2008,lgbm_graph,0.232282744812977,2.734865588974941
KEN-single,2007,1,gdp_growth,2008,tft,0.232282744812977,6.6052336749056995
KEN-single,2007,1,gdp_growth,2008,chronos,0.232282744812977,6.089070213866222
KEN-single,2007,1,inflation_cpi,2008,persistence,26.2398166445063,16.48093641423101
KEN-single,2007,1,inflation_cpi,2008,arima,26.2398166445063,16.6492107579557
KEN-single,2007,1,inflation_cpi,2008,prophet,26.2398166445063,22.31411381724605
KEN-single,2007,1,inflation_cpi,2008,prophet_graph,26.2398166445063,13.250195720953188
KEN-single,2007,1,inflation_cpi,2008,bvar,26.2398166445063,17.061738883512476
KEN-single,2007,1,inflation_cpi,2008,xgb_blind,26.2398166445063,15.538029649572216
KEN-single,2007,1,inflation_cpi,2008,xgb_graph,26.2398166445063,20.201683023290478
KEN-single,2007,1,inflation_cpi,2008,lgbm_blind,26.2398166445063,12.70452943258326
KEN-single,2007,1,inflation_cpi,2008,lgbm_graph,26.2398166445063,12.70452943258326
KEN-single,2007,1,inflation_cpi,2008,tft,26.2398166445063,14.758048790795604
KEN-single,2007,1,inflation_cpi,2008,chronos,26.2398166445063,16.44651315482124
KEN-single,2007,1,unemployment,2008,persistence,2.756,0.10599999999999987
KEN-single,2007,1,unemployment,2008,arima,2.756,0.11862168062379785
KEN-single,2007,1,unemployment,2008,prophet,2.756,0.09597177574691607
KEN-single,2007,1,unemployment,2008,prophet_graph,2.756,0.09597177574691607
KEN-single,2007,1,unemployment,2008,bvar,2.756,0.16340159895620632
KEN-single,2007,1,unemployment,2008,xgb_blind,2.756,0.07739682769775369
KEN-single,2007,1,unemployment,2008,xgb_graph,2.756,0.07739682769775369
KEN-single,2007,1,unemployment,2008,lgbm_blind,2.756,0.0871176297804892
KEN-single,2007,1,unemployment,2008,lgbm_graph,2.756,0.0871176297804892
KEN-single,2007,1,unemployment,2008,tft,2.756,0.10064115490443726
KEN-single,2007,1,unemployment,2008,chronos,2.756,0.11146112060546853
KEN-single,2007,1,exports_gdp,2008,persistence,22.6740575532267,0.7550662598568003
KEN-single,2007,1,exports_gdp,2008,arima,22.6740575532267,0.8581958994449792
KEN-single,2007,1,exports_gdp,2008,prophet,22.6740575532267,0.6263216703837173
KEN-single,2007,1,exports_gdp,2008,prophet_graph,22.6740575532267,1.0997486957285219
KEN-single,2007,1,exports_gdp,2008,bvar,22.6740575532267,3.2005837868779246
KEN-single,2007,1,exports_gdp,2008,xgb_blind,22.6740575532267,1.3666548033406833
KEN-single,2007,1,exports_gdp,2008,xgb_graph,22.6740575532267,0.14017050463462866
KEN-single,2007,1,exports_gdp,2008,lgbm_blind,22.6740575532267,3.4585160794062837
KEN-single,2007,1,exports_gdp,2008,lgbm_graph,22.6740575532267,3.4585160794062837
KEN-single,2007,1,exports_gdp,2008,tft,22.6740575532267,1.9761417593949275
KEN-single,2007,1,exports_gdp,2008,chronos,22.6740575532267,1.4277120332071682
KEN-single,2007,1,imports_gdp,2008,persistence,34.9045410940864,2.928743582850398
KEN-single,2007,1,imports_gdp,2008,arima,34.9045410940864,2.8834928631854595
KEN-single,2007,1,imports_gdp,2008,prophet,34.9045410940864,2.329244976497371
KEN-single,2007,1,imports_gdp,2008,prophet_graph,34.9045410940864,2.329244976497371
KEN-single,2007,1,imports_gdp,2008,bvar,34.9045410940864,4.333711224182011
KEN-single,2007,1,imports_gdp,2008,xgb_blind,34.9045410940864,2.960126955292452
KEN-single,2007,1,imports_gdp,2008,xgb_graph,34.9045410940864,2.960126955292452
KEN-single,2007,1,imports_gdp,2008,lgbm_blind,34.9045410940864,3.125019488538662
KEN-single,2007,1,imports_gdp,2008,lgbm_graph,34.9045410940864,3.125019488538662
KEN-single,2007,1,imports_gdp,2008,tft,34.9045410940864,3.9810160123964238
KEN-single,2007,1,imports_gdp,2008,chronos,34.9045410940864,3.475996095917452
KEN-single,2008,1,gdp_growth,2009,persistence,3.30693981631089,3.0746570714979127
KEN-single,2008,1,gdp_growth,2009,arima,3.30693981631089,1.4836965587014845
KEN-single,2008,1,gdp_growth,2009,prophet,3.30693981631089,1.1833009851813792
KEN-single,2008,1,gdp_growth,2009,prophet_graph,3.30693981631089,1.1833009851813792
KEN-single,2008,1,gdp_growth,2009,bvar,3.30693981631089,5.416891109181721
KEN-single,2008,1,gdp_growth,2009,xgb_blind,3.30693981631089,1.3063244579582287
KEN-single,2008,1,gdp_growth,2009,xgb_graph,3.30693981631089,1.3063244579582287
KEN-single,2008,1,gdp_growth,2009,lgbm_blind,3.30693981631089,0.49172845979685986
KEN-single,2008,1,gdp_growth,2009,lgbm_graph,3.30693981631089,0.49172845979685986
KEN-single,2008,1,gdp_growth,2009,tft,3.30693981631089,0.9185948786773439
KEN-single,2008,1,gdp_growth,2009,chronos,3.30693981631089,3.001913165882118
KEN-single,2008,1,inflation_cpi,2009,persistence,9.23412592394652,17.005690720559777
KEN-single,2008,1,inflation_cpi,2009,arima,9.23412592394652,16.871597604859737
KEN-single,2008,1,inflation_cpi,2009,prophet,9.23412592394652,1.6402701688783798
KEN-single,2008,1,inflation_cpi,2009,prophet_graph,9.23412592394652,3.2169662863781223
KEN-single,2008,1,inflation_cpi,2009,bvar,9.23412592394652,25.042782505873113
KEN-single,2008,1,inflation_cpi,2009,xgb_blind,9.23412592394652,21.778939414188244
KEN-single,2008,1,inflation_cpi,2009,xgb_graph,9.23412592394652,3.342912506893297
KEN-single,2008,1,inflation_cpi,2009,lgbm_blind,9.23412592394652,5.006968479850206
KEN-single,2008,1,inflation_cpi,2009,lgbm_graph,9.23412592394652,5.006968479850206
KEN-single,2008,1,inflation_cpi,2009,tft,9.23412592394652,16.161855589888084
KEN-single,2008,1,inflation_cpi,2009,chronos,9.23412592394652,8.747294593021254
KEN-single,2008,1,unemployment,2009,persistence,2.818,0.06200000000000028
KEN-single,2008,1,unemployment,2009,arima,2.818,0.023655913413753726
KEN-single,2008,1,unemployment,2009,prophet,2.818,0.12895076078288303
KEN-single,2008,1,unemployment,2009,prophet_graph,2.818,0.12895076078288303
KEN-single,2008,1,unemployment,2009,bvar,2.818,0.0465647668893312
KEN-single,2008,1,unemployment,2009,xgb_blind,2.818,0.15421446037292474
KEN-single,2008,1,unemployment,2009,xgb_graph,2.818,0.15421446037292474
KEN-single,2008,1,unemployment,2009,lgbm_blind,2.818,0.02027776379055446
KEN-single,2008,1,unemployment,2009,lgbm_graph,2.818,0.02027776379055446
KEN-single,2008,1,unemployment,2009,tft,2.818,0.0835381281105323
KEN-single,2008,1,unemployment,2009,chronos,2.818,0.03205529975891119
KEN-single,2008,1,exports_gdp,2009,persistence,18.7749454916013,3.8991120616253987
KEN-single,2008,1,exports_gdp,2009,arima,18.7749454916013,3.9702049031667244
KEN-single,2008,1,exports_gdp,2009,prophet,18.7749454916013,2.9691712168435913
KEN-single,2008,1,exports_gdp,2009,prophet_graph,18.7749454916013,8.625474274188093
KEN-single,2008,1,exports_gdp,2009,bvar,18.7749454916013,4.02022232271818
KEN-single,2008,1,exports_gdp,2009,xgb_blind,18.7749454916013,11.14173579807155
KEN-single,2008,1,exports_gdp,2009,xgb_graph,18.7749454916013,9.342207676123309
KEN-single,2008,1,exports_gdp,2009,lgbm_blind,18.7749454916013,7.1654883284874025
KEN-single,2008,1,exports_gdp,2009,lgbm_graph,18.7749454916013,7.1654883284874025
KEN-single,2008,1,exports_gdp,2009,tft,18.7749454916013,4.411350410435837
KEN-single,2008,1,exports_gdp,2009,chronos,18.7749454916013,3.2747447549807305
KEN-single,2008,1,imports_gdp,2009,persistence,27.1702463211792,7.734294772907198
KEN-single,2008,1,imports_gdp,2009,arima,27.1702463211792,7.242259728014197
KEN-single,2008,1,imports_gdp,2009,prophet,27.1702463211792,5.978986562294594
KEN-single,2008,1,imports_gdp,2009,prophet_graph,27.1702463211792,6.36139895350383
KEN-single,2008,1,imports_gdp,2009,bvar,27.1702463211792,10.084806928848117
KEN-single,2008,1,imports_gdp,2009,xgb_blind,27.1702463211792,6.305145066760254
KEN-single,2008,1,imports_gdp,2009,xgb_graph,27.1702463211792,6.015674394152832
KEN-single,2008,1,imports_gdp,2009,lgbm_blind,27.1702463211792,4.782887473817276
KEN-single,2008,1,imports_gdp,2009,lgbm_graph,27.1702463211792,4.782887473817276
KEN-single,2008,1,imports_gdp,2009,tft,27.1702463211792,8.4898403756861
KEN-single,2008,1,imports_gdp,2009,chronos,27.1702463211792,5.592468064807129
KEN-single,2009,1,gdp_growth,2010,persistence,8.05847360290906,4.751533786598171
KEN-single,2009,1,gdp_growth,2010,arima,8.05847360290906,5.736057256490791
KEN-single,2009,1,gdp_growth,2010,prophet,8.05847360290906,3.644899374570036
KEN-single,2009,1,gdp_growth,2010,prophet_graph,8.05847360290906,3.644899374570036
KEN-single,2009,1,gdp_growth,2010,bvar,8.05847360290906,5.023057674209463
KEN-single,2009,1,gdp_growth,2010,xgb_blind,8.05847360290906,6.542764321941348
KEN-single,2009,1,gdp_growth,2010,xgb_graph,8.05847360290906,6.542764321941348
KEN-single,2009,1,gdp_growth,2010,lgbm_blind,8.05847360290906,5.217381799879097
KEN-single,2009,1,gdp_growth,2010,lgbm_graph,8.05847360290906,5.217381799879097
KEN-single,2009,1,gdp_growth,2010,tft,8.05847360290906,4.697355217584397
KEN-single,2009,1,gdp_growth,2010,chronos,8.05847360290906,5.473037020343753
KEN-single,2009,1,inflation_cpi,2010,persistence,3.96138889115385,5.272737032792669
KEN-single,2009,1,inflation_cpi,2010,arima,3.96138889115385,7.699533731367003
KEN-single,2009,1,inflation_cpi,2010,prophet,3.96138889115385,3.2436594867569775
KEN-single,2009,1,inflation_cpi,2010,prophet_graph,3.96138889115385,11.23007996420622
KEN-single,2009,1,inflation_cpi,2010,bvar,3.96138889115385,0.7581770886170909
KEN-single,2009,1,inflation_cpi,2010,xgb_blind,3.96138889115385,8.82517879683443
KEN-single,2009,1,inflation_cpi,2010,xgb_graph,3.96138889115385,11.594144517964802
KEN-single,2009,1,inflation_cpi,2010,lgbm_blind,3.96138889115385,10.016180864601122
KEN-single,2009,1,inflation_cpi,2010,lgbm_graph,3.96138889115385,10.016180864601122
KEN-single,2009,1,inflation_cpi,2010,tft,3.96138889115385,10.81114367875625
KEN-single,2009,1,inflation_cpi,2010,chronos,3.96138889115385,4.244291002339802
KEN-single,2009,1,unemployment,2010,persistence,2.796,0.02200000000000024
KEN-single,2009,1,unemployment,2010,arima,2.796,0.04651411363028535
KEN-single,2009,1,unemployment,2010,prophet,2.796,0.061738622261921616
KEN-single,2009,1,unemployment,2010,prophet_graph,2.796,0.05371502470304179
KEN-single,2009,1,unemployment,2010,bvar,2.796,0.08835054040486545
KEN-single,2009,1,unemployment,2010,xgb_blind,2.796,0.030238155364990416
KEN-single,2009,1,unemployment,2010,xgb_graph,2.796,0.1643307247161867
KEN-single,2009,1,unemployment,2010,lgbm_blind,2.796,0.04121051718059343
KEN-single,2009,1,unemployment,2010,lgbm_graph,2.796,0.04121051718059343
KEN-single,2009,1,unemployment,2010,tft,2.796,0.044138058303140326
KEN-single,2009,1,unemployment,2010,chronos,2.796,0.051421646118164244
KEN-single,2009,1,exports_gdp,2010,persistence,20.1243596478793,1.349414156277998
KEN-single,2009,1,exports_gdp,2010,arima,20.1243596478793,1.6797790882610855
KEN-single,2009,1,exports_gdp,2010,prophet,20.1243596478793,0.6209515876431055
KEN-single,2009,1,exports_gdp,2010,prophet_graph,20.1243596478793,3.4755813148838364
KEN-single,2009,1,exports_gdp,2010,bvar,20.1243596478793,2.0667932776708895
KEN-single,2009,1,exports_gdp,2010,xgb_blind,20.1243596478793,2.7215456560757794
KEN-single,2009,1,exports_gdp,2010,xgb_graph,20.1243596478793,3.177583177438084
KEN-single,2009,1,exports_gdp,2010,lgbm_blind,20.1243596478793,5.438943245508344
KEN-single,2009,1,exports_gdp,2010,lgbm_graph,20.1243596478793,5.438943245508344
KEN-single,2009,1,exports_gdp,2010,tft,20.1243596478793,0.2548958466160016
KEN-single,2009,1,exports_gdp,2010,chronos,20.1243596478793,0.6283421918246113
KEN-single,2009,1,imports_gdp,2010,persistence,30.2699277024041,3.099681381224901
KEN-single,2009,1,imports_gdp,2010,arima,30.2699277024041,1.0801336556589263
KEN-single,2009,1,imports_gdp,2010,prophet,30.2699277024041,1.7318397088921138
KEN-single,2009,1,imports_gdp,2010,prophet_graph,30.2699277024041,0.0631826638977202
KEN-single,2009,1,imports_gdp,2010,bvar,30.2699277024041,4.58027914915149
KEN-single,2009,1,imports_gdp,2010,xgb_blind,30.2699277024041,2.0721133132208998
KEN-single,2009,1,imports_gdp,2010,xgb_graph,30.2699277024041,3.231425962902147
KEN-single,2009,1,imports_gdp,2010,lgbm_blind,30.2699277024041,1.4314751625540119
KEN-single,2009,1,imports_gdp,2010,lgbm_graph,30.2699277024041,1.4314751625540119
KEN-single,2009,1,imports_gdp,2010,tft,30.2699277024041,0.43352412208658464
KEN-single,2009,1,imports_gdp,2010,chronos,30.2699277024041,0.15850476219550913
KEN-single,2010,1,gdp_growth,2011,persistence,5.1211061197056,2.9373674832034604
KEN-single,2010,1,gdp_growth,2011,arima,5.1211061197056,2.054137364491025
KEN-single,2010,1,gdp_growth,2011,prophet,5.1211061197056,0.12587480946556617
KEN-single,2010,1,gdp_growth,2011,prophet_graph,5.1211061197056,0.12587480946556617
KEN-single,2010,1,gdp_growth,2011,bvar,5.1211061197056,5.647869248449383
KEN-single,2010,1,gdp_growth,2011,xgb_blind,5.1211061197056,1.9588870721592135
KEN-single,2010,1,gdp_growth,2011,xgb_graph,5.1211061197056,1.9588870721592135
KEN-single,2010,1,gdp_growth,2011,lgbm_blind,5.1211061197056,2.019145227475328
KEN-single,2010,1,gdp_growth,2011,lgbm_graph,5.1211061197056,2.019145227475328
KEN-single,2010,1,gdp_growth,2011,tft,5.1211061197056,0.5164834498280797
KEN-single,2010,1,gdp_growth,2011,chronos,5.1211061197056,0.7516436857448392
KEN-single,2010,1,inflation_cpi,2011,persistence,14.0224913014704,10.061102410316549
KEN-single,2010,1,inflation_cpi,2011,arima,14.0224913014704,9.600905716192212
KEN-single,2010,1,inflation_cpi,2011,prophet,14.0224913014704,8.075090524840295
KEN-single,2010,1,inflation_cpi,2011,prophet_graph,14.0224913014704,3.7386168878233548
KEN-single,2010,1,inflation_cpi,2011,bvar,14.0224913014704,16.458880254944557
KEN-single,2010,1,inflation_cpi,2011,xgb_blind,14.0224913014704,4.207412873334288
KEN-single,2010,1,inflation_cpi,2011,xgb_graph,14.0224913014704,8.195411051684022
KEN-single,2010,1,inflation_cpi,2011,lgbm_blind,14.0224913014704,0.5457305921846629
KEN-single,2010,1,inflation_cpi,2011,lgbm_graph,14.0224913014704,0.5457305921846629
KEN-single,2010,1,inflation_cpi,2011,tft,14.0224913014704,7.968956370748301
KEN-single,2010,1,inflation_cpi,2011,chronos,14.0224913014704,10.311159218721986
KEN-single,2010,1,unemployment,2011,persistence,2.704,0.09199999999999964
KEN-single,2010,1,unemployment,2011,arima,2.704,0.08408365383947558
KEN-single,2010,1,unemployment,2011,prophet,2.704,0.04424966595454993
KEN-single,2010,1,unemployment,2011,prophet_graph,2.704,0.0468126520880916
KEN-single,2010,1,unemployment,2011,bvar,2.704,0.09064839506570044
KEN-single,2010,1,unemployment,2011,xgb_blind,2.704,0.057444807052612123
KEN-single,2010,1,unemployment,2011,xgb_graph,2.704,0.15423798179626447
KEN-single,2010,1,unemployment,2011,lgbm_blind,2.704,0.13114999151229823
KEN-single,2010,1,unemployment,2011,lgbm_graph,2.704,0.13114999151229823
KEN-single,2010,1,unemployment,2011,tft,2.704,0.09967987187793437
KEN-single,2010,1,unemployment,2011,chronos,2.704,0.12078713989257794
KEN-single,2010,1,exports_gdp,2011,persistence,21.5494770708279,1.4251174229486026
KEN-single,2010,1,exports_gdp,2011,arima,21.5494770708279,1.3371747473704758
KEN-single,2010,1,exports_gdp,2011,prophet,21.5494770708279,1.3133392724007216
KEN-single,2010,1,exports_gdp,2011,prophet_graph,21.5494770708279,3.0956432331690777
KEN-single,2010,1,exports_gdp,2011,bvar,21.5494770708279,2.79765207508947
KEN-single,2010,1,exports_gdp,2011,xgb_blind,21.5494770708279,1.3306174573703409
KEN-single,2010,1,exports_gdp,2011,xgb_graph,21.5494770708279,3.020719080905497
KEN-single,2010,1,exports_gdp,2011,lgbm_blind,21.5494770708279,3.7418786344333306
KEN-single,2010,1,exports_gdp,2011,lgbm_graph,21.5494770708279,3.7418786344333306
KEN-single,2010,1,exports_gdp,2011,tft,21.5494770708279,2.2218370708025432
KEN-single,2010,1,exports_gdp,2011,chronos,21.5494770708279,1.3233818712429404
KEN-single,2010,1,imports_gdp,2011,persistence,36.8527289037346,6.582801201330501
KEN-single,2010,1,imports_gdp,2011,arima,36.8527289037346,7.48516267311312
KEN-single,2010,1,imports_gdp,2011,prophet,36.8527289037346,5.087036296257818
KEN-single,2010,1,imports_gdp,2011,prophet_graph,36.8527289037346,5.552163207244401
KEN-single,2010,1,imports_gdp,2011,bvar,36.8527289037346,6.691309390313453
KEN-single,2010,1,imports_gdp,2011,xgb_blind,36.8527289037346,4.297064841234601
KEN-single,2010,1,imports_gdp,2011,xgb_graph,36.8527289037346,7.65765291496507
KEN-single,2010,1,imports_gdp,2011,lgbm_blind,36.8527289037346,5.222899783098615
KEN-single,2010,1,imports_gdp,2011,lgbm_graph,36.8527289037346,5.222899783098615
KEN-single,2010,1,imports_gdp,2011,tft,36.8527289037346,1.7649197031292374
KEN-single,2010,1,imports_gdp,2011,chronos,36.8527289037346,6.0253401403068665
KEN-single,2011,1,gdp_growth,2012,persistence,4.56867961444982,0.55242650525578
KEN-single,2011,1,gdp_growth,2012,arima,4.56867961444982,1.2824278754726537
KEN-single,2011,1,gdp_growth,2012,prophet,4.56867961444982,0.838915041359293
KEN-single,2011,1,gdp_growth,2012,prophet_graph,4.56867961444982,1.4148047240636927
KEN-single,2011,1,gdp_growth,2012,bvar,4.56867961444982,0.47393759232328314
KEN-single,2011,1,gdp_growth,2012,xgb_blind,4.56867961444982,0.3587639764798496
KEN-single,2011,1,gdp_growth,2012,xgb_graph,4.56867961444982,1.8737327619539883
KEN-single,2011,1,gdp_growth,2012,lgbm_blind,4.56867961444982,1.3705689481464125
KEN-single,2011,1,gdp_growth,2012,lgbm_graph,4.56867961444982,1.3705689481464125
KEN-single,2011,1,gdp_growth,2012,tft,4.56867961444982,1.394870345087757
KEN-single,2011,1,gdp_growth,2012,chronos,4.56867961444982,0.26569585361608006
KEN-single,2011,1,inflation_cpi,2012,persistence,9.37777003547598,4.64472126599442
KEN-single,2011,1,inflation_cpi,2012,arima,9.37777003547598,3.552263654932098
KEN-single,2011,1,inflation_cpi,2012,prophet,9.37777003547598,2.9318290727945113
KEN-single,2011,1,inflation_cpi,2012,prophet_graph,9.37777003547598,0.03837241248562684
KEN-single,2011,1,inflation_cpi,2012,bvar,9.37777003547598,6.422402264105703
KEN-single,2011,1,inflation_cpi,2012,xgb_blind,9.37777003547598,3.4226049492652315
KEN-single,2011,1,inflation_cpi,2012,xgb_graph,9.37777003547598,3.388983161240329
KEN-single,2011,1,inflation_cpi,2012,lgbm_blind,9.37777003547598,4.124977852180823
KEN-single,2011,1,inflation_cpi,2012,lgbm_graph,9.37777003547598,4.124977852180823
KEN-single,2011,1,inflation_cpi,2012,tft,9.37777003547598,2.101484429263481
KEN-single,2011,1,inflation_cpi,2012,chronos,9.37777003547598,0.6642068932349581
KEN-single,2011,1,unemployment,2012,persistence,2.682,0.02200000000000024
KEN-single,2011,1,unemployment,2012,arima,2.682,0.013117532969190382
KEN-single,2011,1,unemployment,2012,prophet,2.682,0.04333477326327495
KEN-single,2011,1,unemployment,2012,prophet_graph,2.682,0.05061015396116275
KEN-single,2011,1,unemployment,2012,bvar,2.682,0.012034220150912489
KEN-single,2011,1,unemployment,2012,xgb_blind,2.682,0.05899993705749518
KEN-single,2011,1,unemployment,2012,xgb_graph,2.682,0.04995672035217291
KEN-single,2011,1,unemployment,2012,lgbm_blind,2.682,0.14690475363958466
KEN-single,2011,1,unemployment,2012,lgbm_graph,2.682,0.14690475363958466
KEN-single,2011,1,unemployment,2012,tft,2.682,0.06788762101678536
KEN-single,2011,1,unemployment,2012,chronos,2.682,0.054026525497436584
KEN-single,2011,1,exports_gdp,2012,persistence,19.8649477228834,1.6845293479445012
KEN-single,2011,1,exports_gdp,2012,arima,19.8649477228834,1.7853172053333743
KEN-single,2011,1,exports_gdp,2012,prophet,19.8649477228834,0.17431084993944523
KEN-single,2011,1,exports_gdp,2012,prophet_graph,19.8649477228834,4.910830407076624
KEN-single,2011,1,exports_gdp,2012,bvar,19.8649477228834,1.1394499985229771
KEN-single,2011,1,exports_gdp,2012,xgb_blind,19.8649477228834,1.5405908360765608
KEN-single,2011,1,exports_gdp,2012,xgb_graph,19.8649477228834,5.323309494523826
KEN-single,2011,1,exports_gdp,2012,lgbm_blind,19.8649477228834,5.248223264200398
KEN-single,2011,1,exports_gdp,2012,lgbm_graph,19.8649477228834,5.248223264200398
KEN-single,2011,1,exports_gdp,2012,tft,19.8649477228834,0.06720489354789905
KEN-single,2011,1,exports_gdp,2012,chronos,19.8649477228834,2.2519250645921858
KEN-single,2011,1,imports_gdp,2012,persistence,31.7587443003647,5.0939846033699006
KEN-single,2011,1,imports_gdp,2012,arima,31.7587443003647,3.7078061934330755
KEN-single,2011,1,imports_gdp,2012,prophet,31.7587443003647,0.9243423897924394
KEN-single,2011,1,imports_gdp,2012,prophet_graph,31.7587443003647,2.4074633367623512
KEN-single,2011,1,imports_gdp,2012,bvar,31.7587443003647,6.479881367594448
KEN-single,2011,1,imports_gdp,2012,xgb_blind,31.7587443003647,2.456328331471237
KEN-single,2011,1,imports_gdp,2012,xgb_graph,31.7587443003647,1.5568532338149872
KEN-single,2011,1,imports_gdp,2012,lgbm_blind,31.7587443003647,0.1197943763059186
KEN-single,2011,1,imports_gdp,2012,lgbm_graph,31.7587443003647,0.1197943763059186
KEN-single,2011,1,imports_gdp,2012,tft,31.7587443003647,0.9878402295694322
KEN-single,2011,1,imports_gdp,2012,chronos,31.7587443003647,2.803732811451706
KEN-single,2012,1,gdp_growth,2013,persistence,3.7978483925754,0.7708312218744204
KEN-single,2012,1,gdp_growth,2013,arima,3.7978483925754,0.8957428840617849
KEN-single,2012,1,gdp_growth,2013,prophet,3.7978483925754,1.6529825431024783
KEN-single,2012,1,gdp_growth,2013,prophet_graph,3.7978483925754,2.252353277367333
KEN-single,2012,1,gdp_growth,2013,bvar,3.7978483925754,0.42292255783118193
KEN-single,2012,1,gdp_growth,2013,xgb_blind,3.7978483925754,1.1624248732632232
KEN-single,2012,1,gdp_growth,2013,xgb_graph,3.7978483925754,1.8340476264065337
KEN-single,2012,1,gdp_growth,2013,lgbm_blind,3.7978483925754,0.5374391288507692
KEN-single,2012,1,gdp_growth,2013,lgbm_graph,3.7978483925754,0.5374391288507692
KEN-single,2012,1,gdp_growth,2013,tft,3.7978483925754,0.8999110447470517
KEN-single,2012,1,gdp_growth,2013,chronos,3.7978483925754,0.5263927687710357
KEN-single,2012,1,inflation_cpi,2013,persistence,5.71749357037733,3.660276465098649
KEN-single,2012,1,inflation_cpi,2013,arima,5.71749357037733,4.232594300111019
KEN-single,2012,1,inflation_cpi,2013,prophet,5.71749357037733,0.8561516955847228
KEN-single,2012,1,inflation_cpi,2013,prophet_graph,5.71749357037733,1.9154328418922706
KEN-single,2012,1,inflation_cpi,2013,bvar,5.71749357037733,4.062373431760575
KEN-single,2012,1,inflation_cpi,2013,xgb_blind,5.71749357037733,4.426012479732533
KEN-single,2012,1,inflation_cpi,2013,xgb_graph,5.71749357037733,5.45540567583849
KEN-single,2012,1,inflation_cpi,2013,lgbm_blind,5.71749357037733,7.59775534165367
KEN-single,2012,1,inflation_cpi,2013,lgbm_graph,5.71749357037733,7.59775534165367
KEN-single,2012,1,inflation_cpi,2013,tft,5.71749357037733,4.7856475157262075
KEN-single,2012,1,inflation_cpi,2013,chronos,5.71749357037733,3.097320043514271
KEN-single,2012,1,unemployment,2013,persistence,2.764,0.08199999999999985
KEN-single,2012,1,unemployment,2013,arima,2.764,0.09011688548619023
KEN-single,2012,1,unemployment,2013,prophet,2.764,0.06378397968290273
KEN-single,2012,1,unemployment,2013,prophet_graph,2.764,0.04813390475502288
KEN-single,2012,1,unemployment,2013,bvar,2.764,0.1110388069775663
KEN-single,2012,1,unemployment,2013,xgb_blind,2.764,0.0049253120422361185
KEN-single,2012,1,unemployment,2013,xgb_graph,2.764,0.01580375289917013
KEN-single,2012,1,unemployment,2013,lgbm_blind,2.764,0.05822726128318134
KEN-single,2012,1,unemployment,2013,lgbm_graph,2.764,0.05822726128318134
KEN-single,2012,1,unemployment,2013,tft,2.764,0.0768442813491288
KEN-single,2012,1,unemployment,2013,chronos,2.764,0.07544618988037088
KEN-single,2012,1,exports_gdp,2013,persistence,17.7921805531655,2.072767169717899
KEN-single,2012,1,exports_gdp,2013,arima,17.7921805531655,1.9662529562342392
KEN-single,2012,1,exports_gdp,2013,prophet,17.7921805531655,1.6001132327303687
KEN-single,2012,1,exports_gdp,2013,prophet_graph,17.7921805531655,1.561033875706535
KEN-single,2012,1,exports_gdp,2013,bvar,17.7921805531655,2.472950563413086
KEN-single,2012,1,exports_gdp,2013,xgb_blind,17.7921805531655,2.372562870296413
KEN-single,2012,1,exports_gdp,2013,xgb_graph,17.7921805531655,4.227037891658718
KEN-single,2012,1,exports_gdp,2013,lgbm_blind,17.7921805531655,7.082434855991991
KEN-single,2012,1,exports_gdp,2013,lgbm_graph,17.7921805531655,7.082434855991991
KEN-single,2012,1,exports_gdp,2013,tft,17.7921805531655,2.6358118441283374
KEN-single,2012,1,exports_gdp,2013,chronos,17.7921805531655,3.3924355357016864
KEN-single,2012,1,imports_gdp,2013,persistence,29.6724619595649,2.0862823407998015
KEN-single,2012,1,imports_gdp,2013,arima,29.6724619595649,3.526301287423351
KEN-single,2012,1,imports_gdp,2013,prophet,29.6724619595649,2.894493709625145
KEN-single,2012,1,imports_gdp,2013,prophet_graph,29.6724619595649,3.7426786394191325
KEN-single,2012,1,imports_gdp,2013,bvar,29.6724619595649,1.2391315021620102
KEN-single,2012,1,imports_gdp,2013,xgb_blind,29.6724619595649,3.005852249419476
KEN-single,2012,1,imports_gdp,2013,xgb_graph,29.6724619595649,3.229362991606976
KEN-single,2012,1,imports_gdp,2013,lgbm_blind,29.6724619595649,2.200631558778941
KEN-single,2012,1,imports_gdp,2013,lgbm_graph,29.6724619595649,2.200631558778941
KEN-single,2012,1,imports_gdp,2013,tft,29.6724619595649,3.4591116829092243
KEN-single,2012,1,imports_gdp,2013,chronos,29.6724619595649,2.0835461886284605
KEN-single,2013,1,gdp_growth,2014,persistence,5.02011100232484,1.22226260974944
KEN-single,2013,1,gdp_growth,2014,arima,5.02011100232484,1.0499778944194817
KEN-single,2013,1,gdp_growth,2014,prophet,5.02011100232484,0.3392952478794822
KEN-single,2013,1,gdp_growth,2014,prophet_graph,5.02011100232484,0.1640574101175849
KEN-single,2013,1,gdp_growth,2014,bvar,5.02011100232484,0.9431368877098221
KEN-single,2013,1,gdp_growth,2014,xgb_blind,5.02011100232484,1.0307308810937608
KEN-single,2013,1,gdp_growth,2014,xgb_graph,5.02011100232484,1.945096887944957
KEN-single,2013,1,gdp_growth,2014,lgbm_blind,5.02011100232484,1.7363348168900425
KEN-single,2013,1,gdp_growth,2014,lgbm_graph,5.02011100232484,1.7363348168900425
KEN-single,2013,1,gdp_growth,2014,tft,5.02011100232484,0.1604779387990085
KEN-single,2013,1,gdp_growth,2014,chronos,5.02011100232484,1.7411638873803819
KEN-single,2013,1,inflation_cpi,2014,persistence,6.87815499275949,1.1606614223821596
KEN-single,2013,1,inflation_cpi,2014,arima,6.87815499275949,0.7377505109303151
KEN-single,2013,1,inflation_cpi,2014,prophet,6.87815499275949,1.0462297429400262
KEN-single,2013,1,inflation_cpi,2014,prophet_graph,6.87815499275949,4.156833925687622
KEN-single,2013,1,inflation_cpi,2014,bvar,6.87815499275949,2.736550877919881
KEN-single,2013,1,inflation_cpi,2014,xgb_blind,6.87815499275949,1.8773095610735178
KEN-single,2013,1,inflation_cpi,2014,xgb_graph,6.87815499275949,1.5348975661394357
KEN-single,2013,1,inflation_cpi,2014,lgbm_blind,6.87815499275949,6.106756728926169
KEN-single,2013,1,inflation_cpi,2014,lgbm_graph,6.87815499275949,6.106756728926169
KEN-single,2013,1,inflation_cpi,2014,tft,6.87815499275949,3.596258927602304
KEN-single,2013,1,inflation_cpi,2014,chronos,6.87815499275949,0.7884080407026053
KEN-single,2013,1,unemployment,2014,persistence,2.768,0.0040000000000000036
KEN-single,2013,1,unemployment,2014,arima,2.768,0.024370220926400954
KEN-single,2013,1,unemployment,2014,prophet,2.768,0.05955958817059237
KEN-single,2013,1,unemployment,2014,prophet_graph,2.768,0.03718022495957918
KEN-single,2013,1,unemployment,2014,bvar,2.768,0.007397743954300484
KEN-single,2013,1,unemployment,2014,xgb_blind,2.768,0.05555904579162618
KEN-single,2013,1,unemployment,2014,xgb_graph,2.768,0.09211552810668966
KEN-single,2013,1,unemployment,2014,lgbm_blind,2.768,0.051695638573688196
KEN-single,2013,1,unemployment,2014,lgbm_graph,2.768,0.051695638573688196
KEN-single,2013,1,unemployment,2014,tft,2.768,0.0032180820147984512
KEN-single,2013,1,unemployment,2014,chronos,2.768,0.06294143867492696
KEN-single,2013,1,exports_gdp,2014,persistence,16.4728044658123,1.319376087353202
KEN-single,2013,1,exports_gdp,2014,arima,16.4728044658123,1.167744450221445
KEN-single,2013,1,exports_gdp,2014,prophet,16.4728044658123,2.2922468785020165
KEN-single,2013,1,exports_gdp,2014,prophet_graph,16.4728044658123,0.9288163617387362
KEN-single,2013,1,exports_gdp,2014,bvar,16.4728044658123,1.582847038913446
KEN-single,2013,1,exports_gdp,2014,xgb_blind,16.4728044658123,3.348473152595904
KEN-single,2013,1,exports_gdp,2014,xgb_graph,16.4728044658123,1.90083177991524
KEN-single,2013,1,exports_gdp,2014,lgbm_blind,16.4728044658123,8.093879013165072
KEN-single,2013,1,exports_gdp,2014,lgbm_graph,16.4728044658123,8.093879013165072
KEN-single,2013,1,exports_gdp,2014,tft,16.4728044658123,1.006803211894212
KEN-single,2013,1,exports_gdp,2014,chronos,16.4728044658123,3.376877388435748
KEN-single,2013,1,imports_gdp,2014,persistence,29.6976848964037,0.025222936838801502
KEN-single,2013,1,imports_gdp,2014,arima,29.6976848964037,0.4621157820791737
KEN-single,2013,1,imports_gdp,2014,prophet,29.6976848964037,2.474761648218795
KEN-single,2013,1,imports_gdp,2014,prophet_graph,29.6976848964037,1.4086038038923938
KEN-single,2013,1,imports_gdp,2014,bvar,29.6976848964037,0.5821360744348887
KEN-single,2013,1,imports_gdp,2014,xgb_blind,29.6976848964037,0.5653766270337997
KEN-single,2013,1,imports_gdp,2014,xgb_graph,29.6976848964037,0.0145717982591691
KEN-single,2013,1,imports_gdp,2014,lgbm_blind,29.6976848964037,2.079729010854706
KEN-single,2013,1,imports_gdp,2014,lgbm_graph,29.6976848964037,2.079729010854706
KEN-single,2013,1,imports_gdp,2014,tft,29.6976848964037,0.18410432095668483
KEN-single,2013,1,imports_gdp,2014,chronos,29.6976848964037,1.2693656559644637
KEN-single,2014,1,gdp_growth,2015,persistence,4.96772112759767,0.052389874727169605
KEN-single,2014,1,gdp_growth,2015,arima,4.96772112759767,0.22718232782247583
KEN-single,2014,1,gdp_growth,2015,prophet,4.96772112759767,0.504003952108464
KEN-single,2014,1,gdp_growth,2015,prophet_graph,4.96772112759767,0.06681956041065007
KEN-single,2014,1,gdp_growth,2015,bvar,4.96772112759767,1.0871855900525418
KEN-single,2014,1,gdp_growth,2015,xgb_blind,4.96772112759767,0.20515093890013247
KEN-single,2014,1,gdp_growth,2015,xgb_graph,4.96772112759767,0.8400360575598285
KEN-single,2014,1,gdp_growth,2015,lgbm_blind,4.96772112759767,1.6115976547233068
KEN-single,2014,1,gdp_growth,2015,lgbm_graph,4.96772112759767,1.6115976547233068
KEN-single,2014,1,gdp_growth,2015,tft,4.96772112759767,0.09763264169164643
KEN-single,2014,1,gdp_growth,2015,chronos,4.96772112759767,0.1824184885901019
KEN-single,2014,1,inflation_cpi,2015,persistence,6.58215429284779,0.2960006999117004
KEN-single,2014,1,inflation_cpi,2015,arima,6.58215429284779,0.16042295372560123
KEN-single,2014,1,inflation_cpi,2015,prophet,6.58215429284779,1.1698531172638953
KEN-single,2014,1,inflation_cpi,2015,prophet_graph,6.58215429284779,9.880413772813025
KEN-single,2014,1,inflation_cpi,2015,bvar,6.58215429284779,1.599478302249608
KEN-single,2014,1,inflation_cpi,2015,xgb_blind,6.58215429284779,2.952855091307484
KEN-single,2014,1,inflation_cpi,2015,xgb_graph,6.58215429284779,0.7011432459095346
KEN-single,2014,1,inflation_cpi,2015,lgbm_blind,6.58215429284779,6.148309221877577
KEN-single,2014,1,inflation_cpi,2015,lgbm_graph,6.58215429284779,6.148309221877577
KEN-single,2014,1,inflation_cpi,2015,tft,6.58215429284779,3.479372117918283
KEN-single,2014,1,inflation_cpi,2015,chronos,6.58215429284779,0.134851951386608
KEN-single,2014,1,unemployment,2015,persistence,2.762,0.005999999999999783
KEN-single,2014,1,unemployment,2015,arima,2.762,0.00730256183330269
KEN-single,2014,1,unemployment,2015,prophet,2.762,0.04536546303338884
KEN-single,2014,1,unemployment,2015,prophet_graph,2.762,0.040698078646322244
KEN-single,2014,1,unemployment,2015,bvar,2.762,0.01243931679468302
KEN-single,2014,1,unemployment,2015,xgb_blind,2.762,0.0024406070709228622
KEN-single,2014,1,unemployment,2015,xgb_graph,2.762,0.005610382080078136
KEN-single,2014,1,unemployment,2015,lgbm_blind,2.762,0.05554164894421909
KEN-single,2014,1,unemployment,2015,lgbm_graph,2.762,0.05554164894421909
KEN-single,2014,1,unemployment,2015,tft,2.762,0.020030209323013803
KEN-single,2014,1,unemployment,2015,chronos,2.762,0.004962528228759755
KEN-single,2014,1,exports_gdp,2015,persistence,15.1287339034504,1.3440705623618996
KEN-single,2014,1,exports_gdp,2015,arima,15.1287339034504,1.2380242503324759
KEN-single,2014,1,exports_gdp,2015,prophet,15.1287339034504,2.832112812628136
KEN-single,2014,1,exports_gdp,2015,prophet_graph,15.1287339034504,1.5891836280771656
KEN-single,2014,1,exports_gdp,2015,bvar,15.1287339034504,0.1314610384621595
KEN-single,2014,1,exports_gdp,2015,xgb_blind,15.1287339034504,3.6506888565593663
KEN-single,2014,1,exports_gdp,2015,xgb_graph,15.1287339034504,2.5403258499675694
KEN-single,2014,1,exports_gdp,2015,lgbm_blind,15.1287339034504,9.100704639869303
KEN-single,2014,1,exports_gdp,2015,lgbm_graph,15.1287339034504,9.100704639869303
KEN-single,2014,1,exports_gdp,2015,tft,15.1287339034504,2.057974555732681
KEN-single,2014,1,exports_gdp,2015,chronos,15.1287339034504,1.7873675522380772
KEN-single,2014,1,imports_gdp,2015,persistence,25.1986507884515,4.499034107952202
KEN-single,2014,1,imports_gdp,2015,arima,25.1986507884515,4.493197972278381
KEN-single,2014,1,imports_gdp,2015,prophet,25.1986507884515,6.609928346093842
KEN-single,2014,1,imports_gdp,2015,prophet_graph,25.1986507884515,6.5441559103447595
KEN-single,2014,1,imports_gdp,2015,bvar,25.1986507884515,3.8878299095593682
KEN-single,2014,1,imports_gdp,2015,xgb_blind,25.1986507884515,4.964988280152017
KEN-single,2014,1,imports_gdp,2015,xgb_graph,25.1986507884515,5.590724516724283
KEN-single,2014,1,imports_gdp,2015,lgbm_blind,25.1986507884515,6.492107757741941
KEN-single,2014,1,imports_gdp,2015,lgbm_graph,25.1986507884515,6.492107757741941
KEN-single,2014,1,imports_gdp,2015,tft,25.1986507884515,5.653695251065127
KEN-single,2014,1,imports_gdp,2015,chronos,25.1986507884515,7.545882750366861
KEN-single,2015,1,gdp_growth,2016,persistence,4.21351706814744,0.7542040594502302
KEN-single,2015,1,gdp_growth,2016,arima,4.21351706814744,0.766119891000062
KEN-single,2015,1,gdp_growth,2016,prophet,4.21351706814744,1.3415761842523475
KEN-single,2015,1,gdp_growth,2016,prophet_graph,4.21351706814744,0.831478493570101
KEN-single,2015,1,gdp_growth,2016,bvar,4.21351706814744,2.176772940098952
KEN-single,2015,1,gdp_growth,2016,xgb_blind,4.21351706814744,0.10302746462843881
KEN-single,2015,1,gdp_growth,2016,xgb_graph,4.21351706814744,0.021039129972677095
KEN-single,2015,1,gdp_growth,2016,lgbm_blind,4.21351706814744,0.7929296947715474
KEN-single,2015,1,gdp_growth,2016,lgbm_graph,4.21351706814744,0.7929296947715474
KEN-single,2015,1,gdp_growth,2016,tft,4.21351706814744,0.34091014247098794
KEN-single,2015,1,gdp_growth,2016,chronos,4.21351706814744,0.5752435939314173
KEN-single,2015,1,inflation_cpi,2016,persistence,6.29724953814625,0.28490475470153953
KEN-single,2015,1,inflation_cpi,2016,arima,6.29724953814625,0.3195584647706884
KEN-single,2015,1,inflation_cpi,2016,prophet,6.29724953814625,1.2829254417496472
KEN-single,2015,1,inflation_cpi,2016,prophet_graph,6.29724953814625,8.112984340519816
KEN-single,2015,1,inflation_cpi,2016,bvar,6.29724953814625,3.2327483729247923
KEN-single,2015,1,inflation_cpi,2016,xgb_blind,6.29724953814625,2.42198874310375
KEN-single,2015,1,inflation_cpi,2016,xgb_graph,6.29724953814625,0.44538618878246083
KEN-single,2015,1,inflation_cpi,2016,lgbm_blind,6.29724953814625,6.1872816069495755
KEN-single,2015,1,inflation_cpi,2016,lgbm_graph,6.29724953814625,6.1872816069495755
KEN-single,2015,1,inflation_cpi,2016,tft,6.29724953814625,6.974169835640904
KEN-single,2015,1,inflation_cpi,2016,chronos,6.29724953814625,0.865484493530996
KEN-single,2015,1,unemployment,2016,persistence,2.757,0.004999999999999893
KEN-single,2015,1,unemployment,2016,arima,2.757,0.003045346326256304
KEN-single,2015,1,unemployment,2016,prophet,2.757,0.03468138016550926
KEN-single,2015,1,unemployment,2016,prophet_graph,2.757,0.05807012794235655
KEN-single,2015,1,unemployment,2016,bvar,2.757,0.01541235644187866
KEN-single,2015,1,unemployment,2016,xgb_blind,2.757,0.008778064727783086
KEN-single,2015,1,unemployment,2016,xgb_graph,2.757,0.005980937957763555
KEN-single,2015,1,unemployment,2016,lgbm_blind,2.757,0.05831998634338387
KEN-single,2015,1,unemployment,2016,lgbm_graph,2.757,0.05831998634338387
KEN-single,2015,1,unemployment,2016,tft,2.757,0.025768704808672993
KEN-single,2015,1,unemployment,2016,chronos,2.757,0.02853748130798328
KEN-single,2015,1,exports_gdp,2016,persistence,13.2497448006759,1.878989102774499
KEN-single,2015,1,exports_gdp,2016,arima,13.2497448006759,1.7643823790635214
KEN-single,2015,1,exports_gdp,2016,prophet,13.2497448006759,3.701453643142914
KEN-single,2015,1,exports_gdp,2016,prophet_graph,13.2497448006759,0.5373820647013261
KEN-single,2015,1,exports_gdp,2016,bvar,13.2497448006759,2.7758435718633425
KEN-single,2015,1,exports_gdp,2016,xgb_blind,13.2497448006759,3.7517391165604277
KEN-single,2015,1,exports_gdp,2016,xgb_graph,13.2497448006759,5.573573680769412
KEN-single,2015,1,exports_gdp,2016,lgbm_blind,13.2497448006759,10.615665546308962
KEN-single,2015,1,exports_gdp,2016,lgbm_graph,13.2497448006759,10.615665546308962
KEN-single,2015,1,exports_gdp,2016,tft,13.2497448006759,12.046004791751281
KEN-single,2015,1,exports_gdp,2016,chronos,13.2497448006759,1.3152242621292753
KEN-single,2015,1,imports_gdp,2016,persistence,21.6152747725065,3.5833760159449994
KEN-single,2015,1,imports_gdp,2016,arima,21.6152747725065,4.625031618091889
KEN-single,2015,1,imports_gdp,2016,prophet,21.6152747725065,9.188392073294189
KEN-single,2015,1,imports_gdp,2016,prophet_graph,21.6152747725065,8.099637797518255
KEN-single,2015,1,imports_gdp,2016,bvar,21.6152747725065,1.7990743027501388
KEN-single,2015,1,imports_gdp,2016,xgb_blind,21.6152747725065,6.378774299759126
KEN-single,2015,1,imports_gdp,2016,xgb_graph,21.6152747725065,4.65568698896811
KEN-single,2015,1,imports_gdp,2016,lgbm_blind,21.6152747725065,9.8157994462435
KEN-single,2015,1,imports_gdp,2016,lgbm_graph,21.6152747725065,9.8157994462435
KEN-single,2015,1,imports_gdp,2016,tft,21.6152747725065,13.30930827005859
KEN-single,2015,1,imports_gdp,2016,chronos,21.6152747725065,7.41564907087729
KEN-single,2016,1,gdp_growth,2017,persistence,3.83795817364721,0.37555889450023017
KEN-single,2016,1,gdp_growth,2017,arima,3.83795817364721,0.5471568772782067
KEN-single,2016,1,gdp_growth,2017,prophet,3.83795817364721,1.677899244847171
KEN-single,2016,1,gdp_growth,2017,prophet_graph,3.83795817364721,1.152171601252781
KEN-single,2016,1,gdp_growth,2017,bvar,3.83795817364721,1.018260563347579
KEN-single,2016,1,gdp_growth,2017,xgb_blind,3.83795817364721,0.6892573071572334
KEN-single,2016,1,gdp_growth,2017,xgb_graph,3.83795817364721,0.18354193697901078
KEN-single,2016,1,gdp_growth,2017,lgbm_blind,3.83795817364721,0.38687349966939477
KEN-single,2016,1,gdp_growth,2017,lgbm_graph,3.83795817364721,0.38687349966939477
KEN-single,2016,1,gdp_growth,2017,tft,3.83795817364721,1.3375603046130253
KEN-single,2016,1,gdp_growth,2017,chronos,3.83795817364721,0.026593847379401403
KEN-single,2016,1,inflation_cpi,2017,persistence,8.00564967709945,1.7084001389532002
KEN-single,2016,1,inflation_cpi,2017,arima,8.00564967709945,1.675006774209863
KEN-single,2016,1,inflation_cpi,2017,prophet,8.00564967709945,3.3708454200508076
KEN-single,2016,1,inflation_cpi,2017,prophet_graph,8.00564967709945,8.446841918358537
KEN-single,2016,1,inflation_cpi,2017,bvar,8.00564967709945,0.09883942873334384
KEN-single,2016,1,inflation_cpi,2017,xgb_blind,8.00564967709945,0.8016368063108761
KEN-single,2016,1,inflation_cpi,2017,xgb_graph,8.00564967709945,1.2746235044615108
KEN-single,2016,1,inflation_cpi,2017,lgbm_blind,8.00564967709945,4.240909089999196
KEN-single,2016,1,inflation_cpi,2017,lgbm_graph,8.00564967709945,4.240909089999196
KEN-single,2016,1,inflation_cpi,2017,tft,8.00564967709945,1.8197120316491686
KEN-single,2016,1,inflation_cpi,2017,chronos,8.00564967709945,3.0761476667539913
KEN-single,2016,1,unemployment,2017,persistence,3.541,0.7839999999999998
KEN-single,2016,1,unemployment,2017,arima,3.541,0.7856326818300459
KEN-single,2016,1,unemployment,2017,prophet,3.541,0.8201459511619666
KEN-single,2016,1,unemployment,2017,prophet_graph,3.541,0.7237250111254308
KEN-single,2016,1,unemployment,2017,bvar,3.541,0.772660913895348
KEN-single,2016,1,unemployment,2017,xgb_blind,3.541,0.7730101261138915
KEN-single,2016,1,unemployment,2017,xgb_graph,3.541,0.778969160079956
KEN-single,2016,1,unemployment,2017,lgbm_blind,3.541,0.7279230912281918
KEN-single,2016,1,unemployment,2017,lgbm_graph,3.541,0.7279230912281918
KEN-single,2016,1,unemployment,2017,tft,3.541,0.7594930184850814
KEN-single,2016,1,unemployment,2017,chronos,3.541,0.7781864318847656
KEN-single,2016,1,exports_gdp,2017,persistence,12.7366599413725,0.513084859303401
KEN-single,2016,1,exports_gdp,2017,arima,12.7366599413725,0.3397067149416113
KEN-single,2016,1,exports_gdp,2017,prophet,12.7366599413725,3.1844920827457113
KEN-single,2016,1,exports_gdp,2017,prophet_graph,12.7366599413725,1.8548425440692355
KEN-single,2016,1,exports_gdp,2017,bvar,12.7366599413725,1.339972075232696
KEN-single,2016,1,exports_gdp,2017,xgb_blind,12.7366599413725,2.29940134555377
KEN-single,2016,1,exports_gdp,2017,xgb_graph,12.7366599413725,2.3030434277681255
KEN-single,2016,1,exports_gdp,2017,lgbm_blind,12.7366599413725,10.720455562085379
KEN-single,2016,1,exports_gdp,2017,lgbm_graph,12.7366599413725,10.720455562085379
KEN-single,2016,1,exports_gdp,2017,tft,12.7366599413725,0.43396634056539085
KEN-single,2016,1,exports_gdp,2017,chronos,12.7366599413725,0.034271302523984915
KEN-single,2016,1,imports_gdp,2017,persistence,23.2583979340349,1.6431231615284005
KEN-single,2016,1,imports_gdp,2017,arima,23.2583979340349,1.0060945456935642
KEN-single,2016,1,imports_gdp,2017,prophet,23.2583979340349,6.136442642604347
KEN-single,2016,1,imports_gdp,2017,prophet_graph,23.2583979340349,4.352922735357403
KEN-single,2016,1,imports_gdp,2017,bvar,23.2583979340349,3.764040586698332
KEN-single,2016,1,imports_gdp,2017,xgb_blind,23.2583979340349,2.0003072051252566
KEN-single,2016,1,imports_gdp,2017,xgb_graph,23.2583979340349,0.9776021270002566
KEN-single,2016,1,imports_gdp,2017,lgbm_blind,23.2583979340349,7.795145523583226
KEN-single,2016,1,imports_gdp,2017,lgbm_graph,23.2583979340349,7.795145523583226
KEN-single,2016,1,imports_gdp,2017,tft,23.2583979340349,1.3377987702893428
KEN-single,2016,1,imports_gdp,2017,chronos,23.2583979340349,5.436830642625257
KEN-single,2017,1,gdp_growth,2018,persistence,5.64794640709219,1.8099882334449804
KEN-single,2017,1,gdp_growth,2018,arima,5.64794640709219,1.725355475965514
KEN-single,2017,1,gdp_growth,2018,prophet,5.64794640709219,0.22459668564620117
KEN-single,2017,1,gdp_growth,2018,prophet_graph,5.64794640709219,2.9451157909797088
KEN-single,2017,1,gdp_growth,2018,bvar,5.64794640709219,0.43998270816288887
KEN-single,2017,1,gdp_growth,2018,xgb_blind,5.64794640709219,1.5975437657958036
KEN-single,2017,1,gdp_growth,2018,xgb_graph,5.64794640709219,0.9796243207579618
KEN-single,2017,1,gdp_growth,2018,lgbm_blind,5.64794640709219,2.1825330878002984
KEN-single,2017,1,gdp_growth,2018,lgbm_graph,5.64794640709219,2.1825330878002984
KEN-single,2017,1,gdp_growth,2018,tft,5.64794640709219,1.3445056499045966
KEN-single,2017,1,gdp_growth,2018,chronos,5.64794640709219,1.9798038499480253
KEN-single,2017,1,inflation_cpi,2018,persistence,4.6898064677633,3.3158432093361503
KEN-single,2017,1,inflation_cpi,2018,arima,4.6898064677633,3.1150098193519415
KEN-single,2017,1,inflation_cpi,2018,prophet,4.6898064677633,0.13259176572413978
KEN-single,2017,1,inflation_cpi,2018,prophet_graph,4.6898064677633,2.813345625131718
KEN-single,2017,1,inflation_cpi,2018,bvar,4.6898064677633,0.15404228404554043
KEN-single,2017,1,inflation_cpi,2018,xgb_blind,4.6898064677633,1.8326811726175594
KEN-single,2017,1,inflation_cpi,2018,xgb_graph,4.6898064677633,2.4867148335062312
KEN-single,2017,1,inflation_cpi,2018,lgbm_blind,4.6898064677633,7.399681588207634
KEN-single,2017,1,inflation_cpi,2018,lgbm_graph,4.6898064677633,7.399681588207634
KEN-single,2017,1,inflation_cpi,2018,tft,4.6898064677633,11.912308893444695
KEN-single,2017,1,inflation_cpi,2018,chronos,4.6898064677633,2.339797490366583
KEN-single,2017,1,unemployment,2018,persistence,4.284,0.7429999999999999
KEN-single,2017,1,unemployment,2018,arima,4.284,0.5642370182113958
KEN-single,2017,1,unemployment,2018,prophet,4.284,1.4514049257837875
KEN-single,2017,1,unemployment,2018,prophet_graph,4.284,1.2208478191627878
KEN-single,2017,1,unemployment,2018,bvar,4.284,0.3838372890303936
KEN-single,2017,1,unemployment,2018,xgb_blind,4.284,0.9476703014373777
KEN-single,2017,1,unemployment,2018,xgb_graph,4.284,0.8572076168060301
KEN-single,2017,1,unemployment,2018,lgbm_blind,4.284,1.443962980835526
KEN-single,2017,1,unemployment,2018,lgbm_graph,4.284,1.443962980835526
KEN-single,2017,1,unemployment,2018,tft,4.284,0.8656133037484564
KEN-single,2017,1,unemployment,2018,chronos,4.284,0.7048860397338865
KEN-single,2017,1,exports_gdp,2018,persistence,12.541975333359,0.19468460801349963
KEN-single,2017,1,exports_gdp,2018,arima,12.541975333359,0.1463312052918262
KEN-single,2017,1,exports_gdp,2018,prophet,12.541975333359,2.381614466530543
KEN-single,2017,1,exports_gdp,2018,prophet_graph,12.541975333359,1.1614483501073654
KEN-single,2017,1,exports_gdp,2018,bvar,12.541975333359,0.47179294400958227
KEN-single,2017,1,exports_gdp,2018,xgb_blind,12.541975333359,4.130666420791391
KEN-single,2017,1,exports_gdp,2018,xgb_graph,12.541975333359,4.441983864639047
KEN-single,2017,1,exports_gdp,2018,lgbm_blind,12.541975333359,10.518086262699034
KEN-single,2017,1,exports_gdp,2018,lgbm_graph,12.541975333359,10.518086262699034
KEN-single,2017,1,exports_gdp,2018,tft,12.541975333359,9.183832643110803
KEN-single,2017,1,exports_gdp,2018,chronos,12.541975333359,0.15012772288536702
KEN-single,2017,1,imports_gdp,2018,persistence,21.8727778433835,1.3856200906514005
KEN-single,2017,1,imports_gdp,2018,arima,21.8727778433835,1.078323303140209
KEN-single,2017,1,imports_gdp,2018,prophet,21.8727778433835,6.576666684663941
KEN-single,2017,1,imports_gdp,2018,prophet_graph,21.8727778433835,5.189951581318457
KEN-single,2017,1,imports_gdp,2018,bvar,21.8727778433835,1.6367210891572306
KEN-single,2017,1,imports_gdp,2018,xgb_blind,21.8727778433835,8.621187305542282
KEN-single,2017,1,imports_gdp,2018,xgb_graph,21.8727778433835,1.4358426094973602
KEN-single,2017,1,imports_gdp,2018,lgbm_blind,21.8727778433835,8.892056525286929
KEN-single,2017,1,imports_gdp,2018,lgbm_graph,21.8727778433835,8.892056525286929
KEN-single,2017,1,imports_gdp,2018,tft,21.8727778433835,11.215391063232676
KEN-single,2017,1,imports_gdp,2018,chronos,21.8727778433835,3.4052010537112274
KEN-single,2018,1,gdp_growth,2019,persistence,5.11415885767801,0.5337875494141802
KEN-single,2018,1,gdp_growth,2019,arima,5.11415885767801,0.11858858991039867
KEN-single,2018,1,gdp_growth,2019,prophet,5.11415885767801,0.4710301237327341
KEN-single,2018,1,gdp_growth,2019,prophet_graph,5.11415885767801,0.658747995884692
KEN-single,2018,1,gdp_growth,2019,bvar,5.11415885767801,2.1682606350709337
KEN-single,2018,1,gdp_growth,2019,xgb_blind,5.11415885767801,0.2482159026609203
KEN-single,2018,1,gdp_growth,2019,xgb_graph,5.11415885767801,0.24796796956198008
KEN-single,2018,1,gdp_growth,2019,lgbm_blind,5.11415885767801,1.5707979298705768
KEN-single,2018,1,gdp_growth,2019,lgbm_graph,5.11415885767801,1.5707979298705768
KEN-single,2018,1,gdp_growth,2019,tft,5.11415885767801,0.14605058688369965
KEN-single,2018,1,gdp_growth,2019,chronos,5.11415885767801,0.3093421348081371
KEN-single,2018,1,inflation_cpi,2019,persistence,5.23963795764792,0.5498314898846202
KEN-single,2018,1,inflation_cpi,2019,arima,5.23963795764792,0.15251506276368598
KEN-single,2018,1,inflation_cpi,2019,prophet,5.23963795764792,1.149806912926695
KEN-single,2018,1,inflation_cpi,2019,prophet_graph,5.23963795764792,1.882639780899538
KEN-single,2018,1,inflation_cpi,2019,bvar,5.23963795764792,3.75394697911384
KEN-single,2018,1,inflation_cpi,2019,xgb_blind,5.23963795764792,2.4813183678830857
KEN-single,2018,1,inflation_cpi,2019,xgb_graph,5.23963795764792,0.9211653603757615
KEN-single,2018,1,inflation_cpi,2019,lgbm_blind,5.23963795764792,6.585575755657416
KEN-single,2018,1,inflation_cpi,2019,lgbm_graph,5.23963795764792,6.585575755657416
KEN-single,2018,1,inflation_cpi,2019,tft,5.23963795764792,2.0172366921360263
KEN-single,2018,1,inflation_cpi,2019,chronos,5.23963795764792,0.03577862842428736
KEN-single,2018,1,unemployment,2019,persistence,5.014,0.7300000000000004
KEN-single,2018,1,unemployment,2019,arima,5.014,0.14563478908645244
KEN-single,2018,1,unemployment,2019,prophet,5.014,1.9794809928377153
KEN-single,2018,1,unemployment,2019,prophet_graph,5.014,1.5038491834473842
KEN-single,2018,1,unemployment,2019,bvar,5.014,0.026864989550784202
KEN-single,2018,1,unemployment,2019,xgb_blind,5.014,1.1460827007293704
KEN-single,2018,1,unemployment,2019,xgb_graph,5.014,0.8898373260498049
KEN-single,2018,1,unemployment,2019,lgbm_blind,5.014,2.1223928772381377
KEN-single,2018,1,unemployment,2019,lgbm_graph,5.014,2.1223928772381377
KEN-single,2018,1,unemployment,2019,tft,5.014,1.9521626516910335
KEN-single,2018,1,unemployment,2019,chronos,5.014,0.6309228553771975
KEN-single,2018,1,exports_gdp,2019,persistence,11.4279956869332,1.1139796464258005
KEN-single,2018,1,exports_gdp,2019,arima,11.4279956869332,1.095566784734622
KEN-single,2018,1,exports_gdp,2019,prophet,11.4279956869332,2.545133268825298
KEN-single,2018,1,exports_gdp,2019,prophet_graph,11.4279956869332,1.2520057769856212
KEN-single,2018,1,exports_gdp,2019,bvar,11.4279956869332,1.5940148434816788
KEN-single,2018,1,exports_gdp,2019,xgb_blind,11.4279956869332,3.7506542154105507
KEN-single,2018,1,exports_gdp,2019,xgb_graph,11.4279956869332,2.6216726251395546
KEN-single,2018,1,exports_gdp,2019,lgbm_blind,11.4279956869332,11.256419960028557
KEN-single,2018,1,exports_gdp,2019,lgbm_graph,11.4279956869332,11.256419960028557
KEN-single,2018,1,exports_gdp,2019,tft,11.4279956869332,1.3249165191071999
KEN-single,2018,1,exports_gdp,2019,chronos,11.4279956869332,0.26681136567910535
KEN-single,2018,1,imports_gdp,2019,persistence,20.3314661545478,1.5413116888356981
KEN-single,2018,1,imports_gdp,2019,arima,20.3314661545478,1.80685958350589
KEN-single,2018,1,imports_gdp,2019,prophet,20.3314661545478,7.004814899706723
KEN-single,2018,1,imports_gdp,2019,prophet_graph,20.3314661545478,0.40610985008519407
KEN-single,2018,1,imports_gdp,2019,bvar,20.3314661545478,1.4865158406448913
KEN-single,2018,1,imports_gdp,2019,xgb_blind,20.3314661545478,11.037418885735402
KEN-single,2018,1,imports_gdp,2019,xgb_graph,20.3314661545478,2.3180928664482927
KEN-single,2018,1,imports_gdp,2019,lgbm_blind,20.3314661545478,10.11579477020021
KEN-single,2018,1,imports_gdp,2019,lgbm_graph,20.3314661545478,10.11579477020021
KEN-single,2018,1,imports_gdp,2019,tft,20.3314661545478,2.2357761053895544
KEN-single,2018,1,imports_gdp,2019,chronos,20.3314661545478,1.3425126509941911
KEN-single,2019,1,gdp_growth,2020,persistence,-0.272766327438816,5.3869251851168265
KEN-single,2019,1,gdp_growth,2020,arima,-0.272766327438816,5.5102000337532795
KEN-single,2019,1,gdp_growth,2020,prophet,-0.272766327438816,5.927753720637098
KEN-single,2019,1,gdp_growth,2020,prophet_graph,-0.272766327438816,5.212189596153643
KEN-single,2019,1,gdp_growth,2020,bvar,-0.272766327438816,6.544035755304491
KEN-single,2019,1,gdp_growth,2020,xgb_blind,-0.272766327438816,5.333059525070652
KEN-single,2019,1,gdp_growth,2020,xgb_graph,-0.272766327438816,5.343233322678074
KEN-single,2019,1,gdp_growth,2020,lgbm_blind,-0.272766327438816,3.870292693265686
KEN-single,2019,1,gdp_growth,2020,lgbm_graph,-0.272766327438816,3.870292693265686
KEN-single,2019,1,gdp_growth,2020,tft,-0.272766327438816,5.565210250705353
KEN-single,2019,1,gdp_growth,2020,chronos,-0.272766327438816,5.03599140602158
KEN-single,2019,1,inflation_cpi,2020,persistence,5.40516207933392,0.1655241216859995
KEN-single,2019,1,inflation_cpi,2020,arima,5.40516207933392,0.23159646812274026
KEN-single,2019,1,inflation_cpi,2020,prophet,5.40516207933392,1.7327226424206286
KEN-single,2019,1,inflation_cpi,2020,prophet_graph,5.40516207933392,5.061940263378695
KEN-single,2019,1,inflation_cpi,2020,bvar,5.40516207933392,5.898024525697565
KEN-single,2019,1,inflation_cpi,2020,xgb_blind,5.40516207933392,0.09860680818523804
KEN-single,2019,1,inflation_cpi,2020,xgb_graph,5.40516207933392,0.6683604884151038
KEN-single,2019,1,inflation_cpi,2020,lgbm_blind,5.40516207933392,6.19296281115796
KEN-single,2019,1,inflation_cpi,2020,lgbm_graph,5.40516207933392,6.19296281115796
KEN-single,2019,1,inflation_cpi,2020,tft,5.40516207933392,0.7081552401170343
KEN-single,2019,1,inflation_cpi,2020,chronos,5.40516207933392,0.5588481259342615
KEN-single,2019,1,unemployment,2020,persistence,5.619,0.6049999999999995
KEN-single,2019,1,unemployment,2020,arima,5.619,0.01717914947613064
KEN-single,2019,1,unemployment,2020,prophet,5.619,2.3125371420244556
KEN-single,2019,1,unemployment,2020,prophet_graph,5.619,1.5688169767608375
KEN-single,2019,1,unemployment,2020,bvar,5.619,0.26110249235106053
KEN-single,2019,1,unemployment,2020,xgb_blind,5.619,0.9260640563964841
KEN-single,2019,1,unemployment,2020,xgb_graph,5.619,1.1817207756042478
KEN-single,2019,1,unemployment,2020,lgbm_blind,5.619,2.654206918058724
KEN-single,2019,1,unemployment,2020,lgbm_graph,5.619,2.654206918058724
KEN-single,2019,1,unemployment,2020,tft,5.619,0.7382015782985487
KEN-single,2019,1,unemployment,2020,chronos,5.619,0.7812848510742185
KEN-single,2019,1,exports_gdp,2020,persistence,11.4410451821593,0.01304949522610066
KEN-single,2019,1,exports_gdp,2020,arima,11.4410451821593,0.11920730412923675
KEN-single,2019,1,exports_gdp,2020,prophet,11.4410451821593,1.6208895523283857
KEN-single,2019,1,exports_gdp,2020,prophet_graph,11.4410451821593,0.3496429004714443
KEN-single,2019,1,exports_gdp,2020,bvar,11.4410451821593,1.5185700241485236
KEN-single,2019,1,exports_gdp,2020,xgb_blind,11.4410451821593,3.590399367401247
KEN-single,2019,1,exports_gdp,2020,xgb_graph,11.4410451821593,1.8994146414490984
KEN-single,2019,1,exports_gdp,2020,lgbm_blind,11.4410451821593,10.855218052209388
KEN-single,2019,1,exports_gdp,2020,lgbm_graph,11.4410451821593,10.855218052209388
KEN-single,2019,1,exports_gdp,2020,tft,11.4410451821593,2.3902716105559687
KEN-single,2019,1,exports_gdp,2020,chronos,11.4410451821593,0.2691549233702375
KEN-single,2019,1,imports_gdp,2020,persistence,18.9580936008817,1.3733725536661012
KEN-single,2019,1,imports_gdp,2020,arima,18.9580936008817,1.6594668290668757
KEN-single,2019,1,imports_gdp,2020,prophet,18.9580936008817,7.2317971722191245
KEN-single,2019,1,imports_gdp,2020,prophet_graph,18.9580936008817,0.34189203391590084
KEN-single,2019,1,imports_gdp,2020,bvar,18.9580936008817,0.10249299949063939
KEN-single,2019,1,imports_gdp,2020,xgb_blind,18.9580936008817,10.136024517404433
KEN-single,2019,1,imports_gdp,2020,xgb_graph,18.9580936008817,3.4464340633028705
KEN-single,2019,1,imports_gdp,2020,lgbm_blind,18.9580936008817,11.140346832488955
KEN-single,2019,1,imports_gdp,2020,lgbm_graph,18.9580936008817,11.140346832488955
KEN-single,2019,1,imports_gdp,2020,tft,18.9580936008817,5.827172233977418
KEN-single,2019,1,imports_gdp,2020,chronos,18.9580936008817,0.9286404079073627
KEN-single,2020,1,gdp_growth,2021,persistence,7.59048947333467,7.863255800773486
KEN-single,2020,1,gdp_growth,2021,arima,7.59048947333467,6.71838984181716
KEN-single,2020,1,gdp_growth,2021,prophet,7.59048947333467,2.5698816399138815
KEN-single,2020,1,gdp_growth,2021,prophet_graph,7.59048947333467,5.159657845350438
KEN-single,2020,1,gdp_growth,2021,bvar,7.59048947333467,8.452700844138166
KEN-single,2020,1,gdp_growth,2021,xgb_blind,7.59048947333467,5.951452341071486
KEN-single,2020,1,gdp_growth,2021,xgb_graph,7.59048947333467,5.662059392920852
KEN-single,2020,1,gdp_growth,2021,lgbm_blind,7.59048947333467,4.121972863765279
KEN-single,2020,1,gdp_growth,2021,lgbm_graph,7.59048947333467,4.121972863765279
KEN-single,2020,1,gdp_growth,2021,tft,7.59048947333467,3.393047419663122
KEN-single,2020,1,gdp_growth,2021,chronos,7.59048947333467,7.094449754945159
KEN-single,2020,1,inflation_cpi,2021,persistence,6.10793603659176,0.7027739572578406
KEN-single,2020,1,inflation_cpi,2021,arima,6.10793603659176,0.7226783868513511
KEN-single,2020,1,inflation_cpi,2021,prophet,6.10793603659176,2.7367984583750897
KEN-single,2020,1,inflation_cpi,2021,prophet_graph,6.10793603659176,1.182958901063155
KEN-single,2020,1,inflation_cpi,2021,bvar,6.10793603659176,5.231022902376275
KEN-single,2020,1,inflation_cpi,2021,xgb_blind,6.10793603659176,16.277430403227577
KEN-single,2020,1,inflation_cpi,2021,xgb_graph,6.10793603659176,0.3252946257641236
KEN-single,2020,1,inflation_cpi,2021,lgbm_blind,6.10793603659176,5.28375675280389
KEN-single,2020,1,inflation_cpi,2021,lgbm_graph,6.10793603659176,5.28375675280389
KEN-single,2020,1,inflation_cpi,2021,tft,6.10793603659176,1.401782001685861
KEN-single,2020,1,inflation_cpi,2021,chronos,6.10793603659176,0.3260227561046998
KEN-single,2020,1,unemployment,2021,persistence,5.693,0.07399999999999984
KEN-single,2020,1,unemployment,2021,arima,5.693,0.43906158346359536
KEN-single,2020,1,unemployment,2021,prophet,5.693,2.066404984691754
KEN-single,2020,1,unemployment,2021,prophet_graph,5.693,1.080079315547005
KEN-single,2020,1,unemployment,2021,bvar,5.693,0.7875025255151815
KEN-single,2020,1,unemployment,2021,xgb_blind,5.693,0.8432580642700191
KEN-single,2020,1,unemployment,2021,xgb_graph,5.693,0.34016339111328087
KEN-single,2020,1,unemployment,2021,lgbm_blind,5.693,2.6397333555221554
KEN-single,2020,1,unemployment,2021,lgbm_graph,5.693,2.6397333555221554
KEN-single,2020,1,unemployment,2021,tft,5.693,0.35989195280218134
KEN-single,2020,1,unemployment,2021,chronos,5.693,0.06763760375976524
KEN-single,2020,1,exports_gdp,2021,persistence,13.1097382018218,1.6686930196625003
KEN-single,2020,1,exports_gdp,2021,arima,13.1097382018218,1.6674530661985116
KEN-single,2020,1,exports_gdp,2021,prophet,13.1097382018218,0.8276132314992868
KEN-single,2020,1,exports_gdp,2021,prophet_graph,13.1097382018218,1.3028967740712876
KEN-single,2020,1,exports_gdp,2021,bvar,13.1097382018218,1.7553877146323646
KEN-single,2020,1,exports_gdp,2021,xgb_blind,13.1097382018218,1.514067797934059
KEN-single,2020,1,exports_gdp,2021,xgb_graph,13.1097382018218,1.2045334288725815
KEN-single,2020,1,exports_gdp,2021,lgbm_blind,13.1097382018218,8.824684418315732
KEN-single,2020,1,exports_gdp,2021,lgbm_graph,13.1097382018218,8.824684418315732
KEN-single,2020,1,exports_gdp,2021,tft,13.1097382018218,1.3042766572852589
KEN-single,2020,1,exports_gdp,2021,chronos,13.1097382018218,2.275948376382347
KEN-single,2020,1,imports_gdp,2021,persistence,21.8923095777051,2.934215976823399
KEN-single,2020,1,imports_gdp,2021,arima,21.8923095777051,2.687727856716542
KEN-single,2020,1,imports_gdp,2021,prophet,21.8923095777051,3.0917542114381753
KEN-single,2020,1,imports_gdp,2021,prophet_graph,21.8923095777051,3.7069533704964037
KEN-single,2020,1,imports_gdp,2021,bvar,21.8923095777051,4.052443576980501
KEN-single,2020,1,imports_gdp,2021,xgb_blind,21.8923095777051,1.2696518018261926
KEN-single,2020,1,imports_gdp,2021,xgb_graph,21.8923095777051,1.3559936597363489
KEN-single,2020,1,imports_gdp,2021,lgbm_blind,21.8923095777051,7.834785962659485
KEN-single,2020,1,imports_gdp,2021,lgbm_graph,21.8923095777051,7.834785962659485
KEN-single,2020,1,imports_gdp,2021,tft,21.8923095777051,2.0697423959775563
KEN-single,2020,1,imports_gdp,2021,chronos,21.8923095777051,3.1168407514111536
KEN-single,2021,1,gdp_growth,2022,persistence,4.85998104287999,2.7305084304546803
KEN-single,2021,1,gdp_growth,2022,arima,4.85998104287999,0.3394348627020145
KEN-single,2021,1,gdp_growth,2022,prophet,4.85998104287999,0.5760105893266676
KEN-single,2021,1,gdp_growth,2022,prophet_graph,4.85998104287999,0.7061316384385536
KEN-single,2021,1,gdp_growth,2022,bvar,4.85998104287999,5.041069246751486
KEN-single,2021,1,gdp_growth,2022,xgb_blind,4.85998104287999,0.026523130398818928
KEN-single,2021,1,gdp_growth,2022,xgb_graph,4.85998104287999,1.8526878528414459
KEN-single,2021,1,gdp_growth,2022,lgbm_blind,4.85998104287999,1.258497569505992
KEN-single,2021,1,gdp_growth,2022,lgbm_graph,4.85998104287999,1.258497569505992
KEN-single,2021,1,gdp_growth,2022,tft,4.85998104287999,1.813423785765548
KEN-single,2021,1,gdp_growth,2022,chronos,4.85998104287999,0.9245391063509674
KEN-single,2021,1,inflation_cpi,2022,persistence,7.65986268272224,1.5519266461304797
KEN-single,2021,1,inflation_cpi,2022,arima,7.65986268272224,1.6364895856483983
KEN-single,2021,1,inflation_cpi,2022,prophet,7.65986268272224,4.4626304429940795
KEN-single,2021,1,inflation_cpi,2022,prophet_graph,7.65986268272224,0.3323043685589244
KEN-single,2021,1,inflation_cpi,2022,bvar,7.65986268272224,2.8441771703272227
KEN-single,2021,1,inflation_cpi,2022,xgb_blind,7.65986268272224,6.830655887224049
KEN-single,2021,1,inflation_cpi,2022,xgb_graph,7.65986268272224,5.061220958330006
KEN-single,2021,1,inflation_cpi,2022,lgbm_blind,7.65986268272224,3.5613863362237623
KEN-single,2021,1,inflation_cpi,2022,lgbm_graph,7.65986268272224,3.5613863362237623
KEN-single,2021,1,inflation_cpi,2022,tft,7.65986268272224,2.153107465825574
KEN-single,2021,1,inflation_cpi,2022,chronos,7.65986268272224,1.5446325992566639
KEN-single,2021,1,unemployment,2022,persistence,5.707,0.014000000000000234
KEN-single,2021,1,unemployment,2022,arima,5.707,0.04056188790038373
KEN-single,2021,1,unemployment,2022,prophet,5.707,1.7869439181809783
KEN-single,2021,1,unemployment,2022,prophet_graph,5.707,0.8683125850580717
KEN-single,2021,1,unemployment,2022,bvar,5.707,0.4779595848288336
KEN-single,2021,1,unemployment,2022,xgb_blind,5.707,1.1828672714233397
KEN-single,2021,1,unemployment,2022,xgb_graph,5.707,0.73827384185791
KEN-single,2021,1,unemployment,2022,lgbm_blind,5.707,2.5685806718026436
KEN-single,2021,1,unemployment,2022,lgbm_graph,5.707,2.5685806718026436
KEN-single,2021,1,unemployment,2022,tft,5.707,0.11048642529630737
KEN-single,2021,1,unemployment,2022,chronos,5.707,0.0024626426696778836
KEN-single,2021,1,exports_gdp,2022,persistence,15.9570283629469,2.8472901611251
KEN-single,2021,1,exports_gdp,2022,arima,15.9570283629469,2.688503070161719
KEN-single,2021,1,exports_gdp,2022,prophet,15.9570283629469,4.2176491373800005
KEN-single,2021,1,exports_gdp,2022,prophet_graph,15.9570283629469,2.919846169727883
KEN-single,2021,1,exports_gdp,2022,bvar,15.9570283629469,3.093565256084105
KEN-single,2021,1,exports_gdp,2022,xgb_blind,15.9570283629469,2.6667661406568612
KEN-single,2021,1,exports_gdp,2022,xgb_graph,15.9570283629469,3.88406750937024
KEN-single,2021,1,exports_gdp,2022,lgbm_blind,15.9570283629469,5.6927270226673095
KEN-single,2021,1,exports_gdp,2022,lgbm_graph,15.9570283629469,5.6927270226673095
KEN-single,2021,1,exports_gdp,2022,tft,15.9570283629469,3.4791641804688886
KEN-single,2021,1,exports_gdp,2022,chronos,15.9570283629469,3.185115788178834
KEN-single,2021,1,imports_gdp,2022,persistence,24.3182954744092,2.425985896704102
KEN-single,2021,1,imports_gdp,2022,arima,24.3182954744092,2.979443181126374
KEN-single,2021,1,imports_gdp,2022,prophet,24.3182954744092,0.00455263041962084
KEN-single,2021,1,imports_gdp,2022,prophet_graph,24.3182954744092,3.9224846074175588
KEN-single,2021,1,imports_gdp,2022,bvar,24.3182954744092,2.192707244272217
KEN-single,2021,1,imports_gdp,2022,xgb_blind,24.3182954744092,2.7362260774365446
KEN-single,2021,1,imports_gdp,2022,xgb_graph,24.3182954744092,2.546860690473654
KEN-single,2021,1,imports_gdp,2022,lgbm_blind,24.3182954744092,5.156065022357904
KEN-single,2021,1,imports_gdp,2022,lgbm_graph,24.3182954744092,5.156065022357904
KEN-single,2021,1,imports_gdp,2022,tft,24.3182954744092,3.15078922421214
KEN-single,2021,1,imports_gdp,2022,chronos,24.3182954744092,3.749619479536154
KEN-single,2022,1,gdp_growth,2023,persistence,5.71999241214208,0.8600113692620903
KEN-single,2022,1,gdp_growth,2023,arima,5.71999241214208,0.1796436842289113
KEN-single,2022,1,gdp_growth,2023,prophet,5.71999241214208,0.23785881530498632
KEN-single,2022,1,gdp_growth,2023,prophet_graph,5.71999241214208,0.9197880736182871
KEN-single,2022,1,gdp_growth,2023,bvar,5.71999241214208,0.3404501623514644
KEN-single,2022,1,gdp_growth,2023,xgb_blind,5.71999241214208,0.0782530178505958
KEN-single,2022,1,gdp_growth,2023,xgb_graph,5.71999241214208,3.2676952014487206
KEN-single,2022,1,gdp_growth,2023,lgbm_blind,5.71999241214208,2.0791808891851424
KEN-single,2022,1,gdp_growth,2023,lgbm_graph,5.71999241214208,2.0791808891851424
KEN-single,2022,1,gdp_growth,2023,tft,5.71999241214208,1.0201493490304685
KEN-single,2022,1,gdp_growth,2023,chronos,5.71999241214208,1.4080050120871483
KEN-single,2022,1,inflation_cpi,2023,persistence,7.67139634029402,0.011533657571780154
KEN-single,2022,1,inflation_cpi,2023,arima,7.67139634029402,0.19773357568260863
KEN-single,2022,1,inflation_cpi,2023,prophet,7.67139634029402,4.411758877621333
KEN-single,2022,1,inflation_cpi,2023,prophet_graph,7.67139634029402,7.438891363487258
KEN-single,2022,1,inflation_cpi,2023,bvar,7.67139634029402,2.258341890301743
KEN-single,2022,1,inflation_cpi,2023,xgb_blind,7.67139634029402,0.7889681710435319
KEN-single,2022,1,inflation_cpi,2023,xgb_graph,7.67139634029402,1.6262818230821061
KEN-single,2022,1,inflation_cpi,2023,lgbm_blind,7.67139634029402,3.4385593505071235
KEN-single,2022,1,inflation_cpi,2023,lgbm_graph,7.67139634029402,3.4385593505071235
KEN-single,2022,1,inflation_cpi,2023,tft,7.67139634029402,1.2386628577379524
KEN-single,2022,1,inflation_cpi,2023,chronos,7.67139634029402,1.6172490967942643
KEN-single,2022,1,unemployment,2023,persistence,5.567,0.13999999999999968
KEN-single,2022,1,unemployment,2023,arima,5.567,0.15031313767137444
KEN-single,2022,1,unemployment,2023,prophet,5.567,1.3797940919790888
KEN-single,2022,1,unemployment,2023,prophet_graph,5.567,0.7562713243870736
KEN-single,2022,1,unemployment,2023,bvar,5.567,0.4699510656885728
KEN-single,2022,1,unemployment,2023,xgb_blind,5.567,2.0164500160217287
KEN-single,2022,1,unemployment,2023,xgb_graph,5.567,0.6739407463073732
KEN-single,2022,1,unemployment,2023,lgbm_blind,5.567,2.34831253272295
KEN-single,2022,1,unemployment,2023,lgbm_graph,5.567,2.34831253272295
KEN-single,2022,1,unemployment,2023,tft,5.567,0.07097155552456158
KEN-single,2022,1,unemployment,2023,chronos,5.567,0.19114151763915999
KEN-single,2022,1,exports_gdp,2023,persistence,16.890666978856,0.9336386159090999
KEN-single,2022,1,exports_gdp,2023,arima,16.890666978856,0.62603072479261
KEN-single,2022,1,exports_gdp,2023,prophet,16.890666978856,5.215136026213692
KEN-single,2022,1,exports_gdp,2023,prophet_graph,16.890666978856,1.628599079202239
KEN-single,2022,1,exports_gdp,2023,bvar,16.890666978856,0.1776271683718882
KEN-single,2022,1,exports_gdp,2023,xgb_blind,16.890666978856,4.920565622349653
KEN-single,2022,1,exports_gdp,2023,xgb_graph,16.890666978856,3.887302415867719
KEN-single,2022,1,exports_gdp,2023,lgbm_blind,16.890666978856,4.581190688113299
KEN-single,2022,1,exports_gdp,2023,lgbm_graph,16.890666978856,4.581190688113299
KEN-single,2022,1,exports_gdp,2023,tft,16.890666978856,4.563219458740711
KEN-single,2022,1,exports_gdp,2023,chronos,16.890666978856,0.4216365986069768
KEN-single,2022,1,imports_gdp,2023,persistence,24.2204234378835,0.09787203652570042
KEN-single,2022,1,imports_gdp,2023,arima,24.2204234378835,0.3088530985066491
KEN-single,2022,1,imports_gdp,2023,prophet,24.2204234378835,0.1971834040523568
KEN-single,2022,1,imports_gdp,2023,prophet_graph,24.2204234378835,0.9782044212056071
KEN-single,2022,1,imports_gdp,2023,bvar,24.2204234378835,1.2938646354627181
KEN-single,2022,1,imports_gdp,2023,xgb_blind,24.2204234378835,2.429522253801469
KEN-single,2022,1,imports_gdp,2023,xgb_graph,24.2204234378835,0.483671881487016
KEN-single,2022,1,imports_gdp,2023,lgbm_blind,24.2204234378835,5.092809997270461
KEN-single,2022,1,imports_gdp,2023,lgbm_graph,24.2204234378835,5.092809997270461
KEN-single,2022,1,imports_gdp,2023,tft,24.2204234378835,2.8913246662394663
KEN-single,2022,1,imports_gdp,2023,chronos,24.2204234378835,2.038960196306352
