label,cutoff,h,target,pred_yr,method,actual,ae
UGA-single,1999,1,gdp_growth,2000,persistence,3.141907338187,4.912041039054969
UGA-single,1999,1,gdp_growth,2000,arima,3.141907338187,3.851213456648722
UGA-single,1999,1,gdp_growth,2000,prophet,3.141907338187,4.589344083152382
UGA-single,1999,1,gdp_growth,2000,prophet_graph,3.141907338187,4.589344083152382
UGA-single,1999,1,gdp_growth,2000,xgb_blind,3.141907338187,3.851213456648722
UGA-single,1999,1,gdp_growth,2000,xgb_graph,3.141907338187,3.851213456648722
UGA-single,1999,1,gdp_growth,2000,lgbm_blind,3.141907338187,3.851213456648722
UGA-single,1999,1,gdp_growth,2000,lgbm_graph,3.141907338187,3.851213456648722
UGA-single,1999,1,gdp_growth,2000,tft,3.141907338187,3.851213456648722
UGA-single,1999,3,gdp_growth,2002,persistence,8.73268576440127,0.6787373871593001
UGA-single,1999,3,gdp_growth,2002,arima,8.73268576440127,1.5025738045982662
UGA-single,1999,3,gdp_growth,2002,prophet,8.73268576440127,0.6923589932336967
UGA-single,1999,3,gdp_growth,2002,prophet_graph,8.73268576440127,0.6923589932336967
UGA-single,1999,3,gdp_growth,2002,xgb_blind,8.73268576440127,1.5025738045982662
UGA-single,1999,3,gdp_growth,2002,xgb_graph,8.73268576440127,1.5025738045982662
UGA-single,1999,3,gdp_growth,2002,lgbm_blind,8.73268576440127,1.5025738045982662
UGA-single,1999,3,gdp_growth,2002,lgbm_graph,8.73268576440127,1.5025738045982662
UGA-single,1999,3,gdp_growth,2002,tft,8.73268576440127,1.5025738045982662
UGA-single,1999,5,gdp_growth,2004,persistence,6.80723334361883,1.246715033623139
UGA-single,1999,5,gdp_growth,2004,arima,6.80723334361883,0.4497793367441325
UGA-single,1999,5,gdp_growth,2004,prophet,6.80723334361883,1.5417459656808594
UGA-single,1999,5,gdp_growth,2004,prophet_graph,6.80723334361883,1.5417459656808594
UGA-single,1999,5,gdp_growth,2004,xgb_blind,6.80723334361883,0.4497793367441325
UGA-single,1999,5,gdp_growth,2004,xgb_graph,6.80723334361883,0.4497793367441325
UGA-single,1999,5,gdp_growth,2004,lgbm_blind,6.80723334361883,0.4497793367441325
UGA-single,1999,5,gdp_growth,2004,lgbm_graph,6.80723334361883,0.4497793367441325
UGA-single,1999,5,gdp_growth,2004,tft,6.80723334361883,0.4497793367441325
UGA-single,1999,10,gdp_growth,2009,persistence,6.80151734860395,1.2524310286380196
UGA-single,1999,10,gdp_growth,2009,arima,6.80151734860395,0.45895474683531745
UGA-single,1999,10,gdp_growth,2009,prophet,6.80151734860395,2.3199389294181785
UGA-single,1999,10,gdp_growth,2009,prophet_graph,6.80151734860395,2.3199389294181785
UGA-single,1999,10,gdp_growth,2009,xgb_blind,6.80151734860395,0.45895474683531745
UGA-single,1999,10,gdp_growth,2009,xgb_graph,6.80151734860395,0.45895474683531745
UGA-single,1999,10,gdp_growth,2009,lgbm_blind,6.80151734860395,0.45895474683531745
UGA-single,1999,10,gdp_growth,2009,lgbm_graph,6.80151734860395,0.45895474683531745
UGA-single,1999,10,gdp_growth,2009,tft,6.80151734860395,0.45895474683531745
UGA-single,1999,1,unemployment,2000,persistence,3.531,0.07100000000000017
UGA-single,1999,1,unemployment,2000,arima,3.531,0.06513759595934632
UGA-single,1999,1,unemployment,2000,prophet,3.531,0.2458366010303128
UGA-single,1999,1,unemployment,2000,prophet_graph,3.531,0.2458366010303128
UGA-single,1999,1,unemployment,2000,xgb_blind,3.531,0.06513759595934632
UGA-single,1999,1,unemployment,2000,xgb_graph,3.531,0.06513759595934632
UGA-single,1999,1,unemployment,2000,lgbm_blind,3.531,0.06513759595934632
UGA-single,1999,1,unemployment,2000,lgbm_graph,3.531,0.06513759595934632
UGA-single,1999,1,unemployment,2000,tft,3.531,0.06513759595934632
UGA-single,1999,3,unemployment,2002,persistence,3.5,0.040000000000000036
UGA-single,1999,3,unemployment,2002,arima,3.5,0.03302747409214657
UGA-single,1999,3,unemployment,2002,prophet,3.5,0.2510434342870935
UGA-single,1999,3,unemployment,2002,prophet_graph,3.5,0.2510434342870935
UGA-single,1999,3,unemployment,2002,xgb_blind,3.5,0.03302747409214657
UGA-single,1999,3,unemployment,2002,xgb_graph,3.5,0.03302747409214657
UGA-single,1999,3,unemployment,2002,lgbm_blind,3.5,0.03302747409214657
UGA-single,1999,3,unemployment,2002,lgbm_graph,3.5,0.03302747409214657
UGA-single,1999,3,unemployment,2002,tft,3.5,0.03302747409214657
UGA-single,1999,5,unemployment,2004,persistence,2.699,0.7610000000000001
UGA-single,1999,5,unemployment,2004,arima,2.699,0.7680019645076732
UGA-single,1999,5,unemployment,2004,prophet,2.699,0.5137992630077761
UGA-single,1999,5,unemployment,2004,prophet_graph,2.699,0.5137992630077761
UGA-single,1999,5,unemployment,2004,xgb_blind,2.699,0.7680019645076732
UGA-single,1999,5,unemployment,2004,xgb_graph,2.699,0.7680019645076732
UGA-single,1999,5,unemployment,2004,lgbm_blind,2.699,0.7680019645076732
UGA-single,1999,5,unemployment,2004,lgbm_graph,2.699,0.7680019645076732
UGA-single,1999,5,unemployment,2004,tft,2.699,0.7680019645076732
UGA-single,1999,10,unemployment,2009,persistence,3.6,0.14000000000000012
UGA-single,1999,10,unemployment,2009,arima,3.6,0.1329972336552463
UGA-single,1999,10,unemployment,2009,prophet,3.6,0.477693054858352
UGA-single,1999,10,unemployment,2009,prophet_graph,3.6,0.477693054858352
UGA-single,1999,10,unemployment,2009,xgb_blind,3.6,0.1329972336552463
UGA-single,1999,10,unemployment,2009,xgb_graph,3.6,0.1329972336552463
UGA-single,1999,10,unemployment,2009,lgbm_blind,3.6,0.1329972336552463
UGA-single,1999,10,unemployment,2009,lgbm_graph,3.6,0.1329972336552463
UGA-single,1999,10,unemployment,2009,tft,3.6,0.1329972336552463
UGA-single,1999,1,exports_gdp,2000,persistence,10.651409293254,1.6001646037192998
UGA-single,1999,1,exports_gdp,2000,arima,10.651409293254,0.6213138537303973
UGA-single,1999,1,exports_gdp,2000,prophet,10.651409293254,2.5485776565922524
UGA-single,1999,1,exports_gdp,2000,prophet_graph,10.651409293254,2.5485776565922524
UGA-single,1999,1,exports_gdp,2000,xgb_blind,10.651409293254,0.6213138537303973
UGA-single,1999,1,exports_gdp,2000,xgb_graph,10.651409293254,0.6213138537303973
UGA-single,1999,1,exports_gdp,2000,lgbm_blind,10.651409293254,0.6213138537303973
UGA-single,1999,1,exports_gdp,2000,lgbm_graph,10.651409293254,0.6213138537303973
UGA-single,1999,1,exports_gdp,2000,tft,10.651409293254,0.6213138537303973
UGA-single,1999,3,exports_gdp,2002,persistence,11.2132791661446,1.0382947308286994
UGA-single,1999,3,exports_gdp,2002,arima,11.2132791661446,0.28878272091044543
UGA-single,1999,3,exports_gdp,2002,prophet,11.2132791661446,3.2138488590057097
UGA-single,1999,3,exports_gdp,2002,prophet_graph,11.2132791661446,3.2138488590057097
UGA-single,1999,3,exports_gdp,2002,xgb_blind,11.2132791661446,0.28878272091044543
UGA-single,1999,3,exports_gdp,2002,xgb_graph,11.2132791661446,0.28878272091044543
UGA-single,1999,3,exports_gdp,2002,lgbm_blind,11.2132791661446,0.28878272091044543
UGA-single,1999,3,exports_gdp,2002,lgbm_graph,11.2132791661446,0.28878272091044543
UGA-single,1999,3,exports_gdp,2002,tft,11.2132791661446,0.28878272091044543
UGA-single,1999,5,exports_gdp,2004,persistence,12.6968807487592,0.4453068517859009
UGA-single,1999,5,exports_gdp,2004,arima,12.6968807487592,1.1626238169812666
UGA-single,1999,5,exports_gdp,2004,prophet,12.6968807487592,2.955709636133877
UGA-single,1999,5,exports_gdp,2004,prophet_graph,12.6968807487592,2.955709636133877
UGA-single,1999,5,exports_gdp,2004,xgb_blind,12.6968807487592,1.1626238169812666
UGA-single,1999,5,exports_gdp,2004,xgb_graph,12.6968807487592,1.1626238169812666
UGA-single,1999,5,exports_gdp,2004,lgbm_blind,12.6968807487592,1.1626238169812666
UGA-single,1999,5,exports_gdp,2004,lgbm_graph,12.6968807487592,1.1626238169812666
UGA-single,1999,5,exports_gdp,2004,tft,12.6968807487592,1.1626238169812666
UGA-single,1999,10,exports_gdp,2009,persistence,18.6135663082242,6.361992411250901
UGA-single,1999,10,exports_gdp,2009,arima,18.6135663082242,7.074012862398041
UGA-single,1999,10,exports_gdp,2009,prophet,18.6135663082242,0.10603740714837429
UGA-single,1999,10,exports_gdp,2009,prophet_graph,18.6135663082242,0.10603740714837429
UGA-single,1999,10,exports_gdp,2009,xgb_blind,18.6135663082242,7.074012862398041
UGA-single,1999,10,exports_gdp,2009,xgb_graph,18.6135663082242,7.074012862398041
UGA-single,1999,10,exports_gdp,2009,lgbm_blind,18.6135663082242,7.074012862398041
UGA-single,1999,10,exports_gdp,2009,lgbm_graph,18.6135663082242,7.074012862398041
UGA-single,1999,10,exports_gdp,2009,tft,18.6135663082242,7.074012862398041
UGA-single,1999,1,imports_gdp,2000,persistence,22.0976240451282,1.6755122149229997
UGA-single,1999,1,imports_gdp,2000,arima,22.0976240451282,1.5944910587044276
UGA-single,1999,1,imports_gdp,2000,prophet,22.0976240451282,0.07692788493710623
UGA-single,1999,1,imports_gdp,2000,prophet_graph,22.0976240451282,0.07692788493710623
UGA-single,1999,1,imports_gdp,2000,xgb_blind,22.0976240451282,1.5944910587044276
UGA-single,1999,1,imports_gdp,2000,xgb_graph,22.0976240451282,1.5944910587044276
UGA-single,1999,1,imports_gdp,2000,lgbm_blind,22.0976240451282,1.5944910587044276
UGA-single,1999,1,imports_gdp,2000,lgbm_graph,22.0976240451282,1.5944910587044276
UGA-single,1999,1,imports_gdp,2000,tft,22.0976240451282,1.5944910587044276
UGA-single,1999,3,imports_gdp,2002,persistence,25.0645149900385,1.2913787299873007
UGA-single,1999,3,imports_gdp,2002,arima,25.0645149900385,1.3704978592106762
UGA-single,1999,3,imports_gdp,2002,prophet,25.0645149900385,2.648194907953968
UGA-single,1999,3,imports_gdp,2002,prophet_graph,25.0645149900385,2.648194907953968
UGA-single,1999,3,imports_gdp,2002,xgb_blind,25.0645149900385,1.3704978592106762
UGA-single,1999,3,imports_gdp,2002,xgb_graph,25.0645149900385,1.3704978592106762
UGA-single,1999,3,imports_gdp,2002,lgbm_blind,25.0645149900385,1.3704978592106762
UGA-single,1999,3,imports_gdp,2002,lgbm_graph,25.0645149900385,1.3704978592106762
UGA-single,1999,3,imports_gdp,2002,tft,25.0645149900385,1.3704978592106762
UGA-single,1999,5,imports_gdp,2004,persistence,22.7632054968845,1.0099307631667003
UGA-single,1999,5,imports_gdp,2004,arima,22.7632054968845,0.9308127344732107
UGA-single,1999,5,imports_gdp,2004,prophet,22.7632054968845,0.10544799896681312
UGA-single,1999,5,imports_gdp,2004,prophet_graph,22.7632054968845,0.10544799896681312
UGA-single,1999,5,imports_gdp,2004,xgb_blind,22.7632054968845,0.9308127344732107
UGA-single,1999,5,imports_gdp,2004,xgb_graph,22.7632054968845,0.9308127344732107
UGA-single,1999,5,imports_gdp,2004,lgbm_blind,22.7632054968845,0.9308127344732107
UGA-single,1999,5,imports_gdp,2004,lgbm_graph,22.7632054968845,0.9308127344732107
UGA-single,1999,5,imports_gdp,2004,tft,22.7632054968845,0.9308127344732107
UGA-single,1999,10,imports_gdp,2009,persistence,28.4503117666136,4.677175506562399
UGA-single,1999,10,imports_gdp,2009,arima,28.4503117666136,4.756293534618749
UGA-single,1999,10,imports_gdp,2009,prophet,28.4503117666136,5.188299256740887
UGA-single,1999,10,imports_gdp,2009,prophet_graph,28.4503117666136,5.188299256740887
UGA-single,1999,10,imports_gdp,2009,xgb_blind,28.4503117666136,4.756293534618749
UGA-single,1999,10,imports_gdp,2009,xgb_graph,28.4503117666136,4.756293534618749
UGA-single,1999,10,imports_gdp,2009,lgbm_blind,28.4503117666136,4.756293534618749
UGA-single,1999,10,imports_gdp,2009,lgbm_graph,28.4503117666136,4.756293534618749
UGA-single,1999,10,imports_gdp,2009,tft,28.4503117666136,4.756293534618749
UGA-single,1999,1,current_account,2000,persistence,-5.79340706801523,0.9055699744981505
UGA-single,1999,1,current_account,2000,arima,-5.79340706801523,0.6148908439273999
UGA-single,1999,1,current_account,2000,prophet,-5.79340706801523,1.1306291748870088
UGA-single,1999,1,current_account,2000,prophet_graph,-5.79340706801523,1.1306291748870088
UGA-single,1999,1,current_account,2000,xgb_blind,-5.79340706801523,0.6148908439273999
UGA-single,1999,1,current_account,2000,xgb_graph,-5.79340706801523,0.6148908439273999
UGA-single,1999,1,current_account,2000,lgbm_blind,-5.79340706801523,0.6148908439273999
UGA-single,1999,1,current_account,2000,lgbm_graph,-5.79340706801523,0.6148908439273999
UGA-single,1999,1,current_account,2000,tft,-5.79340706801523,0.6148908439273999
UGA-single,1999,3,current_account,2002,persistence,-2.46011695217403,2.4277201413430496
UGA-single,1999,3,current_account,2002,arima,-2.46011695217403,2.646253816630382
UGA-single,1999,3,current_account,2002,prophet,-2.46011695217403,2.1445566628740145
UGA-single,1999,3,current_account,2002,prophet_graph,-2.46011695217403,2.1445566628740145
UGA-single,1999,3,current_account,2002,xgb_blind,-2.46011695217403,2.646253816630382
UGA-single,1999,3,current_account,2002,xgb_graph,-2.46011695217403,2.646253816630382
UGA-single,1999,3,current_account,2002,lgbm_blind,-2.46011695217403,2.646253816630382
UGA-single,1999,3,current_account,2002,lgbm_graph,-2.46011695217403,2.646253816630382
UGA-single,1999,3,current_account,2002,tft,-2.46011695217403,2.646253816630382
UGA-single,1999,5,current_account,2004,persistence,-0.0210973345748702,4.8667397589422094
UGA-single,1999,5,current_account,2004,arima,-0.0210973345748702,5.070171037012261
UGA-single,1999,5,current_account,2004,prophet,-0.0210973345748702,4.525551488409524
UGA-single,1999,5,current_account,2004,prophet_graph,-0.0210973345748702,4.525551488409524
UGA-single,1999,5,current_account,2004,xgb_blind,-0.0210973345748702,5.070171037012261
UGA-single,1999,5,current_account,2004,xgb_graph,-0.0210973345748702,5.070171037012261
UGA-single,1999,5,current_account,2004,lgbm_blind,-0.0210973345748702,5.070171037012261
UGA-single,1999,5,current_account,2004,lgbm_graph,-0.0210973345748702,5.070171037012261
UGA-single,1999,5,current_account,2004,tft,-0.0210973345748702,5.070171037012261
UGA-single,1999,10,current_account,2009,persistence,-4.1708492322474,0.7169878612696801
UGA-single,1999,10,current_account,2009,arima,-4.1708492322474,0.9163405497789014
UGA-single,1999,10,current_account,2009,prophet,-4.1708492322474,0.23057863854481564
UGA-single,1999,10,current_account,2009,prophet_graph,-4.1708492322474,0.23057863854481564
UGA-single,1999,10,current_account,2009,xgb_blind,-4.1708492322474,0.9163405497789014
UGA-single,1999,10,current_account,2009,xgb_graph,-4.1708492322474,0.9163405497789014
UGA-single,1999,10,current_account,2009,lgbm_blind,-4.1708492322474,0.9163405497789014
UGA-single,1999,10,current_account,2009,lgbm_graph,-4.1708492322474,0.9163405497789014
UGA-single,1999,10,current_account,2009,tft,-4.1708492322474,0.9163405497789014
UGA-single,1999,1,real_interest_rate,2000,persistence,10.6216142695141,11.065217379783702
UGA-single,1999,1,real_interest_rate,2000,arima,10.6216142695141,6.332796806346403
UGA-single,1999,1,real_interest_rate,2000,prophet,10.6216142695141,11.879174942261477
UGA-single,1999,1,real_interest_rate,2000,prophet_graph,10.6216142695141,11.879174942261477
UGA-single,1999,1,real_interest_rate,2000,xgb_blind,10.6216142695141,6.332796806346403
UGA-single,1999,1,real_interest_rate,2000,xgb_graph,10.6216142695141,6.332796806346403
UGA-single,1999,1,real_interest_rate,2000,lgbm_blind,10.6216142695141,6.332796806346403
UGA-single,1999,1,real_interest_rate,2000,lgbm_graph,10.6216142695141,6.332796806346403
UGA-single,1999,1,real_interest_rate,2000,tft,10.6216142695141,6.332796806346403
UGA-single,1999,3,real_interest_rate,2002,persistence,22.9955928360462,1.3087611867483986
UGA-single,1999,3,real_interest_rate,2002,arima,22.9955928360462,4.8713503991266975
UGA-single,1999,3,real_interest_rate,2002,prophet,22.9955928360462,4.669735275076132
UGA-single,1999,3,real_interest_rate,2002,prophet_graph,22.9955928360462,4.669735275076132
UGA-single,1999,3,real_interest_rate,2002,xgb_blind,22.9955928360462,4.8713503991266975
UGA-single,1999,3,real_interest_rate,2002,xgb_graph,22.9955928360462,4.8713503991266975
UGA-single,1999,3,real_interest_rate,2002,lgbm_blind,22.9955928360462,4.8713503991266975
UGA-single,1999,3,real_interest_rate,2002,lgbm_graph,22.9955928360462,4.8713503991266975
UGA-single,1999,3,real_interest_rate,2002,tft,22.9955928360462,4.8713503991266975
UGA-single,1999,5,real_interest_rate,2004,persistence,4.33924393856924,17.34758771072856
UGA-single,1999,5,real_interest_rate,2004,arima,4.33924393856924,14.018782185451858
UGA-single,1999,5,real_interest_rate,2004,prophet,4.33924393856924,28.483558039205803
UGA-single,1999,5,real_interest_rate,2004,prophet_graph,4.33924393856924,28.483558039205803
UGA-single,1999,5,real_interest_rate,2004,xgb_blind,4.33924393856924,14.018782185451858
UGA-single,1999,5,real_interest_rate,2004,xgb_graph,4.33924393856924,14.018782185451858
UGA-single,1999,5,real_interest_rate,2004,lgbm_blind,4.33924393856924,14.018782185451858
UGA-single,1999,5,real_interest_rate,2004,lgbm_graph,4.33924393856924,14.018782185451858
UGA-single,1999,5,real_interest_rate,2004,tft,4.33924393856924,14.018782185451858
UGA-single,1999,10,real_interest_rate,2009,persistence,-34.7434429588376,56.4302746081354
UGA-single,1999,10,real_interest_rate,2009,arima,-34.7434429588376,53.16090045859342
UGA-single,1999,10,real_interest_rate,2009,prophet,-34.7434429588376,80.47405966863249
UGA-single,1999,10,real_interest_rate,2009,prophet_graph,-34.7434429588376,80.47405966863249
UGA-single,1999,10,real_interest_rate,2009,xgb_blind,-34.7434429588376,53.16090045859342
UGA-single,1999,10,real_interest_rate,2009,xgb_graph,-34.7434429588376,53.16090045859342
UGA-single,1999,10,real_interest_rate,2009,lgbm_blind,-34.7434429588376,53.16090045859342
UGA-single,1999,10,real_interest_rate,2009,lgbm_graph,-34.7434429588376,53.16090045859342
UGA-single,1999,10,real_interest_rate,2009,tft,-34.7434429588376,53.16090045859342
UGA-single,1999,1,broad_money,2000,persistence,16.1155361851823,0.4820160339100994
UGA-single,1999,1,broad_money,2000,arima,16.1155361851823,0.14450369460616308
UGA-single,1999,1,broad_money,2000,prophet,16.1155361851823,0.40765481703246564
UGA-single,1999,1,broad_money,2000,prophet_graph,16.1155361851823,0.40765481703246564
UGA-single,1999,1,broad_money,2000,xgb_blind,16.1155361851823,0.14450369460616308
UGA-single,1999,1,broad_money,2000,xgb_graph,16.1155361851823,0.14450369460616308
UGA-single,1999,1,broad_money,2000,lgbm_blind,16.1155361851823,0.14450369460616308
UGA-single,1999,1,broad_money,2000,lgbm_graph,16.1155361851823,0.14450369460616308
UGA-single,1999,1,broad_money,2000,tft,16.1155361851823,0.14450369460616308
UGA-single,1999,3,broad_money,2002,persistence,19.0320883711592,3.398568219887
UGA-single,1999,3,broad_money,2002,arima,19.0320883711592,2.849920326083744
UGA-single,1999,3,broad_money,2002,prophet,19.0320883711592,0.795630132815905
UGA-single,1999,3,broad_money,2002,prophet_graph,19.0320883711592,0.795630132815905
UGA-single,1999,3,broad_money,2002,xgb_blind,19.0320883711592,2.849920326083744
UGA-single,1999,3,broad_money,2002,xgb_graph,19.0320883711592,2.849920326083744
UGA-single,1999,3,broad_money,2002,lgbm_blind,19.0320883711592,2.849920326083744
UGA-single,1999,3,broad_money,2002,lgbm_graph,19.0320883711592,2.849920326083744
UGA-single,1999,3,broad_money,2002,tft,19.0320883711592,2.849920326083744
UGA-single,1999,5,broad_money,2004,persistence,17.2284785590111,1.5949584077389005
UGA-single,1999,5,broad_money,2004,arima,17.2284785590111,1.0062268066037063
UGA-single,1999,5,broad_money,2004,prophet,17.2284785590111,2.71890318463155
UGA-single,1999,5,broad_money,2004,prophet_graph,17.2284785590111,2.71890318463155
UGA-single,1999,5,broad_money,2004,xgb_blind,17.2284785590111,1.0062268066037063
UGA-single,1999,5,broad_money,2004,xgb_graph,17.2284785590111,1.0062268066037063
UGA-single,1999,5,broad_money,2004,lgbm_blind,17.2284785590111,1.0062268066037063
UGA-single,1999,5,broad_money,2004,lgbm_graph,17.2284785590111,1.0062268066037063
UGA-single,1999,5,broad_money,2004,tft,17.2284785590111,1.0062268066037063
UGA-single,1999,10,broad_money,2009,persistence,14.0172749693774,1.6162451818948007
UGA-single,1999,10,broad_money,2009,arima,14.0172749693774,2.214222351543917
UGA-single,1999,10,broad_money,2009,prophet,14.0172749693774,10.212102999171996
UGA-single,1999,10,broad_money,2009,prophet_graph,14.0172749693774,10.212102999171996
UGA-single,1999,10,broad_money,2009,xgb_blind,14.0172749693774,2.214222351543917
UGA-single,1999,10,broad_money,2009,xgb_graph,14.0172749693774,2.214222351543917
UGA-single,1999,10,broad_money,2009,lgbm_blind,14.0172749693774,2.214222351543917
UGA-single,1999,10,broad_money,2009,lgbm_graph,14.0172749693774,2.214222351543917
UGA-single,1999,10,broad_money,2009,tft,14.0172749693774,2.214222351543917
UGA-single,1999,1,govt_consumption,2000,persistence,14.5043243985272,1.6400655222986984
UGA-single,1999,1,govt_consumption,2000,arima,14.5043243985272,1.6410780307614559
UGA-single,1999,1,govt_consumption,2000,prophet,14.5043243985272,0.225885370008843
UGA-single,1999,1,govt_consumption,2000,prophet_graph,14.5043243985272,0.225885370008843
UGA-single,1999,1,govt_consumption,2000,xgb_blind,14.5043243985272,1.6410780307614559
UGA-single,1999,1,govt_consumption,2000,xgb_graph,14.5043243985272,1.6410780307614559
UGA-single,1999,1,govt_consumption,2000,lgbm_blind,14.5043243985272,1.6410780307614559
UGA-single,1999,1,govt_consumption,2000,lgbm_graph,14.5043243985272,1.6410780307614559
UGA-single,1999,1,govt_consumption,2000,tft,14.5043243985272,1.6410780307614559
UGA-single,1999,3,govt_consumption,2002,persistence,16.7924696957705,3.9282108195419987
UGA-single,1999,3,govt_consumption,2002,arima,16.7924696957705,3.9297485283129845
UGA-single,1999,3,govt_consumption,2002,prophet,16.7924696957705,1.3522274947282487
UGA-single,1999,3,govt_consumption,2002,prophet_graph,16.7924696957705,1.3522274947282487
UGA-single,1999,3,govt_consumption,2002,xgb_blind,16.7924696957705,3.9297485283129845
UGA-single,1999,3,govt_consumption,2002,xgb_graph,16.7924696957705,3.9297485283129845
UGA-single,1999,3,govt_consumption,2002,lgbm_blind,16.7924696957705,3.9297485283129845
UGA-single,1999,3,govt_consumption,2002,lgbm_graph,16.7924696957705,3.9297485283129845
UGA-single,1999,3,govt_consumption,2002,tft,16.7924696957705,3.9297485283129845
UGA-single,1999,5,govt_consumption,2004,persistence,13.8873022739532,1.0230433977246989
UGA-single,1999,5,govt_consumption,2004,arima,13.8873022739532,1.0246556585651465
UGA-single,1999,5,govt_consumption,2004,prophet,13.8873022739532,2.713153765587606
UGA-single,1999,5,govt_consumption,2004,prophet_graph,13.8873022739532,2.713153765587606
UGA-single,1999,5,govt_consumption,2004,xgb_blind,13.8873022739532,1.0246556585651465
UGA-single,1999,5,govt_consumption,2004,xgb_graph,13.8873022739532,1.0246556585651465
UGA-single,1999,5,govt_consumption,2004,lgbm_blind,13.8873022739532,1.0246556585651465
UGA-single,1999,5,govt_consumption,2004,lgbm_graph,13.8873022739532,1.0246556585651465
UGA-single,1999,5,govt_consumption,2004,tft,13.8873022739532,1.0246556585651465
UGA-single,1999,10,govt_consumption,2009,persistence,6.58533254689826,6.278926329330241
UGA-single,1999,10,govt_consumption,2009,arima,6.58533254689826,6.277301828751461
UGA-single,1999,10,govt_consumption,2009,prophet,6.58533254689826,12.918836756939605
UGA-single,1999,10,govt_consumption,2009,prophet_graph,6.58533254689826,12.918836756939605
UGA-single,1999,10,govt_consumption,2009,xgb_blind,6.58533254689826,6.277301828751461
UGA-single,1999,10,govt_consumption,2009,xgb_graph,6.58533254689826,6.277301828751461
UGA-single,1999,10,govt_consumption,2009,lgbm_blind,6.58533254689826,6.277301828751461
UGA-single,1999,10,govt_consumption,2009,lgbm_graph,6.58533254689826,6.277301828751461
UGA-single,1999,10,govt_consumption,2009,tft,6.58533254689826,6.277301828751461
UGA-single,2000,1,gdp_growth,2001,persistence,5.18366112490236,2.0417537867153603
UGA-single,2000,1,gdp_growth,2001,arima,5.18366112490236,0.17232036660465955
UGA-single,2000,1,gdp_growth,2001,prophet,5.18366112490236,1.0411869406080516
UGA-single,2000,1,gdp_growth,2001,prophet_graph,5.18366112490236,1.0411869406080516
UGA-single,2000,1,gdp_growth,2001,xgb_blind,5.18366112490236,0.17232036660465955
UGA-single,2000,1,gdp_growth,2001,xgb_graph,5.18366112490236,0.17232036660465955
UGA-single,2000,1,gdp_growth,2001,lgbm_blind,5.18366112490236,0.17232036660465955
UGA-single,2000,1,gdp_growth,2001,lgbm_graph,5.18366112490236,0.17232036660465955
UGA-single,2000,1,gdp_growth,2001,tft,5.18366112490236,0.17232036660465955
UGA-single,2000,3,gdp_growth,2003,persistence,6.47325867166543,3.3313513334784304
UGA-single,2000,3,gdp_growth,2003,arima,6.47325867166543,1.6654240847046662
UGA-single,2000,3,gdp_growth,2003,prophet,6.47325867166543,0.3549984582367003
UGA-single,2000,3,gdp_growth,2003,prophet_graph,6.47325867166543,0.3549984582367003
UGA-single,2000,3,gdp_growth,2003,xgb_blind,6.47325867166543,1.6654240847046662
UGA-single,2000,3,gdp_growth,2003,xgb_graph,6.47325867166543,1.6654240847046662
UGA-single,2000,3,gdp_growth,2003,lgbm_blind,6.47325867166543,1.6654240847046662
UGA-single,2000,3,gdp_growth,2003,lgbm_graph,6.47325867166543,1.6654240847046662
UGA-single,2000,3,gdp_growth,2003,tft,6.47325867166543,1.6654240847046662
UGA-single,2000,5,gdp_growth,2005,persistence,6.33256511623156,3.19065777804456
UGA-single,2000,5,gdp_growth,2005,arima,6.33256511623156,1.6360977334245241
UGA-single,2000,5,gdp_growth,2005,prophet,6.33256511623156,0.32103876564078604
UGA-single,2000,5,gdp_growth,2005,prophet_graph,6.33256511623156,0.32103876564078604
UGA-single,2000,5,gdp_growth,2005,xgb_blind,6.33256511623156,1.6360977334245241
UGA-single,2000,5,gdp_growth,2005,xgb_graph,6.33256511623156,1.6360977334245241
UGA-single,2000,5,gdp_growth,2005,lgbm_blind,6.33256511623156,1.6360977334245241
UGA-single,2000,5,gdp_growth,2005,lgbm_graph,6.33256511623156,1.6360977334245241
UGA-single,2000,5,gdp_growth,2005,tft,6.33256511623156,1.6360977334245241
UGA-single,2000,10,gdp_growth,2010,persistence,5.63761163749757,2.49570429931057
UGA-single,2000,10,gdp_growth,2010,arima,5.63761163749757,0.9700682564158081
UGA-single,2000,10,gdp_growth,2010,prophet,5.63761163749757,0.10729907213272583
UGA-single,2000,10,gdp_growth,2010,prophet_graph,5.63761163749757,0.10729907213272583
UGA-single,2000,10,gdp_growth,2010,xgb_blind,5.63761163749757,0.9700682564158081
UGA-single,2000,10,gdp_growth,2010,xgb_graph,5.63761163749757,0.9700682564158081
UGA-single,2000,10,gdp_growth,2010,lgbm_blind,5.63761163749757,0.9700682564158081
UGA-single,2000,10,gdp_growth,2010,lgbm_graph,5.63761163749757,0.9700682564158081
UGA-single,2000,10,gdp_growth,2010,tft,5.63761163749757,0.9700682564158081
UGA-single,2000,1,unemployment,2001,persistence,3.522,0.009000000000000341
UGA-single,2000,1,unemployment,2001,arima,3.522,0.02174632125216247
UGA-single,2000,1,unemployment,2001,prophet,3.522,0.1650613751907688
UGA-single,2000,1,unemployment,2001,prophet_graph,3.522,0.1650613751907688
UGA-single,2000,1,unemployment,2001,xgb_blind,3.522,0.02174632125216247
UGA-single,2000,1,unemployment,2001,xgb_graph,3.522,0.02174632125216247
UGA-single,2000,1,unemployment,2001,lgbm_blind,3.522,0.02174632125216247
UGA-single,2000,1,unemployment,2001,lgbm_graph,3.522,0.02174632125216247
UGA-single,2000,1,unemployment,2001,tft,3.522,0.02174632125216247
UGA-single,2000,3,unemployment,2003,persistence,3.6,0.06899999999999995
UGA-single,2000,3,unemployment,2003,arima,3.6,0.05355458007670988
UGA-single,2000,3,unemployment,2003,prophet,3.6,0.25622264795802874
UGA-single,2000,3,unemployment,2003,prophet_graph,3.6,0.25622264795802874
UGA-single,2000,3,unemployment,2003,xgb_blind,3.6,0.05355458007670988
UGA-single,2000,3,unemployment,2003,xgb_graph,3.6,0.05355458007670988
UGA-single,2000,3,unemployment,2003,lgbm_blind,3.6,0.05355458007670988
UGA-single,2000,3,unemployment,2003,lgbm_graph,3.6,0.05355458007670988
UGA-single,2000,3,unemployment,2003,tft,3.6,0.05355458007670988
UGA-single,2000,5,unemployment,2005,persistence,1.9,1.6310000000000002
UGA-single,2000,5,unemployment,2005,arima,1.9,1.6465324104146641
UGA-single,2000,5,unemployment,2005,prophet,1.9,1.430598050133935
UGA-single,2000,5,unemployment,2005,prophet_graph,1.9,1.430598050133935
UGA-single,2000,5,unemployment,2005,xgb_blind,1.9,1.6465324104146641
UGA-single,2000,5,unemployment,2005,xgb_graph,1.9,1.6465324104146641
UGA-single,2000,5,unemployment,2005,lgbm_blind,1.9,1.6465324104146641
UGA-single,2000,5,unemployment,2005,lgbm_graph,1.9,1.6465324104146641
UGA-single,2000,5,unemployment,2005,tft,1.9,1.6465324104146641
UGA-single,2000,10,unemployment,2010,persistence,3.623,0.09200000000000008
UGA-single,2000,10,unemployment,2010,arima,3.623,0.07646469309946768
UGA-single,2000,10,unemployment,2010,prophet,3.623,0.32532316092499114
UGA-single,2000,10,unemployment,2010,prophet_graph,3.623,0.32532316092499114
UGA-single,2000,10,unemployment,2010,xgb_blind,3.623,0.07646469309946768
UGA-single,2000,10,unemployment,2010,xgb_graph,3.623,0.07646469309946768
UGA-single,2000,10,unemployment,2010,lgbm_blind,3.623,0.07646469309946768
UGA-single,2000,10,unemployment,2010,lgbm_graph,3.623,0.07646469309946768
UGA-single,2000,10,unemployment,2010,tft,3.623,0.07646469309946768
UGA-single,2000,1,exports_gdp,2001,persistence,11.5180826373161,0.8666733440621002
UGA-single,2000,1,exports_gdp,2001,arima,11.5180826373161,0.2036863936536406
UGA-single,2000,1,exports_gdp,2001,prophet,11.5180826373161,1.3599283090645091
UGA-single,2000,1,exports_gdp,2001,prophet_graph,11.5180826373161,1.3599283090645091
UGA-single,2000,1,exports_gdp,2001,xgb_blind,11.5180826373161,0.2036863936536406
UGA-single,2000,1,exports_gdp,2001,xgb_graph,11.5180826373161,0.2036863936536406
UGA-single,2000,1,exports_gdp,2001,lgbm_blind,11.5180826373161,0.2036863936536406
UGA-single,2000,1,exports_gdp,2001,lgbm_graph,11.5180826373161,0.2036863936536406
UGA-single,2000,1,exports_gdp,2001,tft,11.5180826373161,0.2036863936536406
UGA-single,2000,3,exports_gdp,2003,persistence,11.3867248339712,0.7353155407172007
UGA-single,2000,3,exports_gdp,2003,arima,11.3867248339712,0.2332087786937347
UGA-single,2000,3,exports_gdp,2003,prophet,11.3867248339712,2.482595869451929
UGA-single,2000,3,exports_gdp,2003,prophet_graph,11.3867248339712,2.482595869451929
UGA-single,2000,3,exports_gdp,2003,xgb_blind,11.3867248339712,0.2332087786937347
UGA-single,2000,3,exports_gdp,2003,xgb_graph,11.3867248339712,0.2332087786937347
UGA-single,2000,3,exports_gdp,2003,lgbm_blind,11.3867248339712,0.2332087786937347
UGA-single,2000,3,exports_gdp,2003,lgbm_graph,11.3867248339712,0.2332087786937347
UGA-single,2000,3,exports_gdp,2003,tft,11.3867248339712,0.2332087786937347
UGA-single,2000,5,exports_gdp,2005,persistence,14.1796999798574,3.5282906866034
UGA-single,2000,5,exports_gdp,2005,arima,14.1796999798574,3.053801351140793
UGA-single,2000,5,exports_gdp,2005,prophet,14.1796999798574,0.6822884391795458
UGA-single,2000,5,exports_gdp,2005,prophet_graph,14.1796999798574,0.6822884391795458
UGA-single,2000,5,exports_gdp,2005,xgb_blind,14.1796999798574,3.053801351140793
UGA-single,2000,5,exports_gdp,2005,xgb_graph,14.1796999798574,3.053801351140793
UGA-single,2000,5,exports_gdp,2005,lgbm_blind,14.1796999798574,3.053801351140793
UGA-single,2000,5,exports_gdp,2005,lgbm_graph,14.1796999798574,3.053801351140793
UGA-single,2000,5,exports_gdp,2005,tft,14.1796999798574,3.053801351140793
UGA-single,2000,10,exports_gdp,2010,persistence,13.8244828747602,3.1730735815062
UGA-single,2000,10,exports_gdp,2010,arima,13.8244828747602,2.7043775732751545
UGA-single,2000,10,exports_gdp,2010,prophet,13.8244828747602,3.5171378954543435
UGA-single,2000,10,exports_gdp,2010,prophet_graph,13.8244828747602,3.5171378954543435
UGA-single,2000,10,exports_gdp,2010,xgb_blind,13.8244828747602,2.7043775732751545
UGA-single,2000,10,exports_gdp,2010,xgb_graph,13.8244828747602,2.7043775732751545
UGA-single,2000,10,exports_gdp,2010,lgbm_blind,13.8244828747602,2.7043775732751545
UGA-single,2000,10,exports_gdp,2010,lgbm_graph,13.8244828747602,2.7043775732751545
UGA-single,2000,10,exports_gdp,2010,tft,13.8244828747602,2.7043775732751545
UGA-single,2000,1,imports_gdp,2001,persistence,23.8118941446563,1.7142700995281004
UGA-single,2000,1,imports_gdp,2001,arima,23.8118941446563,1.5051345897784714
UGA-single,2000,1,imports_gdp,2001,prophet,23.8118941446563,1.5600605366422755
UGA-single,2000,1,imports_gdp,2001,prophet_graph,23.8118941446563,1.5600605366422755
UGA-single,2000,1,imports_gdp,2001,xgb_blind,23.8118941446563,1.5051345897784714
UGA-single,2000,1,imports_gdp,2001,xgb_graph,23.8118941446563,1.5051345897784714
UGA-single,2000,1,imports_gdp,2001,lgbm_blind,23.8118941446563,1.5051345897784714
UGA-single,2000,1,imports_gdp,2001,lgbm_graph,23.8118941446563,1.5051345897784714
UGA-single,2000,1,imports_gdp,2001,tft,23.8118941446563,1.5051345897784714
UGA-single,2000,3,imports_gdp,2003,persistence,25.1990016301556,3.1013775850274
UGA-single,2000,3,imports_gdp,2003,arima,25.1990016301556,2.915087851300605
UGA-single,2000,3,imports_gdp,2003,prophet,25.1990016301556,2.7176306438495104
UGA-single,2000,3,imports_gdp,2003,prophet_graph,25.1990016301556,2.7176306438495104
UGA-single,2000,3,imports_gdp,2003,xgb_blind,25.1990016301556,2.915087851300605
UGA-single,2000,3,imports_gdp,2003,xgb_graph,25.1990016301556,2.915087851300605
UGA-single,2000,3,imports_gdp,2003,lgbm_blind,25.1990016301556,2.915087851300605
UGA-single,2000,3,imports_gdp,2003,lgbm_graph,25.1990016301556,2.915087851300605
UGA-single,2000,3,imports_gdp,2003,tft,25.1990016301556,2.915087851300605
UGA-single,2000,5,imports_gdp,2005,persistence,24.8145855040487,2.716961458920501
UGA-single,2000,5,imports_gdp,2005,arima,24.8145855040487,2.531027656572217
UGA-single,2000,5,imports_gdp,2005,prophet,24.8145855040487,2.103362704685768
UGA-single,2000,5,imports_gdp,2005,prophet_graph,24.8145855040487,2.103362704685768
UGA-single,2000,5,imports_gdp,2005,xgb_blind,24.8145855040487,2.531027656572217
UGA-single,2000,5,imports_gdp,2005,xgb_graph,24.8145855040487,2.531027656572217
UGA-single,2000,5,imports_gdp,2005,lgbm_blind,24.8145855040487,2.531027656572217
UGA-single,2000,5,imports_gdp,2005,lgbm_graph,24.8145855040487,2.531027656572217
UGA-single,2000,5,imports_gdp,2005,tft,24.8145855040487,2.531027656572217
UGA-single,2000,10,imports_gdp,2010,persistence,24.4447661623689,2.3471421172407005
UGA-single,2000,10,imports_gdp,2010,arima,24.4447661623689,2.1612139481454022
UGA-single,2000,10,imports_gdp,2010,prophet,24.4447661623689,1.159385482511027
UGA-single,2000,10,imports_gdp,2010,prophet_graph,24.4447661623689,1.159385482511027
UGA-single,2000,10,imports_gdp,2010,xgb_blind,24.4447661623689,2.1612139481454022
UGA-single,2000,10,imports_gdp,2010,xgb_graph,24.4447661623689,2.1612139481454022
UGA-single,2000,10,imports_gdp,2010,lgbm_blind,24.4447661623689,2.1612139481454022
UGA-single,2000,10,imports_gdp,2010,lgbm_graph,24.4447661623689,2.1612139481454022
UGA-single,2000,10,imports_gdp,2010,tft,24.4447661623689,2.1612139481454022
UGA-single,2000,1,current_account,2001,persistence,-5.23214599458245,0.5612610734327799
UGA-single,2000,1,current_account,2001,arima,-5.23214599458245,0.11911688761780503
UGA-single,2000,1,current_account,2001,prophet,-5.23214599458245,0.20113103359152618
UGA-single,2000,1,current_account,2001,prophet_graph,-5.23214599458245,0.20113103359152618
UGA-single,2000,1,current_account,2001,xgb_blind,-5.23214599458245,0.11911688761780503
UGA-single,2000,1,current_account,2001,xgb_graph,-5.23214599458245,0.11911688761780503
UGA-single,2000,1,current_account,2001,lgbm_blind,-5.23214599458245,0.11911688761780503
UGA-single,2000,1,current_account,2001,lgbm_graph,-5.23214599458245,0.11911688761780503
UGA-single,2000,1,current_account,2001,tft,-5.23214599458245,0.11911688761780503
UGA-single,2000,3,current_account,2003,persistence,-0.581756161515947,5.211650906499283
UGA-single,2000,3,current_account,2003,arima,-0.581756161515947,4.879981719541901
UGA-single,2000,3,current_account,2003,prophet,-0.581756161515947,4.489247056375411
UGA-single,2000,3,current_account,2003,prophet_graph,-0.581756161515947,4.489247056375411
UGA-single,2000,3,current_account,2003,xgb_blind,-0.581756161515947,4.879981719541901
UGA-single,2000,3,current_account,2003,xgb_graph,-0.581756161515947,4.879981719541901
UGA-single,2000,3,current_account,2003,lgbm_blind,-0.581756161515947,4.879981719541901
UGA-single,2000,3,current_account,2003,lgbm_graph,-0.581756161515947,4.879981719541901
UGA-single,2000,3,current_account,2003,tft,-0.581756161515947,4.879981719541901
UGA-single,2000,5,current_account,2005,persistence,0.579537398767585,6.3729444667828155
UGA-single,2000,5,current_account,2005,arima,0.579537398767585,6.067611158558606
UGA-single,2000,5,current_account,2005,prophet,0.579537398767585,5.690583651993487
UGA-single,2000,5,current_account,2005,prophet_graph,0.579537398767585,5.690583651993487
UGA-single,2000,5,current_account,2005,xgb_blind,0.579537398767585,6.067611158558606
UGA-single,2000,5,current_account,2005,xgb_graph,0.579537398767585,6.067611158558606
UGA-single,2000,5,current_account,2005,lgbm_blind,0.579537398767585,6.067611158558606
UGA-single,2000,5,current_account,2005,lgbm_graph,0.579537398767585,6.067611158558606
UGA-single,2000,5,current_account,2005,tft,0.579537398767585,6.067611158558606
UGA-single,2000,10,current_account,2010,persistence,-6.0351181457015,0.24171107768627031
UGA-single,2000,10,current_account,2010,arima,-6.0351181457015,0.5385724296810883
UGA-single,2000,10,current_account,2010,prophet,-6.0351181457015,0.8240464717904059
UGA-single,2000,10,current_account,2010,prophet_graph,-6.0351181457015,0.8240464717904059
UGA-single,2000,10,current_account,2010,xgb_blind,-6.0351181457015,0.5385724296810883
UGA-single,2000,10,current_account,2010,xgb_graph,-6.0351181457015,0.5385724296810883
UGA-single,2000,10,current_account,2010,lgbm_blind,-6.0351181457015,0.5385724296810883
UGA-single,2000,10,current_account,2010,lgbm_graph,-6.0351181457015,0.5385724296810883
UGA-single,2000,10,current_account,2010,tft,-6.0351181457015,0.5385724296810883
UGA-single,2000,1,real_interest_rate,2001,persistence,17.3344956748948,6.712881405380701
UGA-single,2000,1,real_interest_rate,2001,arima,17.3344956748948,0.73681784846017
UGA-single,2000,1,real_interest_rate,2001,prophet,17.3344956748948,3.37605400637392
UGA-single,2000,1,real_interest_rate,2001,prophet_graph,17.3344956748948,3.37605400637392
UGA-single,2000,1,real_interest_rate,2001,xgb_blind,17.3344956748948,0.73681784846017
UGA-single,2000,1,real_interest_rate,2001,xgb_graph,17.3344956748948,0.73681784846017
UGA-single,2000,1,real_interest_rate,2001,lgbm_blind,17.3344956748948,0.73681784846017
UGA-single,2000,1,real_interest_rate,2001,lgbm_graph,17.3344956748948,0.73681784846017
UGA-single,2000,1,real_interest_rate,2001,tft,17.3344956748948,0.73681784846017
UGA-single,2000,3,real_interest_rate,2003,persistence,10.3290387321641,0.2925755373499985
UGA-single,2000,3,real_interest_rate,2003,arima,10.3290387321641,4.784221501478676
UGA-single,2000,3,real_interest_rate,2003,prophet,10.3290387321641,14.446583927892142
UGA-single,2000,3,real_interest_rate,2003,prophet_graph,10.3290387321641,14.446583927892142
UGA-single,2000,3,real_interest_rate,2003,xgb_blind,10.3290387321641,4.784221501478676
UGA-single,2000,3,real_interest_rate,2003,xgb_graph,10.3290387321641,4.784221501478676
UGA-single,2000,3,real_interest_rate,2003,lgbm_blind,10.3290387321641,4.784221501478676
UGA-single,2000,3,real_interest_rate,2003,lgbm_graph,10.3290387321641,4.784221501478676
UGA-single,2000,3,real_interest_rate,2003,tft,10.3290387321641,4.784221501478676
UGA-single,2000,5,real_interest_rate,2005,persistence,21.7655522885928,11.143938019078702
UGA-single,2000,5,real_interest_rate,2005,arima,21.7655522885928,7.085270830299807
UGA-single,2000,5,real_interest_rate,2005,prophet,21.7655522885928,7.080711943372595
UGA-single,2000,5,real_interest_rate,2005,prophet_graph,21.7655522885928,7.080711943372595
UGA-single,2000,5,real_interest_rate,2005,xgb_blind,21.7655522885928,7.085270830299807
UGA-single,2000,5,real_interest_rate,2005,xgb_graph,21.7655522885928,7.085270830299807
UGA-single,2000,5,real_interest_rate,2005,lgbm_blind,21.7655522885928,7.085270830299807
UGA-single,2000,5,real_interest_rate,2005,lgbm_graph,21.7655522885928,7.085270830299807
UGA-single,2000,5,real_interest_rate,2005,tft,21.7655522885928,7.085270830299807
UGA-single,2000,10,real_interest_rate,2010,persistence,13.7612146491897,3.139600379675601
UGA-single,2000,10,real_interest_rate,2010,arima,13.7612146491897,0.7325750146305428
UGA-single,2000,10,real_interest_rate,2010,prophet,13.7612146491897,25.253300622866124
UGA-single,2000,10,real_interest_rate,2010,prophet_graph,13.7612146491897,25.253300622866124
UGA-single,2000,10,real_interest_rate,2010,xgb_blind,13.7612146491897,0.7325750146305428
UGA-single,2000,10,real_interest_rate,2010,xgb_graph,13.7612146491897,0.7325750146305428
UGA-single,2000,10,real_interest_rate,2010,lgbm_blind,13.7612146491897,0.7325750146305428
UGA-single,2000,10,real_interest_rate,2010,lgbm_graph,13.7612146491897,0.7325750146305428
UGA-single,2000,10,real_interest_rate,2010,tft,13.7612146491897,0.7325750146305428
UGA-single,2000,1,broad_money,2001,persistence,16.0914425659075,0.024093619274800915
UGA-single,2000,1,broad_money,2001,arima,16.0914425659075,0.2405576299980936
UGA-single,2000,1,broad_money,2001,prophet,16.0914425659075,1.1413767496203668
UGA-single,2000,1,broad_money,2001,prophet_graph,16.0914425659075,1.1413767496203668
UGA-single,2000,1,broad_money,2001,xgb_blind,16.0914425659075,0.2405576299980936
UGA-single,2000,1,broad_money,2001,xgb_graph,16.0914425659075,0.2405576299980936
UGA-single,2000,1,broad_money,2001,lgbm_blind,16.0914425659075,0.2405576299980936
UGA-single,2000,1,broad_money,2001,lgbm_graph,16.0914425659075,0.2405576299980936
UGA-single,2000,1,broad_money,2001,tft,16.0914425659075,0.2405576299980936
UGA-single,2000,3,broad_money,2003,persistence,19.5539584255384,3.4384222403561004
UGA-single,2000,3,broad_money,2003,arima,19.5539584255384,3.0810934452215157
UGA-single,2000,3,broad_money,2003,prophet,19.5539584255384,0.6474661965787654
UGA-single,2000,3,broad_money,2003,prophet_graph,19.5539584255384,0.6474661965787654
UGA-single,2000,3,broad_money,2003,xgb_blind,19.5539584255384,3.0810934452215157
UGA-single,2000,3,broad_money,2003,xgb_graph,19.5539584255384,3.0810934452215157
UGA-single,2000,3,broad_money,2003,lgbm_blind,19.5539584255384,3.0810934452215157
UGA-single,2000,3,broad_money,2003,lgbm_graph,19.5539584255384,3.0810934452215157
UGA-single,2000,3,broad_money,2003,tft,19.5539584255384,3.0810934452215157
UGA-single,2000,5,broad_money,2005,persistence,19.3229389303276,3.2074027451452984
UGA-single,2000,5,broad_money,2005,arima,19.3229389303276,2.821665282304746
UGA-single,2000,5,broad_money,2005,prophet,19.3229389303276,1.2595189146849464
UGA-single,2000,5,broad_money,2005,prophet_graph,19.3229389303276,1.2595189146849464
UGA-single,2000,5,broad_money,2005,xgb_blind,19.3229389303276,2.821665282304746
UGA-single,2000,5,broad_money,2005,xgb_graph,19.3229389303276,2.821665282304746
UGA-single,2000,5,broad_money,2005,lgbm_blind,19.3229389303276,2.821665282304746
UGA-single,2000,5,broad_money,2005,lgbm_graph,19.3229389303276,2.821665282304746
UGA-single,2000,5,broad_money,2005,tft,19.3229389303276,2.821665282304746
UGA-single,2000,10,broad_money,2010,persistence,17.3447697728192,1.229233587636898
UGA-single,2000,10,broad_money,2010,arima,17.3447697728192,0.8364506072708799
UGA-single,2000,10,broad_money,2010,prophet,17.3447697728192,7.4241630583939155
UGA-single,2000,10,broad_money,2010,prophet_graph,17.3447697728192,7.4241630583939155
UGA-single,2000,10,broad_money,2010,xgb_blind,17.3447697728192,0.8364506072708799
UGA-single,2000,10,broad_money,2010,xgb_graph,17.3447697728192,0.8364506072708799
UGA-single,2000,10,broad_money,2010,lgbm_blind,17.3447697728192,0.8364506072708799
UGA-single,2000,10,broad_money,2010,lgbm_graph,17.3447697728192,0.8364506072708799
UGA-single,2000,10,broad_money,2010,tft,17.3447697728192,0.8364506072708799
UGA-single,2000,1,govt_consumption,2001,persistence,15.5818448612763,1.077520462749101
UGA-single,2000,1,govt_consumption,2001,arima,15.5818448612763,0.4779538261448568
UGA-single,2000,1,govt_consumption,2001,prophet,15.5818448612763,0.6380802749995951
UGA-single,2000,1,govt_consumption,2001,prophet_graph,15.5818448612763,0.6380802749995951
UGA-single,2000,1,govt_consumption,2001,xgb_blind,15.5818448612763,0.4779538261448568
UGA-single,2000,1,govt_consumption,2001,xgb_graph,15.5818448612763,0.4779538261448568
UGA-single,2000,1,govt_consumption,2001,lgbm_blind,15.5818448612763,0.4779538261448568
UGA-single,2000,1,govt_consumption,2001,lgbm_graph,15.5818448612763,0.4779538261448568
UGA-single,2000,1,govt_consumption,2001,tft,15.5818448612763,0.4779538261448568
UGA-single,2000,3,govt_consumption,2003,persistence,15.7450533454078,1.2407289468806013
UGA-single,2000,3,govt_consumption,2003,arima,15.7450533454078,0.3418468060453872
UGA-single,2000,3,govt_consumption,2003,prophet,15.7450533454078,0.37976110685802666
UGA-single,2000,3,govt_consumption,2003,prophet_graph,15.7450533454078,0.37976110685802666
UGA-single,2000,3,govt_consumption,2003,xgb_blind,15.7450533454078,0.3418468060453872
UGA-single,2000,3,govt_consumption,2003,xgb_graph,15.7450533454078,0.3418468060453872
UGA-single,2000,3,govt_consumption,2003,lgbm_blind,15.7450533454078,0.3418468060453872
UGA-single,2000,3,govt_consumption,2003,lgbm_graph,15.7450533454078,0.3418468060453872
UGA-single,2000,3,govt_consumption,2003,tft,15.7450533454078,0.3418468060453872
UGA-single,2000,5,govt_consumption,2005,persistence,14.4927633926747,0.011561005852499306
UGA-single,2000,5,govt_consumption,2005,arima,14.4927633926747,0.9504451491223112
UGA-single,2000,5,govt_consumption,2005,prophet,14.4927633926747,2.8147188021090024
UGA-single,2000,5,govt_consumption,2005,prophet_graph,14.4927633926747,2.8147188021090024
UGA-single,2000,5,govt_consumption,2005,xgb_blind,14.4927633926747,0.9504451491223112
UGA-single,2000,5,govt_consumption,2005,xgb_graph,14.4927633926747,0.9504451491223112
UGA-single,2000,5,govt_consumption,2005,lgbm_blind,14.4927633926747,0.9504451491223112
UGA-single,2000,5,govt_consumption,2005,lgbm_graph,14.4927633926747,0.9504451491223112
UGA-single,2000,5,govt_consumption,2005,tft,14.4927633926747,0.9504451491223112
UGA-single,2000,10,govt_consumption,2010,persistence,8.27345406223707,6.230870336290129
UGA-single,2000,10,govt_consumption,2010,arima,8.27345406223707,7.175884942913317
UGA-single,2000,10,govt_consumption,2010,prophet,8.27345406223707,11.988270674048197
UGA-single,2000,10,govt_consumption,2010,prophet_graph,8.27345406223707,11.988270674048197
UGA-single,2000,10,govt_consumption,2010,xgb_blind,8.27345406223707,7.175884942913317
UGA-single,2000,10,govt_consumption,2010,xgb_graph,8.27345406223707,7.175884942913317
UGA-single,2000,10,govt_consumption,2010,lgbm_blind,8.27345406223707,7.175884942913317
UGA-single,2000,10,govt_consumption,2010,lgbm_graph,8.27345406223707,7.175884942913317
UGA-single,2000,10,govt_consumption,2010,tft,8.27345406223707,7.175884942913317
UGA-single,2001,1,gdp_growth,2002,persistence,8.73268576440127,3.549024639498909
UGA-single,2001,1,gdp_growth,2002,arima,8.73268576440127,4.463435147308628
UGA-single,2001,1,gdp_growth,2002,prophet,8.73268576440127,2.912246555339437
UGA-single,2001,1,gdp_growth,2002,prophet_graph,8.73268576440127,2.912246555339437
UGA-single,2001,1,gdp_growth,2002,xgb_blind,8.73268576440127,4.463435147308628
UGA-single,2001,1,gdp_growth,2002,xgb_graph,8.73268576440127,4.463435147308628
UGA-single,2001,1,gdp_growth,2002,lgbm_blind,8.73268576440127,4.463435147308628
UGA-single,2001,1,gdp_growth,2002,lgbm_graph,8.73268576440127,4.463435147308628
UGA-single,2001,1,gdp_growth,2002,tft,8.73268576440127,4.463435147308628
UGA-single,2001,3,gdp_growth,2004,persistence,6.80723334361883,1.62357221871647
UGA-single,2001,3,gdp_growth,2004,arima,6.80723334361883,2.311866433690721
UGA-single,2001,3,gdp_growth,2004,prophet,6.80723334361883,1.1738399694091664
UGA-single,2001,3,gdp_growth,2004,prophet_graph,6.80723334361883,1.1738399694091664
UGA-single,2001,3,gdp_growth,2004,xgb_blind,6.80723334361883,2.311866433690721
UGA-single,2001,3,gdp_growth,2004,xgb_graph,6.80723334361883,2.311866433690721
UGA-single,2001,3,gdp_growth,2004,lgbm_blind,6.80723334361883,2.311866433690721
UGA-single,2001,3,gdp_growth,2004,lgbm_graph,6.80723334361883,2.311866433690721
UGA-single,2001,3,gdp_growth,2004,tft,6.80723334361883,2.311866433690721
UGA-single,2001,5,gdp_growth,2006,persistence,10.7847443857453,5.60108326084294
UGA-single,2001,5,gdp_growth,2006,arima,10.7847443857453,6.244024317784184
UGA-single,2001,5,gdp_growth,2006,prophet,10.7847443857453,5.338653073558835
UGA-single,2001,5,gdp_growth,2006,prophet_graph,10.7847443857453,5.338653073558835
UGA-single,2001,5,gdp_growth,2006,xgb_blind,10.7847443857453,6.244024317784184
UGA-single,2001,5,gdp_growth,2006,xgb_graph,10.7847443857453,6.244024317784184
UGA-single,2001,5,gdp_growth,2006,lgbm_blind,10.7847443857453,6.244024317784184
UGA-single,2001,5,gdp_growth,2006,lgbm_graph,10.7847443857453,6.244024317784184
UGA-single,2001,5,gdp_growth,2006,tft,10.7847443857453,6.244024317784184
UGA-single,2001,10,gdp_growth,2011,persistence,9.3916554927176,4.20799436781524
UGA-single,2001,10,gdp_growth,2011,arima,9.3916554927176,4.839351376675343
UGA-single,2001,10,gdp_growth,2011,prophet,9.3916554927176,4.413434994832585
UGA-single,2001,10,gdp_growth,2011,prophet_graph,9.3916554927176,4.413434994832585
UGA-single,2001,10,gdp_growth,2011,xgb_blind,9.3916554927176,4.839351376675343
UGA-single,2001,10,gdp_growth,2011,xgb_graph,9.3916554927176,4.839351376675343
UGA-single,2001,10,gdp_growth,2011,lgbm_blind,9.3916554927176,4.839351376675343
UGA-single,2001,10,gdp_growth,2011,lgbm_graph,9.3916554927176,4.839351376675343
UGA-single,2001,10,gdp_growth,2011,tft,9.3916554927176,4.839351376675343
UGA-single,2001,1,unemployment,2002,persistence,3.5,0.021999999999999797
UGA-single,2001,1,unemployment,2002,arima,3.5,0.020461264881948438
UGA-single,2001,1,unemployment,2002,prophet,3.5,0.09483349745471337
UGA-single,2001,1,unemployment,2002,prophet_graph,3.5,0.09483349745471337
UGA-single,2001,1,unemployment,2002,xgb_blind,3.5,0.020461264881948438
UGA-single,2001,1,unemployment,2002,xgb_graph,3.5,0.020461264881948438
UGA-single,2001,1,unemployment,2002,lgbm_blind,3.5,0.020461264881948438
UGA-single,2001,1,unemployment,2002,lgbm_graph,3.5,0.020461264881948438
UGA-single,2001,1,unemployment,2002,tft,3.5,0.020461264881948438
UGA-single,2001,3,unemployment,2004,persistence,2.699,0.823
UGA-single,2001,3,unemployment,2004,arima,2.699,0.8211532077970194
UGA-single,2001,3,unemployment,2004,prophet,2.699,0.7053776005696504
UGA-single,2001,3,unemployment,2004,prophet_graph,2.699,0.7053776005696504
UGA-single,2001,3,unemployment,2004,xgb_blind,2.699,0.8211532077970194
UGA-single,2001,3,unemployment,2004,xgb_graph,2.699,0.8211532077970194
UGA-single,2001,3,unemployment,2004,lgbm_blind,2.699,0.8211532077970194
UGA-single,2001,3,unemployment,2004,lgbm_graph,2.699,0.8211532077970194
UGA-single,2001,3,unemployment,2004,tft,2.699,0.8211532077970194
UGA-single,2001,5,unemployment,2006,persistence,2.264,1.258
UGA-single,2001,5,unemployment,2006,arima,2.264,1.256144203000285
UGA-single,2001,5,unemployment,2006,prophet,2.264,1.1395876179063764
UGA-single,2001,5,unemployment,2006,prophet_graph,2.264,1.1395876179063764
UGA-single,2001,5,unemployment,2006,xgb_blind,2.264,1.256144203000285
UGA-single,2001,5,unemployment,2006,xgb_graph,2.264,1.256144203000285
UGA-single,2001,5,unemployment,2006,lgbm_blind,2.264,1.256144203000285
UGA-single,2001,5,unemployment,2006,lgbm_graph,2.264,1.256144203000285
UGA-single,2001,5,unemployment,2006,tft,2.264,1.256144203000285
UGA-single,2001,10,unemployment,2011,persistence,3.523,0.001000000000000334
UGA-single,2001,10,unemployment,2011,arima,3.523,0.0028560681045424197
UGA-single,2001,10,unemployment,2011,prophet,3.523,0.121385717720353
UGA-single,2001,10,unemployment,2011,prophet_graph,3.523,0.121385717720353
UGA-single,2001,10,unemployment,2011,xgb_blind,3.523,0.0028560681045424197
UGA-single,2001,10,unemployment,2011,xgb_graph,3.523,0.0028560681045424197
UGA-single,2001,10,unemployment,2011,lgbm_blind,3.523,0.0028560681045424197
UGA-single,2001,10,unemployment,2011,lgbm_graph,3.523,0.0028560681045424197
UGA-single,2001,10,unemployment,2011,tft,3.523,0.0028560681045424197
UGA-single,2001,1,exports_gdp,2002,persistence,11.2132791661446,0.30480347117149975
UGA-single,2001,1,exports_gdp,2002,arima,11.2132791661446,0.06307936993705532
UGA-single,2001,1,exports_gdp,2002,prophet,11.2132791661446,1.7060207905299105
UGA-single,2001,1,exports_gdp,2002,prophet_graph,11.2132791661446,1.7060207905299105
UGA-single,2001,1,exports_gdp,2002,xgb_blind,11.2132791661446,0.06307936993705532
UGA-single,2001,1,exports_gdp,2002,xgb_graph,11.2132791661446,0.06307936993705532
UGA-single,2001,1,exports_gdp,2002,lgbm_blind,11.2132791661446,0.06307936993705532
UGA-single,2001,1,exports_gdp,2002,lgbm_graph,11.2132791661446,0.06307936993705532
UGA-single,2001,1,exports_gdp,2002,tft,11.2132791661446,0.06307936993705532
UGA-single,2001,3,exports_gdp,2004,persistence,12.6968807487592,1.1787981114431005
UGA-single,2001,3,exports_gdp,2004,arima,12.6968807487592,1.4568085481355624
UGA-single,2001,3,exports_gdp,2004,prophet,12.6968807487592,1.1090942394216672
UGA-single,2001,3,exports_gdp,2004,prophet_graph,12.6968807487592,1.1090942394216672
UGA-single,2001,3,exports_gdp,2004,xgb_blind,12.6968807487592,1.4568085481355624
UGA-single,2001,3,exports_gdp,2004,xgb_graph,12.6968807487592,1.4568085481355624
UGA-single,2001,3,exports_gdp,2004,lgbm_blind,12.6968807487592,1.4568085481355624
UGA-single,2001,3,exports_gdp,2004,lgbm_graph,12.6968807487592,1.4568085481355624
UGA-single,2001,3,exports_gdp,2004,tft,12.6968807487592,1.4568085481355624
UGA-single,2001,5,exports_gdp,2006,persistence,15.2754133833713,3.7573307460551995
UGA-single,2001,5,exports_gdp,2006,arima,15.2754133833713,4.019147913173157
UGA-single,2001,5,exports_gdp,2006,prophet,15.2754133833713,0.5815487403532504
UGA-single,2001,5,exports_gdp,2006,prophet_graph,15.2754133833713,0.5815487403532504
UGA-single,2001,5,exports_gdp,2006,xgb_blind,15.2754133833713,4.019147913173157
UGA-single,2001,5,exports_gdp,2006,xgb_graph,15.2754133833713,4.019147913173157
UGA-single,2001,5,exports_gdp,2006,lgbm_blind,15.2754133833713,4.019147913173157
UGA-single,2001,5,exports_gdp,2006,lgbm_graph,15.2754133833713,4.019147913173157
UGA-single,2001,5,exports_gdp,2006,tft,15.2754133833713,4.019147913173157
UGA-single,2001,10,exports_gdp,2011,persistence,12.8557239406741,1.3376413033579997
UGA-single,2001,10,exports_gdp,2011,arima,12.8557239406741,1.5958504534202795
UGA-single,2001,10,exports_gdp,2011,prophet,12.8557239406741,4.05604290444067
UGA-single,2001,10,exports_gdp,2011,prophet_graph,12.8557239406741,4.05604290444067
UGA-single,2001,10,exports_gdp,2011,xgb_blind,12.8557239406741,1.5958504534202795
UGA-single,2001,10,exports_gdp,2011,xgb_graph,12.8557239406741,1.5958504534202795
UGA-single,2001,10,exports_gdp,2011,lgbm_blind,12.8557239406741,1.5958504534202795
UGA-single,2001,10,exports_gdp,2011,lgbm_graph,12.8557239406741,1.5958504534202795
UGA-single,2001,10,exports_gdp,2011,tft,12.8557239406741,1.5958504534202795
UGA-single,2001,1,imports_gdp,2002,persistence,25.0645149900385,1.2526208453822
UGA-single,2001,1,imports_gdp,2002,arima,25.0645149900385,1.544853420198642
UGA-single,2001,1,imports_gdp,2002,prophet,25.0645149900385,2.1692753598204817
UGA-single,2001,1,imports_gdp,2002,prophet_graph,25.0645149900385,2.1692753598204817
UGA-single,2001,1,imports_gdp,2002,xgb_blind,25.0645149900385,1.544853420198642
UGA-single,2001,1,imports_gdp,2002,xgb_graph,25.0645149900385,1.544853420198642
UGA-single,2001,1,imports_gdp,2002,lgbm_blind,25.0645149900385,1.544853420198642
UGA-single,2001,1,imports_gdp,2002,lgbm_graph,25.0645149900385,1.544853420198642
UGA-single,2001,1,imports_gdp,2002,tft,25.0645149900385,1.544853420198642
UGA-single,2001,3,imports_gdp,2004,persistence,22.7632054968845,1.048688647771801
UGA-single,2001,3,imports_gdp,2004,arima,22.7632054968845,0.7977807820919303
UGA-single,2001,3,imports_gdp,2004,prophet,22.7632054968845,0.4837076915660674
UGA-single,2001,3,imports_gdp,2004,prophet_graph,22.7632054968845,0.4837076915660674
UGA-single,2001,3,imports_gdp,2004,xgb_blind,22.7632054968845,0.7977807820919303
UGA-single,2001,3,imports_gdp,2004,xgb_graph,22.7632054968845,0.7977807820919303
UGA-single,2001,3,imports_gdp,2004,lgbm_blind,22.7632054968845,0.7977807820919303
UGA-single,2001,3,imports_gdp,2004,lgbm_graph,22.7632054968845,0.7977807820919303
UGA-single,2001,3,imports_gdp,2004,tft,22.7632054968845,0.7977807820919303
UGA-single,2001,5,imports_gdp,2006,persistence,28.3578724062492,4.5459782615929
UGA-single,2001,5,imports_gdp,2006,arima,28.3578724062492,4.795685222545892
UGA-single,2001,5,imports_gdp,2006,prophet,28.3578724062492,4.758803914965764
UGA-single,2001,5,imports_gdp,2006,prophet_graph,28.3578724062492,4.758803914965764
UGA-single,2001,5,imports_gdp,2006,xgb_blind,28.3578724062492,4.795685222545892
UGA-single,2001,5,imports_gdp,2006,xgb_graph,28.3578724062492,4.795685222545892
UGA-single,2001,5,imports_gdp,2006,lgbm_blind,28.3578724062492,4.795685222545892
UGA-single,2001,5,imports_gdp,2006,lgbm_graph,28.3578724062492,4.795685222545892
UGA-single,2001,5,imports_gdp,2006,tft,28.3578724062492,4.795685222545892
UGA-single,2001,10,imports_gdp,2011,persistence,26.899501619938,3.0876074752817004
UGA-single,2001,10,imports_gdp,2011,arima,26.899501619938,3.3372784880039177
UGA-single,2001,10,imports_gdp,2011,prophet,26.899501619938,2.420767488472869
UGA-single,2001,10,imports_gdp,2011,prophet_graph,26.899501619938,2.420767488472869
UGA-single,2001,10,imports_gdp,2011,xgb_blind,26.899501619938,3.3372784880039177
UGA-single,2001,10,imports_gdp,2011,xgb_graph,26.899501619938,3.3372784880039177
UGA-single,2001,10,imports_gdp,2011,lgbm_blind,26.899501619938,3.3372784880039177
UGA-single,2001,10,imports_gdp,2011,lgbm_graph,26.899501619938,3.3372784880039177
UGA-single,2001,10,imports_gdp,2011,tft,26.899501619938,3.3372784880039177
UGA-single,2001,1,current_account,2002,persistence,-2.46011695217403,2.77202904240842
UGA-single,2001,1,current_account,2002,arima,-2.46011695217403,3.0523810334429347
UGA-single,2001,1,current_account,2002,prophet,-2.46011695217403,2.660738345878698
UGA-single,2001,1,current_account,2002,prophet_graph,-2.46011695217403,2.660738345878698
UGA-single,2001,1,current_account,2002,xgb_blind,-2.46011695217403,3.0523810334429347
UGA-single,2001,1,current_account,2002,xgb_graph,-2.46011695217403,3.0523810334429347
UGA-single,2001,1,current_account,2002,lgbm_blind,-2.46011695217403,3.0523810334429347
UGA-single,2001,1,current_account,2002,lgbm_graph,-2.46011695217403,3.0523810334429347
UGA-single,2001,1,current_account,2002,tft,-2.46011695217403,3.0523810334429347
UGA-single,2001,3,current_account,2004,persistence,-0.0210973345748702,5.21104866000758
UGA-single,2001,3,current_account,2004,arima,-0.0210973345748702,5.421312722333939
UGA-single,2001,3,current_account,2004,prophet,-0.0210973345748702,5.155343612607183
UGA-single,2001,3,current_account,2004,prophet_graph,-0.0210973345748702,5.155343612607183
UGA-single,2001,3,current_account,2004,xgb_blind,-0.0210973345748702,5.421312722333939
UGA-single,2001,3,current_account,2004,xgb_graph,-0.0210973345748702,5.421312722333939
UGA-single,2001,3,current_account,2004,lgbm_blind,-0.0210973345748702,5.421312722333939
UGA-single,2001,3,current_account,2004,lgbm_graph,-0.0210973345748702,5.421312722333939
UGA-single,2001,3,current_account,2004,tft,-0.0210973345748702,5.421312722333939
UGA-single,2001,5,current_account,2006,persistence,-3.18903604186135,2.0431099527211
UGA-single,2001,5,current_account,2006,arima,-3.18903604186135,2.2358867992242444
UGA-single,2001,5,current_account,2006,prophet,-3.18903604186135,2.043066699174862
UGA-single,2001,5,current_account,2006,prophet_graph,-3.18903604186135,2.043066699174862
UGA-single,2001,5,current_account,2006,xgb_blind,-3.18903604186135,2.2358867992242444
UGA-single,2001,5,current_account,2006,xgb_graph,-3.18903604186135,2.2358867992242444
UGA-single,2001,5,current_account,2006,lgbm_blind,-3.18903604186135,2.2358867992242444
UGA-single,2001,5,current_account,2006,lgbm_graph,-3.18903604186135,2.2358867992242444
UGA-single,2001,5,current_account,2006,tft,-3.18903604186135,2.2358867992242444
UGA-single,2001,10,current_account,2011,persistence,-7.48878445953833,2.2566384649558797
UGA-single,2001,10,current_account,2011,arima,-7.48878445953833,2.069856056592971
UGA-single,2001,10,current_account,2011,prophet,-7.48878445953833,2.117641450953972
UGA-single,2001,10,current_account,2011,prophet_graph,-7.48878445953833,2.117641450953972
UGA-single,2001,10,current_account,2011,xgb_blind,-7.48878445953833,2.069856056592971
UGA-single,2001,10,current_account,2011,xgb_graph,-7.48878445953833,2.069856056592971
UGA-single,2001,10,current_account,2011,lgbm_blind,-7.48878445953833,2.069856056592971
UGA-single,2001,10,current_account,2011,lgbm_graph,-7.48878445953833,2.069856056592971
UGA-single,2001,10,current_account,2011,tft,-7.48878445953833,2.069856056592971
UGA-single,2001,1,real_interest_rate,2002,persistence,22.9955928360462,5.6610971611514
UGA-single,2001,1,real_interest_rate,2002,arima,22.9955928360462,9.381807816219707
UGA-single,2001,1,real_interest_rate,2002,prophet,22.9955928360462,1.380334078699022
UGA-single,2001,1,real_interest_rate,2002,prophet_graph,22.9955928360462,1.380334078699022
UGA-single,2001,1,real_interest_rate,2002,xgb_blind,22.9955928360462,9.381807816219707
UGA-single,2001,1,real_interest_rate,2002,xgb_graph,22.9955928360462,9.381807816219707
UGA-single,2001,1,real_interest_rate,2002,lgbm_blind,22.9955928360462,9.381807816219707
UGA-single,2001,1,real_interest_rate,2002,lgbm_graph,22.9955928360462,9.381807816219707
UGA-single,2001,1,real_interest_rate,2002,tft,22.9955928360462,9.381807816219707
UGA-single,2001,3,real_interest_rate,2004,persistence,4.33924393856924,12.99525173632556
UGA-single,2001,3,real_interest_rate,2004,arima,4.33924393856924,10.193762678854872
UGA-single,2001,3,real_interest_rate,2004,prophet,4.33924393856924,21.081220544133462
UGA-single,2001,3,real_interest_rate,2004,prophet_graph,4.33924393856924,21.081220544133462
UGA-single,2001,3,real_interest_rate,2004,xgb_blind,4.33924393856924,10.193762678854872
UGA-single,2001,3,real_interest_rate,2004,xgb_graph,4.33924393856924,10.193762678854872
UGA-single,2001,3,real_interest_rate,2004,lgbm_blind,4.33924393856924,10.193762678854872
UGA-single,2001,3,real_interest_rate,2004,lgbm_graph,4.33924393856924,10.193762678854872
UGA-single,2001,3,real_interest_rate,2004,tft,4.33924393856924,10.193762678854872
UGA-single,2001,5,real_interest_rate,2006,persistence,15.9090043564186,1.4254913184761993
UGA-single,2001,5,real_interest_rate,2006,arima,15.9090043564186,1.0936046484926507
UGA-single,2001,5,real_interest_rate,2006,prophet,15.9090043564186,13.321878462222296
UGA-single,2001,5,real_interest_rate,2006,prophet_graph,15.9090043564186,13.321878462222296
UGA-single,2001,5,real_interest_rate,2006,xgb_blind,15.9090043564186,1.0936046484926507
UGA-single,2001,5,real_interest_rate,2006,xgb_graph,15.9090043564186,1.0936046484926507
UGA-single,2001,5,real_interest_rate,2006,lgbm_blind,15.9090043564186,1.0936046484926507
UGA-single,2001,5,real_interest_rate,2006,lgbm_graph,15.9090043564186,1.0936046484926507
UGA-single,2001,5,real_interest_rate,2006,tft,15.9090043564186,1.0936046484926507
UGA-single,2001,10,real_interest_rate,2011,persistence,11.3734989307615,5.9609967441333005
UGA-single,2001,10,real_interest_rate,2011,arima,11.3734989307615,3.5736746557548944
UGA-single,2001,10,real_interest_rate,2011,prophet,11.3734989307615,27.37561081185087
UGA-single,2001,10,real_interest_rate,2011,prophet_graph,11.3734989307615,27.37561081185087
UGA-single,2001,10,real_interest_rate,2011,xgb_blind,11.3734989307615,3.5736746557548944
UGA-single,2001,10,real_interest_rate,2011,xgb_graph,11.3734989307615,3.5736746557548944
UGA-single,2001,10,real_interest_rate,2011,lgbm_blind,11.3734989307615,3.5736746557548944
UGA-single,2001,10,real_interest_rate,2011,lgbm_graph,11.3734989307615,3.5736746557548944
UGA-single,2001,10,real_interest_rate,2011,tft,11.3734989307615,3.5736746557548944
UGA-single,2001,1,broad_money,2002,persistence,19.0320883711592,2.9406458052517017
UGA-single,2001,1,broad_money,2002,arima,19.0320883711592,2.9513327597999286
UGA-single,2001,1,broad_money,2002,prophet,19.0320883711592,1.344988797859866
UGA-single,2001,1,broad_money,2002,prophet_graph,19.0320883711592,1.344988797859866
UGA-single,2001,1,broad_money,2002,xgb_blind,19.0320883711592,2.9513327597999286
UGA-single,2001,1,broad_money,2002,xgb_graph,19.0320883711592,2.9513327597999286
UGA-single,2001,1,broad_money,2002,lgbm_blind,19.0320883711592,2.9513327597999286
UGA-single,2001,1,broad_money,2002,lgbm_graph,19.0320883711592,2.9513327597999286
UGA-single,2001,1,broad_money,2002,tft,19.0320883711592,2.9513327597999286
UGA-single,2001,3,broad_money,2004,persistence,17.2284785590111,1.137035993103602
UGA-single,2001,3,broad_money,2004,arima,17.2284785590111,1.1545658537557308
UGA-single,2001,3,broad_money,2004,prophet,17.2284785590111,2.0440680632665256
UGA-single,2001,3,broad_money,2004,prophet_graph,17.2284785590111,2.0440680632665256
UGA-single,2001,3,broad_money,2004,xgb_blind,17.2284785590111,1.1545658537557308
UGA-single,2001,3,broad_money,2004,xgb_graph,17.2284785590111,1.1545658537557308
UGA-single,2001,3,broad_money,2004,lgbm_blind,17.2284785590111,1.1545658537557308
UGA-single,2001,3,broad_money,2004,lgbm_graph,17.2284785590111,1.1545658537557308
UGA-single,2001,3,broad_money,2004,tft,17.2284785590111,1.1545658537557308
UGA-single,2001,5,broad_money,2006,persistence,19.9141480378524,3.8227054719449
UGA-single,2001,5,broad_money,2006,arima,19.9141480378524,3.8415816405730006
UGA-single,2001,5,broad_money,2006,prophet,19.9141480378524,0.9460174786760902
UGA-single,2001,5,broad_money,2006,prophet_graph,19.9141480378524,0.9460174786760902
UGA-single,2001,5,broad_money,2006,xgb_blind,19.9141480378524,3.8415816405730006
UGA-single,2001,5,broad_money,2006,xgb_graph,19.9141480378524,3.8415816405730006
UGA-single,2001,5,broad_money,2006,lgbm_blind,19.9141480378524,3.8415816405730006
UGA-single,2001,5,broad_money,2006,lgbm_graph,19.9141480378524,3.8415816405730006
UGA-single,2001,5,broad_money,2006,tft,19.9141480378524,3.8415816405730006
UGA-single,2001,10,broad_money,2011,persistence,16.3928799610343,0.30143739512680057
UGA-single,2001,10,broad_money,2011,arima,16.3928799610343,0.3206376595849001
UGA-single,2001,10,broad_money,2011,prophet,16.3928799610343,8.433075023212496
UGA-single,2001,10,broad_money,2011,prophet_graph,16.3928799610343,8.433075023212496
UGA-single,2001,10,broad_money,2011,xgb_blind,16.3928799610343,0.3206376595849001
UGA-single,2001,10,broad_money,2011,xgb_graph,16.3928799610343,0.3206376595849001
UGA-single,2001,10,broad_money,2011,lgbm_blind,16.3928799610343,0.3206376595849001
UGA-single,2001,10,broad_money,2011,lgbm_graph,16.3928799610343,0.3206376595849001
UGA-single,2001,10,broad_money,2011,tft,16.3928799610343,0.3206376595849001
UGA-single,2001,1,govt_consumption,2002,persistence,16.7924696957705,1.2106248344941992
UGA-single,2001,1,govt_consumption,2002,arima,16.7924696957705,0.7337787023908042
UGA-single,2001,1,govt_consumption,2002,prophet,16.7924696957705,1.043180705319429
UGA-single,2001,1,govt_consumption,2002,prophet_graph,16.7924696957705,1.043180705319429
UGA-single,2001,1,govt_consumption,2002,xgb_blind,16.7924696957705,0.7337787023908042
UGA-single,2001,1,govt_consumption,2002,xgb_graph,16.7924696957705,0.7337787023908042
UGA-single,2001,1,govt_consumption,2002,lgbm_blind,16.7924696957705,0.7337787023908042
UGA-single,2001,1,govt_consumption,2002,lgbm_graph,16.7924696957705,0.7337787023908042
UGA-single,2001,1,govt_consumption,2002,tft,16.7924696957705,0.7337787023908042
UGA-single,2001,3,govt_consumption,2004,persistence,13.8873022739532,1.6945425873231006
UGA-single,2001,3,govt_consumption,2004,arima,13.8873022739532,2.4757987297647794
UGA-single,2001,3,govt_consumption,2004,prophet,13.8873022739532,3.0929776172517585
UGA-single,2001,3,govt_consumption,2004,prophet_graph,13.8873022739532,3.0929776172517585
UGA-single,2001,3,govt_consumption,2004,xgb_blind,13.8873022739532,2.4757987297647794
UGA-single,2001,3,govt_consumption,2004,xgb_graph,13.8873022739532,2.4757987297647794
UGA-single,2001,3,govt_consumption,2004,lgbm_blind,13.8873022739532,2.4757987297647794
UGA-single,2001,3,govt_consumption,2004,lgbm_graph,13.8873022739532,2.4757987297647794
UGA-single,2001,3,govt_consumption,2004,tft,13.8873022739532,2.4757987297647794
UGA-single,2001,5,govt_consumption,2006,persistence,14.1023117957031,1.4795330655732002
UGA-single,2001,5,govt_consumption,2006,arima,14.1023117957031,2.320405423842617
UGA-single,2001,5,govt_consumption,2006,prophet,14.1023117957031,4.110645285160887
UGA-single,2001,5,govt_consumption,2006,prophet_graph,14.1023117957031,4.110645285160887
UGA-single,2001,5,govt_consumption,2006,xgb_blind,14.1023117957031,2.320405423842617
UGA-single,2001,5,govt_consumption,2006,xgb_graph,14.1023117957031,2.320405423842617
UGA-single,2001,5,govt_consumption,2006,lgbm_blind,14.1023117957031,2.320405423842617
UGA-single,2001,5,govt_consumption,2006,lgbm_graph,14.1023117957031,2.320405423842617
UGA-single,2001,5,govt_consumption,2006,tft,14.1023117957031,2.320405423842617
UGA-single,2001,10,govt_consumption,2011,persistence,15.3978037954044,0.1840410658719005
UGA-single,2001,10,govt_consumption,2011,arima,15.3978037954044,1.0391857175528898
UGA-single,2001,10,govt_consumption,2011,prophet,15.3978037954044,5.8943168262494545
UGA-single,2001,10,govt_consumption,2011,prophet_graph,15.3978037954044,5.8943168262494545
UGA-single,2001,10,govt_consumption,2011,xgb_blind,15.3978037954044,1.0391857175528898
UGA-single,2001,10,govt_consumption,2011,xgb_graph,15.3978037954044,1.0391857175528898
UGA-single,2001,10,govt_consumption,2011,lgbm_blind,15.3978037954044,1.0391857175528898
UGA-single,2001,10,govt_consumption,2011,lgbm_graph,15.3978037954044,1.0391857175528898
UGA-single,2001,10,govt_consumption,2011,tft,15.3978037954044,1.0391857175528898
UGA-single,2002,1,gdp_growth,2003,persistence,6.47325867166543,2.259427092735839
UGA-single,2002,1,gdp_growth,2003,arima,6.47325867166543,0.9246171423145313
UGA-single,2002,1,gdp_growth,2003,prophet,6.47325867166543,0.12665485992568382
UGA-single,2002,1,gdp_growth,2003,prophet_graph,6.47325867166543,0.12665485992568382
UGA-single,2002,1,gdp_growth,2003,xgb_blind,6.47325867166543,0.9246171423145313
UGA-single,2002,1,gdp_growth,2003,xgb_graph,6.47325867166543,0.9246171423145313
UGA-single,2002,1,gdp_growth,2003,lgbm_blind,6.47325867166543,0.9246171423145313
UGA-single,2002,1,gdp_growth,2003,lgbm_graph,6.47325867166543,0.9246171423145313
UGA-single,2002,1,gdp_growth,2003,tft,6.47325867166543,0.9246171423145313
UGA-single,2002,3,gdp_growth,2005,persistence,6.33256511623156,2.4001206481697093
UGA-single,2002,3,gdp_growth,2005,arima,6.33256511623156,1.3785242676475882
UGA-single,2002,3,gdp_growth,2005,prophet,6.33256511623156,0.26849361648984527
UGA-single,2002,3,gdp_growth,2005,prophet_graph,6.33256511623156,0.26849361648984527
UGA-single,2002,3,gdp_growth,2005,xgb_blind,6.33256511623156,1.3785242676475882
UGA-single,2002,3,gdp_growth,2005,xgb_graph,6.33256511623156,1.3785242676475882
UGA-single,2002,3,gdp_growth,2005,lgbm_blind,6.33256511623156,1.3785242676475882
UGA-single,2002,3,gdp_growth,2005,lgbm_graph,6.33256511623156,1.3785242676475882
UGA-single,2002,3,gdp_growth,2005,tft,6.33256511623156,1.3785242676475882
UGA-single,2002,5,gdp_growth,2007,persistence,8.41242596551071,0.3202597988905591
UGA-single,2002,5,gdp_growth,2007,arima,8.41242596551071,0.6570306970879729
UGA-single,2002,5,gdp_growth,2007,prophet,8.41242596551071,1.8102235982816257
UGA-single,2002,5,gdp_growth,2007,prophet_graph,8.41242596551071,1.8102235982816257
UGA-single,2002,5,gdp_growth,2007,xgb_blind,8.41242596551071,0.6570306970879729
UGA-single,2002,5,gdp_growth,2007,xgb_graph,8.41242596551071,0.6570306970879729
UGA-single,2002,5,gdp_growth,2007,lgbm_blind,8.41242596551071,0.6570306970879729
UGA-single,2002,5,gdp_growth,2007,lgbm_graph,8.41242596551071,0.6570306970879729
UGA-single,2002,5,gdp_growth,2007,tft,8.41242596551071,0.6570306970879729
UGA-single,2002,10,gdp_growth,2012,persistence,3.83745560605229,4.89523015834898
UGA-single,2002,10,gdp_growth,2012,arima,3.83745560605229,3.9252945455694657
UGA-single,2002,10,gdp_growth,2012,prophet,3.83745560605229,2.767607414068603
UGA-single,2002,10,gdp_growth,2012,prophet_graph,3.83745560605229,2.767607414068603
UGA-single,2002,10,gdp_growth,2012,xgb_blind,3.83745560605229,3.9252945455694657
UGA-single,2002,10,gdp_growth,2012,xgb_graph,3.83745560605229,3.9252945455694657
UGA-single,2002,10,gdp_growth,2012,lgbm_blind,3.83745560605229,3.9252945455694657
UGA-single,2002,10,gdp_growth,2012,lgbm_graph,3.83745560605229,3.9252945455694657
UGA-single,2002,10,gdp_growth,2012,tft,3.83745560605229,3.9252945455694657
UGA-single,2002,1,unemployment,2003,persistence,3.6,0.10000000000000009
UGA-single,2002,1,unemployment,2003,arima,3.6,0.10381333690860517
UGA-single,2002,1,unemployment,2003,prophet,3.6,0.16548904922446894
UGA-single,2002,1,unemployment,2003,prophet_graph,3.6,0.16548904922446894
UGA-single,2002,1,unemployment,2003,xgb_blind,3.6,0.10381333690860517
UGA-single,2002,1,unemployment,2003,xgb_graph,3.6,0.10381333690860517
UGA-single,2002,1,unemployment,2003,lgbm_blind,3.6,0.10381333690860517
UGA-single,2002,1,unemployment,2003,lgbm_graph,3.6,0.10381333690860517
UGA-single,2002,1,unemployment,2003,tft,3.6,0.10381333690860517
UGA-single,2002,3,unemployment,2005,persistence,1.9,1.6
UGA-single,2002,3,unemployment,2005,arima,1.9,1.5954111142704561
UGA-single,2002,3,unemployment,2005,prophet,1.9,1.5402376613755493
UGA-single,2002,3,unemployment,2005,prophet_graph,1.9,1.5402376613755493
UGA-single,2002,3,unemployment,2005,xgb_blind,1.9,1.5954111142704561
UGA-single,2002,3,unemployment,2005,xgb_graph,1.9,1.5954111142704561
UGA-single,2002,3,unemployment,2005,lgbm_blind,1.9,1.5954111142704561
UGA-single,2002,3,unemployment,2005,lgbm_graph,1.9,1.5954111142704561
UGA-single,2002,3,unemployment,2005,tft,1.9,1.5954111142704561
UGA-single,2002,5,unemployment,2007,persistence,2.667,0.8330000000000002
UGA-single,2002,5,unemployment,2007,arima,2.667,0.8283878132932991
UGA-single,2002,5,unemployment,2007,prophet,2.667,0.7789565378981389
UGA-single,2002,5,unemployment,2007,prophet_graph,2.667,0.7789565378981389
UGA-single,2002,5,unemployment,2007,xgb_blind,2.667,0.8283878132932991
UGA-single,2002,5,unemployment,2007,xgb_graph,2.667,0.8283878132932991
UGA-single,2002,5,unemployment,2007,lgbm_blind,2.667,0.8283878132932991
UGA-single,2002,5,unemployment,2007,lgbm_graph,2.667,0.8283878132932991
UGA-single,2002,5,unemployment,2007,tft,2.667,0.8283878132932991
UGA-single,2002,10,unemployment,2012,persistence,3.551,0.051000000000000156
UGA-single,2002,10,unemployment,2012,arima,3.551,0.055612908344644385
UGA-single,2002,10,unemployment,2012,prophet,3.551,0.09073843671795823
UGA-single,2002,10,unemployment,2012,prophet_graph,3.551,0.09073843671795823
UGA-single,2002,10,unemployment,2012,xgb_blind,3.551,0.055612908344644385
UGA-single,2002,10,unemployment,2012,xgb_graph,3.551,0.055612908344644385
UGA-single,2002,10,unemployment,2012,lgbm_blind,3.551,0.055612908344644385
UGA-single,2002,10,unemployment,2012,lgbm_graph,3.551,0.055612908344644385
UGA-single,2002,10,unemployment,2012,tft,3.551,0.055612908344644385
UGA-single,2002,1,exports_gdp,2003,persistence,11.3867248339712,0.1734456678266003
UGA-single,2002,1,exports_gdp,2003,arima,11.3867248339712,0.04356026245013567
UGA-single,2002,1,exports_gdp,2003,prophet,11.3867248339712,1.4369723281385038
UGA-single,2002,1,exports_gdp,2003,prophet_graph,11.3867248339712,1.4369723281385038
UGA-single,2002,1,exports_gdp,2003,xgb_blind,11.3867248339712,0.04356026245013567
UGA-single,2002,1,exports_gdp,2003,xgb_graph,11.3867248339712,0.04356026245013567
UGA-single,2002,1,exports_gdp,2003,lgbm_blind,11.3867248339712,0.04356026245013567
UGA-single,2002,1,exports_gdp,2003,lgbm_graph,11.3867248339712,0.04356026245013567
UGA-single,2002,1,exports_gdp,2003,tft,11.3867248339712,0.04356026245013567
UGA-single,2002,3,exports_gdp,2005,persistence,14.1796999798574,2.9664208137127996
UGA-single,2002,3,exports_gdp,2005,arima,14.1796999798574,2.868297972661189
UGA-single,2002,3,exports_gdp,2005,prophet,14.1796999798574,0.5838242913902789
UGA-single,2002,3,exports_gdp,2005,prophet_graph,14.1796999798574,0.5838242913902789
UGA-single,2002,3,exports_gdp,2005,xgb_blind,14.1796999798574,2.868297972661189
UGA-single,2002,3,exports_gdp,2005,xgb_graph,14.1796999798574,2.868297972661189
UGA-single,2002,3,exports_gdp,2005,lgbm_blind,14.1796999798574,2.868297972661189
UGA-single,2002,3,exports_gdp,2005,lgbm_graph,14.1796999798574,2.868297972661189
UGA-single,2002,3,exports_gdp,2005,tft,14.1796999798574,2.868297972661189
UGA-single,2002,5,exports_gdp,2007,persistence,16.7250685273524,5.511789361207798
UGA-single,2002,5,exports_gdp,2007,arima,16.7250685273524,5.419434137628432
UGA-single,2002,5,exports_gdp,2007,prophet,16.7250685273524,2.3580706443012662
UGA-single,2002,5,exports_gdp,2007,prophet_graph,16.7250685273524,2.3580706443012662
UGA-single,2002,5,exports_gdp,2007,xgb_blind,16.7250685273524,5.419434137628432
UGA-single,2002,5,exports_gdp,2007,xgb_graph,16.7250685273524,5.419434137628432
UGA-single,2002,5,exports_gdp,2007,lgbm_blind,16.7250685273524,5.419434137628432
UGA-single,2002,5,exports_gdp,2007,lgbm_graph,16.7250685273524,5.419434137628432
UGA-single,2002,5,exports_gdp,2007,tft,16.7250685273524,5.419434137628432
UGA-single,2002,10,exports_gdp,2012,persistence,15.4917287700064,4.2784496038618
UGA-single,2002,10,exports_gdp,2012,arima,15.4917287700064,4.187392048571747
UGA-single,2002,10,exports_gdp,2012,prophet,15.4917287700064,0.8041309312781699
UGA-single,2002,10,exports_gdp,2012,prophet_graph,15.4917287700064,0.8041309312781699
UGA-single,2002,10,exports_gdp,2012,xgb_blind,15.4917287700064,4.187392048571747
UGA-single,2002,10,exports_gdp,2012,xgb_graph,15.4917287700064,4.187392048571747
UGA-single,2002,10,exports_gdp,2012,lgbm_blind,15.4917287700064,4.187392048571747
UGA-single,2002,10,exports_gdp,2012,lgbm_graph,15.4917287700064,4.187392048571747
UGA-single,2002,10,exports_gdp,2012,tft,15.4917287700064,4.187392048571747
UGA-single,2002,1,imports_gdp,2003,persistence,25.1990016301556,0.13448664011709965
UGA-single,2002,1,imports_gdp,2003,arima,25.1990016301556,0.292539654063912
UGA-single,2002,1,imports_gdp,2003,prophet,25.1990016301556,1.468847716786449
UGA-single,2002,1,imports_gdp,2003,prophet_graph,25.1990016301556,1.468847716786449
UGA-single,2002,1,imports_gdp,2003,xgb_blind,25.1990016301556,0.292539654063912
UGA-single,2002,1,imports_gdp,2003,xgb_graph,25.1990016301556,0.292539654063912
UGA-single,2002,1,imports_gdp,2003,lgbm_blind,25.1990016301556,0.292539654063912
UGA-single,2002,1,imports_gdp,2003,lgbm_graph,25.1990016301556,0.292539654063912
UGA-single,2002,1,imports_gdp,2003,tft,25.1990016301556,0.292539654063912
UGA-single,2002,3,imports_gdp,2005,persistence,24.8145855040487,0.24992948598979936
UGA-single,2002,3,imports_gdp,2005,arima,24.8145855040487,0.10930292405971542
UGA-single,2002,3,imports_gdp,2005,prophet,24.8145855040487,0.5920873375014644
UGA-single,2002,3,imports_gdp,2005,prophet_graph,24.8145855040487,0.5920873375014644
UGA-single,2002,3,imports_gdp,2005,xgb_blind,24.8145855040487,0.10930292405971542
UGA-single,2002,3,imports_gdp,2005,xgb_graph,24.8145855040487,0.10930292405971542
UGA-single,2002,3,imports_gdp,2005,lgbm_blind,24.8145855040487,0.10930292405971542
UGA-single,2002,3,imports_gdp,2005,lgbm_graph,24.8145855040487,0.10930292405971542
UGA-single,2002,3,imports_gdp,2005,tft,24.8145855040487,0.10930292405971542
UGA-single,2002,5,imports_gdp,2007,persistence,30.0523481249298,4.9878331348913
UGA-single,2002,5,imports_gdp,2007,arima,30.0523481249298,5.128182252864811
UGA-single,2002,5,imports_gdp,2007,prophet,30.0523481249298,5.338179226754647
UGA-single,2002,5,imports_gdp,2007,prophet_graph,30.0523481249298,5.338179226754647
UGA-single,2002,5,imports_gdp,2007,xgb_blind,30.0523481249298,5.128182252864811
UGA-single,2002,5,imports_gdp,2007,xgb_graph,30.0523481249298,5.128182252864811
UGA-single,2002,5,imports_gdp,2007,lgbm_blind,30.0523481249298,5.128182252864811
UGA-single,2002,5,imports_gdp,2007,lgbm_graph,30.0523481249298,5.128182252864811
UGA-single,2002,5,imports_gdp,2007,tft,30.0523481249298,5.128182252864811
UGA-single,2002,10,imports_gdp,2012,persistence,28.010408369725,2.945893379686499
UGA-single,2002,10,imports_gdp,2012,arima,28.010408369725,3.0862380089099517
UGA-single,2002,10,imports_gdp,2012,prophet,28.010408369725,2.066389120929884
UGA-single,2002,10,imports_gdp,2012,prophet_graph,28.010408369725,2.066389120929884
UGA-single,2002,10,imports_gdp,2012,xgb_blind,28.010408369725,3.0862380089099517
UGA-single,2002,10,imports_gdp,2012,xgb_graph,28.010408369725,3.0862380089099517
UGA-single,2002,10,imports_gdp,2012,lgbm_blind,28.010408369725,3.0862380089099517
UGA-single,2002,10,imports_gdp,2012,lgbm_graph,28.010408369725,3.0862380089099517
UGA-single,2002,10,imports_gdp,2012,tft,28.010408369725,3.0862380089099517
UGA-single,2002,1,current_account,2003,persistence,-0.581756161515947,1.878360790658083
UGA-single,2002,1,current_account,2003,arima,-0.581756161515947,2.891197722668954
UGA-single,2002,1,current_account,2003,prophet,-0.581756161515947,3.746397244418775
UGA-single,2002,1,current_account,2003,prophet_graph,-0.581756161515947,3.746397244418775
UGA-single,2002,1,current_account,2003,xgb_blind,-0.581756161515947,2.891197722668954
UGA-single,2002,1,current_account,2003,xgb_graph,-0.581756161515947,2.891197722668954
UGA-single,2002,1,current_account,2003,lgbm_blind,-0.581756161515947,2.891197722668954
UGA-single,2002,1,current_account,2003,lgbm_graph,-0.581756161515947,2.891197722668954
UGA-single,2002,1,current_account,2003,tft,-0.581756161515947,2.891197722668954
UGA-single,2002,3,current_account,2005,persistence,0.579537398767585,3.039654350941615
UGA-single,2002,3,current_account,2005,arima,0.579537398767585,3.8176379247324257
UGA-single,2002,3,current_account,2005,prophet,0.579537398767585,4.7880284648668185
UGA-single,2002,3,current_account,2005,prophet_graph,0.579537398767585,4.7880284648668185
UGA-single,2002,3,current_account,2005,xgb_blind,0.579537398767585,3.8176379247324257
UGA-single,2002,3,current_account,2005,xgb_graph,0.579537398767585,3.8176379247324257
UGA-single,2002,3,current_account,2005,lgbm_blind,0.579537398767585,3.8176379247324257
UGA-single,2002,3,current_account,2005,lgbm_graph,0.579537398767585,3.8176379247324257
UGA-single,2002,3,current_account,2005,tft,0.579537398767585,3.8176379247324257
UGA-single,2002,5,current_account,2007,persistence,-4.72875221684934,2.2686352646753103
UGA-single,2002,5,current_account,2007,arima,-4.72875221684934,1.5220047759405575
UGA-single,2002,5,current_account,2007,prophet,-4.72875221684934,0.6397597938142745
UGA-single,2002,5,current_account,2007,prophet_graph,-4.72875221684934,0.6397597938142745
UGA-single,2002,5,current_account,2007,xgb_blind,-4.72875221684934,1.5220047759405575
UGA-single,2002,5,current_account,2007,xgb_graph,-4.72875221684934,1.5220047759405575
UGA-single,2002,5,current_account,2007,lgbm_blind,-4.72875221684934,1.5220047759405575
UGA-single,2002,5,current_account,2007,lgbm_graph,-4.72875221684934,1.5220047759405575
UGA-single,2002,5,current_account,2007,tft,-4.72875221684934,1.5220047759405575
UGA-single,2002,10,current_account,2012,persistence,-6.0631263873337,3.6030094351596698
UGA-single,2002,10,current_account,2012,arima,-6.0631263873337,2.861240941173269
UGA-single,2002,10,current_account,2012,prophet,-6.0631263873337,2.2730442687303736
UGA-single,2002,10,current_account,2012,prophet_graph,-6.0631263873337,2.2730442687303736
UGA-single,2002,10,current_account,2012,xgb_blind,-6.0631263873337,2.861240941173269
UGA-single,2002,10,current_account,2012,xgb_graph,-6.0631263873337,2.861240941173269
UGA-single,2002,10,current_account,2012,lgbm_blind,-6.0631263873337,2.861240941173269
UGA-single,2002,10,current_account,2012,lgbm_graph,-6.0631263873337,2.861240941173269
UGA-single,2002,10,current_account,2012,tft,-6.0631263873337,2.861240941173269
UGA-single,2002,1,real_interest_rate,2003,persistence,10.3290387321641,12.666554103882099
UGA-single,2002,1,real_interest_rate,2003,arima,10.3290387321641,9.931375097243055
UGA-single,2002,1,real_interest_rate,2003,prophet,10.3290387321641,13.62442181362956
UGA-single,2002,1,real_interest_rate,2003,prophet_graph,10.3290387321641,13.62442181362956
UGA-single,2002,1,real_interest_rate,2003,xgb_blind,10.3290387321641,9.931375097243055
UGA-single,2002,1,real_interest_rate,2003,xgb_graph,10.3290387321641,9.931375097243055
UGA-single,2002,1,real_interest_rate,2003,lgbm_blind,10.3290387321641,9.931375097243055
UGA-single,2002,1,real_interest_rate,2003,lgbm_graph,10.3290387321641,9.931375097243055
UGA-single,2002,1,real_interest_rate,2003,tft,10.3290387321641,9.931375097243055
UGA-single,2002,3,real_interest_rate,2005,persistence,21.7655522885928,1.2300405474533989
UGA-single,2002,3,real_interest_rate,2005,arima,21.7655522885928,0.8221199621886015
UGA-single,2002,3,real_interest_rate,2005,prophet,21.7655522885928,6.093876757309669
UGA-single,2002,3,real_interest_rate,2005,prophet_graph,21.7655522885928,6.093876757309669
UGA-single,2002,3,real_interest_rate,2005,xgb_blind,21.7655522885928,0.8221199621886015
UGA-single,2002,3,real_interest_rate,2005,xgb_graph,21.7655522885928,0.8221199621886015
UGA-single,2002,3,real_interest_rate,2005,lgbm_blind,21.7655522885928,0.8221199621886015
UGA-single,2002,3,real_interest_rate,2005,lgbm_graph,21.7655522885928,0.8221199621886015
UGA-single,2002,3,real_interest_rate,2005,tft,21.7655522885928,0.8221199621886015
UGA-single,2002,5,real_interest_rate,2007,persistence,10.9806235436646,12.0149692923816
UGA-single,2002,5,real_interest_rate,2007,arima,10.9806235436646,10.122250791232094
UGA-single,2002,5,real_interest_rate,2007,prophet,10.9806235436646,20.779430680185108
UGA-single,2002,5,real_interest_rate,2007,prophet_graph,10.9806235436646,20.779430680185108
UGA-single,2002,5,real_interest_rate,2007,xgb_blind,10.9806235436646,10.122250791232094
UGA-single,2002,5,real_interest_rate,2007,xgb_graph,10.9806235436646,10.122250791232094
UGA-single,2002,5,real_interest_rate,2007,lgbm_blind,10.9806235436646,10.122250791232094
UGA-single,2002,5,real_interest_rate,2007,lgbm_graph,10.9806235436646,10.122250791232094
UGA-single,2002,5,real_interest_rate,2007,tft,10.9806235436646,10.122250791232094
UGA-single,2002,10,real_interest_rate,2012,persistence,21.4880791448606,1.5075136911856006
UGA-single,2002,10,real_interest_rate,2012,arima,21.4880791448606,0.33537241546457963
UGA-single,2002,10,real_interest_rate,2012,prophet,21.4880791448606,20.02888134601877
UGA-single,2002,10,real_interest_rate,2012,prophet_graph,21.4880791448606,20.02888134601877
UGA-single,2002,10,real_interest_rate,2012,xgb_blind,21.4880791448606,0.33537241546457963
UGA-single,2002,10,real_interest_rate,2012,xgb_graph,21.4880791448606,0.33537241546457963
UGA-single,2002,10,real_interest_rate,2012,lgbm_blind,21.4880791448606,0.33537241546457963
UGA-single,2002,10,real_interest_rate,2012,lgbm_graph,21.4880791448606,0.33537241546457963
UGA-single,2002,10,real_interest_rate,2012,tft,21.4880791448606,0.33537241546457963
UGA-single,2002,1,broad_money,2003,persistence,19.5539584255384,0.5218700543791996
UGA-single,2002,1,broad_money,2003,arima,19.5539584255384,0.6902368027188075
UGA-single,2002,1,broad_money,2003,prophet,19.5539584255384,0.6588749287543116
UGA-single,2002,1,broad_money,2003,prophet_graph,19.5539584255384,0.6588749287543116
UGA-single,2002,1,broad_money,2003,xgb_blind,19.5539584255384,0.6902368027188075
UGA-single,2002,1,broad_money,2003,xgb_graph,19.5539584255384,0.6902368027188075
UGA-single,2002,1,broad_money,2003,lgbm_blind,19.5539584255384,0.6902368027188075
UGA-single,2002,1,broad_money,2003,lgbm_graph,19.5539584255384,0.6902368027188075
UGA-single,2002,1,broad_money,2003,tft,19.5539584255384,0.6902368027188075
UGA-single,2002,3,broad_money,2005,persistence,19.3229389303276,0.29085055916839764
UGA-single,2002,3,broad_money,2005,arima,19.3229389303276,1.6268138519984987
UGA-single,2002,3,broad_money,2005,prophet,19.3229389303276,1.24886422877616
UGA-single,2002,3,broad_money,2005,prophet_graph,19.3229389303276,1.24886422877616
UGA-single,2002,3,broad_money,2005,xgb_blind,19.3229389303276,1.6268138519984987
UGA-single,2002,3,broad_money,2005,xgb_graph,19.3229389303276,1.6268138519984987
UGA-single,2002,3,broad_money,2005,lgbm_blind,19.3229389303276,1.6268138519984987
UGA-single,2002,3,broad_money,2005,lgbm_graph,19.3229389303276,1.6268138519984987
UGA-single,2002,3,broad_money,2005,tft,19.3229389303276,1.6268138519984987
UGA-single,2002,5,broad_money,2007,persistence,20.8754529821104,1.8433646109511983
UGA-single,2002,5,broad_money,2007,arima,20.8754529821104,0.1941748572151205
UGA-single,2002,5,broad_money,2007,prophet,20.8754529821104,1.3707761051648504
UGA-single,2002,5,broad_money,2007,prophet_graph,20.8754529821104,1.3707761051648504
UGA-single,2002,5,broad_money,2007,xgb_blind,20.8754529821104,0.1941748572151205
UGA-single,2002,5,broad_money,2007,xgb_graph,20.8754529821104,0.1941748572151205
UGA-single,2002,5,broad_money,2007,lgbm_blind,20.8754529821104,0.1941748572151205
UGA-single,2002,5,broad_money,2007,lgbm_graph,20.8754529821104,0.1941748572151205
UGA-single,2002,5,broad_money,2007,tft,20.8754529821104,0.1941748572151205
UGA-single,2002,10,broad_money,2012,persistence,17.5610483784277,1.4710399927315017
UGA-single,2002,10,broad_money,2012,arima,17.5610483784277,3.5328230537411933
UGA-single,2002,10,broad_money,2012,prophet,17.5610483784277,8.873539263424458
UGA-single,2002,10,broad_money,2012,prophet_graph,17.5610483784277,8.873539263424458
UGA-single,2002,10,broad_money,2012,xgb_blind,17.5610483784277,3.5328230537411933
UGA-single,2002,10,broad_money,2012,xgb_graph,17.5610483784277,3.5328230537411933
UGA-single,2002,10,broad_money,2012,lgbm_blind,17.5610483784277,3.5328230537411933
UGA-single,2002,10,broad_money,2012,lgbm_graph,17.5610483784277,3.5328230537411933
UGA-single,2002,10,broad_money,2012,tft,17.5610483784277,3.5328230537411933
UGA-single,2002,1,govt_consumption,2003,persistence,15.7450533454078,1.047416350362699
UGA-single,2002,1,govt_consumption,2003,arima,15.7450533454078,1.6648197567203198
UGA-single,2002,1,govt_consumption,2003,prophet,15.7450533454078,0.9366340441627266
UGA-single,2002,1,govt_consumption,2003,prophet_graph,15.7450533454078,0.9366340441627266
UGA-single,2002,1,govt_consumption,2003,xgb_blind,15.7450533454078,1.6648197567203198
UGA-single,2002,1,govt_consumption,2003,xgb_graph,15.7450533454078,1.6648197567203198
UGA-single,2002,1,govt_consumption,2003,lgbm_blind,15.7450533454078,1.6648197567203198
UGA-single,2002,1,govt_consumption,2003,lgbm_graph,15.7450533454078,1.6648197567203198
UGA-single,2002,1,govt_consumption,2003,tft,15.7450533454078,1.6648197567203198
UGA-single,2002,3,govt_consumption,2005,persistence,14.4927633926747,2.2997063030957996
UGA-single,2002,3,govt_consumption,2005,arima,14.4927633926747,3.392556353112731
UGA-single,2002,3,govt_consumption,2005,prophet,14.4927633926747,3.4893706793073207
UGA-single,2002,3,govt_consumption,2005,prophet_graph,14.4927633926747,3.4893706793073207
UGA-single,2002,3,govt_consumption,2005,xgb_blind,14.4927633926747,3.392556353112731
UGA-single,2002,3,govt_consumption,2005,xgb_graph,14.4927633926747,3.392556353112731
UGA-single,2002,3,govt_consumption,2005,lgbm_blind,14.4927633926747,3.392556353112731
UGA-single,2002,3,govt_consumption,2005,lgbm_graph,14.4927633926747,3.392556353112731
UGA-single,2002,3,govt_consumption,2005,tft,14.4927633926747,3.392556353112731
UGA-single,2002,5,govt_consumption,2007,persistence,12.8930348105775,3.899434885192999
UGA-single,2002,5,govt_consumption,2007,arima,12.8930348105775,5.115942494713263
UGA-single,2002,5,govt_consumption,2007,prophet,12.8930348105775,6.387766946986449
UGA-single,2002,5,govt_consumption,2007,prophet_graph,12.8930348105775,6.387766946986449
UGA-single,2002,5,govt_consumption,2007,xgb_blind,12.8930348105775,5.115942494713263
UGA-single,2002,5,govt_consumption,2007,xgb_graph,12.8930348105775,5.115942494713263
UGA-single,2002,5,govt_consumption,2007,lgbm_blind,12.8930348105775,5.115942494713263
UGA-single,2002,5,govt_consumption,2007,lgbm_graph,12.8930348105775,5.115942494713263
UGA-single,2002,5,govt_consumption,2007,tft,12.8930348105775,5.115942494713263
UGA-single,2002,10,govt_consumption,2012,persistence,7.59446464218355,9.19800505358695
UGA-single,2002,10,govt_consumption,2012,arima,7.59446464218355,10.45648006102434
UGA-single,2002,10,govt_consumption,2012,prophet,7.59446464218355,14.93478532616479
UGA-single,2002,10,govt_consumption,2012,prophet_graph,7.59446464218355,14.93478532616479
UGA-single,2002,10,govt_consumption,2012,xgb_blind,7.59446464218355,10.45648006102434
UGA-single,2002,10,govt_consumption,2012,xgb_graph,7.59446464218355,10.45648006102434
UGA-single,2002,10,govt_consumption,2012,lgbm_blind,7.59446464218355,10.45648006102434
UGA-single,2002,10,govt_consumption,2012,lgbm_graph,7.59446464218355,10.45648006102434
UGA-single,2002,10,govt_consumption,2012,tft,7.59446464218355,10.45648006102434
UGA-single,2003,1,gdp_growth,2004,persistence,6.80723334361883,0.3339746719534
UGA-single,2003,1,gdp_growth,2004,arima,6.80723334361883,0.5715522515456684
UGA-single,2003,1,gdp_growth,2004,prophet,6.80723334361883,0.23993585241482052
UGA-single,2003,1,gdp_growth,2004,prophet_graph,6.80723334361883,0.23993585241482052
UGA-single,2003,1,gdp_growth,2004,xgb_blind,6.80723334361883,0.5715522515456684
UGA-single,2003,1,gdp_growth,2004,xgb_graph,6.80723334361883,0.5715522515456684
UGA-single,2003,1,gdp_growth,2004,lgbm_blind,6.80723334361883,0.5715522515456684
UGA-single,2003,1,gdp_growth,2004,lgbm_graph,6.80723334361883,0.5715522515456684
UGA-single,2003,1,gdp_growth,2004,tft,6.80723334361883,0.5715522515456684
UGA-single,2003,3,gdp_growth,2006,persistence,10.7847443857453,4.31148571407987
UGA-single,2003,3,gdp_growth,2006,arima,10.7847443857453,3.623425465096793
UGA-single,2003,3,gdp_growth,2006,prophet,10.7847443857453,4.222889000899676
UGA-single,2003,3,gdp_growth,2006,prophet_graph,10.7847443857453,4.222889000899676
UGA-single,2003,3,gdp_growth,2006,xgb_blind,10.7847443857453,3.623425465096793
UGA-single,2003,3,gdp_growth,2006,xgb_graph,10.7847443857453,3.623425465096793
UGA-single,2003,3,gdp_growth,2006,lgbm_blind,10.7847443857453,3.623425465096793
UGA-single,2003,3,gdp_growth,2006,lgbm_graph,10.7847443857453,3.623425465096793
UGA-single,2003,3,gdp_growth,2006,tft,10.7847443857453,3.623425465096793
UGA-single,2003,5,gdp_growth,2008,persistence,8.70875190154499,2.235493229879559
UGA-single,2003,5,gdp_growth,2008,arima,8.70875190154499,1.5823629968604385
UGA-single,2003,5,gdp_growth,2008,prophet,8.70875190154499,2.152331178315811
UGA-single,2003,5,gdp_growth,2008,prophet_graph,8.70875190154499,2.152331178315811
UGA-single,2003,5,gdp_growth,2008,xgb_blind,8.70875190154499,1.5823629968604385
UGA-single,2003,5,gdp_growth,2008,xgb_graph,8.70875190154499,1.5823629968604385
UGA-single,2003,5,gdp_growth,2008,lgbm_blind,8.70875190154499,1.5823629968604385
UGA-single,2003,5,gdp_growth,2008,lgbm_graph,8.70875190154499,1.5823629968604385
UGA-single,2003,5,gdp_growth,2008,tft,8.70875190154499,1.5823629968604385
UGA-single,2003,10,gdp_growth,2013,persistence,3.58690582623025,2.8863528454351806
UGA-single,2003,10,gdp_growth,2013,arima,3.58690582623025,3.5327297952208707
UGA-single,2003,10,gdp_growth,2013,prophet,3.58690582623025,2.955913353473932
UGA-single,2003,10,gdp_growth,2013,prophet_graph,3.58690582623025,2.955913353473932
UGA-single,2003,10,gdp_growth,2013,xgb_blind,3.58690582623025,3.5327297952208707
UGA-single,2003,10,gdp_growth,2013,xgb_graph,3.58690582623025,3.5327297952208707
UGA-single,2003,10,gdp_growth,2013,lgbm_blind,3.58690582623025,3.5327297952208707
UGA-single,2003,10,gdp_growth,2013,lgbm_graph,3.58690582623025,3.5327297952208707
UGA-single,2003,10,gdp_growth,2013,tft,3.58690582623025,3.5327297952208707
UGA-single,2003,1,unemployment,2004,persistence,2.699,0.9010000000000002
UGA-single,2003,1,unemployment,2004,arima,2.699,0.9168572054118864
UGA-single,2003,1,unemployment,2004,prophet,2.699,0.8989796306698525
UGA-single,2003,1,unemployment,2004,prophet_graph,2.699,0.8989796306698525
UGA-single,2003,1,unemployment,2004,xgb_blind,2.699,0.9168572054118864
UGA-single,2003,1,unemployment,2004,xgb_graph,2.699,0.9168572054118864
UGA-single,2003,1,unemployment,2004,lgbm_blind,2.699,0.9168572054118864
UGA-single,2003,1,unemployment,2004,lgbm_graph,2.699,0.9168572054118864
UGA-single,2003,1,unemployment,2004,tft,2.699,0.9168572054118864
UGA-single,2003,3,unemployment,2006,persistence,2.264,1.3360000000000003
UGA-single,2003,3,unemployment,2006,arima,2.264,1.3547704460045176
UGA-single,2003,3,unemployment,2006,prophet,2.264,1.4040321581421424
UGA-single,2003,3,unemployment,2006,prophet_graph,2.264,1.4040321581421424
UGA-single,2003,3,unemployment,2006,xgb_blind,2.264,1.3547704460045176
UGA-single,2003,3,unemployment,2006,xgb_graph,2.264,1.3547704460045176
UGA-single,2003,3,unemployment,2006,lgbm_blind,2.264,1.3547704460045176
UGA-single,2003,3,unemployment,2006,lgbm_graph,2.264,1.3547704460045176
UGA-single,2003,3,unemployment,2006,tft,2.264,1.3547704460045176
UGA-single,2003,5,unemployment,2008,persistence,3.035,0.565
UGA-single,2003,5,unemployment,2008,arima,3.035,0.5838436997199024
UGA-single,2003,5,unemployment,2008,prophet,3.035,0.702988854523499
UGA-single,2003,5,unemployment,2008,prophet_graph,3.035,0.702988854523499
UGA-single,2003,5,unemployment,2008,xgb_blind,3.035,0.5838436997199024
UGA-single,2003,5,unemployment,2008,xgb_graph,3.035,0.5838436997199024
UGA-single,2003,5,unemployment,2008,lgbm_blind,3.035,0.5838436997199024
UGA-single,2003,5,unemployment,2008,lgbm_graph,3.035,0.5838436997199024
UGA-single,2003,5,unemployment,2008,tft,3.035,0.5838436997199024
UGA-single,2003,10,unemployment,2013,persistence,1.91,1.6900000000000002
UGA-single,2003,10,unemployment,2013,arima,1.91,1.7088455890134224
UGA-single,2003,10,unemployment,2013,prophet,1.91,2.003072257658757
UGA-single,2003,10,unemployment,2013,prophet_graph,1.91,2.003072257658757
UGA-single,2003,10,unemployment,2013,xgb_blind,1.91,1.7088455890134224
UGA-single,2003,10,unemployment,2013,xgb_graph,1.91,1.7088455890134224
UGA-single,2003,10,unemployment,2013,lgbm_blind,1.91,1.7088455890134224
UGA-single,2003,10,unemployment,2013,lgbm_graph,1.91,1.7088455890134224
UGA-single,2003,10,unemployment,2013,tft,1.91,1.7088455890134224
UGA-single,2003,1,exports_gdp,2004,persistence,12.6968807487592,1.310155914788
UGA-single,2003,1,exports_gdp,2004,arima,12.6968807487592,1.384527038287228
UGA-single,2003,1,exports_gdp,2004,prophet,12.6968807487592,0.11682655781388007
UGA-single,2003,1,exports_gdp,2004,prophet_graph,12.6968807487592,0.11682655781388007
UGA-single,2003,1,exports_gdp,2004,xgb_blind,12.6968807487592,1.384527038287228
UGA-single,2003,1,exports_gdp,2004,xgb_graph,12.6968807487592,1.384527038287228
UGA-single,2003,1,exports_gdp,2004,lgbm_blind,12.6968807487592,1.384527038287228
UGA-single,2003,1,exports_gdp,2004,lgbm_graph,12.6968807487592,1.384527038287228
UGA-single,2003,1,exports_gdp,2004,tft,12.6968807487592,1.384527038287228
UGA-single,2003,3,exports_gdp,2006,persistence,15.2754133833713,3.888688549400099
UGA-single,2003,3,exports_gdp,2006,arima,15.2754133833713,3.944844057238326
UGA-single,2003,3,exports_gdp,2006,prophet,15.2754133833713,1.7686954099924321
UGA-single,2003,3,exports_gdp,2006,prophet_graph,15.2754133833713,1.7686954099924321
UGA-single,2003,3,exports_gdp,2006,xgb_blind,15.2754133833713,3.944844057238326
UGA-single,2003,3,exports_gdp,2006,xgb_graph,15.2754133833713,3.944844057238326
UGA-single,2003,3,exports_gdp,2006,lgbm_blind,15.2754133833713,3.944844057238326
UGA-single,2003,3,exports_gdp,2006,lgbm_graph,15.2754133833713,3.944844057238326
UGA-single,2003,3,exports_gdp,2006,tft,15.2754133833713,3.944844057238326
UGA-single,2003,5,exports_gdp,2008,persistence,24.2801423442251,12.8934175102539
UGA-single,2003,5,exports_gdp,2008,arima,24.2801423442251,12.946223937294814
UGA-single,2003,5,exports_gdp,2008,prophet,24.2801423442251,10.081361735048384
UGA-single,2003,5,exports_gdp,2008,prophet_graph,24.2801423442251,10.081361735048384
UGA-single,2003,5,exports_gdp,2008,xgb_blind,24.2801423442251,12.946223937294814
UGA-single,2003,5,exports_gdp,2008,xgb_graph,24.2801423442251,12.946223937294814
UGA-single,2003,5,exports_gdp,2008,lgbm_blind,24.2801423442251,12.946223937294814
UGA-single,2003,5,exports_gdp,2008,lgbm_graph,24.2801423442251,12.946223937294814
UGA-single,2003,5,exports_gdp,2008,tft,24.2801423442251,12.946223937294814
UGA-single,2003,10,exports_gdp,2013,persistence,16.5130356713113,5.1263108373401
UGA-single,2003,10,exports_gdp,2013,arima,16.5130356713113,5.178351859529922
UGA-single,2003,10,exports_gdp,2013,prophet,16.5130356713113,0.5822024106240793
UGA-single,2003,10,exports_gdp,2013,prophet_graph,16.5130356713113,0.5822024106240793
UGA-single,2003,10,exports_gdp,2013,xgb_blind,16.5130356713113,5.178351859529922
UGA-single,2003,10,exports_gdp,2013,xgb_graph,16.5130356713113,5.178351859529922
UGA-single,2003,10,exports_gdp,2013,lgbm_blind,16.5130356713113,5.178351859529922
UGA-single,2003,10,exports_gdp,2013,lgbm_graph,16.5130356713113,5.178351859529922
UGA-single,2003,10,exports_gdp,2013,tft,16.5130356713113,5.178351859529922
UGA-single,2003,1,imports_gdp,2004,persistence,22.7632054968845,2.4357961332711007
UGA-single,2003,1,imports_gdp,2004,arima,22.7632054968845,2.4195401149946285
UGA-single,2003,1,imports_gdp,2004,prophet,22.7632054968845,1.630521767553585
UGA-single,2003,1,imports_gdp,2004,prophet_graph,22.7632054968845,1.630521767553585
UGA-single,2003,1,imports_gdp,2004,xgb_blind,22.7632054968845,2.4195401149946285
UGA-single,2003,1,imports_gdp,2004,xgb_graph,22.7632054968845,2.4195401149946285
UGA-single,2003,1,imports_gdp,2004,lgbm_blind,22.7632054968845,2.4195401149946285
UGA-single,2003,1,imports_gdp,2004,lgbm_graph,22.7632054968845,2.4195401149946285
UGA-single,2003,1,imports_gdp,2004,tft,22.7632054968845,2.4195401149946285
UGA-single,2003,3,imports_gdp,2006,persistence,28.3578724062492,3.1588707760936003
UGA-single,2003,3,imports_gdp,2006,arima,28.3578724062492,3.173399366015076
UGA-single,2003,3,imports_gdp,2006,prophet,28.3578724062492,3.3870328442952236
UGA-single,2003,3,imports_gdp,2006,prophet_graph,28.3578724062492,3.3870328442952236
UGA-single,2003,3,imports_gdp,2006,xgb_blind,28.3578724062492,3.173399366015076
UGA-single,2003,3,imports_gdp,2006,xgb_graph,28.3578724062492,3.173399366015076
UGA-single,2003,3,imports_gdp,2006,lgbm_blind,28.3578724062492,3.173399366015076
UGA-single,2003,3,imports_gdp,2006,lgbm_graph,28.3578724062492,3.173399366015076
UGA-single,2003,3,imports_gdp,2006,tft,28.3578724062492,3.173399366015076
UGA-single,2003,5,imports_gdp,2008,persistence,31.9781258608383,6.779124230682701
UGA-single,2003,5,imports_gdp,2008,arima,31.9781258608383,6.793627581722106
UGA-single,2003,5,imports_gdp,2008,prophet,31.9781258608383,6.430963484675566
UGA-single,2003,5,imports_gdp,2008,prophet_graph,31.9781258608383,6.430963484675566
UGA-single,2003,5,imports_gdp,2008,xgb_blind,31.9781258608383,6.793627581722106
UGA-single,2003,5,imports_gdp,2008,xgb_graph,31.9781258608383,6.793627581722106
UGA-single,2003,5,imports_gdp,2008,lgbm_blind,31.9781258608383,6.793627581722106
UGA-single,2003,5,imports_gdp,2008,lgbm_graph,31.9781258608383,6.793627581722106
UGA-single,2003,5,imports_gdp,2008,tft,31.9781258608383,6.793627581722106
UGA-single,2003,10,imports_gdp,2013,persistence,26.5961192021574,1.3971175720018003
UGA-single,2003,10,imports_gdp,2013,arima,26.5961192021574,1.4116205488069546
UGA-single,2003,10,imports_gdp,2013,prophet,26.5961192021574,0.39342917614149187
UGA-single,2003,10,imports_gdp,2013,prophet_graph,26.5961192021574,0.39342917614149187
UGA-single,2003,10,imports_gdp,2013,xgb_blind,26.5961192021574,1.4116205488069546
UGA-single,2003,10,imports_gdp,2013,xgb_graph,26.5961192021574,1.4116205488069546
UGA-single,2003,10,imports_gdp,2013,lgbm_blind,26.5961192021574,1.4116205488069546
UGA-single,2003,10,imports_gdp,2013,lgbm_graph,26.5961192021574,1.4116205488069546
UGA-single,2003,10,imports_gdp,2013,tft,26.5961192021574,1.4116205488069546
UGA-single,2003,1,current_account,2004,persistence,-0.0210973345748702,0.5606588269410768
UGA-single,2003,1,current_account,2004,arima,-0.0210973345748702,0.5868813958397525
UGA-single,2003,1,current_account,2004,prophet,-0.0210973345748702,3.175605213567468
UGA-single,2003,1,current_account,2004,prophet_graph,-0.0210973345748702,3.175605213567468
UGA-single,2003,1,current_account,2004,xgb_blind,-0.0210973345748702,0.5868813958397525
UGA-single,2003,1,current_account,2004,xgb_graph,-0.0210973345748702,0.5868813958397525
UGA-single,2003,1,current_account,2004,lgbm_blind,-0.0210973345748702,0.5868813958397525
UGA-single,2003,1,current_account,2004,lgbm_graph,-0.0210973345748702,0.5868813958397525
UGA-single,2003,1,current_account,2004,tft,-0.0210973345748702,0.5868813958397525
UGA-single,2003,3,current_account,2006,persistence,-3.18903604186135,2.607279880345403
UGA-single,2003,3,current_account,2006,arima,-3.18903604186135,2.5814182770639245
UGA-single,2003,3,current_account,2006,prophet,-3.18903604186135,0.3262505717961868
UGA-single,2003,3,current_account,2006,prophet_graph,-3.18903604186135,0.3262505717961868
UGA-single,2003,3,current_account,2006,xgb_blind,-3.18903604186135,2.5814182770639245
UGA-single,2003,3,current_account,2006,xgb_graph,-3.18903604186135,2.5814182770639245
UGA-single,2003,3,current_account,2006,lgbm_blind,-3.18903604186135,2.5814182770639245
UGA-single,2003,3,current_account,2006,lgbm_graph,-3.18903604186135,2.5814182770639245
UGA-single,2003,3,current_account,2006,tft,-3.18903604186135,2.5814182770639245
UGA-single,2003,5,current_account,2008,persistence,-8.47510327903427,7.893347117518323
UGA-single,2003,5,current_account,2008,arima,-8.47510327903427,7.867485584585901
UGA-single,2003,5,current_account,2008,prophet,-8.47510327903427,5.9457780921378305
UGA-single,2003,5,current_account,2008,prophet_graph,-8.47510327903427,5.9457780921378305
UGA-single,2003,5,current_account,2008,xgb_blind,-8.47510327903427,7.867485584585901
UGA-single,2003,5,current_account,2008,xgb_graph,-8.47510327903427,7.867485584585901
UGA-single,2003,5,current_account,2008,lgbm_blind,-8.47510327903427,7.867485584585901
UGA-single,2003,5,current_account,2008,lgbm_graph,-8.47510327903427,7.867485584585901
UGA-single,2003,5,current_account,2008,tft,-8.47510327903427,7.867485584585901
UGA-single,2003,10,current_account,2013,persistence,-6.05719389968621,5.475437738170263
UGA-single,2003,10,current_account,2013,arima,-6.05719389968621,5.449576205251554
UGA-single,2003,10,current_account,2013,prophet,-6.05719389968621,4.362433010528481
UGA-single,2003,10,current_account,2013,prophet_graph,-6.05719389968621,4.362433010528481
UGA-single,2003,10,current_account,2013,xgb_blind,-6.05719389968621,5.449576205251554
UGA-single,2003,10,current_account,2013,xgb_graph,-6.05719389968621,5.449576205251554
UGA-single,2003,10,current_account,2013,lgbm_blind,-6.05719389968621,5.449576205251554
UGA-single,2003,10,current_account,2013,lgbm_graph,-6.05719389968621,5.449576205251554
UGA-single,2003,10,current_account,2013,tft,-6.05719389968621,5.449576205251554
UGA-single,2003,1,real_interest_rate,2004,persistence,4.33924393856924,5.989794793594861
UGA-single,2003,1,real_interest_rate,2004,arima,4.33924393856924,12.837901624101637
UGA-single,2003,1,real_interest_rate,2004,prophet,4.33924393856924,17.72956260836317
UGA-single,2003,1,real_interest_rate,2004,prophet_graph,4.33924393856924,17.72956260836317
UGA-single,2003,1,real_interest_rate,2004,xgb_blind,4.33924393856924,12.837901624101637
UGA-single,2003,1,real_interest_rate,2004,xgb_graph,4.33924393856924,12.837901624101637
UGA-single,2003,1,real_interest_rate,2004,lgbm_blind,4.33924393856924,12.837901624101637
UGA-single,2003,1,real_interest_rate,2004,lgbm_graph,4.33924393856924,12.837901624101637
UGA-single,2003,1,real_interest_rate,2004,tft,4.33924393856924,12.837901624101637
UGA-single,2003,3,real_interest_rate,2006,persistence,15.9090043564186,5.5799656242545
UGA-single,2003,3,real_interest_rate,2006,arima,15.9090043564186,0.43257242080276725
UGA-single,2003,3,real_interest_rate,2006,prophet,15.9090043564186,9.292589185871249
UGA-single,2003,3,real_interest_rate,2006,prophet_graph,15.9090043564186,9.292589185871249
UGA-single,2003,3,real_interest_rate,2006,xgb_blind,15.9090043564186,0.43257242080276725
UGA-single,2003,3,real_interest_rate,2006,xgb_graph,15.9090043564186,0.43257242080276725
UGA-single,2003,3,real_interest_rate,2006,lgbm_blind,15.9090043564186,0.43257242080276725
UGA-single,2003,3,real_interest_rate,2006,lgbm_graph,15.9090043564186,0.43257242080276725
UGA-single,2003,3,real_interest_rate,2006,tft,15.9090043564186,0.43257242080276725
UGA-single,2003,5,real_interest_rate,2008,persistence,13.2429702962502,2.9139315640860985
UGA-single,2003,5,real_interest_rate,2008,arima,13.2429702962502,1.7363484568699903
UGA-single,2003,5,real_interest_rate,2008,prophet,13.2429702962502,15.08712462307238
UGA-single,2003,5,real_interest_rate,2008,prophet_graph,13.2429702962502,15.08712462307238
UGA-single,2003,5,real_interest_rate,2008,xgb_blind,13.2429702962502,1.7363484568699903
UGA-single,2003,5,real_interest_rate,2008,xgb_graph,13.2429702962502,1.7363484568699903
UGA-single,2003,5,real_interest_rate,2008,lgbm_blind,13.2429702962502,1.7363484568699903
UGA-single,2003,5,real_interest_rate,2008,lgbm_graph,13.2429702962502,1.7363484568699903
UGA-single,2003,5,real_interest_rate,2008,tft,13.2429702962502,1.7363484568699903
UGA-single,2003,10,real_interest_rate,2013,persistence,19.0146300185037,8.685591286339598
UGA-single,2003,10,real_interest_rate,2013,arima,19.0146300185037,4.250113762687134
UGA-single,2003,10,real_interest_rate,2013,prophet,19.0146300185037,17.145289580050115
UGA-single,2003,10,real_interest_rate,2013,prophet_graph,19.0146300185037,17.145289580050115
UGA-single,2003,10,real_interest_rate,2013,xgb_blind,19.0146300185037,4.250113762687134
UGA-single,2003,10,real_interest_rate,2013,xgb_graph,19.0146300185037,4.250113762687134
UGA-single,2003,10,real_interest_rate,2013,lgbm_blind,19.0146300185037,4.250113762687134
UGA-single,2003,10,real_interest_rate,2013,lgbm_graph,19.0146300185037,4.250113762687134
UGA-single,2003,10,real_interest_rate,2013,tft,19.0146300185037,4.250113762687134
UGA-single,2003,1,broad_money,2004,persistence,17.2284785590111,2.3254798665272993
UGA-single,2003,1,broad_money,2004,arima,17.2284785590111,2.493335643218309
UGA-single,2003,1,broad_money,2004,prophet,17.2284785590111,2.687697568213011
UGA-single,2003,1,broad_money,2004,prophet_graph,17.2284785590111,2.687697568213011
UGA-single,2003,1,broad_money,2004,xgb_blind,17.2284785590111,2.493335643218309
UGA-single,2003,1,broad_money,2004,xgb_graph,17.2284785590111,2.493335643218309
UGA-single,2003,1,broad_money,2004,lgbm_blind,17.2284785590111,2.493335643218309
UGA-single,2003,1,broad_money,2004,lgbm_graph,17.2284785590111,2.493335643218309
UGA-single,2003,1,broad_money,2004,tft,17.2284785590111,2.493335643218309
UGA-single,2003,3,broad_money,2006,persistence,19.9141480378524,0.3601896123139987
UGA-single,2003,3,broad_money,2006,arima,19.9141480378524,0.12097885037825051
UGA-single,2003,3,broad_money,2006,prophet,19.9141480378524,1.7154589979222372
UGA-single,2003,3,broad_money,2006,prophet_graph,19.9141480378524,1.7154589979222372
UGA-single,2003,3,broad_money,2006,xgb_blind,19.9141480378524,0.12097885037825051
UGA-single,2003,3,broad_money,2006,xgb_graph,19.9141480378524,0.12097885037825051
UGA-single,2003,3,broad_money,2006,lgbm_blind,19.9141480378524,0.12097885037825051
UGA-single,2003,3,broad_money,2006,lgbm_graph,19.9141480378524,0.12097885037825051
UGA-single,2003,3,broad_money,2006,tft,19.9141480378524,0.12097885037825051
UGA-single,2003,5,broad_money,2008,persistence,23.6176766205558,4.063718195017401
UGA-single,2003,5,broad_money,2008,arima,23.6176766205558,3.8171254652185986
UGA-single,2003,5,broad_money,2008,prophet,23.6176766205558,0.27698263096189635
UGA-single,2003,5,broad_money,2008,prophet_graph,23.6176766205558,0.27698263096189635
UGA-single,2003,5,broad_money,2008,xgb_blind,23.6176766205558,3.8171254652185986
UGA-single,2003,5,broad_money,2008,xgb_graph,23.6176766205558,3.8171254652185986
UGA-single,2003,5,broad_money,2008,lgbm_blind,23.6176766205558,3.8171254652185986
UGA-single,2003,5,broad_money,2008,lgbm_graph,23.6176766205558,3.8171254652185986
UGA-single,2003,5,broad_money,2008,tft,23.6176766205558,3.8171254652185986
UGA-single,2003,10,broad_money,2013,persistence,17.9866884362961,1.5672699892423019
UGA-single,2003,10,broad_money,2013,arima,17.9866884362961,1.8147116059616195
UGA-single,2003,10,broad_money,2013,prophet,17.9866884362961,9.636410847308493
UGA-single,2003,10,broad_money,2013,prophet_graph,17.9866884362961,9.636410847308493
UGA-single,2003,10,broad_money,2013,xgb_blind,17.9866884362961,1.8147116059616195
UGA-single,2003,10,broad_money,2013,xgb_graph,17.9866884362961,1.8147116059616195
UGA-single,2003,10,broad_money,2013,lgbm_blind,17.9866884362961,1.8147116059616195
UGA-single,2003,10,broad_money,2013,lgbm_graph,17.9866884362961,1.8147116059616195
UGA-single,2003,10,broad_money,2013,tft,17.9866884362961,1.8147116059616195
UGA-single,2003,1,govt_consumption,2004,persistence,13.8873022739532,1.8577510714546008
UGA-single,2003,1,govt_consumption,2004,arima,13.8873022739532,1.4864390138177974
UGA-single,2003,1,govt_consumption,2004,prophet,13.8873022739532,3.164178004805656
UGA-single,2003,1,govt_consumption,2004,prophet_graph,13.8873022739532,3.164178004805656
UGA-single,2003,1,govt_consumption,2004,xgb_blind,13.8873022739532,1.4864390138177974
UGA-single,2003,1,govt_consumption,2004,xgb_graph,13.8873022739532,1.4864390138177974
UGA-single,2003,1,govt_consumption,2004,lgbm_blind,13.8873022739532,1.4864390138177974
UGA-single,2003,1,govt_consumption,2004,lgbm_graph,13.8873022739532,1.4864390138177974
UGA-single,2003,1,govt_consumption,2004,tft,13.8873022739532,1.4864390138177974
UGA-single,2003,3,govt_consumption,2006,persistence,14.1023117957031,1.6427415497047004
UGA-single,2003,3,govt_consumption,2006,arima,14.1023117957031,1.0931346943509546
UGA-single,2003,3,govt_consumption,2006,prophet,14.1023117957031,4.192218494481461
UGA-single,2003,3,govt_consumption,2006,prophet_graph,14.1023117957031,4.192218494481461
UGA-single,2003,3,govt_consumption,2006,xgb_blind,14.1023117957031,1.0931346943509546
UGA-single,2003,3,govt_consumption,2006,xgb_graph,14.1023117957031,1.0931346943509546
UGA-single,2003,3,govt_consumption,2006,lgbm_blind,14.1023117957031,1.0931346943509546
UGA-single,2003,3,govt_consumption,2006,lgbm_graph,14.1023117957031,1.0931346943509546
UGA-single,2003,3,govt_consumption,2006,tft,14.1023117957031,1.0931346943509546
UGA-single,2003,5,govt_consumption,2008,persistence,11.2108868131021,4.534166532305701
UGA-single,2003,5,govt_consumption,2008,arima,11.2108868131021,3.9621529677370813
UGA-single,2003,5,govt_consumption,2008,prophet,11.2108868131021,8.324993009696374
UGA-single,2003,5,govt_consumption,2008,prophet_graph,11.2108868131021,8.324993009696374
UGA-single,2003,5,govt_consumption,2008,xgb_blind,11.2108868131021,3.9621529677370813
UGA-single,2003,5,govt_consumption,2008,xgb_graph,11.2108868131021,3.9621529677370813
UGA-single,2003,5,govt_consumption,2008,lgbm_blind,11.2108868131021,3.9621529677370813
UGA-single,2003,5,govt_consumption,2008,lgbm_graph,11.2108868131021,3.9621529677370813
UGA-single,2003,5,govt_consumption,2008,tft,11.2108868131021,3.9621529677370813
UGA-single,2003,10,govt_consumption,2013,persistence,7.09808347224892,8.64696987315888
UGA-single,2003,10,govt_consumption,2013,arima,7.09808347224892,8.071753692774056
UGA-single,2003,10,govt_consumption,2013,prophet,7.09808347224892,15.544571139707926
UGA-single,2003,10,govt_consumption,2013,prophet_graph,7.09808347224892,15.544571139707926
UGA-single,2003,10,govt_consumption,2013,xgb_blind,7.09808347224892,8.071753692774056
UGA-single,2003,10,govt_consumption,2013,xgb_graph,7.09808347224892,8.071753692774056
UGA-single,2003,10,govt_consumption,2013,lgbm_blind,7.09808347224892,8.071753692774056
UGA-single,2003,10,govt_consumption,2013,lgbm_graph,7.09808347224892,8.071753692774056
UGA-single,2003,10,govt_consumption,2013,tft,7.09808347224892,8.071753692774056
UGA-single,2004,1,gdp_growth,2005,persistence,6.33256511623156,0.4746682273872702
UGA-single,2004,1,gdp_growth,2005,arima,6.33256511623156,0.3430740365303455
UGA-single,2004,1,gdp_growth,2005,prophet,6.33256511623156,0.30329467290280476
UGA-single,2004,1,gdp_growth,2005,prophet_graph,6.33256511623156,0.30329467290280476
UGA-single,2004,1,gdp_growth,2005,xgb_blind,6.33256511623156,0.3430740365303455
UGA-single,2004,1,gdp_growth,2005,xgb_graph,6.33256511623156,0.3430740365303455
UGA-single,2004,1,gdp_growth,2005,lgbm_blind,6.33256511623156,0.3430740365303455
UGA-single,2004,1,gdp_growth,2005,lgbm_graph,6.33256511623156,0.3430740365303455
UGA-single,2004,1,gdp_growth,2005,tft,6.33256511623156,0.3430740365303455
UGA-single,2004,3,gdp_growth,2007,persistence,8.41242596551071,1.60519262189188
UGA-single,2004,3,gdp_growth,2007,arima,8.41242596551071,1.7053661749667013
UGA-single,2004,3,gdp_growth,2007,prophet,8.41242596551071,1.7697999069235824
UGA-single,2004,3,gdp_growth,2007,prophet_graph,8.41242596551071,1.7697999069235824
UGA-single,2004,3,gdp_growth,2007,xgb_blind,8.41242596551071,1.7053661749667013
UGA-single,2004,3,gdp_growth,2007,xgb_graph,8.41242596551071,1.7053661749667013
UGA-single,2004,3,gdp_growth,2007,lgbm_blind,8.41242596551071,1.7053661749667013
UGA-single,2004,3,gdp_growth,2007,lgbm_graph,8.41242596551071,1.7053661749667013
UGA-single,2004,3,gdp_growth,2007,tft,8.41242596551071,1.7053661749667013
UGA-single,2004,5,gdp_growth,2009,persistence,6.80151734860395,0.005715995014880626
UGA-single,2004,5,gdp_growth,2009,arima,6.80151734860395,0.08957933821736841
UGA-single,2004,5,gdp_growth,2009,prophet,6.80151734860395,0.15211575170179437
UGA-single,2004,5,gdp_growth,2009,prophet_graph,6.80151734860395,0.15211575170179437
UGA-single,2004,5,gdp_growth,2009,xgb_blind,6.80151734860395,0.08957933821736841
UGA-single,2004,5,gdp_growth,2009,xgb_graph,6.80151734860395,0.08957933821736841
UGA-single,2004,5,gdp_growth,2009,lgbm_blind,6.80151734860395,0.08957933821736841
UGA-single,2004,5,gdp_growth,2009,lgbm_graph,6.80151734860395,0.08957933821736841
UGA-single,2004,5,gdp_growth,2009,tft,6.80151734860395,0.08957933821736841
UGA-single,2004,10,gdp_growth,2014,persistence,5.10630732539796,1.70092601822087
UGA-single,2004,10,gdp_growth,2014,arima,5.10630732539796,1.6065357662294488
UGA-single,2004,10,gdp_growth,2014,prophet,5.10630732539796,1.560019213998367
UGA-single,2004,10,gdp_growth,2014,prophet_graph,5.10630732539796,1.560019213998367
UGA-single,2004,10,gdp_growth,2014,xgb_blind,5.10630732539796,1.6065357662294488
UGA-single,2004,10,gdp_growth,2014,xgb_graph,5.10630732539796,1.6065357662294488
UGA-single,2004,10,gdp_growth,2014,lgbm_blind,5.10630732539796,1.6065357662294488
UGA-single,2004,10,gdp_growth,2014,lgbm_graph,5.10630732539796,1.6065357662294488
UGA-single,2004,10,gdp_growth,2014,tft,5.10630732539796,1.6065357662294488
UGA-single,2004,1,unemployment,2005,persistence,1.9,0.7989999999999999
UGA-single,2004,1,unemployment,2005,arima,1.9,1.0623470135951476
UGA-single,2004,1,unemployment,2005,prophet,1.9,1.3816186902572571
UGA-single,2004,1,unemployment,2005,prophet_graph,1.9,1.3816186902572571
UGA-single,2004,1,unemployment,2005,xgb_blind,1.9,1.0623470135951476
UGA-single,2004,1,unemployment,2005,xgb_graph,1.9,1.0623470135951476
UGA-single,2004,1,unemployment,2005,lgbm_blind,1.9,1.0623470135951476
UGA-single,2004,1,unemployment,2005,lgbm_graph,1.9,1.0623470135951476
UGA-single,2004,1,unemployment,2005,tft,1.9,1.0623470135951476
UGA-single,2004,3,unemployment,2007,persistence,2.667,0.03200000000000003
UGA-single,2004,3,unemployment,2007,arima,2.667,0.24087271945152944
UGA-single,2004,3,unemployment,2007,prophet,2.667,0.5900399869801776
UGA-single,2004,3,unemployment,2007,prophet_graph,2.667,0.5900399869801776
UGA-single,2004,3,unemployment,2007,xgb_blind,2.667,0.24087271945152944
UGA-single,2004,3,unemployment,2007,xgb_graph,2.667,0.24087271945152944
UGA-single,2004,3,unemployment,2007,lgbm_blind,2.667,0.24087271945152944
UGA-single,2004,3,unemployment,2007,lgbm_graph,2.667,0.24087271945152944
UGA-single,2004,3,unemployment,2007,tft,2.667,0.24087271945152944
UGA-single,2004,5,unemployment,2009,persistence,3.6,0.9010000000000002
UGA-single,2004,5,unemployment,2009,arima,3.6,0.6967809852839828
UGA-single,2004,5,unemployment,2009,prophet,3.6,0.367572385753447
UGA-single,2004,5,unemployment,2009,prophet_graph,3.6,0.367572385753447
UGA-single,2004,5,unemployment,2009,xgb_blind,3.6,0.6967809852839828
UGA-single,2004,5,unemployment,2009,xgb_graph,3.6,0.6967809852839828
UGA-single,2004,5,unemployment,2009,lgbm_blind,3.6,0.6967809852839828
UGA-single,2004,5,unemployment,2009,lgbm_graph,3.6,0.6967809852839828
UGA-single,2004,5,unemployment,2009,tft,3.6,0.6967809852839828
UGA-single,2004,10,unemployment,2014,persistence,2.357,0.34199999999999964
UGA-single,2004,10,unemployment,2014,arima,2.357,0.5457833882967722
UGA-single,2004,10,unemployment,2014,prophet,2.357,0.8139471865973098
UGA-single,2004,10,unemployment,2014,prophet_graph,2.357,0.8139471865973098
UGA-single,2004,10,unemployment,2014,xgb_blind,2.357,0.5457833882967722
UGA-single,2004,10,unemployment,2014,xgb_graph,2.357,0.5457833882967722
UGA-single,2004,10,unemployment,2014,lgbm_blind,2.357,0.5457833882967722
UGA-single,2004,10,unemployment,2014,lgbm_graph,2.357,0.5457833882967722
UGA-single,2004,10,unemployment,2014,tft,2.357,0.5457833882967722
UGA-single,2004,1,exports_gdp,2005,persistence,14.1796999798574,1.4828192310981994
UGA-single,2004,1,exports_gdp,2005,arima,14.1796999798574,2.03864554775366
UGA-single,2004,1,exports_gdp,2005,prophet,14.1796999798574,1.047707989979255
UGA-single,2004,1,exports_gdp,2005,prophet_graph,14.1796999798574,1.047707989979255
UGA-single,2004,1,exports_gdp,2005,xgb_blind,14.1796999798574,2.03864554775366
UGA-single,2004,1,exports_gdp,2005,xgb_graph,14.1796999798574,2.03864554775366
UGA-single,2004,1,exports_gdp,2005,lgbm_blind,14.1796999798574,2.03864554775366
UGA-single,2004,1,exports_gdp,2005,lgbm_graph,14.1796999798574,2.03864554775366
UGA-single,2004,1,exports_gdp,2005,tft,14.1796999798574,2.03864554775366
UGA-single,2004,3,exports_gdp,2007,persistence,16.7250685273524,4.028187778593198
UGA-single,2004,3,exports_gdp,2007,arima,16.7250685273524,4.448247353380024
UGA-single,2004,3,exports_gdp,2007,prophet,16.7250685273524,2.907634329979185
UGA-single,2004,3,exports_gdp,2007,prophet_graph,16.7250685273524,2.907634329979185
UGA-single,2004,3,exports_gdp,2007,xgb_blind,16.7250685273524,4.448247353380024
UGA-single,2004,3,exports_gdp,2007,xgb_graph,16.7250685273524,4.448247353380024
UGA-single,2004,3,exports_gdp,2007,lgbm_blind,16.7250685273524,4.448247353380024
UGA-single,2004,3,exports_gdp,2007,lgbm_graph,16.7250685273524,4.448247353380024
UGA-single,2004,3,exports_gdp,2007,tft,16.7250685273524,4.448247353380024
UGA-single,2004,5,exports_gdp,2009,persistence,18.6135663082242,5.916685559465
UGA-single,2004,5,exports_gdp,2009,arima,18.6135663082242,6.3123093859486215
UGA-single,2004,5,exports_gdp,2009,prophet,18.6135663082242,4.109750941427842
UGA-single,2004,5,exports_gdp,2009,prophet_graph,18.6135663082242,4.109750941427842
UGA-single,2004,5,exports_gdp,2009,xgb_blind,18.6135663082242,6.3123093859486215
UGA-single,2004,5,exports_gdp,2009,xgb_graph,18.6135663082242,6.3123093859486215
UGA-single,2004,5,exports_gdp,2009,lgbm_blind,18.6135663082242,6.3123093859486215
UGA-single,2004,5,exports_gdp,2009,lgbm_graph,18.6135663082242,6.3123093859486215
UGA-single,2004,5,exports_gdp,2009,tft,18.6135663082242,6.3123093859486215
UGA-single,2004,10,exports_gdp,2014,persistence,14.9482109075764,2.251330158817199
UGA-single,2004,10,exports_gdp,2014,arima,14.9482109075764,2.6415169386784054
UGA-single,2004,10,exports_gdp,2014,prophet,14.9482109075764,1.2701489398857078
UGA-single,2004,10,exports_gdp,2014,prophet_graph,14.9482109075764,1.2701489398857078
UGA-single,2004,10,exports_gdp,2014,xgb_blind,14.9482109075764,2.6415169386784054
UGA-single,2004,10,exports_gdp,2014,xgb_graph,14.9482109075764,2.6415169386784054
UGA-single,2004,10,exports_gdp,2014,lgbm_blind,14.9482109075764,2.6415169386784054
UGA-single,2004,10,exports_gdp,2014,lgbm_graph,14.9482109075764,2.6415169386784054
UGA-single,2004,10,exports_gdp,2014,tft,14.9482109075764,2.6415169386784054
UGA-single,2004,1,imports_gdp,2005,persistence,24.8145855040487,2.0513800071642017
UGA-single,2004,1,imports_gdp,2005,arima,24.8145855040487,1.7441604435068712
UGA-single,2004,1,imports_gdp,2005,prophet,24.8145855040487,0.500867728388183
UGA-single,2004,1,imports_gdp,2005,prophet_graph,24.8145855040487,0.500867728388183
UGA-single,2004,1,imports_gdp,2005,xgb_blind,24.8145855040487,1.7441604435068712
UGA-single,2004,1,imports_gdp,2005,xgb_graph,24.8145855040487,1.7441604435068712
UGA-single,2004,1,imports_gdp,2005,lgbm_blind,24.8145855040487,1.7441604435068712
UGA-single,2004,1,imports_gdp,2005,lgbm_graph,24.8145855040487,1.7441604435068712
UGA-single,2004,1,imports_gdp,2005,tft,24.8145855040487,1.7441604435068712
UGA-single,2004,3,imports_gdp,2007,persistence,30.0523481249298,7.289142628045301
UGA-single,2004,3,imports_gdp,2007,arima,30.0523481249298,7.01578448230817
UGA-single,2004,3,imports_gdp,2007,prophet,30.0523481249298,5.229736509770195
UGA-single,2004,3,imports_gdp,2007,prophet_graph,30.0523481249298,5.229736509770195
UGA-single,2004,3,imports_gdp,2007,xgb_blind,30.0523481249298,7.01578448230817
UGA-single,2004,3,imports_gdp,2007,xgb_graph,30.0523481249298,7.01578448230817
UGA-single,2004,3,imports_gdp,2007,lgbm_blind,30.0523481249298,7.01578448230817
UGA-single,2004,3,imports_gdp,2007,lgbm_graph,30.0523481249298,7.01578448230817
UGA-single,2004,3,imports_gdp,2007,tft,30.0523481249298,7.01578448230817
UGA-single,2004,5,imports_gdp,2009,persistence,28.4503117666136,5.6871062697290995
UGA-single,2004,5,imports_gdp,2009,arima,28.4503117666136,5.414286791775844
UGA-single,2004,5,imports_gdp,2009,prophet,28.4503117666136,3.118109197106275
UGA-single,2004,5,imports_gdp,2009,prophet_graph,28.4503117666136,3.118109197106275
UGA-single,2004,5,imports_gdp,2009,xgb_blind,28.4503117666136,5.414286791775844
UGA-single,2004,5,imports_gdp,2009,xgb_graph,28.4503117666136,5.414286791775844
UGA-single,2004,5,imports_gdp,2009,lgbm_blind,28.4503117666136,5.414286791775844
UGA-single,2004,5,imports_gdp,2009,lgbm_graph,28.4503117666136,5.414286791775844
UGA-single,2004,5,imports_gdp,2009,tft,28.4503117666136,5.414286791775844
UGA-single,2004,10,imports_gdp,2014,persistence,21.0661901743321,1.6970153225523994
UGA-single,2004,10,imports_gdp,2014,arima,21.0661901743321,1.9698260925736335
UGA-single,2004,10,imports_gdp,2014,prophet,21.0661901743321,5.538944108771577
UGA-single,2004,10,imports_gdp,2014,prophet_graph,21.0661901743321,5.538944108771577
UGA-single,2004,10,imports_gdp,2014,xgb_blind,21.0661901743321,1.9698260925736335
UGA-single,2004,10,imports_gdp,2014,xgb_graph,21.0661901743321,1.9698260925736335
UGA-single,2004,10,imports_gdp,2014,lgbm_blind,21.0661901743321,1.9698260925736335
UGA-single,2004,10,imports_gdp,2014,lgbm_graph,21.0661901743321,1.9698260925736335
UGA-single,2004,10,imports_gdp,2014,tft,21.0661901743321,1.9698260925736335
UGA-single,2004,1,current_account,2005,persistence,0.579537398767585,0.6006347333424552
UGA-single,2004,1,current_account,2005,arima,0.579537398767585,0.5849846616661697
UGA-single,2004,1,current_account,2005,prophet,0.579537398767585,2.7557477537965247
UGA-single,2004,1,current_account,2005,prophet_graph,0.579537398767585,2.7557477537965247
UGA-single,2004,1,current_account,2005,xgb_blind,0.579537398767585,0.5849846616661697
UGA-single,2004,1,current_account,2005,xgb_graph,0.579537398767585,0.5849846616661697
UGA-single,2004,1,current_account,2005,lgbm_blind,0.579537398767585,0.5849846616661697
UGA-single,2004,1,current_account,2005,lgbm_graph,0.579537398767585,0.5849846616661697
UGA-single,2004,1,current_account,2005,tft,0.579537398767585,0.5849846616661697
UGA-single,2004,3,current_account,2007,persistence,-4.72875221684934,4.70765488227447
UGA-single,2004,3,current_account,2007,arima,-4.72875221684934,4.723753999772001
UGA-single,2004,3,current_account,2007,prophet,-4.72875221684934,3.0453663021884525
UGA-single,2004,3,current_account,2007,prophet_graph,-4.72875221684934,3.0453663021884525
UGA-single,2004,3,current_account,2007,xgb_blind,-4.72875221684934,4.723753999772001
UGA-single,2004,3,current_account,2007,xgb_graph,-4.72875221684934,4.723753999772001
UGA-single,2004,3,current_account,2007,lgbm_blind,-4.72875221684934,4.723753999772001
UGA-single,2004,3,current_account,2007,lgbm_graph,-4.72875221684934,4.723753999772001
UGA-single,2004,3,current_account,2007,tft,-4.72875221684934,4.723753999772001
UGA-single,2004,5,current_account,2009,persistence,-4.1708492322474,4.149751897672529
UGA-single,2004,5,current_account,2009,arima,-4.1708492322474,4.165851365055598
UGA-single,2004,5,current_account,2009,prophet,-4.1708492322474,2.9809628599276703
UGA-single,2004,5,current_account,2009,prophet_graph,-4.1708492322474,2.9809628599276703
UGA-single,2004,5,current_account,2009,xgb_blind,-4.1708492322474,4.165851365055598
UGA-single,2004,5,current_account,2009,xgb_graph,-4.1708492322474,4.165851365055598
UGA-single,2004,5,current_account,2009,lgbm_blind,-4.1708492322474,4.165851365055598
UGA-single,2004,5,current_account,2009,lgbm_graph,-4.1708492322474,4.165851365055598
UGA-single,2004,5,current_account,2009,tft,-4.1708492322474,4.165851365055598
UGA-single,2004,10,current_account,2014,persistence,-6.64160843323991,6.62051109866504
UGA-single,2004,10,current_account,2014,arima,-6.64160843323991,6.636610566320944
UGA-single,2004,10,current_account,2014,prophet,-6.64160843323991,6.6844582638134185
UGA-single,2004,10,current_account,2014,prophet_graph,-6.64160843323991,6.6844582638134185
UGA-single,2004,10,current_account,2014,xgb_blind,-6.64160843323991,6.636610566320944
UGA-single,2004,10,current_account,2014,xgb_graph,-6.64160843323991,6.636610566320944
UGA-single,2004,10,current_account,2014,lgbm_blind,-6.64160843323991,6.636610566320944
UGA-single,2004,10,current_account,2014,lgbm_graph,-6.64160843323991,6.636610566320944
UGA-single,2004,10,current_account,2014,tft,-6.64160843323991,6.636610566320944
UGA-single,2004,1,real_interest_rate,2005,persistence,21.7655522885928,17.42630835002356
UGA-single,2004,1,real_interest_rate,2005,arima,21.7655522885928,15.09573660054275
UGA-single,2004,1,real_interest_rate,2005,prophet,21.7655522885928,2.9243825232626826
UGA-single,2004,1,real_interest_rate,2005,prophet_graph,21.7655522885928,2.9243825232626826
UGA-single,2004,1,real_interest_rate,2005,xgb_blind,21.7655522885928,15.09573660054275
UGA-single,2004,1,real_interest_rate,2005,xgb_graph,21.7655522885928,15.09573660054275
UGA-single,2004,1,real_interest_rate,2005,lgbm_blind,21.7655522885928,15.09573660054275
UGA-single,2004,1,real_interest_rate,2005,lgbm_graph,21.7655522885928,15.09573660054275
UGA-single,2004,1,real_interest_rate,2005,tft,21.7655522885928,15.09573660054275
UGA-single,2004,3,real_interest_rate,2007,persistence,10.9806235436646,6.641379605095359
UGA-single,2004,3,real_interest_rate,2007,arima,10.9806235436646,4.86478257959165
UGA-single,2004,3,real_interest_rate,2007,prophet,10.9806235436646,10.083471595881555
UGA-single,2004,3,real_interest_rate,2007,prophet_graph,10.9806235436646,10.083471595881555
UGA-single,2004,3,real_interest_rate,2007,xgb_blind,10.9806235436646,4.86478257959165
UGA-single,2004,3,real_interest_rate,2007,xgb_graph,10.9806235436646,4.86478257959165
UGA-single,2004,3,real_interest_rate,2007,lgbm_blind,10.9806235436646,4.86478257959165
UGA-single,2004,3,real_interest_rate,2007,lgbm_graph,10.9806235436646,4.86478257959165
UGA-single,2004,3,real_interest_rate,2007,tft,10.9806235436646,4.86478257959165
UGA-single,2004,5,real_interest_rate,2009,persistence,-34.7434429588376,39.08268689740684
UGA-single,2004,5,real_interest_rate,2009,arima,-34.7434429588376,40.77541694046488
UGA-single,2004,5,real_interest_rate,2009,prophet,-34.7434429588376,58.03350857585214
UGA-single,2004,5,real_interest_rate,2009,prophet_graph,-34.7434429588376,58.03350857585214
UGA-single,2004,5,real_interest_rate,2009,xgb_blind,-34.7434429588376,40.77541694046488
UGA-single,2004,5,real_interest_rate,2009,xgb_graph,-34.7434429588376,40.77541694046488
UGA-single,2004,5,real_interest_rate,2009,lgbm_blind,-34.7434429588376,40.77541694046488
UGA-single,2004,5,real_interest_rate,2009,lgbm_graph,-34.7434429588376,40.77541694046488
UGA-single,2004,5,real_interest_rate,2009,tft,-34.7434429588376,40.77541694046488
UGA-single,2004,10,real_interest_rate,2014,persistence,15.6773841196638,11.33814018109456
UGA-single,2004,10,real_interest_rate,2014,arima,15.6773841196638,9.660505390158235
UGA-single,2004,10,real_interest_rate,2014,prophet,15.6773841196638,13.17304003614319
UGA-single,2004,10,real_interest_rate,2014,prophet_graph,15.6773841196638,13.17304003614319
UGA-single,2004,10,real_interest_rate,2014,xgb_blind,15.6773841196638,9.660505390158235
UGA-single,2004,10,real_interest_rate,2014,xgb_graph,15.6773841196638,9.660505390158235
UGA-single,2004,10,real_interest_rate,2014,lgbm_blind,15.6773841196638,9.660505390158235
UGA-single,2004,10,real_interest_rate,2014,lgbm_graph,15.6773841196638,9.660505390158235
UGA-single,2004,10,real_interest_rate,2014,tft,15.6773841196638,9.660505390158235
UGA-single,2004,1,broad_money,2005,persistence,19.3229389303276,2.0944603713164973
UGA-single,2004,1,broad_money,2005,arima,19.3229389303276,2.6942178970954416
UGA-single,2004,1,broad_money,2005,prophet,19.3229389303276,0.7370551493789286
UGA-single,2004,1,broad_money,2005,prophet_graph,19.3229389303276,0.7370551493789286
UGA-single,2004,1,broad_money,2005,xgb_blind,19.3229389303276,2.6942178970954416
UGA-single,2004,1,broad_money,2005,xgb_graph,19.3229389303276,2.6942178970954416
UGA-single,2004,1,broad_money,2005,lgbm_blind,19.3229389303276,2.6942178970954416
UGA-single,2004,1,broad_money,2005,lgbm_graph,19.3229389303276,2.6942178970954416
UGA-single,2004,1,broad_money,2005,tft,19.3229389303276,2.6942178970954416
UGA-single,2004,3,broad_money,2007,persistence,20.8754529821104,3.646974423099298
UGA-single,2004,3,broad_money,2007,arima,20.8754529821104,4.441307093077448
UGA-single,2004,3,broad_money,2007,prophet,20.8754529821104,0.7619569624129667
UGA-single,2004,3,broad_money,2007,prophet_graph,20.8754529821104,0.7619569624129667
UGA-single,2004,3,broad_money,2007,xgb_blind,20.8754529821104,4.441307093077448
UGA-single,2004,3,broad_money,2007,xgb_graph,20.8754529821104,4.441307093077448
UGA-single,2004,3,broad_money,2007,lgbm_blind,20.8754529821104,4.441307093077448
UGA-single,2004,3,broad_money,2007,lgbm_graph,20.8754529821104,4.441307093077448
UGA-single,2004,3,broad_money,2007,tft,20.8754529821104,4.441307093077448
UGA-single,2004,5,broad_money,2009,persistence,14.0172749693774,3.2112035896337012
UGA-single,2004,5,broad_money,2009,arima,14.0172749693774,2.4039285557845993
UGA-single,2004,5,broad_money,2009,prophet,14.0172749693774,9.199711683613238
UGA-single,2004,5,broad_money,2009,prophet_graph,14.0172749693774,9.199711683613238
UGA-single,2004,5,broad_money,2009,xgb_blind,14.0172749693774,2.4039285557845993
UGA-single,2004,5,broad_money,2009,xgb_graph,14.0172749693774,2.4039285557845993
UGA-single,2004,5,broad_money,2009,lgbm_blind,14.0172749693774,2.4039285557845993
UGA-single,2004,5,broad_money,2009,lgbm_graph,14.0172749693774,2.4039285557845993
UGA-single,2004,5,broad_money,2009,tft,14.0172749693774,2.4039285557845993
UGA-single,2004,10,broad_money,2014,persistence,18.6599683055423,1.4314897465311986
UGA-single,2004,10,broad_money,2014,arima,18.6599683055423,2.2396859447544912
UGA-single,2004,10,broad_money,2014,prophet,18.6599683055423,8.502718853140873
UGA-single,2004,10,broad_money,2014,prophet_graph,18.6599683055423,8.502718853140873
UGA-single,2004,10,broad_money,2014,xgb_blind,18.6599683055423,2.2396859447544912
UGA-single,2004,10,broad_money,2014,xgb_graph,18.6599683055423,2.2396859447544912
UGA-single,2004,10,broad_money,2014,lgbm_blind,18.6599683055423,2.2396859447544912
UGA-single,2004,10,broad_money,2014,lgbm_graph,18.6599683055423,2.2396859447544912
UGA-single,2004,10,broad_money,2014,tft,18.6599683055423,2.2396859447544912
UGA-single,2004,1,govt_consumption,2005,persistence,14.4927633926747,0.6054611187215002
UGA-single,2004,1,govt_consumption,2005,arima,14.4927633926747,1.4581816032118056
UGA-single,2004,1,govt_consumption,2005,prophet,14.4927633926747,2.3386114559786684
UGA-single,2004,1,govt_consumption,2005,prophet_graph,14.4927633926747,2.3386114559786684
UGA-single,2004,1,govt_consumption,2005,xgb_blind,14.4927633926747,1.4581816032118056
UGA-single,2004,1,govt_consumption,2005,xgb_graph,14.4927633926747,1.4581816032118056
UGA-single,2004,1,govt_consumption,2005,lgbm_blind,14.4927633926747,1.4581816032118056
UGA-single,2004,1,govt_consumption,2005,lgbm_graph,14.4927633926747,1.4581816032118056
UGA-single,2004,1,govt_consumption,2005,tft,14.4927633926747,1.4581816032118056
UGA-single,2004,3,govt_consumption,2007,persistence,12.8930348105775,0.9942674633756994
UGA-single,2004,3,govt_consumption,2007,arima,12.8930348105775,0.4295149462787027
UGA-single,2004,3,govt_consumption,2007,prophet,12.8930348105775,5.02283718888318
UGA-single,2004,3,govt_consumption,2007,prophet_graph,12.8930348105775,5.02283718888318
UGA-single,2004,3,govt_consumption,2007,xgb_blind,12.8930348105775,0.4295149462787027
UGA-single,2004,3,govt_consumption,2007,xgb_graph,12.8930348105775,0.4295149462787027
UGA-single,2004,3,govt_consumption,2007,lgbm_blind,12.8930348105775,0.4295149462787027
UGA-single,2004,3,govt_consumption,2007,lgbm_graph,12.8930348105775,0.4295149462787027
UGA-single,2004,3,govt_consumption,2007,tft,12.8930348105775,0.4295149462787027
UGA-single,2004,5,govt_consumption,2009,persistence,6.58533254689826,7.3019697270549395
UGA-single,2004,5,govt_consumption,2009,arima,6.58533254689826,5.757871824084675
UGA-single,2004,5,govt_consumption,2009,prophet,6.58533254689826,12.416522215905086
UGA-single,2004,5,govt_consumption,2009,prophet_graph,6.58533254689826,12.416522215905086
UGA-single,2004,5,govt_consumption,2009,xgb_blind,6.58533254689826,5.757871824084675
UGA-single,2004,5,govt_consumption,2009,xgb_graph,6.58533254689826,5.757871824084675
UGA-single,2004,5,govt_consumption,2009,lgbm_blind,6.58533254689826,5.757871824084675
UGA-single,2004,5,govt_consumption,2009,lgbm_graph,6.58533254689826,5.757871824084675
UGA-single,2004,5,govt_consumption,2009,tft,6.58533254689826,5.757871824084675
UGA-single,2004,10,govt_consumption,2014,persistence,7.42890180380585,6.45840047014735
UGA-single,2004,10,govt_consumption,2014,arima,7.42890180380585,4.882841698446587
UGA-single,2004,10,govt_consumption,2014,prophet,7.42890180380585,14.285681448551141
UGA-single,2004,10,govt_consumption,2014,prophet_graph,7.42890180380585,14.285681448551141
UGA-single,2004,10,govt_consumption,2014,xgb_blind,7.42890180380585,4.882841698446587
UGA-single,2004,10,govt_consumption,2014,xgb_graph,7.42890180380585,4.882841698446587
UGA-single,2004,10,govt_consumption,2014,lgbm_blind,7.42890180380585,4.882841698446587
UGA-single,2004,10,govt_consumption,2014,lgbm_graph,7.42890180380585,4.882841698446587
UGA-single,2004,10,govt_consumption,2014,tft,7.42890180380585,4.882841698446587
UGA-single,2005,1,gdp_growth,2006,persistence,10.7847443857453,4.45217926951374
UGA-single,2005,1,gdp_growth,2006,arima,10.7847443857453,4.263989984306521
UGA-single,2005,1,gdp_growth,2006,prophet,10.7847443857453,4.218256189941965
UGA-single,2005,1,gdp_growth,2006,prophet_graph,10.7847443857453,4.218256189941965
UGA-single,2005,1,gdp_growth,2006,xgb_blind,10.7847443857453,4.263989984306521
UGA-single,2005,1,gdp_growth,2006,xgb_graph,10.7847443857453,4.263989984306521
UGA-single,2005,1,gdp_growth,2006,lgbm_blind,10.7847443857453,4.263989984306521
UGA-single,2005,1,gdp_growth,2006,lgbm_graph,10.7847443857453,4.263989984306521
UGA-single,2005,1,gdp_growth,2006,tft,10.7847443857453,4.263989984306521
UGA-single,2005,3,gdp_growth,2008,persistence,8.70875190154499,2.376186785313429
UGA-single,2005,3,gdp_growth,2008,arima,8.70875190154499,2.2330275226782685
UGA-single,2005,3,gdp_growth,2008,prophet,8.70875190154499,2.148778090096319
UGA-single,2005,3,gdp_growth,2008,prophet_graph,8.70875190154499,2.148778090096319
UGA-single,2005,3,gdp_growth,2008,xgb_blind,8.70875190154499,2.2330275226782685
UGA-single,2005,3,gdp_growth,2008,xgb_graph,8.70875190154499,2.2330275226782685
UGA-single,2005,3,gdp_growth,2008,lgbm_blind,8.70875190154499,2.2330275226782685
UGA-single,2005,3,gdp_growth,2008,lgbm_graph,8.70875190154499,2.2330275226782685
UGA-single,2005,3,gdp_growth,2008,tft,8.70875190154499,2.2330275226782685
UGA-single,2005,5,gdp_growth,2010,persistence,5.63761163749757,0.6949534787339902
UGA-single,2005,5,gdp_growth,2010,arima,5.63761163749757,0.8310347239853613
UGA-single,2005,5,gdp_growth,2010,prophet,5.63761163749757,0.9158388657822503
UGA-single,2005,5,gdp_growth,2010,prophet_graph,5.63761163749757,0.9158388657822503
UGA-single,2005,5,gdp_growth,2010,xgb_blind,5.63761163749757,0.8310347239853613
UGA-single,2005,5,gdp_growth,2010,xgb_graph,5.63761163749757,0.8310347239853613
UGA-single,2005,5,gdp_growth,2010,lgbm_blind,5.63761163749757,0.8310347239853613
UGA-single,2005,5,gdp_growth,2010,lgbm_graph,5.63761163749757,0.8310347239853613
UGA-single,2005,5,gdp_growth,2010,tft,5.63761163749757,0.8310347239853613
UGA-single,2005,10,gdp_growth,2015,persistence,5.18785986002466,1.1447052562069002
UGA-single,2005,10,gdp_growth,2015,arima,5.18785986002466,1.2794535267001814
UGA-single,2005,10,gdp_growth,2015,prophet,5.18785986002466,1.3492957585543142
UGA-single,2005,10,gdp_growth,2015,prophet_graph,5.18785986002466,1.3492957585543142
UGA-single,2005,10,gdp_growth,2015,xgb_blind,5.18785986002466,1.2794535267001814
UGA-single,2005,10,gdp_growth,2015,xgb_graph,5.18785986002466,1.2794535267001814
UGA-single,2005,10,gdp_growth,2015,lgbm_blind,5.18785986002466,1.2794535267001814
UGA-single,2005,10,gdp_growth,2015,lgbm_graph,5.18785986002466,1.2794535267001814
UGA-single,2005,10,gdp_growth,2015,tft,5.18785986002466,1.2794535267001814
UGA-single,2005,1,unemployment,2006,persistence,2.264,0.3639999999999999
UGA-single,2005,1,unemployment,2006,arima,2.264,0.8455420419907007
UGA-single,2005,1,unemployment,2006,prophet,2.264,0.6609249109439204
UGA-single,2005,1,unemployment,2006,prophet_graph,2.264,0.6609249109439204
UGA-single,2005,1,unemployment,2006,xgb_blind,2.264,0.8455420419907007
UGA-single,2005,1,unemployment,2006,xgb_graph,2.264,0.8455420419907007
UGA-single,2005,1,unemployment,2006,lgbm_blind,2.264,0.8455420419907007
UGA-single,2005,1,unemployment,2006,lgbm_graph,2.264,0.8455420419907007
UGA-single,2005,1,unemployment,2006,tft,2.264,0.8455420419907007
UGA-single,2005,3,unemployment,2008,persistence,3.035,1.1350000000000002
UGA-single,2005,3,unemployment,2008,arima,3.035,2.0816659924276197
UGA-single,2005,3,unemployment,2008,prophet,3.035,0.19535269736873806
UGA-single,2005,3,unemployment,2008,prophet_graph,3.035,0.19535269736873806
UGA-single,2005,3,unemployment,2008,xgb_blind,3.035,2.0816659924276197
UGA-single,2005,3,unemployment,2008,xgb_graph,3.035,2.0816659924276197
UGA-single,2005,3,unemployment,2008,lgbm_blind,3.035,2.0816659924276197
UGA-single,2005,3,unemployment,2008,lgbm_graph,3.035,2.0816659924276197
UGA-single,2005,3,unemployment,2008,tft,3.035,2.0816659924276197
UGA-single,2005,5,unemployment,2010,persistence,3.623,1.7230000000000003
UGA-single,2005,5,unemployment,2010,arima,3.623,2.838610300522126
UGA-single,2005,5,unemployment,2010,prophet,3.623,0.8687471243229203
UGA-single,2005,5,unemployment,2010,prophet_graph,3.623,0.8687471243229203
UGA-single,2005,5,unemployment,2010,xgb_blind,3.623,2.838610300522126
UGA-single,2005,5,unemployment,2010,xgb_graph,3.623,2.838610300522126
UGA-single,2005,5,unemployment,2010,lgbm_blind,3.623,2.838610300522126
UGA-single,2005,5,unemployment,2010,lgbm_graph,3.623,2.838610300522126
UGA-single,2005,5,unemployment,2010,tft,3.623,2.838610300522126
UGA-single,2005,10,unemployment,2015,persistence,2.681,0.7810000000000001
UGA-single,2005,10,unemployment,2015,arima,2.681,1.9853156209942826
UGA-single,2005,10,unemployment,2015,prophet,2.681,0.1400579637460897
UGA-single,2005,10,unemployment,2015,prophet_graph,2.681,0.1400579637460897
UGA-single,2005,10,unemployment,2015,xgb_blind,2.681,1.9853156209942826
UGA-single,2005,10,unemployment,2015,xgb_graph,2.681,1.9853156209942826
UGA-single,2005,10,unemployment,2015,lgbm_blind,2.681,1.9853156209942826
UGA-single,2005,10,unemployment,2015,lgbm_graph,2.681,1.9853156209942826
UGA-single,2005,10,unemployment,2015,tft,2.681,1.9853156209942826
UGA-single,2005,1,exports_gdp,2006,persistence,15.2754133833713,1.0957134035138996
UGA-single,2005,1,exports_gdp,2006,arima,15.2754133833713,1.6420191488621985
UGA-single,2005,1,exports_gdp,2006,prophet,15.2754133833713,1.5428487038556913
UGA-single,2005,1,exports_gdp,2006,prophet_graph,15.2754133833713,1.032115458725734
UGA-single,2005,1,exports_gdp,2006,xgb_blind,15.2754133833713,1.6420191488621985
UGA-single,2005,1,exports_gdp,2006,xgb_graph,15.2754133833713,3.702245582467979
UGA-single,2005,1,exports_gdp,2006,lgbm_blind,15.2754133833713,1.6420191488621985
UGA-single,2005,1,exports_gdp,2006,lgbm_graph,15.2754133833713,4.43022082381116
UGA-single,2005,1,exports_gdp,2006,tft,15.2754133833713,1.6420191488621985
UGA-single,2005,3,exports_gdp,2008,persistence,24.2801423442251,10.100442364367701
UGA-single,2005,3,exports_gdp,2008,arima,24.2801423442251,10.519629494960796
UGA-single,2005,3,exports_gdp,2008,prophet,24.2801423442251,9.815641442372183
UGA-single,2005,3,exports_gdp,2008,prophet_graph,24.2801423442251,9.958148633972199
UGA-single,2005,3,exports_gdp,2008,xgb_blind,24.2801423442251,10.519629494960796
UGA-single,2005,3,exports_gdp,2008,xgb_graph,24.2801423442251,11.567664660204105
UGA-single,2005,3,exports_gdp,2008,lgbm_blind,24.2801423442251,10.519629494960796
UGA-single,2005,3,exports_gdp,2008,lgbm_graph,24.2801423442251,13.01457544499884
UGA-single,2005,3,exports_gdp,2008,tft,24.2801423442251,10.519629494960796
UGA-single,2005,5,exports_gdp,2010,persistence,13.8244828747602,0.35521710509719995
UGA-single,2005,5,exports_gdp,2010,arima,13.8244828747602,0.04671545045435899
UGA-single,2005,5,exports_gdp,2010,prophet,13.8244828747602,1.3729569017893972
UGA-single,2005,5,exports_gdp,2010,prophet_graph,13.8244828747602,0.5763144235460782
UGA-single,2005,5,exports_gdp,2010,xgb_blind,13.8244828747602,0.04671545045435899
UGA-single,2005,5,exports_gdp,2010,xgb_graph,13.8244828747602,0.7585887478681101
UGA-single,2005,5,exports_gdp,2010,lgbm_blind,13.8244828747602,0.04671545045435899
UGA-single,2005,5,exports_gdp,2010,lgbm_graph,13.8244828747602,1.9472724310901004
UGA-single,2005,5,exports_gdp,2010,tft,13.8244828747602,0.04671545045435899
UGA-single,2005,10,exports_gdp,2015,persistence,12.8773253147369,1.3023746651204995
UGA-single,2005,10,exports_gdp,2015,arima,12.8773253147369,0.9031704023536573
UGA-single,2005,10,exports_gdp,2015,prophet,12.8773253147369,4.150957670015337
UGA-single,2005,10,exports_gdp,2015,prophet_graph,12.8773253147369,1.720319250033759
UGA-single,2005,10,exports_gdp,2015,xgb_blind,12.8773253147369,0.9031704023536573
UGA-single,2005,10,exports_gdp,2015,xgb_graph,12.8773253147369,0.7896754558319472
UGA-single,2005,10,exports_gdp,2015,lgbm_blind,12.8773253147369,0.9031704023536573
UGA-single,2005,10,exports_gdp,2015,lgbm_graph,12.8773253147369,0.9363127732838574
UGA-single,2005,10,exports_gdp,2015,tft,12.8773253147369,0.9031704023536573
UGA-single,2005,1,imports_gdp,2006,persistence,28.3578724062492,3.5432869022004994
UGA-single,2005,1,imports_gdp,2006,arima,28.3578724062492,3.9347841508477153
UGA-single,2005,1,imports_gdp,2006,prophet,28.3578724062492,3.7274406121769914
UGA-single,2005,1,imports_gdp,2006,prophet_graph,28.3578724062492,3.7274406121769914
UGA-single,2005,1,imports_gdp,2006,xgb_blind,28.3578724062492,3.9347841508477153
UGA-single,2005,1,imports_gdp,2006,xgb_graph,28.3578724062492,3.9347841508477153
UGA-single,2005,1,imports_gdp,2006,lgbm_blind,28.3578724062492,3.9347841508477153
UGA-single,2005,1,imports_gdp,2006,lgbm_graph,28.3578724062492,3.9347841508477153
UGA-single,2005,1,imports_gdp,2006,tft,28.3578724062492,3.9347841508477153
UGA-single,2005,3,imports_gdp,2008,persistence,31.9781258608383,7.1635403567896
UGA-single,2005,3,imports_gdp,2008,arima,31.9781258608383,7.494581160518237
UGA-single,2005,3,imports_gdp,2008,prophet,31.9781258608383,6.830195737609632
UGA-single,2005,3,imports_gdp,2008,prophet_graph,31.9781258608383,6.830195737609632
UGA-single,2005,3,imports_gdp,2008,xgb_blind,31.9781258608383,7.494581160518237
UGA-single,2005,3,imports_gdp,2008,xgb_graph,31.9781258608383,7.494581160518237
UGA-single,2005,3,imports_gdp,2008,lgbm_blind,31.9781258608383,7.494581160518237
UGA-single,2005,3,imports_gdp,2008,lgbm_graph,31.9781258608383,7.494581160518237
UGA-single,2005,3,imports_gdp,2008,tft,31.9781258608383,7.494581160518237
UGA-single,2005,5,imports_gdp,2010,persistence,24.4447661623689,0.3698193416798006
UGA-single,2005,5,imports_gdp,2010,arima,24.4447661623689,0.04098048969349932
UGA-single,2005,5,imports_gdp,2010,prophet,24.4447661623689,1.2213711918369938
UGA-single,2005,5,imports_gdp,2010,prophet_graph,24.4447661623689,1.2213711918369938
UGA-single,2005,5,imports_gdp,2010,xgb_blind,24.4447661623689,0.04098048969349932
UGA-single,2005,5,imports_gdp,2010,xgb_graph,24.4447661623689,0.04098048969349932
UGA-single,2005,5,imports_gdp,2010,lgbm_blind,24.4447661623689,0.04098048969349932
UGA-single,2005,5,imports_gdp,2010,lgbm_graph,24.4447661623689,0.04098048969349932
UGA-single,2005,5,imports_gdp,2010,tft,24.4447661623689,0.04098048969349932
UGA-single,2005,10,imports_gdp,2015,persistence,24.8119730176989,0.0026124863498004913
UGA-single,2005,10,imports_gdp,2015,arima,24.8119730176989,0.3261431133630488
UGA-single,2005,10,imports_gdp,2015,prophet,24.8119730176989,2.1486190612189127
UGA-single,2005,10,imports_gdp,2015,prophet_graph,24.8119730176989,2.1486190612189127
UGA-single,2005,10,imports_gdp,2015,xgb_blind,24.8119730176989,0.3261431133630488
UGA-single,2005,10,imports_gdp,2015,xgb_graph,24.8119730176989,0.3261431133630488
UGA-single,2005,10,imports_gdp,2015,lgbm_blind,24.8119730176989,0.3261431133630488
UGA-single,2005,10,imports_gdp,2015,lgbm_graph,24.8119730176989,0.3261431133630488
UGA-single,2005,10,imports_gdp,2015,tft,24.8119730176989,0.3261431133630488
UGA-single,2005,1,current_account,2006,persistence,-3.18903604186135,3.768573440628935
UGA-single,2005,1,current_account,2006,arima,-3.18903604186135,3.792835211957246
UGA-single,2005,1,current_account,2006,prophet,-3.18903604186135,1.9273663730874284
UGA-single,2005,1,current_account,2006,prophet_graph,-3.18903604186135,1.9273663730874284
UGA-single,2005,1,current_account,2006,xgb_blind,-3.18903604186135,3.792835211957246
UGA-single,2005,1,current_account,2006,xgb_graph,-3.18903604186135,3.792835211957246
UGA-single,2005,1,current_account,2006,lgbm_blind,-3.18903604186135,3.792835211957246
UGA-single,2005,1,current_account,2006,lgbm_graph,-3.18903604186135,3.792835211957246
UGA-single,2005,1,current_account,2006,tft,-3.18903604186135,3.792835211957246
UGA-single,2005,3,current_account,2008,persistence,-8.47510327903427,9.054640677801855
UGA-single,2005,3,current_account,2008,arima,-8.47510327903427,9.079922054748682
UGA-single,2005,3,current_account,2008,prophet,-8.47510327903427,7.824788442555022
UGA-single,2005,3,current_account,2008,prophet_graph,-8.47510327903427,7.824788442555022
UGA-single,2005,3,current_account,2008,xgb_blind,-8.47510327903427,9.079922054748682
UGA-single,2005,3,current_account,2008,xgb_graph,-8.47510327903427,9.079922054748682
UGA-single,2005,3,current_account,2008,lgbm_blind,-8.47510327903427,9.079922054748682
UGA-single,2005,3,current_account,2008,lgbm_graph,-8.47510327903427,9.079922054748682
UGA-single,2005,3,current_account,2008,tft,-8.47510327903427,9.079922054748682
UGA-single,2005,5,current_account,2010,persistence,-6.0351181457015,6.614655544469086
UGA-single,2005,5,current_account,2010,arima,-6.0351181457015,6.6399385850443835
UGA-single,2005,5,current_account,2010,prophet,-6.0351181457015,5.996995613889931
UGA-single,2005,5,current_account,2010,prophet_graph,-6.0351181457015,5.996995613889931
UGA-single,2005,5,current_account,2010,xgb_blind,-6.0351181457015,6.6399385850443835
UGA-single,2005,5,current_account,2010,xgb_graph,-6.0351181457015,6.6399385850443835
UGA-single,2005,5,current_account,2010,lgbm_blind,-6.0351181457015,6.6399385850443835
UGA-single,2005,5,current_account,2010,lgbm_graph,-6.0351181457015,6.6399385850443835
UGA-single,2005,5,current_account,2010,tft,-6.0351181457015,6.6399385850443835
UGA-single,2005,10,current_account,2015,persistence,-5.1602872378994,5.739824636666985
UGA-single,2005,10,current_account,2015,arima,-5.1602872378994,5.765107679961161
UGA-single,2005,10,current_account,2015,prophet,-5.1602872378994,6.65138925919752
UGA-single,2005,10,current_account,2015,prophet_graph,-5.1602872378994,6.65138925919752
UGA-single,2005,10,current_account,2015,xgb_blind,-5.1602872378994,5.765107679961161
UGA-single,2005,10,current_account,2015,xgb_graph,-5.1602872378994,5.765107679961161
UGA-single,2005,10,current_account,2015,lgbm_blind,-5.1602872378994,5.765107679961161
UGA-single,2005,10,current_account,2015,lgbm_graph,-5.1602872378994,5.765107679961161
UGA-single,2005,10,current_account,2015,tft,-5.1602872378994,5.765107679961161
UGA-single,2005,1,real_interest_rate,2006,persistence,15.9090043564186,5.8565479321742
UGA-single,2005,1,real_interest_rate,2006,arima,15.9090043564186,2.233851428657582
UGA-single,2005,1,real_interest_rate,2006,prophet,15.9090043564186,4.786350868449238
UGA-single,2005,1,real_interest_rate,2006,prophet_graph,15.9090043564186,0.9744053773800427
UGA-single,2005,1,real_interest_rate,2006,xgb_blind,15.9090043564186,2.233851428657582
UGA-single,2005,1,real_interest_rate,2006,xgb_graph,15.9090043564186,8.023568775211325
UGA-single,2005,1,real_interest_rate,2006,lgbm_blind,15.9090043564186,2.233851428657582
UGA-single,2005,1,real_interest_rate,2006,lgbm_graph,15.9090043564186,4.291107926720928
UGA-single,2005,1,real_interest_rate,2006,tft,15.9090043564186,2.233851428657582
UGA-single,2005,3,real_interest_rate,2008,persistence,13.2429702962502,8.522581992342602
UGA-single,2005,3,real_interest_rate,2008,arima,13.2429702962502,2.444450258539595
UGA-single,2005,3,real_interest_rate,2008,prophet,13.2429702962502,9.81592081808082
UGA-single,2005,3,real_interest_rate,2008,prophet_graph,13.2429702962502,4.774200989101651
UGA-single,2005,3,real_interest_rate,2008,xgb_blind,13.2429702962502,2.444450258539595
UGA-single,2005,3,real_interest_rate,2008,xgb_graph,13.2429702962502,4.83304517616191
UGA-single,2005,3,real_interest_rate,2008,lgbm_blind,13.2429702962502,2.444450258539595
UGA-single,2005,3,real_interest_rate,2008,lgbm_graph,13.2429702962502,0.03441536813083346
UGA-single,2005,3,real_interest_rate,2008,tft,13.2429702962502,2.444450258539595
UGA-single,2005,5,real_interest_rate,2010,persistence,13.7612146491897,8.0043376394031
UGA-single,2005,5,real_interest_rate,2010,arima,13.7612146491897,2.359931320819527
UGA-single,2005,5,real_interest_rate,2010,prophet,13.7612146491897,11.664450075001021
UGA-single,2005,5,real_interest_rate,2010,prophet_graph,13.7612146491897,11.767132314851555
UGA-single,2005,5,real_interest_rate,2010,xgb_blind,13.7612146491897,2.359931320819527
UGA-single,2005,5,real_interest_rate,2010,xgb_graph,13.7612146491897,5.063131893168698
UGA-single,2005,5,real_interest_rate,2010,lgbm_blind,13.7612146491897,2.359931320819527
UGA-single,2005,5,real_interest_rate,2010,lgbm_graph,13.7612146491897,1.0383842180532863
UGA-single,2005,5,real_interest_rate,2010,tft,13.7612146491897,2.359931320819527
UGA-single,2005,10,real_interest_rate,2015,persistence,16.5546646041457,5.210887684447101
UGA-single,2005,10,real_interest_rate,2015,arima,16.5546646041457,0.31177644776575875
UGA-single,2005,10,real_interest_rate,2015,prophet,16.5546646041457,14.783077564099486
UGA-single,2005,10,real_interest_rate,2015,prophet_graph,16.5546646041457,30.734013750452977
UGA-single,2005,10,real_interest_rate,2015,xgb_blind,16.5546646041457,0.31177644776575875
UGA-single,2005,10,real_interest_rate,2015,xgb_graph,16.5546646041457,1.6208953780714808
UGA-single,2005,10,real_interest_rate,2015,lgbm_blind,16.5546646041457,0.31177644776575875
UGA-single,2005,10,real_interest_rate,2015,lgbm_graph,16.5546646041457,1.9904084128920374
UGA-single,2005,10,real_interest_rate,2015,tft,16.5546646041457,0.31177644776575875
UGA-single,2005,1,broad_money,2006,persistence,19.9141480378524,0.5912091075248007
UGA-single,2005,1,broad_money,2006,arima,19.9141480378524,0.5313993944372299
UGA-single,2005,1,broad_money,2006,prophet,19.9141480378524,0.7473984277261287
UGA-single,2005,1,broad_money,2006,prophet_graph,19.9141480378524,0.4021046570373983
UGA-single,2005,1,broad_money,2006,xgb_blind,19.9141480378524,0.5313993944372299
UGA-single,2005,1,broad_money,2006,xgb_graph,19.9141480378524,0.6902157716170478
UGA-single,2005,1,broad_money,2006,lgbm_blind,19.9141480378524,0.5313993944372299
UGA-single,2005,1,broad_money,2006,lgbm_graph,19.9141480378524,5.387216211578799
UGA-single,2005,1,broad_money,2006,tft,19.9141480378524,0.5313993944372299
UGA-single,2005,3,broad_money,2008,persistence,23.6176766205558,4.294737690228203
UGA-single,2005,3,broad_money,2008,arima,23.6176766205558,4.233171270295728
UGA-single,2005,3,broad_money,2008,prophet,23.6176766205558,1.4118059291152463
UGA-single,2005,3,broad_money,2008,prophet_graph,23.6176766205558,3.784164395300561
UGA-single,2005,3,broad_money,2008,xgb_blind,23.6176766205558,4.233171270295728
UGA-single,2005,3,broad_money,2008,xgb_graph,23.6176766205558,4.693720703197403
UGA-single,2005,3,broad_money,2008,lgbm_blind,23.6176766205558,4.233171270295728
UGA-single,2005,3,broad_money,2008,lgbm_graph,23.6176766205558,8.261457769026167
UGA-single,2005,3,broad_money,2008,tft,23.6176766205558,4.233171270295728
UGA-single,2005,5,broad_money,2010,persistence,17.3447697728192,1.9781691575084004
UGA-single,2005,5,broad_money,2010,arima,17.3447697728192,2.039737009953427
UGA-single,2005,5,broad_money,2010,prophet,17.3447697728192,6.407540657121551
UGA-single,2005,5,broad_money,2010,prophet_graph,17.3447697728192,2.8106516651563354
UGA-single,2005,5,broad_money,2010,xgb_blind,17.3447697728192,2.039737009953427
UGA-single,2005,5,broad_money,2010,xgb_graph,17.3447697728192,1.8169009119952548
UGA-single,2005,5,broad_money,2010,lgbm_blind,17.3447697728192,2.039737009953427
UGA-single,2005,5,broad_money,2010,lgbm_graph,17.3447697728192,1.335057726976249
UGA-single,2005,5,broad_money,2010,tft,17.3447697728192,2.039737009953427
UGA-single,2005,10,broad_money,2015,persistence,18.8439221029839,0.479016827343699
UGA-single,2005,10,broad_money,2015,arima,18.8439221029839,0.5405846809578279
UGA-single,2005,10,broad_money,2015,prophet,18.8439221029839,8.771314404250077
UGA-single,2005,10,broad_money,2015,prophet_graph,18.8439221029839,2.11561181437229
UGA-single,2005,10,broad_money,2015,xgb_blind,18.8439221029839,0.5405846809578279
UGA-single,2005,10,broad_money,2015,xgb_graph,18.8439221029839,0.40305753999561844
UGA-single,2005,10,broad_money,2015,lgbm_blind,18.8439221029839,0.5405846809578279
UGA-single,2005,10,broad_money,2015,lgbm_graph,18.8439221029839,0.9531813905001769
UGA-single,2005,10,broad_money,2015,tft,18.8439221029839,0.5405846809578279
UGA-single,2005,1,govt_consumption,2006,persistence,14.1023117957031,0.3904515969715998
UGA-single,2005,1,govt_consumption,2006,arima,14.1023117957031,0.5765903146658768
UGA-single,2005,1,govt_consumption,2006,prophet,14.1023117957031,2.6892153242225465
UGA-single,2005,1,govt_consumption,2006,prophet_graph,14.1023117957031,1.1050935555611847
UGA-single,2005,1,govt_consumption,2006,xgb_blind,14.1023117957031,0.5765903146658768
UGA-single,2005,1,govt_consumption,2006,xgb_graph,14.1023117957031,0.3883822503174077
UGA-single,2005,1,govt_consumption,2006,lgbm_blind,14.1023117957031,0.5765903146658768
UGA-single,2005,1,govt_consumption,2006,lgbm_graph,14.1023117957031,1.1453927613809967
UGA-single,2005,1,govt_consumption,2006,tft,14.1023117957031,0.5765903146658768
UGA-single,2005,3,govt_consumption,2008,persistence,11.2108868131021,3.2818765795726
UGA-single,2005,3,govt_consumption,2008,arima,11.2108868131021,3.542833386606505
UGA-single,2005,3,govt_consumption,2008,prophet,11.2108868131021,6.562495974340315
UGA-single,2005,3,govt_consumption,2008,prophet_graph,11.2108868131021,5.669920837301252
UGA-single,2005,3,govt_consumption,2008,xgb_blind,11.2108868131021,3.542833386606505
UGA-single,2005,3,govt_consumption,2008,xgb_graph,11.2108868131021,3.3144294253012205
UGA-single,2005,3,govt_consumption,2008,lgbm_blind,11.2108868131021,3.542833386606505
UGA-single,2005,3,govt_consumption,2008,lgbm_graph,11.2108868131021,2.316552744486918
UGA-single,2005,3,govt_consumption,2008,tft,11.2108868131021,3.542833386606505
UGA-single,2005,5,govt_consumption,2010,persistence,8.27345406223707,6.21930933043763
UGA-single,2005,5,govt_consumption,2010,arima,8.27345406223707,6.487337572096608
UGA-single,2005,5,govt_consumption,2010,prophet,8.27345406223707,10.483129400485831
UGA-single,2005,5,govt_consumption,2010,prophet_graph,8.27345406223707,10.283048219221977
UGA-single,2005,5,govt_consumption,2010,xgb_blind,8.27345406223707,6.487337572096608
UGA-single,2005,5,govt_consumption,2010,xgb_graph,8.27345406223707,6.023976929889395
UGA-single,2005,5,govt_consumption,2010,lgbm_blind,8.27345406223707,6.487337572096608
UGA-single,2005,5,govt_consumption,2010,lgbm_graph,8.27345406223707,5.632087964629497
UGA-single,2005,5,govt_consumption,2010,tft,8.27345406223707,6.487337572096608
UGA-single,2005,10,govt_consumption,2015,persistence,8.95453398978222,5.53822940289248
UGA-single,2005,10,govt_consumption,2015,arima,8.95453398978222,5.806993737828018
UGA-single,2005,10,govt_consumption,2015,prophet,8.95453398978222,12.258033649496312
UGA-single,2005,10,govt_consumption,2015,prophet_graph,8.95453398978222,13.787766371441123
UGA-single,2005,10,govt_consumption,2015,xgb_blind,8.95453398978222,5.806993737828018
UGA-single,2005,10,govt_consumption,2015,xgb_graph,8.95453398978222,5.924342696313971
UGA-single,2005,10,govt_consumption,2015,lgbm_blind,8.95453398978222,5.806993737828018
UGA-single,2005,10,govt_consumption,2015,lgbm_graph,8.95453398978222,6.212758923018887
UGA-single,2005,10,govt_consumption,2015,tft,8.95453398978222,5.806993737828018
UGA-single,2006,1,gdp_growth,2007,persistence,8.41242596551071,2.37231842023459
UGA-single,2006,1,gdp_growth,2007,arima,8.41242596551071,0.5563568009075777
UGA-single,2006,1,gdp_growth,2007,prophet,8.41242596551071,0.8625451542604514
UGA-single,2006,1,gdp_growth,2007,prophet_graph,8.41242596551071,0.8625451542604514
UGA-single,2006,1,gdp_growth,2007,xgb_blind,8.41242596551071,0.5563568009075777
UGA-single,2006,1,gdp_growth,2007,xgb_graph,8.41242596551071,0.5563568009075777
UGA-single,2006,1,gdp_growth,2007,lgbm_blind,8.41242596551071,0.5563568009075777
UGA-single,2006,1,gdp_growth,2007,lgbm_graph,8.41242596551071,0.5563568009075777
UGA-single,2006,1,gdp_growth,2007,tft,8.41242596551071,0.5563568009075777
UGA-single,2006,3,gdp_growth,2009,persistence,6.80151734860395,3.9832270371413507
UGA-single,2006,3,gdp_growth,2009,arima,6.80151734860395,2.6058459073273372
UGA-single,2006,3,gdp_growth,2009,prophet,6.80151734860395,0.9063212258496218
UGA-single,2006,3,gdp_growth,2009,prophet_graph,6.80151734860395,0.9063212258496218
UGA-single,2006,3,gdp_growth,2009,xgb_blind,6.80151734860395,2.6058459073273372
UGA-single,2006,3,gdp_growth,2009,xgb_graph,6.80151734860395,2.6058459073273372
UGA-single,2006,3,gdp_growth,2009,lgbm_blind,6.80151734860395,2.6058459073273372
UGA-single,2006,3,gdp_growth,2009,lgbm_graph,6.80151734860395,2.6058459073273372
UGA-single,2006,3,gdp_growth,2009,tft,6.80151734860395,2.6058459073273372
UGA-single,2006,5,gdp_growth,2011,persistence,9.3916554927176,1.3930888930277003
UGA-single,2006,5,gdp_growth,2011,arima,9.3916554927176,0.08867322787015652
UGA-single,2006,5,gdp_growth,2011,prophet,9.3916554927176,1.5260752395521004
UGA-single,2006,5,gdp_growth,2011,prophet_graph,9.3916554927176,1.5260752395521004
UGA-single,2006,5,gdp_growth,2011,xgb_blind,9.3916554927176,0.08867322787015652
UGA-single,2006,5,gdp_growth,2011,xgb_graph,9.3916554927176,0.08867322787015652
UGA-single,2006,5,gdp_growth,2011,lgbm_blind,9.3916554927176,0.08867322787015652
UGA-single,2006,5,gdp_growth,2011,lgbm_graph,9.3916554927176,0.08867322787015652
UGA-single,2006,5,gdp_growth,2011,tft,9.3916554927176,0.08867322787015652
UGA-single,2006,10,gdp_growth,2016,persistence,4.78100029254482,6.00374409320048
UGA-single,2006,10,gdp_growth,2016,arima,4.78100029254482,4.714054472832797
UGA-single,2006,10,gdp_growth,2016,prophet,4.78100029254482,3.479150241891886
UGA-single,2006,10,gdp_growth,2016,prophet_graph,4.78100029254482,3.479150241891886
UGA-single,2006,10,gdp_growth,2016,xgb_blind,4.78100029254482,4.714054472832797
UGA-single,2006,10,gdp_growth,2016,xgb_graph,4.78100029254482,4.714054472832797
UGA-single,2006,10,gdp_growth,2016,lgbm_blind,4.78100029254482,4.714054472832797
UGA-single,2006,10,gdp_growth,2016,lgbm_graph,4.78100029254482,4.714054472832797
UGA-single,2006,10,gdp_growth,2016,tft,4.78100029254482,4.714054472832797
UGA-single,2006,1,unemployment,2007,persistence,2.667,0.403
UGA-single,2006,1,unemployment,2007,arima,2.667,0.32567264955759034
UGA-single,2006,1,unemployment,2007,prophet,2.667,0.05935078651590153
UGA-single,2006,1,unemployment,2007,prophet_graph,2.667,0.05935078651590153
UGA-single,2006,1,unemployment,2007,xgb_blind,2.667,0.32567264955759034
UGA-single,2006,1,unemployment,2007,xgb_graph,2.667,0.32567264955759034
UGA-single,2006,1,unemployment,2007,lgbm_blind,2.667,0.32567264955759034
UGA-single,2006,1,unemployment,2007,lgbm_graph,2.667,0.32567264955759034
UGA-single,2006,1,unemployment,2007,tft,2.667,0.32567264955759034
UGA-single,2006,3,unemployment,2009,persistence,3.6,1.3360000000000003
UGA-single,2006,3,unemployment,2009,arima,3.6,1.2387556306816028
UGA-single,2006,3,unemployment,2009,prophet,3.6,0.9850238199521777
UGA-single,2006,3,unemployment,2009,prophet_graph,3.6,0.9850238199521777
UGA-single,2006,3,unemployment,2009,xgb_blind,3.6,1.2387556306816028
UGA-single,2006,3,unemployment,2009,xgb_graph,3.6,1.2387556306816028
UGA-single,2006,3,unemployment,2009,lgbm_blind,3.6,1.2387556306816028
UGA-single,2006,3,unemployment,2009,lgbm_graph,3.6,1.2387556306816028
UGA-single,2006,3,unemployment,2009,tft,3.6,1.2387556306816028
UGA-single,2006,5,unemployment,2011,persistence,3.523,1.2590000000000003
UGA-single,2006,5,unemployment,2011,arima,3.523,1.1608567794309184
UGA-single,2006,5,unemployment,2011,prophet,3.523,1.0192460671774826
UGA-single,2006,5,unemployment,2011,prophet_graph,3.523,1.0192460671774826
UGA-single,2006,5,unemployment,2011,xgb_blind,3.523,1.1608567794309184
UGA-single,2006,5,unemployment,2011,xgb_graph,3.523,1.1608567794309184
UGA-single,2006,5,unemployment,2011,lgbm_blind,3.523,1.1608567794309184
UGA-single,2006,5,unemployment,2011,lgbm_graph,3.523,1.1608567794309184
UGA-single,2006,5,unemployment,2011,tft,3.523,1.1608567794309184
UGA-single,2006,10,unemployment,2016,persistence,3.002,0.738
UGA-single,2006,10,unemployment,2016,arima,3.002,0.6398143156133416
UGA-single,2006,10,unemployment,2016,prophet,3.002,0.7764540444835184
UGA-single,2006,10,unemployment,2016,prophet_graph,3.002,0.7764540444835184
UGA-single,2006,10,unemployment,2016,xgb_blind,3.002,0.6398143156133416
UGA-single,2006,10,unemployment,2016,xgb_graph,3.002,0.6398143156133416
UGA-single,2006,10,unemployment,2016,lgbm_blind,3.002,0.6398143156133416
UGA-single,2006,10,unemployment,2016,lgbm_graph,3.002,0.6398143156133416
UGA-single,2006,10,unemployment,2016,tft,3.002,0.6398143156133416
UGA-single,2006,1,exports_gdp,2007,persistence,16.7250685273524,1.449655143981099
UGA-single,2006,1,exports_gdp,2007,arima,16.7250685273524,1.800524561862467
UGA-single,2006,1,exports_gdp,2007,prophet,16.7250685273524,2.253411940034468
UGA-single,2006,1,exports_gdp,2007,prophet_graph,16.7250685273524,1.255415804818579
UGA-single,2006,1,exports_gdp,2007,xgb_blind,16.7250685273524,1.800524561862467
UGA-single,2006,1,exports_gdp,2007,xgb_graph,16.7250685273524,1.8388952790613828
UGA-single,2006,1,exports_gdp,2007,lgbm_blind,16.7250685273524,1.800524561862467
UGA-single,2006,1,exports_gdp,2007,lgbm_graph,16.7250685273524,5.602987158190793
UGA-single,2006,1,exports_gdp,2007,tft,16.7250685273524,1.800524561862467
UGA-single,2006,3,exports_gdp,2009,persistence,18.6135663082242,3.338152924852901
UGA-single,2006,3,exports_gdp,2009,arima,18.6135663082242,3.6126453772595966
UGA-single,2006,3,exports_gdp,2009,prophet,18.6135663082242,3.346891909477405
UGA-single,2006,3,exports_gdp,2009,prophet_graph,18.6135663082242,1.6868641325039277
UGA-single,2006,3,exports_gdp,2009,xgb_blind,18.6135663082242,3.6126453772595966
UGA-single,2006,3,exports_gdp,2009,xgb_graph,18.6135663082242,3.986715226376056
UGA-single,2006,3,exports_gdp,2009,lgbm_blind,18.6135663082242,3.6126453772595966
UGA-single,2006,3,exports_gdp,2009,lgbm_graph,18.6135663082242,7.061581793715272
UGA-single,2006,3,exports_gdp,2009,tft,18.6135663082242,3.6126453772595966
UGA-single,2006,5,exports_gdp,2011,persistence,12.8557239406741,2.4196894426971998
UGA-single,2006,5,exports_gdp,2011,arima,12.8557239406741,2.1530287523341567
UGA-single,2006,5,exports_gdp,2011,prophet,12.8557239406741,3.2048806938361345
UGA-single,2006,5,exports_gdp,2011,prophet_graph,12.8557239406741,5.526034460526493
UGA-single,2006,5,exports_gdp,2011,xgb_blind,12.8557239406741,2.1530287523341567
UGA-single,2006,5,exports_gdp,2011,xgb_graph,12.8557239406741,1.9641555911862518
UGA-single,2006,5,exports_gdp,2011,lgbm_blind,12.8557239406741,2.1530287523341567
UGA-single,2006,5,exports_gdp,2011,lgbm_graph,12.8557239406741,0.6953299078778752
UGA-single,2006,5,exports_gdp,2011,tft,12.8557239406741,2.1530287523341567
UGA-single,2006,10,exports_gdp,2016,persistence,12.4271644156806,2.848248967690699
UGA-single,2006,10,exports_gdp,2016,arima,12.4271644156806,2.582486123032668
UGA-single,2006,10,exports_gdp,2016,prophet,12.4271644156806,5.619353383903654
UGA-single,2006,10,exports_gdp,2016,prophet_graph,12.4271644156806,9.594227776926925
UGA-single,2006,10,exports_gdp,2016,xgb_blind,12.4271644156806,2.582486123032668
UGA-single,2006,10,exports_gdp,2016,xgb_graph,12.4271644156806,2.35913815084772
UGA-single,2006,10,exports_gdp,2016,lgbm_blind,12.4271644156806,2.582486123032668
UGA-single,2006,10,exports_gdp,2016,lgbm_graph,12.4271644156806,0.009808878266049703
UGA-single,2006,10,exports_gdp,2016,tft,12.4271644156806,2.582486123032668
UGA-single,2006,1,imports_gdp,2007,persistence,30.0523481249298,1.6944757186806
UGA-single,2006,1,imports_gdp,2007,arima,30.0523481249298,1.9598931256360963
UGA-single,2006,1,imports_gdp,2007,prophet,30.0523481249298,4.296526409160613
UGA-single,2006,1,imports_gdp,2007,prophet_graph,30.0523481249298,4.999254705065653
UGA-single,2006,1,imports_gdp,2007,xgb_blind,30.0523481249298,1.9598931256360963
UGA-single,2006,1,imports_gdp,2007,xgb_graph,30.0523481249298,6.802382457205191
UGA-single,2006,1,imports_gdp,2007,lgbm_blind,30.0523481249298,1.9598931256360963
UGA-single,2006,1,imports_gdp,2007,lgbm_graph,30.0523481249298,7.061957466551199
UGA-single,2006,1,imports_gdp,2007,tft,30.0523481249298,1.9598931256360963
UGA-single,2006,3,imports_gdp,2009,persistence,28.4503117666136,0.09243936036439848
UGA-single,2006,3,imports_gdp,2009,arima,28.4503117666136,0.3394643918264677
UGA-single,2006,3,imports_gdp,2009,prophet,28.4503117666136,2.031783419905551
UGA-single,2006,3,imports_gdp,2009,prophet_graph,28.4503117666136,3.2427784222513267
UGA-single,2006,3,imports_gdp,2009,xgb_blind,28.4503117666136,0.3394643918264677
UGA-single,2006,3,imports_gdp,2009,xgb_graph,28.4503117666136,0.7238808736692626
UGA-single,2006,3,imports_gdp,2009,lgbm_blind,28.4503117666136,0.3394643918264677
UGA-single,2006,3,imports_gdp,2009,lgbm_graph,28.4503117666136,5.477638622954281
UGA-single,2006,3,imports_gdp,2009,tft,28.4503117666136,0.3394643918264677
UGA-single,2006,5,imports_gdp,2011,persistence,26.899501619938,1.4583707863111997
UGA-single,2006,5,imports_gdp,2011,arima,26.899501619938,1.2114489558694217
UGA-single,2006,5,imports_gdp,2011,prophet,26.899501619938,0.18082678229038862
UGA-single,2006,5,imports_gdp,2011,prophet_graph,26.899501619938,1.5377396232041391
UGA-single,2006,5,imports_gdp,2011,xgb_blind,26.899501619938,1.2114489558694217
UGA-single,2006,5,imports_gdp,2011,xgb_graph,26.899501619938,3.277587710025891
UGA-single,2006,5,imports_gdp,2011,lgbm_blind,26.899501619938,1.2114489558694217
UGA-single,2006,5,imports_gdp,2011,lgbm_graph,26.899501619938,3.4543944778074653
UGA-single,2006,5,imports_gdp,2011,tft,26.899501619938,1.2114489558694217
UGA-single,2006,10,imports_gdp,2016,persistence,18.7821976075312,9.575674798718001
UGA-single,2006,10,imports_gdp,2016,arima,18.7821976075312,9.328753550613918
UGA-single,2006,10,imports_gdp,2016,prophet,18.7821976075312,9.953537508916565
UGA-single,2006,10,imports_gdp,2016,prophet_graph,18.7821976075312,6.965347292258169
UGA-single,2006,10,imports_gdp,2016,xgb_blind,18.7821976075312,9.328753550613918
UGA-single,2006,10,imports_gdp,2016,xgb_graph,18.7821976075312,8.89760433338677
UGA-single,2006,10,imports_gdp,2016,lgbm_blind,18.7821976075312,9.328753550613918
UGA-single,2006,10,imports_gdp,2016,lgbm_graph,18.7821976075312,5.804758689117101
UGA-single,2006,10,imports_gdp,2016,tft,18.7821976075312,9.328753550613918
UGA-single,2006,1,current_account,2007,persistence,-4.72875221684934,1.5397161749879902
UGA-single,2006,1,current_account,2007,arima,-4.72875221684934,1.702367835412303
UGA-single,2006,1,current_account,2007,prophet,-4.72875221684934,3.3283058467112507
UGA-single,2006,1,current_account,2007,prophet_graph,-4.72875221684934,3.3283058467112507
UGA-single,2006,1,current_account,2007,xgb_blind,-4.72875221684934,1.702367835412303
UGA-single,2006,1,current_account,2007,xgb_graph,-4.72875221684934,1.702367835412303
UGA-single,2006,1,current_account,2007,lgbm_blind,-4.72875221684934,1.702367835412303
UGA-single,2006,1,current_account,2007,lgbm_graph,-4.72875221684934,1.702367835412303
UGA-single,2006,1,current_account,2007,tft,-4.72875221684934,1.702367835412303
UGA-single,2006,3,current_account,2009,persistence,-4.1708492322474,0.9818131903860494
UGA-single,2006,3,current_account,2009,arima,-4.1708492322474,1.1377477891056107
UGA-single,2006,3,current_account,2009,prophet,-4.1708492322474,3.307995862171252
UGA-single,2006,3,current_account,2009,prophet_graph,-4.1708492322474,3.307995862171252
UGA-single,2006,3,current_account,2009,xgb_blind,-4.1708492322474,1.1377477891056107
UGA-single,2006,3,current_account,2009,xgb_graph,-4.1708492322474,1.1377477891056107
UGA-single,2006,3,current_account,2009,lgbm_blind,-4.1708492322474,1.1377477891056107
UGA-single,2006,3,current_account,2009,lgbm_graph,-4.1708492322474,1.1377477891056107
UGA-single,2006,3,current_account,2009,tft,-4.1708492322474,1.1377477891056107
UGA-single,2006,5,current_account,2011,persistence,-7.48878445953833,4.29974841767698
UGA-single,2006,5,current_account,2011,arima,-7.48878445953833,4.455670503945996
UGA-single,2006,5,current_account,2011,prophet,-7.48878445953833,7.162788668183412
UGA-single,2006,5,current_account,2011,prophet_graph,-7.48878445953833,7.162788668183412
UGA-single,2006,5,current_account,2011,xgb_blind,-7.48878445953833,4.455670503945996
UGA-single,2006,5,current_account,2011,xgb_graph,-7.48878445953833,4.455670503945996
UGA-single,2006,5,current_account,2011,lgbm_blind,-7.48878445953833,4.455670503945996
UGA-single,2006,5,current_account,2011,lgbm_graph,-7.48878445953833,4.455670503945996
UGA-single,2006,5,current_account,2011,tft,-7.48878445953833,4.455670503945996
UGA-single,2006,10,current_account,2016,persistence,-2.85393787294637,0.3350981689149801
UGA-single,2006,10,current_account,2016,arima,-2.85393787294637,0.17917610599748812
UGA-single,2006,10,current_account,2016,prophet,-2.85393787294637,3.8708214497352365
UGA-single,2006,10,current_account,2016,prophet_graph,-2.85393787294637,3.8708214497352365
UGA-single,2006,10,current_account,2016,xgb_blind,-2.85393787294637,0.17917610599748812
UGA-single,2006,10,current_account,2016,xgb_graph,-2.85393787294637,0.17917610599748812
UGA-single,2006,10,current_account,2016,lgbm_blind,-2.85393787294637,0.17917610599748812
UGA-single,2006,10,current_account,2016,lgbm_graph,-2.85393787294637,0.17917610599748812
UGA-single,2006,10,current_account,2016,tft,-2.85393787294637,0.17917610599748812
UGA-single,2006,1,real_interest_rate,2007,persistence,10.9806235436646,4.928380812754002
UGA-single,2006,1,real_interest_rate,2007,arima,10.9806235436646,7.5006098857919135
UGA-single,2006,1,real_interest_rate,2007,prophet,10.9806235436646,9.763943596995166
UGA-single,2006,1,real_interest_rate,2007,prophet_graph,10.9806235436646,3.903568012239024
UGA-single,2006,1,real_interest_rate,2007,xgb_blind,10.9806235436646,7.5006098857919135
UGA-single,2006,1,real_interest_rate,2007,xgb_graph,10.9806235436646,4.303989111975049
UGA-single,2006,1,real_interest_rate,2007,lgbm_blind,10.9806235436646,7.5006098857919135
UGA-single,2006,1,real_interest_rate,2007,lgbm_graph,10.9806235436646,0.9054671223910802
UGA-single,2006,1,real_interest_rate,2007,tft,10.9806235436646,7.5006098857919135
UGA-single,2006,3,real_interest_rate,2009,persistence,-34.7434429588376,50.6524473152562
UGA-single,2006,3,real_interest_rate,2009,arima,-34.7434429588376,52.591125950738274
UGA-single,2006,3,real_interest_rate,2009,prophet,-34.7434429588376,57.66669058182967
UGA-single,2006,3,real_interest_rate,2009,prophet_graph,-34.7434429588376,43.13076304639994
UGA-single,2006,3,real_interest_rate,2009,xgb_blind,-34.7434429588376,52.591125950738274
UGA-single,2006,3,real_interest_rate,2009,xgb_graph,-34.7434429588376,50.903095668798535
UGA-single,2006,3,real_interest_rate,2009,lgbm_blind,-34.7434429588376,52.591125950738274
UGA-single,2006,3,real_interest_rate,2009,lgbm_graph,-34.7434429588376,48.14488712147885
UGA-single,2006,3,real_interest_rate,2009,tft,-34.7434429588376,52.591125950738274
UGA-single,2006,5,real_interest_rate,2011,persistence,11.3734989307615,4.535505425657101
UGA-single,2006,5,real_interest_rate,2011,arima,11.3734989307615,6.351971153640672
UGA-single,2006,5,real_interest_rate,2011,prophet,11.3734989307615,13.72544876350634
UGA-single,2006,5,real_interest_rate,2011,prophet_graph,11.3734989307615,9.474162662472953
UGA-single,2006,5,real_interest_rate,2011,xgb_blind,11.3734989307615,6.351971153640672
UGA-single,2006,5,real_interest_rate,2011,xgb_graph,11.3734989307615,8.121038422754125
UGA-single,2006,5,real_interest_rate,2011,lgbm_blind,11.3734989307615,6.351971153640672
UGA-single,2006,5,real_interest_rate,2011,lgbm_graph,11.3734989307615,3.518550381830053
UGA-single,2006,5,real_interest_rate,2011,tft,11.3734989307615,6.351971153640672
UGA-single,2006,10,real_interest_rate,2016,persistence,18.2333937267573,2.3243893703386984
UGA-single,2006,10,real_interest_rate,2016,arima,18.2333937267573,0.537610683266351
UGA-single,2006,10,real_interest_rate,2016,prophet,18.2333937267573,12.307784556756491
UGA-single,2006,10,real_interest_rate,2016,prophet_graph,18.2333937267573,32.5629046557207
UGA-single,2006,10,real_interest_rate,2016,xgb_blind,18.2333937267573,0.537610683266351
UGA-single,2006,10,real_interest_rate,2016,xgb_graph,18.2333937267573,8.981733379772436
UGA-single,2006,10,real_interest_rate,2016,lgbm_blind,18.2333937267573,0.537610683266351
UGA-single,2006,10,real_interest_rate,2016,lgbm_graph,18.2333937267573,3.477030675479048
UGA-single,2006,10,real_interest_rate,2016,tft,18.2333937267573,0.537610683266351
UGA-single,2006,1,broad_money,2007,persistence,20.8754529821104,0.961304944258
UGA-single,2006,1,broad_money,2007,arima,20.8754529821104,0.9236515102288863
UGA-single,2006,1,broad_money,2007,prophet,20.8754529821104,0.3848280706155762
UGA-single,2006,1,broad_money,2007,prophet_graph,20.8754529821104,0.7796446507278425
UGA-single,2006,1,broad_money,2007,xgb_blind,20.8754529821104,0.9236515102288863
UGA-single,2006,1,broad_money,2007,xgb_graph,20.8754529821104,1.6126870977109853
UGA-single,2006,1,broad_money,2007,lgbm_blind,20.8754529821104,0.9236515102288863
UGA-single,2006,1,broad_money,2007,lgbm_graph,20.8754529821104,6.011820124310869
UGA-single,2006,1,broad_money,2007,tft,20.8754529821104,0.9236515102288863
UGA-single,2006,3,broad_money,2009,persistence,14.0172749693774,5.896873068474999
UGA-single,2006,3,broad_money,2009,arima,14.0172749693774,5.937077339317156
UGA-single,2006,3,broad_money,2009,prophet,14.0172749693774,8.76056083836825
UGA-single,2006,3,broad_money,2009,prophet_graph,14.0172749693774,6.42356366558511
UGA-single,2006,3,broad_money,2009,xgb_blind,14.0172749693774,5.937077339317156
UGA-single,2006,3,broad_money,2009,xgb_graph,14.0172749693774,3.649949914655803
UGA-single,2006,3,broad_money,2009,lgbm_blind,14.0172749693774,5.937077339317156
UGA-single,2006,3,broad_money,2009,lgbm_graph,14.0172749693774,1.6645102735207242
UGA-single,2006,3,broad_money,2009,tft,14.0172749693774,5.937077339317156
UGA-single,2006,5,broad_money,2011,persistence,16.3928799610343,3.5212680768180995
UGA-single,2006,5,broad_money,2011,arima,16.3928799610343,3.5614826945453366
UGA-single,2006,5,broad_money,2011,prophet,16.3928799610343,7.9004346034341495
UGA-single,2006,5,broad_money,2011,prophet_graph,16.3928799610343,4.392516979828848
UGA-single,2006,5,broad_money,2011,xgb_blind,16.3928799610343,3.5614826945453366
UGA-single,2006,5,broad_money,2011,xgb_graph,16.3928799610343,2.9780478496346454
UGA-single,2006,5,broad_money,2011,lgbm_blind,16.3928799610343,3.5614826945453366
UGA-single,2006,5,broad_money,2011,lgbm_graph,16.3928799610343,0.05779822478755392
UGA-single,2006,5,broad_money,2011,tft,16.3928799610343,3.5614826945453366
UGA-single,2006,10,broad_money,2016,persistence,19.0748437204022,0.8393043174501997
UGA-single,2006,10,broad_money,2016,arima,19.0748437204022,0.8795189773180958
UGA-single,2006,10,broad_money,2016,prophet,19.0748437204022,9.009243734170127
UGA-single,2006,10,broad_money,2016,prophet_graph,19.0748437204022,2.5724209828918596
UGA-single,2006,10,broad_money,2016,xgb_blind,19.0748437204022,0.8795189773180958
UGA-single,2006,10,broad_money,2016,xgb_graph,19.0748437204022,0.490812941585105
UGA-single,2006,10,broad_money,2016,lgbm_blind,19.0748437204022,0.8795189773180958
UGA-single,2006,10,broad_money,2016,lgbm_graph,19.0748437204022,0.8950447767463672
UGA-single,2006,10,broad_money,2016,tft,19.0748437204022,0.8795189773180958
UGA-single,2006,1,govt_consumption,2007,persistence,12.8930348105775,1.2092769851255998
UGA-single,2006,1,govt_consumption,2007,arima,12.8930348105775,1.0964303123789847
UGA-single,2006,1,govt_consumption,2007,prophet,12.8930348105775,3.7613053181104625
UGA-single,2006,1,govt_consumption,2007,prophet_graph,12.8930348105775,1.5535296875484867
UGA-single,2006,1,govt_consumption,2007,xgb_blind,12.8930348105775,1.0964303123789847
UGA-single,2006,1,govt_consumption,2007,xgb_graph,12.8930348105775,1.0278464607848043
UGA-single,2006,1,govt_consumption,2007,lgbm_blind,12.8930348105775,1.0964303123789847
UGA-single,2006,1,govt_consumption,2007,lgbm_graph,12.8930348105775,0.13547128960026456
UGA-single,2006,1,govt_consumption,2007,tft,12.8930348105775,1.0964303123789847
UGA-single,2006,3,govt_consumption,2009,persistence,6.58533254689826,7.51697924880484
UGA-single,2006,3,govt_consumption,2009,arima,6.58533254689826,7.362092010722544
UGA-single,2006,3,govt_consumption,2009,prophet,6.58533254689826,10.947434592332986
UGA-single,2006,3,govt_consumption,2009,prophet_graph,6.58533254689826,9.04971976650019
UGA-single,2006,3,govt_consumption,2009,xgb_blind,6.58533254689826,7.362092010722544
UGA-single,2006,3,govt_consumption,2009,xgb_graph,6.58533254689826,7.49197515421258
UGA-single,2006,3,govt_consumption,2009,lgbm_blind,6.58533254689826,7.362092010722544
UGA-single,2006,3,govt_consumption,2009,lgbm_graph,6.58533254689826,6.983169334292449
UGA-single,2006,3,govt_consumption,2009,tft,6.58533254689826,7.362092010722544
UGA-single,2006,5,govt_consumption,2011,persistence,15.3978037954044,1.2954919997012997
UGA-single,2006,5,govt_consumption,2011,arima,15.3978037954044,1.4538908912902393
UGA-single,2006,5,govt_consumption,2011,prophet,15.3978037954044,3.0121886758331478
UGA-single,2006,5,govt_consumption,2011,prophet_graph,15.3978037954044,1.4241104949419316
UGA-single,2006,5,govt_consumption,2011,xgb_blind,15.3978037954044,1.4538908912902393
UGA-single,2006,5,govt_consumption,2011,xgb_graph,15.3978037954044,0.9144063115787162
UGA-single,2006,5,govt_consumption,2011,lgbm_blind,15.3978037954044,1.4538908912902393
UGA-single,2006,5,govt_consumption,2011,lgbm_graph,15.3978037954044,1.4758642634423236
UGA-single,2006,5,govt_consumption,2011,tft,15.3978037954044,1.4538908912902393
UGA-single,2006,10,govt_consumption,2016,persistence,7.3519468435187,6.7503649521844
UGA-single,2006,10,govt_consumption,2016,arima,7.3519468435187,6.591646642207403
UGA-single,2006,10,govt_consumption,2016,prophet,7.3519468435187,13.252310636271577
UGA-single,2006,10,govt_consumption,2016,prophet_graph,7.3519468435187,12.438748227521913
UGA-single,2006,10,govt_consumption,2016,xgb_blind,7.3519468435187,6.591646642207403
UGA-single,2006,10,govt_consumption,2016,xgb_graph,7.3519468435187,7.620875345812355
UGA-single,2006,10,govt_consumption,2016,lgbm_blind,7.3519468435187,6.591646642207403
UGA-single,2006,10,govt_consumption,2016,lgbm_graph,7.3519468435187,7.66320595145549
UGA-single,2006,10,govt_consumption,2016,tft,7.3519468435187,6.591646642207403
UGA-single,2007,1,gdp_growth,2008,persistence,8.70875190154499,0.2963259360342789
UGA-single,2007,1,gdp_growth,2008,arima,8.70875190154499,0.7091667199779685
UGA-single,2007,1,gdp_growth,2008,prophet,8.70875190154499,0.88251902664223
UGA-single,2007,1,gdp_growth,2008,prophet_graph,8.70875190154499,0.88251902664223
UGA-single,2007,1,gdp_growth,2008,xgb_blind,8.70875190154499,0.7091667199779685
UGA-single,2007,1,gdp_growth,2008,xgb_graph,8.70875190154499,0.7091667199779685
UGA-single,2007,1,gdp_growth,2008,lgbm_blind,8.70875190154499,0.7091667199779685
UGA-single,2007,1,gdp_growth,2008,lgbm_graph,8.70875190154499,0.7091667199779685
UGA-single,2007,1,gdp_growth,2008,tft,8.70875190154499,0.7091667199779685
UGA-single,2007,3,gdp_growth,2010,persistence,5.63761163749757,2.7748143280131403
UGA-single,2007,3,gdp_growth,2010,arima,5.63761163749757,3.5347654299062343
UGA-single,2007,3,gdp_growth,2010,prophet,5.63761163749757,2.3778394275035994
UGA-single,2007,3,gdp_growth,2010,prophet_graph,5.63761163749757,2.3778394275035994
UGA-single,2007,3,gdp_growth,2010,xgb_blind,5.63761163749757,3.5347654299062343
UGA-single,2007,3,gdp_growth,2010,xgb_graph,5.63761163749757,3.5347654299062343
UGA-single,2007,3,gdp_growth,2010,lgbm_blind,5.63761163749757,3.5347654299062343
UGA-single,2007,3,gdp_growth,2010,lgbm_graph,5.63761163749757,3.5347654299062343
UGA-single,2007,3,gdp_growth,2010,tft,5.63761163749757,3.5347654299062343
UGA-single,2007,5,gdp_growth,2012,persistence,3.83745560605229,4.574970359458421
UGA-single,2007,5,gdp_growth,2012,arima,3.83745560605229,5.290811483051867
UGA-single,2007,5,gdp_growth,2012,prophet,3.83745560605229,4.366954800634025
UGA-single,2007,5,gdp_growth,2012,prophet_graph,3.83745560605229,4.366954800634025
UGA-single,2007,5,gdp_growth,2012,xgb_blind,3.83745560605229,5.290811483051867
UGA-single,2007,5,gdp_growth,2012,xgb_graph,3.83745560605229,5.290811483051867
UGA-single,2007,5,gdp_growth,2012,lgbm_blind,3.83745560605229,5.290811483051867
UGA-single,2007,5,gdp_growth,2012,lgbm_graph,3.83745560605229,5.290811483051867
UGA-single,2007,5,gdp_growth,2012,tft,3.83745560605229,5.290811483051867
UGA-single,2007,10,gdp_growth,2017,persistence,3.13140551723596,5.2810204482747505
UGA-single,2007,10,gdp_growth,2017,arima,3.13140551723596,5.987070138933678
UGA-single,2007,10,gdp_growth,2017,prophet,3.13140551723596,5.545920940489747
UGA-single,2007,10,gdp_growth,2017,prophet_graph,3.13140551723596,5.545920940489747
UGA-single,2007,10,gdp_growth,2017,xgb_blind,3.13140551723596,5.987070138933678
UGA-single,2007,10,gdp_growth,2017,xgb_graph,3.13140551723596,5.987070138933678
UGA-single,2007,10,gdp_growth,2017,lgbm_blind,3.13140551723596,5.987070138933678
UGA-single,2007,10,gdp_growth,2017,lgbm_graph,3.13140551723596,5.987070138933678
UGA-single,2007,10,gdp_growth,2017,tft,3.13140551723596,5.987070138933678
UGA-single,2007,1,unemployment,2008,persistence,3.035,0.3680000000000003
UGA-single,2007,1,unemployment,2008,arima,3.035,0.2566497556342964
UGA-single,2007,1,unemployment,2008,prophet,3.035,0.37756132452033064
UGA-single,2007,1,unemployment,2008,prophet_graph,3.035,0.37756132452033064
UGA-single,2007,1,unemployment,2008,xgb_blind,3.035,0.2566497556342964
UGA-single,2007,1,unemployment,2008,xgb_graph,3.035,0.2566497556342964
UGA-single,2007,1,unemployment,2008,lgbm_blind,3.035,0.2566497556342964
UGA-single,2007,1,unemployment,2008,lgbm_graph,3.035,0.2566497556342964
UGA-single,2007,1,unemployment,2008,tft,3.035,0.2566497556342964
UGA-single,2007,3,unemployment,2010,persistence,3.623,0.9560000000000004
UGA-single,2007,3,unemployment,2010,arima,3.623,0.8053824405605159
UGA-single,2007,3,unemployment,2010,prophet,3.623,1.079105413725796
UGA-single,2007,3,unemployment,2010,prophet_graph,3.623,1.079105413725796
UGA-single,2007,3,unemployment,2010,xgb_blind,3.623,0.8053824405605159
UGA-single,2007,3,unemployment,2010,xgb_graph,3.623,0.8053824405605159
UGA-single,2007,3,unemployment,2010,lgbm_blind,3.623,0.8053824405605159
UGA-single,2007,3,unemployment,2010,lgbm_graph,3.623,0.8053824405605159
UGA-single,2007,3,unemployment,2010,tft,3.623,0.8053824405605159
UGA-single,2007,5,unemployment,2012,persistence,3.551,0.8840000000000003
UGA-single,2007,5,unemployment,2012,arima,3.551,0.7303846349796026
UGA-single,2007,5,unemployment,2012,prophet,3.551,1.1204941758598448
UGA-single,2007,5,unemployment,2012,prophet_graph,3.551,1.1204941758598448
UGA-single,2007,5,unemployment,2012,xgb_blind,3.551,0.7303846349796026
UGA-single,2007,5,unemployment,2012,xgb_graph,3.551,0.7303846349796026
UGA-single,2007,5,unemployment,2012,lgbm_blind,3.551,0.7303846349796026
UGA-single,2007,5,unemployment,2012,lgbm_graph,3.551,0.7303846349796026
UGA-single,2007,5,unemployment,2012,tft,3.551,0.7303846349796026
UGA-single,2007,10,unemployment,2017,persistence,3.428,0.7610000000000001
UGA-single,2007,10,unemployment,2017,arima,3.428,0.6071372545731402
UGA-single,2007,10,unemployment,2017,prophet,3.428,1.2812767353377992
UGA-single,2007,10,unemployment,2017,prophet_graph,3.428,1.2812767353377992
UGA-single,2007,10,unemployment,2017,xgb_blind,3.428,0.6071372545731402
UGA-single,2007,10,unemployment,2017,xgb_graph,3.428,0.6071372545731402
UGA-single,2007,10,unemployment,2017,lgbm_blind,3.428,0.6071372545731402
UGA-single,2007,10,unemployment,2017,lgbm_graph,3.428,0.6071372545731402
UGA-single,2007,10,unemployment,2017,tft,3.428,0.6071372545731402
UGA-single,2007,1,exports_gdp,2008,persistence,24.2801423442251,7.555073816872703
UGA-single,2007,1,exports_gdp,2008,arima,24.2801423442251,7.963346562412731
UGA-single,2007,1,exports_gdp,2008,prophet,24.2801423442251,8.926052861561043
UGA-single,2007,1,exports_gdp,2008,prophet_graph,24.2801423442251,7.779873618746791
UGA-single,2007,1,exports_gdp,2008,xgb_blind,24.2801423442251,7.963346562412731
UGA-single,2007,1,exports_gdp,2008,xgb_graph,24.2801423442251,8.37393525956934
UGA-single,2007,1,exports_gdp,2008,lgbm_blind,24.2801423442251,7.963346562412731
UGA-single,2007,1,exports_gdp,2008,lgbm_graph,24.2801423442251,12.82847346466003
UGA-single,2007,1,exports_gdp,2008,tft,24.2801423442251,7.963346562412731
UGA-single,2007,3,exports_gdp,2010,persistence,13.8244828747602,2.9005856525921985
UGA-single,2007,3,exports_gdp,2010,arima,13.8244828747602,2.5749132042077
UGA-single,2007,3,exports_gdp,2010,prophet,13.8244828747602,2.4021702947898795
UGA-single,2007,3,exports_gdp,2010,prophet_graph,13.8244828747602,3.7479747754425716
UGA-single,2007,3,exports_gdp,2010,xgb_blind,13.8244828747602,2.5749132042077
UGA-single,2007,3,exports_gdp,2010,xgb_graph,13.8244828747602,0.7278213931231008
UGA-single,2007,3,exports_gdp,2010,lgbm_blind,13.8244828747602,2.5749132042077
UGA-single,2007,3,exports_gdp,2010,lgbm_graph,13.8244828747602,1.9276260581504996
UGA-single,2007,3,exports_gdp,2010,tft,13.8244828747602,2.5749132042077
UGA-single,2007,5,exports_gdp,2012,persistence,15.4917287700064,1.2333397573459983
UGA-single,2007,5,exports_gdp,2012,arima,15.4917287700064,0.9142189936264202
UGA-single,2007,5,exports_gdp,2012,prophet,15.4917287700064,1.6062944288553034
UGA-single,2007,5,exports_gdp,2012,prophet_graph,15.4917287700064,3.151451062205748
UGA-single,2007,5,exports_gdp,2012,xgb_blind,15.4917287700064,0.9142189936264202
UGA-single,2007,5,exports_gdp,2012,xgb_graph,15.4917287700064,1.352408396471244
UGA-single,2007,5,exports_gdp,2012,lgbm_blind,15.4917287700064,0.9142189936264202
UGA-single,2007,5,exports_gdp,2012,lgbm_graph,15.4917287700064,2.980205890039077
UGA-single,2007,5,exports_gdp,2012,tft,15.4917287700064,0.9142189936264202
UGA-single,2007,10,exports_gdp,2017,persistence,16.6611294211705,0.06393910618189835
UGA-single,2007,10,exports_gdp,2017,arima,16.6611294211705,0.25461622147377483
UGA-single,2007,10,exports_gdp,2017,prophet,16.6611294211705,2.617706166119053
UGA-single,2007,10,exports_gdp,2017,prophet_graph,16.6611294211705,4.661789351495255
UGA-single,2007,10,exports_gdp,2017,xgb_blind,16.6611294211705,0.25461622147377483
UGA-single,2007,10,exports_gdp,2017,xgb_graph,16.6611294211705,2.6747831763584884
UGA-single,2007,10,exports_gdp,2017,lgbm_blind,16.6611294211705,0.25461622147377483
UGA-single,2007,10,exports_gdp,2017,lgbm_graph,16.6611294211705,3.7053096951802047
UGA-single,2007,10,exports_gdp,2017,tft,16.6611294211705,0.25461622147377483
UGA-single,2007,1,imports_gdp,2008,persistence,31.9781258608383,1.9257777359085004
UGA-single,2007,1,imports_gdp,2008,arima,31.9781258608383,1.9108710448446722
UGA-single,2007,1,imports_gdp,2008,prophet,31.9781258608383,4.920530276082712
UGA-single,2007,1,imports_gdp,2008,prophet_graph,31.9781258608383,5.3222231874180785
UGA-single,2007,1,imports_gdp,2008,xgb_blind,31.9781258608383,1.9108710448446722
UGA-single,2007,1,imports_gdp,2008,xgb_graph,31.9781258608383,2.835412314085371
UGA-single,2007,1,imports_gdp,2008,lgbm_blind,31.9781258608383,1.9108710448446722
UGA-single,2007,1,imports_gdp,2008,lgbm_graph,31.9781258608383,8.572325995115644
UGA-single,2007,1,imports_gdp,2008,tft,31.9781258608383,1.9108710448446722
UGA-single,2007,3,imports_gdp,2010,persistence,24.4447661623689,5.6075819625609
UGA-single,2007,3,imports_gdp,2010,arima,24.4447661623689,5.622620944848105
UGA-single,2007,3,imports_gdp,2010,prophet,24.4447661623689,3.429723654352536
UGA-single,2007,3,imports_gdp,2010,prophet_graph,24.4447661623689,2.5792026502497905
UGA-single,2007,3,imports_gdp,2010,xgb_blind,24.4447661623689,5.622620944848105
UGA-single,2007,3,imports_gdp,2010,xgb_graph,24.4447661623689,3.24168288853442
UGA-single,2007,3,imports_gdp,2010,lgbm_blind,24.4447661623689,5.622620944848105
UGA-single,2007,3,imports_gdp,2010,lgbm_graph,24.4447661623689,1.0001147494050322
UGA-single,2007,3,imports_gdp,2010,tft,24.4447661623689,5.622620944848105
UGA-single,2007,5,imports_gdp,2012,persistence,28.010408369725,2.041939755204801
UGA-single,2007,5,imports_gdp,2012,arima,28.010408369725,2.056978747730188
UGA-single,2007,5,imports_gdp,2012,prophet,28.010408369725,0.679858176592969
UGA-single,2007,5,imports_gdp,2012,prophet_graph,28.010408369725,0.6188769283581799
UGA-single,2007,5,imports_gdp,2012,xgb_blind,28.010408369725,2.056978747730188
UGA-single,2007,5,imports_gdp,2012,xgb_graph,28.010408369725,1.2336235364029307
UGA-single,2007,5,imports_gdp,2012,lgbm_blind,28.010408369725,2.056978747730188
UGA-single,2007,5,imports_gdp,2012,lgbm_graph,28.010408369725,4.057051993663926
UGA-single,2007,5,imports_gdp,2012,tft,28.010408369725,2.056978747730188
UGA-single,2007,10,imports_gdp,2017,persistence,20.1759235122395,9.8764246126903
UGA-single,2007,10,imports_gdp,2017,arima,20.1759235122395,9.89146360521648
UGA-single,2007,10,imports_gdp,2017,prophet,20.1759235122395,10.556019862808427
UGA-single,2007,10,imports_gdp,2017,prophet_graph,20.1759235122395,8.135521521898319
UGA-single,2007,10,imports_gdp,2017,xgb_blind,20.1759235122395,9.89146360521648
UGA-single,2007,10,imports_gdp,2017,xgb_graph,20.1759235122395,8.264990641813235
UGA-single,2007,10,imports_gdp,2017,lgbm_blind,20.1759235122395,9.89146360521648
UGA-single,2007,10,imports_gdp,2017,lgbm_graph,20.1759235122395,5.094206645231203
UGA-single,2007,10,imports_gdp,2017,tft,20.1759235122395,9.89146360521648
UGA-single,2007,1,current_account,2008,persistence,-8.47510327903427,3.74635106218493
UGA-single,2007,1,current_account,2008,arima,-8.47510327903427,3.5766962124977857
UGA-single,2007,1,current_account,2008,prophet,-8.47510327903427,6.607687919350171
UGA-single,2007,1,current_account,2008,prophet_graph,-8.47510327903427,6.607687919350171
UGA-single,2007,1,current_account,2008,xgb_blind,-8.47510327903427,3.5766962124977857
UGA-single,2007,1,current_account,2008,xgb_graph,-8.47510327903427,3.5766962124977857
UGA-single,2007,1,current_account,2008,lgbm_blind,-8.47510327903427,3.5766962124977857
UGA-single,2007,1,current_account,2008,lgbm_graph,-8.47510327903427,3.5766962124977857
UGA-single,2007,1,current_account,2008,tft,-8.47510327903427,3.5766962124977857
UGA-single,2007,3,current_account,2010,persistence,-6.0351181457015,1.30636592885216
UGA-single,2007,3,current_account,2010,arima,-6.0351181457015,1.115957760665669
UGA-single,2007,3,current_account,2010,prophet,-6.0351181457015,4.58875470653162
UGA-single,2007,3,current_account,2010,prophet_graph,-6.0351181457015,4.58875470653162
UGA-single,2007,3,current_account,2010,xgb_blind,-6.0351181457015,1.115957760665669
UGA-single,2007,3,current_account,2010,xgb_graph,-6.0351181457015,1.115957760665669
UGA-single,2007,3,current_account,2010,lgbm_blind,-6.0351181457015,1.115957760665669
UGA-single,2007,3,current_account,2010,lgbm_graph,-6.0351181457015,1.115957760665669
UGA-single,2007,3,current_account,2010,tft,-6.0351181457015,1.115957760665669
UGA-single,2007,5,current_account,2012,persistence,-6.0631263873337,1.3343741704843595
UGA-single,2007,5,current_account,2012,arima,-6.0631263873337,1.1437140381411597
UGA-single,2007,5,current_account,2012,prophet,-6.0631263873337,5.037238874258728
UGA-single,2007,5,current_account,2012,prophet_graph,-6.0631263873337,5.037238874258728
UGA-single,2007,5,current_account,2012,xgb_blind,-6.0631263873337,1.1437140381411597
UGA-single,2007,5,current_account,2012,xgb_graph,-6.0631263873337,1.1437140381411597
UGA-single,2007,5,current_account,2012,lgbm_blind,-6.0631263873337,1.1437140381411597
UGA-single,2007,5,current_account,2012,lgbm_graph,-6.0631263873337,1.1437140381411597
UGA-single,2007,5,current_account,2012,tft,-6.0631263873337,1.1437140381411597
UGA-single,2007,10,current_account,2017,persistence,-4.88278660173815,0.15403438488880994
UGA-single,2007,10,current_account,2017,arima,-4.88278660173815,0.03662884407445155
UGA-single,2007,10,current_account,2017,prophet,-4.88278660173815,4.909240892739069
UGA-single,2007,10,current_account,2017,prophet_graph,-4.88278660173815,4.909240892739069
UGA-single,2007,10,current_account,2017,xgb_blind,-4.88278660173815,0.03662884407445155
UGA-single,2007,10,current_account,2017,xgb_graph,-4.88278660173815,0.03662884407445155
UGA-single,2007,10,current_account,2017,lgbm_blind,-4.88278660173815,0.03662884407445155
UGA-single,2007,10,current_account,2017,lgbm_graph,-4.88278660173815,0.03662884407445155
UGA-single,2007,10,current_account,2017,tft,-4.88278660173815,0.03662884407445155
UGA-single,2007,1,real_interest_rate,2008,persistence,13.2429702962502,2.2623467525856
UGA-single,2007,1,real_interest_rate,2008,arima,13.2429702962502,0.24338776575996945
UGA-single,2007,1,real_interest_rate,2008,prophet,13.2429702962502,6.426362923119772
UGA-single,2007,1,real_interest_rate,2008,prophet_graph,13.2429702962502,1.007289433058622
UGA-single,2007,1,real_interest_rate,2008,xgb_blind,13.2429702962502,0.24338776575996945
UGA-single,2007,1,real_interest_rate,2008,xgb_graph,13.2429702962502,1.8297556127174843
UGA-single,2007,1,real_interest_rate,2008,lgbm_blind,13.2429702962502,0.24338776575996945
UGA-single,2007,1,real_interest_rate,2008,lgbm_graph,13.2429702962502,1.41014241965431
UGA-single,2007,1,real_interest_rate,2008,tft,13.2429702962502,0.24338776575996945
UGA-single,2007,3,real_interest_rate,2010,persistence,13.7612146491897,2.780591105525101
UGA-single,2007,3,real_interest_rate,2010,arima,13.7612146491897,1.249894393132223
UGA-single,2007,3,real_interest_rate,2010,prophet,13.7612146491897,7.74372701012075
UGA-single,2007,3,real_interest_rate,2010,prophet_graph,13.7612146491897,4.7827141023802096
UGA-single,2007,3,real_interest_rate,2010,xgb_blind,13.7612146491897,1.249894393132223
UGA-single,2007,3,real_interest_rate,2010,xgb_graph,13.7612146491897,4.3242288475144015
UGA-single,2007,3,real_interest_rate,2010,lgbm_blind,13.7612146491897,1.249894393132223
UGA-single,2007,3,real_interest_rate,2010,lgbm_graph,13.7612146491897,0.5211585477085805
UGA-single,2007,3,real_interest_rate,2010,tft,13.7612146491897,1.249894393132223
UGA-single,2007,5,real_interest_rate,2012,persistence,21.4880791448606,10.507455601196
UGA-single,2007,5,real_interest_rate,2012,arima,21.4880791448606,9.058699584548805
UGA-single,2007,5,real_interest_rate,2012,prophet,21.4880791448606,1.849959862133229
UGA-single,2007,5,real_interest_rate,2012,prophet_graph,21.4880791448606,15.76230312740667
UGA-single,2007,5,real_interest_rate,2012,xgb_blind,21.4880791448606,9.058699584548805
UGA-single,2007,5,real_interest_rate,2012,xgb_graph,21.4880791448606,10.626163556481693
UGA-single,2007,5,real_interest_rate,2012,lgbm_blind,21.4880791448606,9.058699584548805
UGA-single,2007,5,real_interest_rate,2012,lgbm_graph,21.4880791448606,6.896908760526916
UGA-single,2007,5,real_interest_rate,2012,tft,21.4880791448606,9.058699584548805
UGA-single,2007,10,real_interest_rate,2017,persistence,15.8908471114542,4.9102235677896005
UGA-single,2007,10,real_interest_rate,2017,arima,15.8908471114542,3.478182746082945
UGA-single,2007,10,real_interest_rate,2017,prophet,15.8908471114542,12.03495744926228
UGA-single,2007,10,real_interest_rate,2017,prophet_graph,15.8908471114542,18.305793991442215
UGA-single,2007,10,real_interest_rate,2017,xgb_blind,15.8908471114542,3.478182746082945
UGA-single,2007,10,real_interest_rate,2017,xgb_graph,15.8908471114542,4.776410008182715
UGA-single,2007,10,real_interest_rate,2017,lgbm_blind,15.8908471114542,3.478182746082945
UGA-single,2007,10,real_interest_rate,2017,lgbm_graph,15.8908471114542,1.6064515359308231
UGA-single,2007,10,real_interest_rate,2017,tft,15.8908471114542,3.478182746082945
UGA-single,2007,1,broad_money,2008,persistence,23.6176766205558,2.7422236384454024
UGA-single,2007,1,broad_money,2008,arima,23.6176766205558,2.6645076010561795
UGA-single,2007,1,broad_money,2008,prophet,23.6176766205558,1.6851056811988698
UGA-single,2007,1,broad_money,2008,prophet_graph,23.6176766205558,2.84888131271315
UGA-single,2007,1,broad_money,2008,xgb_blind,23.6176766205558,2.6645076010561795
UGA-single,2007,1,broad_money,2008,xgb_graph,23.6176766205558,3.6312588501700596
UGA-single,2007,1,broad_money,2008,lgbm_blind,23.6176766205558,2.6645076010561795
UGA-single,2007,1,broad_money,2008,lgbm_graph,23.6176766205558,8.400407340178246
UGA-single,2007,1,broad_money,2008,tft,23.6176766205558,2.6645076010561795
UGA-single,2007,3,broad_money,2010,persistence,17.3447697728192,3.530683209291201
UGA-single,2007,3,broad_money,2010,arima,17.3447697728192,3.6151900829994688
UGA-single,2007,3,broad_money,2010,prophet,17.3447697728192,6.0916148955257725
UGA-single,2007,3,broad_money,2010,prophet_graph,17.3447697728192,3.5766717288524035
UGA-single,2007,3,broad_money,2010,xgb_blind,17.3447697728192,3.6151900829994688
UGA-single,2007,3,broad_money,2010,xgb_graph,17.3447697728192,2.478081408211075
UGA-single,2007,3,broad_money,2010,lgbm_blind,17.3447697728192,3.6151900829994688
UGA-single,2007,3,broad_money,2010,lgbm_graph,17.3447697728192,1.316740076672552
UGA-single,2007,3,broad_money,2010,tft,17.3447697728192,3.6151900829994688
UGA-single,2007,5,broad_money,2012,persistence,17.5610483784277,3.3144046036827
UGA-single,2007,5,broad_money,2012,arima,17.5610483784277,3.3989558609585053
UGA-single,2007,5,broad_money,2012,prophet,17.5610483784277,7.377092818181669
UGA-single,2007,5,broad_money,2012,prophet_graph,17.5610483784277,3.512830498750237
UGA-single,2007,5,broad_money,2012,xgb_blind,17.5610483784277,3.3989558609585053
UGA-single,2007,5,broad_money,2012,xgb_graph,17.5610483784277,1.61439336351566
UGA-single,2007,5,broad_money,2012,lgbm_blind,17.5610483784277,3.3989558609585053
UGA-single,2007,5,broad_money,2012,lgbm_graph,17.5610483784277,0.8767073879210123
UGA-single,2007,5,broad_money,2012,tft,17.5610483784277,3.3989558609585053
UGA-single,2007,10,broad_money,2017,persistence,19.9186068571647,0.9568461249456988
UGA-single,2007,10,broad_money,2017,arima,19.9186068571647,1.0413976742111366
UGA-single,2007,10,broad_money,2017,prophet,19.9186068571647,8.778040061552943
UGA-single,2007,10,broad_money,2017,prophet_graph,19.9186068571647,1.5367830954243011
UGA-single,2007,10,broad_money,2017,xgb_blind,19.9186068571647,1.0413976742111366
UGA-single,2007,10,broad_money,2017,xgb_graph,19.9186068571647,0.03307809461752598
UGA-single,2007,10,broad_money,2017,lgbm_blind,19.9186068571647,1.0413976742111366
UGA-single,2007,10,broad_money,2017,lgbm_graph,19.9186068571647,1.401851276262601
UGA-single,2007,10,broad_money,2017,tft,19.9186068571647,1.0413976742111366
UGA-single,2007,1,govt_consumption,2008,persistence,11.2108868131021,1.6821479974754006
UGA-single,2007,1,govt_consumption,2008,arima,11.2108868131021,1.304395007872035
UGA-single,2007,1,govt_consumption,2008,prophet,11.2108868131021,5.048704940084505
UGA-single,2007,1,govt_consumption,2008,prophet_graph,11.2108868131021,2.2798945210294033
UGA-single,2007,1,govt_consumption,2008,xgb_blind,11.2108868131021,1.304395007872035
UGA-single,2007,1,govt_consumption,2008,xgb_graph,11.2108868131021,1.75409235865083
UGA-single,2007,1,govt_consumption,2008,lgbm_blind,11.2108868131021,1.304395007872035
UGA-single,2007,1,govt_consumption,2008,lgbm_graph,11.2108868131021,1.8096503950062406
UGA-single,2007,1,govt_consumption,2008,tft,11.2108868131021,1.304395007872035
UGA-single,2007,3,govt_consumption,2010,persistence,8.27345406223707,4.6195807483404305
UGA-single,2007,3,govt_consumption,2010,arima,8.27345406223707,4.086964150195204
UGA-single,2007,3,govt_consumption,2010,prophet,8.27345406223707,8.733189150736157
UGA-single,2007,3,govt_consumption,2010,prophet_graph,8.27345406223707,6.410430110740119
UGA-single,2007,3,govt_consumption,2010,xgb_blind,8.27345406223707,4.086964150195204
UGA-single,2007,3,govt_consumption,2010,xgb_graph,8.27345406223707,5.564774163470938
UGA-single,2007,3,govt_consumption,2010,lgbm_blind,8.27345406223707,4.086964150195204
UGA-single,2007,3,govt_consumption,2010,lgbm_graph,8.27345406223707,5.250016689207429
UGA-single,2007,3,govt_consumption,2010,tft,8.27345406223707,4.086964150195204
UGA-single,2007,5,govt_consumption,2012,persistence,7.59446464218355,5.29857016839395
UGA-single,2007,5,govt_consumption,2012,arima,7.59446464218355,4.750841859926616
UGA-single,2007,5,govt_consumption,2012,prophet,7.59446464218355,10.15820807235498
UGA-single,2007,5,govt_consumption,2012,prophet_graph,7.59446464218355,8.280890218012999
UGA-single,2007,5,govt_consumption,2012,xgb_blind,7.59446464218355,4.750841859926616
UGA-single,2007,5,govt_consumption,2012,xgb_graph,7.59446464218355,6.19977249465727
UGA-single,2007,5,govt_consumption,2012,lgbm_blind,7.59446464218355,4.750841859926616
UGA-single,2007,5,govt_consumption,2012,lgbm_graph,7.59446464218355,6.248328382319717
UGA-single,2007,5,govt_consumption,2012,tft,7.59446464218355,4.750841859926616
UGA-single,2007,10,govt_consumption,2017,persistence,8.00943502980076,4.8835997807767395
UGA-single,2007,10,govt_consumption,2017,arima,8.00943502980076,4.33424226706121
UGA-single,2007,10,govt_consumption,2017,prophet,8.00943502980076,11.610355355093672
UGA-single,2007,10,govt_consumption,2017,prophet_graph,8.00943502980076,10.847860851696852
UGA-single,2007,10,govt_consumption,2017,xgb_blind,8.00943502980076,4.33424226706121
UGA-single,2007,10,govt_consumption,2017,xgb_graph,8.00943502980076,5.119687704269063
UGA-single,2007,10,govt_consumption,2017,lgbm_blind,8.00943502980076,4.33424226706121
UGA-single,2007,10,govt_consumption,2017,lgbm_graph,8.00943502980076,6.740453032676351
UGA-single,2007,10,govt_consumption,2017,tft,8.00943502980076,4.33424226706121
UGA-single,2008,1,gdp_growth,2009,persistence,6.80151734860395,1.9072345529410395
UGA-single,2008,1,gdp_growth,2009,arima,6.80151734860395,1.7841415500558995
UGA-single,2008,1,gdp_growth,2009,prophet,6.80151734860395,1.3016597858350938
UGA-single,2008,1,gdp_growth,2009,prophet_graph,6.80151734860395,1.3016597858350938
UGA-single,2008,1,gdp_growth,2009,xgb_blind,6.80151734860395,1.7841415500558995
UGA-single,2008,1,gdp_growth,2009,xgb_graph,6.80151734860395,1.7841415500558995
UGA-single,2008,1,gdp_growth,2009,lgbm_blind,6.80151734860395,1.7841415500558995
UGA-single,2008,1,gdp_growth,2009,lgbm_graph,6.80151734860395,1.7841415500558995
UGA-single,2008,1,gdp_growth,2009,tft,6.80151734860395,1.7841415500558995
UGA-single,2008,3,gdp_growth,2011,persistence,9.3916554927176,0.6829035911726109
UGA-single,2008,3,gdp_growth,2011,arima,9.3916554927176,0.7761043952455164
UGA-single,2008,3,gdp_growth,2011,prophet,9.3916554927176,1.0716416117005814
UGA-single,2008,3,gdp_growth,2011,prophet_graph,9.3916554927176,1.0716416117005814
UGA-single,2008,3,gdp_growth,2011,xgb_blind,9.3916554927176,0.7761043952455164
UGA-single,2008,3,gdp_growth,2011,xgb_graph,9.3916554927176,0.7761043952455164
UGA-single,2008,3,gdp_growth,2011,lgbm_blind,9.3916554927176,0.7761043952455164
UGA-single,2008,3,gdp_growth,2011,lgbm_graph,9.3916554927176,0.7761043952455164
UGA-single,2008,3,gdp_growth,2011,tft,9.3916554927176,0.7761043952455164
UGA-single,2008,5,gdp_growth,2013,persistence,3.58690582623025,5.121846075314739
UGA-single,2008,5,gdp_growth,2013,arima,3.58690582623025,5.033803317887969
UGA-single,2008,5,gdp_growth,2013,prophet,3.58690582623025,4.950241838003889
UGA-single,2008,5,gdp_growth,2013,prophet_graph,3.58690582623025,4.950241838003889
UGA-single,2008,5,gdp_growth,2013,xgb_blind,3.58690582623025,5.033803317887969
UGA-single,2008,5,gdp_growth,2013,xgb_graph,3.58690582623025,5.033803317887969
UGA-single,2008,5,gdp_growth,2013,lgbm_blind,3.58690582623025,5.033803317887969
UGA-single,2008,5,gdp_growth,2013,lgbm_graph,3.58690582623025,5.033803317887969
UGA-single,2008,5,gdp_growth,2013,tft,3.58690582623025,5.033803317887969
UGA-single,2008,10,gdp_growth,2018,persistence,6.30392378262997,2.4048281189150194
UGA-single,2008,10,gdp_growth,2018,arima,6.30392378262997,2.3178743220311153
UGA-single,2008,10,gdp_growth,2018,prophet,6.30392378262997,2.775612784688252
UGA-single,2008,10,gdp_growth,2018,prophet_graph,6.30392378262997,2.775612784688252
UGA-single,2008,10,gdp_growth,2018,xgb_blind,6.30392378262997,2.3178743220311153
UGA-single,2008,10,gdp_growth,2018,xgb_graph,6.30392378262997,2.3178743220311153
UGA-single,2008,10,gdp_growth,2018,lgbm_blind,6.30392378262997,2.3178743220311153
UGA-single,2008,10,gdp_growth,2018,lgbm_graph,6.30392378262997,2.3178743220311153
UGA-single,2008,10,gdp_growth,2018,tft,6.30392378262997,2.3178743220311153
UGA-single,2008,1,unemployment,2009,persistence,3.6,0.565
UGA-single,2008,1,unemployment,2009,arima,3.6,0.4444274768836465
UGA-single,2008,1,unemployment,2009,prophet,3.6,0.9189488231585159
UGA-single,2008,1,unemployment,2009,prophet_graph,3.6,0.9189488231585159
UGA-single,2008,1,unemployment,2009,xgb_blind,3.6,0.4444274768836465
UGA-single,2008,1,unemployment,2009,xgb_graph,3.6,0.4444274768836465
UGA-single,2008,1,unemployment,2009,lgbm_blind,3.6,0.4444274768836465
UGA-single,2008,1,unemployment,2009,lgbm_graph,3.6,0.4444274768836465
UGA-single,2008,1,unemployment,2009,tft,3.6,0.4444274768836465
UGA-single,2008,3,unemployment,2011,persistence,3.523,0.488
UGA-single,2008,3,unemployment,2011,arima,3.523,0.314979335832243
UGA-single,2008,3,unemployment,2011,prophet,3.523,0.9432303762174445
UGA-single,2008,3,unemployment,2011,prophet_graph,3.523,0.9432303762174445
UGA-single,2008,3,unemployment,2011,xgb_blind,3.523,0.314979335832243
UGA-single,2008,3,unemployment,2011,xgb_graph,3.523,0.314979335832243
UGA-single,2008,3,unemployment,2011,lgbm_blind,3.523,0.314979335832243
UGA-single,2008,3,unemployment,2011,lgbm_graph,3.523,0.314979335832243
UGA-single,2008,3,unemployment,2011,tft,3.523,0.314979335832243
UGA-single,2008,5,unemployment,2013,persistence,1.91,1.1250000000000002
UGA-single,2008,5,unemployment,2013,arima,1.91,1.3036509593022483
UGA-single,2008,5,unemployment,2013,prophet,1.91,0.5683493288701216
UGA-single,2008,5,unemployment,2013,prophet_graph,1.91,0.5683493288701216
UGA-single,2008,5,unemployment,2013,xgb_blind,1.91,1.3036509593022483
UGA-single,2008,5,unemployment,2013,xgb_graph,1.91,1.3036509593022483
UGA-single,2008,5,unemployment,2013,lgbm_blind,1.91,1.3036509593022483
UGA-single,2008,5,unemployment,2013,lgbm_graph,1.91,1.3036509593022483
UGA-single,2008,5,unemployment,2013,tft,1.91,1.3036509593022483
UGA-single,2008,10,unemployment,2018,persistence,3.249,0.21399999999999997
UGA-single,2008,10,unemployment,2018,arima,3.249,0.034674500237284356
UGA-single,2008,10,unemployment,2018,prophet,3.249,1.0239932956307052
UGA-single,2008,10,unemployment,2018,prophet_graph,3.249,1.0239932956307052
UGA-single,2008,10,unemployment,2018,xgb_blind,3.249,0.034674500237284356
UGA-single,2008,10,unemployment,2018,xgb_graph,3.249,0.034674500237284356
UGA-single,2008,10,unemployment,2018,lgbm_blind,3.249,0.034674500237284356
UGA-single,2008,10,unemployment,2018,lgbm_graph,3.249,0.034674500237284356
UGA-single,2008,10,unemployment,2018,tft,3.249,0.034674500237284356
UGA-single,2008,1,exports_gdp,2009,persistence,18.6135663082242,5.666576036000901
UGA-single,2008,1,exports_gdp,2009,arima,18.6135663082242,5.212817536094896
UGA-single,2008,1,exports_gdp,2009,prophet,18.6135663082242,0.9379141558857711
UGA-single,2008,1,exports_gdp,2009,prophet_graph,18.6135663082242,3.7064565994202425
UGA-single,2008,1,exports_gdp,2009,xgb_blind,18.6135663082242,5.212817536094896
UGA-single,2008,1,exports_gdp,2009,xgb_graph,18.6135663082242,1.7319403598666199
UGA-single,2008,1,exports_gdp,2009,lgbm_blind,18.6135663082242,5.212817536094896
UGA-single,2008,1,exports_gdp,2009,lgbm_graph,18.6135663082242,6.449204486943614
UGA-single,2008,1,exports_gdp,2009,tft,18.6135663082242,5.212817536094896
UGA-single,2008,3,exports_gdp,2011,persistence,12.8557239406741,11.424418403551002
UGA-single,2008,3,exports_gdp,2011,arima,12.8557239406741,10.996275880359303
UGA-single,2008,3,exports_gdp,2011,prophet,12.8557239406741,5.9726788123887005
UGA-single,2008,3,exports_gdp,2011,prophet_graph,12.8557239406741,9.633473373876097
UGA-single,2008,3,exports_gdp,2011,xgb_blind,12.8557239406741,10.996275880359303
UGA-single,2008,3,exports_gdp,2011,xgb_graph,12.8557239406741,9.460199750121799
UGA-single,2008,3,exports_gdp,2011,lgbm_blind,12.8557239406741,10.996275880359303
UGA-single,2008,3,exports_gdp,2011,lgbm_graph,12.8557239406741,0.1849118106997345
UGA-single,2008,3,exports_gdp,2011,tft,12.8557239406741,10.996275880359303
UGA-single,2008,5,exports_gdp,2013,persistence,16.5130356713113,7.767106672913801
UGA-single,2008,5,exports_gdp,2013,arima,16.5130356713113,7.339056552077686
UGA-single,2008,5,exports_gdp,2013,prophet,16.5130356713113,3.46969679288782
UGA-single,2008,5,exports_gdp,2013,prophet_graph,16.5130356713113,6.145567795907532
UGA-single,2008,5,exports_gdp,2013,xgb_blind,16.5130356713113,7.339056552077686
UGA-single,2008,5,exports_gdp,2013,xgb_graph,16.5130356713113,2.7811862067404576
UGA-single,2008,5,exports_gdp,2013,lgbm_blind,16.5130356713113,7.339056552077686
UGA-single,2008,5,exports_gdp,2013,lgbm_graph,16.5130356713113,3.160897152024191
UGA-single,2008,5,exports_gdp,2013,tft,16.5130356713113,7.339056552077686
UGA-single,2008,10,exports_gdp,2018,persistence,15.0870530611511,9.193089283074002
UGA-single,2008,10,exports_gdp,2018,arima,15.0870530611511,8.765039496760075
UGA-single,2008,10,exports_gdp,2018,prophet,15.0870530611511,7.7791350152709065
UGA-single,2008,10,exports_gdp,2018,prophet_graph,15.0870530611511,7.994718169095005
UGA-single,2008,10,exports_gdp,2018,xgb_blind,15.0870530611511,8.765039496760075
UGA-single,2008,10,exports_gdp,2018,xgb_graph,15.0870530611511,6.831804513311791
UGA-single,2008,10,exports_gdp,2018,lgbm_blind,15.0870530611511,8.765039496760075
UGA-single,2008,10,exports_gdp,2018,lgbm_graph,15.0870530611511,0.8729753235547992
UGA-single,2008,10,exports_gdp,2018,tft,15.0870530611511,8.765039496760075
UGA-single,2008,1,imports_gdp,2009,persistence,28.4503117666136,3.527814094224702
UGA-single,2008,1,imports_gdp,2009,arima,28.4503117666136,3.6176175801762263
UGA-single,2008,1,imports_gdp,2009,prophet,28.4503117666136,0.0659961214827618
UGA-single,2008,1,imports_gdp,2009,prophet_graph,28.4503117666136,0.17431590573370315
UGA-single,2008,1,imports_gdp,2009,xgb_blind,28.4503117666136,3.6176175801762263
UGA-single,2008,1,imports_gdp,2009,xgb_graph,28.4503117666136,0.053993119250659305
UGA-single,2008,1,imports_gdp,2009,lgbm_blind,28.4503117666136,3.6176175801762263
UGA-single,2008,1,imports_gdp,2009,lgbm_graph,28.4503117666136,4.56827153088226
UGA-single,2008,1,imports_gdp,2009,tft,28.4503117666136,3.6176175801762263
UGA-single,2008,3,imports_gdp,2011,persistence,26.899501619938,5.0786242409003
UGA-single,2008,3,imports_gdp,2011,arima,26.899501619938,5.172810756124171
UGA-single,2008,3,imports_gdp,2011,prophet,26.899501619938,2.5910700960143345
UGA-single,2008,3,imports_gdp,2011,prophet_graph,26.899501619938,1.9070703620578442
UGA-single,2008,3,imports_gdp,2011,xgb_blind,26.899501619938,5.172810756124171
UGA-single,2008,3,imports_gdp,2011,xgb_graph,26.899501619938,4.108085812923328
UGA-single,2008,3,imports_gdp,2011,lgbm_blind,26.899501619938,5.172810756124171
UGA-single,2008,3,imports_gdp,2011,lgbm_graph,26.899501619938,2.9215080124169432
UGA-single,2008,3,imports_gdp,2011,tft,26.899501619938,5.172810756124171
UGA-single,2008,5,imports_gdp,2013,persistence,26.5961192021574,5.382006658680901
UGA-single,2008,5,imports_gdp,2013,arima,26.5961192021574,5.476202705123551
UGA-single,2008,5,imports_gdp,2013,prophet,26.5961192021574,3.870050949634269
UGA-single,2008,5,imports_gdp,2013,prophet_graph,26.5961192021574,2.7417557175586715
UGA-single,2008,5,imports_gdp,2013,xgb_blind,26.5961192021574,5.476202705123551
UGA-single,2008,5,imports_gdp,2013,xgb_graph,26.5961192021574,4.587545119742014
UGA-single,2008,5,imports_gdp,2013,lgbm_blind,26.5961192021574,5.476202705123551
UGA-single,2008,5,imports_gdp,2013,lgbm_graph,26.5961192021574,2.0695649582521973
UGA-single,2008,5,imports_gdp,2013,tft,26.5961192021574,5.476202705123551
UGA-single,2008,10,imports_gdp,2018,persistence,21.5513525388056,10.426773322032702
UGA-single,2008,10,imports_gdp,2018,arima,21.5513525388056,10.520969389246861
UGA-single,2008,10,imports_gdp,2018,prophet,21.5513525388056,11.351811790609364
UGA-single,2008,10,imports_gdp,2018,prophet_graph,21.5513525388056,9.113689500304613
UGA-single,2008,10,imports_gdp,2018,xgb_blind,21.5513525388056,10.520969389246861
UGA-single,2008,10,imports_gdp,2018,xgb_graph,21.5513525388056,6.889370880383854
UGA-single,2008,10,imports_gdp,2018,lgbm_blind,21.5513525388056,10.520969389246861
UGA-single,2008,10,imports_gdp,2018,lgbm_graph,21.5513525388056,4.4641105484882395
UGA-single,2008,10,imports_gdp,2018,tft,21.5513525388056,10.520969389246861
UGA-single,2008,1,current_account,2009,persistence,-4.1708492322474,4.304254046786871
UGA-single,2008,1,current_account,2009,arima,-4.1708492322474,5.170658756728325
UGA-single,2008,1,current_account,2009,prophet,-4.1708492322474,1.1313342352630111
UGA-single,2008,1,current_account,2009,prophet_graph,-4.1708492322474,1.1313342352630111
UGA-single,2008,1,current_account,2009,xgb_blind,-4.1708492322474,5.170658756728325
UGA-single,2008,1,current_account,2009,xgb_graph,-4.1708492322474,5.170658756728325
UGA-single,2008,1,current_account,2009,lgbm_blind,-4.1708492322474,5.170658756728325
UGA-single,2008,1,current_account,2009,lgbm_graph,-4.1708492322474,5.170658756728325
UGA-single,2008,1,current_account,2009,tft,-4.1708492322474,5.170658756728325
UGA-single,2008,3,current_account,2011,persistence,-7.48878445953833,0.9863188194959402
UGA-single,2008,3,current_account,2011,arima,-7.48878445953833,2.099432605374872
UGA-single,2008,3,current_account,2011,prophet,-7.48878445953833,4.662253684129797
UGA-single,2008,3,current_account,2011,prophet_graph,-7.48878445953833,4.662253684129797
UGA-single,2008,3,current_account,2011,xgb_blind,-7.48878445953833,2.099432605374872
UGA-single,2008,3,current_account,2011,xgb_graph,-7.48878445953833,2.099432605374872
UGA-single,2008,3,current_account,2011,lgbm_blind,-7.48878445953833,2.099432605374872
UGA-single,2008,3,current_account,2011,lgbm_graph,-7.48878445953833,2.099432605374872
UGA-single,2008,3,current_account,2011,tft,-7.48878445953833,2.099432605374872
UGA-single,2008,5,current_account,2013,persistence,-6.05719389968621,2.4179093793480604
UGA-single,2008,5,current_account,2013,arima,-6.05719389968621,3.5442181773101638
UGA-single,2008,5,current_account,2013,prophet,-6.05719389968621,3.4439391050611703
UGA-single,2008,5,current_account,2013,prophet_graph,-6.05719389968621,3.4439391050611703
UGA-single,2008,5,current_account,2013,xgb_blind,-6.05719389968621,3.5442181773101638
UGA-single,2008,5,current_account,2013,xgb_graph,-6.05719389968621,3.5442181773101638
UGA-single,2008,5,current_account,2013,lgbm_blind,-6.05719389968621,3.5442181773101638
UGA-single,2008,5,current_account,2013,lgbm_graph,-6.05719389968621,3.5442181773101638
UGA-single,2008,5,current_account,2013,tft,-6.05719389968621,3.5442181773101638
UGA-single,2008,10,current_account,2018,persistence,-6.32983605256251,2.14526722647176
UGA-single,2008,10,current_account,2018,arima,-6.32983605256251,3.2723211322868826
UGA-single,2008,10,current_account,2018,prophet,-6.32983605256251,4.2493335710847475
UGA-single,2008,10,current_account,2018,prophet_graph,-6.32983605256251,4.2493335710847475
UGA-single,2008,10,current_account,2018,xgb_blind,-6.32983605256251,3.2723211322868826
UGA-single,2008,10,current_account,2018,xgb_graph,-6.32983605256251,3.2723211322868826
UGA-single,2008,10,current_account,2018,lgbm_blind,-6.32983605256251,3.2723211322868826
UGA-single,2008,10,current_account,2018,lgbm_graph,-6.32983605256251,3.2723211322868826
UGA-single,2008,10,current_account,2018,tft,-6.32983605256251,3.2723211322868826
UGA-single,2008,1,real_interest_rate,2009,persistence,-34.7434429588376,47.9864132550878
UGA-single,2008,1,real_interest_rate,2009,arima,-34.7434429588376,47.054792224054715
UGA-single,2008,1,real_interest_rate,2009,prophet,-34.7434429588376,53.91070131811094
UGA-single,2008,1,real_interest_rate,2009,prophet_graph,-34.7434429588376,50.490180710159066
UGA-single,2008,1,real_interest_rate,2009,xgb_blind,-34.7434429588376,47.054792224054715
UGA-single,2008,1,real_interest_rate,2009,xgb_graph,-34.7434429588376,46.058310932165234
UGA-single,2008,1,real_interest_rate,2009,lgbm_blind,-34.7434429588376,47.054792224054715
UGA-single,2008,1,real_interest_rate,2009,lgbm_graph,-34.7434429588376,46.65461209043448
UGA-single,2008,1,real_interest_rate,2009,tft,-34.7434429588376,47.054792224054715
UGA-single,2008,3,real_interest_rate,2011,persistence,11.3734989307615,1.8694713654886996
UGA-single,2008,3,real_interest_rate,2011,arima,11.3734989307615,1.1635073179929911
UGA-single,2008,3,real_interest_rate,2011,prophet,11.3734989307615,9.420364027771
UGA-single,2008,3,real_interest_rate,2011,prophet_graph,11.3734989307615,0.93531590274001
UGA-single,2008,3,real_interest_rate,2011,xgb_blind,11.3734989307615,1.1635073179929911
UGA-single,2008,3,real_interest_rate,2011,xgb_graph,11.3734989307615,3.401555047204809
UGA-single,2008,3,real_interest_rate,2011,lgbm_blind,11.3734989307615,1.1635073179929911
UGA-single,2008,3,real_interest_rate,2011,lgbm_graph,11.3734989307615,1.8667393185404109
UGA-single,2008,3,real_interest_rate,2011,tft,11.3734989307615,1.1635073179929911
UGA-single,2008,5,real_interest_rate,2013,persistence,19.0146300185037,5.771659722253499
UGA-single,2008,5,real_interest_rate,2013,arima,19.0146300185037,6.439358127630426
UGA-single,2008,5,real_interest_rate,2013,prophet,19.0146300185037,3.4080657647663912
UGA-single,2008,5,real_interest_rate,2013,prophet_graph,19.0146300185037,10.148447586271196
UGA-single,2008,5,real_interest_rate,2013,xgb_blind,19.0146300185037,6.439358127630426
UGA-single,2008,5,real_interest_rate,2013,xgb_graph,19.0146300185037,7.72779625538114
UGA-single,2008,5,real_interest_rate,2013,lgbm_blind,19.0146300185037,6.439358127630426
UGA-single,2008,5,real_interest_rate,2013,lgbm_graph,19.0146300185037,4.519759628292865
UGA-single,2008,5,real_interest_rate,2013,tft,19.0146300185037,6.439358127630426
UGA-single,2008,10,real_interest_rate,2018,persistence,14.7478688039364,1.5048985076862014
UGA-single,2008,10,real_interest_rate,2018,arima,14.7478688039364,2.1646904743918878
UGA-single,2008,10,real_interest_rate,2018,prophet,14.7478688039364,11.743566702960019
UGA-single,2008,10,real_interest_rate,2018,prophet_graph,14.7478688039364,14.481203149702845
UGA-single,2008,10,real_interest_rate,2018,xgb_blind,14.7478688039364,2.1646904743918878
UGA-single,2008,10,real_interest_rate,2018,xgb_graph,14.7478688039364,2.6181500234188224
UGA-single,2008,10,real_interest_rate,2018,lgbm_blind,14.7478688039364,2.1646904743918878
UGA-single,2008,10,real_interest_rate,2018,lgbm_graph,14.7478688039364,0.57918712940298
UGA-single,2008,10,real_interest_rate,2018,tft,14.7478688039364,2.1646904743918878
UGA-single,2008,1,broad_money,2009,persistence,14.0172749693774,9.600401651178402
UGA-single,2008,1,broad_money,2009,arima,14.0172749693774,10.030919205107402
UGA-single,2008,1,broad_money,2009,prophet,14.0172749693774,9.028351442153387
UGA-single,2008,1,broad_money,2009,prophet_graph,14.0172749693774,8.754026195798687
UGA-single,2008,1,broad_money,2009,xgb_blind,14.0172749693774,10.030919205107402
UGA-single,2008,1,broad_money,2009,xgb_graph,14.0172749693774,6.822927362165569
UGA-single,2008,1,broad_money,2009,lgbm_blind,14.0172749693774,10.030919205107402
UGA-single,2008,1,broad_money,2009,lgbm_graph,14.0172749693774,1.6666835610486253
UGA-single,2008,1,broad_money,2009,tft,14.0172749693774,10.030919205107402
UGA-single,2008,3,broad_money,2011,persistence,16.3928799610343,7.224796659521502
UGA-single,2008,3,broad_money,2011,arima,16.3928799610343,7.7335149124265
UGA-single,2008,3,broad_money,2011,prophet,16.3928799610343,8.208878127168195
UGA-single,2008,3,broad_money,2011,prophet_graph,16.3928799610343,6.143698178825094
UGA-single,2008,3,broad_money,2011,xgb_blind,16.3928799610343,7.7335149124265
UGA-single,2008,3,broad_money,2011,xgb_graph,16.3928799610343,5.026587964991091
UGA-single,2008,3,broad_money,2011,lgbm_blind,16.3928799610343,7.7335149124265
UGA-single,2008,3,broad_money,2011,lgbm_graph,16.3928799610343,0.1095026154313068
UGA-single,2008,3,broad_money,2011,tft,16.3928799610343,7.7335149124265
UGA-single,2008,5,broad_money,2013,persistence,17.9866884362961,5.630988184259703
UGA-single,2008,5,broad_money,2013,arima,17.9866884362961,6.141633902706182
UGA-single,2008,5,broad_money,2013,prophet,17.9866884362961,8.17333301580642
UGA-single,2008,5,broad_money,2013,prophet_graph,17.9866884362961,4.314845139855748
UGA-single,2008,5,broad_money,2013,xgb_blind,17.9866884362961,6.141633902706182
UGA-single,2008,5,broad_money,2013,xgb_graph,17.9866884362961,1.3404844415451223
UGA-single,2008,5,broad_money,2013,lgbm_blind,17.9866884362961,6.141633902706182
UGA-single,2008,5,broad_money,2013,lgbm_graph,17.9866884362961,0.8071092464506044
UGA-single,2008,5,broad_money,2013,tft,17.9866884362961,6.141633902706182
UGA-single,2008,10,broad_money,2018,persistence,19.4171293137567,4.200547306799102
UGA-single,2008,10,broad_money,2018,arima,19.4171293137567,4.711241728688613
UGA-single,2008,10,broad_money,2018,prophet,19.4171293137567,10.635353017253408
UGA-single,2008,10,broad_money,2018,prophet_graph,19.4171293137567,2.2972751607125623
UGA-single,2008,10,broad_money,2018,xgb_blind,19.4171293137567,4.711241728688613
UGA-single,2008,10,broad_money,2018,xgb_graph,19.4171293137567,2.0086061598761127
UGA-single,2008,10,broad_money,2018,lgbm_blind,19.4171293137567,4.711241728688613
UGA-single,2008,10,broad_money,2018,lgbm_graph,19.4171293137567,0.3336048217048351
UGA-single,2008,10,broad_money,2018,tft,19.4171293137567,4.711241728688613
UGA-single,2008,1,govt_consumption,2009,persistence,6.58533254689826,4.62555426620384
UGA-single,2008,1,govt_consumption,2009,arima,6.58533254689826,3.9674135760100624
UGA-single,2008,1,govt_consumption,2009,prophet,6.58533254689826,8.979665304989084
UGA-single,2008,1,govt_consumption,2009,prophet_graph,6.58533254689826,5.835626436459587
UGA-single,2008,1,govt_consumption,2009,xgb_blind,6.58533254689826,3.9674135760100624
UGA-single,2008,1,govt_consumption,2009,xgb_graph,6.58533254689826,6.778500880530939
UGA-single,2008,1,govt_consumption,2009,lgbm_blind,6.58533254689826,3.9674135760100624
UGA-single,2008,1,govt_consumption,2009,lgbm_graph,6.58533254689826,6.334668536051908
UGA-single,2008,1,govt_consumption,2009,tft,6.58533254689826,3.9674135760100624
UGA-single,2008,3,govt_consumption,2011,persistence,15.3978037954044,4.1869169823023
UGA-single,2008,3,govt_consumption,2011,arima,15.3978037954044,5.203301331614629
UGA-single,2008,3,govt_consumption,2011,prophet,15.3978037954044,0.751836239542989
UGA-single,2008,3,govt_consumption,2011,prophet_graph,15.3978037954044,1.3954850946897839
UGA-single,2008,3,govt_consumption,2011,xgb_blind,15.3978037954044,5.203301331614629
UGA-single,2008,3,govt_consumption,2011,xgb_graph,15.3978037954044,3.9376702428531303
UGA-single,2008,3,govt_consumption,2011,lgbm_blind,15.3978037954044,5.203301331614629
UGA-single,2008,3,govt_consumption,2011,lgbm_graph,15.3978037954044,2.0188695312213554
UGA-single,2008,3,govt_consumption,2011,tft,15.3978037954044,5.203301331614629
UGA-single,2008,5,govt_consumption,2013,persistence,7.09808347224892,4.11280334085318
UGA-single,2008,5,govt_consumption,2013,arima,7.09808347224892,3.0415802359741306
UGA-single,2008,5,govt_consumption,2013,prophet,7.09808347224892,9.636999625461332
UGA-single,2008,5,govt_consumption,2013,prophet_graph,7.09808347224892,8.487761192010622
UGA-single,2008,5,govt_consumption,2013,xgb_blind,7.09808347224892,3.0415802359741306
UGA-single,2008,5,govt_consumption,2013,xgb_graph,7.09808347224892,5.6320858240157285
UGA-single,2008,5,govt_consumption,2013,lgbm_blind,7.09808347224892,3.0415802359741306
UGA-single,2008,5,govt_consumption,2013,lgbm_graph,7.09808347224892,6.556716261594202
UGA-single,2008,5,govt_consumption,2013,tft,7.09808347224892,3.0415802359741306
UGA-single,2008,10,govt_consumption,2018,persistence,8.63607272997988,2.57481408312222
UGA-single,2008,10,govt_consumption,2018,arima,8.63607272997988,1.4937700479557972
UGA-single,2008,10,govt_consumption,2018,prophet,8.63607272997988,9.561416705083296
UGA-single,2008,10,govt_consumption,2018,prophet_graph,8.63607272997988,10.905337473859738
UGA-single,2008,10,govt_consumption,2018,xgb_blind,8.63607272997988,1.4937700479557972
UGA-single,2008,10,govt_consumption,2018,xgb_graph,8.63607272997988,2.9634031306158235
UGA-single,2008,10,govt_consumption,2018,lgbm_blind,8.63607272997988,1.4937700479557972
UGA-single,2008,10,govt_consumption,2018,lgbm_graph,8.63607272997988,5.720592987251024
UGA-single,2008,10,govt_consumption,2018,tft,8.63607272997988,1.4937700479557972
UGA-single,2009,1,gdp_growth,2010,persistence,5.63761163749757,1.1639057111063797
UGA-single,2009,1,gdp_growth,2010,arima,5.63761163749757,1.963154906564383
UGA-single,2009,1,gdp_growth,2010,prophet,5.63761163749757,2.31994988810934
UGA-single,2009,1,gdp_growth,2010,prophet_graph,5.63761163749757,2.31994988810934
UGA-single,2009,1,gdp_growth,2010,xgb_blind,5.63761163749757,1.963154906564383
UGA-single,2009,1,gdp_growth,2010,xgb_graph,5.63761163749757,1.963154906564383
UGA-single,2009,1,gdp_growth,2010,lgbm_blind,5.63761163749757,1.963154906564383
UGA-single,2009,1,gdp_growth,2010,lgbm_graph,5.63761163749757,1.963154906564383
UGA-single,2009,1,gdp_growth,2010,tft,5.63761163749757,1.963154906564383
UGA-single,2009,3,gdp_growth,2012,persistence,3.83745560605229,2.9640617425516598
UGA-single,2009,3,gdp_growth,2012,arima,3.83745560605229,3.56873451096788
UGA-single,2009,3,gdp_growth,2012,prophet,3.83745560605229,4.30013421672542
UGA-single,2009,3,gdp_growth,2012,prophet_graph,3.83745560605229,4.30013421672542
UGA-single,2009,3,gdp_growth,2012,xgb_blind,3.83745560605229,3.56873451096788
UGA-single,2009,3,gdp_growth,2012,xgb_graph,3.83745560605229,3.56873451096788
UGA-single,2009,3,gdp_growth,2012,lgbm_blind,3.83745560605229,3.56873451096788
UGA-single,2009,3,gdp_growth,2012,lgbm_graph,3.83745560605229,3.56873451096788
UGA-single,2009,3,gdp_growth,2012,tft,3.83745560605229,3.56873451096788
UGA-single,2009,5,gdp_growth,2014,persistence,5.10630732539796,1.6952100232059895
UGA-single,2009,5,gdp_growth,2014,arima,5.10630732539796,2.2657126776359098
UGA-single,2009,5,gdp_growth,2014,prophet,5.10630732539796,3.2115574086562635
UGA-single,2009,5,gdp_growth,2014,prophet_graph,5.10630732539796,3.2115574086562635
UGA-single,2009,5,gdp_growth,2014,xgb_blind,5.10630732539796,2.2657126776359098
UGA-single,2009,5,gdp_growth,2014,xgb_graph,5.10630732539796,2.2657126776359098
UGA-single,2009,5,gdp_growth,2014,lgbm_blind,5.10630732539796,2.2657126776359098
UGA-single,2009,5,gdp_growth,2014,lgbm_graph,5.10630732539796,2.2657126776359098
UGA-single,2009,5,gdp_growth,2014,tft,5.10630732539796,2.2657126776359098
UGA-single,2009,10,gdp_growth,2019,persistence,6.43874503276439,0.3627723158395595
UGA-single,2009,10,gdp_growth,2019,arima,6.43874503276439,0.9259019033176692
UGA-single,2009,10,gdp_growth,2019,prophet,6.43874503276439,2.329437058322548
UGA-single,2009,10,gdp_growth,2019,prophet_graph,6.43874503276439,2.329437058322548
UGA-single,2009,10,gdp_growth,2019,xgb_blind,6.43874503276439,0.9259019033176692
UGA-single,2009,10,gdp_growth,2019,xgb_graph,6.43874503276439,0.9259019033176692
UGA-single,2009,10,gdp_growth,2019,lgbm_blind,6.43874503276439,0.9259019033176692
UGA-single,2009,10,gdp_growth,2019,lgbm_graph,6.43874503276439,0.9259019033176692
UGA-single,2009,10,gdp_growth,2019,tft,6.43874503276439,0.9259019033176692
UGA-single,2009,1,unemployment,2010,persistence,3.623,0.02300000000000013
UGA-single,2009,1,unemployment,2010,arima,3.623,0.20391528856856045
UGA-single,2009,1,unemployment,2010,prophet,3.623,0.8126822456971863
UGA-single,2009,1,unemployment,2010,prophet_graph,3.623,0.8126822456971863
UGA-single,2009,1,unemployment,2010,xgb_blind,3.623,0.20391528856856045
UGA-single,2009,1,unemployment,2010,xgb_graph,3.623,0.20391528856856045
UGA-single,2009,1,unemployment,2010,lgbm_blind,3.623,0.20391528856856045
UGA-single,2009,1,unemployment,2010,lgbm_graph,3.623,0.20391528856856045
UGA-single,2009,1,unemployment,2010,tft,3.623,0.20391528856856045
UGA-single,2009,3,unemployment,2012,persistence,3.551,0.04899999999999993
UGA-single,2009,3,unemployment,2012,arima,3.551,0.4036501223860589
UGA-single,2009,3,unemployment,2012,prophet,3.551,0.8162320543016008
UGA-single,2009,3,unemployment,2012,prophet_graph,3.551,0.8162320543016008
UGA-single,2009,3,unemployment,2012,xgb_blind,3.551,0.4036501223860589
UGA-single,2009,3,unemployment,2012,xgb_graph,3.551,0.4036501223860589
UGA-single,2009,3,unemployment,2012,lgbm_blind,3.551,0.4036501223860589
UGA-single,2009,3,unemployment,2012,lgbm_graph,3.551,0.4036501223860589
UGA-single,2009,3,unemployment,2012,tft,3.551,0.4036501223860589
UGA-single,2009,5,unemployment,2014,persistence,2.357,1.2429999999999999
UGA-single,2009,5,unemployment,2014,arima,2.357,1.6182535732928809
UGA-single,2009,5,unemployment,2014,prophet,2.357,0.3021146442054854
UGA-single,2009,5,unemployment,2014,prophet_graph,2.357,0.3021146442054854
UGA-single,2009,5,unemployment,2014,xgb_blind,2.357,1.6182535732928809
UGA-single,2009,5,unemployment,2014,xgb_graph,2.357,1.6182535732928809
UGA-single,2009,5,unemployment,2014,lgbm_blind,2.357,1.6182535732928809
UGA-single,2009,5,unemployment,2014,lgbm_graph,2.357,1.6182535732928809
UGA-single,2009,5,unemployment,2014,tft,2.357,1.6182535732928809
UGA-single,2009,10,unemployment,2019,persistence,3.057,0.5430000000000001
UGA-single,2009,10,unemployment,2019,arima,3.057,0.9221746143164169
UGA-single,2009,10,unemployment,2019,prophet,3.057,0.5868633701940493
UGA-single,2009,10,unemployment,2019,prophet_graph,3.057,0.5868633701940493
UGA-single,2009,10,unemployment,2019,xgb_blind,3.057,0.9221746143164169
UGA-single,2009,10,unemployment,2019,xgb_graph,3.057,0.9221746143164169
UGA-single,2009,10,unemployment,2019,lgbm_blind,3.057,0.9221746143164169
UGA-single,2009,10,unemployment,2019,lgbm_graph,3.057,0.9221746143164169
UGA-single,2009,10,unemployment,2019,tft,3.057,0.9221746143164169
UGA-single,2009,1,exports_gdp,2010,persistence,13.8244828747602,4.7890834334640004
UGA-single,2009,1,exports_gdp,2010,arima,13.8244828747602,7.072549226846014
UGA-single,2009,1,exports_gdp,2010,prophet,13.8244828747602,4.616607821333165
UGA-single,2009,1,exports_gdp,2010,prophet_graph,13.8244828747602,4.727066732416205
UGA-single,2009,1,exports_gdp,2010,xgb_blind,13.8244828747602,7.072549226846014
UGA-single,2009,1,exports_gdp,2010,xgb_graph,13.8244828747602,6.563576741328667
UGA-single,2009,1,exports_gdp,2010,lgbm_blind,13.8244828747602,7.072549226846014
UGA-single,2009,1,exports_gdp,2010,lgbm_graph,13.8244828747602,1.3206892838129978
UGA-single,2009,1,exports_gdp,2010,tft,13.8244828747602,7.072549226846014
UGA-single,2009,3,exports_gdp,2012,persistence,15.4917287700064,3.1218375382178003
UGA-single,2009,3,exports_gdp,2012,arima,15.4917287700064,4.855934863043732
UGA-single,2009,3,exports_gdp,2012,prophet,15.4917287700064,4.129547324010726
UGA-single,2009,3,exports_gdp,2012,prophet_graph,15.4917287700064,3.337086021381822
UGA-single,2009,3,exports_gdp,2012,xgb_blind,15.4917287700064,4.855934863043732
UGA-single,2009,3,exports_gdp,2012,xgb_graph,15.4917287700064,5.887717259656686
UGA-single,2009,3,exports_gdp,2012,lgbm_blind,15.4917287700064,4.855934863043732
UGA-single,2009,3,exports_gdp,2012,lgbm_graph,15.4917287700064,2.4713429156219213
UGA-single,2009,3,exports_gdp,2012,tft,15.4917287700064,4.855934863043732
UGA-single,2009,5,exports_gdp,2014,persistence,14.9482109075764,3.665355400647801
UGA-single,2009,5,exports_gdp,2014,arima,14.9482109075764,5.310243183779928
UGA-single,2009,5,exports_gdp,2014,prophet,14.9482109075764,5.854867276690417
UGA-single,2009,5,exports_gdp,2014,prophet_graph,14.9482109075764,4.158248883344484
UGA-single,2009,5,exports_gdp,2014,xgb_blind,14.9482109075764,5.310243183779928
UGA-single,2009,5,exports_gdp,2014,xgb_graph,14.9482109075764,3.339903640153093
UGA-single,2009,5,exports_gdp,2014,lgbm_blind,14.9482109075764,5.310243183779928
UGA-single,2009,5,exports_gdp,2014,lgbm_graph,14.9482109075764,1.2453105932453443
UGA-single,2009,5,exports_gdp,2014,tft,14.9482109075764,5.310243183779928
UGA-single,2009,10,exports_gdp,2019,persistence,17.1090580167383,1.5045082914859016
UGA-single,2009,10,exports_gdp,2019,arima,17.1090580167383,3.131917531799239
UGA-single,2009,10,exports_gdp,2019,prophet,17.1090580167383,6.646100354663844
UGA-single,2009,10,exports_gdp,2019,prophet_graph,17.1090580167383,2.6909445500329667
UGA-single,2009,10,exports_gdp,2019,xgb_blind,17.1090580167383,3.131917531799239
UGA-single,2009,10,exports_gdp,2019,xgb_graph,17.1090580167383,1.4911159334570137
UGA-single,2009,10,exports_gdp,2019,lgbm_blind,17.1090580167383,3.131917531799239
UGA-single,2009,10,exports_gdp,2019,lgbm_graph,17.1090580167383,2.455031508407
UGA-single,2009,10,exports_gdp,2019,tft,17.1090580167383,3.131917531799239
UGA-single,2009,1,imports_gdp,2010,persistence,24.4447661623689,4.005545604244698
UGA-single,2009,1,imports_gdp,2010,arima,24.4447661623689,4.115682238201725
UGA-single,2009,1,imports_gdp,2010,prophet,24.4447661623689,4.53153441552281
UGA-single,2009,1,imports_gdp,2010,prophet_graph,24.4447661623689,5.238555309050874
UGA-single,2009,1,imports_gdp,2010,xgb_blind,24.4447661623689,4.115682238201725
UGA-single,2009,1,imports_gdp,2010,xgb_graph,24.4447661623689,4.017775417831295
UGA-single,2009,1,imports_gdp,2010,lgbm_blind,24.4447661623689,4.115682238201725
UGA-single,2009,1,imports_gdp,2010,lgbm_graph,24.4447661623689,0.3222905884778129
UGA-single,2009,1,imports_gdp,2010,tft,24.4447661623689,4.115682238201725
UGA-single,2009,3,imports_gdp,2012,persistence,28.010408369725,0.4399033968885995
UGA-single,2009,3,imports_gdp,2012,arima,28.010408369725,0.5467089644381637
UGA-single,2009,3,imports_gdp,2012,prophet,28.010408369725,1.9354439327980906
UGA-single,2009,3,imports_gdp,2012,prophet_graph,28.010408369725,2.247245047886633
UGA-single,2009,3,imports_gdp,2012,xgb_blind,28.010408369725,0.5467089644381637
UGA-single,2009,3,imports_gdp,2012,xgb_graph,28.010408369725,3.0302563031265635
UGA-single,2009,3,imports_gdp,2012,lgbm_blind,28.010408369725,0.5467089644381637
UGA-single,2009,3,imports_gdp,2012,lgbm_graph,28.010408369725,3.769337229660085
UGA-single,2009,3,imports_gdp,2012,tft,28.010408369725,0.5467089644381637
UGA-single,2009,5,imports_gdp,2014,persistence,21.0661901743321,7.384121592281499
UGA-single,2009,5,imports_gdp,2014,arima,21.0661901743321,7.490923913180804
UGA-single,2009,5,imports_gdp,2014,prophet,21.0661901743321,9.850542005869823
UGA-single,2009,5,imports_gdp,2014,prophet_graph,21.0661901743321,9.766581945562063
UGA-single,2009,5,imports_gdp,2014,xgb_blind,21.0661901743321,7.490923913180804
UGA-single,2009,5,imports_gdp,2014,xgb_graph,21.0661901743321,10.13826424766497
UGA-single,2009,5,imports_gdp,2014,lgbm_blind,21.0661901743321,7.490923913180804
UGA-single,2009,5,imports_gdp,2014,lgbm_graph,21.0661901743321,3.721947897363865
UGA-single,2009,5,imports_gdp,2014,tft,21.0661901743321,7.490923913180804
UGA-single,2009,10,imports_gdp,2019,persistence,22.2519959480052,6.1983158186084
UGA-single,2009,10,imports_gdp,2019,arima,22.2519959480052,6.305118136340244
UGA-single,2009,10,imports_gdp,2019,prophet,22.2519959480052,11.089943696822619
UGA-single,2009,10,imports_gdp,2019,prophet_graph,22.2519959480052,10.017392793459283
UGA-single,2009,10,imports_gdp,2019,xgb_blind,22.2519959480052,6.305118136340244
UGA-single,2009,10,imports_gdp,2019,xgb_graph,22.2519959480052,6.105855080437184
UGA-single,2009,10,imports_gdp,2019,lgbm_blind,22.2519959480052,6.305118136340244
UGA-single,2009,10,imports_gdp,2019,lgbm_graph,22.2519959480052,4.006951996635916
UGA-single,2009,10,imports_gdp,2019,tft,22.2519959480052,6.305118136340244
UGA-single,2009,1,current_account,2010,persistence,-6.0351181457015,1.8642689134541008
UGA-single,2009,1,current_account,2010,arima,-6.0351181457015,1.449917433404245
UGA-single,2009,1,current_account,2010,prophet,-6.0351181457015,2.868773681564651
UGA-single,2009,1,current_account,2010,prophet_graph,-6.0351181457015,2.868773681564651
UGA-single,2009,1,current_account,2010,xgb_blind,-6.0351181457015,1.449917433404245
UGA-single,2009,1,current_account,2010,xgb_graph,-6.0351181457015,1.449917433404245
UGA-single,2009,1,current_account,2010,lgbm_blind,-6.0351181457015,1.449917433404245
UGA-single,2009,1,current_account,2010,lgbm_graph,-6.0351181457015,1.449917433404245
UGA-single,2009,1,current_account,2010,tft,-6.0351181457015,1.449917433404245
UGA-single,2009,3,current_account,2012,persistence,-6.0631263873337,1.8922771550863002
UGA-single,2009,3,current_account,2012,arima,-6.0631263873337,1.5139736372709374
UGA-single,2009,3,current_account,2012,prophet,-6.0631263873337,3.0768867933651123
UGA-single,2009,3,current_account,2012,prophet_graph,-6.0631263873337,3.0768867933651123
UGA-single,2009,3,current_account,2012,xgb_blind,-6.0631263873337,1.5139736372709374
UGA-single,2009,3,current_account,2012,xgb_graph,-6.0631263873337,1.5139736372709374
UGA-single,2009,3,current_account,2012,lgbm_blind,-6.0631263873337,1.5139736372709374
UGA-single,2009,3,current_account,2012,lgbm_graph,-6.0631263873337,1.5139736372709374
UGA-single,2009,3,current_account,2012,tft,-6.0631263873337,1.5139736372709374
UGA-single,2009,5,current_account,2014,persistence,-6.64160843323991,2.470759200992511
UGA-single,2009,5,current_account,2014,arima,-6.64160843323991,2.092789741822311
UGA-single,2009,5,current_account,2014,prophet,-6.64160843323991,3.8357204284398154
UGA-single,2009,5,current_account,2014,prophet_graph,-6.64160843323991,3.8357204284398154
UGA-single,2009,5,current_account,2014,xgb_blind,-6.64160843323991,2.092789741822311
UGA-single,2009,5,current_account,2014,xgb_graph,-6.64160843323991,2.092789741822311
UGA-single,2009,5,current_account,2014,lgbm_blind,-6.64160843323991,2.092789741822311
UGA-single,2009,5,current_account,2014,lgbm_graph,-6.64160843323991,2.092789741822311
UGA-single,2009,5,current_account,2014,tft,-6.64160843323991,2.092789741822311
UGA-single,2009,10,current_account,2019,persistence,-7.44419073613667,3.27334150388927
UGA-single,2009,10,current_account,2019,arima,-7.44419073613667,2.89537516944333
UGA-single,2009,10,current_account,2019,prophet,-7.44419073613667,5.08881162575746
UGA-single,2009,10,current_account,2019,prophet_graph,-7.44419073613667,5.08881162575746
UGA-single,2009,10,current_account,2019,xgb_blind,-7.44419073613667,2.89537516944333
UGA-single,2009,10,current_account,2019,xgb_graph,-7.44419073613667,2.89537516944333
UGA-single,2009,10,current_account,2019,lgbm_blind,-7.44419073613667,2.89537516944333
UGA-single,2009,10,current_account,2019,lgbm_graph,-7.44419073613667,2.89537516944333
UGA-single,2009,10,current_account,2019,tft,-7.44419073613667,2.89537516944333
UGA-single,2009,1,real_interest_rate,2010,persistence,13.7612146491897,48.5046576080273
UGA-single,2009,1,real_interest_rate,2010,arima,13.7612146491897,27.307180564885616
UGA-single,2009,1,real_interest_rate,2010,prophet,13.7612146491897,4.721560993014041
UGA-single,2009,1,real_interest_rate,2010,prophet_graph,13.7612146491897,48.583306460001154
UGA-single,2009,1,real_interest_rate,2010,xgb_blind,13.7612146491897,27.307180564885616
UGA-single,2009,1,real_interest_rate,2010,xgb_graph,13.7612146491897,2.736278926838626
UGA-single,2009,1,real_interest_rate,2010,lgbm_blind,13.7612146491897,27.307180564885616
UGA-single,2009,1,real_interest_rate,2010,lgbm_graph,13.7612146491897,4.305551394803199
UGA-single,2009,1,real_interest_rate,2010,tft,13.7612146491897,27.307180564885616
UGA-single,2009,3,real_interest_rate,2012,persistence,21.4880791448606,56.2315221036982
UGA-single,2009,3,real_interest_rate,2012,arima,21.4880791448606,40.26146314174086
UGA-single,2009,3,real_interest_rate,2012,prophet,21.4880791448606,12.384854434341198
UGA-single,2009,3,real_interest_rate,2012,prophet_graph,21.4880791448606,62.3872228945909
UGA-single,2009,3,real_interest_rate,2012,xgb_blind,21.4880791448606,40.26146314174086
UGA-single,2009,3,real_interest_rate,2012,xgb_graph,21.4880791448606,3.907787396813724
UGA-single,2009,3,real_interest_rate,2012,lgbm_blind,21.4880791448606,40.26146314174086
UGA-single,2009,3,real_interest_rate,2012,lgbm_graph,21.4880791448606,11.070410353482353
UGA-single,2009,3,real_interest_rate,2012,tft,21.4880791448606,40.26146314174086
UGA-single,2009,5,real_interest_rate,2014,persistence,15.6773841196638,50.4208270785014
UGA-single,2009,5,real_interest_rate,2014,arima,15.6773841196638,35.47081234597142
UGA-single,2009,5,real_interest_rate,2014,prophet,15.6773841196638,6.51050127116457
UGA-single,2009,5,real_interest_rate,2014,prophet_graph,15.6773841196638,62.6619045369964
UGA-single,2009,5,real_interest_rate,2014,xgb_blind,15.6773841196638,35.47081234597142
UGA-single,2009,5,real_interest_rate,2014,xgb_graph,15.6773841196638,12.087601166401472
UGA-single,2009,5,real_interest_rate,2014,lgbm_blind,15.6773841196638,35.47081234597142
UGA-single,2009,5,real_interest_rate,2014,lgbm_graph,15.6773841196638,4.465067924493717
UGA-single,2009,5,real_interest_rate,2014,tft,15.6773841196638,35.47081234597142
UGA-single,2009,10,real_interest_rate,2019,persistence,14.7478688039364,49.491311762774
UGA-single,2009,10,real_interest_rate,2019,arima,14.7478688039364,34.792758262607784
UGA-single,2009,10,real_interest_rate,2019,prophet,14.7478688039364,5.421971235941729
UGA-single,2009,10,real_interest_rate,2019,prophet_graph,14.7478688039364,76.93334379724956
UGA-single,2009,10,real_interest_rate,2019,xgb_blind,14.7478688039364,34.792758262607784
UGA-single,2009,10,real_interest_rate,2019,xgb_graph,14.7478688039364,0.08481243034020913
UGA-single,2009,10,real_interest_rate,2019,lgbm_blind,14.7478688039364,34.792758262607784
UGA-single,2009,10,real_interest_rate,2019,lgbm_graph,14.7478688039364,5.470399550396362
UGA-single,2009,10,real_interest_rate,2019,tft,14.7478688039364,34.792758262607784
UGA-single,2009,1,broad_money,2010,persistence,17.3447697728192,3.327494803441798
UGA-single,2009,1,broad_money,2010,arima,17.3447697728192,1.0194543205932476
UGA-single,2009,1,broad_money,2010,prophet,17.3447697728192,4.663058409967924
UGA-single,2009,1,broad_money,2010,prophet_graph,17.3447697728192,1.5593436240202099
UGA-single,2009,1,broad_money,2010,xgb_blind,17.3447697728192,1.0194543205932476
UGA-single,2009,1,broad_money,2010,xgb_graph,17.3447697728192,2.7506096928631436
UGA-single,2009,1,broad_money,2010,lgbm_blind,17.3447697728192,1.0194543205932476
UGA-single,2009,1,broad_money,2010,lgbm_graph,17.3447697728192,1.7485314357541544
UGA-single,2009,1,broad_money,2010,tft,17.3447697728192,1.0194543205932476
UGA-single,2009,3,broad_money,2012,persistence,17.5610483784277,3.5437734090502993
UGA-single,2009,3,broad_money,2012,arima,17.5610483784277,0.27387243926370175
UGA-single,2009,3,broad_money,2012,prophet,17.5610483784277,5.743479515138649
UGA-single,2009,3,broad_money,2012,prophet_graph,17.5610483784277,1.506853604800309
UGA-single,2009,3,broad_money,2012,xgb_blind,17.5610483784277,0.27387243926370175
UGA-single,2009,3,broad_money,2012,xgb_graph,17.5610483784277,3.5788327556055037
UGA-single,2009,3,broad_money,2012,lgbm_blind,17.5610483784277,0.27387243926370175
UGA-single,2009,3,broad_money,2012,lgbm_graph,17.5610483784277,1.204848609014931
UGA-single,2009,3,broad_money,2012,tft,17.5610483784277,0.27387243926370175
UGA-single,2009,5,broad_money,2014,persistence,18.6599683055423,4.6426933361649
UGA-single,2009,5,broad_money,2014,arima,18.6599683055423,1.5936057687220675
UGA-single,2009,5,broad_money,2014,prophet,18.6599683055423,5.943035599776948
UGA-single,2009,5,broad_money,2014,prophet_graph,18.6599683055423,2.3366367308881095
UGA-single,2009,5,broad_money,2014,xgb_blind,18.6599683055423,1.5936057687220675
UGA-single,2009,5,broad_money,2014,xgb_graph,18.6599683055423,4.219925809814761
UGA-single,2009,5,broad_money,2014,lgbm_blind,18.6599683055423,1.5936057687220675
UGA-single,2009,5,broad_money,2014,lgbm_graph,18.6599683055423,1.6912094045820147
UGA-single,2009,5,broad_money,2014,tft,18.6599683055423,1.5936057687220675
UGA-single,2009,10,broad_money,2019,persistence,20.5230556458778,6.5057806765004
UGA-single,2009,10,broad_money,2019,arima,20.5230556458778,3.514722186870962
UGA-single,2009,10,broad_money,2019,prophet,20.5230556458778,7.323473837363178
UGA-single,2009,10,broad_money,2019,prophet_graph,20.5230556458778,3.5274343329542077
UGA-single,2009,10,broad_money,2019,xgb_blind,20.5230556458778,3.514722186870962
UGA-single,2009,10,broad_money,2019,xgb_graph,20.5230556458778,5.554059597904168
UGA-single,2009,10,broad_money,2019,lgbm_blind,20.5230556458778,3.514722186870962
UGA-single,2009,10,broad_money,2019,lgbm_graph,20.5230556458778,1.9461561173743824
UGA-single,2009,10,broad_money,2019,tft,20.5230556458778,3.514722186870962
UGA-single,2009,1,govt_consumption,2010,persistence,8.27345406223707,1.6881215153388096
UGA-single,2009,1,govt_consumption,2010,arima,8.27345406223707,4.6541854630428325
UGA-single,2009,1,govt_consumption,2010,prophet,8.27345406223707,5.760701975868821
UGA-single,2009,1,govt_consumption,2010,prophet_graph,8.27345406223707,0.9516421508733508
UGA-single,2009,1,govt_consumption,2010,xgb_blind,8.27345406223707,4.6541854630428325
UGA-single,2009,1,govt_consumption,2010,xgb_graph,8.27345406223707,3.295811303363516
UGA-single,2009,1,govt_consumption,2010,lgbm_blind,8.27345406223707,4.6541854630428325
UGA-single,2009,1,govt_consumption,2010,lgbm_graph,8.27345406223707,4.313143405486576
UGA-single,2009,1,govt_consumption,2010,tft,8.27345406223707,4.6541854630428325
UGA-single,2009,3,govt_consumption,2012,persistence,7.59446464218355,1.00913209528529
UGA-single,2009,3,govt_consumption,2012,arima,7.59446464218355,7.096728237664265
UGA-single,2009,3,govt_consumption,2012,prophet,7.59446464218355,6.765211302579433
UGA-single,2009,3,govt_consumption,2012,prophet_graph,7.59446464218355,1.4843951228571344
UGA-single,2009,3,govt_consumption,2012,xgb_blind,7.59446464218355,7.096728237664265
UGA-single,2009,3,govt_consumption,2012,xgb_graph,7.59446464218355,4.5484320100381295
UGA-single,2009,3,govt_consumption,2012,lgbm_blind,7.59446464218355,7.096728237664265
UGA-single,2009,3,govt_consumption,2012,lgbm_graph,7.59446464218355,5.384845982556153
UGA-single,2009,3,govt_consumption,2012,tft,7.59446464218355,7.096728237664265
UGA-single,2009,5,govt_consumption,2014,persistence,7.42890180380585,0.8435692569075899
UGA-single,2009,5,govt_consumption,2014,arima,7.42890180380585,8.214681372803417
UGA-single,2009,5,govt_consumption,2014,prophet,7.42890180380585,7.256739965294576
UGA-single,2009,5,govt_consumption,2014,prophet_graph,7.42890180380585,3.4094127297798575
UGA-single,2009,5,govt_consumption,2014,xgb_blind,7.42890180380585,8.214681372803417
UGA-single,2009,5,govt_consumption,2014,xgb_graph,7.42890180380585,0.3632248517727632
UGA-single,2009,5,govt_consumption,2014,lgbm_blind,7.42890180380585,8.214681372803417
UGA-single,2009,5,govt_consumption,2014,lgbm_graph,7.42890180380585,5.754600107357479
UGA-single,2009,5,govt_consumption,2014,tft,7.42890180380585,8.214681372803417
UGA-single,2009,10,govt_consumption,2019,persistence,8.77456131212774,2.1892287652294806
UGA-single,2009,10,govt_consumption,2019,arima,8.77456131212774,10.359469465557282
UGA-single,2009,10,govt_consumption,2019,prophet,8.77456131212774,6.725326141295769
UGA-single,2009,10,govt_consumption,2019,prophet_graph,8.77456131212774,6.458779770518435
UGA-single,2009,10,govt_consumption,2019,xgb_blind,8.77456131212774,10.359469465557282
UGA-single,2009,10,govt_consumption,2019,xgb_graph,8.77456131212774,4.06808719403681
UGA-single,2009,10,govt_consumption,2019,lgbm_blind,8.77456131212774,10.359469465557282
UGA-single,2009,10,govt_consumption,2019,lgbm_graph,8.77456131212774,4.804971072744696
UGA-single,2009,10,govt_consumption,2019,tft,8.77456131212774,10.359469465557282
UGA-single,2010,1,gdp_growth,2011,persistence,9.3916554927176,3.75404385522003
UGA-single,2010,1,gdp_growth,2011,arima,9.3916554927176,3.2903145379120113
UGA-single,2010,1,gdp_growth,2011,prophet,9.3916554927176,1.7945915070226857
UGA-single,2010,1,gdp_growth,2011,prophet_graph,9.3916554927176,1.7945915070226857
UGA-single,2010,1,gdp_growth,2011,xgb_blind,9.3916554927176,3.2903145379120113
UGA-single,2010,1,gdp_growth,2011,xgb_graph,9.3916554927176,3.2903145379120113
UGA-single,2010,1,gdp_growth,2011,lgbm_blind,9.3916554927176,3.2903145379120113
UGA-single,2010,1,gdp_growth,2011,lgbm_graph,9.3916554927176,3.2903145379120113
UGA-single,2010,1,gdp_growth,2011,tft,9.3916554927176,3.2903145379120113
UGA-single,2010,3,gdp_growth,2013,persistence,3.58690582623025,2.05070581126732
UGA-single,2010,3,gdp_growth,2013,arima,3.58690582623025,2.403287302572766
UGA-single,2010,3,gdp_growth,2013,prophet,3.58690582623025,4.129192445580326
UGA-single,2010,3,gdp_growth,2013,prophet_graph,3.58690582623025,4.129192445580326
UGA-single,2010,3,gdp_growth,2013,xgb_blind,3.58690582623025,2.403287302572766
UGA-single,2010,3,gdp_growth,2013,xgb_graph,3.58690582623025,2.403287302572766
UGA-single,2010,3,gdp_growth,2013,lgbm_blind,3.58690582623025,2.403287302572766
UGA-single,2010,3,gdp_growth,2013,lgbm_graph,3.58690582623025,2.403287302572766
UGA-single,2010,3,gdp_growth,2013,tft,3.58690582623025,2.403287302572766
UGA-single,2010,5,gdp_growth,2015,persistence,5.18785986002466,0.44975177747291006
UGA-single,2010,5,gdp_growth,2015,arima,5.18785986002466,0.7846893731336024
UGA-single,2010,5,gdp_growth,2015,prophet,5.18785986002466,2.6471098603008736
UGA-single,2010,5,gdp_growth,2015,prophet_graph,5.18785986002466,2.6471098603008736
UGA-single,2010,5,gdp_growth,2015,xgb_blind,5.18785986002466,0.7846893731336024
UGA-single,2010,5,gdp_growth,2015,xgb_graph,5.18785986002466,0.7846893731336024
UGA-single,2010,5,gdp_growth,2015,lgbm_blind,5.18785986002466,0.7846893731336024
UGA-single,2010,5,gdp_growth,2015,lgbm_graph,5.18785986002466,0.7846893731336024
UGA-single,2010,5,gdp_growth,2015,tft,5.18785986002466,0.7846893731336024
UGA-single,2010,10,gdp_growth,2020,persistence,2.95130642218098,2.68630521531659
UGA-single,2010,10,gdp_growth,2020,arima,2.95130642218098,3.017880037075184
UGA-single,2010,10,gdp_growth,2020,prophet,2.95130642218098,5.181004757032651
UGA-single,2010,10,gdp_growth,2020,prophet_graph,2.95130642218098,5.181004757032651
UGA-single,2010,10,gdp_growth,2020,xgb_blind,2.95130642218098,3.017880037075184
UGA-single,2010,10,gdp_growth,2020,xgb_graph,2.95130642218098,3.017880037075184
UGA-single,2010,10,gdp_growth,2020,lgbm_blind,2.95130642218098,3.017880037075184
UGA-single,2010,10,gdp_growth,2020,lgbm_graph,2.95130642218098,3.017880037075184
UGA-single,2010,10,gdp_growth,2020,tft,2.95130642218098,3.017880037075184
UGA-single,2010,1,unemployment,2011,persistence,3.523,0.10000000000000009
UGA-single,2010,1,unemployment,2011,arima,3.523,0.10819546726059759
UGA-single,2010,1,unemployment,2011,prophet,3.523,0.5939096011194454
UGA-single,2010,1,unemployment,2011,prophet_graph,3.523,0.5939096011194454
UGA-single,2010,1,unemployment,2011,xgb_blind,3.523,0.10819546726059759
UGA-single,2010,1,unemployment,2011,xgb_graph,3.523,0.10819546726059759
UGA-single,2010,1,unemployment,2011,lgbm_blind,3.523,0.10819546726059759
UGA-single,2010,1,unemployment,2011,lgbm_graph,3.523,0.10819546726059759
UGA-single,2010,1,unemployment,2011,tft,3.523,0.10819546726059759
UGA-single,2010,3,unemployment,2013,persistence,1.91,1.7130000000000003
UGA-single,2010,3,unemployment,2013,arima,1.91,1.7251562704446972
UGA-single,2010,3,unemployment,2013,prophet,1.91,0.9646815508924413
UGA-single,2010,3,unemployment,2013,prophet_graph,1.91,0.9646815508924413
UGA-single,2010,3,unemployment,2013,xgb_blind,1.91,1.7251562704446972
UGA-single,2010,3,unemployment,2013,xgb_graph,1.91,1.7251562704446972
UGA-single,2010,3,unemployment,2013,lgbm_blind,1.91,1.7251562704446972
UGA-single,2010,3,unemployment,2013,lgbm_graph,1.91,1.7251562704446972
UGA-single,2010,3,unemployment,2013,tft,1.91,1.7251562704446972
UGA-single,2010,5,unemployment,2015,persistence,2.681,0.9420000000000002
UGA-single,2010,5,unemployment,2015,arima,2.681,0.9546591627954388
UGA-single,2010,5,unemployment,2015,prophet,2.681,0.1393471336129295
UGA-single,2010,5,unemployment,2015,prophet_graph,2.681,0.1393471336129295
UGA-single,2010,5,unemployment,2015,xgb_blind,2.681,0.9546591627954388
UGA-single,2010,5,unemployment,2015,xgb_graph,2.681,0.9546591627954388
UGA-single,2010,5,unemployment,2015,lgbm_blind,2.681,0.9546591627954388
UGA-single,2010,5,unemployment,2015,lgbm_graph,2.681,0.9546591627954388
UGA-single,2010,5,unemployment,2015,tft,2.681,0.9546591627954388
UGA-single,2010,10,unemployment,2020,persistence,3.819,0.19599999999999973
UGA-single,2010,10,unemployment,2020,arima,3.819,0.18326812046410534
UGA-single,2010,10,unemployment,2020,prophet,3.819,1.1345633402944508
UGA-single,2010,10,unemployment,2020,prophet_graph,3.819,1.1345633402944508
UGA-single,2010,10,unemployment,2020,xgb_blind,3.819,0.18326812046410534
UGA-single,2010,10,unemployment,2020,xgb_graph,3.819,0.18326812046410534
UGA-single,2010,10,unemployment,2020,lgbm_blind,3.819,0.18326812046410534
UGA-single,2010,10,unemployment,2020,lgbm_graph,3.819,0.18326812046410534
UGA-single,2010,10,unemployment,2020,tft,3.819,0.18326812046410534
UGA-single,2010,1,exports_gdp,2011,persistence,12.8557239406741,0.9687589340861003
UGA-single,2010,1,exports_gdp,2011,arima,12.8557239406741,1.5875780400409099
UGA-single,2010,1,exports_gdp,2011,prophet,12.8557239406741,5.305217150675507
UGA-single,2010,1,exports_gdp,2011,prophet_graph,12.8557239406741,3.873056203714757
UGA-single,2010,1,exports_gdp,2011,xgb_blind,12.8557239406741,1.5875780400409099
UGA-single,2010,1,exports_gdp,2011,xgb_graph,12.8557239406741,1.654578602966037
UGA-single,2010,1,exports_gdp,2011,lgbm_blind,12.8557239406741,1.5875780400409099
UGA-single,2010,1,exports_gdp,2011,lgbm_graph,12.8557239406741,0.28589588338497585
UGA-single,2010,1,exports_gdp,2011,tft,12.8557239406741,1.5875780400409099
UGA-single,2010,3,exports_gdp,2013,persistence,16.5130356713113,2.6885527965511002
UGA-single,2010,3,exports_gdp,2013,arima,16.5130356713113,2.139362056790823
UGA-single,2010,3,exports_gdp,2013,prophet,16.5130356713113,2.7078640726777117
UGA-single,2010,3,exports_gdp,2013,prophet_graph,16.5130356713113,1.7914274581493217
UGA-single,2010,3,exports_gdp,2013,xgb_blind,16.5130356713113,2.139362056790823
UGA-single,2010,3,exports_gdp,2013,xgb_graph,16.5130356713113,3.763737781447489
UGA-single,2010,3,exports_gdp,2013,lgbm_blind,16.5130356713113,2.139362056790823
UGA-single,2010,3,exports_gdp,2013,lgbm_graph,16.5130356713113,3.44797775784898
UGA-single,2010,3,exports_gdp,2013,tft,16.5130356713113,2.139362056790823
UGA-single,2010,5,exports_gdp,2015,persistence,12.8773253147369,0.9471575600232995
UGA-single,2010,5,exports_gdp,2015,arima,12.8773253147369,1.4951857573166798
UGA-single,2010,5,exports_gdp,2015,prophet,12.8773253147369,7.402083070054804
UGA-single,2010,5,exports_gdp,2015,prophet_graph,12.8773253147369,7.000665282716049
UGA-single,2010,5,exports_gdp,2015,xgb_blind,12.8773253147369,1.4951857573166798
UGA-single,2010,5,exports_gdp,2015,xgb_graph,12.8773253147369,1.086078387045326
UGA-single,2010,5,exports_gdp,2015,lgbm_blind,12.8773253147369,1.4951857573166798
UGA-single,2010,5,exports_gdp,2015,lgbm_graph,12.8773253147369,0.8331739123100661
UGA-single,2010,5,exports_gdp,2015,tft,12.8773253147369,1.4951857573166798
UGA-single,2010,10,exports_gdp,2020,persistence,15.4147985397289,1.5903156649686991
UGA-single,2010,10,exports_gdp,2020,arima,15.4147985397289,1.0423072082348632
UGA-single,2010,10,exports_gdp,2020,prophet,15.4147985397289,7.5123314589062495
UGA-single,2010,10,exports_gdp,2020,prophet_graph,15.4147985397289,8.399166244784304
UGA-single,2010,10,exports_gdp,2020,xgb_blind,15.4147985397289,1.0423072082348632
UGA-single,2010,10,exports_gdp,2020,xgb_graph,15.4147985397289,0.7735406936695384
UGA-single,2010,10,exports_gdp,2020,lgbm_blind,15.4147985397289,1.0423072082348632
UGA-single,2010,10,exports_gdp,2020,lgbm_graph,15.4147985397289,0.836185085083569
UGA-single,2010,10,exports_gdp,2020,tft,15.4147985397289,1.0423072082348632
UGA-single,2010,1,imports_gdp,2011,persistence,26.899501619938,2.4547354575691003
UGA-single,2010,1,imports_gdp,2011,arima,26.899501619938,2.8966212831586873
UGA-single,2010,1,imports_gdp,2011,prophet,26.899501619938,1.7010580218679259
UGA-single,2010,1,imports_gdp,2011,prophet_graph,26.899501619938,1.0017376843315162
UGA-single,2010,1,imports_gdp,2011,xgb_blind,26.899501619938,2.8966212831586873
UGA-single,2010,1,imports_gdp,2011,xgb_graph,26.899501619938,2.1653879267006957
UGA-single,2010,1,imports_gdp,2011,lgbm_blind,26.899501619938,2.8966212831586873
UGA-single,2010,1,imports_gdp,2011,lgbm_graph,26.899501619938,2.7609114748269157
UGA-single,2010,1,imports_gdp,2011,tft,26.899501619938,2.8966212831586873
UGA-single,2010,3,imports_gdp,2013,persistence,26.5961192021574,2.1513530397885
UGA-single,2010,3,imports_gdp,2013,arima,26.5961192021574,2.647364878853544
UGA-single,2010,3,imports_gdp,2013,prophet,26.5961192021574,2.85772570595811
UGA-single,2010,3,imports_gdp,2013,prophet_graph,26.5961192021574,0.308408349031037
UGA-single,2010,3,imports_gdp,2013,xgb_blind,26.5961192021574,2.647364878853544
UGA-single,2010,3,imports_gdp,2013,xgb_graph,26.5961192021574,0.3511278996671656
UGA-single,2010,3,imports_gdp,2013,lgbm_blind,26.5961192021574,2.647364878853544
UGA-single,2010,3,imports_gdp,2013,lgbm_graph,26.5961192021574,2.34373162552437
UGA-single,2010,3,imports_gdp,2013,tft,26.5961192021574,2.647364878853544
UGA-single,2010,5,imports_gdp,2015,persistence,24.8119730176989,0.3672068553300001
UGA-single,2010,5,imports_gdp,2015,arima,24.8119730176989,0.8638774173862735
UGA-single,2010,5,imports_gdp,2015,prophet,24.8119730176989,5.493989871820165
UGA-single,2010,5,imports_gdp,2015,prophet_graph,24.8119730176989,3.0979409074633075
UGA-single,2010,5,imports_gdp,2015,xgb_blind,24.8119730176989,0.8638774173862735
UGA-single,2010,5,imports_gdp,2015,xgb_graph,24.8119730176989,0.12026349926628299
UGA-single,2010,5,imports_gdp,2015,lgbm_blind,24.8119730176989,0.8638774173862735
UGA-single,2010,5,imports_gdp,2015,lgbm_graph,24.8119730176989,0.04529563809074588
UGA-single,2010,5,imports_gdp,2015,tft,24.8119730176989,0.8638774173862735
UGA-single,2010,10,imports_gdp,2020,persistence,21.585893851908,2.8588723104608995
UGA-single,2010,10,imports_gdp,2020,arima,21.585893851908,2.3621936329963944
UGA-single,2010,10,imports_gdp,2020,prophet,21.585893851908,10.851531276025991
UGA-single,2010,10,imports_gdp,2020,prophet_graph,21.585893851908,8.83886324979682
UGA-single,2010,10,imports_gdp,2020,xgb_blind,21.585893851908,2.3621936329963944
UGA-single,2010,10,imports_gdp,2020,xgb_graph,21.585893851908,3.4848039325158275
UGA-single,2010,10,imports_gdp,2020,lgbm_blind,21.585893851908,2.3621936329963944
UGA-single,2010,10,imports_gdp,2020,lgbm_graph,21.585893851908,4.508128552155831
UGA-single,2010,10,imports_gdp,2020,tft,21.585893851908,2.3621936329963944
UGA-single,2010,1,current_account,2011,persistence,-7.48878445953833,1.4536663138368295
UGA-single,2010,1,current_account,2011,arima,-7.48878445953833,1.7820126788725261
UGA-single,2010,1,current_account,2011,prophet,-7.48878445953833,3.878379554311189
UGA-single,2010,1,current_account,2011,prophet_graph,-7.48878445953833,3.878379554311189
UGA-single,2010,1,current_account,2011,xgb_blind,-7.48878445953833,1.7820126788725261
UGA-single,2010,1,current_account,2011,xgb_graph,-7.48878445953833,1.7820126788725261
UGA-single,2010,1,current_account,2011,lgbm_blind,-7.48878445953833,1.7820126788725261
UGA-single,2010,1,current_account,2011,lgbm_graph,-7.48878445953833,1.7820126788725261
UGA-single,2010,1,current_account,2011,tft,-7.48878445953833,1.7820126788725261
UGA-single,2010,3,current_account,2013,persistence,-6.05719389968621,0.0220757539847094
UGA-single,2010,3,current_account,2013,arima,-6.05719389968621,0.3027771963786261
UGA-single,2010,3,current_account,2013,prophet,-6.05719389968621,2.5532592742000744
UGA-single,2010,3,current_account,2013,prophet_graph,-6.05719389968621,2.5532592742000744
UGA-single,2010,3,current_account,2013,xgb_blind,-6.05719389968621,0.3027771963786261
UGA-single,2010,3,current_account,2013,xgb_graph,-6.05719389968621,0.3027771963786261
UGA-single,2010,3,current_account,2013,lgbm_blind,-6.05719389968621,0.3027771963786261
UGA-single,2010,3,current_account,2013,lgbm_graph,-6.05719389968621,0.3027771963786261
UGA-single,2010,3,current_account,2013,tft,-6.05719389968621,0.3027771963786261
UGA-single,2010,5,current_account,2015,persistence,-5.1602872378994,0.8748309078021004
UGA-single,2010,5,current_account,2015,arima,-5.1602872378994,0.5956074296817597
UGA-single,2010,5,current_account,2015,prophet,-5.1602872378994,1.7626772419767853
UGA-single,2010,5,current_account,2015,prophet_graph,-5.1602872378994,1.7626772419767853
UGA-single,2010,5,current_account,2015,xgb_blind,-5.1602872378994,0.5956074296817597
UGA-single,2010,5,current_account,2015,xgb_graph,-5.1602872378994,0.5956074296817597
UGA-single,2010,5,current_account,2015,lgbm_blind,-5.1602872378994,0.5956074296817597
UGA-single,2010,5,current_account,2015,lgbm_graph,-5.1602872378994,0.5956074296817597
UGA-single,2010,5,current_account,2015,tft,-5.1602872378994,0.5956074296817597
UGA-single,2010,10,current_account,2020,persistence,-9.56958764500258,3.5344694993010792
UGA-single,2010,10,current_account,2020,arima,-9.56958764500258,3.8136456546460096
UGA-single,2010,10,current_account,2020,prophet,-9.56958764500258,6.437934873166251
UGA-single,2010,10,current_account,2020,prophet_graph,-9.56958764500258,6.437934873166251
UGA-single,2010,10,current_account,2020,xgb_blind,-9.56958764500258,3.8136456546460096
UGA-single,2010,10,current_account,2020,xgb_graph,-9.56958764500258,3.8136456546460096
UGA-single,2010,10,current_account,2020,lgbm_blind,-9.56958764500258,3.8136456546460096
UGA-single,2010,10,current_account,2020,lgbm_graph,-9.56958764500258,3.8136456546460096
UGA-single,2010,10,current_account,2020,tft,-9.56958764500258,3.8136456546460096
UGA-single,2010,1,real_interest_rate,2011,persistence,11.3734989307615,2.3877157184282005
UGA-single,2010,1,real_interest_rate,2011,arima,11.3734989307615,33.63835503212592
UGA-single,2010,1,real_interest_rate,2011,prophet,11.3734989307615,1.2051846538882884
UGA-single,2010,1,real_interest_rate,2011,prophet_graph,11.3734989307615,16.913632236989738
UGA-single,2010,1,real_interest_rate,2011,xgb_blind,11.3734989307615,33.63835503212592
UGA-single,2010,1,real_interest_rate,2011,xgb_graph,11.3734989307615,2.953213677575903
UGA-single,2010,1,real_interest_rate,2011,lgbm_blind,11.3734989307615,33.63835503212592
UGA-single,2010,1,real_interest_rate,2011,lgbm_graph,11.3734989307615,1.7025581262799925
UGA-single,2010,1,real_interest_rate,2011,tft,11.3734989307615,33.63835503212592
UGA-single,2010,3,real_interest_rate,2013,persistence,19.0146300185037,5.253415369313998
UGA-single,2010,3,real_interest_rate,2013,arima,19.0146300185037,34.39562159304304
UGA-single,2010,3,real_interest_rate,2013,prophet,19.0146300185037,8.637399194132362
UGA-single,2010,3,real_interest_rate,2013,prophet_graph,19.0146300185037,29.1253678764875
UGA-single,2010,3,real_interest_rate,2013,xgb_blind,19.0146300185037,34.39562159304304
UGA-single,2010,3,real_interest_rate,2013,xgb_graph,19.0146300185037,12.664566217691931
UGA-single,2010,3,real_interest_rate,2013,lgbm_blind,19.0146300185037,34.39562159304304
UGA-single,2010,3,real_interest_rate,2013,lgbm_graph,19.0146300185037,8.411208701297209
UGA-single,2010,3,real_interest_rate,2013,tft,19.0146300185037,34.39562159304304
UGA-single,2010,5,real_interest_rate,2015,persistence,16.5546646041457,2.7934499549559995
UGA-single,2010,5,real_interest_rate,2015,arima,16.5546646041457,28.138143578506174
UGA-single,2010,5,real_interest_rate,2015,prophet,16.5546646041457,5.968803027826853
UGA-single,2010,5,real_interest_rate,2015,prophet_graph,16.5546646041457,31.229754476878565
UGA-single,2010,5,real_interest_rate,2015,xgb_blind,16.5546646041457,28.138143578506174
UGA-single,2010,5,real_interest_rate,2015,xgb_graph,16.5546646041457,21.745759002644235
UGA-single,2010,5,real_interest_rate,2015,lgbm_blind,16.5546646041457,28.138143578506174
UGA-single,2010,5,real_interest_rate,2015,lgbm_graph,16.5546646041457,5.183042280155831
UGA-single,2010,5,real_interest_rate,2015,tft,16.5546646041457,28.138143578506174
UGA-single,2010,10,real_interest_rate,2020,persistence,14.7478688039364,0.9866541547467005
UGA-single,2010,10,real_interest_rate,2020,arima,14.7478688039364,20.602671027331585
UGA-single,2010,10,real_interest_rate,2020,prophet,14.7478688039364,3.6401445521981657
UGA-single,2010,10,real_interest_rate,2020,prophet_graph,14.7478688039364,40.84009125054842
UGA-single,2010,10,real_interest_rate,2020,xgb_blind,14.7478688039364,20.602671027331585
UGA-single,2010,10,real_interest_rate,2020,xgb_graph,14.7478688039364,42.527814177471555
UGA-single,2010,10,real_interest_rate,2020,lgbm_blind,14.7478688039364,20.602671027331585
UGA-single,2010,10,real_interest_rate,2020,lgbm_graph,14.7478688039364,5.06278636832849
UGA-single,2010,10,real_interest_rate,2020,tft,14.7478688039364,20.602671027331585
UGA-single,2010,1,broad_money,2011,persistence,16.3928799610343,0.9518898117848984
UGA-single,2010,1,broad_money,2011,arima,16.3928799610343,0.32799146340928687
UGA-single,2010,1,broad_money,2011,prophet,16.3928799610343,5.366244176205598
UGA-single,2010,1,broad_money,2011,prophet_graph,16.3928799610343,1.2099927206859995
UGA-single,2010,1,broad_money,2011,xgb_blind,16.3928799610343,0.32799146340928687
UGA-single,2010,1,broad_money,2011,xgb_graph,16.3928799610343,0.5393767375740985
UGA-single,2010,1,broad_money,2011,lgbm_blind,16.3928799610343,0.32799146340928687
UGA-single,2010,1,broad_money,2011,lgbm_graph,16.3928799610343,0.7092150192465798
UGA-single,2010,1,broad_money,2011,tft,16.3928799610343,0.32799146340928687
UGA-single,2010,3,broad_money,2013,persistence,17.9866884362961,0.6419186634769005
UGA-single,2010,3,broad_money,2013,arima,17.9866884362961,1.6188627511766143
UGA-single,2010,3,broad_money,2013,prophet,17.9866884362961,4.948555146997595
UGA-single,2010,3,broad_money,2013,prophet_graph,17.9866884362961,0.0035987480394510385
UGA-single,2010,3,broad_money,2013,xgb_blind,17.9866884362961,1.6188627511766143
UGA-single,2010,3,broad_money,2013,xgb_graph,17.9866884362961,1.0345552575851613
UGA-single,2010,3,broad_money,2013,lgbm_blind,17.9866884362961,1.6188627511766143
UGA-single,2010,3,broad_money,2013,lgbm_graph,17.9866884362961,1.575568074544119
UGA-single,2010,3,broad_money,2013,tft,17.9866884362961,1.6188627511766143
UGA-single,2010,5,broad_money,2015,persistence,18.8439221029839,1.4991523301647014
UGA-single,2010,5,broad_money,2015,arima,18.8439221029839,2.4312779312207944
UGA-single,2010,5,broad_money,2015,prophet,18.8439221029839,5.2658320078327385
UGA-single,2010,5,broad_money,2015,prophet_graph,18.8439221029839,0.4811355408947797
UGA-single,2010,5,broad_money,2015,xgb_blind,18.8439221029839,2.4312779312207944
UGA-single,2010,5,broad_money,2015,xgb_graph,18.8439221029839,2.036961043413587
UGA-single,2010,5,broad_money,2015,lgbm_blind,18.8439221029839,2.4312779312207944
UGA-single,2010,5,broad_money,2015,lgbm_graph,18.8439221029839,1.8516624813637215
UGA-single,2010,5,broad_money,2015,tft,18.8439221029839,2.4312779312207944
UGA-single,2010,10,broad_money,2020,persistence,22.731371239225,5.3866014664058
UGA-single,2010,10,broad_money,2020,arima,22.731371239225,6.3108794841806315
UGA-single,2010,10,broad_money,2020,prophet,22.731371239225,4.3162681089298545
UGA-single,2010,10,broad_money,2020,prophet_graph,22.731371239225,3.4188223598508287
UGA-single,2010,10,broad_money,2020,xgb_blind,22.731371239225,6.3108794841806315
UGA-single,2010,10,broad_money,2020,xgb_graph,22.731371239225,6.777428940335838
UGA-single,2010,10,broad_money,2020,lgbm_blind,22.731371239225,6.3108794841806315
UGA-single,2010,10,broad_money,2020,lgbm_graph,22.731371239225,4.266483446811112
UGA-single,2010,10,broad_money,2020,tft,22.731371239225,6.3108794841806315
UGA-single,2010,1,govt_consumption,2011,persistence,15.3978037954044,7.12434973316733
UGA-single,2010,1,govt_consumption,2011,arima,15.3978037954044,6.837188361866838
UGA-single,2010,1,govt_consumption,2011,prophet,15.3978037954044,2.2683973273222477
UGA-single,2010,1,govt_consumption,2011,prophet_graph,15.3978037954044,6.987958687789867
UGA-single,2010,1,govt_consumption,2011,xgb_blind,15.3978037954044,6.837188361866838
UGA-single,2010,1,govt_consumption,2011,xgb_graph,15.3978037954044,6.769527924127544
UGA-single,2010,1,govt_consumption,2011,lgbm_blind,15.3978037954044,6.837188361866838
UGA-single,2010,1,govt_consumption,2011,lgbm_graph,15.3978037954044,3.026863515443768
UGA-single,2010,1,govt_consumption,2011,tft,15.3978037954044,6.837188361866838
UGA-single,2010,3,govt_consumption,2013,persistence,7.09808347224892,1.17537058998815
UGA-single,2010,3,govt_consumption,2013,arima,7.09808347224892,1.5196895538332225
UGA-single,2010,3,govt_consumption,2013,prophet,7.09808347224892,6.210556327846678
UGA-single,2010,3,govt_consumption,2013,prophet_graph,7.09808347224892,2.9043487227512905
UGA-single,2010,3,govt_consumption,2013,xgb_blind,7.09808347224892,1.5196895538332225
UGA-single,2010,3,govt_consumption,2013,xgb_graph,7.09808347224892,4.705748581889264
UGA-single,2010,3,govt_consumption,2013,lgbm_blind,7.09808347224892,1.5196895538332225
UGA-single,2010,3,govt_consumption,2013,lgbm_graph,7.09808347224892,5.619790657364321
UGA-single,2010,3,govt_consumption,2013,tft,7.09808347224892,1.5196895538332225
UGA-single,2010,5,govt_consumption,2015,persistence,8.95453398978222,0.6810799275451505
UGA-single,2010,5,govt_consumption,2015,arima,8.95453398978222,0.33510702825235406
UGA-single,2010,5,govt_consumption,2015,prophet,8.95453398978222,4.533093953090145
UGA-single,2010,5,govt_consumption,2015,prophet_graph,8.95453398978222,2.6383066508972597
UGA-single,2010,5,govt_consumption,2015,xgb_blind,8.95453398978222,0.33510702825235406
UGA-single,2010,5,govt_consumption,2015,xgb_graph,8.95453398978222,1.712742741460687
UGA-single,2010,5,govt_consumption,2015,lgbm_blind,8.95453398978222,0.33510702825235406
UGA-single,2010,5,govt_consumption,2015,lgbm_graph,8.95453398978222,3.922089908962363
UGA-single,2010,5,govt_consumption,2015,tft,8.95453398978222,0.33510702825235406
UGA-single,2010,10,govt_consumption,2020,persistence,9.51141446504173,1.23796040280466
UGA-single,2010,10,govt_consumption,2020,arima,9.51141446504173,0.8919382254465695
UGA-single,2010,10,govt_consumption,2020,prophet,9.51141446504173,4.4239290240092295
UGA-single,2010,10,govt_consumption,2020,prophet_graph,9.51141446504173,6.0596259315423335
UGA-single,2010,10,govt_consumption,2020,xgb_blind,9.51141446504173,0.8919382254465695
UGA-single,2010,10,govt_consumption,2020,xgb_graph,9.51141446504173,1.3268308011013001
UGA-single,2010,10,govt_consumption,2020,lgbm_blind,9.51141446504173,0.8919382254465695
UGA-single,2010,10,govt_consumption,2020,lgbm_graph,9.51141446504173,3.5857471314298834
UGA-single,2010,10,govt_consumption,2020,tft,9.51141446504173,0.8919382254465695
UGA-single,2011,1,gdp_growth,2012,persistence,3.83745560605229,5.554199886665311
UGA-single,2011,1,gdp_growth,2012,arima,3.83745560605229,3.979970928978615
UGA-single,2011,1,gdp_growth,2012,prophet,3.83745560605229,4.1488853124430225
UGA-single,2011,1,gdp_growth,2012,prophet_graph,3.83745560605229,4.1488853124430225
UGA-single,2011,1,gdp_growth,2012,xgb_blind,3.83745560605229,3.979970928978615
UGA-single,2011,1,gdp_growth,2012,xgb_graph,3.83745560605229,3.979970928978615
UGA-single,2011,1,gdp_growth,2012,lgbm_blind,3.83745560605229,3.979970928978615
UGA-single,2011,1,gdp_growth,2012,lgbm_graph,3.83745560605229,3.979970928978615
UGA-single,2011,1,gdp_growth,2012,tft,3.83745560605229,3.979970928978615
UGA-single,2011,3,gdp_growth,2014,persistence,5.10630732539796,4.28534816731964
UGA-single,2011,3,gdp_growth,2014,arima,5.10630732539796,3.094435014624958
UGA-single,2011,3,gdp_growth,2014,prophet,5.10630732539796,3.0420130699299914
UGA-single,2011,3,gdp_growth,2014,prophet_graph,5.10630732539796,3.0420130699299914
UGA-single,2011,3,gdp_growth,2014,xgb_blind,5.10630732539796,3.094435014624958
UGA-single,2011,3,gdp_growth,2014,xgb_graph,5.10630732539796,3.094435014624958
UGA-single,2011,3,gdp_growth,2014,lgbm_blind,5.10630732539796,3.094435014624958
UGA-single,2011,3,gdp_growth,2014,lgbm_graph,5.10630732539796,3.094435014624958
UGA-single,2011,3,gdp_growth,2014,tft,5.10630732539796,3.094435014624958
UGA-single,2011,5,gdp_growth,2016,persistence,4.78100029254482,4.61065520017278
UGA-single,2011,5,gdp_growth,2016,arima,4.78100029254482,3.487147315018448
UGA-single,2011,5,gdp_growth,2016,prophet,4.78100029254482,3.5290779934641536
UGA-single,2011,5,gdp_growth,2016,prophet_graph,4.78100029254482,3.5290779934641536
UGA-single,2011,5,gdp_growth,2016,xgb_blind,4.78100029254482,3.487147315018448
UGA-single,2011,5,gdp_growth,2016,xgb_graph,4.78100029254482,3.487147315018448
UGA-single,2011,5,gdp_growth,2016,lgbm_blind,4.78100029254482,3.487147315018448
UGA-single,2011,5,gdp_growth,2016,lgbm_graph,4.78100029254482,3.487147315018448
UGA-single,2011,5,gdp_growth,2016,tft,4.78100029254482,3.487147315018448
UGA-single,2011,10,gdp_growth,2021,persistence,3.53658034070898,5.85507515200862
UGA-single,2011,10,gdp_growth,2021,arima,3.53658034070898,4.746135903117203
UGA-single,2011,10,gdp_growth,2021,prophet,3.53658034070898,5.17833584430578
UGA-single,2011,10,gdp_growth,2021,prophet_graph,3.53658034070898,5.17833584430578
UGA-single,2011,10,gdp_growth,2021,xgb_blind,3.53658034070898,4.746135903117203
UGA-single,2011,10,gdp_growth,2021,xgb_graph,3.53658034070898,4.746135903117203
UGA-single,2011,10,gdp_growth,2021,lgbm_blind,3.53658034070898,4.746135903117203
UGA-single,2011,10,gdp_growth,2021,lgbm_graph,3.53658034070898,4.746135903117203
UGA-single,2011,10,gdp_growth,2021,tft,3.53658034070898,4.746135903117203
UGA-single,2011,1,unemployment,2012,persistence,3.551,0.028000000000000025
UGA-single,2011,1,unemployment,2012,arima,3.551,0.06360217553506553
UGA-single,2011,1,unemployment,2012,prophet,3.551,0.5459460374687763
UGA-single,2011,1,unemployment,2012,prophet_graph,3.551,0.5459460374687763
UGA-single,2011,1,unemployment,2012,xgb_blind,3.551,0.06360217553506553
UGA-single,2011,1,unemployment,2012,xgb_graph,3.551,0.06360217553506553
UGA-single,2011,1,unemployment,2012,lgbm_blind,3.551,0.06360217553506553
UGA-single,2011,1,unemployment,2012,lgbm_graph,3.551,0.06360217553506553
UGA-single,2011,1,unemployment,2012,tft,3.551,0.06360217553506553
UGA-single,2011,3,unemployment,2014,persistence,2.357,1.166
UGA-single,2011,3,unemployment,2014,arima,2.357,1.113210046630253
UGA-single,2011,3,unemployment,2014,prophet,2.357,0.6068457718601428
UGA-single,2011,3,unemployment,2014,prophet_graph,2.357,0.6068457718601428
UGA-single,2011,3,unemployment,2014,xgb_blind,2.357,1.113210046630253
UGA-single,2011,3,unemployment,2014,xgb_graph,2.357,1.113210046630253
UGA-single,2011,3,unemployment,2014,lgbm_blind,2.357,1.113210046630253
UGA-single,2011,3,unemployment,2014,lgbm_graph,2.357,1.113210046630253
UGA-single,2011,3,unemployment,2014,tft,2.357,1.113210046630253
UGA-single,2011,5,unemployment,2016,persistence,3.002,0.5210000000000004
UGA-single,2011,5,unemployment,2016,arima,3.002,0.466031470175055
UGA-single,2011,5,unemployment,2016,prophet,3.002,0.0793060464570794
UGA-single,2011,5,unemployment,2016,prophet_graph,3.002,0.0793060464570794
UGA-single,2011,5,unemployment,2016,xgb_blind,3.002,0.466031470175055
UGA-single,2011,5,unemployment,2016,xgb_graph,3.002,0.466031470175055
UGA-single,2011,5,unemployment,2016,lgbm_blind,3.002,0.466031470175055
UGA-single,2011,5,unemployment,2016,lgbm_graph,3.002,0.466031470175055
UGA-single,2011,5,unemployment,2016,tft,3.002,0.466031470175055
UGA-single,2011,10,unemployment,2021,persistence,3.416,0.1070000000000002
UGA-single,2011,10,unemployment,2021,arima,3.416,0.051717059844458735
UGA-single,2011,10,unemployment,2021,prophet,3.416,0.5962983369578536
UGA-single,2011,10,unemployment,2021,prophet_graph,3.416,0.5962983369578536
UGA-single,2011,10,unemployment,2021,xgb_blind,3.416,0.051717059844458735
UGA-single,2011,10,unemployment,2021,xgb_graph,3.416,0.051717059844458735
UGA-single,2011,10,unemployment,2021,lgbm_blind,3.416,0.051717059844458735
UGA-single,2011,10,unemployment,2021,lgbm_graph,3.416,0.051717059844458735
UGA-single,2011,10,unemployment,2021,tft,3.416,0.051717059844458735
UGA-single,2011,1,exports_gdp,2012,persistence,15.4917287700064,2.6360048293323004
UGA-single,2011,1,exports_gdp,2012,arima,15.4917287700064,2.553928509956407
UGA-single,2011,1,exports_gdp,2012,prophet,15.4917287700064,2.226712795359301
UGA-single,2011,1,exports_gdp,2012,prophet_graph,15.4917287700064,3.574021094771723
UGA-single,2011,1,exports_gdp,2012,xgb_blind,15.4917287700064,2.553928509956407
UGA-single,2011,1,exports_gdp,2012,xgb_graph,15.4917287700064,2.354997622240287
UGA-single,2011,1,exports_gdp,2012,lgbm_blind,15.4917287700064,2.553928509956407
UGA-single,2011,1,exports_gdp,2012,lgbm_graph,15.4917287700064,2.9082866042683406
UGA-single,2011,1,exports_gdp,2012,tft,15.4917287700064,2.553928509956407
UGA-single,2011,3,exports_gdp,2014,persistence,14.9482109075764,2.0924869669022996
UGA-single,2011,3,exports_gdp,2014,arima,14.9482109075764,2.0167752677932267
UGA-single,2011,3,exports_gdp,2014,prophet,14.9482109075764,3.7062605234418804
UGA-single,2011,3,exports_gdp,2014,prophet_graph,14.9482109075764,2.99957376933669
UGA-single,2011,3,exports_gdp,2014,xgb_blind,14.9482109075764,2.0167752677932267
UGA-single,2011,3,exports_gdp,2014,xgb_graph,14.9482109075764,0.5511291497966475
UGA-single,2011,3,exports_gdp,2014,lgbm_blind,14.9482109075764,2.0167752677932267
UGA-single,2011,3,exports_gdp,2014,lgbm_graph,14.9482109075764,1.8941705508901592
UGA-single,2011,3,exports_gdp,2014,tft,14.9482109075764,2.0167752677932267
UGA-single,2011,5,exports_gdp,2016,persistence,12.4271644156806,0.42855952499349925
UGA-single,2011,5,exports_gdp,2016,arima,12.4271644156806,0.5042255387688712
UGA-single,2011,5,exports_gdp,2016,prophet,12.4271644156806,7.162056402377875
UGA-single,2011,5,exports_gdp,2016,prophet_graph,12.4271644156806,0.44764012560276
UGA-single,2011,5,exports_gdp,2016,xgb_blind,12.4271644156806,0.5042255387688712
UGA-single,2011,5,exports_gdp,2016,xgb_graph,12.4271644156806,1.2398745018609034
UGA-single,2011,5,exports_gdp,2016,lgbm_blind,12.4271644156806,0.5042255387688712
UGA-single,2011,5,exports_gdp,2016,lgbm_graph,12.4271644156806,1.2330539353469447
UGA-single,2011,5,exports_gdp,2016,tft,12.4271644156806,0.5042255387688712
UGA-single,2011,10,exports_gdp,2021,persistence,15.7810081695276,2.925284228853501
UGA-single,2011,10,exports_gdp,2021,arima,15.7810081695276,2.8496185453804426
UGA-single,2011,10,exports_gdp,2021,prophet,15.7810081695276,6.1476470733561275
UGA-single,2011,10,exports_gdp,2021,prophet_graph,15.7810081695276,3.724181377520628
UGA-single,2011,10,exports_gdp,2021,xgb_blind,15.7810081695276,2.8496185453804426
UGA-single,2011,10,exports_gdp,2021,xgb_graph,15.7810081695276,2.262437269564222
UGA-single,2011,10,exports_gdp,2021,lgbm_blind,15.7810081695276,2.8496185453804426
UGA-single,2011,10,exports_gdp,2021,lgbm_graph,15.7810081695276,1.3459688082096477
UGA-single,2011,10,exports_gdp,2021,tft,15.7810081695276,2.8496185453804426
UGA-single,2011,1,imports_gdp,2012,persistence,28.010408369725,1.1109067497869987
UGA-single,2011,1,imports_gdp,2012,arima,28.010408369725,1.079950610638054
UGA-single,2011,1,imports_gdp,2012,prophet,28.010408369725,0.7083098948225306
UGA-single,2011,1,imports_gdp,2012,prophet_graph,28.010408369725,2.058747947691998
UGA-single,2011,1,imports_gdp,2012,xgb_blind,28.010408369725,1.079950610638054
UGA-single,2011,1,imports_gdp,2012,xgb_graph,28.010408369725,2.1150359789779287
UGA-single,2011,1,imports_gdp,2012,lgbm_blind,28.010408369725,1.079950610638054
UGA-single,2011,1,imports_gdp,2012,lgbm_graph,28.010408369725,3.7403462410221984
UGA-single,2011,1,imports_gdp,2012,tft,28.010408369725,1.079950610638054
UGA-single,2011,3,imports_gdp,2014,persistence,21.0661901743321,5.833311445605901
UGA-single,2011,3,imports_gdp,2014,arima,21.0661901743321,5.864662888958595
UGA-single,2011,3,imports_gdp,2014,prophet,21.0661901743321,8.465610192964075
UGA-single,2011,3,imports_gdp,2014,prophet_graph,21.0661901743321,5.45157165205962
UGA-single,2011,3,imports_gdp,2014,xgb_blind,21.0661901743321,5.864662888958595
UGA-single,2011,3,imports_gdp,2014,xgb_graph,21.0661901743321,5.764008113631768
UGA-single,2011,3,imports_gdp,2014,lgbm_blind,21.0661901743321,5.864662888958595
UGA-single,2011,3,imports_gdp,2014,lgbm_graph,21.0661901743321,3.3255192035590397
UGA-single,2011,3,imports_gdp,2014,tft,21.0661901743321,5.864662888958595
UGA-single,2011,5,imports_gdp,2016,persistence,18.7821976075312,8.117304012406802
UGA-single,2011,5,imports_gdp,2016,arima,18.7821976075312,8.148655518625464
UGA-single,2011,5,imports_gdp,2016,prophet,18.7821976075312,11.561572575095365
UGA-single,2011,5,imports_gdp,2016,prophet_graph,18.7821976075312,8.300891202693439
UGA-single,2011,5,imports_gdp,2016,xgb_blind,18.7821976075312,8.148655518625464
UGA-single,2011,5,imports_gdp,2016,xgb_graph,18.7821976075312,7.557905541882864
UGA-single,2011,5,imports_gdp,2016,lgbm_blind,18.7821976075312,8.148655518625464
UGA-single,2011,5,imports_gdp,2016,lgbm_graph,18.7821976075312,6.1099400321316
UGA-single,2011,5,imports_gdp,2016,tft,18.7821976075312,8.148655518625464
UGA-single,2011,10,imports_gdp,2021,persistence,25.9326225729506,0.9668790469874011
UGA-single,2011,10,imports_gdp,2021,arima,25.9326225729506,0.9982305532160609
UGA-single,2011,10,imports_gdp,2021,prophet,25.9326225729506,6.443296722838454
UGA-single,2011,10,imports_gdp,2021,prophet_graph,25.9326225729506,2.565332537907935
UGA-single,2011,10,imports_gdp,2021,xgb_blind,25.9326225729506,0.9982305532160609
UGA-single,2011,10,imports_gdp,2021,xgb_graph,25.9326225729506,0.17006458955216175
UGA-single,2011,10,imports_gdp,2021,lgbm_blind,25.9326225729506,0.9982305532160609
UGA-single,2011,10,imports_gdp,2021,lgbm_graph,25.9326225729506,0.22852311415267224
UGA-single,2011,10,imports_gdp,2021,tft,25.9326225729506,0.9982305532160609
UGA-single,2011,1,current_account,2012,persistence,-6.0631263873337,1.4256580722046301
UGA-single,2011,1,current_account,2012,arima,-6.0631263873337,1.2285627906490966
UGA-single,2011,1,current_account,2012,prophet,-6.0631263873337,1.799115332628646
UGA-single,2011,1,current_account,2012,prophet_graph,-6.0631263873337,1.799115332628646
UGA-single,2011,1,current_account,2012,xgb_blind,-6.0631263873337,1.2285627906490966
UGA-single,2011,1,current_account,2012,xgb_graph,-6.0631263873337,1.2285627906490966
UGA-single,2011,1,current_account,2012,lgbm_blind,-6.0631263873337,1.2285627906490966
UGA-single,2011,1,current_account,2012,lgbm_graph,-6.0631263873337,1.2285627906490966
UGA-single,2011,1,current_account,2012,tft,-6.0631263873337,1.2285627906490966
UGA-single,2011,3,current_account,2014,persistence,-6.64160843323991,0.8471760262984196
UGA-single,2011,3,current_account,2014,arima,-6.64160843323991,0.6731806418525066
UGA-single,2011,3,current_account,2014,prophet,-6.64160843323991,2.3928493624859417
UGA-single,2011,3,current_account,2014,prophet_graph,-6.64160843323991,2.3928493624859417
UGA-single,2011,3,current_account,2014,xgb_blind,-6.64160843323991,0.6731806418525066
UGA-single,2011,3,current_account,2014,xgb_graph,-6.64160843323991,0.6731806418525066
UGA-single,2011,3,current_account,2014,lgbm_blind,-6.64160843323991,0.6731806418525066
UGA-single,2011,3,current_account,2014,lgbm_graph,-6.64160843323991,0.6731806418525066
UGA-single,2011,3,current_account,2014,tft,-6.64160843323991,0.6731806418525066
UGA-single,2011,5,current_account,2016,persistence,-2.85393787294637,4.63484658659196
UGA-single,2011,5,current_account,2016,arima,-2.85393787294637,4.461275854022277
UGA-single,2011,5,current_account,2016,prophet,-2.85393787294637,1.3795900784036417
UGA-single,2011,5,current_account,2016,prophet_graph,-2.85393787294637,1.3795900784036417
UGA-single,2011,5,current_account,2016,xgb_blind,-2.85393787294637,4.461275854022277
UGA-single,2011,5,current_account,2016,xgb_graph,-2.85393787294637,4.461275854022277
UGA-single,2011,5,current_account,2016,lgbm_blind,-2.85393787294637,4.461275854022277
UGA-single,2011,5,current_account,2016,lgbm_graph,-2.85393787294637,4.461275854022277
UGA-single,2011,5,current_account,2016,tft,-2.85393787294637,4.461275854022277
UGA-single,2011,10,current_account,2021,persistence,-8.8944875833578,1.4057031238194693
UGA-single,2011,10,current_account,2021,arima,-8.8944875833578,1.5792659033338765
UGA-single,2011,10,current_account,2021,prophet,-8.8944875833578,4.699079159611936
UGA-single,2011,10,current_account,2021,prophet_graph,-8.8944875833578,4.699079159611936
UGA-single,2011,10,current_account,2021,xgb_blind,-8.8944875833578,1.5792659033338765
UGA-single,2011,10,current_account,2021,xgb_graph,-8.8944875833578,1.5792659033338765
UGA-single,2011,10,current_account,2021,lgbm_blind,-8.8944875833578,1.5792659033338765
UGA-single,2011,10,current_account,2021,lgbm_graph,-8.8944875833578,1.5792659033338765
UGA-single,2011,10,current_account,2021,tft,-8.8944875833578,1.5792659033338765
UGA-single,2011,1,real_interest_rate,2012,persistence,21.4880791448606,10.1145802140991
UGA-single,2011,1,real_interest_rate,2012,arima,21.4880791448606,8.923713365276544
UGA-single,2011,1,real_interest_rate,2012,prophet,21.4880791448606,10.891615915213608
UGA-single,2011,1,real_interest_rate,2012,prophet_graph,21.4880791448606,15.420327289543998
UGA-single,2011,1,real_interest_rate,2012,xgb_blind,21.4880791448606,8.923713365276544
UGA-single,2011,1,real_interest_rate,2012,xgb_graph,21.4880791448606,3.4858589910520053
UGA-single,2011,1,real_interest_rate,2012,lgbm_blind,21.4880791448606,8.923713365276544
UGA-single,2011,1,real_interest_rate,2012,lgbm_graph,21.4880791448606,11.73606414456269
UGA-single,2011,1,real_interest_rate,2012,tft,21.4880791448606,8.923713365276544
UGA-single,2011,3,real_interest_rate,2014,persistence,15.6773841196638,4.303885188902301
UGA-single,2011,3,real_interest_rate,2014,arima,15.6773841196638,3.4107331836102244
UGA-single,2011,3,real_interest_rate,2014,prophet,15.6773841196638,4.83413943442466
UGA-single,2011,3,real_interest_rate,2014,prophet_graph,15.6773841196638,12.871127340979179
UGA-single,2011,3,real_interest_rate,2014,xgb_blind,15.6773841196638,3.4107331836102244
UGA-single,2011,3,real_interest_rate,2014,xgb_graph,15.6773841196638,4.4019486719709295
UGA-single,2011,3,real_interest_rate,2014,lgbm_blind,15.6773841196638,3.4107331836102244
UGA-single,2011,3,real_interest_rate,2014,lgbm_graph,15.6773841196638,5.033432402487865
UGA-single,2011,3,real_interest_rate,2014,tft,15.6773841196638,3.4107331836102244
UGA-single,2011,5,real_interest_rate,2016,persistence,18.2333937267573,6.8598947959958
UGA-single,2011,5,real_interest_rate,2016,arima,18.2333937267573,6.040799031478366
UGA-single,2011,5,real_interest_rate,2016,prophet,18.2333937267573,7.143705180256507
UGA-single,2011,5,real_interest_rate,2016,prophet_graph,18.2333937267573,18.684170335133345
UGA-single,2011,5,real_interest_rate,2016,xgb_blind,18.2333937267573,6.040799031478366
UGA-single,2011,5,real_interest_rate,2016,xgb_graph,18.2333937267573,2.8690500835688226
UGA-single,2011,5,real_interest_rate,2016,lgbm_blind,18.2333937267573,6.040799031478366
UGA-single,2011,5,real_interest_rate,2016,lgbm_graph,18.2333937267573,6.861661014965307
UGA-single,2011,5,real_interest_rate,2016,tft,18.2333937267573,6.040799031478366
UGA-single,2011,10,real_interest_rate,2021,persistence,14.7478688039364,3.374369873174901
UGA-single,2011,10,real_interest_rate,2021,arima,14.7478688039364,2.580551812204236
UGA-single,2011,10,real_interest_rate,2021,prophet,14.7478688039364,3.0413954156204834
UGA-single,2011,10,real_interest_rate,2021,prophet_graph,14.7478688039364,23.350152259106725
UGA-single,2011,10,real_interest_rate,2021,xgb_blind,14.7478688039364,2.580551812204236
UGA-single,2011,10,real_interest_rate,2021,xgb_graph,14.7478688039364,21.687551287609494
UGA-single,2011,10,real_interest_rate,2021,lgbm_blind,14.7478688039364,2.580551812204236
UGA-single,2011,10,real_interest_rate,2021,lgbm_graph,14.7478688039364,4.922084994910318
UGA-single,2011,10,real_interest_rate,2021,tft,14.7478688039364,2.580551812204236
UGA-single,2011,1,broad_money,2012,persistence,17.5610483784277,1.1681684173933995
UGA-single,2011,1,broad_money,2012,arima,17.5610483784277,0.8081110030649761
UGA-single,2011,1,broad_money,2012,prophet,17.5610483784277,3.822480011242021
UGA-single,2011,1,broad_money,2012,prophet_graph,17.5610483784277,0.7641344348605124
UGA-single,2011,1,broad_money,2012,xgb_blind,17.5610483784277,0.8081110030649761
UGA-single,2011,1,broad_money,2012,xgb_graph,17.5610483784277,5.1317826610010115
UGA-single,2011,1,broad_money,2012,lgbm_blind,17.5610483784277,0.8081110030649761
UGA-single,2011,1,broad_money,2012,lgbm_graph,17.5610483784277,1.843611315483015
UGA-single,2011,1,broad_money,2012,tft,17.5610483784277,0.8081110030649761
UGA-single,2011,3,broad_money,2014,persistence,18.6599683055423,2.267088344508
UGA-single,2011,3,broad_money,2014,arima,18.6599683055423,1.9917085992887849
UGA-single,2011,3,broad_money,2014,prophet,18.6599683055423,3.774263280630521
UGA-single,2011,3,broad_money,2014,prophet_graph,18.6599683055423,1.6434161218592251
UGA-single,2011,3,broad_money,2014,xgb_blind,18.6599683055423,1.9917085992887849
UGA-single,2011,3,broad_money,2014,xgb_graph,18.6599683055423,0.15513508410675314
UGA-single,2011,3,broad_money,2014,lgbm_blind,18.6599683055423,1.9917085992887849
UGA-single,2011,3,broad_money,2014,lgbm_graph,18.6599683055423,2.2498079898781107
UGA-single,2011,3,broad_money,2014,tft,18.6599683055423,1.9917085992887849
UGA-single,2011,5,broad_money,2016,persistence,19.0748437204022,2.6819637593678998
UGA-single,2011,5,broad_money,2016,arima,19.0748437204022,2.4186994503373462
UGA-single,2011,5,broad_money,2016,prophet,19.0748437204022,4.408653711799712
UGA-single,2011,5,broad_money,2016,prophet_graph,19.0748437204022,3.2040361629537983
UGA-single,2011,5,broad_money,2016,xgb_blind,19.0748437204022,2.4186994503373462
UGA-single,2011,5,broad_money,2016,xgb_graph,19.0748437204022,2.2264493264813012
UGA-single,2011,5,broad_money,2016,lgbm_blind,19.0748437204022,2.4186994503373462
UGA-single,2011,5,broad_money,2016,lgbm_graph,19.0748437204022,2.117841753813561
UGA-single,2011,5,broad_money,2016,tft,19.0748437204022,2.4186994503373462
UGA-single,2011,10,broad_money,2021,persistence,22.4880935076946,6.0952135466603
UGA-single,2011,10,broad_money,2021,arima,22.4880935076946,5.833987768932385
UGA-single,2011,10,broad_money,2021,prophet,22.4880935076946,3.621443240528059
UGA-single,2011,10,broad_money,2021,prophet_graph,22.4880935076946,4.7349373318652574
UGA-single,2011,10,broad_money,2021,xgb_blind,22.4880935076946,5.833987768932385
UGA-single,2011,10,broad_money,2021,xgb_graph,22.4880935076946,5.936602724003194
UGA-single,2011,10,broad_money,2021,lgbm_blind,22.4880935076946,5.833987768932385
UGA-single,2011,10,broad_money,2021,lgbm_graph,22.4880935076946,4.1958730741415415
UGA-single,2011,10,broad_money,2021,tft,22.4880935076946,5.833987768932385
UGA-single,2011,1,govt_consumption,2012,persistence,7.59446464218355,7.80333915322085
UGA-single,2011,1,govt_consumption,2012,arima,7.59446464218355,10.583072138571257
UGA-single,2011,1,govt_consumption,2012,prophet,7.59446464218355,6.024999426479989
UGA-single,2011,1,govt_consumption,2012,prophet_graph,7.59446464218355,4.1937525447140205
UGA-single,2011,1,govt_consumption,2012,xgb_blind,7.59446464218355,10.583072138571257
UGA-single,2011,1,govt_consumption,2012,xgb_graph,7.59446464218355,3.7871033128335396
UGA-single,2011,1,govt_consumption,2012,lgbm_blind,7.59446464218355,10.583072138571257
UGA-single,2011,1,govt_consumption,2012,lgbm_graph,7.59446464218355,4.920612017791048
UGA-single,2011,1,govt_consumption,2012,tft,7.59446464218355,10.583072138571257
UGA-single,2011,3,govt_consumption,2014,persistence,7.42890180380585,7.96890199159855
UGA-single,2011,3,govt_consumption,2014,arima,7.42890180380585,12.256387134480274
UGA-single,2011,3,govt_consumption,2014,prophet,7.42890180380585,6.424104085508615
UGA-single,2011,3,govt_consumption,2014,prophet_graph,7.42890180380585,5.878667417740514
UGA-single,2011,3,govt_consumption,2014,xgb_blind,7.42890180380585,12.256387134480274
UGA-single,2011,3,govt_consumption,2014,xgb_graph,7.42890180380585,3.866191732571103
UGA-single,2011,3,govt_consumption,2014,lgbm_blind,7.42890180380585,12.256387134480274
UGA-single,2011,3,govt_consumption,2014,lgbm_graph,7.42890180380585,5.430021280051635
UGA-single,2011,3,govt_consumption,2014,tft,7.42890180380585,12.256387134480274
UGA-single,2011,5,govt_consumption,2016,persistence,7.3519468435187,8.0458569518857
UGA-single,2011,5,govt_consumption,2016,arima,7.3519468435187,12.562875372421686
UGA-single,2011,5,govt_consumption,2016,prophet,7.3519468435187,6.734281383791902
UGA-single,2011,5,govt_consumption,2016,prophet_graph,7.3519468435187,7.472895955720711
UGA-single,2011,5,govt_consumption,2016,xgb_blind,7.3519468435187,12.562875372421686
UGA-single,2011,5,govt_consumption,2016,xgb_graph,7.3519468435187,3.4708604684930187
UGA-single,2011,5,govt_consumption,2016,lgbm_blind,7.3519468435187,12.562875372421686
UGA-single,2011,5,govt_consumption,2016,lgbm_graph,7.3519468435187,5.6729817823734905
UGA-single,2011,5,govt_consumption,2016,tft,7.3519468435187,12.562875372421686
UGA-single,2011,10,govt_consumption,2021,persistence,9.93159612659213,5.46620766881227
UGA-single,2011,10,govt_consumption,2021,arima,9.93159612659213,10.024071297242667
UGA-single,2011,10,govt_consumption,2021,prophet,9.93159612659213,4.738326911018392
UGA-single,2011,10,govt_consumption,2021,prophet_graph,9.93159612659213,8.69058753079138
UGA-single,2011,10,govt_consumption,2021,xgb_blind,9.93159612659213,10.024071297242667
UGA-single,2011,10,govt_consumption,2021,xgb_graph,9.93159612659213,1.372386302983731
UGA-single,2011,10,govt_consumption,2021,lgbm_blind,9.93159612659213,10.024071297242667
UGA-single,2011,10,govt_consumption,2021,lgbm_graph,9.93159612659213,3.3572856918613407
UGA-single,2011,10,govt_consumption,2021,tft,9.93159612659213,10.024071297242667
UGA-single,2012,1,gdp_growth,2013,persistence,3.58690582623025,0.2505497798220402
UGA-single,2012,1,gdp_growth,2013,arima,3.58690582623025,2.9991629240678983
UGA-single,2012,1,gdp_growth,2013,prophet,3.58690582623025,3.7782163410509955
UGA-single,2012,1,gdp_growth,2013,prophet_graph,3.58690582623025,3.7782163410509955
UGA-single,2012,1,gdp_growth,2013,xgb_blind,3.58690582623025,2.9991629240678983
UGA-single,2012,1,gdp_growth,2013,xgb_graph,3.58690582623025,2.9991629240678983
UGA-single,2012,1,gdp_growth,2013,lgbm_blind,3.58690582623025,2.9991629240678983
UGA-single,2012,1,gdp_growth,2013,lgbm_graph,3.58690582623025,2.9991629240678983
UGA-single,2012,1,gdp_growth,2013,tft,3.58690582623025,2.9991629240678983
UGA-single,2012,3,gdp_growth,2015,persistence,5.18785986002466,1.35040425397237
UGA-single,2012,3,gdp_growth,2015,arima,5.18785986002466,0.7111279074777697
UGA-single,2012,3,gdp_growth,2015,prophet,5.18785986002466,2.2505332898609263
UGA-single,2012,3,gdp_growth,2015,prophet_graph,5.18785986002466,2.2505332898609263
UGA-single,2012,3,gdp_growth,2015,xgb_blind,5.18785986002466,0.7111279074777697
UGA-single,2012,3,gdp_growth,2015,xgb_graph,5.18785986002466,0.7111279074777697
UGA-single,2012,3,gdp_growth,2015,lgbm_blind,5.18785986002466,0.7111279074777697
UGA-single,2012,3,gdp_growth,2015,lgbm_graph,5.18785986002466,0.7111279074777697
UGA-single,2012,3,gdp_growth,2015,tft,5.18785986002466,0.7111279074777697
UGA-single,2012,5,gdp_growth,2017,persistence,3.13140551723596,0.7060500888163301
UGA-single,2012,5,gdp_growth,2017,arima,3.13140551723596,2.5993178833938124
UGA-single,2012,5,gdp_growth,2017,prophet,3.13140551723596,4.380358986463012
UGA-single,2012,5,gdp_growth,2017,prophet_graph,3.13140551723596,4.380358986463012
UGA-single,2012,5,gdp_growth,2017,xgb_blind,3.13140551723596,2.5993178833938124
UGA-single,2012,5,gdp_growth,2017,xgb_graph,3.13140551723596,2.5993178833938124
UGA-single,2012,5,gdp_growth,2017,lgbm_blind,3.13140551723596,2.5993178833938124
UGA-single,2012,5,gdp_growth,2017,lgbm_graph,3.13140551723596,2.5993178833938124
UGA-single,2012,5,gdp_growth,2017,tft,3.13140551723596,2.5993178833938124
UGA-single,2012,10,gdp_growth,2022,persistence,4.58802192181773,0.7505663157654401
UGA-single,2012,10,gdp_growth,2022,arima,4.58802192181773,1.0865097212370989
UGA-single,2012,10,gdp_growth,2022,prophet,4.58802192181773,3.1070204096011373
UGA-single,2012,10,gdp_growth,2022,prophet_graph,4.58802192181773,3.1070204096011373
UGA-single,2012,10,gdp_growth,2022,xgb_blind,4.58802192181773,1.0865097212370989
UGA-single,2012,10,gdp_growth,2022,xgb_graph,4.58802192181773,1.0865097212370989
UGA-single,2012,10,gdp_growth,2022,lgbm_blind,4.58802192181773,1.0865097212370989
UGA-single,2012,10,gdp_growth,2022,lgbm_graph,4.58802192181773,1.0865097212370989
UGA-single,2012,10,gdp_growth,2022,tft,4.58802192181773,1.0865097212370989
UGA-single,2012,1,unemployment,2013,persistence,1.91,1.6410000000000002
UGA-single,2012,1,unemployment,2013,arima,1.91,1.6509167489150804
UGA-single,2012,1,unemployment,2013,prophet,1.91,1.176312691115912
UGA-single,2012,1,unemployment,2013,prophet_graph,1.91,1.32639762488019
UGA-single,2012,1,unemployment,2013,xgb_blind,1.91,1.6509167489150804
UGA-single,2012,1,unemployment,2013,xgb_graph,1.91,1.5883265399932862
UGA-single,2012,1,unemployment,2013,lgbm_blind,1.91,1.6509167489150804
UGA-single,2012,1,unemployment,2013,lgbm_graph,1.91,1.3361818077347498
UGA-single,2012,1,unemployment,2013,tft,1.91,1.6509167489150804
UGA-single,2012,3,unemployment,2015,persistence,2.681,0.8700000000000001
UGA-single,2012,3,unemployment,2015,arima,2.681,0.8846728783450284
UGA-single,2012,3,unemployment,2015,prophet,2.681,0.3773020699424676
UGA-single,2012,3,unemployment,2015,prophet_graph,2.681,0.5245423252785555
UGA-single,2012,3,unemployment,2015,xgb_blind,2.681,0.8846728783450284
UGA-single,2012,3,unemployment,2015,xgb_graph,2.681,0.8323619308471679
UGA-single,2012,3,unemployment,2015,lgbm_blind,2.681,0.8846728783450284
UGA-single,2012,3,unemployment,2015,lgbm_graph,2.681,0.5397499921321867
UGA-single,2012,3,unemployment,2015,tft,2.681,0.8846728783450284
UGA-single,2012,5,unemployment,2017,persistence,3.428,0.12300000000000022
UGA-single,2012,5,unemployment,2017,arima,3.428,0.13826946871212664
UGA-single,2012,5,unemployment,2017,prophet,3.428,0.3977469219449121
UGA-single,2012,5,unemployment,2017,prophet_graph,3.428,0.2533552418567795
UGA-single,2012,5,unemployment,2017,xgb_blind,3.428,0.13826946871212664
UGA-single,2012,5,unemployment,2017,xgb_graph,3.428,0.24690821456909173
UGA-single,2012,5,unemployment,2017,lgbm_blind,3.428,0.13826946871212664
UGA-single,2012,5,unemployment,2017,lgbm_graph,3.428,0.23522222725550312
UGA-single,2012,5,unemployment,2017,tft,3.428,0.13826946871212664
UGA-single,2012,10,unemployment,2022,persistence,2.885,0.6660000000000004
UGA-single,2012,10,unemployment,2022,arima,2.885,0.6813545590712233
UGA-single,2012,10,unemployment,2022,prophet,2.885,0.07518815440754123
UGA-single,2012,10,unemployment,2022,prophet_graph,2.885,0.2124642416054332
UGA-single,2012,10,unemployment,2022,xgb_blind,2.885,0.6813545590712233
UGA-single,2012,10,unemployment,2022,xgb_graph,2.885,0.6323220634460451
UGA-single,2012,10,unemployment,2022,lgbm_blind,2.885,0.6813545590712233
UGA-single,2012,10,unemployment,2022,lgbm_graph,2.885,0.26999998055971597
UGA-single,2012,10,unemployment,2022,tft,2.885,0.6813545590712233
UGA-single,2012,1,exports_gdp,2013,persistence,16.5130356713113,1.0213069013049
UGA-single,2012,1,exports_gdp,2013,arima,16.5130356713113,1.2828792791755497
UGA-single,2012,1,exports_gdp,2013,prophet,16.5130356713113,1.2806460479063944
UGA-single,2012,1,exports_gdp,2013,prophet_graph,16.5130356713113,1.453080652115748
UGA-single,2012,1,exports_gdp,2013,xgb_blind,16.5130356713113,1.2828792791755497
UGA-single,2012,1,exports_gdp,2013,xgb_graph,16.5130356713113,1.6236533089455776
UGA-single,2012,1,exports_gdp,2013,lgbm_blind,16.5130356713113,1.2828792791755497
UGA-single,2012,1,exports_gdp,2013,lgbm_graph,16.5130356713113,3.7973986593497973
UGA-single,2012,1,exports_gdp,2013,tft,16.5130356713113,1.2828792791755497
UGA-single,2012,3,exports_gdp,2015,persistence,12.8773253147369,2.6144034552694997
UGA-single,2012,3,exports_gdp,2015,arima,12.8773253147369,2.3762114364796165
UGA-single,2012,3,exports_gdp,2015,prophet,12.8773253147369,5.802018413136214
UGA-single,2012,3,exports_gdp,2015,prophet_graph,12.8773253147369,1.6439353170932378
UGA-single,2012,3,exports_gdp,2015,xgb_blind,12.8773253147369,2.3762114364796165
UGA-single,2012,3,exports_gdp,2015,xgb_graph,12.8773253147369,6.315355044149818
UGA-single,2012,3,exports_gdp,2015,lgbm_blind,12.8773253147369,2.3762114364796165
UGA-single,2012,3,exports_gdp,2015,lgbm_graph,12.8773253147369,0.2985994632477187
UGA-single,2012,3,exports_gdp,2015,tft,12.8773253147369,2.3762114364796165
UGA-single,2012,5,exports_gdp,2017,persistence,16.6611294211705,1.1694006511641
UGA-single,2012,5,exports_gdp,2017,arima,16.6611294211705,1.4073624502269872
UGA-single,2012,5,exports_gdp,2017,prophet,16.6611294211705,2.905089550986329
UGA-single,2012,5,exports_gdp,2017,prophet_graph,16.6611294211705,2.6793011142227137
UGA-single,2012,5,exports_gdp,2017,xgb_blind,16.6611294211705,1.4073624502269872
UGA-single,2012,5,exports_gdp,2017,xgb_graph,16.6611294211705,2.4776119651158126
UGA-single,2012,5,exports_gdp,2017,lgbm_blind,16.6611294211705,1.4073624502269872
UGA-single,2012,5,exports_gdp,2017,lgbm_graph,16.6611294211705,2.8991604906081623
UGA-single,2012,5,exports_gdp,2017,tft,16.6611294211705,1.4073624502269872
UGA-single,2012,10,exports_gdp,2022,persistence,12.0219954333331,3.4697333366733005
UGA-single,2012,10,exports_gdp,2022,arima,12.0219954333331,3.2317738270840035
UGA-single,2012,10,exports_gdp,2022,prophet,12.0219954333331,9.759591796090575
UGA-single,2012,10,exports_gdp,2022,prophet_graph,12.0219954333331,0.6123589676842158
UGA-single,2012,10,exports_gdp,2022,xgb_blind,12.0219954333331,3.2317738270840035
UGA-single,2012,10,exports_gdp,2022,xgb_graph,12.0219954333331,3.431454769608795
UGA-single,2012,10,exports_gdp,2022,lgbm_blind,12.0219954333331,3.2317738270840035
UGA-single,2012,10,exports_gdp,2022,lgbm_graph,12.0219954333331,2.4943277296260717
UGA-single,2012,10,exports_gdp,2022,tft,12.0219954333331,3.2317738270840035
UGA-single,2012,1,imports_gdp,2013,persistence,26.5961192021574,1.414289167567599
UGA-single,2012,1,imports_gdp,2013,arima,26.5961192021574,1.4519675946002302
UGA-single,2012,1,imports_gdp,2013,prophet,26.5961192021574,2.410285071421331
UGA-single,2012,1,imports_gdp,2013,prophet_graph,26.5961192021574,0.7347907389657742
UGA-single,2012,1,imports_gdp,2013,xgb_blind,26.5961192021574,1.4519675946002302
UGA-single,2012,1,imports_gdp,2013,xgb_graph,26.5961192021574,1.8990704645906469
UGA-single,2012,1,imports_gdp,2013,lgbm_blind,26.5961192021574,1.4519675946002302
UGA-single,2012,1,imports_gdp,2013,lgbm_graph,26.5961192021574,2.1560413337824897
UGA-single,2012,1,imports_gdp,2013,tft,26.5961192021574,1.4519675946002302
UGA-single,2012,3,imports_gdp,2015,persistence,24.8119730176989,3.198435352026099
UGA-single,2012,3,imports_gdp,2015,arima,24.8119730176989,3.2374350549904776
UGA-single,2012,3,imports_gdp,2015,prophet,24.8119730176989,4.992262373115015
UGA-single,2012,3,imports_gdp,2015,prophet_graph,24.8119730176989,2.9895483059389107
UGA-single,2012,3,imports_gdp,2015,xgb_blind,24.8119730176989,3.2374350549904776
UGA-single,2012,3,imports_gdp,2015,xgb_graph,24.8119730176989,1.910437184327467
UGA-single,2012,3,imports_gdp,2015,lgbm_blind,24.8119730176989,3.2374350549904776
UGA-single,2012,3,imports_gdp,2015,lgbm_graph,24.8119730176989,0.23932868862785384
UGA-single,2012,3,imports_gdp,2015,tft,24.8119730176989,3.2374350549904776
UGA-single,2012,5,imports_gdp,2017,persistence,20.1759235122395,7.834484857485499
UGA-single,2012,5,imports_gdp,2017,arima,20.1759235122395,7.8734860803807685
UGA-single,2012,5,imports_gdp,2017,prophet,20.1759235122395,10.427235915148277
UGA-single,2012,5,imports_gdp,2017,prophet_graph,20.1759235122395,8.09685386703968
UGA-single,2012,5,imports_gdp,2017,xgb_blind,20.1759235122395,7.8734860803807685
UGA-single,2012,5,imports_gdp,2017,xgb_graph,20.1759235122395,5.545409037809328
UGA-single,2012,5,imports_gdp,2017,lgbm_blind,20.1759235122395,7.8734860803807685
UGA-single,2012,5,imports_gdp,2017,lgbm_graph,20.1759235122395,4.889451391969214
UGA-single,2012,5,imports_gdp,2017,tft,20.1759235122395,7.8734860803807685
UGA-single,2012,10,imports_gdp,2022,persistence,22.4833064937607,5.5271018759642985
UGA-single,2012,10,imports_gdp,2022,arima,22.4833064937607,5.566103100610039
UGA-single,2012,10,imports_gdp,2022,prophet,22.4833064937607,10.11552364605371
UGA-single,2012,10,imports_gdp,2022,prophet_graph,22.4833064937607,6.966644014931806
UGA-single,2012,10,imports_gdp,2022,xgb_blind,22.4833064937607,5.566103100610039
UGA-single,2012,10,imports_gdp,2022,xgb_graph,22.4833064937607,5.287130746839885
UGA-single,2012,10,imports_gdp,2022,lgbm_blind,22.4833064937607,5.566103100610039
UGA-single,2012,10,imports_gdp,2022,lgbm_graph,22.4833064937607,3.820090171372261
UGA-single,2012,10,imports_gdp,2022,tft,22.4833064937607,5.566103100610039
UGA-single,2012,1,current_account,2013,persistence,-6.05719389968621,0.005932487647489992
UGA-single,2012,1,current_account,2013,arima,-6.05719389968621,0.2298781360756852
UGA-single,2012,1,current_account,2013,prophet,-6.05719389968621,1.4632548914991999
UGA-single,2012,1,current_account,2013,prophet_graph,-6.05719389968621,0.3331898164166196
UGA-single,2012,1,current_account,2013,xgb_blind,-6.05719389968621,0.2298781360756852
UGA-single,2012,1,current_account,2013,xgb_graph,-6.05719389968621,0.6859995370458289
UGA-single,2012,1,current_account,2013,lgbm_blind,-6.05719389968621,0.2298781360756852
UGA-single,2012,1,current_account,2013,lgbm_graph,-6.05719389968621,1.7039117202567597
UGA-single,2012,1,current_account,2013,tft,-6.05719389968621,0.2298781360756852
UGA-single,2012,3,current_account,2015,persistence,-5.1602872378994,0.9028391494342998
UGA-single,2012,3,current_account,2015,arima,-5.1602872378994,1.0971327254467074
UGA-single,2012,3,current_account,2015,prophet,-5.1602872378994,0.5401129933935724
UGA-single,2012,3,current_account,2015,prophet_graph,-5.1602872378994,0.6579147319505481
UGA-single,2012,3,current_account,2015,xgb_blind,-5.1602872378994,1.0971327254467074
UGA-single,2012,3,current_account,2015,xgb_graph,-5.1602872378994,4.46127942873726
UGA-single,2012,3,current_account,2015,lgbm_blind,-5.1602872378994,1.0971327254467074
UGA-single,2012,3,current_account,2015,lgbm_graph,-5.1602872378994,0.8015022418331572
UGA-single,2012,3,current_account,2015,tft,-5.1602872378994,1.0971327254467074
UGA-single,2012,5,current_account,2017,persistence,-4.88278660173815,1.1803397855955495
UGA-single,2012,5,current_account,2017,arima,-4.88278660173815,1.3739017012030592
UGA-single,2012,5,current_account,2017,prophet,-4.88278660173815,0.23634118223361522
UGA-single,2012,5,current_account,2017,prophet_graph,-4.88278660173815,1.0297422928929505
UGA-single,2012,5,current_account,2017,xgb_blind,-4.88278660173815,1.3739017012030592
UGA-single,2012,5,current_account,2017,xgb_graph,-4.88278660173815,3.7584318816224886
UGA-single,2012,5,current_account,2017,lgbm_blind,-4.88278660173815,1.3739017012030592
UGA-single,2012,5,current_account,2017,lgbm_graph,-4.88278660173815,0.5774319153876917
UGA-single,2012,5,current_account,2017,tft,-4.88278660173815,1.3739017012030592
UGA-single,2012,10,current_account,2022,persistence,-8.91897823001288,2.855851842679181
UGA-single,2012,10,current_account,2022,arima,-8.91897823001288,2.6623084391919756
UGA-single,2012,10,current_account,2022,prophet,-8.91897823001288,4.206908781031412
UGA-single,2012,10,current_account,2022,prophet_graph,-8.91897823001288,2.77082558073009
UGA-single,2012,10,current_account,2022,xgb_blind,-8.91897823001288,2.6623084391919756
UGA-single,2012,10,current_account,2022,xgb_graph,-8.91897823001288,3.1186351933612695
UGA-single,2012,10,current_account,2022,lgbm_blind,-8.91897823001288,2.6623084391919756
UGA-single,2012,10,current_account,2022,lgbm_graph,-8.91897823001288,4.791304716255386
UGA-single,2012,10,current_account,2022,tft,-8.91897823001288,2.6623084391919756
UGA-single,2012,1,real_interest_rate,2013,persistence,19.0146300185037,2.4734491263569005
UGA-single,2012,1,real_interest_rate,2013,arima,19.0146300185037,2.6107274746246674
UGA-single,2012,1,real_interest_rate,2013,prophet,19.0146300185037,6.493252112623708
UGA-single,2012,1,real_interest_rate,2013,prophet_graph,19.0146300185037,15.786253872216305
UGA-single,2012,1,real_interest_rate,2013,xgb_blind,19.0146300185037,2.6107274746246674
UGA-single,2012,1,real_interest_rate,2013,xgb_graph,19.0146300185037,6.369895635874304
UGA-single,2012,1,real_interest_rate,2013,lgbm_blind,19.0146300185037,2.6107274746246674
UGA-single,2012,1,real_interest_rate,2013,lgbm_graph,19.0146300185037,8.72915756044456
UGA-single,2012,1,real_interest_rate,2013,tft,19.0146300185037,2.6107274746246674
UGA-single,2012,3,real_interest_rate,2015,persistence,16.5546646041457,4.9334145407148995
UGA-single,2012,3,real_interest_rate,2015,arima,16.5546646041457,1.1202461652706859
UGA-single,2012,3,real_interest_rate,2015,prophet,16.5546646041457,3.5578283063071723
UGA-single,2012,3,real_interest_rate,2015,prophet_graph,16.5546646041457,14.653265684348655
UGA-single,2012,3,real_interest_rate,2015,xgb_blind,16.5546646041457,1.1202461652706859
UGA-single,2012,3,real_interest_rate,2015,xgb_graph,16.5546646041457,2.5003910141404333
UGA-single,2012,3,real_interest_rate,2015,lgbm_blind,16.5546646041457,1.1202461652706859
UGA-single,2012,3,real_interest_rate,2015,lgbm_graph,16.5546646041457,5.368506519276314
UGA-single,2012,3,real_interest_rate,2015,tft,16.5546646041457,1.1202461652706859
UGA-single,2012,5,real_interest_rate,2017,persistence,15.8908471114542,5.597232033406399
UGA-single,2012,5,real_interest_rate,2017,arima,15.8908471114542,2.1052032788806834
UGA-single,2012,5,real_interest_rate,2017,prophet,15.8908471114542,2.417901108791442
UGA-single,2012,5,real_interest_rate,2017,prophet_graph,15.8908471114542,15.31824319517009
UGA-single,2012,5,real_interest_rate,2017,xgb_blind,15.8908471114542,2.1052032788806834
UGA-single,2012,5,real_interest_rate,2017,xgb_graph,15.8908471114542,3.9197863585855472
UGA-single,2012,5,real_interest_rate,2017,lgbm_blind,15.8908471114542,2.1052032788806834
UGA-single,2012,5,real_interest_rate,2017,lgbm_graph,15.8908471114542,3.95709515748149
UGA-single,2012,5,real_interest_rate,2017,tft,15.8908471114542,2.1052032788806834
UGA-single,2012,10,real_interest_rate,2022,persistence,14.7478688039364,6.7402103409241985
UGA-single,2012,10,real_interest_rate,2022,arima,14.7478688039364,3.3602392683207665
UGA-single,2012,10,real_interest_rate,2022,prophet,14.7478688039364,0.08562550851161177
UGA-single,2012,10,real_interest_rate,2022,prophet_graph,14.7478688039364,17.494525730900747
UGA-single,2012,10,real_interest_rate,2022,xgb_blind,14.7478688039364,3.3602392683207665
UGA-single,2012,10,real_interest_rate,2022,xgb_graph,14.7478688039364,39.12496688743249
UGA-single,2012,10,real_interest_rate,2022,lgbm_blind,14.7478688039364,3.3602392683207665
UGA-single,2012,10,real_interest_rate,2022,lgbm_graph,14.7478688039364,4.024985359370408
UGA-single,2012,10,real_interest_rate,2022,tft,14.7478688039364,3.3602392683207665
UGA-single,2012,1,broad_money,2013,persistence,17.9866884362961,0.4256400578683994
UGA-single,2012,1,broad_money,2013,arima,17.9866884362961,0.8742405355610465
UGA-single,2012,1,broad_money,2013,prophet,17.9866884362961,3.2496038313196287
UGA-single,2012,1,broad_money,2013,prophet_graph,17.9866884362961,1.8361912420244266
UGA-single,2012,1,broad_money,2013,xgb_blind,17.9866884362961,0.8742405355610465
UGA-single,2012,1,broad_money,2013,xgb_graph,17.9866884362961,1.9486749780441457
UGA-single,2012,1,broad_money,2013,lgbm_blind,17.9866884362961,0.8742405355610465
UGA-single,2012,1,broad_money,2013,lgbm_graph,17.9866884362961,2.1854508531356984
UGA-single,2012,1,broad_money,2013,tft,17.9866884362961,0.8742405355610465
UGA-single,2012,3,broad_money,2015,persistence,18.8439221029839,1.2828737245562003
UGA-single,2012,3,broad_money,2015,arima,18.8439221029839,1.6253583301505792
UGA-single,2012,3,broad_money,2015,prophet,18.8439221029839,3.357094040709118
UGA-single,2012,3,broad_money,2015,prophet_graph,18.8439221029839,0.7458217495971944
UGA-single,2012,3,broad_money,2015,xgb_blind,18.8439221029839,1.6253583301505792
UGA-single,2012,3,broad_money,2015,xgb_graph,18.8439221029839,2.005611861284681
UGA-single,2012,3,broad_money,2015,lgbm_blind,18.8439221029839,1.6253583301505792
UGA-single,2012,3,broad_money,2015,lgbm_graph,18.8439221029839,2.3762173777183975
UGA-single,2012,3,broad_money,2015,tft,18.8439221029839,1.6253583301505792
UGA-single,2012,5,broad_money,2017,persistence,19.9186068571647,2.357558478737001
UGA-single,2012,5,broad_money,2017,arima,19.9186068571647,2.684394001472217
UGA-single,2012,5,broad_money,2017,prophet,19.9186068571647,3.2484547021618866
UGA-single,2012,5,broad_money,2017,prophet_graph,19.9186068571647,0.12976460487007913
UGA-single,2012,5,broad_money,2017,xgb_blind,19.9186068571647,2.684394001472217
UGA-single,2012,5,broad_money,2017,xgb_graph,19.9186068571647,2.761050323351224
UGA-single,2012,5,broad_money,2017,lgbm_blind,19.9186068571647,2.684394001472217
UGA-single,2012,5,broad_money,2017,lgbm_graph,19.9186068571647,2.928046749403741
UGA-single,2012,5,broad_money,2017,tft,19.9186068571647,2.684394001472217
UGA-single,2012,10,broad_money,2022,persistence,22.0303983664876,4.4693499880599
UGA-single,2012,10,broad_money,2022,arima,22.0303983664876,4.793455900743844
UGA-single,2012,10,broad_money,2022,prophet,22.0303983664876,3.5497944225884908
UGA-single,2012,10,broad_money,2022,prophet_graph,22.0303983664876,2.8896489428678187
UGA-single,2012,10,broad_money,2022,xgb_blind,22.0303983664876,4.793455900743844
UGA-single,2012,10,broad_money,2022,xgb_graph,22.0303983664876,5.341132161653615
UGA-single,2012,10,broad_money,2022,lgbm_blind,22.0303983664876,4.793455900743844
UGA-single,2012,10,broad_money,2022,lgbm_graph,22.0303983664876,3.7944219272316637
UGA-single,2012,10,broad_money,2022,tft,22.0303983664876,4.793455900743844
UGA-single,2012,1,govt_consumption,2013,persistence,7.09808347224892,0.49638116993463033
UGA-single,2012,1,govt_consumption,2013,arima,7.09808347224892,3.202212094602663
UGA-single,2012,1,govt_consumption,2013,prophet,7.09808347224892,5.614316020540512
UGA-single,2012,1,govt_consumption,2013,prophet_graph,7.09808347224892,3.1676804680748827
UGA-single,2012,1,govt_consumption,2013,xgb_blind,7.09808347224892,3.202212094602663
UGA-single,2012,1,govt_consumption,2013,xgb_graph,7.09808347224892,5.478631043437115
UGA-single,2012,1,govt_consumption,2013,lgbm_blind,7.09808347224892,3.202212094602663
UGA-single,2012,1,govt_consumption,2013,lgbm_graph,7.09808347224892,5.193329011313203
UGA-single,2012,1,govt_consumption,2013,tft,7.09808347224892,3.202212094602663
UGA-single,2012,3,govt_consumption,2015,persistence,8.95453398978222,1.36006934759867
UGA-single,2012,3,govt_consumption,2015,arima,8.95453398978222,0.7328493549976578
UGA-single,2012,3,govt_consumption,2015,prophet,8.95453398978222,3.862488491312863
UGA-single,2012,3,govt_consumption,2015,prophet_graph,8.95453398978222,3.055956042901185
UGA-single,2012,3,govt_consumption,2015,xgb_blind,8.95453398978222,0.7328493549976578
UGA-single,2012,3,govt_consumption,2015,xgb_graph,8.95453398978222,0.9626689597417055
UGA-single,2012,3,govt_consumption,2015,lgbm_blind,8.95453398978222,0.7328493549976578
UGA-single,2012,3,govt_consumption,2015,lgbm_graph,8.95453398978222,3.6411661788273992
UGA-single,2012,3,govt_consumption,2015,tft,8.95453398978222,0.7328493549976578
UGA-single,2012,5,govt_consumption,2017,persistence,8.00943502980076,0.4149703876172106
UGA-single,2012,5,govt_consumption,2017,arima,8.00943502980076,1.6042532123678708
UGA-single,2012,5,govt_consumption,2017,prophet,8.00943502980076,4.912353758762038
UGA-single,2012,5,govt_consumption,2017,prophet_graph,8.00943502980076,5.7481711309852095
UGA-single,2012,5,govt_consumption,2017,xgb_blind,8.00943502980076,1.6042532123678708
UGA-single,2012,5,govt_consumption,2017,xgb_graph,8.00943502980076,2.2536903898159384
UGA-single,2012,5,govt_consumption,2017,lgbm_blind,8.00943502980076,1.6042532123678708
UGA-single,2012,5,govt_consumption,2017,lgbm_graph,8.00943502980076,4.713801160147428
UGA-single,2012,5,govt_consumption,2017,tft,8.00943502980076,1.6042532123678708
UGA-single,2012,10,govt_consumption,2022,persistence,9.78726680444974,2.1928021622661893
UGA-single,2012,10,govt_consumption,2022,arima,9.78726680444974,0.183701003860536
UGA-single,2012,10,govt_consumption,2022,prophet,9.78726680444974,3.396222774039254
UGA-single,2012,10,govt_consumption,2022,prophet_graph,9.78726680444974,8.334544622978196
UGA-single,2012,10,govt_consumption,2022,xgb_blind,9.78726680444974,0.183701003860536
UGA-single,2012,10,govt_consumption,2022,xgb_graph,9.78726680444974,1.4343138472964192
UGA-single,2012,10,govt_consumption,2022,lgbm_blind,9.78726680444974,0.183701003860536
UGA-single,2012,10,govt_consumption,2022,lgbm_graph,9.78726680444974,3.0635829340380916
UGA-single,2012,10,govt_consumption,2022,tft,9.78726680444974,0.183701003860536
UGA-single,2013,1,gdp_growth,2014,persistence,5.10630732539796,1.5194014991677105
UGA-single,2013,1,gdp_growth,2014,arima,5.10630732539796,1.4138557338551205
UGA-single,2013,1,gdp_growth,2014,prophet,5.10630732539796,1.6617914464769834
UGA-single,2013,1,gdp_growth,2014,prophet_graph,5.10630732539796,1.6617914464769834
UGA-single,2013,1,gdp_growth,2014,xgb_blind,5.10630732539796,1.4138557338551205
UGA-single,2013,1,gdp_growth,2014,xgb_graph,5.10630732539796,1.4138557338551205
UGA-single,2013,1,gdp_growth,2014,lgbm_blind,5.10630732539796,1.4138557338551205
UGA-single,2013,1,gdp_growth,2014,lgbm_graph,5.10630732539796,1.4138557338551205
UGA-single,2013,1,gdp_growth,2014,tft,5.10630732539796,1.4138557338551205
UGA-single,2013,3,gdp_growth,2016,persistence,4.78100029254482,1.1940944663145703
UGA-single,2013,3,gdp_growth,2016,arima,4.78100029254482,1.114280704503599
UGA-single,2013,3,gdp_growth,2016,prophet,4.78100029254482,1.985251847247695
UGA-single,2013,3,gdp_growth,2016,prophet_graph,4.78100029254482,1.985251847247695
UGA-single,2013,3,gdp_growth,2016,xgb_blind,4.78100029254482,1.114280704503599
UGA-single,2013,3,gdp_growth,2016,xgb_graph,4.78100029254482,1.114280704503599
UGA-single,2013,3,gdp_growth,2016,lgbm_blind,4.78100029254482,1.114280704503599
UGA-single,2013,3,gdp_growth,2016,lgbm_graph,4.78100029254482,1.114280704503599
UGA-single,2013,3,gdp_growth,2016,tft,4.78100029254482,1.114280704503599
UGA-single,2013,5,gdp_growth,2018,persistence,6.30392378262997,2.71701795639972
UGA-single,2013,5,gdp_growth,2018,arima,6.30392378262997,2.6417705233655577
UGA-single,2013,5,gdp_growth,2018,prophet,6.30392378262997,0.46047919544712634
UGA-single,2013,5,gdp_growth,2018,prophet_graph,6.30392378262997,0.46047919544712634
UGA-single,2013,5,gdp_growth,2018,xgb_blind,6.30392378262997,2.6417705233655577
UGA-single,2013,5,gdp_growth,2018,xgb_graph,6.30392378262997,2.6417705233655577
UGA-single,2013,5,gdp_growth,2018,lgbm_blind,6.30392378262997,2.6417705233655577
UGA-single,2013,5,gdp_growth,2018,lgbm_graph,6.30392378262997,2.6417705233655577
UGA-single,2013,5,gdp_growth,2018,tft,6.30392378262997,2.6417705233655577
UGA-single,2013,10,gdp_growth,2023,persistence,5.33697295511469,1.75006712888444
UGA-single,2013,10,gdp_growth,2023,arima,5.33697295511469,1.675817914382821
UGA-single,2013,10,gdp_growth,2023,prophet,5.33697295511469,1.4228109131233424
UGA-single,2013,10,gdp_growth,2023,prophet_graph,5.33697295511469,1.4228109131233424
UGA-single,2013,10,gdp_growth,2023,xgb_blind,5.33697295511469,1.675817914382821
UGA-single,2013,10,gdp_growth,2023,xgb_graph,5.33697295511469,1.675817914382821
UGA-single,2013,10,gdp_growth,2023,lgbm_blind,5.33697295511469,1.675817914382821
UGA-single,2013,10,gdp_growth,2023,lgbm_graph,5.33697295511469,1.675817914382821
UGA-single,2013,10,gdp_growth,2023,tft,5.33697295511469,1.675817914382821
UGA-single,2013,1,unemployment,2014,persistence,2.357,0.4470000000000003
UGA-single,2013,1,unemployment,2014,arima,2.357,0.9709742153921304
UGA-single,2013,1,unemployment,2014,prophet,2.357,0.5165126710576708
UGA-single,2013,1,unemployment,2014,prophet_graph,2.357,0.623925229747234
UGA-single,2013,1,unemployment,2014,xgb_blind,2.357,0.9709742153921304
UGA-single,2013,1,unemployment,2014,xgb_graph,2.357,0.18815053176879903
UGA-single,2013,1,unemployment,2014,lgbm_blind,2.357,0.9709742153921304
UGA-single,2013,1,unemployment,2014,lgbm_graph,2.357,0.8310869450776472
UGA-single,2013,1,unemployment,2014,tft,2.357,0.9709742153921304
UGA-single,2013,3,unemployment,2016,persistence,3.002,1.0919999999999999
UGA-single,2013,3,unemployment,2016,arima,3.002,1.8367011836796827
UGA-single,2013,3,unemployment,2016,prophet,3.002,0.18034716830043784
UGA-single,2013,3,unemployment,2016,prophet_graph,3.002,0.0775816358000756
UGA-single,2013,3,unemployment,2016,xgb_blind,3.002,1.8367011836796827
UGA-single,2013,3,unemployment,2016,xgb_graph,3.002,0.47479400444030784
UGA-single,2013,3,unemployment,2016,lgbm_blind,3.002,1.8367011836796827
UGA-single,2013,3,unemployment,2016,lgbm_graph,3.002,0.156333324250721
UGA-single,2013,3,unemployment,2016,tft,3.002,1.8367011836796827
UGA-single,2013,5,unemployment,2018,persistence,3.249,1.3390000000000002
UGA-single,2013,5,unemployment,2018,arima,3.249,2.106205098129579
UGA-single,2013,5,unemployment,2018,prophet,3.249,0.4792780485343804
UGA-single,2013,5,unemployment,2018,prophet_graph,3.249,0.3811659080125205
UGA-single,2013,5,unemployment,2018,xgb_blind,3.249,2.106205098129579
UGA-single,2013,5,unemployment,2018,xgb_graph,3.249,0.16019551658630382
UGA-single,2013,5,unemployment,2018,lgbm_blind,3.249,2.106205098129579
UGA-single,2013,5,unemployment,2018,lgbm_graph,3.249,0.12373684863040335
UGA-single,2013,5,unemployment,2018,tft,3.249,2.106205098129579
UGA-single,2013,10,unemployment,2023,persistence,2.754,0.8440000000000001
UGA-single,2013,10,unemployment,2023,arima,2.754,1.6137514484636502
UGA-single,2013,10,unemployment,2023,prophet,2.754,0.1139986878054855
UGA-single,2013,10,unemployment,2023,prophet_graph,2.754,0.02751047854593036
UGA-single,2013,10,unemployment,2023,xgb_blind,2.754,1.6137514484636502
UGA-single,2013,10,unemployment,2023,xgb_graph,2.754,0.7604774913787842
UGA-single,2013,10,unemployment,2023,lgbm_blind,2.754,1.6137514484636502
UGA-single,2013,10,unemployment,2023,lgbm_graph,2.754,0.31207140813555023
UGA-single,2013,10,unemployment,2023,tft,2.754,1.6137514484636502
UGA-single,2013,1,exports_gdp,2014,persistence,14.9482109075764,1.5648247637349009
UGA-single,2013,1,exports_gdp,2014,arima,14.9482109075764,1.4827766919275511
UGA-single,2013,1,exports_gdp,2014,prophet,14.9482109075764,3.0842623313294446
UGA-single,2013,1,exports_gdp,2014,prophet_graph,14.9482109075764,1.7724756427364703
UGA-single,2013,1,exports_gdp,2014,xgb_blind,14.9482109075764,1.4827766919275511
UGA-single,2013,1,exports_gdp,2014,xgb_graph,14.9482109075764,0.43655757844654985
UGA-single,2013,1,exports_gdp,2014,lgbm_blind,14.9482109075764,1.4827766919275511
UGA-single,2013,1,exports_gdp,2014,lgbm_graph,14.9482109075764,2.067469643067282
UGA-single,2013,1,exports_gdp,2014,tft,14.9482109075764,1.4827766919275511
UGA-single,2013,3,exports_gdp,2016,persistence,12.4271644156806,4.0858712556307
UGA-single,2013,3,exports_gdp,2016,arima,12.4271644156806,4.009885094206911
UGA-single,2013,3,exports_gdp,2016,prophet,12.4271644156806,6.466110338178282
UGA-single,2013,3,exports_gdp,2016,prophet_graph,12.4271644156806,3.9077078225886908
UGA-single,2013,3,exports_gdp,2016,xgb_blind,12.4271644156806,4.009885094206911
UGA-single,2013,3,exports_gdp,2016,xgb_graph,12.4271644156806,7.251725812590884
UGA-single,2013,3,exports_gdp,2016,lgbm_blind,12.4271644156806,4.009885094206911
UGA-single,2013,3,exports_gdp,2016,lgbm_graph,12.4271644156806,0.907670364331258
UGA-single,2013,3,exports_gdp,2016,tft,12.4271644156806,4.009885094206911
UGA-single,2013,5,exports_gdp,2018,persistence,15.0870530611511,1.425982610160201
UGA-single,2013,5,exports_gdp,2018,arima,15.0870530611511,1.3500355718794097
UGA-single,2013,5,exports_gdp,2018,prophet,15.0870530611511,4.668202387818294
UGA-single,2013,5,exports_gdp,2018,prophet_graph,15.0870530611511,0.8614763523183946
UGA-single,2013,5,exports_gdp,2018,xgb_blind,15.0870530611511,1.3500355718794097
UGA-single,2013,5,exports_gdp,2018,xgb_graph,15.0870530611511,0.7078998095031501
UGA-single,2013,5,exports_gdp,2018,lgbm_blind,15.0870530611511,1.3500355718794097
UGA-single,2013,5,exports_gdp,2018,lgbm_graph,15.0870530611511,1.1802911890101146
UGA-single,2013,5,exports_gdp,2018,tft,15.0870530611511,1.3500355718794097
UGA-single,2013,10,exports_gdp,2023,persistence,11.6017089255499,4.9113267457614
UGA-single,2013,10,exports_gdp,2023,arima,11.6017089255499,4.835379961619658
UGA-single,2013,10,exports_gdp,2023,prophet,11.6017089255499,10.306729490959569
UGA-single,2013,10,exports_gdp,2023,prophet_graph,11.6017089255499,3.3817561950544253
UGA-single,2013,10,exports_gdp,2023,xgb_blind,11.6017089255499,4.835379961619658
UGA-single,2013,10,exports_gdp,2023,xgb_graph,11.6017089255499,4.708612882311428
UGA-single,2013,10,exports_gdp,2023,lgbm_blind,11.6017089255499,4.835379961619658
UGA-single,2013,10,exports_gdp,2023,lgbm_graph,11.6017089255499,3.0572364986662333
UGA-single,2013,10,exports_gdp,2023,tft,11.6017089255499,4.835379961619658
UGA-single,2013,1,imports_gdp,2014,persistence,21.0661901743321,5.5299290278253
UGA-single,2013,1,imports_gdp,2014,arima,21.0661901743321,5.500057860046255
UGA-single,2013,1,imports_gdp,2014,prophet,21.0661901743321,7.9429085348709485
UGA-single,2013,1,imports_gdp,2014,prophet_graph,21.0661901743321,4.911005625189276
UGA-single,2013,1,imports_gdp,2014,xgb_blind,21.0661901743321,5.500057860046255
UGA-single,2013,1,imports_gdp,2014,xgb_graph,21.0661901743321,5.767876216659111
UGA-single,2013,1,imports_gdp,2014,lgbm_blind,21.0661901743321,5.500057860046255
UGA-single,2013,1,imports_gdp,2014,lgbm_graph,21.0661901743321,3.467628609635291
UGA-single,2013,1,imports_gdp,2014,tft,21.0661901743321,5.500057860046255
UGA-single,2013,3,imports_gdp,2016,persistence,18.7821976075312,7.813921594626201
UGA-single,2013,3,imports_gdp,2016,arima,18.7821976075312,7.783406193227368
UGA-single,2013,3,imports_gdp,2016,prophet,18.7821976075312,10.975567288194735
UGA-single,2013,3,imports_gdp,2016,prophet_graph,18.7821976075312,7.5614834587809305
UGA-single,2013,3,imports_gdp,2016,xgb_blind,18.7821976075312,7.783406193227368
UGA-single,2013,3,imports_gdp,2016,xgb_graph,18.7821976075312,7.8120177855352075
UGA-single,2013,3,imports_gdp,2016,lgbm_blind,18.7821976075312,7.783406193227368
UGA-single,2013,3,imports_gdp,2016,lgbm_graph,18.7821976075312,5.886802654774652
UGA-single,2013,3,imports_gdp,2016,tft,18.7821976075312,7.783406193227368
UGA-single,2013,5,imports_gdp,2018,persistence,21.5513525388056,5.044766663351801
UGA-single,2013,5,imports_gdp,2018,arima,21.5513525388056,5.014250974563165
UGA-single,2013,5,imports_gdp,2018,prophet,21.5513525388056,8.95610411356175
UGA-single,2013,5,imports_gdp,2018,prophet_graph,21.5513525388056,5.159315828909332
UGA-single,2013,5,imports_gdp,2018,xgb_blind,21.5513525388056,5.014250974563165
UGA-single,2013,5,imports_gdp,2018,xgb_graph,21.5513525388056,4.933331451672917
UGA-single,2013,5,imports_gdp,2018,lgbm_blind,21.5513525388056,5.014250974563165
UGA-single,2013,5,imports_gdp,2018,lgbm_graph,21.5513525388056,3.5945878402869695
UGA-single,2013,5,imports_gdp,2018,tft,21.5513525388056,5.014250974563165
UGA-single,2013,10,imports_gdp,2023,persistence,21.739987404672,4.8561317974854
UGA-single,2013,10,imports_gdp,2023,arima,21.739987404672,4.825616108568504
UGA-single,2013,10,imports_gdp,2023,prophet,21.739987404672,10.640160284121094
UGA-single,2013,10,imports_gdp,2023,prophet_graph,21.739987404672,5.887396164631866
UGA-single,2013,10,imports_gdp,2023,xgb_blind,21.739987404672,4.825616108568504
UGA-single,2013,10,imports_gdp,2023,xgb_graph,21.739987404672,5.033928839834836
UGA-single,2013,10,imports_gdp,2023,lgbm_blind,21.739987404672,4.825616108568504
UGA-single,2013,10,imports_gdp,2023,lgbm_graph,21.739987404672,4.584317993451606
UGA-single,2013,10,imports_gdp,2023,tft,21.739987404672,4.825616108568504
UGA-single,2013,1,current_account,2014,persistence,-6.64160843323991,0.5844145335537005
UGA-single,2013,1,current_account,2014,arima,-6.64160843323991,0.5835035935705939
UGA-single,2013,1,current_account,2014,prophet,-6.64160843323991,1.7927982101972084
UGA-single,2013,1,current_account,2014,prophet_graph,-6.64160843323991,2.6617514611910433
UGA-single,2013,1,current_account,2014,xgb_blind,-6.64160843323991,0.5835035935705939
UGA-single,2013,1,current_account,2014,xgb_graph,-6.64160843323991,0.38578013945296075
UGA-single,2013,1,current_account,2014,lgbm_blind,-6.64160843323991,0.5835035935705939
UGA-single,2013,1,current_account,2014,lgbm_graph,-6.64160843323991,2.2142431417811537
UGA-single,2013,1,current_account,2014,tft,-6.64160843323991,0.5835035935705939
UGA-single,2013,3,current_account,2016,persistence,-2.85393787294637,3.20325602673984
UGA-single,2013,3,current_account,2016,arima,-2.85393787294637,3.2040485689772793
UGA-single,2013,3,current_account,2016,prophet,-2.85393787294637,2.050200666007583
UGA-single,2013,3,current_account,2016,prophet_graph,-2.85393787294637,0.5495963385862108
UGA-single,2013,3,current_account,2016,xgb_blind,-2.85393787294637,3.2040485689772793
UGA-single,2013,3,current_account,2016,xgb_graph,-2.85393787294637,5.393733254372966
UGA-single,2013,3,current_account,2016,lgbm_blind,-2.85393787294637,3.2040485689772793
UGA-single,2013,3,current_account,2016,lgbm_graph,-2.85393787294637,1.5857237307406948
UGA-single,2013,3,current_account,2016,tft,-2.85393787294637,3.2040485689772793
UGA-single,2013,5,current_account,2018,persistence,-6.32983605256251,0.27264215287630034
UGA-single,2013,5,current_account,2018,arima,-6.32983605256251,0.271852402213713
UGA-single,2013,5,current_account,2018,prophet,-6.32983605256251,1.3702934054837286
UGA-single,2013,5,current_account,2018,prophet_graph,-6.32983605256251,3.503414084779801
UGA-single,2013,5,current_account,2018,xgb_blind,-6.32983605256251,0.271852402213713
UGA-single,2013,5,current_account,2018,xgb_graph,-6.32983605256251,0.17663653502293908
UGA-single,2013,5,current_account,2018,lgbm_blind,-6.32983605256251,0.271852402213713
UGA-single,2013,5,current_account,2018,lgbm_graph,-6.32983605256251,1.9322793099092594
UGA-single,2013,5,current_account,2018,tft,-6.32983605256251,0.271852402213713
UGA-single,2013,10,current_account,2023,persistence,-7.43279149697522,1.3755975972890102
UGA-single,2013,10,current_account,2023,arima,-7.43279149697522,1.3748079140411233
UGA-single,2013,10,current_account,2023,prophet,-7.43279149697522,2.334852267904732
UGA-single,2013,10,current_account,2023,prophet_graph,-7.43279149697522,6.047965913716812
UGA-single,2013,10,current_account,2023,xgb_blind,-7.43279149697522,1.3748079140411233
UGA-single,2013,10,current_account,2023,xgb_graph,-7.43279149697522,1.2336538092921145
UGA-single,2013,10,current_account,2023,lgbm_blind,-7.43279149697522,1.3748079140411233
UGA-single,2013,10,current_account,2023,lgbm_graph,-7.43279149697522,3.1672951087644376
UGA-single,2013,10,current_account,2023,tft,-7.43279149697522,1.3748079140411233
UGA-single,2013,1,real_interest_rate,2014,persistence,15.6773841196638,3.337245898839898
UGA-single,2013,1,real_interest_rate,2014,arima,15.6773841196638,4.572799890094279
UGA-single,2013,1,real_interest_rate,2014,prophet,15.6773841196638,1.7466023005693074
UGA-single,2013,1,real_interest_rate,2014,prophet_graph,15.6773841196638,7.4293832575582925
UGA-single,2013,1,real_interest_rate,2014,xgb_blind,15.6773841196638,4.572799890094279
UGA-single,2013,1,real_interest_rate,2014,xgb_graph,15.6773841196638,1.5506508534807306
UGA-single,2013,1,real_interest_rate,2014,lgbm_blind,15.6773841196638,4.572799890094279
UGA-single,2013,1,real_interest_rate,2014,lgbm_graph,15.6773841196638,5.012383100476205
UGA-single,2013,1,real_interest_rate,2014,tft,15.6773841196638,4.572799890094279
UGA-single,2013,3,real_interest_rate,2016,persistence,18.2333937267573,0.7812362917463993
UGA-single,2013,3,real_interest_rate,2016,arima,18.2333937267573,1.7079020619144636
UGA-single,2013,3,real_interest_rate,2016,prophet,18.2333937267573,3.6872883936299505
UGA-single,2013,3,real_interest_rate,2016,prophet_graph,18.2333937267573,10.268624186590202
UGA-single,2013,3,real_interest_rate,2016,xgb_blind,18.2333937267573,1.7079020619144636
UGA-single,2013,3,real_interest_rate,2016,xgb_graph,18.2333937267573,0.28241449396921325
UGA-single,2013,3,real_interest_rate,2016,lgbm_blind,18.2333937267573,1.7079020619144636
UGA-single,2013,3,real_interest_rate,2016,lgbm_graph,18.2333937267573,6.674451295261996
UGA-single,2013,3,real_interest_rate,2016,tft,18.2333937267573,1.7079020619144636
UGA-single,2013,5,real_interest_rate,2018,persistence,14.7478688039364,4.266761214567298
UGA-single,2013,5,real_interest_rate,2018,arima,14.7478688039364,5.116351043146848
UGA-single,2013,5,real_interest_rate,2018,prophet,14.7478688039364,0.4144029521471353
UGA-single,2013,5,real_interest_rate,2018,prophet_graph,14.7478688039364,7.066718573819959
UGA-single,2013,5,real_interest_rate,2018,xgb_blind,14.7478688039364,5.116351043146848
UGA-single,2013,5,real_interest_rate,2018,xgb_graph,14.7478688039364,8.662565020519652
UGA-single,2013,5,real_interest_rate,2018,lgbm_blind,14.7478688039364,5.116351043146848
UGA-single,2013,5,real_interest_rate,2018,lgbm_graph,14.7478688039364,2.441439091540481
UGA-single,2013,5,real_interest_rate,2018,tft,14.7478688039364,5.116351043146848
UGA-single,2013,10,real_interest_rate,2023,persistence,14.7478688039364,4.266761214567298
UGA-single,2013,10,real_interest_rate,2023,arima,14.7478688039364,5.0899267710474785
UGA-single,2013,10,real_interest_rate,2023,prophet,14.7478688039364,1.953554646152602
UGA-single,2013,10,real_interest_rate,2023,prophet_graph,14.7478688039364,7.775184866778234
UGA-single,2013,10,real_interest_rate,2023,xgb_blind,14.7478688039364,5.0899267710474785
UGA-single,2013,10,real_interest_rate,2023,xgb_graph,14.7478688039364,41.380807188946164
UGA-single,2013,10,real_interest_rate,2023,lgbm_blind,14.7478688039364,5.0899267710474785
UGA-single,2013,10,real_interest_rate,2023,lgbm_graph,14.7478688039364,3.4327177936955735
UGA-single,2013,10,real_interest_rate,2023,tft,14.7478688039364,5.0899267710474785
UGA-single,2013,1,broad_money,2014,persistence,18.6599683055423,0.6732798692462012
UGA-single,2013,1,broad_money,2014,arima,18.6599683055423,0.8341473003674622
UGA-single,2013,1,broad_money,2014,prophet,18.6599683055423,2.5190553246118483
UGA-single,2013,1,broad_money,2014,prophet_graph,18.6599683055423,1.7398836903826123
UGA-single,2013,1,broad_money,2014,xgb_blind,18.6599683055423,0.8341473003674622
UGA-single,2013,1,broad_money,2014,xgb_graph,18.6599683055423,1.225357938721011
UGA-single,2013,1,broad_money,2014,lgbm_blind,18.6599683055423,0.8341473003674622
UGA-single,2013,1,broad_money,2014,lgbm_graph,18.6599683055423,2.7637111123501086
UGA-single,2013,1,broad_money,2014,tft,18.6599683055423,0.8341473003674622
UGA-single,2013,3,broad_money,2016,persistence,19.0748437204022,1.0881552841061009
UGA-single,2013,3,broad_money,2016,arima,19.0748437204022,1.211202469156678
UGA-single,2013,3,broad_money,2016,prophet,19.0748437204022,3.0044169508746315
UGA-single,2013,3,broad_money,2016,prophet_graph,19.0748437204022,0.2723363031170507
UGA-single,2013,3,broad_money,2016,xgb_blind,19.0748437204022,1.211202469156678
UGA-single,2013,3,broad_money,2016,xgb_graph,19.0748437204022,1.9646027841229028
UGA-single,2013,3,broad_money,2016,lgbm_blind,19.0748437204022,1.211202469156678
UGA-single,2013,3,broad_money,2016,lgbm_graph,19.0748437204022,2.5348064290116454
UGA-single,2013,3,broad_money,2016,tft,19.0748437204022,1.211202469156678
UGA-single,2013,5,broad_money,2018,persistence,19.4171293137567,1.430440877460601
UGA-single,2013,5,broad_money,2018,arima,19.4171293137567,1.5480858008407807
UGA-single,2013,5,broad_money,2018,prophet,19.4171293137567,3.56360160006901
UGA-single,2013,5,broad_money,2018,prophet_graph,19.4171293137567,1.2703795670266906
UGA-single,2013,5,broad_money,2018,xgb_blind,19.4171293137567,1.5480858008407807
UGA-single,2013,5,broad_money,2018,xgb_graph,19.4171293137567,3.43249682169127
UGA-single,2013,5,broad_money,2018,lgbm_blind,19.4171293137567,1.5480858008407807
UGA-single,2013,5,broad_money,2018,lgbm_graph,19.4171293137567,2.374141389883601
UGA-single,2013,5,broad_money,2018,tft,19.4171293137567,1.5480858008407807
UGA-single,2013,10,broad_money,2023,persistence,21.6816047396201,3.694916303324
UGA-single,2013,10,broad_money,2023,arima,21.6816047396201,3.8116540302236785
UGA-single,2013,10,broad_money,2023,prophet,21.6816047396201,3.5509519784385084
UGA-single,2013,10,broad_money,2023,prophet_graph,21.6816047396201,3.714539807849725
UGA-single,2013,10,broad_money,2023,xgb_blind,21.6816047396201,3.8116540302236785
UGA-single,2013,10,broad_money,2023,xgb_graph,21.6816047396201,2.2703098024863095
UGA-single,2013,10,broad_money,2023,lgbm_blind,21.6816047396201,3.8116540302236785
UGA-single,2013,10,broad_money,2023,lgbm_graph,21.6816047396201,3.4634345736044736
UGA-single,2013,10,broad_money,2023,tft,21.6816047396201,3.8116540302236785
UGA-single,2013,1,govt_consumption,2014,persistence,7.42890180380585,0.3308183315569302
UGA-single,2013,1,govt_consumption,2014,arima,7.42890180380585,0.23372311542570756
UGA-single,2013,1,govt_consumption,2014,prophet,7.42890180380585,4.383806118759798
UGA-single,2013,1,govt_consumption,2014,prophet_graph,7.42890180380585,0.7103982631210517
UGA-single,2013,1,govt_consumption,2014,xgb_blind,7.42890180380585,0.23372311542570756
UGA-single,2013,1,govt_consumption,2014,xgb_graph,7.42890180380585,3.7503765699124116
UGA-single,2013,1,govt_consumption,2014,lgbm_blind,7.42890180380585,0.23372311542570756
UGA-single,2013,1,govt_consumption,2014,lgbm_graph,7.42890180380585,4.636713767257648
UGA-single,2013,1,govt_consumption,2014,tft,7.42890180380585,0.23372311542570756
UGA-single,2013,3,govt_consumption,2016,persistence,7.3519468435187,0.2538633712697802
UGA-single,2013,3,govt_consumption,2016,arima,7.3519468435187,0.17204554289778162
UGA-single,2013,3,govt_consumption,2016,prophet,7.3519468435187,4.454537643576783
UGA-single,2013,3,govt_consumption,2016,prophet_graph,7.3519468435187,2.5864356780692557
UGA-single,2013,3,govt_consumption,2016,xgb_blind,7.3519468435187,0.17204554289778162
UGA-single,2013,3,govt_consumption,2016,xgb_graph,7.3519468435187,1.748491274462257
UGA-single,2013,3,govt_consumption,2016,lgbm_blind,7.3519468435187,0.17204554289778162
UGA-single,2013,3,govt_consumption,2016,lgbm_graph,7.3519468435187,4.981962054971115
UGA-single,2013,3,govt_consumption,2016,tft,7.3519468435187,0.17204554289778162
UGA-single,2013,5,govt_consumption,2018,persistence,8.63607272997988,1.5379892577309597
UGA-single,2013,5,govt_consumption,2018,arima,8.63607272997988,1.4567559692720797
UGA-single,2013,5,govt_consumption,2018,prophet,8.63607272997988,3.164179796391368
UGA-single,2013,5,govt_consumption,2018,prophet_graph,8.63607272997988,3.103856742782364
UGA-single,2013,5,govt_consumption,2018,xgb_blind,8.63607272997988,1.4567559692720797
UGA-single,2013,5,govt_consumption,2018,xgb_graph,8.63607272997988,2.1989521036993196
UGA-single,2013,5,govt_consumption,2018,lgbm_blind,8.63607272997988,1.4567559692720797
UGA-single,2013,5,govt_consumption,2018,lgbm_graph,8.63607272997988,3.7911027918707063
UGA-single,2013,5,govt_consumption,2018,tft,8.63607272997988,1.4567559692720797
UGA-single,2013,10,govt_consumption,2023,persistence,9.56616058785446,2.4680771156055403
UGA-single,2013,10,govt_consumption,2023,arima,9.56616058785446,2.3868670891282138
UGA-single,2013,10,govt_consumption,2023,prophet,9.56616058785446,2.218524824587302
UGA-single,2013,10,govt_consumption,2023,prophet_graph,9.56616058785446,6.673939518073654
UGA-single,2013,10,govt_consumption,2023,xgb_blind,9.56616058785446,2.3868670891282138
UGA-single,2013,10,govt_consumption,2023,xgb_graph,9.56616058785446,2.1589154287052903
UGA-single,2013,10,govt_consumption,2023,lgbm_blind,9.56616058785446,2.3868670891282138
UGA-single,2013,10,govt_consumption,2023,lgbm_graph,9.56616058785446,2.87377727617665
UGA-single,2013,10,govt_consumption,2023,tft,9.56616058785446,2.3868670891282138
UGA-single,2014,1,gdp_growth,2015,persistence,5.18785986002466,0.08155253462669965
UGA-single,2014,1,gdp_growth,2015,arima,5.18785986002466,0.7247983279020316
UGA-single,2014,1,gdp_growth,2015,prophet,5.18785986002466,1.3029136228836604
UGA-single,2014,1,gdp_growth,2015,prophet_graph,5.18785986002466,1.3029136228836604
UGA-single,2014,1,gdp_growth,2015,xgb_blind,5.18785986002466,0.7247983279020316
UGA-single,2014,1,gdp_growth,2015,xgb_graph,5.18785986002466,0.7247983279020316
UGA-single,2014,1,gdp_growth,2015,lgbm_blind,5.18785986002466,0.7247983279020316
UGA-single,2014,1,gdp_growth,2015,lgbm_graph,5.18785986002466,0.7247983279020316
UGA-single,2014,1,gdp_growth,2015,tft,5.18785986002466,0.7247983279020316
UGA-single,2014,3,gdp_growth,2017,persistence,3.13140551723596,1.9749018081620004
UGA-single,2014,3,gdp_growth,2017,arima,3.13140551723596,1.4886887162778102
UGA-single,2014,3,gdp_growth,2017,prophet,3.13140551723596,3.325555946397225
UGA-single,2014,3,gdp_growth,2017,prophet_graph,3.13140551723596,3.325555946397225
UGA-single,2014,3,gdp_growth,2017,xgb_blind,3.13140551723596,1.4886887162778102
UGA-single,2014,3,gdp_growth,2017,xgb_graph,3.13140551723596,1.4886887162778102
UGA-single,2014,3,gdp_growth,2017,lgbm_blind,3.13140551723596,1.4886887162778102
UGA-single,2014,3,gdp_growth,2017,lgbm_graph,3.13140551723596,1.4886887162778102
UGA-single,2014,3,gdp_growth,2017,tft,3.13140551723596,1.4886887162778102
UGA-single,2014,5,gdp_growth,2019,persistence,6.43874503276439,1.33243770736643
UGA-single,2014,5,gdp_growth,2019,arima,6.43874503276439,1.7905059510913723
UGA-single,2014,5,gdp_growth,2019,prophet,6.43874503276439,0.015549333934009368
UGA-single,2014,5,gdp_growth,2019,prophet_graph,6.43874503276439,0.015549333934009368
UGA-single,2014,5,gdp_growth,2019,xgb_blind,6.43874503276439,1.7905059510913723
UGA-single,2014,5,gdp_growth,2019,xgb_graph,6.43874503276439,1.7905059510913723
UGA-single,2014,5,gdp_growth,2019,lgbm_blind,6.43874503276439,1.7905059510913723
UGA-single,2014,5,gdp_growth,2019,lgbm_graph,6.43874503276439,1.7905059510913723
UGA-single,2014,5,gdp_growth,2019,tft,6.43874503276439,1.7905059510913723
UGA-single,2014,1,unemployment,2015,persistence,2.681,0.32399999999999984
UGA-single,2014,1,unemployment,2015,arima,2.681,0.3159791846297635
UGA-single,2014,1,unemployment,2015,prophet,2.681,0.08487339496429813
UGA-single,2014,1,unemployment,2015,prophet_graph,2.681,0.200423611735689
UGA-single,2014,1,unemployment,2015,xgb_blind,2.681,0.3159791846297635
UGA-single,2014,1,unemployment,2015,xgb_graph,2.681,0.8236963691711425
UGA-single,2014,1,unemployment,2015,lgbm_blind,2.681,0.3159791846297635
UGA-single,2014,1,unemployment,2015,lgbm_graph,2.681,0.47245832705497737
UGA-single,2014,1,unemployment,2015,tft,2.681,0.3159791846297635
UGA-single,2014,3,unemployment,2017,persistence,3.428,1.0709999999999997
UGA-single,2014,3,unemployment,2017,arima,3.428,1.0628326793564136
UGA-single,2014,3,unemployment,2017,prophet,3.428,0.7235905032746683
UGA-single,2014,3,unemployment,2017,prophet_graph,3.428,0.6148257324865054
UGA-single,2014,3,unemployment,2017,xgb_blind,3.428,1.0628326793564136
UGA-single,2014,3,unemployment,2017,xgb_graph,3.428,0.7844329147338867
UGA-single,2014,3,unemployment,2017,lgbm_blind,3.428,1.0628326793564136
UGA-single,2014,3,unemployment,2017,lgbm_graph,3.428,0.30609091264551314
UGA-single,2014,3,unemployment,2017,tft,3.428,1.0628326793564136
UGA-single,2014,5,unemployment,2019,persistence,3.057,0.6999999999999997
UGA-single,2014,5,unemployment,2019,arima,3.057,0.6918326321853954
UGA-single,2014,5,unemployment,2019,prophet,3.057,0.4139703195734996
UGA-single,2014,5,unemployment,2019,prophet_graph,3.057,0.31198171235271843
UGA-single,2014,5,unemployment,2019,xgb_blind,3.057,0.6918326321853954
UGA-single,2014,5,unemployment,2019,xgb_graph,3.057,0.8800831623077392
UGA-single,2014,5,unemployment,2019,lgbm_blind,3.057,0.6918326321853954
UGA-single,2014,5,unemployment,2019,lgbm_graph,3.057,0.029849999427795648
UGA-single,2014,5,unemployment,2019,tft,3.057,0.6918326321853954
UGA-single,2014,1,exports_gdp,2015,persistence,12.8773253147369,2.070885592839499
UGA-single,2014,1,exports_gdp,2015,arima,12.8773253147369,2.210040672771539
UGA-single,2014,1,exports_gdp,2015,prophet,12.8773253147369,5.0857462296238936
UGA-single,2014,1,exports_gdp,2015,prophet_graph,12.8773253147369,2.8681233603859795
UGA-single,2014,1,exports_gdp,2015,xgb_blind,12.8773253147369,2.210040672771539
UGA-single,2014,1,exports_gdp,2015,xgb_graph,12.8773253147369,2.818614702963295
UGA-single,2014,1,exports_gdp,2015,lgbm_blind,12.8773253147369,2.210040672771539
UGA-single,2014,1,exports_gdp,2015,lgbm_graph,12.8773253147369,0.08956051026131995
UGA-single,2014,1,exports_gdp,2015,tft,12.8773253147369,2.210040672771539
UGA-single,2014,3,exports_gdp,2017,persistence,16.6611294211705,1.7129185135941007
UGA-single,2014,3,exports_gdp,2017,arima,16.6611294211705,1.585037630792618
UGA-single,2014,3,exports_gdp,2017,prophet,16.6611294211705,2.1067108531892735
UGA-single,2014,3,exports_gdp,2017,prophet_graph,16.6611294211705,0.6415197576671794
UGA-single,2014,3,exports_gdp,2017,xgb_blind,16.6611294211705,1.585037630792618
UGA-single,2014,3,exports_gdp,2017,xgb_graph,16.6611294211705,0.928789562161711
UGA-single,2014,3,exports_gdp,2017,lgbm_blind,16.6611294211705,1.585037630792618
UGA-single,2014,3,exports_gdp,2017,lgbm_graph,16.6611294211705,3.252959371329746
UGA-single,2014,3,exports_gdp,2017,tft,16.6611294211705,1.585037630792618
UGA-single,2014,5,exports_gdp,2019,persistence,17.1090580167383,2.1608471091618995
UGA-single,2014,5,exports_gdp,2019,arima,17.1090580167383,2.0330553827213773
UGA-single,2014,5,exports_gdp,2019,prophet,17.1090580167383,2.4624500728051295
UGA-single,2014,5,exports_gdp,2019,prophet_graph,17.1090580167383,0.8156624140862476
UGA-single,2014,5,exports_gdp,2019,xgb_blind,17.1090580167383,2.0330553827213773
UGA-single,2014,5,exports_gdp,2019,xgb_graph,17.1090580167383,2.8455244245141778
UGA-single,2014,5,exports_gdp,2019,lgbm_blind,17.1090580167383,2.0330553827213773
UGA-single,2014,5,exports_gdp,2019,lgbm_graph,17.1090580167383,3.150223702391985
UGA-single,2014,5,exports_gdp,2019,tft,17.1090580167383,2.0330553827213773
UGA-single,2014,1,imports_gdp,2015,persistence,24.8119730176989,3.7457828433668006
UGA-single,2014,1,imports_gdp,2015,arima,24.8119730176989,4.195897653436408
UGA-single,2014,1,imports_gdp,2015,prophet,24.8119730176989,3.274743517757564
UGA-single,2014,1,imports_gdp,2015,prophet_graph,24.8119730176989,2.2380622350407364
UGA-single,2014,1,imports_gdp,2015,xgb_blind,24.8119730176989,4.195897653436408
UGA-single,2014,1,imports_gdp,2015,xgb_graph,24.8119730176989,2.194332676881178
UGA-single,2014,1,imports_gdp,2015,lgbm_blind,24.8119730176989,4.195897653436408
UGA-single,2014,1,imports_gdp,2015,lgbm_graph,24.8119730176989,0.4226387364132975
UGA-single,2014,1,imports_gdp,2015,tft,24.8119730176989,4.195897653436408
UGA-single,2014,3,imports_gdp,2017,persistence,20.1759235122395,0.8902666620925999
UGA-single,2014,3,imports_gdp,2017,arima,20.1759235122395,0.4005320904154317
UGA-single,2014,3,imports_gdp,2017,prophet,20.1759235122395,8.510393379609177
UGA-single,2014,3,imports_gdp,2017,prophet_graph,20.1759235122395,2.7105672964528438
UGA-single,2014,3,imports_gdp,2017,xgb_blind,20.1759235122395,0.4005320904154317
UGA-single,2014,3,imports_gdp,2017,xgb_graph,20.1759235122395,2.5147465011882346
UGA-single,2014,3,imports_gdp,2017,lgbm_blind,20.1759235122395,0.4005320904154317
UGA-single,2014,3,imports_gdp,2017,lgbm_graph,20.1759235122395,4.329312679943563
UGA-single,2014,3,imports_gdp,2017,tft,20.1759235122395,0.4005320904154317
UGA-single,2014,5,imports_gdp,2019,persistence,22.2519959480052,1.1858057736730991
UGA-single,2014,5,imports_gdp,2019,arima,22.2519959480052,1.6758028393306432
UGA-single,2014,5,imports_gdp,2019,prophet,22.2519959480052,7.033101053510116
UGA-single,2014,5,imports_gdp,2019,prophet_graph,22.2519959480052,0.9466472806665571
UGA-single,2014,5,imports_gdp,2019,xgb_blind,22.2519959480052,1.6758028393306432
UGA-single,2014,5,imports_gdp,2019,xgb_graph,22.2519959480052,2.3752013176198012
UGA-single,2014,5,imports_gdp,2019,lgbm_blind,22.2519959480052,1.6758028393306432
UGA-single,2014,5,imports_gdp,2019,lgbm_graph,22.2519959480052,2.6899569481129646
UGA-single,2014,5,imports_gdp,2019,tft,22.2519959480052,1.6758028393306432
UGA-single,2014,1,current_account,2015,persistence,-5.1602872378994,1.4813211953405103
UGA-single,2014,1,current_account,2015,arima,-5.1602872378994,1.391417900683659
UGA-single,2014,1,current_account,2015,prophet,-5.1602872378994,0.011739774103368461
UGA-single,2014,1,current_account,2015,prophet_graph,-5.1602872378994,0.016715507218630243
UGA-single,2014,1,current_account,2015,xgb_blind,-5.1602872378994,1.391417900683659
UGA-single,2014,1,current_account,2015,xgb_graph,-5.1602872378994,1.4598118297885883
UGA-single,2014,1,current_account,2015,lgbm_blind,-5.1602872378994,1.391417900683659
UGA-single,2014,1,current_account,2015,lgbm_graph,-5.1602872378994,0.6406618236589159
UGA-single,2014,1,current_account,2015,tft,-5.1602872378994,1.391417900683659
UGA-single,2014,3,current_account,2017,persistence,-4.88278660173815,1.75882183150176
UGA-single,2014,3,current_account,2017,arima,-4.88278660173815,1.680621217820196
UGA-single,2014,3,current_account,2017,prophet,-4.88278660173815,0.35329531578022877
UGA-single,2014,3,current_account,2017,prophet_graph,-4.88278660173815,0.32373270227145046
UGA-single,2014,3,current_account,2017,xgb_blind,-4.88278660173815,1.680621217820196
UGA-single,2014,3,current_account,2017,xgb_graph,-4.88278660173815,0.9907728732069181
UGA-single,2014,3,current_account,2017,lgbm_blind,-4.88278660173815,1.680621217820196
UGA-single,2014,3,current_account,2017,lgbm_graph,-4.88278660173815,0.34303651466321483
UGA-single,2014,3,current_account,2017,tft,-4.88278660173815,1.680621217820196
UGA-single,2014,5,current_account,2019,persistence,-7.44419073613667,0.8025823028967594
UGA-single,2014,5,current_account,2019,arima,-7.44419073613667,0.8805059709171594
UGA-single,2014,5,current_account,2019,prophet,-7.44419073613667,2.120694111070666
UGA-single,2014,5,current_account,2019,prophet_graph,-7.44419073613667,3.4688550538878498
UGA-single,2014,5,current_account,2019,xgb_blind,-7.44419073613667,0.8805059709171594
UGA-single,2014,5,current_account,2019,xgb_graph,-7.44419073613667,0.7897694066383787
UGA-single,2014,5,current_account,2019,lgbm_blind,-7.44419073613667,0.8805059709171594
UGA-single,2014,5,current_account,2019,lgbm_graph,-7.44419073613667,2.9344314187050706
UGA-single,2014,5,current_account,2019,tft,-7.44419073613667,0.8805059709171594
UGA-single,2014,1,real_interest_rate,2015,persistence,16.5546646041457,0.8772804844818989
UGA-single,2014,1,real_interest_rate,2015,arima,16.5546646041457,0.7865632352280265
UGA-single,2014,1,real_interest_rate,2015,prophet,16.5546646041457,2.124840921995375
UGA-single,2014,1,real_interest_rate,2015,prophet_graph,16.5546646041457,3.7718238401458315
UGA-single,2014,1,real_interest_rate,2015,xgb_blind,16.5546646041457,0.7865632352280265
UGA-single,2014,1,real_interest_rate,2015,xgb_graph,16.5546646041457,1.6213312072340784
UGA-single,2014,1,real_interest_rate,2015,lgbm_blind,16.5546646041457,0.7865632352280265
UGA-single,2014,1,real_interest_rate,2015,lgbm_graph,16.5546646041457,5.680814278402343
UGA-single,2014,1,real_interest_rate,2015,tft,16.5546646041457,0.7865632352280265
UGA-single,2014,3,real_interest_rate,2017,persistence,15.8908471114542,0.21346299179039896
UGA-single,2014,3,real_interest_rate,2017,arima,15.8908471114542,1.0344232103291304
UGA-single,2014,3,real_interest_rate,2017,prophet,15.8908471114542,0.8218422529968272
UGA-single,2014,3,real_interest_rate,2017,prophet_graph,15.8908471114542,3.872911312058278
UGA-single,2014,3,real_interest_rate,2017,xgb_blind,15.8908471114542,1.0344232103291304
UGA-single,2014,3,real_interest_rate,2017,xgb_graph,15.8908471114542,1.245255564937402
UGA-single,2014,3,real_interest_rate,2017,lgbm_blind,15.8908471114542,1.0344232103291304
UGA-single,2014,3,real_interest_rate,2017,lgbm_graph,15.8908471114542,4.144702773366598
UGA-single,2014,3,real_interest_rate,2017,tft,15.8908471114542,1.0344232103291304
UGA-single,2014,5,real_interest_rate,2019,persistence,14.7478688039364,0.9295153157274001
UGA-single,2014,5,real_interest_rate,2019,arima,14.7478688039364,2.0740069731297
UGA-single,2014,5,real_interest_rate,2019,prophet,14.7478688039364,0.9594428379739721
UGA-single,2014,5,real_interest_rate,2019,prophet_graph,14.7478688039364,3.493791587523905
UGA-single,2014,5,real_interest_rate,2019,xgb_blind,14.7478688039364,2.0740069731297
UGA-single,2014,5,real_interest_rate,2019,xgb_graph,14.7478688039364,10.67319133659021
UGA-single,2014,5,real_interest_rate,2019,lgbm_blind,14.7478688039364,2.0740069731297
UGA-single,2014,5,real_interest_rate,2019,lgbm_graph,14.7478688039364,2.2728913583339843
UGA-single,2014,5,real_interest_rate,2019,tft,14.7478688039364,2.0740069731297
UGA-single,2014,1,broad_money,2015,persistence,18.8439221029839,0.18395379744159968
UGA-single,2014,1,broad_money,2015,arima,18.8439221029839,0.43721726240306324
UGA-single,2014,1,broad_money,2015,prophet,18.8439221029839,2.413170945392757
UGA-single,2014,1,broad_money,2015,prophet_graph,18.8439221029839,1.1179036308283692
UGA-single,2014,1,broad_money,2015,xgb_blind,18.8439221029839,0.43721726240306324
UGA-single,2014,1,broad_money,2015,xgb_graph,18.8439221029839,0.42350431733936844
UGA-single,2014,1,broad_money,2015,lgbm_blind,18.8439221029839,0.43721726240306324
UGA-single,2014,1,broad_money,2015,lgbm_graph,18.8439221029839,2.832510316904493
UGA-single,2014,1,broad_money,2015,tft,18.8439221029839,0.43721726240306324
UGA-single,2014,3,broad_money,2017,persistence,19.9186068571647,1.2586385516224006
UGA-single,2014,3,broad_money,2017,arima,19.9186068571647,1.452470052582207
UGA-single,2014,3,broad_money,2017,prophet,19.9186068571647,2.196296542143788
UGA-single,2014,3,broad_money,2017,prophet_graph,19.9186068571647,0.44512961839347653
UGA-single,2014,3,broad_money,2017,xgb_blind,19.9186068571647,1.452470052582207
UGA-single,2014,3,broad_money,2017,xgb_graph,19.9186068571647,2.6810694731314975
UGA-single,2014,3,broad_money,2017,lgbm_blind,19.9186068571647,1.452470052582207
UGA-single,2014,3,broad_money,2017,lgbm_graph,19.9186068571647,3.2822091052698354
UGA-single,2014,3,broad_money,2017,tft,19.9186068571647,1.452470052582207
UGA-single,2014,5,broad_money,2019,persistence,20.5230556458778,1.8630873403355004
UGA-single,2014,5,broad_money,2019,arima,20.5230556458778,2.0485092689332234
UGA-single,2014,5,broad_money,2019,prophet,20.5230556458778,2.4484846291902542
UGA-single,2014,5,broad_money,2019,prophet_graph,20.5230556458778,0.6954898550404103
UGA-single,2014,5,broad_money,2019,xgb_blind,20.5230556458778,2.0485092689332234
UGA-single,2014,5,broad_money,2019,xgb_graph,20.5230556458778,4.497853848392449
UGA-single,2014,5,broad_money,2019,lgbm_blind,20.5230556458778,2.0485092689332234
UGA-single,2014,5,broad_money,2019,lgbm_graph,20.5230556458778,3.399218747074091
UGA-single,2014,5,broad_money,2019,tft,20.5230556458778,2.0485092689332234
UGA-single,2014,1,govt_consumption,2015,persistence,8.95453398978222,1.5256321859763702
UGA-single,2014,1,govt_consumption,2015,arima,8.95453398978222,1.5906875968550596
UGA-single,2014,1,govt_consumption,2015,prophet,8.95453398978222,2.0970881865440507
UGA-single,2014,1,govt_consumption,2015,prophet_graph,8.95453398978222,1.4836087354855287
UGA-single,2014,1,govt_consumption,2015,xgb_blind,8.95453398978222,1.5906875968550596
UGA-single,2014,1,govt_consumption,2015,xgb_graph,8.95453398978222,1.8405451134394468
UGA-single,2014,1,govt_consumption,2015,lgbm_blind,8.95453398978222,1.5906875968550596
UGA-single,2014,1,govt_consumption,2015,lgbm_graph,8.95453398978222,2.9178851688354346
UGA-single,2014,1,govt_consumption,2015,tft,8.95453398978222,1.5906875968550596
UGA-single,2014,3,govt_consumption,2017,persistence,8.00943502980076,0.5805332259949108
UGA-single,2014,3,govt_consumption,2017,arima,8.00943502980076,0.6353112642661527
UGA-single,2014,3,govt_consumption,2017,prophet,8.00943502980076,2.945163740566082
UGA-single,2014,3,govt_consumption,2017,prophet_graph,8.00943502980076,1.0844758344587238
UGA-single,2014,3,govt_consumption,2017,xgb_blind,8.00943502980076,0.6353112642661527
UGA-single,2014,3,govt_consumption,2017,xgb_graph,8.00943502980076,0.5002129991611124
UGA-single,2014,3,govt_consumption,2017,lgbm_blind,8.00943502980076,0.6353112642661527
UGA-single,2014,3,govt_consumption,2017,lgbm_graph,8.00943502980076,4.101518994774212
UGA-single,2014,3,govt_consumption,2017,tft,8.00943502980076,0.6353112642661527
UGA-single,2014,5,govt_consumption,2019,persistence,8.77456131212774,1.3456595083218907
UGA-single,2014,5,govt_consumption,2019,arima,8.77456131212774,1.400040108201642
UGA-single,2014,5,govt_consumption,2019,prophet,8.77456131212774,2.0831467792372127
UGA-single,2014,5,govt_consumption,2019,prophet_graph,8.77456131212774,1.9401149355419243
UGA-single,2014,5,govt_consumption,2019,xgb_blind,8.77456131212774,1.400040108201642
UGA-single,2014,5,govt_consumption,2019,xgb_graph,8.77456131212774,1.4198547340148373
UGA-single,2014,5,govt_consumption,2019,lgbm_blind,8.77456131212774,1.400040108201642
UGA-single,2014,5,govt_consumption,2019,lgbm_graph,8.77456131212774,3.40270051724848
UGA-single,2014,5,govt_consumption,2019,tft,8.77456131212774,1.400040108201642
UGA-single,2015,1,gdp_growth,2016,persistence,4.78100029254482,0.40685956747983987
UGA-single,2015,1,gdp_growth,2016,arima,4.78100029254482,0.37268044938179123
UGA-single,2015,1,gdp_growth,2016,prophet,4.78100029254482,1.4920261113624118
UGA-single,2015,1,gdp_growth,2016,prophet_graph,4.78100029254482,1.4920261113624118
UGA-single,2015,1,gdp_growth,2016,xgb_blind,4.78100029254482,0.37268044938179123
UGA-single,2015,1,gdp_growth,2016,xgb_graph,4.78100029254482,0.37268044938179123
UGA-single,2015,1,gdp_growth,2016,lgbm_blind,4.78100029254482,0.37268044938179123
UGA-single,2015,1,gdp_growth,2016,lgbm_graph,4.78100029254482,0.37268044938179123
UGA-single,2015,1,gdp_growth,2016,tft,4.78100029254482,0.37268044938179123
UGA-single,2015,3,gdp_growth,2018,persistence,6.30392378262997,1.11606392260531
UGA-single,2015,3,gdp_growth,2018,arima,6.30392378262997,1.1419219264420466
UGA-single,2015,3,gdp_growth,2018,prophet,6.30392378262997,0.0870329797715712
UGA-single,2015,3,gdp_growth,2018,prophet_graph,6.30392378262997,0.0870329797715712
UGA-single,2015,3,gdp_growth,2018,xgb_blind,6.30392378262997,1.1419219264420466
UGA-single,2015,3,gdp_growth,2018,xgb_graph,6.30392378262997,1.1419219264420466
UGA-single,2015,3,gdp_growth,2018,lgbm_blind,6.30392378262997,1.1419219264420466
UGA-single,2015,3,gdp_growth,2018,lgbm_graph,6.30392378262997,1.1419219264420466
UGA-single,2015,3,gdp_growth,2018,tft,6.30392378262997,1.1419219264420466
UGA-single,2015,5,gdp_growth,2020,persistence,2.95130642218098,2.2365534378436798
UGA-single,2015,5,gdp_growth,2020,arima,2.95130642218098,2.2121570330982387
UGA-single,2015,5,gdp_growth,2020,prophet,2.95130642218098,3.2095255725164775
UGA-single,2015,5,gdp_growth,2020,prophet_graph,2.95130642218098,3.2095255725164775
UGA-single,2015,5,gdp_growth,2020,xgb_blind,2.95130642218098,2.2121570330982387
UGA-single,2015,5,gdp_growth,2020,xgb_graph,2.95130642218098,2.2121570330982387
UGA-single,2015,5,gdp_growth,2020,lgbm_blind,2.95130642218098,2.2121570330982387
UGA-single,2015,5,gdp_growth,2020,lgbm_graph,2.95130642218098,2.2121570330982387
UGA-single,2015,5,gdp_growth,2020,tft,2.95130642218098,2.2121570330982387
UGA-single,2015,1,unemployment,2016,persistence,3.002,0.32099999999999973
UGA-single,2015,1,unemployment,2016,arima,3.002,0.30681598734204085
UGA-single,2015,1,unemployment,2016,prophet,3.002,0.2800249722639041
UGA-single,2015,1,unemployment,2016,prophet_graph,3.002,0.2820349668955746
UGA-single,2015,1,unemployment,2016,xgb_blind,3.002,0.30681598734204085
UGA-single,2015,1,unemployment,2016,xgb_graph,3.002,0.4634226303100588
UGA-single,2015,1,unemployment,2016,lgbm_blind,3.002,0.30681598734204085
UGA-single,2015,1,unemployment,2016,lgbm_graph,3.002,0.1325599937438966
UGA-single,2015,1,unemployment,2016,tft,3.002,0.30681598734204085
UGA-single,2015,3,unemployment,2018,persistence,3.249,0.5680000000000001
UGA-single,2015,3,unemployment,2018,arima,3.249,0.5531678586125448
UGA-single,2015,3,unemployment,2018,prophet,3.249,0.5899282935535011
UGA-single,2015,3,unemployment,2018,prophet_graph,3.249,0.5987503393884412
UGA-single,2015,3,unemployment,2018,xgb_blind,3.249,0.5531678586125448
UGA-single,2015,3,unemployment,2018,xgb_graph,3.249,0.2418877353668214
UGA-single,2015,3,unemployment,2018,lgbm_blind,3.249,0.5531678586125448
UGA-single,2015,3,unemployment,2018,lgbm_graph,3.249,0.14626087321405823
UGA-single,2015,3,unemployment,2018,tft,3.249,0.5531678586125448
UGA-single,2015,5,unemployment,2020,persistence,3.819,1.138
UGA-single,2015,5,unemployment,2020,arima,3.819,1.1231666164756184
UGA-single,2015,5,unemployment,2020,prophet,3.819,1.2227455637879818
UGA-single,2015,5,unemployment,2020,prophet_graph,3.819,1.2383703420146968
UGA-single,2015,5,unemployment,2020,xgb_blind,3.819,1.1231666164756184
UGA-single,2015,5,unemployment,2020,xgb_graph,3.819,1.2185075225830078
UGA-single,2015,5,unemployment,2020,lgbm_blind,3.819,1.1231666164756184
UGA-single,2015,5,unemployment,2020,lgbm_graph,3.819,0.7514761912936256
UGA-single,2015,5,unemployment,2020,tft,3.819,1.1231666164756184
UGA-single,2015,1,exports_gdp,2016,persistence,12.4271644156806,0.45016089905629997
UGA-single,2015,1,exports_gdp,2016,arima,12.4271644156806,0.5947824643008097
UGA-single,2015,1,exports_gdp,2016,prophet,12.4271644156806,5.132810388363858
UGA-single,2015,1,exports_gdp,2016,prophet_graph,12.4271644156806,1.7862376899231176
UGA-single,2015,1,exports_gdp,2016,xgb_blind,12.4271644156806,0.5947824643008097
UGA-single,2015,1,exports_gdp,2016,xgb_graph,12.4271644156806,2.120970388091372
UGA-single,2015,1,exports_gdp,2016,lgbm_blind,12.4271644156806,0.5947824643008097
UGA-single,2015,1,exports_gdp,2016,lgbm_graph,12.4271644156806,0.5361389786370268
UGA-single,2015,1,exports_gdp,2016,tft,12.4271644156806,0.5947824643008097
UGA-single,2015,3,exports_gdp,2018,persistence,15.0870530611511,2.209727746414199
UGA-single,2015,3,exports_gdp,2018,arima,15.0870530611511,2.07450059562545
UGA-single,2015,3,exports_gdp,2018,prophet,15.0870530611511,3.1885388437897895
UGA-single,2015,3,exports_gdp,2018,prophet_graph,15.0870530611511,0.7557094180892285
UGA-single,2015,3,exports_gdp,2018,xgb_blind,15.0870530611511,2.07450059562545
UGA-single,2015,3,exports_gdp,2018,xgb_graph,15.0870530611511,2.0247552401061775
UGA-single,2015,3,exports_gdp,2018,lgbm_blind,15.0870530611511,2.07450059562545
UGA-single,2015,3,exports_gdp,2018,lgbm_graph,15.0870530611511,1.7019632283476227
UGA-single,2015,3,exports_gdp,2018,tft,15.0870530611511,2.07450059562545
UGA-single,2015,5,exports_gdp,2020,persistence,15.4147985397289,2.5374732249919987
UGA-single,2015,5,exports_gdp,2020,arima,15.4147985397289,2.4022918908834665
UGA-single,2015,5,exports_gdp,2020,prophet,15.4147985397289,3.575431509746039
UGA-single,2015,5,exports_gdp,2020,prophet_graph,15.4147985397289,0.9656747019413761
UGA-single,2015,5,exports_gdp,2020,xgb_blind,15.4147985397289,2.4022918908834665
UGA-single,2015,5,exports_gdp,2020,xgb_graph,15.4147985397289,2.206032556147356
UGA-single,2015,5,exports_gdp,2020,lgbm_blind,15.4147985397289,2.4022918908834665
UGA-single,2015,5,exports_gdp,2020,lgbm_graph,15.4147985397289,1.5074646661617717
UGA-single,2015,5,exports_gdp,2020,tft,15.4147985397289,2.4022918908834665
UGA-single,2015,1,imports_gdp,2016,persistence,18.7821976075312,6.0297754101677015
UGA-single,2015,1,imports_gdp,2016,arima,18.7821976075312,5.789347670699126
UGA-single,2015,1,imports_gdp,2016,prophet,18.7821976075312,9.123119463178128
UGA-single,2015,1,imports_gdp,2016,prophet_graph,18.7821976075312,3.737420632302719
UGA-single,2015,1,imports_gdp,2016,xgb_blind,18.7821976075312,5.789347670699126
UGA-single,2015,1,imports_gdp,2016,xgb_graph,18.7821976075312,8.010353433118215
UGA-single,2015,1,imports_gdp,2016,lgbm_blind,18.7821976075312,5.789347670699126
UGA-single,2015,1,imports_gdp,2016,lgbm_graph,18.7821976075312,5.624042245374074
UGA-single,2015,1,imports_gdp,2016,tft,18.7821976075312,5.789347670699126
UGA-single,2015,3,imports_gdp,2018,persistence,21.5513525388056,3.2606204788933013
UGA-single,2015,3,imports_gdp,2018,arima,21.5513525388056,3.0346343614441444
UGA-single,2015,3,imports_gdp,2018,prophet,21.5513525388056,6.900245635791254
UGA-single,2015,3,imports_gdp,2018,prophet_graph,21.5513525388056,1.5274811351042814
UGA-single,2015,3,imports_gdp,2018,xgb_blind,21.5513525388056,3.0346343614441444
UGA-single,2015,3,imports_gdp,2018,xgb_graph,21.5513525388056,3.953967056531315
UGA-single,2015,3,imports_gdp,2018,lgbm_blind,21.5513525388056,3.0346343614441444
UGA-single,2015,3,imports_gdp,2018,lgbm_graph,21.5513525388056,2.967220061185909
UGA-single,2015,3,imports_gdp,2018,tft,21.5513525388056,3.0346343614441444
UGA-single,2015,5,imports_gdp,2020,persistence,21.585893851908,3.2260791657908996
UGA-single,2015,5,imports_gdp,2020,arima,21.585893851908,3.0001525460075626
UGA-single,2015,5,imports_gdp,2020,prophet,21.585893851908,7.411238120004711
UGA-single,2015,5,imports_gdp,2020,prophet_graph,21.585893851908,2.0513902554840335
UGA-single,2015,5,imports_gdp,2020,xgb_blind,21.585893851908,3.0001525460075626
UGA-single,2015,5,imports_gdp,2020,xgb_graph,21.585893851908,4.651363151876179
UGA-single,2015,5,imports_gdp,2020,lgbm_blind,21.585893851908,3.0001525460075626
UGA-single,2015,5,imports_gdp,2020,lgbm_graph,21.585893851908,3.349869552574887
UGA-single,2015,5,imports_gdp,2020,tft,21.585893851908,3.0001525460075626
UGA-single,2015,1,current_account,2016,persistence,-2.85393787294637,2.30634936495303
UGA-single,2015,1,current_account,2016,arima,-2.85393787294637,2.5484268549647617
UGA-single,2015,1,current_account,2016,prophet,-2.85393787294637,2.3344257114048825
UGA-single,2015,1,current_account,2016,prophet_graph,-2.85393787294637,2.778562916327853
UGA-single,2015,1,current_account,2016,xgb_blind,-2.85393787294637,2.5484268549647617
UGA-single,2015,1,current_account,2016,xgb_graph,-2.85393787294637,2.6299078378080245
UGA-single,2015,1,current_account,2016,lgbm_blind,-2.85393787294637,2.5484268549647617
UGA-single,2015,1,current_account,2016,lgbm_graph,-2.85393787294637,1.6913140199332353
UGA-single,2015,1,current_account,2016,tft,-2.85393787294637,2.5484268549647617
UGA-single,2015,3,current_account,2018,persistence,-6.32983605256251,1.1695488146631101
UGA-single,2015,3,current_account,2018,arima,-6.32983605256251,0.9605666811140283
UGA-single,2015,3,current_account,2018,prophet,-6.32983605256251,1.0552732720794191
UGA-single,2015,3,current_account,2018,prophet_graph,-6.32983605256251,1.280364293451579
UGA-single,2015,3,current_account,2018,xgb_blind,-6.32983605256251,0.9605666811140283
UGA-single,2015,3,current_account,2018,xgb_graph,-6.32983605256251,0.18053324827977502
UGA-single,2015,3,current_account,2018,lgbm_blind,-6.32983605256251,0.9605666811140283
UGA-single,2015,3,current_account,2018,lgbm_graph,-6.32983605256251,1.763106083176985
UGA-single,2015,3,current_account,2018,tft,-6.32983605256251,0.9605666811140283
UGA-single,2015,5,current_account,2020,persistence,-9.56958764500258,4.40930040710318
UGA-single,2015,5,current_account,2020,arima,-9.56958764500258,4.201202121190104
UGA-single,2015,5,current_account,2020,prophet,-9.56958764500258,4.208943587944602
UGA-single,2015,5,current_account,2020,prophet_graph,-9.56958764500258,5.102347338722295
UGA-single,2015,5,current_account,2020,xgb_blind,-9.56958764500258,4.201202121190104
UGA-single,2015,5,current_account,2020,xgb_graph,-9.56958764500258,4.105572637983537
UGA-single,2015,5,current_account,2020,lgbm_blind,-9.56958764500258,4.201202121190104
UGA-single,2015,5,current_account,2020,lgbm_graph,-9.56958764500258,5.028850800771604
UGA-single,2015,5,current_account,2020,tft,-9.56958764500258,4.201202121190104
UGA-single,2015,1,real_interest_rate,2016,persistence,18.2333937267573,1.6787291226115997
UGA-single,2015,1,real_interest_rate,2016,arima,18.2333937267573,2.116441162885593
UGA-single,2015,1,real_interest_rate,2016,prophet,18.2333937267573,3.1586159964319016
UGA-single,2015,1,real_interest_rate,2016,prophet_graph,18.2333937267573,1.5800708041386997
UGA-single,2015,1,real_interest_rate,2016,xgb_blind,18.2333937267573,2.116441162885593
UGA-single,2015,1,real_interest_rate,2016,xgb_graph,18.2333937267573,2.8473091701777093
UGA-single,2015,1,real_interest_rate,2016,lgbm_blind,18.2333937267573,2.116441162885593
UGA-single,2015,1,real_interest_rate,2016,lgbm_graph,18.2333937267573,7.13231082957102
UGA-single,2015,1,real_interest_rate,2016,tft,18.2333937267573,2.116441162885593
UGA-single,2015,3,real_interest_rate,2018,persistence,14.7478688039364,1.806795800209299
UGA-single,2015,3,real_interest_rate,2018,arima,14.7478688039364,1.4785112800033051
UGA-single,2015,3,real_interest_rate,2018,prophet,14.7478688039364,1.0022123104145564
UGA-single,2015,3,real_interest_rate,2018,prophet_graph,14.7478688039364,1.8427080379130576
UGA-single,2015,3,real_interest_rate,2018,xgb_blind,14.7478688039364,1.4785112800033051
UGA-single,2015,3,real_interest_rate,2018,xgb_graph,14.7478688039364,2.9677264414249276
UGA-single,2015,3,real_interest_rate,2018,lgbm_blind,14.7478688039364,1.4785112800033051
UGA-single,2015,3,real_interest_rate,2018,lgbm_graph,14.7478688039364,2.7926583669910237
UGA-single,2015,3,real_interest_rate,2018,tft,14.7478688039364,1.4785112800033051
UGA-single,2015,5,real_interest_rate,2020,persistence,14.7478688039364,1.806795800209299
UGA-single,2015,5,real_interest_rate,2020,arima,14.7478688039364,1.5057525033122499
UGA-single,2015,5,real_interest_rate,2020,prophet,14.7478688039364,1.6765918868012246
UGA-single,2015,5,real_interest_rate,2020,prophet_graph,14.7478688039364,8.74156131883919
UGA-single,2015,5,real_interest_rate,2020,xgb_blind,14.7478688039364,1.5057525033122499
UGA-single,2015,5,real_interest_rate,2020,xgb_graph,14.7478688039364,6.243788985210815
UGA-single,2015,5,real_interest_rate,2020,lgbm_blind,14.7478688039364,1.5057525033122499
UGA-single,2015,5,real_interest_rate,2020,lgbm_graph,14.7478688039364,2.0786205408952227
UGA-single,2015,5,real_interest_rate,2020,tft,14.7478688039364,1.5057525033122499
UGA-single,2015,1,broad_money,2016,persistence,19.0748437204022,0.23092161741829997
UGA-single,2015,1,broad_money,2016,arima,19.0748437204022,0.2998680086205532
UGA-single,2015,1,broad_money,2016,prophet,19.0748437204022,2.21580256509748
UGA-single,2015,1,broad_money,2016,prophet_graph,19.0748437204022,1.0166049578717846
UGA-single,2015,1,broad_money,2016,xgb_blind,19.0748437204022,0.2998680086205532
UGA-single,2015,1,broad_money,2016,xgb_graph,19.0748437204022,2.696942643131692
UGA-single,2015,1,broad_money,2016,lgbm_blind,19.0748437204022,0.2998680086205532
UGA-single,2015,1,broad_money,2016,lgbm_graph,19.0748437204022,2.950131539310892
UGA-single,2015,1,broad_money,2016,tft,19.0748437204022,0.2998680086205532
UGA-single,2015,3,broad_money,2018,persistence,19.4171293137567,0.5732072107728001
UGA-single,2015,3,broad_money,2018,arima,19.4171293137567,0.6259976939462568
UGA-single,2015,3,broad_money,2018,prophet,19.4171293137567,2.688245135156553
UGA-single,2015,3,broad_money,2018,prophet_graph,19.4171293137567,0.7356567307430204
UGA-single,2015,3,broad_money,2018,xgb_blind,19.4171293137567,0.6259976939462568
UGA-single,2015,3,broad_money,2018,xgb_graph,19.4171293137567,1.7740247605340436
UGA-single,2015,3,broad_money,2018,lgbm_blind,19.4171293137567,0.6259976939462568
UGA-single,2015,3,broad_money,2018,lgbm_graph,19.4171293137567,2.684752261449571
UGA-single,2015,3,broad_money,2018,tft,19.4171293137567,0.6259976939462568
UGA-single,2015,5,broad_money,2020,persistence,22.731371239225,3.8874491362410986
UGA-single,2015,5,broad_money,2020,arima,22.731371239225,3.937970084149221
UGA-single,2015,5,broad_money,2020,prophet,22.731371239225,0.18761683389059058
UGA-single,2015,5,broad_money,2020,prophet_graph,22.731371239225,3.427517412773863
UGA-single,2015,5,broad_money,2020,xgb_blind,22.731371239225,3.937970084149221
UGA-single,2015,5,broad_money,2020,xgb_graph,22.731371239225,6.901962593595115
UGA-single,2015,5,broad_money,2020,lgbm_blind,22.731371239225,3.937970084149221
UGA-single,2015,5,broad_money,2020,lgbm_graph,22.731371239225,5.525625542203514
UGA-single,2015,5,broad_money,2020,tft,22.731371239225,3.937970084149221
UGA-single,2015,1,govt_consumption,2016,persistence,7.3519468435187,1.6025871462635202
UGA-single,2015,1,govt_consumption,2016,arima,7.3519468435187,1.3071693239262832
UGA-single,2015,1,govt_consumption,2016,prophet,7.3519468435187,3.3672975399085647
UGA-single,2015,1,govt_consumption,2016,prophet_graph,7.3519468435187,1.3347239491657987
UGA-single,2015,1,govt_consumption,2016,xgb_blind,7.3519468435187,1.3071693239262832
UGA-single,2015,1,govt_consumption,2016,xgb_graph,7.3519468435187,1.4075612894158702
UGA-single,2015,1,govt_consumption,2016,lgbm_blind,7.3519468435187,1.3071693239262832
UGA-single,2015,1,govt_consumption,2016,lgbm_graph,7.3519468435187,4.403756891832863
UGA-single,2015,1,govt_consumption,2016,tft,7.3519468435187,1.3071693239262832
UGA-single,2015,3,govt_consumption,2018,persistence,8.63607272997988,0.31846125980234063
UGA-single,2015,3,govt_consumption,2018,arima,8.63607272997988,0.06917036137457266
UGA-single,2015,3,govt_consumption,2018,prophet,8.63607272997988,1.9534436067285768
UGA-single,2015,3,govt_consumption,2018,prophet_graph,8.63607272997988,1.7012500785691564
UGA-single,2015,3,govt_consumption,2018,xgb_blind,8.63607272997988,0.06917036137457266
UGA-single,2015,3,govt_consumption,2018,xgb_graph,8.63607272997988,1.032504176055319
UGA-single,2015,3,govt_consumption,2018,lgbm_blind,8.63607272997988,0.06917036137457266
UGA-single,2015,3,govt_consumption,2018,lgbm_graph,8.63607272997988,3.337645622959892
UGA-single,2015,3,govt_consumption,2018,tft,8.63607272997988,0.06917036137457266
UGA-single,2015,5,govt_consumption,2020,persistence,9.51141446504173,0.5568804752595096
UGA-single,2015,5,govt_consumption,2020,arima,9.51141446504173,0.8044418433125422
UGA-single,2015,5,govt_consumption,2020,prophet,9.51141446504173,0.9485512914960985
UGA-single,2015,5,govt_consumption,2020,prophet_graph,9.51141446504173,2.4743022854787267
UGA-single,2015,5,govt_consumption,2020,xgb_blind,9.51141446504173,0.8044418433125422
UGA-single,2015,5,govt_consumption,2020,xgb_graph,9.51141446504173,2.878684106735614
UGA-single,2015,5,govt_consumption,2020,lgbm_blind,9.51141446504173,0.8044418433125422
UGA-single,2015,5,govt_consumption,2020,lgbm_graph,9.51141446504173,2.512384114219687
UGA-single,2015,5,govt_consumption,2020,tft,9.51141446504173,0.8044418433125422
UGA-single,2016,1,gdp_growth,2017,persistence,3.13140551723596,1.6495947753088602
UGA-single,2016,1,gdp_growth,2017,arima,3.13140551723596,1.82040735130514
UGA-single,2016,1,gdp_growth,2017,prophet,3.13140551723596,2.889621749376815
UGA-single,2016,1,gdp_growth,2017,prophet_graph,3.13140551723596,2.889621749376815
UGA-single,2016,1,gdp_growth,2017,xgb_blind,3.13140551723596,1.82040735130514
UGA-single,2016,1,gdp_growth,2017,xgb_graph,3.13140551723596,1.82040735130514
UGA-single,2016,1,gdp_growth,2017,lgbm_blind,3.13140551723596,1.82040735130514
UGA-single,2016,1,gdp_growth,2017,lgbm_graph,3.13140551723596,1.82040735130514
UGA-single,2016,1,gdp_growth,2017,tft,3.13140551723596,1.82040735130514
UGA-single,2016,3,gdp_growth,2019,persistence,6.43874503276439,1.6577447402195702
UGA-single,2016,3,gdp_growth,2019,arima,6.43874503276439,1.528537505418825
UGA-single,2016,3,gdp_growth,2019,prophet,6.43874503276439,0.4976479894512025
UGA-single,2016,3,gdp_growth,2019,prophet_graph,6.43874503276439,0.4976479894512025
UGA-single,2016,3,gdp_growth,2019,xgb_blind,6.43874503276439,1.528537505418825
UGA-single,2016,3,gdp_growth,2019,xgb_graph,6.43874503276439,1.528537505418825
UGA-single,2016,3,gdp_growth,2019,lgbm_blind,6.43874503276439,1.528537505418825
UGA-single,2016,3,gdp_growth,2019,lgbm_graph,6.43874503276439,1.528537505418825
UGA-single,2016,3,gdp_growth,2019,tft,6.43874503276439,1.528537505418825
UGA-single,2016,5,gdp_growth,2021,persistence,3.53658034070898,1.24441995183584
UGA-single,2016,5,gdp_growth,2021,arima,3.53658034070898,1.366293882343582
UGA-single,2016,5,gdp_growth,2021,prophet,3.53658034070898,2.3244769858480474
UGA-single,2016,5,gdp_growth,2021,prophet_graph,3.53658034070898,2.3244769858480474
UGA-single,2016,5,gdp_growth,2021,xgb_blind,3.53658034070898,1.366293882343582
UGA-single,2016,5,gdp_growth,2021,xgb_graph,3.53658034070898,1.366293882343582
UGA-single,2016,5,gdp_growth,2021,lgbm_blind,3.53658034070898,1.366293882343582
UGA-single,2016,5,gdp_growth,2021,lgbm_graph,3.53658034070898,1.366293882343582
UGA-single,2016,5,gdp_growth,2021,tft,3.53658034070898,1.366293882343582
UGA-single,2016,1,unemployment,2017,persistence,3.428,0.42600000000000016
UGA-single,2016,1,unemployment,2017,arima,3.428,0.4062075040943314
UGA-single,2016,1,unemployment,2017,prophet,3.428,0.6954263344309175
UGA-single,2016,1,unemployment,2017,prophet_graph,3.428,0.9304503400137358
UGA-single,2016,1,unemployment,2017,xgb_blind,3.428,0.4062075040943314
UGA-single,2016,1,unemployment,2017,xgb_graph,3.428,0.6289961605072021
UGA-single,2016,1,unemployment,2017,lgbm_blind,3.428,0.4062075040943314
UGA-single,2016,1,unemployment,2017,lgbm_graph,3.428,0.29853846395932715
UGA-single,2016,1,unemployment,2017,tft,3.428,0.4062075040943314
UGA-single,2016,3,unemployment,2019,persistence,3.057,0.05500000000000016
UGA-single,2016,3,unemployment,2019,arima,3.057,0.033911873824249206
UGA-single,2016,3,unemployment,2019,prophet,3.057,0.3827730509875398
UGA-single,2016,3,unemployment,2019,prophet_graph,3.057,0.5536574205813092
UGA-single,2016,3,unemployment,2019,xgb_blind,3.057,0.033911873824249206
UGA-single,2016,3,unemployment,2019,xgb_graph,3.057,0.2431660480499267
UGA-single,2016,3,unemployment,2019,lgbm_blind,3.057,0.033911873824249206
UGA-single,2016,3,unemployment,2019,lgbm_graph,3.057,0.041541667064031174
UGA-single,2016,3,unemployment,2019,tft,3.057,0.033911873824249206
UGA-single,2016,5,unemployment,2021,persistence,3.416,0.41400000000000015
UGA-single,2016,5,unemployment,2021,arima,3.416,0.392906948076714
UGA-single,2016,5,unemployment,2021,prophet,3.416,0.800199694553144
UGA-single,2016,5,unemployment,2021,prophet_graph,3.416,0.9068565656428107
UGA-single,2016,5,unemployment,2021,xgb_blind,3.416,0.392906948076714
UGA-single,2016,5,unemployment,2021,xgb_graph,3.416,0.5958114776611327
UGA-single,2016,5,unemployment,2021,lgbm_blind,3.416,0.392906948076714
UGA-single,2016,5,unemployment,2021,lgbm_graph,3.416,0.3514545419866386
UGA-single,2016,5,unemployment,2021,tft,3.416,0.392906948076714
UGA-single,2016,1,exports_gdp,2017,persistence,16.6611294211705,4.2339650054899
UGA-single,2016,1,exports_gdp,2017,arima,16.6611294211705,4.205485716040277
UGA-single,2016,1,exports_gdp,2017,prophet,16.6611294211705,0.5118228864240066
UGA-single,2016,1,exports_gdp,2017,prophet_graph,16.6611294211705,2.787250045255549
UGA-single,2016,1,exports_gdp,2017,xgb_blind,16.6611294211705,4.205485716040277
UGA-single,2016,1,exports_gdp,2017,xgb_graph,16.6611294211705,3.6250090064366134
UGA-single,2016,1,exports_gdp,2017,lgbm_blind,16.6611294211705,4.205485716040277
UGA-single,2016,1,exports_gdp,2017,lgbm_graph,16.6611294211705,3.7184467697974437
UGA-single,2016,1,exports_gdp,2017,tft,16.6611294211705,4.205485716040277
UGA-single,2016,3,exports_gdp,2019,persistence,17.1090580167383,4.681893601057698
UGA-single,2016,3,exports_gdp,2019,arima,17.1090580167383,4.655102058904911
UGA-single,2016,3,exports_gdp,2019,prophet,17.1090580167383,0.6980573014513496
UGA-single,2016,3,exports_gdp,2019,prophet_graph,17.1090580167383,3.172270162767571
UGA-single,2016,3,exports_gdp,2019,xgb_blind,17.1090580167383,4.655102058904911
UGA-single,2016,3,exports_gdp,2019,xgb_graph,17.1090580167383,4.093699091872576
UGA-single,2016,3,exports_gdp,2019,lgbm_blind,17.1090580167383,4.655102058904911
UGA-single,2016,3,exports_gdp,2019,lgbm_graph,17.1090580167383,3.763881757061684
UGA-single,2016,3,exports_gdp,2019,tft,17.1090580167383,4.655102058904911
UGA-single,2016,5,exports_gdp,2021,persistence,15.7810081695276,3.3538437538470003
UGA-single,2016,5,exports_gdp,2021,arima,15.7810081695276,3.327058966769304
UGA-single,2016,5,exports_gdp,2021,prophet,15.7810081695276,2.6611388757100567
UGA-single,2016,5,exports_gdp,2021,prophet_graph,15.7810081695276,1.7812256615037647
UGA-single,2016,5,exports_gdp,2021,xgb_blind,15.7810081695276,3.327058966769304
UGA-single,2016,5,exports_gdp,2021,xgb_graph,15.7810081695276,3.068418905611585
UGA-single,2016,5,exports_gdp,2021,lgbm_blind,15.7810081695276,3.327058966769304
UGA-single,2016,5,exports_gdp,2021,lgbm_graph,15.7810081695276,1.9409547412244894
UGA-single,2016,5,exports_gdp,2021,tft,15.7810081695276,3.327058966769304
UGA-single,2016,1,imports_gdp,2017,persistence,20.1759235122395,1.393725904708301
UGA-single,2016,1,imports_gdp,2017,arima,20.1759235122395,0.26102115117048186
UGA-single,2016,1,imports_gdp,2017,prophet,20.1759235122395,6.6618799594401175
UGA-single,2016,1,imports_gdp,2017,prophet_graph,20.1759235122395,2.1989307702407537
UGA-single,2016,1,imports_gdp,2017,xgb_blind,20.1759235122395,0.26102115117048186
UGA-single,2016,1,imports_gdp,2017,xgb_graph,20.1759235122395,1.5844219467448752
UGA-single,2016,1,imports_gdp,2017,lgbm_blind,20.1759235122395,0.26102115117048186
UGA-single,2016,1,imports_gdp,2017,lgbm_graph,20.1759235122395,4.014007036795206
UGA-single,2016,1,imports_gdp,2017,tft,20.1759235122395,0.26102115117048186
UGA-single,2016,3,imports_gdp,2019,persistence,22.2519959480052,3.469798340474
UGA-single,2016,3,imports_gdp,2019,arima,22.2519959480052,2.509903059095212
UGA-single,2016,3,imports_gdp,2019,prophet,22.2519959480052,4.989390644458229
UGA-single,2016,3,imports_gdp,2019,prophet_graph,22.2519959480052,0.6412026308123906
UGA-single,2016,3,imports_gdp,2019,xgb_blind,22.2519959480052,2.509903059095212
UGA-single,2016,3,imports_gdp,2019,xgb_graph,22.2519959480052,2.770243737053395
UGA-single,2016,3,imports_gdp,2019,lgbm_blind,22.2519959480052,2.509903059095212
UGA-single,2016,3,imports_gdp,2019,lgbm_graph,22.2519959480052,2.027561041664601
UGA-single,2016,3,imports_gdp,2019,tft,22.2519959480052,2.509903059095212
UGA-single,2016,5,imports_gdp,2021,persistence,25.9326225729506,7.1504249654194005
UGA-single,2016,5,imports_gdp,2021,arima,25.9326225729506,6.196627842666821
UGA-single,2016,5,imports_gdp,2021,prophet,25.9326225729506,1.7128999938867508
UGA-single,2016,5,imports_gdp,2021,prophet_graph,25.9326225729506,2.5203696371157562
UGA-single,2016,5,imports_gdp,2021,xgb_blind,25.9326225729506,6.196627842666821
UGA-single,2016,5,imports_gdp,2021,xgb_graph,25.9326225729506,2.8629776449720836
UGA-single,2016,5,imports_gdp,2021,lgbm_blind,25.9326225729506,6.196627842666821
UGA-single,2016,5,imports_gdp,2021,lgbm_graph,25.9326225729506,1.2765666890228218
UGA-single,2016,5,imports_gdp,2021,tft,25.9326225729506,6.196627842666821
UGA-single,2016,1,current_account,2017,persistence,-4.88278660173815,2.0288487287917802
UGA-single,2016,1,current_account,2017,arima,-4.88278660173815,1.7513236896626085
UGA-single,2016,1,current_account,2017,prophet,-4.88278660173815,0.010685940736404831
UGA-single,2016,1,current_account,2017,prophet_graph,-4.88278660173815,0.6397311240759027
UGA-single,2016,1,current_account,2017,xgb_blind,-4.88278660173815,1.7513236896626085
UGA-single,2016,1,current_account,2017,xgb_graph,-4.88278660173815,1.855782836631949
UGA-single,2016,1,current_account,2017,lgbm_blind,-4.88278660173815,1.7513236896626085
UGA-single,2016,1,current_account,2017,lgbm_graph,-4.88278660173815,0.402585248419161
UGA-single,2016,1,current_account,2017,tft,-4.88278660173815,1.7513236896626085
UGA-single,2016,3,current_account,2019,persistence,-7.44419073613667,4.590252863190299
UGA-single,2016,3,current_account,2019,arima,-7.44419073613667,4.342104225825883
UGA-single,2016,3,current_account,2019,prophet,-7.44419073613667,2.500330413100749
UGA-single,2016,3,current_account,2019,prophet_graph,-7.44419073613667,2.5217549458522175
UGA-single,2016,3,current_account,2019,xgb_blind,-7.44419073613667,4.342104225825883
UGA-single,2016,3,current_account,2019,xgb_graph,-7.44419073613667,2.846201653800244
UGA-single,2016,3,current_account,2019,lgbm_blind,-7.44419073613667,4.342104225825883
UGA-single,2016,3,current_account,2019,lgbm_graph,-7.44419073613667,2.9488271044628913
UGA-single,2016,3,current_account,2019,tft,-7.44419073613667,4.342104225825883
UGA-single,2016,5,current_account,2021,persistence,-8.8944875833578,6.04054971041143
UGA-single,2016,5,current_account,2021,arima,-8.8944875833578,5.792826429234662
UGA-single,2016,5,current_account,2021,prophet,-8.8944875833578,3.90017045540358
UGA-single,2016,5,current_account,2021,prophet_graph,-8.8944875833578,4.572955758651621
UGA-single,2016,5,current_account,2021,xgb_blind,-8.8944875833578,5.792826429234662
UGA-single,2016,5,current_account,2021,xgb_graph,-8.8944875833578,5.15666528912257
UGA-single,2016,5,current_account,2021,lgbm_blind,-8.8944875833578,5.792826429234662
UGA-single,2016,5,current_account,2021,lgbm_graph,-8.8944875833578,4.430423420032614
UGA-single,2016,5,current_account,2021,tft,-8.8944875833578,5.792826429234662
UGA-single,2016,1,real_interest_rate,2017,persistence,15.8908471114542,2.3425466153030996
UGA-single,2016,1,real_interest_rate,2017,arima,15.8908471114542,1.5042562644555773
UGA-single,2016,1,real_interest_rate,2017,prophet,15.8908471114542,0.011268006172590717
UGA-single,2016,1,real_interest_rate,2017,prophet_graph,15.8908471114542,1.4176759196174658
UGA-single,2016,1,real_interest_rate,2017,xgb_blind,15.8908471114542,1.5042562644555773
UGA-single,2016,1,real_interest_rate,2017,xgb_graph,15.8908471114542,0.7759581558797848
UGA-single,2016,1,real_interest_rate,2017,lgbm_blind,15.8908471114542,1.5042562644555773
UGA-single,2016,1,real_interest_rate,2017,lgbm_graph,15.8908471114542,4.515444532513442
UGA-single,2016,1,real_interest_rate,2017,tft,15.8908471114542,1.5042562644555773
UGA-single,2016,3,real_interest_rate,2019,persistence,14.7478688039364,3.4855249228208987
UGA-single,2016,3,real_interest_rate,2019,arima,14.7478688039364,2.8568068164341316
UGA-single,2016,3,real_interest_rate,2019,prophet,14.7478688039364,1.85599717202828
UGA-single,2016,3,real_interest_rate,2019,prophet_graph,14.7478688039364,4.246331327088308
UGA-single,2016,3,real_interest_rate,2019,xgb_blind,14.7478688039364,2.8568068164341316
UGA-single,2016,3,real_interest_rate,2019,xgb_graph,14.7478688039364,2.7661978922305916
UGA-single,2016,3,real_interest_rate,2019,lgbm_blind,14.7478688039364,2.8568068164341316
UGA-single,2016,3,real_interest_rate,2019,lgbm_graph,14.7478688039364,2.5310673592469684
UGA-single,2016,3,real_interest_rate,2019,tft,14.7478688039364,2.8568068164341316
UGA-single,2016,5,real_interest_rate,2021,persistence,14.7478688039364,3.4855249228208987
UGA-single,2016,5,real_interest_rate,2021,arima,14.7478688039364,2.9090658591198117
UGA-single,2016,5,real_interest_rate,2021,prophet,14.7478688039364,2.5812762165068097
UGA-single,2016,5,real_interest_rate,2021,prophet_graph,14.7478688039364,11.062641519057403
UGA-single,2016,5,real_interest_rate,2021,xgb_blind,14.7478688039364,2.9090658591198117
UGA-single,2016,5,real_interest_rate,2021,xgb_graph,14.7478688039364,12.70068886657373
UGA-single,2016,5,real_interest_rate,2021,lgbm_blind,14.7478688039364,2.9090658591198117
UGA-single,2016,5,real_interest_rate,2021,lgbm_graph,14.7478688039364,1.8257047972696974
UGA-single,2016,5,real_interest_rate,2021,tft,14.7478688039364,2.9090658591198117
UGA-single,2016,1,broad_money,2017,persistence,19.9186068571647,0.8437631367625009
UGA-single,2016,1,broad_money,2017,arima,19.9186068571647,0.9303548234478285
UGA-single,2016,1,broad_money,2017,prophet,19.9186068571647,1.4333382656770368
UGA-single,2016,1,broad_money,2017,prophet_graph,19.9186068571647,1.8848744125247592
UGA-single,2016,1,broad_money,2017,xgb_blind,19.9186068571647,0.9303548234478285
UGA-single,2016,1,broad_money,2017,xgb_graph,19.9186068571647,1.594100097521146
UGA-single,2016,1,broad_money,2017,lgbm_blind,19.9186068571647,0.9303548234478285
UGA-single,2016,1,broad_money,2017,lgbm_graph,19.9186068571647,3.6804280537941523
UGA-single,2016,1,broad_money,2017,tft,19.9186068571647,0.9303548234478285
UGA-single,2016,3,broad_money,2019,persistence,20.5230556458778,1.4482119254756007
UGA-single,2016,3,broad_money,2019,arima,20.5230556458778,1.5145090530879806
UGA-single,2016,3,broad_money,2019,prophet,20.5230556458778,1.604680124776145
UGA-single,2016,3,broad_money,2019,prophet_graph,20.5230556458778,1.751461333369722
UGA-single,2016,3,broad_money,2019,xgb_blind,20.5230556458778,1.5145090530879806
UGA-single,2016,3,broad_money,2019,xgb_graph,20.5230556458778,2.4949260682410817
UGA-single,2016,3,broad_money,2019,lgbm_blind,20.5230556458778,1.5145090530879806
UGA-single,2016,3,broad_money,2019,lgbm_graph,20.5230556458778,3.6930757890688213
UGA-single,2016,3,broad_money,2019,tft,20.5230556458778,1.5145090530879806
UGA-single,2016,5,broad_money,2021,persistence,22.4880935076946,3.4132497872924006
UGA-single,2016,5,broad_money,2021,arima,22.4880935076946,3.4766932509012456
UGA-single,2016,5,broad_money,2021,prophet,22.4880935076946,0.4164956376863671
UGA-single,2016,5,broad_money,2021,prophet_graph,22.4880935076946,2.977626557636377
UGA-single,2016,5,broad_money,2021,xgb_blind,22.4880935076946,3.4766932509012456
UGA-single,2016,5,broad_money,2021,xgb_graph,22.4880935076946,6.4600249652141315
UGA-single,2016,5,broad_money,2021,lgbm_blind,22.4880935076946,3.4766932509012456
UGA-single,2016,5,broad_money,2021,lgbm_graph,22.4880935076946,5.197388780521749
UGA-single,2016,5,broad_money,2021,tft,22.4880935076946,3.4766932509012456
UGA-single,2016,1,govt_consumption,2017,persistence,8.00943502980076,0.6574881862820607
UGA-single,2016,1,govt_consumption,2017,arima,8.00943502980076,0.3276343234883585
UGA-single,2016,1,govt_consumption,2017,prophet,8.00943502980076,2.158412517757183
UGA-single,2016,1,govt_consumption,2017,prophet_graph,8.00943502980076,0.5184900809625006
UGA-single,2016,1,govt_consumption,2017,xgb_blind,8.00943502980076,0.3276343234883585
UGA-single,2016,1,govt_consumption,2017,xgb_graph,8.00943502980076,0.32897123890720614
UGA-single,2016,1,govt_consumption,2017,lgbm_blind,8.00943502980076,0.3276343234883585
UGA-single,2016,1,govt_consumption,2017,lgbm_graph,8.00943502980076,3.5768934399891847
UGA-single,2016,1,govt_consumption,2017,tft,8.00943502980076,0.3276343234883585
UGA-single,2016,3,govt_consumption,2019,persistence,8.77456131212774,1.4226144686090407
UGA-single,2016,3,govt_consumption,2019,arima,8.77456131212774,1.1466790360710517
UGA-single,2016,3,govt_consumption,2019,prophet,8.77456131212774,1.212438045132302
UGA-single,2016,3,govt_consumption,2019,prophet_graph,8.77456131212774,0.15768033209407228
UGA-single,2016,3,govt_consumption,2019,xgb_blind,8.77456131212774,1.1466790360710517
UGA-single,2016,3,govt_consumption,2019,xgb_graph,8.77456131212774,1.193337824273737
UGA-single,2016,3,govt_consumption,2019,lgbm_blind,8.77456131212774,1.1466790360710517
UGA-single,2016,3,govt_consumption,2019,lgbm_graph,8.77456131212774,3.006583227387436
UGA-single,2016,3,govt_consumption,2019,tft,8.77456131212774,1.1466790360710517
UGA-single,2016,5,govt_consumption,2021,persistence,9.93159612659213,2.5796492830734294
UGA-single,2016,5,govt_consumption,2021,arima,9.93159612659213,2.3059980660572617
UGA-single,2016,5,govt_consumption,2021,prophet,9.93159612659213,0.12569269687696938
UGA-single,2016,5,govt_consumption,2021,prophet_graph,9.93159612659213,0.18723673723812873
UGA-single,2016,5,govt_consumption,2021,xgb_blind,9.93159612659213,2.3059980660572617
UGA-single,2016,5,govt_consumption,2021,xgb_graph,9.93159612659213,3.2226254081368744
UGA-single,2016,5,govt_consumption,2021,lgbm_blind,9.93159612659213,2.3059980660572617
UGA-single,2016,5,govt_consumption,2021,lgbm_graph,9.93159612659213,1.8798455550096556
UGA-single,2016,5,govt_consumption,2021,tft,9.93159612659213,2.3059980660572617
UGA-single,2017,1,gdp_growth,2018,persistence,6.30392378262997,3.17251826539401
UGA-single,2017,1,gdp_growth,2018,arima,6.30392378262997,2.484905057244708
UGA-single,2017,1,gdp_growth,2018,prophet,6.30392378262997,0.7309820564626541
UGA-single,2017,1,gdp_growth,2018,prophet_graph,6.30392378262997,0.7309820564626541
UGA-single,2017,1,gdp_growth,2018,xgb_blind,6.30392378262997,2.484905057244708
UGA-single,2017,1,gdp_growth,2018,xgb_graph,6.30392378262997,2.484905057244708
UGA-single,2017,1,gdp_growth,2018,lgbm_blind,6.30392378262997,2.484905057244708
UGA-single,2017,1,gdp_growth,2018,lgbm_graph,6.30392378262997,2.484905057244708
UGA-single,2017,1,gdp_growth,2018,tft,6.30392378262997,2.484905057244708
UGA-single,2017,3,gdp_growth,2020,persistence,2.95130642218098,0.18009909505497967
UGA-single,2017,3,gdp_growth,2020,arima,2.95130642218098,0.700564518026423
UGA-single,2017,3,gdp_growth,2020,prophet,2.95130642218098,2.499341288414326
UGA-single,2017,3,gdp_growth,2020,prophet_graph,2.95130642218098,2.499341288414326
UGA-single,2017,3,gdp_growth,2020,xgb_blind,2.95130642218098,0.700564518026423
UGA-single,2017,3,gdp_growth,2020,xgb_graph,2.95130642218098,0.700564518026423
UGA-single,2017,3,gdp_growth,2020,lgbm_blind,2.95130642218098,0.700564518026423
UGA-single,2017,3,gdp_growth,2020,lgbm_graph,2.95130642218098,0.700564518026423
UGA-single,2017,3,gdp_growth,2020,tft,2.95130642218098,0.700564518026423
UGA-single,2017,5,gdp_growth,2022,persistence,4.58802192181773,1.4566164045817702
UGA-single,2017,5,gdp_growth,2022,arima,4.58802192181773,0.9651935153174511
UGA-single,2017,5,gdp_growth,2022,prophet,4.58802192181773,0.740164247156839
UGA-single,2017,5,gdp_growth,2022,prophet_graph,4.58802192181773,0.740164247156839
UGA-single,2017,5,gdp_growth,2022,xgb_blind,4.58802192181773,0.9651935153174511
UGA-single,2017,5,gdp_growth,2022,xgb_graph,4.58802192181773,0.9651935153174511
UGA-single,2017,5,gdp_growth,2022,lgbm_blind,4.58802192181773,0.9651935153174511
UGA-single,2017,5,gdp_growth,2022,lgbm_graph,4.58802192181773,0.9651935153174511
UGA-single,2017,5,gdp_growth,2022,tft,4.58802192181773,0.9651935153174511
UGA-single,2017,1,unemployment,2018,persistence,3.249,0.17899999999999983
UGA-single,2017,1,unemployment,2018,arima,3.249,0.2150634343215807
UGA-single,2017,1,unemployment,2018,prophet,3.249,0.4501656759422361
UGA-single,2017,1,unemployment,2018,prophet_graph,3.249,0.5008476949049654
UGA-single,2017,1,unemployment,2018,xgb_blind,3.249,0.2150634343215807
UGA-single,2017,1,unemployment,2018,xgb_graph,3.249,0.013043092727661243
UGA-single,2017,1,unemployment,2018,lgbm_blind,3.249,0.2150634343215807
UGA-single,2017,1,unemployment,2018,lgbm_graph,3.249,0.10848148480168085
UGA-single,2017,1,unemployment,2018,tft,3.249,0.2150634343215807
UGA-single,2017,3,unemployment,2020,persistence,3.819,0.391
UGA-single,2017,3,unemployment,2020,arima,3.819,0.35162512813748403
UGA-single,2017,3,unemployment,2020,prophet,3.819,1.0686437056687668
UGA-single,2017,3,unemployment,2020,prophet_graph,3.819,1.0991956761291268
UGA-single,2017,3,unemployment,2020,xgb_blind,3.819,0.35162512813748403
UGA-single,2017,3,unemployment,2020,xgb_graph,3.819,0.5746509971618652
UGA-single,2017,3,unemployment,2020,lgbm_blind,3.819,0.35162512813748403
UGA-single,2017,3,unemployment,2020,lgbm_graph,3.819,0.7072800006866453
UGA-single,2017,3,unemployment,2020,tft,3.819,0.35162512813748403
UGA-single,2017,5,unemployment,2022,persistence,2.885,0.5430000000000001
UGA-single,2017,5,unemployment,2022,arima,2.885,0.5823986037092128
UGA-single,2017,5,unemployment,2022,prophet,2.885,0.18318814365519742
UGA-single,2017,5,unemployment,2022,prophet_graph,2.885,0.19358249020428042
UGA-single,2017,5,unemployment,2022,xgb_blind,2.885,0.5823986037092128
UGA-single,2017,5,unemployment,2022,xgb_graph,2.885,0.19279455184936545
UGA-single,2017,5,unemployment,2022,lgbm_blind,2.885,0.5823986037092128
UGA-single,2017,5,unemployment,2022,lgbm_graph,2.885,0.19534782824309005
UGA-single,2017,5,unemployment,2022,tft,2.885,0.5823986037092128
UGA-single,2017,1,exports_gdp,2018,persistence,15.0870530611511,1.5740763600194008
UGA-single,2017,1,exports_gdp,2018,arima,15.0870530611511,1.2635404435705482
UGA-single,2017,1,exports_gdp,2018,prophet,15.0870530611511,2.327423779364384
UGA-single,2017,1,exports_gdp,2018,prophet_graph,15.0870530611511,0.2777429017593409
UGA-single,2017,1,exports_gdp,2018,xgb_blind,15.0870530611511,1.2635404435705482
UGA-single,2017,1,exports_gdp,2018,xgb_graph,15.0870530611511,1.7398054593567132
UGA-single,2017,1,exports_gdp,2018,lgbm_blind,15.0870530611511,1.2635404435705482
UGA-single,2017,1,exports_gdp,2018,lgbm_graph,15.0870530611511,2.0066501747250918
UGA-single,2017,1,exports_gdp,2018,tft,15.0870530611511,1.2635404435705482
UGA-single,2017,3,exports_gdp,2020,persistence,15.4147985397289,1.246330881441601
UGA-single,2017,3,exports_gdp,2020,arima,15.4147985397289,0.9569004314383562
UGA-single,2017,3,exports_gdp,2020,prophet,15.4147985397289,2.6266968258568717
UGA-single,2017,3,exports_gdp,2020,prophet_graph,15.4147985397289,0.4598563917835392
UGA-single,2017,3,exports_gdp,2020,xgb_blind,15.4147985397289,0.9569004314383562
UGA-single,2017,3,exports_gdp,2020,xgb_graph,15.4147985397289,0.6012943206737233
UGA-single,2017,3,exports_gdp,2020,lgbm_blind,15.4147985397289,0.9569004314383562
UGA-single,2017,3,exports_gdp,2020,lgbm_graph,15.4147985397289,1.9369841705272393
UGA-single,2017,3,exports_gdp,2020,tft,15.4147985397289,0.9569004314383562
UGA-single,2017,5,exports_gdp,2022,persistence,12.0219954333331,4.6391339878374005
UGA-single,2017,5,exports_gdp,2022,arima,12.0219954333331,4.349817071353883
UGA-single,2017,5,exports_gdp,2022,prophet,12.0219954333331,6.647377386809357
UGA-single,2017,5,exports_gdp,2022,prophet_graph,12.0219954333331,3.0787781990405954
UGA-single,2017,5,exports_gdp,2022,xgb_blind,12.0219954333331,4.349817071353883
UGA-single,2017,5,exports_gdp,2022,xgb_graph,12.0219954333331,3.8765031018231504
UGA-single,2017,5,exports_gdp,2022,lgbm_blind,12.0219954333331,4.349817071353883
UGA-single,2017,5,exports_gdp,2022,lgbm_graph,12.0219954333331,1.9407134545134745
UGA-single,2017,5,exports_gdp,2022,tft,12.0219954333331,4.349817071353883
UGA-single,2017,1,imports_gdp,2018,persistence,21.5513525388056,1.3754290265660991
UGA-single,2017,1,imports_gdp,2018,arima,21.5513525388056,1.6479895209320112
UGA-single,2017,1,imports_gdp,2018,prophet,21.5513525388056,4.503999358658589
UGA-single,2017,1,imports_gdp,2018,prophet_graph,21.5513525388056,0.545568482045546
UGA-single,2017,1,imports_gdp,2018,xgb_blind,21.5513525388056,1.6479895209320112
UGA-single,2017,1,imports_gdp,2018,xgb_graph,21.5513525388056,3.7436551668828777
UGA-single,2017,1,imports_gdp,2018,lgbm_blind,21.5513525388056,1.6479895209320112
UGA-single,2017,1,imports_gdp,2018,lgbm_graph,21.5513525388056,2.4899111121592092
UGA-single,2017,1,imports_gdp,2018,tft,21.5513525388056,1.6479895209320112
UGA-single,2017,3,imports_gdp,2020,persistence,21.585893851908,1.4099703396685008
UGA-single,2017,3,imports_gdp,2020,arima,21.585893851908,1.639652217670534
UGA-single,2017,3,imports_gdp,2020,prophet,21.585893851908,4.77055810852492
UGA-single,2017,3,imports_gdp,2020,prophet_graph,21.585893851908,0.22421918657087758
UGA-single,2017,3,imports_gdp,2020,xgb_blind,21.585893851908,1.639652217670534
UGA-single,2017,3,imports_gdp,2020,xgb_graph,21.585893851908,2.572335975972859
UGA-single,2017,3,imports_gdp,2020,lgbm_blind,21.585893851908,1.639652217670534
UGA-single,2017,3,imports_gdp,2020,lgbm_graph,21.585893851908,2.5295178302209074
UGA-single,2017,3,imports_gdp,2020,tft,21.585893851908,1.639652217670534
UGA-single,2017,5,imports_gdp,2022,persistence,22.4833064937607,2.307382981521201
UGA-single,2017,5,imports_gdp,2022,arima,22.4833064937607,2.5354249804078783
UGA-single,2017,5,imports_gdp,2022,prophet,22.4833064937607,4.174657995480629
UGA-single,2017,5,imports_gdp,2022,prophet_graph,22.4833064937607,1.8578853707259775
UGA-single,2017,5,imports_gdp,2022,xgb_blind,22.4833064937607,2.5354249804078783
UGA-single,2017,5,imports_gdp,2022,xgb_graph,22.4833064937607,2.8750824069961354
UGA-single,2017,5,imports_gdp,2022,lgbm_blind,22.4833064937607,2.5354249804078783
UGA-single,2017,5,imports_gdp,2022,lgbm_graph,22.4833064937607,1.977961060480979
UGA-single,2017,5,imports_gdp,2022,tft,22.4833064937607,2.5354249804078783
UGA-single,2017,1,current_account,2018,persistence,-6.32983605256251,1.4470494508243599
UGA-single,2017,1,current_account,2018,arima,-6.32983605256251,1.779013955516394
UGA-single,2017,1,current_account,2018,prophet,-6.32983605256251,1.4092712012344624
UGA-single,2017,1,current_account,2018,prophet_graph,-6.32983605256251,1.9409694490654212
UGA-single,2017,1,current_account,2018,xgb_blind,-6.32983605256251,1.779013955516394
UGA-single,2017,1,current_account,2018,xgb_graph,-6.32983605256251,1.460533302928721
UGA-single,2017,1,current_account,2018,lgbm_blind,-6.32983605256251,1.779013955516394
UGA-single,2017,1,current_account,2018,lgbm_graph,-6.32983605256251,1.8347241289666885
UGA-single,2017,1,current_account,2018,tft,-6.32983605256251,1.779013955516394
UGA-single,2017,3,current_account,2020,persistence,-9.56958764500258,4.686801043264429
UGA-single,2017,3,current_account,2020,arima,-9.56958764500258,4.973336234237398
UGA-single,2017,3,current_account,2020,prophet,-9.56958764500258,4.598445633719047
UGA-single,2017,3,current_account,2020,prophet_graph,-9.56958764500258,1.3199565162858278
UGA-single,2017,3,current_account,2020,xgb_blind,-9.56958764500258,4.973336234237398
UGA-single,2017,3,current_account,2020,xgb_graph,-9.56958764500258,4.447019037672257
UGA-single,2017,3,current_account,2020,lgbm_blind,-9.56958764500258,4.973336234237398
UGA-single,2017,3,current_account,2020,lgbm_graph,-9.56958764500258,5.058727088564014
UGA-single,2017,3,current_account,2020,tft,-9.56958764500258,4.973336234237398
UGA-single,2017,5,current_account,2022,persistence,-8.91897823001288,4.0361916282747305
UGA-single,2017,5,current_account,2022,arima,-8.91897823001288,4.321510576845493
UGA-single,2017,5,current_account,2022,prophet,-8.91897823001288,3.8971897749931017
UGA-single,2017,5,current_account,2022,prophet_graph,-8.91897823001288,0.690550480197599
UGA-single,2017,5,current_account,2022,xgb_blind,-8.91897823001288,4.321510576845493
UGA-single,2017,5,current_account,2022,xgb_graph,-8.91897823001288,4.807100311769473
UGA-single,2017,5,current_account,2022,lgbm_blind,-8.91897823001288,4.321510576845493
UGA-single,2017,5,current_account,2022,lgbm_graph,-8.91897823001288,4.436708736797771
UGA-single,2017,5,current_account,2022,tft,-8.91897823001288,4.321510576845493
UGA-single,2017,1,real_interest_rate,2018,persistence,14.7478688039364,1.142978307517799
UGA-single,2017,1,real_interest_rate,2018,arima,14.7478688039364,2.3152054189492883
UGA-single,2017,1,real_interest_rate,2018,prophet,14.7478688039364,1.4799614670437347
UGA-single,2017,1,real_interest_rate,2018,prophet_graph,14.7478688039364,2.855973557366843
UGA-single,2017,1,real_interest_rate,2018,xgb_blind,14.7478688039364,2.3152054189492883
UGA-single,2017,1,real_interest_rate,2018,xgb_graph,14.7478688039364,2.441113738018432
UGA-single,2017,1,real_interest_rate,2018,lgbm_blind,14.7478688039364,2.3152054189492883
UGA-single,2017,1,real_interest_rate,2018,lgbm_graph,14.7478688039364,3.2052275351002724
UGA-single,2017,1,real_interest_rate,2018,tft,14.7478688039364,2.3152054189492883
UGA-single,2017,3,real_interest_rate,2020,persistence,14.7478688039364,1.142978307517799
UGA-single,2017,3,real_interest_rate,2020,arima,14.7478688039364,2.02214883542746
UGA-single,2017,3,real_interest_rate,2020,prophet,14.7478688039364,2.2046954224538933
UGA-single,2017,3,real_interest_rate,2020,prophet_graph,14.7478688039364,4.713037813496074
UGA-single,2017,3,real_interest_rate,2020,xgb_blind,14.7478688039364,2.02214883542746
UGA-single,2017,3,real_interest_rate,2020,xgb_graph,14.7478688039364,1.9235136785091544
UGA-single,2017,3,real_interest_rate,2020,lgbm_blind,14.7478688039364,2.02214883542746
UGA-single,2017,3,real_interest_rate,2020,lgbm_graph,14.7478688039364,2.3841055287899167
UGA-single,2017,3,real_interest_rate,2020,tft,14.7478688039364,2.02214883542746
UGA-single,2017,5,real_interest_rate,2022,persistence,14.7478688039364,1.142978307517799
UGA-single,2017,5,real_interest_rate,2022,arima,14.7478688039364,1.9487653184807012
UGA-single,2017,5,real_interest_rate,2022,prophet,14.7478688039364,2.930422164104341
UGA-single,2017,5,real_interest_rate,2022,prophet_graph,14.7478688039364,12.292417693086202
UGA-single,2017,5,real_interest_rate,2022,xgb_blind,14.7478688039364,1.9487653184807012
UGA-single,2017,5,real_interest_rate,2022,xgb_graph,14.7478688039364,1.1751162729678963
UGA-single,2017,5,real_interest_rate,2022,lgbm_blind,14.7478688039364,1.9487653184807012
UGA-single,2017,5,real_interest_rate,2022,lgbm_graph,14.7478688039364,1.6966316146849572
UGA-single,2017,5,real_interest_rate,2022,tft,14.7478688039364,1.9487653184807012
UGA-single,2017,1,broad_money,2018,persistence,19.4171293137567,0.5014775434080008
UGA-single,2017,1,broad_money,2018,arima,19.4171293137567,0.18592594950937524
UGA-single,2017,1,broad_money,2018,prophet,19.4171293137567,2.135685149367074
UGA-single,2017,1,broad_money,2018,prophet_graph,19.4171293137567,0.7630803018531545
UGA-single,2017,1,broad_money,2018,xgb_blind,19.4171293137567,0.18592594950937524
UGA-single,2017,1,broad_money,2018,xgb_graph,19.4171293137567,0.17434672098326232
UGA-single,2017,1,broad_money,2018,lgbm_blind,19.4171293137567,0.18592594950937524
UGA-single,2017,1,broad_money,2018,lgbm_graph,19.4171293137567,3.0426383285927656
UGA-single,2017,1,broad_money,2018,tft,19.4171293137567,0.18592594950937524
UGA-single,2017,3,broad_money,2020,persistence,22.731371239225,2.8127643820602977
UGA-single,2017,3,broad_money,2020,arima,22.731371239225,3.0544392655579067
UGA-single,2017,3,broad_money,2020,prophet,22.731371239225,0.4223411777867909
UGA-single,2017,3,broad_money,2020,prophet_graph,22.731371239225,1.82030618819714
UGA-single,2017,3,broad_money,2020,xgb_blind,22.731371239225,3.0544392655579067
UGA-single,2017,3,broad_money,2020,xgb_graph,22.731371239225,4.380611732999412
UGA-single,2017,3,broad_money,2020,lgbm_blind,22.731371239225,3.0544392655579067
UGA-single,2017,3,broad_money,2020,lgbm_graph,22.731371239225,5.777846268216699
UGA-single,2017,3,broad_money,2020,tft,22.731371239225,3.0544392655579067
UGA-single,2017,5,broad_money,2022,persistence,22.0303983664876,2.1117915093228987
UGA-single,2017,5,broad_money,2022,arima,22.0303983664876,2.3431338500856675
UGA-single,2017,5,broad_money,2022,prophet,22.0303983664876,1.0358832050435538
UGA-single,2017,5,broad_money,2022,prophet_graph,22.0303983664876,0.3874767082124002
UGA-single,2017,5,broad_money,2022,xgb_blind,22.0303983664876,2.3431338500856675
UGA-single,2017,5,broad_money,2022,xgb_graph,22.0303983664876,5.246392247713185
UGA-single,2017,5,broad_money,2022,lgbm_blind,22.0303983664876,2.3431338500856675
UGA-single,2017,5,broad_money,2022,lgbm_graph,22.0303983664876,4.625436987809568
UGA-single,2017,5,broad_money,2022,tft,22.0303983664876,2.3431338500856675
UGA-single,2017,1,govt_consumption,2018,persistence,8.63607272997988,0.6266377001791188
UGA-single,2017,1,govt_consumption,2018,arima,8.63607272997988,0.764194008460855
UGA-single,2017,1,govt_consumption,2018,prophet,8.63607272997988,1.119080826100582
UGA-single,2017,1,govt_consumption,2018,prophet_graph,8.63607272997988,1.2268050649741369
UGA-single,2017,1,govt_consumption,2018,xgb_blind,8.63607272997988,0.764194008460855
UGA-single,2017,1,govt_consumption,2018,xgb_graph,8.63607272997988,0.03496894732607103
UGA-single,2017,1,govt_consumption,2018,lgbm_blind,8.63607272997988,0.764194008460855
UGA-single,2017,1,govt_consumption,2018,lgbm_graph,8.63607272997988,2.81777819278126
UGA-single,2017,1,govt_consumption,2018,tft,8.63607272997988,0.764194008460855
UGA-single,2017,3,govt_consumption,2020,persistence,9.51141446504173,1.501979435240969
UGA-single,2017,3,govt_consumption,2020,arima,9.51141446504173,1.6167778761831322
UGA-single,2017,3,govt_consumption,2020,prophet,9.51141446504173,0.02993908622875807
UGA-single,2017,3,govt_consumption,2020,prophet_graph,9.51141446504173,1.077049821062035
UGA-single,2017,3,govt_consumption,2020,xgb_blind,9.51141446504173,1.6167778761831322
UGA-single,2017,3,govt_consumption,2020,xgb_graph,9.51141446504173,1.6826829281764955
UGA-single,2017,3,govt_consumption,2020,lgbm_blind,9.51141446504173,1.6167778761831322
UGA-single,2017,3,govt_consumption,2020,lgbm_graph,9.51141446504173,2.1188616808933283
UGA-single,2017,3,govt_consumption,2020,tft,9.51141446504173,1.6167778761831322
UGA-single,2017,5,govt_consumption,2022,persistence,9.78726680444974,1.7778317746489787
UGA-single,2017,5,govt_consumption,2022,arima,9.78726680444974,1.8916340840828427
UGA-single,2017,5,govt_consumption,2022,prophet,9.78726680444974,0.46000613470814145
UGA-single,2017,5,govt_consumption,2022,prophet_graph,9.78726680444974,0.32640093905914824
UGA-single,2017,5,govt_consumption,2022,xgb_blind,9.78726680444974,1.8916340840828427
UGA-single,2017,5,govt_consumption,2022,xgb_graph,9.78726680444974,1.566320346123991
UGA-single,2017,5,govt_consumption,2022,lgbm_blind,9.78726680444974,1.8916340840828427
UGA-single,2017,5,govt_consumption,2022,lgbm_graph,9.78726680444974,1.8588702257785847
UGA-single,2017,5,govt_consumption,2022,tft,9.78726680444974,1.8916340840828427
UGA-single,2018,1,gdp_growth,2019,persistence,6.43874503276439,0.13482125013442037
UGA-single,2018,1,gdp_growth,2019,arima,6.43874503276439,1.5142001323479972
UGA-single,2018,1,gdp_growth,2019,prophet,6.43874503276439,0.8282576990355546
UGA-single,2018,1,gdp_growth,2019,prophet_graph,6.43874503276439,0.8282576990355546
UGA-single,2018,1,gdp_growth,2019,xgb_blind,6.43874503276439,1.5142001323479972
UGA-single,2018,1,gdp_growth,2019,xgb_graph,6.43874503276439,1.5142001323479972
UGA-single,2018,1,gdp_growth,2019,lgbm_blind,6.43874503276439,1.5142001323479972
UGA-single,2018,1,gdp_growth,2019,lgbm_graph,6.43874503276439,1.5142001323479972
UGA-single,2018,1,gdp_growth,2019,tft,6.43874503276439,1.5142001323479972
UGA-single,2018,3,gdp_growth,2021,persistence,3.53658034070898,2.76734344192099
UGA-single,2018,3,gdp_growth,2021,arima,3.53658034070898,1.7269436676472605
UGA-single,2018,3,gdp_growth,2021,prophet,3.53658034070898,1.9613581374933782
UGA-single,2018,3,gdp_growth,2021,prophet_graph,3.53658034070898,1.9613581374933782
UGA-single,2018,3,gdp_growth,2021,xgb_blind,3.53658034070898,1.7269436676472605
UGA-single,2018,3,gdp_growth,2021,xgb_graph,3.53658034070898,1.7269436676472605
UGA-single,2018,3,gdp_growth,2021,lgbm_blind,3.53658034070898,1.7269436676472605
UGA-single,2018,3,gdp_growth,2021,lgbm_graph,3.53658034070898,1.7269436676472605
UGA-single,2018,3,gdp_growth,2021,tft,3.53658034070898,1.7269436676472605
UGA-single,2018,5,gdp_growth,2023,persistence,5.33697295511469,0.96695082751528
UGA-single,2018,5,gdp_growth,2023,arima,5.33697295511469,0.009367572662539736
UGA-single,2018,5,gdp_growth,2023,prophet,5.33697295511469,0.04857063316382604
UGA-single,2018,5,gdp_growth,2023,prophet_graph,5.33697295511469,0.04857063316382604
UGA-single,2018,5,gdp_growth,2023,xgb_blind,5.33697295511469,0.009367572662539736
UGA-single,2018,5,gdp_growth,2023,xgb_graph,5.33697295511469,0.009367572662539736
UGA-single,2018,5,gdp_growth,2023,lgbm_blind,5.33697295511469,0.009367572662539736
UGA-single,2018,5,gdp_growth,2023,lgbm_graph,5.33697295511469,0.009367572662539736
UGA-single,2018,5,gdp_growth,2023,tft,5.33697295511469,0.009367572662539736
UGA-single,2018,1,unemployment,2019,persistence,3.057,0.19200000000000017
UGA-single,2018,1,unemployment,2019,arima,3.057,0.17963392605168682
UGA-single,2018,1,unemployment,2019,prophet,3.057,0.21429151696532323
UGA-single,2018,1,unemployment,2019,prophet_graph,3.057,0.04867085933367621
UGA-single,2018,1,unemployment,2019,xgb_blind,3.057,0.17963392605168682
UGA-single,2018,1,unemployment,2019,xgb_graph,3.057,0.34055598449707025
UGA-single,2018,1,unemployment,2019,lgbm_blind,3.057,0.17963392605168682
UGA-single,2018,1,unemployment,2019,lgbm_graph,3.057,0.0873928565297808
UGA-single,2018,1,unemployment,2019,tft,3.057,0.17963392605168682
UGA-single,2018,3,unemployment,2021,persistence,3.416,0.16699999999999982
UGA-single,2018,3,unemployment,2021,arima,3.416,0.18027939309766605
UGA-single,2018,3,unemployment,2021,prophet,3.416,0.6150374984813416
UGA-single,2018,3,unemployment,2021,prophet_graph,3.416,0.4187973740333688
UGA-single,2018,3,unemployment,2021,xgb_blind,3.416,0.18027939309766605
UGA-single,2018,3,unemployment,2021,xgb_graph,3.416,0.04128181076049797
UGA-single,2018,3,unemployment,2021,lgbm_blind,3.416,0.18027939309766605
UGA-single,2018,3,unemployment,2021,lgbm_graph,3.416,0.2989999978725728
UGA-single,2018,3,unemployment,2021,tft,3.416,0.18027939309766605
UGA-single,2018,5,unemployment,2023,persistence,2.754,0.4950000000000001
UGA-single,2018,5,unemployment,2023,arima,2.754,0.48171624796947077
UGA-single,2018,5,unemployment,2023,prophet,2.754,0.0052736280484904086
UGA-single,2018,5,unemployment,2023,prophet_graph,2.754,0.2320913322172804
UGA-single,2018,5,unemployment,2023,xgb_blind,2.754,0.48171624796947077
UGA-single,2018,5,unemployment,2023,xgb_graph,2.754,0.5141448459625244
UGA-single,2018,5,unemployment,2023,lgbm_blind,2.754,0.48171624796947077
UGA-single,2018,5,unemployment,2023,lgbm_graph,2.754,0.33337500508626317
UGA-single,2018,5,unemployment,2023,tft,2.754,0.48171624796947077
UGA-single,2018,1,exports_gdp,2019,persistence,17.1090580167383,2.0220049555871995
UGA-single,2018,1,exports_gdp,2019,arima,17.1090580167383,1.8649719617048124
UGA-single,2018,1,exports_gdp,2019,prophet,17.1090580167383,0.30534486980829456
UGA-single,2018,1,exports_gdp,2019,prophet_graph,17.1090580167383,0.6042183704212682
UGA-single,2018,1,exports_gdp,2019,xgb_blind,17.1090580167383,1.8649719617048124
UGA-single,2018,1,exports_gdp,2019,xgb_graph,17.1090580167383,2.3489023389428887
UGA-single,2018,1,exports_gdp,2019,lgbm_blind,17.1090580167383,1.8649719617048124
UGA-single,2018,1,exports_gdp,2019,lgbm_graph,17.1090580167383,3.9569890441507134
UGA-single,2018,1,exports_gdp,2019,tft,17.1090580167383,1.8649719617048124
UGA-single,2018,3,exports_gdp,2021,persistence,15.7810081695276,0.6939551083765014
UGA-single,2018,3,exports_gdp,2021,arima,15.7810081695276,0.5510251750125548
UGA-single,2018,3,exports_gdp,2021,prophet,15.7810081695276,2.2292653587195073
UGA-single,2018,3,exports_gdp,2021,prophet_graph,15.7810081695276,2.128883081353278
UGA-single,2018,3,exports_gdp,2021,xgb_blind,15.7810081695276,0.5510251750125548
UGA-single,2018,3,exports_gdp,2021,xgb_graph,15.7810081695276,0.16329534304564142
UGA-single,2018,3,exports_gdp,2021,lgbm_blind,15.7810081695276,0.5510251750125548
UGA-single,2018,3,exports_gdp,2021,lgbm_graph,15.7810081695276,2.2412999953356127
UGA-single,2018,3,exports_gdp,2021,tft,15.7810081695276,0.5510251750125548
UGA-single,2018,5,exports_gdp,2023,persistence,11.6017089255499,3.485344135601199
UGA-single,2018,5,exports_gdp,2023,arima,11.6017089255499,3.6281337088881447
UGA-single,2018,5,exports_gdp,2023,prophet,11.6017089255499,7.0036200998810365
UGA-single,2018,5,exports_gdp,2023,prophet_graph,11.6017089255499,6.5045282220704586
UGA-single,2018,5,exports_gdp,2023,xgb_blind,11.6017089255499,3.6281337088881447
UGA-single,2018,5,exports_gdp,2023,xgb_graph,11.6017089255499,4.178732358629787
UGA-single,2018,5,exports_gdp,2023,lgbm_blind,11.6017089255499,3.6281337088881447
UGA-single,2018,5,exports_gdp,2023,lgbm_graph,11.6017089255499,2.407847646092657
UGA-single,2018,5,exports_gdp,2023,tft,11.6017089255499,3.6281337088881447
UGA-single,2018,1,imports_gdp,2019,persistence,22.2519959480052,0.7006434091995999
UGA-single,2018,1,imports_gdp,2019,arima,22.2519959480052,0.955028734164209
UGA-single,2018,1,imports_gdp,2019,prophet,22.2519959480052,3.334976791894654
UGA-single,2018,1,imports_gdp,2019,prophet_graph,22.2519959480052,2.918280347371944
UGA-single,2018,1,imports_gdp,2019,xgb_blind,22.2519959480052,0.955028734164209
UGA-single,2018,1,imports_gdp,2019,xgb_graph,22.2519959480052,0.7062539130930894
UGA-single,2018,1,imports_gdp,2019,lgbm_blind,22.2519959480052,0.955028734164209
UGA-single,2018,1,imports_gdp,2019,lgbm_graph,22.2519959480052,1.7003423388033596
UGA-single,2018,1,imports_gdp,2019,tft,22.2519959480052,0.955028734164209
UGA-single,2018,3,imports_gdp,2021,persistence,25.9326225729506,4.381270034145
UGA-single,2018,3,imports_gdp,2021,arima,25.9326225729506,4.597308457384475
UGA-single,2018,3,imports_gdp,2021,prophet,25.9326225729506,0.10659535195986436
UGA-single,2018,3,imports_gdp,2021,prophet_graph,25.9326225729506,8.549422272350547
UGA-single,2018,3,imports_gdp,2021,xgb_blind,25.9326225729506,4.597308457384475
UGA-single,2018,3,imports_gdp,2021,xgb_graph,25.9326225729506,2.762458464674232
UGA-single,2018,3,imports_gdp,2021,lgbm_blind,25.9326225729506,4.597308457384475
UGA-single,2018,3,imports_gdp,2021,lgbm_graph,25.9326225729506,1.9158285149578091
UGA-single,2018,3,imports_gdp,2021,tft,25.9326225729506,4.597308457384475
UGA-single,2018,5,imports_gdp,2023,persistence,21.739987404672,0.1886348658664012
UGA-single,2018,5,imports_gdp,2023,arima,21.739987404672,0.4033615785366855
UGA-single,2018,5,imports_gdp,2023,prophet,21.739987404672,4.324767273495674
UGA-single,2018,5,imports_gdp,2023,prophet_graph,21.739987404672,6.304634120520978
UGA-single,2018,5,imports_gdp,2023,xgb_blind,21.739987404672,0.4033615785366855
UGA-single,2018,5,imports_gdp,2023,xgb_graph,21.739987404672,1.8603620215975312
UGA-single,2018,5,imports_gdp,2023,lgbm_blind,21.739987404672,0.4033615785366855
UGA-single,2018,5,imports_gdp,2023,lgbm_graph,21.739987404672,2.6000337287508515
UGA-single,2018,5,imports_gdp,2023,tft,21.739987404672,0.4033615785366855
UGA-single,2018,1,current_account,2019,persistence,-7.44419073613667,1.1143546835741596
UGA-single,2018,1,current_account,2019,arima,-7.44419073613667,1.2975729556131723
UGA-single,2018,1,current_account,2019,prophet,-7.44419073613667,2.3075258347338607
UGA-single,2018,1,current_account,2019,prophet_graph,-7.44419073613667,0.6319336397509216
UGA-single,2018,1,current_account,2019,xgb_blind,-7.44419073613667,1.2975729556131723
UGA-single,2018,1,current_account,2019,xgb_graph,-7.44419073613667,1.5282027676918455
UGA-single,2018,1,current_account,2019,lgbm_blind,-7.44419073613667,1.2975729556131723
UGA-single,2018,1,current_account,2019,lgbm_graph,-7.44419073613667,2.883552956536284
UGA-single,2018,1,current_account,2019,tft,-7.44419073613667,1.2975729556131723
UGA-single,2018,3,current_account,2021,persistence,-8.8944875833578,2.564651530795289
UGA-single,2018,3,current_account,2021,arima,-8.8944875833578,2.727608849066705
UGA-single,2018,3,current_account,2021,prophet,-8.8944875833578,3.6880583321498444
UGA-single,2018,3,current_account,2021,prophet_graph,-8.8944875833578,1.1626973303531285
UGA-single,2018,3,current_account,2021,xgb_blind,-8.8944875833578,2.727608849066705
UGA-single,2018,3,current_account,2021,xgb_graph,-8.8944875833578,2.7507454988546254
UGA-single,2018,3,current_account,2021,lgbm_blind,-8.8944875833578,2.727608849066705
UGA-single,2018,3,current_account,2021,lgbm_graph,-8.8944875833578,4.3136664371005775
UGA-single,2018,3,current_account,2021,tft,-8.8944875833578,2.727608849066705
UGA-single,2018,5,current_account,2023,persistence,-7.43279149697522,1.1029554444127099
UGA-single,2018,5,current_account,2023,arima,-7.43279149697522,1.2655879517010904
UGA-single,2018,5,current_account,2023,prophet,-7.43279149697522,2.1566933328291586
UGA-single,2018,5,current_account,2023,prophet_graph,-7.43279149697522,0.04486432154172881
UGA-single,2018,5,current_account,2023,xgb_blind,-7.43279149697522,1.2655879517010904
UGA-single,2018,5,current_account,2023,xgb_graph,-7.43279149697522,3.0064757125208743
UGA-single,2018,5,current_account,2023,lgbm_blind,-7.43279149697522,1.2655879517010904
UGA-single,2018,5,current_account,2023,lgbm_graph,-7.43279149697522,2.8735400704889216
UGA-single,2018,5,current_account,2023,tft,-7.43279149697522,1.2655879517010904
UGA-single,2018,1,real_interest_rate,2019,persistence,14.7478688039364,0.0
UGA-single,2018,1,real_interest_rate,2019,arima,14.7478688039364,0.5716953549137322
UGA-single,2018,1,real_interest_rate,2019,prophet,14.7478688039364,1.6535237906769797
UGA-single,2018,1,real_interest_rate,2019,prophet_graph,14.7478688039364,1.3195059494658263
UGA-single,2018,1,real_interest_rate,2019,xgb_blind,14.7478688039364,0.5716953549137322
UGA-single,2018,1,real_interest_rate,2019,xgb_graph,14.7478688039364,2.029389115375123
UGA-single,2018,1,real_interest_rate,2019,lgbm_blind,14.7478688039364,0.5716953549137322
UGA-single,2018,1,real_interest_rate,2019,lgbm_graph,14.7478688039364,3.090755132633605
UGA-single,2018,1,real_interest_rate,2019,tft,14.7478688039364,0.5716953549137322
UGA-single,2018,3,real_interest_rate,2021,persistence,14.7478688039364,0.0
UGA-single,2018,3,real_interest_rate,2021,arima,14.7478688039364,0.4287715347920642
UGA-single,2018,3,real_interest_rate,2021,prophet,14.7478688039364,2.3582605523050066
UGA-single,2018,3,real_interest_rate,2021,prophet_graph,14.7478688039364,5.882990537991356
UGA-single,2018,3,real_interest_rate,2021,xgb_blind,14.7478688039364,0.4287715347920642
UGA-single,2018,3,real_interest_rate,2021,xgb_graph,14.7478688039364,0.3162114344058846
UGA-single,2018,3,real_interest_rate,2021,lgbm_blind,14.7478688039364,0.4287715347920642
UGA-single,2018,3,real_interest_rate,2021,lgbm_graph,14.7478688039364,2.292409172530057
UGA-single,2018,3,real_interest_rate,2021,tft,14.7478688039364,0.4287715347920642
UGA-single,2018,5,real_interest_rate,2023,persistence,14.7478688039364,0.0
UGA-single,2018,5,real_interest_rate,2023,arima,14.7478688039364,0.3930147906689321
UGA-single,2018,5,real_interest_rate,2023,prophet,14.7478688039364,3.0620332417557083
UGA-single,2018,5,real_interest_rate,2023,prophet_graph,14.7478688039364,13.075634089077193
UGA-single,2018,5,real_interest_rate,2023,xgb_blind,14.7478688039364,0.3930147906689321
UGA-single,2018,5,real_interest_rate,2023,xgb_graph,14.7478688039364,1.1737992487369393
UGA-single,2018,5,real_interest_rate,2023,lgbm_blind,14.7478688039364,0.3930147906689321
UGA-single,2018,5,real_interest_rate,2023,lgbm_graph,14.7478688039364,1.625938641824483
UGA-single,2018,5,real_interest_rate,2023,tft,14.7478688039364,0.3930147906689321
UGA-single,2018,1,broad_money,2019,persistence,20.5230556458778,1.1059263321211006
UGA-single,2018,1,broad_money,2019,arima,20.5230556458778,0.9176332545191954
UGA-single,2018,1,broad_money,2019,prophet,20.5230556458778,1.1180121908974456
UGA-single,2018,1,broad_money,2019,prophet_graph,20.5230556458778,0.2664968861372934
UGA-single,2018,1,broad_money,2019,xgb_blind,20.5230556458778,0.9176332545191954
UGA-single,2018,1,broad_money,2019,xgb_graph,20.5230556458778,1.1525531739539723
UGA-single,2018,1,broad_money,2019,lgbm_blind,20.5230556458778,0.9176332545191954
UGA-single,2018,1,broad_money,2019,lgbm_graph,20.5230556458778,4.039898998876808
UGA-single,2018,1,broad_money,2019,tft,20.5230556458778,0.9176332545191954
UGA-single,2018,3,broad_money,2021,persistence,22.4880935076946,3.0709641939379004
UGA-single,2018,3,broad_money,2021,arima,22.4880935076946,2.9268246982463637
UGA-single,2018,3,broad_money,2021,prophet,22.4880935076946,0.11849885330401122
UGA-single,2018,3,broad_money,2021,prophet_graph,22.4880935076946,0.14438626125674148
UGA-single,2018,3,broad_money,2021,xgb_blind,22.4880935076946,2.9268246982463637
UGA-single,2018,3,broad_money,2021,xgb_graph,22.4880935076946,2.704335344242452
UGA-single,2018,3,broad_money,2021,lgbm_blind,22.4880935076946,2.9268246982463637
UGA-single,2018,3,broad_money,2021,lgbm_graph,22.4880935076946,5.4398145157019435
UGA-single,2018,3,broad_money,2021,tft,22.4880935076946,2.9268246982463637
UGA-single,2018,5,broad_money,2023,persistence,21.6816047396201,2.264475425863399
UGA-single,2018,5,broad_money,2023,arima,21.6816047396201,2.126560819999966
UGA-single,2018,5,broad_money,2023,prophet,21.6816047396201,1.415520115672269
UGA-single,2018,5,broad_money,2023,prophet_graph,21.6816047396201,2.7463957972268744
UGA-single,2018,5,broad_money,2023,xgb_blind,21.6816047396201,2.126560819999966
UGA-single,2018,5,broad_money,2023,xgb_graph,21.6816047396201,5.653160449458966
UGA-single,2018,5,broad_money,2023,lgbm_blind,21.6816047396201,2.126560819999966
UGA-single,2018,5,broad_money,2023,lgbm_graph,21.6816047396201,4.19280302186192
UGA-single,2018,5,broad_money,2023,tft,21.6816047396201,2.126560819999966
UGA-single,2018,1,govt_consumption,2019,persistence,8.77456131212774,0.1384885821478612
UGA-single,2018,1,govt_consumption,2019,arima,8.77456131212774,0.26788020045539973
UGA-single,2018,1,govt_consumption,2019,prophet,8.77456131212774,0.7139084762873367
UGA-single,2018,1,govt_consumption,2019,prophet_graph,8.77456131212774,1.0115400638337526
UGA-single,2018,1,govt_consumption,2019,xgb_blind,8.77456131212774,0.26788020045539973
UGA-single,2018,1,govt_consumption,2019,xgb_graph,8.77456131212774,0.026146318841608007
UGA-single,2018,1,govt_consumption,2019,lgbm_blind,8.77456131212774,0.26788020045539973
UGA-single,2018,1,govt_consumption,2019,lgbm_graph,8.77456131212774,2.578654688837922
UGA-single,2018,1,govt_consumption,2019,tft,8.77456131212774,0.26788020045539973
UGA-single,2018,3,govt_consumption,2021,persistence,9.93159612659213,1.29552339661225
UGA-single,2018,3,govt_consumption,2021,arima,9.93159612659213,1.403714294459343
UGA-single,2018,3,govt_consumption,2021,prophet,9.93159612659213,0.6740316083574349
UGA-single,2018,3,govt_consumption,2021,prophet_graph,9.93159612659213,1.18320585878174
UGA-single,2018,3,govt_consumption,2021,xgb_blind,9.93159612659213,1.403714294459343
UGA-single,2018,3,govt_consumption,2021,xgb_graph,9.93159612659213,1.5985864067434967
UGA-single,2018,3,govt_consumption,2021,lgbm_blind,9.93159612659213,1.403714294459343
UGA-single,2018,3,govt_consumption,2021,lgbm_graph,9.93159612659213,1.5835183642103416
UGA-single,2018,3,govt_consumption,2021,tft,9.93159612659213,1.403714294459343
UGA-single,2018,5,govt_consumption,2023,persistence,9.56616058785446,0.9300878578745806
UGA-single,2018,5,govt_consumption,2023,arima,9.56616058785446,1.0373748359836839
UGA-single,2018,5,govt_consumption,2023,prophet,9.56616058785446,0.5391854639175495
UGA-single,2018,5,govt_consumption,2023,prophet_graph,9.56616058785446,0.1662507254374308
UGA-single,2018,5,govt_consumption,2023,xgb_blind,9.56616058785446,1.0373748359836839
UGA-single,2018,5,govt_consumption,2023,xgb_graph,9.56616058785446,1.1645711942387376
UGA-single,2018,5,govt_consumption,2023,lgbm_blind,9.56616058785446,1.0373748359836839
UGA-single,2018,5,govt_consumption,2023,lgbm_graph,9.56616058785446,1.9545571124680094
UGA-single,2018,5,govt_consumption,2023,tft,9.56616058785446,1.0373748359836839
UGA-single,2019,1,gdp_growth,2020,persistence,2.95130642218098,3.48743861058341
UGA-single,2019,1,gdp_growth,2020,arima,2.95130642218098,3.4314884043245306
UGA-single,2019,1,gdp_growth,2020,prophet,2.95130642218098,2.712631040198685
UGA-single,2019,1,gdp_growth,2020,prophet_graph,2.95130642218098,2.712631040198685
UGA-single,2019,1,gdp_growth,2020,xgb_blind,2.95130642218098,3.4314884043245306
UGA-single,2019,1,gdp_growth,2020,xgb_graph,2.95130642218098,3.4314884043245306
UGA-single,2019,1,gdp_growth,2020,lgbm_blind,2.95130642218098,3.4314884043245306
UGA-single,2019,1,gdp_growth,2020,lgbm_graph,2.95130642218098,3.4314884043245306
UGA-single,2019,1,gdp_growth,2020,tft,2.95130642218098,3.4314884043245306
UGA-single,2019,3,gdp_growth,2022,persistence,4.58802192181773,1.8507231109466602
UGA-single,2019,3,gdp_growth,2022,arima,4.58802192181773,1.8083561727964135
UGA-single,2019,3,gdp_growth,2022,prophet,4.58802192181773,0.9739697129378486
UGA-single,2019,3,gdp_growth,2022,prophet_graph,4.58802192181773,0.9739697129378486
UGA-single,2019,3,gdp_growth,2022,xgb_blind,4.58802192181773,1.8083561727964135
UGA-single,2019,3,gdp_growth,2022,xgb_graph,4.58802192181773,1.8083561727964135
UGA-single,2019,3,gdp_growth,2022,lgbm_blind,4.58802192181773,1.8083561727964135
UGA-single,2019,3,gdp_growth,2022,lgbm_graph,4.58802192181773,1.8083561727964135
UGA-single,2019,3,gdp_growth,2022,tft,4.58802192181773,1.8083561727964135
UGA-single,2019,1,unemployment,2020,persistence,3.819,0.762
UGA-single,2019,1,unemployment,2020,arima,3.819,0.7763270125745927
UGA-single,2019,1,unemployment,2020,prophet,3.819,0.9713752383074463
UGA-single,2019,1,unemployment,2020,prophet_graph,3.819,0.8070734133273754
UGA-single,2019,1,unemployment,2020,xgb_blind,3.819,0.7763270125745927
UGA-single,2019,1,unemployment,2020,xgb_graph,3.819,0.7068924846649169
UGA-single,2019,1,unemployment,2020,lgbm_blind,3.819,0.7763270125745927
UGA-single,2019,1,unemployment,2020,lgbm_graph,3.819,0.6776206929437043
UGA-single,2019,1,unemployment,2020,tft,3.819,0.7763270125745927
UGA-single,2019,3,unemployment,2022,persistence,2.885,0.17200000000000015
UGA-single,2019,3,unemployment,2022,arima,2.885,0.15652413322415182
UGA-single,2019,3,unemployment,2022,prophet,2.885,0.0765999184347268
UGA-single,2019,3,unemployment,2022,prophet_graph,2.885,0.1112347249527037
UGA-single,2019,3,unemployment,2022,xgb_blind,2.885,0.15652413322415182
UGA-single,2019,3,unemployment,2022,xgb_graph,2.885,0.310675849914551
UGA-single,2019,3,unemployment,2022,lgbm_blind,2.885,0.15652413322415182
UGA-single,2019,3,unemployment,2022,lgbm_graph,2.885,0.2297777769300673
UGA-single,2019,3,unemployment,2022,tft,2.885,0.15652413322415182
UGA-single,2019,1,exports_gdp,2020,persistence,15.4147985397289,1.6942594770093997
UGA-single,2019,1,exports_gdp,2020,arima,15.4147985397289,1.4635363541459974
UGA-single,2019,1,exports_gdp,2020,prophet,15.4147985397289,2.2265103015536916
UGA-single,2019,1,exports_gdp,2020,prophet_graph,15.4147985397289,3.897465508080799
UGA-single,2019,1,exports_gdp,2020,xgb_blind,15.4147985397289,1.4635363541459974
UGA-single,2019,1,exports_gdp,2020,xgb_graph,15.4147985397289,0.957473951726179
UGA-single,2019,1,exports_gdp,2020,lgbm_blind,15.4147985397289,1.4635363541459974
UGA-single,2019,1,exports_gdp,2020,lgbm_graph,15.4147985397289,2.1262816565365075
UGA-single,2019,1,exports_gdp,2020,tft,15.4147985397289,1.4635363541459974
UGA-single,2019,3,exports_gdp,2022,persistence,12.0219954333331,5.087062583405199
UGA-single,2019,3,exports_gdp,2022,arima,12.0219954333331,4.879662316635791
UGA-single,2019,3,exports_gdp,2022,prophet,12.0219954333331,6.207744317528384
UGA-single,2019,3,exports_gdp,2022,prophet_graph,12.0219954333331,7.812681333804935
UGA-single,2019,3,exports_gdp,2022,xgb_blind,12.0219954333331,4.879662316635791
UGA-single,2019,3,exports_gdp,2022,xgb_graph,12.0219954333331,3.637004963395416
UGA-single,2019,3,exports_gdp,2022,lgbm_blind,12.0219954333331,4.879662316635791
UGA-single,2019,3,exports_gdp,2022,lgbm_graph,12.0219954333331,1.6499108966342586
UGA-single,2019,3,exports_gdp,2022,tft,12.0219954333331,4.879662316635791
UGA-single,2019,1,imports_gdp,2020,persistence,21.585893851908,0.6661020960971982
UGA-single,2019,1,imports_gdp,2020,arima,21.585893851908,0.5406662406021283
UGA-single,2019,1,imports_gdp,2020,prophet,21.585893851908,3.658738071145578
UGA-single,2019,1,imports_gdp,2020,prophet_graph,21.585893851908,0.767067588209418
UGA-single,2019,1,imports_gdp,2020,xgb_blind,21.585893851908,0.5406662406021283
UGA-single,2019,1,imports_gdp,2020,xgb_graph,21.585893851908,0.8512094195763744
UGA-single,2019,1,imports_gdp,2020,lgbm_blind,21.585893851908,0.5406662406021283
UGA-single,2019,1,imports_gdp,2020,lgbm_graph,21.585893851908,2.307811910757845
UGA-single,2019,1,imports_gdp,2020,tft,21.585893851908,0.5406662406021283
UGA-single,2019,3,imports_gdp,2022,persistence,22.4833064937607,0.2313105457555018
UGA-single,2019,3,imports_gdp,2022,arima,22.4833064937607,0.33831009597277273
UGA-single,2019,3,imports_gdp,2022,prophet,22.4833064937607,2.9553455943221536
UGA-single,2019,3,imports_gdp,2022,prophet_graph,22.4833064937607,3.614086968824715
UGA-single,2019,3,imports_gdp,2022,xgb_blind,22.4833064937607,0.33831009597277273
UGA-single,2019,3,imports_gdp,2022,xgb_graph,22.4833064937607,2.4360965824111744
UGA-single,2019,3,imports_gdp,2022,lgbm_blind,22.4833064937607,0.33831009597277273
UGA-single,2019,3,imports_gdp,2022,lgbm_graph,22.4833064937607,1.468124639368277
UGA-single,2019,3,imports_gdp,2022,tft,22.4833064937607,0.33831009597277273
UGA-single,2019,1,current_account,2020,persistence,-9.56958764500258,2.12539690886591
UGA-single,2019,1,current_account,2020,arima,-9.56958764500258,2.2455328019339147
UGA-single,2019,1,current_account,2020,prophet,-9.56958764500258,4.089351814674027
UGA-single,2019,1,current_account,2020,prophet_graph,-9.56958764500258,1.4153880583355694
UGA-single,2019,1,current_account,2020,xgb_blind,-9.56958764500258,2.2455328019339147
UGA-single,2019,1,current_account,2020,xgb_graph,-9.56958764500258,3.9922985405409097
UGA-single,2019,1,current_account,2020,lgbm_blind,-9.56958764500258,2.2455328019339147
UGA-single,2019,1,current_account,2020,lgbm_graph,-9.56958764500258,4.909517012899905
UGA-single,2019,1,current_account,2020,tft,-9.56958764500258,2.2455328019339147
UGA-single,2019,3,current_account,2022,persistence,-8.91897823001288,1.474787493876211
UGA-single,2019,3,current_account,2022,arima,-8.91897823001288,1.5833681024102662
UGA-single,2019,3,current_account,2022,prophet,-8.91897823001288,3.3390543610398042
UGA-single,2019,3,current_account,2022,prophet_graph,-8.91897823001288,1.2137887499580007
UGA-single,2019,3,current_account,2022,xgb_blind,-8.91897823001288,1.5833681024102662
UGA-single,2019,3,current_account,2022,xgb_graph,-8.91897823001288,1.8817248501911035
UGA-single,2019,3,current_account,2022,lgbm_blind,-8.91897823001288,1.5833681024102662
UGA-single,2019,3,current_account,2022,lgbm_graph,-8.91897823001288,4.232106366870121
UGA-single,2019,3,current_account,2022,tft,-8.91897823001288,1.5833681024102662
UGA-single,2019,1,real_interest_rate,2020,persistence,14.7478688039364,0.0
UGA-single,2019,1,real_interest_rate,2020,arima,14.7478688039364,1.7763568394002505e-15
UGA-single,2019,1,real_interest_rate,2020,prophet,14.7478688039364,1.7850428539572203
UGA-single,2019,1,real_interest_rate,2020,prophet_graph,14.7478688039364,3.330886218512644
UGA-single,2019,1,real_interest_rate,2020,xgb_blind,14.7478688039364,1.7763568394002505e-15
UGA-single,2019,1,real_interest_rate,2020,xgb_graph,14.7478688039364,0.4977534093441154
UGA-single,2019,1,real_interest_rate,2020,lgbm_blind,14.7478688039364,1.7763568394002505e-15
UGA-single,2019,1,real_interest_rate,2020,lgbm_graph,14.7478688039364,2.984177378612914
UGA-single,2019,1,real_interest_rate,2020,tft,14.7478688039364,1.7763568394002505e-15
UGA-single,2019,3,real_interest_rate,2022,persistence,14.7478688039364,0.0
UGA-single,2019,3,real_interest_rate,2022,arima,14.7478688039364,1.7763568394002505e-15
UGA-single,2019,3,real_interest_rate,2022,prophet,14.7478688039364,2.4684364308190414
UGA-single,2019,3,real_interest_rate,2022,prophet_graph,14.7478688039364,3.4816889029097116
UGA-single,2019,3,real_interest_rate,2022,xgb_blind,14.7478688039364,1.7763568394002505e-15
UGA-single,2019,3,real_interest_rate,2022,xgb_graph,14.7478688039364,41.10321166892663
UGA-single,2019,3,real_interest_rate,2022,lgbm_blind,14.7478688039364,1.7763568394002505e-15
UGA-single,2019,3,real_interest_rate,2022,lgbm_graph,14.7478688039364,2.207505138956112
UGA-single,2019,3,real_interest_rate,2022,tft,14.7478688039364,1.7763568394002505e-15
UGA-single,2019,1,broad_money,2020,persistence,22.731371239225,2.208315593347198
UGA-single,2019,1,broad_money,2020,arima,22.731371239225,2.627298582586331
UGA-single,2019,1,broad_money,2020,prophet,22.731371239225,0.8922822656250737
UGA-single,2019,1,broad_money,2020,prophet_graph,22.731371239225,1.3393315276297244
UGA-single,2019,1,broad_money,2020,xgb_blind,22.731371239225,2.627298582586331
UGA-single,2019,1,broad_money,2020,xgb_graph,22.731371239225,2.0923102651039045
UGA-single,2019,1,broad_money,2020,lgbm_blind,22.731371239225,2.627298582586331
UGA-single,2019,1,broad_money,2020,lgbm_graph,22.731371239225,6.108907716938749
UGA-single,2019,1,broad_money,2020,tft,22.731371239225,2.627298582586331
UGA-single,2019,3,broad_money,2022,persistence,22.0303983664876,1.507342720609799
UGA-single,2019,3,broad_money,2022,arima,22.0303983664876,1.8277292541228682
UGA-single,2019,3,broad_money,2022,prophet,22.0303983664876,0.5206047061554884
UGA-single,2019,3,broad_money,2022,prophet_graph,22.0303983664876,1.4710803617230575
UGA-single,2019,3,broad_money,2022,xgb_blind,22.0303983664876,1.8277292541228682
UGA-single,2019,3,broad_money,2022,xgb_graph,22.0303983664876,3.545222280061818
UGA-single,2019,3,broad_money,2022,lgbm_blind,22.0303983664876,1.8277292541228682
UGA-single,2019,3,broad_money,2022,lgbm_graph,22.0303983664876,4.85342392863269
UGA-single,2019,3,broad_money,2022,tft,22.0303983664876,1.8277292541228682
UGA-single,2019,1,govt_consumption,2020,persistence,9.51141446504173,0.736853152913989
UGA-single,2019,1,govt_consumption,2020,arima,9.51141446504173,0.7653454461162177
UGA-single,2019,1,govt_consumption,2020,prophet,9.51141446504173,0.21540358311762198
UGA-single,2019,1,govt_consumption,2020,prophet_graph,9.51141446504173,1.3567266928461663
UGA-single,2019,1,govt_consumption,2020,xgb_blind,9.51141446504173,0.7653454461162177
UGA-single,2019,1,govt_consumption,2020,xgb_graph,9.51141446504173,0.7860736218410462
UGA-single,2019,1,govt_consumption,2020,lgbm_blind,9.51141446504173,0.7653454461162177
UGA-single,2019,1,govt_consumption,2020,lgbm_graph,9.51141446504173,1.7528823954887294
UGA-single,2019,1,govt_consumption,2020,tft,9.51141446504173,0.7653454461162177
UGA-single,2019,3,govt_consumption,2022,persistence,9.78726680444974,1.0127054923219987
UGA-single,2019,3,govt_consumption,2022,arima,9.78726680444974,1.0365418720053299
UGA-single,2019,3,govt_consumption,2022,prophet,9.78726680444974,0.7291989683457416
UGA-single,2019,3,govt_consumption,2022,prophet_graph,9.78726680444974,0.6965827324472986
UGA-single,2019,3,govt_consumption,2022,xgb_blind,9.78726680444974,1.0365418720053299
UGA-single,2019,3,govt_consumption,2022,xgb_graph,9.78726680444974,1.2814055221011067
UGA-single,2019,3,govt_consumption,2022,lgbm_blind,9.78726680444974,1.0365418720053299
UGA-single,2019,3,govt_consumption,2022,lgbm_graph,9.78726680444974,1.626345702558
UGA-single,2019,3,govt_consumption,2022,tft,9.78726680444974,1.0365418720053299
UGA-single,2020,1,gdp_growth,2021,persistence,3.53658034070898,0.5852739185279998
UGA-single,2020,1,gdp_growth,2021,arima,3.53658034070898,0.8674553810834809
UGA-single,2020,1,gdp_growth,2021,prophet,3.53658034070898,1.7278348085561204
UGA-single,2020,1,gdp_growth,2021,prophet_graph,3.53658034070898,1.7278348085561204
UGA-single,2020,1,gdp_growth,2021,xgb_blind,3.53658034070898,0.8674553810834809
UGA-single,2020,1,gdp_growth,2021,xgb_graph,3.53658034070898,0.8674553810834809
UGA-single,2020,1,gdp_growth,2021,lgbm_blind,3.53658034070898,0.8674553810834809
UGA-single,2020,1,gdp_growth,2021,lgbm_graph,3.53658034070898,0.8674553810834809
UGA-single,2020,1,gdp_growth,2021,tft,3.53658034070898,0.8674553810834809
UGA-single,2020,3,gdp_growth,2023,persistence,5.33697295511469,2.3856665329337097
UGA-single,2020,3,gdp_growth,2023,arima,5.33697295511469,1.286005447615553
UGA-single,2020,3,gdp_growth,2023,prophet,5.33697295511469,0.206972279824436
UGA-single,2020,3,gdp_growth,2023,prophet_graph,5.33697295511469,0.206972279824436
UGA-single,2020,3,gdp_growth,2023,xgb_blind,5.33697295511469,1.286005447615553
UGA-single,2020,3,gdp_growth,2023,xgb_graph,5.33697295511469,1.286005447615553
UGA-single,2020,3,gdp_growth,2023,lgbm_blind,5.33697295511469,1.286005447615553
UGA-single,2020,3,gdp_growth,2023,lgbm_graph,5.33697295511469,1.286005447615553
UGA-single,2020,3,gdp_growth,2023,tft,5.33697295511469,1.286005447615553
UGA-single,2020,1,unemployment,2021,persistence,3.416,0.403
UGA-single,2020,1,unemployment,2021,arima,3.416,0.4405668581336948
UGA-single,2020,1,unemployment,2021,prophet,3.416,0.46230772807654796
UGA-single,2020,1,unemployment,2021,prophet_graph,3.416,0.029832253535996056
UGA-single,2020,1,unemployment,2021,xgb_blind,3.416,0.4405668581336948
UGA-single,2020,1,unemployment,2021,xgb_graph,3.416,0.15195380783081047
UGA-single,2020,1,unemployment,2021,lgbm_blind,3.416,0.4405668581336948
UGA-single,2020,1,unemployment,2021,lgbm_graph,3.416,0.2520333363215128
UGA-single,2020,1,unemployment,2021,tft,3.416,0.4405668581336948
UGA-single,2020,3,unemployment,2023,persistence,2.754,1.065
UGA-single,2020,3,unemployment,2023,arima,2.754,1.1045102240935858
UGA-single,2020,3,unemployment,2023,prophet,2.754,0.17228950903489348
UGA-single,2020,3,unemployment,2023,prophet_graph,2.754,0.7060941240302903
UGA-single,2020,3,unemployment,2023,xgb_blind,2.754,1.1045102240935858
UGA-single,2020,3,unemployment,2023,xgb_graph,2.754,0.6370260200500488
UGA-single,2020,3,unemployment,2023,lgbm_blind,2.754,1.1045102240935858
UGA-single,2020,3,unemployment,2023,lgbm_graph,2.754,0.38592857081549514
UGA-single,2020,3,unemployment,2023,tft,2.754,1.1045102240935858
UGA-single,2020,1,exports_gdp,2021,persistence,15.7810081695276,0.36620962979870164
UGA-single,2020,1,exports_gdp,2021,arima,15.7810081695276,0.14880530489296184
UGA-single,2020,1,exports_gdp,2021,prophet,15.7810081695276,1.891273497618469
UGA-single,2020,1,exports_gdp,2021,prophet_graph,15.7810081695276,0.5504064961623794
UGA-single,2020,1,exports_gdp,2021,xgb_blind,15.7810081695276,0.14880530489296184
UGA-single,2020,1,exports_gdp,2021,xgb_graph,15.7810081695276,3.7600265289587274
UGA-single,2020,1,exports_gdp,2021,lgbm_blind,15.7810081695276,0.14880530489296184
UGA-single,2020,1,exports_gdp,2021,lgbm_graph,15.7810081695276,2.4216152245558806
UGA-single,2020,1,exports_gdp,2021,tft,15.7810081695276,0.14880530489296184
UGA-single,2020,3,exports_gdp,2023,persistence,11.6017089255499,3.813089614178999
UGA-single,2020,3,exports_gdp,2023,arima,11.6017089255499,4.006176691639423
UGA-single,2020,3,exports_gdp,2023,prophet,11.6017089255499,6.634136492180669
UGA-single,2020,3,exports_gdp,2023,prophet_graph,11.6017089255499,4.150457765647094
UGA-single,2020,3,exports_gdp,2023,xgb_blind,11.6017089255499,4.006176691639423
UGA-single,2020,3,exports_gdp,2023,xgb_graph,11.6017089255499,3.0929474465204123
UGA-single,2020,3,exports_gdp,2023,lgbm_blind,11.6017089255499,4.006176691639423
UGA-single,2020,3,exports_gdp,2023,lgbm_graph,11.6017089255499,2.1324435617962045
UGA-single,2020,3,exports_gdp,2023,tft,11.6017089255499,4.006176691639423
UGA-single,2020,1,imports_gdp,2021,persistence,25.9326225729506,4.346728721042599
UGA-single,2020,1,imports_gdp,2021,arima,25.9326225729506,4.226171789408458
UGA-single,2020,1,imports_gdp,2021,prophet,25.9326225729506,1.0375850670181528
UGA-single,2020,1,imports_gdp,2021,prophet_graph,25.9326225729506,5.02811764764774
UGA-single,2020,1,imports_gdp,2021,xgb_blind,25.9326225729506,4.226171789408458
UGA-single,2020,1,imports_gdp,2021,xgb_graph,25.9326225729506,1.729114195875404
UGA-single,2020,1,imports_gdp,2021,lgbm_blind,25.9326225729506,4.226171789408458
UGA-single,2020,1,imports_gdp,2021,lgbm_graph,25.9326225729506,2.115843881340897
UGA-single,2020,1,imports_gdp,2021,tft,25.9326225729506,4.226171789408458
UGA-single,2020,3,imports_gdp,2023,persistence,21.739987404672,0.1540935527639995
UGA-single,2020,3,imports_gdp,2023,arima,21.739987404672,0.051406988557292976
UGA-single,2020,3,imports_gdp,2023,prophet,21.739987404672,3.306295816294753
UGA-single,2020,3,imports_gdp,2023,prophet_graph,21.739987404672,2.8028470966608126
UGA-single,2020,3,imports_gdp,2023,xgb_blind,21.739987404672,0.051406988557292976
UGA-single,2020,3,imports_gdp,2023,xgb_graph,21.739987404672,0.550955741079953
UGA-single,2020,3,imports_gdp,2023,lgbm_blind,21.739987404672,0.051406988557292976
UGA-single,2020,3,imports_gdp,2023,lgbm_graph,21.739987404672,2.1269602462374237
UGA-single,2020,3,imports_gdp,2023,tft,21.739987404672,0.051406988557292976
UGA-single,2020,1,current_account,2021,persistence,-8.8944875833578,0.6751000616447804
UGA-single,2020,1,current_account,2021,arima,-8.8944875833578,0.4989207442352992
UGA-single,2020,1,current_account,2021,prophet,-8.8944875833578,2.8391578428548723
UGA-single,2020,1,current_account,2021,prophet_graph,-8.8944875833578,2.1265667988841734
UGA-single,2020,1,current_account,2021,xgb_blind,-8.8944875833578,0.4989207442352992
UGA-single,2020,1,current_account,2021,xgb_graph,-8.8944875833578,2.4592182275838734
UGA-single,2020,1,current_account,2021,lgbm_blind,-8.8944875833578,0.4989207442352992
UGA-single,2020,1,current_account,2021,lgbm_graph,-8.8944875833578,4.070766382074563
UGA-single,2020,1,current_account,2021,tft,-8.8944875833578,0.4989207442352992
UGA-single,2020,3,current_account,2023,persistence,-7.43279149697522,2.1367961480273596
UGA-single,2020,3,current_account,2023,arima,-7.43279149697522,1.9740102071664118
UGA-single,2020,3,current_account,2023,prophet,-7.43279149697522,1.2288972380090248
UGA-single,2020,3,current_account,2023,prophet_graph,-7.43279149697522,1.0415506103675352
UGA-single,2020,3,current_account,2023,xgb_blind,-7.43279149697522,1.9740102071664118
UGA-single,2020,3,current_account,2023,xgb_graph,-7.43279149697522,0.847152020199097
UGA-single,2020,3,current_account,2023,lgbm_blind,-7.43279149697522,1.9740102071664118
UGA-single,2020,3,current_account,2023,lgbm_graph,-7.43279149697522,2.571536925104718
UGA-single,2020,3,current_account,2023,tft,-7.43279149697522,1.9740102071664118
UGA-single,2020,1,real_interest_rate,2021,persistence,14.7478688039364,0.0
UGA-single,2020,1,real_interest_rate,2021,arima,14.7478688039364,0.0
UGA-single,2020,1,real_interest_rate,2021,prophet,14.7478688039364,1.8966919242526448
UGA-single,2020,1,real_interest_rate,2021,prophet_graph,14.7478688039364,8.208875977994294
UGA-single,2020,1,real_interest_rate,2021,xgb_blind,14.7478688039364,0.0
UGA-single,2020,1,real_interest_rate,2021,xgb_graph,14.7478688039364,6.084937361675658
UGA-single,2020,1,real_interest_rate,2021,lgbm_blind,14.7478688039364,0.0
UGA-single,2020,1,real_interest_rate,2021,lgbm_graph,14.7478688039364,2.884704808193602
UGA-single,2020,1,real_interest_rate,2021,tft,14.7478688039364,0.0
UGA-single,2020,3,real_interest_rate,2023,persistence,14.7478688039364,0.0
UGA-single,2020,3,real_interest_rate,2023,arima,14.7478688039364,0.0
UGA-single,2020,3,real_interest_rate,2023,prophet,14.7478688039364,2.5576845342161274
UGA-single,2020,3,real_interest_rate,2023,prophet_graph,14.7478688039364,2.438709465854151
UGA-single,2020,3,real_interest_rate,2023,xgb_blind,14.7478688039364,0.0
UGA-single,2020,3,real_interest_rate,2023,xgb_graph,14.7478688039364,0.8523571767391349
UGA-single,2020,3,real_interest_rate,2023,lgbm_blind,14.7478688039364,0.0
UGA-single,2020,3,real_interest_rate,2023,lgbm_graph,14.7478688039364,2.128665679208879
UGA-single,2020,3,real_interest_rate,2023,tft,14.7478688039364,0.0
UGA-single,2020,1,broad_money,2021,persistence,22.4880935076946,0.243277731530398
UGA-single,2020,1,broad_money,2021,arima,22.4880935076946,0.5510721392900564
UGA-single,2020,1,broad_money,2021,prophet,22.4880935076946,0.15274186784145982
UGA-single,2020,1,broad_money,2021,prophet_graph,22.4880935076946,0.39564973868533215
UGA-single,2020,1,broad_money,2021,xgb_blind,22.4880935076946,0.5510721392900564
UGA-single,2020,1,broad_money,2021,xgb_graph,22.4880935076946,2.33606828491628
UGA-single,2020,1,broad_money,2021,lgbm_blind,22.4880935076946,0.5510721392900564
UGA-single,2020,1,broad_money,2021,lgbm_graph,22.4880935076946,5.6619997386211125
UGA-single,2020,1,broad_money,2021,tft,22.4880935076946,0.5510721392900564
UGA-single,2020,3,broad_money,2023,persistence,21.6816047396201,1.0497664996048996
UGA-single,2020,3,broad_money,2023,arima,21.6816047396201,0.4383699347909804
UGA-single,2020,3,broad_money,2023,prophet,21.6816047396201,1.3818158954065716
UGA-single,2020,3,broad_money,2023,prophet_graph,21.6816047396201,2.6643671031905534
UGA-single,2020,3,broad_money,2023,xgb_blind,21.6816047396201,0.4383699347909804
UGA-single,2020,3,broad_money,2023,xgb_graph,21.6816047396201,0.24311602454005765
UGA-single,2020,3,broad_money,2023,lgbm_blind,21.6816047396201,0.4383699347909804
UGA-single,2020,3,broad_money,2023,lgbm_graph,21.6816047396201,4.306258998620603
UGA-single,2020,3,broad_money,2023,tft,21.6816047396201,0.4383699347909804
UGA-single,2020,1,govt_consumption,2021,persistence,9.93159612659213,0.4201816615503997
UGA-single,2020,1,govt_consumption,2021,arima,9.93159612659213,0.571469219088371
UGA-single,2020,1,govt_consumption,2021,prophet,9.93159612659213,0.7282309112754852
UGA-single,2020,1,govt_consumption,2021,prophet_graph,9.93159612659213,1.4481958733103255
UGA-single,2020,1,govt_consumption,2021,xgb_blind,9.93159612659213,0.571469219088371
UGA-single,2020,1,govt_consumption,2021,xgb_graph,9.93159612659213,0.7063716316580475
UGA-single,2020,1,govt_consumption,2021,lgbm_blind,9.93159612659213,0.571469219088371
UGA-single,2020,1,govt_consumption,2021,lgbm_graph,9.93159612659213,1.2742713228504154
UGA-single,2020,1,govt_consumption,2021,tft,9.93159612659213,0.571469219088371
UGA-single,2020,3,govt_consumption,2023,persistence,9.56616058785446,0.05474612281273039
UGA-single,2020,3,govt_consumption,2023,arima,9.56616058785446,0.18134942202999937
UGA-single,2020,3,govt_consumption,2023,prophet,9.56616058785446,0.5979505480156746
UGA-single,2020,3,govt_consumption,2023,prophet_graph,9.56616058785446,0.31402899285528996
UGA-single,2020,3,govt_consumption,2023,xgb_blind,9.56616058785446,0.18134942202999937
UGA-single,2020,3,govt_consumption,2023,xgb_graph,9.56616058785446,0.088932605199739
UGA-single,2020,3,govt_consumption,2023,lgbm_blind,9.56616058785446,0.18134942202999937
UGA-single,2020,3,govt_consumption,2023,lgbm_graph,9.56616058785446,1.7795162770420418
UGA-single,2020,3,govt_consumption,2023,tft,9.56616058785446,0.18134942202999937
UGA-single,2021,1,gdp_growth,2022,persistence,4.58802192181773,1.05144158110875
UGA-single,2021,1,gdp_growth,2022,arima,4.58802192181773,1.2883948383578607
UGA-single,2021,1,gdp_growth,2022,prophet,4.58802192181773,0.3906828555279329
UGA-single,2021,1,gdp_growth,2022,prophet_graph,4.58802192181773,0.3906828555279329
UGA-single,2021,1,gdp_growth,2022,xgb_blind,4.58802192181773,1.2883948383578607
UGA-single,2021,1,gdp_growth,2022,xgb_graph,4.58802192181773,1.2883948383578607
UGA-single,2021,1,gdp_growth,2022,lgbm_blind,4.58802192181773,1.2883948383578607
UGA-single,2021,1,gdp_growth,2022,lgbm_graph,4.58802192181773,1.2883948383578607
UGA-single,2021,1,gdp_growth,2022,tft,4.58802192181773,1.2883948383578607
UGA-single,2021,1,unemployment,2022,persistence,2.885,0.5310000000000001
UGA-single,2021,1,unemployment,2022,arima,2.885,0.5319582982522273
UGA-single,2021,1,unemployment,2022,prophet,2.885,0.1122078793515513
UGA-single,2021,1,unemployment,2022,prophet_graph,2.885,0.4282612646112396
UGA-single,2021,1,unemployment,2022,xgb_blind,2.885,0.5319582982522273
UGA-single,2021,1,unemployment,2022,xgb_graph,2.885,0.3196465873718264
UGA-single,2021,1,unemployment,2022,lgbm_blind,2.885,0.5319582982522273
UGA-single,2021,1,unemployment,2022,lgbm_graph,2.885,0.2870967677331744
UGA-single,2021,1,unemployment,2022,tft,2.885,0.5319582982522273
UGA-single,2021,1,exports_gdp,2022,persistence,12.0219954333331,3.759012736194501
UGA-single,2021,1,exports_gdp,2022,arima,12.0219954333331,3.7115377731318
UGA-single,2021,1,exports_gdp,2022,prophet,12.0219954333331,5.685182549046292
UGA-single,2021,1,exports_gdp,2022,prophet_graph,12.0219954333331,4.984746163820283
UGA-single,2021,1,exports_gdp,2022,xgb_blind,12.0219954333331,3.7115377731318
UGA-single,2021,1,exports_gdp,2022,xgb_graph,12.0219954333331,4.225423923966705
UGA-single,2021,1,exports_gdp,2022,lgbm_blind,12.0219954333331,3.7115377731318
UGA-single,2021,1,exports_gdp,2022,lgbm_graph,12.0219954333331,1.4155141187919078
UGA-single,2021,1,exports_gdp,2022,tft,12.0219954333331,3.7115377731318
UGA-single,2021,1,imports_gdp,2022,persistence,22.4833064937607,3.4493160791898987
UGA-single,2021,1,imports_gdp,2022,arima,22.4833064937607,2.6072363219642973
UGA-single,2021,1,imports_gdp,2022,prophet,22.4833064937607,2.6177506756546123
UGA-single,2021,1,imports_gdp,2022,prophet_graph,22.4833064937607,1.5113749411688602
UGA-single,2021,1,imports_gdp,2022,xgb_blind,22.4833064937607,2.6072363219642973
UGA-single,2021,1,imports_gdp,2022,xgb_graph,22.4833064937607,1.8527607059463307
UGA-single,2021,1,imports_gdp,2022,lgbm_blind,22.4833064937607,2.6072363219642973
UGA-single,2021,1,imports_gdp,2022,lgbm_graph,22.4833064937607,1.4017252371372635
UGA-single,2021,1,imports_gdp,2022,tft,22.4833064937607,2.6072363219642973
UGA-single,2021,1,current_account,2022,persistence,-8.91897823001288,0.024490646655081605
UGA-single,2021,1,current_account,2022,arima,-8.91897823001288,0.038337713506459536
UGA-single,2021,1,current_account,2022,prophet,-8.91897823001288,2.434497126332557
UGA-single,2021,1,current_account,2022,prophet_graph,-8.91897823001288,0.4756818492270405
UGA-single,2021,1,current_account,2022,xgb_blind,-8.91897823001288,0.038337713506459536
UGA-single,2021,1,current_account,2022,xgb_graph,-8.91897823001288,0.3119044461383691
UGA-single,2021,1,current_account,2022,lgbm_blind,-8.91897823001288,0.038337713506459536
UGA-single,2021,1,current_account,2022,lgbm_graph,-8.91897823001288,3.963941990674863
UGA-single,2021,1,current_account,2022,tft,-8.91897823001288,0.038337713506459536
UGA-single,2021,1,real_interest_rate,2022,persistence,14.7478688039364,0.0
UGA-single,2021,1,real_interest_rate,2022,arima,14.7478688039364,0.0
UGA-single,2021,1,real_interest_rate,2022,prophet,14.7478688039364,1.989380453870714
UGA-single,2021,1,real_interest_rate,2022,prophet_graph,14.7478688039364,3.7400953268149433
UGA-single,2021,1,real_interest_rate,2022,xgb_blind,14.7478688039364,0.0
UGA-single,2021,1,real_interest_rate,2022,xgb_graph,14.7478688039364,1.7553665914119865
UGA-single,2021,1,real_interest_rate,2022,lgbm_blind,14.7478688039364,0.0
UGA-single,2021,1,real_interest_rate,2022,lgbm_graph,14.7478688039364,2.7916498229626345
UGA-single,2021,1,real_interest_rate,2022,tft,14.7478688039364,0.0
UGA-single,2021,1,broad_money,2022,persistence,22.0303983664876,0.45769514120700094
UGA-single,2021,1,broad_money,2022,arima,22.0303983664876,0.5434173167195091
UGA-single,2021,1,broad_money,2022,prophet,22.0303983664876,0.6708285666117462
UGA-single,2021,1,broad_money,2022,prophet_graph,22.0303983664876,1.0100974601953183
UGA-single,2021,1,broad_money,2022,xgb_blind,22.0303983664876,0.5434173167195091
UGA-single,2021,1,broad_money,2022,xgb_graph,22.0303983664876,0.7850961661702165
UGA-single,2021,1,broad_money,2022,lgbm_blind,22.0303983664876,0.5434173167195091
UGA-single,2021,1,broad_money,2022,lgbm_graph,22.0303983664876,5.021659418034741
UGA-single,2021,1,broad_money,2022,tft,22.0303983664876,0.5434173167195091
UGA-single,2021,1,govt_consumption,2022,persistence,9.78726680444974,0.14432932214239003
UGA-single,2021,1,govt_consumption,2022,arima,9.78726680444974,0.05901894486399328
UGA-single,2021,1,govt_consumption,2022,prophet,9.78726680444974,0.6142178839882728
UGA-single,2021,1,govt_consumption,2022,prophet_graph,9.78726680444974,1.1955949830434651
UGA-single,2021,1,govt_consumption,2022,xgb_blind,9.78726680444974,0.05901894486399328
UGA-single,2021,1,govt_consumption,2022,xgb_graph,9.78726680444974,0.011254237420377677
UGA-single,2021,1,govt_consumption,2022,lgbm_blind,9.78726680444974,0.05901894486399328
UGA-single,2021,1,govt_consumption,2022,lgbm_graph,9.78726680444974,1.3774951079884374
UGA-single,2021,1,govt_consumption,2022,tft,9.78726680444974,0.05901894486399328
UGA-single,2022,1,gdp_growth,2023,persistence,5.33697295511469,0.7489510332969598
UGA-single,2022,1,gdp_growth,2023,arima,5.33697295511469,1.1717712583338873
UGA-single,2022,1,gdp_growth,2023,prophet,5.33697295511469,0.48503729559250885
UGA-single,2022,1,gdp_growth,2023,prophet_graph,5.33697295511469,0.48503729559250885
UGA-single,2022,1,gdp_growth,2023,xgb_blind,5.33697295511469,1.1717712583338873
UGA-single,2022,1,gdp_growth,2023,xgb_graph,5.33697295511469,1.1717712583338873
UGA-single,2022,1,gdp_growth,2023,lgbm_blind,5.33697295511469,1.1717712583338873
UGA-single,2022,1,gdp_growth,2023,lgbm_graph,5.33697295511469,1.1717712583338873
UGA-single,2022,1,gdp_growth,2023,tft,5.33697295511469,1.1717712583338873
UGA-single,2022,1,unemployment,2023,persistence,2.754,0.13099999999999978
UGA-single,2022,1,unemployment,2023,arima,2.754,0.11515642665776182
UGA-single,2022,1,unemployment,2023,prophet,2.754,0.22296853189860943
UGA-single,2022,1,unemployment,2023,prophet_graph,2.754,0.611931483009502
UGA-single,2022,1,unemployment,2023,xgb_blind,2.754,0.11515642665776182
UGA-single,2022,1,unemployment,2023,xgb_graph,2.754,0.8138262710571289
UGA-single,2022,1,unemployment,2023,lgbm_blind,2.754,0.11515642665776182
UGA-single,2022,1,unemployment,2023,lgbm_graph,2.754,0.40912499344348907
UGA-single,2022,1,unemployment,2023,tft,2.754,0.11515642665776182
UGA-single,2022,1,exports_gdp,2023,persistence,11.6017089255499,0.4202865077831994
UGA-single,2022,1,exports_gdp,2023,arima,11.6017089255499,0.9311063957046315
UGA-single,2022,1,exports_gdp,2023,prophet,11.6017089255499,5.699348614294276
UGA-single,2022,1,exports_gdp,2023,prophet_graph,11.6017089255499,3.243374248068701
UGA-single,2022,1,exports_gdp,2023,xgb_blind,11.6017089255499,0.9311063957046315
UGA-single,2022,1,exports_gdp,2023,xgb_graph,11.6017089255499,0.9192127816034201
UGA-single,2022,1,exports_gdp,2023,lgbm_blind,11.6017089255499,0.9311063957046315
UGA-single,2022,1,exports_gdp,2023,lgbm_graph,11.6017089255499,1.791565813834751
UGA-single,2022,1,exports_gdp,2023,tft,11.6017089255499,0.9311063957046315
UGA-single,2022,1,imports_gdp,2023,persistence,21.739987404672,0.7433190890887005
UGA-single,2022,1,imports_gdp,2023,arima,21.739987404672,1.5779951228108082
UGA-single,2022,1,imports_gdp,2023,prophet,21.739987404672,3.132797766146304
UGA-single,2022,1,imports_gdp,2023,prophet_graph,21.739987404672,2.1927281849808438
UGA-single,2022,1,imports_gdp,2023,xgb_blind,21.739987404672,1.5779951228108082
UGA-single,2022,1,imports_gdp,2023,xgb_graph,21.739987404672,0.14643379894128117
UGA-single,2022,1,imports_gdp,2023,lgbm_blind,21.739987404672,1.5779951228108082
UGA-single,2022,1,imports_gdp,2023,lgbm_graph,21.739987404672,2.1012404247843293
UGA-single,2022,1,imports_gdp,2023,tft,21.739987404672,1.5779951228108082
UGA-single,2022,1,current_account,2023,persistence,-7.43279149697522,1.4861867330376608
UGA-single,2022,1,current_account,2023,arima,-7.43279149697522,1.4839112928872797
UGA-single,2022,1,current_account,2023,prophet,-7.43279149697522,0.5623507774978789
UGA-single,2022,1,current_account,2023,prophet_graph,-7.43279149697522,0.5269292554675964
UGA-single,2022,1,current_account,2023,xgb_blind,-7.43279149697522,1.4839112928872797
UGA-single,2022,1,current_account,2023,xgb_graph,-7.43279149697522,0.18375756905773954
UGA-single,2022,1,current_account,2023,lgbm_blind,-7.43279149697522,1.4839112928872797
UGA-single,2022,1,current_account,2023,lgbm_graph,-7.43279149697522,2.353882056019607
UGA-single,2022,1,current_account,2023,tft,-7.43279149697522,1.4839112928872797
UGA-single,2022,1,real_interest_rate,2023,persistence,14.7478688039364,0.0
UGA-single,2022,1,real_interest_rate,2023,arima,14.7478688039364,0.0
UGA-single,2022,1,real_interest_rate,2023,prophet,14.7478688039364,2.089034290534565
UGA-single,2022,1,real_interest_rate,2023,prophet_graph,14.7478688039364,5.426390862141199
UGA-single,2022,1,real_interest_rate,2023,xgb_blind,14.7478688039364,0.0
UGA-single,2022,1,real_interest_rate,2023,xgb_graph,14.7478688039364,1.2500302515445565
UGA-single,2022,1,real_interest_rate,2023,lgbm_blind,14.7478688039364,0.0
UGA-single,2022,1,real_interest_rate,2023,lgbm_graph,14.7478688039364,2.7044107743086006
UGA-single,2022,1,real_interest_rate,2023,tft,14.7478688039364,0.0
UGA-single,2022,1,broad_money,2023,persistence,21.6816047396201,0.3487936268675007
UGA-single,2022,1,broad_money,2023,arima,21.6816047396201,0.5098311509798883
UGA-single,2022,1,broad_money,2023,prophet,21.6816047396201,1.282102078104625
UGA-single,2022,1,broad_money,2023,prophet_graph,21.6816047396201,0.23914502366520196
UGA-single,2022,1,broad_money,2023,xgb_blind,21.6816047396201,0.5098311509798883
UGA-single,2022,1,broad_money,2023,xgb_graph,21.6816047396201,0.7736743654745908
UGA-single,2022,1,broad_money,2023,lgbm_blind,21.6816047396201,0.5098311509798883
UGA-single,2022,1,broad_money,2023,lgbm_graph,21.6816047396201,4.515938964082608
UGA-single,2022,1,broad_money,2023,tft,21.6816047396201,0.5098311509798883
UGA-single,2022,1,govt_consumption,2023,persistence,9.56616058785446,0.2211062165952793
UGA-single,2022,1,govt_consumption,2023,arima,9.56616058785446,0.25045961873878575
UGA-single,2022,1,govt_consumption,2023,prophet,9.56616058785446,0.4396063486629913
UGA-single,2022,1,govt_consumption,2023,prophet_graph,9.56616058785446,1.1231767340789212
UGA-single,2022,1,govt_consumption,2023,xgb_blind,9.56616058785446,0.25045961873878575
UGA-single,2022,1,govt_consumption,2023,xgb_graph,9.56616058785446,0.19276103537552025
UGA-single,2022,1,govt_consumption,2023,lgbm_blind,9.56616058785446,0.25045961873878575
UGA-single,2022,1,govt_consumption,2023,lgbm_graph,9.56616058785446,1.555554600171968
UGA-single,2022,1,govt_consumption,2023,tft,9.56616058785446,0.25045961873878575
UGA-fed(KEN+TZA),1999,1,gdp_growth,2000,persistence,3.141907338187,4.912041039054969
UGA-fed(KEN+TZA),1999,1,gdp_growth,2000,arima,3.141907338187,3.851213456648722
UGA-fed(KEN+TZA),1999,1,gdp_growth,2000,prophet,3.141907338187,4.589344083152382
UGA-fed(KEN+TZA),1999,1,gdp_growth,2000,prophet_graph,3.141907338187,1.859032294909344
UGA-fed(KEN+TZA),1999,1,gdp_growth,2000,xgb_blind,3.141907338187,3.851213456648722
UGA-fed(KEN+TZA),1999,1,gdp_growth,2000,xgb_graph,3.141907338187,2.3319772443325313
UGA-fed(KEN+TZA),1999,1,gdp_growth,2000,lgbm_blind,3.141907338187,3.851213456648722
UGA-fed(KEN+TZA),1999,1,gdp_growth,2000,lgbm_graph,3.141907338187,3.786643223082124
UGA-fed(KEN+TZA),1999,1,gdp_growth,2000,tft,3.141907338187,3.851213456648722
UGA-fed(KEN+TZA),1999,3,gdp_growth,2002,persistence,8.73268576440127,0.6787373871593001
UGA-fed(KEN+TZA),1999,3,gdp_growth,2002,arima,8.73268576440127,1.5025738045982662
UGA-fed(KEN+TZA),1999,3,gdp_growth,2002,prophet,8.73268576440127,0.6923589932336967
UGA-fed(KEN+TZA),1999,3,gdp_growth,2002,prophet_graph,8.73268576440127,17.879048224244592
UGA-fed(KEN+TZA),1999,3,gdp_growth,2002,xgb_blind,8.73268576440127,1.5025738045982662
UGA-fed(KEN+TZA),1999,3,gdp_growth,2002,xgb_graph,8.73268576440127,0.708749492733789
UGA-fed(KEN+TZA),1999,3,gdp_growth,2002,lgbm_blind,8.73268576440127,1.5025738045982662
UGA-fed(KEN+TZA),1999,3,gdp_growth,2002,lgbm_graph,8.73268576440127,1.1063282090118651
UGA-fed(KEN+TZA),1999,3,gdp_growth,2002,tft,8.73268576440127,1.5025738045982662
UGA-fed(KEN+TZA),1999,5,gdp_growth,2004,persistence,6.80723334361883,1.246715033623139
UGA-fed(KEN+TZA),1999,5,gdp_growth,2004,arima,6.80723334361883,0.4497793367441325
UGA-fed(KEN+TZA),1999,5,gdp_growth,2004,prophet,6.80723334361883,1.5417459656808594
UGA-fed(KEN+TZA),1999,5,gdp_growth,2004,prophet_graph,6.80723334361883,26.368566223815524
UGA-fed(KEN+TZA),1999,5,gdp_growth,2004,xgb_blind,6.80723334361883,0.4497793367441325
UGA-fed(KEN+TZA),1999,5,gdp_growth,2004,xgb_graph,6.80723334361883,1.3304295640167796
UGA-fed(KEN+TZA),1999,5,gdp_growth,2004,lgbm_blind,6.80723334361883,0.4497793367441325
UGA-fed(KEN+TZA),1999,5,gdp_growth,2004,lgbm_graph,6.80723334361883,0.9236815352263843
UGA-fed(KEN+TZA),1999,5,gdp_growth,2004,tft,6.80723334361883,0.4497793367441325
UGA-fed(KEN+TZA),1999,10,gdp_growth,2009,persistence,6.80151734860395,1.2524310286380196
UGA-fed(KEN+TZA),1999,10,gdp_growth,2009,arima,6.80151734860395,0.45895474683531745
UGA-fed(KEN+TZA),1999,10,gdp_growth,2009,prophet,6.80151734860395,2.3199389294181785
UGA-fed(KEN+TZA),1999,10,gdp_growth,2009,prophet_graph,6.80151734860395,52.42881044521926
UGA-fed(KEN+TZA),1999,10,gdp_growth,2009,xgb_blind,6.80151734860395,0.45895474683531745
UGA-fed(KEN+TZA),1999,10,gdp_growth,2009,xgb_graph,6.80151734860395,0.45895474683531745
UGA-fed(KEN+TZA),1999,10,gdp_growth,2009,lgbm_blind,6.80151734860395,0.45895474683531745
UGA-fed(KEN+TZA),1999,10,gdp_growth,2009,lgbm_graph,6.80151734860395,0.45895474683531745
UGA-fed(KEN+TZA),1999,10,gdp_growth,2009,tft,6.80151734860395,0.45895474683531745
UGA-fed(KEN+TZA),1999,1,unemployment,2000,persistence,3.531,0.07100000000000017
UGA-fed(KEN+TZA),1999,1,unemployment,2000,arima,3.531,0.06513759595934632
UGA-fed(KEN+TZA),1999,1,unemployment,2000,prophet,3.531,0.2458366010303128
UGA-fed(KEN+TZA),1999,1,unemployment,2000,prophet_graph,3.531,0.1385686428629569
UGA-fed(KEN+TZA),1999,1,unemployment,2000,xgb_blind,3.531,0.06513759595934632
UGA-fed(KEN+TZA),1999,1,unemployment,2000,xgb_graph,3.531,0.15731011009216322
UGA-fed(KEN+TZA),1999,1,unemployment,2000,lgbm_blind,3.531,0.06513759595934632
UGA-fed(KEN+TZA),1999,1,unemployment,2000,lgbm_graph,3.531,0.15311110856797994
UGA-fed(KEN+TZA),1999,1,unemployment,2000,tft,3.531,0.06513759595934632
UGA-fed(KEN+TZA),1999,3,unemployment,2002,persistence,3.5,0.040000000000000036
UGA-fed(KEN+TZA),1999,3,unemployment,2002,arima,3.5,0.03302747409214657
UGA-fed(KEN+TZA),1999,3,unemployment,2002,prophet,3.5,0.2510434342870935
UGA-fed(KEN+TZA),1999,3,unemployment,2002,prophet_graph,3.5,0.2766514978395973
UGA-fed(KEN+TZA),1999,3,unemployment,2002,xgb_blind,3.5,0.03302747409214657
UGA-fed(KEN+TZA),1999,3,unemployment,2002,xgb_graph,3.5,0.0800180435180664
UGA-fed(KEN+TZA),1999,3,unemployment,2002,lgbm_blind,3.5,0.03302747409214657
UGA-fed(KEN+TZA),1999,3,unemployment,2002,lgbm_graph,3.5,0.15714284351893815
UGA-fed(KEN+TZA),1999,3,unemployment,2002,tft,3.5,0.03302747409214657
UGA-fed(KEN+TZA),1999,5,unemployment,2004,persistence,2.699,0.7610000000000001
UGA-fed(KEN+TZA),1999,5,unemployment,2004,arima,2.699,0.7680019645076732
UGA-fed(KEN+TZA),1999,5,unemployment,2004,prophet,2.699,0.5137992630077761
UGA-fed(KEN+TZA),1999,5,unemployment,2004,prophet_graph,2.699,0.35549695067894227
UGA-fed(KEN+TZA),1999,5,unemployment,2004,xgb_blind,2.699,0.7680019645076732
UGA-fed(KEN+TZA),1999,5,unemployment,2004,xgb_graph,2.699,0.7303971061706545
UGA-fed(KEN+TZA),1999,5,unemployment,2004,lgbm_blind,2.699,0.7680019645076732
UGA-fed(KEN+TZA),1999,5,unemployment,2004,lgbm_graph,2.699,0.5920000324249268
UGA-fed(KEN+TZA),1999,5,unemployment,2004,tft,2.699,0.7680019645076732
UGA-fed(KEN+TZA),1999,10,unemployment,2009,persistence,3.6,0.14000000000000012
UGA-fed(KEN+TZA),1999,10,unemployment,2009,arima,3.6,0.1329972336552463
UGA-fed(KEN+TZA),1999,10,unemployment,2009,prophet,3.6,0.477693054858352
UGA-fed(KEN+TZA),1999,10,unemployment,2009,prophet_graph,3.6,0.9680945350150698
UGA-fed(KEN+TZA),1999,10,unemployment,2009,xgb_blind,3.6,0.1329972336552463
UGA-fed(KEN+TZA),1999,10,unemployment,2009,xgb_graph,3.6,0.1329972336552463
UGA-fed(KEN+TZA),1999,10,unemployment,2009,lgbm_blind,3.6,0.1329972336552463
UGA-fed(KEN+TZA),1999,10,unemployment,2009,lgbm_graph,3.6,0.1329972336552463
UGA-fed(KEN+TZA),1999,10,unemployment,2009,tft,3.6,0.1329972336552463
UGA-fed(KEN+TZA),1999,1,exports_gdp,2000,persistence,10.651409293254,1.6001646037192998
UGA-fed(KEN+TZA),1999,1,exports_gdp,2000,arima,10.651409293254,0.6213138537303973
UGA-fed(KEN+TZA),1999,1,exports_gdp,2000,prophet,10.651409293254,2.5485776565922524
UGA-fed(KEN+TZA),1999,1,exports_gdp,2000,prophet_graph,10.651409293254,1.4103780023992414
UGA-fed(KEN+TZA),1999,1,exports_gdp,2000,xgb_blind,10.651409293254,0.6213138537303973
UGA-fed(KEN+TZA),1999,1,exports_gdp,2000,xgb_graph,10.651409293254,1.26903805629434
UGA-fed(KEN+TZA),1999,1,exports_gdp,2000,lgbm_blind,10.651409293254,0.6213138537303973
UGA-fed(KEN+TZA),1999,1,exports_gdp,2000,lgbm_graph,10.651409293254,0.5367633882891294
UGA-fed(KEN+TZA),1999,1,exports_gdp,2000,tft,10.651409293254,0.6213138537303973
UGA-fed(KEN+TZA),1999,3,exports_gdp,2002,persistence,11.2132791661446,1.0382947308286994
UGA-fed(KEN+TZA),1999,3,exports_gdp,2002,arima,11.2132791661446,0.28878272091044543
UGA-fed(KEN+TZA),1999,3,exports_gdp,2002,prophet,11.2132791661446,3.2138488590057097
UGA-fed(KEN+TZA),1999,3,exports_gdp,2002,prophet_graph,11.2132791661446,0.708826327503937
UGA-fed(KEN+TZA),1999,3,exports_gdp,2002,xgb_blind,11.2132791661446,0.28878272091044543
UGA-fed(KEN+TZA),1999,3,exports_gdp,2002,xgb_graph,11.2132791661446,1.9046541071708294
UGA-fed(KEN+TZA),1999,3,exports_gdp,2002,lgbm_blind,11.2132791661446,0.28878272091044543
UGA-fed(KEN+TZA),1999,3,exports_gdp,2002,lgbm_graph,11.2132791661446,0.5266656745412934
UGA-fed(KEN+TZA),1999,3,exports_gdp,2002,tft,11.2132791661446,0.28878272091044543
UGA-fed(KEN+TZA),1999,5,exports_gdp,2004,persistence,12.6968807487592,0.4453068517859009
UGA-fed(KEN+TZA),1999,5,exports_gdp,2004,arima,12.6968807487592,1.1626238169812666
UGA-fed(KEN+TZA),1999,5,exports_gdp,2004,prophet,12.6968807487592,2.955709636133877
UGA-fed(KEN+TZA),1999,5,exports_gdp,2004,prophet_graph,12.6968807487592,0.9142659739388872
UGA-fed(KEN+TZA),1999,5,exports_gdp,2004,xgb_blind,12.6968807487592,1.1626238169812666
UGA-fed(KEN+TZA),1999,5,exports_gdp,2004,xgb_graph,12.6968807487592,2.7590994148358607
UGA-fed(KEN+TZA),1999,5,exports_gdp,2004,lgbm_blind,12.6968807487592,1.1626238169812666
UGA-fed(KEN+TZA),1999,5,exports_gdp,2004,lgbm_graph,12.6968807487592,0.8962328224286349
UGA-fed(KEN+TZA),1999,5,exports_gdp,2004,tft,12.6968807487592,1.1626238169812666
UGA-fed(KEN+TZA),1999,10,exports_gdp,2009,persistence,18.6135663082242,6.361992411250901
UGA-fed(KEN+TZA),1999,10,exports_gdp,2009,arima,18.6135663082242,7.074012862398041
UGA-fed(KEN+TZA),1999,10,exports_gdp,2009,prophet,18.6135663082242,0.10603740714837429
UGA-fed(KEN+TZA),1999,10,exports_gdp,2009,prophet_graph,18.6135663082242,7.180060496827405
UGA-fed(KEN+TZA),1999,10,exports_gdp,2009,xgb_blind,18.6135663082242,7.074012862398041
UGA-fed(KEN+TZA),1999,10,exports_gdp,2009,xgb_graph,18.6135663082242,7.074012862398041
UGA-fed(KEN+TZA),1999,10,exports_gdp,2009,lgbm_blind,18.6135663082242,7.074012862398041
UGA-fed(KEN+TZA),1999,10,exports_gdp,2009,lgbm_graph,18.6135663082242,7.074012862398041
UGA-fed(KEN+TZA),1999,10,exports_gdp,2009,tft,18.6135663082242,7.074012862398041
UGA-fed(KEN+TZA),1999,1,imports_gdp,2000,persistence,22.0976240451282,1.6755122149229997
UGA-fed(KEN+TZA),1999,1,imports_gdp,2000,arima,22.0976240451282,1.5944910587044276
UGA-fed(KEN+TZA),1999,1,imports_gdp,2000,prophet,22.0976240451282,0.07692788493710623
UGA-fed(KEN+TZA),1999,1,imports_gdp,2000,prophet_graph,22.0976240451282,3.4419183202841026
UGA-fed(KEN+TZA),1999,1,imports_gdp,2000,xgb_blind,22.0976240451282,1.5944910587044276
UGA-fed(KEN+TZA),1999,1,imports_gdp,2000,xgb_graph,22.0976240451282,1.9638731296008558
UGA-fed(KEN+TZA),1999,1,imports_gdp,2000,lgbm_blind,22.0976240451282,1.5944910587044276
UGA-fed(KEN+TZA),1999,1,imports_gdp,2000,lgbm_graph,22.0976240451282,0.34900666095936117
UGA-fed(KEN+TZA),1999,1,imports_gdp,2000,tft,22.0976240451282,1.5944910587044276
UGA-fed(KEN+TZA),1999,3,imports_gdp,2002,persistence,25.0645149900385,1.2913787299873007
UGA-fed(KEN+TZA),1999,3,imports_gdp,2002,arima,25.0645149900385,1.3704978592106762
UGA-fed(KEN+TZA),1999,3,imports_gdp,2002,prophet,25.0645149900385,2.648194907953968
UGA-fed(KEN+TZA),1999,3,imports_gdp,2002,prophet_graph,25.0645149900385,5.663480286944058
UGA-fed(KEN+TZA),1999,3,imports_gdp,2002,xgb_blind,25.0645149900385,1.3704978592106762
UGA-fed(KEN+TZA),1999,3,imports_gdp,2002,xgb_graph,25.0645149900385,1.6317585660883047
UGA-fed(KEN+TZA),1999,3,imports_gdp,2002,lgbm_blind,25.0645149900385,1.3704978592106762
UGA-fed(KEN+TZA),1999,3,imports_gdp,2002,lgbm_graph,25.0645149900385,3.7061249993681606
UGA-fed(KEN+TZA),1999,3,imports_gdp,2002,tft,25.0645149900385,1.3704978592106762
UGA-fed(KEN+TZA),1999,5,imports_gdp,2004,persistence,22.7632054968845,1.0099307631667003
UGA-fed(KEN+TZA),1999,5,imports_gdp,2004,arima,22.7632054968845,0.9308127344732107
UGA-fed(KEN+TZA),1999,5,imports_gdp,2004,prophet,22.7632054968845,0.10544799896681312
UGA-fed(KEN+TZA),1999,5,imports_gdp,2004,prophet_graph,22.7632054968845,13.14614494486727
UGA-fed(KEN+TZA),1999,5,imports_gdp,2004,xgb_blind,22.7632054968845,0.9308127344732107
UGA-fed(KEN+TZA),1999,5,imports_gdp,2004,xgb_graph,22.7632054968845,0.29001143731960255
UGA-fed(KEN+TZA),1999,5,imports_gdp,2004,lgbm_blind,22.7632054968845,0.9308127344732107
UGA-fed(KEN+TZA),1999,5,imports_gdp,2004,lgbm_graph,22.7632054968845,0.9166871710788342
UGA-fed(KEN+TZA),1999,5,imports_gdp,2004,tft,22.7632054968845,0.9308127344732107
UGA-fed(KEN+TZA),1999,10,imports_gdp,2009,persistence,28.4503117666136,4.677175506562399
UGA-fed(KEN+TZA),1999,10,imports_gdp,2009,arima,28.4503117666136,4.756293534618749
UGA-fed(KEN+TZA),1999,10,imports_gdp,2009,prophet,28.4503117666136,5.188299256740887
UGA-fed(KEN+TZA),1999,10,imports_gdp,2009,prophet_graph,28.4503117666136,20.426622080663282
UGA-fed(KEN+TZA),1999,10,imports_gdp,2009,xgb_blind,28.4503117666136,4.756293534618749
UGA-fed(KEN+TZA),1999,10,imports_gdp,2009,xgb_graph,28.4503117666136,4.756293534618749
UGA-fed(KEN+TZA),1999,10,imports_gdp,2009,lgbm_blind,28.4503117666136,4.756293534618749
UGA-fed(KEN+TZA),1999,10,imports_gdp,2009,lgbm_graph,28.4503117666136,4.756293534618749
UGA-fed(KEN+TZA),1999,10,imports_gdp,2009,tft,28.4503117666136,4.756293534618749
UGA-fed(KEN+TZA),1999,1,current_account,2000,persistence,-5.79340706801523,0.9055699744981505
UGA-fed(KEN+TZA),1999,1,current_account,2000,arima,-5.79340706801523,0.6148908439273999
UGA-fed(KEN+TZA),1999,1,current_account,2000,prophet,-5.79340706801523,1.1306291748870088
UGA-fed(KEN+TZA),1999,1,current_account,2000,prophet_graph,-5.79340706801523,1.1909830051501888
UGA-fed(KEN+TZA),1999,1,current_account,2000,xgb_blind,-5.79340706801523,0.6148908439273999
UGA-fed(KEN+TZA),1999,1,current_account,2000,xgb_graph,-5.79340706801523,0.9911347482215289
UGA-fed(KEN+TZA),1999,1,current_account,2000,lgbm_blind,-5.79340706801523,0.6148908439273999
UGA-fed(KEN+TZA),1999,1,current_account,2000,lgbm_graph,-5.79340706801523,1.1142457048374004
UGA-fed(KEN+TZA),1999,1,current_account,2000,tft,-5.79340706801523,0.6148908439273999
UGA-fed(KEN+TZA),1999,3,current_account,2002,persistence,-2.46011695217403,2.4277201413430496
UGA-fed(KEN+TZA),1999,3,current_account,2002,arima,-2.46011695217403,2.646253816630382
UGA-fed(KEN+TZA),1999,3,current_account,2002,prophet,-2.46011695217403,2.1445566628740145
UGA-fed(KEN+TZA),1999,3,current_account,2002,prophet_graph,-2.46011695217403,2.185054154274821
UGA-fed(KEN+TZA),1999,3,current_account,2002,xgb_blind,-2.46011695217403,2.646253816630382
UGA-fed(KEN+TZA),1999,3,current_account,2002,xgb_graph,-2.46011695217403,1.992273241765179
UGA-fed(KEN+TZA),1999,3,current_account,2002,lgbm_blind,-2.46011695217403,2.646253816630382
UGA-fed(KEN+TZA),1999,3,current_account,2002,lgbm_graph,-2.46011695217403,2.3278750824656007
UGA-fed(KEN+TZA),1999,3,current_account,2002,tft,-2.46011695217403,2.646253816630382
UGA-fed(KEN+TZA),1999,5,current_account,2004,persistence,-0.0210973345748702,4.8667397589422094
UGA-fed(KEN+TZA),1999,5,current_account,2004,arima,-0.0210973345748702,5.070171037012261
UGA-fed(KEN+TZA),1999,5,current_account,2004,prophet,-0.0210973345748702,4.525551488409524
UGA-fed(KEN+TZA),1999,5,current_account,2004,prophet_graph,-0.0210973345748702,4.6667623379699865
UGA-fed(KEN+TZA),1999,5,current_account,2004,xgb_blind,-0.0210973345748702,5.070171037012261
UGA-fed(KEN+TZA),1999,5,current_account,2004,xgb_graph,-0.0210973345748702,3.575493661213704
UGA-fed(KEN+TZA),1999,5,current_account,2004,lgbm_blind,-0.0210973345748702,5.070171037012261
UGA-fed(KEN+TZA),1999,5,current_account,2004,lgbm_graph,-0.0210973345748702,4.746228400517293
UGA-fed(KEN+TZA),1999,5,current_account,2004,tft,-0.0210973345748702,5.070171037012261
UGA-fed(KEN+TZA),1999,10,current_account,2009,persistence,-4.1708492322474,0.7169878612696801
UGA-fed(KEN+TZA),1999,10,current_account,2009,arima,-4.1708492322474,0.9163405497789014
UGA-fed(KEN+TZA),1999,10,current_account,2009,prophet,-4.1708492322474,0.23057863854481564
UGA-fed(KEN+TZA),1999,10,current_account,2009,prophet_graph,-4.1708492322474,0.6238488105130795
UGA-fed(KEN+TZA),1999,10,current_account,2009,xgb_blind,-4.1708492322474,0.9163405497789014
UGA-fed(KEN+TZA),1999,10,current_account,2009,xgb_graph,-4.1708492322474,0.9163405497789014
UGA-fed(KEN+TZA),1999,10,current_account,2009,lgbm_blind,-4.1708492322474,0.9163405497789014
UGA-fed(KEN+TZA),1999,10,current_account,2009,lgbm_graph,-4.1708492322474,0.9163405497789014
UGA-fed(KEN+TZA),1999,10,current_account,2009,tft,-4.1708492322474,0.9163405497789014
UGA-fed(KEN+TZA),1999,1,real_interest_rate,2000,persistence,10.6216142695141,11.065217379783702
UGA-fed(KEN+TZA),1999,1,real_interest_rate,2000,arima,10.6216142695141,6.332796806346403
UGA-fed(KEN+TZA),1999,1,real_interest_rate,2000,prophet,10.6216142695141,11.879174942261477
UGA-fed(KEN+TZA),1999,1,real_interest_rate,2000,prophet_graph,10.6216142695141,11.976739895587118
UGA-fed(KEN+TZA),1999,1,real_interest_rate,2000,xgb_blind,10.6216142695141,6.332796806346403
UGA-fed(KEN+TZA),1999,1,real_interest_rate,2000,xgb_graph,10.6216142695141,0.8324968297290649
UGA-fed(KEN+TZA),1999,1,real_interest_rate,2000,lgbm_blind,10.6216142695141,6.332796806346403
UGA-fed(KEN+TZA),1999,1,real_interest_rate,2000,lgbm_graph,10.6216142695141,0.9679576808537522
UGA-fed(KEN+TZA),1999,1,real_interest_rate,2000,tft,10.6216142695141,6.332796806346403
UGA-fed(KEN+TZA),1999,3,real_interest_rate,2002,persistence,22.9955928360462,1.3087611867483986
UGA-fed(KEN+TZA),1999,3,real_interest_rate,2002,arima,22.9955928360462,4.8713503991266975
UGA-fed(KEN+TZA),1999,3,real_interest_rate,2002,prophet,22.9955928360462,4.669735275076132
UGA-fed(KEN+TZA),1999,3,real_interest_rate,2002,prophet_graph,22.9955928360462,4.213855135750858
UGA-fed(KEN+TZA),1999,3,real_interest_rate,2002,xgb_blind,22.9955928360462,4.8713503991266975
UGA-fed(KEN+TZA),1999,3,real_interest_rate,2002,xgb_graph,22.9955928360462,11.269361261033993
UGA-fed(KEN+TZA),1999,3,real_interest_rate,2002,lgbm_blind,22.9955928360462,4.8713503991266975
UGA-fed(KEN+TZA),1999,3,real_interest_rate,2002,lgbm_graph,22.9955928360462,10.949067562041945
UGA-fed(KEN+TZA),1999,3,real_interest_rate,2002,tft,22.9955928360462,4.8713503991266975
UGA-fed(KEN+TZA),1999,5,real_interest_rate,2004,persistence,4.33924393856924,17.34758771072856
UGA-fed(KEN+TZA),1999,5,real_interest_rate,2004,arima,4.33924393856924,14.018782185451858
UGA-fed(KEN+TZA),1999,5,real_interest_rate,2004,prophet,4.33924393856924,28.483558039205803
UGA-fed(KEN+TZA),1999,5,real_interest_rate,2004,prophet_graph,4.33924393856924,27.474989914059503
UGA-fed(KEN+TZA),1999,5,real_interest_rate,2004,xgb_blind,4.33924393856924,14.018782185451858
UGA-fed(KEN+TZA),1999,5,real_interest_rate,2004,xgb_graph,4.33924393856924,12.418150852080174
UGA-fed(KEN+TZA),1999,5,real_interest_rate,2004,lgbm_blind,4.33924393856924,14.018782185451858
UGA-fed(KEN+TZA),1999,5,real_interest_rate,2004,lgbm_graph,4.33924393856924,10.742766139860937
UGA-fed(KEN+TZA),1999,5,real_interest_rate,2004,tft,4.33924393856924,14.018782185451858
UGA-fed(KEN+TZA),1999,10,real_interest_rate,2009,persistence,-34.7434429588376,56.4302746081354
UGA-fed(KEN+TZA),1999,10,real_interest_rate,2009,arima,-34.7434429588376,53.16090045859342
UGA-fed(KEN+TZA),1999,10,real_interest_rate,2009,prophet,-34.7434429588376,80.47405966863249
UGA-fed(KEN+TZA),1999,10,real_interest_rate,2009,prophet_graph,-34.7434429588376,78.08225736527385
UGA-fed(KEN+TZA),1999,10,real_interest_rate,2009,xgb_blind,-34.7434429588376,53.16090045859342
UGA-fed(KEN+TZA),1999,10,real_interest_rate,2009,xgb_graph,-34.7434429588376,53.16090045859342
UGA-fed(KEN+TZA),1999,10,real_interest_rate,2009,lgbm_blind,-34.7434429588376,53.16090045859342
UGA-fed(KEN+TZA),1999,10,real_interest_rate,2009,lgbm_graph,-34.7434429588376,53.16090045859342
UGA-fed(KEN+TZA),1999,10,real_interest_rate,2009,tft,-34.7434429588376,53.16090045859342
UGA-fed(KEN+TZA),1999,1,broad_money,2000,persistence,16.1155361851823,0.4820160339100994
UGA-fed(KEN+TZA),1999,1,broad_money,2000,arima,16.1155361851823,0.14450369460616308
UGA-fed(KEN+TZA),1999,1,broad_money,2000,prophet,16.1155361851823,0.40765481703246564
UGA-fed(KEN+TZA),1999,1,broad_money,2000,prophet_graph,16.1155361851823,0.25887318914756463
UGA-fed(KEN+TZA),1999,1,broad_money,2000,xgb_blind,16.1155361851823,0.14450369460616308
UGA-fed(KEN+TZA),1999,1,broad_money,2000,xgb_graph,16.1155361851823,1.2935642918717534
UGA-fed(KEN+TZA),1999,1,broad_money,2000,lgbm_blind,16.1155361851823,0.14450369460616308
UGA-fed(KEN+TZA),1999,1,broad_money,2000,lgbm_graph,16.1155361851823,3.831143616382116
UGA-fed(KEN+TZA),1999,1,broad_money,2000,tft,16.1155361851823,0.14450369460616308
UGA-fed(KEN+TZA),1999,3,broad_money,2002,persistence,19.0320883711592,3.398568219887
UGA-fed(KEN+TZA),1999,3,broad_money,2002,arima,19.0320883711592,2.849920326083744
UGA-fed(KEN+TZA),1999,3,broad_money,2002,prophet,19.0320883711592,0.795630132815905
UGA-fed(KEN+TZA),1999,3,broad_money,2002,prophet_graph,19.0320883711592,2.5622014479000335
UGA-fed(KEN+TZA),1999,3,broad_money,2002,xgb_blind,19.0320883711592,2.849920326083744
UGA-fed(KEN+TZA),1999,3,broad_money,2002,xgb_graph,19.0320883711592,3.7442971190229706
UGA-fed(KEN+TZA),1999,3,broad_money,2002,lgbm_blind,19.0320883711592,2.849920326083744
UGA-fed(KEN+TZA),1999,3,broad_money,2002,lgbm_graph,19.0320883711592,5.848316829018785
UGA-fed(KEN+TZA),1999,3,broad_money,2002,tft,19.0320883711592,2.849920326083744
UGA-fed(KEN+TZA),1999,5,broad_money,2004,persistence,17.2284785590111,1.5949584077389005
UGA-fed(KEN+TZA),1999,5,broad_money,2004,arima,17.2284785590111,1.0062268066037063
UGA-fed(KEN+TZA),1999,5,broad_money,2004,prophet,17.2284785590111,2.71890318463155
UGA-fed(KEN+TZA),1999,5,broad_money,2004,prophet_graph,17.2284785590111,0.1462065921488751
UGA-fed(KEN+TZA),1999,5,broad_money,2004,xgb_blind,17.2284785590111,1.0062268066037063
UGA-fed(KEN+TZA),1999,5,broad_money,2004,xgb_graph,17.2284785590111,1.8835908255516287
UGA-fed(KEN+TZA),1999,5,broad_money,2004,lgbm_blind,17.2284785590111,1.0062268066037063
UGA-fed(KEN+TZA),1999,5,broad_money,2004,lgbm_graph,17.2284785590111,3.476000913137078
UGA-fed(KEN+TZA),1999,5,broad_money,2004,tft,17.2284785590111,1.0062268066037063
UGA-fed(KEN+TZA),1999,10,broad_money,2009,persistence,14.0172749693774,1.6162451818948007
UGA-fed(KEN+TZA),1999,10,broad_money,2009,arima,14.0172749693774,2.214222351543917
UGA-fed(KEN+TZA),1999,10,broad_money,2009,prophet,14.0172749693774,10.212102999171996
UGA-fed(KEN+TZA),1999,10,broad_money,2009,prophet_graph,14.0172749693774,4.597637373735221
UGA-fed(KEN+TZA),1999,10,broad_money,2009,xgb_blind,14.0172749693774,2.214222351543917
UGA-fed(KEN+TZA),1999,10,broad_money,2009,xgb_graph,14.0172749693774,2.214222351543917
UGA-fed(KEN+TZA),1999,10,broad_money,2009,lgbm_blind,14.0172749693774,2.214222351543917
UGA-fed(KEN+TZA),1999,10,broad_money,2009,lgbm_graph,14.0172749693774,2.214222351543917
UGA-fed(KEN+TZA),1999,10,broad_money,2009,tft,14.0172749693774,2.214222351543917
UGA-fed(KEN+TZA),1999,1,govt_consumption,2000,persistence,14.5043243985272,1.6400655222986984
UGA-fed(KEN+TZA),1999,1,govt_consumption,2000,arima,14.5043243985272,1.6410780307614559
UGA-fed(KEN+TZA),1999,1,govt_consumption,2000,prophet,14.5043243985272,0.225885370008843
UGA-fed(KEN+TZA),1999,1,govt_consumption,2000,prophet_graph,14.5043243985272,2.379192434880384
UGA-fed(KEN+TZA),1999,1,govt_consumption,2000,xgb_blind,14.5043243985272,1.6410780307614559
UGA-fed(KEN+TZA),1999,1,govt_consumption,2000,xgb_graph,14.5043243985272,1.654697857389504
UGA-fed(KEN+TZA),1999,1,govt_consumption,2000,lgbm_blind,14.5043243985272,1.6410780307614559
UGA-fed(KEN+TZA),1999,1,govt_consumption,2000,lgbm_graph,14.5043243985272,3.0209879498577656
UGA-fed(KEN+TZA),1999,1,govt_consumption,2000,tft,14.5043243985272,1.6410780307614559
UGA-fed(KEN+TZA),1999,3,govt_consumption,2002,persistence,16.7924696957705,3.9282108195419987
UGA-fed(KEN+TZA),1999,3,govt_consumption,2002,arima,16.7924696957705,3.9297485283129845
UGA-fed(KEN+TZA),1999,3,govt_consumption,2002,prophet,16.7924696957705,1.3522274947282487
UGA-fed(KEN+TZA),1999,3,govt_consumption,2002,prophet_graph,16.7924696957705,6.385096185420542
UGA-fed(KEN+TZA),1999,3,govt_consumption,2002,xgb_blind,16.7924696957705,3.9297485283129845
UGA-fed(KEN+TZA),1999,3,govt_consumption,2002,xgb_graph,16.7924696957705,3.5666625058290933
UGA-fed(KEN+TZA),1999,3,govt_consumption,2002,lgbm_blind,16.7924696957705,3.9297485283129845
UGA-fed(KEN+TZA),1999,3,govt_consumption,2002,lgbm_graph,16.7924696957705,4.670618728363273
UGA-fed(KEN+TZA),1999,3,govt_consumption,2002,tft,16.7924696957705,3.9297485283129845
UGA-fed(KEN+TZA),1999,5,govt_consumption,2004,persistence,13.8873022739532,1.0230433977246989
UGA-fed(KEN+TZA),1999,5,govt_consumption,2004,arima,13.8873022739532,1.0246556585651465
UGA-fed(KEN+TZA),1999,5,govt_consumption,2004,prophet,13.8873022739532,2.713153765587606
UGA-fed(KEN+TZA),1999,5,govt_consumption,2004,prophet_graph,13.8873022739532,5.1953373421349855
UGA-fed(KEN+TZA),1999,5,govt_consumption,2004,xgb_blind,13.8873022739532,1.0246556585651465
UGA-fed(KEN+TZA),1999,5,govt_consumption,2004,xgb_graph,13.8873022739532,1.0211685840728286
UGA-fed(KEN+TZA),1999,5,govt_consumption,2004,lgbm_blind,13.8873022739532,1.0246556585651465
UGA-fed(KEN+TZA),1999,5,govt_consumption,2004,lgbm_graph,13.8873022739532,1.4958613102080829
UGA-fed(KEN+TZA),1999,5,govt_consumption,2004,tft,13.8873022739532,1.0246556585651465
UGA-fed(KEN+TZA),1999,10,govt_consumption,2009,persistence,6.58533254689826,6.278926329330241
UGA-fed(KEN+TZA),1999,10,govt_consumption,2009,arima,6.58533254689826,6.277301828751461
UGA-fed(KEN+TZA),1999,10,govt_consumption,2009,prophet,6.58533254689826,12.918836756939605
UGA-fed(KEN+TZA),1999,10,govt_consumption,2009,prophet_graph,6.58533254689826,2.186588810939635
UGA-fed(KEN+TZA),1999,10,govt_consumption,2009,xgb_blind,6.58533254689826,6.277301828751461
UGA-fed(KEN+TZA),1999,10,govt_consumption,2009,xgb_graph,6.58533254689826,6.277301828751461
UGA-fed(KEN+TZA),1999,10,govt_consumption,2009,lgbm_blind,6.58533254689826,6.277301828751461
UGA-fed(KEN+TZA),1999,10,govt_consumption,2009,lgbm_graph,6.58533254689826,6.277301828751461
UGA-fed(KEN+TZA),1999,10,govt_consumption,2009,tft,6.58533254689826,6.277301828751461
UGA-fed(KEN+TZA),2000,1,gdp_growth,2001,persistence,5.18366112490236,2.0417537867153603
UGA-fed(KEN+TZA),2000,1,gdp_growth,2001,arima,5.18366112490236,0.17232036660465955
UGA-fed(KEN+TZA),2000,1,gdp_growth,2001,prophet,5.18366112490236,1.0411869406080516
UGA-fed(KEN+TZA),2000,1,gdp_growth,2001,prophet_graph,5.18366112490236,1.8217636694737713
UGA-fed(KEN+TZA),2000,1,gdp_growth,2001,xgb_blind,5.18366112490236,0.17232036660465955
UGA-fed(KEN+TZA),2000,1,gdp_growth,2001,xgb_graph,5.18366112490236,0.4964064143127276
UGA-fed(KEN+TZA),2000,1,gdp_growth,2001,lgbm_blind,5.18366112490236,0.17232036660465955
UGA-fed(KEN+TZA),2000,1,gdp_growth,2001,lgbm_graph,5.18366112490236,1.3662251255935507
UGA-fed(KEN+TZA),2000,1,gdp_growth,2001,tft,5.18366112490236,0.17232036660465955
UGA-fed(KEN+TZA),2000,3,gdp_growth,2003,persistence,6.47325867166543,3.3313513334784304
UGA-fed(KEN+TZA),2000,3,gdp_growth,2003,arima,6.47325867166543,1.6654240847046662
UGA-fed(KEN+TZA),2000,3,gdp_growth,2003,prophet,6.47325867166543,0.3549984582367003
UGA-fed(KEN+TZA),2000,3,gdp_growth,2003,prophet_graph,6.47325867166543,4.832040875346395
UGA-fed(KEN+TZA),2000,3,gdp_growth,2003,xgb_blind,6.47325867166543,1.6654240847046662
UGA-fed(KEN+TZA),2000,3,gdp_growth,2003,xgb_graph,6.47325867166543,1.7535597657206061
UGA-fed(KEN+TZA),2000,3,gdp_growth,2003,lgbm_blind,6.47325867166543,1.6654240847046662
UGA-fed(KEN+TZA),2000,3,gdp_growth,2003,lgbm_graph,6.47325867166543,0.5925426209924218
UGA-fed(KEN+TZA),2000,3,gdp_growth,2003,tft,6.47325867166543,1.6654240847046662
UGA-fed(KEN+TZA),2000,5,gdp_growth,2005,persistence,6.33256511623156,3.19065777804456
UGA-fed(KEN+TZA),2000,5,gdp_growth,2005,arima,6.33256511623156,1.6360977334245241
UGA-fed(KEN+TZA),2000,5,gdp_growth,2005,prophet,6.33256511623156,0.32103876564078604
UGA-fed(KEN+TZA),2000,5,gdp_growth,2005,prophet_graph,6.33256511623156,6.4143840744455165
UGA-fed(KEN+TZA),2000,5,gdp_growth,2005,xgb_blind,6.33256511623156,1.6360977334245241
UGA-fed(KEN+TZA),2000,5,gdp_growth,2005,xgb_graph,6.33256511623156,2.381233023946404
UGA-fed(KEN+TZA),2000,5,gdp_growth,2005,lgbm_blind,6.33256511623156,1.6360977334245241
UGA-fed(KEN+TZA),2000,5,gdp_growth,2005,lgbm_graph,6.33256511623156,0.6335151917289501
UGA-fed(KEN+TZA),2000,5,gdp_growth,2005,tft,6.33256511623156,1.6360977334245241
UGA-fed(KEN+TZA),2000,10,gdp_growth,2010,persistence,5.63761163749757,2.49570429931057
UGA-fed(KEN+TZA),2000,10,gdp_growth,2010,arima,5.63761163749757,0.9700682564158081
UGA-fed(KEN+TZA),2000,10,gdp_growth,2010,prophet,5.63761163749757,0.10729907213272583
UGA-fed(KEN+TZA),2000,10,gdp_growth,2010,prophet_graph,5.63761163749757,10.023486838908848
UGA-fed(KEN+TZA),2000,10,gdp_growth,2010,xgb_blind,5.63761163749757,0.9700682564158081
UGA-fed(KEN+TZA),2000,10,gdp_growth,2010,xgb_graph,5.63761163749757,0.9700682564158081
UGA-fed(KEN+TZA),2000,10,gdp_growth,2010,lgbm_blind,5.63761163749757,0.9700682564158081
UGA-fed(KEN+TZA),2000,10,gdp_growth,2010,lgbm_graph,5.63761163749757,0.9700682564158081
UGA-fed(KEN+TZA),2000,10,gdp_growth,2010,tft,5.63761163749757,0.9700682564158081
UGA-fed(KEN+TZA),2000,1,unemployment,2001,persistence,3.522,0.009000000000000341
UGA-fed(KEN+TZA),2000,1,unemployment,2001,arima,3.522,0.02174632125216247
UGA-fed(KEN+TZA),2000,1,unemployment,2001,prophet,3.522,0.1650613751907688
UGA-fed(KEN+TZA),2000,1,unemployment,2001,prophet_graph,3.522,0.05406601605497663
UGA-fed(KEN+TZA),2000,1,unemployment,2001,xgb_blind,3.522,0.02174632125216247
UGA-fed(KEN+TZA),2000,1,unemployment,2001,xgb_graph,3.522,0.06286470603942851
UGA-fed(KEN+TZA),2000,1,unemployment,2001,lgbm_blind,3.522,0.02174632125216247
UGA-fed(KEN+TZA),2000,1,unemployment,2001,lgbm_graph,3.522,0.12880000782012901
UGA-fed(KEN+TZA),2000,1,unemployment,2001,tft,3.522,0.02174632125216247
UGA-fed(KEN+TZA),2000,3,unemployment,2003,persistence,3.6,0.06899999999999995
UGA-fed(KEN+TZA),2000,3,unemployment,2003,arima,3.6,0.05355458007670988
UGA-fed(KEN+TZA),2000,3,unemployment,2003,prophet,3.6,0.25622264795802874
UGA-fed(KEN+TZA),2000,3,unemployment,2003,prophet_graph,3.6,0.32061802663393024
UGA-fed(KEN+TZA),2000,3,unemployment,2003,xgb_blind,3.6,0.05355458007670988
UGA-fed(KEN+TZA),2000,3,unemployment,2003,xgb_graph,3.6,0.13339266777038583
UGA-fed(KEN+TZA),2000,3,unemployment,2003,lgbm_blind,3.6,0.05355458007670988
UGA-fed(KEN+TZA),2000,3,unemployment,2003,lgbm_graph,3.6,0.23362500071525583
UGA-fed(KEN+TZA),2000,3,unemployment,2003,tft,3.6,0.05355458007670988
UGA-fed(KEN+TZA),2000,5,unemployment,2005,persistence,1.9,1.6310000000000002
UGA-fed(KEN+TZA),2000,5,unemployment,2005,arima,1.9,1.6465324104146641
UGA-fed(KEN+TZA),2000,5,unemployment,2005,prophet,1.9,1.430598050133935
UGA-fed(KEN+TZA),2000,5,unemployment,2005,prophet_graph,1.9,1.1905716723616657
UGA-fed(KEN+TZA),2000,5,unemployment,2005,xgb_blind,1.9,1.6465324104146641
UGA-fed(KEN+TZA),2000,5,unemployment,2005,xgb_graph,1.9,1.5898629188537599
UGA-fed(KEN+TZA),2000,5,unemployment,2005,lgbm_blind,1.9,1.6465324104146641
UGA-fed(KEN+TZA),2000,5,unemployment,2005,lgbm_graph,1.9,1.431000010172526
UGA-fed(KEN+TZA),2000,5,unemployment,2005,tft,1.9,1.6465324104146641
UGA-fed(KEN+TZA),2000,10,unemployment,2010,persistence,3.623,0.09200000000000008
UGA-fed(KEN+TZA),2000,10,unemployment,2010,arima,3.623,0.07646469309946768
UGA-fed(KEN+TZA),2000,10,unemployment,2010,prophet,3.623,0.32532316092499114
UGA-fed(KEN+TZA),2000,10,unemployment,2010,prophet_graph,3.623,1.0040666445111688
UGA-fed(KEN+TZA),2000,10,unemployment,2010,xgb_blind,3.623,0.07646469309946768
UGA-fed(KEN+TZA),2000,10,unemployment,2010,xgb_graph,3.623,0.07646469309946768
UGA-fed(KEN+TZA),2000,10,unemployment,2010,lgbm_blind,3.623,0.07646469309946768
UGA-fed(KEN+TZA),2000,10,unemployment,2010,lgbm_graph,3.623,0.07646469309946768
UGA-fed(KEN+TZA),2000,10,unemployment,2010,tft,3.623,0.07646469309946768
UGA-fed(KEN+TZA),2000,1,exports_gdp,2001,persistence,11.5180826373161,0.8666733440621002
UGA-fed(KEN+TZA),2000,1,exports_gdp,2001,arima,11.5180826373161,0.2036863936536406
UGA-fed(KEN+TZA),2000,1,exports_gdp,2001,prophet,11.5180826373161,1.3599283090645091
UGA-fed(KEN+TZA),2000,1,exports_gdp,2001,prophet_graph,11.5180826373161,0.10680886975293191
UGA-fed(KEN+TZA),2000,1,exports_gdp,2001,xgb_blind,11.5180826373161,0.2036863936536406
UGA-fed(KEN+TZA),2000,1,exports_gdp,2001,xgb_graph,11.5180826373161,0.8261184878410024
UGA-fed(KEN+TZA),2000,1,exports_gdp,2001,lgbm_blind,11.5180826373161,0.2036863936536406
UGA-fed(KEN+TZA),2000,1,exports_gdp,2001,lgbm_graph,11.5180826373161,1.3497604079307237
UGA-fed(KEN+TZA),2000,1,exports_gdp,2001,tft,11.5180826373161,0.2036863936536406
UGA-fed(KEN+TZA),2000,3,exports_gdp,2003,persistence,11.3867248339712,0.7353155407172007
UGA-fed(KEN+TZA),2000,3,exports_gdp,2003,arima,11.3867248339712,0.2332087786937347
UGA-fed(KEN+TZA),2000,3,exports_gdp,2003,prophet,11.3867248339712,2.482595869451929
UGA-fed(KEN+TZA),2000,3,exports_gdp,2003,prophet_graph,11.3867248339712,0.3052112426912963
UGA-fed(KEN+TZA),2000,3,exports_gdp,2003,xgb_blind,11.3867248339712,0.2332087786937347
UGA-fed(KEN+TZA),2000,3,exports_gdp,2003,xgb_graph,11.3867248339712,0.5328403668344635
UGA-fed(KEN+TZA),2000,3,exports_gdp,2003,lgbm_blind,11.3867248339712,0.2332087786937347
UGA-fed(KEN+TZA),2000,3,exports_gdp,2003,lgbm_graph,11.3867248339712,0.7045118851720673
UGA-fed(KEN+TZA),2000,3,exports_gdp,2003,tft,11.3867248339712,0.2332087786937347
UGA-fed(KEN+TZA),2000,5,exports_gdp,2005,persistence,14.1796999798574,3.5282906866034
UGA-fed(KEN+TZA),2000,5,exports_gdp,2005,arima,14.1796999798574,3.053801351140793
UGA-fed(KEN+TZA),2000,5,exports_gdp,2005,prophet,14.1796999798574,0.6822884391795458
UGA-fed(KEN+TZA),2000,5,exports_gdp,2005,prophet_graph,14.1796999798574,2.206717125178999
UGA-fed(KEN+TZA),2000,5,exports_gdp,2005,xgb_blind,14.1796999798574,3.053801351140793
UGA-fed(KEN+TZA),2000,5,exports_gdp,2005,xgb_graph,14.1796999798574,3.56428249938865
UGA-fed(KEN+TZA),2000,5,exports_gdp,2005,lgbm_blind,14.1796999798574,3.053801351140793
UGA-fed(KEN+TZA),2000,5,exports_gdp,2005,lgbm_graph,14.1796999798574,2.570591849720275
UGA-fed(KEN+TZA),2000,5,exports_gdp,2005,tft,14.1796999798574,3.053801351140793
UGA-fed(KEN+TZA),2000,10,exports_gdp,2010,persistence,13.8244828747602,3.1730735815062
UGA-fed(KEN+TZA),2000,10,exports_gdp,2010,arima,13.8244828747602,2.7043775732751545
UGA-fed(KEN+TZA),2000,10,exports_gdp,2010,prophet,13.8244828747602,3.5171378954543435
UGA-fed(KEN+TZA),2000,10,exports_gdp,2010,prophet_graph,13.8244828747602,1.149459778416901
UGA-fed(KEN+TZA),2000,10,exports_gdp,2010,xgb_blind,13.8244828747602,2.7043775732751545
UGA-fed(KEN+TZA),2000,10,exports_gdp,2010,xgb_graph,13.8244828747602,2.7043775732751545
UGA-fed(KEN+TZA),2000,10,exports_gdp,2010,lgbm_blind,13.8244828747602,2.7043775732751545
UGA-fed(KEN+TZA),2000,10,exports_gdp,2010,lgbm_graph,13.8244828747602,2.7043775732751545
UGA-fed(KEN+TZA),2000,10,exports_gdp,2010,tft,13.8244828747602,2.7043775732751545
UGA-fed(KEN+TZA),2000,1,imports_gdp,2001,persistence,23.8118941446563,1.7142700995281004
UGA-fed(KEN+TZA),2000,1,imports_gdp,2001,arima,23.8118941446563,1.5051345897784714
UGA-fed(KEN+TZA),2000,1,imports_gdp,2001,prophet,23.8118941446563,1.5600605366422755
UGA-fed(KEN+TZA),2000,1,imports_gdp,2001,prophet_graph,23.8118941446563,0.6609405919641986
UGA-fed(KEN+TZA),2000,1,imports_gdp,2001,xgb_blind,23.8118941446563,1.5051345897784714
UGA-fed(KEN+TZA),2000,1,imports_gdp,2001,xgb_graph,23.8118941446563,2.1088950296660656
UGA-fed(KEN+TZA),2000,1,imports_gdp,2001,lgbm_blind,23.8118941446563,1.5051345897784714
UGA-fed(KEN+TZA),2000,1,imports_gdp,2001,lgbm_graph,23.8118941446563,2.0283761163970233
UGA-fed(KEN+TZA),2000,1,imports_gdp,2001,tft,23.8118941446563,1.5051345897784714
UGA-fed(KEN+TZA),2000,3,imports_gdp,2003,persistence,25.1990016301556,3.1013775850274
UGA-fed(KEN+TZA),2000,3,imports_gdp,2003,arima,25.1990016301556,2.915087851300605
UGA-fed(KEN+TZA),2000,3,imports_gdp,2003,prophet,25.1990016301556,2.7176306438495104
UGA-fed(KEN+TZA),2000,3,imports_gdp,2003,prophet_graph,25.1990016301556,4.282181435240069
UGA-fed(KEN+TZA),2000,3,imports_gdp,2003,xgb_blind,25.1990016301556,2.915087851300605
UGA-fed(KEN+TZA),2000,3,imports_gdp,2003,xgb_graph,25.1990016301556,2.7097266515179044
UGA-fed(KEN+TZA),2000,3,imports_gdp,2003,lgbm_blind,25.1990016301556,2.915087851300605
UGA-fed(KEN+TZA),2000,3,imports_gdp,2003,lgbm_graph,25.1990016301556,3.7482074101848966
UGA-fed(KEN+TZA),2000,3,imports_gdp,2003,tft,25.1990016301556,2.915087851300605
UGA-fed(KEN+TZA),2000,5,imports_gdp,2005,persistence,24.8145855040487,2.716961458920501
UGA-fed(KEN+TZA),2000,5,imports_gdp,2005,arima,24.8145855040487,2.531027656572217
UGA-fed(KEN+TZA),2000,5,imports_gdp,2005,prophet,24.8145855040487,2.103362704685768
UGA-fed(KEN+TZA),2000,5,imports_gdp,2005,prophet_graph,24.8145855040487,9.681806641257452
UGA-fed(KEN+TZA),2000,5,imports_gdp,2005,xgb_blind,24.8145855040487,2.531027656572217
UGA-fed(KEN+TZA),2000,5,imports_gdp,2005,xgb_graph,24.8145855040487,2.4946640105184272
UGA-fed(KEN+TZA),2000,5,imports_gdp,2005,lgbm_blind,24.8145855040487,2.531027656572217
UGA-fed(KEN+TZA),2000,5,imports_gdp,2005,lgbm_graph,24.8145855040487,2.926216261698439
UGA-fed(KEN+TZA),2000,5,imports_gdp,2005,tft,24.8145855040487,2.531027656572217
UGA-fed(KEN+TZA),2000,10,imports_gdp,2010,persistence,24.4447661623689,2.3471421172407005
UGA-fed(KEN+TZA),2000,10,imports_gdp,2010,arima,24.4447661623689,2.1612139481454022
UGA-fed(KEN+TZA),2000,10,imports_gdp,2010,prophet,24.4447661623689,1.159385482511027
UGA-fed(KEN+TZA),2000,10,imports_gdp,2010,prophet_graph,24.4447661623689,22.579357556010493
UGA-fed(KEN+TZA),2000,10,imports_gdp,2010,xgb_blind,24.4447661623689,2.1612139481454022
UGA-fed(KEN+TZA),2000,10,imports_gdp,2010,xgb_graph,24.4447661623689,2.1612139481454022
UGA-fed(KEN+TZA),2000,10,imports_gdp,2010,lgbm_blind,24.4447661623689,2.1612139481454022
UGA-fed(KEN+TZA),2000,10,imports_gdp,2010,lgbm_graph,24.4447661623689,2.1612139481454022
UGA-fed(KEN+TZA),2000,10,imports_gdp,2010,tft,24.4447661623689,2.1612139481454022
UGA-fed(KEN+TZA),2000,1,current_account,2001,persistence,-5.23214599458245,0.5612610734327799
UGA-fed(KEN+TZA),2000,1,current_account,2001,arima,-5.23214599458245,0.11911688761780503
UGA-fed(KEN+TZA),2000,1,current_account,2001,prophet,-5.23214599458245,0.20113103359152618
UGA-fed(KEN+TZA),2000,1,current_account,2001,prophet_graph,-5.23214599458245,2.2002697312896613
UGA-fed(KEN+TZA),2000,1,current_account,2001,xgb_blind,-5.23214599458245,0.11911688761780503
UGA-fed(KEN+TZA),2000,1,current_account,2001,xgb_graph,-5.23214599458245,0.10858944090338962
UGA-fed(KEN+TZA),2000,1,current_account,2001,lgbm_blind,-5.23214599458245,0.11911688761780503
UGA-fed(KEN+TZA),2000,1,current_account,2001,lgbm_graph,-5.23214599458245,0.44156007138756515
UGA-fed(KEN+TZA),2000,1,current_account,2001,tft,-5.23214599458245,0.11911688761780503
UGA-fed(KEN+TZA),2000,3,current_account,2003,persistence,-0.581756161515947,5.211650906499283
UGA-fed(KEN+TZA),2000,3,current_account,2003,arima,-0.581756161515947,4.879981719541901
UGA-fed(KEN+TZA),2000,3,current_account,2003,prophet,-0.581756161515947,4.489247056375411
UGA-fed(KEN+TZA),2000,3,current_account,2003,prophet_graph,-0.581756161515947,2.1871516638409547
UGA-fed(KEN+TZA),2000,3,current_account,2003,xgb_blind,-0.581756161515947,4.879981719541901
UGA-fed(KEN+TZA),2000,3,current_account,2003,xgb_graph,-0.581756161515947,4.124466372663741
UGA-fed(KEN+TZA),2000,3,current_account,2003,lgbm_blind,-0.581756161515947,4.879981719541901
UGA-fed(KEN+TZA),2000,3,current_account,2003,lgbm_graph,-0.581756161515947,4.331912739212279
UGA-fed(KEN+TZA),2000,3,current_account,2003,tft,-0.581756161515947,4.879981719541901
UGA-fed(KEN+TZA),2000,5,current_account,2005,persistence,0.579537398767585,6.3729444667828155
UGA-fed(KEN+TZA),2000,5,current_account,2005,arima,0.579537398767585,6.067611158558606
UGA-fed(KEN+TZA),2000,5,current_account,2005,prophet,0.579537398767585,5.690583651993487
UGA-fed(KEN+TZA),2000,5,current_account,2005,prophet_graph,0.579537398767585,5.66948229625141
UGA-fed(KEN+TZA),2000,5,current_account,2005,xgb_blind,0.579537398767585,6.067611158558606
UGA-fed(KEN+TZA),2000,5,current_account,2005,xgb_graph,0.579537398767585,4.548853166055793
UGA-fed(KEN+TZA),2000,5,current_account,2005,lgbm_blind,0.579537398767585,6.067611158558606
UGA-fed(KEN+TZA),2000,5,current_account,2005,lgbm_graph,0.579537398767585,5.517876671902453
UGA-fed(KEN+TZA),2000,5,current_account,2005,tft,0.579537398767585,6.067611158558606
UGA-fed(KEN+TZA),2000,10,current_account,2010,persistence,-6.0351181457015,0.24171107768627031
UGA-fed(KEN+TZA),2000,10,current_account,2010,arima,-6.0351181457015,0.5385724296810883
UGA-fed(KEN+TZA),2000,10,current_account,2010,prophet,-6.0351181457015,0.8240464717904059
UGA-fed(KEN+TZA),2000,10,current_account,2010,prophet_graph,-6.0351181457015,23.883669681841173
UGA-fed(KEN+TZA),2000,10,current_account,2010,xgb_blind,-6.0351181457015,0.5385724296810883
UGA-fed(KEN+TZA),2000,10,current_account,2010,xgb_graph,-6.0351181457015,0.5385724296810883
UGA-fed(KEN+TZA),2000,10,current_account,2010,lgbm_blind,-6.0351181457015,0.5385724296810883
UGA-fed(KEN+TZA),2000,10,current_account,2010,lgbm_graph,-6.0351181457015,0.5385724296810883
UGA-fed(KEN+TZA),2000,10,current_account,2010,tft,-6.0351181457015,0.5385724296810883
UGA-fed(KEN+TZA),2000,1,real_interest_rate,2001,persistence,17.3344956748948,6.712881405380701
UGA-fed(KEN+TZA),2000,1,real_interest_rate,2001,arima,17.3344956748948,0.73681784846017
UGA-fed(KEN+TZA),2000,1,real_interest_rate,2001,prophet,17.3344956748948,3.37605400637392
UGA-fed(KEN+TZA),2000,1,real_interest_rate,2001,prophet_graph,17.3344956748948,3.251351029088436
UGA-fed(KEN+TZA),2000,1,real_interest_rate,2001,xgb_blind,17.3344956748948,0.73681784846017
UGA-fed(KEN+TZA),2000,1,real_interest_rate,2001,xgb_graph,17.3344956748948,6.1925336235031985
UGA-fed(KEN+TZA),2000,1,real_interest_rate,2001,lgbm_blind,17.3344956748948,0.73681784846017
UGA-fed(KEN+TZA),2000,1,real_interest_rate,2001,lgbm_graph,17.3344956748948,7.584043299482813
UGA-fed(KEN+TZA),2000,1,real_interest_rate,2001,tft,17.3344956748948,0.73681784846017
UGA-fed(KEN+TZA),2000,3,real_interest_rate,2003,persistence,10.3290387321641,0.2925755373499985
UGA-fed(KEN+TZA),2000,3,real_interest_rate,2003,arima,10.3290387321641,4.784221501478676
UGA-fed(KEN+TZA),2000,3,real_interest_rate,2003,prophet,10.3290387321641,14.446583927892142
UGA-fed(KEN+TZA),2000,3,real_interest_rate,2003,prophet_graph,10.3290387321641,13.861224926165182
UGA-fed(KEN+TZA),2000,3,real_interest_rate,2003,xgb_blind,10.3290387321641,4.784221501478676
UGA-fed(KEN+TZA),2000,3,real_interest_rate,2003,xgb_graph,10.3290387321641,1.0964850257704697
UGA-fed(KEN+TZA),2000,3,real_interest_rate,2003,lgbm_blind,10.3290387321641,4.784221501478676
UGA-fed(KEN+TZA),2000,3,real_interest_rate,2003,lgbm_graph,10.3290387321641,1.5393726896117172
UGA-fed(KEN+TZA),2000,3,real_interest_rate,2003,tft,10.3290387321641,4.784221501478676
UGA-fed(KEN+TZA),2000,5,real_interest_rate,2005,persistence,21.7655522885928,11.143938019078702
UGA-fed(KEN+TZA),2000,5,real_interest_rate,2005,arima,21.7655522885928,7.085270830299807
UGA-fed(KEN+TZA),2000,5,real_interest_rate,2005,prophet,21.7655522885928,7.080711943372595
UGA-fed(KEN+TZA),2000,5,real_interest_rate,2005,prophet_graph,21.7655522885928,6.034065881554241
UGA-fed(KEN+TZA),2000,5,real_interest_rate,2005,xgb_blind,21.7655522885928,7.085270830299807
UGA-fed(KEN+TZA),2000,5,real_interest_rate,2005,xgb_graph,21.7655522885928,5.067268139422879
UGA-fed(KEN+TZA),2000,5,real_interest_rate,2005,lgbm_blind,21.7655522885928,7.085270830299807
UGA-fed(KEN+TZA),2000,5,real_interest_rate,2005,lgbm_graph,21.7655522885928,7.426941480538195
UGA-fed(KEN+TZA),2000,5,real_interest_rate,2005,tft,21.7655522885928,7.085270830299807
UGA-fed(KEN+TZA),2000,10,real_interest_rate,2010,persistence,13.7612146491897,3.139600379675601
UGA-fed(KEN+TZA),2000,10,real_interest_rate,2010,arima,13.7612146491897,0.7325750146305428
UGA-fed(KEN+TZA),2000,10,real_interest_rate,2010,prophet,13.7612146491897,25.253300622866124
UGA-fed(KEN+TZA),2000,10,real_interest_rate,2010,prophet_graph,13.7612146491897,23.054383464294173
UGA-fed(KEN+TZA),2000,10,real_interest_rate,2010,xgb_blind,13.7612146491897,0.7325750146305428
UGA-fed(KEN+TZA),2000,10,real_interest_rate,2010,xgb_graph,13.7612146491897,0.7325750146305428
UGA-fed(KEN+TZA),2000,10,real_interest_rate,2010,lgbm_blind,13.7612146491897,0.7325750146305428
UGA-fed(KEN+TZA),2000,10,real_interest_rate,2010,lgbm_graph,13.7612146491897,0.7325750146305428
UGA-fed(KEN+TZA),2000,10,real_interest_rate,2010,tft,13.7612146491897,0.7325750146305428
UGA-fed(KEN+TZA),2000,1,broad_money,2001,persistence,16.0914425659075,0.024093619274800915
UGA-fed(KEN+TZA),2000,1,broad_money,2001,arima,16.0914425659075,0.2405576299980936
UGA-fed(KEN+TZA),2000,1,broad_money,2001,prophet,16.0914425659075,1.1413767496203668
UGA-fed(KEN+TZA),2000,1,broad_money,2001,prophet_graph,16.0914425659075,0.9266129585419165
UGA-fed(KEN+TZA),2000,1,broad_money,2001,xgb_blind,16.0914425659075,0.2405576299980936
UGA-fed(KEN+TZA),2000,1,broad_money,2001,xgb_graph,16.0914425659075,0.28768585204031183
UGA-fed(KEN+TZA),2000,1,broad_money,2001,lgbm_blind,16.0914425659075,0.2405576299980936
UGA-fed(KEN+TZA),2000,1,broad_money,2001,lgbm_graph,16.0914425659075,3.4239356803789356
UGA-fed(KEN+TZA),2000,1,broad_money,2001,tft,16.0914425659075,0.2405576299980936
UGA-fed(KEN+TZA),2000,3,broad_money,2003,persistence,19.5539584255384,3.4384222403561004
UGA-fed(KEN+TZA),2000,3,broad_money,2003,arima,19.5539584255384,3.0810934452215157
UGA-fed(KEN+TZA),2000,3,broad_money,2003,prophet,19.5539584255384,0.6474661965787654
UGA-fed(KEN+TZA),2000,3,broad_money,2003,prophet_graph,19.5539584255384,1.327462795187742
UGA-fed(KEN+TZA),2000,3,broad_money,2003,xgb_blind,19.5539584255384,3.0810934452215157
UGA-fed(KEN+TZA),2000,3,broad_money,2003,xgb_graph,19.5539584255384,3.691332349793772
UGA-fed(KEN+TZA),2000,3,broad_money,2003,lgbm_blind,19.5539584255384,3.0810934452215157
UGA-fed(KEN+TZA),2000,3,broad_money,2003,lgbm_graph,19.5539584255384,6.003716359155039
UGA-fed(KEN+TZA),2000,3,broad_money,2003,tft,19.5539584255384,3.0810934452215157
UGA-fed(KEN+TZA),2000,5,broad_money,2005,persistence,19.3229389303276,3.2074027451452984
UGA-fed(KEN+TZA),2000,5,broad_money,2005,arima,19.3229389303276,2.821665282304746
UGA-fed(KEN+TZA),2000,5,broad_money,2005,prophet,19.3229389303276,1.2595189146849464
UGA-fed(KEN+TZA),2000,5,broad_money,2005,prophet_graph,19.3229389303276,0.11365220332964654
UGA-fed(KEN+TZA),2000,5,broad_money,2005,xgb_blind,19.3229389303276,2.821665282304746
UGA-fed(KEN+TZA),2000,5,broad_money,2005,xgb_graph,19.3229389303276,3.471945773894493
UGA-fed(KEN+TZA),2000,5,broad_money,2005,lgbm_blind,19.3229389303276,2.821665282304746
UGA-fed(KEN+TZA),2000,5,broad_money,2005,lgbm_graph,19.3229389303276,5.176618269418581
UGA-fed(KEN+TZA),2000,5,broad_money,2005,tft,19.3229389303276,2.821665282304746
UGA-fed(KEN+TZA),2000,10,broad_money,2010,persistence,17.3447697728192,1.229233587636898
UGA-fed(KEN+TZA),2000,10,broad_money,2010,arima,17.3447697728192,0.8364506072708799
UGA-fed(KEN+TZA),2000,10,broad_money,2010,prophet,17.3447697728192,7.4241630583939155
UGA-fed(KEN+TZA),2000,10,broad_money,2010,prophet_graph,17.3447697728192,5.1145770229964995
UGA-fed(KEN+TZA),2000,10,broad_money,2010,xgb_blind,17.3447697728192,0.8364506072708799
UGA-fed(KEN+TZA),2000,10,broad_money,2010,xgb_graph,17.3447697728192,0.8364506072708799
UGA-fed(KEN+TZA),2000,10,broad_money,2010,lgbm_blind,17.3447697728192,0.8364506072708799
UGA-fed(KEN+TZA),2000,10,broad_money,2010,lgbm_graph,17.3447697728192,0.8364506072708799
UGA-fed(KEN+TZA),2000,10,broad_money,2010,tft,17.3447697728192,0.8364506072708799
UGA-fed(KEN+TZA),2000,1,govt_consumption,2001,persistence,15.5818448612763,1.077520462749101
UGA-fed(KEN+TZA),2000,1,govt_consumption,2001,arima,15.5818448612763,0.4779538261448568
UGA-fed(KEN+TZA),2000,1,govt_consumption,2001,prophet,15.5818448612763,0.6380802749995951
UGA-fed(KEN+TZA),2000,1,govt_consumption,2001,prophet_graph,15.5818448612763,2.9706851436646406
UGA-fed(KEN+TZA),2000,1,govt_consumption,2001,xgb_blind,15.5818448612763,0.4779538261448568
UGA-fed(KEN+TZA),2000,1,govt_consumption,2001,xgb_graph,15.5818448612763,1.9524598667694644
UGA-fed(KEN+TZA),2000,1,govt_consumption,2001,lgbm_blind,15.5818448612763,0.4779538261448568
UGA-fed(KEN+TZA),2000,1,govt_consumption,2001,lgbm_graph,15.5818448612763,3.7964096615387515
UGA-fed(KEN+TZA),2000,1,govt_consumption,2001,tft,15.5818448612763,0.4779538261448568
UGA-fed(KEN+TZA),2000,3,govt_consumption,2003,persistence,15.7450533454078,1.2407289468806013
UGA-fed(KEN+TZA),2000,3,govt_consumption,2003,arima,15.7450533454078,0.3418468060453872
UGA-fed(KEN+TZA),2000,3,govt_consumption,2003,prophet,15.7450533454078,0.37976110685802666
UGA-fed(KEN+TZA),2000,3,govt_consumption,2003,prophet_graph,15.7450533454078,6.234706387194265
UGA-fed(KEN+TZA),2000,3,govt_consumption,2003,xgb_blind,15.7450533454078,0.3418468060453872
UGA-fed(KEN+TZA),2000,3,govt_consumption,2003,xgb_graph,15.7450533454078,1.4918861930030154
UGA-fed(KEN+TZA),2000,3,govt_consumption,2003,lgbm_blind,15.7450533454078,0.3418468060453872
UGA-fed(KEN+TZA),2000,3,govt_consumption,2003,lgbm_graph,15.7450533454078,3.325393254007654
UGA-fed(KEN+TZA),2000,3,govt_consumption,2003,tft,15.7450533454078,0.3418468060453872
UGA-fed(KEN+TZA),2000,5,govt_consumption,2005,persistence,14.4927633926747,0.011561005852499306
UGA-fed(KEN+TZA),2000,5,govt_consumption,2005,arima,14.4927633926747,0.9504451491223112
UGA-fed(KEN+TZA),2000,5,govt_consumption,2005,prophet,14.4927633926747,2.8147188021090024
UGA-fed(KEN+TZA),2000,5,govt_consumption,2005,prophet_graph,14.4927633926747,8.087476882570797
UGA-fed(KEN+TZA),2000,5,govt_consumption,2005,xgb_blind,14.4927633926747,0.9504451491223112
UGA-fed(KEN+TZA),2000,5,govt_consumption,2005,xgb_graph,14.4927633926747,0.4086989090321218
UGA-fed(KEN+TZA),2000,5,govt_consumption,2005,lgbm_blind,14.4927633926747,0.9504451491223112
UGA-fed(KEN+TZA),2000,5,govt_consumption,2005,lgbm_graph,14.4927633926747,1.7491752629953385
UGA-fed(KEN+TZA),2000,5,govt_consumption,2005,tft,14.4927633926747,0.9504451491223112
UGA-fed(KEN+TZA),2000,10,govt_consumption,2010,persistence,8.27345406223707,6.230870336290129
UGA-fed(KEN+TZA),2000,10,govt_consumption,2010,arima,8.27345406223707,7.175884942913317
UGA-fed(KEN+TZA),2000,10,govt_consumption,2010,prophet,8.27345406223707,11.988270674048197
UGA-fed(KEN+TZA),2000,10,govt_consumption,2010,prophet_graph,8.27345406223707,9.624447139339983
UGA-fed(KEN+TZA),2000,10,govt_consumption,2010,xgb_blind,8.27345406223707,7.175884942913317
UGA-fed(KEN+TZA),2000,10,govt_consumption,2010,xgb_graph,8.27345406223707,7.175884942913317
UGA-fed(KEN+TZA),2000,10,govt_consumption,2010,lgbm_blind,8.27345406223707,7.175884942913317
UGA-fed(KEN+TZA),2000,10,govt_consumption,2010,lgbm_graph,8.27345406223707,7.175884942913317
UGA-fed(KEN+TZA),2000,10,govt_consumption,2010,tft,8.27345406223707,7.175884942913317
UGA-fed(KEN+TZA),2001,1,gdp_growth,2002,persistence,8.73268576440127,3.549024639498909
UGA-fed(KEN+TZA),2001,1,gdp_growth,2002,arima,8.73268576440127,4.463435147308628
UGA-fed(KEN+TZA),2001,1,gdp_growth,2002,prophet,8.73268576440127,2.912246555339437
UGA-fed(KEN+TZA),2001,1,gdp_growth,2002,prophet_graph,8.73268576440127,5.245584214648611
UGA-fed(KEN+TZA),2001,1,gdp_growth,2002,xgb_blind,8.73268576440127,4.463435147308628
UGA-fed(KEN+TZA),2001,1,gdp_growth,2002,xgb_graph,8.73268576440127,3.3781511383941893
UGA-fed(KEN+TZA),2001,1,gdp_growth,2002,lgbm_blind,8.73268576440127,4.463435147308628
UGA-fed(KEN+TZA),2001,1,gdp_growth,2002,lgbm_graph,8.73268576440127,2.307001810855959
UGA-fed(KEN+TZA),2001,1,gdp_growth,2002,tft,8.73268576440127,4.463435147308628
UGA-fed(KEN+TZA),2001,3,gdp_growth,2004,persistence,6.80723334361883,1.62357221871647
UGA-fed(KEN+TZA),2001,3,gdp_growth,2004,arima,6.80723334361883,2.311866433690721
UGA-fed(KEN+TZA),2001,3,gdp_growth,2004,prophet,6.80723334361883,1.1738399694091664
UGA-fed(KEN+TZA),2001,3,gdp_growth,2004,prophet_graph,6.80723334361883,6.085046852987063
UGA-fed(KEN+TZA),2001,3,gdp_growth,2004,xgb_blind,6.80723334361883,2.311866433690721
UGA-fed(KEN+TZA),2001,3,gdp_growth,2004,xgb_graph,6.80723334361883,0.6553468603911794
UGA-fed(KEN+TZA),2001,3,gdp_growth,2004,lgbm_blind,6.80723334361883,2.311866433690721
UGA-fed(KEN+TZA),2001,3,gdp_growth,2004,lgbm_graph,6.80723334361883,0.04944124808140593
UGA-fed(KEN+TZA),2001,3,gdp_growth,2004,tft,6.80723334361883,2.311866433690721
UGA-fed(KEN+TZA),2001,5,gdp_growth,2006,persistence,10.7847443857453,5.60108326084294
UGA-fed(KEN+TZA),2001,5,gdp_growth,2006,arima,10.7847443857453,6.244024317784184
UGA-fed(KEN+TZA),2001,5,gdp_growth,2006,prophet,10.7847443857453,5.338653073558835
UGA-fed(KEN+TZA),2001,5,gdp_growth,2006,prophet_graph,10.7847443857453,12.83126050910993
UGA-fed(KEN+TZA),2001,5,gdp_growth,2006,xgb_blind,10.7847443857453,6.244024317784184
UGA-fed(KEN+TZA),2001,5,gdp_growth,2006,xgb_graph,10.7847443857453,5.542242173220886
UGA-fed(KEN+TZA),2001,5,gdp_growth,2006,lgbm_blind,10.7847443857453,6.244024317784184
UGA-fed(KEN+TZA),2001,5,gdp_growth,2006,lgbm_graph,10.7847443857453,4.073295409773533
UGA-fed(KEN+TZA),2001,5,gdp_growth,2006,tft,10.7847443857453,6.244024317784184
UGA-fed(KEN+TZA),2001,10,gdp_growth,2011,persistence,9.3916554927176,4.20799436781524
UGA-fed(KEN+TZA),2001,10,gdp_growth,2011,arima,9.3916554927176,4.839351376675343
UGA-fed(KEN+TZA),2001,10,gdp_growth,2011,prophet,9.3916554927176,4.413434994832585
UGA-fed(KEN+TZA),2001,10,gdp_growth,2011,prophet_graph,9.3916554927176,18.35424681875996
UGA-fed(KEN+TZA),2001,10,gdp_growth,2011,xgb_blind,9.3916554927176,4.839351376675343
UGA-fed(KEN+TZA),2001,10,gdp_growth,2011,xgb_graph,9.3916554927176,4.839351376675343
UGA-fed(KEN+TZA),2001,10,gdp_growth,2011,lgbm_blind,9.3916554927176,4.839351376675343
UGA-fed(KEN+TZA),2001,10,gdp_growth,2011,lgbm_graph,9.3916554927176,4.839351376675343
UGA-fed(KEN+TZA),2001,10,gdp_growth,2011,tft,9.3916554927176,4.839351376675343
UGA-fed(KEN+TZA),2001,1,unemployment,2002,persistence,3.5,0.021999999999999797
UGA-fed(KEN+TZA),2001,1,unemployment,2002,arima,3.5,0.020461264881948438
UGA-fed(KEN+TZA),2001,1,unemployment,2002,prophet,3.5,0.09483349745471337
UGA-fed(KEN+TZA),2001,1,unemployment,2002,prophet_graph,3.5,0.0663288190345348
UGA-fed(KEN+TZA),2001,1,unemployment,2002,xgb_blind,3.5,0.020461264881948438
UGA-fed(KEN+TZA),2001,1,unemployment,2002,xgb_graph,3.5,0.004898548126220703
UGA-fed(KEN+TZA),2001,1,unemployment,2002,lgbm_blind,3.5,0.020461264881948438
UGA-fed(KEN+TZA),2001,1,unemployment,2002,lgbm_graph,3.5,0.09509090943769971
UGA-fed(KEN+TZA),2001,1,unemployment,2002,tft,3.5,0.020461264881948438
UGA-fed(KEN+TZA),2001,3,unemployment,2004,persistence,2.699,0.823
UGA-fed(KEN+TZA),2001,3,unemployment,2004,arima,2.699,0.8211532077970194
UGA-fed(KEN+TZA),2001,3,unemployment,2004,prophet,2.699,0.7053776005696504
UGA-fed(KEN+TZA),2001,3,unemployment,2004,prophet_graph,2.699,0.5038592072086323
UGA-fed(KEN+TZA),2001,3,unemployment,2004,xgb_blind,2.699,0.8211532077970194
UGA-fed(KEN+TZA),2001,3,unemployment,2004,xgb_graph,2.699,0.7997125396728517
UGA-fed(KEN+TZA),2001,3,unemployment,2004,lgbm_blind,2.699,0.8211532077970194
UGA-fed(KEN+TZA),2001,3,unemployment,2004,lgbm_graph,2.699,0.6846666742960612
UGA-fed(KEN+TZA),2001,3,unemployment,2004,tft,2.699,0.8211532077970194
UGA-fed(KEN+TZA),2001,5,unemployment,2006,persistence,2.264,1.258
UGA-fed(KEN+TZA),2001,5,unemployment,2006,arima,2.264,1.256144203000285
UGA-fed(KEN+TZA),2001,5,unemployment,2006,prophet,2.264,1.1395876179063764
UGA-fed(KEN+TZA),2001,5,unemployment,2006,prophet_graph,2.264,0.7077310526658311
UGA-fed(KEN+TZA),2001,5,unemployment,2006,xgb_blind,2.264,1.256144203000285
UGA-fed(KEN+TZA),2001,5,unemployment,2006,xgb_graph,2.264,1.2431766376495363
UGA-fed(KEN+TZA),2001,5,unemployment,2006,lgbm_blind,2.264,1.256144203000285
UGA-fed(KEN+TZA),2001,5,unemployment,2006,lgbm_graph,2.264,1.0942857336316791
UGA-fed(KEN+TZA),2001,5,unemployment,2006,tft,2.264,1.256144203000285
UGA-fed(KEN+TZA),2001,10,unemployment,2011,persistence,3.523,0.001000000000000334
UGA-fed(KEN+TZA),2001,10,unemployment,2011,arima,3.523,0.0028560681045424197
UGA-fed(KEN+TZA),2001,10,unemployment,2011,prophet,3.523,0.121385717720353
UGA-fed(KEN+TZA),2001,10,unemployment,2011,prophet_graph,3.523,1.1286150625122202
UGA-fed(KEN+TZA),2001,10,unemployment,2011,xgb_blind,3.523,0.0028560681045424197
UGA-fed(KEN+TZA),2001,10,unemployment,2011,xgb_graph,3.523,0.0028560681045424197
UGA-fed(KEN+TZA),2001,10,unemployment,2011,lgbm_blind,3.523,0.0028560681045424197
UGA-fed(KEN+TZA),2001,10,unemployment,2011,lgbm_graph,3.523,0.0028560681045424197
UGA-fed(KEN+TZA),2001,10,unemployment,2011,tft,3.523,0.0028560681045424197
UGA-fed(KEN+TZA),2001,1,exports_gdp,2002,persistence,11.2132791661446,0.30480347117149975
UGA-fed(KEN+TZA),2001,1,exports_gdp,2002,arima,11.2132791661446,0.06307936993705532
UGA-fed(KEN+TZA),2001,1,exports_gdp,2002,prophet,11.2132791661446,1.7060207905299105
UGA-fed(KEN+TZA),2001,1,exports_gdp,2002,prophet_graph,11.2132791661446,0.7064147796884335
UGA-fed(KEN+TZA),2001,1,exports_gdp,2002,xgb_blind,11.2132791661446,0.06307936993705532
UGA-fed(KEN+TZA),2001,1,exports_gdp,2002,xgb_graph,11.2132791661446,0.2498840474312214
UGA-fed(KEN+TZA),2001,1,exports_gdp,2002,lgbm_blind,11.2132791661446,0.06307936993705532
UGA-fed(KEN+TZA),2001,1,exports_gdp,2002,lgbm_graph,11.2132791661446,0.9222514468203151
UGA-fed(KEN+TZA),2001,1,exports_gdp,2002,tft,11.2132791661446,0.06307936993705532
UGA-fed(KEN+TZA),2001,3,exports_gdp,2004,persistence,12.6968807487592,1.1787981114431005
UGA-fed(KEN+TZA),2001,3,exports_gdp,2004,arima,12.6968807487592,1.4568085481355624
UGA-fed(KEN+TZA),2001,3,exports_gdp,2004,prophet,12.6968807487592,1.1090942394216672
UGA-fed(KEN+TZA),2001,3,exports_gdp,2004,prophet_graph,12.6968807487592,0.4321823364792561
UGA-fed(KEN+TZA),2001,3,exports_gdp,2004,xgb_blind,12.6968807487592,1.4568085481355624
UGA-fed(KEN+TZA),2001,3,exports_gdp,2004,xgb_graph,12.6968807487592,1.140215328226974
UGA-fed(KEN+TZA),2001,3,exports_gdp,2004,lgbm_blind,12.6968807487592,1.4568085481355624
UGA-fed(KEN+TZA),2001,3,exports_gdp,2004,lgbm_graph,12.6968807487592,1.9217933921918178
UGA-fed(KEN+TZA),2001,3,exports_gdp,2004,tft,12.6968807487592,1.4568085481355624
UGA-fed(KEN+TZA),2001,5,exports_gdp,2006,persistence,15.2754133833713,3.7573307460551995
UGA-fed(KEN+TZA),2001,5,exports_gdp,2006,arima,15.2754133833713,4.019147913173157
UGA-fed(KEN+TZA),2001,5,exports_gdp,2006,prophet,15.2754133833713,0.5815487403532504
UGA-fed(KEN+TZA),2001,5,exports_gdp,2006,prophet_graph,15.2754133833713,2.665237895786298
UGA-fed(KEN+TZA),2001,5,exports_gdp,2006,xgb_blind,15.2754133833713,4.019147913173157
UGA-fed(KEN+TZA),2001,5,exports_gdp,2006,xgb_graph,15.2754133833713,4.56310640705294
UGA-fed(KEN+TZA),2001,5,exports_gdp,2006,lgbm_blind,15.2754133833713,4.019147913173157
UGA-fed(KEN+TZA),2001,5,exports_gdp,2006,lgbm_graph,15.2754133833713,3.6793088977232813
UGA-fed(KEN+TZA),2001,5,exports_gdp,2006,tft,15.2754133833713,4.019147913173157
UGA-fed(KEN+TZA),2001,10,exports_gdp,2011,persistence,12.8557239406741,1.3376413033579997
UGA-fed(KEN+TZA),2001,10,exports_gdp,2011,arima,12.8557239406741,1.5958504534202795
UGA-fed(KEN+TZA),2001,10,exports_gdp,2011,prophet,12.8557239406741,4.05604290444067
UGA-fed(KEN+TZA),2001,10,exports_gdp,2011,prophet_graph,12.8557239406741,0.617435321886326
UGA-fed(KEN+TZA),2001,10,exports_gdp,2011,xgb_blind,12.8557239406741,1.5958504534202795
UGA-fed(KEN+TZA),2001,10,exports_gdp,2011,xgb_graph,12.8557239406741,1.5958504534202795
UGA-fed(KEN+TZA),2001,10,exports_gdp,2011,lgbm_blind,12.8557239406741,1.5958504534202795
UGA-fed(KEN+TZA),2001,10,exports_gdp,2011,lgbm_graph,12.8557239406741,1.5958504534202795
UGA-fed(KEN+TZA),2001,10,exports_gdp,2011,tft,12.8557239406741,1.5958504534202795
UGA-fed(KEN+TZA),2001,1,imports_gdp,2002,persistence,25.0645149900385,1.2526208453822
UGA-fed(KEN+TZA),2001,1,imports_gdp,2002,arima,25.0645149900385,1.544853420198642
UGA-fed(KEN+TZA),2001,1,imports_gdp,2002,prophet,25.0645149900385,2.1692753598204817
UGA-fed(KEN+TZA),2001,1,imports_gdp,2002,prophet_graph,25.0645149900385,0.5787360460598485
UGA-fed(KEN+TZA),2001,1,imports_gdp,2002,xgb_blind,25.0645149900385,1.544853420198642
UGA-fed(KEN+TZA),2001,1,imports_gdp,2002,xgb_graph,25.0645149900385,1.5603054716058828
UGA-fed(KEN+TZA),2001,1,imports_gdp,2002,lgbm_blind,25.0645149900385,1.544853420198642
UGA-fed(KEN+TZA),2001,1,imports_gdp,2002,lgbm_graph,25.0645149900385,3.0965991949723595
UGA-fed(KEN+TZA),2001,1,imports_gdp,2002,tft,25.0645149900385,1.544853420198642
UGA-fed(KEN+TZA),2001,3,imports_gdp,2004,persistence,22.7632054968845,1.048688647771801
UGA-fed(KEN+TZA),2001,3,imports_gdp,2004,arima,22.7632054968845,0.7977807820919303
UGA-fed(KEN+TZA),2001,3,imports_gdp,2004,prophet,22.7632054968845,0.4837076915660674
UGA-fed(KEN+TZA),2001,3,imports_gdp,2004,prophet_graph,22.7632054968845,7.449578225211109
UGA-fed(KEN+TZA),2001,3,imports_gdp,2004,xgb_blind,22.7632054968845,0.7977807820919303
UGA-fed(KEN+TZA),2001,3,imports_gdp,2004,xgb_graph,22.7632054968845,0.9730787590969463
UGA-fed(KEN+TZA),2001,3,imports_gdp,2004,lgbm_blind,22.7632054968845,0.7977807820919303
UGA-fed(KEN+TZA),2001,3,imports_gdp,2004,lgbm_graph,22.7632054968845,1.0500669165622334
UGA-fed(KEN+TZA),2001,3,imports_gdp,2004,tft,22.7632054968845,0.7977807820919303
UGA-fed(KEN+TZA),2001,5,imports_gdp,2006,persistence,28.3578724062492,4.5459782615929
UGA-fed(KEN+TZA),2001,5,imports_gdp,2006,arima,28.3578724062492,4.795685222545892
UGA-fed(KEN+TZA),2001,5,imports_gdp,2006,prophet,28.3578724062492,4.758803914965764
UGA-fed(KEN+TZA),2001,5,imports_gdp,2006,prophet_graph,28.3578724062492,6.430703635660102
UGA-fed(KEN+TZA),2001,5,imports_gdp,2006,xgb_blind,28.3578724062492,4.795685222545892
UGA-fed(KEN+TZA),2001,5,imports_gdp,2006,xgb_graph,28.3578724062492,5.55781022668377
UGA-fed(KEN+TZA),2001,5,imports_gdp,2006,lgbm_blind,28.3578724062492,4.795685222545892
UGA-fed(KEN+TZA),2001,5,imports_gdp,2006,lgbm_graph,28.3578724062492,6.194713989501153
UGA-fed(KEN+TZA),2001,5,imports_gdp,2006,tft,28.3578724062492,4.795685222545892
UGA-fed(KEN+TZA),2001,10,imports_gdp,2011,persistence,26.899501619938,3.0876074752817004
UGA-fed(KEN+TZA),2001,10,imports_gdp,2011,arima,26.899501619938,3.3372784880039177
UGA-fed(KEN+TZA),2001,10,imports_gdp,2011,prophet,26.899501619938,2.420767488472869
UGA-fed(KEN+TZA),2001,10,imports_gdp,2011,prophet_graph,26.899501619938,19.3191657707809
UGA-fed(KEN+TZA),2001,10,imports_gdp,2011,xgb_blind,26.899501619938,3.3372784880039177
UGA-fed(KEN+TZA),2001,10,imports_gdp,2011,xgb_graph,26.899501619938,3.3372784880039177
UGA-fed(KEN+TZA),2001,10,imports_gdp,2011,lgbm_blind,26.899501619938,3.3372784880039177
UGA-fed(KEN+TZA),2001,10,imports_gdp,2011,lgbm_graph,26.899501619938,3.3372784880039177
UGA-fed(KEN+TZA),2001,10,imports_gdp,2011,tft,26.899501619938,3.3372784880039177
UGA-fed(KEN+TZA),2001,1,current_account,2002,persistence,-2.46011695217403,2.77202904240842
UGA-fed(KEN+TZA),2001,1,current_account,2002,arima,-2.46011695217403,3.0523810334429347
UGA-fed(KEN+TZA),2001,1,current_account,2002,prophet,-2.46011695217403,2.660738345878698
UGA-fed(KEN+TZA),2001,1,current_account,2002,prophet_graph,-2.46011695217403,1.4451512813363658
UGA-fed(KEN+TZA),2001,1,current_account,2002,xgb_blind,-2.46011695217403,3.0523810334429347
UGA-fed(KEN+TZA),2001,1,current_account,2002,xgb_graph,-2.46011695217403,3.0139893596240657
UGA-fed(KEN+TZA),2001,1,current_account,2002,lgbm_blind,-2.46011695217403,3.0523810334429347
UGA-fed(KEN+TZA),2001,1,current_account,2002,lgbm_graph,-2.46011695217403,2.3706107767563567
UGA-fed(KEN+TZA),2001,1,current_account,2002,tft,-2.46011695217403,3.0523810334429347
UGA-fed(KEN+TZA),2001,3,current_account,2004,persistence,-0.0210973345748702,5.21104866000758
UGA-fed(KEN+TZA),2001,3,current_account,2004,arima,-0.0210973345748702,5.421312722333939
UGA-fed(KEN+TZA),2001,3,current_account,2004,prophet,-0.0210973345748702,5.155343612607183
UGA-fed(KEN+TZA),2001,3,current_account,2004,prophet_graph,-0.0210973345748702,1.3732836441649763
UGA-fed(KEN+TZA),2001,3,current_account,2004,xgb_blind,-0.0210973345748702,5.421312722333939
UGA-fed(KEN+TZA),2001,3,current_account,2004,xgb_graph,-0.0210973345748702,4.715393391896077
UGA-fed(KEN+TZA),2001,3,current_account,2004,lgbm_blind,-0.0210973345748702,5.421312722333939
UGA-fed(KEN+TZA),2001,3,current_account,2004,lgbm_graph,-0.0210973345748702,4.92795788677082
UGA-fed(KEN+TZA),2001,3,current_account,2004,tft,-0.0210973345748702,5.421312722333939
UGA-fed(KEN+TZA),2001,5,current_account,2006,persistence,-3.18903604186135,2.0431099527211
UGA-fed(KEN+TZA),2001,5,current_account,2006,arima,-3.18903604186135,2.2358867992242444
UGA-fed(KEN+TZA),2001,5,current_account,2006,prophet,-3.18903604186135,2.043066699174862
UGA-fed(KEN+TZA),2001,5,current_account,2006,prophet_graph,-3.18903604186135,4.308981889473927
UGA-fed(KEN+TZA),2001,5,current_account,2006,xgb_blind,-3.18903604186135,2.2358867992242444
UGA-fed(KEN+TZA),2001,5,current_account,2006,xgb_graph,-3.18903604186135,0.6578813489620141
UGA-fed(KEN+TZA),2001,5,current_account,2006,lgbm_blind,-3.18903604186135,2.2358867992242444
UGA-fed(KEN+TZA),2001,5,current_account,2006,lgbm_graph,-3.18903604186135,1.791275590295022
UGA-fed(KEN+TZA),2001,5,current_account,2006,tft,-3.18903604186135,2.2358867992242444
UGA-fed(KEN+TZA),2001,10,current_account,2011,persistence,-7.48878445953833,2.2566384649558797
UGA-fed(KEN+TZA),2001,10,current_account,2011,arima,-7.48878445953833,2.069856056592971
UGA-fed(KEN+TZA),2001,10,current_account,2011,prophet,-7.48878445953833,2.117641450953972
UGA-fed(KEN+TZA),2001,10,current_account,2011,prophet_graph,-7.48878445953833,14.889388015659154
UGA-fed(KEN+TZA),2001,10,current_account,2011,xgb_blind,-7.48878445953833,2.069856056592971
UGA-fed(KEN+TZA),2001,10,current_account,2011,xgb_graph,-7.48878445953833,2.069856056592971
UGA-fed(KEN+TZA),2001,10,current_account,2011,lgbm_blind,-7.48878445953833,2.069856056592971
UGA-fed(KEN+TZA),2001,10,current_account,2011,lgbm_graph,-7.48878445953833,2.069856056592971
UGA-fed(KEN+TZA),2001,10,current_account,2011,tft,-7.48878445953833,2.069856056592971
UGA-fed(KEN+TZA),2001,1,real_interest_rate,2002,persistence,22.9955928360462,5.6610971611514
UGA-fed(KEN+TZA),2001,1,real_interest_rate,2002,arima,22.9955928360462,9.381807816219707
UGA-fed(KEN+TZA),2001,1,real_interest_rate,2002,prophet,22.9955928360462,1.380334078699022
UGA-fed(KEN+TZA),2001,1,real_interest_rate,2002,prophet_graph,22.9955928360462,5.94222368830782
UGA-fed(KEN+TZA),2001,1,real_interest_rate,2002,xgb_blind,22.9955928360462,9.381807816219707
UGA-fed(KEN+TZA),2001,1,real_interest_rate,2002,xgb_graph,22.9955928360462,8.148389581346493
UGA-fed(KEN+TZA),2001,1,real_interest_rate,2002,lgbm_blind,22.9955928360462,9.381807816219707
UGA-fed(KEN+TZA),2001,1,real_interest_rate,2002,lgbm_graph,22.9955928360462,12.555681990723157
UGA-fed(KEN+TZA),2001,1,real_interest_rate,2002,tft,22.9955928360462,9.381807816219707
UGA-fed(KEN+TZA),2001,3,real_interest_rate,2004,persistence,4.33924393856924,12.99525173632556
UGA-fed(KEN+TZA),2001,3,real_interest_rate,2004,arima,4.33924393856924,10.193762678854872
UGA-fed(KEN+TZA),2001,3,real_interest_rate,2004,prophet,4.33924393856924,21.081220544133462
UGA-fed(KEN+TZA),2001,3,real_interest_rate,2004,prophet_graph,4.33924393856924,17.96202751115424
UGA-fed(KEN+TZA),2001,3,real_interest_rate,2004,xgb_blind,4.33924393856924,10.193762678854872
UGA-fed(KEN+TZA),2001,3,real_interest_rate,2004,xgb_graph,4.33924393856924,7.771577785368748
UGA-fed(KEN+TZA),2001,3,real_interest_rate,2004,lgbm_blind,4.33924393856924,10.193762678854872
UGA-fed(KEN+TZA),2001,3,real_interest_rate,2004,lgbm_graph,4.33924393856924,8.136510163501887
UGA-fed(KEN+TZA),2001,3,real_interest_rate,2004,tft,4.33924393856924,10.193762678854872
UGA-fed(KEN+TZA),2001,5,real_interest_rate,2006,persistence,15.9090043564186,1.4254913184761993
UGA-fed(KEN+TZA),2001,5,real_interest_rate,2006,arima,15.9090043564186,1.0936046484926507
UGA-fed(KEN+TZA),2001,5,real_interest_rate,2006,prophet,15.9090043564186,13.321878462222296
UGA-fed(KEN+TZA),2001,5,real_interest_rate,2006,prophet_graph,15.9090043564186,11.647358302552975
UGA-fed(KEN+TZA),2001,5,real_interest_rate,2006,xgb_blind,15.9090043564186,1.0936046484926507
UGA-fed(KEN+TZA),2001,5,real_interest_rate,2006,xgb_graph,15.9090043564186,1.9023874740257352
UGA-fed(KEN+TZA),2001,5,real_interest_rate,2006,lgbm_blind,15.9090043564186,1.0936046484926507
UGA-fed(KEN+TZA),2001,5,real_interest_rate,2006,lgbm_graph,15.9090043564186,1.1424100145955673
UGA-fed(KEN+TZA),2001,5,real_interest_rate,2006,tft,15.9090043564186,1.0936046484926507
UGA-fed(KEN+TZA),2001,10,real_interest_rate,2011,persistence,11.3734989307615,5.9609967441333005
UGA-fed(KEN+TZA),2001,10,real_interest_rate,2011,arima,11.3734989307615,3.5736746557548944
UGA-fed(KEN+TZA),2001,10,real_interest_rate,2011,prophet,11.3734989307615,27.37561081185087
UGA-fed(KEN+TZA),2001,10,real_interest_rate,2011,prophet_graph,11.3734989307615,29.30980839043582
UGA-fed(KEN+TZA),2001,10,real_interest_rate,2011,xgb_blind,11.3734989307615,3.5736746557548944
UGA-fed(KEN+TZA),2001,10,real_interest_rate,2011,xgb_graph,11.3734989307615,3.5736746557548944
UGA-fed(KEN+TZA),2001,10,real_interest_rate,2011,lgbm_blind,11.3734989307615,3.5736746557548944
UGA-fed(KEN+TZA),2001,10,real_interest_rate,2011,lgbm_graph,11.3734989307615,3.5736746557548944
UGA-fed(KEN+TZA),2001,10,real_interest_rate,2011,tft,11.3734989307615,3.5736746557548944
UGA-fed(KEN+TZA),2001,1,broad_money,2002,persistence,19.0320883711592,2.9406458052517017
UGA-fed(KEN+TZA),2001,1,broad_money,2002,arima,19.0320883711592,2.9513327597999286
UGA-fed(KEN+TZA),2001,1,broad_money,2002,prophet,19.0320883711592,1.344988797859866
UGA-fed(KEN+TZA),2001,1,broad_money,2002,prophet_graph,19.0320883711592,1.6559681682587097
UGA-fed(KEN+TZA),2001,1,broad_money,2002,xgb_blind,19.0320883711592,2.9513327597999286
UGA-fed(KEN+TZA),2001,1,broad_money,2002,xgb_graph,19.0320883711592,3.081735702396994
UGA-fed(KEN+TZA),2001,1,broad_money,2002,lgbm_blind,19.0320883711592,2.9513327597999286
UGA-fed(KEN+TZA),2001,1,broad_money,2002,lgbm_graph,19.0320883711592,6.053314647210115
UGA-fed(KEN+TZA),2001,1,broad_money,2002,tft,19.0320883711592,2.9513327597999286
UGA-fed(KEN+TZA),2001,3,broad_money,2004,persistence,17.2284785590111,1.137035993103602
UGA-fed(KEN+TZA),2001,3,broad_money,2004,arima,17.2284785590111,1.1545658537557308
UGA-fed(KEN+TZA),2001,3,broad_money,2004,prophet,17.2284785590111,2.0440680632665256
UGA-fed(KEN+TZA),2001,3,broad_money,2004,prophet_graph,17.2284785590111,2.2412590336044325
UGA-fed(KEN+TZA),2001,3,broad_money,2004,xgb_blind,17.2284785590111,1.1545658537557308
UGA-fed(KEN+TZA),2001,3,broad_money,2004,xgb_graph,17.2284785590111,1.2337075552879568
UGA-fed(KEN+TZA),2001,3,broad_money,2004,lgbm_blind,17.2284785590111,1.1545658537557308
UGA-fed(KEN+TZA),2001,3,broad_money,2004,lgbm_graph,17.2284785590111,3.39588093243097
UGA-fed(KEN+TZA),2001,3,broad_money,2004,tft,17.2284785590111,1.1545658537557308
UGA-fed(KEN+TZA),2001,5,broad_money,2006,persistence,19.9141480378524,3.8227054719449
UGA-fed(KEN+TZA),2001,5,broad_money,2006,arima,19.9141480378524,3.8415816405730006
UGA-fed(KEN+TZA),2001,5,broad_money,2006,prophet,19.9141480378524,0.9460174786760902
UGA-fed(KEN+TZA),2001,5,broad_money,2006,prophet_graph,19.9141480378524,1.6520749135051815
UGA-fed(KEN+TZA),2001,5,broad_money,2006,xgb_blind,19.9141480378524,3.8415816405730006
UGA-fed(KEN+TZA),2001,5,broad_money,2006,xgb_graph,19.9141480378524,3.912942593516462
UGA-fed(KEN+TZA),2001,5,broad_money,2006,lgbm_blind,19.9141480378524,3.8415816405730006
UGA-fed(KEN+TZA),2001,5,broad_money,2006,lgbm_graph,19.9141480378524,5.489952884479772
UGA-fed(KEN+TZA),2001,5,broad_money,2006,tft,19.9141480378524,3.8415816405730006
UGA-fed(KEN+TZA),2001,10,broad_money,2011,persistence,16.3928799610343,0.30143739512680057
UGA-fed(KEN+TZA),2001,10,broad_money,2011,arima,16.3928799610343,0.3206376595849001
UGA-fed(KEN+TZA),2001,10,broad_money,2011,prophet,16.3928799610343,8.433075023212496
UGA-fed(KEN+TZA),2001,10,broad_money,2011,prophet_graph,16.3928799610343,10.410254433637899
UGA-fed(KEN+TZA),2001,10,broad_money,2011,xgb_blind,16.3928799610343,0.3206376595849001
UGA-fed(KEN+TZA),2001,10,broad_money,2011,xgb_graph,16.3928799610343,0.3206376595849001
UGA-fed(KEN+TZA),2001,10,broad_money,2011,lgbm_blind,16.3928799610343,0.3206376595849001
UGA-fed(KEN+TZA),2001,10,broad_money,2011,lgbm_graph,16.3928799610343,0.3206376595849001
UGA-fed(KEN+TZA),2001,10,broad_money,2011,tft,16.3928799610343,0.3206376595849001
UGA-fed(KEN+TZA),2001,1,govt_consumption,2002,persistence,16.7924696957705,1.2106248344941992
UGA-fed(KEN+TZA),2001,1,govt_consumption,2002,arima,16.7924696957705,0.7337787023908042
UGA-fed(KEN+TZA),2001,1,govt_consumption,2002,prophet,16.7924696957705,1.043180705319429
UGA-fed(KEN+TZA),2001,1,govt_consumption,2002,prophet_graph,16.7924696957705,3.1766618332173877
UGA-fed(KEN+TZA),2001,1,govt_consumption,2002,xgb_blind,16.7924696957705,0.7337787023908042
UGA-fed(KEN+TZA),2001,1,govt_consumption,2002,xgb_graph,16.7924696957705,2.3844573056337808
UGA-fed(KEN+TZA),2001,1,govt_consumption,2002,lgbm_blind,16.7924696957705,0.7337787023908042
UGA-fed(KEN+TZA),2001,1,govt_consumption,2002,lgbm_graph,16.7924696957705,4.661906306599246
UGA-fed(KEN+TZA),2001,1,govt_consumption,2002,tft,16.7924696957705,0.7337787023908042
UGA-fed(KEN+TZA),2001,3,govt_consumption,2004,persistence,13.8873022739532,1.6945425873231006
UGA-fed(KEN+TZA),2001,3,govt_consumption,2004,arima,13.8873022739532,2.4757987297647794
UGA-fed(KEN+TZA),2001,3,govt_consumption,2004,prophet,13.8873022739532,3.0929776172517585
UGA-fed(KEN+TZA),2001,3,govt_consumption,2004,prophet_graph,13.8873022739532,3.89613238409547
UGA-fed(KEN+TZA),2001,3,govt_consumption,2004,xgb_blind,13.8873022739532,2.4757987297647794
UGA-fed(KEN+TZA),2001,3,govt_consumption,2004,xgb_graph,13.8873022739532,1.368744021212816
UGA-fed(KEN+TZA),2001,3,govt_consumption,2004,lgbm_blind,13.8873022739532,2.4757987297647794
UGA-fed(KEN+TZA),2001,3,govt_consumption,2004,lgbm_graph,13.8873022739532,1.1162882723188137
UGA-fed(KEN+TZA),2001,3,govt_consumption,2004,tft,13.8873022739532,2.4757987297647794
UGA-fed(KEN+TZA),2001,5,govt_consumption,2006,persistence,14.1023117957031,1.4795330655732002
UGA-fed(KEN+TZA),2001,5,govt_consumption,2006,arima,14.1023117957031,2.320405423842617
UGA-fed(KEN+TZA),2001,5,govt_consumption,2006,prophet,14.1023117957031,4.110645285160887
UGA-fed(KEN+TZA),2001,5,govt_consumption,2006,prophet_graph,14.1023117957031,7.740745136037587
UGA-fed(KEN+TZA),2001,5,govt_consumption,2006,xgb_blind,14.1023117957031,2.320405423842617
UGA-fed(KEN+TZA),2001,5,govt_consumption,2006,xgb_graph,14.1023117957031,1.1092970910156499
UGA-fed(KEN+TZA),2001,5,govt_consumption,2006,lgbm_blind,14.1023117957031,2.320405423842617
UGA-fed(KEN+TZA),2001,5,govt_consumption,2006,lgbm_graph,14.1023117957031,0.9532583583338905
UGA-fed(KEN+TZA),2001,5,govt_consumption,2006,tft,14.1023117957031,2.320405423842617
UGA-fed(KEN+TZA),2001,10,govt_consumption,2011,persistence,15.3978037954044,0.1840410658719005
UGA-fed(KEN+TZA),2001,10,govt_consumption,2011,arima,15.3978037954044,1.0391857175528898
UGA-fed(KEN+TZA),2001,10,govt_consumption,2011,prophet,15.3978037954044,5.8943168262494545
UGA-fed(KEN+TZA),2001,10,govt_consumption,2011,prophet_graph,15.3978037954044,18.102797324974176
UGA-fed(KEN+TZA),2001,10,govt_consumption,2011,xgb_blind,15.3978037954044,1.0391857175528898
UGA-fed(KEN+TZA),2001,10,govt_consumption,2011,xgb_graph,15.3978037954044,1.0391857175528898
UGA-fed(KEN+TZA),2001,10,govt_consumption,2011,lgbm_blind,15.3978037954044,1.0391857175528898
UGA-fed(KEN+TZA),2001,10,govt_consumption,2011,lgbm_graph,15.3978037954044,1.0391857175528898
UGA-fed(KEN+TZA),2001,10,govt_consumption,2011,tft,15.3978037954044,1.0391857175528898
UGA-fed(KEN+TZA),2002,1,gdp_growth,2003,persistence,6.47325867166543,2.259427092735839
UGA-fed(KEN+TZA),2002,1,gdp_growth,2003,arima,6.47325867166543,0.9246171423145313
UGA-fed(KEN+TZA),2002,1,gdp_growth,2003,prophet,6.47325867166543,0.12665485992568382
UGA-fed(KEN+TZA),2002,1,gdp_growth,2003,prophet_graph,6.47325867166543,2.6130944755269425
UGA-fed(KEN+TZA),2002,1,gdp_growth,2003,xgb_blind,6.47325867166543,0.9246171423145313
UGA-fed(KEN+TZA),2002,1,gdp_growth,2003,xgb_graph,6.47325867166543,1.2457540656087396
UGA-fed(KEN+TZA),2002,1,gdp_growth,2003,lgbm_blind,6.47325867166543,0.9246171423145313
UGA-fed(KEN+TZA),2002,1,gdp_growth,2003,lgbm_graph,6.47325867166543,0.14467545598324083
UGA-fed(KEN+TZA),2002,1,gdp_growth,2003,tft,6.47325867166543,0.9246171423145313
UGA-fed(KEN+TZA),2002,3,gdp_growth,2005,persistence,6.33256511623156,2.4001206481697093
UGA-fed(KEN+TZA),2002,3,gdp_growth,2005,arima,6.33256511623156,1.3785242676475882
UGA-fed(KEN+TZA),2002,3,gdp_growth,2005,prophet,6.33256511623156,0.26849361648984527
UGA-fed(KEN+TZA),2002,3,gdp_growth,2005,prophet_graph,6.33256511623156,9.15970144376865
UGA-fed(KEN+TZA),2002,3,gdp_growth,2005,xgb_blind,6.33256511623156,1.3785242676475882
UGA-fed(KEN+TZA),2002,3,gdp_growth,2005,xgb_graph,6.33256511623156,2.8161489493201977
UGA-fed(KEN+TZA),2002,3,gdp_growth,2005,lgbm_blind,6.33256511623156,1.3785242676475882
UGA-fed(KEN+TZA),2002,3,gdp_growth,2005,lgbm_graph,6.33256511623156,0.7117106205772163
UGA-fed(KEN+TZA),2002,3,gdp_growth,2005,tft,6.33256511623156,1.3785242676475882
UGA-fed(KEN+TZA),2002,5,gdp_growth,2007,persistence,8.41242596551071,0.3202597988905591
UGA-fed(KEN+TZA),2002,5,gdp_growth,2007,arima,8.41242596551071,0.6570306970879729
UGA-fed(KEN+TZA),2002,5,gdp_growth,2007,prophet,8.41242596551071,1.8102235982816257
UGA-fed(KEN+TZA),2002,5,gdp_growth,2007,prophet_graph,8.41242596551071,17.917714662792225
UGA-fed(KEN+TZA),2002,5,gdp_growth,2007,xgb_blind,8.41242596551071,0.6570306970879729
UGA-fed(KEN+TZA),2002,5,gdp_growth,2007,xgb_graph,8.41242596551071,2.033746213160857
UGA-fed(KEN+TZA),2002,5,gdp_growth,2007,lgbm_blind,8.41242596551071,0.6570306970879729
UGA-fed(KEN+TZA),2002,5,gdp_growth,2007,lgbm_graph,8.41242596551071,1.4483223561872087
UGA-fed(KEN+TZA),2002,5,gdp_growth,2007,tft,8.41242596551071,0.6570306970879729
UGA-fed(KEN+TZA),2002,10,gdp_growth,2012,persistence,3.83745560605229,4.89523015834898
UGA-fed(KEN+TZA),2002,10,gdp_growth,2012,arima,3.83745560605229,3.9252945455694657
UGA-fed(KEN+TZA),2002,10,gdp_growth,2012,prophet,3.83745560605229,2.767607414068603
UGA-fed(KEN+TZA),2002,10,gdp_growth,2012,prophet_graph,3.83745560605229,30.04727338162602
UGA-fed(KEN+TZA),2002,10,gdp_growth,2012,xgb_blind,3.83745560605229,3.9252945455694657
UGA-fed(KEN+TZA),2002,10,gdp_growth,2012,xgb_graph,3.83745560605229,3.9252945455694657
UGA-fed(KEN+TZA),2002,10,gdp_growth,2012,lgbm_blind,3.83745560605229,3.9252945455694657
UGA-fed(KEN+TZA),2002,10,gdp_growth,2012,lgbm_graph,3.83745560605229,3.9252945455694657
UGA-fed(KEN+TZA),2002,10,gdp_growth,2012,tft,3.83745560605229,3.9252945455694657
UGA-fed(KEN+TZA),2002,1,unemployment,2003,persistence,3.6,0.10000000000000009
UGA-fed(KEN+TZA),2002,1,unemployment,2003,arima,3.6,0.10381333690860517
UGA-fed(KEN+TZA),2002,1,unemployment,2003,prophet,3.6,0.16548904922446894
UGA-fed(KEN+TZA),2002,1,unemployment,2003,prophet_graph,3.6,0.019790346869614783
UGA-fed(KEN+TZA),2002,1,unemployment,2003,xgb_blind,3.6,0.10381333690860517
UGA-fed(KEN+TZA),2002,1,unemployment,2003,xgb_graph,3.6,0.08355984687805185
UGA-fed(KEN+TZA),2002,1,unemployment,2003,lgbm_blind,3.6,0.10381333690860517
UGA-fed(KEN+TZA),2002,1,unemployment,2003,lgbm_graph,3.6,0.1871666669845582
UGA-fed(KEN+TZA),2002,1,unemployment,2003,tft,3.6,0.10381333690860517
UGA-fed(KEN+TZA),2002,3,unemployment,2005,persistence,1.9,1.6
UGA-fed(KEN+TZA),2002,3,unemployment,2005,arima,1.9,1.5954111142704561
UGA-fed(KEN+TZA),2002,3,unemployment,2005,prophet,1.9,1.5402376613755493
UGA-fed(KEN+TZA),2002,3,unemployment,2005,prophet_graph,1.9,1.6862720007816696
UGA-fed(KEN+TZA),2002,3,unemployment,2005,xgb_blind,1.9,1.5954111142704561
UGA-fed(KEN+TZA),2002,3,unemployment,2005,xgb_graph,1.9,1.569899892807007
UGA-fed(KEN+TZA),2002,3,unemployment,2005,lgbm_blind,1.9,1.5954111142704561
UGA-fed(KEN+TZA),2002,3,unemployment,2005,lgbm_graph,1.9,1.4953000068664553
UGA-fed(KEN+TZA),2002,3,unemployment,2005,tft,1.9,1.5954111142704561
UGA-fed(KEN+TZA),2002,5,unemployment,2007,persistence,2.667,0.8330000000000002
UGA-fed(KEN+TZA),2002,5,unemployment,2007,arima,2.667,0.8283878132932991
UGA-fed(KEN+TZA),2002,5,unemployment,2007,prophet,2.667,0.7789565378981389
UGA-fed(KEN+TZA),2002,5,unemployment,2007,prophet_graph,2.667,0.9253260552077132
UGA-fed(KEN+TZA),2002,5,unemployment,2007,xgb_blind,2.667,0.8283878132932991
UGA-fed(KEN+TZA),2002,5,unemployment,2007,xgb_graph,2.667,0.8485451297760012
UGA-fed(KEN+TZA),2002,5,unemployment,2007,lgbm_blind,2.667,0.8283878132932991
UGA-fed(KEN+TZA),2002,5,unemployment,2007,lgbm_graph,2.667,0.7090000169277193
UGA-fed(KEN+TZA),2002,5,unemployment,2007,tft,2.667,0.8283878132932991
UGA-fed(KEN+TZA),2002,10,unemployment,2012,persistence,3.551,0.051000000000000156
UGA-fed(KEN+TZA),2002,10,unemployment,2012,arima,3.551,0.055612908344644385
UGA-fed(KEN+TZA),2002,10,unemployment,2012,prophet,3.551,0.09073843671795823
UGA-fed(KEN+TZA),2002,10,unemployment,2012,prophet_graph,3.551,0.05646948449806244
UGA-fed(KEN+TZA),2002,10,unemployment,2012,xgb_blind,3.551,0.055612908344644385
UGA-fed(KEN+TZA),2002,10,unemployment,2012,xgb_graph,3.551,0.055612908344644385
UGA-fed(KEN+TZA),2002,10,unemployment,2012,lgbm_blind,3.551,0.055612908344644385
UGA-fed(KEN+TZA),2002,10,unemployment,2012,lgbm_graph,3.551,0.055612908344644385
UGA-fed(KEN+TZA),2002,10,unemployment,2012,tft,3.551,0.055612908344644385
UGA-fed(KEN+TZA),2002,1,exports_gdp,2003,persistence,11.3867248339712,0.1734456678266003
UGA-fed(KEN+TZA),2002,1,exports_gdp,2003,arima,11.3867248339712,0.04356026245013567
UGA-fed(KEN+TZA),2002,1,exports_gdp,2003,prophet,11.3867248339712,1.4369723281385038
UGA-fed(KEN+TZA),2002,1,exports_gdp,2003,prophet_graph,11.3867248339712,0.804491122128427
UGA-fed(KEN+TZA),2002,1,exports_gdp,2003,xgb_blind,11.3867248339712,0.04356026245013567
UGA-fed(KEN+TZA),2002,1,exports_gdp,2003,xgb_graph,11.3867248339712,0.27277887297266545
UGA-fed(KEN+TZA),2002,1,exports_gdp,2003,lgbm_blind,11.3867248339712,0.04356026245013567
UGA-fed(KEN+TZA),2002,1,exports_gdp,2003,lgbm_graph,11.3867248339712,1.018842860386707
UGA-fed(KEN+TZA),2002,1,exports_gdp,2003,tft,11.3867248339712,0.04356026245013567
UGA-fed(KEN+TZA),2002,3,exports_gdp,2005,persistence,14.1796999798574,2.9664208137127996
UGA-fed(KEN+TZA),2002,3,exports_gdp,2005,arima,14.1796999798574,2.868297972661189
UGA-fed(KEN+TZA),2002,3,exports_gdp,2005,prophet,14.1796999798574,0.5838242913902789
UGA-fed(KEN+TZA),2002,3,exports_gdp,2005,prophet_graph,14.1796999798574,0.7973149807857389
UGA-fed(KEN+TZA),2002,3,exports_gdp,2005,xgb_blind,14.1796999798574,2.868297972661189
UGA-fed(KEN+TZA),2002,3,exports_gdp,2005,xgb_graph,14.1796999798574,2.8886385784902124
UGA-fed(KEN+TZA),2002,3,exports_gdp,2005,lgbm_blind,14.1796999798574,2.868297972661189
UGA-fed(KEN+TZA),2002,3,exports_gdp,2005,lgbm_graph,14.1796999798574,3.3607934819020784
UGA-fed(KEN+TZA),2002,3,exports_gdp,2005,tft,14.1796999798574,2.868297972661189
UGA-fed(KEN+TZA),2002,5,exports_gdp,2007,persistence,16.7250685273524,5.511789361207798
UGA-fed(KEN+TZA),2002,5,exports_gdp,2007,arima,16.7250685273524,5.419434137628432
UGA-fed(KEN+TZA),2002,5,exports_gdp,2007,prophet,16.7250685273524,2.3580706443012662
UGA-fed(KEN+TZA),2002,5,exports_gdp,2007,prophet_graph,16.7250685273524,2.1531439915234394
UGA-fed(KEN+TZA),2002,5,exports_gdp,2007,xgb_blind,16.7250685273524,5.419434137628432
UGA-fed(KEN+TZA),2002,5,exports_gdp,2007,xgb_graph,16.7250685273524,5.956310707223004
UGA-fed(KEN+TZA),2002,5,exports_gdp,2007,lgbm_blind,16.7250685273524,5.419434137628432
UGA-fed(KEN+TZA),2002,5,exports_gdp,2007,lgbm_graph,16.7250685273524,5.176817256104535
UGA-fed(KEN+TZA),2002,5,exports_gdp,2007,tft,16.7250685273524,5.419434137628432
UGA-fed(KEN+TZA),2002,10,exports_gdp,2012,persistence,15.4917287700064,4.2784496038618
UGA-fed(KEN+TZA),2002,10,exports_gdp,2012,arima,15.4917287700064,4.187392048571747
UGA-fed(KEN+TZA),2002,10,exports_gdp,2012,prophet,15.4917287700064,0.8041309312781699
UGA-fed(KEN+TZA),2002,10,exports_gdp,2012,prophet_graph,15.4917287700064,2.055674113930543
UGA-fed(KEN+TZA),2002,10,exports_gdp,2012,xgb_blind,15.4917287700064,4.187392048571747
UGA-fed(KEN+TZA),2002,10,exports_gdp,2012,xgb_graph,15.4917287700064,4.187392048571747
UGA-fed(KEN+TZA),2002,10,exports_gdp,2012,lgbm_blind,15.4917287700064,4.187392048571747
UGA-fed(KEN+TZA),2002,10,exports_gdp,2012,lgbm_graph,15.4917287700064,4.187392048571747
UGA-fed(KEN+TZA),2002,10,exports_gdp,2012,tft,15.4917287700064,4.187392048571747
UGA-fed(KEN+TZA),2002,1,imports_gdp,2003,persistence,25.1990016301556,0.13448664011709965
UGA-fed(KEN+TZA),2002,1,imports_gdp,2003,arima,25.1990016301556,0.292539654063912
UGA-fed(KEN+TZA),2002,1,imports_gdp,2003,prophet,25.1990016301556,1.468847716786449
UGA-fed(KEN+TZA),2002,1,imports_gdp,2003,prophet_graph,25.1990016301556,1.1686217408109627
UGA-fed(KEN+TZA),2002,1,imports_gdp,2003,xgb_blind,25.1990016301556,0.292539654063912
UGA-fed(KEN+TZA),2002,1,imports_gdp,2003,xgb_graph,25.1990016301556,0.9981444676800137
UGA-fed(KEN+TZA),2002,1,imports_gdp,2003,lgbm_blind,25.1990016301556,0.292539654063912
UGA-fed(KEN+TZA),2002,1,imports_gdp,2003,lgbm_graph,25.1990016301556,2.9730359713319494
UGA-fed(KEN+TZA),2002,1,imports_gdp,2003,tft,25.1990016301556,0.292539654063912
UGA-fed(KEN+TZA),2002,3,imports_gdp,2005,persistence,24.8145855040487,0.24992948598979936
UGA-fed(KEN+TZA),2002,3,imports_gdp,2005,arima,24.8145855040487,0.10930292405971542
UGA-fed(KEN+TZA),2002,3,imports_gdp,2005,prophet,24.8145855040487,0.5920873375014644
UGA-fed(KEN+TZA),2002,3,imports_gdp,2005,prophet_graph,24.8145855040487,0.9046142805859319
UGA-fed(KEN+TZA),2002,3,imports_gdp,2005,xgb_blind,24.8145855040487,0.10930292405971542
UGA-fed(KEN+TZA),2002,3,imports_gdp,2005,xgb_graph,24.8145855040487,0.003741446024541517
UGA-fed(KEN+TZA),2002,3,imports_gdp,2005,lgbm_blind,24.8145855040487,0.10930292405971542
UGA-fed(KEN+TZA),2002,3,imports_gdp,2005,lgbm_graph,24.8145855040487,2.7663093657430373
UGA-fed(KEN+TZA),2002,3,imports_gdp,2005,tft,24.8145855040487,0.10930292405971542
UGA-fed(KEN+TZA),2002,5,imports_gdp,2007,persistence,30.0523481249298,4.9878331348913
UGA-fed(KEN+TZA),2002,5,imports_gdp,2007,arima,30.0523481249298,5.128182252864811
UGA-fed(KEN+TZA),2002,5,imports_gdp,2007,prophet,30.0523481249298,5.338179226754647
UGA-fed(KEN+TZA),2002,5,imports_gdp,2007,prophet_graph,30.0523481249298,6.262620849611711
UGA-fed(KEN+TZA),2002,5,imports_gdp,2007,xgb_blind,30.0523481249298,5.128182252864811
UGA-fed(KEN+TZA),2002,5,imports_gdp,2007,xgb_graph,30.0523481249298,5.384251582571402
UGA-fed(KEN+TZA),2002,5,imports_gdp,2007,lgbm_blind,30.0523481249298,5.128182252864811
UGA-fed(KEN+TZA),2002,5,imports_gdp,2007,lgbm_graph,30.0523481249298,7.526520240255728
UGA-fed(KEN+TZA),2002,5,imports_gdp,2007,tft,30.0523481249298,5.128182252864811
UGA-fed(KEN+TZA),2002,10,imports_gdp,2012,persistence,28.010408369725,2.945893379686499
UGA-fed(KEN+TZA),2002,10,imports_gdp,2012,arima,28.010408369725,3.0862380089099517
UGA-fed(KEN+TZA),2002,10,imports_gdp,2012,prophet,28.010408369725,2.066389120929884
UGA-fed(KEN+TZA),2002,10,imports_gdp,2012,prophet_graph,28.010408369725,4.521455682505799
UGA-fed(KEN+TZA),2002,10,imports_gdp,2012,xgb_blind,28.010408369725,3.0862380089099517
UGA-fed(KEN+TZA),2002,10,imports_gdp,2012,xgb_graph,28.010408369725,3.0862380089099517
UGA-fed(KEN+TZA),2002,10,imports_gdp,2012,lgbm_blind,28.010408369725,3.0862380089099517
UGA-fed(KEN+TZA),2002,10,imports_gdp,2012,lgbm_graph,28.010408369725,3.0862380089099517
UGA-fed(KEN+TZA),2002,10,imports_gdp,2012,tft,28.010408369725,3.0862380089099517
UGA-fed(KEN+TZA),2002,1,current_account,2003,persistence,-0.581756161515947,1.878360790658083
UGA-fed(KEN+TZA),2002,1,current_account,2003,arima,-0.581756161515947,2.891197722668954
UGA-fed(KEN+TZA),2002,1,current_account,2003,prophet,-0.581756161515947,3.746397244418775
UGA-fed(KEN+TZA),2002,1,current_account,2003,prophet_graph,-0.581756161515947,3.172079274747915
UGA-fed(KEN+TZA),2002,1,current_account,2003,xgb_blind,-0.581756161515947,2.891197722668954
UGA-fed(KEN+TZA),2002,1,current_account,2003,xgb_graph,-0.581756161515947,2.2037174236128374
UGA-fed(KEN+TZA),2002,1,current_account,2003,lgbm_blind,-0.581756161515947,2.891197722668954
UGA-fed(KEN+TZA),2002,1,current_account,2003,lgbm_graph,-0.581756161515947,4.051420661941135
UGA-fed(KEN+TZA),2002,1,current_account,2003,tft,-0.581756161515947,2.891197722668954
UGA-fed(KEN+TZA),2002,3,current_account,2005,persistence,0.579537398767585,3.039654350941615
UGA-fed(KEN+TZA),2002,3,current_account,2005,arima,0.579537398767585,3.8176379247324257
UGA-fed(KEN+TZA),2002,3,current_account,2005,prophet,0.579537398767585,4.7880284648668185
UGA-fed(KEN+TZA),2002,3,current_account,2005,prophet_graph,0.579537398767585,5.257981482802077
UGA-fed(KEN+TZA),2002,3,current_account,2005,xgb_blind,0.579537398767585,3.8176379247324257
UGA-fed(KEN+TZA),2002,3,current_account,2005,xgb_graph,0.579537398767585,3.3273644518376533
UGA-fed(KEN+TZA),2002,3,current_account,2005,lgbm_blind,0.579537398767585,3.8176379247324257
UGA-fed(KEN+TZA),2002,3,current_account,2005,lgbm_graph,0.579537398767585,5.279698784303779
UGA-fed(KEN+TZA),2002,3,current_account,2005,tft,0.579537398767585,3.8176379247324257
UGA-fed(KEN+TZA),2002,5,current_account,2007,persistence,-4.72875221684934,2.2686352646753103
UGA-fed(KEN+TZA),2002,5,current_account,2007,arima,-4.72875221684934,1.5220047759405575
UGA-fed(KEN+TZA),2002,5,current_account,2007,prophet,-4.72875221684934,0.6397597938142745
UGA-fed(KEN+TZA),2002,5,current_account,2007,prophet_graph,-4.72875221684934,0.873035660444466
UGA-fed(KEN+TZA),2002,5,current_account,2007,xgb_blind,-4.72875221684934,1.5220047759405575
UGA-fed(KEN+TZA),2002,5,current_account,2007,xgb_graph,-4.72875221684934,2.0094581456518306
UGA-fed(KEN+TZA),2002,5,current_account,2007,lgbm_blind,-4.72875221684934,1.5220047759405575
UGA-fed(KEN+TZA),2002,5,current_account,2007,lgbm_graph,-4.72875221684934,0.06346493080617321
UGA-fed(KEN+TZA),2002,5,current_account,2007,tft,-4.72875221684934,1.5220047759405575
UGA-fed(KEN+TZA),2002,10,current_account,2012,persistence,-6.0631263873337,3.6030094351596698
UGA-fed(KEN+TZA),2002,10,current_account,2012,arima,-6.0631263873337,2.861240941173269
UGA-fed(KEN+TZA),2002,10,current_account,2012,prophet,-6.0631263873337,2.2730442687303736
UGA-fed(KEN+TZA),2002,10,current_account,2012,prophet_graph,-6.0631263873337,1.8482858276197112
UGA-fed(KEN+TZA),2002,10,current_account,2012,xgb_blind,-6.0631263873337,2.861240941173269
UGA-fed(KEN+TZA),2002,10,current_account,2012,xgb_graph,-6.0631263873337,2.861240941173269
UGA-fed(KEN+TZA),2002,10,current_account,2012,lgbm_blind,-6.0631263873337,2.861240941173269
UGA-fed(KEN+TZA),2002,10,current_account,2012,lgbm_graph,-6.0631263873337,2.861240941173269
UGA-fed(KEN+TZA),2002,10,current_account,2012,tft,-6.0631263873337,2.861240941173269
UGA-fed(KEN+TZA),2002,1,real_interest_rate,2003,persistence,10.3290387321641,12.666554103882099
UGA-fed(KEN+TZA),2002,1,real_interest_rate,2003,arima,10.3290387321641,9.931375097243055
UGA-fed(KEN+TZA),2002,1,real_interest_rate,2003,prophet,10.3290387321641,13.62442181362956
UGA-fed(KEN+TZA),2002,1,real_interest_rate,2003,prophet_graph,10.3290387321641,15.079923403656728
UGA-fed(KEN+TZA),2002,1,real_interest_rate,2003,xgb_blind,10.3290387321641,9.931375097243055
UGA-fed(KEN+TZA),2002,1,real_interest_rate,2003,xgb_graph,10.3290387321641,8.197961695081993
UGA-fed(KEN+TZA),2002,1,real_interest_rate,2003,lgbm_blind,10.3290387321641,9.931375097243055
UGA-fed(KEN+TZA),2002,1,real_interest_rate,2003,lgbm_graph,10.3290387321641,1.1571788858244858
UGA-fed(KEN+TZA),2002,1,real_interest_rate,2003,tft,10.3290387321641,9.931375097243055
UGA-fed(KEN+TZA),2002,3,real_interest_rate,2005,persistence,21.7655522885928,1.2300405474533989
UGA-fed(KEN+TZA),2002,3,real_interest_rate,2005,arima,21.7655522885928,0.8221199621886015
UGA-fed(KEN+TZA),2002,3,real_interest_rate,2005,prophet,21.7655522885928,6.093876757309669
UGA-fed(KEN+TZA),2002,3,real_interest_rate,2005,prophet_graph,21.7655522885928,11.473403078312046
UGA-fed(KEN+TZA),2002,3,real_interest_rate,2005,xgb_blind,21.7655522885928,0.8221199621886015
UGA-fed(KEN+TZA),2002,3,real_interest_rate,2005,xgb_graph,21.7655522885928,2.7708661618838164
UGA-fed(KEN+TZA),2002,3,real_interest_rate,2005,lgbm_blind,21.7655522885928,0.8221199621886015
UGA-fed(KEN+TZA),2002,3,real_interest_rate,2005,lgbm_graph,21.7655522885928,8.23781438499783
UGA-fed(KEN+TZA),2002,3,real_interest_rate,2005,tft,21.7655522885928,0.8221199621886015
UGA-fed(KEN+TZA),2002,5,real_interest_rate,2007,persistence,10.9806235436646,12.0149692923816
UGA-fed(KEN+TZA),2002,5,real_interest_rate,2007,arima,10.9806235436646,10.122250791232094
UGA-fed(KEN+TZA),2002,5,real_interest_rate,2007,prophet,10.9806235436646,20.779430680185108
UGA-fed(KEN+TZA),2002,5,real_interest_rate,2007,prophet_graph,10.9806235436646,30.0776137092749
UGA-fed(KEN+TZA),2002,5,real_interest_rate,2007,xgb_blind,10.9806235436646,10.122250791232094
UGA-fed(KEN+TZA),2002,5,real_interest_rate,2007,xgb_graph,10.9806235436646,8.095645606115674
UGA-fed(KEN+TZA),2002,5,real_interest_rate,2007,lgbm_blind,10.9806235436646,10.122250791232094
UGA-fed(KEN+TZA),2002,5,real_interest_rate,2007,lgbm_graph,10.9806235436646,4.814595520094251
UGA-fed(KEN+TZA),2002,5,real_interest_rate,2007,tft,10.9806235436646,10.122250791232094
UGA-fed(KEN+TZA),2002,10,real_interest_rate,2012,persistence,21.4880791448606,1.5075136911856006
UGA-fed(KEN+TZA),2002,10,real_interest_rate,2012,arima,21.4880791448606,0.33537241546457963
UGA-fed(KEN+TZA),2002,10,real_interest_rate,2012,prophet,21.4880791448606,20.02888134601877
UGA-fed(KEN+TZA),2002,10,real_interest_rate,2012,prophet_graph,21.4880791448606,39.129074168214906
UGA-fed(KEN+TZA),2002,10,real_interest_rate,2012,xgb_blind,21.4880791448606,0.33537241546457963
UGA-fed(KEN+TZA),2002,10,real_interest_rate,2012,xgb_graph,21.4880791448606,0.33537241546457963
UGA-fed(KEN+TZA),2002,10,real_interest_rate,2012,lgbm_blind,21.4880791448606,0.33537241546457963
UGA-fed(KEN+TZA),2002,10,real_interest_rate,2012,lgbm_graph,21.4880791448606,0.33537241546457963
UGA-fed(KEN+TZA),2002,10,real_interest_rate,2012,tft,21.4880791448606,0.33537241546457963
UGA-fed(KEN+TZA),2002,1,broad_money,2003,persistence,19.5539584255384,0.5218700543791996
UGA-fed(KEN+TZA),2002,1,broad_money,2003,arima,19.5539584255384,0.6902368027188075
UGA-fed(KEN+TZA),2002,1,broad_money,2003,prophet,19.5539584255384,0.6588749287543116
UGA-fed(KEN+TZA),2002,1,broad_money,2003,prophet_graph,19.5539584255384,1.3711361546473775
UGA-fed(KEN+TZA),2002,1,broad_money,2003,xgb_blind,19.5539584255384,0.6902368027188075
UGA-fed(KEN+TZA),2002,1,broad_money,2003,xgb_graph,19.5539584255384,1.367116460816721
UGA-fed(KEN+TZA),2002,1,broad_money,2003,lgbm_blind,19.5539584255384,0.6902368027188075
UGA-fed(KEN+TZA),2002,1,broad_money,2003,lgbm_graph,19.5539584255384,6.070741742468536
UGA-fed(KEN+TZA),2002,1,broad_money,2003,tft,19.5539584255384,0.6902368027188075
UGA-fed(KEN+TZA),2002,3,broad_money,2005,persistence,19.3229389303276,0.29085055916839764
UGA-fed(KEN+TZA),2002,3,broad_money,2005,arima,19.3229389303276,1.6268138519984987
UGA-fed(KEN+TZA),2002,3,broad_money,2005,prophet,19.3229389303276,1.24886422877616
UGA-fed(KEN+TZA),2002,3,broad_money,2005,prophet_graph,19.3229389303276,1.6190745454429631
UGA-fed(KEN+TZA),2002,3,broad_money,2005,xgb_blind,19.3229389303276,1.6268138519984987
UGA-fed(KEN+TZA),2002,3,broad_money,2005,xgb_graph,19.3229389303276,1.5891590231010362
UGA-fed(KEN+TZA),2002,3,broad_money,2005,lgbm_blind,19.3229389303276,1.6268138519984987
UGA-fed(KEN+TZA),2002,3,broad_money,2005,lgbm_graph,19.3229389303276,4.970392143065636
UGA-fed(KEN+TZA),2002,3,broad_money,2005,tft,19.3229389303276,1.6268138519984987
UGA-fed(KEN+TZA),2002,5,broad_money,2007,persistence,20.8754529821104,1.8433646109511983
UGA-fed(KEN+TZA),2002,5,broad_money,2007,arima,20.8754529821104,0.1941748572151205
UGA-fed(KEN+TZA),2002,5,broad_money,2007,prophet,20.8754529821104,1.3707761051648504
UGA-fed(KEN+TZA),2002,5,broad_money,2007,prophet_graph,20.8754529821104,3.6498912740857676
UGA-fed(KEN+TZA),2002,5,broad_money,2007,xgb_blind,20.8754529821104,0.1941748572151205
UGA-fed(KEN+TZA),2002,5,broad_money,2007,xgb_graph,20.8754529821104,2.327006326836962
UGA-fed(KEN+TZA),2002,5,broad_money,2007,lgbm_blind,20.8754529821104,0.1941748572151205
UGA-fed(KEN+TZA),2002,5,broad_money,2007,lgbm_graph,20.8754529821104,5.875271068734545
UGA-fed(KEN+TZA),2002,5,broad_money,2007,tft,20.8754529821104,0.1941748572151205
UGA-fed(KEN+TZA),2002,10,broad_money,2012,persistence,17.5610483784277,1.4710399927315017
UGA-fed(KEN+TZA),2002,10,broad_money,2012,arima,17.5610483784277,3.5328230537411933
UGA-fed(KEN+TZA),2002,10,broad_money,2012,prophet,17.5610483784277,8.873539263424458
UGA-fed(KEN+TZA),2002,10,broad_money,2012,prophet_graph,17.5610483784277,1.5318985716994646
UGA-fed(KEN+TZA),2002,10,broad_money,2012,xgb_blind,17.5610483784277,3.5328230537411933
UGA-fed(KEN+TZA),2002,10,broad_money,2012,xgb_graph,17.5610483784277,3.5328230537411933
UGA-fed(KEN+TZA),2002,10,broad_money,2012,lgbm_blind,17.5610483784277,3.5328230537411933
UGA-fed(KEN+TZA),2002,10,broad_money,2012,lgbm_graph,17.5610483784277,3.5328230537411933
UGA-fed(KEN+TZA),2002,10,broad_money,2012,tft,17.5610483784277,3.5328230537411933
UGA-fed(KEN+TZA),2002,1,govt_consumption,2003,persistence,15.7450533454078,1.047416350362699
UGA-fed(KEN+TZA),2002,1,govt_consumption,2003,arima,15.7450533454078,1.6648197567203198
UGA-fed(KEN+TZA),2002,1,govt_consumption,2003,prophet,15.7450533454078,0.9366340441627266
UGA-fed(KEN+TZA),2002,1,govt_consumption,2003,prophet_graph,15.7450533454078,0.09948650075146404
UGA-fed(KEN+TZA),2002,1,govt_consumption,2003,xgb_blind,15.7450533454078,1.6648197567203198
UGA-fed(KEN+TZA),2002,1,govt_consumption,2003,xgb_graph,15.7450533454078,0.5850743706566526
UGA-fed(KEN+TZA),2002,1,govt_consumption,2003,lgbm_blind,15.7450533454078,1.6648197567203198
UGA-fed(KEN+TZA),2002,1,govt_consumption,2003,lgbm_graph,15.7450533454078,3.2259978199459685
UGA-fed(KEN+TZA),2002,1,govt_consumption,2003,tft,15.7450533454078,1.6648197567203198
UGA-fed(KEN+TZA),2002,3,govt_consumption,2005,persistence,14.4927633926747,2.2997063030957996
UGA-fed(KEN+TZA),2002,3,govt_consumption,2005,arima,14.4927633926747,3.392556353112731
UGA-fed(KEN+TZA),2002,3,govt_consumption,2005,prophet,14.4927633926747,3.4893706793073207
UGA-fed(KEN+TZA),2002,3,govt_consumption,2005,prophet_graph,14.4927633926747,1.6135817587242265
UGA-fed(KEN+TZA),2002,3,govt_consumption,2005,xgb_blind,14.4927633926747,3.392556353112731
UGA-fed(KEN+TZA),2002,3,govt_consumption,2005,xgb_graph,14.4927633926747,1.895593769800886
UGA-fed(KEN+TZA),2002,3,govt_consumption,2005,lgbm_blind,14.4927633926747,3.392556353112731
UGA-fed(KEN+TZA),2002,3,govt_consumption,2005,lgbm_graph,14.4927633926747,1.319603888737932
UGA-fed(KEN+TZA),2002,3,govt_consumption,2005,tft,14.4927633926747,3.392556353112731
UGA-fed(KEN+TZA),2002,5,govt_consumption,2007,persistence,12.8930348105775,3.899434885192999
UGA-fed(KEN+TZA),2002,5,govt_consumption,2007,arima,12.8930348105775,5.115942494713263
UGA-fed(KEN+TZA),2002,5,govt_consumption,2007,prophet,12.8930348105775,6.387766946986449
UGA-fed(KEN+TZA),2002,5,govt_consumption,2007,prophet_graph,12.8930348105775,2.776454002639724
UGA-fed(KEN+TZA),2002,5,govt_consumption,2007,xgb_blind,12.8930348105775,5.115942494713263
UGA-fed(KEN+TZA),2002,5,govt_consumption,2007,xgb_graph,12.8930348105775,3.537308817352187
UGA-fed(KEN+TZA),2002,5,govt_consumption,2007,lgbm_blind,12.8930348105775,5.115942494713263
UGA-fed(KEN+TZA),2002,5,govt_consumption,2007,lgbm_graph,12.8930348105775,0.7114455752028341
UGA-fed(KEN+TZA),2002,5,govt_consumption,2007,tft,12.8930348105775,5.115942494713263
UGA-fed(KEN+TZA),2002,10,govt_consumption,2012,persistence,7.59446464218355,9.19800505358695
UGA-fed(KEN+TZA),2002,10,govt_consumption,2012,arima,7.59446464218355,10.45648006102434
UGA-fed(KEN+TZA),2002,10,govt_consumption,2012,prophet,7.59446464218355,14.93478532616479
UGA-fed(KEN+TZA),2002,10,govt_consumption,2012,prophet_graph,7.59446464218355,4.388170283970688
UGA-fed(KEN+TZA),2002,10,govt_consumption,2012,xgb_blind,7.59446464218355,10.45648006102434
UGA-fed(KEN+TZA),2002,10,govt_consumption,2012,xgb_graph,7.59446464218355,10.45648006102434
UGA-fed(KEN+TZA),2002,10,govt_consumption,2012,lgbm_blind,7.59446464218355,10.45648006102434
UGA-fed(KEN+TZA),2002,10,govt_consumption,2012,lgbm_graph,7.59446464218355,10.45648006102434
UGA-fed(KEN+TZA),2002,10,govt_consumption,2012,tft,7.59446464218355,10.45648006102434
UGA-fed(KEN+TZA),2003,1,gdp_growth,2004,persistence,6.80723334361883,0.3339746719534
UGA-fed(KEN+TZA),2003,1,gdp_growth,2004,arima,6.80723334361883,0.5715522515456684
UGA-fed(KEN+TZA),2003,1,gdp_growth,2004,prophet,6.80723334361883,0.23993585241482052
UGA-fed(KEN+TZA),2003,1,gdp_growth,2004,prophet_graph,6.80723334361883,1.4063316519947255
UGA-fed(KEN+TZA),2003,1,gdp_growth,2004,xgb_blind,6.80723334361883,0.5715522515456684
UGA-fed(KEN+TZA),2003,1,gdp_growth,2004,xgb_graph,6.80723334361883,0.2079038720306956
UGA-fed(KEN+TZA),2003,1,gdp_growth,2004,lgbm_blind,6.80723334361883,0.5715522515456684
UGA-fed(KEN+TZA),2003,1,gdp_growth,2004,lgbm_graph,6.80723334361883,0.20042811076384037
UGA-fed(KEN+TZA),2003,1,gdp_growth,2004,tft,6.80723334361883,0.5715522515456684
UGA-fed(KEN+TZA),2003,3,gdp_growth,2006,persistence,10.7847443857453,4.31148571407987
UGA-fed(KEN+TZA),2003,3,gdp_growth,2006,arima,10.7847443857453,3.623425465096793
UGA-fed(KEN+TZA),2003,3,gdp_growth,2006,prophet,10.7847443857453,4.222889000899676
UGA-fed(KEN+TZA),2003,3,gdp_growth,2006,prophet_graph,10.7847443857453,9.109576991815615
UGA-fed(KEN+TZA),2003,3,gdp_growth,2006,xgb_blind,10.7847443857453,3.623425465096793
UGA-fed(KEN+TZA),2003,3,gdp_growth,2006,xgb_graph,10.7847443857453,1.7937213220856325
UGA-fed(KEN+TZA),2003,3,gdp_growth,2006,lgbm_blind,10.7847443857453,3.623425465096793
UGA-fed(KEN+TZA),2003,3,gdp_growth,2006,lgbm_graph,10.7847443857453,3.792379307252703
UGA-fed(KEN+TZA),2003,3,gdp_growth,2006,tft,10.7847443857453,3.623425465096793
UGA-fed(KEN+TZA),2003,5,gdp_growth,2008,persistence,8.70875190154499,2.235493229879559
UGA-fed(KEN+TZA),2003,5,gdp_growth,2008,arima,8.70875190154499,1.5823629968604385
UGA-fed(KEN+TZA),2003,5,gdp_growth,2008,prophet,8.70875190154499,2.152331178315811
UGA-fed(KEN+TZA),2003,5,gdp_growth,2008,prophet_graph,8.70875190154499,10.75422204156459
UGA-fed(KEN+TZA),2003,5,gdp_growth,2008,xgb_blind,8.70875190154499,1.5823629968604385
UGA-fed(KEN+TZA),2003,5,gdp_growth,2008,xgb_graph,8.70875190154499,3.4825913752693545
UGA-fed(KEN+TZA),2003,5,gdp_growth,2008,lgbm_blind,8.70875190154499,1.5823629968604385
UGA-fed(KEN+TZA),2003,5,gdp_growth,2008,lgbm_graph,8.70875190154499,1.7991866382206751
UGA-fed(KEN+TZA),2003,5,gdp_growth,2008,tft,8.70875190154499,1.5823629968604385
UGA-fed(KEN+TZA),2003,10,gdp_growth,2013,persistence,3.58690582623025,2.8863528454351806
UGA-fed(KEN+TZA),2003,10,gdp_growth,2013,arima,3.58690582623025,3.5327297952208707
UGA-fed(KEN+TZA),2003,10,gdp_growth,2013,prophet,3.58690582623025,2.955913353473932
UGA-fed(KEN+TZA),2003,10,gdp_growth,2013,prophet_graph,3.58690582623025,14.944163328613342
UGA-fed(KEN+TZA),2003,10,gdp_growth,2013,xgb_blind,3.58690582623025,3.5327297952208707
UGA-fed(KEN+TZA),2003,10,gdp_growth,2013,xgb_graph,3.58690582623025,3.385536323885717
UGA-fed(KEN+TZA),2003,10,gdp_growth,2013,lgbm_blind,3.58690582623025,3.5327297952208707
UGA-fed(KEN+TZA),2003,10,gdp_growth,2013,lgbm_graph,3.58690582623025,2.2959724176929375
UGA-fed(KEN+TZA),2003,10,gdp_growth,2013,tft,3.58690582623025,3.5327297952208707
UGA-fed(KEN+TZA),2003,1,unemployment,2004,persistence,2.699,0.9010000000000002
UGA-fed(KEN+TZA),2003,1,unemployment,2004,arima,2.699,0.9168572054118864
UGA-fed(KEN+TZA),2003,1,unemployment,2004,prophet,2.699,0.8989796306698525
UGA-fed(KEN+TZA),2003,1,unemployment,2004,prophet_graph,2.699,0.9253592994881106
UGA-fed(KEN+TZA),2003,1,unemployment,2004,xgb_blind,2.699,0.9168572054118864
UGA-fed(KEN+TZA),2003,1,unemployment,2004,xgb_graph,2.699,0.8622266063690187
UGA-fed(KEN+TZA),2003,1,unemployment,2004,lgbm_blind,2.699,0.9168572054118864
UGA-fed(KEN+TZA),2003,1,unemployment,2004,lgbm_graph,2.699,0.7282307616013748
UGA-fed(KEN+TZA),2003,1,unemployment,2004,tft,2.699,0.9168572054118864
UGA-fed(KEN+TZA),2003,3,unemployment,2006,persistence,2.264,1.3360000000000003
UGA-fed(KEN+TZA),2003,3,unemployment,2006,arima,2.264,1.3547704460045176
UGA-fed(KEN+TZA),2003,3,unemployment,2006,prophet,2.264,1.4040321581421424
UGA-fed(KEN+TZA),2003,3,unemployment,2006,prophet_graph,2.264,1.3778992599903375
UGA-fed(KEN+TZA),2003,3,unemployment,2006,xgb_blind,2.264,1.3547704460045176
UGA-fed(KEN+TZA),2003,3,unemployment,2006,xgb_graph,2.264,1.3059062347412111
UGA-fed(KEN+TZA),2003,3,unemployment,2006,lgbm_blind,2.264,1.3547704460045176
UGA-fed(KEN+TZA),2003,3,unemployment,2006,lgbm_graph,2.264,1.1499090884815564
UGA-fed(KEN+TZA),2003,3,unemployment,2006,tft,2.264,1.3547704460045176
UGA-fed(KEN+TZA),2003,5,unemployment,2008,persistence,3.035,0.565
UGA-fed(KEN+TZA),2003,5,unemployment,2008,arima,3.035,0.5838436997199024
UGA-fed(KEN+TZA),2003,5,unemployment,2008,prophet,3.035,0.702988854523499
UGA-fed(KEN+TZA),2003,5,unemployment,2008,prophet_graph,3.035,0.6244152260185523
UGA-fed(KEN+TZA),2003,5,unemployment,2008,xgb_blind,3.035,0.5838436997199024
UGA-fed(KEN+TZA),2003,5,unemployment,2008,xgb_graph,3.035,0.5405605697631835
UGA-fed(KEN+TZA),2003,5,unemployment,2008,lgbm_blind,3.035,0.5838436997199024
UGA-fed(KEN+TZA),2003,5,unemployment,2008,lgbm_graph,3.035,0.3658888933393687
UGA-fed(KEN+TZA),2003,5,unemployment,2008,tft,3.035,0.5838436997199024
UGA-fed(KEN+TZA),2003,10,unemployment,2013,persistence,1.91,1.6900000000000002
UGA-fed(KEN+TZA),2003,10,unemployment,2013,arima,1.91,1.7088455890134224
UGA-fed(KEN+TZA),2003,10,unemployment,2013,prophet,1.91,2.003072257658757
UGA-fed(KEN+TZA),2003,10,unemployment,2013,prophet_graph,1.91,1.7932531300371128
UGA-fed(KEN+TZA),2003,10,unemployment,2013,xgb_blind,1.91,1.7088455890134224
UGA-fed(KEN+TZA),2003,10,unemployment,2013,xgb_graph,1.91,1.5959430599212647
UGA-fed(KEN+TZA),2003,10,unemployment,2013,lgbm_blind,1.91,1.7088455890134224
UGA-fed(KEN+TZA),2003,10,unemployment,2013,lgbm_graph,1.91,1.628249969482422
UGA-fed(KEN+TZA),2003,10,unemployment,2013,tft,1.91,1.7088455890134224
UGA-fed(KEN+TZA),2003,1,exports_gdp,2004,persistence,12.6968807487592,1.310155914788
UGA-fed(KEN+TZA),2003,1,exports_gdp,2004,arima,12.6968807487592,1.384527038287228
UGA-fed(KEN+TZA),2003,1,exports_gdp,2004,prophet,12.6968807487592,0.11682655781388007
UGA-fed(KEN+TZA),2003,1,exports_gdp,2004,prophet_graph,12.6968807487592,0.9712452799810922
UGA-fed(KEN+TZA),2003,1,exports_gdp,2004,xgb_blind,12.6968807487592,1.384527038287228
UGA-fed(KEN+TZA),2003,1,exports_gdp,2004,xgb_graph,12.6968807487592,1.5253662376508021
UGA-fed(KEN+TZA),2003,1,exports_gdp,2004,lgbm_blind,12.6968807487592,1.384527038287228
UGA-fed(KEN+TZA),2003,1,exports_gdp,2004,lgbm_graph,12.6968807487592,2.2506262752930617
UGA-fed(KEN+TZA),2003,1,exports_gdp,2004,tft,12.6968807487592,1.384527038287228
UGA-fed(KEN+TZA),2003,3,exports_gdp,2006,persistence,15.2754133833713,3.888688549400099
UGA-fed(KEN+TZA),2003,3,exports_gdp,2006,arima,15.2754133833713,3.944844057238326
UGA-fed(KEN+TZA),2003,3,exports_gdp,2006,prophet,15.2754133833713,1.7686954099924321
UGA-fed(KEN+TZA),2003,3,exports_gdp,2006,prophet_graph,15.2754133833713,2.4557509133499114
UGA-fed(KEN+TZA),2003,3,exports_gdp,2006,xgb_blind,15.2754133833713,3.944844057238326
UGA-fed(KEN+TZA),2003,3,exports_gdp,2006,xgb_graph,15.2754133833713,3.9723271025485456
UGA-fed(KEN+TZA),2003,3,exports_gdp,2006,lgbm_blind,15.2754133833713,3.944844057238326
UGA-fed(KEN+TZA),2003,3,exports_gdp,2006,lgbm_graph,15.2754133833713,4.404887069589561
UGA-fed(KEN+TZA),2003,3,exports_gdp,2006,tft,15.2754133833713,3.944844057238326
UGA-fed(KEN+TZA),2003,5,exports_gdp,2008,persistence,24.2801423442251,12.8934175102539
UGA-fed(KEN+TZA),2003,5,exports_gdp,2008,arima,24.2801423442251,12.946223937294814
UGA-fed(KEN+TZA),2003,5,exports_gdp,2008,prophet,24.2801423442251,10.081361735048384
UGA-fed(KEN+TZA),2003,5,exports_gdp,2008,prophet_graph,24.2801423442251,10.367949489925202
UGA-fed(KEN+TZA),2003,5,exports_gdp,2008,xgb_blind,24.2801423442251,12.946223937294814
UGA-fed(KEN+TZA),2003,5,exports_gdp,2008,xgb_graph,24.2801423442251,12.415504015672855
UGA-fed(KEN+TZA),2003,5,exports_gdp,2008,lgbm_blind,24.2801423442251,12.946223937294814
UGA-fed(KEN+TZA),2003,5,exports_gdp,2008,lgbm_graph,24.2801423442251,12.74983849511079
UGA-fed(KEN+TZA),2003,5,exports_gdp,2008,tft,24.2801423442251,12.946223937294814
UGA-fed(KEN+TZA),2003,10,exports_gdp,2013,persistence,16.5130356713113,5.1263108373401
UGA-fed(KEN+TZA),2003,10,exports_gdp,2013,arima,16.5130356713113,5.178351859529922
UGA-fed(KEN+TZA),2003,10,exports_gdp,2013,prophet,16.5130356713113,0.5822024106240793
UGA-fed(KEN+TZA),2003,10,exports_gdp,2013,prophet_graph,16.5130356713113,0.13347637761441078
UGA-fed(KEN+TZA),2003,10,exports_gdp,2013,xgb_blind,16.5130356713113,5.178351859529922
UGA-fed(KEN+TZA),2003,10,exports_gdp,2013,xgb_graph,16.5130356713113,5.281803028183859
UGA-fed(KEN+TZA),2003,10,exports_gdp,2013,lgbm_blind,16.5130356713113,5.178351859529922
UGA-fed(KEN+TZA),2003,10,exports_gdp,2013,lgbm_graph,16.5130356713113,5.320661918717306
UGA-fed(KEN+TZA),2003,10,exports_gdp,2013,tft,16.5130356713113,5.178351859529922
UGA-fed(KEN+TZA),2003,1,imports_gdp,2004,persistence,22.7632054968845,2.4357961332711007
UGA-fed(KEN+TZA),2003,1,imports_gdp,2004,arima,22.7632054968845,2.4195401149946285
UGA-fed(KEN+TZA),2003,1,imports_gdp,2004,prophet,22.7632054968845,1.630521767553585
UGA-fed(KEN+TZA),2003,1,imports_gdp,2004,prophet_graph,22.7632054968845,2.661342919264289
UGA-fed(KEN+TZA),2003,1,imports_gdp,2004,xgb_blind,22.7632054968845,2.4195401149946285
UGA-fed(KEN+TZA),2003,1,imports_gdp,2004,xgb_graph,22.7632054968845,1.6328020409572979
UGA-fed(KEN+TZA),2003,1,imports_gdp,2004,lgbm_blind,22.7632054968845,2.4195401149946285
UGA-fed(KEN+TZA),2003,1,imports_gdp,2004,lgbm_graph,22.7632054968845,0.3085447877968335
UGA-fed(KEN+TZA),2003,1,imports_gdp,2004,tft,22.7632054968845,2.4195401149946285
UGA-fed(KEN+TZA),2003,3,imports_gdp,2006,persistence,28.3578724062492,3.1588707760936003
UGA-fed(KEN+TZA),2003,3,imports_gdp,2006,arima,28.3578724062492,3.173399366015076
UGA-fed(KEN+TZA),2003,3,imports_gdp,2006,prophet,28.3578724062492,3.3870328442952236
UGA-fed(KEN+TZA),2003,3,imports_gdp,2006,prophet_graph,28.3578724062492,2.935930340316027
UGA-fed(KEN+TZA),2003,3,imports_gdp,2006,xgb_blind,28.3578724062492,3.173399366015076
UGA-fed(KEN+TZA),2003,3,imports_gdp,2006,xgb_graph,28.3578724062492,3.2794193422843563
UGA-fed(KEN+TZA),2003,3,imports_gdp,2006,lgbm_blind,28.3578724062492,3.173399366015076
UGA-fed(KEN+TZA),2003,3,imports_gdp,2006,lgbm_graph,28.3578724062492,6.023166706675337
UGA-fed(KEN+TZA),2003,3,imports_gdp,2006,tft,28.3578724062492,3.173399366015076
UGA-fed(KEN+TZA),2003,5,imports_gdp,2008,persistence,31.9781258608383,6.779124230682701
UGA-fed(KEN+TZA),2003,5,imports_gdp,2008,arima,31.9781258608383,6.793627581722106
UGA-fed(KEN+TZA),2003,5,imports_gdp,2008,prophet,31.9781258608383,6.430963484675566
UGA-fed(KEN+TZA),2003,5,imports_gdp,2008,prophet_graph,31.9781258608383,6.558786579662172
UGA-fed(KEN+TZA),2003,5,imports_gdp,2008,xgb_blind,31.9781258608383,6.793627581722106
UGA-fed(KEN+TZA),2003,5,imports_gdp,2008,xgb_graph,31.9781258608383,6.99138384118498
UGA-fed(KEN+TZA),2003,5,imports_gdp,2008,lgbm_blind,31.9781258608383,6.793627581722106
UGA-fed(KEN+TZA),2003,5,imports_gdp,2008,lgbm_graph,31.9781258608383,9.15527870643292
UGA-fed(KEN+TZA),2003,5,imports_gdp,2008,tft,31.9781258608383,6.793627581722106
UGA-fed(KEN+TZA),2003,10,imports_gdp,2013,persistence,26.5961192021574,1.3971175720018003
UGA-fed(KEN+TZA),2003,10,imports_gdp,2013,arima,26.5961192021574,1.4116205488069546
UGA-fed(KEN+TZA),2003,10,imports_gdp,2013,prophet,26.5961192021574,0.39342917614149187
UGA-fed(KEN+TZA),2003,10,imports_gdp,2013,prophet_graph,26.5961192021574,1.18329401379102
UGA-fed(KEN+TZA),2003,10,imports_gdp,2013,xgb_blind,26.5961192021574,1.4116205488069546
UGA-fed(KEN+TZA),2003,10,imports_gdp,2013,xgb_graph,26.5961192021574,1.2862265477384547
UGA-fed(KEN+TZA),2003,10,imports_gdp,2013,lgbm_blind,26.5961192021574,1.4116205488069546
UGA-fed(KEN+TZA),2003,10,imports_gdp,2013,lgbm_graph,26.5961192021574,2.5528610120023707
UGA-fed(KEN+TZA),2003,10,imports_gdp,2013,tft,26.5961192021574,1.4116205488069546
UGA-fed(KEN+TZA),2003,1,current_account,2004,persistence,-0.0210973345748702,0.5606588269410768
UGA-fed(KEN+TZA),2003,1,current_account,2004,arima,-0.0210973345748702,0.5868813958397525
UGA-fed(KEN+TZA),2003,1,current_account,2004,prophet,-0.0210973345748702,3.175605213567468
UGA-fed(KEN+TZA),2003,1,current_account,2004,prophet_graph,-0.0210973345748702,2.2883966459586946
UGA-fed(KEN+TZA),2003,1,current_account,2004,xgb_blind,-0.0210973345748702,0.5868813958397525
UGA-fed(KEN+TZA),2003,1,current_account,2004,xgb_graph,-0.0210973345748702,0.9896939671524247
UGA-fed(KEN+TZA),2003,1,current_account,2004,lgbm_blind,-0.0210973345748702,0.5868813958397525
UGA-fed(KEN+TZA),2003,1,current_account,2004,lgbm_graph,-0.0210973345748702,4.300431746659695
UGA-fed(KEN+TZA),2003,1,current_account,2004,tft,-0.0210973345748702,0.5868813958397525
UGA-fed(KEN+TZA),2003,3,current_account,2006,persistence,-3.18903604186135,2.607279880345403
UGA-fed(KEN+TZA),2003,3,current_account,2006,arima,-3.18903604186135,2.5814182770639245
UGA-fed(KEN+TZA),2003,3,current_account,2006,prophet,-3.18903604186135,0.3262505717961868
UGA-fed(KEN+TZA),2003,3,current_account,2006,prophet_graph,-3.18903604186135,1.5389844505255115
UGA-fed(KEN+TZA),2003,3,current_account,2006,xgb_blind,-3.18903604186135,2.5814182770639245
UGA-fed(KEN+TZA),2003,3,current_account,2006,xgb_graph,-3.18903604186135,2.0242046419437476
UGA-fed(KEN+TZA),2003,3,current_account,2006,lgbm_blind,-3.18903604186135,2.5814182770639245
UGA-fed(KEN+TZA),2003,3,current_account,2006,lgbm_graph,-3.18903604186135,1.136724869950132
UGA-fed(KEN+TZA),2003,3,current_account,2006,tft,-3.18903604186135,2.5814182770639245
UGA-fed(KEN+TZA),2003,5,current_account,2008,persistence,-8.47510327903427,7.893347117518323
UGA-fed(KEN+TZA),2003,5,current_account,2008,arima,-8.47510327903427,7.867485584585901
UGA-fed(KEN+TZA),2003,5,current_account,2008,prophet,-8.47510327903427,5.9457780921378305
UGA-fed(KEN+TZA),2003,5,current_account,2008,prophet_graph,-8.47510327903427,7.483591966924616
UGA-fed(KEN+TZA),2003,5,current_account,2008,xgb_blind,-8.47510327903427,7.867485584585901
UGA-fed(KEN+TZA),2003,5,current_account,2008,xgb_graph,-8.47510327903427,7.447721858898772
UGA-fed(KEN+TZA),2003,5,current_account,2008,lgbm_blind,-8.47510327903427,7.867485584585901
UGA-fed(KEN+TZA),2003,5,current_account,2008,lgbm_graph,-8.47510327903427,4.263541672044304
UGA-fed(KEN+TZA),2003,5,current_account,2008,tft,-8.47510327903427,7.867485584585901
UGA-fed(KEN+TZA),2003,10,current_account,2013,persistence,-6.05719389968621,5.475437738170263
UGA-fed(KEN+TZA),2003,10,current_account,2013,arima,-6.05719389968621,5.449576205251554
UGA-fed(KEN+TZA),2003,10,current_account,2013,prophet,-6.05719389968621,4.362433010528481
UGA-fed(KEN+TZA),2003,10,current_account,2013,prophet_graph,-6.05719389968621,6.7138375055851
UGA-fed(KEN+TZA),2003,10,current_account,2013,xgb_blind,-6.05719389968621,5.449576205251554
UGA-fed(KEN+TZA),2003,10,current_account,2013,xgb_graph,-6.05719389968621,1.8912207131932899
UGA-fed(KEN+TZA),2003,10,current_account,2013,lgbm_blind,-6.05719389968621,5.449576205251554
UGA-fed(KEN+TZA),2003,10,current_account,2013,lgbm_graph,-6.05719389968621,2.540337452823989
UGA-fed(KEN+TZA),2003,10,current_account,2013,tft,-6.05719389968621,5.449576205251554
UGA-fed(KEN+TZA),2003,1,real_interest_rate,2004,persistence,4.33924393856924,5.989794793594861
UGA-fed(KEN+TZA),2003,1,real_interest_rate,2004,arima,4.33924393856924,12.837901624101637
UGA-fed(KEN+TZA),2003,1,real_interest_rate,2004,prophet,4.33924393856924,17.72956260836317
UGA-fed(KEN+TZA),2003,1,real_interest_rate,2004,prophet_graph,4.33924393856924,11.235020203107107
UGA-fed(KEN+TZA),2003,1,real_interest_rate,2004,xgb_blind,4.33924393856924,12.837901624101637
UGA-fed(KEN+TZA),2003,1,real_interest_rate,2004,xgb_graph,4.33924393856924,8.18460745608408
UGA-fed(KEN+TZA),2003,1,real_interest_rate,2004,lgbm_blind,4.33924393856924,12.837901624101637
UGA-fed(KEN+TZA),2003,1,real_interest_rate,2004,lgbm_graph,4.33924393856924,7.057959910342927
UGA-fed(KEN+TZA),2003,1,real_interest_rate,2004,tft,4.33924393856924,12.837901624101637
UGA-fed(KEN+TZA),2003,3,real_interest_rate,2006,persistence,15.9090043564186,5.5799656242545
UGA-fed(KEN+TZA),2003,3,real_interest_rate,2006,arima,15.9090043564186,0.43257242080276725
UGA-fed(KEN+TZA),2003,3,real_interest_rate,2006,prophet,15.9090043564186,9.292589185871249
UGA-fed(KEN+TZA),2003,3,real_interest_rate,2006,prophet_graph,15.9090043564186,4.833721411037784
UGA-fed(KEN+TZA),2003,3,real_interest_rate,2006,xgb_blind,15.9090043564186,0.43257242080276725
UGA-fed(KEN+TZA),2003,3,real_interest_rate,2006,xgb_graph,15.9090043564186,0.26212134555434297
UGA-fed(KEN+TZA),2003,3,real_interest_rate,2006,lgbm_blind,15.9090043564186,0.43257242080276725
UGA-fed(KEN+TZA),2003,3,real_interest_rate,2006,lgbm_graph,15.9090043564186,2.672057296787253
UGA-fed(KEN+TZA),2003,3,real_interest_rate,2006,tft,15.9090043564186,0.43257242080276725
UGA-fed(KEN+TZA),2003,5,real_interest_rate,2008,persistence,13.2429702962502,2.9139315640860985
UGA-fed(KEN+TZA),2003,5,real_interest_rate,2008,arima,13.2429702962502,1.7363484568699903
UGA-fed(KEN+TZA),2003,5,real_interest_rate,2008,prophet,13.2429702962502,15.08712462307238
UGA-fed(KEN+TZA),2003,5,real_interest_rate,2008,prophet_graph,13.2429702962502,12.66114669804535
UGA-fed(KEN+TZA),2003,5,real_interest_rate,2008,xgb_blind,13.2429702962502,1.7363484568699903
UGA-fed(KEN+TZA),2003,5,real_interest_rate,2008,xgb_graph,13.2429702962502,1.285441228257035
UGA-fed(KEN+TZA),2003,5,real_interest_rate,2008,lgbm_blind,13.2429702962502,1.7363484568699903
UGA-fed(KEN+TZA),2003,5,real_interest_rate,2008,lgbm_graph,13.2429702962502,1.9448953848682358
UGA-fed(KEN+TZA),2003,5,real_interest_rate,2008,tft,13.2429702962502,1.7363484568699903
UGA-fed(KEN+TZA),2003,10,real_interest_rate,2013,persistence,19.0146300185037,8.685591286339598
UGA-fed(KEN+TZA),2003,10,real_interest_rate,2013,arima,19.0146300185037,4.250113762687134
UGA-fed(KEN+TZA),2003,10,real_interest_rate,2013,prophet,19.0146300185037,17.145289580050115
UGA-fed(KEN+TZA),2003,10,real_interest_rate,2013,prophet_graph,19.0146300185037,19.807105840771495
UGA-fed(KEN+TZA),2003,10,real_interest_rate,2013,xgb_blind,19.0146300185037,4.250113762687134
UGA-fed(KEN+TZA),2003,10,real_interest_rate,2013,xgb_graph,19.0146300185037,3.7334187638449343
UGA-fed(KEN+TZA),2003,10,real_interest_rate,2013,lgbm_blind,19.0146300185037,4.250113762687134
UGA-fed(KEN+TZA),2003,10,real_interest_rate,2013,lgbm_graph,19.0146300185037,3.6944448340249387
UGA-fed(KEN+TZA),2003,10,real_interest_rate,2013,tft,19.0146300185037,4.250113762687134
UGA-fed(KEN+TZA),2003,1,broad_money,2004,persistence,17.2284785590111,2.3254798665272993
UGA-fed(KEN+TZA),2003,1,broad_money,2004,arima,17.2284785590111,2.493335643218309
UGA-fed(KEN+TZA),2003,1,broad_money,2004,prophet,17.2284785590111,2.687697568213011
UGA-fed(KEN+TZA),2003,1,broad_money,2004,prophet_graph,17.2284785590111,2.2504672339709764
UGA-fed(KEN+TZA),2003,1,broad_money,2004,xgb_blind,17.2284785590111,2.493335643218309
UGA-fed(KEN+TZA),2003,1,broad_money,2004,xgb_graph,17.2284785590111,1.8586872735084299
UGA-fed(KEN+TZA),2003,1,broad_money,2004,lgbm_blind,17.2284785590111,2.493335643218309
UGA-fed(KEN+TZA),2003,1,broad_money,2004,lgbm_graph,17.2284785590111,3.278281705960282
UGA-fed(KEN+TZA),2003,1,broad_money,2004,tft,17.2284785590111,2.493335643218309
UGA-fed(KEN+TZA),2003,3,broad_money,2006,persistence,19.9141480378524,0.3601896123139987
UGA-fed(KEN+TZA),2003,3,broad_money,2006,arima,19.9141480378524,0.12097885037825051
UGA-fed(KEN+TZA),2003,3,broad_money,2006,prophet,19.9141480378524,1.7154589979222372
UGA-fed(KEN+TZA),2003,3,broad_money,2006,prophet_graph,19.9141480378524,0.6473250417164422
UGA-fed(KEN+TZA),2003,3,broad_money,2006,xgb_blind,19.9141480378524,0.12097885037825051
UGA-fed(KEN+TZA),2003,3,broad_money,2006,xgb_graph,19.9141480378524,0.9082123689070869
UGA-fed(KEN+TZA),2003,3,broad_money,2006,lgbm_blind,19.9141480378524,0.12097885037825051
UGA-fed(KEN+TZA),2003,3,broad_money,2006,lgbm_graph,19.9141480378524,5.088745604630409
UGA-fed(KEN+TZA),2003,3,broad_money,2006,tft,19.9141480378524,0.12097885037825051
UGA-fed(KEN+TZA),2003,5,broad_money,2008,persistence,23.6176766205558,4.063718195017401
UGA-fed(KEN+TZA),2003,5,broad_money,2008,arima,23.6176766205558,3.8171254652185986
UGA-fed(KEN+TZA),2003,5,broad_money,2008,prophet,23.6176766205558,0.27698263096189635
UGA-fed(KEN+TZA),2003,5,broad_money,2008,prophet_graph,23.6176766205558,4.56268623960133
UGA-fed(KEN+TZA),2003,5,broad_money,2008,xgb_blind,23.6176766205558,3.8171254652185986
UGA-fed(KEN+TZA),2003,5,broad_money,2008,xgb_graph,23.6176766205558,4.439020996166153
UGA-fed(KEN+TZA),2003,5,broad_money,2008,lgbm_blind,23.6176766205558,3.8171254652185986
UGA-fed(KEN+TZA),2003,5,broad_money,2008,lgbm_graph,23.6176766205558,8.111519487241457
UGA-fed(KEN+TZA),2003,5,broad_money,2008,tft,23.6176766205558,3.8171254652185986
UGA-fed(KEN+TZA),2003,10,broad_money,2013,persistence,17.9866884362961,1.5672699892423019
UGA-fed(KEN+TZA),2003,10,broad_money,2013,arima,17.9866884362961,1.8147116059616195
UGA-fed(KEN+TZA),2003,10,broad_money,2013,prophet,17.9866884362961,9.636410847308493
UGA-fed(KEN+TZA),2003,10,broad_money,2013,prophet_graph,17.9866884362961,0.5381400433753853
UGA-fed(KEN+TZA),2003,10,broad_money,2013,xgb_blind,17.9866884362961,1.8147116059616195
UGA-fed(KEN+TZA),2003,10,broad_money,2013,xgb_graph,17.9866884362961,1.3508760320876902
UGA-fed(KEN+TZA),2003,10,broad_money,2013,lgbm_blind,17.9866884362961,1.8147116059616195
UGA-fed(KEN+TZA),2003,10,broad_money,2013,lgbm_graph,17.9866884362961,0.2884319436813527
UGA-fed(KEN+TZA),2003,10,broad_money,2013,tft,17.9866884362961,1.8147116059616195
UGA-fed(KEN+TZA),2003,1,govt_consumption,2004,persistence,13.8873022739532,1.8577510714546008
UGA-fed(KEN+TZA),2003,1,govt_consumption,2004,arima,13.8873022739532,1.4864390138177974
UGA-fed(KEN+TZA),2003,1,govt_consumption,2004,prophet,13.8873022739532,3.164178004805656
UGA-fed(KEN+TZA),2003,1,govt_consumption,2004,prophet_graph,13.8873022739532,2.9506612558969074
UGA-fed(KEN+TZA),2003,1,govt_consumption,2004,xgb_blind,13.8873022739532,1.4864390138177974
UGA-fed(KEN+TZA),2003,1,govt_consumption,2004,xgb_graph,13.8873022739532,1.843215113436937
UGA-fed(KEN+TZA),2003,1,govt_consumption,2004,lgbm_blind,13.8873022739532,1.4864390138177974
UGA-fed(KEN+TZA),2003,1,govt_consumption,2004,lgbm_graph,13.8873022739532,1.1200930741945232
UGA-fed(KEN+TZA),2003,1,govt_consumption,2004,tft,13.8873022739532,1.4864390138177974
UGA-fed(KEN+TZA),2003,3,govt_consumption,2006,persistence,14.1023117957031,1.6427415497047004
UGA-fed(KEN+TZA),2003,3,govt_consumption,2006,arima,14.1023117957031,1.0931346943509546
UGA-fed(KEN+TZA),2003,3,govt_consumption,2006,prophet,14.1023117957031,4.192218494481461
UGA-fed(KEN+TZA),2003,3,govt_consumption,2006,prophet_graph,14.1023117957031,3.2281564877381985
UGA-fed(KEN+TZA),2003,3,govt_consumption,2006,xgb_blind,14.1023117957031,1.0931346943509546
UGA-fed(KEN+TZA),2003,3,govt_consumption,2006,xgb_graph,14.1023117957031,2.3279593529785405
UGA-fed(KEN+TZA),2003,3,govt_consumption,2006,lgbm_blind,14.1023117957031,1.0931346943509546
UGA-fed(KEN+TZA),2003,3,govt_consumption,2006,lgbm_graph,14.1023117957031,0.6953437656405121
UGA-fed(KEN+TZA),2003,3,govt_consumption,2006,tft,14.1023117957031,1.0931346943509546
UGA-fed(KEN+TZA),2003,5,govt_consumption,2008,persistence,11.2108868131021,4.534166532305701
UGA-fed(KEN+TZA),2003,5,govt_consumption,2008,arima,11.2108868131021,3.9621529677370813
UGA-fed(KEN+TZA),2003,5,govt_consumption,2008,prophet,11.2108868131021,8.324993009696374
UGA-fed(KEN+TZA),2003,5,govt_consumption,2008,prophet_graph,11.2108868131021,6.611412482817411
UGA-fed(KEN+TZA),2003,5,govt_consumption,2008,xgb_blind,11.2108868131021,3.9621529677370813
UGA-fed(KEN+TZA),2003,5,govt_consumption,2008,xgb_graph,11.2108868131021,4.648283146919873
UGA-fed(KEN+TZA),2003,5,govt_consumption,2008,lgbm_blind,11.2108868131021,3.9621529677370813
UGA-fed(KEN+TZA),2003,5,govt_consumption,2008,lgbm_graph,11.2108868131021,2.631435006627175
UGA-fed(KEN+TZA),2003,5,govt_consumption,2008,tft,11.2108868131021,3.9621529677370813
UGA-fed(KEN+TZA),2003,10,govt_consumption,2013,persistence,7.09808347224892,8.64696987315888
UGA-fed(KEN+TZA),2003,10,govt_consumption,2013,arima,7.09808347224892,8.071753692774056
UGA-fed(KEN+TZA),2003,10,govt_consumption,2013,prophet,7.09808347224892,15.544571139707926
UGA-fed(KEN+TZA),2003,10,govt_consumption,2013,prophet_graph,7.09808347224892,11.955140837092081
UGA-fed(KEN+TZA),2003,10,govt_consumption,2013,xgb_blind,7.09808347224892,8.071753692774056
UGA-fed(KEN+TZA),2003,10,govt_consumption,2013,xgb_graph,7.09808347224892,9.370302224162213
UGA-fed(KEN+TZA),2003,10,govt_consumption,2013,lgbm_blind,7.09808347224892,8.071753692774056
UGA-fed(KEN+TZA),2003,10,govt_consumption,2013,lgbm_graph,7.09808347224892,8.557839417460553
UGA-fed(KEN+TZA),2003,10,govt_consumption,2013,tft,7.09808347224892,8.071753692774056
UGA-fed(KEN+TZA),2004,1,gdp_growth,2005,persistence,6.33256511623156,0.4746682273872702
UGA-fed(KEN+TZA),2004,1,gdp_growth,2005,arima,6.33256511623156,0.3430740365303455
UGA-fed(KEN+TZA),2004,1,gdp_growth,2005,prophet,6.33256511623156,0.30329467290280476
UGA-fed(KEN+TZA),2004,1,gdp_growth,2005,prophet_graph,6.33256511623156,1.0667975182518328
UGA-fed(KEN+TZA),2004,1,gdp_growth,2005,xgb_blind,6.33256511623156,0.3430740365303455
UGA-fed(KEN+TZA),2004,1,gdp_growth,2005,xgb_graph,6.33256511623156,2.4121702187706227
UGA-fed(KEN+TZA),2004,1,gdp_growth,2005,lgbm_blind,6.33256511623156,0.3430740365303455
UGA-fed(KEN+TZA),2004,1,gdp_growth,2005,lgbm_graph,6.33256511623156,0.2885564095329052
UGA-fed(KEN+TZA),2004,1,gdp_growth,2005,tft,6.33256511623156,0.3430740365303455
UGA-fed(KEN+TZA),2004,3,gdp_growth,2007,persistence,8.41242596551071,1.60519262189188
UGA-fed(KEN+TZA),2004,3,gdp_growth,2007,arima,8.41242596551071,1.7053661749667013
UGA-fed(KEN+TZA),2004,3,gdp_growth,2007,prophet,8.41242596551071,1.7697999069235824
UGA-fed(KEN+TZA),2004,3,gdp_growth,2007,prophet_graph,8.41242596551071,6.427133227182468
UGA-fed(KEN+TZA),2004,3,gdp_growth,2007,xgb_blind,8.41242596551071,1.7053661749667013
UGA-fed(KEN+TZA),2004,3,gdp_growth,2007,xgb_graph,8.41242596551071,1.6616468135942064
UGA-fed(KEN+TZA),2004,3,gdp_growth,2007,lgbm_blind,8.41242596551071,1.7053661749667013
UGA-fed(KEN+TZA),2004,3,gdp_growth,2007,lgbm_graph,8.41242596551071,1.4354885324268585
UGA-fed(KEN+TZA),2004,3,gdp_growth,2007,tft,8.41242596551071,1.7053661749667013
UGA-fed(KEN+TZA),2004,5,gdp_growth,2009,persistence,6.80151734860395,0.005715995014880626
UGA-fed(KEN+TZA),2004,5,gdp_growth,2009,arima,6.80151734860395,0.08957933821736841
UGA-fed(KEN+TZA),2004,5,gdp_growth,2009,prophet,6.80151734860395,0.15211575170179437
UGA-fed(KEN+TZA),2004,5,gdp_growth,2009,prophet_graph,6.80151734860395,8.101193271104803
UGA-fed(KEN+TZA),2004,5,gdp_growth,2009,xgb_blind,6.80151734860395,0.08957933821736841
UGA-fed(KEN+TZA),2004,5,gdp_growth,2009,xgb_graph,6.80151734860395,0.013469558076605992
UGA-fed(KEN+TZA),2004,5,gdp_growth,2009,lgbm_blind,6.80151734860395,0.08957933821736841
UGA-fed(KEN+TZA),2004,5,gdp_growth,2009,lgbm_graph,6.80151734860395,0.09781472174669759
UGA-fed(KEN+TZA),2004,5,gdp_growth,2009,tft,6.80151734860395,0.08957933821736841
UGA-fed(KEN+TZA),2004,10,gdp_growth,2014,persistence,5.10630732539796,1.70092601822087
UGA-fed(KEN+TZA),2004,10,gdp_growth,2014,arima,5.10630732539796,1.6065357662294488
UGA-fed(KEN+TZA),2004,10,gdp_growth,2014,prophet,5.10630732539796,1.560019213998367
UGA-fed(KEN+TZA),2004,10,gdp_growth,2014,prophet_graph,5.10630732539796,14.611664198205142
UGA-fed(KEN+TZA),2004,10,gdp_growth,2014,xgb_blind,5.10630732539796,1.6065357662294488
UGA-fed(KEN+TZA),2004,10,gdp_growth,2014,xgb_graph,5.10630732539796,1.5652405643115124
UGA-fed(KEN+TZA),2004,10,gdp_growth,2014,lgbm_blind,5.10630732539796,1.6065357662294488
UGA-fed(KEN+TZA),2004,10,gdp_growth,2014,lgbm_graph,5.10630732539796,0.9614419364581188
UGA-fed(KEN+TZA),2004,10,gdp_growth,2014,tft,5.10630732539796,1.6065357662294488
UGA-fed(KEN+TZA),2004,1,unemployment,2005,persistence,1.9,0.7989999999999999
UGA-fed(KEN+TZA),2004,1,unemployment,2005,arima,1.9,1.0623470135951476
UGA-fed(KEN+TZA),2004,1,unemployment,2005,prophet,1.9,1.3816186902572571
UGA-fed(KEN+TZA),2004,1,unemployment,2005,prophet_graph,1.9,0.8565129251448274
UGA-fed(KEN+TZA),2004,1,unemployment,2005,xgb_blind,1.9,1.0623470135951476
UGA-fed(KEN+TZA),2004,1,unemployment,2005,xgb_graph,1.9,1.535682773590088
UGA-fed(KEN+TZA),2004,1,unemployment,2005,lgbm_blind,1.9,1.0623470135951476
UGA-fed(KEN+TZA),2004,1,unemployment,2005,lgbm_graph,1.9,1.4752142701830184
UGA-fed(KEN+TZA),2004,1,unemployment,2005,tft,1.9,1.0623470135951476
UGA-fed(KEN+TZA),2004,3,unemployment,2007,persistence,2.667,0.03200000000000003
UGA-fed(KEN+TZA),2004,3,unemployment,2007,arima,2.667,0.24087271945152944
UGA-fed(KEN+TZA),2004,3,unemployment,2007,prophet,2.667,0.5900399869801776
UGA-fed(KEN+TZA),2004,3,unemployment,2007,prophet_graph,2.667,0.11736499855843796
UGA-fed(KEN+TZA),2004,3,unemployment,2007,xgb_blind,2.667,0.24087271945152944
UGA-fed(KEN+TZA),2004,3,unemployment,2007,xgb_graph,2.667,0.15329485702514667
UGA-fed(KEN+TZA),2004,3,unemployment,2007,lgbm_blind,2.667,0.24087271945152944
UGA-fed(KEN+TZA),2004,3,unemployment,2007,lgbm_graph,2.667,0.6873333212534587
UGA-fed(KEN+TZA),2004,3,unemployment,2007,tft,2.667,0.24087271945152944
UGA-fed(KEN+TZA),2004,5,unemployment,2009,persistence,3.6,0.9010000000000002
UGA-fed(KEN+TZA),2004,5,unemployment,2009,arima,3.6,0.6967809852839828
UGA-fed(KEN+TZA),2004,5,unemployment,2009,prophet,3.6,0.367572385753447
UGA-fed(KEN+TZA),2004,5,unemployment,2009,prophet_graph,3.6,1.2575263166777355
UGA-fed(KEN+TZA),2004,5,unemployment,2009,xgb_blind,3.6,0.6967809852839828
UGA-fed(KEN+TZA),2004,5,unemployment,2009,xgb_graph,3.6,0.8151262760162354
UGA-fed(KEN+TZA),2004,5,unemployment,2009,lgbm_blind,3.6,0.6967809852839828
UGA-fed(KEN+TZA),2004,5,unemployment,2009,lgbm_graph,3.6,0.2693000078201293
UGA-fed(KEN+TZA),2004,5,unemployment,2009,tft,3.6,0.6967809852839828
UGA-fed(KEN+TZA),2004,10,unemployment,2014,persistence,2.357,0.34199999999999964
UGA-fed(KEN+TZA),2004,10,unemployment,2014,arima,2.357,0.5457833882967722
UGA-fed(KEN+TZA),2004,10,unemployment,2014,prophet,2.357,0.8139471865973098
UGA-fed(KEN+TZA),2004,10,unemployment,2014,prophet_graph,2.357,0.5320045203519315
UGA-fed(KEN+TZA),2004,10,unemployment,2014,xgb_blind,2.357,0.5457833882967722
UGA-fed(KEN+TZA),2004,10,unemployment,2014,xgb_graph,2.357,0.4481598072052
UGA-fed(KEN+TZA),2004,10,unemployment,2014,lgbm_blind,2.357,0.5457833882967722
UGA-fed(KEN+TZA),2004,10,unemployment,2014,lgbm_graph,2.357,1.0133999519348142
UGA-fed(KEN+TZA),2004,10,unemployment,2014,tft,2.357,0.5457833882967722
UGA-fed(KEN+TZA),2004,1,exports_gdp,2005,persistence,14.1796999798574,1.4828192310981994
UGA-fed(KEN+TZA),2004,1,exports_gdp,2005,arima,14.1796999798574,2.03864554775366
UGA-fed(KEN+TZA),2004,1,exports_gdp,2005,prophet,14.1796999798574,1.047707989979255
UGA-fed(KEN+TZA),2004,1,exports_gdp,2005,prophet_graph,14.1796999798574,0.15229330851237322
UGA-fed(KEN+TZA),2004,1,exports_gdp,2005,xgb_blind,14.1796999798574,2.03864554775366
UGA-fed(KEN+TZA),2004,1,exports_gdp,2005,xgb_graph,14.1796999798574,1.7140942440785913
UGA-fed(KEN+TZA),2004,1,exports_gdp,2005,lgbm_blind,14.1796999798574,2.03864554775366
UGA-fed(KEN+TZA),2004,1,exports_gdp,2005,lgbm_graph,14.1796999798574,3.572686515883401
UGA-fed(KEN+TZA),2004,1,exports_gdp,2005,tft,14.1796999798574,2.03864554775366
UGA-fed(KEN+TZA),2004,3,exports_gdp,2007,persistence,16.7250685273524,4.028187778593198
UGA-fed(KEN+TZA),2004,3,exports_gdp,2007,arima,16.7250685273524,4.448247353380024
UGA-fed(KEN+TZA),2004,3,exports_gdp,2007,prophet,16.7250685273524,2.907634329979185
UGA-fed(KEN+TZA),2004,3,exports_gdp,2007,prophet_graph,16.7250685273524,1.1838615190855926
UGA-fed(KEN+TZA),2004,3,exports_gdp,2007,xgb_blind,16.7250685273524,4.448247353380024
UGA-fed(KEN+TZA),2004,3,exports_gdp,2007,xgb_graph,16.7250685273524,5.061592537056988
UGA-fed(KEN+TZA),2004,3,exports_gdp,2007,lgbm_blind,16.7250685273524,4.448247353380024
UGA-fed(KEN+TZA),2004,3,exports_gdp,2007,lgbm_graph,16.7250685273524,5.702346044671124
UGA-fed(KEN+TZA),2004,3,exports_gdp,2007,tft,16.7250685273524,4.448247353380024
UGA-fed(KEN+TZA),2004,5,exports_gdp,2009,persistence,18.6135663082242,5.916685559465
UGA-fed(KEN+TZA),2004,5,exports_gdp,2009,arima,18.6135663082242,6.3123093859486215
UGA-fed(KEN+TZA),2004,5,exports_gdp,2009,prophet,18.6135663082242,4.109750941427842
UGA-fed(KEN+TZA),2004,5,exports_gdp,2009,prophet_graph,18.6135663082242,1.556485263943948
UGA-fed(KEN+TZA),2004,5,exports_gdp,2009,xgb_blind,18.6135663082242,6.3123093859486215
UGA-fed(KEN+TZA),2004,5,exports_gdp,2009,xgb_graph,18.6135663082242,7.076195626461505
UGA-fed(KEN+TZA),2004,5,exports_gdp,2009,lgbm_blind,18.6135663082242,6.3123093859486215
UGA-fed(KEN+TZA),2004,5,exports_gdp,2009,lgbm_graph,18.6135663082242,6.966604809963702
UGA-fed(KEN+TZA),2004,5,exports_gdp,2009,tft,18.6135663082242,6.3123093859486215
UGA-fed(KEN+TZA),2004,10,exports_gdp,2014,persistence,14.9482109075764,2.251330158817199
UGA-fed(KEN+TZA),2004,10,exports_gdp,2014,arima,14.9482109075764,2.6415169386784054
UGA-fed(KEN+TZA),2004,10,exports_gdp,2014,prophet,14.9482109075764,1.2701489398857078
UGA-fed(KEN+TZA),2004,10,exports_gdp,2014,prophet_graph,14.9482109075764,5.895444678099974
UGA-fed(KEN+TZA),2004,10,exports_gdp,2014,xgb_blind,14.9482109075764,2.6415169386784054
UGA-fed(KEN+TZA),2004,10,exports_gdp,2014,xgb_graph,14.9482109075764,2.425175858137923
UGA-fed(KEN+TZA),2004,10,exports_gdp,2014,lgbm_blind,14.9482109075764,2.6415169386784054
UGA-fed(KEN+TZA),2004,10,exports_gdp,2014,lgbm_graph,14.9482109075764,3.4549358373859693
UGA-fed(KEN+TZA),2004,10,exports_gdp,2014,tft,14.9482109075764,2.6415169386784054
UGA-fed(KEN+TZA),2004,1,imports_gdp,2005,persistence,24.8145855040487,2.0513800071642017
UGA-fed(KEN+TZA),2004,1,imports_gdp,2005,arima,24.8145855040487,1.7441604435068712
UGA-fed(KEN+TZA),2004,1,imports_gdp,2005,prophet,24.8145855040487,0.500867728388183
UGA-fed(KEN+TZA),2004,1,imports_gdp,2005,prophet_graph,24.8145855040487,2.0373637457953606
UGA-fed(KEN+TZA),2004,1,imports_gdp,2005,xgb_blind,24.8145855040487,1.7441604435068712
UGA-fed(KEN+TZA),2004,1,imports_gdp,2005,xgb_graph,24.8145855040487,1.6766689391072944
UGA-fed(KEN+TZA),2004,1,imports_gdp,2005,lgbm_blind,24.8145855040487,1.7441604435068712
UGA-fed(KEN+TZA),2004,1,imports_gdp,2005,lgbm_graph,24.8145855040487,2.337885947425516
UGA-fed(KEN+TZA),2004,1,imports_gdp,2005,tft,24.8145855040487,1.7441604435068712
UGA-fed(KEN+TZA),2004,3,imports_gdp,2007,persistence,30.0523481249298,7.289142628045301
UGA-fed(KEN+TZA),2004,3,imports_gdp,2007,arima,30.0523481249298,7.01578448230817
UGA-fed(KEN+TZA),2004,3,imports_gdp,2007,prophet,30.0523481249298,5.229736509770195
UGA-fed(KEN+TZA),2004,3,imports_gdp,2007,prophet_graph,30.0523481249298,7.299887549335054
UGA-fed(KEN+TZA),2004,3,imports_gdp,2007,xgb_blind,30.0523481249298,7.01578448230817
UGA-fed(KEN+TZA),2004,3,imports_gdp,2007,xgb_graph,30.0523481249298,7.310456263967886
UGA-fed(KEN+TZA),2004,3,imports_gdp,2007,lgbm_blind,30.0523481249298,7.01578448230817
UGA-fed(KEN+TZA),2004,3,imports_gdp,2007,lgbm_graph,30.0523481249298,7.681934185771677
UGA-fed(KEN+TZA),2004,3,imports_gdp,2007,tft,30.0523481249298,7.01578448230817
UGA-fed(KEN+TZA),2004,5,imports_gdp,2009,persistence,28.4503117666136,5.6871062697290995
UGA-fed(KEN+TZA),2004,5,imports_gdp,2009,arima,28.4503117666136,5.414286791775844
UGA-fed(KEN+TZA),2004,5,imports_gdp,2009,prophet,28.4503117666136,3.118109197106275
UGA-fed(KEN+TZA),2004,5,imports_gdp,2009,prophet_graph,28.4503117666136,5.722646293105747
UGA-fed(KEN+TZA),2004,5,imports_gdp,2009,xgb_blind,28.4503117666136,5.414286791775844
UGA-fed(KEN+TZA),2004,5,imports_gdp,2009,xgb_graph,28.4503117666136,4.721855269421216
UGA-fed(KEN+TZA),2004,5,imports_gdp,2009,lgbm_blind,28.4503117666136,5.414286791775844
UGA-fed(KEN+TZA),2004,5,imports_gdp,2009,lgbm_graph,28.4503117666136,5.633428870190258
UGA-fed(KEN+TZA),2004,5,imports_gdp,2009,tft,28.4503117666136,5.414286791775844
UGA-fed(KEN+TZA),2004,10,imports_gdp,2014,persistence,21.0661901743321,1.6970153225523994
UGA-fed(KEN+TZA),2004,10,imports_gdp,2014,arima,21.0661901743321,1.9698260925736335
UGA-fed(KEN+TZA),2004,10,imports_gdp,2014,prophet,21.0661901743321,5.538944108771577
UGA-fed(KEN+TZA),2004,10,imports_gdp,2014,prophet_graph,21.0661901743321,1.5995384231009666
UGA-fed(KEN+TZA),2004,10,imports_gdp,2014,xgb_blind,21.0661901743321,1.9698260925736335
UGA-fed(KEN+TZA),2004,10,imports_gdp,2014,xgb_graph,21.0661901743321,2.278936931380791
UGA-fed(KEN+TZA),2004,10,imports_gdp,2014,lgbm_blind,21.0661901743321,1.9698260925736335
UGA-fed(KEN+TZA),2004,10,imports_gdp,2014,lgbm_graph,21.0661901743321,2.7210572927089167
UGA-fed(KEN+TZA),2004,10,imports_gdp,2014,tft,21.0661901743321,1.9698260925736335
UGA-fed(KEN+TZA),2004,1,current_account,2005,persistence,0.579537398767585,0.6006347333424552
UGA-fed(KEN+TZA),2004,1,current_account,2005,arima,0.579537398767585,0.5849846616661697
UGA-fed(KEN+TZA),2004,1,current_account,2005,prophet,0.579537398767585,2.7557477537965247
UGA-fed(KEN+TZA),2004,1,current_account,2005,prophet_graph,0.579537398767585,1.077105324020342
UGA-fed(KEN+TZA),2004,1,current_account,2005,xgb_blind,0.579537398767585,0.5849846616661697
UGA-fed(KEN+TZA),2004,1,current_account,2005,xgb_graph,0.579537398767585,5.840095050287361
UGA-fed(KEN+TZA),2004,1,current_account,2005,lgbm_blind,0.579537398767585,0.5849846616661697
UGA-fed(KEN+TZA),2004,1,current_account,2005,lgbm_graph,0.579537398767585,4.593892783778381
UGA-fed(KEN+TZA),2004,1,current_account,2005,tft,0.579537398767585,0.5849846616661697
UGA-fed(KEN+TZA),2004,3,current_account,2007,persistence,-4.72875221684934,4.70765488227447
UGA-fed(KEN+TZA),2004,3,current_account,2007,arima,-4.72875221684934,4.723753999772001
UGA-fed(KEN+TZA),2004,3,current_account,2007,prophet,-4.72875221684934,3.0453663021884525
UGA-fed(KEN+TZA),2004,3,current_account,2007,prophet_graph,-4.72875221684934,4.1674364691428725
UGA-fed(KEN+TZA),2004,3,current_account,2007,xgb_blind,-4.72875221684934,4.723753999772001
UGA-fed(KEN+TZA),2004,3,current_account,2007,xgb_graph,-4.72875221684934,0.5663638921117915
UGA-fed(KEN+TZA),2004,3,current_account,2007,lgbm_blind,-4.72875221684934,4.723753999772001
UGA-fed(KEN+TZA),2004,3,current_account,2007,lgbm_graph,-4.72875221684934,0.7617132698469988
UGA-fed(KEN+TZA),2004,3,current_account,2007,tft,-4.72875221684934,4.723753999772001
UGA-fed(KEN+TZA),2004,5,current_account,2009,persistence,-4.1708492322474,4.149751897672529
UGA-fed(KEN+TZA),2004,5,current_account,2009,arima,-4.1708492322474,4.165851365055598
UGA-fed(KEN+TZA),2004,5,current_account,2009,prophet,-4.1708492322474,2.9809628599276703
UGA-fed(KEN+TZA),2004,5,current_account,2009,prophet_graph,-4.1708492322474,3.5456983363030368
UGA-fed(KEN+TZA),2004,5,current_account,2009,xgb_blind,-4.1708492322474,4.165851365055598
UGA-fed(KEN+TZA),2004,5,current_account,2009,xgb_graph,-4.1708492322474,3.2682804747133725
UGA-fed(KEN+TZA),2004,5,current_account,2009,lgbm_blind,-4.1708492322474,4.165851365055598
UGA-fed(KEN+TZA),2004,5,current_account,2009,lgbm_graph,-4.1708492322474,0.3783340525462502
UGA-fed(KEN+TZA),2004,5,current_account,2009,tft,-4.1708492322474,4.165851365055598
UGA-fed(KEN+TZA),2004,10,current_account,2014,persistence,-6.64160843323991,6.62051109866504
UGA-fed(KEN+TZA),2004,10,current_account,2014,arima,-6.64160843323991,6.636610566320944
UGA-fed(KEN+TZA),2004,10,current_account,2014,prophet,-6.64160843323991,6.6844582638134185
UGA-fed(KEN+TZA),2004,10,current_account,2014,prophet_graph,-6.64160843323991,5.857000655377086
UGA-fed(KEN+TZA),2004,10,current_account,2014,xgb_blind,-6.64160843323991,6.636610566320944
UGA-fed(KEN+TZA),2004,10,current_account,2014,xgb_graph,-6.64160843323991,5.10207112263963
UGA-fed(KEN+TZA),2004,10,current_account,2014,lgbm_blind,-6.64160843323991,6.636610566320944
UGA-fed(KEN+TZA),2004,10,current_account,2014,lgbm_graph,-6.64160843323991,3.8239038089297743
UGA-fed(KEN+TZA),2004,10,current_account,2014,tft,-6.64160843323991,6.636610566320944
UGA-fed(KEN+TZA),2004,1,real_interest_rate,2005,persistence,21.7655522885928,17.42630835002356
UGA-fed(KEN+TZA),2004,1,real_interest_rate,2005,arima,21.7655522885928,15.09573660054275
UGA-fed(KEN+TZA),2004,1,real_interest_rate,2005,prophet,21.7655522885928,2.9243825232626826
UGA-fed(KEN+TZA),2004,1,real_interest_rate,2005,prophet_graph,21.7655522885928,14.109904241155313
UGA-fed(KEN+TZA),2004,1,real_interest_rate,2005,xgb_blind,21.7655522885928,15.09573660054275
UGA-fed(KEN+TZA),2004,1,real_interest_rate,2005,xgb_graph,21.7655522885928,10.520965344012723
UGA-fed(KEN+TZA),2004,1,real_interest_rate,2005,lgbm_blind,21.7655522885928,15.09573660054275
UGA-fed(KEN+TZA),2004,1,real_interest_rate,2005,lgbm_graph,21.7655522885928,10.872488436827577
UGA-fed(KEN+TZA),2004,1,real_interest_rate,2005,tft,21.7655522885928,15.09573660054275
UGA-fed(KEN+TZA),2004,3,real_interest_rate,2007,persistence,10.9806235436646,6.641379605095359
UGA-fed(KEN+TZA),2004,3,real_interest_rate,2007,arima,10.9806235436646,4.86478257959165
UGA-fed(KEN+TZA),2004,3,real_interest_rate,2007,prophet,10.9806235436646,10.083471595881555
UGA-fed(KEN+TZA),2004,3,real_interest_rate,2007,prophet_graph,10.9806235436646,0.722919626564579
UGA-fed(KEN+TZA),2004,3,real_interest_rate,2007,xgb_blind,10.9806235436646,4.86478257959165
UGA-fed(KEN+TZA),2004,3,real_interest_rate,2007,xgb_graph,10.9806235436646,4.596634566381788
UGA-fed(KEN+TZA),2004,3,real_interest_rate,2007,lgbm_blind,10.9806235436646,4.86478257959165
UGA-fed(KEN+TZA),2004,3,real_interest_rate,2007,lgbm_graph,10.9806235436646,1.5148482517353852
UGA-fed(KEN+TZA),2004,3,real_interest_rate,2007,tft,10.9806235436646,4.86478257959165
UGA-fed(KEN+TZA),2004,5,real_interest_rate,2009,persistence,-34.7434429588376,39.08268689740684
UGA-fed(KEN+TZA),2004,5,real_interest_rate,2009,arima,-34.7434429588376,40.77541694046488
UGA-fed(KEN+TZA),2004,5,real_interest_rate,2009,prophet,-34.7434429588376,58.03350857585214
UGA-fed(KEN+TZA),2004,5,real_interest_rate,2009,prophet_graph,-34.7434429588376,50.500426313670516
UGA-fed(KEN+TZA),2004,5,real_interest_rate,2009,xgb_blind,-34.7434429588376,40.77541694046488
UGA-fed(KEN+TZA),2004,5,real_interest_rate,2009,xgb_graph,-34.7434429588376,43.8863119545041
UGA-fed(KEN+TZA),2004,5,real_interest_rate,2009,lgbm_blind,-34.7434429588376,40.77541694046488
UGA-fed(KEN+TZA),2004,5,real_interest_rate,2009,lgbm_graph,-34.7434429588376,48.84644646072969
UGA-fed(KEN+TZA),2004,5,real_interest_rate,2009,tft,-34.7434429588376,40.77541694046488
UGA-fed(KEN+TZA),2004,10,real_interest_rate,2014,persistence,15.6773841196638,11.33814018109456
UGA-fed(KEN+TZA),2004,10,real_interest_rate,2014,arima,15.6773841196638,9.660505390158235
UGA-fed(KEN+TZA),2004,10,real_interest_rate,2014,prophet,15.6773841196638,13.17304003614319
UGA-fed(KEN+TZA),2004,10,real_interest_rate,2014,prophet_graph,15.6773841196638,10.204882103960403
UGA-fed(KEN+TZA),2004,10,real_interest_rate,2014,xgb_blind,15.6773841196638,9.660505390158235
UGA-fed(KEN+TZA),2004,10,real_interest_rate,2014,xgb_graph,15.6773841196638,4.496763926182355
UGA-fed(KEN+TZA),2004,10,real_interest_rate,2014,lgbm_blind,15.6773841196638,9.660505390158235
UGA-fed(KEN+TZA),2004,10,real_interest_rate,2014,lgbm_graph,15.6773841196638,2.5533871943097974
UGA-fed(KEN+TZA),2004,10,real_interest_rate,2014,tft,15.6773841196638,9.660505390158235
UGA-fed(KEN+TZA),2004,1,broad_money,2005,persistence,19.3229389303276,2.0944603713164973
UGA-fed(KEN+TZA),2004,1,broad_money,2005,arima,19.3229389303276,2.6942178970954416
UGA-fed(KEN+TZA),2004,1,broad_money,2005,prophet,19.3229389303276,0.7370551493789286
UGA-fed(KEN+TZA),2004,1,broad_money,2005,prophet_graph,19.3229389303276,1.0241480821596056
UGA-fed(KEN+TZA),2004,1,broad_money,2005,xgb_blind,19.3229389303276,2.6942178970954416
UGA-fed(KEN+TZA),2004,1,broad_money,2005,xgb_graph,19.3229389303276,2.234609615142052
UGA-fed(KEN+TZA),2004,1,broad_money,2005,lgbm_blind,19.3229389303276,2.6942178970954416
UGA-fed(KEN+TZA),2004,1,broad_money,2005,lgbm_graph,19.3229389303276,5.138579039253555
UGA-fed(KEN+TZA),2004,1,broad_money,2005,tft,19.3229389303276,2.6942178970954416
UGA-fed(KEN+TZA),2004,3,broad_money,2007,persistence,20.8754529821104,3.646974423099298
UGA-fed(KEN+TZA),2004,3,broad_money,2007,arima,20.8754529821104,4.441307093077448
UGA-fed(KEN+TZA),2004,3,broad_money,2007,prophet,20.8754529821104,0.7619569624129667
UGA-fed(KEN+TZA),2004,3,broad_money,2007,prophet_graph,20.8754529821104,1.4584937184984632
UGA-fed(KEN+TZA),2004,3,broad_money,2007,xgb_blind,20.8754529821104,4.441307093077448
UGA-fed(KEN+TZA),2004,3,broad_money,2007,xgb_graph,20.8754529821104,3.43572901360454
UGA-fed(KEN+TZA),2004,3,broad_money,2007,lgbm_blind,20.8754529821104,4.441307093077448
UGA-fed(KEN+TZA),2004,3,broad_money,2007,lgbm_graph,20.8754529821104,5.84979413620891
UGA-fed(KEN+TZA),2004,3,broad_money,2007,tft,20.8754529821104,4.441307093077448
UGA-fed(KEN+TZA),2004,5,broad_money,2009,persistence,14.0172749693774,3.2112035896337012
UGA-fed(KEN+TZA),2004,5,broad_money,2009,arima,14.0172749693774,2.4039285557845993
UGA-fed(KEN+TZA),2004,5,broad_money,2009,prophet,14.0172749693774,9.199711683613238
UGA-fed(KEN+TZA),2004,5,broad_money,2009,prophet_graph,14.0172749693774,6.519384447233879
UGA-fed(KEN+TZA),2004,5,broad_money,2009,xgb_blind,14.0172749693774,2.4039285557845993
UGA-fed(KEN+TZA),2004,5,broad_money,2009,xgb_graph,14.0172749693774,4.569507486066936
UGA-fed(KEN+TZA),2004,5,broad_money,2009,lgbm_blind,14.0172749693774,2.4039285557845993
UGA-fed(KEN+TZA),2004,5,broad_money,2009,lgbm_graph,14.0172749693774,1.6611143891431084
UGA-fed(KEN+TZA),2004,5,broad_money,2009,tft,14.0172749693774,2.4039285557845993
UGA-fed(KEN+TZA),2004,10,broad_money,2014,persistence,18.6599683055423,1.4314897465311986
UGA-fed(KEN+TZA),2004,10,broad_money,2014,arima,18.6599683055423,2.2396859447544912
UGA-fed(KEN+TZA),2004,10,broad_money,2014,prophet,18.6599683055423,8.502718853140873
UGA-fed(KEN+TZA),2004,10,broad_money,2014,prophet_graph,18.6599683055423,4.673643887234235
UGA-fed(KEN+TZA),2004,10,broad_money,2014,xgb_blind,18.6599683055423,2.2396859447544912
UGA-fed(KEN+TZA),2004,10,broad_money,2014,xgb_graph,18.6599683055423,0.880265165283511
UGA-fed(KEN+TZA),2004,10,broad_money,2014,lgbm_blind,18.6599683055423,2.2396859447544912
UGA-fed(KEN+TZA),2004,10,broad_money,2014,lgbm_graph,18.6599683055423,1.0556672343753064
UGA-fed(KEN+TZA),2004,10,broad_money,2014,tft,18.6599683055423,2.2396859447544912
UGA-fed(KEN+TZA),2004,1,govt_consumption,2005,persistence,14.4927633926747,0.6054611187215002
UGA-fed(KEN+TZA),2004,1,govt_consumption,2005,arima,14.4927633926747,1.4581816032118056
UGA-fed(KEN+TZA),2004,1,govt_consumption,2005,prophet,14.4927633926747,2.3386114559786684
UGA-fed(KEN+TZA),2004,1,govt_consumption,2005,prophet_graph,14.4927633926747,0.5903043124201552
UGA-fed(KEN+TZA),2004,1,govt_consumption,2005,xgb_blind,14.4927633926747,1.4581816032118056
UGA-fed(KEN+TZA),2004,1,govt_consumption,2005,xgb_graph,14.4927633926747,0.6086319610951101
UGA-fed(KEN+TZA),2004,1,govt_consumption,2005,lgbm_blind,14.4927633926747,1.4581816032118056
UGA-fed(KEN+TZA),2004,1,govt_consumption,2005,lgbm_graph,14.4927633926747,1.6455475358500973
UGA-fed(KEN+TZA),2004,1,govt_consumption,2005,tft,14.4927633926747,1.4581816032118056
UGA-fed(KEN+TZA),2004,3,govt_consumption,2007,persistence,12.8930348105775,0.9942674633756994
UGA-fed(KEN+TZA),2004,3,govt_consumption,2007,arima,12.8930348105775,0.4295149462787027
UGA-fed(KEN+TZA),2004,3,govt_consumption,2007,prophet,12.8930348105775,5.02283718888318
UGA-fed(KEN+TZA),2004,3,govt_consumption,2007,prophet_graph,12.8930348105775,4.335739838545557
UGA-fed(KEN+TZA),2004,3,govt_consumption,2007,xgb_blind,12.8930348105775,0.4295149462787027
UGA-fed(KEN+TZA),2004,3,govt_consumption,2007,xgb_graph,12.8930348105775,1.04170525595082
UGA-fed(KEN+TZA),2004,3,govt_consumption,2007,lgbm_blind,12.8930348105775,0.4295149462787027
UGA-fed(KEN+TZA),2004,3,govt_consumption,2007,lgbm_graph,12.8930348105775,0.5539610835366755
UGA-fed(KEN+TZA),2004,3,govt_consumption,2007,tft,12.8930348105775,0.4295149462787027
UGA-fed(KEN+TZA),2004,5,govt_consumption,2009,persistence,6.58533254689826,7.3019697270549395
UGA-fed(KEN+TZA),2004,5,govt_consumption,2009,arima,6.58533254689826,5.757871824084675
UGA-fed(KEN+TZA),2004,5,govt_consumption,2009,prophet,6.58533254689826,12.416522215905086
UGA-fed(KEN+TZA),2004,5,govt_consumption,2009,prophet_graph,6.58533254689826,12.792088370833863
UGA-fed(KEN+TZA),2004,5,govt_consumption,2009,xgb_blind,6.58533254689826,5.757871824084675
UGA-fed(KEN+TZA),2004,5,govt_consumption,2009,xgb_graph,6.58533254689826,7.381465281776056
UGA-fed(KEN+TZA),2004,5,govt_consumption,2009,lgbm_blind,6.58533254689826,5.757871824084675
UGA-fed(KEN+TZA),2004,5,govt_consumption,2009,lgbm_graph,6.58533254689826,7.2614873307262515
UGA-fed(KEN+TZA),2004,5,govt_consumption,2009,tft,6.58533254689826,5.757871824084675
UGA-fed(KEN+TZA),2004,10,govt_consumption,2014,persistence,7.42890180380585,6.45840047014735
UGA-fed(KEN+TZA),2004,10,govt_consumption,2014,arima,7.42890180380585,4.882841698446587
UGA-fed(KEN+TZA),2004,10,govt_consumption,2014,prophet,7.42890180380585,14.285681448551141
UGA-fed(KEN+TZA),2004,10,govt_consumption,2014,prophet_graph,7.42890180380585,17.315725798577642
UGA-fed(KEN+TZA),2004,10,govt_consumption,2014,xgb_blind,7.42890180380585,4.882841698446587
UGA-fed(KEN+TZA),2004,10,govt_consumption,2014,xgb_graph,7.42890180380585,6.777855741665341
UGA-fed(KEN+TZA),2004,10,govt_consumption,2014,lgbm_blind,7.42890180380585,4.882841698446587
UGA-fed(KEN+TZA),2004,10,govt_consumption,2014,lgbm_graph,7.42890180380585,7.8732969876980565
UGA-fed(KEN+TZA),2004,10,govt_consumption,2014,tft,7.42890180380585,4.882841698446587
UGA-fed(KEN+TZA),2005,1,gdp_growth,2006,persistence,10.7847443857453,4.45217926951374
UGA-fed(KEN+TZA),2005,1,gdp_growth,2006,arima,10.7847443857453,4.263989984306521
UGA-fed(KEN+TZA),2005,1,gdp_growth,2006,prophet,10.7847443857453,4.218256189941965
UGA-fed(KEN+TZA),2005,1,gdp_growth,2006,prophet_graph,10.7847443857453,4.257845596624369
UGA-fed(KEN+TZA),2005,1,gdp_growth,2006,xgb_blind,10.7847443857453,4.263989984306521
UGA-fed(KEN+TZA),2005,1,gdp_growth,2006,xgb_graph,10.7847443857453,4.177417878176941
UGA-fed(KEN+TZA),2005,1,gdp_growth,2006,lgbm_blind,10.7847443857453,4.263989984306521
UGA-fed(KEN+TZA),2005,1,gdp_growth,2006,lgbm_graph,10.7847443857453,4.182859941190654
UGA-fed(KEN+TZA),2005,1,gdp_growth,2006,tft,10.7847443857453,4.263989984306521
UGA-fed(KEN+TZA),2005,3,gdp_growth,2008,persistence,8.70875190154499,2.376186785313429
UGA-fed(KEN+TZA),2005,3,gdp_growth,2008,arima,8.70875190154499,2.2330275226782685
UGA-fed(KEN+TZA),2005,3,gdp_growth,2008,prophet,8.70875190154499,2.148778090096319
UGA-fed(KEN+TZA),2005,3,gdp_growth,2008,prophet_graph,8.70875190154499,3.612835831512709
UGA-fed(KEN+TZA),2005,3,gdp_growth,2008,xgb_blind,8.70875190154499,2.2330275226782685
UGA-fed(KEN+TZA),2005,3,gdp_growth,2008,xgb_graph,8.70875190154499,2.3276040400642763
UGA-fed(KEN+TZA),2005,3,gdp_growth,2008,lgbm_blind,8.70875190154499,2.2330275226782685
UGA-fed(KEN+TZA),2005,3,gdp_growth,2008,lgbm_graph,8.70875190154499,1.7813815550354963
UGA-fed(KEN+TZA),2005,3,gdp_growth,2008,tft,8.70875190154499,2.2330275226782685
UGA-fed(KEN+TZA),2005,5,gdp_growth,2010,persistence,5.63761163749757,0.6949534787339902
UGA-fed(KEN+TZA),2005,5,gdp_growth,2010,arima,5.63761163749757,0.8310347239853613
UGA-fed(KEN+TZA),2005,5,gdp_growth,2010,prophet,5.63761163749757,0.9158388657822503
UGA-fed(KEN+TZA),2005,5,gdp_growth,2010,prophet_graph,5.63761163749757,1.9746385368540613
UGA-fed(KEN+TZA),2005,5,gdp_growth,2010,xgb_blind,5.63761163749757,0.8310347239853613
UGA-fed(KEN+TZA),2005,5,gdp_growth,2010,xgb_graph,5.63761163749757,1.1934716602319222
UGA-fed(KEN+TZA),2005,5,gdp_growth,2010,lgbm_blind,5.63761163749757,0.8310347239853613
UGA-fed(KEN+TZA),2005,5,gdp_growth,2010,lgbm_graph,5.63761163749757,1.2101961816954896
UGA-fed(KEN+TZA),2005,5,gdp_growth,2010,tft,5.63761163749757,0.8310347239853613
UGA-fed(KEN+TZA),2005,10,gdp_growth,2015,persistence,5.18785986002466,1.1447052562069002
UGA-fed(KEN+TZA),2005,10,gdp_growth,2015,arima,5.18785986002466,1.2794535267001814
UGA-fed(KEN+TZA),2005,10,gdp_growth,2015,prophet,5.18785986002466,1.3492957585543142
UGA-fed(KEN+TZA),2005,10,gdp_growth,2015,prophet_graph,5.18785986002466,5.1043038074029
UGA-fed(KEN+TZA),2005,10,gdp_growth,2015,xgb_blind,5.18785986002466,1.2794535267001814
UGA-fed(KEN+TZA),2005,10,gdp_growth,2015,xgb_graph,5.18785986002466,1.4174715608737776
UGA-fed(KEN+TZA),2005,10,gdp_growth,2015,lgbm_blind,5.18785986002466,1.2794535267001814
UGA-fed(KEN+TZA),2005,10,gdp_growth,2015,lgbm_graph,5.18785986002466,0.9240254094582703
UGA-fed(KEN+TZA),2005,10,gdp_growth,2015,tft,5.18785986002466,1.2794535267001814
UGA-fed(KEN+TZA),2005,1,unemployment,2006,persistence,2.264,0.3639999999999999
UGA-fed(KEN+TZA),2005,1,unemployment,2006,arima,2.264,0.8455420419907007
UGA-fed(KEN+TZA),2005,1,unemployment,2006,prophet,2.264,0.6609249109439204
UGA-fed(KEN+TZA),2005,1,unemployment,2006,prophet_graph,2.264,0.1581471857699719
UGA-fed(KEN+TZA),2005,1,unemployment,2006,xgb_blind,2.264,0.8455420419907007
UGA-fed(KEN+TZA),2005,1,unemployment,2006,xgb_graph,2.264,0.20747429275512674
UGA-fed(KEN+TZA),2005,1,unemployment,2006,lgbm_blind,2.264,0.8455420419907007
UGA-fed(KEN+TZA),2005,1,unemployment,2006,lgbm_graph,2.264,1.0128666505813602
UGA-fed(KEN+TZA),2005,1,unemployment,2006,tft,2.264,0.8455420419907007
UGA-fed(KEN+TZA),2005,3,unemployment,2008,persistence,3.035,1.1350000000000002
UGA-fed(KEN+TZA),2005,3,unemployment,2008,arima,3.035,2.0816659924276197
UGA-fed(KEN+TZA),2005,3,unemployment,2008,prophet,3.035,0.19535269736873806
UGA-fed(KEN+TZA),2005,3,unemployment,2008,prophet_graph,3.035,1.0479764040166824
UGA-fed(KEN+TZA),2005,3,unemployment,2008,xgb_blind,3.035,2.0816659924276197
UGA-fed(KEN+TZA),2005,3,unemployment,2008,xgb_graph,3.035,0.5039285755157472
UGA-fed(KEN+TZA),2005,3,unemployment,2008,lgbm_blind,3.035,2.0816659924276197
UGA-fed(KEN+TZA),2005,3,unemployment,2008,lgbm_graph,3.035,0.20746152547689567
UGA-fed(KEN+TZA),2005,3,unemployment,2008,tft,3.035,2.0816659924276197
UGA-fed(KEN+TZA),2005,5,unemployment,2010,persistence,3.623,1.7230000000000003
UGA-fed(KEN+TZA),2005,5,unemployment,2010,arima,3.623,2.838610300522126
UGA-fed(KEN+TZA),2005,5,unemployment,2010,prophet,3.623,0.8687471243229203
UGA-fed(KEN+TZA),2005,5,unemployment,2010,prophet_graph,3.623,1.7549684020144158
UGA-fed(KEN+TZA),2005,5,unemployment,2010,xgb_blind,3.623,2.838610300522126
UGA-fed(KEN+TZA),2005,5,unemployment,2010,xgb_graph,3.623,1.1600681285858156
UGA-fed(KEN+TZA),2005,5,unemployment,2010,lgbm_blind,3.623,2.838610300522126
UGA-fed(KEN+TZA),2005,5,unemployment,2010,lgbm_graph,3.623,0.42236364564028683
UGA-fed(KEN+TZA),2005,5,unemployment,2010,tft,3.623,2.838610300522126
UGA-fed(KEN+TZA),2005,10,unemployment,2015,persistence,2.681,0.7810000000000001
UGA-fed(KEN+TZA),2005,10,unemployment,2015,arima,2.681,1.9853156209942826
UGA-fed(KEN+TZA),2005,10,unemployment,2015,prophet,2.681,0.1400579637460897
UGA-fed(KEN+TZA),2005,10,unemployment,2015,prophet_graph,2.681,1.1102042273822146
UGA-fed(KEN+TZA),2005,10,unemployment,2015,xgb_blind,2.681,1.9853156209942826
UGA-fed(KEN+TZA),2005,10,unemployment,2015,xgb_graph,2.681,0.5573325214385987
UGA-fed(KEN+TZA),2005,10,unemployment,2015,lgbm_blind,2.681,1.9853156209942826
UGA-fed(KEN+TZA),2005,10,unemployment,2015,lgbm_graph,2.681,0.44433328930536886
UGA-fed(KEN+TZA),2005,10,unemployment,2015,tft,2.681,1.9853156209942826
UGA-fed(KEN+TZA),2005,1,exports_gdp,2006,persistence,15.2754133833713,1.0957134035138996
UGA-fed(KEN+TZA),2005,1,exports_gdp,2006,arima,15.2754133833713,1.6420191488621985
UGA-fed(KEN+TZA),2005,1,exports_gdp,2006,prophet,15.2754133833713,1.5428487038556913
UGA-fed(KEN+TZA),2005,1,exports_gdp,2006,prophet_graph,15.2754133833713,0.14935493784198428
UGA-fed(KEN+TZA),2005,1,exports_gdp,2006,xgb_blind,15.2754133833713,1.6420191488621985
UGA-fed(KEN+TZA),2005,1,exports_gdp,2006,xgb_graph,15.2754133833713,1.4871538771457136
UGA-fed(KEN+TZA),2005,1,exports_gdp,2006,lgbm_blind,15.2754133833713,1.6420191488621985
UGA-fed(KEN+TZA),2005,1,exports_gdp,2006,lgbm_graph,15.2754133833713,4.43022082381116
UGA-fed(KEN+TZA),2005,1,exports_gdp,2006,tft,15.2754133833713,1.6420191488621985
UGA-fed(KEN+TZA),2005,3,exports_gdp,2008,persistence,24.2801423442251,10.100442364367701
UGA-fed(KEN+TZA),2005,3,exports_gdp,2008,arima,24.2801423442251,10.519629494960796
UGA-fed(KEN+TZA),2005,3,exports_gdp,2008,prophet,24.2801423442251,9.815641442372183
UGA-fed(KEN+TZA),2005,3,exports_gdp,2008,prophet_graph,24.2801423442251,7.473955317798076
UGA-fed(KEN+TZA),2005,3,exports_gdp,2008,xgb_blind,24.2801423442251,10.519629494960796
UGA-fed(KEN+TZA),2005,3,exports_gdp,2008,xgb_graph,24.2801423442251,11.986546076524906
UGA-fed(KEN+TZA),2005,3,exports_gdp,2008,lgbm_blind,24.2801423442251,10.519629494960796
UGA-fed(KEN+TZA),2005,3,exports_gdp,2008,lgbm_graph,24.2801423442251,13.01457544499884
UGA-fed(KEN+TZA),2005,3,exports_gdp,2008,tft,24.2801423442251,10.519629494960796
UGA-fed(KEN+TZA),2005,5,exports_gdp,2010,persistence,13.8244828747602,0.35521710509719995
UGA-fed(KEN+TZA),2005,5,exports_gdp,2010,arima,13.8244828747602,0.04671545045435899
UGA-fed(KEN+TZA),2005,5,exports_gdp,2010,prophet,13.8244828747602,1.3729569017893972
UGA-fed(KEN+TZA),2005,5,exports_gdp,2010,prophet_graph,13.8244828747602,4.664134278565765
UGA-fed(KEN+TZA),2005,5,exports_gdp,2010,xgb_blind,13.8244828747602,0.04671545045435899
UGA-fed(KEN+TZA),2005,5,exports_gdp,2010,xgb_graph,13.8244828747602,1.8616237210126414
UGA-fed(KEN+TZA),2005,5,exports_gdp,2010,lgbm_blind,13.8244828747602,0.04671545045435899
UGA-fed(KEN+TZA),2005,5,exports_gdp,2010,lgbm_graph,13.8244828747602,1.9472724310901004
UGA-fed(KEN+TZA),2005,5,exports_gdp,2010,tft,13.8244828747602,0.04671545045435899
UGA-fed(KEN+TZA),2005,10,exports_gdp,2015,persistence,12.8773253147369,1.3023746651204995
UGA-fed(KEN+TZA),2005,10,exports_gdp,2015,arima,12.8773253147369,0.9031704023536573
UGA-fed(KEN+TZA),2005,10,exports_gdp,2015,prophet,12.8773253147369,4.150957670015337
UGA-fed(KEN+TZA),2005,10,exports_gdp,2015,prophet_graph,12.8773253147369,9.813914836834567
UGA-fed(KEN+TZA),2005,10,exports_gdp,2015,xgb_blind,12.8773253147369,0.9031704023536573
UGA-fed(KEN+TZA),2005,10,exports_gdp,2015,xgb_graph,12.8773253147369,0.6013448055023574
UGA-fed(KEN+TZA),2005,10,exports_gdp,2015,lgbm_blind,12.8773253147369,0.9031704023536573
UGA-fed(KEN+TZA),2005,10,exports_gdp,2015,lgbm_graph,12.8773253147369,0.9363127732838574
UGA-fed(KEN+TZA),2005,10,exports_gdp,2015,tft,12.8773253147369,0.9031704023536573
UGA-fed(KEN+TZA),2005,1,imports_gdp,2006,persistence,28.3578724062492,3.5432869022004994
UGA-fed(KEN+TZA),2005,1,imports_gdp,2006,arima,28.3578724062492,3.9347841508477153
UGA-fed(KEN+TZA),2005,1,imports_gdp,2006,prophet,28.3578724062492,3.7274406121769914
UGA-fed(KEN+TZA),2005,1,imports_gdp,2006,prophet_graph,28.3578724062492,4.414192107684023
UGA-fed(KEN+TZA),2005,1,imports_gdp,2006,xgb_blind,28.3578724062492,3.9347841508477153
UGA-fed(KEN+TZA),2005,1,imports_gdp,2006,xgb_graph,28.3578724062492,3.799778381590997
UGA-fed(KEN+TZA),2005,1,imports_gdp,2006,lgbm_blind,28.3578724062492,3.9347841508477153
UGA-fed(KEN+TZA),2005,1,imports_gdp,2006,lgbm_graph,28.3578724062492,5.725313837930514
UGA-fed(KEN+TZA),2005,1,imports_gdp,2006,tft,28.3578724062492,3.9347841508477153
UGA-fed(KEN+TZA),2005,3,imports_gdp,2008,persistence,31.9781258608383,7.1635403567896
UGA-fed(KEN+TZA),2005,3,imports_gdp,2008,arima,31.9781258608383,7.494581160518237
UGA-fed(KEN+TZA),2005,3,imports_gdp,2008,prophet,31.9781258608383,6.830195737609632
UGA-fed(KEN+TZA),2005,3,imports_gdp,2008,prophet_graph,31.9781258608383,9.488676962272617
UGA-fed(KEN+TZA),2005,3,imports_gdp,2008,xgb_blind,31.9781258608383,7.494581160518237
UGA-fed(KEN+TZA),2005,3,imports_gdp,2008,xgb_graph,31.9781258608383,9.558612158445722
UGA-fed(KEN+TZA),2005,3,imports_gdp,2008,lgbm_blind,31.9781258608383,7.494581160518237
UGA-fed(KEN+TZA),2005,3,imports_gdp,2008,lgbm_graph,31.9781258608383,9.419698783764982
UGA-fed(KEN+TZA),2005,3,imports_gdp,2008,tft,31.9781258608383,7.494581160518237
UGA-fed(KEN+TZA),2005,5,imports_gdp,2010,persistence,24.4447661623689,0.3698193416798006
UGA-fed(KEN+TZA),2005,5,imports_gdp,2010,arima,24.4447661623689,0.04098048969349932
UGA-fed(KEN+TZA),2005,5,imports_gdp,2010,prophet,24.4447661623689,1.2213711918369938
UGA-fed(KEN+TZA),2005,5,imports_gdp,2010,prophet_graph,24.4447661623689,3.4115407616109223
UGA-fed(KEN+TZA),2005,5,imports_gdp,2010,xgb_blind,24.4447661623689,0.04098048969349932
UGA-fed(KEN+TZA),2005,5,imports_gdp,2010,xgb_graph,24.4447661623689,1.070998309585697
UGA-fed(KEN+TZA),2005,5,imports_gdp,2010,lgbm_blind,24.4447661623689,0.04098048969349932
UGA-fed(KEN+TZA),2005,5,imports_gdp,2010,lgbm_graph,24.4447661623689,1.4462740081608025
UGA-fed(KEN+TZA),2005,5,imports_gdp,2010,tft,24.4447661623689,0.04098048969349932
UGA-fed(KEN+TZA),2005,10,imports_gdp,2015,persistence,24.8119730176989,0.0026124863498004913
UGA-fed(KEN+TZA),2005,10,imports_gdp,2015,arima,24.8119730176989,0.3261431133630488
UGA-fed(KEN+TZA),2005,10,imports_gdp,2015,prophet,24.8119730176989,2.1486190612189127
UGA-fed(KEN+TZA),2005,10,imports_gdp,2015,prophet_graph,24.8119730176989,7.416318214747868
UGA-fed(KEN+TZA),2005,10,imports_gdp,2015,xgb_blind,24.8119730176989,0.3261431133630488
UGA-fed(KEN+TZA),2005,10,imports_gdp,2015,xgb_graph,24.8119730176989,0.49281446362175174
UGA-fed(KEN+TZA),2005,10,imports_gdp,2015,lgbm_blind,24.8119730176989,0.3261431133630488
UGA-fed(KEN+TZA),2005,10,imports_gdp,2015,lgbm_graph,24.8119730176989,0.8535026731554431
UGA-fed(KEN+TZA),2005,10,imports_gdp,2015,tft,24.8119730176989,0.3261431133630488
UGA-fed(KEN+TZA),2005,1,current_account,2006,persistence,-3.18903604186135,3.768573440628935
UGA-fed(KEN+TZA),2005,1,current_account,2006,arima,-3.18903604186135,3.792835211957246
UGA-fed(KEN+TZA),2005,1,current_account,2006,prophet,-3.18903604186135,1.9273663730874284
UGA-fed(KEN+TZA),2005,1,current_account,2006,prophet_graph,-3.18903604186135,4.529500376629766
UGA-fed(KEN+TZA),2005,1,current_account,2006,xgb_blind,-3.18903604186135,3.792835211957246
UGA-fed(KEN+TZA),2005,1,current_account,2006,xgb_graph,-3.18903604186135,3.324024886256034
UGA-fed(KEN+TZA),2005,1,current_account,2006,lgbm_blind,-3.18903604186135,3.792835211957246
UGA-fed(KEN+TZA),2005,1,current_account,2006,lgbm_graph,-3.18903604186135,0.519059824704553
UGA-fed(KEN+TZA),2005,1,current_account,2006,tft,-3.18903604186135,3.792835211957246
UGA-fed(KEN+TZA),2005,3,current_account,2008,persistence,-8.47510327903427,9.054640677801855
UGA-fed(KEN+TZA),2005,3,current_account,2008,arima,-8.47510327903427,9.079922054748682
UGA-fed(KEN+TZA),2005,3,current_account,2008,prophet,-8.47510327903427,7.824788442555022
UGA-fed(KEN+TZA),2005,3,current_account,2008,prophet_graph,-8.47510327903427,9.748277749810441
UGA-fed(KEN+TZA),2005,3,current_account,2008,xgb_blind,-8.47510327903427,9.079922054748682
UGA-fed(KEN+TZA),2005,3,current_account,2008,xgb_graph,-8.47510327903427,3.7815774878660573
UGA-fed(KEN+TZA),2005,3,current_account,2008,lgbm_blind,-8.47510327903427,9.079922054748682
UGA-fed(KEN+TZA),2005,3,current_account,2008,lgbm_graph,-8.47510327903427,4.857800973467693
UGA-fed(KEN+TZA),2005,3,current_account,2008,tft,-8.47510327903427,9.079922054748682
UGA-fed(KEN+TZA),2005,5,current_account,2010,persistence,-6.0351181457015,6.614655544469086
UGA-fed(KEN+TZA),2005,5,current_account,2010,arima,-6.0351181457015,6.6399385850443835
UGA-fed(KEN+TZA),2005,5,current_account,2010,prophet,-6.0351181457015,5.996995613889931
UGA-fed(KEN+TZA),2005,5,current_account,2010,prophet_graph,-6.0351181457015,7.240910574589544
UGA-fed(KEN+TZA),2005,5,current_account,2010,xgb_blind,-6.0351181457015,6.6399385850443835
UGA-fed(KEN+TZA),2005,5,current_account,2010,xgb_graph,-6.0351181457015,3.905074400660607
UGA-fed(KEN+TZA),2005,5,current_account,2010,lgbm_blind,-6.0351181457015,6.6399385850443835
UGA-fed(KEN+TZA),2005,5,current_account,2010,lgbm_graph,-6.0351181457015,2.6400622906697824
UGA-fed(KEN+TZA),2005,5,current_account,2010,tft,-6.0351181457015,6.6399385850443835
UGA-fed(KEN+TZA),2005,10,current_account,2015,persistence,-5.1602872378994,5.739824636666985
UGA-fed(KEN+TZA),2005,10,current_account,2015,arima,-5.1602872378994,5.765107679961161
UGA-fed(KEN+TZA),2005,10,current_account,2015,prophet,-5.1602872378994,6.65138925919752
UGA-fed(KEN+TZA),2005,10,current_account,2015,prophet_graph,-5.1602872378994,6.197762828910948
UGA-fed(KEN+TZA),2005,10,current_account,2015,xgb_blind,-5.1602872378994,5.765107679961161
UGA-fed(KEN+TZA),2005,10,current_account,2015,xgb_graph,-5.1602872378994,4.820951498286821
UGA-fed(KEN+TZA),2005,10,current_account,2015,lgbm_blind,-5.1602872378994,5.765107679961161
UGA-fed(KEN+TZA),2005,10,current_account,2015,lgbm_graph,-5.1602872378994,2.9087896162513864
UGA-fed(KEN+TZA),2005,10,current_account,2015,tft,-5.1602872378994,5.765107679961161
UGA-fed(KEN+TZA),2005,1,real_interest_rate,2006,persistence,15.9090043564186,5.8565479321742
UGA-fed(KEN+TZA),2005,1,real_interest_rate,2006,arima,15.9090043564186,2.233851428657582
UGA-fed(KEN+TZA),2005,1,real_interest_rate,2006,prophet,15.9090043564186,4.786350868449238
UGA-fed(KEN+TZA),2005,1,real_interest_rate,2006,prophet_graph,15.9090043564186,4.786350868449238
UGA-fed(KEN+TZA),2005,1,real_interest_rate,2006,xgb_blind,15.9090043564186,2.233851428657582
UGA-fed(KEN+TZA),2005,1,real_interest_rate,2006,xgb_graph,15.9090043564186,2.233851428657582
UGA-fed(KEN+TZA),2005,1,real_interest_rate,2006,lgbm_blind,15.9090043564186,2.233851428657582
UGA-fed(KEN+TZA),2005,1,real_interest_rate,2006,lgbm_graph,15.9090043564186,2.233851428657582
UGA-fed(KEN+TZA),2005,1,real_interest_rate,2006,tft,15.9090043564186,2.233851428657582
UGA-fed(KEN+TZA),2005,3,real_interest_rate,2008,persistence,13.2429702962502,8.522581992342602
UGA-fed(KEN+TZA),2005,3,real_interest_rate,2008,arima,13.2429702962502,2.444450258539595
UGA-fed(KEN+TZA),2005,3,real_interest_rate,2008,prophet,13.2429702962502,9.81592081808082
UGA-fed(KEN+TZA),2005,3,real_interest_rate,2008,prophet_graph,13.2429702962502,9.81592081808082
UGA-fed(KEN+TZA),2005,3,real_interest_rate,2008,xgb_blind,13.2429702962502,2.444450258539595
UGA-fed(KEN+TZA),2005,3,real_interest_rate,2008,xgb_graph,13.2429702962502,2.444450258539595
UGA-fed(KEN+TZA),2005,3,real_interest_rate,2008,lgbm_blind,13.2429702962502,2.444450258539595
UGA-fed(KEN+TZA),2005,3,real_interest_rate,2008,lgbm_graph,13.2429702962502,2.444450258539595
UGA-fed(KEN+TZA),2005,3,real_interest_rate,2008,tft,13.2429702962502,2.444450258539595
UGA-fed(KEN+TZA),2005,5,real_interest_rate,2010,persistence,13.7612146491897,8.0043376394031
UGA-fed(KEN+TZA),2005,5,real_interest_rate,2010,arima,13.7612146491897,2.359931320819527
UGA-fed(KEN+TZA),2005,5,real_interest_rate,2010,prophet,13.7612146491897,11.664450075001021
UGA-fed(KEN+TZA),2005,5,real_interest_rate,2010,prophet_graph,13.7612146491897,11.664450075001021
UGA-fed(KEN+TZA),2005,5,real_interest_rate,2010,xgb_blind,13.7612146491897,2.359931320819527
UGA-fed(KEN+TZA),2005,5,real_interest_rate,2010,xgb_graph,13.7612146491897,2.359931320819527
UGA-fed(KEN+TZA),2005,5,real_interest_rate,2010,lgbm_blind,13.7612146491897,2.359931320819527
UGA-fed(KEN+TZA),2005,5,real_interest_rate,2010,lgbm_graph,13.7612146491897,2.359931320819527
UGA-fed(KEN+TZA),2005,5,real_interest_rate,2010,tft,13.7612146491897,2.359931320819527
UGA-fed(KEN+TZA),2005,10,real_interest_rate,2015,persistence,16.5546646041457,5.210887684447101
UGA-fed(KEN+TZA),2005,10,real_interest_rate,2015,arima,16.5546646041457,0.31177644776575875
UGA-fed(KEN+TZA),2005,10,real_interest_rate,2015,prophet,16.5546646041457,14.783077564099486
UGA-fed(KEN+TZA),2005,10,real_interest_rate,2015,prophet_graph,16.5546646041457,14.783077564099486
UGA-fed(KEN+TZA),2005,10,real_interest_rate,2015,xgb_blind,16.5546646041457,0.31177644776575875
UGA-fed(KEN+TZA),2005,10,real_interest_rate,2015,xgb_graph,16.5546646041457,0.31177644776575875
UGA-fed(KEN+TZA),2005,10,real_interest_rate,2015,lgbm_blind,16.5546646041457,0.31177644776575875
UGA-fed(KEN+TZA),2005,10,real_interest_rate,2015,lgbm_graph,16.5546646041457,0.31177644776575875
UGA-fed(KEN+TZA),2005,10,real_interest_rate,2015,tft,16.5546646041457,0.31177644776575875
UGA-fed(KEN+TZA),2005,1,broad_money,2006,persistence,19.9141480378524,0.5912091075248007
UGA-fed(KEN+TZA),2005,1,broad_money,2006,arima,19.9141480378524,0.5313993944372299
UGA-fed(KEN+TZA),2005,1,broad_money,2006,prophet,19.9141480378524,0.7473984277261287
UGA-fed(KEN+TZA),2005,1,broad_money,2006,prophet_graph,19.9141480378524,0.4575620155350322
UGA-fed(KEN+TZA),2005,1,broad_money,2006,xgb_blind,19.9141480378524,0.5313993944372299
UGA-fed(KEN+TZA),2005,1,broad_money,2006,xgb_graph,19.9141480378524,1.1389119080916572
UGA-fed(KEN+TZA),2005,1,broad_money,2006,lgbm_blind,19.9141480378524,0.5313993944372299
UGA-fed(KEN+TZA),2005,1,broad_money,2006,lgbm_graph,19.9141480378524,5.387216211578799
UGA-fed(KEN+TZA),2005,1,broad_money,2006,tft,19.9141480378524,0.5313993944372299
UGA-fed(KEN+TZA),2005,3,broad_money,2008,persistence,23.6176766205558,4.294737690228203
UGA-fed(KEN+TZA),2005,3,broad_money,2008,arima,23.6176766205558,4.233171270295728
UGA-fed(KEN+TZA),2005,3,broad_money,2008,prophet,23.6176766205558,1.4118059291152463
UGA-fed(KEN+TZA),2005,3,broad_money,2008,prophet_graph,23.6176766205558,3.4851656255801515
UGA-fed(KEN+TZA),2005,3,broad_money,2008,xgb_blind,23.6176766205558,4.233171270295728
UGA-fed(KEN+TZA),2005,3,broad_money,2008,xgb_graph,23.6176766205558,5.915163879466935
UGA-fed(KEN+TZA),2005,3,broad_money,2008,lgbm_blind,23.6176766205558,4.233171270295728
UGA-fed(KEN+TZA),2005,3,broad_money,2008,lgbm_graph,23.6176766205558,8.261457769026167
UGA-fed(KEN+TZA),2005,3,broad_money,2008,tft,23.6176766205558,4.233171270295728
UGA-fed(KEN+TZA),2005,5,broad_money,2010,persistence,17.3447697728192,1.9781691575084004
UGA-fed(KEN+TZA),2005,5,broad_money,2010,arima,17.3447697728192,2.039737009953427
UGA-fed(KEN+TZA),2005,5,broad_money,2010,prophet,17.3447697728192,6.407540657121551
UGA-fed(KEN+TZA),2005,5,broad_money,2010,prophet_graph,17.3447697728192,3.464592119434812
UGA-fed(KEN+TZA),2005,5,broad_money,2010,xgb_blind,17.3447697728192,2.039737009953427
UGA-fed(KEN+TZA),2005,5,broad_money,2010,xgb_graph,17.3447697728192,1.6026064784015048
UGA-fed(KEN+TZA),2005,5,broad_money,2010,lgbm_blind,17.3447697728192,2.039737009953427
UGA-fed(KEN+TZA),2005,5,broad_money,2010,lgbm_graph,17.3447697728192,1.335057726976249
UGA-fed(KEN+TZA),2005,5,broad_money,2010,tft,17.3447697728192,2.039737009953427
UGA-fed(KEN+TZA),2005,10,broad_money,2015,persistence,18.8439221029839,0.479016827343699
UGA-fed(KEN+TZA),2005,10,broad_money,2015,arima,18.8439221029839,0.5405846809578279
UGA-fed(KEN+TZA),2005,10,broad_money,2015,prophet,18.8439221029839,8.771314404250077
UGA-fed(KEN+TZA),2005,10,broad_money,2015,prophet_graph,18.8439221029839,3.6561781455358933
UGA-fed(KEN+TZA),2005,10,broad_money,2015,xgb_blind,18.8439221029839,0.5405846809578279
UGA-fed(KEN+TZA),2005,10,broad_money,2015,xgb_graph,18.8439221029839,0.029983078900865934
UGA-fed(KEN+TZA),2005,10,broad_money,2015,lgbm_blind,18.8439221029839,0.5405846809578279
UGA-fed(KEN+TZA),2005,10,broad_money,2015,lgbm_graph,18.8439221029839,0.9531813905001769
UGA-fed(KEN+TZA),2005,10,broad_money,2015,tft,18.8439221029839,0.5405846809578279
UGA-fed(KEN+TZA),2005,1,govt_consumption,2006,persistence,14.1023117957031,0.3904515969715998
UGA-fed(KEN+TZA),2005,1,govt_consumption,2006,arima,14.1023117957031,0.5765903146658768
UGA-fed(KEN+TZA),2005,1,govt_consumption,2006,prophet,14.1023117957031,2.6892153242225465
UGA-fed(KEN+TZA),2005,1,govt_consumption,2006,prophet_graph,14.1023117957031,1.0669189932228385
UGA-fed(KEN+TZA),2005,1,govt_consumption,2006,xgb_blind,14.1023117957031,0.5765903146658768
UGA-fed(KEN+TZA),2005,1,govt_consumption,2006,xgb_graph,14.1023117957031,0.31078558588869676
UGA-fed(KEN+TZA),2005,1,govt_consumption,2006,lgbm_blind,14.1023117957031,0.5765903146658768
UGA-fed(KEN+TZA),2005,1,govt_consumption,2006,lgbm_graph,14.1023117957031,1.1453927613809967
UGA-fed(KEN+TZA),2005,1,govt_consumption,2006,tft,14.1023117957031,0.5765903146658768
UGA-fed(KEN+TZA),2005,3,govt_consumption,2008,persistence,11.2108868131021,3.2818765795726
UGA-fed(KEN+TZA),2005,3,govt_consumption,2008,arima,11.2108868131021,3.542833386606505
UGA-fed(KEN+TZA),2005,3,govt_consumption,2008,prophet,11.2108868131021,6.562495974340315
UGA-fed(KEN+TZA),2005,3,govt_consumption,2008,prophet_graph,11.2108868131021,5.603613109361184
UGA-fed(KEN+TZA),2005,3,govt_consumption,2008,xgb_blind,11.2108868131021,3.542833386606505
UGA-fed(KEN+TZA),2005,3,govt_consumption,2008,xgb_graph,11.2108868131021,3.217976712288525
UGA-fed(KEN+TZA),2005,3,govt_consumption,2008,lgbm_blind,11.2108868131021,3.542833386606505
UGA-fed(KEN+TZA),2005,3,govt_consumption,2008,lgbm_graph,11.2108868131021,2.316552744486918
UGA-fed(KEN+TZA),2005,3,govt_consumption,2008,tft,11.2108868131021,3.542833386606505
UGA-fed(KEN+TZA),2005,5,govt_consumption,2010,persistence,8.27345406223707,6.21930933043763
UGA-fed(KEN+TZA),2005,5,govt_consumption,2010,arima,8.27345406223707,6.487337572096608
UGA-fed(KEN+TZA),2005,5,govt_consumption,2010,prophet,8.27345406223707,10.483129400485831
UGA-fed(KEN+TZA),2005,5,govt_consumption,2010,prophet_graph,8.27345406223707,10.188568787097173
UGA-fed(KEN+TZA),2005,5,govt_consumption,2010,xgb_blind,8.27345406223707,6.487337572096608
UGA-fed(KEN+TZA),2005,5,govt_consumption,2010,xgb_graph,8.27345406223707,6.140878327594473
UGA-fed(KEN+TZA),2005,5,govt_consumption,2010,lgbm_blind,8.27345406223707,6.487337572096608
UGA-fed(KEN+TZA),2005,5,govt_consumption,2010,lgbm_graph,8.27345406223707,5.632087964629497
UGA-fed(KEN+TZA),2005,5,govt_consumption,2010,tft,8.27345406223707,6.487337572096608
UGA-fed(KEN+TZA),2005,10,govt_consumption,2015,persistence,8.95453398978222,5.53822940289248
UGA-fed(KEN+TZA),2005,10,govt_consumption,2015,arima,8.95453398978222,5.806993737828018
UGA-fed(KEN+TZA),2005,10,govt_consumption,2015,prophet,8.95453398978222,12.258033649496312
UGA-fed(KEN+TZA),2005,10,govt_consumption,2015,prophet_graph,8.95453398978222,13.622915486728992
UGA-fed(KEN+TZA),2005,10,govt_consumption,2015,xgb_blind,8.95453398978222,5.806993737828018
UGA-fed(KEN+TZA),2005,10,govt_consumption,2015,xgb_graph,8.95453398978222,5.1577277823735415
UGA-fed(KEN+TZA),2005,10,govt_consumption,2015,lgbm_blind,8.95453398978222,5.806993737828018
UGA-fed(KEN+TZA),2005,10,govt_consumption,2015,lgbm_graph,8.95453398978222,6.212758923018887
UGA-fed(KEN+TZA),2005,10,govt_consumption,2015,tft,8.95453398978222,5.806993737828018
UGA-fed(KEN+TZA),2006,1,gdp_growth,2007,persistence,8.41242596551071,2.37231842023459
UGA-fed(KEN+TZA),2006,1,gdp_growth,2007,arima,8.41242596551071,0.5563568009075777
UGA-fed(KEN+TZA),2006,1,gdp_growth,2007,prophet,8.41242596551071,0.8625451542604514
UGA-fed(KEN+TZA),2006,1,gdp_growth,2007,prophet_graph,8.41242596551071,0.5745296952022105
UGA-fed(KEN+TZA),2006,1,gdp_growth,2007,xgb_blind,8.41242596551071,0.5563568009075777
UGA-fed(KEN+TZA),2006,1,gdp_growth,2007,xgb_graph,8.41242596551071,1.2677488620649733
UGA-fed(KEN+TZA),2006,1,gdp_growth,2007,lgbm_blind,8.41242596551071,0.5563568009075777
UGA-fed(KEN+TZA),2006,1,gdp_growth,2007,lgbm_graph,8.41242596551071,1.549112782322272
UGA-fed(KEN+TZA),2006,1,gdp_growth,2007,tft,8.41242596551071,0.5563568009075777
UGA-fed(KEN+TZA),2006,3,gdp_growth,2009,persistence,6.80151734860395,3.9832270371413507
UGA-fed(KEN+TZA),2006,3,gdp_growth,2009,arima,6.80151734860395,2.6058459073273372
UGA-fed(KEN+TZA),2006,3,gdp_growth,2009,prophet,6.80151734860395,0.9063212258496218
UGA-fed(KEN+TZA),2006,3,gdp_growth,2009,prophet_graph,6.80151734860395,0.09740500693420717
UGA-fed(KEN+TZA),2006,3,gdp_growth,2009,xgb_blind,6.80151734860395,2.6058459073273372
UGA-fed(KEN+TZA),2006,3,gdp_growth,2009,xgb_graph,6.80151734860395,0.6347795912459038
UGA-fed(KEN+TZA),2006,3,gdp_growth,2009,lgbm_blind,6.80151734860395,2.6058459073273372
UGA-fed(KEN+TZA),2006,3,gdp_growth,2009,lgbm_graph,6.80151734860395,0.4013797062045308
UGA-fed(KEN+TZA),2006,3,gdp_growth,2009,tft,6.80151734860395,2.6058459073273372
UGA-fed(KEN+TZA),2006,5,gdp_growth,2011,persistence,9.3916554927176,1.3930888930277003
UGA-fed(KEN+TZA),2006,5,gdp_growth,2011,arima,9.3916554927176,0.08867322787015652
UGA-fed(KEN+TZA),2006,5,gdp_growth,2011,prophet,9.3916554927176,1.5260752395521004
UGA-fed(KEN+TZA),2006,5,gdp_growth,2011,prophet_graph,9.3916554927176,4.577910035643986
UGA-fed(KEN+TZA),2006,5,gdp_growth,2011,xgb_blind,9.3916554927176,0.08867322787015652
UGA-fed(KEN+TZA),2006,5,gdp_growth,2011,xgb_graph,9.3916554927176,0.43683581345734623
UGA-fed(KEN+TZA),2006,5,gdp_growth,2011,lgbm_blind,9.3916554927176,0.08867322787015652
UGA-fed(KEN+TZA),2006,5,gdp_growth,2011,lgbm_graph,9.3916554927176,2.2157696365660193
UGA-fed(KEN+TZA),2006,5,gdp_growth,2011,tft,9.3916554927176,0.08867322787015652
UGA-fed(KEN+TZA),2006,10,gdp_growth,2016,persistence,4.78100029254482,6.00374409320048
UGA-fed(KEN+TZA),2006,10,gdp_growth,2016,arima,4.78100029254482,4.714054472832797
UGA-fed(KEN+TZA),2006,10,gdp_growth,2016,prophet,4.78100029254482,3.479150241891886
UGA-fed(KEN+TZA),2006,10,gdp_growth,2016,prophet_graph,4.78100029254482,5.1830534883427815
UGA-fed(KEN+TZA),2006,10,gdp_growth,2016,xgb_blind,4.78100029254482,4.714054472832797
UGA-fed(KEN+TZA),2006,10,gdp_growth,2016,xgb_graph,4.78100029254482,5.3062790272183635
UGA-fed(KEN+TZA),2006,10,gdp_growth,2016,lgbm_blind,4.78100029254482,4.714054472832797
UGA-fed(KEN+TZA),2006,10,gdp_growth,2016,lgbm_graph,4.78100029254482,1.9984362616827367
UGA-fed(KEN+TZA),2006,10,gdp_growth,2016,tft,4.78100029254482,4.714054472832797
UGA-fed(KEN+TZA),2006,1,unemployment,2007,persistence,2.667,0.403
UGA-fed(KEN+TZA),2006,1,unemployment,2007,arima,2.667,0.32567264955759034
UGA-fed(KEN+TZA),2006,1,unemployment,2007,prophet,2.667,0.05935078651590153
UGA-fed(KEN+TZA),2006,1,unemployment,2007,prophet_graph,2.667,0.05935078651590153
UGA-fed(KEN+TZA),2006,1,unemployment,2007,xgb_blind,2.667,0.32567264955759034
UGA-fed(KEN+TZA),2006,1,unemployment,2007,xgb_graph,2.667,0.32567264955759034
UGA-fed(KEN+TZA),2006,1,unemployment,2007,lgbm_blind,2.667,0.32567264955759034
UGA-fed(KEN+TZA),2006,1,unemployment,2007,lgbm_graph,2.667,0.32567264955759034
UGA-fed(KEN+TZA),2006,1,unemployment,2007,tft,2.667,0.32567264955759034
UGA-fed(KEN+TZA),2006,3,unemployment,2009,persistence,3.6,1.3360000000000003
UGA-fed(KEN+TZA),2006,3,unemployment,2009,arima,3.6,1.2387556306816028
UGA-fed(KEN+TZA),2006,3,unemployment,2009,prophet,3.6,0.9850238199521777
UGA-fed(KEN+TZA),2006,3,unemployment,2009,prophet_graph,3.6,0.9850238199521777
UGA-fed(KEN+TZA),2006,3,unemployment,2009,xgb_blind,3.6,1.2387556306816028
UGA-fed(KEN+TZA),2006,3,unemployment,2009,xgb_graph,3.6,1.2387556306816028
UGA-fed(KEN+TZA),2006,3,unemployment,2009,lgbm_blind,3.6,1.2387556306816028
UGA-fed(KEN+TZA),2006,3,unemployment,2009,lgbm_graph,3.6,1.2387556306816028
UGA-fed(KEN+TZA),2006,3,unemployment,2009,tft,3.6,1.2387556306816028
UGA-fed(KEN+TZA),2006,5,unemployment,2011,persistence,3.523,1.2590000000000003
UGA-fed(KEN+TZA),2006,5,unemployment,2011,arima,3.523,1.1608567794309184
UGA-fed(KEN+TZA),2006,5,unemployment,2011,prophet,3.523,1.0192460671774826
UGA-fed(KEN+TZA),2006,5,unemployment,2011,prophet_graph,3.523,1.0192460671774826
UGA-fed(KEN+TZA),2006,5,unemployment,2011,xgb_blind,3.523,1.1608567794309184
UGA-fed(KEN+TZA),2006,5,unemployment,2011,xgb_graph,3.523,1.1608567794309184
UGA-fed(KEN+TZA),2006,5,unemployment,2011,lgbm_blind,3.523,1.1608567794309184
UGA-fed(KEN+TZA),2006,5,unemployment,2011,lgbm_graph,3.523,1.1608567794309184
UGA-fed(KEN+TZA),2006,5,unemployment,2011,tft,3.523,1.1608567794309184
UGA-fed(KEN+TZA),2006,10,unemployment,2016,persistence,3.002,0.738
UGA-fed(KEN+TZA),2006,10,unemployment,2016,arima,3.002,0.6398143156133416
UGA-fed(KEN+TZA),2006,10,unemployment,2016,prophet,3.002,0.7764540444835184
UGA-fed(KEN+TZA),2006,10,unemployment,2016,prophet_graph,3.002,0.7764540444835184
UGA-fed(KEN+TZA),2006,10,unemployment,2016,xgb_blind,3.002,0.6398143156133416
UGA-fed(KEN+TZA),2006,10,unemployment,2016,xgb_graph,3.002,0.6398143156133416
UGA-fed(KEN+TZA),2006,10,unemployment,2016,lgbm_blind,3.002,0.6398143156133416
UGA-fed(KEN+TZA),2006,10,unemployment,2016,lgbm_graph,3.002,0.6398143156133416
UGA-fed(KEN+TZA),2006,10,unemployment,2016,tft,3.002,0.6398143156133416
UGA-fed(KEN+TZA),2006,1,exports_gdp,2007,persistence,16.7250685273524,1.449655143981099
UGA-fed(KEN+TZA),2006,1,exports_gdp,2007,arima,16.7250685273524,1.800524561862467
UGA-fed(KEN+TZA),2006,1,exports_gdp,2007,prophet,16.7250685273524,2.253411940034468
UGA-fed(KEN+TZA),2006,1,exports_gdp,2007,prophet_graph,16.7250685273524,1.5856184899406482
UGA-fed(KEN+TZA),2006,1,exports_gdp,2007,xgb_blind,16.7250685273524,1.800524561862467
UGA-fed(KEN+TZA),2006,1,exports_gdp,2007,xgb_graph,16.7250685273524,2.080151039254254
UGA-fed(KEN+TZA),2006,1,exports_gdp,2007,lgbm_blind,16.7250685273524,1.800524561862467
UGA-fed(KEN+TZA),2006,1,exports_gdp,2007,lgbm_graph,16.7250685273524,5.602987158190793
UGA-fed(KEN+TZA),2006,1,exports_gdp,2007,tft,16.7250685273524,1.800524561862467
UGA-fed(KEN+TZA),2006,3,exports_gdp,2009,persistence,18.6135663082242,3.338152924852901
UGA-fed(KEN+TZA),2006,3,exports_gdp,2009,arima,18.6135663082242,3.6126453772595966
UGA-fed(KEN+TZA),2006,3,exports_gdp,2009,prophet,18.6135663082242,3.346891909477405
UGA-fed(KEN+TZA),2006,3,exports_gdp,2009,prophet_graph,18.6135663082242,1.887263404275167
UGA-fed(KEN+TZA),2006,3,exports_gdp,2009,xgb_blind,18.6135663082242,3.6126453772595966
UGA-fed(KEN+TZA),2006,3,exports_gdp,2009,xgb_graph,18.6135663082242,5.61497011681795
UGA-fed(KEN+TZA),2006,3,exports_gdp,2009,lgbm_blind,18.6135663082242,3.6126453772595966
UGA-fed(KEN+TZA),2006,3,exports_gdp,2009,lgbm_graph,18.6135663082242,7.061581793715272
UGA-fed(KEN+TZA),2006,3,exports_gdp,2009,tft,18.6135663082242,3.6126453772595966
UGA-fed(KEN+TZA),2006,5,exports_gdp,2011,persistence,12.8557239406741,2.4196894426971998
UGA-fed(KEN+TZA),2006,5,exports_gdp,2011,arima,12.8557239406741,2.1530287523341567
UGA-fed(KEN+TZA),2006,5,exports_gdp,2011,prophet,12.8557239406741,3.2048806938361345
UGA-fed(KEN+TZA),2006,5,exports_gdp,2011,prophet_graph,12.8557239406741,5.45526103245718
UGA-fed(KEN+TZA),2006,5,exports_gdp,2011,xgb_blind,12.8557239406741,2.1530287523341567
UGA-fed(KEN+TZA),2006,5,exports_gdp,2011,xgb_graph,12.8557239406741,0.17940672570827942
UGA-fed(KEN+TZA),2006,5,exports_gdp,2011,lgbm_blind,12.8557239406741,2.1530287523341567
UGA-fed(KEN+TZA),2006,5,exports_gdp,2011,lgbm_graph,12.8557239406741,0.6953299078778752
UGA-fed(KEN+TZA),2006,5,exports_gdp,2011,tft,12.8557239406741,2.1530287523341567
UGA-fed(KEN+TZA),2006,10,exports_gdp,2016,persistence,12.4271644156806,2.848248967690699
UGA-fed(KEN+TZA),2006,10,exports_gdp,2016,arima,12.4271644156806,2.582486123032668
UGA-fed(KEN+TZA),2006,10,exports_gdp,2016,prophet,12.4271644156806,5.619353383903654
UGA-fed(KEN+TZA),2006,10,exports_gdp,2016,prophet_graph,12.4271644156806,9.847696527761325
UGA-fed(KEN+TZA),2006,10,exports_gdp,2016,xgb_blind,12.4271644156806,2.582486123032668
UGA-fed(KEN+TZA),2006,10,exports_gdp,2016,xgb_graph,12.4271644156806,2.342075009978579
UGA-fed(KEN+TZA),2006,10,exports_gdp,2016,lgbm_blind,12.4271644156806,2.582486123032668
UGA-fed(KEN+TZA),2006,10,exports_gdp,2016,lgbm_graph,12.4271644156806,0.009808878266049703
UGA-fed(KEN+TZA),2006,10,exports_gdp,2016,tft,12.4271644156806,2.582486123032668
UGA-fed(KEN+TZA),2006,1,imports_gdp,2007,persistence,30.0523481249298,1.6944757186806
UGA-fed(KEN+TZA),2006,1,imports_gdp,2007,arima,30.0523481249298,1.9598931256360963
UGA-fed(KEN+TZA),2006,1,imports_gdp,2007,prophet,30.0523481249298,4.296526409160613
UGA-fed(KEN+TZA),2006,1,imports_gdp,2007,prophet_graph,30.0523481249298,3.88595006980675
UGA-fed(KEN+TZA),2006,1,imports_gdp,2007,xgb_blind,30.0523481249298,1.9598931256360963
UGA-fed(KEN+TZA),2006,1,imports_gdp,2007,xgb_graph,30.0523481249298,3.292695033499136
UGA-fed(KEN+TZA),2006,1,imports_gdp,2007,lgbm_blind,30.0523481249298,1.9598931256360963
UGA-fed(KEN+TZA),2006,1,imports_gdp,2007,lgbm_graph,30.0523481249298,7.061957466551199
UGA-fed(KEN+TZA),2006,1,imports_gdp,2007,tft,30.0523481249298,1.9598931256360963
UGA-fed(KEN+TZA),2006,3,imports_gdp,2009,persistence,28.4503117666136,0.09243936036439848
UGA-fed(KEN+TZA),2006,3,imports_gdp,2009,arima,28.4503117666136,0.3394643918264677
UGA-fed(KEN+TZA),2006,3,imports_gdp,2009,prophet,28.4503117666136,2.031783419905551
UGA-fed(KEN+TZA),2006,3,imports_gdp,2009,prophet_graph,28.4503117666136,4.538917150964167
UGA-fed(KEN+TZA),2006,3,imports_gdp,2009,xgb_blind,28.4503117666136,0.3394643918264677
UGA-fed(KEN+TZA),2006,3,imports_gdp,2009,xgb_graph,28.4503117666136,0.9957409963499266
UGA-fed(KEN+TZA),2006,3,imports_gdp,2009,lgbm_blind,28.4503117666136,0.3394643918264677
UGA-fed(KEN+TZA),2006,3,imports_gdp,2009,lgbm_graph,28.4503117666136,5.477638622954281
UGA-fed(KEN+TZA),2006,3,imports_gdp,2009,tft,28.4503117666136,0.3394643918264677
UGA-fed(KEN+TZA),2006,5,imports_gdp,2011,persistence,26.899501619938,1.4583707863111997
UGA-fed(KEN+TZA),2006,5,imports_gdp,2011,arima,26.899501619938,1.2114489558694217
UGA-fed(KEN+TZA),2006,5,imports_gdp,2011,prophet,26.899501619938,0.18082678229038862
UGA-fed(KEN+TZA),2006,5,imports_gdp,2011,prophet_graph,26.899501619938,5.240025623735555
UGA-fed(KEN+TZA),2006,5,imports_gdp,2011,xgb_blind,26.899501619938,1.2114489558694217
UGA-fed(KEN+TZA),2006,5,imports_gdp,2011,xgb_graph,26.899501619938,0.181274594661609
UGA-fed(KEN+TZA),2006,5,imports_gdp,2011,lgbm_blind,26.899501619938,1.2114489558694217
UGA-fed(KEN+TZA),2006,5,imports_gdp,2011,lgbm_graph,26.899501619938,3.4543944778074653
UGA-fed(KEN+TZA),2006,5,imports_gdp,2011,tft,26.899501619938,1.2114489558694217
UGA-fed(KEN+TZA),2006,10,imports_gdp,2016,persistence,18.7821976075312,9.575674798718001
UGA-fed(KEN+TZA),2006,10,imports_gdp,2016,arima,18.7821976075312,9.328753550613918
UGA-fed(KEN+TZA),2006,10,imports_gdp,2016,prophet,18.7821976075312,9.953537508916565
UGA-fed(KEN+TZA),2006,10,imports_gdp,2016,prophet_graph,18.7821976075312,2.755602979972842
UGA-fed(KEN+TZA),2006,10,imports_gdp,2016,xgb_blind,18.7821976075312,9.328753550613918
UGA-fed(KEN+TZA),2006,10,imports_gdp,2016,xgb_graph,18.7821976075312,8.704023705945364
UGA-fed(KEN+TZA),2006,10,imports_gdp,2016,lgbm_blind,18.7821976075312,9.328753550613918
UGA-fed(KEN+TZA),2006,10,imports_gdp,2016,lgbm_graph,18.7821976075312,5.804758689117101
UGA-fed(KEN+TZA),2006,10,imports_gdp,2016,tft,18.7821976075312,9.328753550613918
UGA-fed(KEN+TZA),2006,1,current_account,2007,persistence,-4.72875221684934,1.5397161749879902
UGA-fed(KEN+TZA),2006,1,current_account,2007,arima,-4.72875221684934,1.702367835412303
UGA-fed(KEN+TZA),2006,1,current_account,2007,prophet,-4.72875221684934,3.3283058467112507
UGA-fed(KEN+TZA),2006,1,current_account,2007,prophet_graph,-4.72875221684934,4.460316232256001
UGA-fed(KEN+TZA),2006,1,current_account,2007,xgb_blind,-4.72875221684934,1.702367835412303
UGA-fed(KEN+TZA),2006,1,current_account,2007,xgb_graph,-4.72875221684934,2.0838886113500728
UGA-fed(KEN+TZA),2006,1,current_account,2007,lgbm_blind,-4.72875221684934,1.702367835412303
UGA-fed(KEN+TZA),2006,1,current_account,2007,lgbm_graph,-4.72875221684934,1.0530975837622343
UGA-fed(KEN+TZA),2006,1,current_account,2007,tft,-4.72875221684934,1.702367835412303
UGA-fed(KEN+TZA),2006,3,current_account,2009,persistence,-4.1708492322474,0.9818131903860494
UGA-fed(KEN+TZA),2006,3,current_account,2009,arima,-4.1708492322474,1.1377477891056107
UGA-fed(KEN+TZA),2006,3,current_account,2009,prophet,-4.1708492322474,3.307995862171252
UGA-fed(KEN+TZA),2006,3,current_account,2009,prophet_graph,-4.1708492322474,3.7881192972405087
UGA-fed(KEN+TZA),2006,3,current_account,2009,xgb_blind,-4.1708492322474,1.1377477891056107
UGA-fed(KEN+TZA),2006,3,current_account,2009,xgb_graph,-4.1708492322474,0.9819737390965946
UGA-fed(KEN+TZA),2006,3,current_account,2009,lgbm_blind,-4.1708492322474,1.1377477891056107
UGA-fed(KEN+TZA),2006,3,current_account,2009,lgbm_graph,-4.1708492322474,0.5841373677280672
UGA-fed(KEN+TZA),2006,3,current_account,2009,tft,-4.1708492322474,1.1377477891056107
UGA-fed(KEN+TZA),2006,5,current_account,2011,persistence,-7.48878445953833,4.29974841767698
UGA-fed(KEN+TZA),2006,5,current_account,2011,arima,-7.48878445953833,4.455670503945996
UGA-fed(KEN+TZA),2006,5,current_account,2011,prophet,-7.48878445953833,7.162788668183412
UGA-fed(KEN+TZA),2006,5,current_account,2011,prophet_graph,-7.48878445953833,6.99191692699123
UGA-fed(KEN+TZA),2006,5,current_account,2011,xgb_blind,-7.48878445953833,4.455670503945996
UGA-fed(KEN+TZA),2006,5,current_account,2011,xgb_graph,-7.48878445953833,6.027467635578979
UGA-fed(KEN+TZA),2006,5,current_account,2011,lgbm_blind,-7.48878445953833,4.455670503945996
UGA-fed(KEN+TZA),2006,5,current_account,2011,lgbm_graph,-7.48878445953833,4.110896914850493
UGA-fed(KEN+TZA),2006,5,current_account,2011,tft,-7.48878445953833,4.455670503945996
UGA-fed(KEN+TZA),2006,10,current_account,2016,persistence,-2.85393787294637,0.3350981689149801
UGA-fed(KEN+TZA),2006,10,current_account,2016,arima,-2.85393787294637,0.17917610599748812
UGA-fed(KEN+TZA),2006,10,current_account,2016,prophet,-2.85393787294637,3.8708214497352365
UGA-fed(KEN+TZA),2006,10,current_account,2016,prophet_graph,-2.85393787294637,2.0715699936754057
UGA-fed(KEN+TZA),2006,10,current_account,2016,xgb_blind,-2.85393787294637,0.17917610599748812
UGA-fed(KEN+TZA),2006,10,current_account,2016,xgb_graph,-2.85393787294637,0.11023973554362021
UGA-fed(KEN+TZA),2006,10,current_account,2016,lgbm_blind,-2.85393787294637,0.17917610599748812
UGA-fed(KEN+TZA),2006,10,current_account,2016,lgbm_graph,-2.85393787294637,0.46850617854733656
UGA-fed(KEN+TZA),2006,10,current_account,2016,tft,-2.85393787294637,0.17917610599748812
UGA-fed(KEN+TZA),2006,1,real_interest_rate,2007,persistence,10.9806235436646,4.928380812754002
UGA-fed(KEN+TZA),2006,1,real_interest_rate,2007,arima,10.9806235436646,7.5006098857919135
UGA-fed(KEN+TZA),2006,1,real_interest_rate,2007,prophet,10.9806235436646,9.763943596995166
UGA-fed(KEN+TZA),2006,1,real_interest_rate,2007,prophet_graph,10.9806235436646,9.763943596995166
UGA-fed(KEN+TZA),2006,1,real_interest_rate,2007,xgb_blind,10.9806235436646,7.5006098857919135
UGA-fed(KEN+TZA),2006,1,real_interest_rate,2007,xgb_graph,10.9806235436646,7.5006098857919135
UGA-fed(KEN+TZA),2006,1,real_interest_rate,2007,lgbm_blind,10.9806235436646,7.5006098857919135
UGA-fed(KEN+TZA),2006,1,real_interest_rate,2007,lgbm_graph,10.9806235436646,7.5006098857919135
UGA-fed(KEN+TZA),2006,1,real_interest_rate,2007,tft,10.9806235436646,7.5006098857919135
UGA-fed(KEN+TZA),2006,3,real_interest_rate,2009,persistence,-34.7434429588376,50.6524473152562
UGA-fed(KEN+TZA),2006,3,real_interest_rate,2009,arima,-34.7434429588376,52.591125950738274
UGA-fed(KEN+TZA),2006,3,real_interest_rate,2009,prophet,-34.7434429588376,57.66669058182967
UGA-fed(KEN+TZA),2006,3,real_interest_rate,2009,prophet_graph,-34.7434429588376,57.66669058182967
UGA-fed(KEN+TZA),2006,3,real_interest_rate,2009,xgb_blind,-34.7434429588376,52.591125950738274
UGA-fed(KEN+TZA),2006,3,real_interest_rate,2009,xgb_graph,-34.7434429588376,52.591125950738274
UGA-fed(KEN+TZA),2006,3,real_interest_rate,2009,lgbm_blind,-34.7434429588376,52.591125950738274
UGA-fed(KEN+TZA),2006,3,real_interest_rate,2009,lgbm_graph,-34.7434429588376,52.591125950738274
UGA-fed(KEN+TZA),2006,3,real_interest_rate,2009,tft,-34.7434429588376,52.591125950738274
UGA-fed(KEN+TZA),2006,5,real_interest_rate,2011,persistence,11.3734989307615,4.535505425657101
UGA-fed(KEN+TZA),2006,5,real_interest_rate,2011,arima,11.3734989307615,6.351971153640672
UGA-fed(KEN+TZA),2006,5,real_interest_rate,2011,prophet,11.3734989307615,13.72544876350634
UGA-fed(KEN+TZA),2006,5,real_interest_rate,2011,prophet_graph,11.3734989307615,13.72544876350634
UGA-fed(KEN+TZA),2006,5,real_interest_rate,2011,xgb_blind,11.3734989307615,6.351971153640672
UGA-fed(KEN+TZA),2006,5,real_interest_rate,2011,xgb_graph,11.3734989307615,6.351971153640672
UGA-fed(KEN+TZA),2006,5,real_interest_rate,2011,lgbm_blind,11.3734989307615,6.351971153640672
UGA-fed(KEN+TZA),2006,5,real_interest_rate,2011,lgbm_graph,11.3734989307615,6.351971153640672
UGA-fed(KEN+TZA),2006,5,real_interest_rate,2011,tft,11.3734989307615,6.351971153640672
UGA-fed(KEN+TZA),2006,10,real_interest_rate,2016,persistence,18.2333937267573,2.3243893703386984
UGA-fed(KEN+TZA),2006,10,real_interest_rate,2016,arima,18.2333937267573,0.537610683266351
UGA-fed(KEN+TZA),2006,10,real_interest_rate,2016,prophet,18.2333937267573,12.307784556756491
UGA-fed(KEN+TZA),2006,10,real_interest_rate,2016,prophet_graph,18.2333937267573,12.307784556756491
UGA-fed(KEN+TZA),2006,10,real_interest_rate,2016,xgb_blind,18.2333937267573,0.537610683266351
UGA-fed(KEN+TZA),2006,10,real_interest_rate,2016,xgb_graph,18.2333937267573,0.537610683266351
UGA-fed(KEN+TZA),2006,10,real_interest_rate,2016,lgbm_blind,18.2333937267573,0.537610683266351
UGA-fed(KEN+TZA),2006,10,real_interest_rate,2016,lgbm_graph,18.2333937267573,0.537610683266351
UGA-fed(KEN+TZA),2006,10,real_interest_rate,2016,tft,18.2333937267573,0.537610683266351
UGA-fed(KEN+TZA),2006,1,broad_money,2007,persistence,20.8754529821104,0.961304944258
UGA-fed(KEN+TZA),2006,1,broad_money,2007,arima,20.8754529821104,0.9236515102288863
UGA-fed(KEN+TZA),2006,1,broad_money,2007,prophet,20.8754529821104,0.3848280706155762
UGA-fed(KEN+TZA),2006,1,broad_money,2007,prophet_graph,20.8754529821104,0.4742324607395858
UGA-fed(KEN+TZA),2006,1,broad_money,2007,xgb_blind,20.8754529821104,0.9236515102288863
UGA-fed(KEN+TZA),2006,1,broad_money,2007,xgb_graph,20.8754529821104,1.1611471044248525
UGA-fed(KEN+TZA),2006,1,broad_money,2007,lgbm_blind,20.8754529821104,0.9236515102288863
UGA-fed(KEN+TZA),2006,1,broad_money,2007,lgbm_graph,20.8754529821104,6.011820124310869
UGA-fed(KEN+TZA),2006,1,broad_money,2007,tft,20.8754529821104,0.9236515102288863
UGA-fed(KEN+TZA),2006,3,broad_money,2009,persistence,14.0172749693774,5.896873068474999
UGA-fed(KEN+TZA),2006,3,broad_money,2009,arima,14.0172749693774,5.937077339317156
UGA-fed(KEN+TZA),2006,3,broad_money,2009,prophet,14.0172749693774,8.76056083836825
UGA-fed(KEN+TZA),2006,3,broad_money,2009,prophet_graph,14.0172749693774,7.6278470282597866
UGA-fed(KEN+TZA),2006,3,broad_money,2009,xgb_blind,14.0172749693774,5.937077339317156
UGA-fed(KEN+TZA),2006,3,broad_money,2009,xgb_graph,14.0172749693774,4.055303460798381
UGA-fed(KEN+TZA),2006,3,broad_money,2009,lgbm_blind,14.0172749693774,5.937077339317156
UGA-fed(KEN+TZA),2006,3,broad_money,2009,lgbm_graph,14.0172749693774,1.6645102735207242
UGA-fed(KEN+TZA),2006,3,broad_money,2009,tft,14.0172749693774,5.937077339317156
UGA-fed(KEN+TZA),2006,5,broad_money,2011,persistence,16.3928799610343,3.5212680768180995
UGA-fed(KEN+TZA),2006,5,broad_money,2011,arima,16.3928799610343,3.5614826945453366
UGA-fed(KEN+TZA),2006,5,broad_money,2011,prophet,16.3928799610343,7.9004346034341495
UGA-fed(KEN+TZA),2006,5,broad_money,2011,prophet_graph,16.3928799610343,6.494441869262875
UGA-fed(KEN+TZA),2006,5,broad_money,2011,xgb_blind,16.3928799610343,3.5614826945453366
UGA-fed(KEN+TZA),2006,5,broad_money,2011,xgb_graph,16.3928799610343,2.9081397075448017
UGA-fed(KEN+TZA),2006,5,broad_money,2011,lgbm_blind,16.3928799610343,3.5614826945453366
UGA-fed(KEN+TZA),2006,5,broad_money,2011,lgbm_graph,16.3928799610343,0.05779822478755392
UGA-fed(KEN+TZA),2006,5,broad_money,2011,tft,16.3928799610343,3.5614826945453366
UGA-fed(KEN+TZA),2006,10,broad_money,2016,persistence,19.0748437204022,0.8393043174501997
UGA-fed(KEN+TZA),2006,10,broad_money,2016,arima,19.0748437204022,0.8795189773180958
UGA-fed(KEN+TZA),2006,10,broad_money,2016,prophet,19.0748437204022,9.009243734170127
UGA-fed(KEN+TZA),2006,10,broad_money,2016,prophet_graph,19.0748437204022,6.919679335151329
UGA-fed(KEN+TZA),2006,10,broad_money,2016,xgb_blind,19.0748437204022,0.8795189773180958
UGA-fed(KEN+TZA),2006,10,broad_money,2016,xgb_graph,19.0748437204022,0.13352267364076909
UGA-fed(KEN+TZA),2006,10,broad_money,2016,lgbm_blind,19.0748437204022,0.8795189773180958
UGA-fed(KEN+TZA),2006,10,broad_money,2016,lgbm_graph,19.0748437204022,0.8950447767463672
UGA-fed(KEN+TZA),2006,10,broad_money,2016,tft,19.0748437204022,0.8795189773180958
UGA-fed(KEN+TZA),2006,1,govt_consumption,2007,persistence,12.8930348105775,1.2092769851255998
UGA-fed(KEN+TZA),2006,1,govt_consumption,2007,arima,12.8930348105775,1.0964303123789847
UGA-fed(KEN+TZA),2006,1,govt_consumption,2007,prophet,12.8930348105775,3.7613053181104625
UGA-fed(KEN+TZA),2006,1,govt_consumption,2007,prophet_graph,12.8930348105775,1.4900874583368982
UGA-fed(KEN+TZA),2006,1,govt_consumption,2007,xgb_blind,12.8930348105775,1.0964303123789847
UGA-fed(KEN+TZA),2006,1,govt_consumption,2007,xgb_graph,12.8930348105775,1.0747338585509176
UGA-fed(KEN+TZA),2006,1,govt_consumption,2007,lgbm_blind,12.8930348105775,1.0964303123789847
UGA-fed(KEN+TZA),2006,1,govt_consumption,2007,lgbm_graph,12.8930348105775,0.13547128960026456
UGA-fed(KEN+TZA),2006,1,govt_consumption,2007,tft,12.8930348105775,1.0964303123789847
UGA-fed(KEN+TZA),2006,3,govt_consumption,2009,persistence,6.58533254689826,7.51697924880484
UGA-fed(KEN+TZA),2006,3,govt_consumption,2009,arima,6.58533254689826,7.362092010722544
UGA-fed(KEN+TZA),2006,3,govt_consumption,2009,prophet,6.58533254689826,10.947434592332986
UGA-fed(KEN+TZA),2006,3,govt_consumption,2009,prophet_graph,6.58533254689826,8.684309732643563
UGA-fed(KEN+TZA),2006,3,govt_consumption,2009,xgb_blind,6.58533254689826,7.362092010722544
UGA-fed(KEN+TZA),2006,3,govt_consumption,2009,xgb_graph,6.58533254689826,7.815077151588068
UGA-fed(KEN+TZA),2006,3,govt_consumption,2009,lgbm_blind,6.58533254689826,7.362092010722544
UGA-fed(KEN+TZA),2006,3,govt_consumption,2009,lgbm_graph,6.58533254689826,6.983169334292449
UGA-fed(KEN+TZA),2006,3,govt_consumption,2009,tft,6.58533254689826,7.362092010722544
UGA-fed(KEN+TZA),2006,5,govt_consumption,2011,persistence,15.3978037954044,1.2954919997012997
UGA-fed(KEN+TZA),2006,5,govt_consumption,2011,arima,15.3978037954044,1.4538908912902393
UGA-fed(KEN+TZA),2006,5,govt_consumption,2011,prophet,15.3978037954044,3.0121886758331478
UGA-fed(KEN+TZA),2006,5,govt_consumption,2011,prophet_graph,15.3978037954044,0.757145745092302
UGA-fed(KEN+TZA),2006,5,govt_consumption,2011,xgb_blind,15.3978037954044,1.4538908912902393
UGA-fed(KEN+TZA),2006,5,govt_consumption,2011,xgb_graph,15.3978037954044,1.1857762456607475
UGA-fed(KEN+TZA),2006,5,govt_consumption,2011,lgbm_blind,15.3978037954044,1.4538908912902393
UGA-fed(KEN+TZA),2006,5,govt_consumption,2011,lgbm_graph,15.3978037954044,1.4758642634423236
UGA-fed(KEN+TZA),2006,5,govt_consumption,2011,tft,15.3978037954044,1.4538908912902393
UGA-fed(KEN+TZA),2006,10,govt_consumption,2016,persistence,7.3519468435187,6.7503649521844
UGA-fed(KEN+TZA),2006,10,govt_consumption,2016,arima,7.3519468435187,6.591646642207403
UGA-fed(KEN+TZA),2006,10,govt_consumption,2016,prophet,7.3519468435187,13.252310636271577
UGA-fed(KEN+TZA),2006,10,govt_consumption,2016,prophet_graph,7.3519468435187,11.01748359903775
UGA-fed(KEN+TZA),2006,10,govt_consumption,2016,xgb_blind,7.3519468435187,6.591646642207403
UGA-fed(KEN+TZA),2006,10,govt_consumption,2016,xgb_graph,7.3519468435187,6.447753893480812
UGA-fed(KEN+TZA),2006,10,govt_consumption,2016,lgbm_blind,7.3519468435187,6.591646642207403
UGA-fed(KEN+TZA),2006,10,govt_consumption,2016,lgbm_graph,7.3519468435187,7.66320595145549
UGA-fed(KEN+TZA),2006,10,govt_consumption,2016,tft,7.3519468435187,6.591646642207403
UGA-fed(KEN+TZA),2007,1,gdp_growth,2008,persistence,8.70875190154499,0.2963259360342789
UGA-fed(KEN+TZA),2007,1,gdp_growth,2008,arima,8.70875190154499,0.7091667199779685
UGA-fed(KEN+TZA),2007,1,gdp_growth,2008,prophet,8.70875190154499,0.88251902664223
UGA-fed(KEN+TZA),2007,1,gdp_growth,2008,prophet_graph,8.70875190154499,0.47442675621218733
UGA-fed(KEN+TZA),2007,1,gdp_growth,2008,xgb_blind,8.70875190154499,0.7091667199779685
UGA-fed(KEN+TZA),2007,1,gdp_growth,2008,xgb_graph,8.70875190154499,0.17739795104450096
UGA-fed(KEN+TZA),2007,1,gdp_growth,2008,lgbm_blind,8.70875190154499,0.7091667199779685
UGA-fed(KEN+TZA),2007,1,gdp_growth,2008,lgbm_graph,8.70875190154499,1.7543144353162798
UGA-fed(KEN+TZA),2007,1,gdp_growth,2008,tft,8.70875190154499,0.7091667199779685
UGA-fed(KEN+TZA),2007,3,gdp_growth,2010,persistence,5.63761163749757,2.7748143280131403
UGA-fed(KEN+TZA),2007,3,gdp_growth,2010,arima,5.63761163749757,3.5347654299062343
UGA-fed(KEN+TZA),2007,3,gdp_growth,2010,prophet,5.63761163749757,2.3778394275035994
UGA-fed(KEN+TZA),2007,3,gdp_growth,2010,prophet_graph,5.63761163749757,2.6659588907453413
UGA-fed(KEN+TZA),2007,3,gdp_growth,2010,xgb_blind,5.63761163749757,3.5347654299062343
UGA-fed(KEN+TZA),2007,3,gdp_growth,2010,xgb_graph,5.63761163749757,2.7497613330834847
UGA-fed(KEN+TZA),2007,3,gdp_growth,2010,lgbm_blind,5.63761163749757,3.5347654299062343
UGA-fed(KEN+TZA),2007,3,gdp_growth,2010,lgbm_graph,5.63761163749757,1.6459206799818817
UGA-fed(KEN+TZA),2007,3,gdp_growth,2010,tft,5.63761163749757,3.5347654299062343
UGA-fed(KEN+TZA),2007,5,gdp_growth,2012,persistence,3.83745560605229,4.574970359458421
UGA-fed(KEN+TZA),2007,5,gdp_growth,2012,arima,3.83745560605229,5.290811483051867
UGA-fed(KEN+TZA),2007,5,gdp_growth,2012,prophet,3.83745560605229,4.366954800634025
UGA-fed(KEN+TZA),2007,5,gdp_growth,2012,prophet_graph,3.83745560605229,3.5877100869711778
UGA-fed(KEN+TZA),2007,5,gdp_growth,2012,xgb_blind,3.83745560605229,5.290811483051867
UGA-fed(KEN+TZA),2007,5,gdp_growth,2012,xgb_graph,3.83745560605229,3.5265590194970264
UGA-fed(KEN+TZA),2007,5,gdp_growth,2012,lgbm_blind,3.83745560605229,5.290811483051867
UGA-fed(KEN+TZA),2007,5,gdp_growth,2012,lgbm_graph,3.83745560605229,3.4335487223086347
UGA-fed(KEN+TZA),2007,5,gdp_growth,2012,tft,3.83745560605229,5.290811483051867
UGA-fed(KEN+TZA),2007,10,gdp_growth,2017,persistence,3.13140551723596,5.2810204482747505
UGA-fed(KEN+TZA),2007,10,gdp_growth,2017,arima,3.13140551723596,5.987070138933678
UGA-fed(KEN+TZA),2007,10,gdp_growth,2017,prophet,3.13140551723596,5.545920940489747
UGA-fed(KEN+TZA),2007,10,gdp_growth,2017,prophet_graph,3.13140551723596,2.0953414991492565
UGA-fed(KEN+TZA),2007,10,gdp_growth,2017,xgb_blind,3.13140551723596,5.987070138933678
UGA-fed(KEN+TZA),2007,10,gdp_growth,2017,xgb_graph,3.13140551723596,6.533604935034548
UGA-fed(KEN+TZA),2007,10,gdp_growth,2017,lgbm_blind,3.13140551723596,5.987070138933678
UGA-fed(KEN+TZA),2007,10,gdp_growth,2017,lgbm_graph,3.13140551723596,3.852154717072283
UGA-fed(KEN+TZA),2007,10,gdp_growth,2017,tft,3.13140551723596,5.987070138933678
UGA-fed(KEN+TZA),2007,1,unemployment,2008,persistence,3.035,0.3680000000000003
UGA-fed(KEN+TZA),2007,1,unemployment,2008,arima,3.035,0.2566497556342964
UGA-fed(KEN+TZA),2007,1,unemployment,2008,prophet,3.035,0.37756132452033064
UGA-fed(KEN+TZA),2007,1,unemployment,2008,prophet_graph,3.035,0.37756132452033064
UGA-fed(KEN+TZA),2007,1,unemployment,2008,xgb_blind,3.035,0.2566497556342964
UGA-fed(KEN+TZA),2007,1,unemployment,2008,xgb_graph,3.035,0.2566497556342964
UGA-fed(KEN+TZA),2007,1,unemployment,2008,lgbm_blind,3.035,0.2566497556342964
UGA-fed(KEN+TZA),2007,1,unemployment,2008,lgbm_graph,3.035,0.2566497556342964
UGA-fed(KEN+TZA),2007,1,unemployment,2008,tft,3.035,0.2566497556342964
UGA-fed(KEN+TZA),2007,3,unemployment,2010,persistence,3.623,0.9560000000000004
UGA-fed(KEN+TZA),2007,3,unemployment,2010,arima,3.623,0.8053824405605159
UGA-fed(KEN+TZA),2007,3,unemployment,2010,prophet,3.623,1.079105413725796
UGA-fed(KEN+TZA),2007,3,unemployment,2010,prophet_graph,3.623,1.079105413725796
UGA-fed(KEN+TZA),2007,3,unemployment,2010,xgb_blind,3.623,0.8053824405605159
UGA-fed(KEN+TZA),2007,3,unemployment,2010,xgb_graph,3.623,0.8053824405605159
UGA-fed(KEN+TZA),2007,3,unemployment,2010,lgbm_blind,3.623,0.8053824405605159
UGA-fed(KEN+TZA),2007,3,unemployment,2010,lgbm_graph,3.623,0.8053824405605159
UGA-fed(KEN+TZA),2007,3,unemployment,2010,tft,3.623,0.8053824405605159
UGA-fed(KEN+TZA),2007,5,unemployment,2012,persistence,3.551,0.8840000000000003
UGA-fed(KEN+TZA),2007,5,unemployment,2012,arima,3.551,0.7303846349796026
UGA-fed(KEN+TZA),2007,5,unemployment,2012,prophet,3.551,1.1204941758598448
UGA-fed(KEN+TZA),2007,5,unemployment,2012,prophet_graph,3.551,1.1204941758598448
UGA-fed(KEN+TZA),2007,5,unemployment,2012,xgb_blind,3.551,0.7303846349796026
UGA-fed(KEN+TZA),2007,5,unemployment,2012,xgb_graph,3.551,0.7303846349796026
UGA-fed(KEN+TZA),2007,5,unemployment,2012,lgbm_blind,3.551,0.7303846349796026
UGA-fed(KEN+TZA),2007,5,unemployment,2012,lgbm_graph,3.551,0.7303846349796026
UGA-fed(KEN+TZA),2007,5,unemployment,2012,tft,3.551,0.7303846349796026
UGA-fed(KEN+TZA),2007,10,unemployment,2017,persistence,3.428,0.7610000000000001
UGA-fed(KEN+TZA),2007,10,unemployment,2017,arima,3.428,0.6071372545731402
UGA-fed(KEN+TZA),2007,10,unemployment,2017,prophet,3.428,1.2812767353377992
UGA-fed(KEN+TZA),2007,10,unemployment,2017,prophet_graph,3.428,1.2812767353377992
UGA-fed(KEN+TZA),2007,10,unemployment,2017,xgb_blind,3.428,0.6071372545731402
UGA-fed(KEN+TZA),2007,10,unemployment,2017,xgb_graph,3.428,0.6071372545731402
UGA-fed(KEN+TZA),2007,10,unemployment,2017,lgbm_blind,3.428,0.6071372545731402
UGA-fed(KEN+TZA),2007,10,unemployment,2017,lgbm_graph,3.428,0.6071372545731402
UGA-fed(KEN+TZA),2007,10,unemployment,2017,tft,3.428,0.6071372545731402
UGA-fed(KEN+TZA),2007,1,exports_gdp,2008,persistence,24.2801423442251,7.555073816872703
UGA-fed(KEN+TZA),2007,1,exports_gdp,2008,arima,24.2801423442251,7.963346562412731
UGA-fed(KEN+TZA),2007,1,exports_gdp,2008,prophet,24.2801423442251,8.926052861561043
UGA-fed(KEN+TZA),2007,1,exports_gdp,2008,prophet_graph,24.2801423442251,9.092615319139849
UGA-fed(KEN+TZA),2007,1,exports_gdp,2008,xgb_blind,24.2801423442251,7.963346562412731
UGA-fed(KEN+TZA),2007,1,exports_gdp,2008,xgb_graph,24.2801423442251,8.1767545115835
UGA-fed(KEN+TZA),2007,1,exports_gdp,2008,lgbm_blind,24.2801423442251,7.963346562412731
UGA-fed(KEN+TZA),2007,1,exports_gdp,2008,lgbm_graph,24.2801423442251,12.82847346466003
UGA-fed(KEN+TZA),2007,1,exports_gdp,2008,tft,24.2801423442251,7.963346562412731
UGA-fed(KEN+TZA),2007,3,exports_gdp,2010,persistence,13.8244828747602,2.9005856525921985
UGA-fed(KEN+TZA),2007,3,exports_gdp,2010,arima,13.8244828747602,2.5749132042077
UGA-fed(KEN+TZA),2007,3,exports_gdp,2010,prophet,13.8244828747602,2.4021702947898795
UGA-fed(KEN+TZA),2007,3,exports_gdp,2010,prophet_graph,13.8244828747602,2.7819833331377097
UGA-fed(KEN+TZA),2007,3,exports_gdp,2010,xgb_blind,13.8244828747602,2.5749132042077
UGA-fed(KEN+TZA),2007,3,exports_gdp,2010,xgb_graph,13.8244828747602,2.2014742327837453
UGA-fed(KEN+TZA),2007,3,exports_gdp,2010,lgbm_blind,13.8244828747602,2.5749132042077
UGA-fed(KEN+TZA),2007,3,exports_gdp,2010,lgbm_graph,13.8244828747602,1.9276260581504996
UGA-fed(KEN+TZA),2007,3,exports_gdp,2010,tft,13.8244828747602,2.5749132042077
UGA-fed(KEN+TZA),2007,5,exports_gdp,2012,persistence,15.4917287700064,1.2333397573459983
UGA-fed(KEN+TZA),2007,5,exports_gdp,2012,arima,15.4917287700064,0.9142189936264202
UGA-fed(KEN+TZA),2007,5,exports_gdp,2012,prophet,15.4917287700064,1.6062944288553034
UGA-fed(KEN+TZA),2007,5,exports_gdp,2012,prophet_graph,15.4917287700064,2.531735527430822
UGA-fed(KEN+TZA),2007,5,exports_gdp,2012,xgb_blind,15.4917287700064,0.9142189936264202
UGA-fed(KEN+TZA),2007,5,exports_gdp,2012,xgb_graph,15.4917287700064,2.3535461299307165
UGA-fed(KEN+TZA),2007,5,exports_gdp,2012,lgbm_blind,15.4917287700064,0.9142189936264202
UGA-fed(KEN+TZA),2007,5,exports_gdp,2012,lgbm_graph,15.4917287700064,2.980205890039077
UGA-fed(KEN+TZA),2007,5,exports_gdp,2012,tft,15.4917287700064,0.9142189936264202
UGA-fed(KEN+TZA),2007,10,exports_gdp,2017,persistence,16.6611294211705,0.06393910618189835
UGA-fed(KEN+TZA),2007,10,exports_gdp,2017,arima,16.6611294211705,0.25461622147377483
UGA-fed(KEN+TZA),2007,10,exports_gdp,2017,prophet,16.6611294211705,2.617706166119053
UGA-fed(KEN+TZA),2007,10,exports_gdp,2017,prophet_graph,16.6611294211705,4.9087122866616895
UGA-fed(KEN+TZA),2007,10,exports_gdp,2017,xgb_blind,16.6611294211705,0.25461622147377483
UGA-fed(KEN+TZA),2007,10,exports_gdp,2017,xgb_graph,16.6611294211705,0.40859074014022667
UGA-fed(KEN+TZA),2007,10,exports_gdp,2017,lgbm_blind,16.6611294211705,0.25461622147377483
UGA-fed(KEN+TZA),2007,10,exports_gdp,2017,lgbm_graph,16.6611294211705,3.7053096951802047
UGA-fed(KEN+TZA),2007,10,exports_gdp,2017,tft,16.6611294211705,0.25461622147377483
UGA-fed(KEN+TZA),2007,1,imports_gdp,2008,persistence,31.9781258608383,1.9257777359085004
UGA-fed(KEN+TZA),2007,1,imports_gdp,2008,arima,31.9781258608383,1.9108710448446722
UGA-fed(KEN+TZA),2007,1,imports_gdp,2008,prophet,31.9781258608383,4.920530276082712
UGA-fed(KEN+TZA),2007,1,imports_gdp,2008,prophet_graph,31.9781258608383,2.634172802287228
UGA-fed(KEN+TZA),2007,1,imports_gdp,2008,xgb_blind,31.9781258608383,1.9108710448446722
UGA-fed(KEN+TZA),2007,1,imports_gdp,2008,xgb_graph,31.9781258608383,2.9553826357406443
UGA-fed(KEN+TZA),2007,1,imports_gdp,2008,lgbm_blind,31.9781258608383,1.9108710448446722
UGA-fed(KEN+TZA),2007,1,imports_gdp,2008,lgbm_graph,31.9781258608383,8.572325995115644
UGA-fed(KEN+TZA),2007,1,imports_gdp,2008,tft,31.9781258608383,1.9108710448446722
UGA-fed(KEN+TZA),2007,3,imports_gdp,2010,persistence,24.4447661623689,5.6075819625609
UGA-fed(KEN+TZA),2007,3,imports_gdp,2010,arima,24.4447661623689,5.622620944848105
UGA-fed(KEN+TZA),2007,3,imports_gdp,2010,prophet,24.4447661623689,3.429723654352536
UGA-fed(KEN+TZA),2007,3,imports_gdp,2010,prophet_graph,24.4447661623689,3.0608333527264087
UGA-fed(KEN+TZA),2007,3,imports_gdp,2010,xgb_blind,24.4447661623689,5.622620944848105
UGA-fed(KEN+TZA),2007,3,imports_gdp,2010,xgb_graph,24.4447661623689,4.903841854598873
UGA-fed(KEN+TZA),2007,3,imports_gdp,2010,lgbm_blind,24.4447661623689,5.622620944848105
UGA-fed(KEN+TZA),2007,3,imports_gdp,2010,lgbm_graph,24.4447661623689,1.0001147494050322
UGA-fed(KEN+TZA),2007,3,imports_gdp,2010,tft,24.4447661623689,5.622620944848105
UGA-fed(KEN+TZA),2007,5,imports_gdp,2012,persistence,28.010408369725,2.041939755204801
UGA-fed(KEN+TZA),2007,5,imports_gdp,2012,arima,28.010408369725,2.056978747730188
UGA-fed(KEN+TZA),2007,5,imports_gdp,2012,prophet,28.010408369725,0.679858176592969
UGA-fed(KEN+TZA),2007,5,imports_gdp,2012,prophet_graph,28.010408369725,2.340647550556781
UGA-fed(KEN+TZA),2007,5,imports_gdp,2012,xgb_blind,28.010408369725,2.056978747730188
UGA-fed(KEN+TZA),2007,5,imports_gdp,2012,xgb_graph,28.010408369725,0.8149509747574228
UGA-fed(KEN+TZA),2007,5,imports_gdp,2012,lgbm_blind,28.010408369725,2.056978747730188
UGA-fed(KEN+TZA),2007,5,imports_gdp,2012,lgbm_graph,28.010408369725,4.057051993663926
UGA-fed(KEN+TZA),2007,5,imports_gdp,2012,tft,28.010408369725,2.056978747730188
UGA-fed(KEN+TZA),2007,10,imports_gdp,2017,persistence,20.1759235122395,9.8764246126903
UGA-fed(KEN+TZA),2007,10,imports_gdp,2017,arima,20.1759235122395,9.89146360521648
UGA-fed(KEN+TZA),2007,10,imports_gdp,2017,prophet,20.1759235122395,10.556019862808427
UGA-fed(KEN+TZA),2007,10,imports_gdp,2017,prophet_graph,20.1759235122395,0.8992108720536507
UGA-fed(KEN+TZA),2007,10,imports_gdp,2017,xgb_blind,20.1759235122395,9.89146360521648
UGA-fed(KEN+TZA),2007,10,imports_gdp,2017,xgb_graph,20.1759235122395,9.147438838224367
UGA-fed(KEN+TZA),2007,10,imports_gdp,2017,lgbm_blind,20.1759235122395,9.89146360521648
UGA-fed(KEN+TZA),2007,10,imports_gdp,2017,lgbm_graph,20.1759235122395,5.094206645231203
UGA-fed(KEN+TZA),2007,10,imports_gdp,2017,tft,20.1759235122395,9.89146360521648
UGA-fed(KEN+TZA),2007,1,current_account,2008,persistence,-8.47510327903427,3.74635106218493
UGA-fed(KEN+TZA),2007,1,current_account,2008,arima,-8.47510327903427,3.5766962124977857
UGA-fed(KEN+TZA),2007,1,current_account,2008,prophet,-8.47510327903427,6.607687919350171
UGA-fed(KEN+TZA),2007,1,current_account,2008,prophet_graph,-8.47510327903427,6.528363884671724
UGA-fed(KEN+TZA),2007,1,current_account,2008,xgb_blind,-8.47510327903427,3.5766962124977857
UGA-fed(KEN+TZA),2007,1,current_account,2008,xgb_graph,-8.47510327903427,3.939692874828948
UGA-fed(KEN+TZA),2007,1,current_account,2008,lgbm_blind,-8.47510327903427,3.5766962124977857
UGA-fed(KEN+TZA),2007,1,current_account,2008,lgbm_graph,-8.47510327903427,4.737501733997554
UGA-fed(KEN+TZA),2007,1,current_account,2008,tft,-8.47510327903427,3.5766962124977857
UGA-fed(KEN+TZA),2007,3,current_account,2010,persistence,-6.0351181457015,1.30636592885216
UGA-fed(KEN+TZA),2007,3,current_account,2010,arima,-6.0351181457015,1.115957760665669
UGA-fed(KEN+TZA),2007,3,current_account,2010,prophet,-6.0351181457015,4.58875470653162
UGA-fed(KEN+TZA),2007,3,current_account,2010,prophet_graph,-6.0351181457015,4.961486357958372
UGA-fed(KEN+TZA),2007,3,current_account,2010,xgb_blind,-6.0351181457015,1.115957760665669
UGA-fed(KEN+TZA),2007,3,current_account,2010,xgb_graph,-6.0351181457015,0.9617028663130727
UGA-fed(KEN+TZA),2007,3,current_account,2010,lgbm_blind,-6.0351181457015,1.115957760665669
UGA-fed(KEN+TZA),2007,3,current_account,2010,lgbm_graph,-6.0351181457015,2.3722702630680925
UGA-fed(KEN+TZA),2007,3,current_account,2010,tft,-6.0351181457015,1.115957760665669
UGA-fed(KEN+TZA),2007,5,current_account,2012,persistence,-6.0631263873337,1.3343741704843595
UGA-fed(KEN+TZA),2007,5,current_account,2012,arima,-6.0631263873337,1.1437140381411597
UGA-fed(KEN+TZA),2007,5,current_account,2012,prophet,-6.0631263873337,5.037238874258728
UGA-fed(KEN+TZA),2007,5,current_account,2012,prophet_graph,-6.0631263873337,5.861407804559349
UGA-fed(KEN+TZA),2007,5,current_account,2012,xgb_blind,-6.0631263873337,1.1437140381411597
UGA-fed(KEN+TZA),2007,5,current_account,2012,xgb_graph,-6.0631263873337,4.222451271748373
UGA-fed(KEN+TZA),2007,5,current_account,2012,lgbm_blind,-6.0631263873337,1.1437140381411597
UGA-fed(KEN+TZA),2007,5,current_account,2012,lgbm_graph,-6.0631263873337,2.5813261817579676
UGA-fed(KEN+TZA),2007,5,current_account,2012,tft,-6.0631263873337,1.1437140381411597
UGA-fed(KEN+TZA),2007,10,current_account,2017,persistence,-4.88278660173815,0.15403438488880994
UGA-fed(KEN+TZA),2007,10,current_account,2017,arima,-4.88278660173815,0.03662884407445155
UGA-fed(KEN+TZA),2007,10,current_account,2017,prophet,-4.88278660173815,4.909240892739069
UGA-fed(KEN+TZA),2007,10,current_account,2017,prophet_graph,-4.88278660173815,6.863239834687022
UGA-fed(KEN+TZA),2007,10,current_account,2017,xgb_blind,-4.88278660173815,0.03662884407445155
UGA-fed(KEN+TZA),2007,10,current_account,2017,xgb_graph,-4.88278660173815,0.2666099965135409
UGA-fed(KEN+TZA),2007,10,current_account,2017,lgbm_blind,-4.88278660173815,0.03662884407445155
UGA-fed(KEN+TZA),2007,10,current_account,2017,lgbm_graph,-4.88278660173815,2.2044398521101876
UGA-fed(KEN+TZA),2007,10,current_account,2017,tft,-4.88278660173815,0.03662884407445155
UGA-fed(KEN+TZA),2007,1,real_interest_rate,2008,persistence,13.2429702962502,2.2623467525856
UGA-fed(KEN+TZA),2007,1,real_interest_rate,2008,arima,13.2429702962502,0.24338776575996945
UGA-fed(KEN+TZA),2007,1,real_interest_rate,2008,prophet,13.2429702962502,6.426362923119772
UGA-fed(KEN+TZA),2007,1,real_interest_rate,2008,prophet_graph,13.2429702962502,6.426362923119772
UGA-fed(KEN+TZA),2007,1,real_interest_rate,2008,xgb_blind,13.2429702962502,0.24338776575996945
UGA-fed(KEN+TZA),2007,1,real_interest_rate,2008,xgb_graph,13.2429702962502,0.24338776575996945
UGA-fed(KEN+TZA),2007,1,real_interest_rate,2008,lgbm_blind,13.2429702962502,0.24338776575996945
UGA-fed(KEN+TZA),2007,1,real_interest_rate,2008,lgbm_graph,13.2429702962502,0.24338776575996945
UGA-fed(KEN+TZA),2007,1,real_interest_rate,2008,tft,13.2429702962502,0.24338776575996945
UGA-fed(KEN+TZA),2007,3,real_interest_rate,2010,persistence,13.7612146491897,2.780591105525101
UGA-fed(KEN+TZA),2007,3,real_interest_rate,2010,arima,13.7612146491897,1.249894393132223
UGA-fed(KEN+TZA),2007,3,real_interest_rate,2010,prophet,13.7612146491897,7.74372701012075
UGA-fed(KEN+TZA),2007,3,real_interest_rate,2010,prophet_graph,13.7612146491897,7.74372701012075
UGA-fed(KEN+TZA),2007,3,real_interest_rate,2010,xgb_blind,13.7612146491897,1.249894393132223
UGA-fed(KEN+TZA),2007,3,real_interest_rate,2010,xgb_graph,13.7612146491897,1.249894393132223
UGA-fed(KEN+TZA),2007,3,real_interest_rate,2010,lgbm_blind,13.7612146491897,1.249894393132223
UGA-fed(KEN+TZA),2007,3,real_interest_rate,2010,lgbm_graph,13.7612146491897,1.249894393132223
UGA-fed(KEN+TZA),2007,3,real_interest_rate,2010,tft,13.7612146491897,1.249894393132223
UGA-fed(KEN+TZA),2007,5,real_interest_rate,2012,persistence,21.4880791448606,10.507455601196
UGA-fed(KEN+TZA),2007,5,real_interest_rate,2012,arima,21.4880791448606,9.058699584548805
UGA-fed(KEN+TZA),2007,5,real_interest_rate,2012,prophet,21.4880791448606,1.849959862133229
UGA-fed(KEN+TZA),2007,5,real_interest_rate,2012,prophet_graph,21.4880791448606,1.849959862133229
UGA-fed(KEN+TZA),2007,5,real_interest_rate,2012,xgb_blind,21.4880791448606,9.058699584548805
UGA-fed(KEN+TZA),2007,5,real_interest_rate,2012,xgb_graph,21.4880791448606,9.058699584548805
UGA-fed(KEN+TZA),2007,5,real_interest_rate,2012,lgbm_blind,21.4880791448606,9.058699584548805
UGA-fed(KEN+TZA),2007,5,real_interest_rate,2012,lgbm_graph,21.4880791448606,9.058699584548805
UGA-fed(KEN+TZA),2007,5,real_interest_rate,2012,tft,21.4880791448606,9.058699584548805
UGA-fed(KEN+TZA),2007,10,real_interest_rate,2017,persistence,15.8908471114542,4.9102235677896005
UGA-fed(KEN+TZA),2007,10,real_interest_rate,2017,arima,15.8908471114542,3.478182746082945
UGA-fed(KEN+TZA),2007,10,real_interest_rate,2017,prophet,15.8908471114542,12.03495744926228
UGA-fed(KEN+TZA),2007,10,real_interest_rate,2017,prophet_graph,15.8908471114542,12.03495744926228
UGA-fed(KEN+TZA),2007,10,real_interest_rate,2017,xgb_blind,15.8908471114542,3.478182746082945
UGA-fed(KEN+TZA),2007,10,real_interest_rate,2017,xgb_graph,15.8908471114542,3.478182746082945
UGA-fed(KEN+TZA),2007,10,real_interest_rate,2017,lgbm_blind,15.8908471114542,3.478182746082945
UGA-fed(KEN+TZA),2007,10,real_interest_rate,2017,lgbm_graph,15.8908471114542,3.478182746082945
UGA-fed(KEN+TZA),2007,10,real_interest_rate,2017,tft,15.8908471114542,3.478182746082945
UGA-fed(KEN+TZA),2007,1,broad_money,2008,persistence,23.6176766205558,2.7422236384454024
UGA-fed(KEN+TZA),2007,1,broad_money,2008,arima,23.6176766205558,2.6645076010561795
UGA-fed(KEN+TZA),2007,1,broad_money,2008,prophet,23.6176766205558,1.6851056811988698
UGA-fed(KEN+TZA),2007,1,broad_money,2008,prophet_graph,23.6176766205558,3.0991718283305687
UGA-fed(KEN+TZA),2007,1,broad_money,2008,xgb_blind,23.6176766205558,2.6645076010561795
UGA-fed(KEN+TZA),2007,1,broad_money,2008,xgb_graph,23.6176766205558,4.223566894603653
UGA-fed(KEN+TZA),2007,1,broad_money,2008,lgbm_blind,23.6176766205558,2.6645076010561795
UGA-fed(KEN+TZA),2007,1,broad_money,2008,lgbm_graph,23.6176766205558,8.400407340178246
UGA-fed(KEN+TZA),2007,1,broad_money,2008,tft,23.6176766205558,2.6645076010561795
UGA-fed(KEN+TZA),2007,3,broad_money,2010,persistence,17.3447697728192,3.530683209291201
UGA-fed(KEN+TZA),2007,3,broad_money,2010,arima,17.3447697728192,3.6151900829994688
UGA-fed(KEN+TZA),2007,3,broad_money,2010,prophet,17.3447697728192,6.0916148955257725
UGA-fed(KEN+TZA),2007,3,broad_money,2010,prophet_graph,17.3447697728192,4.372970585548522
UGA-fed(KEN+TZA),2007,3,broad_money,2010,xgb_blind,17.3447697728192,3.6151900829994688
UGA-fed(KEN+TZA),2007,3,broad_money,2010,xgb_graph,17.3447697728192,3.007094088264786
UGA-fed(KEN+TZA),2007,3,broad_money,2010,lgbm_blind,17.3447697728192,3.6151900829994688
UGA-fed(KEN+TZA),2007,3,broad_money,2010,lgbm_graph,17.3447697728192,1.316740076672552
UGA-fed(KEN+TZA),2007,3,broad_money,2010,tft,17.3447697728192,3.6151900829994688
UGA-fed(KEN+TZA),2007,5,broad_money,2012,persistence,17.5610483784277,3.3144046036827
UGA-fed(KEN+TZA),2007,5,broad_money,2012,arima,17.5610483784277,3.3989558609585053
UGA-fed(KEN+TZA),2007,5,broad_money,2012,prophet,17.5610483784277,7.377092818181669
UGA-fed(KEN+TZA),2007,5,broad_money,2012,prophet_graph,17.5610483784277,5.354287004952354
UGA-fed(KEN+TZA),2007,5,broad_money,2012,xgb_blind,17.5610483784277,3.3989558609585053
UGA-fed(KEN+TZA),2007,5,broad_money,2012,xgb_graph,17.5610483784277,2.5710717540185897
UGA-fed(KEN+TZA),2007,5,broad_money,2012,lgbm_blind,17.5610483784277,3.3989558609585053
UGA-fed(KEN+TZA),2007,5,broad_money,2012,lgbm_graph,17.5610483784277,0.8767073879210123
UGA-fed(KEN+TZA),2007,5,broad_money,2012,tft,17.5610483784277,3.3989558609585053
UGA-fed(KEN+TZA),2007,10,broad_money,2017,persistence,19.9186068571647,0.9568461249456988
UGA-fed(KEN+TZA),2007,10,broad_money,2017,arima,19.9186068571647,1.0413976742111366
UGA-fed(KEN+TZA),2007,10,broad_money,2017,prophet,19.9186068571647,8.778040061552943
UGA-fed(KEN+TZA),2007,10,broad_money,2017,prophet_graph,19.9186068571647,5.9939971710064945
UGA-fed(KEN+TZA),2007,10,broad_money,2017,xgb_blind,19.9186068571647,1.0413976742111366
UGA-fed(KEN+TZA),2007,10,broad_money,2017,xgb_graph,19.9186068571647,0.17405023206869785
UGA-fed(KEN+TZA),2007,10,broad_money,2017,lgbm_blind,19.9186068571647,1.0413976742111366
UGA-fed(KEN+TZA),2007,10,broad_money,2017,lgbm_graph,19.9186068571647,1.401851276262601
UGA-fed(KEN+TZA),2007,10,broad_money,2017,tft,19.9186068571647,1.0413976742111366
UGA-fed(KEN+TZA),2007,1,govt_consumption,2008,persistence,11.2108868131021,1.6821479974754006
UGA-fed(KEN+TZA),2007,1,govt_consumption,2008,arima,11.2108868131021,1.304395007872035
UGA-fed(KEN+TZA),2007,1,govt_consumption,2008,prophet,11.2108868131021,5.048704940084505
UGA-fed(KEN+TZA),2007,1,govt_consumption,2008,prophet_graph,11.2108868131021,2.2783602409991666
UGA-fed(KEN+TZA),2007,1,govt_consumption,2008,xgb_blind,11.2108868131021,1.304395007872035
UGA-fed(KEN+TZA),2007,1,govt_consumption,2008,xgb_graph,11.2108868131021,1.9905597201010252
UGA-fed(KEN+TZA),2007,1,govt_consumption,2008,lgbm_blind,11.2108868131021,1.304395007872035
UGA-fed(KEN+TZA),2007,1,govt_consumption,2008,lgbm_graph,11.2108868131021,1.8096503950062406
UGA-fed(KEN+TZA),2007,1,govt_consumption,2008,tft,11.2108868131021,1.304395007872035
UGA-fed(KEN+TZA),2007,3,govt_consumption,2010,persistence,8.27345406223707,4.6195807483404305
UGA-fed(KEN+TZA),2007,3,govt_consumption,2010,arima,8.27345406223707,4.086964150195204
UGA-fed(KEN+TZA),2007,3,govt_consumption,2010,prophet,8.27345406223707,8.733189150736157
UGA-fed(KEN+TZA),2007,3,govt_consumption,2010,prophet_graph,8.27345406223707,6.192174075302786
UGA-fed(KEN+TZA),2007,3,govt_consumption,2010,xgb_blind,8.27345406223707,4.086964150195204
UGA-fed(KEN+TZA),2007,3,govt_consumption,2010,xgb_graph,8.27345406223707,5.53365100215502
UGA-fed(KEN+TZA),2007,3,govt_consumption,2010,lgbm_blind,8.27345406223707,4.086964150195204
UGA-fed(KEN+TZA),2007,3,govt_consumption,2010,lgbm_graph,8.27345406223707,5.250016689207429
UGA-fed(KEN+TZA),2007,3,govt_consumption,2010,tft,8.27345406223707,4.086964150195204
UGA-fed(KEN+TZA),2007,5,govt_consumption,2012,persistence,7.59446464218355,5.29857016839395
UGA-fed(KEN+TZA),2007,5,govt_consumption,2012,arima,7.59446464218355,4.750841859926616
UGA-fed(KEN+TZA),2007,5,govt_consumption,2012,prophet,7.59446464218355,10.15820807235498
UGA-fed(KEN+TZA),2007,5,govt_consumption,2012,prophet_graph,7.59446464218355,7.846208900158181
UGA-fed(KEN+TZA),2007,5,govt_consumption,2012,xgb_blind,7.59446464218355,4.750841859926616
UGA-fed(KEN+TZA),2007,5,govt_consumption,2012,xgb_graph,7.59446464218355,5.426931041105024
UGA-fed(KEN+TZA),2007,5,govt_consumption,2012,lgbm_blind,7.59446464218355,4.750841859926616
UGA-fed(KEN+TZA),2007,5,govt_consumption,2012,lgbm_graph,7.59446464218355,6.248328382319717
UGA-fed(KEN+TZA),2007,5,govt_consumption,2012,tft,7.59446464218355,4.750841859926616
UGA-fed(KEN+TZA),2007,10,govt_consumption,2017,persistence,8.00943502980076,4.8835997807767395
UGA-fed(KEN+TZA),2007,10,govt_consumption,2017,arima,8.00943502980076,4.33424226706121
UGA-fed(KEN+TZA),2007,10,govt_consumption,2017,prophet,8.00943502980076,11.610355355093672
UGA-fed(KEN+TZA),2007,10,govt_consumption,2017,prophet_graph,8.00943502980076,9.871523381819083
UGA-fed(KEN+TZA),2007,10,govt_consumption,2017,xgb_blind,8.00943502980076,4.33424226706121
UGA-fed(KEN+TZA),2007,10,govt_consumption,2017,xgb_graph,8.00943502980076,5.0767427961269735
UGA-fed(KEN+TZA),2007,10,govt_consumption,2017,lgbm_blind,8.00943502980076,4.33424226706121
UGA-fed(KEN+TZA),2007,10,govt_consumption,2017,lgbm_graph,8.00943502980076,6.740453032676351
UGA-fed(KEN+TZA),2007,10,govt_consumption,2017,tft,8.00943502980076,4.33424226706121
UGA-fed(KEN+TZA),2008,1,gdp_growth,2009,persistence,6.80151734860395,1.9072345529410395
UGA-fed(KEN+TZA),2008,1,gdp_growth,2009,arima,6.80151734860395,1.7841415500558995
UGA-fed(KEN+TZA),2008,1,gdp_growth,2009,prophet,6.80151734860395,1.3016597858350938
UGA-fed(KEN+TZA),2008,1,gdp_growth,2009,prophet_graph,6.80151734860395,3.0421950080344047
UGA-fed(KEN+TZA),2008,1,gdp_growth,2009,xgb_blind,6.80151734860395,1.7841415500558995
UGA-fed(KEN+TZA),2008,1,gdp_growth,2009,xgb_graph,6.80151734860395,1.7751161047651909
UGA-fed(KEN+TZA),2008,1,gdp_growth,2009,lgbm_blind,6.80151734860395,1.7841415500558995
UGA-fed(KEN+TZA),2008,1,gdp_growth,2009,lgbm_graph,6.80151734860395,0.2503820183046539
UGA-fed(KEN+TZA),2008,1,gdp_growth,2009,tft,6.80151734860395,1.7841415500558995
UGA-fed(KEN+TZA),2008,3,gdp_growth,2011,persistence,9.3916554927176,0.6829035911726109
UGA-fed(KEN+TZA),2008,3,gdp_growth,2011,arima,9.3916554927176,0.7761043952455164
UGA-fed(KEN+TZA),2008,3,gdp_growth,2011,prophet,9.3916554927176,1.0716416117005814
UGA-fed(KEN+TZA),2008,3,gdp_growth,2011,prophet_graph,9.3916554927176,0.27017241901945255
UGA-fed(KEN+TZA),2008,3,gdp_growth,2011,xgb_blind,9.3916554927176,0.7761043952455164
UGA-fed(KEN+TZA),2008,3,gdp_growth,2011,xgb_graph,9.3916554927176,0.3797602177316186
UGA-fed(KEN+TZA),2008,3,gdp_growth,2011,lgbm_blind,9.3916554927176,0.7761043952455164
UGA-fed(KEN+TZA),2008,3,gdp_growth,2011,lgbm_graph,9.3916554927176,2.0190469651764396
UGA-fed(KEN+TZA),2008,3,gdp_growth,2011,tft,9.3916554927176,0.7761043952455164
UGA-fed(KEN+TZA),2008,5,gdp_growth,2013,persistence,3.58690582623025,5.121846075314739
UGA-fed(KEN+TZA),2008,5,gdp_growth,2013,arima,3.58690582623025,5.033803317887969
UGA-fed(KEN+TZA),2008,5,gdp_growth,2013,prophet,3.58690582623025,4.950241838003889
UGA-fed(KEN+TZA),2008,5,gdp_growth,2013,prophet_graph,3.58690582623025,5.892788483831662
UGA-fed(KEN+TZA),2008,5,gdp_growth,2013,xgb_blind,3.58690582623025,5.033803317887969
UGA-fed(KEN+TZA),2008,5,gdp_growth,2013,xgb_graph,3.58690582623025,4.844848286013402
UGA-fed(KEN+TZA),2008,5,gdp_growth,2013,lgbm_blind,3.58690582623025,5.033803317887969
UGA-fed(KEN+TZA),2008,5,gdp_growth,2013,lgbm_graph,3.58690582623025,3.7867947414239516
UGA-fed(KEN+TZA),2008,5,gdp_growth,2013,tft,3.58690582623025,5.033803317887969
UGA-fed(KEN+TZA),2008,10,gdp_growth,2018,persistence,6.30392378262997,2.4048281189150194
UGA-fed(KEN+TZA),2008,10,gdp_growth,2018,arima,6.30392378262997,2.3178743220311153
UGA-fed(KEN+TZA),2008,10,gdp_growth,2018,prophet,6.30392378262997,2.775612784688252
UGA-fed(KEN+TZA),2008,10,gdp_growth,2018,prophet_graph,6.30392378262997,2.720810258404849
UGA-fed(KEN+TZA),2008,10,gdp_growth,2018,xgb_blind,6.30392378262997,2.3178743220311153
UGA-fed(KEN+TZA),2008,10,gdp_growth,2018,xgb_graph,6.30392378262997,3.33958322115421
UGA-fed(KEN+TZA),2008,10,gdp_growth,2018,lgbm_blind,6.30392378262997,2.3178743220311153
UGA-fed(KEN+TZA),2008,10,gdp_growth,2018,lgbm_graph,6.30392378262997,0.8713243899181125
UGA-fed(KEN+TZA),2008,10,gdp_growth,2018,tft,6.30392378262997,2.3178743220311153
UGA-fed(KEN+TZA),2008,1,unemployment,2009,persistence,3.6,0.565
UGA-fed(KEN+TZA),2008,1,unemployment,2009,arima,3.6,0.4444274768836465
UGA-fed(KEN+TZA),2008,1,unemployment,2009,prophet,3.6,0.9189488231585159
UGA-fed(KEN+TZA),2008,1,unemployment,2009,prophet_graph,3.6,0.9189488231585159
UGA-fed(KEN+TZA),2008,1,unemployment,2009,xgb_blind,3.6,0.4444274768836465
UGA-fed(KEN+TZA),2008,1,unemployment,2009,xgb_graph,3.6,0.4444274768836465
UGA-fed(KEN+TZA),2008,1,unemployment,2009,lgbm_blind,3.6,0.4444274768836465
UGA-fed(KEN+TZA),2008,1,unemployment,2009,lgbm_graph,3.6,0.4444274768836465
UGA-fed(KEN+TZA),2008,1,unemployment,2009,tft,3.6,0.4444274768836465
UGA-fed(KEN+TZA),2008,3,unemployment,2011,persistence,3.523,0.488
UGA-fed(KEN+TZA),2008,3,unemployment,2011,arima,3.523,0.314979335832243
UGA-fed(KEN+TZA),2008,3,unemployment,2011,prophet,3.523,0.9432303762174445
UGA-fed(KEN+TZA),2008,3,unemployment,2011,prophet_graph,3.523,0.9432303762174445
UGA-fed(KEN+TZA),2008,3,unemployment,2011,xgb_blind,3.523,0.314979335832243
UGA-fed(KEN+TZA),2008,3,unemployment,2011,xgb_graph,3.523,0.314979335832243
UGA-fed(KEN+TZA),2008,3,unemployment,2011,lgbm_blind,3.523,0.314979335832243
UGA-fed(KEN+TZA),2008,3,unemployment,2011,lgbm_graph,3.523,0.314979335832243
UGA-fed(KEN+TZA),2008,3,unemployment,2011,tft,3.523,0.314979335832243
UGA-fed(KEN+TZA),2008,5,unemployment,2013,persistence,1.91,1.1250000000000002
UGA-fed(KEN+TZA),2008,5,unemployment,2013,arima,1.91,1.3036509593022483
UGA-fed(KEN+TZA),2008,5,unemployment,2013,prophet,1.91,0.5683493288701216
UGA-fed(KEN+TZA),2008,5,unemployment,2013,prophet_graph,1.91,0.5683493288701216
UGA-fed(KEN+TZA),2008,5,unemployment,2013,xgb_blind,1.91,1.3036509593022483
UGA-fed(KEN+TZA),2008,5,unemployment,2013,xgb_graph,1.91,1.3036509593022483
UGA-fed(KEN+TZA),2008,5,unemployment,2013,lgbm_blind,1.91,1.3036509593022483
UGA-fed(KEN+TZA),2008,5,unemployment,2013,lgbm_graph,1.91,1.3036509593022483
UGA-fed(KEN+TZA),2008,5,unemployment,2013,tft,1.91,1.3036509593022483
UGA-fed(KEN+TZA),2008,10,unemployment,2018,persistence,3.249,0.21399999999999997
UGA-fed(KEN+TZA),2008,10,unemployment,2018,arima,3.249,0.034674500237284356
UGA-fed(KEN+TZA),2008,10,unemployment,2018,prophet,3.249,1.0239932956307052
UGA-fed(KEN+TZA),2008,10,unemployment,2018,prophet_graph,3.249,1.0239932956307052
UGA-fed(KEN+TZA),2008,10,unemployment,2018,xgb_blind,3.249,0.034674500237284356
UGA-fed(KEN+TZA),2008,10,unemployment,2018,xgb_graph,3.249,0.034674500237284356
UGA-fed(KEN+TZA),2008,10,unemployment,2018,lgbm_blind,3.249,0.034674500237284356
UGA-fed(KEN+TZA),2008,10,unemployment,2018,lgbm_graph,3.249,0.034674500237284356
UGA-fed(KEN+TZA),2008,10,unemployment,2018,tft,3.249,0.034674500237284356
UGA-fed(KEN+TZA),2008,1,exports_gdp,2009,persistence,18.6135663082242,5.666576036000901
UGA-fed(KEN+TZA),2008,1,exports_gdp,2009,arima,18.6135663082242,5.212817536094896
UGA-fed(KEN+TZA),2008,1,exports_gdp,2009,prophet,18.6135663082242,0.9379141558857711
UGA-fed(KEN+TZA),2008,1,exports_gdp,2009,prophet_graph,18.6135663082242,0.4053153837840888
UGA-fed(KEN+TZA),2008,1,exports_gdp,2009,xgb_blind,18.6135663082242,5.212817536094896
UGA-fed(KEN+TZA),2008,1,exports_gdp,2009,xgb_graph,18.6135663082242,4.274010748660565
UGA-fed(KEN+TZA),2008,1,exports_gdp,2009,lgbm_blind,18.6135663082242,5.212817536094896
UGA-fed(KEN+TZA),2008,1,exports_gdp,2009,lgbm_graph,18.6135663082242,6.449204486943614
UGA-fed(KEN+TZA),2008,1,exports_gdp,2009,tft,18.6135663082242,5.212817536094896
UGA-fed(KEN+TZA),2008,3,exports_gdp,2011,persistence,12.8557239406741,11.424418403551002
UGA-fed(KEN+TZA),2008,3,exports_gdp,2011,arima,12.8557239406741,10.996275880359303
UGA-fed(KEN+TZA),2008,3,exports_gdp,2011,prophet,12.8557239406741,5.9726788123887005
UGA-fed(KEN+TZA),2008,3,exports_gdp,2011,prophet_graph,12.8557239406741,5.5031016243093624
UGA-fed(KEN+TZA),2008,3,exports_gdp,2011,xgb_blind,12.8557239406741,10.996275880359303
UGA-fed(KEN+TZA),2008,3,exports_gdp,2011,xgb_graph,12.8557239406741,10.13580552404758
UGA-fed(KEN+TZA),2008,3,exports_gdp,2011,lgbm_blind,12.8557239406741,10.996275880359303
UGA-fed(KEN+TZA),2008,3,exports_gdp,2011,lgbm_graph,12.8557239406741,0.1849118106997345
UGA-fed(KEN+TZA),2008,3,exports_gdp,2011,tft,12.8557239406741,10.996275880359303
UGA-fed(KEN+TZA),2008,5,exports_gdp,2013,persistence,16.5130356713113,7.767106672913801
UGA-fed(KEN+TZA),2008,5,exports_gdp,2013,arima,16.5130356713113,7.339056552077686
UGA-fed(KEN+TZA),2008,5,exports_gdp,2013,prophet,16.5130356713113,3.46969679288782
UGA-fed(KEN+TZA),2008,5,exports_gdp,2013,prophet_graph,16.5130356713113,1.1848295801719644
UGA-fed(KEN+TZA),2008,5,exports_gdp,2013,xgb_blind,16.5130356713113,7.339056552077686
UGA-fed(KEN+TZA),2008,5,exports_gdp,2013,xgb_graph,16.5130356713113,6.608517749709208
UGA-fed(KEN+TZA),2008,5,exports_gdp,2013,lgbm_blind,16.5130356713113,7.339056552077686
UGA-fed(KEN+TZA),2008,5,exports_gdp,2013,lgbm_graph,16.5130356713113,3.160897152024191
UGA-fed(KEN+TZA),2008,5,exports_gdp,2013,tft,16.5130356713113,7.339056552077686
UGA-fed(KEN+TZA),2008,10,exports_gdp,2018,persistence,15.0870530611511,9.193089283074002
UGA-fed(KEN+TZA),2008,10,exports_gdp,2018,arima,15.0870530611511,8.765039496760075
UGA-fed(KEN+TZA),2008,10,exports_gdp,2018,prophet,15.0870530611511,7.7791350152709065
UGA-fed(KEN+TZA),2008,10,exports_gdp,2018,prophet_graph,15.0870530611511,0.9597676862947289
UGA-fed(KEN+TZA),2008,10,exports_gdp,2018,xgb_blind,15.0870530611511,8.765039496760075
UGA-fed(KEN+TZA),2008,10,exports_gdp,2018,xgb_graph,15.0870530611511,7.95717644629519
UGA-fed(KEN+TZA),2008,10,exports_gdp,2018,lgbm_blind,15.0870530611511,8.765039496760075
UGA-fed(KEN+TZA),2008,10,exports_gdp,2018,lgbm_graph,15.0870530611511,0.8729753235547992
UGA-fed(KEN+TZA),2008,10,exports_gdp,2018,tft,15.0870530611511,8.765039496760075
UGA-fed(KEN+TZA),2008,1,imports_gdp,2009,persistence,28.4503117666136,3.527814094224702
UGA-fed(KEN+TZA),2008,1,imports_gdp,2009,arima,28.4503117666136,3.6176175801762263
UGA-fed(KEN+TZA),2008,1,imports_gdp,2009,prophet,28.4503117666136,0.0659961214827618
UGA-fed(KEN+TZA),2008,1,imports_gdp,2009,prophet_graph,28.4503117666136,3.4032669464004393
UGA-fed(KEN+TZA),2008,1,imports_gdp,2009,xgb_blind,28.4503117666136,3.6176175801762263
UGA-fed(KEN+TZA),2008,1,imports_gdp,2009,xgb_graph,28.4503117666136,2.5957392587770265
UGA-fed(KEN+TZA),2008,1,imports_gdp,2009,lgbm_blind,28.4503117666136,3.6176175801762263
UGA-fed(KEN+TZA),2008,1,imports_gdp,2009,lgbm_graph,28.4503117666136,4.56827153088226
UGA-fed(KEN+TZA),2008,1,imports_gdp,2009,tft,28.4503117666136,3.6176175801762263
UGA-fed(KEN+TZA),2008,3,imports_gdp,2011,persistence,26.899501619938,5.0786242409003
UGA-fed(KEN+TZA),2008,3,imports_gdp,2011,arima,26.899501619938,5.172810756124171
UGA-fed(KEN+TZA),2008,3,imports_gdp,2011,prophet,26.899501619938,2.5910700960143345
UGA-fed(KEN+TZA),2008,3,imports_gdp,2011,prophet_graph,26.899501619938,3.9800092996513534
UGA-fed(KEN+TZA),2008,3,imports_gdp,2011,xgb_blind,26.899501619938,5.172810756124171
UGA-fed(KEN+TZA),2008,3,imports_gdp,2011,xgb_graph,26.899501619938,4.17664355218114
UGA-fed(KEN+TZA),2008,3,imports_gdp,2011,lgbm_blind,26.899501619938,5.172810756124171
UGA-fed(KEN+TZA),2008,3,imports_gdp,2011,lgbm_graph,26.899501619938,2.9215080124169432
UGA-fed(KEN+TZA),2008,3,imports_gdp,2011,tft,26.899501619938,5.172810756124171
UGA-fed(KEN+TZA),2008,5,imports_gdp,2013,persistence,26.5961192021574,5.382006658680901
UGA-fed(KEN+TZA),2008,5,imports_gdp,2013,arima,26.5961192021574,5.476202705123551
UGA-fed(KEN+TZA),2008,5,imports_gdp,2013,prophet,26.5961192021574,3.870050949634269
UGA-fed(KEN+TZA),2008,5,imports_gdp,2013,prophet_graph,26.5961192021574,3.307989584564222
UGA-fed(KEN+TZA),2008,5,imports_gdp,2013,xgb_blind,26.5961192021574,5.476202705123551
UGA-fed(KEN+TZA),2008,5,imports_gdp,2013,xgb_graph,26.5961192021574,3.764243804434397
UGA-fed(KEN+TZA),2008,5,imports_gdp,2013,lgbm_blind,26.5961192021574,5.476202705123551
UGA-fed(KEN+TZA),2008,5,imports_gdp,2013,lgbm_graph,26.5961192021574,2.0695649582521973
UGA-fed(KEN+TZA),2008,5,imports_gdp,2013,tft,26.5961192021574,5.476202705123551
UGA-fed(KEN+TZA),2008,10,imports_gdp,2018,persistence,21.5513525388056,10.426773322032702
UGA-fed(KEN+TZA),2008,10,imports_gdp,2018,arima,21.5513525388056,10.520969389246861
UGA-fed(KEN+TZA),2008,10,imports_gdp,2018,prophet,21.5513525388056,11.351811790609364
UGA-fed(KEN+TZA),2008,10,imports_gdp,2018,prophet_graph,21.5513525388056,5.916252424911267
UGA-fed(KEN+TZA),2008,10,imports_gdp,2018,xgb_blind,21.5513525388056,10.520969389246861
UGA-fed(KEN+TZA),2008,10,imports_gdp,2018,xgb_graph,21.5513525388056,9.641966781873112
UGA-fed(KEN+TZA),2008,10,imports_gdp,2018,lgbm_blind,21.5513525388056,10.520969389246861
UGA-fed(KEN+TZA),2008,10,imports_gdp,2018,lgbm_graph,21.5513525388056,4.4641105484882395
UGA-fed(KEN+TZA),2008,10,imports_gdp,2018,tft,21.5513525388056,10.520969389246861
UGA-fed(KEN+TZA),2008,1,current_account,2009,persistence,-4.1708492322474,4.304254046786871
UGA-fed(KEN+TZA),2008,1,current_account,2009,arima,-4.1708492322474,5.170658756728325
UGA-fed(KEN+TZA),2008,1,current_account,2009,prophet,-4.1708492322474,1.1313342352630111
UGA-fed(KEN+TZA),2008,1,current_account,2009,prophet_graph,-4.1708492322474,1.3582043554545145
UGA-fed(KEN+TZA),2008,1,current_account,2009,xgb_blind,-4.1708492322474,5.170658756728325
UGA-fed(KEN+TZA),2008,1,current_account,2009,xgb_graph,-4.1708492322474,2.4960909800023563
UGA-fed(KEN+TZA),2008,1,current_account,2009,lgbm_blind,-4.1708492322474,5.170658756728325
UGA-fed(KEN+TZA),2008,1,current_account,2009,lgbm_graph,-4.1708492322474,0.17005314091850732
UGA-fed(KEN+TZA),2008,1,current_account,2009,tft,-4.1708492322474,5.170658756728325
UGA-fed(KEN+TZA),2008,3,current_account,2011,persistence,-7.48878445953833,0.9863188194959402
UGA-fed(KEN+TZA),2008,3,current_account,2011,arima,-7.48878445953833,2.099432605374872
UGA-fed(KEN+TZA),2008,3,current_account,2011,prophet,-7.48878445953833,4.662253684129797
UGA-fed(KEN+TZA),2008,3,current_account,2011,prophet_graph,-7.48878445953833,4.180768061384235
UGA-fed(KEN+TZA),2008,3,current_account,2011,xgb_blind,-7.48878445953833,2.099432605374872
UGA-fed(KEN+TZA),2008,3,current_account,2011,xgb_graph,-7.48878445953833,1.5496775183151854
UGA-fed(KEN+TZA),2008,3,current_account,2011,lgbm_blind,-7.48878445953833,2.099432605374872
UGA-fed(KEN+TZA),2008,3,current_account,2011,lgbm_graph,-7.48878445953833,3.5251706084260164
UGA-fed(KEN+TZA),2008,3,current_account,2011,tft,-7.48878445953833,2.099432605374872
UGA-fed(KEN+TZA),2008,5,current_account,2013,persistence,-6.05719389968621,2.4179093793480604
UGA-fed(KEN+TZA),2008,5,current_account,2013,arima,-6.05719389968621,3.5442181773101638
UGA-fed(KEN+TZA),2008,5,current_account,2013,prophet,-6.05719389968621,3.4439391050611703
UGA-fed(KEN+TZA),2008,5,current_account,2013,prophet_graph,-6.05719389968621,4.973257207777937
UGA-fed(KEN+TZA),2008,5,current_account,2013,xgb_blind,-6.05719389968621,3.5442181773101638
UGA-fed(KEN+TZA),2008,5,current_account,2013,xgb_graph,-6.05719389968621,0.009014750058524257
UGA-fed(KEN+TZA),2008,5,current_account,2013,lgbm_blind,-6.05719389968621,3.5442181773101638
UGA-fed(KEN+TZA),2008,5,current_account,2013,lgbm_graph,-6.05719389968621,2.218729181773323
UGA-fed(KEN+TZA),2008,5,current_account,2013,tft,-6.05719389968621,3.5442181773101638
UGA-fed(KEN+TZA),2008,10,current_account,2018,persistence,-6.32983605256251,2.14526722647176
UGA-fed(KEN+TZA),2008,10,current_account,2018,arima,-6.32983605256251,3.2723211322868826
UGA-fed(KEN+TZA),2008,10,current_account,2018,prophet,-6.32983605256251,4.2493335710847475
UGA-fed(KEN+TZA),2008,10,current_account,2018,prophet_graph,-6.32983605256251,10.801534851221792
UGA-fed(KEN+TZA),2008,10,current_account,2018,xgb_blind,-6.32983605256251,3.2723211322868826
UGA-fed(KEN+TZA),2008,10,current_account,2018,xgb_graph,-6.32983605256251,0.7258585275156149
UGA-fed(KEN+TZA),2008,10,current_account,2018,lgbm_blind,-6.32983605256251,3.2723211322868826
UGA-fed(KEN+TZA),2008,10,current_account,2018,lgbm_graph,-6.32983605256251,3.0074052330825545
UGA-fed(KEN+TZA),2008,10,current_account,2018,tft,-6.32983605256251,3.2723211322868826
UGA-fed(KEN+TZA),2008,1,real_interest_rate,2009,persistence,-34.7434429588376,47.9864132550878
UGA-fed(KEN+TZA),2008,1,real_interest_rate,2009,arima,-34.7434429588376,47.054792224054715
UGA-fed(KEN+TZA),2008,1,real_interest_rate,2009,prophet,-34.7434429588376,53.91070131811094
UGA-fed(KEN+TZA),2008,1,real_interest_rate,2009,prophet_graph,-34.7434429588376,53.91070131811094
UGA-fed(KEN+TZA),2008,1,real_interest_rate,2009,xgb_blind,-34.7434429588376,47.054792224054715
UGA-fed(KEN+TZA),2008,1,real_interest_rate,2009,xgb_graph,-34.7434429588376,47.054792224054715
UGA-fed(KEN+TZA),2008,1,real_interest_rate,2009,lgbm_blind,-34.7434429588376,47.054792224054715
UGA-fed(KEN+TZA),2008,1,real_interest_rate,2009,lgbm_graph,-34.7434429588376,47.054792224054715
UGA-fed(KEN+TZA),2008,1,real_interest_rate,2009,tft,-34.7434429588376,47.054792224054715
UGA-fed(KEN+TZA),2008,3,real_interest_rate,2011,persistence,11.3734989307615,1.8694713654886996
UGA-fed(KEN+TZA),2008,3,real_interest_rate,2011,arima,11.3734989307615,1.1635073179929911
UGA-fed(KEN+TZA),2008,3,real_interest_rate,2011,prophet,11.3734989307615,9.420364027771
UGA-fed(KEN+TZA),2008,3,real_interest_rate,2011,prophet_graph,11.3734989307615,9.420364027771
UGA-fed(KEN+TZA),2008,3,real_interest_rate,2011,xgb_blind,11.3734989307615,1.1635073179929911
UGA-fed(KEN+TZA),2008,3,real_interest_rate,2011,xgb_graph,11.3734989307615,1.1635073179929911
UGA-fed(KEN+TZA),2008,3,real_interest_rate,2011,lgbm_blind,11.3734989307615,1.1635073179929911
UGA-fed(KEN+TZA),2008,3,real_interest_rate,2011,lgbm_graph,11.3734989307615,1.1635073179929911
UGA-fed(KEN+TZA),2008,3,real_interest_rate,2011,tft,11.3734989307615,1.1635073179929911
UGA-fed(KEN+TZA),2008,5,real_interest_rate,2013,persistence,19.0146300185037,5.771659722253499
UGA-fed(KEN+TZA),2008,5,real_interest_rate,2013,arima,19.0146300185037,6.439358127630426
UGA-fed(KEN+TZA),2008,5,real_interest_rate,2013,prophet,19.0146300185037,3.4080657647663912
UGA-fed(KEN+TZA),2008,5,real_interest_rate,2013,prophet_graph,19.0146300185037,3.4080657647663912
UGA-fed(KEN+TZA),2008,5,real_interest_rate,2013,xgb_blind,19.0146300185037,6.439358127630426
UGA-fed(KEN+TZA),2008,5,real_interest_rate,2013,xgb_graph,19.0146300185037,6.439358127630426
UGA-fed(KEN+TZA),2008,5,real_interest_rate,2013,lgbm_blind,19.0146300185037,6.439358127630426
UGA-fed(KEN+TZA),2008,5,real_interest_rate,2013,lgbm_graph,19.0146300185037,6.439358127630426
UGA-fed(KEN+TZA),2008,5,real_interest_rate,2013,tft,19.0146300185037,6.439358127630426
UGA-fed(KEN+TZA),2008,10,real_interest_rate,2018,persistence,14.7478688039364,1.5048985076862014
UGA-fed(KEN+TZA),2008,10,real_interest_rate,2018,arima,14.7478688039364,2.1646904743918878
UGA-fed(KEN+TZA),2008,10,real_interest_rate,2018,prophet,14.7478688039364,11.743566702960019
UGA-fed(KEN+TZA),2008,10,real_interest_rate,2018,prophet_graph,14.7478688039364,11.743566702960019
UGA-fed(KEN+TZA),2008,10,real_interest_rate,2018,xgb_blind,14.7478688039364,2.1646904743918878
UGA-fed(KEN+TZA),2008,10,real_interest_rate,2018,xgb_graph,14.7478688039364,2.1646904743918878
UGA-fed(KEN+TZA),2008,10,real_interest_rate,2018,lgbm_blind,14.7478688039364,2.1646904743918878
UGA-fed(KEN+TZA),2008,10,real_interest_rate,2018,lgbm_graph,14.7478688039364,2.1646904743918878
UGA-fed(KEN+TZA),2008,10,real_interest_rate,2018,tft,14.7478688039364,2.1646904743918878
UGA-fed(KEN+TZA),2008,1,broad_money,2009,persistence,14.0172749693774,9.600401651178402
UGA-fed(KEN+TZA),2008,1,broad_money,2009,arima,14.0172749693774,10.030919205107402
UGA-fed(KEN+TZA),2008,1,broad_money,2009,prophet,14.0172749693774,9.028351442153387
UGA-fed(KEN+TZA),2008,1,broad_money,2009,prophet_graph,14.0172749693774,9.69189115681559
UGA-fed(KEN+TZA),2008,1,broad_money,2009,xgb_blind,14.0172749693774,10.030919205107402
UGA-fed(KEN+TZA),2008,1,broad_money,2009,xgb_graph,14.0172749693774,8.725934869489787
UGA-fed(KEN+TZA),2008,1,broad_money,2009,lgbm_blind,14.0172749693774,10.030919205107402
UGA-fed(KEN+TZA),2008,1,broad_money,2009,lgbm_graph,14.0172749693774,1.6666835610486253
UGA-fed(KEN+TZA),2008,1,broad_money,2009,tft,14.0172749693774,10.030919205107402
UGA-fed(KEN+TZA),2008,3,broad_money,2011,persistence,16.3928799610343,7.224796659521502
UGA-fed(KEN+TZA),2008,3,broad_money,2011,arima,16.3928799610343,7.7335149124265
UGA-fed(KEN+TZA),2008,3,broad_money,2011,prophet,16.3928799610343,8.208878127168195
UGA-fed(KEN+TZA),2008,3,broad_money,2011,prophet_graph,16.3928799610343,8.231282813473673
UGA-fed(KEN+TZA),2008,3,broad_money,2011,xgb_blind,16.3928799610343,7.7335149124265
UGA-fed(KEN+TZA),2008,3,broad_money,2011,xgb_graph,16.3928799610343,6.217534543970583
UGA-fed(KEN+TZA),2008,3,broad_money,2011,lgbm_blind,16.3928799610343,7.7335149124265
UGA-fed(KEN+TZA),2008,3,broad_money,2011,lgbm_graph,16.3928799610343,0.1095026154313068
UGA-fed(KEN+TZA),2008,3,broad_money,2011,tft,16.3928799610343,7.7335149124265
UGA-fed(KEN+TZA),2008,5,broad_money,2013,persistence,17.9866884362961,5.630988184259703
UGA-fed(KEN+TZA),2008,5,broad_money,2013,arima,17.9866884362961,6.141633902706182
UGA-fed(KEN+TZA),2008,5,broad_money,2013,prophet,17.9866884362961,8.17333301580642
UGA-fed(KEN+TZA),2008,5,broad_money,2013,prophet_graph,17.9866884362961,7.553724406593034
UGA-fed(KEN+TZA),2008,5,broad_money,2013,xgb_blind,17.9866884362961,6.141633902706182
UGA-fed(KEN+TZA),2008,5,broad_money,2013,xgb_graph,17.9866884362961,0.8632833349441356
UGA-fed(KEN+TZA),2008,5,broad_money,2013,lgbm_blind,17.9866884362961,6.141633902706182
UGA-fed(KEN+TZA),2008,5,broad_money,2013,lgbm_graph,17.9866884362961,0.8071092464506044
UGA-fed(KEN+TZA),2008,5,broad_money,2013,tft,17.9866884362961,6.141633902706182
UGA-fed(KEN+TZA),2008,10,broad_money,2018,persistence,19.4171293137567,4.200547306799102
UGA-fed(KEN+TZA),2008,10,broad_money,2018,arima,19.4171293137567,4.711241728688613
UGA-fed(KEN+TZA),2008,10,broad_money,2018,prophet,19.4171293137567,10.635353017253408
UGA-fed(KEN+TZA),2008,10,broad_money,2018,prophet_graph,19.4171293137567,8.41202856998606
UGA-fed(KEN+TZA),2008,10,broad_money,2018,xgb_blind,19.4171293137567,4.711241728688613
UGA-fed(KEN+TZA),2008,10,broad_money,2018,xgb_graph,19.4171293137567,3.5960313918097064
UGA-fed(KEN+TZA),2008,10,broad_money,2018,lgbm_blind,19.4171293137567,4.711241728688613
UGA-fed(KEN+TZA),2008,10,broad_money,2018,lgbm_graph,19.4171293137567,0.3336048217048351
UGA-fed(KEN+TZA),2008,10,broad_money,2018,tft,19.4171293137567,4.711241728688613
UGA-fed(KEN+TZA),2008,1,govt_consumption,2009,persistence,6.58533254689826,4.62555426620384
UGA-fed(KEN+TZA),2008,1,govt_consumption,2009,arima,6.58533254689826,3.9674135760100624
UGA-fed(KEN+TZA),2008,1,govt_consumption,2009,prophet,6.58533254689826,8.979665304989084
UGA-fed(KEN+TZA),2008,1,govt_consumption,2009,prophet_graph,6.58533254689826,5.841510579360935
UGA-fed(KEN+TZA),2008,1,govt_consumption,2009,xgb_blind,6.58533254689826,3.9674135760100624
UGA-fed(KEN+TZA),2008,1,govt_consumption,2009,xgb_graph,6.58533254689826,4.870372142127619
UGA-fed(KEN+TZA),2008,1,govt_consumption,2009,lgbm_blind,6.58533254689826,3.9674135760100624
UGA-fed(KEN+TZA),2008,1,govt_consumption,2009,lgbm_graph,6.58533254689826,6.334668536051908
UGA-fed(KEN+TZA),2008,1,govt_consumption,2009,tft,6.58533254689826,3.9674135760100624
UGA-fed(KEN+TZA),2008,3,govt_consumption,2011,persistence,15.3978037954044,4.1869169823023
UGA-fed(KEN+TZA),2008,3,govt_consumption,2011,arima,15.3978037954044,5.203301331614629
UGA-fed(KEN+TZA),2008,3,govt_consumption,2011,prophet,15.3978037954044,0.751836239542989
UGA-fed(KEN+TZA),2008,3,govt_consumption,2011,prophet_graph,15.3978037954044,1.5971550230867724
UGA-fed(KEN+TZA),2008,3,govt_consumption,2011,xgb_blind,15.3978037954044,5.203301331614629
UGA-fed(KEN+TZA),2008,3,govt_consumption,2011,xgb_graph,15.3978037954044,3.290065300531353
UGA-fed(KEN+TZA),2008,3,govt_consumption,2011,lgbm_blind,15.3978037954044,5.203301331614629
UGA-fed(KEN+TZA),2008,3,govt_consumption,2011,lgbm_graph,15.3978037954044,2.0188695312213554
UGA-fed(KEN+TZA),2008,3,govt_consumption,2011,tft,15.3978037954044,5.203301331614629
UGA-fed(KEN+TZA),2008,5,govt_consumption,2013,persistence,7.09808347224892,4.11280334085318
UGA-fed(KEN+TZA),2008,5,govt_consumption,2013,arima,7.09808347224892,3.0415802359741306
UGA-fed(KEN+TZA),2008,5,govt_consumption,2013,prophet,7.09808347224892,9.636999625461332
UGA-fed(KEN+TZA),2008,5,govt_consumption,2013,prophet_graph,7.09808347224892,8.078252871669681
UGA-fed(KEN+TZA),2008,5,govt_consumption,2013,xgb_blind,7.09808347224892,3.0415802359741306
UGA-fed(KEN+TZA),2008,5,govt_consumption,2013,xgb_graph,7.09808347224892,5.224189782145611
UGA-fed(KEN+TZA),2008,5,govt_consumption,2013,lgbm_blind,7.09808347224892,3.0415802359741306
UGA-fed(KEN+TZA),2008,5,govt_consumption,2013,lgbm_graph,7.09808347224892,6.556716261594202
UGA-fed(KEN+TZA),2008,5,govt_consumption,2013,tft,7.09808347224892,3.0415802359741306
UGA-fed(KEN+TZA),2008,10,govt_consumption,2018,persistence,8.63607272997988,2.57481408312222
UGA-fed(KEN+TZA),2008,10,govt_consumption,2018,arima,8.63607272997988,1.4937700479557972
UGA-fed(KEN+TZA),2008,10,govt_consumption,2018,prophet,8.63607272997988,9.561416705083296
UGA-fed(KEN+TZA),2008,10,govt_consumption,2018,prophet_graph,8.63607272997988,9.976659654627344
UGA-fed(KEN+TZA),2008,10,govt_consumption,2018,xgb_blind,8.63607272997988,1.4937700479557972
UGA-fed(KEN+TZA),2008,10,govt_consumption,2018,xgb_graph,8.63607272997988,2.9621919642339876
UGA-fed(KEN+TZA),2008,10,govt_consumption,2018,lgbm_blind,8.63607272997988,1.4937700479557972
UGA-fed(KEN+TZA),2008,10,govt_consumption,2018,lgbm_graph,8.63607272997988,5.720592987251024
UGA-fed(KEN+TZA),2008,10,govt_consumption,2018,tft,8.63607272997988,1.4937700479557972
UGA-fed(KEN+TZA),2009,1,gdp_growth,2010,persistence,5.63761163749757,1.1639057111063797
UGA-fed(KEN+TZA),2009,1,gdp_growth,2010,arima,5.63761163749757,1.963154906564383
UGA-fed(KEN+TZA),2009,1,gdp_growth,2010,prophet,5.63761163749757,2.31994988810934
UGA-fed(KEN+TZA),2009,1,gdp_growth,2010,prophet_graph,5.63761163749757,1.297238595096017
UGA-fed(KEN+TZA),2009,1,gdp_growth,2010,xgb_blind,5.63761163749757,1.963154906564383
UGA-fed(KEN+TZA),2009,1,gdp_growth,2010,xgb_graph,5.63761163749757,2.013814677810047
UGA-fed(KEN+TZA),2009,1,gdp_growth,2010,lgbm_blind,5.63761163749757,1.963154906564383
UGA-fed(KEN+TZA),2009,1,gdp_growth,2010,lgbm_graph,5.63761163749757,1.4011097357091211
UGA-fed(KEN+TZA),2009,1,gdp_growth,2010,tft,5.63761163749757,1.963154906564383
UGA-fed(KEN+TZA),2009,3,gdp_growth,2012,persistence,3.83745560605229,2.9640617425516598
UGA-fed(KEN+TZA),2009,3,gdp_growth,2012,arima,3.83745560605229,3.56873451096788
UGA-fed(KEN+TZA),2009,3,gdp_growth,2012,prophet,3.83745560605229,4.30013421672542
UGA-fed(KEN+TZA),2009,3,gdp_growth,2012,prophet_graph,3.83745560605229,2.781899246004174
UGA-fed(KEN+TZA),2009,3,gdp_growth,2012,xgb_blind,3.83745560605229,3.56873451096788
UGA-fed(KEN+TZA),2009,3,gdp_growth,2012,xgb_graph,3.83745560605229,3.824022436550249
UGA-fed(KEN+TZA),2009,3,gdp_growth,2012,lgbm_blind,3.83745560605229,3.56873451096788
UGA-fed(KEN+TZA),2009,3,gdp_growth,2012,lgbm_graph,3.83745560605229,3.5015593308436412
UGA-fed(KEN+TZA),2009,3,gdp_growth,2012,tft,3.83745560605229,3.56873451096788
UGA-fed(KEN+TZA),2009,5,gdp_growth,2014,persistence,5.10630732539796,1.6952100232059895
UGA-fed(KEN+TZA),2009,5,gdp_growth,2014,arima,5.10630732539796,2.2657126776359098
UGA-fed(KEN+TZA),2009,5,gdp_growth,2014,prophet,5.10630732539796,3.2115574086562635
UGA-fed(KEN+TZA),2009,5,gdp_growth,2014,prophet_graph,5.10630732539796,1.197119960668589
UGA-fed(KEN+TZA),2009,5,gdp_growth,2014,xgb_blind,5.10630732539796,2.2657126776359098
UGA-fed(KEN+TZA),2009,5,gdp_growth,2014,xgb_graph,5.10630732539796,2.2357756518969616
UGA-fed(KEN+TZA),2009,5,gdp_growth,2014,lgbm_blind,5.10630732539796,2.2657126776359098
UGA-fed(KEN+TZA),2009,5,gdp_growth,2014,lgbm_graph,5.10630732539796,2.229247703517445
UGA-fed(KEN+TZA),2009,5,gdp_growth,2014,tft,5.10630732539796,2.2657126776359098
UGA-fed(KEN+TZA),2009,10,gdp_growth,2019,persistence,6.43874503276439,0.3627723158395595
UGA-fed(KEN+TZA),2009,10,gdp_growth,2019,arima,6.43874503276439,0.9259019033176692
UGA-fed(KEN+TZA),2009,10,gdp_growth,2019,prophet,6.43874503276439,2.329437058322548
UGA-fed(KEN+TZA),2009,10,gdp_growth,2019,prophet_graph,6.43874503276439,0.924488383493439
UGA-fed(KEN+TZA),2009,10,gdp_growth,2019,xgb_blind,6.43874503276439,0.9259019033176692
UGA-fed(KEN+TZA),2009,10,gdp_growth,2019,xgb_graph,6.43874503276439,1.6045994649162738
UGA-fed(KEN+TZA),2009,10,gdp_growth,2019,lgbm_blind,6.43874503276439,0.9259019033176692
UGA-fed(KEN+TZA),2009,10,gdp_growth,2019,lgbm_graph,6.43874503276439,0.6991300711861106
UGA-fed(KEN+TZA),2009,10,gdp_growth,2019,tft,6.43874503276439,0.9259019033176692
UGA-fed(KEN+TZA),2009,1,unemployment,2010,persistence,3.623,0.02300000000000013
UGA-fed(KEN+TZA),2009,1,unemployment,2010,arima,3.623,0.20391528856856045
UGA-fed(KEN+TZA),2009,1,unemployment,2010,prophet,3.623,0.8126822456971863
UGA-fed(KEN+TZA),2009,1,unemployment,2010,prophet_graph,3.623,0.8126822456971863
UGA-fed(KEN+TZA),2009,1,unemployment,2010,xgb_blind,3.623,0.20391528856856045
UGA-fed(KEN+TZA),2009,1,unemployment,2010,xgb_graph,3.623,0.20391528856856045
UGA-fed(KEN+TZA),2009,1,unemployment,2010,lgbm_blind,3.623,0.20391528856856045
UGA-fed(KEN+TZA),2009,1,unemployment,2010,lgbm_graph,3.623,0.20391528856856045
UGA-fed(KEN+TZA),2009,1,unemployment,2010,tft,3.623,0.20391528856856045
UGA-fed(KEN+TZA),2009,3,unemployment,2012,persistence,3.551,0.04899999999999993
UGA-fed(KEN+TZA),2009,3,unemployment,2012,arima,3.551,0.4036501223860589
UGA-fed(KEN+TZA),2009,3,unemployment,2012,prophet,3.551,0.8162320543016008
UGA-fed(KEN+TZA),2009,3,unemployment,2012,prophet_graph,3.551,0.8162320543016008
UGA-fed(KEN+TZA),2009,3,unemployment,2012,xgb_blind,3.551,0.4036501223860589
UGA-fed(KEN+TZA),2009,3,unemployment,2012,xgb_graph,3.551,0.4036501223860589
UGA-fed(KEN+TZA),2009,3,unemployment,2012,lgbm_blind,3.551,0.4036501223860589
UGA-fed(KEN+TZA),2009,3,unemployment,2012,lgbm_graph,3.551,0.4036501223860589
UGA-fed(KEN+TZA),2009,3,unemployment,2012,tft,3.551,0.4036501223860589
UGA-fed(KEN+TZA),2009,5,unemployment,2014,persistence,2.357,1.2429999999999999
UGA-fed(KEN+TZA),2009,5,unemployment,2014,arima,2.357,1.6182535732928809
UGA-fed(KEN+TZA),2009,5,unemployment,2014,prophet,2.357,0.3021146442054854
UGA-fed(KEN+TZA),2009,5,unemployment,2014,prophet_graph,2.357,0.3021146442054854
UGA-fed(KEN+TZA),2009,5,unemployment,2014,xgb_blind,2.357,1.6182535732928809
UGA-fed(KEN+TZA),2009,5,unemployment,2014,xgb_graph,2.357,1.6182535732928809
UGA-fed(KEN+TZA),2009,5,unemployment,2014,lgbm_blind,2.357,1.6182535732928809
UGA-fed(KEN+TZA),2009,5,unemployment,2014,lgbm_graph,2.357,1.6182535732928809
UGA-fed(KEN+TZA),2009,5,unemployment,2014,tft,2.357,1.6182535732928809
UGA-fed(KEN+TZA),2009,10,unemployment,2019,persistence,3.057,0.5430000000000001
UGA-fed(KEN+TZA),2009,10,unemployment,2019,arima,3.057,0.9221746143164169
UGA-fed(KEN+TZA),2009,10,unemployment,2019,prophet,3.057,0.5868633701940493
UGA-fed(KEN+TZA),2009,10,unemployment,2019,prophet_graph,3.057,0.5868633701940493
UGA-fed(KEN+TZA),2009,10,unemployment,2019,xgb_blind,3.057,0.9221746143164169
UGA-fed(KEN+TZA),2009,10,unemployment,2019,xgb_graph,3.057,0.9221746143164169
UGA-fed(KEN+TZA),2009,10,unemployment,2019,lgbm_blind,3.057,0.9221746143164169
UGA-fed(KEN+TZA),2009,10,unemployment,2019,lgbm_graph,3.057,0.9221746143164169
UGA-fed(KEN+TZA),2009,10,unemployment,2019,tft,3.057,0.9221746143164169
UGA-fed(KEN+TZA),2009,1,exports_gdp,2010,persistence,13.8244828747602,4.7890834334640004
UGA-fed(KEN+TZA),2009,1,exports_gdp,2010,arima,13.8244828747602,7.072549226846014
UGA-fed(KEN+TZA),2009,1,exports_gdp,2010,prophet,13.8244828747602,4.616607821333165
UGA-fed(KEN+TZA),2009,1,exports_gdp,2010,prophet_graph,13.8244828747602,4.4347784687451295
UGA-fed(KEN+TZA),2009,1,exports_gdp,2010,xgb_blind,13.8244828747602,7.072549226846014
UGA-fed(KEN+TZA),2009,1,exports_gdp,2010,xgb_graph,13.8244828747602,1.7843646572919383
UGA-fed(KEN+TZA),2009,1,exports_gdp,2010,lgbm_blind,13.8244828747602,7.072549226846014
UGA-fed(KEN+TZA),2009,1,exports_gdp,2010,lgbm_graph,13.8244828747602,1.3206892838129978
UGA-fed(KEN+TZA),2009,1,exports_gdp,2010,tft,13.8244828747602,7.072549226846014
UGA-fed(KEN+TZA),2009,3,exports_gdp,2012,persistence,15.4917287700064,3.1218375382178003
UGA-fed(KEN+TZA),2009,3,exports_gdp,2012,arima,15.4917287700064,4.855934863043732
UGA-fed(KEN+TZA),2009,3,exports_gdp,2012,prophet,15.4917287700064,4.129547324010726
UGA-fed(KEN+TZA),2009,3,exports_gdp,2012,prophet_graph,15.4917287700064,2.897981438351451
UGA-fed(KEN+TZA),2009,3,exports_gdp,2012,xgb_blind,15.4917287700064,4.855934863043732
UGA-fed(KEN+TZA),2009,3,exports_gdp,2012,xgb_graph,15.4917287700064,0.11231897996733764
UGA-fed(KEN+TZA),2009,3,exports_gdp,2012,lgbm_blind,15.4917287700064,4.855934863043732
UGA-fed(KEN+TZA),2009,3,exports_gdp,2012,lgbm_graph,15.4917287700064,2.4713429156219213
UGA-fed(KEN+TZA),2009,3,exports_gdp,2012,tft,15.4917287700064,4.855934863043732
UGA-fed(KEN+TZA),2009,5,exports_gdp,2014,persistence,14.9482109075764,3.665355400647801
UGA-fed(KEN+TZA),2009,5,exports_gdp,2014,arima,14.9482109075764,5.310243183779928
UGA-fed(KEN+TZA),2009,5,exports_gdp,2014,prophet,14.9482109075764,5.854867276690417
UGA-fed(KEN+TZA),2009,5,exports_gdp,2014,prophet_graph,14.9482109075764,3.572126862709112
UGA-fed(KEN+TZA),2009,5,exports_gdp,2014,xgb_blind,14.9482109075764,5.310243183779928
UGA-fed(KEN+TZA),2009,5,exports_gdp,2014,xgb_graph,14.9482109075764,0.46892147004811235
UGA-fed(KEN+TZA),2009,5,exports_gdp,2014,lgbm_blind,14.9482109075764,5.310243183779928
UGA-fed(KEN+TZA),2009,5,exports_gdp,2014,lgbm_graph,14.9482109075764,1.2453105932453443
UGA-fed(KEN+TZA),2009,5,exports_gdp,2014,tft,14.9482109075764,5.310243183779928
UGA-fed(KEN+TZA),2009,10,exports_gdp,2019,persistence,17.1090580167383,1.5045082914859016
UGA-fed(KEN+TZA),2009,10,exports_gdp,2019,arima,17.1090580167383,3.131917531799239
UGA-fed(KEN+TZA),2009,10,exports_gdp,2019,prophet,17.1090580167383,6.646100354663844
UGA-fed(KEN+TZA),2009,10,exports_gdp,2019,prophet_graph,17.1090580167383,1.7375806127536535
UGA-fed(KEN+TZA),2009,10,exports_gdp,2019,xgb_blind,17.1090580167383,3.131917531799239
UGA-fed(KEN+TZA),2009,10,exports_gdp,2019,xgb_graph,17.1090580167383,0.41933023353517385
UGA-fed(KEN+TZA),2009,10,exports_gdp,2019,lgbm_blind,17.1090580167383,3.131917531799239
UGA-fed(KEN+TZA),2009,10,exports_gdp,2019,lgbm_graph,17.1090580167383,2.455031508407
UGA-fed(KEN+TZA),2009,10,exports_gdp,2019,tft,17.1090580167383,3.131917531799239
UGA-fed(KEN+TZA),2009,1,imports_gdp,2010,persistence,24.4447661623689,4.005545604244698
UGA-fed(KEN+TZA),2009,1,imports_gdp,2010,arima,24.4447661623689,4.115682238201725
UGA-fed(KEN+TZA),2009,1,imports_gdp,2010,prophet,24.4447661623689,4.53153441552281
UGA-fed(KEN+TZA),2009,1,imports_gdp,2010,prophet_graph,24.4447661623689,3.5347768143867526
UGA-fed(KEN+TZA),2009,1,imports_gdp,2010,xgb_blind,24.4447661623689,4.115682238201725
UGA-fed(KEN+TZA),2009,1,imports_gdp,2010,xgb_graph,24.4447661623689,4.866183163192623
UGA-fed(KEN+TZA),2009,1,imports_gdp,2010,lgbm_blind,24.4447661623689,4.115682238201725
UGA-fed(KEN+TZA),2009,1,imports_gdp,2010,lgbm_graph,24.4447661623689,0.3222905884778129
UGA-fed(KEN+TZA),2009,1,imports_gdp,2010,tft,24.4447661623689,4.115682238201725
UGA-fed(KEN+TZA),2009,3,imports_gdp,2012,persistence,28.010408369725,0.4399033968885995
UGA-fed(KEN+TZA),2009,3,imports_gdp,2012,arima,28.010408369725,0.5467089644381637
UGA-fed(KEN+TZA),2009,3,imports_gdp,2012,prophet,28.010408369725,1.9354439327980906
UGA-fed(KEN+TZA),2009,3,imports_gdp,2012,prophet_graph,28.010408369725,1.044935250386004
UGA-fed(KEN+TZA),2009,3,imports_gdp,2012,xgb_blind,28.010408369725,0.5467089644381637
UGA-fed(KEN+TZA),2009,3,imports_gdp,2012,xgb_graph,28.010408369725,1.381818739598046
UGA-fed(KEN+TZA),2009,3,imports_gdp,2012,lgbm_blind,28.010408369725,0.5467089644381637
UGA-fed(KEN+TZA),2009,3,imports_gdp,2012,lgbm_graph,28.010408369725,3.769337229660085
UGA-fed(KEN+TZA),2009,3,imports_gdp,2012,tft,28.010408369725,0.5467089644381637
UGA-fed(KEN+TZA),2009,5,imports_gdp,2014,persistence,21.0661901743321,7.384121592281499
UGA-fed(KEN+TZA),2009,5,imports_gdp,2014,arima,21.0661901743321,7.490923913180804
UGA-fed(KEN+TZA),2009,5,imports_gdp,2014,prophet,21.0661901743321,9.850542005869823
UGA-fed(KEN+TZA),2009,5,imports_gdp,2014,prophet_graph,21.0661901743321,4.883823950799247
UGA-fed(KEN+TZA),2009,5,imports_gdp,2014,xgb_blind,21.0661901743321,7.490923913180804
UGA-fed(KEN+TZA),2009,5,imports_gdp,2014,xgb_graph,21.0661901743321,6.594458171615166
UGA-fed(KEN+TZA),2009,5,imports_gdp,2014,lgbm_blind,21.0661901743321,7.490923913180804
UGA-fed(KEN+TZA),2009,5,imports_gdp,2014,lgbm_graph,21.0661901743321,3.721947897363865
UGA-fed(KEN+TZA),2009,5,imports_gdp,2014,tft,21.0661901743321,7.490923913180804
UGA-fed(KEN+TZA),2009,10,imports_gdp,2019,persistence,22.2519959480052,6.1983158186084
UGA-fed(KEN+TZA),2009,10,imports_gdp,2019,arima,22.2519959480052,6.305118136340244
UGA-fed(KEN+TZA),2009,10,imports_gdp,2019,prophet,22.2519959480052,11.089943696822619
UGA-fed(KEN+TZA),2009,10,imports_gdp,2019,prophet_graph,22.2519959480052,1.1614543967935198
UGA-fed(KEN+TZA),2009,10,imports_gdp,2019,xgb_blind,22.2519959480052,6.305118136340244
UGA-fed(KEN+TZA),2009,10,imports_gdp,2019,xgb_graph,22.2519959480052,7.607270333122731
UGA-fed(KEN+TZA),2009,10,imports_gdp,2019,lgbm_blind,22.2519959480052,6.305118136340244
UGA-fed(KEN+TZA),2009,10,imports_gdp,2019,lgbm_graph,22.2519959480052,4.006951996635916
UGA-fed(KEN+TZA),2009,10,imports_gdp,2019,tft,22.2519959480052,6.305118136340244
UGA-fed(KEN+TZA),2009,1,current_account,2010,persistence,-6.0351181457015,1.8642689134541008
UGA-fed(KEN+TZA),2009,1,current_account,2010,arima,-6.0351181457015,1.449917433404245
UGA-fed(KEN+TZA),2009,1,current_account,2010,prophet,-6.0351181457015,2.868773681564651
UGA-fed(KEN+TZA),2009,1,current_account,2010,prophet_graph,-6.0351181457015,2.9472024917813306
UGA-fed(KEN+TZA),2009,1,current_account,2010,xgb_blind,-6.0351181457015,1.449917433404245
UGA-fed(KEN+TZA),2009,1,current_account,2010,xgb_graph,-6.0351181457015,1.0156097838850942
UGA-fed(KEN+TZA),2009,1,current_account,2010,lgbm_blind,-6.0351181457015,1.449917433404245
UGA-fed(KEN+TZA),2009,1,current_account,2010,lgbm_graph,-6.0351181457015,2.025371884270302
UGA-fed(KEN+TZA),2009,1,current_account,2010,tft,-6.0351181457015,1.449917433404245
UGA-fed(KEN+TZA),2009,3,current_account,2012,persistence,-6.0631263873337,1.8922771550863002
UGA-fed(KEN+TZA),2009,3,current_account,2012,arima,-6.0631263873337,1.5139736372709374
UGA-fed(KEN+TZA),2009,3,current_account,2012,prophet,-6.0631263873337,3.0768867933651123
UGA-fed(KEN+TZA),2009,3,current_account,2012,prophet_graph,-6.0631263873337,4.15704201715263
UGA-fed(KEN+TZA),2009,3,current_account,2012,xgb_blind,-6.0631263873337,1.5139736372709374
UGA-fed(KEN+TZA),2009,3,current_account,2012,xgb_graph,-6.0631263873337,1.7223523280380455
UGA-fed(KEN+TZA),2009,3,current_account,2012,lgbm_blind,-6.0631263873337,1.5139736372709374
UGA-fed(KEN+TZA),2009,3,current_account,2012,lgbm_graph,-6.0631263873337,2.0873222143295984
UGA-fed(KEN+TZA),2009,3,current_account,2012,tft,-6.0631263873337,1.5139736372709374
UGA-fed(KEN+TZA),2009,5,current_account,2014,persistence,-6.64160843323991,2.470759200992511
UGA-fed(KEN+TZA),2009,5,current_account,2014,arima,-6.64160843323991,2.092789741822311
UGA-fed(KEN+TZA),2009,5,current_account,2014,prophet,-6.64160843323991,3.8357204284398154
UGA-fed(KEN+TZA),2009,5,current_account,2014,prophet_graph,-6.64160843323991,5.918974293761967
UGA-fed(KEN+TZA),2009,5,current_account,2014,xgb_blind,-6.64160843323991,2.092789741822311
UGA-fed(KEN+TZA),2009,5,current_account,2014,xgb_graph,-6.64160843323991,0.14870338011458184
UGA-fed(KEN+TZA),2009,5,current_account,2014,lgbm_blind,-6.64160843323991,2.092789741822311
UGA-fed(KEN+TZA),2009,5,current_account,2014,lgbm_graph,-6.64160843323991,2.780984741636369
UGA-fed(KEN+TZA),2009,5,current_account,2014,tft,-6.64160843323991,2.092789741822311
UGA-fed(KEN+TZA),2009,10,current_account,2019,persistence,-7.44419073613667,3.27334150388927
UGA-fed(KEN+TZA),2009,10,current_account,2019,arima,-7.44419073613667,2.89537516944333
UGA-fed(KEN+TZA),2009,10,current_account,2019,prophet,-7.44419073613667,5.08881162575746
UGA-fed(KEN+TZA),2009,10,current_account,2019,prophet_graph,-7.44419073613667,9.677753752970501
UGA-fed(KEN+TZA),2009,10,current_account,2019,xgb_blind,-7.44419073613667,2.89537516944333
UGA-fed(KEN+TZA),2009,10,current_account,2019,xgb_graph,-7.44419073613667,2.503815408072705
UGA-fed(KEN+TZA),2009,10,current_account,2019,lgbm_blind,-7.44419073613667,2.89537516944333
UGA-fed(KEN+TZA),2009,10,current_account,2019,lgbm_graph,-7.44419073613667,4.036918066277439
UGA-fed(KEN+TZA),2009,10,current_account,2019,tft,-7.44419073613667,2.89537516944333
UGA-fed(KEN+TZA),2009,1,real_interest_rate,2010,persistence,13.7612146491897,48.5046576080273
UGA-fed(KEN+TZA),2009,1,real_interest_rate,2010,arima,13.7612146491897,27.307180564885616
UGA-fed(KEN+TZA),2009,1,real_interest_rate,2010,prophet,13.7612146491897,4.721560993014041
UGA-fed(KEN+TZA),2009,1,real_interest_rate,2010,prophet_graph,13.7612146491897,4.721560993014041
UGA-fed(KEN+TZA),2009,1,real_interest_rate,2010,xgb_blind,13.7612146491897,27.307180564885616
UGA-fed(KEN+TZA),2009,1,real_interest_rate,2010,xgb_graph,13.7612146491897,27.307180564885616
UGA-fed(KEN+TZA),2009,1,real_interest_rate,2010,lgbm_blind,13.7612146491897,27.307180564885616
UGA-fed(KEN+TZA),2009,1,real_interest_rate,2010,lgbm_graph,13.7612146491897,27.307180564885616
UGA-fed(KEN+TZA),2009,1,real_interest_rate,2010,tft,13.7612146491897,27.307180564885616
UGA-fed(KEN+TZA),2009,3,real_interest_rate,2012,persistence,21.4880791448606,56.2315221036982
UGA-fed(KEN+TZA),2009,3,real_interest_rate,2012,arima,21.4880791448606,40.26146314174086
UGA-fed(KEN+TZA),2009,3,real_interest_rate,2012,prophet,21.4880791448606,12.384854434341198
UGA-fed(KEN+TZA),2009,3,real_interest_rate,2012,prophet_graph,21.4880791448606,12.384854434341198
UGA-fed(KEN+TZA),2009,3,real_interest_rate,2012,xgb_blind,21.4880791448606,40.26146314174086
UGA-fed(KEN+TZA),2009,3,real_interest_rate,2012,xgb_graph,21.4880791448606,40.26146314174086
UGA-fed(KEN+TZA),2009,3,real_interest_rate,2012,lgbm_blind,21.4880791448606,40.26146314174086
UGA-fed(KEN+TZA),2009,3,real_interest_rate,2012,lgbm_graph,21.4880791448606,40.26146314174086
UGA-fed(KEN+TZA),2009,3,real_interest_rate,2012,tft,21.4880791448606,40.26146314174086
UGA-fed(KEN+TZA),2009,5,real_interest_rate,2014,persistence,15.6773841196638,50.4208270785014
UGA-fed(KEN+TZA),2009,5,real_interest_rate,2014,arima,15.6773841196638,35.47081234597142
UGA-fed(KEN+TZA),2009,5,real_interest_rate,2014,prophet,15.6773841196638,6.51050127116457
UGA-fed(KEN+TZA),2009,5,real_interest_rate,2014,prophet_graph,15.6773841196638,6.51050127116457
UGA-fed(KEN+TZA),2009,5,real_interest_rate,2014,xgb_blind,15.6773841196638,35.47081234597142
UGA-fed(KEN+TZA),2009,5,real_interest_rate,2014,xgb_graph,15.6773841196638,35.47081234597142
UGA-fed(KEN+TZA),2009,5,real_interest_rate,2014,lgbm_blind,15.6773841196638,35.47081234597142
UGA-fed(KEN+TZA),2009,5,real_interest_rate,2014,lgbm_graph,15.6773841196638,35.47081234597142
UGA-fed(KEN+TZA),2009,5,real_interest_rate,2014,tft,15.6773841196638,35.47081234597142
UGA-fed(KEN+TZA),2009,10,real_interest_rate,2019,persistence,14.7478688039364,49.491311762774
UGA-fed(KEN+TZA),2009,10,real_interest_rate,2019,arima,14.7478688039364,34.792758262607784
UGA-fed(KEN+TZA),2009,10,real_interest_rate,2019,prophet,14.7478688039364,5.421971235941729
UGA-fed(KEN+TZA),2009,10,real_interest_rate,2019,prophet_graph,14.7478688039364,5.421971235941729
UGA-fed(KEN+TZA),2009,10,real_interest_rate,2019,xgb_blind,14.7478688039364,34.792758262607784
UGA-fed(KEN+TZA),2009,10,real_interest_rate,2019,xgb_graph,14.7478688039364,34.792758262607784
UGA-fed(KEN+TZA),2009,10,real_interest_rate,2019,lgbm_blind,14.7478688039364,34.792758262607784
UGA-fed(KEN+TZA),2009,10,real_interest_rate,2019,lgbm_graph,14.7478688039364,34.792758262607784
UGA-fed(KEN+TZA),2009,10,real_interest_rate,2019,tft,14.7478688039364,34.792758262607784
UGA-fed(KEN+TZA),2009,1,broad_money,2010,persistence,17.3447697728192,3.327494803441798
UGA-fed(KEN+TZA),2009,1,broad_money,2010,arima,17.3447697728192,1.0194543205932476
UGA-fed(KEN+TZA),2009,1,broad_money,2010,prophet,17.3447697728192,4.663058409967924
UGA-fed(KEN+TZA),2009,1,broad_money,2010,prophet_graph,17.3447697728192,2.584995723344475
UGA-fed(KEN+TZA),2009,1,broad_money,2010,xgb_blind,17.3447697728192,1.0194543205932476
UGA-fed(KEN+TZA),2009,1,broad_money,2010,xgb_graph,17.3447697728192,2.5254548161541592
UGA-fed(KEN+TZA),2009,1,broad_money,2010,lgbm_blind,17.3447697728192,1.0194543205932476
UGA-fed(KEN+TZA),2009,1,broad_money,2010,lgbm_graph,17.3447697728192,1.7485314357541544
UGA-fed(KEN+TZA),2009,1,broad_money,2010,tft,17.3447697728192,1.0194543205932476
UGA-fed(KEN+TZA),2009,3,broad_money,2012,persistence,17.5610483784277,3.5437734090502993
UGA-fed(KEN+TZA),2009,3,broad_money,2012,arima,17.5610483784277,0.27387243926370175
UGA-fed(KEN+TZA),2009,3,broad_money,2012,prophet,17.5610483784277,5.743479515138649
UGA-fed(KEN+TZA),2009,3,broad_money,2012,prophet_graph,17.5610483784277,3.131338119013064
UGA-fed(KEN+TZA),2009,3,broad_money,2012,xgb_blind,17.5610483784277,0.27387243926370175
UGA-fed(KEN+TZA),2009,3,broad_money,2012,xgb_graph,17.5610483784277,2.590490211923793
UGA-fed(KEN+TZA),2009,3,broad_money,2012,lgbm_blind,17.5610483784277,0.27387243926370175
UGA-fed(KEN+TZA),2009,3,broad_money,2012,lgbm_graph,17.5610483784277,1.204848609014931
UGA-fed(KEN+TZA),2009,3,broad_money,2012,tft,17.5610483784277,0.27387243926370175
UGA-fed(KEN+TZA),2009,5,broad_money,2014,persistence,18.6599683055423,4.6426933361649
UGA-fed(KEN+TZA),2009,5,broad_money,2014,arima,18.6599683055423,1.5936057687220675
UGA-fed(KEN+TZA),2009,5,broad_money,2014,prophet,18.6599683055423,5.943035599776948
UGA-fed(KEN+TZA),2009,5,broad_money,2014,prophet_graph,18.6599683055423,4.560773978365919
UGA-fed(KEN+TZA),2009,5,broad_money,2014,xgb_blind,18.6599683055423,1.5936057687220675
UGA-fed(KEN+TZA),2009,5,broad_money,2014,xgb_graph,18.6599683055423,3.8804167994998195
UGA-fed(KEN+TZA),2009,5,broad_money,2014,lgbm_blind,18.6599683055423,1.5936057687220675
UGA-fed(KEN+TZA),2009,5,broad_money,2014,lgbm_graph,18.6599683055423,1.6912094045820147
UGA-fed(KEN+TZA),2009,5,broad_money,2014,tft,18.6599683055423,1.5936057687220675
UGA-fed(KEN+TZA),2009,10,broad_money,2019,persistence,20.5230556458778,6.5057806765004
UGA-fed(KEN+TZA),2009,10,broad_money,2019,arima,20.5230556458778,3.514722186870962
UGA-fed(KEN+TZA),2009,10,broad_money,2019,prophet,20.5230556458778,7.323473837363178
UGA-fed(KEN+TZA),2009,10,broad_money,2019,prophet_graph,20.5230556458778,7.249472936029804
UGA-fed(KEN+TZA),2009,10,broad_money,2019,xgb_blind,20.5230556458778,3.514722186870962
UGA-fed(KEN+TZA),2009,10,broad_money,2019,xgb_graph,20.5230556458778,4.876849743778191
UGA-fed(KEN+TZA),2009,10,broad_money,2019,lgbm_blind,20.5230556458778,3.514722186870962
UGA-fed(KEN+TZA),2009,10,broad_money,2019,lgbm_graph,20.5230556458778,1.9461561173743824
UGA-fed(KEN+TZA),2009,10,broad_money,2019,tft,20.5230556458778,3.514722186870962
UGA-fed(KEN+TZA),2009,1,govt_consumption,2010,persistence,8.27345406223707,1.6881215153388096
UGA-fed(KEN+TZA),2009,1,govt_consumption,2010,arima,8.27345406223707,4.6541854630428325
UGA-fed(KEN+TZA),2009,1,govt_consumption,2010,prophet,8.27345406223707,5.760701975868821
UGA-fed(KEN+TZA),2009,1,govt_consumption,2010,prophet_graph,8.27345406223707,1.0721898546441633
UGA-fed(KEN+TZA),2009,1,govt_consumption,2010,xgb_blind,8.27345406223707,4.6541854630428325
UGA-fed(KEN+TZA),2009,1,govt_consumption,2010,xgb_graph,8.27345406223707,4.6129509289128325
UGA-fed(KEN+TZA),2009,1,govt_consumption,2010,lgbm_blind,8.27345406223707,4.6541854630428325
UGA-fed(KEN+TZA),2009,1,govt_consumption,2010,lgbm_graph,8.27345406223707,4.313143405486576
UGA-fed(KEN+TZA),2009,1,govt_consumption,2010,tft,8.27345406223707,4.6541854630428325
UGA-fed(KEN+TZA),2009,3,govt_consumption,2012,persistence,7.59446464218355,1.00913209528529
UGA-fed(KEN+TZA),2009,3,govt_consumption,2012,arima,7.59446464218355,7.096728237664265
UGA-fed(KEN+TZA),2009,3,govt_consumption,2012,prophet,7.59446464218355,6.765211302579433
UGA-fed(KEN+TZA),2009,3,govt_consumption,2012,prophet_graph,7.59446464218355,1.1771577077594566
UGA-fed(KEN+TZA),2009,3,govt_consumption,2012,xgb_blind,7.59446464218355,7.096728237664265
UGA-fed(KEN+TZA),2009,3,govt_consumption,2012,xgb_graph,7.59446464218355,4.319334643705122
UGA-fed(KEN+TZA),2009,3,govt_consumption,2012,lgbm_blind,7.59446464218355,7.096728237664265
UGA-fed(KEN+TZA),2009,3,govt_consumption,2012,lgbm_graph,7.59446464218355,5.384845982556153
UGA-fed(KEN+TZA),2009,3,govt_consumption,2012,tft,7.59446464218355,7.096728237664265
UGA-fed(KEN+TZA),2009,5,govt_consumption,2014,persistence,7.42890180380585,0.8435692569075899
UGA-fed(KEN+TZA),2009,5,govt_consumption,2014,arima,7.42890180380585,8.214681372803417
UGA-fed(KEN+TZA),2009,5,govt_consumption,2014,prophet,7.42890180380585,7.256739965294576
UGA-fed(KEN+TZA),2009,5,govt_consumption,2014,prophet_graph,7.42890180380585,2.915229864024722
UGA-fed(KEN+TZA),2009,5,govt_consumption,2014,xgb_blind,7.42890180380585,8.214681372803417
UGA-fed(KEN+TZA),2009,5,govt_consumption,2014,xgb_graph,7.42890180380585,0.022483003451846173
UGA-fed(KEN+TZA),2009,5,govt_consumption,2014,lgbm_blind,7.42890180380585,8.214681372803417
UGA-fed(KEN+TZA),2009,5,govt_consumption,2014,lgbm_graph,7.42890180380585,5.754600107357479
UGA-fed(KEN+TZA),2009,5,govt_consumption,2014,tft,7.42890180380585,8.214681372803417
UGA-fed(KEN+TZA),2009,10,govt_consumption,2019,persistence,8.77456131212774,2.1892287652294806
UGA-fed(KEN+TZA),2009,10,govt_consumption,2019,arima,8.77456131212774,10.359469465557282
UGA-fed(KEN+TZA),2009,10,govt_consumption,2019,prophet,8.77456131212774,6.725326141295769
UGA-fed(KEN+TZA),2009,10,govt_consumption,2019,prophet_graph,8.77456131212774,5.497616887115546
UGA-fed(KEN+TZA),2009,10,govt_consumption,2019,xgb_blind,8.77456131212774,10.359469465557282
UGA-fed(KEN+TZA),2009,10,govt_consumption,2019,xgb_graph,8.77456131212774,4.055607411932318
UGA-fed(KEN+TZA),2009,10,govt_consumption,2019,lgbm_blind,8.77456131212774,10.359469465557282
UGA-fed(KEN+TZA),2009,10,govt_consumption,2019,lgbm_graph,8.77456131212774,4.804971072744696
UGA-fed(KEN+TZA),2009,10,govt_consumption,2019,tft,8.77456131212774,10.359469465557282
UGA-fed(KEN+TZA),2010,1,gdp_growth,2011,persistence,9.3916554927176,3.75404385522003
UGA-fed(KEN+TZA),2010,1,gdp_growth,2011,arima,9.3916554927176,3.2903145379120113
UGA-fed(KEN+TZA),2010,1,gdp_growth,2011,prophet,9.3916554927176,1.7945915070226857
UGA-fed(KEN+TZA),2010,1,gdp_growth,2011,prophet_graph,9.3916554927176,3.8007820772356977
UGA-fed(KEN+TZA),2010,1,gdp_growth,2011,xgb_blind,9.3916554927176,3.2903145379120113
UGA-fed(KEN+TZA),2010,1,gdp_growth,2011,xgb_graph,9.3916554927176,2.6273103236502173
UGA-fed(KEN+TZA),2010,1,gdp_growth,2011,lgbm_blind,9.3916554927176,3.2903145379120113
UGA-fed(KEN+TZA),2010,1,gdp_growth,2011,lgbm_graph,9.3916554927176,2.422989594871378
UGA-fed(KEN+TZA),2010,1,gdp_growth,2011,tft,9.3916554927176,3.2903145379120113
UGA-fed(KEN+TZA),2010,3,gdp_growth,2013,persistence,3.58690582623025,2.05070581126732
UGA-fed(KEN+TZA),2010,3,gdp_growth,2013,arima,3.58690582623025,2.403287302572766
UGA-fed(KEN+TZA),2010,3,gdp_growth,2013,prophet,3.58690582623025,4.129192445580326
UGA-fed(KEN+TZA),2010,3,gdp_growth,2013,prophet_graph,3.58690582623025,1.6838009731572368
UGA-fed(KEN+TZA),2010,3,gdp_growth,2013,xgb_blind,3.58690582623025,2.403287302572766
UGA-fed(KEN+TZA),2010,3,gdp_growth,2013,xgb_graph,3.58690582623025,3.965755592684545
UGA-fed(KEN+TZA),2010,3,gdp_growth,2013,lgbm_blind,3.58690582623025,2.403287302572766
UGA-fed(KEN+TZA),2010,3,gdp_growth,2013,lgbm_graph,3.58690582623025,3.657586717837981
UGA-fed(KEN+TZA),2010,3,gdp_growth,2013,tft,3.58690582623025,2.403287302572766
UGA-fed(KEN+TZA),2010,5,gdp_growth,2015,persistence,5.18785986002466,0.44975177747291006
UGA-fed(KEN+TZA),2010,5,gdp_growth,2015,arima,5.18785986002466,0.7846893731336024
UGA-fed(KEN+TZA),2010,5,gdp_growth,2015,prophet,5.18785986002466,2.6471098603008736
UGA-fed(KEN+TZA),2010,5,gdp_growth,2015,prophet_graph,5.18785986002466,0.23688169230464684
UGA-fed(KEN+TZA),2010,5,gdp_growth,2015,xgb_blind,5.18785986002466,0.7846893731336024
UGA-fed(KEN+TZA),2010,5,gdp_growth,2015,xgb_graph,5.18785986002466,1.0122019380710432
UGA-fed(KEN+TZA),2010,5,gdp_growth,2015,lgbm_blind,5.18785986002466,0.7846893731336024
UGA-fed(KEN+TZA),2010,5,gdp_growth,2015,lgbm_graph,5.18785986002466,2.0415737212083647
UGA-fed(KEN+TZA),2010,5,gdp_growth,2015,tft,5.18785986002466,0.7846893731336024
UGA-fed(KEN+TZA),2010,10,gdp_growth,2020,persistence,2.95130642218098,2.68630521531659
UGA-fed(KEN+TZA),2010,10,gdp_growth,2020,arima,2.95130642218098,3.017880037075184
UGA-fed(KEN+TZA),2010,10,gdp_growth,2020,prophet,2.95130642218098,5.181004757032651
UGA-fed(KEN+TZA),2010,10,gdp_growth,2020,prophet_graph,2.95130642218098,1.199912181943405
UGA-fed(KEN+TZA),2010,10,gdp_growth,2020,xgb_blind,2.95130642218098,3.017880037075184
UGA-fed(KEN+TZA),2010,10,gdp_growth,2020,xgb_graph,2.95130642218098,4.160239617400318
UGA-fed(KEN+TZA),2010,10,gdp_growth,2020,lgbm_blind,2.95130642218098,3.017880037075184
UGA-fed(KEN+TZA),2010,10,gdp_growth,2020,lgbm_graph,2.95130642218098,4.050181114682868
UGA-fed(KEN+TZA),2010,10,gdp_growth,2020,tft,2.95130642218098,3.017880037075184
UGA-fed(KEN+TZA),2010,1,unemployment,2011,persistence,3.523,0.10000000000000009
UGA-fed(KEN+TZA),2010,1,unemployment,2011,arima,3.523,0.10819546726059759
UGA-fed(KEN+TZA),2010,1,unemployment,2011,prophet,3.523,0.5939096011194454
UGA-fed(KEN+TZA),2010,1,unemployment,2011,prophet_graph,3.523,0.5939096011194454
UGA-fed(KEN+TZA),2010,1,unemployment,2011,xgb_blind,3.523,0.10819546726059759
UGA-fed(KEN+TZA),2010,1,unemployment,2011,xgb_graph,3.523,0.10819546726059759
UGA-fed(KEN+TZA),2010,1,unemployment,2011,lgbm_blind,3.523,0.10819546726059759
UGA-fed(KEN+TZA),2010,1,unemployment,2011,lgbm_graph,3.523,0.10819546726059759
UGA-fed(KEN+TZA),2010,1,unemployment,2011,tft,3.523,0.10819546726059759
UGA-fed(KEN+TZA),2010,3,unemployment,2013,persistence,1.91,1.7130000000000003
UGA-fed(KEN+TZA),2010,3,unemployment,2013,arima,1.91,1.7251562704446972
UGA-fed(KEN+TZA),2010,3,unemployment,2013,prophet,1.91,0.9646815508924413
UGA-fed(KEN+TZA),2010,3,unemployment,2013,prophet_graph,1.91,0.9646815508924413
UGA-fed(KEN+TZA),2010,3,unemployment,2013,xgb_blind,1.91,1.7251562704446972
UGA-fed(KEN+TZA),2010,3,unemployment,2013,xgb_graph,1.91,1.7251562704446972
UGA-fed(KEN+TZA),2010,3,unemployment,2013,lgbm_blind,1.91,1.7251562704446972
UGA-fed(KEN+TZA),2010,3,unemployment,2013,lgbm_graph,1.91,1.7251562704446972
UGA-fed(KEN+TZA),2010,3,unemployment,2013,tft,1.91,1.7251562704446972
UGA-fed(KEN+TZA),2010,5,unemployment,2015,persistence,2.681,0.9420000000000002
UGA-fed(KEN+TZA),2010,5,unemployment,2015,arima,2.681,0.9546591627954388
UGA-fed(KEN+TZA),2010,5,unemployment,2015,prophet,2.681,0.1393471336129295
UGA-fed(KEN+TZA),2010,5,unemployment,2015,prophet_graph,2.681,0.1393471336129295
UGA-fed(KEN+TZA),2010,5,unemployment,2015,xgb_blind,2.681,0.9546591627954388
UGA-fed(KEN+TZA),2010,5,unemployment,2015,xgb_graph,2.681,0.9546591627954388
UGA-fed(KEN+TZA),2010,5,unemployment,2015,lgbm_blind,2.681,0.9546591627954388
UGA-fed(KEN+TZA),2010,5,unemployment,2015,lgbm_graph,2.681,0.9546591627954388
UGA-fed(KEN+TZA),2010,5,unemployment,2015,tft,2.681,0.9546591627954388
UGA-fed(KEN+TZA),2010,10,unemployment,2020,persistence,3.819,0.19599999999999973
UGA-fed(KEN+TZA),2010,10,unemployment,2020,arima,3.819,0.18326812046410534
UGA-fed(KEN+TZA),2010,10,unemployment,2020,prophet,3.819,1.1345633402944508
UGA-fed(KEN+TZA),2010,10,unemployment,2020,prophet_graph,3.819,1.1345633402944508
UGA-fed(KEN+TZA),2010,10,unemployment,2020,xgb_blind,3.819,0.18326812046410534
UGA-fed(KEN+TZA),2010,10,unemployment,2020,xgb_graph,3.819,0.18326812046410534
UGA-fed(KEN+TZA),2010,10,unemployment,2020,lgbm_blind,3.819,0.18326812046410534
UGA-fed(KEN+TZA),2010,10,unemployment,2020,lgbm_graph,3.819,0.18326812046410534
UGA-fed(KEN+TZA),2010,10,unemployment,2020,tft,3.819,0.18326812046410534
UGA-fed(KEN+TZA),2010,1,exports_gdp,2011,persistence,12.8557239406741,0.9687589340861003
UGA-fed(KEN+TZA),2010,1,exports_gdp,2011,arima,12.8557239406741,1.5875780400409099
UGA-fed(KEN+TZA),2010,1,exports_gdp,2011,prophet,12.8557239406741,5.305217150675507
UGA-fed(KEN+TZA),2010,1,exports_gdp,2011,prophet_graph,12.8557239406741,4.097318764690016
UGA-fed(KEN+TZA),2010,1,exports_gdp,2011,xgb_blind,12.8557239406741,1.5875780400409099
UGA-fed(KEN+TZA),2010,1,exports_gdp,2011,xgb_graph,12.8557239406741,0.6201786166989471
UGA-fed(KEN+TZA),2010,1,exports_gdp,2011,lgbm_blind,12.8557239406741,1.5875780400409099
UGA-fed(KEN+TZA),2010,1,exports_gdp,2011,lgbm_graph,12.8557239406741,0.28589588338497585
UGA-fed(KEN+TZA),2010,1,exports_gdp,2011,tft,12.8557239406741,1.5875780400409099
UGA-fed(KEN+TZA),2010,3,exports_gdp,2013,persistence,16.5130356713113,2.6885527965511002
UGA-fed(KEN+TZA),2010,3,exports_gdp,2013,arima,16.5130356713113,2.139362056790823
UGA-fed(KEN+TZA),2010,3,exports_gdp,2013,prophet,16.5130356713113,2.7078640726777117
UGA-fed(KEN+TZA),2010,3,exports_gdp,2013,prophet_graph,16.5130356713113,0.47654588467828773
UGA-fed(KEN+TZA),2010,3,exports_gdp,2013,xgb_blind,16.5130356713113,2.139362056790823
UGA-fed(KEN+TZA),2010,3,exports_gdp,2013,xgb_graph,16.5130356713113,0.5807379647072963
UGA-fed(KEN+TZA),2010,3,exports_gdp,2013,lgbm_blind,16.5130356713113,2.139362056790823
UGA-fed(KEN+TZA),2010,3,exports_gdp,2013,lgbm_graph,16.5130356713113,3.44797775784898
UGA-fed(KEN+TZA),2010,3,exports_gdp,2013,tft,16.5130356713113,2.139362056790823
UGA-fed(KEN+TZA),2010,5,exports_gdp,2015,persistence,12.8773253147369,0.9471575600232995
UGA-fed(KEN+TZA),2010,5,exports_gdp,2015,arima,12.8773253147369,1.4951857573166798
UGA-fed(KEN+TZA),2010,5,exports_gdp,2015,prophet,12.8773253147369,7.402083070054804
UGA-fed(KEN+TZA),2010,5,exports_gdp,2015,prophet_graph,12.8773253147369,4.1487451071303845
UGA-fed(KEN+TZA),2010,5,exports_gdp,2015,xgb_blind,12.8773253147369,1.4951857573166798
UGA-fed(KEN+TZA),2010,5,exports_gdp,2015,xgb_graph,12.8773253147369,3.1026837642425917
UGA-fed(KEN+TZA),2010,5,exports_gdp,2015,lgbm_blind,12.8773253147369,1.4951857573166798
UGA-fed(KEN+TZA),2010,5,exports_gdp,2015,lgbm_graph,12.8773253147369,0.8331739123100661
UGA-fed(KEN+TZA),2010,5,exports_gdp,2015,tft,12.8773253147369,1.4951857573166798
UGA-fed(KEN+TZA),2010,10,exports_gdp,2020,persistence,15.4147985397289,1.5903156649686991
UGA-fed(KEN+TZA),2010,10,exports_gdp,2020,arima,15.4147985397289,1.0423072082348632
UGA-fed(KEN+TZA),2010,10,exports_gdp,2020,prophet,15.4147985397289,7.5123314589062495
UGA-fed(KEN+TZA),2010,10,exports_gdp,2020,prophet_graph,15.4147985397289,1.7025440315803984
UGA-fed(KEN+TZA),2010,10,exports_gdp,2020,xgb_blind,15.4147985397289,1.0423072082348632
UGA-fed(KEN+TZA),2010,10,exports_gdp,2020,xgb_graph,15.4147985397289,1.2572858749339773
UGA-fed(KEN+TZA),2010,10,exports_gdp,2020,lgbm_blind,15.4147985397289,1.0423072082348632
UGA-fed(KEN+TZA),2010,10,exports_gdp,2020,lgbm_graph,15.4147985397289,0.836185085083569
UGA-fed(KEN+TZA),2010,10,exports_gdp,2020,tft,15.4147985397289,1.0423072082348632
UGA-fed(KEN+TZA),2010,1,imports_gdp,2011,persistence,26.899501619938,2.4547354575691003
UGA-fed(KEN+TZA),2010,1,imports_gdp,2011,arima,26.899501619938,2.8966212831586873
UGA-fed(KEN+TZA),2010,1,imports_gdp,2011,prophet,26.899501619938,1.7010580218679259
UGA-fed(KEN+TZA),2010,1,imports_gdp,2011,prophet_graph,26.899501619938,1.8656373802625588
UGA-fed(KEN+TZA),2010,1,imports_gdp,2011,xgb_blind,26.899501619938,2.8966212831586873
UGA-fed(KEN+TZA),2010,1,imports_gdp,2011,xgb_graph,26.899501619938,1.5638502222329222
UGA-fed(KEN+TZA),2010,1,imports_gdp,2011,lgbm_blind,26.899501619938,2.8966212831586873
UGA-fed(KEN+TZA),2010,1,imports_gdp,2011,lgbm_graph,26.899501619938,2.7609114748269157
UGA-fed(KEN+TZA),2010,1,imports_gdp,2011,tft,26.899501619938,2.8966212831586873
UGA-fed(KEN+TZA),2010,3,imports_gdp,2013,persistence,26.5961192021574,2.1513530397885
UGA-fed(KEN+TZA),2010,3,imports_gdp,2013,arima,26.5961192021574,2.647364878853544
UGA-fed(KEN+TZA),2010,3,imports_gdp,2013,prophet,26.5961192021574,2.85772570595811
UGA-fed(KEN+TZA),2010,3,imports_gdp,2013,prophet_graph,26.5961192021574,2.14224993075727
UGA-fed(KEN+TZA),2010,3,imports_gdp,2013,xgb_blind,26.5961192021574,2.647364878853544
UGA-fed(KEN+TZA),2010,3,imports_gdp,2013,xgb_graph,26.5961192021574,4.280517302969553
UGA-fed(KEN+TZA),2010,3,imports_gdp,2013,lgbm_blind,26.5961192021574,2.647364878853544
UGA-fed(KEN+TZA),2010,3,imports_gdp,2013,lgbm_graph,26.5961192021574,2.34373162552437
UGA-fed(KEN+TZA),2010,3,imports_gdp,2013,tft,26.5961192021574,2.647364878853544
UGA-fed(KEN+TZA),2010,5,imports_gdp,2015,persistence,24.8119730176989,0.3672068553300001
UGA-fed(KEN+TZA),2010,5,imports_gdp,2015,arima,24.8119730176989,0.8638774173862735
UGA-fed(KEN+TZA),2010,5,imports_gdp,2015,prophet,24.8119730176989,5.493989871820165
UGA-fed(KEN+TZA),2010,5,imports_gdp,2015,prophet_graph,24.8119730176989,0.9373052878048931
UGA-fed(KEN+TZA),2010,5,imports_gdp,2015,xgb_blind,24.8119730176989,0.8638774173862735
UGA-fed(KEN+TZA),2010,5,imports_gdp,2015,xgb_graph,24.8119730176989,0.043765467650072054
UGA-fed(KEN+TZA),2010,5,imports_gdp,2015,lgbm_blind,24.8119730176989,0.8638774173862735
UGA-fed(KEN+TZA),2010,5,imports_gdp,2015,lgbm_graph,24.8119730176989,0.04529563809074588
UGA-fed(KEN+TZA),2010,5,imports_gdp,2015,tft,24.8119730176989,0.8638774173862735
UGA-fed(KEN+TZA),2010,10,imports_gdp,2020,persistence,21.585893851908,2.8588723104608995
UGA-fed(KEN+TZA),2010,10,imports_gdp,2020,arima,21.585893851908,2.3621936329963944
UGA-fed(KEN+TZA),2010,10,imports_gdp,2020,prophet,21.585893851908,10.851531276025991
UGA-fed(KEN+TZA),2010,10,imports_gdp,2020,prophet_graph,21.585893851908,0.839976597451507
UGA-fed(KEN+TZA),2010,10,imports_gdp,2020,xgb_blind,21.585893851908,2.3621936329963944
UGA-fed(KEN+TZA),2010,10,imports_gdp,2020,xgb_graph,21.585893851908,5.225049751607624
UGA-fed(KEN+TZA),2010,10,imports_gdp,2020,lgbm_blind,21.585893851908,2.3621936329963944
UGA-fed(KEN+TZA),2010,10,imports_gdp,2020,lgbm_graph,21.585893851908,4.508128552155831
UGA-fed(KEN+TZA),2010,10,imports_gdp,2020,tft,21.585893851908,2.3621936329963944
UGA-fed(KEN+TZA),2010,1,current_account,2011,persistence,-7.48878445953833,1.4536663138368295
UGA-fed(KEN+TZA),2010,1,current_account,2011,arima,-7.48878445953833,1.7820126788725261
UGA-fed(KEN+TZA),2010,1,current_account,2011,prophet,-7.48878445953833,3.878379554311189
UGA-fed(KEN+TZA),2010,1,current_account,2011,prophet_graph,-7.48878445953833,2.3378868527841217
UGA-fed(KEN+TZA),2010,1,current_account,2011,xgb_blind,-7.48878445953833,1.7820126788725261
UGA-fed(KEN+TZA),2010,1,current_account,2011,xgb_graph,-7.48878445953833,3.207652238316406
UGA-fed(KEN+TZA),2010,1,current_account,2011,lgbm_blind,-7.48878445953833,1.7820126788725261
UGA-fed(KEN+TZA),2010,1,current_account,2011,lgbm_graph,-7.48878445953833,3.377769606027324
UGA-fed(KEN+TZA),2010,1,current_account,2011,tft,-7.48878445953833,1.7820126788725261
UGA-fed(KEN+TZA),2010,3,current_account,2013,persistence,-6.05719389968621,0.0220757539847094
UGA-fed(KEN+TZA),2010,3,current_account,2013,arima,-6.05719389968621,0.3027771963786261
UGA-fed(KEN+TZA),2010,3,current_account,2013,prophet,-6.05719389968621,2.5532592742000744
UGA-fed(KEN+TZA),2010,3,current_account,2013,prophet_graph,-6.05719389968621,2.3017550296014306
UGA-fed(KEN+TZA),2010,3,current_account,2013,xgb_blind,-6.05719389968621,0.3027771963786261
UGA-fed(KEN+TZA),2010,3,current_account,2013,xgb_graph,-6.05719389968621,1.088885927731864
UGA-fed(KEN+TZA),2010,3,current_account,2013,lgbm_blind,-6.05719389968621,0.3027771963786261
UGA-fed(KEN+TZA),2010,3,current_account,2013,lgbm_graph,-6.05719389968621,1.9669833972363726
UGA-fed(KEN+TZA),2010,3,current_account,2013,tft,-6.05719389968621,0.3027771963786261
UGA-fed(KEN+TZA),2010,5,current_account,2015,persistence,-5.1602872378994,0.8748309078021004
UGA-fed(KEN+TZA),2010,5,current_account,2015,arima,-5.1602872378994,0.5956074296817597
UGA-fed(KEN+TZA),2010,5,current_account,2015,prophet,-5.1602872378994,1.7626772419767853
UGA-fed(KEN+TZA),2010,5,current_account,2015,prophet_graph,-5.1602872378994,2.7983981322040696
UGA-fed(KEN+TZA),2010,5,current_account,2015,xgb_blind,-5.1602872378994,0.5956074296817597
UGA-fed(KEN+TZA),2010,5,current_account,2015,xgb_graph,-5.1602872378994,0.4367087848354352
UGA-fed(KEN+TZA),2010,5,current_account,2015,lgbm_blind,-5.1602872378994,0.5956074296817597
UGA-fed(KEN+TZA),2010,5,current_account,2015,lgbm_graph,-5.1602872378994,1.163757645581871
UGA-fed(KEN+TZA),2010,5,current_account,2015,tft,-5.1602872378994,0.5956074296817597
UGA-fed(KEN+TZA),2010,10,current_account,2020,persistence,-9.56958764500258,3.5344694993010792
UGA-fed(KEN+TZA),2010,10,current_account,2020,arima,-9.56958764500258,3.8136456546460096
UGA-fed(KEN+TZA),2010,10,current_account,2020,prophet,-9.56958764500258,6.437934873166251
UGA-fed(KEN+TZA),2010,10,current_account,2020,prophet_graph,-9.56958764500258,10.69348192256085
UGA-fed(KEN+TZA),2010,10,current_account,2020,xgb_blind,-9.56958764500258,3.8136456546460096
UGA-fed(KEN+TZA),2010,10,current_account,2020,xgb_graph,-9.56958764500258,4.3842329353773355
UGA-fed(KEN+TZA),2010,10,current_account,2020,lgbm_blind,-9.56958764500258,3.8136456546460096
UGA-fed(KEN+TZA),2010,10,current_account,2020,lgbm_graph,-9.56958764500258,5.92341993576443
UGA-fed(KEN+TZA),2010,10,current_account,2020,tft,-9.56958764500258,3.8136456546460096
UGA-fed(KEN+TZA),2010,1,real_interest_rate,2011,persistence,11.3734989307615,2.3877157184282005
UGA-fed(KEN+TZA),2010,1,real_interest_rate,2011,arima,11.3734989307615,33.63835503212592
UGA-fed(KEN+TZA),2010,1,real_interest_rate,2011,prophet,11.3734989307615,1.2051846538882884
UGA-fed(KEN+TZA),2010,1,real_interest_rate,2011,prophet_graph,11.3734989307615,1.2051846538882884
UGA-fed(KEN+TZA),2010,1,real_interest_rate,2011,xgb_blind,11.3734989307615,33.63835503212592
UGA-fed(KEN+TZA),2010,1,real_interest_rate,2011,xgb_graph,11.3734989307615,33.63835503212592
UGA-fed(KEN+TZA),2010,1,real_interest_rate,2011,lgbm_blind,11.3734989307615,33.63835503212592
UGA-fed(KEN+TZA),2010,1,real_interest_rate,2011,lgbm_graph,11.3734989307615,33.63835503212592
UGA-fed(KEN+TZA),2010,1,real_interest_rate,2011,tft,11.3734989307615,33.63835503212592
UGA-fed(KEN+TZA),2010,3,real_interest_rate,2013,persistence,19.0146300185037,5.253415369313998
UGA-fed(KEN+TZA),2010,3,real_interest_rate,2013,arima,19.0146300185037,34.39562159304304
UGA-fed(KEN+TZA),2010,3,real_interest_rate,2013,prophet,19.0146300185037,8.637399194132362
UGA-fed(KEN+TZA),2010,3,real_interest_rate,2013,prophet_graph,19.0146300185037,8.637399194132362
UGA-fed(KEN+TZA),2010,3,real_interest_rate,2013,xgb_blind,19.0146300185037,34.39562159304304
UGA-fed(KEN+TZA),2010,3,real_interest_rate,2013,xgb_graph,19.0146300185037,34.39562159304304
UGA-fed(KEN+TZA),2010,3,real_interest_rate,2013,lgbm_blind,19.0146300185037,34.39562159304304
UGA-fed(KEN+TZA),2010,3,real_interest_rate,2013,lgbm_graph,19.0146300185037,34.39562159304304
UGA-fed(KEN+TZA),2010,3,real_interest_rate,2013,tft,19.0146300185037,34.39562159304304
UGA-fed(KEN+TZA),2010,5,real_interest_rate,2015,persistence,16.5546646041457,2.7934499549559995
UGA-fed(KEN+TZA),2010,5,real_interest_rate,2015,arima,16.5546646041457,28.138143578506174
UGA-fed(KEN+TZA),2010,5,real_interest_rate,2015,prophet,16.5546646041457,5.968803027826853
UGA-fed(KEN+TZA),2010,5,real_interest_rate,2015,prophet_graph,16.5546646041457,5.968803027826853
UGA-fed(KEN+TZA),2010,5,real_interest_rate,2015,xgb_blind,16.5546646041457,28.138143578506174
UGA-fed(KEN+TZA),2010,5,real_interest_rate,2015,xgb_graph,16.5546646041457,28.138143578506174
UGA-fed(KEN+TZA),2010,5,real_interest_rate,2015,lgbm_blind,16.5546646041457,28.138143578506174
UGA-fed(KEN+TZA),2010,5,real_interest_rate,2015,lgbm_graph,16.5546646041457,28.138143578506174
UGA-fed(KEN+TZA),2010,5,real_interest_rate,2015,tft,16.5546646041457,28.138143578506174
UGA-fed(KEN+TZA),2010,10,real_interest_rate,2020,persistence,14.7478688039364,0.9866541547467005
UGA-fed(KEN+TZA),2010,10,real_interest_rate,2020,arima,14.7478688039364,20.602671027331585
UGA-fed(KEN+TZA),2010,10,real_interest_rate,2020,prophet,14.7478688039364,3.6401445521981657
UGA-fed(KEN+TZA),2010,10,real_interest_rate,2020,prophet_graph,14.7478688039364,3.6401445521981657
UGA-fed(KEN+TZA),2010,10,real_interest_rate,2020,xgb_blind,14.7478688039364,20.602671027331585
UGA-fed(KEN+TZA),2010,10,real_interest_rate,2020,xgb_graph,14.7478688039364,20.602671027331585
UGA-fed(KEN+TZA),2010,10,real_interest_rate,2020,lgbm_blind,14.7478688039364,20.602671027331585
UGA-fed(KEN+TZA),2010,10,real_interest_rate,2020,lgbm_graph,14.7478688039364,20.602671027331585
UGA-fed(KEN+TZA),2010,10,real_interest_rate,2020,tft,14.7478688039364,20.602671027331585
UGA-fed(KEN+TZA),2010,1,broad_money,2011,persistence,16.3928799610343,0.9518898117848984
UGA-fed(KEN+TZA),2010,1,broad_money,2011,arima,16.3928799610343,0.32799146340928687
UGA-fed(KEN+TZA),2010,1,broad_money,2011,prophet,16.3928799610343,5.366244176205598
UGA-fed(KEN+TZA),2010,1,broad_money,2011,prophet_graph,16.3928799610343,0.04881867752888169
UGA-fed(KEN+TZA),2010,1,broad_money,2011,xgb_blind,16.3928799610343,0.32799146340928687
UGA-fed(KEN+TZA),2010,1,broad_money,2011,xgb_graph,16.3928799610343,0.805343152979372
UGA-fed(KEN+TZA),2010,1,broad_money,2011,lgbm_blind,16.3928799610343,0.32799146340928687
UGA-fed(KEN+TZA),2010,1,broad_money,2011,lgbm_graph,16.3928799610343,0.7092150192465798
UGA-fed(KEN+TZA),2010,1,broad_money,2011,tft,16.3928799610343,0.32799146340928687
UGA-fed(KEN+TZA),2010,3,broad_money,2013,persistence,17.9866884362961,0.6419186634769005
UGA-fed(KEN+TZA),2010,3,broad_money,2013,arima,17.9866884362961,1.6188627511766143
UGA-fed(KEN+TZA),2010,3,broad_money,2013,prophet,17.9866884362961,4.948555146997595
UGA-fed(KEN+TZA),2010,3,broad_money,2013,prophet_graph,17.9866884362961,1.6346507020027268
UGA-fed(KEN+TZA),2010,3,broad_money,2013,xgb_blind,17.9866884362961,1.6188627511766143
UGA-fed(KEN+TZA),2010,3,broad_money,2013,xgb_graph,17.9866884362961,1.1675012719894582
UGA-fed(KEN+TZA),2010,3,broad_money,2013,lgbm_blind,17.9866884362961,1.6188627511766143
UGA-fed(KEN+TZA),2010,3,broad_money,2013,lgbm_graph,17.9866884362961,1.575568074544119
UGA-fed(KEN+TZA),2010,3,broad_money,2013,tft,17.9866884362961,1.6188627511766143
UGA-fed(KEN+TZA),2010,5,broad_money,2015,persistence,18.8439221029839,1.4991523301647014
UGA-fed(KEN+TZA),2010,5,broad_money,2015,arima,18.8439221029839,2.4312779312207944
UGA-fed(KEN+TZA),2010,5,broad_money,2015,prophet,18.8439221029839,5.2658320078327385
UGA-fed(KEN+TZA),2010,5,broad_money,2015,prophet_graph,18.8439221029839,2.5814226178245363
UGA-fed(KEN+TZA),2010,5,broad_money,2015,xgb_blind,18.8439221029839,2.4312779312207944
UGA-fed(KEN+TZA),2010,5,broad_money,2015,xgb_graph,18.8439221029839,2.726129973467298
UGA-fed(KEN+TZA),2010,5,broad_money,2015,lgbm_blind,18.8439221029839,2.4312779312207944
UGA-fed(KEN+TZA),2010,5,broad_money,2015,lgbm_graph,18.8439221029839,1.8516624813637215
UGA-fed(KEN+TZA),2010,5,broad_money,2015,tft,18.8439221029839,2.4312779312207944
UGA-fed(KEN+TZA),2010,10,broad_money,2020,persistence,22.731371239225,5.3866014664058
UGA-fed(KEN+TZA),2010,10,broad_money,2020,arima,22.731371239225,6.3108794841806315
UGA-fed(KEN+TZA),2010,10,broad_money,2020,prophet,22.731371239225,4.3162681089298545
UGA-fed(KEN+TZA),2010,10,broad_money,2020,prophet_graph,22.731371239225,6.692840032036457
UGA-fed(KEN+TZA),2010,10,broad_money,2020,xgb_blind,22.731371239225,6.3108794841806315
UGA-fed(KEN+TZA),2010,10,broad_money,2020,xgb_graph,22.731371239225,6.295809105435936
UGA-fed(KEN+TZA),2010,10,broad_money,2020,lgbm_blind,22.731371239225,6.3108794841806315
UGA-fed(KEN+TZA),2010,10,broad_money,2020,lgbm_graph,22.731371239225,4.266483446811112
UGA-fed(KEN+TZA),2010,10,broad_money,2020,tft,22.731371239225,6.3108794841806315
UGA-fed(KEN+TZA),2010,1,govt_consumption,2011,persistence,15.3978037954044,7.12434973316733
UGA-fed(KEN+TZA),2010,1,govt_consumption,2011,arima,15.3978037954044,6.837188361866838
UGA-fed(KEN+TZA),2010,1,govt_consumption,2011,prophet,15.3978037954044,2.2683973273222477
UGA-fed(KEN+TZA),2010,1,govt_consumption,2011,prophet_graph,15.3978037954044,7.736416047710998
UGA-fed(KEN+TZA),2010,1,govt_consumption,2011,xgb_blind,15.3978037954044,6.837188361866838
UGA-fed(KEN+TZA),2010,1,govt_consumption,2011,xgb_graph,15.3978037954044,4.804328453607525
UGA-fed(KEN+TZA),2010,1,govt_consumption,2011,lgbm_blind,15.3978037954044,6.837188361866838
UGA-fed(KEN+TZA),2010,1,govt_consumption,2011,lgbm_graph,15.3978037954044,3.026863515443768
UGA-fed(KEN+TZA),2010,1,govt_consumption,2011,tft,15.3978037954044,6.837188361866838
UGA-fed(KEN+TZA),2010,3,govt_consumption,2013,persistence,7.09808347224892,1.17537058998815
UGA-fed(KEN+TZA),2010,3,govt_consumption,2013,arima,7.09808347224892,1.5196895538332225
UGA-fed(KEN+TZA),2010,3,govt_consumption,2013,prophet,7.09808347224892,6.210556327846678
UGA-fed(KEN+TZA),2010,3,govt_consumption,2013,prophet_graph,7.09808347224892,2.127317365501435
UGA-fed(KEN+TZA),2010,3,govt_consumption,2013,xgb_blind,7.09808347224892,1.5196895538332225
UGA-fed(KEN+TZA),2010,3,govt_consumption,2013,xgb_graph,7.09808347224892,4.905964875224225
UGA-fed(KEN+TZA),2010,3,govt_consumption,2013,lgbm_blind,7.09808347224892,1.5196895538332225
UGA-fed(KEN+TZA),2010,3,govt_consumption,2013,lgbm_graph,7.09808347224892,5.619790657364321
UGA-fed(KEN+TZA),2010,3,govt_consumption,2013,tft,7.09808347224892,1.5196895538332225
UGA-fed(KEN+TZA),2010,5,govt_consumption,2015,persistence,8.95453398978222,0.6810799275451505
UGA-fed(KEN+TZA),2010,5,govt_consumption,2015,arima,8.95453398978222,0.33510702825235406
UGA-fed(KEN+TZA),2010,5,govt_consumption,2015,prophet,8.95453398978222,4.533093953090145
UGA-fed(KEN+TZA),2010,5,govt_consumption,2015,prophet_graph,8.95453398978222,1.8327403852343256
UGA-fed(KEN+TZA),2010,5,govt_consumption,2015,xgb_blind,8.95453398978222,0.33510702825235406
UGA-fed(KEN+TZA),2010,5,govt_consumption,2015,xgb_graph,8.95453398978222,1.7668623284052671
UGA-fed(KEN+TZA),2010,5,govt_consumption,2015,lgbm_blind,8.95453398978222,0.33510702825235406
UGA-fed(KEN+TZA),2010,5,govt_consumption,2015,lgbm_graph,8.95453398978222,3.922089908962363
UGA-fed(KEN+TZA),2010,5,govt_consumption,2015,tft,8.95453398978222,0.33510702825235406
UGA-fed(KEN+TZA),2010,10,govt_consumption,2020,persistence,9.51141446504173,1.23796040280466
UGA-fed(KEN+TZA),2010,10,govt_consumption,2020,arima,9.51141446504173,0.8919382254465695
UGA-fed(KEN+TZA),2010,10,govt_consumption,2020,prophet,9.51141446504173,4.4239290240092295
UGA-fed(KEN+TZA),2010,10,govt_consumption,2020,prophet_graph,9.51141446504173,5.182683305931047
UGA-fed(KEN+TZA),2010,10,govt_consumption,2020,xgb_blind,9.51141446504173,0.8919382254465695
UGA-fed(KEN+TZA),2010,10,govt_consumption,2020,xgb_graph,9.51141446504173,1.3462590542751283
UGA-fed(KEN+TZA),2010,10,govt_consumption,2020,lgbm_blind,9.51141446504173,0.8919382254465695
UGA-fed(KEN+TZA),2010,10,govt_consumption,2020,lgbm_graph,9.51141446504173,3.5857471314298834
UGA-fed(KEN+TZA),2010,10,govt_consumption,2020,tft,9.51141446504173,0.8919382254465695
UGA-fed(KEN+TZA),2011,1,gdp_growth,2012,persistence,3.83745560605229,5.554199886665311
UGA-fed(KEN+TZA),2011,1,gdp_growth,2012,arima,3.83745560605229,3.979970928978615
UGA-fed(KEN+TZA),2011,1,gdp_growth,2012,prophet,3.83745560605229,4.1488853124430225
UGA-fed(KEN+TZA),2011,1,gdp_growth,2012,prophet_graph,3.83745560605229,4.235745095719368
UGA-fed(KEN+TZA),2011,1,gdp_growth,2012,xgb_blind,3.83745560605229,3.979970928978615
UGA-fed(KEN+TZA),2011,1,gdp_growth,2012,xgb_graph,3.83745560605229,3.2438398842126026
UGA-fed(KEN+TZA),2011,1,gdp_growth,2012,lgbm_blind,3.83745560605229,3.979970928978615
UGA-fed(KEN+TZA),2011,1,gdp_growth,2012,lgbm_graph,3.83745560605229,3.2465907691315423
UGA-fed(KEN+TZA),2011,1,gdp_growth,2012,tft,3.83745560605229,3.979970928978615
UGA-fed(KEN+TZA),2011,3,gdp_growth,2014,persistence,5.10630732539796,4.28534816731964
UGA-fed(KEN+TZA),2011,3,gdp_growth,2014,arima,5.10630732539796,3.094435014624958
UGA-fed(KEN+TZA),2011,3,gdp_growth,2014,prophet,5.10630732539796,3.0420130699299914
UGA-fed(KEN+TZA),2011,3,gdp_growth,2014,prophet_graph,5.10630732539796,2.9203087724602046
UGA-fed(KEN+TZA),2011,3,gdp_growth,2014,xgb_blind,5.10630732539796,3.094435014624958
UGA-fed(KEN+TZA),2011,3,gdp_growth,2014,xgb_graph,5.10630732539796,2.989267053569325
UGA-fed(KEN+TZA),2011,3,gdp_growth,2014,lgbm_blind,5.10630732539796,3.094435014624958
UGA-fed(KEN+TZA),2011,3,gdp_growth,2014,lgbm_graph,5.10630732539796,2.251193817505418
UGA-fed(KEN+TZA),2011,3,gdp_growth,2014,tft,5.10630732539796,3.094435014624958
UGA-fed(KEN+TZA),2011,5,gdp_growth,2016,persistence,4.78100029254482,4.61065520017278
UGA-fed(KEN+TZA),2011,5,gdp_growth,2016,arima,4.78100029254482,3.487147315018448
UGA-fed(KEN+TZA),2011,5,gdp_growth,2016,prophet,4.78100029254482,3.5290779934641536
UGA-fed(KEN+TZA),2011,5,gdp_growth,2016,prophet_graph,4.78100029254482,3.1990949286281882
UGA-fed(KEN+TZA),2011,5,gdp_growth,2016,xgb_blind,4.78100029254482,3.487147315018448
UGA-fed(KEN+TZA),2011,5,gdp_growth,2016,xgb_graph,4.78100029254482,2.6676028606839397
UGA-fed(KEN+TZA),2011,5,gdp_growth,2016,lgbm_blind,4.78100029254482,3.487147315018448
UGA-fed(KEN+TZA),2011,5,gdp_growth,2016,lgbm_graph,4.78100029254482,2.5756228381413226
UGA-fed(KEN+TZA),2011,5,gdp_growth,2016,tft,4.78100029254482,3.487147315018448
UGA-fed(KEN+TZA),2011,10,gdp_growth,2021,persistence,3.53658034070898,5.85507515200862
UGA-fed(KEN+TZA),2011,10,gdp_growth,2021,arima,3.53658034070898,4.746135903117203
UGA-fed(KEN+TZA),2011,10,gdp_growth,2021,prophet,3.53658034070898,5.17833584430578
UGA-fed(KEN+TZA),2011,10,gdp_growth,2021,prophet_graph,3.53658034070898,4.327085234294466
UGA-fed(KEN+TZA),2011,10,gdp_growth,2021,xgb_blind,3.53658034070898,4.746135903117203
UGA-fed(KEN+TZA),2011,10,gdp_growth,2021,xgb_graph,3.53658034070898,3.8050858809096724
UGA-fed(KEN+TZA),2011,10,gdp_growth,2021,lgbm_blind,3.53658034070898,4.746135903117203
UGA-fed(KEN+TZA),2011,10,gdp_growth,2021,lgbm_graph,3.53658034070898,3.6640878949108826
UGA-fed(KEN+TZA),2011,10,gdp_growth,2021,tft,3.53658034070898,4.746135903117203
UGA-fed(KEN+TZA),2011,1,unemployment,2012,persistence,3.551,0.028000000000000025
UGA-fed(KEN+TZA),2011,1,unemployment,2012,arima,3.551,0.06360217553506553
UGA-fed(KEN+TZA),2011,1,unemployment,2012,prophet,3.551,0.5459460374687763
UGA-fed(KEN+TZA),2011,1,unemployment,2012,prophet_graph,3.551,0.5459460374687763
UGA-fed(KEN+TZA),2011,1,unemployment,2012,xgb_blind,3.551,0.06360217553506553
UGA-fed(KEN+TZA),2011,1,unemployment,2012,xgb_graph,3.551,0.06360217553506553
UGA-fed(KEN+TZA),2011,1,unemployment,2012,lgbm_blind,3.551,0.06360217553506553
UGA-fed(KEN+TZA),2011,1,unemployment,2012,lgbm_graph,3.551,0.06360217553506553
UGA-fed(KEN+TZA),2011,1,unemployment,2012,tft,3.551,0.06360217553506553
UGA-fed(KEN+TZA),2011,3,unemployment,2014,persistence,2.357,1.166
UGA-fed(KEN+TZA),2011,3,unemployment,2014,arima,2.357,1.113210046630253
UGA-fed(KEN+TZA),2011,3,unemployment,2014,prophet,2.357,0.6068457718601428
UGA-fed(KEN+TZA),2011,3,unemployment,2014,prophet_graph,2.357,0.6068457718601428
UGA-fed(KEN+TZA),2011,3,unemployment,2014,xgb_blind,2.357,1.113210046630253
UGA-fed(KEN+TZA),2011,3,unemployment,2014,xgb_graph,2.357,1.113210046630253
UGA-fed(KEN+TZA),2011,3,unemployment,2014,lgbm_blind,2.357,1.113210046630253
UGA-fed(KEN+TZA),2011,3,unemployment,2014,lgbm_graph,2.357,1.113210046630253
UGA-fed(KEN+TZA),2011,3,unemployment,2014,tft,2.357,1.113210046630253
UGA-fed(KEN+TZA),2011,5,unemployment,2016,persistence,3.002,0.5210000000000004
UGA-fed(KEN+TZA),2011,5,unemployment,2016,arima,3.002,0.466031470175055
UGA-fed(KEN+TZA),2011,5,unemployment,2016,prophet,3.002,0.0793060464570794
UGA-fed(KEN+TZA),2011,5,unemployment,2016,prophet_graph,3.002,0.0793060464570794
UGA-fed(KEN+TZA),2011,5,unemployment,2016,xgb_blind,3.002,0.466031470175055
UGA-fed(KEN+TZA),2011,5,unemployment,2016,xgb_graph,3.002,0.466031470175055
UGA-fed(KEN+TZA),2011,5,unemployment,2016,lgbm_blind,3.002,0.466031470175055
UGA-fed(KEN+TZA),2011,5,unemployment,2016,lgbm_graph,3.002,0.466031470175055
UGA-fed(KEN+TZA),2011,5,unemployment,2016,tft,3.002,0.466031470175055
UGA-fed(KEN+TZA),2011,10,unemployment,2021,persistence,3.416,0.1070000000000002
UGA-fed(KEN+TZA),2011,10,unemployment,2021,arima,3.416,0.051717059844458735
UGA-fed(KEN+TZA),2011,10,unemployment,2021,prophet,3.416,0.5962983369578536
UGA-fed(KEN+TZA),2011,10,unemployment,2021,prophet_graph,3.416,0.5962983369578536
UGA-fed(KEN+TZA),2011,10,unemployment,2021,xgb_blind,3.416,0.051717059844458735
UGA-fed(KEN+TZA),2011,10,unemployment,2021,xgb_graph,3.416,0.051717059844458735
UGA-fed(KEN+TZA),2011,10,unemployment,2021,lgbm_blind,3.416,0.051717059844458735
UGA-fed(KEN+TZA),2011,10,unemployment,2021,lgbm_graph,3.416,0.051717059844458735
UGA-fed(KEN+TZA),2011,10,unemployment,2021,tft,3.416,0.051717059844458735
UGA-fed(KEN+TZA),2011,1,exports_gdp,2012,persistence,15.4917287700064,2.6360048293323004
UGA-fed(KEN+TZA),2011,1,exports_gdp,2012,arima,15.4917287700064,2.553928509956407
UGA-fed(KEN+TZA),2011,1,exports_gdp,2012,prophet,15.4917287700064,2.226712795359301
UGA-fed(KEN+TZA),2011,1,exports_gdp,2012,prophet_graph,15.4917287700064,0.4569427989486563
UGA-fed(KEN+TZA),2011,1,exports_gdp,2012,xgb_blind,15.4917287700064,2.553928509956407
UGA-fed(KEN+TZA),2011,1,exports_gdp,2012,xgb_graph,15.4917287700064,2.7395858638174353
UGA-fed(KEN+TZA),2011,1,exports_gdp,2012,lgbm_blind,15.4917287700064,2.553928509956407
UGA-fed(KEN+TZA),2011,1,exports_gdp,2012,lgbm_graph,15.4917287700064,2.9082866042683406
UGA-fed(KEN+TZA),2011,1,exports_gdp,2012,tft,15.4917287700064,2.553928509956407
UGA-fed(KEN+TZA),2011,3,exports_gdp,2014,persistence,14.9482109075764,2.0924869669022996
UGA-fed(KEN+TZA),2011,3,exports_gdp,2014,arima,14.9482109075764,2.0167752677932267
UGA-fed(KEN+TZA),2011,3,exports_gdp,2014,prophet,14.9482109075764,3.7062605234418804
UGA-fed(KEN+TZA),2011,3,exports_gdp,2014,prophet_graph,14.9482109075764,0.7648392357414338
UGA-fed(KEN+TZA),2011,3,exports_gdp,2014,xgb_blind,14.9482109075764,2.0167752677932267
UGA-fed(KEN+TZA),2011,3,exports_gdp,2014,xgb_graph,14.9482109075764,1.7913867956379228
UGA-fed(KEN+TZA),2011,3,exports_gdp,2014,lgbm_blind,14.9482109075764,2.0167752677932267
UGA-fed(KEN+TZA),2011,3,exports_gdp,2014,lgbm_graph,14.9482109075764,1.8941705508901592
UGA-fed(KEN+TZA),2011,3,exports_gdp,2014,tft,14.9482109075764,2.0167752677932267
UGA-fed(KEN+TZA),2011,5,exports_gdp,2016,persistence,12.4271644156806,0.42855952499349925
UGA-fed(KEN+TZA),2011,5,exports_gdp,2016,arima,12.4271644156806,0.5042255387688712
UGA-fed(KEN+TZA),2011,5,exports_gdp,2016,prophet,12.4271644156806,7.162056402377875
UGA-fed(KEN+TZA),2011,5,exports_gdp,2016,prophet_graph,12.4271644156806,3.0505866295316615
UGA-fed(KEN+TZA),2011,5,exports_gdp,2016,xgb_blind,12.4271644156806,0.5042255387688712
UGA-fed(KEN+TZA),2011,5,exports_gdp,2016,xgb_graph,12.4271644156806,3.5322376686699855
UGA-fed(KEN+TZA),2011,5,exports_gdp,2016,lgbm_blind,12.4271644156806,0.5042255387688712
UGA-fed(KEN+TZA),2011,5,exports_gdp,2016,lgbm_graph,12.4271644156806,1.2330539353469447
UGA-fed(KEN+TZA),2011,5,exports_gdp,2016,tft,12.4271644156806,0.5042255387688712
UGA-fed(KEN+TZA),2011,10,exports_gdp,2021,persistence,15.7810081695276,2.925284228853501
UGA-fed(KEN+TZA),2011,10,exports_gdp,2021,arima,15.7810081695276,2.8496185453804426
UGA-fed(KEN+TZA),2011,10,exports_gdp,2021,prophet,15.7810081695276,6.1476470733561275
UGA-fed(KEN+TZA),2011,10,exports_gdp,2021,prophet_graph,15.7810081695276,0.892149524642571
UGA-fed(KEN+TZA),2011,10,exports_gdp,2021,xgb_blind,15.7810081695276,2.8496185453804426
UGA-fed(KEN+TZA),2011,10,exports_gdp,2021,xgb_graph,15.7810081695276,1.791605398531507
UGA-fed(KEN+TZA),2011,10,exports_gdp,2021,lgbm_blind,15.7810081695276,2.8496185453804426
UGA-fed(KEN+TZA),2011,10,exports_gdp,2021,lgbm_graph,15.7810081695276,1.3459688082096477
UGA-fed(KEN+TZA),2011,10,exports_gdp,2021,tft,15.7810081695276,2.8496185453804426
UGA-fed(KEN+TZA),2011,1,imports_gdp,2012,persistence,28.010408369725,1.1109067497869987
UGA-fed(KEN+TZA),2011,1,imports_gdp,2012,arima,28.010408369725,1.079950610638054
UGA-fed(KEN+TZA),2011,1,imports_gdp,2012,prophet,28.010408369725,0.7083098948225306
UGA-fed(KEN+TZA),2011,1,imports_gdp,2012,prophet_graph,28.010408369725,2.5417500177029453
UGA-fed(KEN+TZA),2011,1,imports_gdp,2012,xgb_blind,28.010408369725,1.079950610638054
UGA-fed(KEN+TZA),2011,1,imports_gdp,2012,xgb_graph,28.010408369725,3.056804625218163
UGA-fed(KEN+TZA),2011,1,imports_gdp,2012,lgbm_blind,28.010408369725,1.079950610638054
UGA-fed(KEN+TZA),2011,1,imports_gdp,2012,lgbm_graph,28.010408369725,3.7403462410221984
UGA-fed(KEN+TZA),2011,1,imports_gdp,2012,tft,28.010408369725,1.079950610638054
UGA-fed(KEN+TZA),2011,3,imports_gdp,2014,persistence,21.0661901743321,5.833311445605901
UGA-fed(KEN+TZA),2011,3,imports_gdp,2014,arima,21.0661901743321,5.864662888958595
UGA-fed(KEN+TZA),2011,3,imports_gdp,2014,prophet,21.0661901743321,8.465610192964075
UGA-fed(KEN+TZA),2011,3,imports_gdp,2014,prophet_graph,21.0661901743321,3.702872200069031
UGA-fed(KEN+TZA),2011,3,imports_gdp,2014,xgb_blind,21.0661901743321,5.864662888958595
UGA-fed(KEN+TZA),2011,3,imports_gdp,2014,xgb_graph,21.0661901743321,8.90535981346087
UGA-fed(KEN+TZA),2011,3,imports_gdp,2014,lgbm_blind,21.0661901743321,5.864662888958595
UGA-fed(KEN+TZA),2011,3,imports_gdp,2014,lgbm_graph,21.0661901743321,3.3255192035590397
UGA-fed(KEN+TZA),2011,3,imports_gdp,2014,tft,21.0661901743321,5.864662888958595
UGA-fed(KEN+TZA),2011,5,imports_gdp,2016,persistence,18.7821976075312,8.117304012406802
UGA-fed(KEN+TZA),2011,5,imports_gdp,2016,arima,18.7821976075312,8.148655518625464
UGA-fed(KEN+TZA),2011,5,imports_gdp,2016,prophet,18.7821976075312,11.561572575095365
UGA-fed(KEN+TZA),2011,5,imports_gdp,2016,prophet_graph,18.7821976075312,5.288225828890077
UGA-fed(KEN+TZA),2011,5,imports_gdp,2016,xgb_blind,18.7821976075312,8.148655518625464
UGA-fed(KEN+TZA),2011,5,imports_gdp,2016,xgb_graph,18.7821976075312,8.794828759656301
UGA-fed(KEN+TZA),2011,5,imports_gdp,2016,lgbm_blind,18.7821976075312,8.148655518625464
UGA-fed(KEN+TZA),2011,5,imports_gdp,2016,lgbm_graph,18.7821976075312,6.1099400321316
UGA-fed(KEN+TZA),2011,5,imports_gdp,2016,tft,18.7821976075312,8.148655518625464
UGA-fed(KEN+TZA),2011,10,imports_gdp,2021,persistence,25.9326225729506,0.9668790469874011
UGA-fed(KEN+TZA),2011,10,imports_gdp,2021,arima,25.9326225729506,0.9982305532160609
UGA-fed(KEN+TZA),2011,10,imports_gdp,2021,prophet,25.9326225729506,6.443296722838454
UGA-fed(KEN+TZA),2011,10,imports_gdp,2021,prophet_graph,25.9326225729506,3.610710560761099
UGA-fed(KEN+TZA),2011,10,imports_gdp,2021,xgb_blind,25.9326225729506,0.9982305532160609
UGA-fed(KEN+TZA),2011,10,imports_gdp,2021,xgb_graph,25.9326225729506,1.518181183763268
UGA-fed(KEN+TZA),2011,10,imports_gdp,2021,lgbm_blind,25.9326225729506,0.9982305532160609
UGA-fed(KEN+TZA),2011,10,imports_gdp,2021,lgbm_graph,25.9326225729506,0.22852311415267224
UGA-fed(KEN+TZA),2011,10,imports_gdp,2021,tft,25.9326225729506,0.9982305532160609
UGA-fed(KEN+TZA),2011,1,current_account,2012,persistence,-6.0631263873337,1.4256580722046301
UGA-fed(KEN+TZA),2011,1,current_account,2012,arima,-6.0631263873337,1.2285627906490966
UGA-fed(KEN+TZA),2011,1,current_account,2012,prophet,-6.0631263873337,1.799115332628646
UGA-fed(KEN+TZA),2011,1,current_account,2012,prophet_graph,-6.0631263873337,0.5895738169410567
UGA-fed(KEN+TZA),2011,1,current_account,2012,xgb_blind,-6.0631263873337,1.2285627906490966
UGA-fed(KEN+TZA),2011,1,current_account,2012,xgb_graph,-6.0631263873337,1.6662133357284752
UGA-fed(KEN+TZA),2011,1,current_account,2012,lgbm_blind,-6.0631263873337,1.2285627906490966
UGA-fed(KEN+TZA),2011,1,current_account,2012,lgbm_graph,-6.0631263873337,1.791265369075509
UGA-fed(KEN+TZA),2011,1,current_account,2012,tft,-6.0631263873337,1.2285627906490966
UGA-fed(KEN+TZA),2011,3,current_account,2014,persistence,-6.64160843323991,0.8471760262984196
UGA-fed(KEN+TZA),2011,3,current_account,2014,arima,-6.64160843323991,0.6731806418525066
UGA-fed(KEN+TZA),2011,3,current_account,2014,prophet,-6.64160843323991,2.3928493624859417
UGA-fed(KEN+TZA),2011,3,current_account,2014,prophet_graph,-6.64160843323991,1.3425325196182847
UGA-fed(KEN+TZA),2011,3,current_account,2014,xgb_blind,-6.64160843323991,0.6731806418525066
UGA-fed(KEN+TZA),2011,3,current_account,2014,xgb_graph,-6.64160843323991,3.465180592053387
UGA-fed(KEN+TZA),2011,3,current_account,2014,lgbm_blind,-6.64160843323991,0.6731806418525066
UGA-fed(KEN+TZA),2011,3,current_account,2014,lgbm_graph,-6.64160843323991,2.3725256249610176
UGA-fed(KEN+TZA),2011,3,current_account,2014,tft,-6.64160843323991,0.6731806418525066
UGA-fed(KEN+TZA),2011,5,current_account,2016,persistence,-2.85393787294637,4.63484658659196
UGA-fed(KEN+TZA),2011,5,current_account,2016,arima,-2.85393787294637,4.461275854022277
UGA-fed(KEN+TZA),2011,5,current_account,2016,prophet,-2.85393787294637,1.3795900784036417
UGA-fed(KEN+TZA),2011,5,current_account,2016,prophet_graph,-2.85393787294637,1.0933654932377919
UGA-fed(KEN+TZA),2011,5,current_account,2016,xgb_blind,-2.85393787294637,4.461275854022277
UGA-fed(KEN+TZA),2011,5,current_account,2016,xgb_graph,-2.85393787294637,1.1944734963773604
UGA-fed(KEN+TZA),2011,5,current_account,2016,lgbm_blind,-2.85393787294637,4.461275854022277
UGA-fed(KEN+TZA),2011,5,current_account,2016,lgbm_graph,-2.85393787294637,1.3480184676584748
UGA-fed(KEN+TZA),2011,5,current_account,2016,tft,-2.85393787294637,4.461275854022277
UGA-fed(KEN+TZA),2011,10,current_account,2021,persistence,-8.8944875833578,1.4057031238194693
UGA-fed(KEN+TZA),2011,10,current_account,2021,arima,-8.8944875833578,1.5792659033338765
UGA-fed(KEN+TZA),2011,10,current_account,2021,prophet,-8.8944875833578,4.699079159611936
UGA-fed(KEN+TZA),2011,10,current_account,2021,prophet_graph,-8.8944875833578,8.33031907219863
UGA-fed(KEN+TZA),2011,10,current_account,2021,xgb_blind,-8.8944875833578,1.5792659033338765
UGA-fed(KEN+TZA),2011,10,current_account,2021,xgb_graph,-8.8944875833578,2.827256881911266
UGA-fed(KEN+TZA),2011,10,current_account,2021,lgbm_blind,-8.8944875833578,1.5792659033338765
UGA-fed(KEN+TZA),2011,10,current_account,2021,lgbm_graph,-8.8944875833578,4.928101823789337
UGA-fed(KEN+TZA),2011,10,current_account,2021,tft,-8.8944875833578,1.5792659033338765
UGA-fed(KEN+TZA),2011,1,real_interest_rate,2012,persistence,21.4880791448606,10.1145802140991
UGA-fed(KEN+TZA),2011,1,real_interest_rate,2012,arima,21.4880791448606,8.923713365276544
UGA-fed(KEN+TZA),2011,1,real_interest_rate,2012,prophet,21.4880791448606,10.891615915213608
UGA-fed(KEN+TZA),2011,1,real_interest_rate,2012,prophet_graph,21.4880791448606,10.891615915213608
UGA-fed(KEN+TZA),2011,1,real_interest_rate,2012,xgb_blind,21.4880791448606,8.923713365276544
UGA-fed(KEN+TZA),2011,1,real_interest_rate,2012,xgb_graph,21.4880791448606,8.923713365276544
UGA-fed(KEN+TZA),2011,1,real_interest_rate,2012,lgbm_blind,21.4880791448606,8.923713365276544
UGA-fed(KEN+TZA),2011,1,real_interest_rate,2012,lgbm_graph,21.4880791448606,8.923713365276544
UGA-fed(KEN+TZA),2011,1,real_interest_rate,2012,tft,21.4880791448606,8.923713365276544
UGA-fed(KEN+TZA),2011,3,real_interest_rate,2014,persistence,15.6773841196638,4.303885188902301
UGA-fed(KEN+TZA),2011,3,real_interest_rate,2014,arima,15.6773841196638,3.4107331836102244
UGA-fed(KEN+TZA),2011,3,real_interest_rate,2014,prophet,15.6773841196638,4.83413943442466
UGA-fed(KEN+TZA),2011,3,real_interest_rate,2014,prophet_graph,15.6773841196638,4.83413943442466
UGA-fed(KEN+TZA),2011,3,real_interest_rate,2014,xgb_blind,15.6773841196638,3.4107331836102244
UGA-fed(KEN+TZA),2011,3,real_interest_rate,2014,xgb_graph,15.6773841196638,3.4107331836102244
UGA-fed(KEN+TZA),2011,3,real_interest_rate,2014,lgbm_blind,15.6773841196638,3.4107331836102244
UGA-fed(KEN+TZA),2011,3,real_interest_rate,2014,lgbm_graph,15.6773841196638,3.4107331836102244
UGA-fed(KEN+TZA),2011,3,real_interest_rate,2014,tft,15.6773841196638,3.4107331836102244
UGA-fed(KEN+TZA),2011,5,real_interest_rate,2016,persistence,18.2333937267573,6.8598947959958
UGA-fed(KEN+TZA),2011,5,real_interest_rate,2016,arima,18.2333937267573,6.040799031478366
UGA-fed(KEN+TZA),2011,5,real_interest_rate,2016,prophet,18.2333937267573,7.143705180256507
UGA-fed(KEN+TZA),2011,5,real_interest_rate,2016,prophet_graph,18.2333937267573,7.143705180256507
UGA-fed(KEN+TZA),2011,5,real_interest_rate,2016,xgb_blind,18.2333937267573,6.040799031478366
UGA-fed(KEN+TZA),2011,5,real_interest_rate,2016,xgb_graph,18.2333937267573,6.040799031478366
UGA-fed(KEN+TZA),2011,5,real_interest_rate,2016,lgbm_blind,18.2333937267573,6.040799031478366
UGA-fed(KEN+TZA),2011,5,real_interest_rate,2016,lgbm_graph,18.2333937267573,6.040799031478366
UGA-fed(KEN+TZA),2011,5,real_interest_rate,2016,tft,18.2333937267573,6.040799031478366
UGA-fed(KEN+TZA),2011,10,real_interest_rate,2021,persistence,14.7478688039364,3.374369873174901
UGA-fed(KEN+TZA),2011,10,real_interest_rate,2021,arima,14.7478688039364,2.580551812204236
UGA-fed(KEN+TZA),2011,10,real_interest_rate,2021,prophet,14.7478688039364,3.0413954156204834
UGA-fed(KEN+TZA),2011,10,real_interest_rate,2021,prophet_graph,14.7478688039364,3.0413954156204834
UGA-fed(KEN+TZA),2011,10,real_interest_rate,2021,xgb_blind,14.7478688039364,2.580551812204236
UGA-fed(KEN+TZA),2011,10,real_interest_rate,2021,xgb_graph,14.7478688039364,2.580551812204236
UGA-fed(KEN+TZA),2011,10,real_interest_rate,2021,lgbm_blind,14.7478688039364,2.580551812204236
UGA-fed(KEN+TZA),2011,10,real_interest_rate,2021,lgbm_graph,14.7478688039364,2.580551812204236
UGA-fed(KEN+TZA),2011,10,real_interest_rate,2021,tft,14.7478688039364,2.580551812204236
UGA-fed(KEN+TZA),2011,1,broad_money,2012,persistence,17.5610483784277,1.1681684173933995
UGA-fed(KEN+TZA),2011,1,broad_money,2012,arima,17.5610483784277,0.8081110030649761
UGA-fed(KEN+TZA),2011,1,broad_money,2012,prophet,17.5610483784277,3.822480011242021
UGA-fed(KEN+TZA),2011,1,broad_money,2012,prophet_graph,17.5610483784277,1.9651057982393674
UGA-fed(KEN+TZA),2011,1,broad_money,2012,xgb_blind,17.5610483784277,0.8081110030649761
UGA-fed(KEN+TZA),2011,1,broad_money,2012,xgb_graph,17.5610483784277,3.148927817861363
UGA-fed(KEN+TZA),2011,1,broad_money,2012,lgbm_blind,17.5610483784277,0.8081110030649761
UGA-fed(KEN+TZA),2011,1,broad_money,2012,lgbm_graph,17.5610483784277,1.843611315483015
UGA-fed(KEN+TZA),2011,1,broad_money,2012,tft,17.5610483784277,0.8081110030649761
UGA-fed(KEN+TZA),2011,3,broad_money,2014,persistence,18.6599683055423,2.267088344508
UGA-fed(KEN+TZA),2011,3,broad_money,2014,arima,18.6599683055423,1.9917085992887849
UGA-fed(KEN+TZA),2011,3,broad_money,2014,prophet,18.6599683055423,3.774263280630521
UGA-fed(KEN+TZA),2011,3,broad_money,2014,prophet_graph,18.6599683055423,1.1372982860329692
UGA-fed(KEN+TZA),2011,3,broad_money,2014,xgb_blind,18.6599683055423,1.9917085992887849
UGA-fed(KEN+TZA),2011,3,broad_money,2014,xgb_graph,18.6599683055423,0.5072623005368015
UGA-fed(KEN+TZA),2011,3,broad_money,2014,lgbm_blind,18.6599683055423,1.9917085992887849
UGA-fed(KEN+TZA),2011,3,broad_money,2014,lgbm_graph,18.6599683055423,2.2498079898781107
UGA-fed(KEN+TZA),2011,3,broad_money,2014,tft,18.6599683055423,1.9917085992887849
UGA-fed(KEN+TZA),2011,5,broad_money,2016,persistence,19.0748437204022,2.6819637593678998
UGA-fed(KEN+TZA),2011,5,broad_money,2016,arima,19.0748437204022,2.4186994503373462
UGA-fed(KEN+TZA),2011,5,broad_money,2016,prophet,19.0748437204022,4.408653711799712
UGA-fed(KEN+TZA),2011,5,broad_money,2016,prophet_graph,19.0748437204022,0.9931644072647074
UGA-fed(KEN+TZA),2011,5,broad_money,2016,xgb_blind,19.0748437204022,2.4186994503373462
UGA-fed(KEN+TZA),2011,5,broad_money,2016,xgb_graph,19.0748437204022,0.9656842507977075
UGA-fed(KEN+TZA),2011,5,broad_money,2016,lgbm_blind,19.0748437204022,2.4186994503373462
UGA-fed(KEN+TZA),2011,5,broad_money,2016,lgbm_graph,19.0748437204022,2.117841753813561
UGA-fed(KEN+TZA),2011,5,broad_money,2016,tft,19.0748437204022,2.4186994503373462
UGA-fed(KEN+TZA),2011,10,broad_money,2021,persistence,22.4880935076946,6.0952135466603
UGA-fed(KEN+TZA),2011,10,broad_money,2021,arima,22.4880935076946,5.833987768932385
UGA-fed(KEN+TZA),2011,10,broad_money,2021,prophet,22.4880935076946,3.621443240528059
UGA-fed(KEN+TZA),2011,10,broad_money,2021,prophet_graph,22.4880935076946,1.7424897821654675
UGA-fed(KEN+TZA),2011,10,broad_money,2021,xgb_blind,22.4880935076946,5.833987768932385
UGA-fed(KEN+TZA),2011,10,broad_money,2021,xgb_graph,22.4880935076946,6.24462426941335
UGA-fed(KEN+TZA),2011,10,broad_money,2021,lgbm_blind,22.4880935076946,5.833987768932385
UGA-fed(KEN+TZA),2011,10,broad_money,2021,lgbm_graph,22.4880935076946,4.1958730741415415
UGA-fed(KEN+TZA),2011,10,broad_money,2021,tft,22.4880935076946,5.833987768932385
UGA-fed(KEN+TZA),2011,1,govt_consumption,2012,persistence,7.59446464218355,7.80333915322085
UGA-fed(KEN+TZA),2011,1,govt_consumption,2012,arima,7.59446464218355,10.583072138571257
UGA-fed(KEN+TZA),2011,1,govt_consumption,2012,prophet,7.59446464218355,6.024999426479989
UGA-fed(KEN+TZA),2011,1,govt_consumption,2012,prophet_graph,7.59446464218355,2.284352219835916
UGA-fed(KEN+TZA),2011,1,govt_consumption,2012,xgb_blind,7.59446464218355,10.583072138571257
UGA-fed(KEN+TZA),2011,1,govt_consumption,2012,xgb_graph,7.59446464218355,5.426403659208051
UGA-fed(KEN+TZA),2011,1,govt_consumption,2012,lgbm_blind,7.59446464218355,10.583072138571257
UGA-fed(KEN+TZA),2011,1,govt_consumption,2012,lgbm_graph,7.59446464218355,4.920612017791048
UGA-fed(KEN+TZA),2011,1,govt_consumption,2012,tft,7.59446464218355,10.583072138571257
UGA-fed(KEN+TZA),2011,3,govt_consumption,2014,persistence,7.42890180380585,7.96890199159855
UGA-fed(KEN+TZA),2011,3,govt_consumption,2014,arima,7.42890180380585,12.256387134480274
UGA-fed(KEN+TZA),2011,3,govt_consumption,2014,prophet,7.42890180380585,6.424104085508615
UGA-fed(KEN+TZA),2011,3,govt_consumption,2014,prophet_graph,7.42890180380585,2.823370145873602
UGA-fed(KEN+TZA),2011,3,govt_consumption,2014,xgb_blind,7.42890180380585,12.256387134480274
UGA-fed(KEN+TZA),2011,3,govt_consumption,2014,xgb_graph,7.42890180380585,3.111374723598935
UGA-fed(KEN+TZA),2011,3,govt_consumption,2014,lgbm_blind,7.42890180380585,12.256387134480274
UGA-fed(KEN+TZA),2011,3,govt_consumption,2014,lgbm_graph,7.42890180380585,5.430021280051635
UGA-fed(KEN+TZA),2011,3,govt_consumption,2014,tft,7.42890180380585,12.256387134480274
UGA-fed(KEN+TZA),2011,5,govt_consumption,2016,persistence,7.3519468435187,8.0458569518857
UGA-fed(KEN+TZA),2011,5,govt_consumption,2016,arima,7.3519468435187,12.562875372421686
UGA-fed(KEN+TZA),2011,5,govt_consumption,2016,prophet,7.3519468435187,6.734281383791902
UGA-fed(KEN+TZA),2011,5,govt_consumption,2016,prophet_graph,7.3519468435187,3.273269311347878
UGA-fed(KEN+TZA),2011,5,govt_consumption,2016,xgb_blind,7.3519468435187,12.562875372421686
UGA-fed(KEN+TZA),2011,5,govt_consumption,2016,xgb_graph,7.3519468435187,3.830369936571632
UGA-fed(KEN+TZA),2011,5,govt_consumption,2016,lgbm_blind,7.3519468435187,12.562875372421686
UGA-fed(KEN+TZA),2011,5,govt_consumption,2016,lgbm_graph,7.3519468435187,5.6729817823734905
UGA-fed(KEN+TZA),2011,5,govt_consumption,2016,tft,7.3519468435187,12.562875372421686
UGA-fed(KEN+TZA),2011,10,govt_consumption,2021,persistence,9.93159612659213,5.46620766881227
UGA-fed(KEN+TZA),2011,10,govt_consumption,2021,arima,9.93159612659213,10.024071297242667
UGA-fed(KEN+TZA),2011,10,govt_consumption,2021,prophet,9.93159612659213,4.738326911018392
UGA-fed(KEN+TZA),2011,10,govt_consumption,2021,prophet_graph,9.93159612659213,1.6270023061879861
UGA-fed(KEN+TZA),2011,10,govt_consumption,2021,xgb_blind,9.93159612659213,10.024071297242667
UGA-fed(KEN+TZA),2011,10,govt_consumption,2021,xgb_graph,9.93159612659213,2.621569480931729
UGA-fed(KEN+TZA),2011,10,govt_consumption,2021,lgbm_blind,9.93159612659213,10.024071297242667
UGA-fed(KEN+TZA),2011,10,govt_consumption,2021,lgbm_graph,9.93159612659213,3.3572856918613407
UGA-fed(KEN+TZA),2011,10,govt_consumption,2021,tft,9.93159612659213,10.024071297242667
UGA-fed(KEN+TZA),2012,1,gdp_growth,2013,persistence,3.58690582623025,0.2505497798220402
UGA-fed(KEN+TZA),2012,1,gdp_growth,2013,arima,3.58690582623025,2.9991629240678983
UGA-fed(KEN+TZA),2012,1,gdp_growth,2013,prophet,3.58690582623025,3.7782163410509955
UGA-fed(KEN+TZA),2012,1,gdp_growth,2013,prophet_graph,3.58690582623025,3.7782163410509955
UGA-fed(KEN+TZA),2012,1,gdp_growth,2013,xgb_blind,3.58690582623025,2.9991629240678983
UGA-fed(KEN+TZA),2012,1,gdp_growth,2013,xgb_graph,3.58690582623025,2.9991629240678983
UGA-fed(KEN+TZA),2012,1,gdp_growth,2013,lgbm_blind,3.58690582623025,2.9991629240678983
UGA-fed(KEN+TZA),2012,1,gdp_growth,2013,lgbm_graph,3.58690582623025,2.9991629240678983
UGA-fed(KEN+TZA),2012,1,gdp_growth,2013,tft,3.58690582623025,2.9991629240678983
UGA-fed(KEN+TZA),2012,3,gdp_growth,2015,persistence,5.18785986002466,1.35040425397237
UGA-fed(KEN+TZA),2012,3,gdp_growth,2015,arima,5.18785986002466,0.7111279074777697
UGA-fed(KEN+TZA),2012,3,gdp_growth,2015,prophet,5.18785986002466,2.2505332898609263
UGA-fed(KEN+TZA),2012,3,gdp_growth,2015,prophet_graph,5.18785986002466,2.2505332898609263
UGA-fed(KEN+TZA),2012,3,gdp_growth,2015,xgb_blind,5.18785986002466,0.7111279074777697
UGA-fed(KEN+TZA),2012,3,gdp_growth,2015,xgb_graph,5.18785986002466,0.7111279074777697
UGA-fed(KEN+TZA),2012,3,gdp_growth,2015,lgbm_blind,5.18785986002466,0.7111279074777697
UGA-fed(KEN+TZA),2012,3,gdp_growth,2015,lgbm_graph,5.18785986002466,0.7111279074777697
UGA-fed(KEN+TZA),2012,3,gdp_growth,2015,tft,5.18785986002466,0.7111279074777697
UGA-fed(KEN+TZA),2012,5,gdp_growth,2017,persistence,3.13140551723596,0.7060500888163301
UGA-fed(KEN+TZA),2012,5,gdp_growth,2017,arima,3.13140551723596,2.5993178833938124
UGA-fed(KEN+TZA),2012,5,gdp_growth,2017,prophet,3.13140551723596,4.380358986463012
UGA-fed(KEN+TZA),2012,5,gdp_growth,2017,prophet_graph,3.13140551723596,4.380358986463012
UGA-fed(KEN+TZA),2012,5,gdp_growth,2017,xgb_blind,3.13140551723596,2.5993178833938124
UGA-fed(KEN+TZA),2012,5,gdp_growth,2017,xgb_graph,3.13140551723596,2.5993178833938124
UGA-fed(KEN+TZA),2012,5,gdp_growth,2017,lgbm_blind,3.13140551723596,2.5993178833938124
UGA-fed(KEN+TZA),2012,5,gdp_growth,2017,lgbm_graph,3.13140551723596,2.5993178833938124
UGA-fed(KEN+TZA),2012,5,gdp_growth,2017,tft,3.13140551723596,2.5993178833938124
UGA-fed(KEN+TZA),2012,10,gdp_growth,2022,persistence,4.58802192181773,0.7505663157654401
UGA-fed(KEN+TZA),2012,10,gdp_growth,2022,arima,4.58802192181773,1.0865097212370989
UGA-fed(KEN+TZA),2012,10,gdp_growth,2022,prophet,4.58802192181773,3.1070204096011373
UGA-fed(KEN+TZA),2012,10,gdp_growth,2022,prophet_graph,4.58802192181773,3.1070204096011373
UGA-fed(KEN+TZA),2012,10,gdp_growth,2022,xgb_blind,4.58802192181773,1.0865097212370989
UGA-fed(KEN+TZA),2012,10,gdp_growth,2022,xgb_graph,4.58802192181773,1.0865097212370989
UGA-fed(KEN+TZA),2012,10,gdp_growth,2022,lgbm_blind,4.58802192181773,1.0865097212370989
UGA-fed(KEN+TZA),2012,10,gdp_growth,2022,lgbm_graph,4.58802192181773,1.0865097212370989
UGA-fed(KEN+TZA),2012,10,gdp_growth,2022,tft,4.58802192181773,1.0865097212370989
UGA-fed(KEN+TZA),2012,1,unemployment,2013,persistence,1.91,1.6410000000000002
UGA-fed(KEN+TZA),2012,1,unemployment,2013,arima,1.91,1.6509167489150804
UGA-fed(KEN+TZA),2012,1,unemployment,2013,prophet,1.91,1.176312691115912
UGA-fed(KEN+TZA),2012,1,unemployment,2013,prophet_graph,1.91,1.176312691115912
UGA-fed(KEN+TZA),2012,1,unemployment,2013,xgb_blind,1.91,1.6509167489150804
UGA-fed(KEN+TZA),2012,1,unemployment,2013,xgb_graph,1.91,1.6509167489150804
UGA-fed(KEN+TZA),2012,1,unemployment,2013,lgbm_blind,1.91,1.6509167489150804
UGA-fed(KEN+TZA),2012,1,unemployment,2013,lgbm_graph,1.91,1.6509167489150804
UGA-fed(KEN+TZA),2012,1,unemployment,2013,tft,1.91,1.6509167489150804
UGA-fed(KEN+TZA),2012,3,unemployment,2015,persistence,2.681,0.8700000000000001
UGA-fed(KEN+TZA),2012,3,unemployment,2015,arima,2.681,0.8846728783450284
UGA-fed(KEN+TZA),2012,3,unemployment,2015,prophet,2.681,0.3773020699424676
UGA-fed(KEN+TZA),2012,3,unemployment,2015,prophet_graph,2.681,0.3773020699424676
UGA-fed(KEN+TZA),2012,3,unemployment,2015,xgb_blind,2.681,0.8846728783450284
UGA-fed(KEN+TZA),2012,3,unemployment,2015,xgb_graph,2.681,0.8846728783450284
UGA-fed(KEN+TZA),2012,3,unemployment,2015,lgbm_blind,2.681,0.8846728783450284
UGA-fed(KEN+TZA),2012,3,unemployment,2015,lgbm_graph,2.681,0.8846728783450284
UGA-fed(KEN+TZA),2012,3,unemployment,2015,tft,2.681,0.8846728783450284
UGA-fed(KEN+TZA),2012,5,unemployment,2017,persistence,3.428,0.12300000000000022
UGA-fed(KEN+TZA),2012,5,unemployment,2017,arima,3.428,0.13826946871212664
UGA-fed(KEN+TZA),2012,5,unemployment,2017,prophet,3.428,0.3977469219449121
UGA-fed(KEN+TZA),2012,5,unemployment,2017,prophet_graph,3.428,0.3977469219449121
UGA-fed(KEN+TZA),2012,5,unemployment,2017,xgb_blind,3.428,0.13826946871212664
UGA-fed(KEN+TZA),2012,5,unemployment,2017,xgb_graph,3.428,0.13826946871212664
UGA-fed(KEN+TZA),2012,5,unemployment,2017,lgbm_blind,3.428,0.13826946871212664
UGA-fed(KEN+TZA),2012,5,unemployment,2017,lgbm_graph,3.428,0.13826946871212664
UGA-fed(KEN+TZA),2012,5,unemployment,2017,tft,3.428,0.13826946871212664
UGA-fed(KEN+TZA),2012,10,unemployment,2022,persistence,2.885,0.6660000000000004
UGA-fed(KEN+TZA),2012,10,unemployment,2022,arima,2.885,0.6813545590712233
UGA-fed(KEN+TZA),2012,10,unemployment,2022,prophet,2.885,0.07518815440754123
UGA-fed(KEN+TZA),2012,10,unemployment,2022,prophet_graph,2.885,0.07518815440754123
UGA-fed(KEN+TZA),2012,10,unemployment,2022,xgb_blind,2.885,0.6813545590712233
UGA-fed(KEN+TZA),2012,10,unemployment,2022,xgb_graph,2.885,0.6813545590712233
UGA-fed(KEN+TZA),2012,10,unemployment,2022,lgbm_blind,2.885,0.6813545590712233
UGA-fed(KEN+TZA),2012,10,unemployment,2022,lgbm_graph,2.885,0.6813545590712233
UGA-fed(KEN+TZA),2012,10,unemployment,2022,tft,2.885,0.6813545590712233
UGA-fed(KEN+TZA),2012,1,exports_gdp,2013,persistence,16.5130356713113,1.0213069013049
UGA-fed(KEN+TZA),2012,1,exports_gdp,2013,arima,16.5130356713113,1.2828792791755497
UGA-fed(KEN+TZA),2012,1,exports_gdp,2013,prophet,16.5130356713113,1.2806460479063944
UGA-fed(KEN+TZA),2012,1,exports_gdp,2013,prophet_graph,16.5130356713113,0.850447664414963
UGA-fed(KEN+TZA),2012,1,exports_gdp,2013,xgb_blind,16.5130356713113,1.2828792791755497
UGA-fed(KEN+TZA),2012,1,exports_gdp,2013,xgb_graph,16.5130356713113,2.5714348717507534
UGA-fed(KEN+TZA),2012,1,exports_gdp,2013,lgbm_blind,16.5130356713113,1.2828792791755497
UGA-fed(KEN+TZA),2012,1,exports_gdp,2013,lgbm_graph,16.5130356713113,3.7973986593497973
UGA-fed(KEN+TZA),2012,1,exports_gdp,2013,tft,16.5130356713113,1.2828792791755497
UGA-fed(KEN+TZA),2012,3,exports_gdp,2015,persistence,12.8773253147369,2.6144034552694997
UGA-fed(KEN+TZA),2012,3,exports_gdp,2015,arima,12.8773253147369,2.3762114364796165
UGA-fed(KEN+TZA),2012,3,exports_gdp,2015,prophet,12.8773253147369,5.802018413136214
UGA-fed(KEN+TZA),2012,3,exports_gdp,2015,prophet_graph,12.8773253147369,2.5311961677652715
UGA-fed(KEN+TZA),2012,3,exports_gdp,2015,xgb_blind,12.8773253147369,2.3762114364796165
UGA-fed(KEN+TZA),2012,3,exports_gdp,2015,xgb_graph,12.8773253147369,2.1821362788910292
UGA-fed(KEN+TZA),2012,3,exports_gdp,2015,lgbm_blind,12.8773253147369,2.3762114364796165
UGA-fed(KEN+TZA),2012,3,exports_gdp,2015,lgbm_graph,12.8773253147369,0.2985994632477187
UGA-fed(KEN+TZA),2012,3,exports_gdp,2015,tft,12.8773253147369,2.3762114364796165
UGA-fed(KEN+TZA),2012,5,exports_gdp,2017,persistence,16.6611294211705,1.1694006511641
UGA-fed(KEN+TZA),2012,5,exports_gdp,2017,arima,16.6611294211705,1.4073624502269872
UGA-fed(KEN+TZA),2012,5,exports_gdp,2017,prophet,16.6611294211705,2.905089550986329
UGA-fed(KEN+TZA),2012,5,exports_gdp,2017,prophet_graph,16.6611294211705,1.5070224993972783
UGA-fed(KEN+TZA),2012,5,exports_gdp,2017,xgb_blind,16.6611294211705,1.4073624502269872
UGA-fed(KEN+TZA),2012,5,exports_gdp,2017,xgb_graph,16.6611294211705,0.4707016410191329
UGA-fed(KEN+TZA),2012,5,exports_gdp,2017,lgbm_blind,16.6611294211705,1.4073624502269872
UGA-fed(KEN+TZA),2012,5,exports_gdp,2017,lgbm_graph,16.6611294211705,2.8991604906081623
UGA-fed(KEN+TZA),2012,5,exports_gdp,2017,tft,16.6611294211705,1.4073624502269872
UGA-fed(KEN+TZA),2012,10,exports_gdp,2022,persistence,12.0219954333331,3.4697333366733005
UGA-fed(KEN+TZA),2012,10,exports_gdp,2022,arima,12.0219954333331,3.2317738270840035
UGA-fed(KEN+TZA),2012,10,exports_gdp,2022,prophet,12.0219954333331,9.759591796090575
UGA-fed(KEN+TZA),2012,10,exports_gdp,2022,prophet_graph,12.0219954333331,2.496597141119924
UGA-fed(KEN+TZA),2012,10,exports_gdp,2022,xgb_blind,12.0219954333331,3.2317738270840035
UGA-fed(KEN+TZA),2012,10,exports_gdp,2022,xgb_graph,12.0219954333331,1.945857159135162
UGA-fed(KEN+TZA),2012,10,exports_gdp,2022,lgbm_blind,12.0219954333331,3.2317738270840035
UGA-fed(KEN+TZA),2012,10,exports_gdp,2022,lgbm_graph,12.0219954333331,2.4943277296260717
UGA-fed(KEN+TZA),2012,10,exports_gdp,2022,tft,12.0219954333331,3.2317738270840035
UGA-fed(KEN+TZA),2012,1,imports_gdp,2013,persistence,26.5961192021574,1.414289167567599
UGA-fed(KEN+TZA),2012,1,imports_gdp,2013,arima,26.5961192021574,1.4519675946002302
UGA-fed(KEN+TZA),2012,1,imports_gdp,2013,prophet,26.5961192021574,2.410285071421331
UGA-fed(KEN+TZA),2012,1,imports_gdp,2013,prophet_graph,26.5961192021574,0.5152677796654821
UGA-fed(KEN+TZA),2012,1,imports_gdp,2013,xgb_blind,26.5961192021574,1.4519675946002302
UGA-fed(KEN+TZA),2012,1,imports_gdp,2013,xgb_graph,26.5961192021574,1.98963519237385
UGA-fed(KEN+TZA),2012,1,imports_gdp,2013,lgbm_blind,26.5961192021574,1.4519675946002302
UGA-fed(KEN+TZA),2012,1,imports_gdp,2013,lgbm_graph,26.5961192021574,2.1560413337824897
UGA-fed(KEN+TZA),2012,1,imports_gdp,2013,tft,26.5961192021574,1.4519675946002302
UGA-fed(KEN+TZA),2012,3,imports_gdp,2015,persistence,24.8119730176989,3.198435352026099
UGA-fed(KEN+TZA),2012,3,imports_gdp,2015,arima,24.8119730176989,3.2374350549904776
UGA-fed(KEN+TZA),2012,3,imports_gdp,2015,prophet,24.8119730176989,4.992262373115015
UGA-fed(KEN+TZA),2012,3,imports_gdp,2015,prophet_graph,24.8119730176989,1.5264986416506332
UGA-fed(KEN+TZA),2012,3,imports_gdp,2015,xgb_blind,24.8119730176989,3.2374350549904776
UGA-fed(KEN+TZA),2012,3,imports_gdp,2015,xgb_graph,24.8119730176989,5.1284566698011
UGA-fed(KEN+TZA),2012,3,imports_gdp,2015,lgbm_blind,24.8119730176989,3.2374350549904776
UGA-fed(KEN+TZA),2012,3,imports_gdp,2015,lgbm_graph,24.8119730176989,0.23932868862785384
UGA-fed(KEN+TZA),2012,3,imports_gdp,2015,tft,24.8119730176989,3.2374350549904776
UGA-fed(KEN+TZA),2012,5,imports_gdp,2017,persistence,20.1759235122395,7.834484857485499
UGA-fed(KEN+TZA),2012,5,imports_gdp,2017,arima,20.1759235122395,7.8734860803807685
UGA-fed(KEN+TZA),2012,5,imports_gdp,2017,prophet,20.1759235122395,10.427235915148277
UGA-fed(KEN+TZA),2012,5,imports_gdp,2017,prophet_graph,20.1759235122395,5.3885740365237105
UGA-fed(KEN+TZA),2012,5,imports_gdp,2017,xgb_blind,20.1759235122395,7.8734860803807685
UGA-fed(KEN+TZA),2012,5,imports_gdp,2017,xgb_graph,20.1759235122395,6.059395625333742
UGA-fed(KEN+TZA),2012,5,imports_gdp,2017,lgbm_blind,20.1759235122395,7.8734860803807685
UGA-fed(KEN+TZA),2012,5,imports_gdp,2017,lgbm_graph,20.1759235122395,4.889451391969214
UGA-fed(KEN+TZA),2012,5,imports_gdp,2017,tft,20.1759235122395,7.8734860803807685
UGA-fed(KEN+TZA),2012,10,imports_gdp,2022,persistence,22.4833064937607,5.5271018759642985
UGA-fed(KEN+TZA),2012,10,imports_gdp,2022,arima,22.4833064937607,5.566103100610039
UGA-fed(KEN+TZA),2012,10,imports_gdp,2022,prophet,22.4833064937607,10.11552364605371
UGA-fed(KEN+TZA),2012,10,imports_gdp,2022,prophet_graph,22.4833064937607,1.1478439607061617
UGA-fed(KEN+TZA),2012,10,imports_gdp,2022,xgb_blind,22.4833064937607,5.566103100610039
UGA-fed(KEN+TZA),2012,10,imports_gdp,2022,xgb_graph,22.4833064937607,5.205419931410198
UGA-fed(KEN+TZA),2012,10,imports_gdp,2022,lgbm_blind,22.4833064937607,5.566103100610039
UGA-fed(KEN+TZA),2012,10,imports_gdp,2022,lgbm_graph,22.4833064937607,3.820090171372261
UGA-fed(KEN+TZA),2012,10,imports_gdp,2022,tft,22.4833064937607,5.566103100610039
UGA-fed(KEN+TZA),2012,1,current_account,2013,persistence,-6.05719389968621,0.005932487647489992
UGA-fed(KEN+TZA),2012,1,current_account,2013,arima,-6.05719389968621,0.2298781360756852
UGA-fed(KEN+TZA),2012,1,current_account,2013,prophet,-6.05719389968621,1.4632548914991999
UGA-fed(KEN+TZA),2012,1,current_account,2013,prophet_graph,-6.05719389968621,2.1221979880829256
UGA-fed(KEN+TZA),2012,1,current_account,2013,xgb_blind,-6.05719389968621,0.2298781360756852
UGA-fed(KEN+TZA),2012,1,current_account,2013,xgb_graph,-6.05719389968621,1.1609600538660363
UGA-fed(KEN+TZA),2012,1,current_account,2013,lgbm_blind,-6.05719389968621,0.2298781360756852
UGA-fed(KEN+TZA),2012,1,current_account,2013,lgbm_graph,-6.05719389968621,1.7039117202567597
UGA-fed(KEN+TZA),2012,1,current_account,2013,tft,-6.05719389968621,0.2298781360756852
UGA-fed(KEN+TZA),2012,3,current_account,2015,persistence,-5.1602872378994,0.9028391494342998
UGA-fed(KEN+TZA),2012,3,current_account,2015,arima,-5.1602872378994,1.0971327254467074
UGA-fed(KEN+TZA),2012,3,current_account,2015,prophet,-5.1602872378994,0.5401129933935724
UGA-fed(KEN+TZA),2012,3,current_account,2015,prophet_graph,-5.1602872378994,1.8821233961465111
UGA-fed(KEN+TZA),2012,3,current_account,2015,xgb_blind,-5.1602872378994,1.0971327254467074
UGA-fed(KEN+TZA),2012,3,current_account,2015,xgb_graph,-5.1602872378994,0.5529881946872699
UGA-fed(KEN+TZA),2012,3,current_account,2015,lgbm_blind,-5.1602872378994,1.0971327254467074
UGA-fed(KEN+TZA),2012,3,current_account,2015,lgbm_graph,-5.1602872378994,0.8015022418331572
UGA-fed(KEN+TZA),2012,3,current_account,2015,tft,-5.1602872378994,1.0971327254467074
UGA-fed(KEN+TZA),2012,5,current_account,2017,persistence,-4.88278660173815,1.1803397855955495
UGA-fed(KEN+TZA),2012,5,current_account,2017,arima,-4.88278660173815,1.3739017012030592
UGA-fed(KEN+TZA),2012,5,current_account,2017,prophet,-4.88278660173815,0.23634118223361522
UGA-fed(KEN+TZA),2012,5,current_account,2017,prophet_graph,-4.88278660173815,1.021085270017796
UGA-fed(KEN+TZA),2012,5,current_account,2017,xgb_blind,-4.88278660173815,1.3739017012030592
UGA-fed(KEN+TZA),2012,5,current_account,2017,xgb_graph,-4.88278660173815,0.059639126106088014
UGA-fed(KEN+TZA),2012,5,current_account,2017,lgbm_blind,-4.88278660173815,1.3739017012030592
UGA-fed(KEN+TZA),2012,5,current_account,2017,lgbm_graph,-4.88278660173815,0.5774319153876917
UGA-fed(KEN+TZA),2012,5,current_account,2017,tft,-4.88278660173815,1.3739017012030592
UGA-fed(KEN+TZA),2012,10,current_account,2022,persistence,-8.91897823001288,2.855851842679181
UGA-fed(KEN+TZA),2012,10,current_account,2022,arima,-8.91897823001288,2.6623084391919756
UGA-fed(KEN+TZA),2012,10,current_account,2022,prophet,-8.91897823001288,4.206908781031412
UGA-fed(KEN+TZA),2012,10,current_account,2022,prophet_graph,-8.91897823001288,5.859117001131732
UGA-fed(KEN+TZA),2012,10,current_account,2022,xgb_blind,-8.91897823001288,2.6623084391919756
UGA-fed(KEN+TZA),2012,10,current_account,2022,xgb_graph,-8.91897823001288,3.5344462552204003
UGA-fed(KEN+TZA),2012,10,current_account,2022,lgbm_blind,-8.91897823001288,2.6623084391919756
UGA-fed(KEN+TZA),2012,10,current_account,2022,lgbm_graph,-8.91897823001288,4.791304716255386
UGA-fed(KEN+TZA),2012,10,current_account,2022,tft,-8.91897823001288,2.6623084391919756
UGA-fed(KEN+TZA),2012,1,real_interest_rate,2013,persistence,19.0146300185037,2.4734491263569005
UGA-fed(KEN+TZA),2012,1,real_interest_rate,2013,arima,19.0146300185037,2.6107274746246674
UGA-fed(KEN+TZA),2012,1,real_interest_rate,2013,prophet,19.0146300185037,6.493252112623708
UGA-fed(KEN+TZA),2012,1,real_interest_rate,2013,prophet_graph,19.0146300185037,6.493252112623708
UGA-fed(KEN+TZA),2012,1,real_interest_rate,2013,xgb_blind,19.0146300185037,2.6107274746246674
UGA-fed(KEN+TZA),2012,1,real_interest_rate,2013,xgb_graph,19.0146300185037,2.6107274746246674
UGA-fed(KEN+TZA),2012,1,real_interest_rate,2013,lgbm_blind,19.0146300185037,2.6107274746246674
UGA-fed(KEN+TZA),2012,1,real_interest_rate,2013,lgbm_graph,19.0146300185037,2.6107274746246674
UGA-fed(KEN+TZA),2012,1,real_interest_rate,2013,tft,19.0146300185037,2.6107274746246674
UGA-fed(KEN+TZA),2012,3,real_interest_rate,2015,persistence,16.5546646041457,4.9334145407148995
UGA-fed(KEN+TZA),2012,3,real_interest_rate,2015,arima,16.5546646041457,1.1202461652706859
UGA-fed(KEN+TZA),2012,3,real_interest_rate,2015,prophet,16.5546646041457,3.5578283063071723
UGA-fed(KEN+TZA),2012,3,real_interest_rate,2015,prophet_graph,16.5546646041457,3.5578283063071723
UGA-fed(KEN+TZA),2012,3,real_interest_rate,2015,xgb_blind,16.5546646041457,1.1202461652706859
UGA-fed(KEN+TZA),2012,3,real_interest_rate,2015,xgb_graph,16.5546646041457,1.1202461652706859
UGA-fed(KEN+TZA),2012,3,real_interest_rate,2015,lgbm_blind,16.5546646041457,1.1202461652706859
UGA-fed(KEN+TZA),2012,3,real_interest_rate,2015,lgbm_graph,16.5546646041457,1.1202461652706859
UGA-fed(KEN+TZA),2012,3,real_interest_rate,2015,tft,16.5546646041457,1.1202461652706859
UGA-fed(KEN+TZA),2012,5,real_interest_rate,2017,persistence,15.8908471114542,5.597232033406399
UGA-fed(KEN+TZA),2012,5,real_interest_rate,2017,arima,15.8908471114542,2.1052032788806834
UGA-fed(KEN+TZA),2012,5,real_interest_rate,2017,prophet,15.8908471114542,2.417901108791442
UGA-fed(KEN+TZA),2012,5,real_interest_rate,2017,prophet_graph,15.8908471114542,2.417901108791442
UGA-fed(KEN+TZA),2012,5,real_interest_rate,2017,xgb_blind,15.8908471114542,2.1052032788806834
UGA-fed(KEN+TZA),2012,5,real_interest_rate,2017,xgb_graph,15.8908471114542,2.1052032788806834
UGA-fed(KEN+TZA),2012,5,real_interest_rate,2017,lgbm_blind,15.8908471114542,2.1052032788806834
UGA-fed(KEN+TZA),2012,5,real_interest_rate,2017,lgbm_graph,15.8908471114542,2.1052032788806834
UGA-fed(KEN+TZA),2012,5,real_interest_rate,2017,tft,15.8908471114542,2.1052032788806834
UGA-fed(KEN+TZA),2012,10,real_interest_rate,2022,persistence,14.7478688039364,6.7402103409241985
UGA-fed(KEN+TZA),2012,10,real_interest_rate,2022,arima,14.7478688039364,3.3602392683207665
UGA-fed(KEN+TZA),2012,10,real_interest_rate,2022,prophet,14.7478688039364,0.08562550851161177
UGA-fed(KEN+TZA),2012,10,real_interest_rate,2022,prophet_graph,14.7478688039364,0.08562550851161177
UGA-fed(KEN+TZA),2012,10,real_interest_rate,2022,xgb_blind,14.7478688039364,3.3602392683207665
UGA-fed(KEN+TZA),2012,10,real_interest_rate,2022,xgb_graph,14.7478688039364,3.3602392683207665
UGA-fed(KEN+TZA),2012,10,real_interest_rate,2022,lgbm_blind,14.7478688039364,3.3602392683207665
UGA-fed(KEN+TZA),2012,10,real_interest_rate,2022,lgbm_graph,14.7478688039364,3.3602392683207665
UGA-fed(KEN+TZA),2012,10,real_interest_rate,2022,tft,14.7478688039364,3.3602392683207665
UGA-fed(KEN+TZA),2012,1,broad_money,2013,persistence,17.9866884362961,0.4256400578683994
UGA-fed(KEN+TZA),2012,1,broad_money,2013,arima,17.9866884362961,0.8742405355610465
UGA-fed(KEN+TZA),2012,1,broad_money,2013,prophet,17.9866884362961,3.2496038313196287
UGA-fed(KEN+TZA),2012,1,broad_money,2013,prophet_graph,17.9866884362961,1.1426934374285977
UGA-fed(KEN+TZA),2012,1,broad_money,2013,xgb_blind,17.9866884362961,0.8742405355610465
UGA-fed(KEN+TZA),2012,1,broad_money,2013,xgb_graph,17.9866884362961,1.396659673478716
UGA-fed(KEN+TZA),2012,1,broad_money,2013,lgbm_blind,17.9866884362961,0.8742405355610465
UGA-fed(KEN+TZA),2012,1,broad_money,2013,lgbm_graph,17.9866884362961,2.1854508531356984
UGA-fed(KEN+TZA),2012,1,broad_money,2013,tft,17.9866884362961,0.8742405355610465
UGA-fed(KEN+TZA),2012,3,broad_money,2015,persistence,18.8439221029839,1.2828737245562003
UGA-fed(KEN+TZA),2012,3,broad_money,2015,arima,18.8439221029839,1.6253583301505792
UGA-fed(KEN+TZA),2012,3,broad_money,2015,prophet,18.8439221029839,3.357094040709118
UGA-fed(KEN+TZA),2012,3,broad_money,2015,prophet_graph,18.8439221029839,1.6105776049084959
UGA-fed(KEN+TZA),2012,3,broad_money,2015,xgb_blind,18.8439221029839,1.6253583301505792
UGA-fed(KEN+TZA),2012,3,broad_money,2015,xgb_graph,18.8439221029839,1.5702499991020638
UGA-fed(KEN+TZA),2012,3,broad_money,2015,lgbm_blind,18.8439221029839,1.6253583301505792
UGA-fed(KEN+TZA),2012,3,broad_money,2015,lgbm_graph,18.8439221029839,2.3762173777183975
UGA-fed(KEN+TZA),2012,3,broad_money,2015,tft,18.8439221029839,1.6253583301505792
UGA-fed(KEN+TZA),2012,5,broad_money,2017,persistence,19.9186068571647,2.357558478737001
UGA-fed(KEN+TZA),2012,5,broad_money,2017,arima,19.9186068571647,2.684394001472217
UGA-fed(KEN+TZA),2012,5,broad_money,2017,prophet,19.9186068571647,3.2484547021618866
UGA-fed(KEN+TZA),2012,5,broad_money,2017,prophet_graph,19.9186068571647,2.2953795044030265
UGA-fed(KEN+TZA),2012,5,broad_money,2017,xgb_blind,19.9186068571647,2.684394001472217
UGA-fed(KEN+TZA),2012,5,broad_money,2017,xgb_graph,19.9186068571647,3.070529083116849
UGA-fed(KEN+TZA),2012,5,broad_money,2017,lgbm_blind,19.9186068571647,2.684394001472217
UGA-fed(KEN+TZA),2012,5,broad_money,2017,lgbm_graph,19.9186068571647,2.928046749403741
UGA-fed(KEN+TZA),2012,5,broad_money,2017,tft,19.9186068571647,2.684394001472217
UGA-fed(KEN+TZA),2012,10,broad_money,2022,persistence,22.0303983664876,4.4693499880599
UGA-fed(KEN+TZA),2012,10,broad_money,2022,arima,22.0303983664876,4.793455900743844
UGA-fed(KEN+TZA),2012,10,broad_money,2022,prophet,22.0303983664876,3.5497944225884908
UGA-fed(KEN+TZA),2012,10,broad_money,2022,prophet_graph,22.0303983664876,3.4332639102278044
UGA-fed(KEN+TZA),2012,10,broad_money,2022,xgb_blind,22.0303983664876,4.793455900743844
UGA-fed(KEN+TZA),2012,10,broad_money,2022,xgb_graph,22.0303983664876,5.6209516501790056
UGA-fed(KEN+TZA),2012,10,broad_money,2022,lgbm_blind,22.0303983664876,4.793455900743844
UGA-fed(KEN+TZA),2012,10,broad_money,2022,lgbm_graph,22.0303983664876,3.7944219272316637
UGA-fed(KEN+TZA),2012,10,broad_money,2022,tft,22.0303983664876,4.793455900743844
UGA-fed(KEN+TZA),2012,1,govt_consumption,2013,persistence,7.09808347224892,0.49638116993463033
UGA-fed(KEN+TZA),2012,1,govt_consumption,2013,arima,7.09808347224892,3.202212094602663
UGA-fed(KEN+TZA),2012,1,govt_consumption,2013,prophet,7.09808347224892,5.614316020540512
UGA-fed(KEN+TZA),2012,1,govt_consumption,2013,prophet_graph,7.09808347224892,0.8417794474518079
UGA-fed(KEN+TZA),2012,1,govt_consumption,2013,xgb_blind,7.09808347224892,3.202212094602663
UGA-fed(KEN+TZA),2012,1,govt_consumption,2013,xgb_graph,7.09808347224892,6.105484032633893
UGA-fed(KEN+TZA),2012,1,govt_consumption,2013,lgbm_blind,7.09808347224892,3.202212094602663
UGA-fed(KEN+TZA),2012,1,govt_consumption,2013,lgbm_graph,7.09808347224892,5.193329011313203
UGA-fed(KEN+TZA),2012,1,govt_consumption,2013,tft,7.09808347224892,3.202212094602663
UGA-fed(KEN+TZA),2012,3,govt_consumption,2015,persistence,8.95453398978222,1.36006934759867
UGA-fed(KEN+TZA),2012,3,govt_consumption,2015,arima,8.95453398978222,0.7328493549976578
UGA-fed(KEN+TZA),2012,3,govt_consumption,2015,prophet,8.95453398978222,3.862488491312863
UGA-fed(KEN+TZA),2012,3,govt_consumption,2015,prophet_graph,8.95453398978222,0.6141441325429433
UGA-fed(KEN+TZA),2012,3,govt_consumption,2015,xgb_blind,8.95453398978222,0.7328493549976578
UGA-fed(KEN+TZA),2012,3,govt_consumption,2015,xgb_graph,8.95453398978222,0.818026001806146
UGA-fed(KEN+TZA),2012,3,govt_consumption,2015,lgbm_blind,8.95453398978222,0.7328493549976578
UGA-fed(KEN+TZA),2012,3,govt_consumption,2015,lgbm_graph,8.95453398978222,3.6411661788273992
UGA-fed(KEN+TZA),2012,3,govt_consumption,2015,tft,8.95453398978222,0.7328493549976578
UGA-fed(KEN+TZA),2012,5,govt_consumption,2017,persistence,8.00943502980076,0.4149703876172106
UGA-fed(KEN+TZA),2012,5,govt_consumption,2017,arima,8.00943502980076,1.6042532123678708
UGA-fed(KEN+TZA),2012,5,govt_consumption,2017,prophet,8.00943502980076,4.912353758762038
UGA-fed(KEN+TZA),2012,5,govt_consumption,2017,prophet_graph,8.00943502980076,0.7320304320147883
UGA-fed(KEN+TZA),2012,5,govt_consumption,2017,xgb_blind,8.00943502980076,1.6042532123678708
UGA-fed(KEN+TZA),2012,5,govt_consumption,2017,xgb_graph,8.00943502980076,1.4053484479824423
UGA-fed(KEN+TZA),2012,5,govt_consumption,2017,lgbm_blind,8.00943502980076,1.6042532123678708
UGA-fed(KEN+TZA),2012,5,govt_consumption,2017,lgbm_graph,8.00943502980076,4.713801160147428
UGA-fed(KEN+TZA),2012,5,govt_consumption,2017,tft,8.00943502980076,1.6042532123678708
UGA-fed(KEN+TZA),2012,10,govt_consumption,2022,persistence,9.78726680444974,2.1928021622661893
UGA-fed(KEN+TZA),2012,10,govt_consumption,2022,arima,9.78726680444974,0.183701003860536
UGA-fed(KEN+TZA),2012,10,govt_consumption,2022,prophet,9.78726680444974,3.396222774039254
UGA-fed(KEN+TZA),2012,10,govt_consumption,2022,prophet_graph,9.78726680444974,0.04393533175009523
UGA-fed(KEN+TZA),2012,10,govt_consumption,2022,xgb_blind,9.78726680444974,0.183701003860536
UGA-fed(KEN+TZA),2012,10,govt_consumption,2022,xgb_graph,9.78726680444974,0.9145155684878254
UGA-fed(KEN+TZA),2012,10,govt_consumption,2022,lgbm_blind,9.78726680444974,0.183701003860536
UGA-fed(KEN+TZA),2012,10,govt_consumption,2022,lgbm_graph,9.78726680444974,3.0635829340380916
UGA-fed(KEN+TZA),2012,10,govt_consumption,2022,tft,9.78726680444974,0.183701003860536
UGA-fed(KEN+TZA),2013,1,gdp_growth,2014,persistence,5.10630732539796,1.5194014991677105
UGA-fed(KEN+TZA),2013,1,gdp_growth,2014,arima,5.10630732539796,1.4138557338551205
UGA-fed(KEN+TZA),2013,1,gdp_growth,2014,prophet,5.10630732539796,1.6617914464769834
UGA-fed(KEN+TZA),2013,1,gdp_growth,2014,prophet_graph,5.10630732539796,1.6617914464769834
UGA-fed(KEN+TZA),2013,1,gdp_growth,2014,xgb_blind,5.10630732539796,1.4138557338551205
UGA-fed(KEN+TZA),2013,1,gdp_growth,2014,xgb_graph,5.10630732539796,1.4138557338551205
UGA-fed(KEN+TZA),2013,1,gdp_growth,2014,lgbm_blind,5.10630732539796,1.4138557338551205
UGA-fed(KEN+TZA),2013,1,gdp_growth,2014,lgbm_graph,5.10630732539796,1.4138557338551205
UGA-fed(KEN+TZA),2013,1,gdp_growth,2014,tft,5.10630732539796,1.4138557338551205
UGA-fed(KEN+TZA),2013,3,gdp_growth,2016,persistence,4.78100029254482,1.1940944663145703
UGA-fed(KEN+TZA),2013,3,gdp_growth,2016,arima,4.78100029254482,1.114280704503599
UGA-fed(KEN+TZA),2013,3,gdp_growth,2016,prophet,4.78100029254482,1.985251847247695
UGA-fed(KEN+TZA),2013,3,gdp_growth,2016,prophet_graph,4.78100029254482,1.985251847247695
UGA-fed(KEN+TZA),2013,3,gdp_growth,2016,xgb_blind,4.78100029254482,1.114280704503599
UGA-fed(KEN+TZA),2013,3,gdp_growth,2016,xgb_graph,4.78100029254482,1.114280704503599
UGA-fed(KEN+TZA),2013,3,gdp_growth,2016,lgbm_blind,4.78100029254482,1.114280704503599
UGA-fed(KEN+TZA),2013,3,gdp_growth,2016,lgbm_graph,4.78100029254482,1.114280704503599
UGA-fed(KEN+TZA),2013,3,gdp_growth,2016,tft,4.78100029254482,1.114280704503599
UGA-fed(KEN+TZA),2013,5,gdp_growth,2018,persistence,6.30392378262997,2.71701795639972
UGA-fed(KEN+TZA),2013,5,gdp_growth,2018,arima,6.30392378262997,2.6417705233655577
UGA-fed(KEN+TZA),2013,5,gdp_growth,2018,prophet,6.30392378262997,0.46047919544712634
UGA-fed(KEN+TZA),2013,5,gdp_growth,2018,prophet_graph,6.30392378262997,0.46047919544712634
UGA-fed(KEN+TZA),2013,5,gdp_growth,2018,xgb_blind,6.30392378262997,2.6417705233655577
UGA-fed(KEN+TZA),2013,5,gdp_growth,2018,xgb_graph,6.30392378262997,2.6417705233655577
UGA-fed(KEN+TZA),2013,5,gdp_growth,2018,lgbm_blind,6.30392378262997,2.6417705233655577
UGA-fed(KEN+TZA),2013,5,gdp_growth,2018,lgbm_graph,6.30392378262997,2.6417705233655577
UGA-fed(KEN+TZA),2013,5,gdp_growth,2018,tft,6.30392378262997,2.6417705233655577
UGA-fed(KEN+TZA),2013,10,gdp_growth,2023,persistence,5.33697295511469,1.75006712888444
UGA-fed(KEN+TZA),2013,10,gdp_growth,2023,arima,5.33697295511469,1.675817914382821
UGA-fed(KEN+TZA),2013,10,gdp_growth,2023,prophet,5.33697295511469,1.4228109131233424
UGA-fed(KEN+TZA),2013,10,gdp_growth,2023,prophet_graph,5.33697295511469,1.4228109131233424
UGA-fed(KEN+TZA),2013,10,gdp_growth,2023,xgb_blind,5.33697295511469,1.675817914382821
UGA-fed(KEN+TZA),2013,10,gdp_growth,2023,xgb_graph,5.33697295511469,1.675817914382821
UGA-fed(KEN+TZA),2013,10,gdp_growth,2023,lgbm_blind,5.33697295511469,1.675817914382821
UGA-fed(KEN+TZA),2013,10,gdp_growth,2023,lgbm_graph,5.33697295511469,1.675817914382821
UGA-fed(KEN+TZA),2013,10,gdp_growth,2023,tft,5.33697295511469,1.675817914382821
UGA-fed(KEN+TZA),2013,1,unemployment,2014,persistence,2.357,0.4470000000000003
UGA-fed(KEN+TZA),2013,1,unemployment,2014,arima,2.357,0.9709742153921304
UGA-fed(KEN+TZA),2013,1,unemployment,2014,prophet,2.357,0.5165126710576708
UGA-fed(KEN+TZA),2013,1,unemployment,2014,prophet_graph,2.357,0.5165126710576708
UGA-fed(KEN+TZA),2013,1,unemployment,2014,xgb_blind,2.357,0.9709742153921304
UGA-fed(KEN+TZA),2013,1,unemployment,2014,xgb_graph,2.357,0.9709742153921304
UGA-fed(KEN+TZA),2013,1,unemployment,2014,lgbm_blind,2.357,0.9709742153921304
UGA-fed(KEN+TZA),2013,1,unemployment,2014,lgbm_graph,2.357,0.9709742153921304
UGA-fed(KEN+TZA),2013,1,unemployment,2014,tft,2.357,0.9709742153921304
UGA-fed(KEN+TZA),2013,3,unemployment,2016,persistence,3.002,1.0919999999999999
UGA-fed(KEN+TZA),2013,3,unemployment,2016,arima,3.002,1.8367011836796827
UGA-fed(KEN+TZA),2013,3,unemployment,2016,prophet,3.002,0.18034716830043784
UGA-fed(KEN+TZA),2013,3,unemployment,2016,prophet_graph,3.002,0.18034716830043784
UGA-fed(KEN+TZA),2013,3,unemployment,2016,xgb_blind,3.002,1.8367011836796827
UGA-fed(KEN+TZA),2013,3,unemployment,2016,xgb_graph,3.002,1.8367011836796827
UGA-fed(KEN+TZA),2013,3,unemployment,2016,lgbm_blind,3.002,1.8367011836796827
UGA-fed(KEN+TZA),2013,3,unemployment,2016,lgbm_graph,3.002,1.8367011836796827
UGA-fed(KEN+TZA),2013,3,unemployment,2016,tft,3.002,1.8367011836796827
UGA-fed(KEN+TZA),2013,5,unemployment,2018,persistence,3.249,1.3390000000000002
UGA-fed(KEN+TZA),2013,5,unemployment,2018,arima,3.249,2.106205098129579
UGA-fed(KEN+TZA),2013,5,unemployment,2018,prophet,3.249,0.4792780485343804
UGA-fed(KEN+TZA),2013,5,unemployment,2018,prophet_graph,3.249,0.4792780485343804
UGA-fed(KEN+TZA),2013,5,unemployment,2018,xgb_blind,3.249,2.106205098129579
UGA-fed(KEN+TZA),2013,5,unemployment,2018,xgb_graph,3.249,2.106205098129579
UGA-fed(KEN+TZA),2013,5,unemployment,2018,lgbm_blind,3.249,2.106205098129579
UGA-fed(KEN+TZA),2013,5,unemployment,2018,lgbm_graph,3.249,2.106205098129579
UGA-fed(KEN+TZA),2013,5,unemployment,2018,tft,3.249,2.106205098129579
UGA-fed(KEN+TZA),2013,10,unemployment,2023,persistence,2.754,0.8440000000000001
UGA-fed(KEN+TZA),2013,10,unemployment,2023,arima,2.754,1.6137514484636502
UGA-fed(KEN+TZA),2013,10,unemployment,2023,prophet,2.754,0.1139986878054855
UGA-fed(KEN+TZA),2013,10,unemployment,2023,prophet_graph,2.754,0.1139986878054855
UGA-fed(KEN+TZA),2013,10,unemployment,2023,xgb_blind,2.754,1.6137514484636502
UGA-fed(KEN+TZA),2013,10,unemployment,2023,xgb_graph,2.754,1.6137514484636502
UGA-fed(KEN+TZA),2013,10,unemployment,2023,lgbm_blind,2.754,1.6137514484636502
UGA-fed(KEN+TZA),2013,10,unemployment,2023,lgbm_graph,2.754,1.6137514484636502
UGA-fed(KEN+TZA),2013,10,unemployment,2023,tft,2.754,1.6137514484636502
UGA-fed(KEN+TZA),2013,1,exports_gdp,2014,persistence,14.9482109075764,1.5648247637349009
UGA-fed(KEN+TZA),2013,1,exports_gdp,2014,arima,14.9482109075764,1.4827766919275511
UGA-fed(KEN+TZA),2013,1,exports_gdp,2014,prophet,14.9482109075764,3.0842623313294446
UGA-fed(KEN+TZA),2013,1,exports_gdp,2014,prophet_graph,14.9482109075764,1.5897538659196684
UGA-fed(KEN+TZA),2013,1,exports_gdp,2014,xgb_blind,14.9482109075764,1.4827766919275511
UGA-fed(KEN+TZA),2013,1,exports_gdp,2014,xgb_graph,14.9482109075764,1.2301872247478194
UGA-fed(KEN+TZA),2013,1,exports_gdp,2014,lgbm_blind,14.9482109075764,1.4827766919275511
UGA-fed(KEN+TZA),2013,1,exports_gdp,2014,lgbm_graph,14.9482109075764,2.067469643067282
UGA-fed(KEN+TZA),2013,1,exports_gdp,2014,tft,14.9482109075764,1.4827766919275511
UGA-fed(KEN+TZA),2013,3,exports_gdp,2016,persistence,12.4271644156806,4.0858712556307
UGA-fed(KEN+TZA),2013,3,exports_gdp,2016,arima,12.4271644156806,4.009885094206911
UGA-fed(KEN+TZA),2013,3,exports_gdp,2016,prophet,12.4271644156806,6.466110338178282
UGA-fed(KEN+TZA),2013,3,exports_gdp,2016,prophet_graph,12.4271644156806,3.871165298323156
UGA-fed(KEN+TZA),2013,3,exports_gdp,2016,xgb_blind,12.4271644156806,4.009885094206911
UGA-fed(KEN+TZA),2013,3,exports_gdp,2016,xgb_graph,12.4271644156806,10.524501462615298
UGA-fed(KEN+TZA),2013,3,exports_gdp,2016,lgbm_blind,12.4271644156806,4.009885094206911
UGA-fed(KEN+TZA),2013,3,exports_gdp,2016,lgbm_graph,12.4271644156806,0.907670364331258
UGA-fed(KEN+TZA),2013,3,exports_gdp,2016,tft,12.4271644156806,4.009885094206911
UGA-fed(KEN+TZA),2013,5,exports_gdp,2018,persistence,15.0870530611511,1.425982610160201
UGA-fed(KEN+TZA),2013,5,exports_gdp,2018,arima,15.0870530611511,1.3500355718794097
UGA-fed(KEN+TZA),2013,5,exports_gdp,2018,prophet,15.0870530611511,4.668202387818294
UGA-fed(KEN+TZA),2013,5,exports_gdp,2018,prophet_graph,15.0870530611511,0.9713133261555669
UGA-fed(KEN+TZA),2013,5,exports_gdp,2018,xgb_blind,15.0870530611511,1.3500355718794097
UGA-fed(KEN+TZA),2013,5,exports_gdp,2018,xgb_graph,15.0870530611511,1.1447274691100837
UGA-fed(KEN+TZA),2013,5,exports_gdp,2018,lgbm_blind,15.0870530611511,1.3500355718794097
UGA-fed(KEN+TZA),2013,5,exports_gdp,2018,lgbm_graph,15.0870530611511,1.1802911890101146
UGA-fed(KEN+TZA),2013,5,exports_gdp,2018,tft,15.0870530611511,1.3500355718794097
UGA-fed(KEN+TZA),2013,10,exports_gdp,2023,persistence,11.6017089255499,4.9113267457614
UGA-fed(KEN+TZA),2013,10,exports_gdp,2023,arima,11.6017089255499,4.835379961619658
UGA-fed(KEN+TZA),2013,10,exports_gdp,2023,prophet,11.6017089255499,10.306729490959569
UGA-fed(KEN+TZA),2013,10,exports_gdp,2023,prophet_graph,11.6017089255499,3.8572415458212106
UGA-fed(KEN+TZA),2013,10,exports_gdp,2023,xgb_blind,11.6017089255499,4.835379961619658
UGA-fed(KEN+TZA),2013,10,exports_gdp,2023,xgb_graph,11.6017089255499,4.9337658516717795
UGA-fed(KEN+TZA),2013,10,exports_gdp,2023,lgbm_blind,11.6017089255499,4.835379961619658
UGA-fed(KEN+TZA),2013,10,exports_gdp,2023,lgbm_graph,11.6017089255499,3.0572364986662333
UGA-fed(KEN+TZA),2013,10,exports_gdp,2023,tft,11.6017089255499,4.835379961619658
UGA-fed(KEN+TZA),2013,1,imports_gdp,2014,persistence,21.0661901743321,5.5299290278253
UGA-fed(KEN+TZA),2013,1,imports_gdp,2014,arima,21.0661901743321,5.500057860046255
UGA-fed(KEN+TZA),2013,1,imports_gdp,2014,prophet,21.0661901743321,7.9429085348709485
UGA-fed(KEN+TZA),2013,1,imports_gdp,2014,prophet_graph,21.0661901743321,5.881745249134802
UGA-fed(KEN+TZA),2013,1,imports_gdp,2014,xgb_blind,21.0661901743321,5.500057860046255
UGA-fed(KEN+TZA),2013,1,imports_gdp,2014,xgb_graph,21.0661901743321,5.676575252303643
UGA-fed(KEN+TZA),2013,1,imports_gdp,2014,lgbm_blind,21.0661901743321,5.500057860046255
UGA-fed(KEN+TZA),2013,1,imports_gdp,2014,lgbm_graph,21.0661901743321,3.467628609635291
UGA-fed(KEN+TZA),2013,1,imports_gdp,2014,tft,21.0661901743321,5.500057860046255
UGA-fed(KEN+TZA),2013,3,imports_gdp,2016,persistence,18.7821976075312,7.813921594626201
UGA-fed(KEN+TZA),2013,3,imports_gdp,2016,arima,18.7821976075312,7.783406193227368
UGA-fed(KEN+TZA),2013,3,imports_gdp,2016,prophet,18.7821976075312,10.975567288194735
UGA-fed(KEN+TZA),2013,3,imports_gdp,2016,prophet_graph,18.7821976075312,7.475454893571243
UGA-fed(KEN+TZA),2013,3,imports_gdp,2016,xgb_blind,18.7821976075312,7.783406193227368
UGA-fed(KEN+TZA),2013,3,imports_gdp,2016,xgb_graph,18.7821976075312,7.91847835682427
UGA-fed(KEN+TZA),2013,3,imports_gdp,2016,lgbm_blind,18.7821976075312,7.783406193227368
UGA-fed(KEN+TZA),2013,3,imports_gdp,2016,lgbm_graph,18.7821976075312,5.886802654774652
UGA-fed(KEN+TZA),2013,3,imports_gdp,2016,tft,18.7821976075312,7.783406193227368
UGA-fed(KEN+TZA),2013,5,imports_gdp,2018,persistence,21.5513525388056,5.044766663351801
UGA-fed(KEN+TZA),2013,5,imports_gdp,2018,arima,21.5513525388056,5.014250974563165
UGA-fed(KEN+TZA),2013,5,imports_gdp,2018,prophet,21.5513525388056,8.95610411356175
UGA-fed(KEN+TZA),2013,5,imports_gdp,2018,prophet_graph,21.5513525388056,4.01507144688804
UGA-fed(KEN+TZA),2013,5,imports_gdp,2018,xgb_blind,21.5513525388056,5.014250974563165
UGA-fed(KEN+TZA),2013,5,imports_gdp,2018,xgb_graph,21.5513525388056,4.6831407168096355
UGA-fed(KEN+TZA),2013,5,imports_gdp,2018,lgbm_blind,21.5513525388056,5.014250974563165
UGA-fed(KEN+TZA),2013,5,imports_gdp,2018,lgbm_graph,21.5513525388056,3.5945878402869695
UGA-fed(KEN+TZA),2013,5,imports_gdp,2018,tft,21.5513525388056,5.014250974563165
UGA-fed(KEN+TZA),2013,10,imports_gdp,2023,persistence,21.739987404672,4.8561317974854
UGA-fed(KEN+TZA),2013,10,imports_gdp,2023,arima,21.739987404672,4.825616108568504
UGA-fed(KEN+TZA),2013,10,imports_gdp,2023,prophet,21.739987404672,10.640160284121094
UGA-fed(KEN+TZA),2013,10,imports_gdp,2023,prophet_graph,21.739987404672,2.099783682066146
UGA-fed(KEN+TZA),2013,10,imports_gdp,2023,xgb_blind,21.739987404672,4.825616108568504
UGA-fed(KEN+TZA),2013,10,imports_gdp,2023,xgb_graph,21.739987404672,5.869612662466672
UGA-fed(KEN+TZA),2013,10,imports_gdp,2023,lgbm_blind,21.739987404672,4.825616108568504
UGA-fed(KEN+TZA),2013,10,imports_gdp,2023,lgbm_graph,21.739987404672,4.584317993451606
UGA-fed(KEN+TZA),2013,10,imports_gdp,2023,tft,21.739987404672,4.825616108568504
UGA-fed(KEN+TZA),2013,1,current_account,2014,persistence,-6.64160843323991,0.5844145335537005
UGA-fed(KEN+TZA),2013,1,current_account,2014,arima,-6.64160843323991,0.5835035935705939
UGA-fed(KEN+TZA),2013,1,current_account,2014,prophet,-6.64160843323991,1.7927982101972084
UGA-fed(KEN+TZA),2013,1,current_account,2014,prophet_graph,-6.64160843323991,1.050870194332365
UGA-fed(KEN+TZA),2013,1,current_account,2014,xgb_blind,-6.64160843323991,0.5835035935705939
UGA-fed(KEN+TZA),2013,1,current_account,2014,xgb_graph,-6.64160843323991,0.5029308361940119
UGA-fed(KEN+TZA),2013,1,current_account,2014,lgbm_blind,-6.64160843323991,0.5835035935705939
UGA-fed(KEN+TZA),2013,1,current_account,2014,lgbm_graph,-6.64160843323991,2.2142431417811537
UGA-fed(KEN+TZA),2013,1,current_account,2014,tft,-6.64160843323991,0.5835035935705939
UGA-fed(KEN+TZA),2013,3,current_account,2016,persistence,-2.85393787294637,3.20325602673984
UGA-fed(KEN+TZA),2013,3,current_account,2016,arima,-2.85393787294637,3.2040485689772793
UGA-fed(KEN+TZA),2013,3,current_account,2016,prophet,-2.85393787294637,2.050200666007583
UGA-fed(KEN+TZA),2013,3,current_account,2016,prophet_graph,-2.85393787294637,3.9198820954848776
UGA-fed(KEN+TZA),2013,3,current_account,2016,xgb_blind,-2.85393787294637,3.2040485689772793
UGA-fed(KEN+TZA),2013,3,current_account,2016,xgb_graph,-2.85393787294637,3.2913196000455733
UGA-fed(KEN+TZA),2013,3,current_account,2016,lgbm_blind,-2.85393787294637,3.2040485689772793
UGA-fed(KEN+TZA),2013,3,current_account,2016,lgbm_graph,-2.85393787294637,1.5857237307406948
UGA-fed(KEN+TZA),2013,3,current_account,2016,tft,-2.85393787294637,3.2040485689772793
UGA-fed(KEN+TZA),2013,5,current_account,2018,persistence,-6.32983605256251,0.27264215287630034
UGA-fed(KEN+TZA),2013,5,current_account,2018,arima,-6.32983605256251,0.271852402213713
UGA-fed(KEN+TZA),2013,5,current_account,2018,prophet,-6.32983605256251,1.3702934054837286
UGA-fed(KEN+TZA),2013,5,current_account,2018,prophet_graph,-6.32983605256251,0.47593317979166283
UGA-fed(KEN+TZA),2013,5,current_account,2018,xgb_blind,-6.32983605256251,0.271852402213713
UGA-fed(KEN+TZA),2013,5,current_account,2018,xgb_graph,-6.32983605256251,0.7748009382741801
UGA-fed(KEN+TZA),2013,5,current_account,2018,lgbm_blind,-6.32983605256251,0.271852402213713
UGA-fed(KEN+TZA),2013,5,current_account,2018,lgbm_graph,-6.32983605256251,1.9322793099092594
UGA-fed(KEN+TZA),2013,5,current_account,2018,tft,-6.32983605256251,0.271852402213713
UGA-fed(KEN+TZA),2013,10,current_account,2023,persistence,-7.43279149697522,1.3755975972890102
UGA-fed(KEN+TZA),2013,10,current_account,2023,arima,-7.43279149697522,1.3748079140411233
UGA-fed(KEN+TZA),2013,10,current_account,2023,prophet,-7.43279149697522,2.334852267904732
UGA-fed(KEN+TZA),2013,10,current_account,2023,prophet_graph,-7.43279149697522,3.876793708576317
UGA-fed(KEN+TZA),2013,10,current_account,2023,xgb_blind,-7.43279149697522,1.3748079140411233
UGA-fed(KEN+TZA),2013,10,current_account,2023,xgb_graph,-7.43279149697522,2.0636422889063724
UGA-fed(KEN+TZA),2013,10,current_account,2023,lgbm_blind,-7.43279149697522,1.3748079140411233
UGA-fed(KEN+TZA),2013,10,current_account,2023,lgbm_graph,-7.43279149697522,3.1672951087644376
UGA-fed(KEN+TZA),2013,10,current_account,2023,tft,-7.43279149697522,1.3748079140411233
UGA-fed(KEN+TZA),2013,1,real_interest_rate,2014,persistence,15.6773841196638,3.337245898839898
UGA-fed(KEN+TZA),2013,1,real_interest_rate,2014,arima,15.6773841196638,4.572799890094279
UGA-fed(KEN+TZA),2013,1,real_interest_rate,2014,prophet,15.6773841196638,1.7466023005693074
UGA-fed(KEN+TZA),2013,1,real_interest_rate,2014,prophet_graph,15.6773841196638,1.7466023005693074
UGA-fed(KEN+TZA),2013,1,real_interest_rate,2014,xgb_blind,15.6773841196638,4.572799890094279
UGA-fed(KEN+TZA),2013,1,real_interest_rate,2014,xgb_graph,15.6773841196638,4.572799890094279
UGA-fed(KEN+TZA),2013,1,real_interest_rate,2014,lgbm_blind,15.6773841196638,4.572799890094279
UGA-fed(KEN+TZA),2013,1,real_interest_rate,2014,lgbm_graph,15.6773841196638,4.572799890094279
UGA-fed(KEN+TZA),2013,1,real_interest_rate,2014,tft,15.6773841196638,4.572799890094279
UGA-fed(KEN+TZA),2013,3,real_interest_rate,2016,persistence,18.2333937267573,0.7812362917463993
UGA-fed(KEN+TZA),2013,3,real_interest_rate,2016,arima,18.2333937267573,1.7079020619144636
UGA-fed(KEN+TZA),2013,3,real_interest_rate,2016,prophet,18.2333937267573,3.6872883936299505
UGA-fed(KEN+TZA),2013,3,real_interest_rate,2016,prophet_graph,18.2333937267573,3.6872883936299505
UGA-fed(KEN+TZA),2013,3,real_interest_rate,2016,xgb_blind,18.2333937267573,1.7079020619144636
UGA-fed(KEN+TZA),2013,3,real_interest_rate,2016,xgb_graph,18.2333937267573,1.7079020619144636
UGA-fed(KEN+TZA),2013,3,real_interest_rate,2016,lgbm_blind,18.2333937267573,1.7079020619144636
UGA-fed(KEN+TZA),2013,3,real_interest_rate,2016,lgbm_graph,18.2333937267573,1.7079020619144636
UGA-fed(KEN+TZA),2013,3,real_interest_rate,2016,tft,18.2333937267573,1.7079020619144636
UGA-fed(KEN+TZA),2013,5,real_interest_rate,2018,persistence,14.7478688039364,4.266761214567298
UGA-fed(KEN+TZA),2013,5,real_interest_rate,2018,arima,14.7478688039364,5.116351043146848
UGA-fed(KEN+TZA),2013,5,real_interest_rate,2018,prophet,14.7478688039364,0.4144029521471353
UGA-fed(KEN+TZA),2013,5,real_interest_rate,2018,prophet_graph,14.7478688039364,0.4144029521471353
UGA-fed(KEN+TZA),2013,5,real_interest_rate,2018,xgb_blind,14.7478688039364,5.116351043146848
UGA-fed(KEN+TZA),2013,5,real_interest_rate,2018,xgb_graph,14.7478688039364,5.116351043146848
UGA-fed(KEN+TZA),2013,5,real_interest_rate,2018,lgbm_blind,14.7478688039364,5.116351043146848
UGA-fed(KEN+TZA),2013,5,real_interest_rate,2018,lgbm_graph,14.7478688039364,5.116351043146848
UGA-fed(KEN+TZA),2013,5,real_interest_rate,2018,tft,14.7478688039364,5.116351043146848
UGA-fed(KEN+TZA),2013,10,real_interest_rate,2023,persistence,14.7478688039364,4.266761214567298
UGA-fed(KEN+TZA),2013,10,real_interest_rate,2023,arima,14.7478688039364,5.0899267710474785
UGA-fed(KEN+TZA),2013,10,real_interest_rate,2023,prophet,14.7478688039364,1.953554646152602
UGA-fed(KEN+TZA),2013,10,real_interest_rate,2023,prophet_graph,14.7478688039364,1.953554646152602
UGA-fed(KEN+TZA),2013,10,real_interest_rate,2023,xgb_blind,14.7478688039364,5.0899267710474785
UGA-fed(KEN+TZA),2013,10,real_interest_rate,2023,xgb_graph,14.7478688039364,5.0899267710474785
UGA-fed(KEN+TZA),2013,10,real_interest_rate,2023,lgbm_blind,14.7478688039364,5.0899267710474785
UGA-fed(KEN+TZA),2013,10,real_interest_rate,2023,lgbm_graph,14.7478688039364,5.0899267710474785
UGA-fed(KEN+TZA),2013,10,real_interest_rate,2023,tft,14.7478688039364,5.0899267710474785
UGA-fed(KEN+TZA),2013,1,broad_money,2014,persistence,18.6599683055423,0.6732798692462012
UGA-fed(KEN+TZA),2013,1,broad_money,2014,arima,18.6599683055423,0.8341473003674622
UGA-fed(KEN+TZA),2013,1,broad_money,2014,prophet,18.6599683055423,2.5190553246118483
UGA-fed(KEN+TZA),2013,1,broad_money,2014,prophet_graph,18.6599683055423,1.0837773619845912
UGA-fed(KEN+TZA),2013,1,broad_money,2014,xgb_blind,18.6599683055423,0.8341473003674622
UGA-fed(KEN+TZA),2013,1,broad_money,2014,xgb_graph,18.6599683055423,0.8391160258792141
UGA-fed(KEN+TZA),2013,1,broad_money,2014,lgbm_blind,18.6599683055423,0.8341473003674622
UGA-fed(KEN+TZA),2013,1,broad_money,2014,lgbm_graph,18.6599683055423,2.7637111123501086
UGA-fed(KEN+TZA),2013,1,broad_money,2014,tft,18.6599683055423,0.8341473003674622
UGA-fed(KEN+TZA),2013,3,broad_money,2016,persistence,19.0748437204022,1.0881552841061009
UGA-fed(KEN+TZA),2013,3,broad_money,2016,arima,19.0748437204022,1.211202469156678
UGA-fed(KEN+TZA),2013,3,broad_money,2016,prophet,19.0748437204022,3.0044169508746315
UGA-fed(KEN+TZA),2013,3,broad_money,2016,prophet_graph,19.0748437204022,1.0544055783123696
UGA-fed(KEN+TZA),2013,3,broad_money,2016,xgb_blind,19.0748437204022,1.211202469156678
UGA-fed(KEN+TZA),2013,3,broad_money,2016,xgb_graph,19.0748437204022,2.356662110294778
UGA-fed(KEN+TZA),2013,3,broad_money,2016,lgbm_blind,19.0748437204022,1.211202469156678
UGA-fed(KEN+TZA),2013,3,broad_money,2016,lgbm_graph,19.0748437204022,2.5348064290116454
UGA-fed(KEN+TZA),2013,3,broad_money,2016,tft,19.0748437204022,1.211202469156678
UGA-fed(KEN+TZA),2013,5,broad_money,2018,persistence,19.4171293137567,1.430440877460601
UGA-fed(KEN+TZA),2013,5,broad_money,2018,arima,19.4171293137567,1.5480858008407807
UGA-fed(KEN+TZA),2013,5,broad_money,2018,prophet,19.4171293137567,3.56360160006901
UGA-fed(KEN+TZA),2013,5,broad_money,2018,prophet_graph,19.4171293137567,0.9518354153285387
UGA-fed(KEN+TZA),2013,5,broad_money,2018,xgb_blind,19.4171293137567,1.5480858008407807
UGA-fed(KEN+TZA),2013,5,broad_money,2018,xgb_graph,19.4171293137567,2.0099656937615826
UGA-fed(KEN+TZA),2013,5,broad_money,2018,lgbm_blind,19.4171293137567,1.5480858008407807
UGA-fed(KEN+TZA),2013,5,broad_money,2018,lgbm_graph,19.4171293137567,2.374141389883601
UGA-fed(KEN+TZA),2013,5,broad_money,2018,tft,19.4171293137567,1.5480858008407807
UGA-fed(KEN+TZA),2013,10,broad_money,2023,persistence,21.6816047396201,3.694916303324
UGA-fed(KEN+TZA),2013,10,broad_money,2023,arima,21.6816047396201,3.8116540302236785
UGA-fed(KEN+TZA),2013,10,broad_money,2023,prophet,21.6816047396201,3.5509519784385084
UGA-fed(KEN+TZA),2013,10,broad_money,2023,prophet_graph,21.6816047396201,2.1050842870554227
UGA-fed(KEN+TZA),2013,10,broad_money,2023,xgb_blind,21.6816047396201,3.8116540302236785
UGA-fed(KEN+TZA),2013,10,broad_money,2023,xgb_graph,21.6816047396201,6.194507953121075
UGA-fed(KEN+TZA),2013,10,broad_money,2023,lgbm_blind,21.6816047396201,3.8116540302236785
UGA-fed(KEN+TZA),2013,10,broad_money,2023,lgbm_graph,21.6816047396201,3.4634345736044736
UGA-fed(KEN+TZA),2013,10,broad_money,2023,tft,21.6816047396201,3.8116540302236785
UGA-fed(KEN+TZA),2013,1,govt_consumption,2014,persistence,7.42890180380585,0.3308183315569302
UGA-fed(KEN+TZA),2013,1,govt_consumption,2014,arima,7.42890180380585,0.23372311542570756
UGA-fed(KEN+TZA),2013,1,govt_consumption,2014,prophet,7.42890180380585,4.383806118759798
UGA-fed(KEN+TZA),2013,1,govt_consumption,2014,prophet_graph,7.42890180380585,0.2995177327778773
UGA-fed(KEN+TZA),2013,1,govt_consumption,2014,xgb_blind,7.42890180380585,0.23372311542570756
UGA-fed(KEN+TZA),2013,1,govt_consumption,2014,xgb_graph,7.42890180380585,0.1149495717739839
UGA-fed(KEN+TZA),2013,1,govt_consumption,2014,lgbm_blind,7.42890180380585,0.23372311542570756
UGA-fed(KEN+TZA),2013,1,govt_consumption,2014,lgbm_graph,7.42890180380585,4.636713767257648
UGA-fed(KEN+TZA),2013,1,govt_consumption,2014,tft,7.42890180380585,0.23372311542570756
UGA-fed(KEN+TZA),2013,3,govt_consumption,2016,persistence,7.3519468435187,0.2538633712697802
UGA-fed(KEN+TZA),2013,3,govt_consumption,2016,arima,7.3519468435187,0.17204554289778162
UGA-fed(KEN+TZA),2013,3,govt_consumption,2016,prophet,7.3519468435187,4.454537643576783
UGA-fed(KEN+TZA),2013,3,govt_consumption,2016,prophet_graph,7.3519468435187,0.14533182550964163
UGA-fed(KEN+TZA),2013,3,govt_consumption,2016,xgb_blind,7.3519468435187,0.17204554289778162
UGA-fed(KEN+TZA),2013,3,govt_consumption,2016,xgb_graph,7.3519468435187,0.2326383718390126
UGA-fed(KEN+TZA),2013,3,govt_consumption,2016,lgbm_blind,7.3519468435187,0.17204554289778162
UGA-fed(KEN+TZA),2013,3,govt_consumption,2016,lgbm_graph,7.3519468435187,4.981962054971115
UGA-fed(KEN+TZA),2013,3,govt_consumption,2016,tft,7.3519468435187,0.17204554289778162
UGA-fed(KEN+TZA),2013,5,govt_consumption,2018,persistence,8.63607272997988,1.5379892577309597
UGA-fed(KEN+TZA),2013,5,govt_consumption,2018,arima,8.63607272997988,1.4567559692720797
UGA-fed(KEN+TZA),2013,5,govt_consumption,2018,prophet,8.63607272997988,3.164179796391368
UGA-fed(KEN+TZA),2013,5,govt_consumption,2018,prophet_graph,8.63607272997988,0.7703954977484297
UGA-fed(KEN+TZA),2013,5,govt_consumption,2018,xgb_blind,8.63607272997988,1.4567559692720797
UGA-fed(KEN+TZA),2013,5,govt_consumption,2018,xgb_graph,8.63607272997988,1.3933881770025422
UGA-fed(KEN+TZA),2013,5,govt_consumption,2018,lgbm_blind,8.63607272997988,1.4567559692720797
UGA-fed(KEN+TZA),2013,5,govt_consumption,2018,lgbm_graph,8.63607272997988,3.7911027918707063
UGA-fed(KEN+TZA),2013,5,govt_consumption,2018,tft,8.63607272997988,1.4567559692720797
UGA-fed(KEN+TZA),2013,10,govt_consumption,2023,persistence,9.56616058785446,2.4680771156055403
UGA-fed(KEN+TZA),2013,10,govt_consumption,2023,arima,9.56616058785446,2.3868670891282138
UGA-fed(KEN+TZA),2013,10,govt_consumption,2023,prophet,9.56616058785446,2.218524824587302
UGA-fed(KEN+TZA),2013,10,govt_consumption,2023,prophet_graph,9.56616058785446,0.7802428954193523
UGA-fed(KEN+TZA),2013,10,govt_consumption,2023,xgb_blind,9.56616058785446,2.3868670891282138
UGA-fed(KEN+TZA),2013,10,govt_consumption,2023,xgb_graph,9.56616058785446,0.7816051526737962
UGA-fed(KEN+TZA),2013,10,govt_consumption,2023,lgbm_blind,9.56616058785446,2.3868670891282138
UGA-fed(KEN+TZA),2013,10,govt_consumption,2023,lgbm_graph,9.56616058785446,2.87377727617665
UGA-fed(KEN+TZA),2013,10,govt_consumption,2023,tft,9.56616058785446,2.3868670891282138
UGA-fed(KEN+TZA),2014,1,gdp_growth,2015,persistence,5.18785986002466,0.08155253462669965
UGA-fed(KEN+TZA),2014,1,gdp_growth,2015,arima,5.18785986002466,0.7247983279020316
UGA-fed(KEN+TZA),2014,1,gdp_growth,2015,prophet,5.18785986002466,1.3029136228836604
UGA-fed(KEN+TZA),2014,1,gdp_growth,2015,prophet_graph,5.18785986002466,1.3029136228836604
UGA-fed(KEN+TZA),2014,1,gdp_growth,2015,xgb_blind,5.18785986002466,0.7247983279020316
UGA-fed(KEN+TZA),2014,1,gdp_growth,2015,xgb_graph,5.18785986002466,0.7247983279020316
UGA-fed(KEN+TZA),2014,1,gdp_growth,2015,lgbm_blind,5.18785986002466,0.7247983279020316
UGA-fed(KEN+TZA),2014,1,gdp_growth,2015,lgbm_graph,5.18785986002466,0.7247983279020316
UGA-fed(KEN+TZA),2014,1,gdp_growth,2015,tft,5.18785986002466,0.7247983279020316
UGA-fed(KEN+TZA),2014,3,gdp_growth,2017,persistence,3.13140551723596,1.9749018081620004
UGA-fed(KEN+TZA),2014,3,gdp_growth,2017,arima,3.13140551723596,1.4886887162778102
UGA-fed(KEN+TZA),2014,3,gdp_growth,2017,prophet,3.13140551723596,3.325555946397225
UGA-fed(KEN+TZA),2014,3,gdp_growth,2017,prophet_graph,3.13140551723596,3.325555946397225
UGA-fed(KEN+TZA),2014,3,gdp_growth,2017,xgb_blind,3.13140551723596,1.4886887162778102
UGA-fed(KEN+TZA),2014,3,gdp_growth,2017,xgb_graph,3.13140551723596,1.4886887162778102
UGA-fed(KEN+TZA),2014,3,gdp_growth,2017,lgbm_blind,3.13140551723596,1.4886887162778102
UGA-fed(KEN+TZA),2014,3,gdp_growth,2017,lgbm_graph,3.13140551723596,1.4886887162778102
UGA-fed(KEN+TZA),2014,3,gdp_growth,2017,tft,3.13140551723596,1.4886887162778102
UGA-fed(KEN+TZA),2014,5,gdp_growth,2019,persistence,6.43874503276439,1.33243770736643
UGA-fed(KEN+TZA),2014,5,gdp_growth,2019,arima,6.43874503276439,1.7905059510913723
UGA-fed(KEN+TZA),2014,5,gdp_growth,2019,prophet,6.43874503276439,0.015549333934009368
UGA-fed(KEN+TZA),2014,5,gdp_growth,2019,prophet_graph,6.43874503276439,0.015549333934009368
UGA-fed(KEN+TZA),2014,5,gdp_growth,2019,xgb_blind,6.43874503276439,1.7905059510913723
UGA-fed(KEN+TZA),2014,5,gdp_growth,2019,xgb_graph,6.43874503276439,1.7905059510913723
UGA-fed(KEN+TZA),2014,5,gdp_growth,2019,lgbm_blind,6.43874503276439,1.7905059510913723
UGA-fed(KEN+TZA),2014,5,gdp_growth,2019,lgbm_graph,6.43874503276439,1.7905059510913723
UGA-fed(KEN+TZA),2014,5,gdp_growth,2019,tft,6.43874503276439,1.7905059510913723
UGA-fed(KEN+TZA),2014,1,unemployment,2015,persistence,2.681,0.32399999999999984
UGA-fed(KEN+TZA),2014,1,unemployment,2015,arima,2.681,0.3159791846297635
UGA-fed(KEN+TZA),2014,1,unemployment,2015,prophet,2.681,0.08487339496429813
UGA-fed(KEN+TZA),2014,1,unemployment,2015,prophet_graph,2.681,0.08487339496429813
UGA-fed(KEN+TZA),2014,1,unemployment,2015,xgb_blind,2.681,0.3159791846297635
UGA-fed(KEN+TZA),2014,1,unemployment,2015,xgb_graph,2.681,0.3159791846297635
UGA-fed(KEN+TZA),2014,1,unemployment,2015,lgbm_blind,2.681,0.3159791846297635
UGA-fed(KEN+TZA),2014,1,unemployment,2015,lgbm_graph,2.681,0.3159791846297635
UGA-fed(KEN+TZA),2014,1,unemployment,2015,tft,2.681,0.3159791846297635
UGA-fed(KEN+TZA),2014,3,unemployment,2017,persistence,3.428,1.0709999999999997
UGA-fed(KEN+TZA),2014,3,unemployment,2017,arima,3.428,1.0628326793564136
UGA-fed(KEN+TZA),2014,3,unemployment,2017,prophet,3.428,0.7235905032746683
UGA-fed(KEN+TZA),2014,3,unemployment,2017,prophet_graph,3.428,0.7235905032746683
UGA-fed(KEN+TZA),2014,3,unemployment,2017,xgb_blind,3.428,1.0628326793564136
UGA-fed(KEN+TZA),2014,3,unemployment,2017,xgb_graph,3.428,1.0628326793564136
UGA-fed(KEN+TZA),2014,3,unemployment,2017,lgbm_blind,3.428,1.0628326793564136
UGA-fed(KEN+TZA),2014,3,unemployment,2017,lgbm_graph,3.428,1.0628326793564136
UGA-fed(KEN+TZA),2014,3,unemployment,2017,tft,3.428,1.0628326793564136
UGA-fed(KEN+TZA),2014,5,unemployment,2019,persistence,3.057,0.6999999999999997
UGA-fed(KEN+TZA),2014,5,unemployment,2019,arima,3.057,0.6918326321853954
UGA-fed(KEN+TZA),2014,5,unemployment,2019,prophet,3.057,0.4139703195734996
UGA-fed(KEN+TZA),2014,5,unemployment,2019,prophet_graph,3.057,0.4139703195734996
UGA-fed(KEN+TZA),2014,5,unemployment,2019,xgb_blind,3.057,0.6918326321853954
UGA-fed(KEN+TZA),2014,5,unemployment,2019,xgb_graph,3.057,0.6918326321853954
UGA-fed(KEN+TZA),2014,5,unemployment,2019,lgbm_blind,3.057,0.6918326321853954
UGA-fed(KEN+TZA),2014,5,unemployment,2019,lgbm_graph,3.057,0.6918326321853954
UGA-fed(KEN+TZA),2014,5,unemployment,2019,tft,3.057,0.6918326321853954
UGA-fed(KEN+TZA),2014,1,exports_gdp,2015,persistence,12.8773253147369,2.070885592839499
UGA-fed(KEN+TZA),2014,1,exports_gdp,2015,arima,12.8773253147369,2.210040672771539
UGA-fed(KEN+TZA),2014,1,exports_gdp,2015,prophet,12.8773253147369,5.0857462296238936
UGA-fed(KEN+TZA),2014,1,exports_gdp,2015,prophet_graph,12.8773253147369,3.7279631721830313
UGA-fed(KEN+TZA),2014,1,exports_gdp,2015,xgb_blind,12.8773253147369,2.210040672771539
UGA-fed(KEN+TZA),2014,1,exports_gdp,2015,xgb_graph,12.8773253147369,2.28225491597599
UGA-fed(KEN+TZA),2014,1,exports_gdp,2015,lgbm_blind,12.8773253147369,2.210040672771539
UGA-fed(KEN+TZA),2014,1,exports_gdp,2015,lgbm_graph,12.8773253147369,0.08956051026131995
UGA-fed(KEN+TZA),2014,1,exports_gdp,2015,tft,12.8773253147369,2.210040672771539
UGA-fed(KEN+TZA),2014,3,exports_gdp,2017,persistence,16.6611294211705,1.7129185135941007
UGA-fed(KEN+TZA),2014,3,exports_gdp,2017,arima,16.6611294211705,1.585037630792618
UGA-fed(KEN+TZA),2014,3,exports_gdp,2017,prophet,16.6611294211705,2.1067108531892735
UGA-fed(KEN+TZA),2014,3,exports_gdp,2017,prophet_graph,16.6611294211705,0.34611555532193705
UGA-fed(KEN+TZA),2014,3,exports_gdp,2017,xgb_blind,16.6611294211705,1.585037630792618
UGA-fed(KEN+TZA),2014,3,exports_gdp,2017,xgb_graph,16.6611294211705,3.6622405586878983
UGA-fed(KEN+TZA),2014,3,exports_gdp,2017,lgbm_blind,16.6611294211705,1.585037630792618
UGA-fed(KEN+TZA),2014,3,exports_gdp,2017,lgbm_graph,16.6611294211705,3.252959371329746
UGA-fed(KEN+TZA),2014,3,exports_gdp,2017,tft,16.6611294211705,1.585037630792618
UGA-fed(KEN+TZA),2014,5,exports_gdp,2019,persistence,17.1090580167383,2.1608471091618995
UGA-fed(KEN+TZA),2014,5,exports_gdp,2019,arima,17.1090580167383,2.0330553827213773
UGA-fed(KEN+TZA),2014,5,exports_gdp,2019,prophet,17.1090580167383,2.4624500728051295
UGA-fed(KEN+TZA),2014,5,exports_gdp,2019,prophet_graph,17.1090580167383,1.0839216794562176
UGA-fed(KEN+TZA),2014,5,exports_gdp,2019,xgb_blind,17.1090580167383,2.0330553827213773
UGA-fed(KEN+TZA),2014,5,exports_gdp,2019,xgb_graph,17.1090580167383,2.4841934384912285
UGA-fed(KEN+TZA),2014,5,exports_gdp,2019,lgbm_blind,17.1090580167383,2.0330553827213773
UGA-fed(KEN+TZA),2014,5,exports_gdp,2019,lgbm_graph,17.1090580167383,3.150223702391985
UGA-fed(KEN+TZA),2014,5,exports_gdp,2019,tft,17.1090580167383,2.0330553827213773
UGA-fed(KEN+TZA),2014,1,imports_gdp,2015,persistence,24.8119730176989,3.7457828433668006
UGA-fed(KEN+TZA),2014,1,imports_gdp,2015,arima,24.8119730176989,4.195897653436408
UGA-fed(KEN+TZA),2014,1,imports_gdp,2015,prophet,24.8119730176989,3.274743517757564
UGA-fed(KEN+TZA),2014,1,imports_gdp,2015,prophet_graph,24.8119730176989,1.0901703433274896
UGA-fed(KEN+TZA),2014,1,imports_gdp,2015,xgb_blind,24.8119730176989,4.195897653436408
UGA-fed(KEN+TZA),2014,1,imports_gdp,2015,xgb_graph,24.8119730176989,2.1806921186510486
UGA-fed(KEN+TZA),2014,1,imports_gdp,2015,lgbm_blind,24.8119730176989,4.195897653436408
UGA-fed(KEN+TZA),2014,1,imports_gdp,2015,lgbm_graph,24.8119730176989,0.4226387364132975
UGA-fed(KEN+TZA),2014,1,imports_gdp,2015,tft,24.8119730176989,4.195897653436408
UGA-fed(KEN+TZA),2014,3,imports_gdp,2017,persistence,20.1759235122395,0.8902666620925999
UGA-fed(KEN+TZA),2014,3,imports_gdp,2017,arima,20.1759235122395,0.4005320904154317
UGA-fed(KEN+TZA),2014,3,imports_gdp,2017,prophet,20.1759235122395,8.510393379609177
UGA-fed(KEN+TZA),2014,3,imports_gdp,2017,prophet_graph,20.1759235122395,3.174329164183966
UGA-fed(KEN+TZA),2014,3,imports_gdp,2017,xgb_blind,20.1759235122395,0.4005320904154317
UGA-fed(KEN+TZA),2014,3,imports_gdp,2017,xgb_graph,20.1759235122395,6.492979838590578
UGA-fed(KEN+TZA),2014,3,imports_gdp,2017,lgbm_blind,20.1759235122395,0.4005320904154317
UGA-fed(KEN+TZA),2014,3,imports_gdp,2017,lgbm_graph,20.1759235122395,4.329312679943563
UGA-fed(KEN+TZA),2014,3,imports_gdp,2017,tft,20.1759235122395,0.4005320904154317
UGA-fed(KEN+TZA),2014,5,imports_gdp,2019,persistence,22.2519959480052,1.1858057736730991
UGA-fed(KEN+TZA),2014,5,imports_gdp,2019,arima,22.2519959480052,1.6758028393306432
UGA-fed(KEN+TZA),2014,5,imports_gdp,2019,prophet,22.2519959480052,7.033101053510116
UGA-fed(KEN+TZA),2014,5,imports_gdp,2019,prophet_graph,22.2519959480052,0.7272150068013019
UGA-fed(KEN+TZA),2014,5,imports_gdp,2019,xgb_blind,22.2519959480052,1.6758028393306432
UGA-fed(KEN+TZA),2014,5,imports_gdp,2019,xgb_graph,22.2519959480052,2.2721434562916762
UGA-fed(KEN+TZA),2014,5,imports_gdp,2019,lgbm_blind,22.2519959480052,1.6758028393306432
UGA-fed(KEN+TZA),2014,5,imports_gdp,2019,lgbm_graph,22.2519959480052,2.6899569481129646
UGA-fed(KEN+TZA),2014,5,imports_gdp,2019,tft,22.2519959480052,1.6758028393306432
UGA-fed(KEN+TZA),2014,1,current_account,2015,persistence,-5.1602872378994,1.4813211953405103
UGA-fed(KEN+TZA),2014,1,current_account,2015,arima,-5.1602872378994,1.391417900683659
UGA-fed(KEN+TZA),2014,1,current_account,2015,prophet,-5.1602872378994,0.011739774103368461
UGA-fed(KEN+TZA),2014,1,current_account,2015,prophet_graph,-5.1602872378994,1.7416836760000072
UGA-fed(KEN+TZA),2014,1,current_account,2015,xgb_blind,-5.1602872378994,1.391417900683659
UGA-fed(KEN+TZA),2014,1,current_account,2015,xgb_graph,-5.1602872378994,0.6518961422275531
UGA-fed(KEN+TZA),2014,1,current_account,2015,lgbm_blind,-5.1602872378994,1.391417900683659
UGA-fed(KEN+TZA),2014,1,current_account,2015,lgbm_graph,-5.1602872378994,0.6406618236589159
UGA-fed(KEN+TZA),2014,1,current_account,2015,tft,-5.1602872378994,1.391417900683659
UGA-fed(KEN+TZA),2014,3,current_account,2017,persistence,-4.88278660173815,1.75882183150176
UGA-fed(KEN+TZA),2014,3,current_account,2017,arima,-4.88278660173815,1.680621217820196
UGA-fed(KEN+TZA),2014,3,current_account,2017,prophet,-4.88278660173815,0.35329531578022877
UGA-fed(KEN+TZA),2014,3,current_account,2017,prophet_graph,-4.88278660173815,1.2122782247279797
UGA-fed(KEN+TZA),2014,3,current_account,2017,xgb_blind,-4.88278660173815,1.680621217820196
UGA-fed(KEN+TZA),2014,3,current_account,2017,xgb_graph,-4.88278660173815,0.3175250590284513
UGA-fed(KEN+TZA),2014,3,current_account,2017,lgbm_blind,-4.88278660173815,1.680621217820196
UGA-fed(KEN+TZA),2014,3,current_account,2017,lgbm_graph,-4.88278660173815,0.34303651466321483
UGA-fed(KEN+TZA),2014,3,current_account,2017,tft,-4.88278660173815,1.680621217820196
UGA-fed(KEN+TZA),2014,5,current_account,2019,persistence,-7.44419073613667,0.8025823028967594
UGA-fed(KEN+TZA),2014,5,current_account,2019,arima,-7.44419073613667,0.8805059709171594
UGA-fed(KEN+TZA),2014,5,current_account,2019,prophet,-7.44419073613667,2.120694111070666
UGA-fed(KEN+TZA),2014,5,current_account,2019,prophet_graph,-7.44419073613667,2.154928158406917
UGA-fed(KEN+TZA),2014,5,current_account,2019,xgb_blind,-7.44419073613667,0.8805059709171594
UGA-fed(KEN+TZA),2014,5,current_account,2019,xgb_graph,-7.44419073613667,2.200778718314404
UGA-fed(KEN+TZA),2014,5,current_account,2019,lgbm_blind,-7.44419073613667,0.8805059709171594
UGA-fed(KEN+TZA),2014,5,current_account,2019,lgbm_graph,-7.44419073613667,2.9344314187050706
UGA-fed(KEN+TZA),2014,5,current_account,2019,tft,-7.44419073613667,0.8805059709171594
UGA-fed(KEN+TZA),2014,1,real_interest_rate,2015,persistence,16.5546646041457,0.8772804844818989
UGA-fed(KEN+TZA),2014,1,real_interest_rate,2015,arima,16.5546646041457,0.7865632352280265
UGA-fed(KEN+TZA),2014,1,real_interest_rate,2015,prophet,16.5546646041457,2.124840921995375
UGA-fed(KEN+TZA),2014,1,real_interest_rate,2015,prophet_graph,16.5546646041457,2.124840921995375
UGA-fed(KEN+TZA),2014,1,real_interest_rate,2015,xgb_blind,16.5546646041457,0.7865632352280265
UGA-fed(KEN+TZA),2014,1,real_interest_rate,2015,xgb_graph,16.5546646041457,0.7865632352280265
UGA-fed(KEN+TZA),2014,1,real_interest_rate,2015,lgbm_blind,16.5546646041457,0.7865632352280265
UGA-fed(KEN+TZA),2014,1,real_interest_rate,2015,lgbm_graph,16.5546646041457,0.7865632352280265
UGA-fed(KEN+TZA),2014,1,real_interest_rate,2015,tft,16.5546646041457,0.7865632352280265
UGA-fed(KEN+TZA),2014,3,real_interest_rate,2017,persistence,15.8908471114542,0.21346299179039896
UGA-fed(KEN+TZA),2014,3,real_interest_rate,2017,arima,15.8908471114542,1.0344232103291304
UGA-fed(KEN+TZA),2014,3,real_interest_rate,2017,prophet,15.8908471114542,0.8218422529968272
UGA-fed(KEN+TZA),2014,3,real_interest_rate,2017,prophet_graph,15.8908471114542,0.8218422529968272
UGA-fed(KEN+TZA),2014,3,real_interest_rate,2017,xgb_blind,15.8908471114542,1.0344232103291304
UGA-fed(KEN+TZA),2014,3,real_interest_rate,2017,xgb_graph,15.8908471114542,1.0344232103291304
UGA-fed(KEN+TZA),2014,3,real_interest_rate,2017,lgbm_blind,15.8908471114542,1.0344232103291304
UGA-fed(KEN+TZA),2014,3,real_interest_rate,2017,lgbm_graph,15.8908471114542,1.0344232103291304
UGA-fed(KEN+TZA),2014,3,real_interest_rate,2017,tft,15.8908471114542,1.0344232103291304
UGA-fed(KEN+TZA),2014,5,real_interest_rate,2019,persistence,14.7478688039364,0.9295153157274001
UGA-fed(KEN+TZA),2014,5,real_interest_rate,2019,arima,14.7478688039364,2.0740069731297
UGA-fed(KEN+TZA),2014,5,real_interest_rate,2019,prophet,14.7478688039364,0.9594428379739721
UGA-fed(KEN+TZA),2014,5,real_interest_rate,2019,prophet_graph,14.7478688039364,0.9594428379739721
UGA-fed(KEN+TZA),2014,5,real_interest_rate,2019,xgb_blind,14.7478688039364,2.0740069731297
UGA-fed(KEN+TZA),2014,5,real_interest_rate,2019,xgb_graph,14.7478688039364,2.0740069731297
UGA-fed(KEN+TZA),2014,5,real_interest_rate,2019,lgbm_blind,14.7478688039364,2.0740069731297
UGA-fed(KEN+TZA),2014,5,real_interest_rate,2019,lgbm_graph,14.7478688039364,2.0740069731297
UGA-fed(KEN+TZA),2014,5,real_interest_rate,2019,tft,14.7478688039364,2.0740069731297
UGA-fed(KEN+TZA),2014,1,broad_money,2015,persistence,18.8439221029839,0.18395379744159968
UGA-fed(KEN+TZA),2014,1,broad_money,2015,arima,18.8439221029839,0.43721726240306324
UGA-fed(KEN+TZA),2014,1,broad_money,2015,prophet,18.8439221029839,2.413170945392757
UGA-fed(KEN+TZA),2014,1,broad_money,2015,prophet_graph,18.8439221029839,1.1689338779779384
UGA-fed(KEN+TZA),2014,1,broad_money,2015,xgb_blind,18.8439221029839,0.43721726240306324
UGA-fed(KEN+TZA),2014,1,broad_money,2015,xgb_graph,18.8439221029839,0.8653721457085091
UGA-fed(KEN+TZA),2014,1,broad_money,2015,lgbm_blind,18.8439221029839,0.43721726240306324
UGA-fed(KEN+TZA),2014,1,broad_money,2015,lgbm_graph,18.8439221029839,2.832510316904493
UGA-fed(KEN+TZA),2014,1,broad_money,2015,tft,18.8439221029839,0.43721726240306324
UGA-fed(KEN+TZA),2014,3,broad_money,2017,persistence,19.9186068571647,1.2586385516224006
UGA-fed(KEN+TZA),2014,3,broad_money,2017,arima,19.9186068571647,1.452470052582207
UGA-fed(KEN+TZA),2014,3,broad_money,2017,prophet,19.9186068571647,2.196296542143788
UGA-fed(KEN+TZA),2014,3,broad_money,2017,prophet_graph,19.9186068571647,1.6887930790245527
UGA-fed(KEN+TZA),2014,3,broad_money,2017,xgb_blind,19.9186068571647,1.452470052582207
UGA-fed(KEN+TZA),2014,3,broad_money,2017,xgb_graph,19.9186068571647,1.7773715056022006
UGA-fed(KEN+TZA),2014,3,broad_money,2017,lgbm_blind,19.9186068571647,1.452470052582207
UGA-fed(KEN+TZA),2014,3,broad_money,2017,lgbm_graph,19.9186068571647,3.2822091052698354
UGA-fed(KEN+TZA),2014,3,broad_money,2017,tft,19.9186068571647,1.452470052582207
UGA-fed(KEN+TZA),2014,5,broad_money,2019,persistence,20.5230556458778,1.8630873403355004
UGA-fed(KEN+TZA),2014,5,broad_money,2019,arima,20.5230556458778,2.0485092689332234
UGA-fed(KEN+TZA),2014,5,broad_money,2019,prophet,20.5230556458778,2.4484846291902542
UGA-fed(KEN+TZA),2014,5,broad_money,2019,prophet_graph,20.5230556458778,1.7391753098881892
UGA-fed(KEN+TZA),2014,5,broad_money,2019,xgb_blind,20.5230556458778,2.0485092689332234
UGA-fed(KEN+TZA),2014,5,broad_money,2019,xgb_graph,20.5230556458778,2.320718380863152
UGA-fed(KEN+TZA),2014,5,broad_money,2019,lgbm_blind,20.5230556458778,2.0485092689332234
UGA-fed(KEN+TZA),2014,5,broad_money,2019,lgbm_graph,20.5230556458778,3.399218747074091
UGA-fed(KEN+TZA),2014,5,broad_money,2019,tft,20.5230556458778,2.0485092689332234
UGA-fed(KEN+TZA),2014,1,govt_consumption,2015,persistence,8.95453398978222,1.5256321859763702
UGA-fed(KEN+TZA),2014,1,govt_consumption,2015,arima,8.95453398978222,1.5906875968550596
UGA-fed(KEN+TZA),2014,1,govt_consumption,2015,prophet,8.95453398978222,2.0970881865440507
UGA-fed(KEN+TZA),2014,1,govt_consumption,2015,prophet_graph,8.95453398978222,1.9585908853378502
UGA-fed(KEN+TZA),2014,1,govt_consumption,2015,xgb_blind,8.95453398978222,1.5906875968550596
UGA-fed(KEN+TZA),2014,1,govt_consumption,2015,xgb_graph,8.95453398978222,0.9955844238947691
UGA-fed(KEN+TZA),2014,1,govt_consumption,2015,lgbm_blind,8.95453398978222,1.5906875968550596
UGA-fed(KEN+TZA),2014,1,govt_consumption,2015,lgbm_graph,8.95453398978222,2.9178851688354346
UGA-fed(KEN+TZA),2014,1,govt_consumption,2015,tft,8.95453398978222,1.5906875968550596
UGA-fed(KEN+TZA),2014,3,govt_consumption,2017,persistence,8.00943502980076,0.5805332259949108
UGA-fed(KEN+TZA),2014,3,govt_consumption,2017,arima,8.00943502980076,0.6353112642661527
UGA-fed(KEN+TZA),2014,3,govt_consumption,2017,prophet,8.00943502980076,2.945163740566082
UGA-fed(KEN+TZA),2014,3,govt_consumption,2017,prophet_graph,8.00943502980076,0.8002609154445182
UGA-fed(KEN+TZA),2014,3,govt_consumption,2017,xgb_blind,8.00943502980076,0.6353112642661527
UGA-fed(KEN+TZA),2014,3,govt_consumption,2017,xgb_graph,8.00943502980076,0.5883367975314737
UGA-fed(KEN+TZA),2014,3,govt_consumption,2017,lgbm_blind,8.00943502980076,0.6353112642661527
UGA-fed(KEN+TZA),2014,3,govt_consumption,2017,lgbm_graph,8.00943502980076,4.101518994774212
UGA-fed(KEN+TZA),2014,3,govt_consumption,2017,tft,8.00943502980076,0.6353112642661527
UGA-fed(KEN+TZA),2014,5,govt_consumption,2019,persistence,8.77456131212774,1.3456595083218907
UGA-fed(KEN+TZA),2014,5,govt_consumption,2019,arima,8.77456131212774,1.400040108201642
UGA-fed(KEN+TZA),2014,5,govt_consumption,2019,prophet,8.77456131212774,2.0831467792372127
UGA-fed(KEN+TZA),2014,5,govt_consumption,2019,prophet_graph,8.77456131212774,1.3524478855476012
UGA-fed(KEN+TZA),2014,5,govt_consumption,2019,xgb_blind,8.77456131212774,1.400040108201642
UGA-fed(KEN+TZA),2014,5,govt_consumption,2019,xgb_graph,8.77456131212774,0.3152366615050717
UGA-fed(KEN+TZA),2014,5,govt_consumption,2019,lgbm_blind,8.77456131212774,1.400040108201642
UGA-fed(KEN+TZA),2014,5,govt_consumption,2019,lgbm_graph,8.77456131212774,3.40270051724848
UGA-fed(KEN+TZA),2014,5,govt_consumption,2019,tft,8.77456131212774,1.400040108201642
UGA-fed(KEN+TZA),2015,1,gdp_growth,2016,persistence,4.78100029254482,0.40685956747983987
UGA-fed(KEN+TZA),2015,1,gdp_growth,2016,arima,4.78100029254482,0.37268044938179123
UGA-fed(KEN+TZA),2015,1,gdp_growth,2016,prophet,4.78100029254482,1.4920261113624118
UGA-fed(KEN+TZA),2015,1,gdp_growth,2016,prophet_graph,4.78100029254482,1.4920261113624118
UGA-fed(KEN+TZA),2015,1,gdp_growth,2016,xgb_blind,4.78100029254482,0.37268044938179123
UGA-fed(KEN+TZA),2015,1,gdp_growth,2016,xgb_graph,4.78100029254482,0.37268044938179123
UGA-fed(KEN+TZA),2015,1,gdp_growth,2016,lgbm_blind,4.78100029254482,0.37268044938179123
UGA-fed(KEN+TZA),2015,1,gdp_growth,2016,lgbm_graph,4.78100029254482,0.37268044938179123
UGA-fed(KEN+TZA),2015,1,gdp_growth,2016,tft,4.78100029254482,0.37268044938179123
UGA-fed(KEN+TZA),2015,3,gdp_growth,2018,persistence,6.30392378262997,1.11606392260531
UGA-fed(KEN+TZA),2015,3,gdp_growth,2018,arima,6.30392378262997,1.1419219264420466
UGA-fed(KEN+TZA),2015,3,gdp_growth,2018,prophet,6.30392378262997,0.0870329797715712
UGA-fed(KEN+TZA),2015,3,gdp_growth,2018,prophet_graph,6.30392378262997,0.0870329797715712
UGA-fed(KEN+TZA),2015,3,gdp_growth,2018,xgb_blind,6.30392378262997,1.1419219264420466
UGA-fed(KEN+TZA),2015,3,gdp_growth,2018,xgb_graph,6.30392378262997,1.1419219264420466
UGA-fed(KEN+TZA),2015,3,gdp_growth,2018,lgbm_blind,6.30392378262997,1.1419219264420466
UGA-fed(KEN+TZA),2015,3,gdp_growth,2018,lgbm_graph,6.30392378262997,1.1419219264420466
UGA-fed(KEN+TZA),2015,3,gdp_growth,2018,tft,6.30392378262997,1.1419219264420466
UGA-fed(KEN+TZA),2015,5,gdp_growth,2020,persistence,2.95130642218098,2.2365534378436798
UGA-fed(KEN+TZA),2015,5,gdp_growth,2020,arima,2.95130642218098,2.2121570330982387
UGA-fed(KEN+TZA),2015,5,gdp_growth,2020,prophet,2.95130642218098,3.2095255725164775
UGA-fed(KEN+TZA),2015,5,gdp_growth,2020,prophet_graph,2.95130642218098,3.2095255725164775
UGA-fed(KEN+TZA),2015,5,gdp_growth,2020,xgb_blind,2.95130642218098,2.2121570330982387
UGA-fed(KEN+TZA),2015,5,gdp_growth,2020,xgb_graph,2.95130642218098,2.2121570330982387
UGA-fed(KEN+TZA),2015,5,gdp_growth,2020,lgbm_blind,2.95130642218098,2.2121570330982387
UGA-fed(KEN+TZA),2015,5,gdp_growth,2020,lgbm_graph,2.95130642218098,2.2121570330982387
UGA-fed(KEN+TZA),2015,5,gdp_growth,2020,tft,2.95130642218098,2.2121570330982387
UGA-fed(KEN+TZA),2015,1,unemployment,2016,persistence,3.002,0.32099999999999973
UGA-fed(KEN+TZA),2015,1,unemployment,2016,arima,3.002,0.30681598734204085
UGA-fed(KEN+TZA),2015,1,unemployment,2016,prophet,3.002,0.2800249722639041
UGA-fed(KEN+TZA),2015,1,unemployment,2016,prophet_graph,3.002,0.2800249722639041
UGA-fed(KEN+TZA),2015,1,unemployment,2016,xgb_blind,3.002,0.30681598734204085
UGA-fed(KEN+TZA),2015,1,unemployment,2016,xgb_graph,3.002,0.30681598734204085
UGA-fed(KEN+TZA),2015,1,unemployment,2016,lgbm_blind,3.002,0.30681598734204085
UGA-fed(KEN+TZA),2015,1,unemployment,2016,lgbm_graph,3.002,0.30681598734204085
UGA-fed(KEN+TZA),2015,1,unemployment,2016,tft,3.002,0.30681598734204085
UGA-fed(KEN+TZA),2015,3,unemployment,2018,persistence,3.249,0.5680000000000001
UGA-fed(KEN+TZA),2015,3,unemployment,2018,arima,3.249,0.5531678586125448
UGA-fed(KEN+TZA),2015,3,unemployment,2018,prophet,3.249,0.5899282935535011
UGA-fed(KEN+TZA),2015,3,unemployment,2018,prophet_graph,3.249,0.5899282935535011
UGA-fed(KEN+TZA),2015,3,unemployment,2018,xgb_blind,3.249,0.5531678586125448
UGA-fed(KEN+TZA),2015,3,unemployment,2018,xgb_graph,3.249,0.5531678586125448
UGA-fed(KEN+TZA),2015,3,unemployment,2018,lgbm_blind,3.249,0.5531678586125448
UGA-fed(KEN+TZA),2015,3,unemployment,2018,lgbm_graph,3.249,0.5531678586125448
UGA-fed(KEN+TZA),2015,3,unemployment,2018,tft,3.249,0.5531678586125448
UGA-fed(KEN+TZA),2015,5,unemployment,2020,persistence,3.819,1.138
UGA-fed(KEN+TZA),2015,5,unemployment,2020,arima,3.819,1.1231666164756184
UGA-fed(KEN+TZA),2015,5,unemployment,2020,prophet,3.819,1.2227455637879818
UGA-fed(KEN+TZA),2015,5,unemployment,2020,prophet_graph,3.819,1.2227455637879818
UGA-fed(KEN+TZA),2015,5,unemployment,2020,xgb_blind,3.819,1.1231666164756184
UGA-fed(KEN+TZA),2015,5,unemployment,2020,xgb_graph,3.819,1.1231666164756184
UGA-fed(KEN+TZA),2015,5,unemployment,2020,lgbm_blind,3.819,1.1231666164756184
UGA-fed(KEN+TZA),2015,5,unemployment,2020,lgbm_graph,3.819,1.1231666164756184
UGA-fed(KEN+TZA),2015,5,unemployment,2020,tft,3.819,1.1231666164756184
UGA-fed(KEN+TZA),2015,1,exports_gdp,2016,persistence,12.4271644156806,0.45016089905629997
UGA-fed(KEN+TZA),2015,1,exports_gdp,2016,arima,12.4271644156806,0.5947824643008097
UGA-fed(KEN+TZA),2015,1,exports_gdp,2016,prophet,12.4271644156806,5.132810388363858
UGA-fed(KEN+TZA),2015,1,exports_gdp,2016,prophet_graph,12.4271644156806,3.670652118868084
UGA-fed(KEN+TZA),2015,1,exports_gdp,2016,xgb_blind,12.4271644156806,0.5947824643008097
UGA-fed(KEN+TZA),2015,1,exports_gdp,2016,xgb_graph,12.4271644156806,1.1033970314629542
UGA-fed(KEN+TZA),2015,1,exports_gdp,2016,lgbm_blind,12.4271644156806,0.5947824643008097
UGA-fed(KEN+TZA),2015,1,exports_gdp,2016,lgbm_graph,12.4271644156806,0.5361389786370268
UGA-fed(KEN+TZA),2015,1,exports_gdp,2016,tft,12.4271644156806,0.5947824643008097
UGA-fed(KEN+TZA),2015,3,exports_gdp,2018,persistence,15.0870530611511,2.209727746414199
UGA-fed(KEN+TZA),2015,3,exports_gdp,2018,arima,15.0870530611511,2.07450059562545
UGA-fed(KEN+TZA),2015,3,exports_gdp,2018,prophet,15.0870530611511,3.1885388437897895
UGA-fed(KEN+TZA),2015,3,exports_gdp,2018,prophet_graph,15.0870530611511,0.6487457846729736
UGA-fed(KEN+TZA),2015,3,exports_gdp,2018,xgb_blind,15.0870530611511,2.07450059562545
UGA-fed(KEN+TZA),2015,3,exports_gdp,2018,xgb_graph,15.0870530611511,0.5950410372253181
UGA-fed(KEN+TZA),2015,3,exports_gdp,2018,lgbm_blind,15.0870530611511,2.07450059562545
UGA-fed(KEN+TZA),2015,3,exports_gdp,2018,lgbm_graph,15.0870530611511,1.7019632283476227
UGA-fed(KEN+TZA),2015,3,exports_gdp,2018,tft,15.0870530611511,2.07450059562545
UGA-fed(KEN+TZA),2015,5,exports_gdp,2020,persistence,15.4147985397289,2.5374732249919987
UGA-fed(KEN+TZA),2015,5,exports_gdp,2020,arima,15.4147985397289,2.4022918908834665
UGA-fed(KEN+TZA),2015,5,exports_gdp,2020,prophet,15.4147985397289,3.575431509746039
UGA-fed(KEN+TZA),2015,5,exports_gdp,2020,prophet_graph,15.4147985397289,0.04052214639315466
UGA-fed(KEN+TZA),2015,5,exports_gdp,2020,xgb_blind,15.4147985397289,2.4022918908834665
UGA-fed(KEN+TZA),2015,5,exports_gdp,2020,xgb_graph,15.4147985397289,1.792098802180071
UGA-fed(KEN+TZA),2015,5,exports_gdp,2020,lgbm_blind,15.4147985397289,2.4022918908834665
UGA-fed(KEN+TZA),2015,5,exports_gdp,2020,lgbm_graph,15.4147985397289,1.5074646661617717
UGA-fed(KEN+TZA),2015,5,exports_gdp,2020,tft,15.4147985397289,2.4022918908834665
UGA-fed(KEN+TZA),2015,1,imports_gdp,2016,persistence,18.7821976075312,6.0297754101677015
UGA-fed(KEN+TZA),2015,1,imports_gdp,2016,arima,18.7821976075312,5.789347670699126
UGA-fed(KEN+TZA),2015,1,imports_gdp,2016,prophet,18.7821976075312,9.123119463178128
UGA-fed(KEN+TZA),2015,1,imports_gdp,2016,prophet_graph,18.7821976075312,4.639712607023224
UGA-fed(KEN+TZA),2015,1,imports_gdp,2016,xgb_blind,18.7821976075312,5.789347670699126
UGA-fed(KEN+TZA),2015,1,imports_gdp,2016,xgb_graph,18.7821976075312,5.8343871703008325
UGA-fed(KEN+TZA),2015,1,imports_gdp,2016,lgbm_blind,18.7821976075312,5.789347670699126
UGA-fed(KEN+TZA),2015,1,imports_gdp,2016,lgbm_graph,18.7821976075312,5.624042245374074
UGA-fed(KEN+TZA),2015,1,imports_gdp,2016,tft,18.7821976075312,5.789347670699126
UGA-fed(KEN+TZA),2015,3,imports_gdp,2018,persistence,21.5513525388056,3.2606204788933013
UGA-fed(KEN+TZA),2015,3,imports_gdp,2018,arima,21.5513525388056,3.0346343614441444
UGA-fed(KEN+TZA),2015,3,imports_gdp,2018,prophet,21.5513525388056,6.900245635791254
UGA-fed(KEN+TZA),2015,3,imports_gdp,2018,prophet_graph,21.5513525388056,1.4238945294702567
UGA-fed(KEN+TZA),2015,3,imports_gdp,2018,xgb_blind,21.5513525388056,3.0346343614441444
UGA-fed(KEN+TZA),2015,3,imports_gdp,2018,xgb_graph,21.5513525388056,2.8132085421270183
UGA-fed(KEN+TZA),2015,3,imports_gdp,2018,lgbm_blind,21.5513525388056,3.0346343614441444
UGA-fed(KEN+TZA),2015,3,imports_gdp,2018,lgbm_graph,21.5513525388056,2.967220061185909
UGA-fed(KEN+TZA),2015,3,imports_gdp,2018,tft,21.5513525388056,3.0346343614441444
UGA-fed(KEN+TZA),2015,5,imports_gdp,2020,persistence,21.585893851908,3.2260791657908996
UGA-fed(KEN+TZA),2015,5,imports_gdp,2020,arima,21.585893851908,3.0001525460075626
UGA-fed(KEN+TZA),2015,5,imports_gdp,2020,prophet,21.585893851908,7.411238120004711
UGA-fed(KEN+TZA),2015,5,imports_gdp,2020,prophet_graph,21.585893851908,0.9433011003851526
UGA-fed(KEN+TZA),2015,5,imports_gdp,2020,xgb_blind,21.585893851908,3.0001525460075626
UGA-fed(KEN+TZA),2015,5,imports_gdp,2020,xgb_graph,21.585893851908,6.57220818361446
UGA-fed(KEN+TZA),2015,5,imports_gdp,2020,lgbm_blind,21.585893851908,3.0001525460075626
UGA-fed(KEN+TZA),2015,5,imports_gdp,2020,lgbm_graph,21.585893851908,3.349869552574887
UGA-fed(KEN+TZA),2015,5,imports_gdp,2020,tft,21.585893851908,3.0001525460075626
UGA-fed(KEN+TZA),2015,1,current_account,2016,persistence,-2.85393787294637,2.30634936495303
UGA-fed(KEN+TZA),2015,1,current_account,2016,arima,-2.85393787294637,2.5484268549647617
UGA-fed(KEN+TZA),2015,1,current_account,2016,prophet,-2.85393787294637,2.3344257114048825
UGA-fed(KEN+TZA),2015,1,current_account,2016,prophet_graph,-2.85393787294637,4.225787616259982
UGA-fed(KEN+TZA),2015,1,current_account,2016,xgb_blind,-2.85393787294637,2.5484268549647617
UGA-fed(KEN+TZA),2015,1,current_account,2016,xgb_graph,-2.85393787294637,4.034031144082439
UGA-fed(KEN+TZA),2015,1,current_account,2016,lgbm_blind,-2.85393787294637,2.5484268549647617
UGA-fed(KEN+TZA),2015,1,current_account,2016,lgbm_graph,-2.85393787294637,1.6913140199332353
UGA-fed(KEN+TZA),2015,1,current_account,2016,tft,-2.85393787294637,2.5484268549647617
UGA-fed(KEN+TZA),2015,3,current_account,2018,persistence,-6.32983605256251,1.1695488146631101
UGA-fed(KEN+TZA),2015,3,current_account,2018,arima,-6.32983605256251,0.9605666811140283
UGA-fed(KEN+TZA),2015,3,current_account,2018,prophet,-6.32983605256251,1.0552732720794191
UGA-fed(KEN+TZA),2015,3,current_account,2018,prophet_graph,-6.32983605256251,0.1440699319196268
UGA-fed(KEN+TZA),2015,3,current_account,2018,xgb_blind,-6.32983605256251,0.9605666811140283
UGA-fed(KEN+TZA),2015,3,current_account,2018,xgb_graph,-6.32983605256251,0.5155998884694926
UGA-fed(KEN+TZA),2015,3,current_account,2018,lgbm_blind,-6.32983605256251,0.9605666811140283
UGA-fed(KEN+TZA),2015,3,current_account,2018,lgbm_graph,-6.32983605256251,1.763106083176985
UGA-fed(KEN+TZA),2015,3,current_account,2018,tft,-6.32983605256251,0.9605666811140283
UGA-fed(KEN+TZA),2015,5,current_account,2020,persistence,-9.56958764500258,4.40930040710318
UGA-fed(KEN+TZA),2015,5,current_account,2020,arima,-9.56958764500258,4.201202121190104
UGA-fed(KEN+TZA),2015,5,current_account,2020,prophet,-9.56958764500258,4.208943587944602
UGA-fed(KEN+TZA),2015,5,current_account,2020,prophet_graph,-9.56958764500258,3.7006724107922295
UGA-fed(KEN+TZA),2015,5,current_account,2020,xgb_blind,-9.56958764500258,4.201202121190104
UGA-fed(KEN+TZA),2015,5,current_account,2020,xgb_graph,-9.56958764500258,4.341749128767228
UGA-fed(KEN+TZA),2015,5,current_account,2020,lgbm_blind,-9.56958764500258,4.201202121190104
UGA-fed(KEN+TZA),2015,5,current_account,2020,lgbm_graph,-9.56958764500258,5.028850800771604
UGA-fed(KEN+TZA),2015,5,current_account,2020,tft,-9.56958764500258,4.201202121190104
UGA-fed(KEN+TZA),2015,1,real_interest_rate,2016,persistence,18.2333937267573,1.6787291226115997
UGA-fed(KEN+TZA),2015,1,real_interest_rate,2016,arima,18.2333937267573,2.116441162885593
UGA-fed(KEN+TZA),2015,1,real_interest_rate,2016,prophet,18.2333937267573,3.1586159964319016
UGA-fed(KEN+TZA),2015,1,real_interest_rate,2016,prophet_graph,18.2333937267573,3.1586159964319016
UGA-fed(KEN+TZA),2015,1,real_interest_rate,2016,xgb_blind,18.2333937267573,2.116441162885593
UGA-fed(KEN+TZA),2015,1,real_interest_rate,2016,xgb_graph,18.2333937267573,2.116441162885593
UGA-fed(KEN+TZA),2015,1,real_interest_rate,2016,lgbm_blind,18.2333937267573,2.116441162885593
UGA-fed(KEN+TZA),2015,1,real_interest_rate,2016,lgbm_graph,18.2333937267573,2.116441162885593
UGA-fed(KEN+TZA),2015,1,real_interest_rate,2016,tft,18.2333937267573,2.116441162885593
UGA-fed(KEN+TZA),2015,3,real_interest_rate,2018,persistence,14.7478688039364,1.806795800209299
UGA-fed(KEN+TZA),2015,3,real_interest_rate,2018,arima,14.7478688039364,1.4785112800033051
UGA-fed(KEN+TZA),2015,3,real_interest_rate,2018,prophet,14.7478688039364,1.0022123104145564
UGA-fed(KEN+TZA),2015,3,real_interest_rate,2018,prophet_graph,14.7478688039364,1.0022123104145564
UGA-fed(KEN+TZA),2015,3,real_interest_rate,2018,xgb_blind,14.7478688039364,1.4785112800033051
UGA-fed(KEN+TZA),2015,3,real_interest_rate,2018,xgb_graph,14.7478688039364,1.4785112800033051
UGA-fed(KEN+TZA),2015,3,real_interest_rate,2018,lgbm_blind,14.7478688039364,1.4785112800033051
UGA-fed(KEN+TZA),2015,3,real_interest_rate,2018,lgbm_graph,14.7478688039364,1.4785112800033051
UGA-fed(KEN+TZA),2015,3,real_interest_rate,2018,tft,14.7478688039364,1.4785112800033051
UGA-fed(KEN+TZA),2015,5,real_interest_rate,2020,persistence,14.7478688039364,1.806795800209299
UGA-fed(KEN+TZA),2015,5,real_interest_rate,2020,arima,14.7478688039364,1.5057525033122499
UGA-fed(KEN+TZA),2015,5,real_interest_rate,2020,prophet,14.7478688039364,1.6765918868012246
UGA-fed(KEN+TZA),2015,5,real_interest_rate,2020,prophet_graph,14.7478688039364,1.6765918868012246
UGA-fed(KEN+TZA),2015,5,real_interest_rate,2020,xgb_blind,14.7478688039364,1.5057525033122499
UGA-fed(KEN+TZA),2015,5,real_interest_rate,2020,xgb_graph,14.7478688039364,1.5057525033122499
UGA-fed(KEN+TZA),2015,5,real_interest_rate,2020,lgbm_blind,14.7478688039364,1.5057525033122499
UGA-fed(KEN+TZA),2015,5,real_interest_rate,2020,lgbm_graph,14.7478688039364,1.5057525033122499
UGA-fed(KEN+TZA),2015,5,real_interest_rate,2020,tft,14.7478688039364,1.5057525033122499
UGA-fed(KEN+TZA),2015,1,broad_money,2016,persistence,19.0748437204022,0.23092161741829997
UGA-fed(KEN+TZA),2015,1,broad_money,2016,arima,19.0748437204022,0.2998680086205532
UGA-fed(KEN+TZA),2015,1,broad_money,2016,prophet,19.0748437204022,2.21580256509748
UGA-fed(KEN+TZA),2015,1,broad_money,2016,prophet_graph,19.0748437204022,0.9291021976588034
UGA-fed(KEN+TZA),2015,1,broad_money,2016,xgb_blind,19.0748437204022,0.2998680086205532
UGA-fed(KEN+TZA),2015,1,broad_money,2016,xgb_graph,19.0748437204022,1.863881424869973
UGA-fed(KEN+TZA),2015,1,broad_money,2016,lgbm_blind,19.0748437204022,0.2998680086205532
UGA-fed(KEN+TZA),2015,1,broad_money,2016,lgbm_graph,19.0748437204022,2.950131539310892
UGA-fed(KEN+TZA),2015,1,broad_money,2016,tft,19.0748437204022,0.2998680086205532
UGA-fed(KEN+TZA),2015,3,broad_money,2018,persistence,19.4171293137567,0.5732072107728001
UGA-fed(KEN+TZA),2015,3,broad_money,2018,arima,19.4171293137567,0.6259976939462568
UGA-fed(KEN+TZA),2015,3,broad_money,2018,prophet,19.4171293137567,2.688245135156553
UGA-fed(KEN+TZA),2015,3,broad_money,2018,prophet_graph,19.4171293137567,0.6650738059641412
UGA-fed(KEN+TZA),2015,3,broad_money,2018,xgb_blind,19.4171293137567,0.6259976939462568
UGA-fed(KEN+TZA),2015,3,broad_money,2018,xgb_graph,19.4171293137567,0.729444300939317
UGA-fed(KEN+TZA),2015,3,broad_money,2018,lgbm_blind,19.4171293137567,0.6259976939462568
UGA-fed(KEN+TZA),2015,3,broad_money,2018,lgbm_graph,19.4171293137567,2.684752261449571
UGA-fed(KEN+TZA),2015,3,broad_money,2018,tft,19.4171293137567,0.6259976939462568
UGA-fed(KEN+TZA),2015,5,broad_money,2020,persistence,22.731371239225,3.8874491362410986
UGA-fed(KEN+TZA),2015,5,broad_money,2020,arima,22.731371239225,3.937970084149221
UGA-fed(KEN+TZA),2015,5,broad_money,2020,prophet,22.731371239225,0.18761683389059058
UGA-fed(KEN+TZA),2015,5,broad_money,2020,prophet_graph,22.731371239225,3.373831177279378
UGA-fed(KEN+TZA),2015,5,broad_money,2020,xgb_blind,22.731371239225,3.937970084149221
UGA-fed(KEN+TZA),2015,5,broad_money,2020,xgb_graph,22.731371239225,5.654747322599022
UGA-fed(KEN+TZA),2015,5,broad_money,2020,lgbm_blind,22.731371239225,3.937970084149221
UGA-fed(KEN+TZA),2015,5,broad_money,2020,lgbm_graph,22.731371239225,5.525625542203514
UGA-fed(KEN+TZA),2015,5,broad_money,2020,tft,22.731371239225,3.937970084149221
UGA-fed(KEN+TZA),2015,1,govt_consumption,2016,persistence,7.3519468435187,1.6025871462635202
UGA-fed(KEN+TZA),2015,1,govt_consumption,2016,arima,7.3519468435187,1.3071693239262832
UGA-fed(KEN+TZA),2015,1,govt_consumption,2016,prophet,7.3519468435187,3.3672975399085647
UGA-fed(KEN+TZA),2015,1,govt_consumption,2016,prophet_graph,7.3519468435187,0.2930027573804672
UGA-fed(KEN+TZA),2015,1,govt_consumption,2016,xgb_blind,7.3519468435187,1.3071693239262832
UGA-fed(KEN+TZA),2015,1,govt_consumption,2016,xgb_graph,7.3519468435187,1.7135801187615733
UGA-fed(KEN+TZA),2015,1,govt_consumption,2016,lgbm_blind,7.3519468435187,1.3071693239262832
UGA-fed(KEN+TZA),2015,1,govt_consumption,2016,lgbm_graph,7.3519468435187,4.403756891832863
UGA-fed(KEN+TZA),2015,1,govt_consumption,2016,tft,7.3519468435187,1.3071693239262832
UGA-fed(KEN+TZA),2015,3,govt_consumption,2018,persistence,8.63607272997988,0.31846125980234063
UGA-fed(KEN+TZA),2015,3,govt_consumption,2018,arima,8.63607272997988,0.06917036137457266
UGA-fed(KEN+TZA),2015,3,govt_consumption,2018,prophet,8.63607272997988,1.9534436067285768
UGA-fed(KEN+TZA),2015,3,govt_consumption,2018,prophet_graph,8.63607272997988,1.5870201741079732
UGA-fed(KEN+TZA),2015,3,govt_consumption,2018,xgb_blind,8.63607272997988,0.06917036137457266
UGA-fed(KEN+TZA),2015,3,govt_consumption,2018,xgb_graph,8.63607272997988,0.3210405360113313
UGA-fed(KEN+TZA),2015,3,govt_consumption,2018,lgbm_blind,8.63607272997988,0.06917036137457266
UGA-fed(KEN+TZA),2015,3,govt_consumption,2018,lgbm_graph,8.63607272997988,3.337645622959892
UGA-fed(KEN+TZA),2015,3,govt_consumption,2018,tft,8.63607272997988,0.06917036137457266
UGA-fed(KEN+TZA),2015,5,govt_consumption,2020,persistence,9.51141446504173,0.5568804752595096
UGA-fed(KEN+TZA),2015,5,govt_consumption,2020,arima,9.51141446504173,0.8044418433125422
UGA-fed(KEN+TZA),2015,5,govt_consumption,2020,prophet,9.51141446504173,0.9485512914960985
UGA-fed(KEN+TZA),2015,5,govt_consumption,2020,prophet_graph,9.51141446504173,2.472239907930998
UGA-fed(KEN+TZA),2015,5,govt_consumption,2020,xgb_blind,9.51141446504173,0.8044418433125422
UGA-fed(KEN+TZA),2015,5,govt_consumption,2020,xgb_graph,9.51141446504173,0.4522438677829772
UGA-fed(KEN+TZA),2015,5,govt_consumption,2020,lgbm_blind,9.51141446504173,0.8044418433125422
UGA-fed(KEN+TZA),2015,5,govt_consumption,2020,lgbm_graph,9.51141446504173,2.512384114219687
UGA-fed(KEN+TZA),2015,5,govt_consumption,2020,tft,9.51141446504173,0.8044418433125422
UGA-fed(KEN+TZA),2016,1,gdp_growth,2017,persistence,3.13140551723596,1.6495947753088602
UGA-fed(KEN+TZA),2016,1,gdp_growth,2017,arima,3.13140551723596,1.82040735130514
UGA-fed(KEN+TZA),2016,1,gdp_growth,2017,prophet,3.13140551723596,2.889621749376815
UGA-fed(KEN+TZA),2016,1,gdp_growth,2017,prophet_graph,3.13140551723596,2.889621749376815
UGA-fed(KEN+TZA),2016,1,gdp_growth,2017,xgb_blind,3.13140551723596,1.82040735130514
UGA-fed(KEN+TZA),2016,1,gdp_growth,2017,xgb_graph,3.13140551723596,1.82040735130514
UGA-fed(KEN+TZA),2016,1,gdp_growth,2017,lgbm_blind,3.13140551723596,1.82040735130514
UGA-fed(KEN+TZA),2016,1,gdp_growth,2017,lgbm_graph,3.13140551723596,1.82040735130514
UGA-fed(KEN+TZA),2016,1,gdp_growth,2017,tft,3.13140551723596,1.82040735130514
UGA-fed(KEN+TZA),2016,3,gdp_growth,2019,persistence,6.43874503276439,1.6577447402195702
UGA-fed(KEN+TZA),2016,3,gdp_growth,2019,arima,6.43874503276439,1.528537505418825
UGA-fed(KEN+TZA),2016,3,gdp_growth,2019,prophet,6.43874503276439,0.4976479894512025
UGA-fed(KEN+TZA),2016,3,gdp_growth,2019,prophet_graph,6.43874503276439,0.4976479894512025
UGA-fed(KEN+TZA),2016,3,gdp_growth,2019,xgb_blind,6.43874503276439,1.528537505418825
UGA-fed(KEN+TZA),2016,3,gdp_growth,2019,xgb_graph,6.43874503276439,1.528537505418825
UGA-fed(KEN+TZA),2016,3,gdp_growth,2019,lgbm_blind,6.43874503276439,1.528537505418825
UGA-fed(KEN+TZA),2016,3,gdp_growth,2019,lgbm_graph,6.43874503276439,1.528537505418825
UGA-fed(KEN+TZA),2016,3,gdp_growth,2019,tft,6.43874503276439,1.528537505418825
UGA-fed(KEN+TZA),2016,5,gdp_growth,2021,persistence,3.53658034070898,1.24441995183584
UGA-fed(KEN+TZA),2016,5,gdp_growth,2021,arima,3.53658034070898,1.366293882343582
UGA-fed(KEN+TZA),2016,5,gdp_growth,2021,prophet,3.53658034070898,2.3244769858480474
UGA-fed(KEN+TZA),2016,5,gdp_growth,2021,prophet_graph,3.53658034070898,2.3244769858480474
UGA-fed(KEN+TZA),2016,5,gdp_growth,2021,xgb_blind,3.53658034070898,1.366293882343582
UGA-fed(KEN+TZA),2016,5,gdp_growth,2021,xgb_graph,3.53658034070898,1.366293882343582
UGA-fed(KEN+TZA),2016,5,gdp_growth,2021,lgbm_blind,3.53658034070898,1.366293882343582
UGA-fed(KEN+TZA),2016,5,gdp_growth,2021,lgbm_graph,3.53658034070898,1.366293882343582
UGA-fed(KEN+TZA),2016,5,gdp_growth,2021,tft,3.53658034070898,1.366293882343582
UGA-fed(KEN+TZA),2016,1,unemployment,2017,persistence,3.428,0.42600000000000016
UGA-fed(KEN+TZA),2016,1,unemployment,2017,arima,3.428,0.4062075040943314
UGA-fed(KEN+TZA),2016,1,unemployment,2017,prophet,3.428,0.6954263344309175
UGA-fed(KEN+TZA),2016,1,unemployment,2017,prophet_graph,3.428,0.6954263344309175
UGA-fed(KEN+TZA),2016,1,unemployment,2017,xgb_blind,3.428,0.4062075040943314
UGA-fed(KEN+TZA),2016,1,unemployment,2017,xgb_graph,3.428,0.4062075040943314
UGA-fed(KEN+TZA),2016,1,unemployment,2017,lgbm_blind,3.428,0.4062075040943314
UGA-fed(KEN+TZA),2016,1,unemployment,2017,lgbm_graph,3.428,0.4062075040943314
UGA-fed(KEN+TZA),2016,1,unemployment,2017,tft,3.428,0.4062075040943314
UGA-fed(KEN+TZA),2016,3,unemployment,2019,persistence,3.057,0.05500000000000016
UGA-fed(KEN+TZA),2016,3,unemployment,2019,arima,3.057,0.033911873824249206
UGA-fed(KEN+TZA),2016,3,unemployment,2019,prophet,3.057,0.3827730509875398
UGA-fed(KEN+TZA),2016,3,unemployment,2019,prophet_graph,3.057,0.3827730509875398
UGA-fed(KEN+TZA),2016,3,unemployment,2019,xgb_blind,3.057,0.033911873824249206
UGA-fed(KEN+TZA),2016,3,unemployment,2019,xgb_graph,3.057,0.033911873824249206
UGA-fed(KEN+TZA),2016,3,unemployment,2019,lgbm_blind,3.057,0.033911873824249206
UGA-fed(KEN+TZA),2016,3,unemployment,2019,lgbm_graph,3.057,0.033911873824249206
UGA-fed(KEN+TZA),2016,3,unemployment,2019,tft,3.057,0.033911873824249206
UGA-fed(KEN+TZA),2016,5,unemployment,2021,persistence,3.416,0.41400000000000015
UGA-fed(KEN+TZA),2016,5,unemployment,2021,arima,3.416,0.392906948076714
UGA-fed(KEN+TZA),2016,5,unemployment,2021,prophet,3.416,0.800199694553144
UGA-fed(KEN+TZA),2016,5,unemployment,2021,prophet_graph,3.416,0.800199694553144
UGA-fed(KEN+TZA),2016,5,unemployment,2021,xgb_blind,3.416,0.392906948076714
UGA-fed(KEN+TZA),2016,5,unemployment,2021,xgb_graph,3.416,0.392906948076714
UGA-fed(KEN+TZA),2016,5,unemployment,2021,lgbm_blind,3.416,0.392906948076714
UGA-fed(KEN+TZA),2016,5,unemployment,2021,lgbm_graph,3.416,0.392906948076714
UGA-fed(KEN+TZA),2016,5,unemployment,2021,tft,3.416,0.392906948076714
UGA-fed(KEN+TZA),2016,1,exports_gdp,2017,persistence,16.6611294211705,4.2339650054899
UGA-fed(KEN+TZA),2016,1,exports_gdp,2017,arima,16.6611294211705,4.205485716040277
UGA-fed(KEN+TZA),2016,1,exports_gdp,2017,prophet,16.6611294211705,0.5118228864240066
UGA-fed(KEN+TZA),2016,1,exports_gdp,2017,prophet_graph,16.6611294211705,4.413076355138891
UGA-fed(KEN+TZA),2016,1,exports_gdp,2017,xgb_blind,16.6611294211705,4.205485716040277
UGA-fed(KEN+TZA),2016,1,exports_gdp,2017,xgb_graph,16.6611294211705,2.643827861722258
UGA-fed(KEN+TZA),2016,1,exports_gdp,2017,lgbm_blind,16.6611294211705,4.205485716040277
UGA-fed(KEN+TZA),2016,1,exports_gdp,2017,lgbm_graph,16.6611294211705,3.7184467697974437
UGA-fed(KEN+TZA),2016,1,exports_gdp,2017,tft,16.6611294211705,4.205485716040277
UGA-fed(KEN+TZA),2016,3,exports_gdp,2019,persistence,17.1090580167383,4.681893601057698
UGA-fed(KEN+TZA),2016,3,exports_gdp,2019,arima,17.1090580167383,4.655102058904911
UGA-fed(KEN+TZA),2016,3,exports_gdp,2019,prophet,17.1090580167383,0.6980573014513496
UGA-fed(KEN+TZA),2016,3,exports_gdp,2019,prophet_graph,17.1090580167383,5.21774139007853
UGA-fed(KEN+TZA),2016,3,exports_gdp,2019,xgb_blind,17.1090580167383,4.655102058904911
UGA-fed(KEN+TZA),2016,3,exports_gdp,2019,xgb_graph,17.1090580167383,5.141333216628436
UGA-fed(KEN+TZA),2016,3,exports_gdp,2019,lgbm_blind,17.1090580167383,4.655102058904911
UGA-fed(KEN+TZA),2016,3,exports_gdp,2019,lgbm_graph,17.1090580167383,3.763881757061684
UGA-fed(KEN+TZA),2016,3,exports_gdp,2019,tft,17.1090580167383,4.655102058904911
UGA-fed(KEN+TZA),2016,5,exports_gdp,2021,persistence,15.7810081695276,3.3538437538470003
UGA-fed(KEN+TZA),2016,5,exports_gdp,2021,arima,15.7810081695276,3.327058966769304
UGA-fed(KEN+TZA),2016,5,exports_gdp,2021,prophet,15.7810081695276,2.6611388757100567
UGA-fed(KEN+TZA),2016,5,exports_gdp,2021,prophet_graph,15.7810081695276,4.246916662293609
UGA-fed(KEN+TZA),2016,5,exports_gdp,2021,xgb_blind,15.7810081695276,3.327058966769304
UGA-fed(KEN+TZA),2016,5,exports_gdp,2021,xgb_graph,15.7810081695276,2.1730150436120734
UGA-fed(KEN+TZA),2016,5,exports_gdp,2021,lgbm_blind,15.7810081695276,3.327058966769304
UGA-fed(KEN+TZA),2016,5,exports_gdp,2021,lgbm_graph,15.7810081695276,1.9409547412244894
UGA-fed(KEN+TZA),2016,5,exports_gdp,2021,tft,15.7810081695276,3.327058966769304
UGA-fed(KEN+TZA),2016,1,imports_gdp,2017,persistence,20.1759235122395,1.393725904708301
UGA-fed(KEN+TZA),2016,1,imports_gdp,2017,arima,20.1759235122395,0.26102115117048186
UGA-fed(KEN+TZA),2016,1,imports_gdp,2017,prophet,20.1759235122395,6.6618799594401175
UGA-fed(KEN+TZA),2016,1,imports_gdp,2017,prophet_graph,20.1759235122395,1.6176776073048487
UGA-fed(KEN+TZA),2016,1,imports_gdp,2017,xgb_blind,20.1759235122395,0.26102115117048186
UGA-fed(KEN+TZA),2016,1,imports_gdp,2017,xgb_graph,20.1759235122395,1.211611582975344
UGA-fed(KEN+TZA),2016,1,imports_gdp,2017,lgbm_blind,20.1759235122395,0.26102115117048186
UGA-fed(KEN+TZA),2016,1,imports_gdp,2017,lgbm_graph,20.1759235122395,4.014007036795206
UGA-fed(KEN+TZA),2016,1,imports_gdp,2017,tft,20.1759235122395,0.26102115117048186
UGA-fed(KEN+TZA),2016,3,imports_gdp,2019,persistence,22.2519959480052,3.469798340474
UGA-fed(KEN+TZA),2016,3,imports_gdp,2019,arima,22.2519959480052,2.509903059095212
UGA-fed(KEN+TZA),2016,3,imports_gdp,2019,prophet,22.2519959480052,4.989390644458229
UGA-fed(KEN+TZA),2016,3,imports_gdp,2019,prophet_graph,22.2519959480052,4.134040382624018
UGA-fed(KEN+TZA),2016,3,imports_gdp,2019,xgb_blind,22.2519959480052,2.509903059095212
UGA-fed(KEN+TZA),2016,3,imports_gdp,2019,xgb_graph,22.2519959480052,0.47050180738019876
UGA-fed(KEN+TZA),2016,3,imports_gdp,2019,lgbm_blind,22.2519959480052,2.509903059095212
UGA-fed(KEN+TZA),2016,3,imports_gdp,2019,lgbm_graph,22.2519959480052,2.027561041664601
UGA-fed(KEN+TZA),2016,3,imports_gdp,2019,tft,22.2519959480052,2.509903059095212
UGA-fed(KEN+TZA),2016,5,imports_gdp,2021,persistence,25.9326225729506,7.1504249654194005
UGA-fed(KEN+TZA),2016,5,imports_gdp,2021,arima,25.9326225729506,6.196627842666821
UGA-fed(KEN+TZA),2016,5,imports_gdp,2021,prophet,25.9326225729506,1.7128999938867508
UGA-fed(KEN+TZA),2016,5,imports_gdp,2021,prophet_graph,25.9326225729506,8.255560484574335
UGA-fed(KEN+TZA),2016,5,imports_gdp,2021,xgb_blind,25.9326225729506,6.196627842666821
UGA-fed(KEN+TZA),2016,5,imports_gdp,2021,xgb_graph,25.9326225729506,0.8353306265394664
UGA-fed(KEN+TZA),2016,5,imports_gdp,2021,lgbm_blind,25.9326225729506,6.196627842666821
UGA-fed(KEN+TZA),2016,5,imports_gdp,2021,lgbm_graph,25.9326225729506,1.2765666890228218
UGA-fed(KEN+TZA),2016,5,imports_gdp,2021,tft,25.9326225729506,6.196627842666821
UGA-fed(KEN+TZA),2016,1,current_account,2017,persistence,-4.88278660173815,2.0288487287917802
UGA-fed(KEN+TZA),2016,1,current_account,2017,arima,-4.88278660173815,1.7513236896626085
UGA-fed(KEN+TZA),2016,1,current_account,2017,prophet,-4.88278660173815,0.010685940736404831
UGA-fed(KEN+TZA),2016,1,current_account,2017,prophet_graph,-4.88278660173815,0.5665585819778611
UGA-fed(KEN+TZA),2016,1,current_account,2017,xgb_blind,-4.88278660173815,1.7513236896626085
UGA-fed(KEN+TZA),2016,1,current_account,2017,xgb_graph,-4.88278660173815,0.7990930974046542
UGA-fed(KEN+TZA),2016,1,current_account,2017,lgbm_blind,-4.88278660173815,1.7513236896626085
UGA-fed(KEN+TZA),2016,1,current_account,2017,lgbm_graph,-4.88278660173815,0.402585248419161
UGA-fed(KEN+TZA),2016,1,current_account,2017,tft,-4.88278660173815,1.7513236896626085
UGA-fed(KEN+TZA),2016,3,current_account,2019,persistence,-7.44419073613667,4.590252863190299
UGA-fed(KEN+TZA),2016,3,current_account,2019,arima,-7.44419073613667,4.342104225825883
UGA-fed(KEN+TZA),2016,3,current_account,2019,prophet,-7.44419073613667,2.500330413100749
UGA-fed(KEN+TZA),2016,3,current_account,2019,prophet_graph,-7.44419073613667,3.651746051416743
UGA-fed(KEN+TZA),2016,3,current_account,2019,xgb_blind,-7.44419073613667,4.342104225825883
UGA-fed(KEN+TZA),2016,3,current_account,2019,xgb_graph,-7.44419073613667,3.0519401982643553
UGA-fed(KEN+TZA),2016,3,current_account,2019,lgbm_blind,-7.44419073613667,4.342104225825883
UGA-fed(KEN+TZA),2016,3,current_account,2019,lgbm_graph,-7.44419073613667,2.9488271044628913
UGA-fed(KEN+TZA),2016,3,current_account,2019,tft,-7.44419073613667,4.342104225825883
UGA-fed(KEN+TZA),2016,5,current_account,2021,persistence,-8.8944875833578,6.04054971041143
UGA-fed(KEN+TZA),2016,5,current_account,2021,arima,-8.8944875833578,5.792826429234662
UGA-fed(KEN+TZA),2016,5,current_account,2021,prophet,-8.8944875833578,3.90017045540358
UGA-fed(KEN+TZA),2016,5,current_account,2021,prophet_graph,-8.8944875833578,5.6265437450961
UGA-fed(KEN+TZA),2016,5,current_account,2021,xgb_blind,-8.8944875833578,5.792826429234662
UGA-fed(KEN+TZA),2016,5,current_account,2021,xgb_graph,-8.8944875833578,3.7961651918477894
UGA-fed(KEN+TZA),2016,5,current_account,2021,lgbm_blind,-8.8944875833578,5.792826429234662
UGA-fed(KEN+TZA),2016,5,current_account,2021,lgbm_graph,-8.8944875833578,4.430423420032614
UGA-fed(KEN+TZA),2016,5,current_account,2021,tft,-8.8944875833578,5.792826429234662
UGA-fed(KEN+TZA),2016,1,real_interest_rate,2017,persistence,15.8908471114542,2.3425466153030996
UGA-fed(KEN+TZA),2016,1,real_interest_rate,2017,arima,15.8908471114542,1.5042562644555773
UGA-fed(KEN+TZA),2016,1,real_interest_rate,2017,prophet,15.8908471114542,0.011268006172590717
UGA-fed(KEN+TZA),2016,1,real_interest_rate,2017,prophet_graph,15.8908471114542,0.011268006172590717
UGA-fed(KEN+TZA),2016,1,real_interest_rate,2017,xgb_blind,15.8908471114542,1.5042562644555773
UGA-fed(KEN+TZA),2016,1,real_interest_rate,2017,xgb_graph,15.8908471114542,1.5042562644555773
UGA-fed(KEN+TZA),2016,1,real_interest_rate,2017,lgbm_blind,15.8908471114542,1.5042562644555773
UGA-fed(KEN+TZA),2016,1,real_interest_rate,2017,lgbm_graph,15.8908471114542,1.5042562644555773
UGA-fed(KEN+TZA),2016,1,real_interest_rate,2017,tft,15.8908471114542,1.5042562644555773
UGA-fed(KEN+TZA),2016,3,real_interest_rate,2019,persistence,14.7478688039364,3.4855249228208987
UGA-fed(KEN+TZA),2016,3,real_interest_rate,2019,arima,14.7478688039364,2.8568068164341316
UGA-fed(KEN+TZA),2016,3,real_interest_rate,2019,prophet,14.7478688039364,1.85599717202828
UGA-fed(KEN+TZA),2016,3,real_interest_rate,2019,prophet_graph,14.7478688039364,1.85599717202828
UGA-fed(KEN+TZA),2016,3,real_interest_rate,2019,xgb_blind,14.7478688039364,2.8568068164341316
UGA-fed(KEN+TZA),2016,3,real_interest_rate,2019,xgb_graph,14.7478688039364,2.8568068164341316
UGA-fed(KEN+TZA),2016,3,real_interest_rate,2019,lgbm_blind,14.7478688039364,2.8568068164341316
UGA-fed(KEN+TZA),2016,3,real_interest_rate,2019,lgbm_graph,14.7478688039364,2.8568068164341316
UGA-fed(KEN+TZA),2016,3,real_interest_rate,2019,tft,14.7478688039364,2.8568068164341316
UGA-fed(KEN+TZA),2016,5,real_interest_rate,2021,persistence,14.7478688039364,3.4855249228208987
UGA-fed(KEN+TZA),2016,5,real_interest_rate,2021,arima,14.7478688039364,2.9090658591198117
UGA-fed(KEN+TZA),2016,5,real_interest_rate,2021,prophet,14.7478688039364,2.5812762165068097
UGA-fed(KEN+TZA),2016,5,real_interest_rate,2021,prophet_graph,14.7478688039364,2.5812762165068097
UGA-fed(KEN+TZA),2016,5,real_interest_rate,2021,xgb_blind,14.7478688039364,2.9090658591198117
UGA-fed(KEN+TZA),2016,5,real_interest_rate,2021,xgb_graph,14.7478688039364,2.9090658591198117
UGA-fed(KEN+TZA),2016,5,real_interest_rate,2021,lgbm_blind,14.7478688039364,2.9090658591198117
UGA-fed(KEN+TZA),2016,5,real_interest_rate,2021,lgbm_graph,14.7478688039364,2.9090658591198117
UGA-fed(KEN+TZA),2016,5,real_interest_rate,2021,tft,14.7478688039364,2.9090658591198117
UGA-fed(KEN+TZA),2016,1,broad_money,2017,persistence,19.9186068571647,0.8437631367625009
UGA-fed(KEN+TZA),2016,1,broad_money,2017,arima,19.9186068571647,0.9303548234478285
UGA-fed(KEN+TZA),2016,1,broad_money,2017,prophet,19.9186068571647,1.4333382656770368
UGA-fed(KEN+TZA),2016,1,broad_money,2017,prophet_graph,19.9186068571647,0.5344500077056225
UGA-fed(KEN+TZA),2016,1,broad_money,2017,xgb_blind,19.9186068571647,0.9303548234478285
UGA-fed(KEN+TZA),2016,1,broad_money,2017,xgb_graph,19.9186068571647,1.268801788194974
UGA-fed(KEN+TZA),2016,1,broad_money,2017,lgbm_blind,19.9186068571647,0.9303548234478285
UGA-fed(KEN+TZA),2016,1,broad_money,2017,lgbm_graph,19.9186068571647,3.6804280537941523
UGA-fed(KEN+TZA),2016,1,broad_money,2017,tft,19.9186068571647,0.9303548234478285
UGA-fed(KEN+TZA),2016,3,broad_money,2019,persistence,20.5230556458778,1.4482119254756007
UGA-fed(KEN+TZA),2016,3,broad_money,2019,arima,20.5230556458778,1.5145090530879806
UGA-fed(KEN+TZA),2016,3,broad_money,2019,prophet,20.5230556458778,1.604680124776145
UGA-fed(KEN+TZA),2016,3,broad_money,2019,prophet_graph,20.5230556458778,0.5186217117912584
UGA-fed(KEN+TZA),2016,3,broad_money,2019,xgb_blind,20.5230556458778,1.5145090530879806
UGA-fed(KEN+TZA),2016,3,broad_money,2019,xgb_graph,20.5230556458778,1.8779674500770192
UGA-fed(KEN+TZA),2016,3,broad_money,2019,lgbm_blind,20.5230556458778,1.5145090530879806
UGA-fed(KEN+TZA),2016,3,broad_money,2019,lgbm_graph,20.5230556458778,3.6930757890688213
UGA-fed(KEN+TZA),2016,3,broad_money,2019,tft,20.5230556458778,1.5145090530879806
UGA-fed(KEN+TZA),2016,5,broad_money,2021,persistence,22.4880935076946,3.4132497872924006
UGA-fed(KEN+TZA),2016,5,broad_money,2021,arima,22.4880935076946,3.4766932509012456
UGA-fed(KEN+TZA),2016,5,broad_money,2021,prophet,22.4880935076946,0.4164956376863671
UGA-fed(KEN+TZA),2016,5,broad_money,2021,prophet_graph,22.4880935076946,1.8625327943441157
UGA-fed(KEN+TZA),2016,5,broad_money,2021,xgb_blind,22.4880935076946,3.4766932509012456
UGA-fed(KEN+TZA),2016,5,broad_money,2021,xgb_graph,22.4880935076946,5.309901369022725
UGA-fed(KEN+TZA),2016,5,broad_money,2021,lgbm_blind,22.4880935076946,3.4766932509012456
UGA-fed(KEN+TZA),2016,5,broad_money,2021,lgbm_graph,22.4880935076946,5.197388780521749
UGA-fed(KEN+TZA),2016,5,broad_money,2021,tft,22.4880935076946,3.4766932509012456
UGA-fed(KEN+TZA),2016,1,govt_consumption,2017,persistence,8.00943502980076,0.6574881862820607
UGA-fed(KEN+TZA),2016,1,govt_consumption,2017,arima,8.00943502980076,0.3276343234883585
UGA-fed(KEN+TZA),2016,1,govt_consumption,2017,prophet,8.00943502980076,2.158412517757183
UGA-fed(KEN+TZA),2016,1,govt_consumption,2017,prophet_graph,8.00943502980076,0.17303676998295536
UGA-fed(KEN+TZA),2016,1,govt_consumption,2017,xgb_blind,8.00943502980076,0.3276343234883585
UGA-fed(KEN+TZA),2016,1,govt_consumption,2017,xgb_graph,8.00943502980076,0.07198938923679599
UGA-fed(KEN+TZA),2016,1,govt_consumption,2017,lgbm_blind,8.00943502980076,0.3276343234883585
UGA-fed(KEN+TZA),2016,1,govt_consumption,2017,lgbm_graph,8.00943502980076,3.5768934399891847
UGA-fed(KEN+TZA),2016,1,govt_consumption,2017,tft,8.00943502980076,0.3276343234883585
UGA-fed(KEN+TZA),2016,3,govt_consumption,2019,persistence,8.77456131212774,1.4226144686090407
UGA-fed(KEN+TZA),2016,3,govt_consumption,2019,arima,8.77456131212774,1.1466790360710517
UGA-fed(KEN+TZA),2016,3,govt_consumption,2019,prophet,8.77456131212774,1.212438045132302
UGA-fed(KEN+TZA),2016,3,govt_consumption,2019,prophet_graph,8.77456131212774,0.024306378856341126
UGA-fed(KEN+TZA),2016,3,govt_consumption,2019,xgb_blind,8.77456131212774,1.1466790360710517
UGA-fed(KEN+TZA),2016,3,govt_consumption,2019,xgb_graph,8.77456131212774,0.10346927874151035
UGA-fed(KEN+TZA),2016,3,govt_consumption,2019,lgbm_blind,8.77456131212774,1.1466790360710517
UGA-fed(KEN+TZA),2016,3,govt_consumption,2019,lgbm_graph,8.77456131212774,3.006583227387436
UGA-fed(KEN+TZA),2016,3,govt_consumption,2019,tft,8.77456131212774,1.1466790360710517
UGA-fed(KEN+TZA),2016,5,govt_consumption,2021,persistence,9.93159612659213,2.5796492830734294
UGA-fed(KEN+TZA),2016,5,govt_consumption,2021,arima,9.93159612659213,2.3059980660572617
UGA-fed(KEN+TZA),2016,5,govt_consumption,2021,prophet,9.93159612659213,0.12569269687696938
UGA-fed(KEN+TZA),2016,5,govt_consumption,2021,prophet_graph,9.93159612659213,0.16894055316619827
UGA-fed(KEN+TZA),2016,5,govt_consumption,2021,xgb_blind,9.93159612659213,2.3059980660572617
UGA-fed(KEN+TZA),2016,5,govt_consumption,2021,xgb_graph,9.93159612659213,0.36766084674593813
UGA-fed(KEN+TZA),2016,5,govt_consumption,2021,lgbm_blind,9.93159612659213,2.3059980660572617
UGA-fed(KEN+TZA),2016,5,govt_consumption,2021,lgbm_graph,9.93159612659213,1.8798455550096556
UGA-fed(KEN+TZA),2016,5,govt_consumption,2021,tft,9.93159612659213,2.3059980660572617
UGA-fed(KEN+TZA),2017,1,gdp_growth,2018,persistence,6.30392378262997,3.17251826539401
UGA-fed(KEN+TZA),2017,1,gdp_growth,2018,arima,6.30392378262997,2.484905057244708
UGA-fed(KEN+TZA),2017,1,gdp_growth,2018,prophet,6.30392378262997,0.7309820564626541
UGA-fed(KEN+TZA),2017,1,gdp_growth,2018,prophet_graph,6.30392378262997,0.7309820564626541
UGA-fed(KEN+TZA),2017,1,gdp_growth,2018,xgb_blind,6.30392378262997,2.484905057244708
UGA-fed(KEN+TZA),2017,1,gdp_growth,2018,xgb_graph,6.30392378262997,2.484905057244708
UGA-fed(KEN+TZA),2017,1,gdp_growth,2018,lgbm_blind,6.30392378262997,2.484905057244708
UGA-fed(KEN+TZA),2017,1,gdp_growth,2018,lgbm_graph,6.30392378262997,2.484905057244708
UGA-fed(KEN+TZA),2017,1,gdp_growth,2018,tft,6.30392378262997,2.484905057244708
UGA-fed(KEN+TZA),2017,3,gdp_growth,2020,persistence,2.95130642218098,0.18009909505497967
UGA-fed(KEN+TZA),2017,3,gdp_growth,2020,arima,2.95130642218098,0.700564518026423
UGA-fed(KEN+TZA),2017,3,gdp_growth,2020,prophet,2.95130642218098,2.499341288414326
UGA-fed(KEN+TZA),2017,3,gdp_growth,2020,prophet_graph,2.95130642218098,2.499341288414326
UGA-fed(KEN+TZA),2017,3,gdp_growth,2020,xgb_blind,2.95130642218098,0.700564518026423
UGA-fed(KEN+TZA),2017,3,gdp_growth,2020,xgb_graph,2.95130642218098,0.700564518026423
UGA-fed(KEN+TZA),2017,3,gdp_growth,2020,lgbm_blind,2.95130642218098,0.700564518026423
UGA-fed(KEN+TZA),2017,3,gdp_growth,2020,lgbm_graph,2.95130642218098,0.700564518026423
UGA-fed(KEN+TZA),2017,3,gdp_growth,2020,tft,2.95130642218098,0.700564518026423
UGA-fed(KEN+TZA),2017,5,gdp_growth,2022,persistence,4.58802192181773,1.4566164045817702
UGA-fed(KEN+TZA),2017,5,gdp_growth,2022,arima,4.58802192181773,0.9651935153174511
UGA-fed(KEN+TZA),2017,5,gdp_growth,2022,prophet,4.58802192181773,0.740164247156839
UGA-fed(KEN+TZA),2017,5,gdp_growth,2022,prophet_graph,4.58802192181773,0.740164247156839
UGA-fed(KEN+TZA),2017,5,gdp_growth,2022,xgb_blind,4.58802192181773,0.9651935153174511
UGA-fed(KEN+TZA),2017,5,gdp_growth,2022,xgb_graph,4.58802192181773,0.9651935153174511
UGA-fed(KEN+TZA),2017,5,gdp_growth,2022,lgbm_blind,4.58802192181773,0.9651935153174511
UGA-fed(KEN+TZA),2017,5,gdp_growth,2022,lgbm_graph,4.58802192181773,0.9651935153174511
UGA-fed(KEN+TZA),2017,5,gdp_growth,2022,tft,4.58802192181773,0.9651935153174511
UGA-fed(KEN+TZA),2017,1,unemployment,2018,persistence,3.249,0.17899999999999983
UGA-fed(KEN+TZA),2017,1,unemployment,2018,arima,3.249,0.2150634343215807
UGA-fed(KEN+TZA),2017,1,unemployment,2018,prophet,3.249,0.4501656759422361
UGA-fed(KEN+TZA),2017,1,unemployment,2018,prophet_graph,3.249,0.4501656759422361
UGA-fed(KEN+TZA),2017,1,unemployment,2018,xgb_blind,3.249,0.2150634343215807
UGA-fed(KEN+TZA),2017,1,unemployment,2018,xgb_graph,3.249,0.2150634343215807
UGA-fed(KEN+TZA),2017,1,unemployment,2018,lgbm_blind,3.249,0.2150634343215807
UGA-fed(KEN+TZA),2017,1,unemployment,2018,lgbm_graph,3.249,0.2150634343215807
UGA-fed(KEN+TZA),2017,1,unemployment,2018,tft,3.249,0.2150634343215807
UGA-fed(KEN+TZA),2017,3,unemployment,2020,persistence,3.819,0.391
UGA-fed(KEN+TZA),2017,3,unemployment,2020,arima,3.819,0.35162512813748403
UGA-fed(KEN+TZA),2017,3,unemployment,2020,prophet,3.819,1.0686437056687668
UGA-fed(KEN+TZA),2017,3,unemployment,2020,prophet_graph,3.819,1.0686437056687668
UGA-fed(KEN+TZA),2017,3,unemployment,2020,xgb_blind,3.819,0.35162512813748403
UGA-fed(KEN+TZA),2017,3,unemployment,2020,xgb_graph,3.819,0.35162512813748403
UGA-fed(KEN+TZA),2017,3,unemployment,2020,lgbm_blind,3.819,0.35162512813748403
UGA-fed(KEN+TZA),2017,3,unemployment,2020,lgbm_graph,3.819,0.35162512813748403
UGA-fed(KEN+TZA),2017,3,unemployment,2020,tft,3.819,0.35162512813748403
UGA-fed(KEN+TZA),2017,5,unemployment,2022,persistence,2.885,0.5430000000000001
UGA-fed(KEN+TZA),2017,5,unemployment,2022,arima,2.885,0.5823986037092128
UGA-fed(KEN+TZA),2017,5,unemployment,2022,prophet,2.885,0.18318814365519742
UGA-fed(KEN+TZA),2017,5,unemployment,2022,prophet_graph,2.885,0.18318814365519742
UGA-fed(KEN+TZA),2017,5,unemployment,2022,xgb_blind,2.885,0.5823986037092128
UGA-fed(KEN+TZA),2017,5,unemployment,2022,xgb_graph,2.885,0.5823986037092128
UGA-fed(KEN+TZA),2017,5,unemployment,2022,lgbm_blind,2.885,0.5823986037092128
UGA-fed(KEN+TZA),2017,5,unemployment,2022,lgbm_graph,2.885,0.5823986037092128
UGA-fed(KEN+TZA),2017,5,unemployment,2022,tft,2.885,0.5823986037092128
UGA-fed(KEN+TZA),2017,1,exports_gdp,2018,persistence,15.0870530611511,1.5740763600194008
UGA-fed(KEN+TZA),2017,1,exports_gdp,2018,arima,15.0870530611511,1.2635404435705482
UGA-fed(KEN+TZA),2017,1,exports_gdp,2018,prophet,15.0870530611511,2.327423779364384
UGA-fed(KEN+TZA),2017,1,exports_gdp,2018,prophet_graph,15.0870530611511,0.06976689804765712
UGA-fed(KEN+TZA),2017,1,exports_gdp,2018,xgb_blind,15.0870530611511,1.2635404435705482
UGA-fed(KEN+TZA),2017,1,exports_gdp,2018,xgb_graph,15.0870530611511,2.178688287115502
UGA-fed(KEN+TZA),2017,1,exports_gdp,2018,lgbm_blind,15.0870530611511,1.2635404435705482
UGA-fed(KEN+TZA),2017,1,exports_gdp,2018,lgbm_graph,15.0870530611511,2.0066501747250918
UGA-fed(KEN+TZA),2017,1,exports_gdp,2018,tft,15.0870530611511,1.2635404435705482
UGA-fed(KEN+TZA),2017,3,exports_gdp,2020,persistence,15.4147985397289,1.246330881441601
UGA-fed(KEN+TZA),2017,3,exports_gdp,2020,arima,15.4147985397289,0.9569004314383562
UGA-fed(KEN+TZA),2017,3,exports_gdp,2020,prophet,15.4147985397289,2.6266968258568717
UGA-fed(KEN+TZA),2017,3,exports_gdp,2020,prophet_graph,15.4147985397289,0.6912408792669282
UGA-fed(KEN+TZA),2017,3,exports_gdp,2020,xgb_blind,15.4147985397289,0.9569004314383562
UGA-fed(KEN+TZA),2017,3,exports_gdp,2020,xgb_graph,15.4147985397289,2.8750560699413015
UGA-fed(KEN+TZA),2017,3,exports_gdp,2020,lgbm_blind,15.4147985397289,0.9569004314383562
UGA-fed(KEN+TZA),2017,3,exports_gdp,2020,lgbm_graph,15.4147985397289,1.9369841705272393
UGA-fed(KEN+TZA),2017,3,exports_gdp,2020,tft,15.4147985397289,0.9569004314383562
UGA-fed(KEN+TZA),2017,5,exports_gdp,2022,persistence,12.0219954333331,4.6391339878374005
UGA-fed(KEN+TZA),2017,5,exports_gdp,2022,arima,12.0219954333331,4.349817071353883
UGA-fed(KEN+TZA),2017,5,exports_gdp,2022,prophet,12.0219954333331,6.647377386809357
UGA-fed(KEN+TZA),2017,5,exports_gdp,2022,prophet_graph,12.0219954333331,2.2677064183938143
UGA-fed(KEN+TZA),2017,5,exports_gdp,2022,xgb_blind,12.0219954333331,4.349817071353883
UGA-fed(KEN+TZA),2017,5,exports_gdp,2022,xgb_graph,12.0219954333331,4.063362232682525
UGA-fed(KEN+TZA),2017,5,exports_gdp,2022,lgbm_blind,12.0219954333331,4.349817071353883
UGA-fed(KEN+TZA),2017,5,exports_gdp,2022,lgbm_graph,12.0219954333331,1.9407134545134745
UGA-fed(KEN+TZA),2017,5,exports_gdp,2022,tft,12.0219954333331,4.349817071353883
UGA-fed(KEN+TZA),2017,1,imports_gdp,2018,persistence,21.5513525388056,1.3754290265660991
UGA-fed(KEN+TZA),2017,1,imports_gdp,2018,arima,21.5513525388056,1.6479895209320112
UGA-fed(KEN+TZA),2017,1,imports_gdp,2018,prophet,21.5513525388056,4.503999358658589
UGA-fed(KEN+TZA),2017,1,imports_gdp,2018,prophet_graph,21.5513525388056,2.3452444995223196
UGA-fed(KEN+TZA),2017,1,imports_gdp,2018,xgb_blind,21.5513525388056,1.6479895209320112
UGA-fed(KEN+TZA),2017,1,imports_gdp,2018,xgb_graph,21.5513525388056,4.323342285413151
UGA-fed(KEN+TZA),2017,1,imports_gdp,2018,lgbm_blind,21.5513525388056,1.6479895209320112
UGA-fed(KEN+TZA),2017,1,imports_gdp,2018,lgbm_graph,21.5513525388056,2.4899111121592092
UGA-fed(KEN+TZA),2017,1,imports_gdp,2018,tft,21.5513525388056,1.6479895209320112
UGA-fed(KEN+TZA),2017,3,imports_gdp,2020,persistence,21.585893851908,1.4099703396685008
UGA-fed(KEN+TZA),2017,3,imports_gdp,2020,arima,21.585893851908,1.639652217670534
UGA-fed(KEN+TZA),2017,3,imports_gdp,2020,prophet,21.585893851908,4.77055810852492
UGA-fed(KEN+TZA),2017,3,imports_gdp,2020,prophet_graph,21.585893851908,2.790064794060868
UGA-fed(KEN+TZA),2017,3,imports_gdp,2020,xgb_blind,21.585893851908,1.639652217670534
UGA-fed(KEN+TZA),2017,3,imports_gdp,2020,xgb_graph,21.585893851908,0.9489118877966725
UGA-fed(KEN+TZA),2017,3,imports_gdp,2020,lgbm_blind,21.585893851908,1.639652217670534
UGA-fed(KEN+TZA),2017,3,imports_gdp,2020,lgbm_graph,21.585893851908,2.5295178302209074
UGA-fed(KEN+TZA),2017,3,imports_gdp,2020,tft,21.585893851908,1.639652217670534
UGA-fed(KEN+TZA),2017,5,imports_gdp,2022,persistence,22.4833064937607,2.307382981521201
UGA-fed(KEN+TZA),2017,5,imports_gdp,2022,arima,22.4833064937607,2.5354249804078783
UGA-fed(KEN+TZA),2017,5,imports_gdp,2022,prophet,22.4833064937607,4.174657995480629
UGA-fed(KEN+TZA),2017,5,imports_gdp,2022,prophet_graph,22.4833064937607,4.09831844335168
UGA-fed(KEN+TZA),2017,5,imports_gdp,2022,xgb_blind,22.4833064937607,2.5354249804078783
UGA-fed(KEN+TZA),2017,5,imports_gdp,2022,xgb_graph,22.4833064937607,2.1021103000625416
UGA-fed(KEN+TZA),2017,5,imports_gdp,2022,lgbm_blind,22.4833064937607,2.5354249804078783
UGA-fed(KEN+TZA),2017,5,imports_gdp,2022,lgbm_graph,22.4833064937607,1.977961060480979
UGA-fed(KEN+TZA),2017,5,imports_gdp,2022,tft,22.4833064937607,2.5354249804078783
UGA-fed(KEN+TZA),2017,1,current_account,2018,persistence,-6.32983605256251,1.4470494508243599
UGA-fed(KEN+TZA),2017,1,current_account,2018,arima,-6.32983605256251,1.779013955516394
UGA-fed(KEN+TZA),2017,1,current_account,2018,prophet,-6.32983605256251,1.4092712012344624
UGA-fed(KEN+TZA),2017,1,current_account,2018,prophet_graph,-6.32983605256251,1.4732341334448353
UGA-fed(KEN+TZA),2017,1,current_account,2018,xgb_blind,-6.32983605256251,1.779013955516394
UGA-fed(KEN+TZA),2017,1,current_account,2018,xgb_graph,-6.32983605256251,1.640628975536143
UGA-fed(KEN+TZA),2017,1,current_account,2018,lgbm_blind,-6.32983605256251,1.779013955516394
UGA-fed(KEN+TZA),2017,1,current_account,2018,lgbm_graph,-6.32983605256251,1.8347241289666885
UGA-fed(KEN+TZA),2017,1,current_account,2018,tft,-6.32983605256251,1.779013955516394
UGA-fed(KEN+TZA),2017,3,current_account,2020,persistence,-9.56958764500258,4.686801043264429
UGA-fed(KEN+TZA),2017,3,current_account,2020,arima,-9.56958764500258,4.973336234237398
UGA-fed(KEN+TZA),2017,3,current_account,2020,prophet,-9.56958764500258,4.598445633719047
UGA-fed(KEN+TZA),2017,3,current_account,2020,prophet_graph,-9.56958764500258,5.224777988827241
UGA-fed(KEN+TZA),2017,3,current_account,2020,xgb_blind,-9.56958764500258,4.973336234237398
UGA-fed(KEN+TZA),2017,3,current_account,2020,xgb_graph,-9.56958764500258,4.107000765272355
UGA-fed(KEN+TZA),2017,3,current_account,2020,lgbm_blind,-9.56958764500258,4.973336234237398
UGA-fed(KEN+TZA),2017,3,current_account,2020,lgbm_graph,-9.56958764500258,5.058727088564014
UGA-fed(KEN+TZA),2017,3,current_account,2020,tft,-9.56958764500258,4.973336234237398
UGA-fed(KEN+TZA),2017,5,current_account,2022,persistence,-8.91897823001288,4.0361916282747305
UGA-fed(KEN+TZA),2017,5,current_account,2022,arima,-8.91897823001288,4.321510576845493
UGA-fed(KEN+TZA),2017,5,current_account,2022,prophet,-8.91897823001288,3.8971897749931017
UGA-fed(KEN+TZA),2017,5,current_account,2022,prophet_graph,-8.91897823001288,5.086661922071579
UGA-fed(KEN+TZA),2017,5,current_account,2022,xgb_blind,-8.91897823001288,4.321510576845493
UGA-fed(KEN+TZA),2017,5,current_account,2022,xgb_graph,-8.91897823001288,3.8539910473956933
UGA-fed(KEN+TZA),2017,5,current_account,2022,lgbm_blind,-8.91897823001288,4.321510576845493
UGA-fed(KEN+TZA),2017,5,current_account,2022,lgbm_graph,-8.91897823001288,4.436708736797771
UGA-fed(KEN+TZA),2017,5,current_account,2022,tft,-8.91897823001288,4.321510576845493
UGA-fed(KEN+TZA),2017,1,real_interest_rate,2018,persistence,14.7478688039364,1.142978307517799
UGA-fed(KEN+TZA),2017,1,real_interest_rate,2018,arima,14.7478688039364,2.3152054189492883
UGA-fed(KEN+TZA),2017,1,real_interest_rate,2018,prophet,14.7478688039364,1.4799614670437347
UGA-fed(KEN+TZA),2017,1,real_interest_rate,2018,prophet_graph,14.7478688039364,1.4799614670437347
UGA-fed(KEN+TZA),2017,1,real_interest_rate,2018,xgb_blind,14.7478688039364,2.3152054189492883
UGA-fed(KEN+TZA),2017,1,real_interest_rate,2018,xgb_graph,14.7478688039364,2.3152054189492883
UGA-fed(KEN+TZA),2017,1,real_interest_rate,2018,lgbm_blind,14.7478688039364,2.3152054189492883
UGA-fed(KEN+TZA),2017,1,real_interest_rate,2018,lgbm_graph,14.7478688039364,2.3152054189492883
UGA-fed(KEN+TZA),2017,1,real_interest_rate,2018,tft,14.7478688039364,2.3152054189492883
UGA-fed(KEN+TZA),2017,3,real_interest_rate,2020,persistence,14.7478688039364,1.142978307517799
UGA-fed(KEN+TZA),2017,3,real_interest_rate,2020,arima,14.7478688039364,2.02214883542746
UGA-fed(KEN+TZA),2017,3,real_interest_rate,2020,prophet,14.7478688039364,2.2046954224538933
UGA-fed(KEN+TZA),2017,3,real_interest_rate,2020,prophet_graph,14.7478688039364,2.2046954224538933
UGA-fed(KEN+TZA),2017,3,real_interest_rate,2020,xgb_blind,14.7478688039364,2.02214883542746
UGA-fed(KEN+TZA),2017,3,real_interest_rate,2020,xgb_graph,14.7478688039364,2.02214883542746
UGA-fed(KEN+TZA),2017,3,real_interest_rate,2020,lgbm_blind,14.7478688039364,2.02214883542746
UGA-fed(KEN+TZA),2017,3,real_interest_rate,2020,lgbm_graph,14.7478688039364,2.02214883542746
UGA-fed(KEN+TZA),2017,3,real_interest_rate,2020,tft,14.7478688039364,2.02214883542746
UGA-fed(KEN+TZA),2017,5,real_interest_rate,2022,persistence,14.7478688039364,1.142978307517799
UGA-fed(KEN+TZA),2017,5,real_interest_rate,2022,arima,14.7478688039364,1.9487653184807012
UGA-fed(KEN+TZA),2017,5,real_interest_rate,2022,prophet,14.7478688039364,2.930422164104341
UGA-fed(KEN+TZA),2017,5,real_interest_rate,2022,prophet_graph,14.7478688039364,2.930422164104341
UGA-fed(KEN+TZA),2017,5,real_interest_rate,2022,xgb_blind,14.7478688039364,1.9487653184807012
UGA-fed(KEN+TZA),2017,5,real_interest_rate,2022,xgb_graph,14.7478688039364,1.9487653184807012
UGA-fed(KEN+TZA),2017,5,real_interest_rate,2022,lgbm_blind,14.7478688039364,1.9487653184807012
UGA-fed(KEN+TZA),2017,5,real_interest_rate,2022,lgbm_graph,14.7478688039364,1.9487653184807012
UGA-fed(KEN+TZA),2017,5,real_interest_rate,2022,tft,14.7478688039364,1.9487653184807012
UGA-fed(KEN+TZA),2017,1,broad_money,2018,persistence,19.4171293137567,0.5014775434080008
UGA-fed(KEN+TZA),2017,1,broad_money,2018,arima,19.4171293137567,0.18592594950937524
UGA-fed(KEN+TZA),2017,1,broad_money,2018,prophet,19.4171293137567,2.135685149367074
UGA-fed(KEN+TZA),2017,1,broad_money,2018,prophet_graph,19.4171293137567,1.22459294967625
UGA-fed(KEN+TZA),2017,1,broad_money,2018,xgb_blind,19.4171293137567,0.18592594950937524
UGA-fed(KEN+TZA),2017,1,broad_money,2018,xgb_graph,19.4171293137567,0.17819193582701232
UGA-fed(KEN+TZA),2017,1,broad_money,2018,lgbm_blind,19.4171293137567,0.18592594950937524
UGA-fed(KEN+TZA),2017,1,broad_money,2018,lgbm_graph,19.4171293137567,3.0426383285927656
UGA-fed(KEN+TZA),2017,1,broad_money,2018,tft,19.4171293137567,0.18592594950937524
UGA-fed(KEN+TZA),2017,3,broad_money,2020,persistence,22.731371239225,2.8127643820602977
UGA-fed(KEN+TZA),2017,3,broad_money,2020,arima,22.731371239225,3.0544392655579067
UGA-fed(KEN+TZA),2017,3,broad_money,2020,prophet,22.731371239225,0.4223411777867909
UGA-fed(KEN+TZA),2017,3,broad_money,2020,prophet_graph,22.731371239225,1.4345066471181376
UGA-fed(KEN+TZA),2017,3,broad_money,2020,xgb_blind,22.731371239225,3.0544392655579067
UGA-fed(KEN+TZA),2017,3,broad_money,2020,xgb_graph,22.731371239225,4.133674934903709
UGA-fed(KEN+TZA),2017,3,broad_money,2020,lgbm_blind,22.731371239225,3.0544392655579067
UGA-fed(KEN+TZA),2017,3,broad_money,2020,lgbm_graph,22.731371239225,5.777846268216699
UGA-fed(KEN+TZA),2017,3,broad_money,2020,tft,22.731371239225,3.0544392655579067
UGA-fed(KEN+TZA),2017,5,broad_money,2022,persistence,22.0303983664876,2.1117915093228987
UGA-fed(KEN+TZA),2017,5,broad_money,2022,arima,22.0303983664876,2.3431338500856675
UGA-fed(KEN+TZA),2017,5,broad_money,2022,prophet,22.0303983664876,1.0358832050435538
UGA-fed(KEN+TZA),2017,5,broad_money,2022,prophet_graph,22.0303983664876,0.07749399046207017
UGA-fed(KEN+TZA),2017,5,broad_money,2022,xgb_blind,22.0303983664876,2.3431338500856675
UGA-fed(KEN+TZA),2017,5,broad_money,2022,xgb_graph,22.0303983664876,2.637618062532521
UGA-fed(KEN+TZA),2017,5,broad_money,2022,lgbm_blind,22.0303983664876,2.3431338500856675
UGA-fed(KEN+TZA),2017,5,broad_money,2022,lgbm_graph,22.0303983664876,4.625436987809568
UGA-fed(KEN+TZA),2017,5,broad_money,2022,tft,22.0303983664876,2.3431338500856675
UGA-fed(KEN+TZA),2017,1,govt_consumption,2018,persistence,8.63607272997988,0.6266377001791188
UGA-fed(KEN+TZA),2017,1,govt_consumption,2018,arima,8.63607272997988,0.764194008460855
UGA-fed(KEN+TZA),2017,1,govt_consumption,2018,prophet,8.63607272997988,1.119080826100582
UGA-fed(KEN+TZA),2017,1,govt_consumption,2018,prophet_graph,8.63607272997988,0.7226950478972896
UGA-fed(KEN+TZA),2017,1,govt_consumption,2018,xgb_blind,8.63607272997988,0.764194008460855
UGA-fed(KEN+TZA),2017,1,govt_consumption,2018,xgb_graph,8.63607272997988,0.9404936780084441
UGA-fed(KEN+TZA),2017,1,govt_consumption,2018,lgbm_blind,8.63607272997988,0.764194008460855
UGA-fed(KEN+TZA),2017,1,govt_consumption,2018,lgbm_graph,8.63607272997988,2.81777819278126
UGA-fed(KEN+TZA),2017,1,govt_consumption,2018,tft,8.63607272997988,0.764194008460855
UGA-fed(KEN+TZA),2017,3,govt_consumption,2020,persistence,9.51141446504173,1.501979435240969
UGA-fed(KEN+TZA),2017,3,govt_consumption,2020,arima,9.51141446504173,1.6167778761831322
UGA-fed(KEN+TZA),2017,3,govt_consumption,2020,prophet,9.51141446504173,0.02993908622875807
UGA-fed(KEN+TZA),2017,3,govt_consumption,2020,prophet_graph,9.51141446504173,0.6077115571787051
UGA-fed(KEN+TZA),2017,3,govt_consumption,2020,xgb_blind,9.51141446504173,1.6167778761831322
UGA-fed(KEN+TZA),2017,3,govt_consumption,2020,xgb_graph,9.51141446504173,2.057920869918439
UGA-fed(KEN+TZA),2017,3,govt_consumption,2020,lgbm_blind,9.51141446504173,1.6167778761831322
UGA-fed(KEN+TZA),2017,3,govt_consumption,2020,lgbm_graph,9.51141446504173,2.1188616808933283
UGA-fed(KEN+TZA),2017,3,govt_consumption,2020,tft,9.51141446504173,1.6167778761831322
UGA-fed(KEN+TZA),2017,5,govt_consumption,2022,persistence,9.78726680444974,1.7778317746489787
UGA-fed(KEN+TZA),2017,5,govt_consumption,2022,arima,9.78726680444974,1.8916340840828427
UGA-fed(KEN+TZA),2017,5,govt_consumption,2022,prophet,9.78726680444974,0.46000613470814145
UGA-fed(KEN+TZA),2017,5,govt_consumption,2022,prophet_graph,9.78726680444974,0.10811793909205036
UGA-fed(KEN+TZA),2017,5,govt_consumption,2022,xgb_blind,9.78726680444974,1.8916340840828427
UGA-fed(KEN+TZA),2017,5,govt_consumption,2022,xgb_graph,9.78726680444974,1.2627850310732747
UGA-fed(KEN+TZA),2017,5,govt_consumption,2022,lgbm_blind,9.78726680444974,1.8916340840828427
UGA-fed(KEN+TZA),2017,5,govt_consumption,2022,lgbm_graph,9.78726680444974,1.8588702257785847
UGA-fed(KEN+TZA),2017,5,govt_consumption,2022,tft,9.78726680444974,1.8916340840828427
UGA-fed(KEN+TZA),2018,1,gdp_growth,2019,persistence,6.43874503276439,0.13482125013442037
UGA-fed(KEN+TZA),2018,1,gdp_growth,2019,arima,6.43874503276439,1.5142001323479972
UGA-fed(KEN+TZA),2018,1,gdp_growth,2019,prophet,6.43874503276439,0.8282576990355546
UGA-fed(KEN+TZA),2018,1,gdp_growth,2019,prophet_graph,6.43874503276439,0.8282576990355546
UGA-fed(KEN+TZA),2018,1,gdp_growth,2019,xgb_blind,6.43874503276439,1.5142001323479972
UGA-fed(KEN+TZA),2018,1,gdp_growth,2019,xgb_graph,6.43874503276439,1.5142001323479972
UGA-fed(KEN+TZA),2018,1,gdp_growth,2019,lgbm_blind,6.43874503276439,1.5142001323479972
UGA-fed(KEN+TZA),2018,1,gdp_growth,2019,lgbm_graph,6.43874503276439,1.5142001323479972
UGA-fed(KEN+TZA),2018,1,gdp_growth,2019,tft,6.43874503276439,1.5142001323479972
UGA-fed(KEN+TZA),2018,3,gdp_growth,2021,persistence,3.53658034070898,2.76734344192099
UGA-fed(KEN+TZA),2018,3,gdp_growth,2021,arima,3.53658034070898,1.7269436676472605
UGA-fed(KEN+TZA),2018,3,gdp_growth,2021,prophet,3.53658034070898,1.9613581374933782
UGA-fed(KEN+TZA),2018,3,gdp_growth,2021,prophet_graph,3.53658034070898,1.9613581374933782
UGA-fed(KEN+TZA),2018,3,gdp_growth,2021,xgb_blind,3.53658034070898,1.7269436676472605
UGA-fed(KEN+TZA),2018,3,gdp_growth,2021,xgb_graph,3.53658034070898,1.7269436676472605
UGA-fed(KEN+TZA),2018,3,gdp_growth,2021,lgbm_blind,3.53658034070898,1.7269436676472605
UGA-fed(KEN+TZA),2018,3,gdp_growth,2021,lgbm_graph,3.53658034070898,1.7269436676472605
UGA-fed(KEN+TZA),2018,3,gdp_growth,2021,tft,3.53658034070898,1.7269436676472605
UGA-fed(KEN+TZA),2018,5,gdp_growth,2023,persistence,5.33697295511469,0.96695082751528
UGA-fed(KEN+TZA),2018,5,gdp_growth,2023,arima,5.33697295511469,0.009367572662539736
UGA-fed(KEN+TZA),2018,5,gdp_growth,2023,prophet,5.33697295511469,0.04857063316382604
UGA-fed(KEN+TZA),2018,5,gdp_growth,2023,prophet_graph,5.33697295511469,0.04857063316382604
UGA-fed(KEN+TZA),2018,5,gdp_growth,2023,xgb_blind,5.33697295511469,0.009367572662539736
UGA-fed(KEN+TZA),2018,5,gdp_growth,2023,xgb_graph,5.33697295511469,0.009367572662539736
UGA-fed(KEN+TZA),2018,5,gdp_growth,2023,lgbm_blind,5.33697295511469,0.009367572662539736
UGA-fed(KEN+TZA),2018,5,gdp_growth,2023,lgbm_graph,5.33697295511469,0.009367572662539736
UGA-fed(KEN+TZA),2018,5,gdp_growth,2023,tft,5.33697295511469,0.009367572662539736
UGA-fed(KEN+TZA),2018,1,unemployment,2019,persistence,3.057,0.19200000000000017
UGA-fed(KEN+TZA),2018,1,unemployment,2019,arima,3.057,0.17963392605168682
UGA-fed(KEN+TZA),2018,1,unemployment,2019,prophet,3.057,0.21429151696532323
UGA-fed(KEN+TZA),2018,1,unemployment,2019,prophet_graph,3.057,0.21429151696532323
UGA-fed(KEN+TZA),2018,1,unemployment,2019,xgb_blind,3.057,0.17963392605168682
UGA-fed(KEN+TZA),2018,1,unemployment,2019,xgb_graph,3.057,0.17963392605168682
UGA-fed(KEN+TZA),2018,1,unemployment,2019,lgbm_blind,3.057,0.17963392605168682
UGA-fed(KEN+TZA),2018,1,unemployment,2019,lgbm_graph,3.057,0.17963392605168682
UGA-fed(KEN+TZA),2018,1,unemployment,2019,tft,3.057,0.17963392605168682
UGA-fed(KEN+TZA),2018,3,unemployment,2021,persistence,3.416,0.16699999999999982
UGA-fed(KEN+TZA),2018,3,unemployment,2021,arima,3.416,0.18027939309766605
UGA-fed(KEN+TZA),2018,3,unemployment,2021,prophet,3.416,0.6150374984813416
UGA-fed(KEN+TZA),2018,3,unemployment,2021,prophet_graph,3.416,0.6150374984813416
UGA-fed(KEN+TZA),2018,3,unemployment,2021,xgb_blind,3.416,0.18027939309766605
UGA-fed(KEN+TZA),2018,3,unemployment,2021,xgb_graph,3.416,0.18027939309766605
UGA-fed(KEN+TZA),2018,3,unemployment,2021,lgbm_blind,3.416,0.18027939309766605
UGA-fed(KEN+TZA),2018,3,unemployment,2021,lgbm_graph,3.416,0.18027939309766605
UGA-fed(KEN+TZA),2018,3,unemployment,2021,tft,3.416,0.18027939309766605
UGA-fed(KEN+TZA),2018,5,unemployment,2023,persistence,2.754,0.4950000000000001
UGA-fed(KEN+TZA),2018,5,unemployment,2023,arima,2.754,0.48171624796947077
UGA-fed(KEN+TZA),2018,5,unemployment,2023,prophet,2.754,0.0052736280484904086
UGA-fed(KEN+TZA),2018,5,unemployment,2023,prophet_graph,2.754,0.0052736280484904086
UGA-fed(KEN+TZA),2018,5,unemployment,2023,xgb_blind,2.754,0.48171624796947077
UGA-fed(KEN+TZA),2018,5,unemployment,2023,xgb_graph,2.754,0.48171624796947077
UGA-fed(KEN+TZA),2018,5,unemployment,2023,lgbm_blind,2.754,0.48171624796947077
UGA-fed(KEN+TZA),2018,5,unemployment,2023,lgbm_graph,2.754,0.48171624796947077
UGA-fed(KEN+TZA),2018,5,unemployment,2023,tft,2.754,0.48171624796947077
UGA-fed(KEN+TZA),2018,1,exports_gdp,2019,persistence,17.1090580167383,2.0220049555871995
UGA-fed(KEN+TZA),2018,1,exports_gdp,2019,arima,17.1090580167383,1.8649719617048124
UGA-fed(KEN+TZA),2018,1,exports_gdp,2019,prophet,17.1090580167383,0.30534486980829456
UGA-fed(KEN+TZA),2018,1,exports_gdp,2019,prophet_graph,17.1090580167383,1.9436658642652898
UGA-fed(KEN+TZA),2018,1,exports_gdp,2019,xgb_blind,17.1090580167383,1.8649719617048124
UGA-fed(KEN+TZA),2018,1,exports_gdp,2019,xgb_graph,17.1090580167383,3.4930463971704278
UGA-fed(KEN+TZA),2018,1,exports_gdp,2019,lgbm_blind,17.1090580167383,1.8649719617048124
UGA-fed(KEN+TZA),2018,1,exports_gdp,2019,lgbm_graph,17.1090580167383,3.9569890441507134
UGA-fed(KEN+TZA),2018,1,exports_gdp,2019,tft,17.1090580167383,1.8649719617048124
UGA-fed(KEN+TZA),2018,3,exports_gdp,2021,persistence,15.7810081695276,0.6939551083765014
UGA-fed(KEN+TZA),2018,3,exports_gdp,2021,arima,15.7810081695276,0.5510251750125548
UGA-fed(KEN+TZA),2018,3,exports_gdp,2021,prophet,15.7810081695276,2.2292653587195073
UGA-fed(KEN+TZA),2018,3,exports_gdp,2021,prophet_graph,15.7810081695276,1.0524105678720765
UGA-fed(KEN+TZA),2018,3,exports_gdp,2021,xgb_blind,15.7810081695276,0.5510251750125548
UGA-fed(KEN+TZA),2018,3,exports_gdp,2021,xgb_graph,15.7810081695276,0.9664911483484016
UGA-fed(KEN+TZA),2018,3,exports_gdp,2021,lgbm_blind,15.7810081695276,0.5510251750125548
UGA-fed(KEN+TZA),2018,3,exports_gdp,2021,lgbm_graph,15.7810081695276,2.2412999953356127
UGA-fed(KEN+TZA),2018,3,exports_gdp,2021,tft,15.7810081695276,0.5510251750125548
UGA-fed(KEN+TZA),2018,5,exports_gdp,2023,persistence,11.6017089255499,3.485344135601199
UGA-fed(KEN+TZA),2018,5,exports_gdp,2023,arima,11.6017089255499,3.6281337088881447
UGA-fed(KEN+TZA),2018,5,exports_gdp,2023,prophet,11.6017089255499,7.0036200998810365
UGA-fed(KEN+TZA),2018,5,exports_gdp,2023,prophet_graph,11.6017089255499,2.690691655453417
UGA-fed(KEN+TZA),2018,5,exports_gdp,2023,xgb_blind,11.6017089255499,3.6281337088881447
UGA-fed(KEN+TZA),2018,5,exports_gdp,2023,xgb_graph,11.6017089255499,4.459375821764553
UGA-fed(KEN+TZA),2018,5,exports_gdp,2023,lgbm_blind,11.6017089255499,3.6281337088881447
UGA-fed(KEN+TZA),2018,5,exports_gdp,2023,lgbm_graph,11.6017089255499,2.407847646092657
UGA-fed(KEN+TZA),2018,5,exports_gdp,2023,tft,11.6017089255499,3.6281337088881447
UGA-fed(KEN+TZA),2018,1,imports_gdp,2019,persistence,22.2519959480052,0.7006434091995999
UGA-fed(KEN+TZA),2018,1,imports_gdp,2019,arima,22.2519959480052,0.955028734164209
UGA-fed(KEN+TZA),2018,1,imports_gdp,2019,prophet,22.2519959480052,3.334976791894654
UGA-fed(KEN+TZA),2018,1,imports_gdp,2019,prophet_graph,22.2519959480052,1.9511449747013359
UGA-fed(KEN+TZA),2018,1,imports_gdp,2019,xgb_blind,22.2519959480052,0.955028734164209
UGA-fed(KEN+TZA),2018,1,imports_gdp,2019,xgb_graph,22.2519959480052,1.079753014397145
UGA-fed(KEN+TZA),2018,1,imports_gdp,2019,lgbm_blind,22.2519959480052,0.955028734164209
UGA-fed(KEN+TZA),2018,1,imports_gdp,2019,lgbm_graph,22.2519959480052,1.7003423388033596
UGA-fed(KEN+TZA),2018,1,imports_gdp,2019,tft,22.2519959480052,0.955028734164209
UGA-fed(KEN+TZA),2018,3,imports_gdp,2021,persistence,25.9326225729506,4.381270034145
UGA-fed(KEN+TZA),2018,3,imports_gdp,2021,arima,25.9326225729506,4.597308457384475
UGA-fed(KEN+TZA),2018,3,imports_gdp,2021,prophet,25.9326225729506,0.10659535195986436
UGA-fed(KEN+TZA),2018,3,imports_gdp,2021,prophet_graph,25.9326225729506,4.901760737534644
UGA-fed(KEN+TZA),2018,3,imports_gdp,2021,xgb_blind,25.9326225729506,4.597308457384475
UGA-fed(KEN+TZA),2018,3,imports_gdp,2021,xgb_graph,25.9326225729506,5.475225112013099
UGA-fed(KEN+TZA),2018,3,imports_gdp,2021,lgbm_blind,25.9326225729506,4.597308457384475
UGA-fed(KEN+TZA),2018,3,imports_gdp,2021,lgbm_graph,25.9326225729506,1.9158285149578091
UGA-fed(KEN+TZA),2018,3,imports_gdp,2021,tft,25.9326225729506,4.597308457384475
UGA-fed(KEN+TZA),2018,5,imports_gdp,2023,persistence,21.739987404672,0.1886348658664012
UGA-fed(KEN+TZA),2018,5,imports_gdp,2023,arima,21.739987404672,0.4033615785366855
UGA-fed(KEN+TZA),2018,5,imports_gdp,2023,prophet,21.739987404672,4.324767273495674
UGA-fed(KEN+TZA),2018,5,imports_gdp,2023,prophet_graph,21.739987404672,0.01988664598585288
UGA-fed(KEN+TZA),2018,5,imports_gdp,2023,xgb_blind,21.739987404672,0.4033615785366855
UGA-fed(KEN+TZA),2018,5,imports_gdp,2023,xgb_graph,21.739987404672,1.896943061026242
UGA-fed(KEN+TZA),2018,5,imports_gdp,2023,lgbm_blind,21.739987404672,0.4033615785366855
UGA-fed(KEN+TZA),2018,5,imports_gdp,2023,lgbm_graph,21.739987404672,2.6000337287508515
UGA-fed(KEN+TZA),2018,5,imports_gdp,2023,tft,21.739987404672,0.4033615785366855
UGA-fed(KEN+TZA),2018,1,current_account,2019,persistence,-7.44419073613667,1.1143546835741596
UGA-fed(KEN+TZA),2018,1,current_account,2019,arima,-7.44419073613667,1.2975729556131723
UGA-fed(KEN+TZA),2018,1,current_account,2019,prophet,-7.44419073613667,2.3075258347338607
UGA-fed(KEN+TZA),2018,1,current_account,2019,prophet_graph,-7.44419073613667,2.4242789955986286
UGA-fed(KEN+TZA),2018,1,current_account,2019,xgb_blind,-7.44419073613667,1.2975729556131723
UGA-fed(KEN+TZA),2018,1,current_account,2019,xgb_graph,-7.44419073613667,1.8520548299171873
UGA-fed(KEN+TZA),2018,1,current_account,2019,lgbm_blind,-7.44419073613667,1.2975729556131723
UGA-fed(KEN+TZA),2018,1,current_account,2019,lgbm_graph,-7.44419073613667,2.883552956536284
UGA-fed(KEN+TZA),2018,1,current_account,2019,tft,-7.44419073613667,1.2975729556131723
UGA-fed(KEN+TZA),2018,3,current_account,2021,persistence,-8.8944875833578,2.564651530795289
UGA-fed(KEN+TZA),2018,3,current_account,2021,arima,-8.8944875833578,2.727608849066705
UGA-fed(KEN+TZA),2018,3,current_account,2021,prophet,-8.8944875833578,3.6880583321498444
UGA-fed(KEN+TZA),2018,3,current_account,2021,prophet_graph,-8.8944875833578,5.355238789166796
UGA-fed(KEN+TZA),2018,3,current_account,2021,xgb_blind,-8.8944875833578,2.727608849066705
UGA-fed(KEN+TZA),2018,3,current_account,2021,xgb_graph,-8.8944875833578,3.881864750105846
UGA-fed(KEN+TZA),2018,3,current_account,2021,lgbm_blind,-8.8944875833578,2.727608849066705
UGA-fed(KEN+TZA),2018,3,current_account,2021,lgbm_graph,-8.8944875833578,4.3136664371005775
UGA-fed(KEN+TZA),2018,3,current_account,2021,tft,-8.8944875833578,2.727608849066705
UGA-fed(KEN+TZA),2018,5,current_account,2023,persistence,-7.43279149697522,1.1029554444127099
UGA-fed(KEN+TZA),2018,5,current_account,2023,arima,-7.43279149697522,1.2655879517010904
UGA-fed(KEN+TZA),2018,5,current_account,2023,prophet,-7.43279149697522,2.1566933328291586
UGA-fed(KEN+TZA),2018,5,current_account,2023,prophet_graph,-7.43279149697522,5.372180118424902
UGA-fed(KEN+TZA),2018,5,current_account,2023,xgb_blind,-7.43279149697522,1.2655879517010904
UGA-fed(KEN+TZA),2018,5,current_account,2023,xgb_graph,-7.43279149697522,2.9370181815455325
UGA-fed(KEN+TZA),2018,5,current_account,2023,lgbm_blind,-7.43279149697522,1.2655879517010904
UGA-fed(KEN+TZA),2018,5,current_account,2023,lgbm_graph,-7.43279149697522,2.8735400704889216
UGA-fed(KEN+TZA),2018,5,current_account,2023,tft,-7.43279149697522,1.2655879517010904
UGA-fed(KEN+TZA),2018,1,real_interest_rate,2019,persistence,14.7478688039364,0.0
UGA-fed(KEN+TZA),2018,1,real_interest_rate,2019,arima,14.7478688039364,0.5716953549137322
UGA-fed(KEN+TZA),2018,1,real_interest_rate,2019,prophet,14.7478688039364,1.6535237906769797
UGA-fed(KEN+TZA),2018,1,real_interest_rate,2019,prophet_graph,14.7478688039364,1.6535237906769797
UGA-fed(KEN+TZA),2018,1,real_interest_rate,2019,xgb_blind,14.7478688039364,0.5716953549137322
UGA-fed(KEN+TZA),2018,1,real_interest_rate,2019,xgb_graph,14.7478688039364,0.5716953549137322
UGA-fed(KEN+TZA),2018,1,real_interest_rate,2019,lgbm_blind,14.7478688039364,0.5716953549137322
UGA-fed(KEN+TZA),2018,1,real_interest_rate,2019,lgbm_graph,14.7478688039364,0.5716953549137322
UGA-fed(KEN+TZA),2018,1,real_interest_rate,2019,tft,14.7478688039364,0.5716953549137322
UGA-fed(KEN+TZA),2018,3,real_interest_rate,2021,persistence,14.7478688039364,0.0
UGA-fed(KEN+TZA),2018,3,real_interest_rate,2021,arima,14.7478688039364,0.4287715347920642
UGA-fed(KEN+TZA),2018,3,real_interest_rate,2021,prophet,14.7478688039364,2.3582605523050066
UGA-fed(KEN+TZA),2018,3,real_interest_rate,2021,prophet_graph,14.7478688039364,2.3582605523050066
UGA-fed(KEN+TZA),2018,3,real_interest_rate,2021,xgb_blind,14.7478688039364,0.4287715347920642
UGA-fed(KEN+TZA),2018,3,real_interest_rate,2021,xgb_graph,14.7478688039364,0.4287715347920642
UGA-fed(KEN+TZA),2018,3,real_interest_rate,2021,lgbm_blind,14.7478688039364,0.4287715347920642
UGA-fed(KEN+TZA),2018,3,real_interest_rate,2021,lgbm_graph,14.7478688039364,0.4287715347920642
UGA-fed(KEN+TZA),2018,3,real_interest_rate,2021,tft,14.7478688039364,0.4287715347920642
UGA-fed(KEN+TZA),2018,5,real_interest_rate,2023,persistence,14.7478688039364,0.0
UGA-fed(KEN+TZA),2018,5,real_interest_rate,2023,arima,14.7478688039364,0.3930147906689321
UGA-fed(KEN+TZA),2018,5,real_interest_rate,2023,prophet,14.7478688039364,3.0620332417557083
UGA-fed(KEN+TZA),2018,5,real_interest_rate,2023,prophet_graph,14.7478688039364,3.0620332417557083
UGA-fed(KEN+TZA),2018,5,real_interest_rate,2023,xgb_blind,14.7478688039364,0.3930147906689321
UGA-fed(KEN+TZA),2018,5,real_interest_rate,2023,xgb_graph,14.7478688039364,0.3930147906689321
UGA-fed(KEN+TZA),2018,5,real_interest_rate,2023,lgbm_blind,14.7478688039364,0.3930147906689321
UGA-fed(KEN+TZA),2018,5,real_interest_rate,2023,lgbm_graph,14.7478688039364,0.3930147906689321
UGA-fed(KEN+TZA),2018,5,real_interest_rate,2023,tft,14.7478688039364,0.3930147906689321
UGA-fed(KEN+TZA),2018,1,broad_money,2019,persistence,20.5230556458778,1.1059263321211006
UGA-fed(KEN+TZA),2018,1,broad_money,2019,arima,20.5230556458778,0.9176332545191954
UGA-fed(KEN+TZA),2018,1,broad_money,2019,prophet,20.5230556458778,1.1180121908974456
UGA-fed(KEN+TZA),2018,1,broad_money,2019,prophet_graph,20.5230556458778,0.9173857903592051
UGA-fed(KEN+TZA),2018,1,broad_money,2019,xgb_blind,20.5230556458778,0.9176332545191954
UGA-fed(KEN+TZA),2018,1,broad_money,2019,xgb_graph,20.5230556458778,1.286151501590691
UGA-fed(KEN+TZA),2018,1,broad_money,2019,lgbm_blind,20.5230556458778,0.9176332545191954
UGA-fed(KEN+TZA),2018,1,broad_money,2019,lgbm_graph,20.5230556458778,4.039898998876808
UGA-fed(KEN+TZA),2018,1,broad_money,2019,tft,20.5230556458778,0.9176332545191954
UGA-fed(KEN+TZA),2018,3,broad_money,2021,persistence,22.4880935076946,3.0709641939379004
UGA-fed(KEN+TZA),2018,3,broad_money,2021,arima,22.4880935076946,2.9268246982463637
UGA-fed(KEN+TZA),2018,3,broad_money,2021,prophet,22.4880935076946,0.11849885330401122
UGA-fed(KEN+TZA),2018,3,broad_money,2021,prophet_graph,22.4880935076946,2.2095470155966837
UGA-fed(KEN+TZA),2018,3,broad_money,2021,xgb_blind,22.4880935076946,2.9268246982463637
UGA-fed(KEN+TZA),2018,3,broad_money,2021,xgb_graph,22.4880935076946,2.7202292803996784
UGA-fed(KEN+TZA),2018,3,broad_money,2021,lgbm_blind,22.4880935076946,2.9268246982463637
UGA-fed(KEN+TZA),2018,3,broad_money,2021,lgbm_graph,22.4880935076946,5.4398145157019435
UGA-fed(KEN+TZA),2018,3,broad_money,2021,tft,22.4880935076946,2.9268246982463637
UGA-fed(KEN+TZA),2018,5,broad_money,2023,persistence,21.6816047396201,2.264475425863399
UGA-fed(KEN+TZA),2018,5,broad_money,2023,arima,21.6816047396201,2.126560819999966
UGA-fed(KEN+TZA),2018,5,broad_money,2023,prophet,21.6816047396201,1.415520115672269
UGA-fed(KEN+TZA),2018,5,broad_money,2023,prophet_graph,21.6816047396201,0.7311020988177965
UGA-fed(KEN+TZA),2018,5,broad_money,2023,xgb_blind,21.6816047396201,2.126560819999966
UGA-fed(KEN+TZA),2018,5,broad_money,2023,xgb_graph,21.6816047396201,2.237896319820294
UGA-fed(KEN+TZA),2018,5,broad_money,2023,lgbm_blind,21.6816047396201,2.126560819999966
UGA-fed(KEN+TZA),2018,5,broad_money,2023,lgbm_graph,21.6816047396201,4.19280302186192
UGA-fed(KEN+TZA),2018,5,broad_money,2023,tft,21.6816047396201,2.126560819999966
UGA-fed(KEN+TZA),2018,1,govt_consumption,2019,persistence,8.77456131212774,0.1384885821478612
UGA-fed(KEN+TZA),2018,1,govt_consumption,2019,arima,8.77456131212774,0.26788020045539973
UGA-fed(KEN+TZA),2018,1,govt_consumption,2019,prophet,8.77456131212774,0.7139084762873367
UGA-fed(KEN+TZA),2018,1,govt_consumption,2019,prophet_graph,8.77456131212774,0.32442776443977905
UGA-fed(KEN+TZA),2018,1,govt_consumption,2019,xgb_blind,8.77456131212774,0.26788020045539973
UGA-fed(KEN+TZA),2018,1,govt_consumption,2019,xgb_graph,8.77456131212774,0.10384693377080723
UGA-fed(KEN+TZA),2018,1,govt_consumption,2019,lgbm_blind,8.77456131212774,0.26788020045539973
UGA-fed(KEN+TZA),2018,1,govt_consumption,2019,lgbm_graph,8.77456131212774,2.578654688837922
UGA-fed(KEN+TZA),2018,1,govt_consumption,2019,tft,8.77456131212774,0.26788020045539973
UGA-fed(KEN+TZA),2018,3,govt_consumption,2021,persistence,9.93159612659213,1.29552339661225
UGA-fed(KEN+TZA),2018,3,govt_consumption,2021,arima,9.93159612659213,1.403714294459343
UGA-fed(KEN+TZA),2018,3,govt_consumption,2021,prophet,9.93159612659213,0.6740316083574349
UGA-fed(KEN+TZA),2018,3,govt_consumption,2021,prophet_graph,9.93159612659213,0.15999708524441658
UGA-fed(KEN+TZA),2018,3,govt_consumption,2021,xgb_blind,9.93159612659213,1.403714294459343
UGA-fed(KEN+TZA),2018,3,govt_consumption,2021,xgb_graph,9.93159612659213,2.182958927190274
UGA-fed(KEN+TZA),2018,3,govt_consumption,2021,lgbm_blind,9.93159612659213,1.403714294459343
UGA-fed(KEN+TZA),2018,3,govt_consumption,2021,lgbm_graph,9.93159612659213,1.5835183642103416
UGA-fed(KEN+TZA),2018,3,govt_consumption,2021,tft,9.93159612659213,1.403714294459343
UGA-fed(KEN+TZA),2018,5,govt_consumption,2023,persistence,9.56616058785446,0.9300878578745806
UGA-fed(KEN+TZA),2018,5,govt_consumption,2023,arima,9.56616058785446,1.0373748359836839
UGA-fed(KEN+TZA),2018,5,govt_consumption,2023,prophet,9.56616058785446,0.5391854639175495
UGA-fed(KEN+TZA),2018,5,govt_consumption,2023,prophet_graph,9.56616058785446,1.5166788876570418
UGA-fed(KEN+TZA),2018,5,govt_consumption,2023,xgb_blind,9.56616058785446,1.0373748359836839
UGA-fed(KEN+TZA),2018,5,govt_consumption,2023,xgb_graph,9.56616058785446,0.940573124475554
UGA-fed(KEN+TZA),2018,5,govt_consumption,2023,lgbm_blind,9.56616058785446,1.0373748359836839
UGA-fed(KEN+TZA),2018,5,govt_consumption,2023,lgbm_graph,9.56616058785446,1.9545571124680094
UGA-fed(KEN+TZA),2018,5,govt_consumption,2023,tft,9.56616058785446,1.0373748359836839
UGA-fed(KEN+TZA),2019,1,gdp_growth,2020,persistence,2.95130642218098,3.48743861058341
UGA-fed(KEN+TZA),2019,1,gdp_growth,2020,arima,2.95130642218098,3.4314884043245306
UGA-fed(KEN+TZA),2019,1,gdp_growth,2020,prophet,2.95130642218098,2.712631040198685
UGA-fed(KEN+TZA),2019,1,gdp_growth,2020,prophet_graph,2.95130642218098,2.712631040198685
UGA-fed(KEN+TZA),2019,1,gdp_growth,2020,xgb_blind,2.95130642218098,3.4314884043245306
UGA-fed(KEN+TZA),2019,1,gdp_growth,2020,xgb_graph,2.95130642218098,3.4314884043245306
UGA-fed(KEN+TZA),2019,1,gdp_growth,2020,lgbm_blind,2.95130642218098,3.4314884043245306
UGA-fed(KEN+TZA),2019,1,gdp_growth,2020,lgbm_graph,2.95130642218098,3.4314884043245306
UGA-fed(KEN+TZA),2019,1,gdp_growth,2020,tft,2.95130642218098,3.4314884043245306
UGA-fed(KEN+TZA),2019,3,gdp_growth,2022,persistence,4.58802192181773,1.8507231109466602
UGA-fed(KEN+TZA),2019,3,gdp_growth,2022,arima,4.58802192181773,1.8083561727964135
UGA-fed(KEN+TZA),2019,3,gdp_growth,2022,prophet,4.58802192181773,0.9739697129378486
UGA-fed(KEN+TZA),2019,3,gdp_growth,2022,prophet_graph,4.58802192181773,0.9739697129378486
UGA-fed(KEN+TZA),2019,3,gdp_growth,2022,xgb_blind,4.58802192181773,1.8083561727964135
UGA-fed(KEN+TZA),2019,3,gdp_growth,2022,xgb_graph,4.58802192181773,1.8083561727964135
UGA-fed(KEN+TZA),2019,3,gdp_growth,2022,lgbm_blind,4.58802192181773,1.8083561727964135
UGA-fed(KEN+TZA),2019,3,gdp_growth,2022,lgbm_graph,4.58802192181773,1.8083561727964135
UGA-fed(KEN+TZA),2019,3,gdp_growth,2022,tft,4.58802192181773,1.8083561727964135
UGA-fed(KEN+TZA),2019,1,unemployment,2020,persistence,3.819,0.762
UGA-fed(KEN+TZA),2019,1,unemployment,2020,arima,3.819,0.7763270125745927
UGA-fed(KEN+TZA),2019,1,unemployment,2020,prophet,3.819,0.9713752383074463
UGA-fed(KEN+TZA),2019,1,unemployment,2020,prophet_graph,3.819,0.9713752383074463
UGA-fed(KEN+TZA),2019,1,unemployment,2020,xgb_blind,3.819,0.7763270125745927
UGA-fed(KEN+TZA),2019,1,unemployment,2020,xgb_graph,3.819,0.7763270125745927
UGA-fed(KEN+TZA),2019,1,unemployment,2020,lgbm_blind,3.819,0.7763270125745927
UGA-fed(KEN+TZA),2019,1,unemployment,2020,lgbm_graph,3.819,0.7763270125745927
UGA-fed(KEN+TZA),2019,1,unemployment,2020,tft,3.819,0.7763270125745927
UGA-fed(KEN+TZA),2019,3,unemployment,2022,persistence,2.885,0.17200000000000015
UGA-fed(KEN+TZA),2019,3,unemployment,2022,arima,2.885,0.15652413322415182
UGA-fed(KEN+TZA),2019,3,unemployment,2022,prophet,2.885,0.0765999184347268
UGA-fed(KEN+TZA),2019,3,unemployment,2022,prophet_graph,2.885,0.0765999184347268
UGA-fed(KEN+TZA),2019,3,unemployment,2022,xgb_blind,2.885,0.15652413322415182
UGA-fed(KEN+TZA),2019,3,unemployment,2022,xgb_graph,2.885,0.15652413322415182
UGA-fed(KEN+TZA),2019,3,unemployment,2022,lgbm_blind,2.885,0.15652413322415182
UGA-fed(KEN+TZA),2019,3,unemployment,2022,lgbm_graph,2.885,0.15652413322415182
UGA-fed(KEN+TZA),2019,3,unemployment,2022,tft,2.885,0.15652413322415182
UGA-fed(KEN+TZA),2019,1,exports_gdp,2020,persistence,15.4147985397289,1.6942594770093997
UGA-fed(KEN+TZA),2019,1,exports_gdp,2020,arima,15.4147985397289,1.4635363541459974
UGA-fed(KEN+TZA),2019,1,exports_gdp,2020,prophet,15.4147985397289,2.2265103015536916
UGA-fed(KEN+TZA),2019,1,exports_gdp,2020,prophet_graph,15.4147985397289,0.7309083048755554
UGA-fed(KEN+TZA),2019,1,exports_gdp,2020,xgb_blind,15.4147985397289,1.4635363541459974
UGA-fed(KEN+TZA),2019,1,exports_gdp,2020,xgb_graph,15.4147985397289,1.4193403305103587
UGA-fed(KEN+TZA),2019,1,exports_gdp,2020,lgbm_blind,15.4147985397289,1.4635363541459974
UGA-fed(KEN+TZA),2019,1,exports_gdp,2020,lgbm_graph,15.4147985397289,2.1262816565365075
UGA-fed(KEN+TZA),2019,1,exports_gdp,2020,tft,15.4147985397289,1.4635363541459974
UGA-fed(KEN+TZA),2019,3,exports_gdp,2022,persistence,12.0219954333331,5.087062583405199
UGA-fed(KEN+TZA),2019,3,exports_gdp,2022,arima,12.0219954333331,4.879662316635791
UGA-fed(KEN+TZA),2019,3,exports_gdp,2022,prophet,12.0219954333331,6.207744317528384
UGA-fed(KEN+TZA),2019,3,exports_gdp,2022,prophet_graph,12.0219954333331,3.6402638442189676
UGA-fed(KEN+TZA),2019,3,exports_gdp,2022,xgb_blind,12.0219954333331,4.879662316635791
UGA-fed(KEN+TZA),2019,3,exports_gdp,2022,xgb_graph,12.0219954333331,3.4217425503705137
UGA-fed(KEN+TZA),2019,3,exports_gdp,2022,lgbm_blind,12.0219954333331,4.879662316635791
UGA-fed(KEN+TZA),2019,3,exports_gdp,2022,lgbm_graph,12.0219954333331,1.6499108966342586
UGA-fed(KEN+TZA),2019,3,exports_gdp,2022,tft,12.0219954333331,4.879662316635791
UGA-fed(KEN+TZA),2019,1,imports_gdp,2020,persistence,21.585893851908,0.6661020960971982
UGA-fed(KEN+TZA),2019,1,imports_gdp,2020,arima,21.585893851908,0.5406662406021283
UGA-fed(KEN+TZA),2019,1,imports_gdp,2020,prophet,21.585893851908,3.658738071145578
UGA-fed(KEN+TZA),2019,1,imports_gdp,2020,prophet_graph,21.585893851908,0.4461146154996136
UGA-fed(KEN+TZA),2019,1,imports_gdp,2020,xgb_blind,21.585893851908,0.5406662406021283
UGA-fed(KEN+TZA),2019,1,imports_gdp,2020,xgb_graph,21.585893851908,1.4577577289025463
UGA-fed(KEN+TZA),2019,1,imports_gdp,2020,lgbm_blind,21.585893851908,0.5406662406021283
UGA-fed(KEN+TZA),2019,1,imports_gdp,2020,lgbm_graph,21.585893851908,2.307811910757845
UGA-fed(KEN+TZA),2019,1,imports_gdp,2020,tft,21.585893851908,0.5406662406021283
UGA-fed(KEN+TZA),2019,3,imports_gdp,2022,persistence,22.4833064937607,0.2313105457555018
UGA-fed(KEN+TZA),2019,3,imports_gdp,2022,arima,22.4833064937607,0.33831009597277273
UGA-fed(KEN+TZA),2019,3,imports_gdp,2022,prophet,22.4833064937607,2.9553455943221536
UGA-fed(KEN+TZA),2019,3,imports_gdp,2022,prophet_graph,22.4833064937607,0.49829691684751864
UGA-fed(KEN+TZA),2019,3,imports_gdp,2022,xgb_blind,22.4833064937607,0.33831009597277273
UGA-fed(KEN+TZA),2019,3,imports_gdp,2022,xgb_graph,22.4833064937607,1.870305624009724
UGA-fed(KEN+TZA),2019,3,imports_gdp,2022,lgbm_blind,22.4833064937607,0.33831009597277273
UGA-fed(KEN+TZA),2019,3,imports_gdp,2022,lgbm_graph,22.4833064937607,1.468124639368277
UGA-fed(KEN+TZA),2019,3,imports_gdp,2022,tft,22.4833064937607,0.33831009597277273
UGA-fed(KEN+TZA),2019,1,current_account,2020,persistence,-9.56958764500258,2.12539690886591
UGA-fed(KEN+TZA),2019,1,current_account,2020,arima,-9.56958764500258,2.2455328019339147
UGA-fed(KEN+TZA),2019,1,current_account,2020,prophet,-9.56958764500258,4.089351814674027
UGA-fed(KEN+TZA),2019,1,current_account,2020,prophet_graph,-9.56958764500258,3.8764405177852517
UGA-fed(KEN+TZA),2019,1,current_account,2020,xgb_blind,-9.56958764500258,2.2455328019339147
UGA-fed(KEN+TZA),2019,1,current_account,2020,xgb_graph,-9.56958764500258,2.6430529922926187
UGA-fed(KEN+TZA),2019,1,current_account,2020,lgbm_blind,-9.56958764500258,2.2455328019339147
UGA-fed(KEN+TZA),2019,1,current_account,2020,lgbm_graph,-9.56958764500258,4.909517012899905
UGA-fed(KEN+TZA),2019,1,current_account,2020,tft,-9.56958764500258,2.2455328019339147
UGA-fed(KEN+TZA),2019,3,current_account,2022,persistence,-8.91897823001288,1.474787493876211
UGA-fed(KEN+TZA),2019,3,current_account,2022,arima,-8.91897823001288,1.5833681024102662
UGA-fed(KEN+TZA),2019,3,current_account,2022,prophet,-8.91897823001288,3.3390543610398042
UGA-fed(KEN+TZA),2019,3,current_account,2022,prophet_graph,-8.91897823001288,4.691950837033197
UGA-fed(KEN+TZA),2019,3,current_account,2022,xgb_blind,-8.91897823001288,1.5833681024102662
UGA-fed(KEN+TZA),2019,3,current_account,2022,xgb_graph,-8.91897823001288,2.9301252522601953
UGA-fed(KEN+TZA),2019,3,current_account,2022,lgbm_blind,-8.91897823001288,1.5833681024102662
UGA-fed(KEN+TZA),2019,3,current_account,2022,lgbm_graph,-8.91897823001288,4.232106366870121
UGA-fed(KEN+TZA),2019,3,current_account,2022,tft,-8.91897823001288,1.5833681024102662
UGA-fed(KEN+TZA),2019,1,real_interest_rate,2020,persistence,14.7478688039364,0.0
UGA-fed(KEN+TZA),2019,1,real_interest_rate,2020,arima,14.7478688039364,1.7763568394002505e-15
UGA-fed(KEN+TZA),2019,1,real_interest_rate,2020,prophet,14.7478688039364,1.7850428539572203
UGA-fed(KEN+TZA),2019,1,real_interest_rate,2020,prophet_graph,14.7478688039364,1.7850428539572203
UGA-fed(KEN+TZA),2019,1,real_interest_rate,2020,xgb_blind,14.7478688039364,1.7763568394002505e-15
UGA-fed(KEN+TZA),2019,1,real_interest_rate,2020,xgb_graph,14.7478688039364,1.7763568394002505e-15
UGA-fed(KEN+TZA),2019,1,real_interest_rate,2020,lgbm_blind,14.7478688039364,1.7763568394002505e-15
UGA-fed(KEN+TZA),2019,1,real_interest_rate,2020,lgbm_graph,14.7478688039364,1.7763568394002505e-15
UGA-fed(KEN+TZA),2019,1,real_interest_rate,2020,tft,14.7478688039364,1.7763568394002505e-15
UGA-fed(KEN+TZA),2019,3,real_interest_rate,2022,persistence,14.7478688039364,0.0
UGA-fed(KEN+TZA),2019,3,real_interest_rate,2022,arima,14.7478688039364,1.7763568394002505e-15
UGA-fed(KEN+TZA),2019,3,real_interest_rate,2022,prophet,14.7478688039364,2.4684364308190414
UGA-fed(KEN+TZA),2019,3,real_interest_rate,2022,prophet_graph,14.7478688039364,2.4684364308190414
UGA-fed(KEN+TZA),2019,3,real_interest_rate,2022,xgb_blind,14.7478688039364,1.7763568394002505e-15
UGA-fed(KEN+TZA),2019,3,real_interest_rate,2022,xgb_graph,14.7478688039364,1.7763568394002505e-15
UGA-fed(KEN+TZA),2019,3,real_interest_rate,2022,lgbm_blind,14.7478688039364,1.7763568394002505e-15
UGA-fed(KEN+TZA),2019,3,real_interest_rate,2022,lgbm_graph,14.7478688039364,1.7763568394002505e-15
UGA-fed(KEN+TZA),2019,3,real_interest_rate,2022,tft,14.7478688039364,1.7763568394002505e-15
UGA-fed(KEN+TZA),2019,1,broad_money,2020,persistence,22.731371239225,2.208315593347198
UGA-fed(KEN+TZA),2019,1,broad_money,2020,arima,22.731371239225,2.627298582586331
UGA-fed(KEN+TZA),2019,1,broad_money,2020,prophet,22.731371239225,0.8922822656250737
UGA-fed(KEN+TZA),2019,1,broad_money,2020,prophet_graph,22.731371239225,2.0588904451532706
UGA-fed(KEN+TZA),2019,1,broad_money,2020,xgb_blind,22.731371239225,2.627298582586331
UGA-fed(KEN+TZA),2019,1,broad_money,2020,xgb_graph,22.731371239225,2.298277214566795
UGA-fed(KEN+TZA),2019,1,broad_money,2020,lgbm_blind,22.731371239225,2.627298582586331
UGA-fed(KEN+TZA),2019,1,broad_money,2020,lgbm_graph,22.731371239225,6.108907716938749
UGA-fed(KEN+TZA),2019,1,broad_money,2020,tft,22.731371239225,2.627298582586331
UGA-fed(KEN+TZA),2019,3,broad_money,2022,persistence,22.0303983664876,1.507342720609799
UGA-fed(KEN+TZA),2019,3,broad_money,2022,arima,22.0303983664876,1.8277292541228682
UGA-fed(KEN+TZA),2019,3,broad_money,2022,prophet,22.0303983664876,0.5206047061554884
UGA-fed(KEN+TZA),2019,3,broad_money,2022,prophet_graph,22.0303983664876,0.6775753284488708
UGA-fed(KEN+TZA),2019,3,broad_money,2022,xgb_blind,22.0303983664876,1.8277292541228682
UGA-fed(KEN+TZA),2019,3,broad_money,2022,xgb_graph,22.0303983664876,3.926682469881154
UGA-fed(KEN+TZA),2019,3,broad_money,2022,lgbm_blind,22.0303983664876,1.8277292541228682
UGA-fed(KEN+TZA),2019,3,broad_money,2022,lgbm_graph,22.0303983664876,4.85342392863269
UGA-fed(KEN+TZA),2019,3,broad_money,2022,tft,22.0303983664876,1.8277292541228682
UGA-fed(KEN+TZA),2019,1,govt_consumption,2020,persistence,9.51141446504173,0.736853152913989
UGA-fed(KEN+TZA),2019,1,govt_consumption,2020,arima,9.51141446504173,0.7653454461162177
UGA-fed(KEN+TZA),2019,1,govt_consumption,2020,prophet,9.51141446504173,0.21540358311762198
UGA-fed(KEN+TZA),2019,1,govt_consumption,2020,prophet_graph,9.51141446504173,0.16812709636381662
UGA-fed(KEN+TZA),2019,1,govt_consumption,2020,xgb_blind,9.51141446504173,0.7653454461162177
UGA-fed(KEN+TZA),2019,1,govt_consumption,2020,xgb_graph,9.51141446504173,1.184761938186261
UGA-fed(KEN+TZA),2019,1,govt_consumption,2020,lgbm_blind,9.51141446504173,0.7653454461162177
UGA-fed(KEN+TZA),2019,1,govt_consumption,2020,lgbm_graph,9.51141446504173,1.7528823954887294
UGA-fed(KEN+TZA),2019,1,govt_consumption,2020,tft,9.51141446504173,0.7653454461162177
UGA-fed(KEN+TZA),2019,3,govt_consumption,2022,persistence,9.78726680444974,1.0127054923219987
UGA-fed(KEN+TZA),2019,3,govt_consumption,2022,arima,9.78726680444974,1.0365418720053299
UGA-fed(KEN+TZA),2019,3,govt_consumption,2022,prophet,9.78726680444974,0.7291989683457416
UGA-fed(KEN+TZA),2019,3,govt_consumption,2022,prophet_graph,9.78726680444974,0.5439042611877412
UGA-fed(KEN+TZA),2019,3,govt_consumption,2022,xgb_blind,9.78726680444974,1.0365418720053299
UGA-fed(KEN+TZA),2019,3,govt_consumption,2022,xgb_graph,9.78726680444974,2.292745186560335
UGA-fed(KEN+TZA),2019,3,govt_consumption,2022,lgbm_blind,9.78726680444974,1.0365418720053299
UGA-fed(KEN+TZA),2019,3,govt_consumption,2022,lgbm_graph,9.78726680444974,1.626345702558
UGA-fed(KEN+TZA),2019,3,govt_consumption,2022,tft,9.78726680444974,1.0365418720053299
UGA-fed(KEN+TZA),2020,1,gdp_growth,2021,persistence,3.53658034070898,0.5852739185279998
UGA-fed(KEN+TZA),2020,1,gdp_growth,2021,arima,3.53658034070898,0.8674553810834809
UGA-fed(KEN+TZA),2020,1,gdp_growth,2021,prophet,3.53658034070898,1.7278348085561204
UGA-fed(KEN+TZA),2020,1,gdp_growth,2021,prophet_graph,3.53658034070898,1.7278348085561204
UGA-fed(KEN+TZA),2020,1,gdp_growth,2021,xgb_blind,3.53658034070898,0.8674553810834809
UGA-fed(KEN+TZA),2020,1,gdp_growth,2021,xgb_graph,3.53658034070898,0.8674553810834809
UGA-fed(KEN+TZA),2020,1,gdp_growth,2021,lgbm_blind,3.53658034070898,0.8674553810834809
UGA-fed(KEN+TZA),2020,1,gdp_growth,2021,lgbm_graph,3.53658034070898,0.8674553810834809
UGA-fed(KEN+TZA),2020,1,gdp_growth,2021,tft,3.53658034070898,0.8674553810834809
UGA-fed(KEN+TZA),2020,3,gdp_growth,2023,persistence,5.33697295511469,2.3856665329337097
UGA-fed(KEN+TZA),2020,3,gdp_growth,2023,arima,5.33697295511469,1.286005447615553
UGA-fed(KEN+TZA),2020,3,gdp_growth,2023,prophet,5.33697295511469,0.206972279824436
UGA-fed(KEN+TZA),2020,3,gdp_growth,2023,prophet_graph,5.33697295511469,0.206972279824436
UGA-fed(KEN+TZA),2020,3,gdp_growth,2023,xgb_blind,5.33697295511469,1.286005447615553
UGA-fed(KEN+TZA),2020,3,gdp_growth,2023,xgb_graph,5.33697295511469,1.286005447615553
UGA-fed(KEN+TZA),2020,3,gdp_growth,2023,lgbm_blind,5.33697295511469,1.286005447615553
UGA-fed(KEN+TZA),2020,3,gdp_growth,2023,lgbm_graph,5.33697295511469,1.286005447615553
UGA-fed(KEN+TZA),2020,3,gdp_growth,2023,tft,5.33697295511469,1.286005447615553
UGA-fed(KEN+TZA),2020,1,unemployment,2021,persistence,3.416,0.403
UGA-fed(KEN+TZA),2020,1,unemployment,2021,arima,3.416,0.4405668581336948
UGA-fed(KEN+TZA),2020,1,unemployment,2021,prophet,3.416,0.46230772807654796
UGA-fed(KEN+TZA),2020,1,unemployment,2021,prophet_graph,3.416,0.46230772807654796
UGA-fed(KEN+TZA),2020,1,unemployment,2021,xgb_blind,3.416,0.4405668581336948
UGA-fed(KEN+TZA),2020,1,unemployment,2021,xgb_graph,3.416,0.4405668581336948
UGA-fed(KEN+TZA),2020,1,unemployment,2021,lgbm_blind,3.416,0.4405668581336948
UGA-fed(KEN+TZA),2020,1,unemployment,2021,lgbm_graph,3.416,0.4405668581336948
UGA-fed(KEN+TZA),2020,1,unemployment,2021,tft,3.416,0.4405668581336948
UGA-fed(KEN+TZA),2020,3,unemployment,2023,persistence,2.754,1.065
UGA-fed(KEN+TZA),2020,3,unemployment,2023,arima,2.754,1.1045102240935858
UGA-fed(KEN+TZA),2020,3,unemployment,2023,prophet,2.754,0.17228950903489348
UGA-fed(KEN+TZA),2020,3,unemployment,2023,prophet_graph,2.754,0.17228950903489348
UGA-fed(KEN+TZA),2020,3,unemployment,2023,xgb_blind,2.754,1.1045102240935858
UGA-fed(KEN+TZA),2020,3,unemployment,2023,xgb_graph,2.754,1.1045102240935858
UGA-fed(KEN+TZA),2020,3,unemployment,2023,lgbm_blind,2.754,1.1045102240935858
UGA-fed(KEN+TZA),2020,3,unemployment,2023,lgbm_graph,2.754,1.1045102240935858
UGA-fed(KEN+TZA),2020,3,unemployment,2023,tft,2.754,1.1045102240935858
UGA-fed(KEN+TZA),2020,1,exports_gdp,2021,persistence,15.7810081695276,0.36620962979870164
UGA-fed(KEN+TZA),2020,1,exports_gdp,2021,arima,15.7810081695276,0.14880530489296184
UGA-fed(KEN+TZA),2020,1,exports_gdp,2021,prophet,15.7810081695276,1.891273497618469
UGA-fed(KEN+TZA),2020,1,exports_gdp,2021,prophet_graph,15.7810081695276,0.7487710867542337
UGA-fed(KEN+TZA),2020,1,exports_gdp,2021,xgb_blind,15.7810081695276,0.14880530489296184
UGA-fed(KEN+TZA),2020,1,exports_gdp,2021,xgb_graph,15.7810081695276,4.067884042386462
UGA-fed(KEN+TZA),2020,1,exports_gdp,2021,lgbm_blind,15.7810081695276,0.14880530489296184
UGA-fed(KEN+TZA),2020,1,exports_gdp,2021,lgbm_graph,15.7810081695276,2.4216152245558806
UGA-fed(KEN+TZA),2020,1,exports_gdp,2021,tft,15.7810081695276,0.14880530489296184
UGA-fed(KEN+TZA),2020,3,exports_gdp,2023,persistence,11.6017089255499,3.813089614178999
UGA-fed(KEN+TZA),2020,3,exports_gdp,2023,arima,11.6017089255499,4.006176691639423
UGA-fed(KEN+TZA),2020,3,exports_gdp,2023,prophet,11.6017089255499,6.634136492180669
UGA-fed(KEN+TZA),2020,3,exports_gdp,2023,prophet_graph,11.6017089255499,4.524894958326968
UGA-fed(KEN+TZA),2020,3,exports_gdp,2023,xgb_blind,11.6017089255499,4.006176691639423
UGA-fed(KEN+TZA),2020,3,exports_gdp,2023,xgb_graph,11.6017089255499,2.441823445971096
UGA-fed(KEN+TZA),2020,3,exports_gdp,2023,lgbm_blind,11.6017089255499,4.006176691639423
UGA-fed(KEN+TZA),2020,3,exports_gdp,2023,lgbm_graph,11.6017089255499,2.1324435617962045
UGA-fed(KEN+TZA),2020,3,exports_gdp,2023,tft,11.6017089255499,4.006176691639423
UGA-fed(KEN+TZA),2020,1,imports_gdp,2021,persistence,25.9326225729506,4.346728721042599
UGA-fed(KEN+TZA),2020,1,imports_gdp,2021,arima,25.9326225729506,4.226171789408458
UGA-fed(KEN+TZA),2020,1,imports_gdp,2021,prophet,25.9326225729506,1.0375850670181528
UGA-fed(KEN+TZA),2020,1,imports_gdp,2021,prophet_graph,25.9326225729506,3.026035672660626
UGA-fed(KEN+TZA),2020,1,imports_gdp,2021,xgb_blind,25.9326225729506,4.226171789408458
UGA-fed(KEN+TZA),2020,1,imports_gdp,2021,xgb_graph,25.9326225729506,1.5933643789808727
UGA-fed(KEN+TZA),2020,1,imports_gdp,2021,lgbm_blind,25.9326225729506,4.226171789408458
UGA-fed(KEN+TZA),2020,1,imports_gdp,2021,lgbm_graph,25.9326225729506,2.115843881340897
UGA-fed(KEN+TZA),2020,1,imports_gdp,2021,tft,25.9326225729506,4.226171789408458
UGA-fed(KEN+TZA),2020,3,imports_gdp,2023,persistence,21.739987404672,0.1540935527639995
UGA-fed(KEN+TZA),2020,3,imports_gdp,2023,arima,21.739987404672,0.051406988557292976
UGA-fed(KEN+TZA),2020,3,imports_gdp,2023,prophet,21.739987404672,3.306295816294753
UGA-fed(KEN+TZA),2020,3,imports_gdp,2023,prophet_graph,21.739987404672,2.0477560980089784
UGA-fed(KEN+TZA),2020,3,imports_gdp,2023,xgb_blind,21.739987404672,0.051406988557292976
UGA-fed(KEN+TZA),2020,3,imports_gdp,2023,xgb_graph,21.739987404672,0.45380118641028133
UGA-fed(KEN+TZA),2020,3,imports_gdp,2023,lgbm_blind,21.739987404672,0.051406988557292976
UGA-fed(KEN+TZA),2020,3,imports_gdp,2023,lgbm_graph,21.739987404672,2.1269602462374237
UGA-fed(KEN+TZA),2020,3,imports_gdp,2023,tft,21.739987404672,0.051406988557292976
UGA-fed(KEN+TZA),2020,1,current_account,2021,persistence,-8.8944875833578,0.6751000616447804
UGA-fed(KEN+TZA),2020,1,current_account,2021,arima,-8.8944875833578,0.4989207442352992
UGA-fed(KEN+TZA),2020,1,current_account,2021,prophet,-8.8944875833578,2.8391578428548723
UGA-fed(KEN+TZA),2020,1,current_account,2021,prophet_graph,-8.8944875833578,2.358586954715138
UGA-fed(KEN+TZA),2020,1,current_account,2021,xgb_blind,-8.8944875833578,0.4989207442352992
UGA-fed(KEN+TZA),2020,1,current_account,2021,xgb_graph,-8.8944875833578,1.3558570978231312
UGA-fed(KEN+TZA),2020,1,current_account,2021,lgbm_blind,-8.8944875833578,0.4989207442352992
UGA-fed(KEN+TZA),2020,1,current_account,2021,lgbm_graph,-8.8944875833578,4.070766382074563
UGA-fed(KEN+TZA),2020,1,current_account,2021,tft,-8.8944875833578,0.4989207442352992
UGA-fed(KEN+TZA),2020,3,current_account,2023,persistence,-7.43279149697522,2.1367961480273596
UGA-fed(KEN+TZA),2020,3,current_account,2023,arima,-7.43279149697522,1.9740102071664118
UGA-fed(KEN+TZA),2020,3,current_account,2023,prophet,-7.43279149697522,1.2288972380090248
UGA-fed(KEN+TZA),2020,3,current_account,2023,prophet_graph,-7.43279149697522,2.265426038913244
UGA-fed(KEN+TZA),2020,3,current_account,2023,xgb_blind,-7.43279149697522,1.9740102071664118
UGA-fed(KEN+TZA),2020,3,current_account,2023,xgb_graph,-7.43279149697522,0.6808855278660886
UGA-fed(KEN+TZA),2020,3,current_account,2023,lgbm_blind,-7.43279149697522,1.9740102071664118
UGA-fed(KEN+TZA),2020,3,current_account,2023,lgbm_graph,-7.43279149697522,2.571536925104718
UGA-fed(KEN+TZA),2020,3,current_account,2023,tft,-7.43279149697522,1.9740102071664118
UGA-fed(KEN+TZA),2020,1,real_interest_rate,2021,persistence,14.7478688039364,0.0
UGA-fed(KEN+TZA),2020,1,real_interest_rate,2021,arima,14.7478688039364,0.0
UGA-fed(KEN+TZA),2020,1,real_interest_rate,2021,prophet,14.7478688039364,1.8966919242526448
UGA-fed(KEN+TZA),2020,1,real_interest_rate,2021,prophet_graph,14.7478688039364,1.8966919242526448
UGA-fed(KEN+TZA),2020,1,real_interest_rate,2021,xgb_blind,14.7478688039364,0.0
UGA-fed(KEN+TZA),2020,1,real_interest_rate,2021,xgb_graph,14.7478688039364,0.0
UGA-fed(KEN+TZA),2020,1,real_interest_rate,2021,lgbm_blind,14.7478688039364,0.0
UGA-fed(KEN+TZA),2020,1,real_interest_rate,2021,lgbm_graph,14.7478688039364,0.0
UGA-fed(KEN+TZA),2020,1,real_interest_rate,2021,tft,14.7478688039364,0.0
UGA-fed(KEN+TZA),2020,3,real_interest_rate,2023,persistence,14.7478688039364,0.0
UGA-fed(KEN+TZA),2020,3,real_interest_rate,2023,arima,14.7478688039364,0.0
UGA-fed(KEN+TZA),2020,3,real_interest_rate,2023,prophet,14.7478688039364,2.5576845342161274
UGA-fed(KEN+TZA),2020,3,real_interest_rate,2023,prophet_graph,14.7478688039364,2.5576845342161274
UGA-fed(KEN+TZA),2020,3,real_interest_rate,2023,xgb_blind,14.7478688039364,0.0
UGA-fed(KEN+TZA),2020,3,real_interest_rate,2023,xgb_graph,14.7478688039364,0.0
UGA-fed(KEN+TZA),2020,3,real_interest_rate,2023,lgbm_blind,14.7478688039364,0.0
UGA-fed(KEN+TZA),2020,3,real_interest_rate,2023,lgbm_graph,14.7478688039364,0.0
UGA-fed(KEN+TZA),2020,3,real_interest_rate,2023,tft,14.7478688039364,0.0
UGA-fed(KEN+TZA),2020,1,broad_money,2021,persistence,22.4880935076946,0.243277731530398
UGA-fed(KEN+TZA),2020,1,broad_money,2021,arima,22.4880935076946,0.5510721392900564
UGA-fed(KEN+TZA),2020,1,broad_money,2021,prophet,22.4880935076946,0.15274186784145982
UGA-fed(KEN+TZA),2020,1,broad_money,2021,prophet_graph,22.4880935076946,0.3073769573456353
UGA-fed(KEN+TZA),2020,1,broad_money,2021,xgb_blind,22.4880935076946,0.5510721392900564
UGA-fed(KEN+TZA),2020,1,broad_money,2021,xgb_graph,22.4880935076946,2.4930335406535846
UGA-fed(KEN+TZA),2020,1,broad_money,2021,lgbm_blind,22.4880935076946,0.5510721392900564
UGA-fed(KEN+TZA),2020,1,broad_money,2021,lgbm_graph,22.4880935076946,5.6619997386211125
UGA-fed(KEN+TZA),2020,1,broad_money,2021,tft,22.4880935076946,0.5510721392900564
UGA-fed(KEN+TZA),2020,3,broad_money,2023,persistence,21.6816047396201,1.0497664996048996
UGA-fed(KEN+TZA),2020,3,broad_money,2023,arima,21.6816047396201,0.4383699347909804
UGA-fed(KEN+TZA),2020,3,broad_money,2023,prophet,21.6816047396201,1.3818158954065716
UGA-fed(KEN+TZA),2020,3,broad_money,2023,prophet_graph,21.6816047396201,1.1960231373717853
UGA-fed(KEN+TZA),2020,3,broad_money,2023,xgb_blind,21.6816047396201,0.4383699347909804
UGA-fed(KEN+TZA),2020,3,broad_money,2023,xgb_graph,21.6816047396201,1.1686671938437314
UGA-fed(KEN+TZA),2020,3,broad_money,2023,lgbm_blind,21.6816047396201,0.4383699347909804
UGA-fed(KEN+TZA),2020,3,broad_money,2023,lgbm_graph,21.6816047396201,4.306258998620603
UGA-fed(KEN+TZA),2020,3,broad_money,2023,tft,21.6816047396201,0.4383699347909804
UGA-fed(KEN+TZA),2020,1,govt_consumption,2021,persistence,9.93159612659213,0.4201816615503997
UGA-fed(KEN+TZA),2020,1,govt_consumption,2021,arima,9.93159612659213,0.571469219088371
UGA-fed(KEN+TZA),2020,1,govt_consumption,2021,prophet,9.93159612659213,0.7282309112754852
UGA-fed(KEN+TZA),2020,1,govt_consumption,2021,prophet_graph,9.93159612659213,0.833198394746093
UGA-fed(KEN+TZA),2020,1,govt_consumption,2021,xgb_blind,9.93159612659213,0.571469219088371
UGA-fed(KEN+TZA),2020,1,govt_consumption,2021,xgb_graph,9.93159612659213,1.6495822334646881
UGA-fed(KEN+TZA),2020,1,govt_consumption,2021,lgbm_blind,9.93159612659213,0.571469219088371
UGA-fed(KEN+TZA),2020,1,govt_consumption,2021,lgbm_graph,9.93159612659213,1.2742713228504154
UGA-fed(KEN+TZA),2020,1,govt_consumption,2021,tft,9.93159612659213,0.571469219088371
UGA-fed(KEN+TZA),2020,3,govt_consumption,2023,persistence,9.56616058785446,0.05474612281273039
UGA-fed(KEN+TZA),2020,3,govt_consumption,2023,arima,9.56616058785446,0.18134942202999937
UGA-fed(KEN+TZA),2020,3,govt_consumption,2023,prophet,9.56616058785446,0.5979505480156746
UGA-fed(KEN+TZA),2020,3,govt_consumption,2023,prophet_graph,9.56616058785446,0.44592802726686287
UGA-fed(KEN+TZA),2020,3,govt_consumption,2023,xgb_blind,9.56616058785446,0.18134942202999937
UGA-fed(KEN+TZA),2020,3,govt_consumption,2023,xgb_graph,9.56616058785446,0.1545957608891282
UGA-fed(KEN+TZA),2020,3,govt_consumption,2023,lgbm_blind,9.56616058785446,0.18134942202999937
UGA-fed(KEN+TZA),2020,3,govt_consumption,2023,lgbm_graph,9.56616058785446,1.7795162770420418
UGA-fed(KEN+TZA),2020,3,govt_consumption,2023,tft,9.56616058785446,0.18134942202999937
UGA-fed(KEN+TZA),2021,1,gdp_growth,2022,persistence,4.58802192181773,1.05144158110875
UGA-fed(KEN+TZA),2021,1,gdp_growth,2022,arima,4.58802192181773,1.2883948383578607
UGA-fed(KEN+TZA),2021,1,gdp_growth,2022,prophet,4.58802192181773,0.3906828555279329
UGA-fed(KEN+TZA),2021,1,gdp_growth,2022,prophet_graph,4.58802192181773,0.3906828555279329
UGA-fed(KEN+TZA),2021,1,gdp_growth,2022,xgb_blind,4.58802192181773,1.2883948383578607
UGA-fed(KEN+TZA),2021,1,gdp_growth,2022,xgb_graph,4.58802192181773,1.2883948383578607
UGA-fed(KEN+TZA),2021,1,gdp_growth,2022,lgbm_blind,4.58802192181773,1.2883948383578607
UGA-fed(KEN+TZA),2021,1,gdp_growth,2022,lgbm_graph,4.58802192181773,1.2883948383578607
UGA-fed(KEN+TZA),2021,1,gdp_growth,2022,tft,4.58802192181773,1.2883948383578607
UGA-fed(KEN+TZA),2021,1,unemployment,2022,persistence,2.885,0.5310000000000001
UGA-fed(KEN+TZA),2021,1,unemployment,2022,arima,2.885,0.5319582982522273
UGA-fed(KEN+TZA),2021,1,unemployment,2022,prophet,2.885,0.1122078793515513
UGA-fed(KEN+TZA),2021,1,unemployment,2022,prophet_graph,2.885,0.1122078793515513
UGA-fed(KEN+TZA),2021,1,unemployment,2022,xgb_blind,2.885,0.5319582982522273
UGA-fed(KEN+TZA),2021,1,unemployment,2022,xgb_graph,2.885,0.5319582982522273
UGA-fed(KEN+TZA),2021,1,unemployment,2022,lgbm_blind,2.885,0.5319582982522273
UGA-fed(KEN+TZA),2021,1,unemployment,2022,lgbm_graph,2.885,0.5319582982522273
UGA-fed(KEN+TZA),2021,1,unemployment,2022,tft,2.885,0.5319582982522273
UGA-fed(KEN+TZA),2021,1,exports_gdp,2022,persistence,12.0219954333331,3.759012736194501
UGA-fed(KEN+TZA),2021,1,exports_gdp,2022,arima,12.0219954333331,3.7115377731318
UGA-fed(KEN+TZA),2021,1,exports_gdp,2022,prophet,12.0219954333331,5.685182549046292
UGA-fed(KEN+TZA),2021,1,exports_gdp,2022,prophet_graph,12.0219954333331,6.18890551222087
UGA-fed(KEN+TZA),2021,1,exports_gdp,2022,xgb_blind,12.0219954333331,3.7115377731318
UGA-fed(KEN+TZA),2021,1,exports_gdp,2022,xgb_graph,12.0219954333331,3.668891064164459
UGA-fed(KEN+TZA),2021,1,exports_gdp,2022,lgbm_blind,12.0219954333331,3.7115377731318
UGA-fed(KEN+TZA),2021,1,exports_gdp,2022,lgbm_graph,12.0219954333331,1.4155141187919078
UGA-fed(KEN+TZA),2021,1,exports_gdp,2022,tft,12.0219954333331,3.7115377731318
UGA-fed(KEN+TZA),2021,1,imports_gdp,2022,persistence,22.4833064937607,3.4493160791898987
UGA-fed(KEN+TZA),2021,1,imports_gdp,2022,arima,22.4833064937607,2.6072363219642973
UGA-fed(KEN+TZA),2021,1,imports_gdp,2022,prophet,22.4833064937607,2.6177506756546123
UGA-fed(KEN+TZA),2021,1,imports_gdp,2022,prophet_graph,22.4833064937607,0.29263311886197485
UGA-fed(KEN+TZA),2021,1,imports_gdp,2022,xgb_blind,22.4833064937607,2.6072363219642973
UGA-fed(KEN+TZA),2021,1,imports_gdp,2022,xgb_graph,22.4833064937607,3.683128747938518
UGA-fed(KEN+TZA),2021,1,imports_gdp,2022,lgbm_blind,22.4833064937607,2.6072363219642973
UGA-fed(KEN+TZA),2021,1,imports_gdp,2022,lgbm_graph,22.4833064937607,1.4017252371372635
UGA-fed(KEN+TZA),2021,1,imports_gdp,2022,tft,22.4833064937607,2.6072363219642973
UGA-fed(KEN+TZA),2021,1,current_account,2022,persistence,-8.91897823001288,0.024490646655081605
UGA-fed(KEN+TZA),2021,1,current_account,2022,arima,-8.91897823001288,0.038337713506459536
UGA-fed(KEN+TZA),2021,1,current_account,2022,prophet,-8.91897823001288,2.434497126332557
UGA-fed(KEN+TZA),2021,1,current_account,2022,prophet_graph,-8.91897823001288,0.19940811015463744
UGA-fed(KEN+TZA),2021,1,current_account,2022,xgb_blind,-8.91897823001288,0.038337713506459536
UGA-fed(KEN+TZA),2021,1,current_account,2022,xgb_graph,-8.91897823001288,0.4171567120685449
UGA-fed(KEN+TZA),2021,1,current_account,2022,lgbm_blind,-8.91897823001288,0.038337713506459536
UGA-fed(KEN+TZA),2021,1,current_account,2022,lgbm_graph,-8.91897823001288,3.963941990674863
UGA-fed(KEN+TZA),2021,1,current_account,2022,tft,-8.91897823001288,0.038337713506459536
UGA-fed(KEN+TZA),2021,1,real_interest_rate,2022,persistence,14.7478688039364,0.0
UGA-fed(KEN+TZA),2021,1,real_interest_rate,2022,arima,14.7478688039364,0.0
UGA-fed(KEN+TZA),2021,1,real_interest_rate,2022,prophet,14.7478688039364,1.989380453870714
UGA-fed(KEN+TZA),2021,1,real_interest_rate,2022,prophet_graph,14.7478688039364,1.989380453870714
UGA-fed(KEN+TZA),2021,1,real_interest_rate,2022,xgb_blind,14.7478688039364,0.0
UGA-fed(KEN+TZA),2021,1,real_interest_rate,2022,xgb_graph,14.7478688039364,0.0
UGA-fed(KEN+TZA),2021,1,real_interest_rate,2022,lgbm_blind,14.7478688039364,0.0
UGA-fed(KEN+TZA),2021,1,real_interest_rate,2022,lgbm_graph,14.7478688039364,0.0
UGA-fed(KEN+TZA),2021,1,real_interest_rate,2022,tft,14.7478688039364,0.0
UGA-fed(KEN+TZA),2021,1,broad_money,2022,persistence,22.0303983664876,0.45769514120700094
UGA-fed(KEN+TZA),2021,1,broad_money,2022,arima,22.0303983664876,0.5434173167195091
UGA-fed(KEN+TZA),2021,1,broad_money,2022,prophet,22.0303983664876,0.6708285666117462
UGA-fed(KEN+TZA),2021,1,broad_money,2022,prophet_graph,22.0303983664876,1.1339397653812533
UGA-fed(KEN+TZA),2021,1,broad_money,2022,xgb_blind,22.0303983664876,0.5434173167195091
UGA-fed(KEN+TZA),2021,1,broad_money,2022,xgb_graph,22.0303983664876,0.2290983176594743
UGA-fed(KEN+TZA),2021,1,broad_money,2022,lgbm_blind,22.0303983664876,0.5434173167195091
UGA-fed(KEN+TZA),2021,1,broad_money,2022,lgbm_graph,22.0303983664876,5.021659418034741
UGA-fed(KEN+TZA),2021,1,broad_money,2022,tft,22.0303983664876,0.5434173167195091
UGA-fed(KEN+TZA),2021,1,govt_consumption,2022,persistence,9.78726680444974,0.14432932214239003
UGA-fed(KEN+TZA),2021,1,govt_consumption,2022,arima,9.78726680444974,0.05901894486399328
UGA-fed(KEN+TZA),2021,1,govt_consumption,2022,prophet,9.78726680444974,0.6142178839882728
UGA-fed(KEN+TZA),2021,1,govt_consumption,2022,prophet_graph,9.78726680444974,0.6702649469134716
UGA-fed(KEN+TZA),2021,1,govt_consumption,2022,xgb_blind,9.78726680444974,0.05901894486399328
UGA-fed(KEN+TZA),2021,1,govt_consumption,2022,xgb_graph,9.78726680444974,0.08936317133206373
UGA-fed(KEN+TZA),2021,1,govt_consumption,2022,lgbm_blind,9.78726680444974,0.05901894486399328
UGA-fed(KEN+TZA),2021,1,govt_consumption,2022,lgbm_graph,9.78726680444974,1.3774951079884374
UGA-fed(KEN+TZA),2021,1,govt_consumption,2022,tft,9.78726680444974,0.05901894486399328
UGA-fed(KEN+TZA),2022,1,gdp_growth,2023,persistence,5.33697295511469,0.7489510332969598
UGA-fed(KEN+TZA),2022,1,gdp_growth,2023,arima,5.33697295511469,1.1717712583338873
UGA-fed(KEN+TZA),2022,1,gdp_growth,2023,prophet,5.33697295511469,0.48503729559250885
UGA-fed(KEN+TZA),2022,1,gdp_growth,2023,prophet_graph,5.33697295511469,0.48503729559250885
UGA-fed(KEN+TZA),2022,1,gdp_growth,2023,xgb_blind,5.33697295511469,1.1717712583338873
UGA-fed(KEN+TZA),2022,1,gdp_growth,2023,xgb_graph,5.33697295511469,1.1717712583338873
UGA-fed(KEN+TZA),2022,1,gdp_growth,2023,lgbm_blind,5.33697295511469,1.1717712583338873
UGA-fed(KEN+TZA),2022,1,gdp_growth,2023,lgbm_graph,5.33697295511469,1.1717712583338873
UGA-fed(KEN+TZA),2022,1,gdp_growth,2023,tft,5.33697295511469,1.1717712583338873
UGA-fed(KEN+TZA),2022,1,unemployment,2023,persistence,2.754,0.13099999999999978
UGA-fed(KEN+TZA),2022,1,unemployment,2023,arima,2.754,0.11515642665776182
UGA-fed(KEN+TZA),2022,1,unemployment,2023,prophet,2.754,0.22296853189860943
UGA-fed(KEN+TZA),2022,1,unemployment,2023,prophet_graph,2.754,0.22296853189860943
UGA-fed(KEN+TZA),2022,1,unemployment,2023,xgb_blind,2.754,0.11515642665776182
UGA-fed(KEN+TZA),2022,1,unemployment,2023,xgb_graph,2.754,0.11515642665776182
UGA-fed(KEN+TZA),2022,1,unemployment,2023,lgbm_blind,2.754,0.11515642665776182
UGA-fed(KEN+TZA),2022,1,unemployment,2023,lgbm_graph,2.754,0.11515642665776182
UGA-fed(KEN+TZA),2022,1,unemployment,2023,tft,2.754,0.11515642665776182
UGA-fed(KEN+TZA),2022,1,exports_gdp,2023,persistence,11.6017089255499,0.4202865077831994
UGA-fed(KEN+TZA),2022,1,exports_gdp,2023,arima,11.6017089255499,0.9311063957046315
UGA-fed(KEN+TZA),2022,1,exports_gdp,2023,prophet,11.6017089255499,5.699348614294276
UGA-fed(KEN+TZA),2022,1,exports_gdp,2023,prophet_graph,11.6017089255499,3.812972890014585
UGA-fed(KEN+TZA),2022,1,exports_gdp,2023,xgb_blind,11.6017089255499,0.9311063957046315
UGA-fed(KEN+TZA),2022,1,exports_gdp,2023,xgb_graph,11.6017089255499,4.506815396959865
UGA-fed(KEN+TZA),2022,1,exports_gdp,2023,lgbm_blind,11.6017089255499,0.9311063957046315
UGA-fed(KEN+TZA),2022,1,exports_gdp,2023,lgbm_graph,11.6017089255499,1.791565813834751
UGA-fed(KEN+TZA),2022,1,exports_gdp,2023,tft,11.6017089255499,0.9311063957046315
UGA-fed(KEN+TZA),2022,1,imports_gdp,2023,persistence,21.739987404672,0.7433190890887005
UGA-fed(KEN+TZA),2022,1,imports_gdp,2023,arima,21.739987404672,1.5779951228108082
UGA-fed(KEN+TZA),2022,1,imports_gdp,2023,prophet,21.739987404672,3.132797766146304
UGA-fed(KEN+TZA),2022,1,imports_gdp,2023,prophet_graph,21.739987404672,0.007828328576842125
UGA-fed(KEN+TZA),2022,1,imports_gdp,2023,xgb_blind,21.739987404672,1.5779951228108082
UGA-fed(KEN+TZA),2022,1,imports_gdp,2023,xgb_graph,21.739987404672,2.188874213369992
UGA-fed(KEN+TZA),2022,1,imports_gdp,2023,lgbm_blind,21.739987404672,1.5779951228108082
UGA-fed(KEN+TZA),2022,1,imports_gdp,2023,lgbm_graph,21.739987404672,2.1012404247843293
UGA-fed(KEN+TZA),2022,1,imports_gdp,2023,tft,21.739987404672,1.5779951228108082
UGA-fed(KEN+TZA),2022,1,current_account,2023,persistence,-7.43279149697522,1.4861867330376608
UGA-fed(KEN+TZA),2022,1,current_account,2023,arima,-7.43279149697522,1.4839112928872797
UGA-fed(KEN+TZA),2022,1,current_account,2023,prophet,-7.43279149697522,0.5623507774978789
UGA-fed(KEN+TZA),2022,1,current_account,2023,prophet_graph,-7.43279149697522,0.2203319380588038
UGA-fed(KEN+TZA),2022,1,current_account,2023,xgb_blind,-7.43279149697522,1.4839112928872797
UGA-fed(KEN+TZA),2022,1,current_account,2023,xgb_graph,-7.43279149697522,1.4086925728489987
UGA-fed(KEN+TZA),2022,1,current_account,2023,lgbm_blind,-7.43279149697522,1.4839112928872797
UGA-fed(KEN+TZA),2022,1,current_account,2023,lgbm_graph,-7.43279149697522,2.353882056019607
UGA-fed(KEN+TZA),2022,1,current_account,2023,tft,-7.43279149697522,1.4839112928872797
UGA-fed(KEN+TZA),2022,1,real_interest_rate,2023,persistence,14.7478688039364,0.0
UGA-fed(KEN+TZA),2022,1,real_interest_rate,2023,arima,14.7478688039364,0.0
UGA-fed(KEN+TZA),2022,1,real_interest_rate,2023,prophet,14.7478688039364,2.089034290534565
UGA-fed(KEN+TZA),2022,1,real_interest_rate,2023,prophet_graph,14.7478688039364,2.089034290534565
UGA-fed(KEN+TZA),2022,1,real_interest_rate,2023,xgb_blind,14.7478688039364,0.0
UGA-fed(KEN+TZA),2022,1,real_interest_rate,2023,xgb_graph,14.7478688039364,0.0
UGA-fed(KEN+TZA),2022,1,real_interest_rate,2023,lgbm_blind,14.7478688039364,0.0
UGA-fed(KEN+TZA),2022,1,real_interest_rate,2023,lgbm_graph,14.7478688039364,0.0
UGA-fed(KEN+TZA),2022,1,real_interest_rate,2023,tft,14.7478688039364,0.0
UGA-fed(KEN+TZA),2022,1,broad_money,2023,persistence,21.6816047396201,0.3487936268675007
UGA-fed(KEN+TZA),2022,1,broad_money,2023,arima,21.6816047396201,0.5098311509798883
UGA-fed(KEN+TZA),2022,1,broad_money,2023,prophet,21.6816047396201,1.282102078104625
UGA-fed(KEN+TZA),2022,1,broad_money,2023,prophet_graph,21.6816047396201,0.832404967497542
UGA-fed(KEN+TZA),2022,1,broad_money,2023,xgb_blind,21.6816047396201,0.5098311509798883
UGA-fed(KEN+TZA),2022,1,broad_money,2023,xgb_graph,21.6816047396201,1.4468539919394345
UGA-fed(KEN+TZA),2022,1,broad_money,2023,lgbm_blind,21.6816047396201,0.5098311509798883
UGA-fed(KEN+TZA),2022,1,broad_money,2023,lgbm_graph,21.6816047396201,4.515938964082608
UGA-fed(KEN+TZA),2022,1,broad_money,2023,tft,21.6816047396201,0.5098311509798883
UGA-fed(KEN+TZA),2022,1,govt_consumption,2023,persistence,9.56616058785446,0.2211062165952793
UGA-fed(KEN+TZA),2022,1,govt_consumption,2023,arima,9.56616058785446,0.25045961873878575
UGA-fed(KEN+TZA),2022,1,govt_consumption,2023,prophet,9.56616058785446,0.4396063486629913
UGA-fed(KEN+TZA),2022,1,govt_consumption,2023,prophet_graph,9.56616058785446,2.0247340155951417
UGA-fed(KEN+TZA),2022,1,govt_consumption,2023,xgb_blind,9.56616058785446,0.25045961873878575
UGA-fed(KEN+TZA),2022,1,govt_consumption,2023,xgb_graph,9.56616058785446,0.16236820656783912
UGA-fed(KEN+TZA),2022,1,govt_consumption,2023,lgbm_blind,9.56616058785446,0.25045961873878575
UGA-fed(KEN+TZA),2022,1,govt_consumption,2023,lgbm_graph,9.56616058785446,1.555554600171968
UGA-fed(KEN+TZA),2022,1,govt_consumption,2023,tft,9.56616058785446,0.25045961873878575
